barcode,scan_ts_utc,portique,ext_id,type_billet,resultat
TKT64193211820,2026-02-01T13:00:06Z,PORTE-D,R58469596,ABONNEMENT,OK
TKT42761669915,2026-02-01T13:00:06Z,PORTE-C,,GROUPE,OK
TKT97218592956,2026-02-01T13:00:08Z,PORTE-C,R58042958,ABONNEMENT,OK
TKT38642155692,2026-02-01T13:00:08Z,PORTE-D,R58454884,UNITE,OK
TKT12692714842,2026-02-01T13:00:15Z,PORTE-D,R53139504,ABONNEMENT,OK
TKT20020317204,2026-02-01T13:00:16Z,VIP-EST,R55260206,UNITE,OK
TKT92497333718,2026-02-01T13:00:20Z,PORTE-B,R51011225,ABONNEMENT,OK
TKT72086686597,2026-02-01T13:00:31Z,PORTE-D,R58986844,ABONNEMENT,OK
TKT82366883389,2026-02-01T13:00:33Z,PORTE-C,R55344666,ABONNEMENT,OK
TKT84018967182,2026-02-01T13:00:36Z,PORTE-A,R53409224,ABONNEMENT,OK
TKT86806528316,2026-02-01T13:00:36Z,PORTE-D,R54434093,UNITE,OK
TKT53195883724,2026-02-01T13:00:41Z,PORTE-A,R59310029,ABONNEMENT,OK
TKT50806009394,2026-02-01T13:00:41Z,PORTE-D,R57298910,ABONNEMENT,OK
TKT31395399452,2026-02-01T13:00:44Z,PORTE-A,R54164775,ABONNEMENT,OK
TKT13953857398,2026-02-01T13:00:45Z,PORTE-B,R52243777,ABONNEMENT,OK
TKT78780928702,2026-02-01T13:00:50Z,PORTE-C,,GROUPE,OK
TKT51669157761,2026-02-01T13:00:51Z,PORTE-C,R51804591,ABONNEMENT,OK
TKT50926969993,2026-02-01T13:00:54Z,VIP-EST,R53283559,ABONNEMENT,OK
TKT22586815694,2026-02-01T13:00:55Z,PORTE-B,R53308280,ABONNEMENT,OK
TKT30885145291,2026-02-01T13:00:56Z,PORTE-C,,UNITE,OK
TKT24816334919,2026-02-01T13:01:01Z,PORTE-D,R54314759,UNITE,OK
TKT24123529866,2026-02-01T13:01:02Z,PORTE-C,R53753653,ABONNEMENT,OK
TKT40352547854,2026-02-01T13:01:03Z,PORTE-A,R51019194,UNITE,OK
TKT77378491162,2026-02-01T13:01:09Z,PORTE-C,R54553216,ABONNEMENT,OK
TKT93121052530,2026-02-01T13:01:11Z,PORTE-D,,UNITE,OK
TKT79483941908,2026-02-01T13:01:12Z,VIP-EST,R52725719,ABONNEMENT,OK
TKT45250784979,2026-02-01T13:01:12Z,VIP-EST,,VIP,OK
TKT95573851861,2026-02-01T13:01:14Z,PORTE-D,R57838628,UNITE,OK
TKT55419841936,2026-02-01T13:01:15Z,PORTE-C,R51376171,ABONNEMENT,OK
TKT79682729543,2026-02-01T13:01:16Z,PORTE-C,R53454040,INVITATION,OK
TKT73728157225,2026-02-01T13:01:18Z,PORTE-C,R53070781,ABONNEMENT,OK
TKT98036551886,2026-02-01T13:01:18Z,PORTE-C,R57502158,ABONNEMENT,OK
TKT71241879356,2026-02-01T13:01:19Z,VIP-EST,R51003065,ABONNEMENT,OK
TKT33159045057,2026-02-01T13:01:19Z,VIP-EST,,ABONNEMENT,REFUSE_INVALIDE
TKT78274866225,2026-02-01T13:01:19Z,VIP-EST,,ABONNEMENT,REFUSE_INVALIDE
TKT85260692411,2026-02-01T13:01:19Z,VIP-EST,,ABONNEMENT,REFUSE_INVALIDE
TKT44361124191,2026-02-01T13:01:19Z,VIP-EST,,ABONNEMENT,REFUSE_INVALIDE
TKT14533324594,2026-02-01T13:01:19Z,VIP-EST,,ABONNEMENT,REFUSE_INVALIDE
TKT59232200530,2026-02-01T13:01:19Z,VIP-EST,,ABONNEMENT,REFUSE_INVALIDE
TKT72207772330,2026-02-01T13:01:19Z,VIP-EST,,ABONNEMENT,REFUSE_INVALIDE
TKT38201447139,2026-02-01T13:01:19Z,VIP-EST,,ABONNEMENT,REFUSE_INVALIDE
TKT88490379795,2026-02-01T13:01:19Z,VIP-EST,,ABONNEMENT,REFUSE_INVALIDE
TKT65515316172,2026-02-01T13:01:19Z,VIP-EST,,ABONNEMENT,REFUSE_INVALIDE
TKT48805755022,2026-02-01T13:01:19Z,VIP-EST,,ABONNEMENT,REFUSE_INVALIDE
TKT30115529389,2026-02-01T13:01:19Z,VIP-EST,,ABONNEMENT,REFUSE_INVALIDE
TKT14345459375,2026-02-01T13:01:19Z,VIP-EST,,ABONNEMENT,REFUSE_INVALIDE
TKT45408032749,2026-02-01T13:01:19Z,VIP-EST,,ABONNEMENT,REFUSE_INVALIDE
TKT91983205216,2026-02-01T13:01:19Z,VIP-EST,,ABONNEMENT,REFUSE_INVALIDE
TKT76740991132,2026-02-01T13:01:19Z,VIP-EST,,ABONNEMENT,REFUSE_INVALIDE
TKT61651945905,2026-02-01T13:01:19Z,VIP-EST,,ABONNEMENT,REFUSE_INVALIDE
TKT35959996130,2026-02-01T13:01:19Z,VIP-EST,,ABONNEMENT,REFUSE_INVALIDE
TKT35992804096,2026-02-01T13:01:19Z,VIP-EST,,ABONNEMENT,REFUSE_INVALIDE
TKT72780441694,2026-02-01T13:01:19Z,VIP-EST,,ABONNEMENT,REFUSE_INVALIDE
TKT55628541273,2026-02-01T13:01:19Z,VIP-EST,,ABONNEMENT,REFUSE_INVALIDE
TKT81259685629,2026-02-01T13:01:21Z,PORTE-B,R52583570,ABONNEMENT,OK
TKT15282769405,2026-02-01T13:01:24Z,PORTE-C,R52040864,GROUPE,OK
TKT61924849500,2026-02-01T13:01:27Z,PORTE-C,,UNITE,OK
TKT31033467573,2026-02-01T13:01:30Z,PORTE-D,R52310584,UNITE,OK
TKT45829569804,2026-02-01T13:01:31Z,PORTE-B,R56784938,ABONNEMENT,OK
TKT91270128768,2026-02-01T13:01:35Z,PORTE-C,R58580415,ABONNEMENT,OK
TKT18072169832,2026-02-01T13:01:35Z,VIP-EST,R55277102,UNITE,OK
TKT70600724307,2026-02-01T13:01:38Z,PORTE-C,R56044913,ABONNEMENT,OK
TKT58603792628,2026-02-01T13:01:41Z,PORTE-C,,UNITE,OK
TKT25958794383,2026-02-01T13:01:42Z,PORTE-D,R51621103,ABONNEMENT,OK
TKT98746942430,2026-02-01T13:01:43Z,PORTE-A,R56986558,ABONNEMENT,OK
TKT39559824817,2026-02-01T13:01:43Z,PORTE-D,R54741809,UNITE,OK
TKT54541044958,2026-02-01T13:01:48Z,PORTE-A,R52696295,ABONNEMENT,OK
TKT95871407500,2026-02-01T13:01:56Z,PORTE-B,R57390592,UNITE,OK
TKT51569632407,2026-02-01T13:01:57Z,PORTE-D,R51809294,ABONNEMENT,OK
TKT20014696113,2026-02-01T13:01:57Z,PORTE-D,R52941438,UNITE,OK
TKT75173411035,2026-02-01T13:01:58Z,PORTE-D,R55441721,INVITATION,OK
TKT52187655264,2026-02-01T13:01:59Z,PORTE-A,R56958216,ABONNEMENT,OK
TKT45333821132,2026-02-01T13:02:02Z,PORTE-D,R59712157,UNITE,OK
TKT54342900654,2026-02-01T13:02:03Z,PORTE-C,R54642647,UNITE,OK
TKT29440562812,2026-02-01T13:02:05Z,PORTE-A,R58492555,ABONNEMENT,OK
TKT60108344539,2026-02-01T13:02:05Z,PORTE-D,,UNITE,OK
TKT33323944902,2026-02-01T13:02:06Z,PORTE-D,,UNITE,OK
TKT95043838571,2026-02-01T13:02:10Z,PORTE-C,R58386985,ABONNEMENT,OK
TKT36892380586,2026-02-01T13:02:12Z,PORTE-A,R59509733,ABONNEMENT,OK
TKT65367759808,2026-02-01T13:02:12Z,PORTE-B,R58488465,ABONNEMENT,OK
TKT88723859389,2026-02-01T13:02:12Z,PORTE-D,,UNITE,OK
TKT11290840704,2026-02-01T13:02:13Z,PORTE-D,,UNITE,OK
TKT55574365909,2026-02-01T13:02:13Z,PORTE-C,R53741259,UNITE,OK
TKT27019114485,2026-02-01T13:02:17Z,PORTE-C,R52809710,UNITE,OK
TKT22047184124,2026-02-01T13:02:24Z,PORTE-C,R54874428,ABONNEMENT,OK
TKT40770145097,2026-02-01T13:02:27Z,PORTE-C,,GROUPE,OK
TKT79073495771,2026-02-01T13:02:31Z,PORTE-C,R59205608,ABONNEMENT,OK
TKT63763619343,2026-02-01T13:02:35Z,PORTE-C,R56213699,ABONNEMENT,OK
TKT59747956606,2026-02-01T13:02:37Z,PORTE-D,R58055007,GROUPE,OK
TKT73702498539,2026-02-01T13:02:39Z,PORTE-C,R56340178,ABONNEMENT,OK
TKT13943263327,2026-02-01T13:02:42Z,PORTE-A,R51847223,ABONNEMENT,OK
TKT39977336725,2026-02-01T13:02:42Z,PORTE-C,R52840963,ABONNEMENT,OK
TKT51040279400,2026-02-01T13:02:43Z,PORTE-C,R56585790,UNITE,OK
TKT69830506299,2026-02-01T13:02:56Z,PORTE-D,R58555148,ABONNEMENT,OK
TKT82410117522,2026-02-01T13:02:56Z,PORTE-C,R58795032,ABONNEMENT,OK
TKT31912671238,2026-02-01T13:02:56Z,PORTE-D,R58263226,INVITATION,REFUSE_INVALIDE
TKT96330464563,2026-02-01T13:03:01Z,PMR-NORD,R58135243,UNITE,OK
TKT44345571150,2026-02-01T13:03:04Z,PORTE-A,R57808179,UNITE,REFUSE_INVALIDE
TKT95779991322,2026-02-01T13:03:05Z,PORTE-C,,UNITE,OK
TKT41978314528,2026-02-01T13:03:06Z,PORTE-C,R52024524,ABONNEMENT,OK
TKT24826068300,2026-02-01T13:03:08Z,VIP-EST,R56378596,ABONNEMENT,OK
TKT11443881532,2026-02-01T13:03:10Z,PORTE-C,R55737398,UNITE,OK
TKT20432084533,2026-02-01T13:03:11Z,PORTE-D,R58304029,UNITE,OK
TKT17714082425,2026-02-01T13:03:13Z,VIP-EST,R58436906,UNITE,OK
TKT78075300512,2026-02-01T13:03:19Z,VIP-EST,R56212396,ABONNEMENT,OK
TKT56974574311,2026-02-01T13:03:19Z,PORTE-D,R51255477,UNITE,OK
TKT65815419957,2026-02-01T13:03:19Z,PORTE-A,R58582810,UNITE,OK
TKT52271492878,2026-02-01T13:03:25Z,PORTE-D,R53623161,UNITE,OK
TKT99437953080,2026-02-01T13:03:34Z,PORTE-C,R55681816,UNITE,OK
TKT69256319468,2026-02-01T13:03:35Z,PORTE-C,R55004039,ABONNEMENT,OK
TKT82670791635,2026-02-01T13:03:39Z,PORTE-D,,UNITE,OK
TKT74997065448,2026-02-01T13:03:40Z,PORTE-D,R51918609,UNITE,OK
TKT24896420518,2026-02-01T13:03:43Z,PORTE-A,R57040502,ABONNEMENT,OK
TKT33550572759,2026-02-01T13:03:45Z,PORTE-D,R59996656,ABONNEMENT,OK
TKT20345511152,2026-02-01T13:03:45Z,PORTE-A,R56679569,UNITE,OK
TKT45889406144,2026-02-01T13:03:45Z,PORTE-D,R52314885,UNITE,OK
TKT82854822056,2026-02-01T13:03:58Z,PORTE-D,R59708067,ABONNEMENT,OK
TKT22699853283,2026-02-01T13:04:03Z,PORTE-C,,UNITE,OK
TKT23206516861,2026-02-01T13:04:07Z,PORTE-C,R55105462,ABONNEMENT,OK
TKT46886479929,2026-02-01T13:04:07Z,PORTE-C,,UNITE,OK
TKT58884161113,2026-02-01T13:04:10Z,PORTE-B,R56920411,ABONNEMENT,OK
TKT88242307424,2026-02-01T13:04:17Z,PORTE-C,R59479485,UNITE,OK
TKT60426285196,2026-02-01T13:04:18Z,PORTE-D,R55815249,UNITE,OK
TKT99006608160,2026-02-01T13:04:22Z,PORTE-C,R55128555,ABONNEMENT,OK
TKT70789253588,2026-02-01T13:04:23Z,PORTE-D,R54213001,ABONNEMENT,OK
TKT97658206951,2026-02-01T13:04:23Z,PORTE-A,R53017440,UNITE,OK
TKT50459106922,2026-02-01T13:04:25Z,PORTE-C,R54527393,UNITE,OK
TKT70153460389,2026-02-01T13:04:25Z,PORTE-D,R59129673,UNITE,OK
TKT19425305106,2026-02-01T13:04:30Z,VIP-EST,R57340259,UNITE,OK
TKT76219482029,2026-02-01T13:04:30Z,PORTE-D,R54659399,UNITE,OK
TKT33933621789,2026-02-01T13:04:35Z,PORTE-D,R51264404,INVITATION,OK
TKT17693628061,2026-02-01T13:04:36Z,PORTE-D,R56383969,ABONNEMENT,OK
TKT85253260621,2026-02-01T13:04:41Z,PORTE-D,R53769323,ABONNEMENT,OK
TKT69111994053,2026-02-01T13:04:42Z,PORTE-D,R58847894,UNITE,OK
TKT58402767717,2026-02-01T13:04:43Z,PORTE-A,,VIP,OK
TKT40838645070,2026-02-01T13:04:45Z,PORTE-C,R54841192,ABONNEMENT,OK
TKT48346581814,2026-02-01T13:04:47Z,PORTE-D,R53492793,UNITE,OK
TKT38764725347,2026-02-01T13:04:49Z,PORTE-D,R53236291,UNITE,OK
TKT28955608210,2026-02-01T13:04:50Z,PORTE-A,R51181850,ABONNEMENT,OK
TKT62888636263,2026-02-01T13:04:53Z,VIP-EST,R54840569,ABONNEMENT,OK
TKT69383816866,2026-02-01T13:04:54Z,PORTE-A,R57168475,UNITE,OK
TKT62364630170,2026-02-01T13:04:55Z,PORTE-C,R53240515,UNITE,OK
TKT79056179800,2026-02-01T13:04:56Z,PORTE-C,R53726959,ABONNEMENT,OK
TKT30166039300,2026-02-01T13:04:57Z,VIP-EST,R59756973,UNITE,OK
TKT46888761364,2026-02-01T13:05:00Z,PORTE-A,R53085493,ABONNEMENT,OK
TKT35338211959,2026-02-01T13:05:02Z,PORTE-D,R57005551,ABONNEMENT,OK
TKT66591843395,2026-02-01T13:05:06Z,PORTE-D,,UNITE,OK
TKT47002268289,2026-02-01T13:05:07Z,PORTE-C,R53727026,UNITE,OK
TKT48125217691,2026-02-01T13:05:13Z,PORTE-B,R59763036,ABONNEMENT,OK
TKT80332291370,2026-02-01T13:05:13Z,PORTE-D,R55805910,ABONNEMENT,OK
TKT21155213287,2026-02-01T13:05:13Z,PORTE-A,R56419111,ABONNEMENT,OK
TKT53411990877,2026-02-01T13:05:16Z,PORTE-D,R54735756,UNITE,OK
TKT73232080969,2026-02-01T13:05:18Z,VIP-EST,R51610749,ABONNEMENT,OK
TKT57904210336,2026-02-01T13:05:19Z,PORTE-A,R51643161,ABONNEMENT,OK
TKT99398065753,2026-02-01T13:05:19Z,PORTE-D,R51713532,UNITE,OK
TKT92530567009,2026-02-01T13:05:20Z,PORTE-D,R54445194,UNITE,OK
TKT90540295056,2026-02-01T13:05:21Z,PORTE-A,R51041875,VIP,OK
TKT77394541473,2026-02-01T13:05:22Z,PORTE-D,R51675995,ABONNEMENT,OK
TKT98396613352,2026-02-01T13:05:25Z,PORTE-A,R52117489,ABONNEMENT,OK
TKT22015211040,2026-02-01T13:05:25Z,PORTE-D,R52589087,UNITE,OK
TKT19450657563,2026-02-01T13:05:34Z,PORTE-B,,UNITE,OK
TKT51654626589,2026-02-01T13:05:40Z,VIP-EST,R55504391,ABONNEMENT,OK
TKT92485141812,2026-02-01T13:05:41Z,PORTE-D,R55636866,ABONNEMENT,OK
TKT66530083966,2026-02-01T13:05:44Z,VIP-EST,,VIP,OK
TKT69083786353,2026-02-01T13:05:45Z,VIP-EST,R53605987,ABONNEMENT,OK
TKT96912413701,2026-02-01T13:05:46Z,PORTE-D,,UNITE,OK
TKT90264533258,2026-02-01T13:05:46Z,PORTE-D,R52764348,INVITATION,OK
TKT54131384314,2026-02-01T13:05:47Z,PMR-NORD,R55577807,ABONNEMENT,OK
TKT60738481362,2026-02-01T13:05:47Z,PORTE-C,R59928680,INVITATION,OK
TKT39132644752,2026-02-01T13:05:48Z,PORTE-B,R57232907,ABONNEMENT,OK
TKT51299850509,2026-02-01T13:05:48Z,PORTE-D,R57286918,UNITE,OK
TKT46580744934,2026-02-01T13:05:53Z,PORTE-A,R54703602,UNITE,OK
TKT93749417590,2026-02-01T13:05:54Z,PORTE-A,R58414091,ABONNEMENT,OK
TKT38507482222,2026-02-01T13:05:56Z,PORTE-C,R55025628,ABONNEMENT,OK
TKT78559275091,2026-02-01T13:05:57Z,PORTE-A,R59638051,ABONNEMENT,OK
TKT84941271710,2026-02-01T13:05:57Z,PORTE-C,R51112916,ABONNEMENT,OK
TKT79014783994,2026-02-01T13:05:59Z,PORTE-D,R59681296,UNITE,OK
TKT15173155447,2026-02-01T13:06:03Z,PORTE-D,R55559072,UNITE,OK
TKT85385028104,2026-02-01T13:06:08Z,PORTE-C,R51832645,UNITE,OK
TKT19664858035,2026-02-01T13:06:09Z,VIP-EST,R57232974,UNITE,REFUSE_INVALIDE
TKT98542761521,2026-02-01T13:06:12Z,PORTE-A,R52865560,ABONNEMENT,OK
TKT21596064471,2026-02-01T13:06:12Z,PORTE-C,,GROUPE,OK
TKT31737465915,2026-02-01T13:06:12Z,PORTE-D,R54226487,UNITE,OK
TKT33954528075,2026-02-01T13:06:15Z,PORTE-C,R54194065,ABONNEMENT,OK
TKT72986556257,2026-02-01T13:06:15Z,PORTE-C,R55059956,UNITE,OK
TKT81289384110,2026-02-01T13:06:15Z,PORTE-A,R56824103,UNITE,OK
TKT46060543602,2026-02-01T13:06:16Z,PORTE-D,R52492032,UNITE,OK
TKT16091423493,2026-02-01T13:06:17Z,PORTE-A,R52805419,UNITE,OK
TKT24970077663,2026-02-01T13:06:20Z,PORTE-C,R52217073,ABONNEMENT,OK
TKT19652763251,2026-02-01T13:06:20Z,PORTE-D,,UNITE,OK
TKT35259425685,2026-02-01T13:06:21Z,PORTE-D,R55925991,ABONNEMENT,OK
TKT21471079839,2026-02-01T13:06:25Z,PORTE-A,R53136372,ABONNEMENT,OK
TKT68546368192,2026-02-01T13:06:25Z,PORTE-D,R57633675,ABONNEMENT,OK
TKT76563515080,2026-02-01T13:06:26Z,PORTE-D,R54511388,UNITE,OK
TKT26841039828,2026-02-01T13:06:33Z,PORTE-C,R54573991,ABONNEMENT,OK
TKT85332076302,2026-02-01T13:06:34Z,PORTE-C,R59790410,ABONNEMENT,OK
TKT88811379685,2026-02-01T13:06:35Z,PORTE-D,R52902474,UNITE,OK
TKT70919757884,2026-02-01T13:06:36Z,PORTE-D,R54825723,UNITE,OK
TKT13298543034,2026-02-01T13:06:36Z,PORTE-D,,UNITE,OK
TKT86279284950,2026-02-01T13:06:36Z,PORTE-D,R58197980,UNITE,OK
TKT46496990121,2026-02-01T13:06:37Z,PORTE-D,R55048654,ABONNEMENT,OK
TKT23344162048,2026-02-01T13:06:37Z,PORTE-D,R57490032,UNITE,OK
TKT20808978020,2026-02-01T13:06:38Z,VIP-EST,R51508780,ABONNEMENT,OK
TKT48985301238,2026-02-01T13:06:39Z,PORTE-D,R59785573,INVITATION,OK
TKT83383729261,2026-02-01T13:06:40Z,PORTE-C,R53393899,ABONNEMENT,OK
TKT56143075627,2026-02-01T13:06:41Z,PORTE-C,R52979578,ABONNEMENT,OK
TKT83447856885,2026-02-01T13:06:43Z,VIP-EST,R56370560,UNITE,OK
TKT38108177961,2026-02-01T13:06:45Z,PORTE-C,R55716489,ABONNEMENT,OK
TKT84061758030,2026-02-01T13:06:46Z,PORTE-D,R59432495,UNITE,OK
TKT61573993642,2026-02-01T13:06:46Z,PORTE-B,R53517715,UNITE,OK
TKT26344646159,2026-02-01T13:06:47Z,PORTE-C,R52164767,ABONNEMENT,OK
TKT45535259264,2026-02-01T13:06:49Z,PORTE-C,R59129874,ABONNEMENT,OK
TKT54820263378,2026-02-01T13:06:52Z,VIP-EST,R58057124,ABONNEMENT,OK
TKT73806498391,2026-02-01T13:06:53Z,VIP-EST,R59172439,UNITE,OK
TKT13426335193,2026-02-01T13:06:54Z,PORTE-C,R57332893,UNITE,OK
TKT96257108690,2026-02-01T13:06:55Z,PORTE-C,R51538348,UNITE,OK
TKT86907962729,2026-02-01T13:06:58Z,PORTE-A,R54220079,ABONNEMENT,OK
TKT55403613032,2026-02-01T13:06:59Z,PORTE-C,R53962696,ABONNEMENT,OK
TKT78433076311,2026-02-01T13:06:59Z,VIP-EST,R55547837,UNITE,OK
TKT19345534940,2026-02-01T13:07:01Z,PORTE-C,R55903243,ABONNEMENT,OK
TKT43970605995,2026-02-01T13:07:02Z,VIP-EST,R51269375,UNITE,OK
TKT90342430173,2026-02-01T13:07:04Z,PORTE-A,R57751371,GROUPE,OK
TKT31223277740,2026-02-01T13:07:04Z,PORTE-A,R53245419,UNITE,OK
TKT99735913637,2026-02-01T13:07:05Z,PORTE-C,R53051902,ABONNEMENT,OK
TKT58331823816,2026-02-01T13:07:13Z,PORTE-B,R58358452,ABONNEMENT,OK
TKT46020838749,2026-02-01T13:07:14Z,PORTE-B,R55682630,ABONNEMENT,OK
TKT15518825237,2026-02-01T13:07:19Z,PORTE-B,R52638003,UNITE,OK
TKT37677479130,2026-02-01T13:07:19Z,PORTE-D,,UNITE,OK
TKT21898632725,2026-02-01T13:07:20Z,PORTE-C,R51384542,UNITE,OK
TKT22947852239,2026-02-01T13:07:23Z,PORTE-C,,UNITE,OK
TKT47214421631,2026-02-01T13:07:25Z,VIP-EST,R56665413,ABONNEMENT,OK
TKT58764141272,2026-02-01T13:07:29Z,PORTE-B,R51420307,UNITE,OK
TKT27078995377,2026-02-01T13:07:30Z,PORTE-A,R52851662,ABONNEMENT,OK
TKT71235288477,2026-02-01T13:07:30Z,PORTE-D,R51229530,UNITE,OK
TKT41075500085,2026-02-01T13:07:31Z,PORTE-D,R58330254,ABONNEMENT,OK
TKT38873087120,2026-02-01T13:07:31Z,PORTE-A,R55899766,GROUPE,OK
TKT55720812558,2026-02-01T13:07:32Z,PORTE-C,R52893135,UNITE,OK
TKT88013327043,2026-02-01T13:07:33Z,PORTE-C,R55359043,UNITE,OK
TKT63284154080,2026-02-01T13:07:34Z,PORTE-A,R52086504,UNITE,OK
TKT26269387134,2026-02-01T13:07:41Z,PORTE-B,R58871935,ABONNEMENT,OK
TKT25950036882,2026-02-01T13:07:43Z,PORTE-D,R55989542,ABONNEMENT,OK
TKT11115296442,2026-02-01T13:07:44Z,PORTE-D,,UNITE,OK
TKT68564891761,2026-02-01T13:07:47Z,PORTE-A,R55983412,ABONNEMENT,OK
TKT53140149301,2026-02-01T13:07:48Z,PORTE-D,R54010021,UNITE,OK
TKT23999822343,2026-02-01T13:07:49Z,VIP-EST,R53014452,ABONNEMENT,OK
TKT24137573278,2026-02-01T13:07:50Z,PORTE-C,R52174364,ABONNEMENT,OK
TKT65401908074,2026-02-01T13:07:51Z,PORTE-C,R51430393,ABONNEMENT,OK
TKT16216247131,2026-02-01T13:07:51Z,PORTE-D,R57378734,ABONNEMENT,OK
TKT85867768229,2026-02-01T13:07:51Z,PORTE-D,R58064346,UNITE,OK
TKT91588983418,2026-02-01T13:07:52Z,PORTE-C,,GROUPE,OK
TKT63746293236,2026-02-01T13:07:54Z,PORTE-C,R57757712,ABONNEMENT,OK
TKT81421103922,2026-02-01T13:07:54Z,PORTE-B,R59670128,ABONNEMENT,OK
TKT61520329118,2026-02-01T13:07:56Z,PORTE-B,R56526932,UNITE,OK
TKT96161629813,2026-02-01T13:07:59Z,PORTE-C,R53673628,ABONNEMENT,OK
TKT42060220519,2026-02-01T13:08:00Z,PORTE-A,R56386421,ABONNEMENT,OK
TKT59778796008,2026-02-01T13:08:03Z,PORTE-A,R59959330,ABONNEMENT,OK
TKT60711044540,2026-02-01T13:08:07Z,PORTE-D,R57264917,ABONNEMENT,OK
TKT86451293644,2026-02-01T13:08:08Z,PORTE-C,R57287531,ABONNEMENT,OK
TKT25680255529,2026-02-01T13:08:08Z,PORTE-D,R52241516,UNITE,OK
TKT94795847118,2026-02-01T13:08:12Z,PORTE-D,,UNITE,OK
TKT74213759662,2026-02-01T13:08:13Z,PORTE-D,R53760808,UNITE,OK
TKT34284642455,2026-02-01T13:08:20Z,PORTE-D,R53293223,UNITE,OK
TKT42397780247,2026-02-01T13:08:28Z,PORTE-B,R51754871,UNITE,OK
TKT76036662842,2026-02-01T13:08:30Z,PORTE-B,R52293018,UNITE,OK
TKT47895528122,2026-02-01T13:08:37Z,PORTE-C,R58540647,ABONNEMENT,OK
TKT70606832167,2026-02-01T13:08:41Z,PORTE-D,R59547672,ABONNEMENT,OK
TKT79290614348,2026-02-01T13:08:42Z,PORTE-C,,UNITE,OK
TKT41948314700,2026-02-01T13:08:44Z,PORTE-C,R59528726,ABONNEMENT,OK
TKT18761978708,2026-02-01T13:08:57Z,PORTE-C,R56983148,UNITE,OK
TKT39071906317,2026-02-01T13:09:08Z,PORTE-A,R56826153,ABONNEMENT,OK
TKT27534292065,2026-02-01T13:09:08Z,PORTE-D,R52671852,UNITE,OK
TKT32605276442,2026-02-01T13:09:10Z,PORTE-C,,UNITE,OK
TKT65534650018,2026-02-01T13:09:10Z,VIP-EST,,VIP,OK
TKT64506452527,2026-02-01T13:09:14Z,VIP-EST,R56268323,INVITATION,OK
TKT94852548087,2026-02-01T13:09:20Z,PORTE-D,R54491638,ABONNEMENT,OK
TKT16566066977,2026-02-01T13:09:23Z,VIP-EST,,VIP,OK
TKT55732496303,2026-02-01T13:09:23Z,PORTE-B,R57360488,UNITE,OK
TKT18342013762,2026-02-01T13:09:25Z,PORTE-D,R57411568,ABONNEMENT,OK
TKT79131185694,2026-02-01T13:09:31Z,VIP-EST,R55756669,ABONNEMENT,OK
TKT53148102199,2026-02-01T13:09:34Z,PORTE-C,R54749443,ABONNEMENT,OK
TKT83797226980,2026-02-01T13:09:34Z,PORTE-C,R52141473,UNITE,OK
TKT57599169920,2026-02-01T13:09:37Z,PORTE-A,R56295218,ABONNEMENT,OK
TKT39991957322,2026-02-01T13:09:39Z,VIP-EST,R51448505,UNITE,OK
TKT98197237369,2026-02-01T13:09:39Z,PORTE-C,R57985604,UNITE,OK
TKT27021382188,2026-02-01T13:09:40Z,PORTE-D,R51770464,UNITE,OK
TKT89868554168,2026-02-01T13:09:45Z,VIP-EST,R56418297,UNITE,OK
TKT86225424971,2026-02-01T13:09:50Z,PORTE-A,R53540607,ABONNEMENT,OK
TKT50802258144,2026-02-01T13:09:51Z,PORTE-D,,UNITE,OK
TKT20014696113,2026-02-01T13:09:57Z,PORTE-D,R52941438,UNITE,REFUSE_DEJA_SCANNE
TKT63337722289,2026-02-01T13:10:03Z,PORTE-C,R53666004,ABONNEMENT,OK
TKT36840040979,2026-02-01T13:10:05Z,PORTE-A,R58322888,VIP,OK
TKT40414320829,2026-02-01T13:10:11Z,PORTE-C,R51717066,UNITE,OK
TKT72131253053,2026-02-01T13:10:14Z,PORTE-C,R56557448,UNITE,OK
TKT74447979588,2026-02-01T13:10:18Z,PORTE-C,R56663430,ABONNEMENT,OK
TKT81001831419,2026-02-01T13:10:21Z,PORTE-D,,INVITATION,OK
TKT48060722004,2026-02-01T13:10:22Z,VIP-EST,R58061549,ABONNEMENT,OK
TKT21800838912,2026-02-01T13:10:25Z,PORTE-A,R54046265,ABONNEMENT,OK
TKT78218851759,2026-02-01T13:10:26Z,PORTE-D,R59192199,UNITE,OK
TKT79514381955,2026-02-01T13:10:27Z,PORTE-D,R59261525,INVITATION,OK
TKT43105721344,2026-02-01T13:10:29Z,PORTE-A,R52664563,UNITE,OK
TKT54096037641,2026-02-01T13:10:32Z,PORTE-C,R52246085,UNITE,OK
TKT27071456733,2026-02-01T13:10:33Z,PORTE-A,R57641366,ABONNEMENT,OK
TKT51193816816,2026-02-01T13:10:35Z,PORTE-C,R59709494,ABONNEMENT,OK
TKT15205051519,2026-02-01T13:10:38Z,PORTE-A,R58387531,INVITATION,OK
TKT81372444175,2026-02-01T13:10:39Z,PORTE-C,R54239494,UNITE,OK
TKT74393698789,2026-02-01T13:10:40Z,PORTE-D,,UNITE,OK
TKT71284318019,2026-02-01T13:10:40Z,PORTE-D,,UNITE,OK
TKT89905623926,2026-02-01T13:10:40Z,PORTE-C,,UNITE,OK
TKT39946919064,2026-02-01T13:10:40Z,PORTE-D,R59593704,UNITE,OK
TKT96002822380,2026-02-01T13:10:41Z,PORTE-C,,UNITE,OK
TKT73836057559,2026-02-01T13:10:43Z,PORTE-C,R51679261,UNITE,OK
TKT30656195525,2026-02-01T13:10:47Z,PORTE-C,R56041034,ABONNEMENT,OK
TKT45194364139,2026-02-01T13:10:47Z,PORTE-C,R58341278,UNITE,OK
TKT92884840967,2026-02-01T13:10:48Z,PORTE-D,,UNITE,OK
TKT82150751453,2026-02-01T13:10:50Z,PORTE-C,R52768505,ABONNEMENT,OK
TKT69102159500,2026-02-01T13:10:51Z,VIP-EST,R56853671,ABONNEMENT,OK
TKT26611625635,2026-02-01T13:10:55Z,PORTE-C,R52136837,ABONNEMENT,OK
TKT92989480780,2026-02-01T13:10:57Z,PORTE-A,R52426240,ABONNEMENT,OK
TKT19554508169,2026-02-01T13:10:59Z,PORTE-D,R59296955,UNITE,OK
TKT35484770989,2026-02-01T13:11:00Z,PORTE-A,R59372354,ABONNEMENT,OK
TKT79639480115,2026-02-01T13:11:01Z,PORTE-C,R57749465,ABONNEMENT,OK
TKT74068839291,2026-02-01T13:11:04Z,PORTE-C,R53600949,ABONNEMENT,OK
TKT81585578079,2026-02-01T13:11:06Z,PORTE-D,,UNITE,OK
TKT33956850724,2026-02-01T13:11:08Z,VIP-EST,R53631197,ABONNEMENT,OK
TKT30620789556,2026-02-01T13:11:09Z,PORTE-D,,GROUPE,OK
TKT69361950039,2026-02-01T13:11:13Z,PORTE-C,R54461745,ABONNEMENT,OK
TKT14388285116,2026-02-01T13:11:19Z,PORTE-C,,UNITE,OK
TKT73951383234,2026-02-01T13:11:21Z,VIP-EST,R58624685,ABONNEMENT,OK
TKT97117031834,2026-02-01T13:11:22Z,PORTE-A,R59626873,UNITE,OK
TKT32016806934,2026-02-01T13:11:23Z,VIP-EST,R55146399,ABONNEMENT,OK
TKT47146112128,2026-02-01T13:11:24Z,PORTE-C,R54673900,ABONNEMENT,OK
TKT47065531437,2026-02-01T13:11:26Z,PORTE-C,R57811311,ABONNEMENT,OK
TKT71796330813,2026-02-01T13:11:27Z,PORTE-D,R54941101,UNITE,OK
TKT79735373807,2026-02-01T13:11:28Z,PORTE-D,,INVITATION,OK
TKT19812769026,2026-02-01T13:11:29Z,PORTE-C,R51560416,UNITE,OK
TKT70645690076,2026-02-01T13:11:32Z,PORTE-A,R59670952,INVITATION,OK
TKT95651746312,2026-02-01T13:11:32Z,PORTE-D,R59656029,UNITE,OK
TKT98019912032,2026-02-01T13:11:36Z,PORTE-C,R55148027,ABONNEMENT,OK
TKT20386469812,2026-02-01T13:11:37Z,PORTE-C,R55834587,ABONNEMENT,OK
TKT80406016674,2026-02-01T13:11:37Z,PORTE-C,R52862964,ABONNEMENT,OK
TKT94663287811,2026-02-01T13:11:38Z,PORTE-C,R54816672,ABONNEMENT,OK
TKT34699915223,2026-02-01T13:11:42Z,VIP-EST,R54263679,ABONNEMENT,OK
TKT19533345431,2026-02-01T13:11:44Z,PORTE-A,R56538522,ABONNEMENT,OK
TKT94221806862,2026-02-01T13:11:47Z,PORTE-B,,UNITE,OK
TKT52716712770,2026-02-01T13:11:52Z,VIP-EST,,UNITE,OK
TKT76466097847,2026-02-01T13:11:53Z,PORTE-C,R53624521,ABONNEMENT,OK
TKT75126252107,2026-02-01T13:11:55Z,PORTE-D,R54861411,ABONNEMENT,OK
TKT77260797777,2026-02-01T13:11:58Z,PORTE-C,R51276530,ABONNEMENT,OK
TKT52730871121,2026-02-01T13:11:58Z,PORTE-C,R53032430,ABONNEMENT,OK
TKT74068839291,2026-02-01T13:12:04Z,PORTE-C,R53600949,ABONNEMENT,REFUSE_DEJA_SCANNE
TKT63558156344,2026-02-01T13:12:07Z,PORTE-B,R59468451,ABONNEMENT,OK
TKT95043838571,2026-02-01T13:12:10Z,PORTE-C,R58386985,ABONNEMENT,REFUSE_DEJA_SCANNE
TKT16409845687,2026-02-01T13:12:11Z,PORTE-C,R54236429,UNITE,OK
TKT23947545297,2026-02-01T13:12:13Z,PORTE-C,R58235842,ABONNEMENT,OK
TKT81416760188,2026-02-01T13:12:13Z,PORTE-C,,GROUPE,OK
TKT79767978553,2026-02-01T13:12:17Z,PORTE-C,R55452554,UNITE,OK
TKT95607265020,2026-02-01T13:12:17Z,PORTE-B,R57876021,UNITE,OK
TKT13372771113,2026-02-01T13:12:18Z,VIP-EST,R54385522,ABONNEMENT,OK
TKT20124956718,2026-02-01T13:12:18Z,PORTE-C,R59787422,UNITE,OK
TKT98070216532,2026-02-01T13:12:20Z,PORTE-C,,GROUPE,OK
TKT70918917006,2026-02-01T13:12:24Z,PORTE-D,,INVITATION,OK
TKT74363922491,2026-02-01T13:12:24Z,PORTE-C,R59970019,UNITE,OK
TKT89483274790,2026-02-01T13:12:27Z,PORTE-D,R59831960,UNITE,OK
TKT76508039527,2026-02-01T13:12:28Z,PORTE-C,R57706756,UNITE,OK
TKT35986523197,2026-02-01T13:12:29Z,PORTE-C,R56611737,UNITE,OK
TKT38580594610,2026-02-01T13:12:29Z,PORTE-C,R59503660,UNITE,OK
TKT40770571961,2026-02-01T13:12:31Z,PORTE-D,,UNITE,OK
TKT93724633586,2026-02-01T13:12:38Z,PORTE-A,R55746583,ABONNEMENT,OK
TKT20838805010,2026-02-01T13:12:39Z,PORTE-C,,UNITE,OK
TKT97333048067,2026-02-01T13:12:41Z,PORTE-C,R51336537,UNITE,OK
TKT40484334063,2026-02-01T13:12:44Z,PORTE-A,R57758593,ABONNEMENT,OK
TKT38606382938,2026-02-01T13:12:48Z,PORTE-A,R54798148,UNITE,OK
TKT47111006225,2026-02-01T13:12:48Z,PORTE-D,R56524758,UNITE,OK
TKT78647270650,2026-02-01T13:12:50Z,VIP-EST,R59837276,ABONNEMENT,OK
TKT95847463111,2026-02-01T13:12:50Z,PORTE-D,R55045656,UNITE,OK
TKT82543185229,2026-02-01T13:12:53Z,PORTE-D,R58312601,UNITE,OK
TKT85054826319,2026-02-01T13:12:58Z,VIP-EST,R56680661,ABONNEMENT,OK
TKT78224006092,2026-02-01T13:12:59Z,PORTE-C,R54576644,ABONNEMENT,OK
TKT56351505155,2026-02-01T13:12:59Z,PORTE-B,R58299795,ABONNEMENT,OK
TKT14125273429,2026-02-01T13:13:00Z,PORTE-B,R57861165,ABONNEMENT,OK
TKT86784924738,2026-02-01T13:13:01Z,VIP-EST,,GROUPE,OK
TKT17365437246,2026-02-01T13:13:02Z,PORTE-C,R55443771,UNITE,OK
TKT50017375600,2026-02-01T13:13:05Z,PORTE-C,R54856651,ABONNEMENT,OK
TKT60496288174,2026-02-01T13:13:05Z,PORTE-C,R53643179,UNITE,OK
TKT27443358604,2026-02-01T13:13:08Z,PORTE-D,R52351933,UNITE,OK
TKT36783171478,2026-02-01T13:13:09Z,PORTE-C,R51698676,ABONNEMENT,OK
TKT41555224023,2026-02-01T13:13:09Z,PORTE-A,,UNITE,OK
TKT85983356431,2026-02-01T13:13:09Z,PORTE-C,R55449422,UNITE,OK
TKT30510250847,2026-02-01T13:13:09Z,PMR-NORD,R54063630,UNITE,OK
TKT38017101789,2026-02-01T13:13:11Z,PORTE-D,R51304038,UNITE,OK
TKT10006806444,2026-02-01T13:13:11Z,PORTE-C,,UNITE,OK
TKT63020682442,2026-02-01T13:13:14Z,VIP-EST,,UNITE,OK
TKT47476939643,2026-02-01T13:13:16Z,PORTE-C,R52431422,UNITE,OK
TKT50761840206,2026-02-01T13:13:20Z,VIP-EST,R56928323,ABONNEMENT,OK
TKT61018505420,2026-02-01T13:13:22Z,PORTE-D,,UNITE,OK
TKT74688331206,2026-02-01T13:13:26Z,PORTE-C,R58945217,ABONNEMENT,OK
TKT94305578563,2026-02-01T13:13:27Z,PORTE-C,R55084553,UNITE,OK
TKT76508039527,2026-02-01T13:13:28Z,PORTE-C,R57706756,UNITE,REFUSE_DEJA_SCANNE
TKT48530521181,2026-02-01T13:13:32Z,PORTE-A,R58220383,UNITE,OK
TKT80450281464,2026-02-01T13:13:34Z,VIP-EST,R56851832,ABONNEMENT,OK
TKT46887184196,2026-02-01T13:13:34Z,VIP-EST,R51523703,UNITE,OK
TKT74512172891,2026-02-01T13:13:35Z,PORTE-C,R58391822,ABONNEMENT,OK
TKT66942612812,2026-02-01T13:13:37Z,PORTE-D,R55639107,UNITE,OK
TKT30608585184,2026-02-01T13:13:37Z,PORTE-D,,INVITATION,OK
TKT74830885996,2026-02-01T13:13:38Z,PORTE-C,R59110258,UNITE,OK
TKT24773903376,2026-02-01T13:13:41Z,PORTE-B,,UNITE,OK
TKT96451054302,2026-02-01T13:13:43Z,PORTE-C,R53603602,ABONNEMENT,OK
TKT28022832860,2026-02-01T13:13:44Z,PORTE-A,R58452576,ABONNEMENT,OK
TKT36454722452,2026-02-01T13:13:45Z,PORTE-C,R55880160,ABONNEMENT,OK
TKT13554248269,2026-02-01T13:13:45Z,PORTE-C,R55363334,UNITE,OK
TKT86749030651,2026-02-01T13:13:49Z,PORTE-B,R53558116,ABONNEMENT,OK
TKT43200023114,2026-02-01T13:13:49Z,PORTE-A,R51933522,ABONNEMENT,OK
TKT20850398031,2026-02-01T13:13:50Z,VIP-EST,R57927580,INVITATION,OK
TKT55422741652,2026-02-01T13:13:52Z,PORTE-C,R52288382,ABONNEMENT,OK
TKT87508785782,2026-02-01T13:13:52Z,PORTE-C,R53435037,INVITATION,OK
TKT53904053978,2026-02-01T13:13:53Z,PORTE-C,R53402270,ABONNEMENT,OK
TKT30128098010,2026-02-01T13:13:55Z,PORTE-B,R53239624,ABONNEMENT,OK
TKT38393909753,2026-02-01T13:14:03Z,PORTE-C,R55048999,ABONNEMENT,OK
TKT14170557733,2026-02-01T13:14:03Z,VIP-EST,R58503321,UNITE,OK
TKT37543754988,2026-02-01T13:14:05Z,PORTE-A,R54416718,UNITE,OK
TKT74121828521,2026-02-01T13:14:06Z,PORTE-A,R51232796,ABONNEMENT,OK
TKT55405216853,2026-02-01T13:14:07Z,PORTE-D,R51240286,ABONNEMENT,OK
TKT20048360606,2026-02-01T13:14:07Z,PORTE-D,R54934981,INVITATION,OK
TKT39771611998,2026-02-01T13:14:10Z,VIP-EST,R51728100,ABONNEMENT,OK
TKT33112721942,2026-02-01T13:14:10Z,VIP-EST,R57869613,UNITE,OK
TKT41559761325,2026-02-01T13:14:12Z,PORTE-D,R59598062,UNITE,OK
TKT65633218453,2026-02-01T13:14:13Z,PORTE-B,R59844900,ABONNEMENT,OK
TKT72652141099,2026-02-01T13:14:14Z,PORTE-D,R56157303,ABONNEMENT,OK
TKT59922942137,2026-02-01T13:14:15Z,PORTE-C,R53097609,UNITE,OK
TKT76338806026,2026-02-01T13:14:16Z,PORTE-B,,UNITE,OK
TKT24201300578,2026-02-01T13:14:19Z,PORTE-D,R52391845,ABONNEMENT,OK
TKT68631949174,2026-02-01T13:14:20Z,PORTE-B,R58467087,UNITE,OK
TKT93675607915,2026-02-01T13:14:20Z,PORTE-A,R56077479,UNITE,OK
TKT93139107400,2026-02-01T13:14:22Z,PORTE-C,R52562048,ABONNEMENT,OK
TKT62322588053,2026-02-01T13:14:24Z,PORTE-D,R53763528,UNITE,OK
TKT30064915276,2026-02-01T13:14:27Z,PORTE-A,R57359453,ABONNEMENT,OK
TKT40709302711,2026-02-01T13:14:27Z,PORTE-C,R53337570,UNITE,OK
TKT99598807778,2026-02-01T13:14:27Z,PORTE-A,R55211501,UNITE,OK
TKT31565560674,2026-02-01T13:14:29Z,PORTE-A,R57691029,VIP,OK
TKT20862038992,2026-02-01T13:14:37Z,PORTE-A,R59807239,ABONNEMENT,OK
TKT89803426381,2026-02-01T13:14:38Z,PORTE-D,R59876374,UNITE,OK
TKT95504405058,2026-02-01T13:14:41Z,VIP-EST,R56620175,VIP,OK
TKT92023346157,2026-02-01T13:14:45Z,PORTE-C,R52470041,ABONNEMENT,OK
TKT56831140338,2026-02-01T13:14:48Z,PORTE-A,R51905870,ABONNEMENT,OK
TKT49957581232,2026-02-01T13:14:50Z,PORTE-A,R55045378,ABONNEMENT,OK
TKT64907964357,2026-02-01T13:14:55Z,PORTE-C,R54461601,UNITE,OK
TKT65137805041,2026-02-01T13:14:56Z,PORTE-D,R53070704,UNITE,OK
TKT28639716387,2026-02-01T13:14:57Z,PORTE-B,R52695548,UNITE,OK
TKT30467411076,2026-02-01T13:14:58Z,PORTE-C,R58949307,ABONNEMENT,OK
TKT76077966987,2026-02-01T13:14:58Z,PORTE-C,R51781431,UNITE,OK
TKT68606699894,2026-02-01T13:15:00Z,PORTE-D,R55164109,UNITE,OK
TKT45557509937,2026-02-01T13:15:04Z,PORTE-C,R53073635,ABONNEMENT,OK
TKT28072236339,2026-02-01T13:15:07Z,PORTE-C,R51110531,UNITE,OK
TKT19413319818,2026-02-01T13:15:08Z,VIP-EST,R52661977,VIP,OK
TKT18762078777,2026-02-01T13:15:11Z,PORTE-D,R58931674,ABONNEMENT,OK
TKT66792295433,2026-02-01T13:15:12Z,PORTE-D,R54308428,UNITE,OK
TKT45763723414,2026-02-01T13:15:13Z,PORTE-C,R58946721,UNITE,OK
TKT50725205953,2026-02-01T13:15:14Z,VIP-EST,R54555256,ABONNEMENT,OK
TKT39210365476,2026-02-01T13:15:18Z,PORTE-C,R55852029,ABONNEMENT,OK
TKT93275106037,2026-02-01T13:15:18Z,PORTE-C,R55369933,UNITE,OK
TKT94095026320,2026-02-01T13:15:19Z,PORTE-D,R58751452,ABONNEMENT,OK
TKT32136104425,2026-02-01T13:15:19Z,PORTE-C,R56902577,UNITE,OK
TKT18759478881,2026-02-01T13:15:20Z,PORTE-D,R53506624,UNITE,OK
TKT49794550937,2026-02-01T13:15:21Z,PORTE-D,R57226164,ABONNEMENT,OK
TKT57589035974,2026-02-01T13:15:21Z,PORTE-A,R58037230,ABONNEMENT,OK
TKT19370417474,2026-02-01T13:15:26Z,PORTE-C,R51439310,UNITE,OK
TKT73637085408,2026-02-01T13:15:28Z,PORTE-C,,GROUPE,OK
TKT52446218637,2026-02-01T13:15:28Z,PORTE-C,,UNITE,OK
TKT94516853936,2026-02-01T13:15:29Z,VIP-EST,R56836028,ABONNEMENT,OK
TKT35979558425,2026-02-01T13:15:29Z,PORTE-D,R53959698,UNITE,OK
TKT69608825165,2026-02-01T13:15:31Z,PORTE-B,R58849666,UNITE,OK
TKT88684506952,2026-02-01T13:15:33Z,PORTE-A,R57473002,UNITE,OK
TKT93123673432,2026-02-01T13:15:34Z,PORTE-D,R56943102,ABONNEMENT,OK
TKT38434222973,2026-02-01T13:15:34Z,VIP-EST,R58394475,VIP,OK
TKT41246945774,2026-02-01T13:15:36Z,PORTE-C,R51101614,ABONNEMENT,OK
TKT98325617716,2026-02-01T13:15:36Z,PORTE-B,R57430360,ABONNEMENT,OK
TKT39917019992,2026-02-01T13:15:36Z,PORTE-C,,UNITE,OK
TKT29903609095,2026-02-01T13:15:37Z,PORTE-C,R51628660,ABONNEMENT,OK
TKT23011785871,2026-02-01T13:15:38Z,PORTE-C,R54186163,ABONNEMENT,OK
TKT57031038193,2026-02-01T13:15:41Z,VIP-EST,R58735437,UNITE,OK
TKT86841607530,2026-02-01T13:15:41Z,PORTE-C,R54985103,UNITE,OK
TKT55091212610,2026-02-01T13:15:43Z,PORTE-D,,UNITE,OK
TKT20411127690,2026-02-01T13:15:43Z,PORTE-C,,GROUPE,OK
TKT73448532207,2026-02-01T13:15:44Z,PORTE-C,,UNITE,OK
TKT61897054062,2026-02-01T13:15:45Z,PORTE-A,R53608516,UNITE,OK
TKT92884840967,2026-02-01T13:15:48Z,PORTE-D,,UNITE,REFUSE_DEJA_SCANNE
TKT84462629925,2026-02-01T13:15:48Z,PORTE-C,,UNITE,OK
TKT55260520049,2026-02-01T13:15:50Z,PORTE-C,R53685543,ABONNEMENT,OK
TKT85992224874,2026-02-01T13:15:56Z,VIP-EST,R58195049,ABONNEMENT,OK
TKT77003923964,2026-02-01T13:15:57Z,PORTE-D,R58604456,UNITE,OK
TKT85632239207,2026-02-01T13:15:57Z,PORTE-A,R54380283,UNITE,OK
TKT23287365966,2026-02-01T13:15:57Z,PORTE-D,R58729039,INVITATION,OK
TKT50287991111,2026-02-01T13:15:59Z,PORTE-D,R52620561,UNITE,OK
TKT20676201989,2026-02-01T13:15:59Z,PORTE-D,R57260904,UNITE,OK
TKT47712236121,2026-02-01T13:16:02Z,PORTE-D,R53649520,UNITE,OK
TKT76684282275,2026-02-01T13:16:03Z,PORTE-C,R59911238,ABONNEMENT,OK
TKT34370591502,2026-02-01T13:16:06Z,PORTE-C,,UNITE,OK
TKT70285436785,2026-02-01T13:16:06Z,PORTE-B,,UNITE,OK
TKT99692852298,2026-02-01T13:16:07Z,PORTE-D,R57320097,UNITE,OK
TKT34087066144,2026-02-01T13:16:10Z,PORTE-D,R56763761,ABONNEMENT,OK
TKT49527280712,2026-02-01T13:16:12Z,PORTE-D,R51112236,UNITE,OK
TKT85891124335,2026-02-01T13:16:13Z,PORTE-D,R56962038,ABONNEMENT,OK
TKT81566712088,2026-02-01T13:16:13Z,PORTE-A,R54067174,ABONNEMENT,OK
TKT21386784299,2026-02-01T13:16:13Z,PORTE-C,R54268851,ABONNEMENT,OK
TKT26584913874,2026-02-01T13:16:13Z,PORTE-D,R59718555,GROUPE,OK
TKT74352166823,2026-02-01T13:16:13Z,PORTE-A,R54896295,UNITE,OK
TKT51276528267,2026-02-01T13:16:16Z,PORTE-C,R56109824,UNITE,OK
TKT32472087632,2026-02-01T13:16:17Z,PORTE-C,R56314298,UNITE,OK
TKT12221602556,2026-02-01T13:16:19Z,PORTE-B,R52461114,ABONNEMENT,OK
TKT44312709201,2026-02-01T13:16:19Z,PORTE-C,R56049683,ABONNEMENT,OK
TKT40660701074,2026-02-01T13:16:20Z,PORTE-C,R59969818,ABONNEMENT,OK
TKT12950010030,2026-02-01T13:16:20Z,PORTE-A,R51797570,ABONNEMENT,OK
TKT61862183071,2026-02-01T13:16:20Z,PORTE-A,R56742651,VIP,OK
TKT48824025069,2026-02-01T13:16:20Z,VIP-EST,R52356703,UNITE,OK
TKT88932939706,2026-02-01T13:16:22Z,PORTE-B,R55640745,UNITE,OK
TKT85835408290,2026-02-01T13:16:22Z,VIP-EST,R55006079,UNITE,OK
TKT26134560747,2026-02-01T13:16:22Z,PORTE-D,,UNITE,OK
TKT43226415088,2026-02-01T13:16:25Z,PORTE-D,R53552254,ABONNEMENT,OK
TKT79249433063,2026-02-01T13:16:26Z,PORTE-B,R57910617,ABONNEMENT,OK
TKT47172789083,2026-02-01T13:16:28Z,PORTE-D,R59560947,UNITE,OK
TKT62458897283,2026-02-01T13:16:30Z,PORTE-C,R51391908,ABONNEMENT,OK
TKT88684506952,2026-02-01T13:16:33Z,PORTE-A,R57473002,UNITE,REFUSE_DEJA_SCANNE
TKT33150983102,2026-02-01T13:16:38Z,VIP-EST,R58638114,VIP,OK
TKT65528530458,2026-02-01T13:16:39Z,PORTE-C,R53116756,ABONNEMENT,OK
TKT99198607822,2026-02-01T13:16:40Z,PORTE-D,R51424464,ABONNEMENT,OK
TKT20765836591,2026-02-01T13:16:40Z,VIP-EST,R52297989,ABONNEMENT,OK
TKT50546145529,2026-02-01T13:16:40Z,PORTE-C,R56915306,ABONNEMENT,OK
TKT14816273637,2026-02-01T13:16:41Z,PORTE-C,R59201997,ABONNEMENT,OK
TKT38768649645,2026-02-01T13:16:41Z,PORTE-C,,UNITE,OK
TKT74918561699,2026-02-01T13:16:42Z,VIP-EST,R59733746,ABONNEMENT,OK
TKT55962535442,2026-02-01T13:16:42Z,PORTE-C,R58426619,ABONNEMENT,OK
TKT42292522306,2026-02-01T13:16:42Z,PORTE-D,R54358014,UNITE,OK
TKT24681485082,2026-02-01T13:16:43Z,PORTE-C,,GROUPE,OK
TKT39402322064,2026-02-01T13:16:43Z,PORTE-C,R53995855,UNITE,OK
TKT25658088016,2026-02-01T13:16:45Z,VIP-EST,R51959747,ABONNEMENT,OK
TKT90535456617,2026-02-01T13:16:48Z,PORTE-D,R53512064,UNITE,OK
TKT52292529349,2026-02-01T13:16:51Z,PORTE-A,R53860928,ABONNEMENT,OK
TKT40263076804,2026-02-01T13:16:51Z,PORTE-C,,GROUPE,OK
TKT45780440072,2026-02-01T13:16:51Z,PORTE-C,R59905118,UNITE,OK
TKT94365435549,2026-02-01T13:16:52Z,PORTE-C,R57745519,ABONNEMENT,OK
TKT60737216765,2026-02-01T13:16:52Z,PORTE-B,R59260098,ABONNEMENT,OK
TKT29235253121,2026-02-01T13:16:52Z,PORTE-C,R55151226,ABONNEMENT,OK
TKT60681370481,2026-02-01T13:16:52Z,PORTE-D,R52502520,ABONNEMENT,OK
TKT41307575533,2026-02-01T13:16:54Z,PORTE-D,R56785695,UNITE,OK
TKT85086192790,2026-02-01T13:16:56Z,PORTE-C,R54308428,UNITE,OK
TKT19554508169,2026-02-01T13:16:59Z,PORTE-D,R59296955,UNITE,REFUSE_DEJA_SCANNE
TKT35402885288,2026-02-01T13:17:03Z,PORTE-C,R59795793,UNITE,OK
TKT53587978614,2026-02-01T13:17:06Z,PORTE-A,R58662423,UNITE,OK
TKT60159373010,2026-02-01T13:17:07Z,PORTE-C,R57770776,ABONNEMENT,OK
TKT83063421732,2026-02-01T13:17:08Z,PORTE-D,R51817598,UNITE,OK
TKT17271917169,2026-02-01T13:17:10Z,PORTE-D,,UNITE,OK
TKT49044036247,2026-02-01T13:17:11Z,PORTE-C,R59263642,UNITE,OK
TKT53348084019,2026-02-01T13:17:12Z,PORTE-D,R58355511,ABONNEMENT,OK
TKT13991761201,2026-02-01T13:17:12Z,PORTE-B,R51190834,ABONNEMENT,OK
TKT83521140809,2026-02-01T13:17:12Z,PORTE-A,R58037230,UNITE,OK
TKT39546539847,2026-02-01T13:17:12Z,PORTE-C,R58788979,UNITE,OK
TKT97268342701,2026-02-01T13:17:14Z,PORTE-B,R56688774,ABONNEMENT,OK
TKT80141512597,2026-02-01T13:17:14Z,PORTE-B,R52673001,ABONNEMENT,OK
TKT74583291090,2026-02-01T13:17:16Z,VIP-EST,R56995274,ABONNEMENT,OK
TKT80621668181,2026-02-01T13:17:16Z,PORTE-D,R58373365,ABONNEMENT,OK
TKT91277868880,2026-02-01T13:17:18Z,PORTE-C,R59564146,ABONNEMENT,OK
TKT55883182732,2026-02-01T13:17:21Z,PORTE-C,R56004589,UNITE,OK
TKT37987397549,2026-02-01T13:17:23Z,PORTE-C,R55096679,ABONNEMENT,OK
TKT43378539380,2026-02-01T13:17:24Z,PORTE-D,R53228925,ABONNEMENT,OK
TKT54817202351,2026-02-01T13:17:25Z,PORTE-A,R59810160,UNITE,OK
TKT30528573839,2026-02-01T13:17:25Z,PORTE-C,,UNITE,OK
TKT20589904128,2026-02-01T13:17:26Z,PORTE-C,R51302544,ABONNEMENT,OK
TKT37979853208,2026-02-01T13:17:26Z,VIP-EST,,UNITE,OK
TKT17523177801,2026-02-01T13:17:26Z,PORTE-D,R51409484,UNITE,OK
TKT37480727869,2026-02-01T13:17:28Z,PORTE-D,R54912166,ABONNEMENT,OK
TKT55548466184,2026-02-01T13:17:28Z,PORTE-D,R54167907,ABONNEMENT,OK
TKT36360811224,2026-02-01T13:17:28Z,PORTE-D,R59110670,UNITE,OK
TKT82522156944,2026-02-01T13:17:29Z,PORTE-D,,UNITE,OK
TKT62673575039,2026-02-01T13:17:32Z,PORTE-B,R56428785,ABONNEMENT,OK
TKT77155516936,2026-02-01T13:17:32Z,PORTE-C,,UNITE,OK
TKT97161983279,2026-02-01T13:17:34Z,PORTE-D,R56297680,ABONNEMENT,OK
TKT89879276034,2026-02-01T13:17:35Z,PORTE-C,R59209018,UNITE,OK
TKT95810040238,2026-02-01T13:17:36Z,PORTE-C,,UNITE,OK
TKT23835487789,2026-02-01T13:17:37Z,PORTE-B,R57954341,ABONNEMENT,OK
TKT31878859890,2026-02-01T13:17:37Z,PORTE-D,R54042855,UNITE,OK
TKT68276713185,2026-02-01T13:17:38Z,PORTE-C,R59076466,UNITE,OK
TKT74830885996,2026-02-01T13:17:38Z,PORTE-C,R59110258,UNITE,REFUSE_DEJA_SCANNE
TKT16770904526,2026-02-01T13:17:39Z,VIP-EST,R52653395,ABONNEMENT,OK
TKT81072864075,2026-02-01T13:17:40Z,PORTE-C,R55660227,UNITE,OK
TKT27252585888,2026-02-01T13:17:40Z,PORTE-C,,INVITATION,OK
TKT43779806905,2026-02-01T13:17:41Z,PORTE-B,R57393714,ABONNEMENT,OK
TKT83966120754,2026-02-01T13:17:41Z,PORTE-D,R51451235,UNITE,OK
TKT80445244019,2026-02-01T13:17:41Z,PORTE-A,R52069541,VIP,OK
TKT11875109507,2026-02-01T13:17:43Z,PORTE-C,R59723603,ABONNEMENT,OK
TKT29965804692,2026-02-01T13:17:43Z,VIP-EST,R53826121,ABONNEMENT,OK
TKT11115296442,2026-02-01T13:17:44Z,PORTE-D,,UNITE,REFUSE_DEJA_SCANNE
TKT11870629280,2026-02-01T13:17:44Z,PORTE-C,R51737640,UNITE,OK
TKT98975667064,2026-02-01T13:17:46Z,PORTE-C,R56418977,ABONNEMENT,OK
TKT92491354588,2026-02-01T13:17:49Z,PORTE-D,R51392933,ABONNEMENT,OK
TKT50552493428,2026-02-01T13:17:49Z,PORTE-D,R55874154,ABONNEMENT,OK
TKT62744303155,2026-02-01T13:17:51Z,PORTE-D,,UNITE,OK
TKT92148738687,2026-02-01T13:17:52Z,PORTE-C,R56772621,ABONNEMENT,OK
TKT21112431290,2026-02-01T13:17:53Z,PORTE-C,R53369312,UNITE,OK
TKT59825457388,2026-02-01T13:17:54Z,PORTE-C,R54116894,ABONNEMENT,OK
TKT53388365930,2026-02-01T13:17:57Z,PORTE-C,R53930877,ABONNEMENT,OK
TKT24021203893,2026-02-01T13:17:58Z,PORTE-A,,UNITE,OK
TKT27756327148,2026-02-01T13:17:58Z,PORTE-D,R52980392,UNITE,OK
TKT42010360832,2026-02-01T13:17:59Z,PORTE-C,R57796331,ABONNEMENT,OK
TKT37046601563,2026-02-01T13:18:00Z,PORTE-A,R53911137,ABONNEMENT,OK
TKT26596810490,2026-02-01T13:18:00Z,PORTE-A,R54048027,ABONNEMENT,OK
TKT97351940695,2026-02-01T13:18:01Z,PORTE-C,R54941379,ABONNEMENT,OK
TKT18432447832,2026-02-01T13:18:02Z,PORTE-C,R59299541,ABONNEMENT,OK
TKT99171186252,2026-02-01T13:18:02Z,PORTE-D,R56784670,ABONNEMENT,OK
TKT55177327028,2026-02-01T13:18:02Z,PORTE-D,R51618095,ABONNEMENT,OK
TKT18493998272,2026-02-01T13:18:03Z,PORTE-D,,UNITE,OK
TKT58738750042,2026-02-01T13:18:05Z,PORTE-A,R55881309,VIP,OK
TKT56094050899,2026-02-01T13:18:08Z,PORTE-C,R54787516,ABONNEMENT,OK
TKT17319387040,2026-02-01T13:18:08Z,PORTE-D,R57741831,UNITE,OK
TKT82239916277,2026-02-01T13:18:09Z,PORTE-D,R51313032,UNITE,OK
TKT28313724254,2026-02-01T13:18:12Z,PORTE-D,R57076324,UNITE,OK
TKT64630851903,2026-02-01T13:18:12Z,PORTE-C,,UNITE,OK
TKT97924843208,2026-02-01T13:18:13Z,PORTE-C,,GROUPE,OK
TKT72978302549,2026-02-01T13:18:13Z,PORTE-D,R57095250,UNITE,OK
TKT96504047848,2026-02-01T13:18:13Z,PORTE-D,R54898737,UNITE,OK
TKT90434905927,2026-02-01T13:18:13Z,PORTE-C,R54778110,UNITE,OK
TKT66932758920,2026-02-01T13:18:14Z,PORTE-D,R55487830,UNITE,OK
TKT21801814499,2026-02-01T13:18:15Z,PORTE-C,R55007104,ABONNEMENT,OK
TKT96615996299,2026-02-01T13:18:15Z,VIP-EST,R58349391,UNITE,OK
TKT94232562419,2026-02-01T13:18:20Z,PORTE-C,R51284154,ABONNEMENT,OK
TKT24684716089,2026-02-01T13:18:21Z,VIP-EST,R58329152,VIP,OK
TKT50248138216,2026-02-01T13:18:22Z,PORTE-A,R59670885,ABONNEMENT,OK
TKT48544412027,2026-02-01T13:18:22Z,PORTE-C,,GROUPE,OK
TKT58430726607,2026-02-01T13:18:23Z,PORTE-D,R58376152,ABONNEMENT,OK
TKT28201881640,2026-02-01T13:18:23Z,PORTE-D,R51732592,UNITE,OK
TKT62756452721,2026-02-01T13:18:23Z,VIP-EST,,UNITE,OK
TKT61040203782,2026-02-01T13:18:23Z,PORTE-C,R54564796,UNITE,OK
TKT13817910799,2026-02-01T13:18:25Z,PORTE-A,,UNITE,OK
TKT27805675772,2026-02-01T13:18:25Z,PORTE-D,R54838395,UNITE,OK
TKT15818642081,2026-02-01T13:18:26Z,PORTE-C,R59795458,UNITE,OK
TKT82118073525,2026-02-01T13:18:26Z,PORTE-C,,UNITE,OK
TKT21828178323,2026-02-01T13:18:27Z,PORTE-B,R54424285,ABONNEMENT,OK
TKT27777388304,2026-02-01T13:18:27Z,PORTE-C,R55197881,ABONNEMENT,OK
TKT64935851780,2026-02-01T13:18:27Z,PORTE-D,,UNITE,OK
TKT96328386562,2026-02-01T13:18:30Z,PORTE-D,R54875242,UNITE,OK
TKT69409378421,2026-02-01T13:18:32Z,PORTE-A,,UNITE,OK
TKT40827408519,2026-02-01T13:18:34Z,PORTE-A,R54576309,ABONNEMENT,OK
TKT61551953738,2026-02-01T13:18:35Z,PORTE-B,R55341457,ABONNEMENT,OK
TKT54138441214,2026-02-01T13:18:35Z,PORTE-D,R52824623,UNITE,OK
TKT98363260285,2026-02-01T13:18:36Z,PORTE-C,R55433206,ABONNEMENT,OK
TKT10135307990,2026-02-01T13:18:37Z,PORTE-D,R54528217,ABONNEMENT,OK
TKT31347114659,2026-02-01T13:18:38Z,PORTE-B,R57238702,ABONNEMENT,OK
TKT46210820868,2026-02-01T13:18:40Z,VIP-EST,R59608282,ABONNEMENT,OK
TKT12341434238,2026-02-01T13:18:40Z,PORTE-B,R53354590,ABONNEMENT,OK
TKT87060119707,2026-02-01T13:18:46Z,PORTE-B,R54635214,ABONNEMENT,OK
TKT47300206323,2026-02-01T13:18:47Z,PORTE-D,R52017235,ABONNEMENT,OK
TKT67766993217,2026-02-01T13:18:47Z,PORTE-D,,UNITE,OK
TKT96606838948,2026-02-01T13:18:48Z,VIP-EST,R59433721,INVITATION,OK
TKT94830718881,2026-02-01T13:18:48Z,PORTE-B,R55966114,UNITE,OK
TKT44605954947,2026-02-01T13:18:50Z,PORTE-D,R56354076,UNITE,OK
TKT37217584120,2026-02-01T13:18:52Z,PORTE-D,R51917996,UNITE,OK
TKT67557822245,2026-02-01T13:18:53Z,VIP-EST,R52701956,ABONNEMENT,OK
TKT85858305382,2026-02-01T13:18:54Z,PORTE-D,R58349458,UNITE,OK
TKT11952913513,2026-02-01T13:18:55Z,PORTE-D,R57849039,UNITE,OK
TKT28697519510,2026-02-01T13:18:57Z,PORTE-C,R52699906,UNITE,OK
TKT43578824610,2026-02-01T13:18:57Z,PORTE-C,R57122098,UNITE,OK
TKT10600328979,2026-02-01T13:18:58Z,PORTE-C,R52012599,ABONNEMENT,OK
TKT27576031273,2026-02-01T13:18:59Z,PORTE-C,R59685654,ABONNEMENT,OK
TKT82092959477,2026-02-01T13:19:01Z,PORTE-C,R52592095,ABONNEMENT,OK
TKT65826299819,2026-02-01T13:19:06Z,PORTE-C,R56621334,ABONNEMENT,OK
TKT77454878432,2026-02-01T13:19:07Z,PORTE-A,R54755295,ABONNEMENT,OK
TKT28162528501,2026-02-01T13:19:08Z,PORTE-D,R54695844,ABONNEMENT,OK
TKT60592139762,2026-02-01T13:19:10Z,PORTE-C,R52466430,ABONNEMENT,OK
TKT38017101789,2026-02-01T13:19:11Z,PORTE-D,R51304038,UNITE,REFUSE_DEJA_SCANNE
TKT63140266448,2026-02-01T13:19:11Z,PORTE-D,R56685977,UNITE,OK
TKT79219865851,2026-02-01T13:19:12Z,PORTE-A,R59139605,ABONNEMENT,OK
TKT71453740130,2026-02-01T13:19:12Z,PORTE-D,R51375213,UNITE,OK
TKT77745079139,2026-02-01T13:19:12Z,PORTE-C,,UNITE,OK
TKT95491072455,2026-02-01T13:19:14Z,PORTE-C,R52585898,ABONNEMENT,OK
TKT42283000055,2026-02-01T13:19:17Z,VIP-EST,R53527523,ABONNEMENT,OK
TKT90376491945,2026-02-01T13:19:19Z,PORTE-D,R54699656,UNITE,OK
TKT84480306831,2026-02-01T13:19:22Z,PORTE-D,R56541309,ABONNEMENT,OK
TKT28344416160,2026-02-01T13:19:22Z,PORTE-C,R57196817,UNITE,OK
TKT74921981956,2026-02-01T13:19:22Z,PORTE-C,R53595911,UNITE,OK
TKT80988216771,2026-02-01T13:19:23Z,PORTE-D,R57866893,ABONNEMENT,OK
TKT33438842742,2026-02-01T13:19:25Z,PORTE-A,R55677592,ABONNEMENT,OK
TKT62886481551,2026-02-01T13:19:26Z,PORTE-B,R57370899,ABONNEMENT,OK
TKT39458251745,2026-02-01T13:19:27Z,PORTE-A,R52771359,ABONNEMENT,OK
TKT10293767192,2026-02-01T13:19:27Z,PORTE-C,R58505428,ABONNEMENT,OK
TKT30504824017,2026-02-01T13:19:28Z,PORTE-A,R57601320,ABONNEMENT,OK
TKT84126226373,2026-02-01T13:19:28Z,PORTE-C,R53700868,UNITE,OK
TKT21347167547,2026-02-01T13:19:29Z,PORTE-D,R57629585,ABONNEMENT,OK
TKT53892428010,2026-02-01T13:19:30Z,PORTE-C,R58730332,UNITE,OK
TKT59149150356,2026-02-01T13:19:31Z,PORTE-D,R56171603,ABONNEMENT,OK
TKT64612476352,2026-02-01T13:19:31Z,PORTE-B,R56779498,INVITATION,OK
TKT32136737587,2026-02-01T13:19:32Z,PORTE-C,R58306337,UNITE,OK
TKT87920495772,2026-02-01T13:19:33Z,PORTE-D,R52460367,UNITE,OK
TKT18363540589,2026-02-01T13:19:34Z,PORTE-C,R54208097,ABONNEMENT,OK
TKT45834279811,2026-02-01T13:19:35Z,PORTE-C,R58545005,UNITE,OK
TKT38569395122,2026-02-01T13:19:38Z,PORTE-A,R52421202,ABONNEMENT,OK
TKT67893627195,2026-02-01T13:19:38Z,PORTE-D,R59679390,ABONNEMENT,OK
TKT83606111052,2026-02-01T13:19:38Z,PORTE-C,R53930063,UNITE,OK
TKT88545797053,2026-02-01T13:19:39Z,PORTE-B,R58937248,ABONNEMENT,OK
TKT11792250986,2026-02-01T13:19:40Z,PORTE-C,R59914715,UNITE,OK
TKT33300473532,2026-02-01T13:19:41Z,PORTE-A,R58353203,ABONNEMENT,OK
TKT18739469165,2026-02-01T13:19:43Z,PORTE-B,R51680152,UNITE,OK
TKT71061063895,2026-02-01T13:19:43Z,VIP-EST,R57167862,UNITE,OK
TKT71563869402,2026-02-01T13:19:44Z,PORTE-D,R51033983,ABONNEMENT,OK
TKT89246461108,2026-02-01T13:19:44Z,VIP-EST,R57249736,VIP,OK
TKT28150410337,2026-02-01T13:19:45Z,VIP-EST,R59806894,UNITE,OK
TKT81289187822,2026-02-01T13:19:46Z,PORTE-D,R57854767,ABONNEMENT,OK
TKT20363804457,2026-02-01T13:19:47Z,PORTE-D,R53485169,UNITE,OK
TKT41875423753,2026-02-01T13:19:47Z,PORTE-C,R51254797,UNITE,OK
TKT24381874106,2026-02-01T13:19:47Z,PORTE-D,R52657130,UNITE,OK
TKT40480008908,2026-02-01T13:19:50Z,VIP-EST,R54269531,ABONNEMENT,OK
TKT46937681762,2026-02-01T13:19:51Z,PORTE-C,R51778701,ABONNEMENT,OK
TKT99074503250,2026-02-01T13:19:51Z,PORTE-A,,UNITE,OK
TKT19964330970,2026-02-01T13:19:51Z,VIP-EST,,GROUPE,OK
TKT33855284666,2026-02-01T13:19:54Z,PORTE-C,R53976450,UNITE,OK
TKT92304926672,2026-02-01T13:19:55Z,VIP-EST,R54934224,ABONNEMENT,OK
TKT75037691523,2026-02-01T13:19:57Z,PORTE-C,R58601669,UNITE,OK
TKT65801778587,2026-02-01T13:19:59Z,PORTE-D,R54425779,ABONNEMENT,OK
TKT99946308828,2026-02-01T13:20:06Z,VIP-EST,R55713491,ABONNEMENT,OK
TKT65688624245,2026-02-01T13:20:06Z,PORTE-A,R58453457,ABONNEMENT,OK
TKT22328289436,2026-02-01T13:20:10Z,PORTE-B,,UNITE,OK
TKT32801781134,2026-02-01T13:20:11Z,PORTE-C,,GROUPE,OK
TKT72042245004,2026-02-01T13:20:14Z,PORTE-D,R56704779,UNITE,OK
TKT39302933560,2026-02-01T13:20:15Z,PORTE-A,R56003430,ABONNEMENT,OK
TKT25050004405,2026-02-01T13:20:16Z,PMR-NORD,R55385737,ABONNEMENT,OK
TKT98051154559,2026-02-01T13:20:16Z,PORTE-D,R51495428,INVITATION,OK
TKT19294710687,2026-02-01T13:20:16Z,PORTE-C,R54434840,UNITE,OK
TKT90253883740,2026-02-01T13:20:17Z,PORTE-A,,UNITE,OK
TKT45961436641,2026-02-01T13:20:20Z,PORTE-D,R55795901,UNITE,OK
TKT90636302734,2026-02-01T13:20:23Z,VIP-EST,,UNITE,OK
TKT92865223846,2026-02-01T13:20:24Z,PORTE-C,R51348921,ABONNEMENT,OK
TKT82596278974,2026-02-01T13:20:24Z,PORTE-C,,UNITE,OK
TKT45687264367,2026-02-01T13:20:24Z,PORTE-D,R57538258,UNITE,OK
TKT29887224312,2026-02-01T13:20:25Z,PORTE-C,R53457708,ABONNEMENT,OK
TKT99540772041,2026-02-01T13:20:27Z,PORTE-C,R52888710,ABONNEMENT,OK
TKT61518175538,2026-02-01T13:20:31Z,PORTE-C,R58449923,UNITE,OK
TKT90518484792,2026-02-01T13:20:33Z,PORTE-C,R53165853,ABONNEMENT,OK
TKT81325530887,2026-02-01T13:20:35Z,PORTE-A,R57852238,ABONNEMENT,OK
TKT52790518272,2026-02-01T13:20:35Z,PORTE-A,R51081184,VIP,OK
TKT18104162134,2026-02-01T13:20:37Z,PORTE-C,R52011105,UNITE,OK
TKT94289611084,2026-02-01T13:20:37Z,PORTE-B,R53806438,UNITE,OK
TKT85964912598,2026-02-01T13:20:38Z,PORTE-C,R55277370,ABONNEMENT,OK
TKT12885563486,2026-02-01T13:20:38Z,PORTE-A,,UNITE,OK
TKT23122578927,2026-02-01T13:20:39Z,VIP-EST,R52405532,ABONNEMENT,OK
TKT85479942987,2026-02-01T13:20:41Z,PORTE-C,R54215108,ABONNEMENT,OK
TKT68327126873,2026-02-01T13:20:43Z,PORTE-D,R57850466,UNITE,OK
TKT78543159397,2026-02-01T13:20:44Z,PORTE-C,R57082588,UNITE,OK
TKT80549188974,2026-02-01T13:20:44Z,PORTE-D,R58058206,UNITE,OK
TKT54063629058,2026-02-01T13:20:46Z,PORTE-C,R52470309,ABONNEMENT,OK
TKT48556042463,2026-02-01T13:20:47Z,PORTE-A,R54337296,ABONNEMENT,OK
TKT27333625995,2026-02-01T13:20:49Z,VIP-EST,R54752776,ABONNEMENT,OK
TKT93391271554,2026-02-01T13:20:50Z,PORTE-D,,UNITE,OK
TKT43967925163,2026-02-01T13:20:51Z,PORTE-C,R51883601,ABONNEMENT,OK
TKT52768064848,2026-02-01T13:20:51Z,PORTE-C,R59165907,INVITATION,OK
TKT74646997632,2026-02-01T13:20:52Z,PORTE-C,R56392762,UNITE,OK
TKT39161660766,2026-02-01T13:20:54Z,PORTE-D,R53718990,UNITE,OK
TKT36921315274,2026-02-01T13:20:55Z,PORTE-A,R57836578,ABONNEMENT,OK
TKT43576650467,2026-02-01T13:20:56Z,PORTE-B,,UNITE,OK
TKT34624838035,2026-02-01T13:20:57Z,PORTE-D,R58541806,ABONNEMENT,OK
TKT69364404135,2026-02-01T13:20:57Z,PORTE-D,R58959929,UNITE,OK
TKT74612103623,2026-02-01T13:20:57Z,PORTE-C,R51294441,UNITE,OK
TKT50142557593,2026-02-01T13:21:00Z,PORTE-C,R57314915,ABONNEMENT,OK
TKT94964331812,2026-02-01T13:21:02Z,PORTE-D,R54049129,ABONNEMENT,OK
TKT13632265239,2026-02-01T13:21:02Z,VIP-EST,R56048869,ABONNEMENT,OK
TKT62813834917,2026-02-01T13:21:02Z,PORTE-D,R58191984,ABONNEMENT,OK
TKT97958335551,2026-02-01T13:21:03Z,PORTE-A,R59621299,ABONNEMENT,OK
TKT71574805298,2026-02-01T13:21:04Z,PORTE-C,R58930917,ABONNEMENT,OK
TKT67714310742,2026-02-01T13:21:05Z,PORTE-C,R57041105,ABONNEMENT,OK
TKT11741119055,2026-02-01T13:21:05Z,PORTE-C,,GROUPE,OK
TKT62518066524,2026-02-01T13:21:05Z,PORTE-C,R53047075,UNITE,OK
TKT97780874412,2026-02-01T13:21:07Z,PORTE-C,R52905817,UNITE,OK
TKT49774051117,2026-02-01T13:21:11Z,PORTE-C,R52865014,UNITE,REFUSE_INVALIDE
TKT97340107542,2026-02-01T13:21:12Z,PORTE-A,R56746262,ABONNEMENT,OK
TKT25700720725,2026-02-01T13:21:14Z,PORTE-A,R56093752,UNITE,OK
TKT82418940254,2026-02-01T13:21:15Z,PORTE-B,R51412750,UNITE,OK
TKT43922391859,2026-02-01T13:21:19Z,PORTE-D,R55828179,ABONNEMENT,OK
TKT35312027182,2026-02-01T13:21:20Z,PORTE-A,R56337314,UNITE,OK
TKT13783314982,2026-02-01T13:21:21Z,PORTE-C,R54479445,UNITE,OK
TKT38113815920,2026-02-01T13:21:24Z,PORTE-A,,VIP,OK
TKT11190114354,2026-02-01T13:21:25Z,PORTE-C,R51554621,UNITE,OK
TKT77266784477,2026-02-01T13:21:26Z,PORTE-D,,GROUPE,OK
TKT80857131884,2026-02-01T13:21:26Z,PORTE-D,,UNITE,OK
TKT96559931607,2026-02-01T13:21:30Z,PORTE-C,,UNITE,OK
TKT90105608253,2026-02-01T13:21:31Z,PORTE-B,,UNITE,OK
TKT66715992225,2026-02-01T13:21:32Z,PORTE-C,R55834922,INVITATION,OK
TKT12805028773,2026-02-01T13:21:33Z,PORTE-D,R53675333,UNITE,OK
TKT99320334353,2026-02-01T13:21:34Z,PORTE-C,R58936099,ABONNEMENT,OK
TKT81727994009,2026-02-01T13:21:34Z,PORTE-B,R55701633,ABONNEMENT,OK
TKT46887184196,2026-02-01T13:21:34Z,VIP-EST,R51523703,UNITE,REFUSE_DEJA_SCANNE
TKT71479945720,2026-02-01T13:21:34Z,PORTE-C,R56965984,UNITE,OK
TKT82884154880,2026-02-01T13:21:34Z,PORTE-C,R58188239,UNITE,OK
TKT81192097613,2026-02-01T13:21:36Z,PORTE-D,R58035401,ABONNEMENT,OK
TKT96128712165,2026-02-01T13:21:38Z,PORTE-C,R51144591,ABONNEMENT,OK
TKT71275125521,2026-02-01T13:21:38Z,PORTE-C,,GROUPE,OK
TKT44878700579,2026-02-01T13:21:39Z,PORTE-C,R53528280,UNITE,OK
TKT73448594846,2026-02-01T13:21:42Z,PORTE-D,R53234998,ABONNEMENT,OK
TKT44738499168,2026-02-01T13:21:42Z,PORTE-C,R59880387,ABONNEMENT,OK
TKT12788179364,2026-02-01T13:21:42Z,VIP-EST,R55841062,VIP,OK
TKT49830187126,2026-02-01T13:21:44Z,PORTE-C,R51676943,ABONNEMENT,OK
TKT16300115713,2026-02-01T13:21:45Z,PORTE-C,R52050270,UNITE,OK
TKT22820688659,2026-02-01T13:21:46Z,PORTE-A,R52453413,ABONNEMENT,OK
TKT37001654344,2026-02-01T13:21:47Z,PORTE-C,R57785967,ABONNEMENT,OK
TKT65643623115,2026-02-01T13:21:48Z,PORTE-D,R52370112,UNITE,OK
TKT49318011177,2026-02-01T13:21:48Z,PORTE-C,R53147339,UNITE,OK
TKT90306790988,2026-02-01T13:21:49Z,PORTE-C,R57473960,ABONNEMENT,OK
TKT57329353938,2026-02-01T13:21:49Z,PORTE-B,R59182793,ABONNEMENT,OK
TKT74043422173,2026-02-01T13:21:51Z,PORTE-D,R54668805,ABONNEMENT,OK
TKT56611471608,2026-02-01T13:21:53Z,VIP-EST,R57312185,ABONNEMENT,OK
TKT48860639007,2026-02-01T13:21:53Z,PORTE-D,,GROUPE,OK
TKT24295469716,2026-02-01T13:21:54Z,PORTE-C,R52005990,ABONNEMENT,OK
TKT46725363510,2026-02-01T13:21:56Z,PORTE-A,R55228464,ABONNEMENT,OK
TKT11148223399,2026-02-01T13:21:56Z,PORTE-B,R59561694,UNITE,OK
TKT26211397311,2026-02-01T13:21:56Z,PORTE-C,R53035773,INVITATION,OK
TKT14209166119,2026-02-01T13:21:58Z,PORTE-D,R59434535,UNITE,OK
TKT81968323661,2026-02-01T13:21:58Z,PORTE-C,R52261755,UNITE,OK
TKT99957082616,2026-02-01T13:21:59Z,PORTE-C,R56171191,UNITE,OK
TKT80814194989,2026-02-01T13:22:01Z,PORTE-D,R52306226,UNITE,OK
TKT36097438835,2026-02-01T13:22:02Z,PORTE-C,,UNITE,OK
TKT24557782098,2026-02-01T13:22:03Z,PORTE-A,R57457265,UNITE,OK
TKT29337630948,2026-02-01T13:22:05Z,PORTE-D,R56383088,UNITE,OK
TKT98970787439,2026-02-01T13:22:05Z,PORTE-C,R53223964,UNITE,OK
TKT13264435512,2026-02-01T13:22:06Z,PORTE-C,R54634611,ABONNEMENT,OK
TKT99237791580,2026-02-01T13:22:09Z,PORTE-A,R56149870,ABONNEMENT,OK
TKT21309796780,2026-02-01T13:22:12Z,PORTE-C,R51139275,ABONNEMENT,OK
TKT15511341013,2026-02-01T13:22:14Z,PORTE-C,R57054055,UNITE,OK
TKT52420994170,2026-02-01T13:22:14Z,VIP-EST,R51640585,UNITE,OK
TKT51548362911,2026-02-01T13:22:15Z,PORTE-C,R54526043,ABONNEMENT,OK
TKT66139613765,2026-02-01T13:22:15Z,PORTE-C,R57871318,UNITE,OK
TKT60240916474,2026-02-01T13:22:16Z,PORTE-C,R56647760,UNITE,OK
TKT34182681275,2026-02-01T13:22:16Z,PORTE-D,R57042465,UNITE,OK
TKT98916396056,2026-02-01T13:22:17Z,PORTE-C,R54264359,ABONNEMENT,OK
TKT63311582627,2026-02-01T13:22:18Z,PORTE-A,R52253039,UNITE,OK
TKT93275106037,2026-02-01T13:22:18Z,PORTE-C,R55369933,UNITE,REFUSE_DEJA_SCANNE
TKT79137517619,2026-02-01T13:22:19Z,PORTE-C,R57012840,ABONNEMENT,OK
TKT47305026967,2026-02-01T13:22:20Z,VIP-EST,R56837656,VIP,OK
TKT70564546623,2026-02-01T13:22:21Z,VIP-EST,R56472921,ABONNEMENT,OK
TKT37643801809,2026-02-01T13:22:25Z,VIP-EST,R59535747,UNITE,OK
TKT95152918483,2026-02-01T13:22:25Z,PORTE-D,R58517343,UNITE,OK
TKT30232694834,2026-02-01T13:22:28Z,PORTE-D,R52286955,ABONNEMENT,OK
TKT82952779809,2026-02-01T13:22:29Z,PORTE-D,R51403957,ABONNEMENT,OK
TKT49705367780,2026-02-01T13:22:29Z,PORTE-D,R57124684,INVITATION,OK
TKT58323720853,2026-02-01T13:22:30Z,VIP-EST,R53042439,ABONNEMENT,OK
TKT15065075379,2026-02-01T13:22:30Z,PORTE-D,R59514637,UNITE,OK
TKT70813301722,2026-02-01T13:22:31Z,PORTE-D,R53561181,UNITE,OK
TKT80616657139,2026-02-01T13:22:33Z,PORTE-A,R59172439,ABONNEMENT,OK
TKT63097902766,2026-02-01T13:22:33Z,PORTE-D,,UNITE,OK
TKT67139183908,2026-02-01T13:22:33Z,PORTE-C,R58700573,UNITE,OK
TKT69207439062,2026-02-01T13:22:34Z,PORTE-D,,UNITE,OK
TKT98323246775,2026-02-01T13:22:35Z,PORTE-D,,UNITE,OK
TKT33100196118,2026-02-01T13:22:35Z,PORTE-A,R59139203,UNITE,OK
TKT19279463710,2026-02-01T13:22:36Z,PORTE-D,R57589338,UNITE,OK
TKT57137854064,2026-02-01T13:22:37Z,PORTE-C,R58779439,UNITE,OK
TKT62409506974,2026-02-01T13:22:38Z,PORTE-C,,UNITE,OK
TKT30867724983,2026-02-01T13:22:38Z,PORTE-C,R56592054,UNITE,OK
TKT13247889370,2026-02-01T13:22:40Z,PORTE-A,R57079044,ABONNEMENT,OK
TKT42373626984,2026-02-01T13:22:41Z,PORTE-A,R56649063,ABONNEMENT,OK
TKT18875791660,2026-02-01T13:22:41Z,PORTE-D,R57548669,ABONNEMENT,OK
TKT56176541063,2026-02-01T13:22:41Z,PORTE-D,,UNITE,OK
TKT93259241026,2026-02-01T13:22:42Z,PORTE-D,R57486900,ABONNEMENT,OK
TKT69618262982,2026-02-01T13:22:42Z,PORTE-C,R58958713,ABONNEMENT,OK
TKT32430205229,2026-02-01T13:22:43Z,PORTE-B,R51853832,ABONNEMENT,OK
TKT41012584603,2026-02-01T13:22:44Z,VIP-EST,R56987774,ABONNEMENT,OK
TKT28055431211,2026-02-01T13:22:44Z,PORTE-D,R53145701,UNITE,OK
TKT82167526357,2026-02-01T13:22:46Z,PORTE-C,R52570640,ABONNEMENT,OK
TKT51771353231,2026-02-01T13:22:46Z,PORTE-C,R51202357,UNITE,OK
TKT54368303261,2026-02-01T13:22:48Z,PORTE-C,R52108428,ABONNEMENT,OK
TKT29779568789,2026-02-01T13:22:48Z,PORTE-A,R57668482,UNITE,OK
TKT14568482694,2026-02-01T13:22:48Z,PORTE-B,R54121798,UNITE,OK
TKT60982888793,2026-02-01T13:22:49Z,PORTE-C,R56767027,UNITE,OK
TKT86466861672,2026-02-01T13:22:50Z,PORTE-B,,GROUPE,OK
TKT95590362014,2026-02-01T13:22:51Z,PORTE-C,R58051339,UNITE,OK
TKT92148738687,2026-02-01T13:22:52Z,PORTE-C,R56772621,ABONNEMENT,REFUSE_DEJA_SCANNE
TKT77947848747,2026-02-01T13:22:52Z,PORTE-D,R56277920,UNITE,OK
TKT49949420554,2026-02-01T13:22:52Z,PORTE-C,R51552447,UNITE,OK
TKT64141613656,2026-02-01T13:22:53Z,VIP-EST,R56106960,ABONNEMENT,OK
TKT62406439143,2026-02-01T13:22:56Z,PORTE-D,,UNITE,OK
TKT44552674302,2026-02-01T13:22:56Z,PORTE-D,R54662809,UNITE,OK
TKT44680232186,2026-02-01T13:22:56Z,PORTE-C,R58469127,UNITE,OK
TKT89927770822,2026-02-01T13:22:57Z,PORTE-D,,UNITE,OK
TKT82308733487,2026-02-01T13:22:59Z,PORTE-D,R53113624,ABONNEMENT,OK
TKT48080832216,2026-02-01T13:22:59Z,VIP-EST,R56605607,VIP,OK
TKT26972062714,2026-02-01T13:23:00Z,PORTE-A,R54515478,ABONNEMENT,OK
TKT52040913262,2026-02-01T13:23:00Z,PORTE-A,R56168203,VIP,OK
TKT55952367301,2026-02-01T13:23:01Z,PORTE-D,R58774870,UNITE,REFUSE_INVALIDE
TKT44276917923,2026-02-01T13:23:02Z,PORTE-A,R52593656,UNITE,OK
TKT55681454338,2026-02-01T13:23:03Z,PORTE-B,R51955245,ABONNEMENT,OK
TKT34381992500,2026-02-01T13:23:03Z,VIP-EST,R56181143,UNITE,OK
TKT50315186970,2026-02-01T13:23:03Z,PORTE-D,R53525014,UNITE,OK
TKT87204076172,2026-02-01T13:23:03Z,PORTE-B,R52324415,UNITE,OK
TKT70572972806,2026-02-01T13:23:06Z,PORTE-D,R58013735,ABONNEMENT,OK
TKT32563653005,2026-02-01T13:23:06Z,PORTE-C,R54996271,ABONNEMENT,OK
TKT43314298707,2026-02-01T13:23:08Z,PORTE-C,R58663860,ABONNEMENT,OK
TKT99649166863,2026-02-01T13:23:08Z,PORTE-D,R57065635,UNITE,OK
TKT18207271052,2026-02-01T13:23:09Z,PORTE-B,R51604073,ABONNEMENT,OK
TKT65144625548,2026-02-01T13:23:09Z,PORTE-D,R57401080,UNITE,OK
TKT42492709883,2026-02-01T13:23:09Z,PORTE-C,R58709557,UNITE,OK
TKT65794782721,2026-02-01T13:23:09Z,PORTE-D,,INVITATION,OK
TKT90773486598,2026-02-01T13:23:11Z,PORTE-C,R53046864,ABONNEMENT,OK
TKT35019403883,2026-02-01T13:23:12Z,VIP-EST,R56840999,ABONNEMENT,OK
TKT79217810446,2026-02-01T13:23:12Z,VIP-EST,R56587763,UNITE,OK
TKT89333530980,2026-02-01T13:23:13Z,VIP-EST,R56032730,UNITE,OK
TKT80284845869,2026-02-01T13:23:14Z,PORTE-C,R51176745,ABONNEMENT,OK
TKT24395517117,2026-02-01T13:23:15Z,PORTE-A,R51636629,ABONNEMENT,OK
TKT52069025684,2026-02-01T13:23:15Z,PORTE-A,R57658463,UNITE,OK
TKT83923843212,2026-02-01T13:23:18Z,PORTE-D,R54278324,ABONNEMENT,OK
TKT23400110005,2026-02-01T13:23:19Z,PORTE-D,R57057321,ABONNEMENT,OK
TKT98051006751,2026-02-01T13:23:20Z,PORTE-D,R51714001,ABONNEMENT,OK
TKT23012767224,2026-02-01T13:23:20Z,PORTE-C,R58289719,UNITE,OK
TKT42972839585,2026-02-01T13:23:21Z,PORTE-A,R57046632,ABONNEMENT,OK
TKT41811455653,2026-02-01T13:23:21Z,PORTE-C,,UNITE,OK
TKT86200379751,2026-02-01T13:23:23Z,PORTE-C,R51143978,ABONNEMENT,OK
TKT97122197915,2026-02-01T13:23:24Z,PORTE-C,R54840713,ABONNEMENT,OK
TKT69352126442,2026-02-01T13:23:25Z,PORTE-A,R59002839,UNITE,OK
TKT31537332782,2026-02-01T13:23:25Z,PORTE-D,,UNITE,OK
TKT32911630495,2026-02-01T13:23:28Z,PORTE-B,R54142841,INVITATION,OK
TKT61333676155,2026-02-01T13:23:28Z,PORTE-A,R55567453,UNITE,OK
TKT52076334646,2026-02-01T13:23:29Z,PORTE-A,R55267907,ABONNEMENT,OK
TKT82859521778,2026-02-01T13:23:30Z,PORTE-A,R59318132,ABONNEMENT,OK
TKT25516750967,2026-02-01T13:23:30Z,PORTE-C,R59388292,UNITE,OK
TKT40808649828,2026-02-01T13:23:30Z,PORTE-D,,UNITE,OK
TKT35844152537,2026-02-01T13:23:31Z,PORTE-C,R53185412,UNITE,OK
TKT60497302529,2026-02-01T13:23:32Z,PORTE-A,R54205434,ABONNEMENT,OK
TKT41850953194,2026-02-01T13:23:32Z,PORTE-D,R59666316,UNITE,OK
TKT12564998708,2026-02-01T13:23:33Z,PORTE-C,,GROUPE,OK
TKT43758570961,2026-02-01T13:23:33Z,PORTE-D,R54635626,INVITATION,OK
TKT83921410092,2026-02-01T13:23:34Z,PORTE-C,R59657188,ABONNEMENT,OK
TKT36631073390,2026-02-01T13:23:34Z,PORTE-C,R57146407,ABONNEMENT,OK
TKT35625583779,2026-02-01T13:23:36Z,PORTE-B,R58217050,ABONNEMENT,OK
TKT75380483881,2026-02-01T13:23:36Z,PORTE-C,R56745773,ABONNEMENT,OK
TKT50436178092,2026-02-01T13:23:36Z,PORTE-D,R52312624,UNITE,OK
TKT35049534543,2026-02-01T13:23:39Z,PORTE-D,R56410395,UNITE,OK
TKT47040883999,2026-02-01T13:23:40Z,PORTE-C,R52577105,UNITE,OK
TKT33357039580,2026-02-01T13:23:42Z,PORTE-C,R59794500,ABONNEMENT,OK
TKT17378876490,2026-02-01T13:23:43Z,PORTE-C,R52074043,ABONNEMENT,OK
TKT29731542906,2026-02-01T13:23:43Z,PORTE-C,,UNITE,OK
TKT65032860140,2026-02-01T13:23:44Z,PORTE-C,,INVITATION,OK
TKT67668661775,2026-02-01T13:23:44Z,PORTE-C,,UNITE,OK
TKT78305638071,2026-02-01T13:23:46Z,PORTE-D,R58640422,UNITE,OK
TKT99344219988,2026-02-01T13:23:48Z,PORTE-D,R59164068,GROUPE,OK
TKT70241650198,2026-02-01T13:23:48Z,PORTE-C,,UNITE,OK
TKT88101651749,2026-02-01T13:23:49Z,PORTE-D,R51876111,UNITE,OK
TKT36329393775,2026-02-01T13:23:50Z,PORTE-C,R55421837,ABONNEMENT,OK
TKT38020215516,2026-02-01T13:23:50Z,PORTE-D,R58316758,UNITE,OK
TKT39606940554,2026-02-01T13:23:50Z,VIP-EST,R59795247,UNITE,OK
TKT31975393170,2026-02-01T13:23:51Z,PORTE-B,R59824269,ABONNEMENT,OK
TKT32572483303,2026-02-01T13:23:52Z,PORTE-B,R59411710,ABONNEMENT,OK
TKT63363837839,2026-02-01T13:23:54Z,PORTE-D,,UNITE,OK
TKT26784356604,2026-02-01T13:23:56Z,PORTE-C,R53395393,ABONNEMENT,OK
TKT10340161167,2026-02-01T13:23:56Z,VIP-EST,,INVITATION,OK
TKT26684312100,2026-02-01T13:23:58Z,VIP-EST,R53797933,ABONNEMENT,OK
TKT20708445970,2026-02-01T13:23:59Z,PORTE-C,,UNITE,OK
TKT32130238660,2026-02-01T13:23:59Z,PORTE-D,R54029446,UNITE,OK
TKT66888601290,2026-02-01T13:24:00Z,PORTE-B,R58303473,ABONNEMENT,OK
TKT36466834575,2026-02-01T13:24:01Z,VIP-EST,R58756758,ABONNEMENT,OK
TKT46034992851,2026-02-01T13:24:01Z,VIP-EST,R57393657,UNITE,OK
TKT42909509397,2026-02-01T13:24:02Z,PORTE-D,R54982105,UNITE,OK
TKT45613381389,2026-02-01T13:24:03Z,PORTE-D,R51568375,UNITE,OK
TKT83092560644,2026-02-01T13:24:05Z,PORTE-C,R55242084,ABONNEMENT,OK
TKT77258336850,2026-02-01T13:24:05Z,PORTE-C,R51904845,UNITE,OK
TKT39830973366,2026-02-01T13:24:07Z,PORTE-A,R54443489,ABONNEMENT,OK
TKT95024382956,2026-02-01T13:24:09Z,PORTE-D,R53930063,UNITE,OK
TKT26907010275,2026-02-01T13:24:10Z,PORTE-D,R55365163,UNITE,OK
TKT89054840143,2026-02-01T13:24:11Z,PORTE-D,,UNITE,OK
TKT55491072038,2026-02-01T13:24:12Z,PORTE-B,R58974306,ABONNEMENT,OK
TKT58730100284,2026-02-01T13:24:13Z,PORTE-B,R53321565,ABONNEMENT,OK
TKT66870075048,2026-02-01T13:24:13Z,PORTE-D,R51971806,ABONNEMENT,OK
TKT47314533468,2026-02-01T13:24:13Z,PORTE-D,,UNITE,OK
TKT20054578035,2026-02-01T13:24:14Z,PORTE-D,R58300217,ABONNEMENT,OK
TKT46630758957,2026-02-01T13:24:14Z,PORTE-D,R55100481,ABONNEMENT,OK
TKT78185045147,2026-02-01T13:24:16Z,PORTE-D,R59117882,ABONNEMENT,OK
TKT72531037893,2026-02-01T13:24:16Z,PORTE-C,R56767027,INVITATION,OK
TKT47120382374,2026-02-01T13:24:17Z,PORTE-C,R51385165,ABONNEMENT,OK
TKT72900478054,2026-02-01T13:24:20Z,PORTE-A,R52145764,ABONNEMENT,OK
TKT11596089355,2026-02-01T13:24:22Z,PORTE-C,R56231265,UNITE,OK
TKT26856556851,2026-02-01T13:24:25Z,PORTE-C,,UNITE,OK
TKT46367860612,2026-02-01T13:24:25Z,PORTE-D,R51763989,UNITE,OK
TKT88326513323,2026-02-01T13:24:28Z,PORTE-C,R55519036,ABONNEMENT,OK
TKT68860595526,2026-02-01T13:24:29Z,VIP-EST,R57509983,ABONNEMENT,OK
TKT23721310855,2026-02-01T13:24:31Z,VIP-EST,R58866006,UNITE,OK
TKT17662544923,2026-02-01T13:24:32Z,PORTE-D,R51148882,ABONNEMENT,OK
TKT20057357525,2026-02-01T13:24:33Z,PORTE-D,R56716014,ABONNEMENT,OK
TKT75577057465,2026-02-01T13:24:33Z,PORTE-D,,UNITE,OK
TKT74750596946,2026-02-01T13:24:33Z,PORTE-C,,UNITE,OK
TKT89693558644,2026-02-01T13:24:34Z,PORTE-C,R59873309,ABONNEMENT,OK
TKT82667097903,2026-02-01T13:24:34Z,PORTE-D,R51358595,UNITE,OK
TKT44975761246,2026-02-01T13:24:36Z,VIP-EST,R58283110,UNITE,OK
TKT35088340921,2026-02-01T13:24:36Z,PORTE-B,R57278403,UNITE,OK
TKT77678021426,2026-02-01T13:24:37Z,PORTE-A,R53050063,ABONNEMENT,OK
TKT40775395091,2026-02-01T13:24:38Z,PORTE-C,R59583494,ABONNEMENT,OK
TKT65809124408,2026-02-01T13:24:39Z,PORTE-D,R57109158,ABONNEMENT,OK
TKT65338839025,2026-02-01T13:24:43Z,PORTE-A,R59810304,ABONNEMENT,OK
TKT94057812811,2026-02-01T13:24:43Z,PORTE-D,R54317623,UNITE,OK
TKT97890378775,2026-02-01T13:24:43Z,PORTE-D,R59831625,UNITE,OK
TKT24542579608,2026-02-01T13:24:44Z,PORTE-B,,UNITE,OK
TKT24665172793,2026-02-01T13:24:45Z,PORTE-C,R57716028,UNITE,OK
TKT73653107372,2026-02-01T13:24:46Z,VIP-EST,R55463990,UNITE,OK
TKT44297177067,2026-02-01T13:24:46Z,PORTE-D,R53061576,UNITE,OK
TKT39799016328,2026-02-01T13:24:47Z,PORTE-C,R59117959,UNITE,OK
TKT14749127065,2026-02-01T13:24:48Z,PORTE-C,R59412802,ABONNEMENT,OK
TKT71222314963,2026-02-01T13:24:48Z,PORTE-C,R52173550,UNITE,OK
TKT82771315540,2026-02-01T13:24:48Z,PORTE-D,R58354228,UNITE,OK
TKT21889177931,2026-02-01T13:24:49Z,PORTE-B,R54820752,UNITE,OK
TKT26951020171,2026-02-01T13:24:51Z,PORTE-A,R56004934,ABONNEMENT,OK
TKT41327867786,2026-02-01T13:24:51Z,PORTE-D,R58839714,ABONNEMENT,OK
TKT31283623739,2026-02-01T13:24:51Z,PORTE-A,R58303617,UNITE,OK
TKT78728441625,2026-02-01T13:24:51Z,PORTE-D,R51204598,UNITE,OK
TKT31660834374,2026-02-01T13:24:52Z,PORTE-A,R54843510,ABONNEMENT,OK
TKT67951590275,2026-02-01T13:24:52Z,PORTE-A,R55280713,ABONNEMENT,OK
TKT51334210720,2026-02-01T13:24:52Z,VIP-EST,R54165110,UNITE,OK
TKT14814572076,2026-02-01T13:24:54Z,PORTE-A,R53773269,ABONNEMENT,OK
TKT35683140494,2026-02-01T13:24:54Z,PORTE-D,R59637840,UNITE,OK
TKT96262965261,2026-02-01T13:24:57Z,PORTE-C,R59822909,ABONNEMENT,OK
TKT38589408117,2026-02-01T13:24:58Z,PORTE-D,R54589316,ABONNEMENT,OK
TKT90218807670,2026-02-01T13:24:59Z,PORTE-D,R54328925,ABONNEMENT,OK
TKT55351978830,2026-02-01T13:24:59Z,PORTE-D,R57769972,UNITE,OK
TKT19286500202,2026-02-01T13:25:00Z,PORTE-C,R51643171,ABONNEMENT,OK
TKT82215194858,2026-02-01T13:25:00Z,PORTE-D,R57722349,ABONNEMENT,OK
TKT48554796002,2026-02-01T13:25:00Z,PORTE-A,R56867080,UNITE,OK
TKT10918206223,2026-02-01T13:25:01Z,PORTE-C,R51048628,UNITE,OK
TKT11700062336,2026-02-01T13:25:02Z,PORTE-C,R58390050,ABONNEMENT,OK
TKT99627379919,2026-02-01T13:25:02Z,PORTE-C,R54247597,ABONNEMENT,OK
TKT48205729114,2026-02-01T13:25:05Z,PORTE-D,R59733200,UNITE,OK
TKT64612401723,2026-02-01T13:25:05Z,PORTE-C,R55844596,UNITE,OK
TKT45295961145,2026-02-01T13:25:06Z,PORTE-D,R52234783,ABONNEMENT,OK
TKT66920281358,2026-02-01T13:25:06Z,PORTE-D,,GROUPE,OK
TKT42542130259,2026-02-01T13:25:07Z,PORTE-C,R57038797,ABONNEMENT,OK
TKT19537003183,2026-02-01T13:25:08Z,PORTE-A,R57545748,ABONNEMENT,OK
TKT46083541714,2026-02-01T13:25:08Z,PORTE-C,R55953988,ABONNEMENT,OK
TKT87961935212,2026-02-01T13:25:09Z,PORTE-C,R54576989,UNITE,OK
TKT63372380839,2026-02-01T13:25:09Z,PORTE-C,R51196428,UNITE,OK
TKT37769054008,2026-02-01T13:25:12Z,PORTE-A,R56406047,ABONNEMENT,OK
TKT66268725376,2026-02-01T13:25:13Z,PORTE-D,R54040671,ABONNEMENT,OK
TKT61989184771,2026-02-01T13:25:14Z,PORTE-A,R54032645,ABONNEMENT,OK
TKT66528962224,2026-02-01T13:25:14Z,PORTE-C,,UNITE,OK
TKT39897351454,2026-02-01T13:25:19Z,PORTE-C,R58544794,UNITE,OK
TKT38468104811,2026-02-01T13:25:20Z,PORTE-D,R51921396,UNITE,OK
TKT47893764745,2026-02-01T13:25:24Z,PORTE-C,R53325243,ABONNEMENT,OK
TKT91313518527,2026-02-01T13:25:24Z,PORTE-C,R55598381,ABONNEMENT,OK
TKT15051156901,2026-02-01T13:25:25Z,PORTE-D,R53576161,ABONNEMENT,OK
TKT79543319319,2026-02-01T13:25:25Z,VIP-EST,R55581686,ABONNEMENT,OK
TKT35221040583,2026-02-01T13:25:25Z,PORTE-D,R51268082,UNITE,OK
TKT67157939223,2026-02-01T13:25:26Z,PORTE-C,R57243673,ABONNEMENT,OK
TKT36674761767,2026-02-01T13:25:26Z,PORTE-D,,UNITE,OK
TKT90300907270,2026-02-01T13:25:27Z,PORTE-D,R54179219,UNITE,OK
TKT13710621974,2026-02-01T13:25:27Z,PORTE-D,R54344719,UNITE,OK
TKT27756141032,2026-02-01T13:25:30Z,PORTE-D,R59567010,ABONNEMENT,OK
TKT31175134731,2026-02-01T13:25:30Z,VIP-EST,R59242455,ABONNEMENT,OK
TKT94500855872,2026-02-01T13:25:30Z,PORTE-B,R51656647,ABONNEMENT,OK
TKT23680028751,2026-02-01T13:25:31Z,PORTE-D,,UNITE,OK
TKT93593109450,2026-02-01T13:25:31Z,PORTE-D,R52263795,UNITE,OK
TKT20559413674,2026-02-01T13:25:32Z,PORTE-C,R57734073,ABONNEMENT,OK
TKT51108856269,2026-02-01T13:25:32Z,PORTE-D,R54537201,UNITE,OK
TKT36025842062,2026-02-01T13:25:34Z,PORTE-B,,UNITE,OK
TKT73179020076,2026-02-01T13:25:34Z,PORTE-C,,UNITE,OK
TKT66266170504,2026-02-01T13:25:35Z,PORTE-D,R53335999,ABONNEMENT,OK
TKT79387927674,2026-02-01T13:25:37Z,VIP-EST,R56579861,ABONNEMENT,OK
TKT10135307990,2026-02-01T13:25:37Z,PORTE-D,R54528217,ABONNEMENT,REFUSE_DEJA_SCANNE
TKT51752070820,2026-02-01T13:25:39Z,VIP-EST,,UNITE,OK
TKT81500550484,2026-02-01T13:25:41Z,PORTE-C,,UNITE,OK
TKT51003872357,2026-02-01T13:25:42Z,PORTE-C,R53250514,ABONNEMENT,OK
TKT59396082486,2026-02-01T13:25:42Z,PORTE-D,R55131610,UNITE,OK
TKT76563413426,2026-02-01T13:25:42Z,VIP-EST,R54907396,UNITE,OK
TKT62984798508,2026-02-01T13:25:44Z,PORTE-D,R52211958,ABONNEMENT,OK
TKT50841016368,2026-02-01T13:25:44Z,PORTE-A,R57707024,UNITE,OK
TKT97411953280,2026-02-01T13:25:45Z,PORTE-A,R55570997,ABONNEMENT,OK
TKT93702523235,2026-02-01T13:25:45Z,PORTE-C,R55086392,UNITE,OK
TKT36441845118,2026-02-01T13:25:46Z,PORTE-D,,UNITE,OK
TKT60760109297,2026-02-01T13:25:47Z,PORTE-D,R53876387,UNITE,OK
TKT62466394701,2026-02-01T13:25:47Z,PORTE-C,,UNITE,OK
TKT37948279006,2026-02-01T13:25:50Z,PORTE-C,R58482345,ABONNEMENT,OK
TKT75956397533,2026-02-01T13:25:50Z,PORTE-A,,UNITE,OK
TKT81358056693,2026-02-01T13:25:50Z,PORTE-A,,UNITE,OK
TKT98414059897,2026-02-01T13:25:51Z,PORTE-C,R58618833,INVITATION,OK
TKT22138525020,2026-02-01T13:25:51Z,VIP-EST,R57953872,UNITE,OK
TKT28606693647,2026-02-01T13:25:52Z,PORTE-D,R52284359,UNITE,OK
TKT39161660766,2026-02-01T13:25:54Z,PORTE-D,R53718990,UNITE,REFUSE_DEJA_SCANNE
TKT80206527059,2026-02-01T13:25:56Z,PORTE-D,R56630472,ABONNEMENT,OK
TKT13764251482,2026-02-01T13:25:57Z,PORTE-C,,UNITE,OK
TKT20401278394,2026-02-01T13:25:57Z,PORTE-C,R56095179,UNITE,OK
TKT38391217537,2026-02-01T13:25:57Z,PORTE-D,R53711768,UNITE,OK
TKT13135994154,2026-02-01T13:25:58Z,PORTE-D,,UNITE,OK
TKT74840791513,2026-02-01T13:25:58Z,PORTE-C,,UNITE,OK
TKT14003373927,2026-02-01T13:25:59Z,PORTE-D,R59238174,ABONNEMENT,OK
TKT89033934886,2026-02-01T13:26:02Z,PORTE-C,R52960709,ABONNEMENT,OK
TKT54540444575,2026-02-01T13:26:02Z,VIP-EST,R58527563,VIP,OK
TKT17193051329,2026-02-01T13:26:03Z,PORTE-C,R59279302,UNITE,OK
TKT77516784282,2026-02-01T13:26:04Z,PORTE-C,R55701097,ABONNEMENT,OK
TKT33864382189,2026-02-01T13:26:04Z,PORTE-A,R51048216,UNITE,OK
TKT69315947982,2026-02-01T13:26:04Z,PORTE-C,,UNITE,OK
TKT49562132347,2026-02-01T13:26:05Z,PORTE-C,R59219573,UNITE,OK
TKT39365642947,2026-02-01T13:26:06Z,PORTE-C,R56070726,UNITE,OK
TKT38520003415,2026-02-01T13:26:08Z,PORTE-A,R53941509,ABONNEMENT,OK
TKT24064976100,2026-02-01T13:26:08Z,PORTE-A,R54265920,ABONNEMENT,OK
TKT18681089541,2026-02-01T13:26:08Z,PORTE-C,R59942444,UNITE,OK
TKT86645881283,2026-02-01T13:26:10Z,VIP-EST,R56657990,ABONNEMENT,OK
TKT51952760933,2026-02-01T13:26:11Z,PORTE-B,R57253481,UNITE,OK
TKT33953369059,2026-02-01T13:26:13Z,PORTE-C,R56285688,ABONNEMENT,OK
TKT74101553542,2026-02-01T13:26:13Z,PORTE-C,R52271553,UNITE,OK
TKT74554507530,2026-02-01T13:26:14Z,VIP-EST,R53356640,ABONNEMENT,OK
TKT28372884595,2026-02-01T13:26:16Z,PORTE-D,,UNITE,OK
TKT97072985122,2026-02-01T13:26:17Z,PORTE-C,,UNITE,OK
TKT42288603717,2026-02-01T13:26:19Z,VIP-EST,,GROUPE,OK
TKT58210332890,2026-02-01T13:26:21Z,VIP-EST,R51821755,ABONNEMENT,OK
TKT83761085663,2026-02-01T13:26:22Z,PORTE-A,R52183013,UNITE,OK
TKT48441114941,2026-02-01T13:26:23Z,VIP-EST,R53786152,UNITE,OK
TKT40227291752,2026-02-01T13:26:24Z,PORTE-D,R52234505,UNITE,OK
TKT57670962103,2026-02-01T13:26:26Z,PORTE-B,R59358111,ABONNEMENT,OK
TKT38883544239,2026-02-01T13:26:26Z,PORTE-C,R52388502,UNITE,OK
TKT74427712199,2026-02-01T13:26:27Z,PORTE-D,R54837380,UNITE,OK
TKT98003245997,2026-02-01T13:26:27Z,PORTE-C,,GROUPE,OK
TKT52395703781,2026-02-01T13:26:28Z,PORTE-A,R52785736,ABONNEMENT,OK
TKT14772146895,2026-02-01T13:26:28Z,PORTE-A,R57504121,VIP,OK
TKT47172789083,2026-02-01T13:26:28Z,PORTE-D,R59560947,UNITE,REFUSE_DEJA_SCANNE
TKT79221567572,2026-02-01T13:26:29Z,PORTE-C,R53278377,ABONNEMENT,OK
TKT24020507926,2026-02-01T13:26:29Z,PORTE-C,R54663556,UNITE,OK
TKT65401225174,2026-02-01T13:26:30Z,PORTE-C,R52105909,ABONNEMENT,OK
TKT97930223444,2026-02-01T13:26:31Z,PORTE-C,R55257275,UNITE,OK
TKT79801618926,2026-02-01T13:26:32Z,PORTE-C,R53479652,ABONNEMENT,OK
TKT82251585271,2026-02-01T13:26:32Z,PORTE-C,R57659900,ABONNEMENT,OK
TKT37590360188,2026-02-01T13:26:32Z,PORTE-D,R57195648,UNITE,OK
TKT95310586237,2026-02-01T13:26:33Z,PORTE-C,R56691494,UNITE,OK
TKT75577057465,2026-02-01T13:26:33Z,PORTE-D,,UNITE,REFUSE_DEJA_SCANNE
TKT27724117602,2026-02-01T13:26:34Z,PORTE-C,,UNITE,OK
TKT28966793649,2026-02-01T13:26:35Z,PMR-NORD,R52111091,UNITE,OK
TKT41077545963,2026-02-01T13:26:36Z,PORTE-C,R53806170,ABONNEMENT,OK
TKT78537128561,2026-02-01T13:26:37Z,VIP-EST,R58922134,UNITE,OK
TKT57407153440,2026-02-01T13:26:38Z,PORTE-B,R54654217,UNITE,OK
TKT30686412156,2026-02-01T13:26:39Z,PORTE-C,R56342295,UNITE,OK
TKT10305464067,2026-02-01T13:26:40Z,PORTE-C,R55805096,ABONNEMENT,OK
TKT17113287958,2026-02-01T13:26:40Z,PORTE-D,R51038197,UNITE,OK
TKT77275458007,2026-02-01T13:26:40Z,PORTE-C,,INVITATION,OK
TKT88647072926,2026-02-01T13:26:41Z,PORTE-A,R57112960,ABONNEMENT,OK
TKT96194375750,2026-02-01T13:26:41Z,PORTE-D,R58195250,UNITE,OK
TKT49082562479,2026-02-01T13:26:42Z,PORTE-D,R54169880,INVITATION,OK
TKT17599182092,2026-02-01T13:26:43Z,PORTE-C,R54991300,ABONNEMENT,OK
TKT30366010604,2026-02-01T13:26:44Z,PORTE-D,R59152478,INVITATION,OK
TKT29939880208,2026-02-01T13:26:45Z,PORTE-A,R56974432,GROUPE,OK
TKT13607730251,2026-02-01T13:26:46Z,PORTE-C,R59895367,GROUPE,OK
TKT98578618030,2026-02-01T13:26:48Z,VIP-EST,R57890321,ABONNEMENT,OK
TKT20808775367,2026-02-01T13:26:48Z,PORTE-D,R57992002,ABONNEMENT,OK
TKT50174883273,2026-02-01T13:26:48Z,PORTE-C,R53036999,UNITE,OK
TKT27361018331,2026-02-01T13:26:48Z,PORTE-A,R56806326,UNITE,OK
TKT20827921481,2026-02-01T13:26:49Z,PORTE-A,R54322517,ABONNEMENT,OK
TKT93005446119,2026-02-01T13:26:49Z,PORTE-A,R53573096,VIP,OK
TKT99888924775,2026-02-01T13:26:50Z,PORTE-C,R59016258,UNITE,OK
TKT31647673246,2026-02-01T13:26:51Z,PORTE-D,R55903655,ABONNEMENT,OK
TKT26951020171,2026-02-01T13:26:51Z,PORTE-A,R56004934,ABONNEMENT,REFUSE_DEJA_SCANNE
TKT73234936505,2026-02-01T13:26:51Z,PORTE-D,,UNITE,OK
TKT73106279714,2026-02-01T13:26:52Z,PORTE-B,,UNITE,OK
TKT74646997632,2026-02-01T13:26:52Z,PORTE-C,R56392762,UNITE,REFUSE_DEJA_SCANNE
TKT96839080563,2026-02-01T13:26:54Z,PORTE-A,R51889185,ABONNEMENT,OK
TKT55336568491,2026-02-01T13:26:54Z,PORTE-A,R58574563,ABONNEMENT,OK
TKT15178266369,2026-02-01T13:26:55Z,PORTE-C,,INVITATION,OK
TKT36425642062,2026-02-01T13:26:55Z,PORTE-C,R58707785,UNITE,OK
TKT89296023510,2026-02-01T13:26:56Z,VIP-EST,R56354545,ABONNEMENT,OK
TKT60221549509,2026-02-01T13:26:56Z,PORTE-D,R55292906,UNITE,OK
TKT45280061196,2026-02-01T13:26:58Z,PORTE-C,R53890429,ABONNEMENT,OK
TKT37769587573,2026-02-01T13:26:58Z,VIP-EST,,VIP,OK
TKT23241650061,2026-02-01T13:26:59Z,VIP-EST,R59882159,ABONNEMENT,OK
TKT32841083692,2026-02-01T13:26:59Z,PORTE-B,R59404900,ABONNEMENT,OK
TKT43209408425,2026-02-01T13:26:59Z,PORTE-B,R53145011,ABONNEMENT,OK
TKT45485616319,2026-02-01T13:26:59Z,PORTE-C,R53408668,UNITE,OK
TKT50980870523,2026-02-01T13:27:00Z,PORTE-C,R51602914,ABONNEMENT,OK
TKT91670276334,2026-02-01T13:27:01Z,PORTE-C,R58088722,ABONNEMENT,OK
TKT49221912931,2026-02-01T13:27:03Z,PORTE-A,R59195264,VIP,OK
TKT56226277305,2026-02-01T13:27:04Z,PORTE-D,R51090791,ABONNEMENT,OK
TKT22134366399,2026-02-01T13:27:04Z,PORTE-C,R52470031,ABONNEMENT,OK
TKT59068894561,2026-02-01T13:27:04Z,PORTE-C,R55473061,UNITE,OK
TKT38012247216,2026-02-01T13:27:04Z,PORTE-D,R57598121,UNITE,OK
TKT46880525820,2026-02-01T13:27:05Z,PORTE-B,R53632758,ABONNEMENT,OK
TKT35403641891,2026-02-01T13:27:05Z,PORTE-C,R52584183,ABONNEMENT,OK
TKT24305303929,2026-02-01T13:27:08Z,PORTE-D,R57248912,UNITE,OK
TKT63185259436,2026-02-01T13:27:08Z,PORTE-A,R53578546,UNITE,OK
TKT35852899731,2026-02-01T13:27:09Z,PORTE-C,R55638293,ABONNEMENT,OK
TKT85852952297,2026-02-01T13:27:09Z,PORTE-A,R55482112,ABONNEMENT,OK
TKT76567011729,2026-02-01T13:27:09Z,PORTE-A,R58591449,ABONNEMENT,OK
TKT16362080075,2026-02-01T13:27:09Z,PORTE-D,R56456926,UNITE,OK
TKT34048554378,2026-02-01T13:27:09Z,PORTE-D,,UNITE,OK
TKT26560808844,2026-02-01T13:27:09Z,PORTE-B,,UNITE,OK
TKT45897549978,2026-02-01T13:27:10Z,PORTE-D,R58986231,ABONNEMENT,OK
TKT97958177629,2026-02-01T13:27:10Z,PORTE-C,R53454241,ABONNEMENT,OK
TKT73025161766,2026-02-01T13:27:12Z,PORTE-C,R52111369,ABONNEMENT,OK
TKT13277788294,2026-02-01T13:27:13Z,PORTE-B,R52381625,ABONNEMENT,OK
TKT35421768820,2026-02-01T13:27:13Z,PORTE-C,R51085609,UNITE,OK
TKT88068024008,2026-02-01T13:27:13Z,PORTE-D,,UNITE,OK
TKT62270648347,2026-02-01T13:27:14Z,PORTE-B,R59444477,ABONNEMENT,OK
TKT40804520856,2026-02-01T13:27:15Z,PORTE-C,R59154806,ABONNEMENT,OK
TKT58117839992,2026-02-01T13:27:17Z,PORTE-D,R55548460,ABONNEMENT,OK
TKT22689798306,2026-02-01T13:27:18Z,PORTE-C,R58767591,UNITE,OK
TKT26080151935,2026-02-01T13:27:18Z,PORTE-C,R59512252,UNITE,OK
TKT34848321692,2026-02-01T13:27:19Z,PORTE-C,R56081214,ABONNEMENT,OK
TKT58124237109,2026-02-01T13:27:19Z,PORTE-B,R56538512,ABONNEMENT,OK
TKT54203962147,2026-02-01T13:27:20Z,PORTE-D,R51744182,ABONNEMENT,OK
TKT97500166741,2026-02-01T13:27:20Z,PORTE-D,R54125878,UNITE,OK
TKT75820732951,2026-02-01T13:27:21Z,PORTE-B,R54463038,ABONNEMENT,OK
TKT80809661708,2026-02-01T13:27:21Z,PORTE-A,R53692966,ABONNEMENT,OK
TKT99302180384,2026-02-01T13:27:21Z,PORTE-A,R51893945,ABONNEMENT,OK
TKT33267276464,2026-02-01T13:27:25Z,PORTE-C,R59381683,ABONNEMENT,OK
TKT47782368909,2026-02-01T13:27:28Z,PORTE-D,R57289782,UNITE,OK
TKT61956118846,2026-02-01T13:27:28Z,PORTE-B,R56032730,UNITE,OK
TKT58189518331,2026-02-01T13:27:30Z,PORTE-A,R57593495,UNITE,OK
TKT21696457627,2026-02-01T13:27:30Z,VIP-EST,,GROUPE,OK
TKT75810130940,2026-02-01T13:27:32Z,PORTE-C,R59976695,ABONNEMENT,OK
TKT93896711228,2026-02-01T13:27:32Z,PORTE-B,,UNITE,OK
TKT81722256464,2026-02-01T13:27:34Z,PORTE-D,R51852137,ABONNEMENT,OK
TKT58270588772,2026-02-01T13:27:35Z,PORTE-D,R59889103,ABONNEMENT,OK
TKT71588845745,2026-02-01T13:27:35Z,PORTE-C,R58275074,UNITE,OK
TKT35088340921,2026-02-01T13:27:36Z,PORTE-B,R57278403,UNITE,REFUSE_DEJA_SCANNE
TKT42433759129,2026-02-01T13:27:36Z,PORTE-D,R56189179,UNITE,OK
TKT62651738015,2026-02-01T13:27:37Z,PORTE-B,R51121096,ABONNEMENT,OK
TKT35899337048,2026-02-01T13:27:40Z,PORTE-A,R57299992,ABONNEMENT,OK
TKT11935140456,2026-02-01T13:27:41Z,PORTE-C,R51011024,ABONNEMENT,OK
TKT89440987465,2026-02-01T13:27:41Z,PORTE-A,R56607848,ABONNEMENT,OK
TKT17212977583,2026-02-01T13:27:41Z,PORTE-D,,UNITE,OK
TKT80507347446,2026-02-01T13:27:42Z,PORTE-D,R57156761,ABONNEMENT,OK
TKT60217350746,2026-02-01T13:27:42Z,PORTE-C,R58115282,UNITE,OK
TKT60216347844,2026-02-01T13:27:43Z,PORTE-C,R58115091,UNITE,OK
TKT12184156070,2026-02-01T13:27:45Z,VIP-EST,R58809687,ABONNEMENT,OK
TKT54542846673,2026-02-01T13:27:45Z,VIP-EST,R53304803,ABONNEMENT,OK
TKT24711577986,2026-02-01T13:27:45Z,VIP-EST,,VIP,OK
TKT48962039636,2026-02-01T13:27:46Z,PORTE-D,R59379221,ABONNEMENT,OK
TKT54383650230,2026-02-01T13:27:46Z,PORTE-C,,UNITE,OK
TKT21886274022,2026-02-01T13:27:48Z,PMR-NORD,R56147150,ABONNEMENT,OK
TKT85067085390,2026-02-01T13:27:48Z,PORTE-C,R58059432,ABONNEMENT,OK
TKT12176810342,2026-02-01T13:27:48Z,PORTE-D,R53686357,ABONNEMENT,OK
TKT56208012681,2026-02-01T13:27:49Z,VIP-EST,R58511836,ABONNEMENT,OK
TKT27490102299,2026-02-01T13:27:50Z,PORTE-B,R51093032,ABONNEMENT,OK
TKT22400052836,2026-02-01T13:27:50Z,VIP-EST,,UNITE,OK
TKT58196823390,2026-02-01T13:27:50Z,PORTE-C,R58939020,INVITATION,OK
TKT56016800739,2026-02-01T13:27:51Z,PORTE-C,R52870397,ABONNEMENT,OK
TKT25481492376,2026-02-01T13:27:51Z,PORTE-C,R56263821,UNITE,OK
TKT34303833678,2026-02-01T13:27:52Z,PORTE-A,R55160699,ABONNEMENT,OK
TKT35734250626,2026-02-01T13:27:52Z,PORTE-C,R56403106,ABONNEMENT,OK
TKT41453849242,2026-02-01T13:27:52Z,PORTE-C,R52657207,UNITE,OK
TKT16501999329,2026-02-01T13:27:52Z,PORTE-C,,GROUPE,OK
TKT66634582377,2026-02-01T13:27:55Z,PORTE-C,R55017458,UNITE,OK
TKT84233719590,2026-02-01T13:27:57Z,PORTE-B,R59389652,ABONNEMENT,OK
TKT32242938401,2026-02-01T13:27:57Z,PORTE-C,R57082387,ABONNEMENT,OK
TKT12166989026,2026-02-01T13:27:58Z,PORTE-C,R59326570,ABONNEMENT,OK
TKT90063914463,2026-02-01T13:27:58Z,PORTE-D,R56617733,UNITE,OK
TKT60186396289,2026-02-01T13:27:58Z,PORTE-A,R51778088,UNITE,OK
TKT78642760609,2026-02-01T13:27:59Z,PORTE-C,R58598882,ABONNEMENT,OK
TKT70963116824,2026-02-01T13:28:01Z,PORTE-D,R55105385,ABONNEMENT,OK
TKT90308317235,2026-02-01T13:28:01Z,PORTE-B,R59580908,UNITE,OK
TKT48082295083,2026-02-01T13:28:03Z,PORTE-A,R54147745,ABONNEMENT,OK
TKT93932284598,2026-02-01T13:28:03Z,PORTE-D,R58529057,ABONNEMENT,OK
TKT89045879447,2026-02-01T13:28:04Z,PORTE-D,R54196316,UNITE,OK
TKT49955665008,2026-02-01T13:28:05Z,PORTE-C,R53771028,UNITE,OK
TKT74116149509,2026-02-01T13:28:07Z,PORTE-B,R52308209,ABONNEMENT,OK
TKT10598137305,2026-02-01T13:28:08Z,PORTE-B,R53302897,ABONNEMENT,OK
TKT82160927456,2026-02-01T13:28:09Z,PORTE-C,R55424634,ABONNEMENT,OK
TKT97313569976,2026-02-01T13:28:09Z,PORTE-D,R57398082,ABONNEMENT,OK
TKT85058526644,2026-02-01T13:28:09Z,PORTE-C,R53586036,ABONNEMENT,OK
TKT21742831198,2026-02-01T13:28:09Z,PORTE-D,R53413649,UNITE,OK
TKT43804726666,2026-02-01T13:28:10Z,VIP-EST,R53014998,ABONNEMENT,OK
TKT83717688617,2026-02-01T13:28:10Z,PORTE-A,R52238997,ABONNEMENT,OK
TKT57142084330,2026-02-01T13:28:10Z,PORTE-D,R52126818,UNITE,OK
TKT17075934627,2026-02-01T13:28:12Z,PORTE-D,R55101506,UNITE,OK
TKT50185460017,2026-02-01T13:28:13Z,PORTE-D,R57963134,UNITE,OK
TKT56057015821,2026-02-01T13:28:14Z,PORTE-A,R57962310,ABONNEMENT,OK
TKT21700257304,2026-02-01T13:28:17Z,VIP-EST,R59277875,ABONNEMENT,OK
TKT55446352461,2026-02-01T13:28:17Z,PORTE-D,R54766272,UNITE,OK
TKT59342014296,2026-02-01T13:28:18Z,PORTE-C,R54418423,ABONNEMENT,OK
TKT44839448084,2026-02-01T13:28:18Z,PORTE-D,R52548840,ABONNEMENT,OK
TKT24900151823,2026-02-01T13:28:18Z,PORTE-C,R51427462,UNITE,OK
TKT32538269112,2026-02-01T13:28:19Z,PORTE-D,R59245932,UNITE,OK
TKT26774913612,2026-02-01T13:28:20Z,PORTE-D,R51475812,ABONNEMENT,OK
TKT85640411346,2026-02-01T13:28:20Z,PORTE-A,R56949232,GROUPE,OK
TKT88658027360,2026-02-01T13:28:21Z,PORTE-A,R54583598,ABONNEMENT,OK
TKT85291816925,2026-02-01T13:28:23Z,PMR-NORD,R58847080,ABONNEMENT,OK
TKT60611200465,2026-02-01T13:28:25Z,PORTE-C,R52225444,ABONNEMENT,OK
TKT16922231932,2026-02-01T13:28:26Z,PORTE-D,R55460255,ABONNEMENT,OK
TKT28062636042,2026-02-01T13:28:27Z,PORTE-D,R53829876,ABONNEMENT,OK
TKT13851490667,2026-02-01T13:28:28Z,PORTE-D,R58251857,ABONNEMENT,OK
TKT97460993516,2026-02-01T13:28:29Z,PORTE-C,R52300374,ABONNEMENT,OK
TKT22984375548,2026-02-01T13:28:29Z,PORTE-C,R52016689,ABONNEMENT,OK
TKT23591511814,2026-02-01T13:28:29Z,PORTE-D,R53355002,UNITE,OK
TKT19018840168,2026-02-01T13:28:29Z,PORTE-A,R53547072,UNITE,OK
TKT56609031546,2026-02-01T13:28:29Z,PORTE-C,R56771519,UNITE,OK
TKT95788419967,2026-02-01T13:28:30Z,PORTE-A,R53064095,UNITE,OK
TKT32478704672,2026-02-01T13:28:32Z,PORTE-D,R58792044,UNITE,OK
TKT75859280364,2026-02-01T13:28:33Z,PORTE-C,R57677476,ABONNEMENT,OK
TKT45760944164,2026-02-01T13:28:33Z,PORTE-D,R59464974,ABONNEMENT,OK
TKT13665349640,2026-02-01T13:28:33Z,PORTE-D,R54852360,UNITE,OK
TKT69569158525,2026-02-01T13:28:34Z,PORTE-D,R59673327,ABONNEMENT,OK
TKT71365211685,2026-02-01T13:28:34Z,PORTE-C,R55884441,ABONNEMENT,OK
TKT67120830704,2026-02-01T13:28:35Z,PORTE-D,R56403786,UNITE,OK
TKT70207791803,2026-02-01T13:28:35Z,PORTE-D,R53966508,UNITE,OK
TKT38498187626,2026-02-01T13:28:35Z,VIP-EST,,GROUPE,OK
TKT32981335615,2026-02-01T13:28:36Z,VIP-EST,,UNITE,OK
TKT90078123125,2026-02-01T13:28:37Z,PORTE-C,R55438656,UNITE,OK
TKT59846788717,2026-02-01T13:28:39Z,PORTE-C,,UNITE,OK
TKT68144371182,2026-02-01T13:28:40Z,PORTE-B,R58037163,ABONNEMENT,OK
TKT35953265555,2026-02-01T13:28:40Z,PORTE-D,R57028299,ABONNEMENT,OK
TKT81680286192,2026-02-01T13:28:40Z,PORTE-C,R57433358,UNITE,OK
TKT54404168856,2026-02-01T13:28:41Z,PORTE-D,R59817794,ABONNEMENT,OK
TKT89299145397,2026-02-01T13:28:41Z,PORTE-C,R58939154,UNITE,OK
TKT72351023844,2026-02-01T13:28:43Z,PORTE-C,R55072695,UNITE,OK
TKT27992594657,2026-02-01T13:28:44Z,VIP-EST,R59375543,ABONNEMENT,OK
TKT28034100584,2026-02-01T13:28:45Z,PORTE-A,R51317045,ABONNEMENT,OK
TKT56584296811,2026-02-01T13:28:45Z,PORTE-A,R53081872,ABONNEMENT,OK
TKT43427473741,2026-02-01T13:28:45Z,PORTE-C,R58766432,UNITE,OK
TKT87060119707,2026-02-01T13:28:46Z,PORTE-B,R54635214,ABONNEMENT,REFUSE_DEJA_SCANNE
TKT20051640713,2026-02-01T13:28:46Z,PORTE-C,,UNITE,OK
TKT93368537760,2026-02-01T13:28:46Z,PORTE-C,R54934636,INVITATION,OK
TKT82681357624,2026-02-01T13:28:47Z,PORTE-B,R52395111,UNITE,OK
TKT65048650078,2026-02-01T13:28:47Z,PORTE-B,R55741689,INVITATION,OK
TKT11354949905,2026-02-01T13:28:49Z,PORTE-D,R57894411,ABONNEMENT,OK
TKT70351328211,2026-02-01T13:28:49Z,PORTE-D,R51315829,ABONNEMENT,OK
TKT50371943183,2026-02-01T13:28:49Z,VIP-EST,R57957952,UNITE,OK
TKT53415014545,2026-02-01T13:28:53Z,VIP-EST,,UNITE,OK
TKT21767976823,2026-02-01T13:28:55Z,PORTE-C,R57041929,UNITE,OK
TKT71234950387,2026-02-01T13:28:56Z,PORTE-D,,UNITE,OK
TKT53877433010,2026-02-01T13:28:58Z,PORTE-C,R53062668,UNITE,OK
TKT10584153636,2026-02-01T13:28:58Z,PORTE-D,R57409518,UNITE,OK
TKT98120790848,2026-02-01T13:28:59Z,PORTE-C,R57041105,UNITE,OK
TKT39730018620,2026-02-01T13:29:00Z,PORTE-C,R53736767,ABONNEMENT,OK
TKT38170196314,2026-02-01T13:29:02Z,PORTE-C,R56275545,ABONNEMENT,OK
TKT64037404060,2026-02-01T13:29:02Z,PORTE-A,R51735322,ABONNEMENT,OK
TKT51413861174,2026-02-01T13:29:02Z,PORTE-C,R54112469,UNITE,OK
TKT31728838196,2026-02-01T13:29:03Z,PORTE-C,R58814380,UNITE,OK
TKT30447218211,2026-02-01T13:29:04Z,PORTE-C,R51117150,ABONNEMENT,OK
TKT14780019934,2026-02-01T13:29:04Z,PORTE-A,R57388274,ABONNEMENT,OK
TKT52810273195,2026-02-01T13:29:05Z,PORTE-B,R51557274,ABONNEMENT,OK
TKT46289778629,2026-02-01T13:29:05Z,PORTE-D,R56403719,UNITE,OK
TKT98004190163,2026-02-01T13:29:05Z,PORTE-C,,UNITE,OK
TKT48544941239,2026-02-01T13:29:06Z,PORTE-B,R52289675,ABONNEMENT,OK
TKT67157051176,2026-02-01T13:29:07Z,PORTE-A,,UNITE,OK
TKT38167834087,2026-02-01T13:29:07Z,PORTE-D,R51908121,UNITE,OK
TKT93660655346,2026-02-01T13:29:08Z,PMR-NORD,R56094154,UNITE,OK
TKT81535693090,2026-02-01T13:29:09Z,PORTE-D,R56239311,UNITE,OK
TKT11336284412,2026-02-01T13:29:09Z,PORTE-D,,GROUPE,OK
TKT99251418748,2026-02-01T13:29:10Z,PORTE-D,R58098195,ABONNEMENT,OK
TKT87929725363,2026-02-01T13:29:10Z,PORTE-C,R53354255,ABONNEMENT,OK
TKT64099605363,2026-02-01T13:29:12Z,PORTE-D,R51661762,ABONNEMENT,OK
TKT34851590530,2026-02-01T13:29:12Z,PORTE-C,R51202079,UNITE,OK
TKT79828332915,2026-02-01T13:29:13Z,PORTE-A,R53915485,VIP,OK
TKT47643812612,2026-02-01T13:29:14Z,PORTE-D,R52206920,UNITE,OK
TKT50030924674,2026-02-01T13:29:15Z,PORTE-D,R52309358,ABONNEMENT,OK
TKT11278069229,2026-02-01T13:29:15Z,VIP-EST,,UNITE,OK
TKT45010930915,2026-02-01T13:29:15Z,VIP-EST,R55156542,UNITE,OK
TKT60093111525,2026-02-01T13:29:19Z,PORTE-C,R59674285,UNITE,OK
TKT14947348658,2026-02-01T13:29:20Z,VIP-EST,R55042802,ABONNEMENT,OK
TKT27778472830,2026-02-01T13:29:20Z,PORTE-C,R56018621,UNITE,OK
TKT98862608249,2026-02-01T13:29:22Z,PORTE-D,R53198965,ABONNEMENT,OK
TKT28421178467,2026-02-01T13:29:22Z,PORTE-C,R56222750,UNITE,OK
TKT36532764301,2026-02-01T13:29:24Z,PORTE-D,R51550129,UNITE,OK
TKT36692094458,2026-02-01T13:29:24Z,PORTE-C,,UNITE,OK
TKT46517871901,2026-02-01T13:29:24Z,PORTE-C,,GROUPE,OK
TKT55089738050,2026-02-01T13:29:25Z,PORTE-B,R52086772,UNITE,OK
TKT97603631235,2026-02-01T13:29:26Z,PORTE-D,R58879626,INVITATION,OK
TKT43080729854,2026-02-01T13:29:27Z,PORTE-C,R56357687,ABONNEMENT,OK
TKT50857998144,2026-02-01T13:29:27Z,VIP-EST,R54175742,ABONNEMENT,OK
TKT65665791824,2026-02-01T13:29:27Z,PORTE-D,R56824515,ABONNEMENT,OK
TKT54145641887,2026-02-01T13:29:28Z,PORTE-C,R51084651,UNITE,OK
TKT54154947124,2026-02-01T13:29:29Z,PORTE-D,R59360429,ABONNEMENT,OK
TKT25243136306,2026-02-01T13:29:29Z,PORTE-B,R56791145,UNITE,OK
TKT71744950826,2026-02-01T13:29:30Z,PORTE-C,R51876168,ABONNEMENT,OK
TKT50344079168,2026-02-01T13:29:30Z,PORTE-A,R55211779,UNITE,OK
TKT22274957826,2026-02-01T13:29:31Z,PORTE-A,R56858431,ABONNEMENT,OK
TKT88554376381,2026-02-01T13:29:31Z,PORTE-D,R52119539,UNITE,OK
TKT18685626663,2026-02-01T13:29:31Z,PORTE-D,R52402055,UNITE,OK
TKT76113452783,2026-02-01T13:29:32Z,VIP-EST,R51994966,ABONNEMENT,OK
TKT28593247625,2026-02-01T13:29:32Z,PORTE-B,,UNITE,OK
TKT11725926578,2026-02-01T13:29:32Z,PORTE-D,R57371244,UNITE,OK
TKT44597691296,2026-02-01T13:29:33Z,PORTE-D,R59771618,ABONNEMENT,OK
TKT80616657139,2026-02-01T13:29:33Z,PORTE-A,R59172439,ABONNEMENT,REFUSE_DEJA_SCANNE
TKT14925225967,2026-02-01T13:29:36Z,PORTE-C,R53799561,ABONNEMENT,OK
TKT46914425370,2026-02-01T13:29:36Z,PORTE-A,R54358071,ABONNEMENT,OK
TKT64602336006,2026-02-01T13:29:36Z,PORTE-C,R58484854,ABONNEMENT,OK
TKT66864229404,2026-02-01T13:29:36Z,PORTE-C,R53028819,UNITE,OK
TKT47365750975,2026-02-01T13:29:36Z,VIP-EST,R51026483,VIP,OK
TKT58163024101,2026-02-01T13:29:37Z,PORTE-C,R54863394,ABONNEMENT,OK
TKT76212963188,2026-02-01T13:29:37Z,PORTE-B,R56317286,ABONNEMENT,OK
TKT88571309247,2026-02-01T13:29:38Z,PORTE-C,,UNITE,OK
TKT32760808812,2026-02-01T13:29:38Z,PORTE-D,R59033020,UNITE,OK
TKT31811570011,2026-02-01T13:29:39Z,PORTE-C,R52858405,UNITE,OK
TKT65934833040,2026-02-01T13:29:39Z,PORTE-D,R56495123,UNITE,OK
TKT44149778660,2026-02-01T13:29:40Z,PORTE-D,R57261584,ABONNEMENT,OK
TKT69451323642,2026-02-01T13:29:40Z,PORTE-C,,GROUPE,OK
TKT87027400970,2026-02-01T13:29:40Z,PORTE-C,R58223793,UNITE,OK
TKT31816961167,2026-02-01T13:29:42Z,PORTE-D,R58620873,ABONNEMENT,OK
TKT94113845841,2026-02-01T13:29:43Z,PORTE-A,R52766934,ABONNEMENT,OK
TKT34624025358,2026-02-01T13:29:43Z,PORTE-C,R53121650,ABONNEMENT,OK
TKT22647281844,2026-02-01T13:29:43Z,PORTE-D,,UNITE,OK
TKT67615904383,2026-02-01T13:29:45Z,VIP-EST,R53097609,UNITE,OK
TKT14080725221,2026-02-01T13:29:45Z,PORTE-C,,UNITE,OK
TKT23635080384,2026-02-01T13:29:47Z,VIP-EST,R58052766,ABONNEMENT,OK
TKT14675475730,2026-02-01T13:29:50Z,PORTE-C,R56824103,UNITE,OK
TKT76032664935,2026-02-01T13:29:50Z,PORTE-D,R55244335,UNITE,OK
TKT14210348061,2026-02-01T13:29:50Z,PORTE-D,R53277563,UNITE,OK
TKT97633302372,2026-02-01T13:29:51Z,VIP-EST,R58564477,ABONNEMENT,OK
TKT89743873969,2026-02-01T13:29:51Z,PORTE-C,R53874826,UNITE,OK
TKT82615627034,2026-02-01T13:29:54Z,PORTE-C,,UNITE,OK
TKT38492188724,2026-02-01T13:29:56Z,PORTE-B,R57179164,ABONNEMENT,OK
TKT36033573457,2026-02-01T13:29:58Z,PORTE-D,R52840226,ABONNEMENT,OK
TKT89836284052,2026-02-01T13:29:58Z,PORTE-C,R59757653,ABONNEMENT,OK
TKT52796459854,2026-02-01T13:29:59Z,PORTE-B,R59925414,ABONNEMENT,OK
TKT42684975320,2026-02-01T13:29:59Z,PORTE-C,R58479270,ABONNEMENT,OK
TKT62596636012,2026-02-01T13:29:59Z,PORTE-A,R57913414,UNITE,OK
TKT78921641061,2026-02-01T13:29:59Z,PORTE-B,R57610783,UNITE,OK
TKT74402356914,2026-02-01T13:30:00Z,PORTE-D,,UNITE,OK
TKT38305309090,2026-02-01T13:30:01Z,PORTE-C,R55101305,ABONNEMENT,OK
TKT69834267880,2026-02-01T13:30:01Z,PORTE-A,,GROUPE,OK
TKT77695161190,2026-02-01T13:30:02Z,PORTE-D,R52691669,UNITE,REFUSE_INVALIDE
TKT75255249129,2026-02-01T13:30:03Z,VIP-EST,R52362967,ABONNEMENT,OK
TKT99141891731,2026-02-01T13:30:04Z,PORTE-A,R55766822,ABONNEMENT,OK
TKT22364745610,2026-02-01T13:30:06Z,PORTE-A,R52734445,ABONNEMENT,OK
TKT89120623471,2026-02-01T13:30:06Z,PORTE-D,R59540852,ABONNEMENT,OK
TKT41242805341,2026-02-01T13:30:06Z,PORTE-B,R51879166,ABONNEMENT,OK
TKT76364480264,2026-02-01T13:30:06Z,PORTE-B,R54201354,UNITE,OK
TKT82280327764,2026-02-01T13:30:06Z,PORTE-A,R55494238,UNITE,OK
TKT82231077967,2026-02-01T13:30:07Z,PORTE-D,R56293925,UNITE,OK
TKT39594241205,2026-02-01T13:30:09Z,PORTE-C,,GROUPE,OK
TKT85593435328,2026-02-01T13:30:09Z,PORTE-A,,UNITE,OK
TKT76774848807,2026-02-01T13:30:09Z,PORTE-B,R54669820,UNITE,OK
TKT49308812118,2026-02-01T13:30:10Z,PORTE-A,R55421023,ABONNEMENT,OK
TKT63618615353,2026-02-01T13:30:10Z,PORTE-A,R58618019,ABONNEMENT,OK
TKT33951403582,2026-02-01T13:30:10Z,PORTE-C,,INVITATION,OK
TKT11224995165,2026-02-01T13:30:11Z,PORTE-A,R56503025,ABONNEMENT,OK
TKT64840386210,2026-02-01T13:30:12Z,PORTE-A,R58278886,ABONNEMENT,OK
TKT76142189597,2026-02-01T13:30:13Z,PORTE-D,R52958535,UNITE,OK
TKT63039200986,2026-02-01T13:30:14Z,PORTE-D,,UNITE,OK
TKT33818902077,2026-02-01T13:30:15Z,PORTE-D,R56319336,ABONNEMENT,OK
TKT86129238332,2026-02-01T13:30:17Z,PORTE-C,R57952636,ABONNEMENT,OK
TKT59076220041,2026-02-01T13:30:18Z,VIP-EST,R53396820,ABONNEMENT,OK
TKT10042761128,2026-02-01T13:30:18Z,PORTE-B,R52765631,ABONNEMENT,OK
TKT21117745517,2026-02-01T13:30:20Z,PORTE-C,R58918178,UNITE,OK
TKT97304740185,2026-02-01T13:30:21Z,PORTE-A,R57244075,ABONNEMENT,OK
TKT47316654933,2026-02-01T13:30:22Z,PORTE-C,R55550021,ABONNEMENT,OK
TKT76747932905,2026-02-01T13:30:22Z,VIP-EST,R57371656,UNITE,OK
TKT39907097176,2026-02-01T13:30:23Z,VIP-EST,R56463937,ABONNEMENT,OK
TKT45717639292,2026-02-01T13:30:23Z,PORTE-B,R51884961,ABONNEMENT,OK
TKT17870311075,2026-02-01T13:30:24Z,PORTE-D,R56939826,INVITATION,OK
TKT45782955950,2026-02-01T13:30:25Z,VIP-EST,R54097958,ABONNEMENT,OK
TKT11360529229,2026-02-01T13:30:25Z,PORTE-D,R58440048,UNITE,OK
TKT10470131747,2026-02-01T13:30:26Z,PORTE-C,R51295801,ABONNEMENT,OK
TKT49228793462,2026-02-01T13:30:27Z,PORTE-C,R59661345,ABONNEMENT,OK
TKT42091919599,2026-02-01T13:30:27Z,PORTE-C,R55880696,ABONNEMENT,OK
TKT22640134303,2026-02-01T13:30:28Z,PORTE-C,R59233059,ABONNEMENT,OK
TKT58763416227,2026-02-01T13:30:28Z,PORTE-D,R53611437,ABONNEMENT,OK
TKT80615863950,2026-02-01T13:30:29Z,PORTE-C,R53192557,UNITE,OK
TKT21548047140,2026-02-01T13:30:32Z,VIP-EST,R57398484,INVITATION,OK
TKT88500955639,2026-02-01T13:30:33Z,VIP-EST,R58507478,UNITE,OK
TKT28133613784,2026-02-01T13:30:34Z,PORTE-A,R56431448,ABONNEMENT,OK
TKT52273429184,2026-02-01T13:30:34Z,PORTE-A,R57509571,ABONNEMENT,OK
TKT11818557969,2026-02-01T13:30:36Z,PORTE-A,R54889619,ABONNEMENT,OK
TKT46189962358,2026-02-01T13:30:37Z,PORTE-A,R59469811,ABONNEMENT,OK
TKT69007698211,2026-02-01T13:30:37Z,PORTE-D,R51175931,UNITE,OK
TKT80784566820,2026-02-01T13:30:38Z,PORTE-D,R56407397,ABONNEMENT,OK
TKT93652415685,2026-02-01T13:30:39Z,PORTE-D,,UNITE,OK
TKT21708037195,2026-02-01T13:30:39Z,PORTE-A,,UNITE,OK
TKT72758256737,2026-02-01T13:30:40Z,PORTE-C,R59694313,UNITE,OK
TKT19799231317,2026-02-01T13:30:43Z,PORTE-C,R51791852,UNITE,OK
TKT41498235781,2026-02-01T13:30:43Z,PORTE-D,,UNITE,OK
TKT36784492653,2026-02-01T13:30:44Z,PORTE-D,R56513389,ABONNEMENT,OK
TKT91976653600,2026-02-01T13:30:44Z,PORTE-B,R56125963,UNITE,OK
TKT82888751589,2026-02-01T13:30:45Z,PORTE-A,,UNITE,OK
TKT32456185204,2026-02-01T13:30:46Z,PORTE-B,R59162363,UNITE,OK
TKT47455326550,2026-02-01T13:30:46Z,PORTE-A,R56169563,VIP,OK
TKT24508684340,2026-02-01T13:30:47Z,PORTE-D,R53431838,ABONNEMENT,OK
TKT58509441734,2026-02-01T13:30:47Z,PORTE-C,R54159191,UNITE,OK
TKT65203481577,2026-02-01T13:30:47Z,PORTE-C,R53507984,UNITE,OK
TKT94446381403,2026-02-01T13:30:48Z,PORTE-A,R56373692,ABONNEMENT,OK
TKT41404989536,2026-02-01T13:30:48Z,PORTE-A,R58392023,ABONNEMENT,OK
TKT42286593923,2026-02-01T13:30:48Z,PORTE-C,R59665837,ABONNEMENT,OK
TKT19002939027,2026-02-01T13:30:48Z,PORTE-D,R57338420,UNITE,OK
TKT71833967188,2026-02-01T13:30:48Z,PORTE-C,,UNITE,OK
TKT74722531937,2026-02-01T13:30:49Z,PORTE-D,,UNITE,OK
TKT85137083017,2026-02-01T13:30:50Z,PORTE-A,R51232049,ABONNEMENT,OK
TKT79928327035,2026-02-01T13:30:52Z,PORTE-C,R53134523,ABONNEMENT,OK
TKT60745418432,2026-02-01T13:30:53Z,PORTE-D,R52331570,UNITE,OK
TKT19436313130,2026-02-01T13:30:54Z,PORTE-D,R52694322,UNITE,OK
TKT50312645527,2026-02-01T13:30:55Z,PORTE-A,R51866705,UNITE,OK
TKT27805988889,2026-02-01T13:30:56Z,PORTE-C,,UNITE,OK
TKT12701209623,2026-02-01T13:30:57Z,PORTE-D,R52961801,ABONNEMENT,OK
TKT25123339905,2026-02-01T13:30:58Z,PORTE-D,R58677403,UNITE,OK
TKT83240513456,2026-02-01T13:30:58Z,VIP-EST,R59851164,UNITE,OK
TKT44767097962,2026-02-01T13:30:59Z,PORTE-D,R55156130,UNITE,OK
TKT11783431206,2026-02-01T13:31:00Z,PORTE-B,,UNITE,OK
TKT28868905195,2026-02-01T13:31:01Z,PORTE-D,,UNITE,OK
TKT14352616677,2026-02-01T13:31:02Z,PORTE-D,R56164314,UNITE,OK
TKT43832145667,2026-02-01T13:31:02Z,PORTE-C,R58832435,UNITE,OK
TKT14780019934,2026-02-01T13:31:04Z,PORTE-A,R57388274,ABONNEMENT,REFUSE_DEJA_SCANNE
TKT22018582644,2026-02-01T13:31:04Z,VIP-EST,R54409774,ABONNEMENT,OK
TKT98877813942,2026-02-01T13:31:05Z,PORTE-A,R57812403,ABONNEMENT,OK
TKT92960153766,2026-02-01T13:31:06Z,PORTE-D,R57013587,UNITE,OK
TKT65832086268,2026-02-01T13:31:07Z,PORTE-C,R57177536,ABONNEMENT,OK
TKT87032961275,2026-02-01T13:31:07Z,PORTE-C,R55179568,UNITE,OK
TKT86832482518,2026-02-01T13:31:07Z,PORTE-D,,GROUPE,OK
TKT19451695466,2026-02-01T13:31:07Z,PORTE-D,R56506023,UNITE,OK
TKT93158627022,2026-02-01T13:31:08Z,PORTE-C,R53655851,ABONNEMENT,OK
TKT17897717999,2026-02-01T13:31:09Z,VIP-EST,R52296217,ABONNEMENT,OK
TKT41339601435,2026-02-01T13:31:09Z,PORTE-C,R59526887,ABONNEMENT,OK
TKT41648547592,2026-02-01T13:31:09Z,PORTE-D,R57647027,INVITATION,OK
TKT76054170925,2026-02-01T13:31:09Z,PORTE-B,,UNITE,OK
TKT43172596011,2026-02-01T13:31:10Z,PORTE-D,,UNITE,OK
TKT12916573056,2026-02-01T13:31:12Z,PORTE-C,,UNITE,OK
TKT98909292789,2026-02-01T13:31:13Z,PORTE-A,R56391603,ABONNEMENT,OK
TKT81155628105,2026-02-01T13:31:14Z,VIP-EST,R51512669,ABONNEMENT,OK
TKT25118955240,2026-02-01T13:31:14Z,PORTE-C,R56202387,UNITE,OK
TKT97751168553,2026-02-01T13:31:14Z,PORTE-D,R52512328,UNITE,OK
TKT81258720737,2026-02-01T13:31:14Z,PORTE-C,R53162855,UNITE,OK
TKT17471303693,2026-02-01T13:31:15Z,PORTE-D,R55137874,ABONNEMENT,OK
TKT46459838848,2026-02-01T13:31:16Z,PORTE-C,R56308034,ABONNEMENT,OK
TKT82744379344,2026-02-01T13:31:16Z,VIP-EST,,UNITE,OK
TKT12178088440,2026-02-01T13:31:16Z,PORTE-C,R57204642,UNITE,OK
TKT50687450019,2026-02-01T13:31:17Z,PORTE-D,R52489781,UNITE,OK
TKT37017072511,2026-02-01T13:31:17Z,PORTE-B,R51506941,UNITE,OK
TKT18321181503,2026-02-01T13:31:17Z,PORTE-D,,UNITE,OK
TKT80404890538,2026-02-01T13:31:18Z,PORTE-D,R56716838,ABONNEMENT,OK
TKT25061491341,2026-02-01T13:31:18Z,PORTE-A,R52194794,ABONNEMENT,OK
TKT35816160601,2026-02-01T13:31:19Z,PORTE-D,R54256390,ABONNEMENT,OK
TKT11385795061,2026-02-01T13:31:24Z,PORTE-C,R55847259,ABONNEMENT,OK
TKT74670328280,2026-02-01T13:31:25Z,PORTE-A,R53143182,ABONNEMENT,OK
TKT89709959387,2026-02-01T13:31:25Z,PORTE-C,R55011874,UNITE,OK
TKT61901518789,2026-02-01T13:31:25Z,PORTE-D,,UNITE,OK
TKT73764466583,2026-02-01T13:31:26Z,PORTE-D,R54597697,ABONNEMENT,OK
TKT25484562004,2026-02-01T13:31:26Z,PORTE-A,R57529331,UNITE,OK
TKT72743383876,2026-02-01T13:31:27Z,PORTE-A,R57484103,UNITE,OK
TKT73138020167,2026-02-01T13:31:27Z,PORTE-C,,INVITATION,OK
TKT87677648374,2026-02-01T13:31:27Z,PORTE-D,R57896930,UNITE,OK
TKT91073887266,2026-02-01T13:31:28Z,PORTE-D,R53310521,UNITE,OK
TKT78533139051,2026-02-01T13:31:29Z,PORTE-C,R53363306,ABONNEMENT,OK
TKT78196844416,2026-02-01T13:31:30Z,PORTE-A,R54748485,UNITE,OK
TKT99608507188,2026-02-01T13:31:31Z,PORTE-D,R57179107,UNITE,OK
TKT75384326694,2026-02-01T13:31:32Z,PORTE-A,R58482000,ABONNEMENT,OK
TKT71023497367,2026-02-01T13:31:33Z,PORTE-D,R52356626,UNITE,OK
TKT80031447832,2026-02-01T13:31:35Z,PORTE-A,R53157271,ABONNEMENT,OK
TKT95791402564,2026-02-01T13:31:35Z,VIP-EST,,INVITATION,OK
TKT63430236272,2026-02-01T13:31:35Z,PORTE-D,R53969496,UNITE,OK
TKT92619717678,2026-02-01T13:31:36Z,PORTE-D,R55422795,ABONNEMENT,OK
TKT30553783534,2026-02-01T13:31:36Z,PORTE-D,R58443716,UNITE,OK
TKT14097618152,2026-02-01T13:31:36Z,PORTE-C,R54065402,UNITE,OK
TKT11686653190,2026-02-01T13:31:37Z,PORTE-D,,UNITE,OK
TKT41901796781,2026-02-01T13:31:38Z,PORTE-D,R59876642,UNITE,OK
TKT42873387422,2026-02-01T13:31:38Z,PORTE-C,,GROUPE,OK
TKT83467874414,2026-02-01T13:31:39Z,PORTE-C,R51897499,ABONNEMENT,OK
TKT74826874795,2026-02-01T13:31:39Z,PORTE-D,R56793999,ABONNEMENT,OK
TKT40809095077,2026-02-01T13:31:39Z,PORTE-C,R54722806,ABONNEMENT,OK
TKT99203669152,2026-02-01T13:31:39Z,PORTE-C,R54135964,INVITATION,OK
TKT61295299980,2026-02-01T13:31:41Z,PORTE-C,,GROUPE,OK
TKT79151095227,2026-02-01T13:31:41Z,PORTE-C,R56194619,UNITE,OK
TKT90339203324,2026-02-01T13:31:42Z,PORTE-B,R58683955,ABONNEMENT,OK
TKT88964223288,2026-02-01T13:31:42Z,VIP-EST,R56011399,ABONNEMENT,OK
TKT45686143233,2026-02-01T13:31:43Z,PORTE-C,,GROUPE,OK
TKT26054837737,2026-02-01T13:31:44Z,PORTE-A,R54979720,ABONNEMENT,OK
TKT60292298989,2026-02-01T13:31:45Z,VIP-EST,R51301251,ABONNEMENT,OK
TKT64061561472,2026-02-01T13:31:45Z,PORTE-C,R58286587,ABONNEMENT,OK
TKT47575746714,2026-02-01T13:31:45Z,PORTE-A,R52218634,ABONNEMENT,OK
TKT73943138121,2026-02-01T13:31:45Z,PORTE-D,R55007650,UNITE,OK
TKT95696794012,2026-02-01T13:31:45Z,PORTE-A,R54386614,UNITE,OK
TKT58531760534,2026-02-01T13:31:46Z,PORTE-D,R59963420,ABONNEMENT,OK
TKT82922287490,2026-02-01T13:31:46Z,PORTE-D,R51517774,UNITE,OK
TKT12053189222,2026-02-01T13:31:46Z,PMR-NORD,,UNITE,OK
TKT97998602423,2026-02-01T13:31:46Z,PORTE-D,,UNITE,OK
TKT72019733700,2026-02-01T13:31:46Z,VIP-EST,R54417599,UNITE,OK
TKT54160631542,2026-02-01T13:31:53Z,PORTE-D,R53410383,ABONNEMENT,OK
TKT52527045069,2026-02-01T13:31:54Z,PORTE-D,R53687583,UNITE,OK
TKT72462112948,2026-02-01T13:31:54Z,PORTE-D,R54003834,UNITE,OK
TKT40540190488,2026-02-01T13:31:54Z,PORTE-B,R59004008,UNITE,OK
TKT16589338387,2026-02-01T13:31:56Z,PORTE-C,R54623577,ABONNEMENT,OK
TKT89766484537,2026-02-01T13:31:56Z,PORTE-D,R58180883,ABONNEMENT,OK
TKT79895213342,2026-02-01T13:31:56Z,VIP-EST,R59558907,ABONNEMENT,OK
TKT72483571165,2026-02-01T13:31:57Z,PORTE-B,R53351123,ABONNEMENT,OK
TKT51509589799,2026-02-01T13:31:58Z,PORTE-D,R52483795,UNITE,OK
TKT30095002733,2026-02-01T13:31:59Z,PORTE-A,R59558093,ABONNEMENT,OK
TKT13067640964,2026-02-01T13:31:59Z,VIP-EST,R56490095,UNITE,OK
TKT84632862210,2026-02-01T13:32:00Z,PORTE-B,R54678814,ABONNEMENT,OK
TKT72598495049,2026-02-01T13:32:00Z,PORTE-D,,GROUPE,OK
TKT53726227798,2026-02-01T13:32:01Z,PORTE-D,,UNITE,OK
TKT32510764711,2026-02-01T13:32:02Z,PORTE-D,R52781167,INVITATION,OK
TKT41131543253,2026-02-01T13:32:04Z,VIP-EST,R59299474,ABONNEMENT,OK
TKT45030452652,2026-02-01T13:32:04Z,PORTE-D,R56720717,ABONNEMENT,OK
TKT27920923700,2026-02-01T13:32:04Z,PORTE-C,,UNITE,OK
TKT92258781919,2026-02-01T13:32:04Z,PORTE-C,,UNITE,OK
TKT83314132754,2026-02-01T13:32:05Z,PORTE-C,R58143624,UNITE,OK
TKT61737435384,2026-02-01T13:32:06Z,PORTE-C,,GROUPE,OK
TKT98917071393,2026-02-01T13:32:07Z,PORTE-D,,UNITE,OK
TKT55107770277,2026-02-01T13:32:08Z,PORTE-C,R59504072,UNITE,OK
TKT42310811968,2026-02-01T13:32:08Z,PORTE-D,,UNITE,OK
TKT29721495285,2026-02-01T13:32:09Z,PORTE-D,R55753882,ABONNEMENT,OK
TKT17423581476,2026-02-01T13:32:09Z,PORTE-A,R59795046,ABONNEMENT,OK
TKT70756183286,2026-02-01T13:32:10Z,VIP-EST,R54521139,ABONNEMENT,OK
TKT33116407661,2026-02-01T13:32:10Z,PORTE-C,R56701915,ABONNEMENT,OK
TKT64373664219,2026-02-01T13:32:10Z,PORTE-C,,GROUPE,OK
TKT83353833088,2026-02-01T13:32:12Z,PORTE-C,R59075796,ABONNEMENT,OK
TKT18758946530,2026-02-01T13:32:13Z,PORTE-C,R58995416,ABONNEMENT,OK
TKT73583919848,2026-02-01T13:32:13Z,PORTE-B,R59075729,UNITE,OK
TKT86534167346,2026-02-01T13:32:13Z,PORTE-D,R59540383,UNITE,OK
TKT23524251559,2026-02-01T13:32:15Z,PORTE-C,R59617621,ABONNEMENT,OK
TKT27188242275,2026-02-01T13:32:15Z,VIP-EST,R51904845,ABONNEMENT,OK
TKT54903776900,2026-02-01T13:32:17Z,PORTE-A,R58577417,UNITE,OK
TKT83397136079,2026-02-01T13:32:17Z,PORTE-B,R52285049,UNITE,OK
TKT99945209189,2026-02-01T13:32:18Z,PORTE-C,R54178472,ABONNEMENT,OK
TKT11950753686,2026-02-01T13:32:18Z,PORTE-D,,UNITE,OK
TKT52108320722,2026-02-01T13:32:19Z,PORTE-D,R56693735,ABONNEMENT,OK
TKT98499176656,2026-02-01T13:32:20Z,PORTE-D,R55082101,UNITE,OK
TKT36057912437,2026-02-01T13:32:20Z,PORTE-A,R56500717,UNITE,OK
TKT48607071847,2026-02-01T13:32:20Z,PORTE-C,R59097452,UNITE,OK
TKT56892302775,2026-02-01T13:32:25Z,PORTE-D,R59795860,ABONNEMENT,OK
TKT11912942649,2026-02-01T13:32:25Z,PORTE-A,R56892826,UNITE,OK
TKT46097328778,2026-02-01T13:32:25Z,PORTE-D,,UNITE,OK
TKT61764069438,2026-02-01T13:32:26Z,VIP-EST,R54592314,ABONNEMENT,OK
TKT78816252283,2026-02-01T13:32:26Z,PORTE-D,R58027489,UNITE,OK
TKT46093437745,2026-02-01T13:32:29Z,PORTE-A,R57658875,ABONNEMENT,OK
TKT29956993254,2026-02-01T13:32:30Z,PORTE-C,R52561167,ABONNEMENT,OK
TKT23963615753,2026-02-01T13:32:32Z,PORTE-C,R55057447,UNITE,OK
TKT50608584387,2026-02-01T13:32:33Z,PORTE-D,,UNITE,OK
TKT17281602703,2026-02-01T13:32:34Z,VIP-EST,R56217511,ABONNEMENT,OK
TKT46911870497,2026-02-01T13:32:37Z,PORTE-D,R58655881,UNITE,OK
TKT60299105724,2026-02-01T13:32:39Z,PORTE-B,R54785476,ABONNEMENT,OK
TKT85408393174,2026-02-01T13:32:39Z,PORTE-C,R53447153,UNITE,OK
TKT69112432216,2026-02-01T13:32:40Z,PORTE-C,R57665350,ABONNEMENT,OK
TKT39419630409,2026-02-01T13:32:40Z,PORTE-D,R54052931,ABONNEMENT,OK
TKT79529457503,2026-02-01T13:32:40Z,PORTE-B,R56917557,UNITE,OK
TKT28401814394,2026-02-01T13:32:40Z,PORTE-C,,GROUPE,OK
TKT18682702084,2026-02-01T13:32:41Z,PORTE-C,R55686452,ABONNEMENT,OK
TKT60169995377,2026-02-01T13:32:42Z,VIP-EST,R56304969,ABONNEMENT,OK
TKT11564385771,2026-02-01T13:32:44Z,PORTE-C,R57037705,ABONNEMENT,OK
TKT86855929860,2026-02-01T13:32:44Z,PORTE-B,R52377200,ABONNEMENT,OK
TKT88303723894,2026-02-01T13:32:44Z,PORTE-C,R59993926,UNITE,OK
TKT39799016328,2026-02-01T13:32:47Z,PORTE-C,R59117959,UNITE,REFUSE_DEJA_SCANNE
TKT38752245347,2026-02-01T13:32:48Z,PORTE-B,R57648598,UNITE,OK
TKT26678413912,2026-02-01T13:32:49Z,VIP-EST,R54655242,ABONNEMENT,OK
TKT49235944916,2026-02-01T13:32:50Z,PORTE-C,R56309806,ABONNEMENT,OK
TKT92280177140,2026-02-01T13:32:51Z,PORTE-C,R59082328,ABONNEMENT,OK
TKT35050908744,2026-02-01T13:32:51Z,VIP-EST,R54440826,ABONNEMENT,OK
TKT13156987836,2026-02-01T13:32:52Z,VIP-EST,R59026143,ABONNEMENT,OK
TKT27489789250,2026-02-01T13:32:52Z,PORTE-D,R51020966,ABONNEMENT,OK
TKT57409634104,2026-02-01T13:32:55Z,VIP-EST,,GROUPE,OK
TKT57904280326,2026-02-01T13:32:56Z,PORTE-B,R58750839,ABONNEMENT,OK
TKT41438497701,2026-02-01T13:32:56Z,PORTE-C,R52559596,ABONNEMENT,OK
TKT35752632845,2026-02-01T13:32:56Z,VIP-EST,R51148547,UNITE,OK
TKT29772468779,2026-02-01T13:32:57Z,VIP-EST,R58548951,ABONNEMENT,OK
TKT96789400703,2026-02-01T13:32:58Z,PORTE-A,R51218352,ABONNEMENT,OK
TKT69473428941,2026-02-01T13:32:58Z,PORTE-C,R52872226,UNITE,OK
TKT67941445364,2026-02-01T13:32:58Z,PORTE-B,R56141968,UNITE,OK
TKT10654416344,2026-02-01T13:33:00Z,VIP-EST,R57719629,ABONNEMENT,OK
TKT98611540464,2026-02-01T13:33:01Z,PORTE-C,R51040046,ABONNEMENT,OK
TKT65280657315,2026-02-01T13:33:02Z,PORTE-C,R55768862,ABONNEMENT,OK
TKT81001882255,2026-02-01T13:33:03Z,PORTE-A,R52497013,UNITE,OK
TKT38371134195,2026-02-01T13:33:04Z,PORTE-B,R56517402,ABONNEMENT,OK
TKT77705623671,2026-02-01T13:33:04Z,PORTE-B,R53756929,UNITE,OK
TKT86837735534,2026-02-01T13:33:05Z,PORTE-C,R54725871,ABONNEMENT,OK
TKT30251422402,2026-02-01T13:33:05Z,PORTE-A,R51634244,UNITE,OK
TKT64836201946,2026-02-01T13:33:05Z,PORTE-B,R56998808,UNITE,OK
TKT67365322183,2026-02-01T13:33:06Z,PORTE-D,,UNITE,OK
TKT51808027951,2026-02-01T13:33:06Z,PORTE-C,R58405442,UNITE,OK
TKT65849873924,2026-02-01T13:33:07Z,VIP-EST,R59473020,ABONNEMENT,OK
TKT46143145172,2026-02-01T13:33:07Z,PORTE-C,R57751850,UNITE,OK
TKT83190150034,2026-02-01T13:33:10Z,PORTE-D,R53158986,UNITE,OK
TKT42159194379,2026-02-01T13:33:11Z,VIP-EST,R54535027,UNITE,OK
TKT99422679872,2026-02-01T13:33:12Z,PORTE-D,R53072754,UNITE,OK
TKT14070436834,2026-02-01T13:33:13Z,PORTE-C,R58789726,UNITE,OK
TKT22083464148,2026-02-01T13:33:14Z,PORTE-D,,UNITE,OK
TKT83530879063,2026-02-01T13:33:15Z,PORTE-D,R56452012,ABONNEMENT,OK
TKT45385316186,2026-02-01T13:33:15Z,PORTE-C,R57963057,ABONNEMENT,OK
TKT40721410024,2026-02-01T13:33:15Z,PORTE-C,R57350536,UNITE,OK
TKT65282716201,2026-02-01T13:33:16Z,PORTE-C,R58499499,UNITE,OK
TKT79903035739,2026-02-01T13:33:17Z,PORTE-D,R52423788,UNITE,OK
TKT81047329737,2026-02-01T13:33:19Z,PMR-NORD,R58899108,ABONNEMENT,OK
TKT36093362327,2026-02-01T13:33:19Z,PORTE-D,R53137387,UNITE,OK
TKT41529163783,2026-02-01T13:33:19Z,PORTE-C,R52796693,UNITE,OK
TKT63891145598,2026-02-01T13:33:21Z,PORTE-C,R58215010,ABONNEMENT,OK
TKT15582913082,2026-02-01T13:33:21Z,PORTE-A,R58384878,ABONNEMENT,OK
TKT17752120009,2026-02-01T13:33:21Z,PORTE-C,R52744109,UNITE,OK
TKT35149759123,2026-02-01T13:33:21Z,PORTE-C,R54944511,UNITE,OK
TKT37792061327,2026-02-01T13:33:21Z,PORTE-D,R59456191,UNITE,OK
TKT75295606691,2026-02-01T13:33:22Z,PORTE-D,R58595683,ABONNEMENT,OK
TKT84839928450,2026-02-01T13:33:22Z,PORTE-B,R55893703,ABONNEMENT,OK
TKT51060835373,2026-02-01T13:33:22Z,PORTE-A,R52369432,UNITE,OK
TKT13362344042,2026-02-01T13:33:23Z,PORTE-A,,GROUPE,OK
TKT92352207954,2026-02-01T13:33:25Z,PORTE-D,R56578635,ABONNEMENT,OK
TKT49704713916,2026-02-01T13:33:26Z,PORTE-A,R53851063,VIP,OK
TKT44602568280,2026-02-01T13:33:26Z,PORTE-D,R51049375,UNITE,OK
TKT62993202859,2026-02-01T13:33:27Z,PORTE-C,R56633661,ABONNEMENT,OK
TKT12768814008,2026-02-01T13:33:27Z,PORTE-D,R54254407,UNITE,OK
TKT38482003966,2026-02-01T13:33:27Z,PORTE-B,R51493455,UNITE,OK
TKT71667546327,2026-02-01T13:33:27Z,PORTE-D,R59057262,UNITE,OK
TKT90101573635,2026-02-01T13:33:27Z,PORTE-C,,GROUPE,OK
TKT73060757772,2026-02-01T13:33:31Z,PORTE-C,,UNITE,OK
TKT94280888729,2026-02-01T13:33:33Z,PORTE-C,R55467946,ABONNEMENT,OK
TKT76675159044,2026-02-01T13:33:33Z,PORTE-C,,GROUPE,OK
TKT21655617559,2026-02-01T13:33:34Z,PORTE-C,R57702398,ABONNEMENT,OK
TKT94465907448,2026-02-01T13:33:34Z,VIP-EST,R59103438,ABONNEMENT,OK
TKT90934030215,2026-02-01T13:33:34Z,PORTE-C,,UNITE,OK
TKT84782417890,2026-02-01T13:33:34Z,PORTE-B,R52439515,UNITE,OK
TKT23091364103,2026-02-01T13:33:35Z,PORTE-C,R59871805,UNITE,OK
TKT71216122128,2026-02-01T13:33:36Z,VIP-EST,R51138729,ABONNEMENT,OK
TKT89523862556,2026-02-01T13:33:37Z,PORTE-C,R58020076,ABONNEMENT,OK
TKT34141635785,2026-02-01T13:33:39Z,PORTE-C,R51648611,UNITE,OK
TKT60873708562,2026-02-01T13:33:39Z,PORTE-D,R56291885,UNITE,OK
TKT39632538131,2026-02-01T13:33:40Z,PORTE-B,R58391822,UNITE,OK
TKT82113478308,2026-02-01T13:33:40Z,PORTE-D,R53353230,UNITE,OK
TKT90510368812,2026-02-01T13:33:40Z,VIP-EST,R58667538,UNITE,OK
TKT98434974042,2026-02-01T13:33:41Z,PORTE-C,R54824574,ABONNEMENT,OK
TKT89402128239,2026-02-01T13:33:41Z,PORTE-D,R55958145,UNITE,OK
TKT10916032929,2026-02-01T13:33:41Z,PORTE-D,R59123878,UNITE,OK
TKT24271212871,2026-02-01T13:33:42Z,PORTE-A,R56297268,ABONNEMENT,OK
TKT63729973605,2026-02-01T13:33:42Z,PORTE-D,,UNITE,OK
TKT82370995646,2026-02-01T13:33:42Z,VIP-EST,R52425426,INVITATION,OK
TKT26011909081,2026-02-01T13:33:42Z,PMR-NORD,R59213654,UNITE,OK
TKT43500949301,2026-02-01T13:33:43Z,PORTE-D,R54165043,ABONNEMENT,OK
TKT98592942493,2026-02-01T13:33:43Z,PORTE-C,,UNITE,OK
TKT14703406443,2026-02-01T13:33:44Z,PORTE-C,R53703330,ABONNEMENT,OK
TKT15990181995,2026-02-01T13:33:45Z,VIP-EST,R58926837,UNITE,OK
TKT27728727449,2026-02-01T13:33:46Z,PORTE-B,R51083636,UNITE,OK
TKT62046919743,2026-02-01T13:33:48Z,PORTE-D,R59907637,ABONNEMENT,OK
TKT49128937443,2026-02-01T13:33:51Z,PORTE-D,R59080221,UNITE,OK
TKT34477648254,2026-02-01T13:33:52Z,PORTE-D,R52821836,UNITE,OK
TKT81613460973,2026-02-01T13:33:54Z,PORTE-C,R53494019,ABONNEMENT,OK
TKT19251756542,2026-02-01T13:33:55Z,VIP-EST,R55402700,ABONNEMENT,OK
TKT86911480806,2026-02-01T13:33:56Z,PORTE-C,R53982915,ABONNEMENT,OK
TKT23405043785,2026-02-01T13:33:57Z,PORTE-D,,UNITE,OK
TKT25420318531,2026-02-01T13:33:58Z,PORTE-C,R55399635,ABONNEMENT,OK
TKT24323122145,2026-02-01T13:33:58Z,PORTE-C,R55128612,ABONNEMENT,OK
TKT60180793539,2026-02-01T13:33:59Z,PORTE-A,R56127333,ABONNEMENT,OK
TKT38213566456,2026-02-01T13:33:59Z,PORTE-A,R58244089,ABONNEMENT,OK
TKT79441333460,2026-02-01T13:33:59Z,PORTE-C,R59661479,ABONNEMENT,OK
TKT36806118847,2026-02-01T13:34:00Z,VIP-EST,R51316308,ABONNEMENT,OK
TKT96743317854,2026-02-01T13:34:00Z,VIP-EST,R53837778,ABONNEMENT,OK
TKT88570748359,2026-02-01T13:34:00Z,PORTE-C,R59487655,UNITE,OK
TKT51062112326,2026-02-01T13:34:00Z,PORTE-A,R51911119,UNITE,OK
TKT36337082373,2026-02-01T13:34:00Z,PORTE-D,,GROUPE,OK
TKT42449249171,2026-02-01T13:34:01Z,PORTE-C,R53286691,ABONNEMENT,OK
TKT88910300521,2026-02-01T13:34:01Z,PORTE-A,R53888178,ABONNEMENT,OK
TKT36744129286,2026-02-01T13:34:01Z,PORTE-D,R57723173,UNITE,OK
TKT54511400418,2026-02-01T13:34:01Z,PORTE-A,R56097229,UNITE,OK
TKT55586307266,2026-02-01T13:34:03Z,PORTE-D,R59619249,ABONNEMENT,OK
TKT34381992500,2026-02-01T13:34:03Z,VIP-EST,R56181143,UNITE,REFUSE_DEJA_SCANNE
TKT43377081941,2026-02-01T13:34:04Z,PORTE-A,R56794746,ABONNEMENT,OK
TKT14211606384,2026-02-01T13:34:04Z,PORTE-C,,UNITE,OK
TKT79731254421,2026-02-01T13:34:04Z,PORTE-C,R54597697,UNITE,OK
TKT20162229402,2026-02-01T13:34:05Z,PORTE-D,R56689253,ABONNEMENT,OK
TKT43184008134,2026-02-01T13:34:05Z,PORTE-A,R52841720,VIP,OK
TKT18879556620,2026-02-01T13:34:08Z,PORTE-C,,UNITE,OK
TKT39451983985,2026-02-01T13:34:10Z,PORTE-C,R55213896,UNITE,OK
TKT38438575148,2026-02-01T13:34:10Z,PORTE-D,R58014894,INVITATION,OK
TKT69834518691,2026-02-01T13:34:11Z,PORTE-C,R57204096,UNITE,OK
TKT24687922318,2026-02-01T13:34:12Z,PORTE-C,,UNITE,OK
TKT74065947725,2026-02-01T13:34:12Z,PORTE-C,R56358702,UNITE,OK
TKT23374062586,2026-02-01T13:34:12Z,PORTE-D,R52577584,UNITE,OK
TKT95886065882,2026-02-01T13:34:13Z,PORTE-D,R54496063,UNITE,OK
TKT62334382345,2026-02-01T13:34:13Z,PORTE-D,R51588547,UNITE,OK
TKT26755816446,2026-02-01T13:34:14Z,PORTE-B,R52403358,ABONNEMENT,OK
TKT57811046229,2026-02-01T13:34:15Z,PORTE-A,,UNITE,OK
TKT31480894072,2026-02-01T13:34:16Z,PORTE-A,R56868249,ABONNEMENT,OK
TKT55615780283,2026-02-01T13:34:16Z,PORTE-A,R57163849,ABONNEMENT,OK
TKT49192196234,2026-02-01T13:34:16Z,PORTE-C,R57198924,ABONNEMENT,OK
TKT58977269916,2026-02-01T13:34:16Z,PORTE-C,R51982696,UNITE,OK
TKT61229379470,2026-02-01T13:34:18Z,PORTE-C,R54552948,UNITE,OK
TKT96340929796,2026-02-01T13:34:18Z,PORTE-D,R54287097,UNITE,OK
TKT28630633489,2026-02-01T13:34:19Z,PORTE-C,R55104571,ABONNEMENT,OK
TKT33034124958,2026-02-01T13:34:19Z,PORTE-B,R52678317,UNITE,OK
TKT46036231130,2026-02-01T13:34:20Z,PORTE-A,R54835263,ABONNEMENT,OK
TKT67166723901,2026-02-01T13:34:21Z,PORTE-C,R51849608,UNITE,OK
TKT83711561215,2026-02-01T13:34:22Z,PORTE-C,R57557864,UNITE,OK
TKT83516277071,2026-02-01T13:34:22Z,VIP-EST,R58102553,UNITE,OK
TKT34166659141,2026-02-01T13:34:22Z,PORTE-D,R59652083,UNITE,OK
TKT11554089418,2026-02-01T13:34:23Z,PORTE-C,,UNITE,OK
TKT40247063412,2026-02-01T13:34:23Z,PORTE-D,,UNITE,OK
TKT85098781532,2026-02-01T13:34:24Z,PORTE-D,,UNITE,OK
TKT88619468325,2026-02-01T13:34:25Z,PORTE-D,R53594072,UNITE,OK
TKT99302173625,2026-02-01T13:34:28Z,PORTE-C,,UNITE,OK
TKT42773416933,2026-02-01T13:34:28Z,PORTE-C,R52047138,UNITE,OK
TKT98473491547,2026-02-01T13:34:29Z,PORTE-C,R55733643,ABONNEMENT,OK
TKT60253364195,2026-02-01T13:34:29Z,PORTE-C,R51810577,ABONNEMENT,OK
TKT79949486512,2026-02-01T13:34:30Z,PORTE-C,R58361105,ABONNEMENT,OK
TKT33151683463,2026-02-01T13:34:30Z,PORTE-D,R53967523,ABONNEMENT,OK
TKT96384144474,2026-02-01T13:34:31Z,PORTE-D,R53300378,ABONNEMENT,OK
TKT49322688955,2026-02-01T13:34:32Z,PORTE-D,R54992057,ABONNEMENT,OK
TKT78536955217,2026-02-01T13:34:32Z,PORTE-D,R52975488,UNITE,OK
TKT80786970815,2026-02-01T13:34:33Z,PORTE-D,R58582944,INVITATION,OK
TKT38882309401,2026-02-01T13:34:34Z,PORTE-C,R58662423,ABONNEMENT,OK
TKT16105072617,2026-02-01T13:34:34Z,PORTE-A,R52277616,GROUPE,OK
TKT85984297814,2026-02-01T13:34:34Z,PORTE-C,R54696045,UNITE,OK
TKT28966793649,2026-02-01T13:34:35Z,PMR-NORD,R52111091,UNITE,REFUSE_DEJA_SCANNE
TKT43778449865,2026-02-01T13:34:37Z,PORTE-C,R57390649,ABONNEMENT,OK
TKT41122846985,2026-02-01T13:34:37Z,PORTE-D,R57789588,UNITE,OK
TKT92554788590,2026-02-01T13:34:38Z,PORTE-C,R57221471,ABONNEMENT,OK
TKT49950404686,2026-02-01T13:34:38Z,PORTE-D,R58970283,ABONNEMENT,OK
TKT88073656202,2026-02-01T13:34:38Z,PORTE-D,,UNITE,OK
TKT58482332376,2026-02-01T13:34:41Z,PORTE-D,R59323716,INVITATION,OK
TKT80732054459,2026-02-01T13:34:44Z,PORTE-D,R53908129,ABONNEMENT,OK
TKT41066613650,2026-02-01T13:34:45Z,PORTE-D,R57812125,UNITE,OK
TKT66522629813,2026-02-01T13:34:46Z,PORTE-D,R53596323,ABONNEMENT,OK
TKT84955089160,2026-02-01T13:34:47Z,PORTE-C,R59997681,ABONNEMENT,OK
TKT96374095273,2026-02-01T13:34:48Z,PORTE-C,R53330683,ABONNEMENT,OK
TKT96449074405,2026-02-01T13:34:48Z,PORTE-A,R58030698,UNITE,OK
TKT19300658354,2026-02-01T13:34:49Z,PORTE-B,R54958131,ABONNEMENT,OK
TKT48411500618,2026-02-01T13:34:49Z,PORTE-D,R57146129,UNITE,OK
TKT80777458680,2026-02-01T13:34:50Z,PORTE-D,R54126913,UNITE,OK
TKT61605818388,2026-02-01T13:34:52Z,PORTE-C,R51012595,ABONNEMENT,OK
TKT20765061514,2026-02-01T13:34:52Z,PORTE-A,R56973742,ABONNEMENT,OK
TKT10960626865,2026-02-01T13:34:53Z,PORTE-C,R53665726,ABONNEMENT,OK
TKT71953813103,2026-02-01T13:34:53Z,PORTE-C,R55930828,UNITE,OK
TKT15519181557,2026-02-01T13:34:53Z,PORTE-D,R53695974,UNITE,OK
TKT96332356304,2026-02-01T13:34:55Z,PORTE-C,R54843232,UNITE,OK
TKT58416680775,2026-02-01T13:34:55Z,PORTE-C,R55458550,UNITE,OK
TKT77662480192,2026-02-01T13:34:56Z,PORTE-C,R51055227,INVITATION,OK
TKT16797838196,2026-02-01T13:34:56Z,PORTE-D,R53207202,UNITE,OK
TKT98782718171,2026-02-01T13:34:57Z,PORTE-C,R56315936,UNITE,OK
TKT42262698544,2026-02-01T13:34:57Z,PORTE-D,R56357677,UNITE,OK
TKT98421416219,2026-02-01T13:34:57Z,PORTE-C,,INVITATION,OK
TKT63362708233,2026-02-01T13:34:58Z,PORTE-D,R57662888,UNITE,OK
TKT12979392629,2026-02-01T13:34:58Z,PORTE-C,R52115794,UNITE,OK
TKT52194427227,2026-02-01T13:34:58Z,VIP-EST,,VIP,OK
TKT39278804856,2026-02-01T13:35:00Z,PORTE-D,,UNITE,OK
TKT52149579881,2026-02-01T13:35:01Z,PORTE-D,R57981035,ABONNEMENT,OK
TKT91382004339,2026-02-01T13:35:01Z,PORTE-D,R56154161,UNITE,OK
TKT34321750619,2026-02-01T13:35:02Z,PORTE-B,R53031884,ABONNEMENT,OK
TKT78731079728,2026-02-01T13:35:02Z,PORTE-A,R57100633,ABONNEMENT,OK
TKT35561506484,2026-02-01T13:35:02Z,PORTE-A,R52220473,VIP,OK
TKT48779531684,2026-02-01T13:35:04Z,PORTE-A,R51017164,ABONNEMENT,OK
TKT47623835792,2026-02-01T13:35:04Z,PORTE-C,R52643989,INVITATION,OK
TKT74756511430,2026-02-01T13:35:04Z,PORTE-C,R55834587,UNITE,OK
TKT21297126971,2026-02-01T13:35:04Z,PORTE-C,R53540741,UNITE,OK
TKT90477619795,2026-02-01T13:35:04Z,PORTE-C,R54225596,UNITE,OK
TKT44121835953,2026-02-01T13:35:05Z,PORTE-B,R53405412,ABONNEMENT,OK
TKT38017105699,2026-02-01T13:35:05Z,VIP-EST,R54762450,ABONNEMENT,OK
TKT78151934260,2026-02-01T13:35:05Z,PORTE-D,R51706923,UNITE,OK
TKT85515241151,2026-02-01T13:35:05Z,PORTE-D,,UNITE,OK
TKT60283130186,2026-02-01T13:35:06Z,PORTE-C,R57692178,INVITATION,OK
TKT30664999688,2026-02-01T13:35:07Z,PORTE-C,R58219770,UNITE,OK
TKT30041697365,2026-02-01T13:35:08Z,PORTE-B,R54799987,ABONNEMENT,OK
TKT29143653138,2026-02-01T13:35:08Z,PORTE-C,R56616440,UNITE,OK
TKT49701170629,2026-02-01T13:35:09Z,PORTE-A,R53168784,ABONNEMENT,OK
TKT30393279207,2026-02-01T13:35:09Z,PORTE-C,R54754816,ABONNEMENT,OK
TKT79080323599,2026-02-01T13:35:09Z,PORTE-A,,UNITE,OK
TKT23818107614,2026-02-01T13:35:09Z,PORTE-D,R51046712,UNITE,OK
TKT51421004926,2026-02-01T13:35:11Z,PORTE-C,R53063626,ABONNEMENT,OK
TKT71860836171,2026-02-01T13:35:11Z,PORTE-C,R51218017,UNITE,OK
TKT15783643221,2026-02-01T13:35:11Z,PORTE-D,R52963027,UNITE,OK
TKT59866421515,2026-02-01T13:35:12Z,PORTE-A,R54707079,ABONNEMENT,OK
TKT68737872576,2026-02-01T13:35:13Z,PORTE-C,R53602376,UNITE,OK
TKT60872831280,2026-02-01T13:35:15Z,PMR-NORD,R52492444,UNITE,OK
TKT31610302127,2026-02-01T13:35:16Z,PORTE-D,R58554669,UNITE,OK
TKT87957505606,2026-02-01T13:35:17Z,PORTE-D,R53821562,ABONNEMENT,OK
TKT26513051331,2026-02-01T13:35:17Z,PORTE-B,R54361816,ABONNEMENT,OK
TKT78458223723,2026-02-01T13:35:18Z,PORTE-C,R53941164,ABONNEMENT,OK
TKT13539419776,2026-02-01T13:35:18Z,PORTE-D,R59657456,UNITE,OK
TKT96221892553,2026-02-01T13:35:20Z,PORTE-D,R58034309,ABONNEMENT,OK
TKT96323710505,2026-02-01T13:35:20Z,PORTE-D,R57214795,UNITE,OK
TKT84839928450,2026-02-01T13:35:22Z,PORTE-B,R55893703,ABONNEMENT,REFUSE_DEJA_SCANNE
TKT16823725609,2026-02-01T13:35:24Z,PORTE-D,,UNITE,OK
TKT56607154580,2026-02-01T13:35:26Z,PORTE-C,R57726037,ABONNEMENT,OK
TKT49473082774,2026-02-01T13:35:26Z,PORTE-D,R54932050,UNITE,OK
TKT99055415107,2026-02-01T13:35:26Z,PORTE-D,,GROUPE,OK
TKT62146353290,2026-02-01T13:35:26Z,PORTE-D,R58651533,UNITE,OK
TKT60253364195,2026-02-01T13:35:29Z,PORTE-C,R51810577,ABONNEMENT,REFUSE_DEJA_SCANNE
TKT86948284452,2026-02-01T13:35:29Z,PORTE-D,,UNITE,OK
TKT91253212080,2026-02-01T13:35:30Z,PORTE-C,R54843088,ABONNEMENT,OK
TKT53871920567,2026-02-01T13:35:30Z,VIP-EST,,UNITE,OK
TKT40290077067,2026-02-01T13:35:30Z,PORTE-D,R59747510,UNITE,OK
TKT25238301722,2026-02-01T13:35:32Z,PORTE-D,R59657801,UNITE,OK
TKT65097614059,2026-02-01T13:35:32Z,PORTE-A,R56685910,UNITE,OK
TKT46071911157,2026-02-01T13:35:33Z,PORTE-C,R53146917,UNITE,OK
TKT91122666305,2026-02-01T13:35:33Z,PORTE-A,R51893198,VIP,OK
TKT54038373251,2026-02-01T13:35:34Z,PORTE-C,,UNITE,OK
TKT23340294007,2026-02-01T13:35:36Z,PORTE-C,R56658593,ABONNEMENT,OK
TKT51232888281,2026-02-01T13:35:37Z,PORTE-C,,UNITE,OK
TKT23642634217,2026-02-01T13:35:37Z,PORTE-D,R52083228,UNITE,OK
TKT58850503682,2026-02-01T13:35:38Z,PORTE-C,,UNITE,REFUSE_INVALIDE
TKT77776100884,2026-02-01T13:35:38Z,PORTE-D,R56722968,UNITE,OK
TKT19713704228,2026-02-01T13:35:38Z,VIP-EST,R51944221,UNITE,OK
TKT72600369798,2026-02-01T13:35:39Z,PORTE-C,R52481343,ABONNEMENT,OK
TKT23170742071,2026-02-01T13:35:39Z,PORTE-C,R58125847,UNITE,OK
TKT94307625113,2026-02-01T13:35:40Z,PORTE-A,R56962651,ABONNEMENT,OK
TKT13631814055,2026-02-01T13:35:40Z,PORTE-D,R52655234,ABONNEMENT,OK
TKT70356983141,2026-02-01T13:35:40Z,PORTE-D,R56076866,UNITE,OK
TKT97860336983,2026-02-01T13:35:41Z,PORTE-D,R59281831,UNITE,OK
TKT64597306739,2026-02-01T13:35:42Z,PORTE-C,R55137750,ABONNEMENT,OK
TKT25509637411,2026-02-01T13:35:43Z,PORTE-D,R55241960,ABONNEMENT,OK
TKT97495940992,2026-02-01T13:35:43Z,PORTE-A,R53800184,INVITATION,OK
TKT30434696236,2026-02-01T13:35:43Z,PORTE-C,R57714380,UNITE,OK
TKT32138060908,2026-02-01T13:35:45Z,PORTE-C,R59886929,ABONNEMENT,OK
TKT41320986158,2026-02-01T13:35:45Z,PORTE-D,,UNITE,OK
TKT82720351490,2026-02-01T13:35:45Z,PORTE-C,R55958825,UNITE,OK
TKT54530927465,2026-02-01T13:35:45Z,VIP-EST,,UNITE,OK
TKT44903084742,2026-02-01T13:35:47Z,PORTE-B,R55513442,ABONNEMENT,OK
TKT22953344023,2026-02-01T13:35:47Z,VIP-EST,R55636789,ABONNEMENT,OK
TKT68127147732,2026-02-01T13:35:48Z,PORTE-C,,UNITE,OK
TKT25824698552,2026-02-01T13:35:49Z,PORTE-C,R58971308,UNITE,OK
TKT43068803675,2026-02-01T13:35:50Z,PORTE-D,R51449798,UNITE,OK
TKT33057592430,2026-02-01T13:35:50Z,PORTE-C,,GROUPE,OK
TKT51279691269,2026-02-01T13:35:51Z,PORTE-A,R52899878,ABONNEMENT,OK
TKT46818847996,2026-02-01T13:35:51Z,PORTE-D,,GROUPE,OK
TKT61426882862,2026-02-01T13:35:52Z,PORTE-D,R54662062,ABONNEMENT,OK
TKT80984197376,2026-02-01T13:35:52Z,VIP-EST,R54137669,ABONNEMENT,OK
TKT23362070000,2026-02-01T13:35:52Z,PORTE-C,R55740865,ABONNEMENT,OK
TKT45690694360,2026-02-01T13:35:54Z,PORTE-C,R52509062,ABONNEMENT,OK
TKT86032471505,2026-02-01T13:35:55Z,PORTE-C,,UNITE,OK
TKT91144125209,2026-02-01T13:35:56Z,PORTE-C,R53012546,ABONNEMENT,OK
TKT11331270127,2026-02-01T13:35:56Z,PMR-NORD,R51971595,ABONNEMENT,OK
TKT78652207519,2026-02-01T13:35:56Z,PORTE-D,R56048658,UNITE,OK
TKT66391633829,2026-02-01T13:35:57Z,PORTE-A,R51312697,ABONNEMENT,OK
TKT53931252958,2026-02-01T13:35:57Z,PORTE-C,R59659707,UNITE,OK
TKT62304095483,2026-02-01T13:35:57Z,PORTE-C,R57089331,UNITE,OK
TKT68191101084,2026-02-01T13:35:58Z,PORTE-D,R56885413,UNITE,OK
TKT59087359170,2026-02-01T13:35:59Z,PORTE-C,,UNITE,OK
TKT32755419184,2026-02-01T13:35:59Z,PORTE-C,,UNITE,OK
TKT42354265535,2026-02-01T13:36:00Z,PORTE-C,R51236742,UNITE,OK
TKT20682259585,2026-02-01T13:36:00Z,PORTE-C,R55613974,UNITE,OK
TKT66222282667,2026-02-01T13:36:01Z,PORTE-C,R58151047,GROUPE,OK
TKT48202504549,2026-02-01T13:36:01Z,VIP-EST,R59580362,VIP,OK
TKT91361804870,2026-02-01T13:36:02Z,PORTE-D,R53636982,ABONNEMENT,OK
TKT80594954118,2026-02-01T13:36:02Z,PORTE-D,R54372036,INVITATION,OK
TKT28179763809,2026-02-01T13:36:02Z,PORTE-A,R58461503,VIP,OK
TKT87831377138,2026-02-01T13:36:04Z,PORTE-D,R53594953,ABONNEMENT,OK
TKT99708064969,2026-02-01T13:36:04Z,PORTE-C,R56367083,UNITE,OK
TKT13550536504,2026-02-01T13:36:05Z,PORTE-D,R53616475,ABONNEMENT,OK
TKT64323034818,2026-02-01T13:36:05Z,VIP-EST,R51246694,VIP,OK
TKT74033326317,2026-02-01T13:36:06Z,PORTE-D,R53399473,ABONNEMENT,OK
TKT61616069080,2026-02-01T13:36:06Z,PORTE-D,R57588179,UNITE,OK
TKT27232650198,2026-02-01T13:36:07Z,PORTE-C,R52273191,ABONNEMENT,OK
TKT29389325697,2026-02-01T13:36:07Z,PORTE-D,R53396408,UNITE,OK
TKT30568997152,2026-02-01T13:36:08Z,VIP-EST,R53499057,ABONNEMENT,OK
TKT80969954322,2026-02-01T13:36:08Z,PORTE-C,R52476640,UNITE,OK
TKT41650107633,2026-02-01T13:36:08Z,PORTE-C,R57514686,UNITE,OK
TKT45183300014,2026-02-01T13:36:09Z,PORTE-C,R56794746,UNITE,OK
TKT57481894815,2026-02-01T13:36:10Z,PORTE-C,R53976450,ABONNEMENT,OK
TKT49174463043,2026-02-01T13:36:10Z,PORTE-D,R54069147,UNITE,OK
TKT55172856600,2026-02-01T13:36:11Z,PORTE-B,R58133471,ABONNEMENT,OK
TKT16450156588,2026-02-01T13:36:11Z,PORTE-A,R54284578,INVITATION,OK
TKT57539542687,2026-02-01T13:36:12Z,PORTE-C,,INVITATION,OK
TKT52504074649,2026-02-01T13:36:15Z,PORTE-C,R53738338,ABONNEMENT,OK
TKT84685071816,2026-02-01T13:36:15Z,PORTE-A,R54165656,ABONNEMENT,OK
TKT58722340023,2026-02-01T13:36:15Z,PORTE-D,,UNITE,OK
TKT49900447621,2026-02-01T13:36:15Z,PORTE-D,R58423621,INVITATION,OK
TKT75806081760,2026-02-01T13:36:17Z,PORTE-D,R57037906,ABONNEMENT,OK
TKT73900810002,2026-02-01T13:36:17Z,PORTE-D,,UNITE,OK
TKT99176353581,2026-02-01T13:36:17Z,PORTE-C,R52206384,UNITE,OK
TKT59522427227,2026-02-01T13:36:18Z,PORTE-D,R52580438,ABONNEMENT,OK
TKT30278695515,2026-02-01T13:36:20Z,PORTE-C,R54836288,ABONNEMENT,OK
TKT14883566372,2026-02-01T13:36:20Z,PORTE-D,,GROUPE,OK
TKT35882527114,2026-02-01T13:36:23Z,PORTE-C,R54797257,ABONNEMENT,OK
TKT91866817107,2026-02-01T13:36:23Z,VIP-EST,R58811459,UNITE,OK
TKT60257568209,2026-02-01T13:36:24Z,PORTE-D,R54110965,ABONNEMENT,OK
TKT96860600050,2026-02-01T13:36:24Z,PORTE-D,R55673981,UNITE,OK
TKT58502854921,2026-02-01T13:36:24Z,PORTE-B,R59555641,UNITE,OK
TKT81717332624,2026-02-01T13:36:26Z,PORTE-C,R56660911,UNITE,OK
TKT39056074756,2026-02-01T13:36:26Z,VIP-EST,R53561181,UNITE,OK
TKT62030235299,2026-02-01T13:36:27Z,PORTE-A,R57307961,ABONNEMENT,OK
TKT17113376360,2026-02-01T13:36:27Z,PORTE-C,R54695911,UNITE,OK
TKT75696806270,2026-02-01T13:36:28Z,PORTE-A,R51433927,ABONNEMENT,OK
TKT92538551602,2026-02-01T13:36:29Z,VIP-EST,R58431523,UNITE,OK
TKT74671907873,2026-02-01T13:36:30Z,PORTE-D,R56061876,UNITE,OK
TKT13686807869,2026-02-01T13:36:31Z,VIP-EST,R57119033,ABONNEMENT,OK
TKT47350424072,2026-02-01T13:36:31Z,PORTE-C,R52050672,UNITE,OK
TKT79832376324,2026-02-01T13:36:31Z,PORTE-B,R56829553,UNITE,OK
TKT50390440109,2026-02-01T13:36:32Z,PORTE-B,R51124975,UNITE,OK
TKT79196922978,2026-02-01T13:36:33Z,PORTE-C,R59273048,ABONNEMENT,OK
TKT98222165115,2026-02-01T13:36:34Z,PORTE-D,,UNITE,OK
TKT90792988095,2026-02-01T13:36:35Z,PORTE-D,R57260090,ABONNEMENT,OK
TKT54485722074,2026-02-01T13:36:39Z,PORTE-C,R56097229,ABONNEMENT,OK
TKT56095245106,2026-02-01T13:36:39Z,PORTE-C,,GROUPE,OK
TKT25405180990,2026-02-01T13:36:39Z,PORTE-C,R51261808,UNITE,OK
TKT70902371507,2026-02-01T13:36:40Z,PORTE-C,R56173988,UNITE,OK
TKT71228173130,2026-02-01T13:36:40Z,PORTE-C,R56565963,UNITE,OK
TKT64325230163,2026-02-01T13:36:41Z,PORTE-D,,UNITE,OK
TKT73076801795,2026-02-01T13:36:42Z,PORTE-C,,INVITATION,OK
TKT53497237178,2026-02-01T13:36:42Z,PORTE-D,R56063035,UNITE,OK
TKT75672037297,2026-02-01T13:36:43Z,PORTE-C,R55393572,UNITE,OK
TKT19155327336,2026-02-01T13:36:43Z,PORTE-D,R52147737,UNITE,OK
TKT58206941544,2026-02-01T13:36:44Z,PORTE-D,R59390188,ABONNEMENT,OK
TKT50841016368,2026-02-01T13:36:44Z,PORTE-A,R57707024,UNITE,REFUSE_DEJA_SCANNE
TKT32940447568,2026-02-01T13:36:46Z,PORTE-C,R52826663,UNITE,OK
TKT14274763539,2026-02-01T13:36:49Z,PORTE-D,R59720940,UNITE,OK
TKT57334299198,2026-02-01T13:36:50Z,PORTE-D,R57809127,UNITE,OK
TKT65117620778,2026-02-01T13:36:50Z,PORTE-C,,UNITE,OK
TKT75110527371,2026-02-01T13:36:51Z,PORTE-D,R51760388,ABONNEMENT,OK
TKT66753702638,2026-02-01T13:36:53Z,PORTE-B,R59834077,ABONNEMENT,OK
TKT23015012638,2026-02-01T13:36:54Z,PORTE-B,R52330277,ABONNEMENT,OK
TKT25332322729,2026-02-01T13:36:54Z,PORTE-A,R58454827,ABONNEMENT,OK
TKT33088417854,2026-02-01T13:36:54Z,VIP-EST,,UNITE,OK
TKT64018288552,2026-02-01T13:36:55Z,PORTE-B,R56317842,ABONNEMENT,OK
TKT28137551338,2026-02-01T13:36:55Z,VIP-EST,R57997462,UNITE,OK
TKT92129024952,2026-02-01T13:36:56Z,PORTE-D,R54606480,UNITE,OK
TKT47224113980,2026-02-01T13:36:57Z,PORTE-C,R52392046,UNITE,REFUSE_INVALIDE
TKT28091659347,2026-02-01T13:36:58Z,PORTE-D,R55137817,UNITE,OK
TKT82179402295,2026-02-01T13:36:59Z,PORTE-D,,GROUPE,OK
TKT90570893230,2026-02-01T13:36:59Z,PORTE-D,,GROUPE,OK
TKT45620713921,2026-02-01T13:37:00Z,PORTE-A,R56980428,ABONNEMENT,OK
TKT67053523670,2026-02-01T13:37:01Z,PORTE-D,R51447279,ABONNEMENT,OK
TKT77793091882,2026-02-01T13:37:02Z,PORTE-D,R59378752,ABONNEMENT,OK
TKT56674535807,2026-02-01T13:37:03Z,PORTE-C,R54419850,UNITE,OK
TKT10748367416,2026-02-01T13:37:06Z,PORTE-D,R56545878,ABONNEMENT,OK
TKT44671283211,2026-02-01T13:37:06Z,PORTE-D,,UNITE,OK
TKT87036300956,2026-02-01T13:37:06Z,PORTE-D,,UNITE,OK
TKT73112973719,2026-02-01T13:37:06Z,PORTE-D,R59596702,UNITE,OK
TKT43801770587,2026-02-01T13:37:10Z,PORTE-C,R53863380,ABONNEMENT,OK
TKT66010120218,2026-02-01T13:37:10Z,PORTE-B,R58341345,ABONNEMENT,OK
TKT63846423637,2026-02-01T13:37:13Z,PORTE-D,R52275720,UNITE,OK
TKT96600033816,2026-02-01T13:37:14Z,PORTE-A,R54704349,ABONNEMENT,OK
TKT38705897526,2026-02-01T13:37:14Z,PORTE-B,,UNITE,OK
TKT80957966954,2026-02-01T13:37:15Z,VIP-EST,R54309510,ABONNEMENT,OK
TKT75743342400,2026-02-01T13:37:16Z,VIP-EST,,UNITE,OK
TKT25239224868,2026-02-01T13:37:17Z,PORTE-B,R59992777,ABONNEMENT,OK
TKT23939510762,2026-02-01T13:37:18Z,PORTE-A,R58035257,ABONNEMENT,OK
TKT48981142528,2026-02-01T13:37:18Z,PORTE-C,R54811701,UNITE,OK
TKT46227620104,2026-02-01T13:37:19Z,PORTE-D,,GROUPE,OK
TKT17523765660,2026-02-01T13:37:20Z,VIP-EST,R51213448,ABONNEMENT,OK
TKT97500166741,2026-02-01T13:37:20Z,PORTE-D,R54125878,UNITE,REFUSE_DEJA_SCANNE
TKT95372281353,2026-02-01T13:37:21Z,PORTE-A,R56778885,VIP,OK
TKT25386393595,2026-02-01T13:37:22Z,VIP-EST,R54077461,ABONNEMENT,OK
TKT78344589955,2026-02-01T13:37:23Z,VIP-EST,R54831250,ABONNEMENT,OK
TKT63034084441,2026-02-01T13:37:23Z,VIP-EST,R58457346,ABONNEMENT,OK
TKT46165210433,2026-02-01T13:37:24Z,PORTE-A,R59741303,ABONNEMENT,OK
TKT85996318944,2026-02-01T13:37:25Z,PORTE-C,R56750744,ABONNEMENT,OK
TKT98122796783,2026-02-01T13:37:26Z,PORTE-B,R59960211,ABONNEMENT,OK
TKT12025745318,2026-02-01T13:37:26Z,PORTE-D,R55715665,UNITE,OK
TKT14682172188,2026-02-01T13:37:26Z,PORTE-C,,UNITE,OK
TKT31333500007,2026-02-01T13:37:27Z,PORTE-C,R54870472,ABONNEMENT,OK
TKT81151312951,2026-02-01T13:37:27Z,PORTE-D,R57951611,ABONNEMENT,OK
TKT17153432631,2026-02-01T13:37:27Z,PORTE-A,R55580192,UNITE,OK
TKT95530949651,2026-02-01T13:37:28Z,PORTE-B,R57982539,INVITATION,OK
TKT15800543521,2026-02-01T13:37:29Z,PORTE-C,R59442025,UNITE,OK
TKT77836467292,2026-02-01T13:37:31Z,PORTE-A,R58215144,ABONNEMENT,OK
TKT67563160573,2026-02-01T13:37:31Z,VIP-EST,R58166372,ABONNEMENT,OK
TKT34258802999,2026-02-01T13:37:31Z,PORTE-C,R58628986,UNITE,OK
TKT93022840303,2026-02-01T13:37:32Z,PORTE-A,R56453995,ABONNEMENT,OK
TKT52542650540,2026-02-01T13:37:32Z,PORTE-D,R56702873,UNITE,OK
TKT32934045799,2026-02-01T13:37:33Z,PORTE-D,R51017911,ABONNEMENT,OK
TKT20128846607,2026-02-01T13:37:33Z,PORTE-D,R57403254,ABONNEMENT,OK
TKT52659191855,2026-02-01T13:37:34Z,PORTE-D,,GROUPE,OK
TKT44358537944,2026-02-01T13:37:36Z,PORTE-C,R58776853,ABONNEMENT,OK
TKT64736696957,2026-02-01T13:37:37Z,PORTE-C,R56900738,ABONNEMENT,OK
TKT86003456615,2026-02-01T13:37:37Z,PORTE-A,R56746118,ABONNEMENT,OK
TKT23722557101,2026-02-01T13:37:39Z,PORTE-D,R51755896,ABONNEMENT,OK
TKT18671768755,2026-02-01T13:37:39Z,PORTE-A,R55307953,UNITE,OK
TKT99781353084,2026-02-01T13:37:40Z,VIP-EST,R51937545,ABONNEMENT,OK
TKT90558078922,2026-02-01T13:37:40Z,PORTE-D,R54405406,UNITE,OK
TKT92807725588,2026-02-01T13:37:43Z,PORTE-D,R53009203,UNITE,OK
TKT94193166625,2026-02-01T13:37:47Z,PORTE-C,,UNITE,OK
TKT81017929621,2026-02-01T13:37:49Z,VIP-EST,R57123324,ABONNEMENT,OK
TKT21740683986,2026-02-01T13:37:49Z,PORTE-C,R58018160,UNITE,OK
TKT56280313092,2026-02-01T13:37:50Z,PORTE-C,R58223046,ABONNEMENT,OK
TKT94422654128,2026-02-01T13:37:50Z,PORTE-A,R54273755,ABONNEMENT,OK
TKT55643355544,2026-02-01T13:37:51Z,VIP-EST,R59807239,INVITATION,OK
TKT89905806619,2026-02-01T13:37:51Z,PORTE-D,,UNITE,OK
TKT30070768079,2026-02-01T13:37:52Z,PORTE-B,R56973742,UNITE,OK
TKT84316140157,2026-02-01T13:37:53Z,PORTE-C,,UNITE,OK
TKT29979128256,2026-02-01T13:37:55Z,PORTE-A,R59865273,ABONNEMENT,OK
TKT62898405714,2026-02-01T13:37:56Z,PORTE-A,R58499566,UNITE,OK
TKT21763055776,2026-02-01T13:37:56Z,PORTE-C,R51319641,UNITE,OK
TKT42918255071,2026-02-01T13:37:56Z,PORTE-B,R56891064,UNITE,OK
TKT51693060939,2026-02-01T13:37:56Z,PORTE-A,R59483441,UNITE,OK
TKT39285672811,2026-02-01T13:37:57Z,PORTE-C,R51805271,ABONNEMENT,OK
TKT91273414476,2026-02-01T13:37:57Z,PORTE-A,R58885689,GROUPE,OK
TKT43751930533,2026-02-01T13:37:58Z,PORTE-C,R55658455,ABONNEMENT,OK
TKT57879044213,2026-02-01T13:37:58Z,PORTE-C,R53949947,INVITATION,OK
TKT49955828423,2026-02-01T13:37:58Z,PORTE-C,,GROUPE,OK
TKT43223040152,2026-02-01T13:38:00Z,PORTE-C,R59799002,ABONNEMENT,OK
TKT79131478569,2026-02-01T13:38:00Z,PORTE-C,R56106960,UNITE,OK
TKT26914147268,2026-02-01T13:38:01Z,VIP-EST,R55531430,UNITE,OK
TKT58504813146,2026-02-01T13:38:03Z,PORTE-C,R58261722,ABONNEMENT,OK
TKT94170430168,2026-02-01T13:38:04Z,PORTE-C,R58225488,UNITE,OK
TKT41456016926,2026-02-01T13:38:04Z,PORTE-C,,UNITE,OK
TKT99708064969,2026-02-01T13:38:04Z,PORTE-C,R56367083,UNITE,REFUSE_DEJA_SCANNE
TKT96122077230,2026-02-01T13:38:04Z,PORTE-D,R54999959,INVITATION,OK
TKT71622803717,2026-02-01T13:38:08Z,VIP-EST,R55560710,ABONNEMENT,OK
TKT40362042012,2026-02-01T13:38:08Z,PORTE-D,,UNITE,OK
TKT18832030627,2026-02-01T13:38:08Z,PORTE-D,R51000335,UNITE,OK
TKT40963982319,2026-02-01T13:38:13Z,PORTE-C,R53480389,UNITE,OK
TKT43163983661,2026-02-01T13:38:15Z,PORTE-D,R53695562,UNITE,OK
TKT12200118261,2026-02-01T13:38:15Z,PORTE-B,R55553565,UNITE,OK
TKT43020049890,2026-02-01T13:38:15Z,PORTE-C,R59166654,UNITE,OK
TKT99750279353,2026-02-01T13:38:18Z,PORTE-B,R52088276,ABONNEMENT,OK
TKT40721843451,2026-02-01T13:38:18Z,PORTE-C,R58934126,UNITE,OK
TKT17041726486,2026-02-01T13:38:19Z,PORTE-D,R58530896,ABONNEMENT,OK
TKT79816012422,2026-02-01T13:38:20Z,PORTE-D,R54280833,ABONNEMENT,OK
TKT57729114411,2026-02-01T13:38:20Z,PORTE-D,R58584840,ABONNEMENT,OK
TKT89915659825,2026-02-01T13:38:21Z,PORTE-B,R58411984,ABONNEMENT,OK
TKT14658471374,2026-02-01T13:38:21Z,PMR-NORD,R56684004,ABONNEMENT,OK
TKT11113861555,2026-02-01T13:38:22Z,PORTE-B,R53455400,ABONNEMENT,OK
TKT64692747035,2026-02-01T13:38:23Z,PORTE-C,R55570595,ABONNEMENT,OK
TKT89735628845,2026-02-01T13:38:24Z,PORTE-D,,UNITE,OK
TKT94566913615,2026-02-01T13:38:24Z,PORTE-A,R58100848,UNITE,OK
TKT19922166040,2026-02-01T13:38:24Z,PORTE-D,R52319511,UNITE,OK
TKT50413906302,2026-02-01T13:38:25Z,PORTE-C,R53199712,UNITE,OK
TKT10303735695,2026-02-01T13:38:25Z,PORTE-C,R54570447,UNITE,OK
TKT93055927319,2026-02-01T13:38:26Z,PORTE-A,R55004240,ABONNEMENT,OK
TKT18731638982,2026-02-01T13:38:26Z,PORTE-B,R53276739,UNITE,OK
TKT20174968745,2026-02-01T13:38:26Z,VIP-EST,R55778392,GROUPE,OK
TKT45310353986,2026-02-01T13:38:28Z,PORTE-D,R52221153,ABONNEMENT,OK
TKT21750516447,2026-02-01T13:38:28Z,PORTE-B,,UNITE,OK
TKT61403590084,2026-02-01T13:38:31Z,PORTE-D,R58672375,INVITATION,OK
TKT67922238823,2026-02-01T13:38:32Z,PORTE-C,R51028935,ABONNEMENT,OK
TKT10111621225,2026-02-01T13:38:34Z,VIP-EST,R52143379,UNITE,OK
TKT20890536212,2026-02-01T13:38:34Z,PORTE-A,R51451225,UNITE,OK
TKT83148238918,2026-02-01T13:38:34Z,PORTE-A,,GROUPE,OK
TKT41303400075,2026-02-01T13:38:34Z,PORTE-D,,UNITE,OK
TKT20894036847,2026-02-01T13:38:35Z,PORTE-C,,UNITE,OK
TKT81000629772,2026-02-01T13:38:36Z,PORTE-C,R57481172,UNITE,OK
TKT85659993550,2026-02-01T13:38:36Z,PORTE-D,R53123556,UNITE,REFUSE_INVALIDE
TKT62796288345,2026-02-01T13:38:37Z,PORTE-D,R58562092,UNITE,OK
TKT99293401069,2026-02-01T13:38:38Z,PORTE-D,R52140860,ABONNEMENT,OK
TKT15591455988,2026-02-01T13:38:39Z,VIP-EST,R57084561,ABONNEMENT,OK
TKT49460894421,2026-02-01T13:38:39Z,PORTE-D,R56462711,UNITE,OK
TKT51842181690,2026-02-01T13:38:39Z,PORTE-A,R53870056,UNITE,OK
TKT77421374244,2026-02-01T13:38:41Z,PORTE-C,R52714752,UNITE,OK
TKT16377505779,2026-02-01T13:38:47Z,PORTE-B,R57624614,ABONNEMENT,OK
TKT82078738259,2026-02-01T13:38:48Z,PORTE-D,R55779072,ABONNEMENT,OK
TKT47258295886,2026-02-01T13:38:49Z,PORTE-D,R57288757,ABONNEMENT,OK
TKT22445699431,2026-02-01T13:38:49Z,PORTE-C,R56662338,ABONNEMENT,OK
TKT75052512814,2026-02-01T13:38:49Z,PORTE-D,R52859296,UNITE,OK
TKT50878210114,2026-02-01T13:38:51Z,PORTE-B,R51385155,ABONNEMENT,OK
TKT10537882563,2026-02-01T13:38:54Z,VIP-EST,R58611276,ABONNEMENT,OK
TKT13757008944,2026-02-01T13:38:54Z,PORTE-A,R54947777,ABONNEMENT,OK
TKT85119122131,2026-02-01T13:38:54Z,PORTE-A,R56171938,ABONNEMENT,OK
TKT84602774562,2026-02-01T13:38:54Z,PORTE-D,R53642154,UNITE,OK
TKT71580271748,2026-02-01T13:38:55Z,PORTE-B,R58993175,ABONNEMENT,OK
TKT31022038449,2026-02-01T13:38:55Z,PORTE-D,R55183035,UNITE,OK
TKT74564472207,2026-02-01T13:38:55Z,PORTE-D,R57136800,INVITATION,OK
TKT66292524132,2026-02-01T13:38:55Z,PORTE-A,R58921387,VIP,OK
TKT78405816641,2026-02-01T13:38:55Z,PORTE-D,R57420629,UNITE,OK
TKT74734629155,2026-02-01T13:38:58Z,VIP-EST,,UNITE,OK
TKT49090929820,2026-02-01T13:38:58Z,PORTE-D,R57241010,UNITE,OK
TKT20467218973,2026-02-01T13:38:58Z,PORTE-C,R52304320,UNITE,OK
TKT22766795065,2026-02-01T13:38:58Z,PORTE-C,R52415819,UNITE,OK
TKT80255861708,2026-02-01T13:38:59Z,PORTE-C,R51360511,ABONNEMENT,OK
TKT64871119281,2026-02-01T13:38:59Z,PORTE-C,R57441739,ABONNEMENT,OK
TKT31441217588,2026-02-01T13:38:59Z,PORTE-C,R58338424,UNITE,OK
TKT51956330632,2026-02-01T13:39:00Z,PORTE-D,R51787015,ABONNEMENT,OK
TKT14353342272,2026-02-01T13:39:01Z,PORTE-D,R55037821,ABONNEMENT,OK
TKT50684095852,2026-02-01T13:39:01Z,VIP-EST,R59249332,ABONNEMENT,OK
TKT25717820436,2026-02-01T13:39:01Z,PORTE-D,R56257212,UNITE,OK
TKT72421112594,2026-02-01T13:39:01Z,PORTE-A,,UNITE,OK
TKT40220223626,2026-02-01T13:39:02Z,PORTE-C,R51147867,ABONNEMENT,OK
TKT28179763809,2026-02-01T13:39:02Z,PORTE-A,R58461503,VIP,REFUSE_DEJA_SCANNE
TKT17279253638,2026-02-01T13:39:02Z,PORTE-C,,UNITE,OK
TKT34624169657,2026-02-01T13:39:04Z,PORTE-D,R59150304,UNITE,OK
TKT61767565128,2026-02-01T13:39:04Z,PORTE-A,R55796313,VIP,OK
TKT45860078558,2026-02-01T13:39:05Z,PORTE-C,R56231476,ABONNEMENT,OK
TKT61496841836,2026-02-01T13:39:05Z,PORTE-A,R51053455,ABONNEMENT,OK
TKT40765521461,2026-02-01T13:39:05Z,PORTE-D,R53104898,UNITE,OK
TKT21730613621,2026-02-01T13:39:05Z,PORTE-D,R52944972,UNITE,OK
TKT88284142905,2026-02-01T13:39:06Z,PORTE-C,R58733263,ABONNEMENT,OK
TKT70858027552,2026-02-01T13:39:07Z,PORTE-B,R56919396,ABONNEMENT,OK
TKT94689507772,2026-02-01T13:39:08Z,PORTE-A,R56360206,ABONNEMENT,OK
TKT51236413960,2026-02-01T13:39:08Z,PORTE-C,R56066636,ABONNEMENT,OK
TKT93744663670,2026-02-01T13:39:09Z,PORTE-B,R54524817,ABONNEMENT,OK
TKT89060690818,2026-02-01T13:39:10Z,PORTE-B,R51032077,ABONNEMENT,OK
TKT31142103222,2026-02-01T13:39:10Z,PORTE-B,R58838622,ABONNEMENT,OK
TKT97022749015,2026-02-01T13:39:10Z,PORTE-B,R55659202,UNITE,REFUSE_INVALIDE
TKT45996503567,2026-02-01T13:39:11Z,PORTE-A,,UNITE,OK
TKT88468380301,2026-02-01T13:39:11Z,PORTE-D,R58469060,UNITE,OK
TKT76501874484,2026-02-01T13:39:13Z,PORTE-C,R57650159,UNITE,OK
TKT17327020099,2026-02-01T13:39:13Z,PORTE-C,,UNITE,OK
TKT77306418980,2026-02-01T13:39:15Z,PORTE-A,,UNITE,OK
TKT42526437962,2026-02-01T13:39:15Z,PORTE-A,R59695328,UNITE,OK
TKT56990812921,2026-02-01T13:39:15Z,PORTE-D,,UNITE,OK
TKT19506225793,2026-02-01T13:39:16Z,PORTE-C,R55398878,ABONNEMENT,OK
TKT80429015270,2026-02-01T13:39:16Z,PORTE-D,R54372783,ABONNEMENT,OK
TKT36966698770,2026-02-01T13:39:17Z,PORTE-C,R55864557,ABONNEMENT,OK
TKT93118661773,2026-02-01T13:39:17Z,PORTE-C,R51447078,UNITE,OK
TKT41324331292,2026-02-01T13:39:17Z,PORTE-B,R54169679,UNITE,OK
TKT58865702821,2026-02-01T13:39:18Z,PORTE-B,R54908488,ABONNEMENT,OK
TKT49240308091,2026-02-01T13:39:18Z,PORTE-C,R54848816,UNITE,REFUSE_INVALIDE
TKT75531772881,2026-02-01T13:39:19Z,PORTE-C,R58275888,UNITE,OK
TKT34252538625,2026-02-01T13:39:21Z,PORTE-C,R51414924,UNITE,OK
TKT76200339459,2026-02-01T13:39:22Z,PORTE-D,R58374993,INVITATION,OK
TKT49643077282,2026-02-01T13:39:22Z,PORTE-C,,UNITE,OK
TKT83050608355,2026-02-01T13:39:22Z,VIP-EST,,GROUPE,OK
TKT84568598553,2026-02-01T13:39:23Z,PORTE-B,R54936820,ABONNEMENT,OK
TKT86582627945,2026-02-01T13:39:23Z,VIP-EST,R59182793,UNITE,OK
TKT23343936639,2026-02-01T13:39:24Z,PORTE-A,,VIP,OK
TKT85925137733,2026-02-01T13:39:24Z,PORTE-A,R52565257,UNITE,OK
TKT55786900197,2026-02-01T13:39:26Z,PORTE-D,R56362859,ABONNEMENT,OK
TKT97621344637,2026-02-01T13:39:27Z,PORTE-A,R57887591,ABONNEMENT,OK
TKT63466881466,2026-02-01T13:39:27Z,PORTE-C,R53997081,UNITE,OK
TKT81078858990,2026-02-01T13:39:27Z,PORTE-A,R59784347,VIP,OK
TKT74123146150,2026-02-01T13:39:28Z,PORTE-C,R54587410,ABONNEMENT,OK
TKT52606918255,2026-02-01T13:39:28Z,PORTE-C,R56819132,ABONNEMENT,OK
TKT99634069375,2026-02-01T13:39:29Z,PORTE-A,R51447078,VIP,OK
TKT12810246331,2026-02-01T13:39:31Z,PORTE-C,R54373540,ABONNEMENT,OK
TKT99359447722,2026-02-01T13:39:31Z,PORTE-A,R55668397,UNITE,OK
TKT74024293359,2026-02-01T13:39:31Z,VIP-EST,R51476492,VIP,OK
TKT57649445796,2026-02-01T13:39:31Z,PORTE-D,R56732153,UNITE,OK
TKT39186915360,2026-02-01T13:39:31Z,VIP-EST,,VIP,OK
TKT24989722290,2026-02-01T13:39:32Z,PORTE-A,R58707651,ABONNEMENT,OK
TKT43465504250,2026-02-01T13:39:32Z,PORTE-C,R59014965,ABONNEMENT,OK
TKT25107813711,2026-02-01T13:39:33Z,PORTE-C,R56815665,ABONNEMENT,OK
TKT48693919716,2026-02-01T13:39:33Z,VIP-EST,R55853734,VIP,OK
TKT92691775552,2026-02-01T13:39:35Z,PORTE-A,R54860463,UNITE,OK
TKT79588605607,2026-02-01T13:39:36Z,PORTE-C,R56606354,UNITE,OK
TKT45821381895,2026-02-01T13:39:36Z,PORTE-D,,UNITE,OK
TKT54186683269,2026-02-01T13:39:38Z,PORTE-A,R58652826,ABONNEMENT,OK
TKT34933609190,2026-02-01T13:39:38Z,PORTE-A,R56033065,ABONNEMENT,OK
TKT11556740927,2026-02-01T13:39:38Z,PORTE-C,R53241252,ABONNEMENT,OK
TKT16875165809,2026-02-01T13:39:40Z,PORTE-A,R53023235,ABONNEMENT,OK
TKT77947286848,2026-02-01T13:39:40Z,PORTE-A,R58428324,ABONNEMENT,OK
TKT37988490501,2026-02-01T13:39:40Z,PORTE-C,R54127583,ABONNEMENT,OK
TKT46979195595,2026-02-01T13:39:40Z,PORTE-D,R54655587,UNITE,OK
TKT53409455510,2026-02-01T13:39:41Z,PORTE-C,R54650951,UNITE,OK
TKT53197059794,2026-02-01T13:39:41Z,VIP-EST,R57283518,INVITATION,OK
TKT24686235481,2026-02-01T13:39:41Z,PORTE-A,R54517250,UNITE,OK
TKT63962072291,2026-02-01T13:39:42Z,PORTE-A,R52878222,UNITE,OK
TKT36965977651,2026-02-01T13:39:45Z,PORTE-D,R51348184,ABONNEMENT,OK
TKT88873405076,2026-02-01T13:39:45Z,PORTE-A,R57036268,ABONNEMENT,OK
TKT41552388676,2026-02-01T13:39:45Z,PORTE-D,,UNITE,OK
TKT32969711255,2026-02-01T13:39:46Z,PORTE-C,R55799445,ABONNEMENT,OK
TKT99192764400,2026-02-01T13:39:46Z,PORTE-C,,GROUPE,OK
TKT93713727713,2026-02-01T13:39:46Z,PORTE-C,R55500100,UNITE,OK
TKT91547808616,2026-02-01T13:39:47Z,PORTE-D,,GROUPE,OK
TKT21628209707,2026-02-01T13:39:47Z,PORTE-D,,UNITE,OK
TKT49272916002,2026-02-01T13:39:49Z,PORTE-C,R55977071,ABONNEMENT,OK
TKT35487837077,2026-02-01T13:39:49Z,VIP-EST,R58627750,ABONNEMENT,OK
TKT45700709694,2026-02-01T13:39:50Z,PORTE-C,R56537219,UNITE,OK
TKT17206011529,2026-02-01T13:39:51Z,PORTE-C,R54447703,ABONNEMENT,OK
TKT37886915167,2026-02-01T13:39:51Z,PORTE-D,,UNITE,OK
TKT65198094166,2026-02-01T13:39:51Z,PORTE-C,,GROUPE,OK
TKT74722664185,2026-02-01T13:39:52Z,PORTE-B,R59709092,ABONNEMENT,OK
TKT28027991520,2026-02-01T13:39:53Z,PORTE-C,R52214966,ABONNEMENT,OK
TKT26610188610,2026-02-01T13:39:53Z,PORTE-D,,UNITE,OK
TKT27381370155,2026-02-01T13:39:54Z,VIP-EST,R52094329,ABONNEMENT,OK
TKT86318674309,2026-02-01T13:39:54Z,PORTE-C,R53604081,UNITE,OK
TKT26346473521,2026-02-01T13:39:55Z,PORTE-D,R52440550,ABONNEMENT,OK
TKT79065290119,2026-02-01T13:39:56Z,PORTE-D,R52587727,UNITE,OK
TKT38531858201,2026-02-01T13:39:57Z,PORTE-D,R57118889,UNITE,OK
TKT94826707129,2026-02-01T13:39:58Z,PORTE-C,R58700774,UNITE,OK
TKT79386968641,2026-02-01T13:40:00Z,PORTE-D,R52606060,ABONNEMENT,OK
TKT34207776490,2026-02-01T13:40:00Z,VIP-EST,R54445529,ABONNEMENT,OK
TKT99761886045,2026-02-01T13:40:00Z,PORTE-D,R57278336,ABONNEMENT,OK
TKT74759972831,2026-02-01T13:40:01Z,PORTE-C,R52448576,ABONNEMENT,OK
TKT83893090710,2026-02-01T13:40:02Z,VIP-EST,R57498614,ABONNEMENT,OK
TKT28422638657,2026-02-01T13:40:02Z,PORTE-C,R55539533,ABONNEMENT,OK
TKT93801015959,2026-02-01T13:40:02Z,PORTE-C,R56461820,ABONNEMENT,OK
TKT69579439439,2026-02-01T13:40:02Z,PORTE-C,R55896222,ABONNEMENT,OK
TKT10396014406,2026-02-01T13:40:02Z,PORTE-D,R53379857,UNITE,OK
TKT97492086506,2026-02-01T13:40:02Z,PORTE-A,R54566836,UNITE,OK
TKT66129085294,2026-02-01T13:40:04Z,PORTE-D,R54767421,ABONNEMENT,OK
TKT49208448186,2026-02-01T13:40:05Z,PORTE-A,R51407022,UNITE,OK
TKT67086447343,2026-02-01T13:40:06Z,PORTE-C,R54224849,ABONNEMENT,OK
TKT35237798806,2026-02-01T13:40:06Z,PORTE-C,R51681713,UNITE,OK
TKT94868514904,2026-02-01T13:40:08Z,PORTE-A,R59134500,ABONNEMENT,OK
TKT74150209693,2026-02-01T13:40:09Z,PORTE-C,,UNITE,OK
TKT46186826283,2026-02-01T13:40:10Z,PORTE-A,R51908466,ABONNEMENT,OK
TKT89060690818,2026-02-01T13:40:10Z,PORTE-B,R51032077,ABONNEMENT,REFUSE_DEJA_SCANNE
TKT16418588776,2026-02-01T13:40:10Z,PORTE-D,R58398086,UNITE,REFUSE_INVALIDE
TKT89519415751,2026-02-01T13:40:11Z,PORTE-D,R55932801,UNITE,OK
TKT40694451164,2026-02-01T13:40:12Z,PORTE-C,R53747734,ABONNEMENT,OK
TKT44897659597,2026-02-01T13:40:13Z,PORTE-D,R55057648,UNITE,OK
TKT24107990849,2026-02-01T13:40:14Z,PORTE-D,R56858565,UNITE,OK
TKT52058292393,2026-02-01T13:40:15Z,PORTE-C,R59216508,UNITE,OK
TKT41758058949,2026-02-01T13:40:16Z,PORTE-C,R56502345,ABONNEMENT,OK
TKT56041344457,2026-02-01T13:40:16Z,PORTE-D,R58742803,UNITE,OK
TKT71349028642,2026-02-01T13:40:16Z,PORTE-D,R58632587,UNITE,OK
TKT93929837647,2026-02-01T13:40:17Z,PORTE-D,R57619978,UNITE,OK
TKT91520543017,2026-02-01T13:40:17Z,PORTE-D,R51430929,UNITE,OK
TKT73497749837,2026-02-01T13:40:19Z,PORTE-D,R54121453,UNITE,OK
TKT47921425297,2026-02-01T13:40:20Z,VIP-EST,R53455946,ABONNEMENT,OK
TKT44304202669,2026-02-01T13:40:20Z,PORTE-D,,UNITE,OK
TKT77058106477,2026-02-01T13:40:22Z,PORTE-B,,GROUPE,OK
TKT52283093894,2026-02-01T13:40:22Z,PORTE-D,R57493710,UNITE,OK
TKT75142061079,2026-02-01T13:40:24Z,PORTE-C,R52362086,ABONNEMENT,OK
TKT73189779298,2026-02-01T13:40:24Z,PORTE-D,R58092410,UNITE,OK
TKT72066141184,2026-02-01T13:40:25Z,PORTE-C,R53840642,ABONNEMENT,OK
TKT31723241399,2026-02-01T13:40:25Z,PORTE-C,R51142752,ABONNEMENT,OK
TKT17261446307,2026-02-01T13:40:26Z,PORTE-A,R57261584,VIP,OK
TKT21445515494,2026-02-01T13:40:27Z,PORTE-C,R54462291,ABONNEMENT,OK
TKT66207264628,2026-02-01T13:40:27Z,PORTE-A,R52280145,ABONNEMENT,OK
TKT25367673803,2026-02-01T13:40:28Z,PORTE-C,R52421125,UNITE,OK
TKT96003073226,2026-02-01T13:40:29Z,PORTE-D,R51584390,UNITE,OK
TKT74220281687,2026-02-01T13:40:30Z,PORTE-D,R59336378,UNITE,OK
TKT45336009374,2026-02-01T13:40:31Z,PORTE-D,R57562634,ABONNEMENT,OK
TKT96069472089,2026-02-01T13:40:31Z,PORTE-D,R59965393,UNITE,OK
TKT22005512518,2026-02-01T13:40:31Z,PORTE-C,R52319377,UNITE,OK
TKT60160465820,2026-02-01T13:40:32Z,PORTE-A,R53266452,ABONNEMENT,OK
TKT30076664877,2026-02-01T13:40:33Z,VIP-EST,R59737903,ABONNEMENT,OK
TKT70259591166,2026-02-01T13:40:35Z,PORTE-D,,UNITE,OK
TKT44502511072,2026-02-01T13:40:35Z,PORTE-D,,UNITE,OK
TKT60433562777,2026-02-01T13:40:36Z,PORTE-C,R57923212,ABONNEMENT,OK
TKT51759168039,2026-02-01T13:40:36Z,PORTE-D,R57977836,ABONNEMENT,OK
TKT92274328939,2026-02-01T13:40:37Z,PORTE-A,R52412821,ABONNEMENT,OK
TKT98894998124,2026-02-01T13:40:37Z,PORTE-B,R59334549,UNITE,OK
TKT22477183535,2026-02-01T13:40:37Z,PORTE-C,R55117032,UNITE,OK
TKT71028358361,2026-02-01T13:40:38Z,PORTE-B,R55834721,ABONNEMENT,OK
TKT99935953244,2026-02-01T13:40:38Z,PORTE-D,R59611481,ABONNEMENT,OK
TKT91152043405,2026-02-01T13:40:38Z,PORTE-D,R59450396,UNITE,OK
TKT50329694340,2026-02-01T13:40:39Z,PORTE-A,R51321068,ABONNEMENT,OK
TKT78142515623,2026-02-01T13:40:40Z,PORTE-D,R52391701,UNITE,OK
TKT37512358803,2026-02-01T13:40:41Z,VIP-EST,R55319255,UNITE,OK
TKT55636999773,2026-02-01T13:40:42Z,PORTE-C,R54458469,ABONNEMENT,OK
TKT34597978740,2026-02-01T13:40:43Z,PORTE-C,R57932005,ABONNEMENT,OK
TKT41294142014,2026-02-01T13:40:43Z,PORTE-D,,UNITE,OK
TKT39011940803,2026-02-01T13:40:44Z,PORTE-A,R56906111,VIP,OK
TKT86382491041,2026-02-01T13:40:45Z,PORTE-D,R57519446,UNITE,OK
TKT36286605923,2026-02-01T13:40:46Z,PORTE-C,R52704341,UNITE,OK
TKT46478524133,2026-02-01T13:40:47Z,PORTE-D,R55402556,ABONNEMENT,OK
TKT87858857192,2026-02-01T13:40:48Z,PORTE-C,R53773202,ABONNEMENT,OK
TKT71877311976,2026-02-01T13:40:48Z,PORTE-C,R58943378,ABONNEMENT,OK
TKT86225833474,2026-02-01T13:40:50Z,PORTE-D,R57018568,ABONNEMENT,OK
TKT92801836671,2026-02-01T13:40:50Z,PORTE-C,R53913780,ABONNEMENT,OK
TKT97836293646,2026-02-01T13:40:51Z,PORTE-D,R59674630,ABONNEMENT,OK
TKT16002418997,2026-02-01T13:40:51Z,PORTE-D,R56396028,UNITE,OK
TKT92592255170,2026-02-01T13:40:52Z,PORTE-A,R52792201,ABONNEMENT,OK
TKT61884316500,2026-02-01T13:40:52Z,PORTE-D,R55938663,UNITE,OK
TKT86705973754,2026-02-01T13:40:52Z,PORTE-C,R51546920,UNITE,OK
TKT13705923136,2026-02-01T13:40:54Z,PORTE-C,R51757122,ABONNEMENT,OK
TKT14772387453,2026-02-01T13:40:54Z,PORTE-A,R54900653,ABONNEMENT,OK
TKT91965639183,2026-02-01T13:40:55Z,PORTE-B,R59760105,ABONNEMENT,OK
TKT97909130496,2026-02-01T13:40:55Z,PORTE-C,R57438607,INVITATION,OK
TKT30999963609,2026-02-01T13:40:55Z,PORTE-C,R55489679,UNITE,OK
TKT94559621512,2026-02-01T13:40:56Z,VIP-EST,R54392878,ABONNEMENT,OK
TKT79891068464,2026-02-01T13:40:57Z,PORTE-D,R56307344,ABONNEMENT,OK
TKT14315337842,2026-02-01T13:40:57Z,VIP-EST,R51414512,ABONNEMENT,OK
TKT49380638494,2026-02-01T13:40:57Z,PORTE-D,R55110289,UNITE,OK
TKT85334473858,2026-02-01T13:40:59Z,PORTE-C,R56273495,ABONNEMENT,OK
TKT18987606414,2026-02-01T13:40:59Z,VIP-EST,R52019342,ABONNEMENT,OK
TKT56054726904,2026-02-01T13:40:59Z,PORTE-D,R53607702,UNITE,OK
TKT85758097633,2026-02-01T13:40:59Z,PORTE-D,R56862454,UNITE,OK
TKT61932606449,2026-02-01T13:40:59Z,PORTE-C,R53662862,UNITE,OK
TKT82303194739,2026-02-01T13:41:00Z,PORTE-A,R51527793,UNITE,OK
TKT40199287871,2026-02-01T13:41:01Z,PORTE-D,R51854033,ABONNEMENT,OK
TKT75735295042,2026-02-01T13:41:01Z,PORTE-C,R59640637,UNITE,OK
TKT81238124407,2026-02-01T13:41:03Z,PORTE-A,R59621289,ABONNEMENT,OK
TKT94019742557,2026-02-01T13:41:04Z,PORTE-C,R58276990,ABONNEMENT,OK
TKT78476303266,2026-02-01T13:41:07Z,PORTE-A,R54568541,ABONNEMENT,OK
TKT21707216641,2026-02-01T13:41:07Z,VIP-EST,R55868714,ABONNEMENT,OK
TKT78199475306,2026-02-01T13:41:07Z,VIP-EST,R53693579,ABONNEMENT,OK
TKT65260509517,2026-02-01T13:41:07Z,PORTE-C,R55709123,UNITE,OK
TKT67012187577,2026-02-01T13:41:08Z,PORTE-D,R57749264,ABONNEMENT,OK
TKT83434494190,2026-02-01T13:41:08Z,PORTE-C,R58305255,ABONNEMENT,OK
TKT62553920607,2026-02-01T13:41:08Z,VIP-EST,R58385347,VIP,OK
TKT26553401587,2026-02-01T13:41:10Z,VIP-EST,R54896841,ABONNEMENT,OK
TKT55311141435,2026-02-01T13:41:11Z,PORTE-C,R59942444,ABONNEMENT,OK
TKT66320875619,2026-02-01T13:41:11Z,PORTE-C,R57293805,ABONNEMENT,OK
TKT52097033779,2026-02-01T13:41:11Z,PORTE-C,R57204230,ABONNEMENT,OK
TKT52747959848,2026-02-01T13:41:11Z,PORTE-D,R51021646,ABONNEMENT,OK
TKT56327938798,2026-02-01T13:41:11Z,PORTE-A,R54805772,UNITE,OK
TKT68749761406,2026-02-01T13:41:11Z,PORTE-C,,INVITATION,OK
TKT38053819068,2026-02-01T13:41:12Z,PORTE-B,R52706783,ABONNEMENT,OK
TKT82103960014,2026-02-01T13:41:13Z,PORTE-D,R54685212,UNITE,OK
TKT41520779090,2026-02-01T13:41:14Z,PORTE-C,R53634061,ABONNEMENT,OK
TKT85227148370,2026-02-01T13:41:14Z,PORTE-C,R58982955,ABONNEMENT,OK
TKT66900562532,2026-02-01T13:41:14Z,PORTE-A,R54628538,ABONNEMENT,OK
TKT60844592860,2026-02-01T13:41:15Z,PORTE-D,R51067420,UNITE,OK
TKT86774615030,2026-02-01T13:41:16Z,PORTE-D,R54350035,ABONNEMENT,OK
TKT61760695771,2026-02-01T13:41:17Z,PORTE-A,R55776687,UNITE,OK
TKT34210589469,2026-02-01T13:41:18Z,PORTE-C,R59567556,ABONNEMENT,OK
TKT42990398785,2026-02-01T13:41:18Z,PORTE-D,R52489446,ABONNEMENT,OK
TKT63437539895,2026-02-01T13:41:18Z,PORTE-D,R59799069,UNITE,OK
TKT35458711382,2026-02-01T13:41:19Z,PORTE-D,R57892706,ABONNEMENT,OK
TKT16686031225,2026-02-01T13:41:19Z,PORTE-B,R52267684,INVITATION,OK
TKT50240001651,2026-02-01T13:41:19Z,PORTE-C,R51216456,UNITE,OK
TKT53270821411,2026-02-01T13:41:20Z,PORTE-C,R53227833,ABONNEMENT,OK
TKT90434758517,2026-02-01T13:41:20Z,PORTE-C,,UNITE,OK
TKT15561671665,2026-02-01T13:41:22Z,PORTE-C,R52169661,ABONNEMENT,OK
TKT96131244761,2026-02-01T13:41:22Z,PORTE-C,R54356845,UNITE,OK
TKT35633140765,2026-02-01T13:41:22Z,PORTE-D,R57912456,INVITATION,OK
TKT59102778026,2026-02-01T13:41:22Z,PORTE-C,R53131592,UNITE,OK
TKT72327869661,2026-02-01T13:41:24Z,PORTE-C,R54144201,ABONNEMENT,OK
TKT37864058414,2026-02-01T13:41:26Z,PORTE-D,,UNITE,OK
TKT53937494467,2026-02-01T13:41:27Z,PORTE-C,R51844168,ABONNEMENT,OK
TKT75982427651,2026-02-01T13:41:29Z,VIP-EST,R55259181,VIP,OK
TKT37606530952,2026-02-01T13:41:30Z,PORTE-C,R55496422,ABONNEMENT,OK
TKT78619407900,2026-02-01T13:41:32Z,PORTE-D,,UNITE,OK
TKT55956712746,2026-02-01T13:41:33Z,PORTE-A,R54969979,ABONNEMENT,OK
TKT67817532946,2026-02-01T13:41:34Z,PORTE-A,R55880907,ABONNEMENT,OK
TKT23268513451,2026-02-01T13:41:34Z,VIP-EST,R58048264,UNITE,OK
TKT85537846033,2026-02-01T13:41:35Z,PORTE-A,R57695933,UNITE,OK
TKT61121900761,2026-02-01T13:41:36Z,PORTE-A,R53576707,ABONNEMENT,OK
TKT79203088807,2026-02-01T13:41:37Z,PORTE-C,R57372805,UNITE,OK
TKT33421209655,2026-02-01T13:41:38Z,VIP-EST,R55884997,ABONNEMENT,OK
TKT24515060596,2026-02-01T13:41:38Z,PORTE-A,R56897730,ABONNEMENT,OK
TKT55382319937,2026-02-01T13:41:38Z,PORTE-D,R56343099,UNITE,OK
TKT12807162357,2026-02-01T13:41:39Z,PORTE-C,R51085331,ABONNEMENT,OK
TKT26504542029,2026-02-01T13:41:39Z,PORTE-A,R52651000,VIP,OK
TKT96345586200,2026-02-01T13:41:39Z,PORTE-A,R52317739,VIP,OK
TKT65997039484,2026-02-01T13:41:40Z,PORTE-D,R51577034,ABONNEMENT,OK
TKT69112432216,2026-02-01T13:41:40Z,PORTE-C,R57665350,ABONNEMENT,REFUSE_DEJA_SCANNE
TKT94588914749,2026-02-01T13:41:41Z,VIP-EST,R56782553,ABONNEMENT,OK
TKT25473572520,2026-02-01T13:41:43Z,PORTE-C,R53518874,UNITE,OK
TKT52504669245,2026-02-01T13:41:44Z,PORTE-D,,UNITE,OK
TKT23594433668,2026-02-01T13:41:45Z,PORTE-A,R55961957,ABONNEMENT,OK
TKT94340396087,2026-02-01T13:41:49Z,VIP-EST,R53420938,ABONNEMENT,OK
TKT23042060084,2026-02-01T13:41:49Z,PORTE-D,R58556920,UNITE,OK
TKT56085628749,2026-02-01T13:41:52Z,PORTE-D,R58358586,ABONNEMENT,OK
TKT59526698578,2026-02-01T13:41:52Z,PORTE-B,R52586032,ABONNEMENT,OK
TKT48440485665,2026-02-01T13:41:52Z,PORTE-D,R51973712,ABONNEMENT,OK
TKT50402444975,2026-02-01T13:41:52Z,VIP-EST,R55476116,ABONNEMENT,OK
TKT27496495497,2026-02-01T13:41:53Z,PORTE-D,,INVITATION,OK
TKT41436014424,2026-02-01T13:41:55Z,PORTE-B,R59553859,ABONNEMENT,OK
TKT94080217709,2026-02-01T13:41:55Z,PORTE-C,R58409187,UNITE,OK
TKT28295829833,2026-02-01T13:41:56Z,PORTE-C,R55309514,ABONNEMENT,OK
TKT54893955107,2026-02-01T13:41:58Z,PORTE-D,R53757130,ABONNEMENT,OK
TKT44802117080,2026-02-01T13:41:58Z,PORTE-D,R52969147,UNITE,OK
TKT21307179206,2026-02-01T13:42:00Z,VIP-EST,R57272350,UNITE,OK
TKT89338484166,2026-02-01T13:42:00Z,PORTE-C,R59065854,UNITE,OK
TKT96480484608,2026-02-01T13:42:01Z,PORTE-D,R56433622,UNITE,OK
TKT46291934844,2026-02-01T13:42:01Z,PORTE-A,R58408775,UNITE,OK
TKT18839768426,2026-02-01T13:42:01Z,PORTE-D,,UNITE,OK
TKT67029857420,2026-02-01T13:42:02Z,PORTE-D,R59583839,UNITE,OK
TKT74579867222,2026-02-01T13:42:02Z,PORTE-D,R58707172,UNITE,OK
TKT72182429630,2026-02-01T13:42:03Z,PORTE-B,R59268824,ABONNEMENT,OK
TKT18411488752,2026-02-01T13:42:04Z,PORTE-C,,UNITE,OK
TKT55419459714,2026-02-01T13:42:05Z,VIP-EST,R51054078,ABONNEMENT,OK
TKT92808228041,2026-02-01T13:42:05Z,VIP-EST,R52587871,ABONNEMENT,OK
TKT20501378444,2026-02-01T13:42:05Z,PORTE-D,R56177321,ABONNEMENT,OK
TKT30608161662,2026-02-01T13:42:06Z,PORTE-D,R53523510,UNITE,OK
TKT66102945363,2026-02-01T13:42:06Z,PORTE-A,R54213001,UNITE,OK
TKT62804036094,2026-02-01T13:42:06Z,PORTE-B,,UNITE,OK
TKT76364480264,2026-02-01T13:42:06Z,PORTE-B,R54201354,UNITE,REFUSE_DEJA_SCANNE
TKT87835807075,2026-02-01T13:42:06Z,PORTE-D,R52214343,UNITE,OK
TKT56606837415,2026-02-01T13:42:07Z,PORTE-A,R54927960,ABONNEMENT,OK
TKT72251053285,2026-02-01T13:42:07Z,PORTE-B,R51784362,GROUPE,OK
TKT34044925916,2026-02-01T13:42:08Z,PORTE-D,R52620494,UNITE,OK
TKT28552931026,2026-02-01T13:42:09Z,PORTE-D,R59230339,ABONNEMENT,OK
TKT32833670777,2026-02-01T13:42:09Z,PORTE-C,R58084163,ABONNEMENT,OK
TKT94499345060,2026-02-01T13:42:09Z,PORTE-D,R56041915,ABONNEMENT,OK
TKT40210275441,2026-02-01T13:42:11Z,PORTE-A,R54576510,ABONNEMENT,OK
TKT21763018180,2026-02-01T13:42:11Z,VIP-EST,R51527649,ABONNEMENT,OK
TKT28524927160,2026-02-01T13:42:11Z,PORTE-D,R57567059,UNITE,OK
TKT98717210246,2026-02-01T13:42:12Z,VIP-EST,R52889946,VIP,OK
TKT50656050739,2026-02-01T13:42:13Z,PORTE-D,R55853935,ABONNEMENT,OK
TKT22768281860,2026-02-01T13:42:13Z,PORTE-C,R51612990,ABONNEMENT,OK
TKT26844918831,2026-02-01T13:42:13Z,PORTE-B,R52286878,ABONNEMENT,OK
TKT26475220897,2026-02-01T13:42:13Z,PORTE-C,,GROUPE,OK
TKT67862897876,2026-02-01T13:42:14Z,PORTE-B,R56919942,UNITE,OK
TKT10150684051,2026-02-01T13:42:15Z,PORTE-C,,UNITE,OK
TKT58276625485,2026-02-01T13:42:16Z,PORTE-D,R58889099,ABONNEMENT,OK
TKT20038177064,2026-02-01T13:42:19Z,PORTE-D,R53144274,UNITE,OK
TKT96490172896,2026-02-01T13:42:20Z,PORTE-C,R53301403,ABONNEMENT,OK
TKT80691699297,2026-02-01T13:42:21Z,PORTE-D,,GROUPE,OK
TKT49624626189,2026-02-01T13:42:23Z,PORTE-B,,UNITE,OK
TKT47792928703,2026-02-01T13:42:23Z,PORTE-A,R51759631,VIP,OK
TKT48591829298,2026-02-01T13:42:24Z,PORTE-B,,INVITATION,OK
TKT58502854921,2026-02-01T13:42:24Z,PORTE-B,R59555641,UNITE,REFUSE_DEJA_SCANNE
TKT55576220020,2026-02-01T13:42:25Z,PORTE-C,R57940922,ABONNEMENT,OK
TKT62415620840,2026-02-01T13:42:26Z,PORTE-C,R51012863,ABONNEMENT,OK
TKT66732438796,2026-02-01T13:42:26Z,PORTE-C,R54034953,UNITE,OK
TKT12511174618,2026-02-01T13:42:27Z,VIP-EST,R57660302,ABONNEMENT,OK
TKT62699603779,2026-02-01T13:42:27Z,PORTE-A,,UNITE,OK
TKT77359056682,2026-02-01T13:42:28Z,VIP-EST,R51002988,ABONNEMENT,OK
TKT62311303804,2026-02-01T13:42:29Z,PORTE-C,R55721594,UNITE,OK
TKT38148143871,2026-02-01T13:42:29Z,PORTE-D,,UNITE,OK
TKT42147691106,2026-02-01T13:42:30Z,PORTE-C,,GROUPE,OK
TKT19330421398,2026-02-01T13:42:30Z,PORTE-C,R54198289,UNITE,OK
TKT35807756078,2026-02-01T13:42:30Z,VIP-EST,R52869228,UNITE,OK
TKT60160465820,2026-02-01T13:42:32Z,PORTE-A,R53266452,ABONNEMENT,REFUSE_DEJA_SCANNE
TKT33856226157,2026-02-01T13:42:32Z,PORTE-D,,UNITE,OK
TKT15805504597,2026-02-01T13:42:32Z,PORTE-D,R54654160,UNITE,OK
TKT80585390026,2026-02-01T13:42:33Z,PORTE-D,R58661887,ABONNEMENT,OK
TKT37820408462,2026-02-01T13:42:33Z,PORTE-D,R55888263,ABONNEMENT,OK
TKT21673708963,2026-02-01T13:42:33Z,PORTE-C,R52071313,GROUPE,OK
TKT99949849686,2026-02-01T13:42:34Z,PORTE-B,R57768200,ABONNEMENT,OK
TKT65637461312,2026-02-01T13:42:34Z,PORTE-C,R57053710,UNITE,OK
TKT98282994255,2026-02-01T13:42:35Z,PORTE-A,R54635971,ABONNEMENT,OK
TKT74474809185,2026-02-01T13:42:35Z,PORTE-C,R53529640,ABONNEMENT,OK
TKT18388550032,2026-02-01T13:42:35Z,PORTE-A,R51619264,UNITE,OK
TKT87864013685,2026-02-01T13:42:38Z,PORTE-C,R51708829,UNITE,OK
TKT95399087285,2026-02-01T13:42:38Z,PORTE-D,,INVITATION,OK
TKT89875220079,2026-02-01T13:42:39Z,PORTE-B,R54683172,ABONNEMENT,OK
TKT21487223755,2026-02-01T13:42:40Z,PORTE-A,R55947657,ABONNEMENT,OK
TKT94415547597,2026-02-01T13:42:42Z,PORTE-B,R57720443,UNITE,OK
TKT14965356618,2026-02-01T13:42:42Z,PORTE-D,R59949388,UNITE,OK
TKT68854355546,2026-02-01T13:42:42Z,PORTE-C,,UNITE,OK
TKT39678503949,2026-02-01T13:42:44Z,PORTE-C,R51719719,UNITE,OK
TKT97005646231,2026-02-01T13:42:45Z,PMR-NORD,R55662066,UNITE,OK
TKT83878775586,2026-02-01T13:42:45Z,PORTE-C,R54420396,UNITE,OK
TKT58393508967,2026-02-01T13:42:45Z,PORTE-B,R59286936,UNITE,OK
TKT45700709694,2026-02-01T13:42:50Z,PORTE-C,R56537219,UNITE,REFUSE_DEJA_SCANNE
TKT39298617436,2026-02-01T13:42:50Z,PORTE-D,,UNITE,OK
TKT44512610535,2026-02-01T13:42:51Z,PORTE-C,R55874777,ABONNEMENT,OK
TKT39834720061,2026-02-01T13:42:51Z,VIP-EST,,UNITE,OK
TKT96245806761,2026-02-01T13:42:52Z,PORTE-C,R56666428,UNITE,OK
TKT83803408054,2026-02-01T13:42:54Z,PORTE-D,R58334679,ABONNEMENT,OK
TKT39943584097,2026-02-01T13:42:54Z,VIP-EST,R53757877,ABONNEMENT,OK
TKT29047325122,2026-02-01T13:42:54Z,PORTE-C,R52465405,UNITE,OK
TKT46497514981,2026-02-01T13:42:55Z,PORTE-C,R56439273,ABONNEMENT,OK
TKT77749668693,2026-02-01T13:42:55Z,PORTE-D,,UNITE,OK
TKT77157524372,2026-02-01T13:42:56Z,PORTE-B,R59934609,ABONNEMENT,OK
TKT27041840052,2026-02-01T13:42:56Z,PORTE-D,R51916425,UNITE,OK
TKT16396504308,2026-02-01T13:42:57Z,PORTE-C,R52693163,ABONNEMENT,OK
TKT35395616802,2026-02-01T13:42:58Z,PORTE-C,,GROUPE,OK
TKT18899565002,2026-02-01T13:42:58Z,PORTE-D,,UNITE,OK
TKT48163462470,2026-02-01T13:42:59Z,PORTE-D,R54316521,UNITE,OK
TKT22291504102,2026-02-01T13:43:01Z,PORTE-A,R56517000,ABONNEMENT,OK
TKT51435538521,2026-02-01T13:43:01Z,PORTE-A,R57165688,ABONNEMENT,OK
TKT80104359230,2026-02-01T13:43:01Z,PORTE-D,R52152497,UNITE,OK
TKT45635076513,2026-02-01T13:43:01Z,PORTE-A,R58729652,UNITE,OK
TKT38875549043,2026-02-01T13:43:02Z,PORTE-C,R51529699,ABONNEMENT,OK
TKT84302430053,2026-02-01T13:43:02Z,PORTE-C,R58750360,UNITE,OK
TKT58302185150,2026-02-01T13:43:03Z,PORTE-C,R54936341,UNITE,OK
TKT29636304837,2026-02-01T13:43:03Z,PORTE-C,R59356751,UNITE,OK
TKT50643278279,2026-02-01T13:43:04Z,PORTE-D,R57364223,ABONNEMENT,OK
TKT26866496377,2026-02-01T13:43:04Z,PORTE-C,,UNITE,OK
TKT78982524415,2026-02-01T13:43:05Z,PORTE-D,R52003136,ABONNEMENT,OK
TKT30500871037,2026-02-01T13:43:05Z,PORTE-D,R52379987,UNITE,OK
TKT78051680204,2026-02-01T13:43:06Z,PORTE-C,R58122447,UNITE,OK
TKT60897621736,2026-02-01T13:43:07Z,VIP-EST,R59746284,ABONNEMENT,OK
TKT62930891144,2026-02-01T13:43:07Z,PORTE-C,R54481294,ABONNEMENT,OK
TKT31042775804,2026-02-01T13:43:07Z,PORTE-D,R52362699,UNITE,OK
TKT32120398001,2026-02-01T13:43:08Z,PORTE-D,R56895891,UNITE,OK
TKT18785640572,2026-02-01T13:43:08Z,PORTE-C,,UNITE,OK
TKT97290868095,2026-02-01T13:43:10Z,PORTE-C,R56539135,ABONNEMENT,OK
TKT49641132622,2026-02-01T13:43:10Z,PORTE-D,R57554933,ABONNEMENT,OK
TKT28774948377,2026-02-01T13:43:10Z,PORTE-D,R51308674,UNITE,OK
TKT23448229424,2026-02-01T13:43:12Z,PORTE-B,R54450567,ABONNEMENT,OK
TKT83837729642,2026-02-01T13:43:12Z,PORTE-D,R55295559,UNITE,OK
TKT72106166008,2026-02-01T13:43:12Z,PORTE-D,R54224514,UNITE,OK
TKT91689867526,2026-02-01T13:43:13Z,PORTE-D,R57915042,ABONNEMENT,OK
TKT28799087492,2026-02-01T13:43:13Z,PMR-NORD,R56113837,UNITE,OK
TKT16965857580,2026-02-01T13:43:14Z,VIP-EST,R56680182,ABONNEMENT,OK
TKT60049799772,2026-02-01T13:43:15Z,PORTE-C,R58732305,UNITE,OK
TKT44699410931,2026-02-01T13:43:16Z,VIP-EST,R53323950,ABONNEMENT,OK
TKT98495198210,2026-02-01T13:43:16Z,PORTE-A,R54311617,UNITE,OK
TKT60900288113,2026-02-01T13:43:17Z,VIP-EST,R57671346,ABONNEMENT,OK
TKT93120693132,2026-02-01T13:43:18Z,PORTE-C,R55520386,ABONNEMENT,OK
TKT34759983651,2026-02-01T13:43:19Z,PORTE-C,R51043245,ABONNEMENT,OK
TKT47269687120,2026-02-01T13:43:19Z,PORTE-A,R52310038,ABONNEMENT,OK
TKT65790798257,2026-02-01T13:43:22Z,PORTE-A,R57943029,ABONNEMENT,OK
TKT34621222450,2026-02-01T13:43:23Z,PORTE-D,R58854436,ABONNEMENT,OK
TKT95152677117,2026-02-01T13:43:23Z,PORTE-C,R57898280,ABONNEMENT,OK
TKT94478896346,2026-02-01T13:43:24Z,PORTE-C,R52253719,UNITE,OK
TKT52339572226,2026-02-01T13:43:25Z,PORTE-C,R56307277,ABONNEMENT,OK
TKT44602568280,2026-02-01T13:43:26Z,PORTE-D,R51049375,UNITE,REFUSE_DEJA_SCANNE
TKT43786702886,2026-02-01T13:43:27Z,PORTE-C,R57000178,ABONNEMENT,OK
TKT88232086287,2026-02-01T13:43:29Z,PORTE-A,R52173272,ABONNEMENT,OK
TKT49816100616,2026-02-01T13:43:29Z,PORTE-C,,UNITE,OK
TKT92836906643,2026-02-01T13:43:30Z,PORTE-D,,UNITE,OK
TKT47004784107,2026-02-01T13:43:30Z,PORTE-C,R51845317,UNITE,OK
TKT47803296518,2026-02-01T13:43:32Z,PORTE-D,R54081139,ABONNEMENT,OK
TKT71943082185,2026-02-01T13:43:32Z,VIP-EST,R55194548,ABONNEMENT,OK
TKT27906506144,2026-02-01T13:43:32Z,PORTE-B,R55786907,UNITE,OK
TKT20199161501,2026-02-01T13:43:38Z,PORTE-A,R58493101,UNITE,OK
TKT41354611926,2026-02-01T13:43:40Z,PORTE-C,R53173832,UNITE,OK
TKT28573401707,2026-02-01T13:43:40Z,PORTE-D,,UNITE,OK
TKT30937419672,2026-02-01T13:43:41Z,VIP-EST,R58710850,ABONNEMENT,OK
TKT55722924164,2026-02-01T13:43:41Z,PORTE-A,R56251628,ABONNEMENT,OK
TKT33614507467,2026-02-01T13:43:41Z,PORTE-A,R58786182,UNITE,OK
TKT56242848388,2026-02-01T13:43:42Z,PORTE-A,R58913351,ABONNEMENT,OK
TKT34197242833,2026-02-01T13:43:42Z,PORTE-C,R53971134,ABONNEMENT,OK
TKT41099335699,2026-02-01T13:43:43Z,PORTE-C,R55221932,ABONNEMENT,OK
TKT25765734907,2026-02-01T13:43:43Z,PORTE-C,R53744257,ABONNEMENT,OK
TKT50485925139,2026-02-01T13:43:44Z,PORTE-D,R51915410,UNITE,OK
TKT64471066741,2026-02-01T13:43:44Z,PORTE-C,,INVITATION,OK
TKT23465948612,2026-02-01T13:43:46Z,PORTE-C,R51976777,UNITE,OK
TKT11763629047,2026-02-01T13:43:49Z,PORTE-D,R58644110,ABONNEMENT,OK
TKT93514992803,2026-02-01T13:43:49Z,PORTE-C,,UNITE,OK
TKT10640331180,2026-02-01T13:43:50Z,PORTE-D,R57716708,UNITE,OK
TKT21630967237,2026-02-01T13:43:52Z,PORTE-A,R56051723,ABONNEMENT,OK
TKT77172051821,2026-02-01T13:43:53Z,PMR-NORD,R55722552,ABONNEMENT,OK
TKT58080183103,2026-02-01T13:43:53Z,PORTE-D,R54250116,UNITE,OK
TKT74762943062,2026-02-01T13:43:54Z,PORTE-D,R52254255,UNITE,OK
TKT82087849420,2026-02-01T13:43:54Z,PORTE-C,R52342058,UNITE,OK
TKT86665016189,2026-02-01T13:43:55Z,PORTE-C,R56811920,ABONNEMENT,OK
TKT82748052071,2026-02-01T13:43:56Z,PORTE-A,R54484905,UNITE,OK
TKT59348169082,2026-02-01T13:43:57Z,PORTE-C,R54678536,ABONNEMENT,OK
TKT56361549661,2026-02-01T13:43:58Z,PORTE-B,R59128916,ABONNEMENT,OK
TKT83661274140,2026-02-01T13:43:58Z,VIP-EST,R53121583,UNITE,OK
TKT91433617300,2026-02-01T13:43:59Z,PORTE-D,R53951729,ABONNEMENT,OK
TKT98713216668,2026-02-01T13:43:59Z,PORTE-D,R56947728,UNITE,OK
TKT98377095928,2026-02-01T13:44:00Z,PORTE-D,R53321967,ABONNEMENT,OK
TKT45836989472,2026-02-01T13:44:00Z,PORTE-D,R59824125,ABONNEMENT,OK
TKT47235970096,2026-02-01T13:44:00Z,PORTE-C,R58918935,UNITE,OK
TKT48691141073,2026-02-01T13:44:00Z,VIP-EST,R51076481,UNITE,OK
TKT70159967278,2026-02-01T13:44:00Z,PORTE-A,,UNITE,OK
TKT54187158163,2026-02-01T13:44:01Z,PORTE-D,R51630978,ABONNEMENT,OK
TKT70960760850,2026-02-01T13:44:01Z,PORTE-A,R55277025,ABONNEMENT,OK
TKT63673785386,2026-02-01T13:44:01Z,PORTE-B,,UNITE,OK
TKT40220223626,2026-02-01T13:44:02Z,PORTE-C,R51147867,ABONNEMENT,REFUSE_DEJA_SCANNE
TKT39017489724,2026-02-01T13:44:02Z,VIP-EST,R59889850,INVITATION,OK
TKT63010547791,2026-02-01T13:44:02Z,PORTE-D,,UNITE,OK
TKT48436280402,2026-02-01T13:44:03Z,PORTE-C,R56283581,ABONNEMENT,OK
TKT92150817184,2026-02-01T13:44:05Z,PORTE-C,R52247110,ABONNEMENT,OK
TKT19381870787,2026-02-01T13:44:05Z,PORTE-A,R55399290,ABONNEMENT,OK
TKT12410579395,2026-02-01T13:44:05Z,PORTE-C,R54229887,ABONNEMENT,OK
TKT44797687242,2026-02-01T13:44:05Z,PORTE-C,R57394672,UNITE,OK
TKT54336421508,2026-02-01T13:44:06Z,PORTE-D,R55953174,ABONNEMENT,OK
TKT56570022373,2026-02-01T13:44:06Z,PORTE-C,R57260291,ABONNEMENT,OK
TKT97434295829,2026-02-01T13:44:06Z,PORTE-B,R58613249,ABONNEMENT,OK
TKT66464866142,2026-02-01T13:44:06Z,PORTE-C,R55943289,ABONNEMENT,OK
TKT51924383969,2026-02-01T13:44:06Z,PORTE-C,R52023911,UNITE,OK
TKT74775612918,2026-02-01T13:44:07Z,PORTE-D,R55903387,ABONNEMENT,OK
TKT92056780606,2026-02-01T13:44:09Z,VIP-EST,R52258489,VIP,OK
TKT52383695796,2026-02-01T13:44:09Z,PORTE-D,R54142238,UNITE,OK
TKT44618096434,2026-02-01T13:44:10Z,PORTE-C,R52468336,ABONNEMENT,OK
TKT95483652738,2026-02-01T13:44:10Z,PORTE-C,,UNITE,OK
TKT83807831590,2026-02-01T13:44:10Z,PORTE-D,,UNITE,OK
TKT62183381913,2026-02-01T13:44:11Z,PORTE-D,,GROUPE,OK
TKT61549325394,2026-02-01T13:44:11Z,PORTE-A,,VIP,OK
TKT89289828758,2026-02-01T13:44:11Z,PORTE-C,R52317059,UNITE,OK
TKT72242664338,2026-02-01T13:44:12Z,PORTE-C,R52129950,ABONNEMENT,OK
TKT37067256992,2026-02-01T13:44:12Z,VIP-EST,R56433086,VIP,OK
TKT85821928496,2026-02-01T13:44:14Z,PORTE-C,R57262063,ABONNEMENT,OK
TKT22600568385,2026-02-01T13:44:14Z,VIP-EST,R54305909,UNITE,OK
TKT13173795187,2026-02-01T13:44:14Z,PORTE-A,R59210579,UNITE,OK
TKT35431749434,2026-02-01T13:44:15Z,PORTE-C,R56809525,ABONNEMENT,OK
TKT63324421236,2026-02-01T13:44:15Z,PORTE-D,R59709638,UNITE,OK
TKT92899179039,2026-02-01T13:44:16Z,PORTE-C,,GROUPE,OK
TKT22973570871,2026-02-01T13:44:17Z,PORTE-A,R51098070,ABONNEMENT,OK
TKT13245212100,2026-02-01T13:44:18Z,VIP-EST,R57870082,ABONNEMENT,OK
TKT30089636837,2026-02-01T13:44:20Z,PORTE-A,R56246791,ABONNEMENT,OK
TKT33516467624,2026-02-01T13:44:20Z,PORTE-B,R56213699,UNITE,OK
TKT14128107552,2026-02-01T13:44:20Z,PORTE-C,R55903042,UNITE,OK
TKT22591498571,2026-02-01T13:44:21Z,PORTE-D,,GROUPE,OK
TKT11574012221,2026-02-01T13:44:23Z,PORTE-C,R51484126,ABONNEMENT,OK
TKT35971521380,2026-02-01T13:44:23Z,PORTE-C,,GROUPE,OK
TKT80364525317,2026-02-01T13:44:24Z,PORTE-C,R59571914,ABONNEMENT,OK
TKT45941224179,2026-02-01T13:44:25Z,PORTE-D,,UNITE,OK
TKT37535207033,2026-02-01T13:44:27Z,PORTE-D,,UNITE,OK
TKT37096375555,2026-02-01T13:44:27Z,PORTE-D,,UNITE,OK
TKT42165254160,2026-02-01T13:44:29Z,PORTE-D,R52565113,ABONNEMENT,OK
TKT92679875601,2026-02-01T13:44:30Z,PORTE-C,R52646039,ABONNEMENT,OK
TKT92396820481,2026-02-01T13:44:30Z,PORTE-C,R54786558,ABONNEMENT,OK
TKT97916764288,2026-02-01T13:44:31Z,PORTE-B,R53709517,ABONNEMENT,OK
TKT90485507637,2026-02-01T13:44:31Z,PORTE-A,,VIP,OK
TKT23927370768,2026-02-01T13:44:32Z,PORTE-D,R56674665,UNITE,OK
TKT12299171590,2026-02-01T13:44:34Z,PORTE-C,R57888482,ABONNEMENT,OK
TKT72544009058,2026-02-01T13:44:34Z,VIP-EST,R58542553,VIP,OK
TKT22522873399,2026-02-01T13:44:34Z,PORTE-D,R52383742,UNITE,OK
TKT32774008025,2026-02-01T13:44:37Z,VIP-EST,,GROUPE,OK
TKT29082682849,2026-02-01T13:44:39Z,PORTE-C,R52141061,ABONNEMENT,OK
TKT69657482637,2026-02-01T13:44:40Z,PORTE-B,R51154543,ABONNEMENT,OK
TKT80608526858,2026-02-01T13:44:40Z,PORTE-C,R57276574,ABONNEMENT,OK
TKT22060431930,2026-02-01T13:44:40Z,PORTE-C,R51856083,ABONNEMENT,OK
TKT34835438606,2026-02-01T13:44:42Z,PORTE-A,R56115619,ABONNEMENT,OK
TKT71468523398,2026-02-01T13:44:42Z,PORTE-A,R55924018,ABONNEMENT,OK
TKT65079339963,2026-02-01T13:44:42Z,PORTE-C,R54835464,ABONNEMENT,OK
TKT77945237491,2026-02-01T13:44:42Z,PORTE-B,R57171262,ABONNEMENT,OK
TKT23207268379,2026-02-01T13:44:42Z,PORTE-D,R59341081,UNITE,OK
TKT51992661535,2026-02-01T13:44:43Z,PORTE-C,R52775650,ABONNEMENT,OK
TKT48147903038,2026-02-01T13:44:44Z,VIP-EST,R56849313,ABONNEMENT,OK
TKT78066646428,2026-02-01T13:44:44Z,PORTE-D,R56492269,UNITE,OK
TKT72369623485,2026-02-01T13:44:47Z,PORTE-D,R57174538,ABONNEMENT,OK
TKT84033453043,2026-02-01T13:44:49Z,PORTE-C,R53310588,ABONNEMENT,OK
TKT96683097547,2026-02-01T13:44:49Z,PORTE-B,,UNITE,OK
TKT86045936078,2026-02-01T13:44:50Z,PORTE-B,R51612444,ABONNEMENT,OK
TKT73530043706,2026-02-01T13:44:50Z,VIP-EST,R58643765,VIP,OK
TKT15115625192,2026-02-01T13:44:50Z,PORTE-C,R58403536,UNITE,OK
TKT14766267352,2026-02-01T13:44:51Z,PORTE-A,R54404726,ABONNEMENT,OK
TKT61672143167,2026-02-01T13:44:51Z,VIP-EST,R56418920,UNITE,OK
TKT43779183522,2026-02-01T13:44:51Z,PORTE-D,R58266358,UNITE,OK
TKT12313917513,2026-02-01T13:44:53Z,PORTE-C,R57903673,UNITE,OK
TKT33644012879,2026-02-01T13:44:54Z,PORTE-D,R57442352,ABONNEMENT,OK
TKT46766054911,2026-02-01T13:44:54Z,PORTE-C,R57714256,UNITE,OK
TKT39074569760,2026-02-01T13:44:54Z,PORTE-C,R56344881,UNITE,OK
TKT47232041862,2026-02-01T13:44:55Z,PORTE-D,,UNITE,OK
TKT23875324116,2026-02-01T13:44:56Z,VIP-EST,R55074668,ABONNEMENT,OK
TKT55360711678,2026-02-01T13:44:57Z,PORTE-D,,UNITE,OK
TKT99266936987,2026-02-01T13:44:57Z,PORTE-D,,GROUPE,OK
TKT99954526812,2026-02-01T13:45:00Z,PORTE-C,,GROUPE,OK
TKT87720276053,2026-02-01T13:45:01Z,PORTE-C,R54972029,ABONNEMENT,OK
TKT92018230925,2026-02-01T13:45:01Z,PORTE-C,R53480198,UNITE,OK
TKT11858140146,2026-02-01T13:45:02Z,PORTE-C,R56425385,ABONNEMENT,OK
TKT93589421937,2026-02-01T13:45:03Z,PORTE-C,R54434773,ABONNEMENT,OK
TKT75545122552,2026-02-01T13:45:04Z,PORTE-C,R54085976,ABONNEMENT,OK
TKT73979763412,2026-02-01T13:45:04Z,PORTE-D,R54061858,UNITE,OK
TKT20791721976,2026-02-01T13:45:06Z,PORTE-C,R57492551,UNITE,OK
TKT48149940770,2026-02-01T13:45:06Z,PORTE-D,R55771314,UNITE,OK
TKT55235291365,2026-02-01T13:45:07Z,VIP-EST,R51133835,ABONNEMENT,OK
TKT57802853357,2026-02-01T13:45:07Z,PORTE-C,R54470997,ABONNEMENT,OK
TKT39818374880,2026-02-01T13:45:07Z,PORTE-C,R57154309,UNITE,OK
TKT14141246834,2026-02-01T13:45:07Z,PORTE-D,,UNITE,OK
TKT85138467512,2026-02-01T13:45:08Z,PORTE-B,R55410056,ABONNEMENT,OK
TKT83269515610,2026-02-01T13:45:08Z,PMR-NORD,R53037736,ABONNEMENT,OK
TKT64573722855,2026-02-01T13:45:08Z,PORTE-C,R52405800,ABONNEMENT,OK
TKT67405168818,2026-02-01T13:45:08Z,PORTE-C,R59029888,UNITE,OK
TKT57845548571,2026-02-01T13:45:08Z,PORTE-D,,UNITE,OK
TKT30302162496,2026-02-01T13:45:09Z,PORTE-D,R56315179,ABONNEMENT,OK
TKT27080820882,2026-02-01T13:45:10Z,PORTE-D,R53932582,UNITE,OK
TKT25988178806,2026-02-01T13:45:10Z,PORTE-B,R53859233,UNITE,OK
TKT67885636424,2026-02-01T13:45:10Z,VIP-EST,,UNITE,REFUSE_INVALIDE
TKT90305101646,2026-02-01T13:45:10Z,PORTE-D,R51828019,UNITE,OK
TKT22975386670,2026-02-01T13:45:10Z,PORTE-C,R54887167,UNITE,OK
TKT62458935846,2026-02-01T13:45:11Z,PORTE-D,R52873395,ABONNEMENT,OK
TKT59066729499,2026-02-01T13:45:11Z,PORTE-D,R51426370,ABONNEMENT,OK
TKT49410860115,2026-02-01T13:45:11Z,PORTE-A,R58487862,UNITE,OK
TKT26904001820,2026-02-01T13:45:12Z,PORTE-D,R58436906,ABONNEMENT,OK
TKT22303468884,2026-02-01T13:45:14Z,PORTE-D,R56811709,ABONNEMENT,OK
TKT48828731273,2026-02-01T13:45:15Z,PORTE-C,R56601661,ABONNEMENT,OK
TKT29234387281,2026-02-01T13:45:15Z,PORTE-D,,UNITE,OK
TKT79396511550,2026-02-01T13:45:15Z,PORTE-D,R59897695,UNITE,OK
TKT39800583227,2026-02-01T13:45:17Z,PORTE-A,R52195484,ABONNEMENT,OK
TKT60231962949,2026-02-01T13:45:17Z,PORTE-C,R56619428,ABONNEMENT,OK
TKT63347632845,2026-02-01T13:45:19Z,PORTE-A,R55567932,ABONNEMENT,OK
TKT63280684756,2026-02-01T13:45:20Z,PORTE-A,R54580111,ABONNEMENT,OK
TKT22267173169,2026-02-01T13:45:21Z,PORTE-D,R58749747,ABONNEMENT,OK
TKT52378364261,2026-02-01T13:45:21Z,PORTE-D,R58147915,ABONNEMENT,OK
TKT84568598553,2026-02-01T13:45:23Z,PORTE-B,R54936820,ABONNEMENT,REFUSE_DEJA_SCANNE
TKT20950551361,2026-02-01T13:45:23Z,PORTE-C,R58653228,ABONNEMENT,OK
TKT57457853815,2026-02-01T13:45:24Z,PORTE-C,R57186319,ABONNEMENT,OK
TKT55349980900,2026-02-01T13:45:24Z,PORTE-C,R56579717,ABONNEMENT,OK
TKT42474593502,2026-02-01T13:45:24Z,PORTE-B,R53075541,UNITE,OK
TKT38722687632,2026-02-01T13:45:25Z,PORTE-D,R58515916,ABONNEMENT,OK
TKT23181488964,2026-02-01T13:45:25Z,PORTE-D,,UNITE,OK
TKT96435496101,2026-02-01T13:45:27Z,PORTE-D,R54224035,ABONNEMENT,OK
TKT77205590269,2026-02-01T13:45:28Z,PORTE-C,,UNITE,OK
TKT92455513045,2026-02-01T13:45:28Z,PORTE-C,R55393572,UNITE,OK
TKT58513479311,2026-02-01T13:45:31Z,PORTE-D,R58248792,UNITE,OK
TKT52783275250,2026-02-01T13:45:31Z,PORTE-D,R56070793,UNITE,OK
TKT86249305867,2026-02-01T13:45:32Z,PORTE-D,R53064708,ABONNEMENT,OK
TKT10282124819,2026-02-01T13:45:32Z,VIP-EST,R52819173,VIP,OK
TKT80894048656,2026-02-01T13:45:32Z,PORTE-C,R52092557,UNITE,OK
TKT22122737892,2026-02-01T13:45:33Z,PORTE-A,R54800801,ABONNEMENT,OK
TKT33500705782,2026-02-01T13:45:33Z,PORTE-D,,UNITE,OK
TKT50962671815,2026-02-01T13:45:33Z,PORTE-D,R57790871,UNITE,OK
TKT19974680423,2026-02-01T13:45:34Z,PORTE-C,R54210549,ABONNEMENT,OK
TKT79214704619,2026-02-01T13:45:34Z,PORTE-C,R55909785,ABONNEMENT,OK
TKT48475856130,2026-02-01T13:45:35Z,PORTE-D,R54956302,ABONNEMENT,OK
TKT32767867423,2026-02-01T13:45:35Z,PORTE-B,R58473083,ABONNEMENT,OK
TKT90154843986,2026-02-01T13:45:35Z,PORTE-C,R58143624,ABONNEMENT,OK
TKT41146082493,2026-02-01T13:45:36Z,PORTE-D,R51976164,ABONNEMENT,OK
TKT71770408151,2026-02-01T13:45:38Z,PORTE-C,R55342482,ABONNEMENT,OK
TKT98882366961,2026-02-01T13:45:39Z,PORTE-D,R58504959,ABONNEMENT,OK
TKT18912320817,2026-02-01T13:45:39Z,PORTE-C,,GROUPE,OK
TKT64222211624,2026-02-01T13:45:40Z,PORTE-A,R56556423,ABONNEMENT,OK
TKT91931111560,2026-02-01T13:45:40Z,PORTE-A,R58632798,UNITE,OK
TKT47879755146,2026-02-01T13:45:40Z,PORTE-D,R53241329,UNITE,OK
TKT98189050613,2026-02-01T13:45:43Z,PORTE-A,R59390255,ABONNEMENT,OK
TKT51428473875,2026-02-01T13:45:45Z,PORTE-C,,UNITE,OK
TKT13349446207,2026-02-01T13:45:46Z,VIP-EST,R53103404,ABONNEMENT,OK
TKT81469727096,2026-02-01T13:45:46Z,PORTE-B,R52875981,UNITE,OK
TKT65076799469,2026-02-01T13:45:48Z,PORTE-A,R57840457,ABONNEMENT,OK
TKT86342254467,2026-02-01T13:45:48Z,PORTE-D,,GROUPE,OK
TKT79392937015,2026-02-01T13:45:49Z,PORTE-D,R57641979,ABONNEMENT,OK
TKT19985277273,2026-02-01T13:45:49Z,PORTE-A,R57549493,UNITE,OK
TKT75534922553,2026-02-01T13:45:50Z,PORTE-A,R51604542,ABONNEMENT,OK
TKT14188398148,2026-02-01T13:45:50Z,PORTE-C,R55737254,UNITE,OK
TKT97540460616,2026-02-01T13:45:50Z,PORTE-C,R58163173,UNITE,OK
TKT62340454732,2026-02-01T13:45:51Z,PORTE-C,R59110593,ABONNEMENT,OK
TKT43779183522,2026-02-01T13:45:51Z,PORTE-D,R58266358,UNITE,REFUSE_DEJA_SCANNE
TKT76667213355,2026-02-01T13:45:51Z,PORTE-A,R57857832,VIP,OK
TKT49744499045,2026-02-01T13:45:52Z,PORTE-D,R51163661,UNITE,OK
TKT80347577348,2026-02-01T13:45:52Z,VIP-EST,R59372277,UNITE,OK
TKT75373616242,2026-02-01T13:45:53Z,PORTE-C,R53068942,UNITE,OK
TKT86013616122,2026-02-01T13:45:54Z,PORTE-D,R55844606,ABONNEMENT,OK
TKT12820602608,2026-02-01T13:45:57Z,PORTE-C,R51245803,ABONNEMENT,OK
TKT46992862587,2026-02-01T13:45:58Z,PORTE-B,R53503559,UNITE,OK
TKT76344847198,2026-02-01T13:45:59Z,PORTE-B,R59719312,ABONNEMENT,OK
TKT95786278807,2026-02-01T13:45:59Z,VIP-EST,R58893869,ABONNEMENT,OK
TKT37505919117,2026-02-01T13:46:00Z,VIP-EST,R55087819,ABONNEMENT,OK
TKT51650202575,2026-02-01T13:46:00Z,PORTE-B,R51316030,INVITATION,OK
TKT45692058724,2026-02-01T13:46:01Z,PORTE-D,,UNITE,OK
TKT72279823222,2026-02-01T13:46:01Z,PORTE-B,R59573140,UNITE,OK
TKT92769804296,2026-02-01T13:46:02Z,PORTE-C,R56227654,UNITE,OK
TKT47605354970,2026-02-01T13:46:02Z,PORTE-D,R53165451,UNITE,OK
TKT52149602013,2026-02-01T13:46:03Z,PORTE-D,R55264641,ABONNEMENT,OK
TKT23129314742,2026-02-01T13:46:03Z,PORTE-A,,UNITE,OK
TKT14987084434,2026-02-01T13:46:04Z,PORTE-D,R53885860,UNITE,OK
TKT10649937487,2026-02-01T13:46:05Z,PORTE-C,R51735389,UNITE,OK
TKT70337460740,2026-02-01T13:46:06Z,PORTE-D,R54336147,ABONNEMENT,OK
TKT54703016197,2026-02-01T13:46:06Z,PORTE-C,R53039307,ABONNEMENT,OK
TKT11208326830,2026-02-01T13:46:06Z,PORTE-A,R52338102,ABONNEMENT,OK
TKT29440165191,2026-02-01T13:46:06Z,PORTE-C,R56654235,ABONNEMENT,OK
TKT94842123278,2026-02-01T13:46:06Z,PORTE-C,R53818296,UNITE,OK
TKT38376310153,2026-02-01T13:46:08Z,PORTE-D,R55214844,ABONNEMENT,OK
TKT55097508552,2026-02-01T13:46:10Z,PORTE-C,R55619769,ABONNEMENT,OK
TKT77432326419,2026-02-01T13:46:10Z,PORTE-D,R59498488,ABONNEMENT,OK
TKT38782370556,2026-02-01T13:46:10Z,VIP-EST,R59590706,UNITE,OK
TKT81705638502,2026-02-01T13:46:11Z,PORTE-D,R55497705,ABONNEMENT,OK
TKT73084616710,2026-02-01T13:46:11Z,PORTE-D,R57792164,UNITE,OK
TKT85950864506,2026-02-01T13:46:12Z,PORTE-C,R55961076,ABONNEMENT,OK
TKT58679224486,2026-02-01T13:46:12Z,PORTE-C,R57798294,ABONNEMENT,OK
TKT78287149679,2026-02-01T13:46:12Z,PORTE-D,R54785811,UNITE,OK
TKT33709222630,2026-02-01T13:46:13Z,PORTE-D,R59087098,ABONNEMENT,OK
TKT92041635936,2026-02-01T13:46:13Z,PORTE-D,R54100276,UNITE,OK
TKT78884860577,2026-02-01T13:46:14Z,PORTE-A,R51061836,ABONNEMENT,OK
TKT30827333549,2026-02-01T13:46:15Z,PORTE-C,R57648387,ABONNEMENT,OK
TKT88788432562,2026-02-01T13:46:16Z,PORTE-C,R53889538,ABONNEMENT,OK
TKT95034593781,2026-02-01T13:46:16Z,PMR-NORD,R52368752,ABONNEMENT,OK
TKT31791872772,2026-02-01T13:46:16Z,PORTE-D,R53824225,UNITE,OK
TKT56945131183,2026-02-01T13:46:17Z,PORTE-D,R59910491,UNITE,OK
TKT90122599291,2026-02-01T13:46:17Z,PORTE-D,,UNITE,OK
TKT25754875027,2026-02-01T13:46:18Z,VIP-EST,R51523224,ABONNEMENT,OK
TKT62492577299,2026-02-01T13:46:19Z,PORTE-C,R57665072,INVITATION,OK
TKT76367018799,2026-02-01T13:46:19Z,PORTE-D,R55228943,UNITE,OK
TKT67349356650,2026-02-01T13:46:20Z,PORTE-B,R58797350,UNITE,OK
TKT45576499044,2026-02-01T13:46:21Z,PORTE-D,R51459941,UNITE,OK
TKT80903130541,2026-02-01T13:46:22Z,PORTE-D,,UNITE,OK
TKT11658779480,2026-02-01T13:46:22Z,PORTE-D,R56595186,UNITE,OK
TKT43729945908,2026-02-01T13:46:22Z,PORTE-D,R56642789,UNITE,OK
TKT50089325615,2026-02-01T13:46:23Z,PORTE-A,,GROUPE,OK
TKT99089449475,2026-02-01T13:46:23Z,PORTE-C,,UNITE,OK
TKT26812706197,2026-02-01T13:46:24Z,VIP-EST,R55854883,ABONNEMENT,OK
TKT10072631014,2026-02-01T13:46:24Z,PORTE-A,R59209219,ABONNEMENT,OK
TKT74744511830,2026-02-01T13:46:24Z,PORTE-D,,UNITE,OK
TKT24423329334,2026-02-01T13:46:24Z,PORTE-C,R55999819,UNITE,OK
TKT54166149178,2026-02-01T13:46:24Z,PORTE-C,R54186977,UNITE,OK
TKT42354873739,2026-02-01T13:46:27Z,PORTE-D,R55235006,UNITE,OK
TKT24337809377,2026-02-01T13:46:28Z,PORTE-C,R55136591,ABONNEMENT,OK
TKT29247036529,2026-02-01T13:46:28Z,PORTE-C,R57513259,UNITE,OK
TKT36750762899,2026-02-01T13:46:29Z,PORTE-D,R52068928,ABONNEMENT,OK
TKT97927919631,2026-02-01T13:46:29Z,PORTE-C,R58154179,INVITATION,OK
TKT12192408025,2026-02-01T13:46:30Z,PORTE-D,R57499428,ABONNEMENT,OK
TKT72594134159,2026-02-01T13:46:30Z,VIP-EST,R51054547,ABONNEMENT,OK
TKT76071099049,2026-02-01T13:46:30Z,PORTE-D,R57410409,UNITE,OK
TKT46994138522,2026-02-01T13:46:30Z,PORTE-A,R53133977,UNITE,OK
TKT75497822855,2026-02-01T13:46:31Z,PORTE-D,R54263123,UNITE,OK
TKT29715163665,2026-02-01T13:46:32Z,PORTE-D,R51782801,ABONNEMENT,OK
TKT48503670142,2026-02-01T13:46:33Z,PORTE-A,R53064095,ABONNEMENT,OK
TKT46656212285,2026-02-01T13:46:33Z,PORTE-C,R52308065,UNITE,OK
TKT18600098967,2026-02-01T13:46:33Z,PORTE-C,R54843031,UNITE,OK
TKT51851161911,2026-02-01T13:46:34Z,PORTE-D,R57457265,ABONNEMENT,OK
TKT18503485596,2026-02-01T13:46:34Z,PORTE-D,R51033437,UNITE,OK
TKT25209087462,2026-02-01T13:46:34Z,PORTE-C,,UNITE,OK
TKT42225756556,2026-02-01T13:46:35Z,PORTE-A,R53264958,UNITE,OK
TKT72189547716,2026-02-01T13:46:36Z,PORTE-D,R59482282,ABONNEMENT,OK
TKT30144234920,2026-02-01T13:46:36Z,PORTE-A,R54955746,ABONNEMENT,OK
TKT24275852986,2026-02-01T13:46:37Z,PORTE-A,R57870226,ABONNEMENT,OK
TKT34933609190,2026-02-01T13:46:38Z,PORTE-A,R56033065,ABONNEMENT,REFUSE_DEJA_SCANNE
TKT88073656202,2026-02-01T13:46:38Z,PORTE-D,,UNITE,REFUSE_DEJA_SCANNE
TKT40770553190,2026-02-01T13:46:39Z,PORTE-C,R56409380,ABONNEMENT,OK
TKT74599570986,2026-02-01T13:46:40Z,PORTE-C,R55560576,ABONNEMENT,OK
TKT55867844874,2026-02-01T13:46:40Z,PORTE-C,R52039571,ABONNEMENT,OK
TKT23551457104,2026-02-01T13:46:40Z,PORTE-B,R57167383,ABONNEMENT,OK
TKT38186180493,2026-02-01T13:46:42Z,PORTE-C,R55825727,ABONNEMENT,OK
TKT54101169414,2026-02-01T13:46:44Z,PORTE-C,R56355503,UNITE,OK
TKT24905806773,2026-02-01T13:46:45Z,PORTE-D,R58989085,ABONNEMENT,OK
TKT75855072208,2026-02-01T13:46:45Z,PORTE-D,R51778366,UNITE,OK
TKT46705780667,2026-02-01T13:46:47Z,VIP-EST,R53985779,ABONNEMENT,OK
TKT69531485532,2026-02-01T13:46:47Z,PORTE-D,R55253396,UNITE,OK
TKT35650305816,2026-02-01T13:46:49Z,VIP-EST,R59743832,ABONNEMENT,OK
TKT44712725585,2026-02-01T13:46:49Z,VIP-EST,R58689606,ABONNEMENT,OK
TKT42348314508,2026-02-01T13:46:49Z,PORTE-C,R58761193,UNITE,OK
TKT83240826596,2026-02-01T13:46:49Z,VIP-EST,R58337600,INVITATION,OK
TKT50292605745,2026-02-01T13:46:50Z,PORTE-C,R55952829,ABONNEMENT,OK
TKT64978273461,2026-02-01T13:46:50Z,PORTE-C,R53074660,UNITE,OK
TKT17705072080,2026-02-01T13:46:51Z,PORTE-B,R54226276,ABONNEMENT,OK
TKT71306076526,2026-02-01T13:46:52Z,PORTE-D,R58138519,UNITE,OK
TKT50115252292,2026-02-01T13:46:53Z,PORTE-D,,UNITE,OK
TKT32045330432,2026-02-01T13:46:54Z,PORTE-B,R56510391,ABONNEMENT,OK
TKT20952852897,2026-02-01T13:46:55Z,PORTE-B,,UNITE,OK
TKT91332445032,2026-02-01T13:46:56Z,VIP-EST,R53580184,ABONNEMENT,OK
TKT96660698880,2026-02-01T13:46:56Z,PORTE-D,R58306002,UNITE,OK
TKT53404551771,2026-02-01T13:46:59Z,PORTE-D,R56707978,ABONNEMENT,OK
TKT90134976929,2026-02-01T13:46:59Z,PORTE-A,R59143149,ABONNEMENT,OK
TKT50055209386,2026-02-01T13:46:59Z,VIP-EST,R55101305,UNITE,OK
TKT48385377634,2026-02-01T13:47:00Z,PORTE-D,R55011874,UNITE,OK
TKT32557993625,2026-02-01T13:47:01Z,PORTE-C,R54852705,UNITE,OK
TKT67992214142,2026-02-01T13:47:01Z,PORTE-C,,UNITE,OK
TKT78731079728,2026-02-01T13:47:02Z,PORTE-A,R57100633,ABONNEMENT,REFUSE_DEJA_SCANNE
TKT51091471226,2026-02-01T13:47:02Z,PORTE-D,R51485151,UNITE,OK
TKT14998699127,2026-02-01T13:47:02Z,PORTE-C,,UNITE,OK
TKT30080805230,2026-02-01T13:47:03Z,PORTE-D,R57182440,UNITE,OK
TKT88201191064,2026-02-01T13:47:04Z,PMR-NORD,R55509630,UNITE,OK
TKT45795064912,2026-02-01T13:47:04Z,VIP-EST,R51643161,UNITE,OK
TKT52592644455,2026-02-01T13:47:06Z,PORTE-C,R54962566,ABONNEMENT,OK
TKT21837433338,2026-02-01T13:47:06Z,PORTE-D,R55423197,UNITE,OK
TKT13966396189,2026-02-01T13:47:06Z,VIP-EST,R51427117,VIP,OK
TKT11893184712,2026-02-01T13:47:07Z,PORTE-C,R57027830,ABONNEMENT,OK
TKT27170444507,2026-02-01T13:47:07Z,PORTE-B,R55745424,ABONNEMENT,OK
TKT48956828396,2026-02-01T13:47:10Z,PORTE-C,R58497057,UNITE,OK
TKT94170572951,2026-02-01T13:47:10Z,PORTE-D,R59805869,UNITE,OK
TKT99559669931,2026-02-01T13:47:10Z,PORTE-C,R53826533,UNITE,OK
TKT79439754535,2026-02-01T13:47:11Z,VIP-EST,R54184123,ABONNEMENT,OK
TKT64122084935,2026-02-01T13:47:11Z,PORTE-A,R54124652,ABONNEMENT,OK
TKT24424156382,2026-02-01T13:47:11Z,VIP-EST,R52164690,UNITE,OK
TKT60275743772,2026-02-01T13:47:12Z,PORTE-D,R59586626,ABONNEMENT,OK
TKT72620320547,2026-02-01T13:47:12Z,PORTE-C,R57615419,ABONNEMENT,OK
TKT99391975496,2026-02-01T13:47:12Z,PORTE-B,,UNITE,OK
TKT17084212078,2026-02-01T13:47:12Z,PORTE-A,R51791440,UNITE,OK
TKT29090930450,2026-02-01T13:47:13Z,PORTE-D,,INVITATION,OK
TKT51246821866,2026-02-01T13:47:14Z,PORTE-A,R51572666,ABONNEMENT,OK
TKT60623331436,2026-02-01T13:47:14Z,PORTE-B,R56034693,ABONNEMENT,OK
TKT88824305459,2026-02-01T13:47:16Z,PORTE-D,R55881376,UNITE,OK
TKT74650850416,2026-02-01T13:47:17Z,PORTE-D,,UNITE,OK
TKT22951305377,2026-02-01T13:47:19Z,PORTE-C,R58596430,UNITE,OK
TKT41497798884,2026-02-01T13:47:19Z,PORTE-C,R51657883,UNITE,OK
TKT94557491512,2026-02-01T13:47:19Z,PORTE-D,R59613397,UNITE,OK
TKT96485032706,2026-02-01T13:47:20Z,PORTE-C,,UNITE,OK
TKT36124406808,2026-02-01T13:47:21Z,PORTE-B,R53600470,ABONNEMENT,OK
TKT18214132047,2026-02-01T13:47:22Z,PORTE-D,R59140831,UNITE,OK
TKT16732140034,2026-02-01T13:47:23Z,PORTE-D,R52079828,ABONNEMENT,OK
TKT12839535286,2026-02-01T13:47:23Z,PORTE-D,R52451574,ABONNEMENT,OK
TKT68737301535,2026-02-01T13:47:23Z,PORTE-D,R59332432,UNITE,OK
TKT77709723089,2026-02-01T13:47:24Z,PORTE-D,,UNITE,OK
TKT84113372296,2026-02-01T13:47:25Z,VIP-EST,R56123645,VIP,OK
TKT37259152919,2026-02-01T13:47:25Z,PORTE-C,R56468429,UNITE,OK
TKT16545331181,2026-02-01T13:47:26Z,VIP-EST,R51465257,ABONNEMENT,OK
TKT44458716272,2026-02-01T13:47:26Z,PORTE-C,,UNITE,OK
TKT43227176409,2026-02-01T13:47:26Z,PORTE-C,,UNITE,OK
TKT92365007283,2026-02-01T13:47:26Z,PORTE-D,R57055070,UNITE,OK
TKT97460985927,2026-02-01T13:47:28Z,PORTE-B,R51948981,UNITE,OK
TKT72433456189,2026-02-01T13:47:28Z,PORTE-D,R54116003,UNITE,OK
TKT31828270012,2026-02-01T13:47:29Z,VIP-EST,R53374283,ABONNEMENT,OK
TKT26172704938,2026-02-01T13:47:30Z,VIP-EST,R52947702,ABONNEMENT,OK
TKT20635749033,2026-02-01T13:47:30Z,PORTE-A,R57222285,UNITE,OK
TKT74047267382,2026-02-01T13:47:31Z,VIP-EST,R58226724,ABONNEMENT,OK
TKT41314370962,2026-02-01T13:47:31Z,PORTE-C,R52747519,ABONNEMENT,OK
TKT31274404751,2026-02-01T13:47:32Z,PORTE-A,R57401214,ABONNEMENT,OK
TKT12326210756,2026-02-01T13:47:32Z,PORTE-C,R51928417,UNITE,OK
TKT35607787640,2026-02-01T13:47:36Z,PORTE-C,R53539247,ABONNEMENT,OK
TKT48346922853,2026-02-01T13:47:36Z,PORTE-B,R55876405,ABONNEMENT,OK
TKT30960671135,2026-02-01T13:47:37Z,PORTE-C,R56175147,ABONNEMENT,OK
TKT20518875551,2026-02-01T13:47:37Z,PORTE-C,R55396359,UNITE,OK
TKT14945648525,2026-02-01T13:47:38Z,PORTE-C,R57974158,ABONNEMENT,OK
TKT51652728917,2026-02-01T13:47:38Z,PORTE-D,R57847200,UNITE,OK
TKT72270512853,2026-02-01T13:47:38Z,PORTE-D,R57312664,UNITE,OK
TKT76572358400,2026-02-01T13:47:38Z,PORTE-C,R58729719,UNITE,REFUSE_INVALIDE
TKT75134952495,2026-02-01T13:47:39Z,PORTE-A,R54840502,VIP,OK
TKT71364695410,2026-02-01T13:47:39Z,PORTE-C,,UNITE,OK
TKT49735303493,2026-02-01T13:47:40Z,PORTE-A,,UNITE,OK
TKT97918270439,2026-02-01T13:47:40Z,PORTE-C,R59135190,UNITE,OK
TKT71641000121,2026-02-01T13:47:41Z,PORTE-B,R53257123,UNITE,OK
TKT70967450450,2026-02-01T13:47:41Z,PORTE-C,R58570128,UNITE,OK
TKT99458679941,2026-02-01T13:47:42Z,PORTE-D,R52673145,ABONNEMENT,OK
TKT99710960231,2026-02-01T13:47:42Z,PORTE-C,R59554616,UNITE,OK
TKT57362481870,2026-02-01T13:47:42Z,PORTE-C,,UNITE,OK
TKT64988025904,2026-02-01T13:47:43Z,PORTE-C,R52324080,UNITE,OK
TKT20673547925,2026-02-01T13:47:43Z,PORTE-D,,UNITE,OK
TKT97726700364,2026-02-01T13:47:44Z,PORTE-D,R56929951,UNITE,OK
TKT43175044500,2026-02-01T13:47:44Z,PORTE-C,R58848306,UNITE,OK
TKT85052125628,2026-02-01T13:47:47Z,PORTE-A,R59824872,ABONNEMENT,OK
TKT83233686846,2026-02-01T13:47:47Z,PORTE-C,R57863617,UNITE,OK
TKT32709347085,2026-02-01T13:47:48Z,PORTE-D,R55617930,ABONNEMENT,OK
TKT68698253775,2026-02-01T13:47:48Z,PORTE-D,R57389969,ABONNEMENT,OK
TKT24425256010,2026-02-01T13:47:50Z,PORTE-C,R51923101,UNITE,OK
TKT67868833372,2026-02-01T13:47:51Z,VIP-EST,R54099251,INVITATION,OK
TKT67526119141,2026-02-01T13:47:52Z,PORTE-C,,UNITE,OK
TKT30489512381,2026-02-01T13:47:53Z,PORTE-D,R58163173,UNITE,OK
TKT29950892756,2026-02-01T13:47:54Z,PORTE-D,R51383929,UNITE,OK
TKT43273205114,2026-02-01T13:47:54Z,PORTE-D,R51231091,UNITE,OK
TKT91829925842,2026-02-01T13:47:55Z,PORTE-D,R56850050,ABONNEMENT,OK
TKT11690236750,2026-02-01T13:47:55Z,PORTE-D,R51842942,UNITE,OK
TKT50976067386,2026-02-01T13:47:56Z,PORTE-D,R53400163,ABONNEMENT,OK
TKT99094950248,2026-02-01T13:47:57Z,PORTE-B,R57314503,ABONNEMENT,OK
TKT74513868914,2026-02-01T13:47:58Z,VIP-EST,R59339932,ABONNEMENT,OK
TKT83558212623,2026-02-01T13:47:58Z,PORTE-C,R54028143,ABONNEMENT,OK
TKT98280176297,2026-02-01T13:47:59Z,PORTE-D,R56915450,UNITE,OK
TKT93333155762,2026-02-01T13:48:00Z,VIP-EST,R53037066,ABONNEMENT,OK
TKT19357730776,2026-02-01T13:48:01Z,PORTE-A,R53610834,ABONNEMENT,OK
TKT87727989187,2026-02-01T13:48:01Z,VIP-EST,R57391952,ABONNEMENT,OK
TKT40248475209,2026-02-01T13:48:02Z,PORTE-C,R58380654,ABONNEMENT,OK
TKT35890586788,2026-02-01T13:48:02Z,PORTE-C,R55885131,UNITE,OK
TKT99951867078,2026-02-01T13:48:02Z,PORTE-D,R55336218,UNITE,OK
TKT93788409311,2026-02-01T13:48:03Z,PORTE-C,R59243135,UNITE,OK
TKT35008630046,2026-02-01T13:48:04Z,PORTE-B,R57261929,ABONNEMENT,OK
TKT72706995882,2026-02-01T13:48:04Z,PORTE-D,R54746646,UNITE,OK
TKT11751025685,2026-02-01T13:48:04Z,PORTE-D,,UNITE,OK
TKT37036972539,2026-02-01T13:48:06Z,PORTE-A,R51815491,UNITE,OK
TKT46564062097,2026-02-01T13:48:06Z,PORTE-C,,GROUPE,OK
TKT99316333993,2026-02-01T13:48:07Z,PORTE-B,R52452254,UNITE,OK
TKT35310153593,2026-02-01T13:48:07Z,PORTE-A,R56349028,UNITE,OK
TKT13099780864,2026-02-01T13:48:08Z,PORTE-B,R52860646,ABONNEMENT,OK
TKT28147307941,2026-02-01T13:48:08Z,PORTE-D,R58921320,UNITE,OK
TKT90694109664,2026-02-01T13:48:09Z,PORTE-A,R56111194,ABONNEMENT,OK
TKT61991088702,2026-02-01T13:48:09Z,PORTE-B,R56638364,ABONNEMENT,OK
TKT59929435738,2026-02-01T13:48:10Z,PORTE-C,R51618986,ABONNEMENT,OK
TKT71187844904,2026-02-01T13:48:10Z,PORTE-A,R53894509,ABONNEMENT,OK
TKT69004596142,2026-02-01T13:48:10Z,PORTE-D,R54805226,UNITE,OK
TKT12265446573,2026-02-01T13:48:11Z,PORTE-C,R57402373,UNITE,OK
TKT65591415498,2026-02-01T13:48:13Z,PORTE-C,R52588896,ABONNEMENT,OK
TKT99667666278,2026-02-01T13:48:13Z,PORTE-A,R59092893,ABONNEMENT,OK
TKT88392555691,2026-02-01T13:48:13Z,PORTE-C,R55966037,ABONNEMENT,OK
TKT64001368699,2026-02-01T13:48:13Z,PORTE-A,,UNITE,OK
TKT74365665719,2026-02-01T13:48:14Z,PORTE-D,R53803584,ABONNEMENT,OK
TKT90934547770,2026-02-01T13:48:14Z,PORTE-D,,UNITE,OK
TKT72049153316,2026-02-01T13:48:14Z,PORTE-D,R52612257,UNITE,OK
TKT41747845938,2026-02-01T13:48:15Z,PORTE-B,R56184821,ABONNEMENT,OK
TKT32029720392,2026-02-01T13:48:15Z,VIP-EST,R55672276,ABONNEMENT,OK
TKT59272167877,2026-02-01T13:48:15Z,PORTE-C,R55875859,UNITE,OK
TKT36238629764,2026-02-01T13:48:15Z,PORTE-D,R54146040,UNITE,OK
TKT54529061488,2026-02-01T13:48:16Z,PORTE-C,R56706139,ABONNEMENT,OK
TKT31592588579,2026-02-01T13:48:16Z,PORTE-A,R59118773,GROUPE,OK
TKT78829328071,2026-02-01T13:48:17Z,PORTE-C,R58191304,ABONNEMENT,OK
TKT80086548506,2026-02-01T13:48:17Z,PORTE-C,R56536951,ABONNEMENT,OK
TKT93848232253,2026-02-01T13:48:17Z,PORTE-D,R57494045,ABONNEMENT,OK
TKT23109144266,2026-02-01T13:48:17Z,PORTE-D,R58440172,UNITE,OK
TKT59129594781,2026-02-01T13:48:17Z,PORTE-A,R54463172,UNITE,OK
TKT82213421889,2026-02-01T13:48:18Z,VIP-EST,R54394784,ABONNEMENT,OK
TKT78979452387,2026-02-01T13:48:18Z,PORTE-C,R59366080,UNITE,OK
TKT66131001541,2026-02-01T13:48:19Z,PORTE-A,R56787802,ABONNEMENT,OK
TKT45044409298,2026-02-01T13:48:19Z,PORTE-D,R56674052,INVITATION,OK
TKT90958087483,2026-02-01T13:48:19Z,PORTE-C,R54062605,UNITE,OK
TKT25410393076,2026-02-01T13:48:19Z,PORTE-D,R53052314,UNITE,OK
TKT60395280149,2026-02-01T13:48:20Z,PORTE-C,R54754893,UNITE,OK
TKT54071813541,2026-02-01T13:48:20Z,PORTE-D,,UNITE,OK
TKT86211066406,2026-02-01T13:48:21Z,PORTE-A,R51145405,ABONNEMENT,OK
TKT11398661595,2026-02-01T13:48:21Z,PORTE-A,,UNITE,OK
TKT67702616602,2026-02-01T13:48:21Z,PORTE-B,,UNITE,OK
TKT82414028110,2026-02-01T13:48:22Z,PORTE-B,R57986418,ABONNEMENT,OK
TKT76746919125,2026-02-01T13:48:22Z,PORTE-C,,UNITE,OK
TKT75270927039,2026-02-01T13:48:22Z,PORTE-C,,UNITE,OK
TKT39739462921,2026-02-01T13:48:23Z,PORTE-A,R54378444,ABONNEMENT,OK
TKT49562704479,2026-02-01T13:48:23Z,PORTE-D,R59245051,ABONNEMENT,OK
TKT25229438742,2026-02-01T13:48:24Z,PORTE-C,R58106087,ABONNEMENT,OK
TKT12917080003,2026-02-01T13:48:24Z,VIP-EST,,UNITE,OK
TKT62842288132,2026-02-01T13:48:25Z,PORTE-A,R57620323,ABONNEMENT,OK
TKT53578827241,2026-02-01T13:48:28Z,PORTE-D,R51724144,UNITE,OK
TKT23409493632,2026-02-01T13:48:29Z,PORTE-A,R54847188,VIP,OK
TKT98046117613,2026-02-01T13:48:31Z,PORTE-A,R55183926,ABONNEMENT,OK
TKT52319148290,2026-02-01T13:48:31Z,PORTE-D,R52975287,UNITE,OK
TKT46771751257,2026-02-01T13:48:34Z,PORTE-A,R51808882,ABONNEMENT,OK
TKT36359107597,2026-02-01T13:48:34Z,PORTE-B,R56619160,ABONNEMENT,OK
TKT22143357498,2026-02-01T13:48:34Z,PORTE-C,R51605222,ABONNEMENT,OK
TKT50682762445,2026-02-01T13:48:34Z,PORTE-C,R58385280,UNITE,OK
TKT85136465933,2026-02-01T13:48:34Z,PORTE-B,,UNITE,OK
TKT39081818094,2026-02-01T13:48:35Z,VIP-EST,,UNITE,OK
TKT12968059800,2026-02-01T13:48:36Z,PORTE-C,R51028399,ABONNEMENT,OK
TKT35673557121,2026-02-01T13:48:36Z,VIP-EST,R53718099,ABONNEMENT,OK
TKT28229028582,2026-02-01T13:48:38Z,PORTE-C,R58749536,ABONNEMENT,OK
TKT31121649238,2026-02-01T13:48:38Z,PORTE-B,R56703965,UNITE,OK
TKT11137563571,2026-02-01T13:48:38Z,VIP-EST,,UNITE,OK
TKT23810464366,2026-02-01T13:48:40Z,VIP-EST,R53120290,ABONNEMENT,OK
TKT21875006700,2026-02-01T13:48:40Z,PORTE-C,R56768253,UNITE,OK
TKT41762014967,2026-02-01T13:48:40Z,PORTE-C,R53158162,UNITE,OK
TKT16565044965,2026-02-01T13:48:40Z,PORTE-A,,VIP,OK
TKT28138132626,2026-02-01T13:48:42Z,VIP-EST,R56755792,ABONNEMENT,OK
TKT64552582520,2026-02-01T13:48:43Z,PORTE-D,R59468317,UNITE,OK
TKT36045211104,2026-02-01T13:48:44Z,PORTE-C,R59981676,ABONNEMENT,OK
TKT35970697019,2026-02-01T13:48:45Z,PORTE-C,R52089971,UNITE,OK
TKT36059646402,2026-02-01T13:48:46Z,PORTE-B,R58102898,ABONNEMENT,OK
TKT26712531204,2026-02-01T13:48:46Z,PORTE-C,R53547206,UNITE,OK
TKT34935959467,2026-02-01T13:48:47Z,PORTE-C,R52664295,ABONNEMENT,OK
TKT40560537137,2026-02-01T13:48:48Z,PORTE-D,R57498815,ABONNEMENT,OK
TKT85144620739,2026-02-01T13:48:49Z,PORTE-A,R57988870,ABONNEMENT,OK
TKT17978645901,2026-02-01T13:48:49Z,PORTE-C,R55966449,UNITE,OK
TKT61372667969,2026-02-01T13:48:50Z,VIP-EST,R59365735,ABONNEMENT,OK
TKT20301614958,2026-02-01T13:48:50Z,PORTE-D,R59067683,UNITE,OK
TKT27221561001,2026-02-01T13:48:50Z,PORTE-C,R53136640,UNITE,OK
TKT94181635765,2026-02-01T13:48:54Z,PORTE-C,R54210472,INVITATION,OK
TKT11062222997,2026-02-01T13:48:56Z,PORTE-A,R57394270,ABONNEMENT,OK
TKT46777634083,2026-02-01T13:48:56Z,PORTE-D,R59352182,ABONNEMENT,OK
TKT46384097300,2026-02-01T13:48:57Z,PORTE-D,R55331994,ABONNEMENT,OK
TKT59657404820,2026-02-01T13:48:57Z,PORTE-C,R56263007,UNITE,OK
TKT37467049223,2026-02-01T13:48:58Z,PORTE-D,R53188812,UNITE,OK
TKT88929189663,2026-02-01T13:48:59Z,PORTE-C,R55447238,UNITE,OK
TKT23457599712,2026-02-01T13:49:00Z,PORTE-C,R55847326,ABONNEMENT,OK
TKT11193245559,2026-02-01T13:49:00Z,PORTE-A,R53132004,ABONNEMENT,OK
TKT46433064803,2026-02-01T13:49:00Z,PORTE-B,R55517944,UNITE,OK
TKT77470234057,2026-02-01T13:49:00Z,PORTE-D,R52772317,UNITE,OK
TKT52384254960,2026-02-01T13:49:00Z,PORTE-C,R51119602,UNITE,OK
TKT60821972169,2026-02-01T13:49:01Z,PORTE-C,R55896031,ABONNEMENT,OK
TKT24083185686,2026-02-01T13:49:01Z,VIP-EST,R51390069,ABONNEMENT,OK
TKT29477735403,2026-02-01T13:49:02Z,PORTE-C,R52267262,ABONNEMENT,OK
TKT49932169576,2026-02-01T13:49:03Z,PORTE-D,R59197783,INVITATION,OK
TKT57710783173,2026-02-01T13:49:04Z,PORTE-C,R52936534,ABONNEMENT,OK
TKT59895263391,2026-02-01T13:49:04Z,PORTE-D,R59886728,ABONNEMENT,OK
TKT25899295067,2026-02-01T13:49:04Z,PORTE-D,R53935034,UNITE,OK
TKT44277898459,2026-02-01T13:49:05Z,PORTE-C,,UNITE,OK
TKT12748938579,2026-02-01T13:49:06Z,PORTE-A,R54174171,UNITE,OK
TKT27295168904,2026-02-01T13:49:07Z,VIP-EST,R54494904,ABONNEMENT,OK
TKT59142592034,2026-02-01T13:49:07Z,VIP-EST,R51625384,UNITE,OK
TKT50459761726,2026-02-01T13:49:08Z,PORTE-C,R53004500,ABONNEMENT,OK
TKT43482223866,2026-02-01T13:49:09Z,PORTE-A,,UNITE,OK
TKT15057388184,2026-02-01T13:49:11Z,VIP-EST,R58447873,ABONNEMENT,OK
TKT11687948208,2026-02-01T13:49:11Z,PORTE-D,R52967184,UNITE,OK
TKT87431093568,2026-02-01T13:49:12Z,PORTE-B,R55015140,ABONNEMENT,OK
TKT41189815305,2026-02-01T13:49:12Z,PORTE-B,R53134657,ABONNEMENT,OK
TKT62687621550,2026-02-01T13:49:13Z,PORTE-C,R54451592,ABONNEMENT,OK
TKT36663430398,2026-02-01T13:49:13Z,PORTE-D,R57348419,UNITE,OK
TKT83775172193,2026-02-01T13:49:13Z,PORTE-A,R59096772,VIP,OK
TKT85703517588,2026-02-01T13:49:13Z,PORTE-D,R54792698,UNITE,OK
TKT86911396112,2026-02-01T13:49:14Z,PORTE-D,R59691928,ABONNEMENT,OK
TKT96600033816,2026-02-01T13:49:14Z,PORTE-A,R54704349,ABONNEMENT,REFUSE_DEJA_SCANNE
TKT79993868482,2026-02-01T13:49:14Z,PORTE-C,R59309617,UNITE,OK
TKT36832614110,2026-02-01T13:49:14Z,PORTE-D,R56439350,UNITE,OK
TKT84153713535,2026-02-01T13:49:15Z,PORTE-C,R59597392,ABONNEMENT,OK
TKT76323133257,2026-02-01T13:49:15Z,PORTE-D,R55030475,INVITATION,OK
TKT99802196328,2026-02-01T13:49:16Z,PORTE-D,R57418847,ABONNEMENT,OK
TKT25354179025,2026-02-01T13:49:17Z,PORTE-D,R57614337,UNITE,OK
TKT30263130541,2026-02-01T13:49:18Z,PORTE-A,R58490036,ABONNEMENT,OK
TKT53270821411,2026-02-01T13:49:20Z,PORTE-C,R53227833,ABONNEMENT,REFUSE_DEJA_SCANNE
TKT71343037186,2026-02-01T13:49:20Z,VIP-EST,R52803848,UNITE,OK
TKT81641268923,2026-02-01T13:49:21Z,PORTE-C,R54200597,UNITE,OK
TKT51611925107,2026-02-01T13:49:21Z,PORTE-D,,GROUPE,OK
TKT18734263801,2026-02-01T13:49:22Z,PORTE-C,R56723437,ABONNEMENT,OK
TKT46429086062,2026-02-01T13:49:22Z,PORTE-B,R57432199,ABONNEMENT,OK
TKT22679519029,2026-02-01T13:49:23Z,VIP-EST,R57691699,ABONNEMENT,OK
TKT73167029508,2026-02-01T13:49:24Z,VIP-EST,R59626260,UNITE,OK
TKT45506617785,2026-02-01T13:49:25Z,VIP-EST,R55905417,ABONNEMENT,OK
TKT81075090832,2026-02-01T13:49:25Z,VIP-EST,R55735415,UNITE,OK
TKT15424777326,2026-02-01T13:49:27Z,PORTE-A,R52741121,UNITE,OK
TKT81910531101,2026-02-01T13:49:28Z,PORTE-D,R51808547,ABONNEMENT,OK
TKT47093321672,2026-02-01T13:49:29Z,PORTE-D,R55799857,UNITE,OK
TKT68659194248,2026-02-01T13:49:29Z,PORTE-C,R55652861,UNITE,OK
TKT54334279534,2026-02-01T13:49:30Z,PORTE-C,R51958186,ABONNEMENT,OK
TKT88394511386,2026-02-01T13:49:31Z,PORTE-A,R52933191,ABONNEMENT,OK
TKT27836471702,2026-02-01T13:49:31Z,PORTE-A,R56540763,VIP,OK
TKT73374927619,2026-02-01T13:49:32Z,PORTE-C,R57266622,ABONNEMENT,OK
TKT20239894797,2026-02-01T13:49:32Z,VIP-EST,R57743804,ABONNEMENT,OK
TKT39177460620,2026-02-01T13:49:33Z,PORTE-C,R53460304,UNITE,OK
TKT41296427629,2026-02-01T13:49:34Z,PORTE-D,R57328746,UNITE,OK
TKT98366726448,2026-02-01T13:49:35Z,PMR-NORD,R54310324,ABONNEMENT,OK
TKT19909069755,2026-02-01T13:49:35Z,PORTE-D,R59737290,UNITE,OK
TKT84801198312,2026-02-01T13:49:36Z,PORTE-C,R57366685,ABONNEMENT,OK
TKT78440686713,2026-02-01T13:49:37Z,PORTE-C,R59806013,ABONNEMENT,OK
TKT31791165731,2026-02-01T13:49:38Z,PORTE-A,R59691794,UNITE,OK
TKT64461660672,2026-02-01T13:49:38Z,PORTE-C,,UNITE,OK
TKT38562894878,2026-02-01T13:49:39Z,PORTE-C,R55268041,ABONNEMENT,OK
TKT15918663075,2026-02-01T13:49:40Z,PORTE-D,R59174355,UNITE,OK
TKT15133860456,2026-02-01T13:49:41Z,PORTE-D,,INVITATION,OK
TKT21579570415,2026-02-01T13:49:42Z,PORTE-A,R52465338,ABONNEMENT,OK
TKT87637756188,2026-02-01T13:49:42Z,VIP-EST,R59590706,ABONNEMENT,OK
TKT39983657219,2026-02-01T13:49:42Z,PORTE-A,,UNITE,OK
TKT94334815864,2026-02-01T13:49:42Z,PORTE-C,R51012049,UNITE,OK
TKT49919174815,2026-02-01T13:49:42Z,PORTE-A,R55155929,UNITE,OK
TKT66240584407,2026-02-01T13:49:44Z,PORTE-C,R52369097,ABONNEMENT,OK
TKT13151649548,2026-02-01T13:49:44Z,VIP-EST,R52992786,ABONNEMENT,OK
TKT98648935004,2026-02-01T13:49:46Z,PORTE-C,R53272793,UNITE,OK
TKT12385262341,2026-02-01T13:49:48Z,PORTE-C,R52014649,ABONNEMENT,OK
TKT31801986787,2026-02-01T13:49:48Z,PORTE-A,R59533640,UNITE,OK
TKT81800322028,2026-02-01T13:49:49Z,VIP-EST,R52233825,ABONNEMENT,OK
TKT40443955537,2026-02-01T13:49:49Z,PORTE-D,R53846762,ABONNEMENT,OK
TKT57647461485,2026-02-01T13:49:50Z,PORTE-D,,UNITE,OK
TKT76846516372,2026-02-01T13:49:51Z,PORTE-B,R57116025,ABONNEMENT,OK
TKT13469266421,2026-02-01T13:49:52Z,VIP-EST,R51165500,VIP,OK
TKT35661102623,2026-02-01T13:49:53Z,PORTE-D,R55866463,ABONNEMENT,OK
TKT67596771060,2026-02-01T13:49:54Z,PORTE-D,R52048019,UNITE,OK
TKT46435626782,2026-02-01T13:49:55Z,PORTE-D,R57174260,ABONNEMENT,OK
TKT13813609656,2026-02-01T13:49:55Z,PORTE-D,R58726252,UNITE,OK
TKT15988866379,2026-02-01T13:49:56Z,PORTE-B,,UNITE,OK
TKT34020984091,2026-02-01T13:49:57Z,PORTE-D,R55433283,UNITE,OK
TKT74003340270,2026-02-01T13:49:57Z,PORTE-D,R58591459,INVITATION,OK
TKT99411280740,2026-02-01T13:49:58Z,PORTE-C,,UNITE,OK
TKT23761854966,2026-02-01T13:49:59Z,VIP-EST,R53765377,ABONNEMENT,OK
TKT42683684211,2026-02-01T13:49:59Z,PORTE-A,R51559046,ABONNEMENT,OK
TKT12739456627,2026-02-01T13:50:00Z,PORTE-D,R53911817,UNITE,OK
TKT40048396338,2026-02-01T13:50:00Z,PORTE-D,R54380216,UNITE,OK
TKT53427949816,2026-02-01T13:50:00Z,PORTE-C,R56918850,INVITATION,OK
TKT45486521875,2026-02-01T13:50:01Z,VIP-EST,R51747515,INVITATION,OK
TKT68038466206,2026-02-01T13:50:01Z,PORTE-C,,UNITE,OK
TKT63244551277,2026-02-01T13:50:03Z,VIP-EST,R51367254,ABONNEMENT,OK
TKT14150122549,2026-02-01T13:50:03Z,PORTE-D,R51163259,UNITE,OK
TKT30009493644,2026-02-01T13:50:05Z,VIP-EST,R55156542,ABONNEMENT,OK
TKT26604228597,2026-02-01T13:50:05Z,PORTE-B,R58765608,ABONNEMENT,OK
TKT72950555773,2026-02-01T13:50:05Z,PORTE-B,,UNITE,OK
TKT19467360181,2026-02-01T13:50:05Z,PORTE-D,R57821655,UNITE,OK
TKT25700434685,2026-02-01T13:50:06Z,PORTE-D,R57601799,UNITE,OK
TKT28340721728,2026-02-01T13:50:06Z,PORTE-C,R57712350,UNITE,OK
TKT43812860661,2026-02-01T13:50:06Z,PORTE-A,,GROUPE,OK
TKT43858006375,2026-02-01T13:50:07Z,PORTE-C,R58108482,ABONNEMENT,OK
TKT79692414756,2026-02-01T13:50:08Z,PORTE-D,R55571878,UNITE,OK
TKT80330162777,2026-02-01T13:50:08Z,PORTE-D,,UNITE,OK
TKT53813879668,2026-02-01T13:50:09Z,PORTE-A,R52831165,ABONNEMENT,OK
TKT19202748654,2026-02-01T13:50:09Z,PORTE-C,R58387464,ABONNEMENT,OK
TKT49739807401,2026-02-01T13:50:09Z,PORTE-D,R52719589,ABONNEMENT,OK
TKT63513979639,2026-02-01T13:50:10Z,PMR-NORD,R52024524,UNITE,OK
TKT97324769138,2026-02-01T13:50:11Z,PORTE-D,R57355239,UNITE,OK
TKT11767554212,2026-02-01T13:50:11Z,PORTE-B,R57459238,UNITE,OK
TKT78274855679,2026-02-01T13:50:12Z,PORTE-B,R59280538,ABONNEMENT,OK
TKT47569194479,2026-02-01T13:50:13Z,VIP-EST,R52788925,ABONNEMENT,OK
TKT21938152441,2026-02-01T13:50:14Z,PORTE-B,R58467087,ABONNEMENT,OK
TKT71814243797,2026-02-01T13:50:14Z,PORTE-B,R54363521,ABONNEMENT,OK
TKT40684154116,2026-02-01T13:50:14Z,PORTE-A,R51429981,VIP,OK
TKT55667350377,2026-02-01T13:50:14Z,PORTE-D,R57206347,UNITE,OK
TKT28476792586,2026-02-01T13:50:15Z,PORTE-A,R58160654,UNITE,OK
TKT52513094100,2026-02-01T13:50:15Z,PORTE-D,R58755666,UNITE,OK
TKT12659638822,2026-02-01T13:50:16Z,PORTE-C,R52426987,UNITE,OK
TKT10164184218,2026-02-01T13:50:17Z,PORTE-C,R52614297,ABONNEMENT,OK
TKT25162455722,2026-02-01T13:50:18Z,PORTE-C,R55069975,ABONNEMENT,OK
TKT30263130541,2026-02-01T13:50:18Z,PORTE-A,R58490036,ABONNEMENT,REFUSE_DEJA_SCANNE
TKT94429411170,2026-02-01T13:50:18Z,PORTE-D,R57222151,UNITE,OK
TKT27497254441,2026-02-01T13:50:19Z,PORTE-D,R51588135,UNITE,OK
TKT22267173169,2026-02-01T13:50:21Z,PORTE-D,R58749747,ABONNEMENT,REFUSE_DEJA_SCANNE
TKT69019505565,2026-02-01T13:50:21Z,PORTE-D,R58905861,UNITE,OK
TKT43531501550,2026-02-01T13:50:21Z,PORTE-D,R59573485,UNITE,OK
TKT81761329810,2026-02-01T13:50:23Z,PORTE-C,R51577513,ABONNEMENT,OK
TKT32697300799,2026-02-01T13:50:23Z,PORTE-C,R59171759,ABONNEMENT,OK
TKT92390140132,2026-02-01T13:50:25Z,PORTE-C,R57164519,ABONNEMENT,OK
TKT58361088453,2026-02-01T13:50:25Z,PORTE-D,R51503330,UNITE,OK
TKT55703988938,2026-02-01T13:50:26Z,PORTE-A,R55789359,ABONNEMENT,OK
TKT98863940600,2026-02-01T13:50:26Z,VIP-EST,R52592152,ABONNEMENT,OK
TKT99749214001,2026-02-01T13:50:27Z,PORTE-A,R56115207,ABONNEMENT,OK
TKT20984268167,2026-02-01T13:50:27Z,PORTE-C,,INVITATION,OK
TKT83380060533,2026-02-01T13:50:28Z,PORTE-D,,GROUPE,OK
TKT24586672158,2026-02-01T13:50:30Z,PORTE-C,R52528132,ABONNEMENT,OK
TKT11080926372,2026-02-01T13:50:30Z,PORTE-C,R58594859,UNITE,OK
TKT63995371825,2026-02-01T13:50:31Z,PORTE-C,R51763185,ABONNEMENT,OK
TKT97018533147,2026-02-01T13:50:31Z,PORTE-A,R52776876,ABONNEMENT,OK
TKT33271235188,2026-02-01T13:50:31Z,VIP-EST,R54083658,UNITE,OK
TKT76671359855,2026-02-01T13:50:31Z,PORTE-C,R51909213,UNITE,OK
TKT14079970246,2026-02-01T13:50:31Z,PORTE-D,R53159867,UNITE,OK
TKT47589550709,2026-02-01T13:50:32Z,PORTE-C,R56037212,ABONNEMENT,OK
TKT58081640564,2026-02-01T13:50:32Z,PORTE-B,R54401671,UNITE,OK
TKT18783248076,2026-02-01T13:50:32Z,PORTE-B,R57129176,UNITE,REFUSE_INVALIDE
TKT12643810872,2026-02-01T13:50:33Z,PORTE-C,R51050936,UNITE,OK
TKT92617230198,2026-02-01T13:50:34Z,PORTE-C,R55700340,ABONNEMENT,OK
TKT87922646946,2026-02-01T13:50:35Z,VIP-EST,R55420812,UNITE,OK
TKT68447489317,2026-02-01T13:50:36Z,PORTE-B,R55344254,ABONNEMENT,OK
TKT18723981998,2026-02-01T13:50:36Z,PORTE-C,R56610367,UNITE,OK
TKT63588766671,2026-02-01T13:50:36Z,PORTE-B,R52607420,UNITE,OK
TKT60940177725,2026-02-01T13:50:36Z,PORTE-C,R51014903,UNITE,OK
TKT22273380685,2026-02-01T13:50:37Z,VIP-EST,R51964584,UNITE,OK
TKT33167100484,2026-02-01T13:50:38Z,PORTE-C,R52708967,ABONNEMENT,OK
TKT30868645960,2026-02-01T13:50:40Z,PORTE-C,R52537739,UNITE,OK
TKT19994019973,2026-02-01T13:50:40Z,PORTE-C,R59487119,UNITE,OK
TKT48792361771,2026-02-01T13:50:41Z,PORTE-C,R58012375,ABONNEMENT,OK
TKT24326457972,2026-02-01T13:50:41Z,VIP-EST,R59168215,ABONNEMENT,OK
TKT94781751531,2026-02-01T13:50:41Z,VIP-EST,,UNITE,OK
TKT35319509105,2026-02-01T13:50:42Z,PORTE-D,R59787422,ABONNEMENT,OK
TKT82395555702,2026-02-01T13:50:42Z,PORTE-C,R54536052,ABONNEMENT,OK
TKT78776317848,2026-02-01T13:50:42Z,PORTE-C,R58494260,ABONNEMENT,OK
TKT80289886688,2026-02-01T13:50:43Z,PORTE-C,,UNITE,OK
TKT23907597724,2026-02-01T13:50:45Z,PORTE-D,R58344688,ABONNEMENT,OK
TKT24905806773,2026-02-01T13:50:45Z,PORTE-D,R58989085,ABONNEMENT,REFUSE_DEJA_SCANNE
TKT45639059921,2026-02-01T13:50:45Z,PORTE-D,R54684053,ABONNEMENT,OK
TKT98767523984,2026-02-01T13:50:46Z,VIP-EST,R55324638,ABONNEMENT,OK
TKT27468677618,2026-02-01T13:50:46Z,VIP-EST,R52341991,UNITE,OK
TKT17883970847,2026-02-01T13:50:47Z,PORTE-D,R51306500,ABONNEMENT,OK
TKT54173718691,2026-02-01T13:50:47Z,PORTE-D,R53493674,ABONNEMENT,OK
TKT20576895006,2026-02-01T13:50:48Z,VIP-EST,R59562039,UNITE,OK
TKT52860981902,2026-02-01T13:50:49Z,PORTE-C,R51137503,ABONNEMENT,OK
TKT98884322492,2026-02-01T13:50:50Z,VIP-EST,R52951370,ABONNEMENT,OK
TKT78404417965,2026-02-01T13:50:52Z,PORTE-A,R58837818,UNITE,OK
TKT93623132088,2026-02-01T13:50:53Z,PORTE-C,R55713625,UNITE,OK
TKT61305301910,2026-02-01T13:50:54Z,PORTE-A,R59731016,UNITE,OK
TKT89177123876,2026-02-01T13:50:55Z,PORTE-D,R58645671,UNITE,OK
TKT10953198791,2026-02-01T13:50:56Z,VIP-EST,R59250022,UNITE,OK
TKT31577820571,2026-02-01T13:50:57Z,PORTE-D,R55839769,ABONNEMENT,OK
TKT22572891534,2026-02-01T13:50:57Z,PORTE-C,R57800344,ABONNEMENT,OK
TKT60822375351,2026-02-01T13:50:57Z,PORTE-A,R51644320,UNITE,OK
TKT56361549661,2026-02-01T13:50:58Z,PORTE-B,R59128916,ABONNEMENT,REFUSE_DEJA_SCANNE
TKT88542484631,2026-02-01T13:50:58Z,VIP-EST,,UNITE,OK
TKT55488151828,2026-02-01T13:50:59Z,PORTE-D,R51249893,ABONNEMENT,OK
TKT30731765032,2026-02-01T13:50:59Z,PORTE-D,R57932139,UNITE,OK
TKT29215661553,2026-02-01T13:51:01Z,PORTE-C,R51780684,UNITE,OK
TKT95977540874,2026-02-01T13:51:02Z,PORTE-C,R53768844,ABONNEMENT,OK
TKT45388469999,2026-02-01T13:51:02Z,PORTE-D,R55962503,UNITE,OK
TKT32806703656,2026-02-01T13:51:03Z,PORTE-C,R58791230,UNITE,OK
TKT50930670019,2026-02-01T13:51:03Z,PORTE-C,,GROUPE,OK
TKT59199550406,2026-02-01T13:51:04Z,PORTE-D,R56755926,ABONNEMENT,OK
TKT35099562558,2026-02-01T13:51:04Z,PORTE-B,R55778536,UNITE,OK
TKT74113536686,2026-02-01T13:51:05Z,PORTE-D,R59733411,ABONNEMENT,OK
TKT44547971200,2026-02-01T13:51:06Z,PORTE-D,R53163277,UNITE,OK
TKT70719638479,2026-02-01T13:51:08Z,PORTE-D,R51242269,ABONNEMENT,OK
TKT28215626150,2026-02-01T13:51:09Z,PORTE-A,R59800084,ABONNEMENT,OK
TKT97813055189,2026-02-01T13:51:09Z,PORTE-B,R51437950,UNITE,OK
TKT37800455981,2026-02-01T13:51:10Z,PORTE-B,R57802451,ABONNEMENT,OK
TKT34182223630,2026-02-01T13:51:10Z,PORTE-D,,UNITE,OK
TKT14002136836,2026-02-01T13:51:11Z,PORTE-A,R59404220,GROUPE,OK
TKT55061250655,2026-02-01T13:51:11Z,PORTE-D,,UNITE,OK
TKT18296764977,2026-02-01T13:51:12Z,VIP-EST,R56327985,ABONNEMENT,OK
TKT46366956426,2026-02-01T13:51:12Z,PORTE-D,R54983398,ABONNEMENT,OK
TKT98688833080,2026-02-01T13:51:12Z,PORTE-C,R52544204,UNITE,OK
TKT79432796934,2026-02-01T13:51:12Z,PORTE-B,R56000298,UNITE,OK
TKT11094837544,2026-02-01T13:51:12Z,PORTE-D,R52016555,UNITE,OK
TKT40254454887,2026-02-01T13:51:12Z,PORTE-A,,GROUPE,OK
TKT62687621550,2026-02-01T13:51:13Z,PORTE-C,R54451592,ABONNEMENT,REFUSE_DEJA_SCANNE
TKT76328574464,2026-02-01T13:51:14Z,PORTE-D,,UNITE,OK
TKT35523975080,2026-02-01T13:51:15Z,PORTE-C,R59413348,ABONNEMENT,OK
TKT51430938613,2026-02-01T13:51:16Z,PMR-NORD,R53484546,ABONNEMENT,OK
TKT35368488472,2026-02-01T13:51:16Z,PORTE-C,,UNITE,OK
TKT89976601288,2026-02-01T13:51:16Z,PORTE-D,R57636740,UNITE,OK
TKT44193496933,2026-02-01T13:51:17Z,PORTE-B,R57038864,ABONNEMENT,OK
TKT91889124597,2026-02-01T13:51:17Z,PORTE-A,R56349440,ABONNEMENT,OK
TKT69785752168,2026-02-01T13:51:17Z,VIP-EST,R56092248,UNITE,OK
TKT19993340121,2026-02-01T13:51:17Z,PORTE-D,R53528012,UNITE,OK
TKT50961910944,2026-02-01T13:51:18Z,PORTE-A,R52690577,ABONNEMENT,OK
TKT86050793928,2026-02-01T13:51:18Z,PORTE-A,R59292041,ABONNEMENT,OK
TKT94461312415,2026-02-01T13:51:18Z,PORTE-C,R58255803,UNITE,OK
TKT71253114947,2026-02-01T13:51:18Z,PORTE-C,R53892536,UNITE,OK
TKT78965117686,2026-02-01T13:51:19Z,PORTE-C,,UNITE,OK
TKT49346707685,2026-02-01T13:51:19Z,PORTE-C,,GROUPE,OK
TKT85928469935,2026-02-01T13:51:22Z,PORTE-C,R54902281,UNITE,OK
TKT45592198764,2026-02-01T13:51:22Z,VIP-EST,R52735537,UNITE,OK
TKT87563072519,2026-02-01T13:51:22Z,PORTE-D,R56811029,UNITE,OK
TKT23545791908,2026-02-01T13:51:24Z,PORTE-A,R51493599,ABONNEMENT,OK
TKT56350872939,2026-02-01T13:51:26Z,VIP-EST,R58615567,ABONNEMENT,OK
TKT45439818967,2026-02-01T13:51:27Z,VIP-EST,R53704144,VIP,OK
TKT21797364324,2026-02-01T13:51:27Z,VIP-EST,R59168694,UNITE,OK
TKT23447291053,2026-02-01T13:51:27Z,PMR-NORD,R59799404,UNITE,OK
TKT70780927739,2026-02-01T13:51:28Z,PORTE-B,R55671184,UNITE,OK
TKT48164548348,2026-02-01T13:51:29Z,VIP-EST,R51295322,ABONNEMENT,OK
TKT36538783038,2026-02-01T13:51:29Z,VIP-EST,R53295541,UNITE,OK
TKT19116938504,2026-02-01T13:51:29Z,PORTE-C,R59763572,UNITE,OK
TKT87684647348,2026-02-01T13:51:31Z,PORTE-C,,UNITE,OK
TKT94139584891,2026-02-01T13:51:32Z,PORTE-B,R54544021,ABONNEMENT,OK
TKT27646370379,2026-02-01T13:51:32Z,PORTE-B,R58435479,ABONNEMENT,OK
TKT63075845142,2026-02-01T13:51:32Z,PORTE-D,R57020129,ABONNEMENT,OK
TKT60529363374,2026-02-01T13:51:34Z,PORTE-C,,UNITE,OK
TKT97855082697,2026-02-01T13:51:34Z,PORTE-C,R55133650,UNITE,OK
TKT27966530893,2026-02-01T13:51:35Z,PORTE-D,R54970257,UNITE,OK
TKT55261741617,2026-02-01T13:51:37Z,VIP-EST,R56571825,ABONNEMENT,OK
TKT49142213041,2026-02-01T13:51:37Z,PORTE-B,R51337006,ABONNEMENT,OK
TKT94250744824,2026-02-01T13:51:37Z,PORTE-B,R58516529,UNITE,OK
TKT69947321347,2026-02-01T13:51:37Z,PORTE-A,,UNITE,OK
TKT88104073956,2026-02-01T13:51:37Z,PORTE-C,R53807607,UNITE,OK
TKT68839325438,2026-02-01T13:51:38Z,VIP-EST,R58772351,ABONNEMENT,OK
TKT92206979362,2026-02-01T13:51:38Z,PORTE-D,R52161836,UNITE,OK
TKT15918663075,2026-02-01T13:51:40Z,PORTE-D,R59174355,UNITE,REFUSE_DEJA_SCANNE
TKT92260215028,2026-02-01T13:51:40Z,PORTE-C,R57025100,UNITE,OK
TKT48479584615,2026-02-01T13:51:40Z,PORTE-A,R55861281,UNITE,OK
TKT11925168304,2026-02-01T13:51:41Z,PORTE-B,R51494547,ABONNEMENT,OK
TKT11027012340,2026-02-01T13:51:41Z,PORTE-D,R59349184,UNITE,OK
TKT83378863414,2026-02-01T13:51:42Z,PORTE-C,R53957514,UNITE,OK
TKT18185370697,2026-02-01T13:51:43Z,PORTE-A,R58237825,ABONNEMENT,OK
TKT58415932989,2026-02-01T13:51:44Z,PORTE-C,R56694492,UNITE,OK
TKT78527915404,2026-02-01T13:51:46Z,PORTE-C,R59142067,UNITE,OK
TKT90510157675,2026-02-01T13:51:47Z,PORTE-D,R54194879,UNITE,OK
TKT80445131369,2026-02-01T13:51:48Z,PORTE-A,R59968314,ABONNEMENT,OK
TKT22850635094,2026-02-01T13:51:48Z,PORTE-D,R58279030,INVITATION,OK
TKT76403125190,2026-02-01T13:51:50Z,PORTE-D,R54358627,ABONNEMENT,OK
TKT95970397593,2026-02-01T13:51:50Z,VIP-EST,R58700362,ABONNEMENT,OK
TKT52009817118,2026-02-01T13:51:50Z,PORTE-D,R59319214,UNITE,OK
TKT58684193329,2026-02-01T13:51:51Z,PORTE-C,R58263226,UNITE,OK
TKT30568861726,2026-02-01T13:51:52Z,PORTE-D,,UNITE,OK
TKT30651204491,2026-02-01T13:51:53Z,PORTE-D,R59852467,UNITE,OK
TKT39078088108,2026-02-01T13:51:56Z,PORTE-D,R59779520,ABONNEMENT,OK
TKT93771970099,2026-02-01T13:51:56Z,VIP-EST,R56256063,ABONNEMENT,OK
TKT78556878704,2026-02-01T13:51:56Z,PORTE-D,R53131803,ABONNEMENT,OK
TKT44559456012,2026-02-01T13:51:56Z,PORTE-A,R59876374,UNITE,OK
TKT62259707586,2026-02-01T13:51:58Z,PORTE-D,R53700868,ABONNEMENT,OK
TKT74027185892,2026-02-01T13:51:58Z,PORTE-D,R56027002,UNITE,OK
TKT22895551755,2026-02-01T13:52:00Z,PORTE-C,R58674348,ABONNEMENT,OK
TKT21089093945,2026-02-01T13:52:01Z,VIP-EST,R53464595,ABONNEMENT,OK
TKT80882529977,2026-02-01T13:52:01Z,PORTE-D,R54867541,UNITE,OK
TKT93929886805,2026-02-01T13:52:02Z,PORTE-C,R57604998,UNITE,OK
TKT43329421263,2026-02-01T13:52:04Z,VIP-EST,R54349288,UNITE,OK
TKT85098980299,2026-02-01T13:52:04Z,PORTE-C,R53116689,UNITE,OK
TKT19884618722,2026-02-01T13:52:04Z,PORTE-C,R54865032,UNITE,OK
TKT61402917076,2026-02-01T13:52:05Z,PORTE-B,R57999157,ABONNEMENT,OK
TKT32475326905,2026-02-01T13:52:07Z,PORTE-D,R51569812,UNITE,OK
TKT30851361688,2026-02-01T13:52:07Z,PORTE-C,R51183689,UNITE,OK
TKT13296566689,2026-02-01T13:52:08Z,PORTE-D,R57949025,UNITE,OK
TKT88708714280,2026-02-01T13:52:08Z,PORTE-C,,GROUPE,OK
TKT86092831981,2026-02-01T13:52:09Z,VIP-EST,R57390046,ABONNEMENT,OK
TKT49682579474,2026-02-01T13:52:10Z,PORTE-D,R53304880,ABONNEMENT,OK
TKT36000428019,2026-02-01T13:52:10Z,PORTE-C,R52817813,UNITE,OK
TKT69142888898,2026-02-01T13:52:13Z,PORTE-D,R58577973,ABONNEMENT,OK
TKT59212971281,2026-02-01T13:52:15Z,PORTE-D,R53420114,ABONNEMENT,OK
TKT16050914583,2026-02-01T13:52:16Z,VIP-EST,R51372838,ABONNEMENT,OK
TKT58371817845,2026-02-01T13:52:16Z,PORTE-D,R57256881,ABONNEMENT,OK
TKT81968333728,2026-02-01T13:52:16Z,PORTE-C,,UNITE,OK
TKT76717747434,2026-02-01T13:52:17Z,PORTE-C,R59957970,UNITE,OK
TKT33311772097,2026-02-01T13:52:20Z,PORTE-D,R53464384,UNITE,OK
TKT28486929514,2026-02-01T13:52:20Z,PORTE-C,R53993959,UNITE,OK
TKT72412876585,2026-02-01T13:52:20Z,PORTE-A,R54290038,VIP,OK
TKT21848206305,2026-02-01T13:52:21Z,PORTE-C,R56495123,ABONNEMENT,OK
TKT59903992741,2026-02-01T13:52:21Z,PORTE-D,R57794415,UNITE,OK
TKT21620880077,2026-02-01T13:52:22Z,PORTE-C,R54801069,ABONNEMENT,OK
TKT96131244761,2026-02-01T13:52:22Z,PORTE-C,R54356845,UNITE,REFUSE_DEJA_SCANNE
TKT24237690729,2026-02-01T13:52:23Z,VIP-EST,R54748619,ABONNEMENT,OK
TKT88462561188,2026-02-01T13:52:24Z,VIP-EST,R52688192,ABONNEMENT,OK
TKT57974648730,2026-02-01T13:52:25Z,PORTE-C,R53257066,ABONNEMENT,OK
TKT11157971659,2026-02-01T13:52:25Z,PORTE-C,R54673230,UNITE,OK
TKT11046983801,2026-02-01T13:52:25Z,VIP-EST,R54161432,UNITE,OK
TKT93801405447,2026-02-01T13:52:25Z,PORTE-A,,GROUPE,OK
TKT43113494002,2026-02-01T13:52:26Z,PORTE-C,R58405375,ABONNEMENT,OK
TKT30930947419,2026-02-01T13:52:26Z,PORTE-C,R53378028,UNITE,OK
TKT24761440852,2026-02-01T13:52:26Z,PORTE-B,R52055710,UNITE,OK
TKT41596562887,2026-02-01T13:52:27Z,PORTE-D,R57476000,UNITE,OK
TKT22616324033,2026-02-01T13:52:27Z,PORTE-D,,UNITE,OK
TKT22891680467,2026-02-01T13:52:27Z,PORTE-A,R57874172,UNITE,OK
TKT95884195973,2026-02-01T13:52:28Z,PORTE-C,R57000791,ABONNEMENT,OK
TKT94335223302,2026-02-01T13:52:28Z,PORTE-A,R51995301,ABONNEMENT,OK
TKT77773762761,2026-02-01T13:52:31Z,VIP-EST,R55168400,ABONNEMENT,OK
TKT87930169923,2026-02-01T13:52:31Z,PORTE-B,,UNITE,OK
TKT91140343620,2026-02-01T13:52:32Z,PORTE-C,R51043111,ABONNEMENT,OK
TKT33478925079,2026-02-01T13:52:32Z,PORTE-D,R54650817,ABONNEMENT,OK
TKT17173820500,2026-02-01T13:52:32Z,PORTE-D,R58763233,UNITE,OK
TKT22179967932,2026-02-01T13:52:33Z,PORTE-C,R57617948,UNITE,OK
TKT29039835655,2026-02-01T13:52:33Z,PORTE-D,R58694299,INVITATION,OK
TKT10972481698,2026-02-01T13:52:33Z,VIP-EST,R53635076,UNITE,OK
TKT54005119555,2026-02-01T13:52:34Z,PORTE-C,R52763725,ABONNEMENT,OK
TKT97225591713,2026-02-01T13:52:34Z,PORTE-C,R58364093,UNITE,OK
TKT21356719899,2026-02-01T13:52:35Z,PORTE-C,R53890419,ABONNEMENT,OK
TKT32507126969,2026-02-01T13:52:35Z,PORTE-C,,GROUPE,OK
TKT56190800329,2026-02-01T13:52:36Z,PORTE-D,R56680326,ABONNEMENT,OK
TKT88248671637,2026-02-01T13:52:36Z,PORTE-B,R54220970,UNITE,OK
TKT14893259987,2026-02-01T13:52:37Z,PORTE-C,R53837165,ABONNEMENT,OK
TKT44222283487,2026-02-01T13:52:37Z,PORTE-C,R55451606,UNITE,OK
TKT42433422105,2026-02-01T13:52:38Z,PORTE-D,R58871456,UNITE,OK
TKT39175268890,2026-02-01T13:52:38Z,PORTE-C,R55682563,UNITE,OK
TKT25350204959,2026-02-01T13:52:40Z,PORTE-D,R59095067,UNITE,OK
TKT40276873487,2026-02-01T13:52:41Z,PORTE-C,R54664715,ABONNEMENT,OK
TKT33422541661,2026-02-01T13:52:41Z,PORTE-D,R56060171,ABONNEMENT,OK
TKT22371339184,2026-02-01T13:52:41Z,PORTE-C,R58609025,ABONNEMENT,OK
TKT26834479126,2026-02-01T13:52:41Z,PORTE-C,R58603642,UNITE,OK
TKT43073331056,2026-02-01T13:52:41Z,VIP-EST,R52197313,UNITE,OK
TKT21785267299,2026-02-01T13:52:42Z,PORTE-C,R55753202,ABONNEMENT,OK
TKT63455131087,2026-02-01T13:52:42Z,PORTE-B,R54953304,ABONNEMENT,OK
TKT65272034126,2026-02-01T13:52:42Z,PORTE-C,R51008103,ABONNEMENT,OK
TKT36280800327,2026-02-01T13:52:42Z,PORTE-C,R52825102,ABONNEMENT,OK
TKT90349163310,2026-02-01T13:52:42Z,VIP-EST,R57108200,ABONNEMENT,OK
TKT21843766530,2026-02-01T13:52:42Z,VIP-EST,R58632798,ABONNEMENT,OK
TKT23357995983,2026-02-01T13:52:43Z,PORTE-C,,GROUPE,OK
TKT33056106171,2026-02-01T13:52:44Z,PORTE-D,R59021842,UNITE,OK
TKT44788644592,2026-02-01T13:52:45Z,VIP-EST,R59529282,ABONNEMENT,OK
TKT64982856148,2026-02-01T13:52:45Z,VIP-EST,R51382502,ABONNEMENT,OK
TKT84979189511,2026-02-01T13:52:45Z,PORTE-A,,UNITE,OK
TKT69506825035,2026-02-01T13:52:46Z,PORTE-B,R54444715,ABONNEMENT,OK
TKT76758517218,2026-02-01T13:52:47Z,PORTE-A,R53037803,GROUPE,OK
TKT25615234760,2026-02-01T13:52:48Z,PORTE-B,R56738082,ABONNEMENT,OK
TKT18592148953,2026-02-01T13:52:48Z,PORTE-A,R51647998,UNITE,OK
TKT51198995030,2026-02-01T13:52:49Z,PORTE-C,R57124674,ABONNEMENT,OK
TKT94440593223,2026-02-01T13:52:50Z,PMR-NORD,R59741380,ABONNEMENT,OK
TKT28459221422,2026-02-01T13:52:50Z,PORTE-D,R51485218,UNITE,OK
TKT52775846657,2026-02-01T13:52:50Z,PORTE-D,,GROUPE,OK
TKT26493847677,2026-02-01T13:52:50Z,PORTE-A,R57878808,UNITE,OK
TKT57386793107,2026-02-01T13:52:51Z,PORTE-D,R59348648,ABONNEMENT,OK
TKT81232691259,2026-02-01T13:52:51Z,PORTE-D,R54065191,UNITE,OK
TKT20663481588,2026-02-01T13:52:52Z,PORTE-A,R59339108,ABONNEMENT,OK
TKT13469266421,2026-02-01T13:52:52Z,VIP-EST,R51165500,VIP,REFUSE_DEJA_SCANNE
TKT47013719355,2026-02-01T13:52:52Z,PORTE-D,R56606220,UNITE,OK
TKT44793585317,2026-02-01T13:52:52Z,PORTE-D,R53865976,UNITE,OK
TKT56178317252,2026-02-01T13:52:55Z,PORTE-D,R55863599,ABONNEMENT,OK
TKT73058765398,2026-02-01T13:52:57Z,PORTE-D,R53948865,UNITE,OK
TKT83661274140,2026-02-01T13:52:58Z,VIP-EST,R53121583,UNITE,REFUSE_DEJA_SCANNE
TKT46878621289,2026-02-01T13:53:04Z,VIP-EST,R53970933,ABONNEMENT,OK
TKT60841883374,2026-02-01T13:53:04Z,PORTE-C,R53831303,ABONNEMENT,OK
TKT50643278279,2026-02-01T13:53:04Z,PORTE-D,R57364223,ABONNEMENT,REFUSE_DEJA_SCANNE
TKT62753649768,2026-02-01T13:53:04Z,PORTE-C,R54225596,UNITE,OK
TKT62846476162,2026-02-01T13:53:04Z,PORTE-D,,GROUPE,OK
TKT82188931028,2026-02-01T13:53:04Z,PORTE-D,R57248299,UNITE,OK
TKT34542478153,2026-02-01T13:53:04Z,PORTE-C,R52776541,UNITE,OK
TKT97626263493,2026-02-01T13:53:05Z,PORTE-A,R55672477,ABONNEMENT,OK
TKT32848176048,2026-02-01T13:53:05Z,PORTE-C,,UNITE,OK
TKT80364352100,2026-02-01T13:53:06Z,PORTE-C,R52892455,ABONNEMENT,OK
TKT58769982342,2026-02-01T13:53:06Z,PORTE-C,R54536866,UNITE,OK
TKT85672381992,2026-02-01T13:53:07Z,PORTE-C,R52634392,ABONNEMENT,OK
TKT14264869631,2026-02-01T13:53:07Z,PORTE-A,R54000769,ABONNEMENT,OK
TKT94073468507,2026-02-01T13:53:07Z,VIP-EST,R54638212,ABONNEMENT,OK
TKT89797979378,2026-02-01T13:53:07Z,PORTE-D,R57179442,UNITE,OK
TKT59573223140,2026-02-01T13:53:08Z,PORTE-D,R58069585,ABONNEMENT,OK
TKT78523674035,2026-02-01T13:53:10Z,VIP-EST,R55235887,ABONNEMENT,OK
TKT76302863805,2026-02-01T13:53:10Z,PORTE-C,R57700214,ABONNEMENT,OK
TKT78383961735,2026-02-01T13:53:10Z,PORTE-D,R52776052,UNITE,OK
TKT19032801390,2026-02-01T13:53:10Z,PORTE-D,R53711912,UNITE,OK
TKT94954213010,2026-02-01T13:53:11Z,PORTE-D,R56909387,UNITE,OK
TKT70111844364,2026-02-01T13:53:11Z,PORTE-C,R57834873,UNITE,OK
TKT89919381834,2026-02-01T13:53:13Z,PORTE-A,R58638248,UNITE,OK
TKT23206079021,2026-02-01T13:53:14Z,PORTE-B,R53338317,UNITE,OK
TKT54191964555,2026-02-01T13:53:15Z,PORTE-D,R56563578,ABONNEMENT,OK
TKT31052841179,2026-02-01T13:53:16Z,PORTE-A,R54494904,UNITE,OK
TKT13258347908,2026-02-01T13:53:16Z,PORTE-C,,UNITE,OK
TKT30683142669,2026-02-01T13:53:17Z,PORTE-D,R52827420,ABONNEMENT,OK
TKT36703277875,2026-02-01T13:53:17Z,PORTE-C,,UNITE,OK
TKT57162630412,2026-02-01T13:53:17Z,PORTE-C,,UNITE,REFUSE_INVALIDE
TKT75744610608,2026-02-01T13:53:18Z,PORTE-D,R54580590,ABONNEMENT,OK
TKT96547357296,2026-02-01T13:53:19Z,PORTE-B,R57075567,ABONNEMENT,OK
TKT77139293060,2026-02-01T13:53:21Z,PORTE-C,R53615115,INVITATION,OK
TKT16067452483,2026-02-01T13:53:21Z,PORTE-D,R55901126,UNITE,OK
TKT66435636110,2026-02-01T13:53:21Z,PORTE-B,R59259083,UNITE,OK
TKT37411704179,2026-02-01T13:53:21Z,PORTE-C,R52312624,UNITE,OK
TKT47672106415,2026-02-01T13:53:22Z,PORTE-D,R52746092,UNITE,OK
TKT48346282397,2026-02-01T13:53:23Z,PORTE-D,R52731926,ABONNEMENT,OK
TKT68234366044,2026-02-01T13:53:23Z,PORTE-D,R57217793,UNITE,OK
TKT27666165959,2026-02-01T13:53:24Z,PORTE-D,R57516870,ABONNEMENT,OK
TKT41506231334,2026-02-01T13:53:25Z,PORTE-C,R55751430,ABONNEMENT,OK
TKT94219510703,2026-02-01T13:53:25Z,PORTE-B,R51564161,ABONNEMENT,OK
TKT35086691391,2026-02-01T13:53:26Z,PORTE-D,R56303599,ABONNEMENT,OK
TKT78076292830,2026-02-01T13:53:27Z,PORTE-D,R52048843,UNITE,OK
TKT69756873074,2026-02-01T13:53:28Z,PORTE-C,R53663485,ABONNEMENT,OK
TKT68471117723,2026-02-01T13:53:30Z,PORTE-C,R55128756,UNITE,OK
TKT37533452127,2026-02-01T13:53:31Z,PORTE-A,R59694313,ABONNEMENT,OK
TKT97932996141,2026-02-01T13:53:32Z,PORTE-D,R54720086,UNITE,OK
TKT47236922784,2026-02-01T13:53:33Z,PORTE-D,R52373934,UNITE,OK
TKT40355070729,2026-02-01T13:53:33Z,PORTE-D,R56729778,UNITE,OK
TKT53673344292,2026-02-01T13:53:36Z,PORTE-B,R55564187,ABONNEMENT,OK
TKT57835107055,2026-02-01T13:53:36Z,PORTE-D,R53240438,UNITE,OK
TKT77088780281,2026-02-01T13:53:36Z,PORTE-D,R51525532,UNITE,OK
TKT76020332096,2026-02-01T13:53:37Z,PORTE-A,R56442884,ABONNEMENT,OK
TKT26112529180,2026-02-01T13:53:38Z,PORTE-C,,GROUPE,OK
TKT81775391471,2026-02-01T13:53:39Z,PORTE-C,,GROUPE,OK
TKT79266397372,2026-02-01T13:53:40Z,VIP-EST,,GROUPE,OK
TKT91886192541,2026-02-01T13:53:40Z,PORTE-D,R55593209,UNITE,OK
TKT47593147241,2026-02-01T13:53:41Z,PORTE-A,R51382301,UNITE,OK
TKT29783524954,2026-02-01T13:53:41Z,PORTE-D,R53662939,UNITE,OK
TKT67900016881,2026-02-01T13:53:42Z,PORTE-A,R58646083,UNITE,OK
TKT77941674052,2026-02-01T13:53:43Z,PORTE-C,,UNITE,OK
TKT76123735748,2026-02-01T13:53:44Z,PORTE-D,R55167365,ABONNEMENT,OK
TKT31114145434,2026-02-01T13:53:45Z,PORTE-D,R51532888,ABONNEMENT,OK
TKT77324732625,2026-02-01T13:53:45Z,PORTE-A,R51142752,UNITE,OK
TKT15777048031,2026-02-01T13:53:45Z,PORTE-D,R52914188,UNITE,OK
TKT13894610953,2026-02-01T13:53:46Z,VIP-EST,R55599942,ABONNEMENT,OK
TKT30932618538,2026-02-01T13:53:47Z,PORTE-D,R59908786,UNITE,OK
TKT52801989510,2026-02-01T13:53:48Z,PORTE-A,,VIP,OK
TKT29490922492,2026-02-01T13:53:48Z,VIP-EST,R56378385,VIP,OK
TKT59107456037,2026-02-01T13:53:49Z,PORTE-A,R56636458,ABONNEMENT,OK
TKT57009814235,2026-02-01T13:53:49Z,PORTE-C,R53026089,ABONNEMENT,OK
TKT59799079072,2026-02-01T13:53:50Z,VIP-EST,R54580111,UNITE,OK
TKT17292026918,2026-02-01T13:53:50Z,PORTE-A,R59240683,UNITE,OK
TKT60417827510,2026-02-01T13:53:51Z,PORTE-C,R58907278,ABONNEMENT,OK
TKT31406323756,2026-02-01T13:53:51Z,PORTE-C,R52337154,UNITE,OK
TKT11863059426,2026-02-01T13:53:52Z,PORTE-C,R55960587,ABONNEMENT,OK
TKT28414625563,2026-02-01T13:53:53Z,PORTE-C,,GROUPE,OK
TKT73529323784,2026-02-01T13:53:54Z,PORTE-C,R51414857,ABONNEMENT,OK
TKT12758502702,2026-02-01T13:53:54Z,PORTE-D,R56185223,ABONNEMENT,OK
TKT44495517599,2026-02-01T13:53:54Z,VIP-EST,R54638145,VIP,OK
TKT48962964585,2026-02-01T13:53:55Z,PORTE-C,R52207878,ABONNEMENT,OK
TKT26274103593,2026-02-01T13:53:55Z,PORTE-A,R51159849,ABONNEMENT,OK
TKT16635427829,2026-02-01T13:53:56Z,PORTE-C,R51479021,UNITE,OK
TKT70716497480,2026-02-01T13:53:57Z,PORTE-C,R52478345,ABONNEMENT,OK
TKT23828253395,2026-02-01T13:53:59Z,PORTE-D,R58564420,ABONNEMENT,OK
TKT50133098993,2026-02-01T13:54:00Z,PORTE-D,R52340899,UNITE,OK
TKT80971093195,2026-02-01T13:54:02Z,PORTE-B,R51203640,ABONNEMENT,OK
TKT89005386786,2026-02-01T13:54:02Z,PORTE-C,R59202744,ABONNEMENT,OK
TKT93929886805,2026-02-01T13:54:02Z,PORTE-C,R57604998,UNITE,REFUSE_DEJA_SCANNE
TKT37998805452,2026-02-01T13:54:03Z,PORTE-C,R54436267,ABONNEMENT,OK
TKT47700053414,2026-02-01T13:54:03Z,PORTE-C,R57054591,UNITE,OK
TKT93297818009,2026-02-01T13:54:04Z,PORTE-D,R57244765,ABONNEMENT,OK
TKT69163001603,2026-02-01T13:54:04Z,PORTE-C,R52872025,ABONNEMENT,OK
TKT83991073154,2026-02-01T13:54:04Z,PORTE-D,,UNITE,OK
TKT96494877319,2026-02-01T13:54:05Z,PORTE-C,,GROUPE,OK
TKT86488197603,2026-02-01T13:54:05Z,PORTE-C,R55932389,UNITE,OK
TKT57699159459,2026-02-01T13:54:05Z,PORTE-D,R58771614,UNITE,OK
TKT79441043403,2026-02-01T13:54:06Z,VIP-EST,R55228608,ABONNEMENT,OK
TKT16698696196,2026-02-01T13:54:06Z,PORTE-D,R56960812,UNITE,OK
TKT24571065910,2026-02-01T13:54:07Z,PORTE-D,R51052708,ABONNEMENT,OK
TKT12922153075,2026-02-01T13:54:07Z,PORTE-A,R58855173,UNITE,OK
TKT88681076446,2026-02-01T13:54:09Z,PORTE-C,R57474774,UNITE,OK
TKT74547910640,2026-02-01T13:54:10Z,PORTE-C,R58722430,ABONNEMENT,OK
TKT77156240418,2026-02-01T13:54:11Z,PORTE-C,R58158882,ABONNEMENT,OK
TKT92543774984,2026-02-01T13:54:11Z,PORTE-D,R52757595,ABONNEMENT,OK
TKT78814038426,2026-02-01T13:54:13Z,PORTE-A,R55902898,ABONNEMENT,OK
TKT28377616458,2026-02-01T13:54:14Z,VIP-EST,R53579973,UNITE,OK
TKT30355265671,2026-02-01T13:54:15Z,VIP-EST,R52085623,ABONNEMENT,OK
TKT49112948919,2026-02-01T13:54:16Z,PORTE-C,R55589933,ABONNEMENT,OK
TKT89787175020,2026-02-01T13:54:16Z,PORTE-A,R55258913,UNITE,OK
TKT19646583408,2026-02-01T13:54:16Z,PORTE-D,R56017395,UNITE,OK
TKT64630923692,2026-02-01T13:54:18Z,PORTE-A,R56227798,ABONNEMENT,OK
TKT42985003168,2026-02-01T13:54:18Z,VIP-EST,R58363969,VIP,OK
TKT26886376051,2026-02-01T13:54:18Z,VIP-EST,R54670155,UNITE,OK
TKT23771205043,2026-02-01T13:54:19Z,PORTE-C,R58971375,ABONNEMENT,OK
TKT60195760512,2026-02-01T13:54:20Z,PORTE-C,R51754526,UNITE,OK
TKT32274903555,2026-02-01T13:54:22Z,PORTE-D,,UNITE,OK
TKT99766115299,2026-02-01T13:54:23Z,PORTE-C,,UNITE,OK
TKT32850569345,2026-02-01T13:54:24Z,PORTE-D,,UNITE,OK
TKT64842198421,2026-02-01T13:54:25Z,PORTE-C,R52137728,ABONNEMENT,OK
TKT23348454136,2026-02-01T13:54:25Z,PORTE-D,R56556356,UNITE,OK
TKT53925868848,2026-02-01T13:54:25Z,PORTE-A,R55595785,VIP,OK
TKT59931026521,2026-02-01T13:54:26Z,PORTE-A,R52307720,ABONNEMENT,OK
TKT85155873676,2026-02-01T13:54:26Z,PMR-NORD,R54602045,UNITE,OK
TKT62225028267,2026-02-01T13:54:27Z,PORTE-C,R56751223,ABONNEMENT,OK
TKT66818281751,2026-02-01T13:54:27Z,PORTE-C,,UNITE,OK
TKT55417374290,2026-02-01T13:54:28Z,PORTE-D,R55705723,ABONNEMENT,OK
TKT34629849024,2026-02-01T13:54:28Z,PORTE-D,R55737599,ABONNEMENT,OK
TKT21809083084,2026-02-01T13:54:28Z,VIP-EST,R53779878,ABONNEMENT,OK
TKT20168024360,2026-02-01T13:54:28Z,PORTE-D,R54145638,UNITE,OK
TKT54198621387,2026-02-01T13:54:28Z,PORTE-D,R54466438,UNITE,OK
TKT70581504329,2026-02-01T13:54:30Z,VIP-EST,R57182229,ABONNEMENT,OK
TKT98253656016,2026-02-01T13:54:30Z,PORTE-C,R58832090,UNITE,OK
TKT32998137392,2026-02-01T13:54:31Z,PORTE-D,R59702071,ABONNEMENT,OK
TKT98573515534,2026-02-01T13:54:31Z,VIP-EST,R53790031,UNITE,OK
TKT64844093546,2026-02-01T13:54:33Z,PORTE-B,,UNITE,OK
TKT66090000446,2026-02-01T13:54:35Z,PORTE-D,R52782192,ABONNEMENT,OK
TKT19854961590,2026-02-01T13:54:36Z,PORTE-D,R51951299,UNITE,OK
TKT60073813913,2026-02-01T13:54:37Z,PORTE-D,R56671677,UNITE,OK
TKT65133541985,2026-02-01T13:54:38Z,PORTE-C,R54740861,UNITE,OK
TKT37908921675,2026-02-01T13:54:39Z,PORTE-C,R57440379,ABONNEMENT,OK
TKT65091309484,2026-02-01T13:54:39Z,PORTE-C,R56374573,UNITE,OK
TKT44104317664,2026-02-01T13:54:40Z,PORTE-D,R57705674,UNITE,OK
TKT16540647208,2026-02-01T13:54:41Z,PORTE-D,R59854239,UNITE,OK
TKT84693850707,2026-02-01T13:54:42Z,VIP-EST,R58573538,ABONNEMENT,OK
TKT72772668716,2026-02-01T13:54:44Z,VIP-EST,R51811401,ABONNEMENT,OK
TKT59171926855,2026-02-01T13:54:44Z,PORTE-D,R53054354,ABONNEMENT,OK
TKT22516469996,2026-02-01T13:54:44Z,VIP-EST,R52466832,VIP,OK
TKT26862356193,2026-02-01T13:54:44Z,VIP-EST,R59784290,VIP,OK
TKT97726700364,2026-02-01T13:54:44Z,PORTE-D,R56929951,UNITE,REFUSE_DEJA_SCANNE
TKT40225953051,2026-02-01T13:54:44Z,PORTE-C,R55645371,UNITE,OK
TKT93708020411,2026-02-01T13:54:46Z,PORTE-C,R57213770,UNITE,OK
TKT31517071163,2026-02-01T13:54:46Z,PORTE-A,,VIP,OK
TKT18754095730,2026-02-01T13:54:47Z,PORTE-C,R58920707,UNITE,OK
TKT81451351090,2026-02-01T13:54:49Z,PORTE-A,R58454003,UNITE,OK
TKT55841387813,2026-02-01T13:54:49Z,PORTE-D,R53327417,UNITE,OK
TKT90084900667,2026-02-01T13:54:50Z,PORTE-C,R55165938,ABONNEMENT,OK
TKT33231256372,2026-02-01T13:54:51Z,PORTE-D,,UNITE,OK
TKT42056156140,2026-02-01T13:54:52Z,PORTE-D,,UNITE,OK
TKT42468792268,2026-02-01T13:54:53Z,PORTE-A,R51564295,ABONNEMENT,OK
TKT19372993028,2026-02-01T13:54:53Z,PORTE-C,R55398466,UNITE,OK
TKT47022766215,2026-02-01T13:54:54Z,PORTE-A,R58220996,ABONNEMENT,OK
TKT64852213671,2026-02-01T13:54:54Z,PORTE-D,R59086820,ABONNEMENT,OK
TKT39580367491,2026-02-01T13:54:54Z,PORTE-B,R53316517,UNITE,OK
TKT75392407897,2026-02-01T13:54:56Z,PORTE-C,R51093367,ABONNEMENT,OK
TKT26130917063,2026-02-01T13:54:57Z,PORTE-D,R56587763,ABONNEMENT,OK
TKT55986285538,2026-02-01T13:54:58Z,PORTE-D,R56774316,ABONNEMENT,OK
TKT42139617727,2026-02-01T13:54:58Z,PORTE-A,R58385280,ABONNEMENT,OK
TKT55526589886,2026-02-01T13:54:58Z,PORTE-C,R52921266,INVITATION,OK
TKT95593039171,2026-02-01T13:55:00Z,VIP-EST,R54252367,ABONNEMENT,OK
TKT61220287675,2026-02-01T13:55:00Z,PORTE-D,R57125230,UNITE,REFUSE_INVALIDE
TKT98034022752,2026-02-01T13:55:02Z,PORTE-C,R53145701,ABONNEMENT,OK
TKT85339353642,2026-02-01T13:55:02Z,PORTE-C,R56166833,ABONNEMENT,OK
TKT58734346440,2026-02-01T13:55:02Z,VIP-EST,R57005695,VIP,OK
TKT26837057653,2026-02-01T13:55:02Z,PORTE-C,R55537426,UNITE,OK
TKT68336912956,2026-02-01T13:55:02Z,PORTE-A,R51808547,UNITE,OK
TKT42319792126,2026-02-01T13:55:03Z,PORTE-C,,UNITE,OK
TKT59289082131,2026-02-01T13:55:05Z,PORTE-B,,UNITE,OK
TKT56642496439,2026-02-01T13:55:05Z,PORTE-D,R52166730,UNITE,OK
TKT25966226282,2026-02-01T13:55:05Z,PORTE-B,R58408373,UNITE,REFUSE_INVALIDE
TKT65966461466,2026-02-01T13:55:05Z,PORTE-C,R58836180,UNITE,OK
TKT89665338379,2026-02-01T13:55:06Z,PORTE-D,R52260941,ABONNEMENT,OK
TKT60067302186,2026-02-01T13:55:06Z,PORTE-D,R54166336,ABONNEMENT,OK
TKT56718810786,2026-02-01T13:55:06Z,PORTE-A,R57796867,UNITE,OK
TKT95374019336,2026-02-01T13:55:07Z,PORTE-A,R58196074,ABONNEMENT,OK
TKT34908577556,2026-02-01T13:55:10Z,VIP-EST,R55728538,ABONNEMENT,OK
TKT19185019751,2026-02-01T13:55:11Z,PORTE-D,R52029763,ABONNEMENT,OK
TKT80250544428,2026-02-01T13:55:11Z,PORTE-C,R52371271,ABONNEMENT,OK
TKT23679297828,2026-02-01T13:55:11Z,PORTE-D,R57423751,ABONNEMENT,OK
TKT93609970644,2026-02-01T13:55:13Z,PORTE-D,R53653868,UNITE,OK
TKT81869522821,2026-02-01T13:55:13Z,PORTE-C,,UNITE,OK
TKT97618188823,2026-02-01T13:55:14Z,PORTE-B,R52149432,ABONNEMENT,OK
TKT22186485304,2026-02-01T13:55:14Z,PORTE-C,R51217816,UNITE,OK
TKT31810917349,2026-02-01T13:55:15Z,PORTE-C,R52895118,ABONNEMENT,OK
TKT74719329418,2026-02-01T13:55:17Z,PORTE-C,R51317534,ABONNEMENT,OK
TKT10164184218,2026-02-01T13:55:17Z,PORTE-C,R52614297,ABONNEMENT,REFUSE_DEJA_SCANNE
TKT91157302527,2026-02-01T13:55:17Z,PORTE-C,R53466769,UNITE,OK
TKT81584977205,2026-02-01T13:55:18Z,PORTE-A,R51411792,UNITE,OK
TKT80807177859,2026-02-01T13:55:18Z,PORTE-C,R53079487,UNITE,OK
TKT33543547404,2026-02-01T13:55:20Z,VIP-EST,R52616615,ABONNEMENT,OK
TKT53139628636,2026-02-01T13:55:20Z,PORTE-D,,GROUPE,OK
TKT95373372902,2026-02-01T13:55:20Z,PORTE-D,R55916796,UNITE,OK
TKT72987560784,2026-02-01T13:55:24Z,PORTE-B,R51700381,ABONNEMENT,OK
TKT38102510272,2026-02-01T13:55:26Z,PORTE-D,R53065120,UNITE,OK
TKT75195937591,2026-02-01T13:55:27Z,PORTE-D,R54073103,ABONNEMENT,OK
TKT46789352893,2026-02-01T13:55:27Z,PORTE-C,R54215453,UNITE,OK
TKT51201971885,2026-02-01T13:55:27Z,PORTE-C,R51527783,UNITE,OK
TKT78671460028,2026-02-01T13:55:28Z,PORTE-B,R58336997,ABONNEMENT,OK
TKT68347678584,2026-02-01T13:55:28Z,PORTE-C,R55446769,ABONNEMENT,OK
TKT64876291696,2026-02-01T13:55:28Z,PORTE-C,R59176596,ABONNEMENT,OK
TKT30515125813,2026-02-01T13:55:28Z,VIP-EST,,UNITE,OK
TKT18176816377,2026-02-01T13:55:29Z,PORTE-C,R56156144,ABONNEMENT,OK
TKT45800774796,2026-02-01T13:55:29Z,PORTE-B,,UNITE,OK
TKT68666035853,2026-02-01T13:55:31Z,PORTE-A,R55749591,ABONNEMENT,OK
TKT53027536422,2026-02-01T13:55:32Z,PORTE-C,R52975766,ABONNEMENT,OK
TKT35350276545,2026-02-01T13:55:32Z,PORTE-C,R56151240,ABONNEMENT,OK
TKT75590235212,2026-02-01T13:55:32Z,PORTE-B,R59847285,ABONNEMENT,OK
TKT95850193680,2026-02-01T13:55:33Z,PORTE-C,,UNITE,OK
TKT10972481698,2026-02-01T13:55:33Z,VIP-EST,R53635076,UNITE,REFUSE_DEJA_SCANNE
TKT35640710493,2026-02-01T13:55:34Z,PORTE-D,R56207224,UNITE,OK
TKT81784866287,2026-02-01T13:55:34Z,PORTE-D,,GROUPE,OK
TKT80088665150,2026-02-01T13:55:35Z,PORTE-C,R55419653,UNITE,OK
TKT30481990804,2026-02-01T13:55:38Z,PORTE-D,R52504359,UNITE,OK
TKT38829947259,2026-02-01T13:55:39Z,PORTE-A,R59327260,VIP,OK
TKT99795805802,2026-02-01T13:55:39Z,PORTE-B,R56142725,UNITE,OK
TKT89051725695,2026-02-01T13:55:40Z,PORTE-C,R58299594,UNITE,OK
TKT88489545080,2026-02-01T13:55:41Z,PORTE-A,R53074516,ABONNEMENT,OK
TKT20188485425,2026-02-01T13:55:42Z,PORTE-D,R58408239,INVITATION,OK
TKT15215141573,2026-02-01T13:55:43Z,VIP-EST,R51312352,UNITE,OK
TKT23099152034,2026-02-01T13:55:43Z,PORTE-D,R53623707,UNITE,OK
TKT52800341087,2026-02-01T13:55:43Z,PORTE-D,R55379942,UNITE,OK
TKT87869189825,2026-02-01T13:55:44Z,PORTE-A,R51156985,INVITATION,OK
TKT47965509794,2026-02-01T13:55:45Z,PORTE-D,,UNITE,OK
TKT39778869894,2026-02-01T13:55:46Z,PORTE-D,,UNITE,OK
TKT81100665337,2026-02-01T13:55:48Z,VIP-EST,R58388489,ABONNEMENT,OK
TKT53512287740,2026-02-01T13:55:48Z,PORTE-C,R56692308,ABONNEMENT,OK
TKT18954356599,2026-02-01T13:55:48Z,PORTE-D,,UNITE,OK
TKT76919734036,2026-02-01T13:55:48Z,PORTE-C,R58693217,UNITE,OK
TKT22850635094,2026-02-01T13:55:48Z,PORTE-D,R58279030,INVITATION,REFUSE_DEJA_SCANNE
TKT57820021541,2026-02-01T13:55:49Z,PORTE-D,R58016599,ABONNEMENT,OK
TKT52232291651,2026-02-01T13:55:49Z,PORTE-C,R51423774,ABONNEMENT,OK
TKT15115625192,2026-02-01T13:55:50Z,PORTE-C,R58403536,UNITE,REFUSE_DEJA_SCANNE
TKT84319822282,2026-02-01T13:55:50Z,PORTE-D,R55214097,UNITE,OK
TKT16517615260,2026-02-01T13:55:51Z,PORTE-A,R55174865,ABONNEMENT,OK
TKT88881137167,2026-02-01T13:55:51Z,PORTE-B,,GROUPE,OK
TKT45362386157,2026-02-01T13:55:51Z,PORTE-B,R52843894,INVITATION,OK
TKT21397009334,2026-02-01T13:55:52Z,PORTE-C,R57078776,ABONNEMENT,OK
TKT79187699752,2026-02-01T13:55:55Z,PORTE-C,R58731156,ABONNEMENT,OK
TKT36970068920,2026-02-01T13:55:55Z,PORTE-C,,GROUPE,OK
TKT16610448011,2026-02-01T13:55:55Z,PORTE-D,R55972311,UNITE,OK
TKT77410789653,2026-02-01T13:55:56Z,PORTE-A,R58901637,ABONNEMENT,OK
TKT97869047700,2026-02-01T13:55:58Z,PORTE-D,R59691794,ABONNEMENT,OK
TKT21812679628,2026-02-01T13:55:58Z,PORTE-D,R57680397,ABONNEMENT,OK
TKT41454001213,2026-02-01T13:55:58Z,PORTE-D,R54274837,UNITE,OK
TKT75104204048,2026-02-01T13:55:59Z,PORTE-D,,UNITE,OK
TKT31747793245,2026-02-01T13:56:00Z,PORTE-A,R53297102,ABONNEMENT,OK
TKT16645797546,2026-02-01T13:56:00Z,PORTE-D,R59809557,UNITE,OK
TKT57165015073,2026-02-01T13:56:02Z,PORTE-C,,UNITE,OK
TKT94447655422,2026-02-01T13:56:03Z,PORTE-C,R55495196,ABONNEMENT,OK
TKT74627642611,2026-02-01T13:56:03Z,PORTE-D,R53715647,UNITE,OK
TKT22632893407,2026-02-01T13:56:04Z,PORTE-C,R55049478,ABONNEMENT,OK
TKT52548135208,2026-02-01T13:56:04Z,PORTE-A,R52435914,ABONNEMENT,OK
TKT66737437709,2026-02-01T13:56:04Z,PORTE-D,R59371463,UNITE,OK
TKT94663399486,2026-02-01T13:56:06Z,VIP-EST,R59339443,ABONNEMENT,OK
TKT43870809103,2026-02-01T13:56:06Z,VIP-EST,,UNITE,OK
TKT12310454583,2026-02-01T13:56:06Z,PORTE-A,R52717827,UNITE,OK
TKT25342980300,2026-02-01T13:56:07Z,PORTE-C,R53169129,ABONNEMENT,OK
TKT57361992730,2026-02-01T13:56:09Z,PORTE-B,R55794541,ABONNEMENT,OK
TKT66388656824,2026-02-01T13:56:09Z,PORTE-A,R51017221,UNITE,OK
TKT37089622797,2026-02-01T13:56:09Z,PORTE-C,,GROUPE,OK
TKT34626409491,2026-02-01T13:56:10Z,PORTE-C,R53856637,UNITE,OK
TKT33850265401,2026-02-01T13:56:11Z,PORTE-A,R51017844,UNITE,OK
TKT11116116550,2026-02-01T13:56:11Z,PORTE-C,,GROUPE,OK
TKT17673341972,2026-02-01T13:56:12Z,PORTE-C,R57606358,ABONNEMENT,OK
TKT95413271451,2026-02-01T13:56:13Z,PORTE-A,R52827688,UNITE,OK
TKT74688330815,2026-02-01T13:56:13Z,PORTE-C,R57815947,UNITE,OK
TKT76508520290,2026-02-01T13:56:13Z,PORTE-C,R58202539,UNITE,OK
TKT21848336226,2026-02-01T13:56:15Z,PORTE-C,R53528012,UNITE,OK
TKT59870915002,2026-02-01T13:56:15Z,PORTE-D,R55051853,UNITE,OK
TKT79285904789,2026-02-01T13:56:16Z,PORTE-C,R53880755,UNITE,OK
TKT36929381293,2026-02-01T13:56:16Z,VIP-EST,R59595620,VIP,OK
TKT18907881110,2026-02-01T13:56:19Z,PORTE-D,R54778867,UNITE,OK
TKT79287547095,2026-02-01T13:56:20Z,PORTE-D,R58368327,ABONNEMENT,OK
TKT66700189324,2026-02-01T13:56:25Z,PORTE-A,R54198011,ABONNEMENT,OK
TKT52142619823,2026-02-01T13:56:26Z,PORTE-C,R58890459,ABONNEMENT,OK
TKT99521211099,2026-02-01T13:56:28Z,PORTE-D,R52436872,ABONNEMENT,OK
TKT49550524722,2026-02-01T13:56:28Z,PORTE-C,R56387513,UNITE,OK
TKT66853287412,2026-02-01T13:56:29Z,PORTE-B,R53967600,UNITE,OK
TKT40909838079,2026-02-01T13:56:30Z,PORTE-D,R51697594,ABONNEMENT,OK
TKT12454100461,2026-02-01T13:56:30Z,PORTE-C,,UNITE,OK
TKT43496320476,2026-02-01T13:56:32Z,PORTE-D,R59250635,ABONNEMENT,OK
TKT97790361525,2026-02-01T13:56:32Z,PORTE-D,,UNITE,OK
TKT26122110840,2026-02-01T13:56:32Z,PMR-NORD,,UNITE,OK
TKT41440485996,2026-02-01T13:56:33Z,PORTE-C,R54117239,UNITE,OK
TKT69489916198,2026-02-01T13:56:33Z,PORTE-D,R54648844,UNITE,OK
TKT93338531098,2026-02-01T13:56:38Z,PORTE-A,,UNITE,OK
TKT41804369686,2026-02-01T13:56:40Z,PORTE-B,R56784871,ABONNEMENT,OK
TKT37913953041,2026-02-01T13:56:42Z,PORTE-A,R52741255,ABONNEMENT,OK
TKT91452060146,2026-02-01T13:56:42Z,VIP-EST,,GROUPE,OK
TKT64230066557,2026-02-01T13:56:42Z,PORTE-D,R56664120,UNITE,OK
TKT99473319826,2026-02-01T13:56:43Z,PORTE-C,R53029087,ABONNEMENT,OK
TKT79727370877,2026-02-01T13:56:43Z,PORTE-A,R55319255,INVITATION,OK
TKT56230475076,2026-02-01T13:56:44Z,PORTE-D,,UNITE,OK
TKT38096001851,2026-02-01T13:56:46Z,PORTE-A,R58164466,ABONNEMENT,OK
TKT36775543698,2026-02-01T13:56:46Z,PORTE-C,,UNITE,OK
TKT14120126570,2026-02-01T13:56:47Z,PORTE-A,R58146421,ABONNEMENT,OK
TKT13824007151,2026-02-01T13:56:47Z,PORTE-B,R56592322,ABONNEMENT,OK
TKT95937073443,2026-02-01T13:56:48Z,PORTE-B,R56671476,ABONNEMENT,OK
TKT51437945937,2026-02-01T13:56:48Z,PORTE-C,R57638234,UNITE,OK
TKT68502655660,2026-02-01T13:56:49Z,PORTE-A,R53655027,ABONNEMENT,OK
TKT91549938538,2026-02-01T13:56:49Z,PORTE-C,R59949589,UNITE,OK
TKT38494570074,2026-02-01T13:56:49Z,PORTE-A,R52749224,VIP,OK
TKT36436976416,2026-02-01T13:56:50Z,PORTE-D,R56904416,INVITATION,OK
TKT52248668307,2026-02-01T13:56:51Z,PORTE-D,R57715137,ABONNEMENT,OK
TKT69659556838,2026-02-01T13:56:52Z,PORTE-B,R54209869,ABONNEMENT,OK
TKT81836339793,2026-02-01T13:56:53Z,PORTE-D,R57933154,ABONNEMENT,OK
TKT83617687269,2026-02-01T13:56:53Z,PORTE-C,,GROUPE,OK
TKT76017591081,2026-02-01T13:56:54Z,VIP-EST,,UNITE,OK
TKT61200325862,2026-02-01T13:56:56Z,PORTE-C,R53013628,ABONNEMENT,OK
TKT59683503749,2026-02-01T13:57:00Z,VIP-EST,R56277853,VIP,OK
TKT38560016717,2026-02-01T13:57:01Z,PORTE-C,R58035602,UNITE,OK
TKT91865984112,2026-02-01T13:57:03Z,PORTE-C,R59569050,INVITATION,OK
TKT86283549490,2026-02-01T13:57:04Z,PORTE-D,R52246842,ABONNEMENT,OK
TKT50204845536,2026-02-01T13:57:04Z,PORTE-B,R58950600,ABONNEMENT,OK
TKT99400116051,2026-02-01T13:57:05Z,PORTE-C,R58390184,ABONNEMENT,OK
TKT90949467062,2026-02-01T13:57:06Z,PORTE-D,R52370112,UNITE,OK
TKT71734993176,2026-02-01T13:57:08Z,PORTE-C,R57006442,ABONNEMENT,OK
TKT63148004879,2026-02-01T13:57:08Z,PORTE-C,R56668200,UNITE,OK
TKT93270789135,2026-02-01T13:57:09Z,PORTE-A,R57315327,ABONNEMENT,OK
TKT49116421518,2026-02-01T13:57:09Z,PORTE-C,R53909700,ABONNEMENT,OK
TKT31885254036,2026-02-01T13:57:09Z,PORTE-D,R59625513,ABONNEMENT,OK
TKT83627941764,2026-02-01T13:57:12Z,PORTE-A,R58635049,ABONNEMENT,OK
TKT95733859352,2026-02-01T13:57:12Z,PORTE-D,,UNITE,OK
TKT94078305451,2026-02-01T13:57:13Z,PORTE-D,R53429510,UNITE,OK
TKT54618143960,2026-02-01T13:57:14Z,PORTE-D,R53706663,UNITE,OK
TKT72712194920,2026-02-01T13:57:14Z,PORTE-B,R53253110,UNITE,OK
TKT92713195215,2026-02-01T13:57:15Z,PORTE-B,R55459843,ABONNEMENT,OK
TKT49466951071,2026-02-01T13:57:15Z,PORTE-C,R57110853,ABONNEMENT,OK
TKT78075560657,2026-02-01T13:57:16Z,PORTE-C,R56441457,UNITE,OK
TKT42852471602,2026-02-01T13:57:17Z,PORTE-C,R53183496,UNITE,OK
TKT79395370607,2026-02-01T13:57:20Z,PORTE-C,R58302592,UNITE,OK
TKT43266027628,2026-02-01T13:57:21Z,VIP-EST,,GROUPE,OK
TKT98877102106,2026-02-01T13:57:22Z,PORTE-B,R55166216,ABONNEMENT,OK
TKT42600902278,2026-02-01T13:57:22Z,PORTE-C,R59613387,ABONNEMENT,OK
TKT79794479032,2026-02-01T13:57:22Z,PORTE-A,R58737554,VIP,OK
TKT92331184969,2026-02-01T13:57:25Z,PORTE-B,R56545399,ABONNEMENT,OK
TKT79643613844,2026-02-01T13:57:25Z,PORTE-D,R57480492,UNITE,OK
TKT93419962118,2026-02-01T13:57:27Z,VIP-EST,R53861886,UNITE,OK
TKT12244920573,2026-02-01T13:57:27Z,PORTE-C,R57250828,UNITE,OK
TKT55685460121,2026-02-01T13:57:28Z,VIP-EST,R51854110,ABONNEMENT,OK
TKT78799745612,2026-02-01T13:57:28Z,PORTE-A,R51435421,ABONNEMENT,OK
TKT17369741567,2026-02-01T13:57:28Z,PORTE-C,R58274327,UNITE,OK
TKT67824993227,2026-02-01T13:57:28Z,PORTE-D,R54266811,UNITE,OK
TKT87450071924,2026-02-01T13:57:31Z,VIP-EST,R51950954,UNITE,OK
TKT39440010190,2026-02-01T13:57:31Z,PORTE-C,R53480399,UNITE,OK
TKT79421568248,2026-02-01T13:57:32Z,PORTE-C,R52817334,ABONNEMENT,OK
TKT63005316271,2026-02-01T13:57:32Z,VIP-EST,R52900491,ABONNEMENT,OK
TKT24300398409,2026-02-01T13:57:33Z,PORTE-D,R54490010,UNITE,OK
TKT70439162099,2026-02-01T13:57:34Z,PORTE-D,R57020809,ABONNEMENT,OK
TKT62567736143,2026-02-01T13:57:34Z,PORTE-C,,GROUPE,OK
TKT68569006368,2026-02-01T13:57:36Z,PORTE-C,R57940577,UNITE,OK
TKT76241135705,2026-02-01T13:57:40Z,PORTE-D,R51689481,UNITE,OK
TKT31833345966,2026-02-01T13:57:40Z,PORTE-C,R53498042,UNITE,OK
TKT75857086977,2026-02-01T13:57:43Z,PORTE-D,R58484787,ABONNEMENT,OK
TKT34230411024,2026-02-01T13:57:44Z,VIP-EST,R52446201,ABONNEMENT,OK
TKT43981588633,2026-02-01T13:57:44Z,PORTE-B,R55945607,ABONNEMENT,OK
TKT44477553023,2026-02-01T13:57:44Z,PORTE-B,R59981187,ABONNEMENT,OK
TKT94657579630,2026-02-01T13:57:44Z,PORTE-D,R58591727,INVITATION,OK
TKT99580559881,2026-02-01T13:57:44Z,PORTE-D,R53858074,UNITE,OK
TKT98743506979,2026-02-01T13:57:45Z,PORTE-C,R53296355,UNITE,OK
TKT48608544997,2026-02-01T13:57:45Z,PORTE-D,R58011618,UNITE,OK
TKT28336200136,2026-02-01T13:57:47Z,PORTE-B,R53693043,UNITE,OK
TKT87878667632,2026-02-01T13:57:48Z,PORTE-A,R55516986,UNITE,OK
TKT17411109017,2026-02-01T13:57:48Z,VIP-EST,R51779391,INVITATION,OK
TKT57820021541,2026-02-01T13:57:49Z,PORTE-D,R58016599,ABONNEMENT,REFUSE_DEJA_SCANNE
TKT79346972245,2026-02-01T13:57:49Z,PORTE-C,R52804729,ABONNEMENT,OK
TKT80406491428,2026-02-01T13:57:49Z,PORTE-C,R56345427,UNITE,OK
TKT77687279828,2026-02-01T13:57:49Z,PORTE-D,R59647102,UNITE,OK
TKT96489126563,2026-02-01T13:57:50Z,PORTE-D,,UNITE,OK
TKT99512244044,2026-02-01T13:57:50Z,PORTE-D,,UNITE,OK
TKT36921526217,2026-02-01T13:57:52Z,PORTE-B,R53255696,ABONNEMENT,OK
TKT72191439871,2026-02-01T13:57:52Z,PORTE-D,,UNITE,OK
TKT58246694156,2026-02-01T13:57:53Z,PORTE-B,,UNITE,OK
TKT72054593877,2026-02-01T13:57:54Z,VIP-EST,R52285518,ABONNEMENT,OK
TKT54859918350,2026-02-01T13:57:54Z,PORTE-C,R51062727,UNITE,OK
TKT53885971540,2026-02-01T13:57:54Z,VIP-EST,R54459762,VIP,OK
TKT47573506234,2026-02-01T13:57:54Z,PORTE-D,R55481566,UNITE,OK
TKT23556033552,2026-02-01T13:57:54Z,PORTE-C,R52984683,UNITE,OK
TKT83615476844,2026-02-01T13:57:55Z,VIP-EST,R58932890,ABONNEMENT,OK
TKT87594408790,2026-02-01T13:57:56Z,VIP-EST,R53786688,ABONNEMENT,OK
TKT82492620676,2026-02-01T13:57:57Z,PORTE-D,R52995583,ABONNEMENT,OK
TKT70697079618,2026-02-01T13:57:58Z,PORTE-C,R56412445,UNITE,OK
TKT53943547138,2026-02-01T13:58:01Z,PORTE-A,,UNITE,OK
TKT20845076537,2026-02-01T13:58:02Z,PORTE-C,,UNITE,OK
TKT51102652624,2026-02-01T13:58:03Z,PORTE-C,R56188489,ABONNEMENT,OK
TKT89290745883,2026-02-01T13:58:03Z,VIP-EST,R55052064,UNITE,OK
TKT68459052485,2026-02-01T13:58:05Z,PORTE-C,R59222571,ABONNEMENT,OK
TKT54937436960,2026-02-01T13:58:05Z,PORTE-A,R54045920,VIP,OK
TKT18768610784,2026-02-01T13:58:06Z,PORTE-A,R52046860,ABONNEMENT,OK
TKT89859452496,2026-02-01T13:58:06Z,PORTE-D,R53768710,UNITE,OK
TKT43326385908,2026-02-01T13:58:07Z,VIP-EST,R51046645,ABONNEMENT,OK
TKT26082395693,2026-02-01T13:58:07Z,PORTE-B,R56628690,ABONNEMENT,OK
TKT33799404801,2026-02-01T13:58:08Z,PORTE-D,,UNITE,OK
TKT71326579645,2026-02-01T13:58:08Z,PORTE-B,,UNITE,OK
TKT69389600627,2026-02-01T13:58:10Z,PORTE-C,R58203219,UNITE,OK
TKT64835384915,2026-02-01T13:58:11Z,PORTE-C,,UNITE,OK
TKT14811086119,2026-02-01T13:58:11Z,PORTE-D,R54930345,UNITE,OK
TKT15627204381,2026-02-01T13:58:12Z,PORTE-B,R59884065,ABONNEMENT,OK
TKT92827873467,2026-02-01T13:58:13Z,PORTE-B,R52186423,UNITE,OK
TKT91260221355,2026-02-01T13:58:14Z,PORTE-A,R55645448,ABONNEMENT,OK
TKT63488158408,2026-02-01T13:58:15Z,PORTE-B,R54607974,ABONNEMENT,OK
TKT73629522826,2026-02-01T13:58:15Z,PORTE-D,R59094119,UNITE,OK
TKT89459167724,2026-02-01T13:58:16Z,PORTE-D,R57801771,UNITE,OK
TKT55433671195,2026-02-01T13:58:17Z,PORTE-B,R59720394,ABONNEMENT,OK
TKT36703277875,2026-02-01T13:58:17Z,PORTE-C,,UNITE,REFUSE_DEJA_SCANNE
TKT76229345150,2026-02-01T13:58:17Z,PORTE-D,,GROUPE,OK
TKT21916324161,2026-02-01T13:58:18Z,PORTE-C,R53897574,ABONNEMENT,OK
TKT66479160814,2026-02-01T13:58:18Z,PORTE-C,R53635210,UNITE,OK
TKT28198419140,2026-02-01T13:58:19Z,PORTE-C,R58998424,ABONNEMENT,OK
TKT73703109245,2026-02-01T13:58:19Z,VIP-EST,R53086853,ABONNEMENT,OK
TKT96077983909,2026-02-01T13:58:22Z,PORTE-C,R53733089,ABONNEMENT,OK
TKT98029086762,2026-02-01T13:58:22Z,PORTE-A,R52831644,UNITE,OK
TKT12837529197,2026-02-01T13:58:24Z,PORTE-C,,UNITE,OK
TKT77812240818,2026-02-01T13:58:26Z,PORTE-C,R59729110,ABONNEMENT,OK
TKT26129812121,2026-02-01T13:58:28Z,PORTE-B,R51171831,ABONNEMENT,OK
TKT44715438434,2026-02-01T13:58:28Z,PORTE-D,R52065585,ABONNEMENT,OK
TKT91540489125,2026-02-01T13:58:29Z,PORTE-A,R56593069,ABONNEMENT,OK
TKT23981481856,2026-02-01T13:58:30Z,PORTE-A,R57140756,ABONNEMENT,OK
TKT36433259014,2026-02-01T13:58:30Z,PORTE-D,,GROUPE,OK
TKT40214860360,2026-02-01T13:58:31Z,PORTE-B,,GROUPE,OK
TKT99642936481,2026-02-01T13:58:31Z,PORTE-D,R57692121,UNITE,OK
TKT73233961974,2026-02-01T13:58:31Z,VIP-EST,R53842816,UNITE,OK
TKT63075845142,2026-02-01T13:58:32Z,PORTE-D,R57020129,ABONNEMENT,REFUSE_DEJA_SCANNE
TKT78587118617,2026-02-01T13:58:33Z,PORTE-C,R56934309,ABONNEMENT,OK
TKT27918979502,2026-02-01T13:58:34Z,PORTE-A,R59091791,ABONNEMENT,OK
TKT78593368495,2026-02-01T13:58:35Z,VIP-EST,R53881636,ABONNEMENT,OK
TKT35734973720,2026-02-01T13:58:35Z,PORTE-C,R51489978,UNITE,OK
TKT55990915929,2026-02-01T13:58:35Z,PORTE-D,R56365512,UNITE,OK
TKT69872621231,2026-02-01T13:58:35Z,PORTE-D,,UNITE,OK
TKT12557333070,2026-02-01T13:58:35Z,PORTE-C,R59206566,UNITE,OK
TKT23941414000,2026-02-01T13:58:36Z,PORTE-B,R58107735,ABONNEMENT,OK
TKT56189255505,2026-02-01T13:58:36Z,VIP-EST,,UNITE,OK
TKT43153383144,2026-02-01T13:58:37Z,PORTE-A,R59483029,ABONNEMENT,OK
TKT74352816662,2026-02-01T13:58:37Z,PORTE-C,R52296485,ABONNEMENT,OK
TKT63023364318,2026-02-01T13:58:39Z,PORTE-C,R54041897,ABONNEMENT,OK
TKT80692447582,2026-02-01T13:58:39Z,VIP-EST,R54856450,VIP,OK
TKT26720057385,2026-02-01T13:58:40Z,PORTE-A,R56496349,ABONNEMENT,OK
TKT47998030406,2026-02-01T13:58:43Z,PORTE-C,,UNITE,OK
TKT13151649548,2026-02-01T13:58:44Z,VIP-EST,R52992786,ABONNEMENT,REFUSE_DEJA_SCANNE
TKT99464756826,2026-02-01T13:58:45Z,VIP-EST,R52674773,ABONNEMENT,OK
TKT66122654754,2026-02-01T13:58:45Z,PORTE-C,,GROUPE,OK
TKT77057404401,2026-02-01T13:58:45Z,PORTE-C,R59576885,INVITATION,OK
TKT71490796107,2026-02-01T13:58:46Z,PORTE-A,R58327390,ABONNEMENT,OK
TKT44951232269,2026-02-01T13:58:49Z,PORTE-B,R55869729,ABONNEMENT,OK
TKT26957413498,2026-02-01T13:58:49Z,VIP-EST,R51360635,ABONNEMENT,OK
TKT35640584931,2026-02-01T13:58:50Z,PORTE-D,R52040184,INVITATION,OK
TKT68731669759,2026-02-01T13:58:50Z,PORTE-C,,UNITE,OK
TKT43957347244,2026-02-01T13:58:51Z,VIP-EST,R54626498,ABONNEMENT,OK
TKT40481767082,2026-02-01T13:58:51Z,PORTE-B,R58128500,UNITE,OK
TKT79479247374,2026-02-01T13:58:52Z,PORTE-D,R55735415,ABONNEMENT,OK
TKT92659161690,2026-02-01T13:58:53Z,PORTE-D,R57739523,ABONNEMENT,OK
TKT18968570501,2026-02-01T13:58:53Z,PORTE-D,R54157352,UNITE,OK
TKT61426392419,2026-02-01T13:58:53Z,PORTE-D,R56512900,UNITE,OK
TKT93928435695,2026-02-01T13:58:54Z,PORTE-D,R55461481,UNITE,OK
TKT48310703704,2026-02-01T13:58:54Z,PORTE-C,R52990133,UNITE,OK
TKT76199683701,2026-02-01T13:58:55Z,PORTE-A,R57208454,ABONNEMENT,OK
TKT33156071362,2026-02-01T13:58:57Z,PORTE-C,R51449396,ABONNEMENT,OK
TKT92583419141,2026-02-01T13:58:58Z,PORTE-C,R56624888,ABONNEMENT,OK
TKT91483661470,2026-02-01T13:58:58Z,PORTE-B,R55893770,ABONNEMENT,OK
TKT97571696414,2026-02-01T13:59:00Z,PORTE-D,R52342537,UNITE,OK
TKT34096901136,2026-02-01T13:59:01Z,PORTE-C,R57060041,UNITE,OK
TKT82734458954,2026-02-01T13:59:02Z,PORTE-D,,UNITE,OK
TKT47282421866,2026-02-01T13:59:03Z,PORTE-D,R51188593,ABONNEMENT,OK
TKT37522068153,2026-02-01T13:59:03Z,PORTE-D,R51176333,UNITE,OK
TKT29993346718,2026-02-01T13:59:04Z,PORTE-D,R53982369,INVITATION,OK
TKT29228676913,2026-02-01T13:59:05Z,PORTE-D,R51393747,ABONNEMENT,OK
TKT83873899820,2026-02-01T13:59:08Z,PORTE-C,R57067943,ABONNEMENT,OK
TKT22529944143,2026-02-01T13:59:08Z,PORTE-C,R57011202,UNITE,REFUSE_INVALIDE
TKT33653880040,2026-02-01T13:59:08Z,PORTE-C,R54977412,UNITE,OK
TKT11732740945,2026-02-01T13:59:09Z,PORTE-A,R55559005,ABONNEMENT,OK
TKT33675065579,2026-02-01T13:59:10Z,PORTE-C,R55101037,UNITE,OK
TKT32485659635,2026-02-01T13:59:11Z,PORTE-A,R56439072,ABONNEMENT,OK
TKT12715724585,2026-02-01T13:59:11Z,PORTE-C,,UNITE,OK
TKT79114856231,2026-02-01T13:59:12Z,PORTE-D,R58760369,ABONNEMENT,OK
TKT94049707317,2026-02-01T13:59:12Z,PORTE-A,R51507075,ABONNEMENT,OK
TKT66443969863,2026-02-01T13:59:12Z,PORTE-C,R53811342,ABONNEMENT,OK
TKT80843314026,2026-02-01T13:59:13Z,PORTE-A,R53075886,UNITE,OK
TKT48470031838,2026-02-01T13:59:14Z,PORTE-A,R59938823,ABONNEMENT,OK
TKT64966546392,2026-02-01T13:59:14Z,PORTE-D,R55669968,UNITE,OK
TKT22867846548,2026-02-01T13:59:16Z,PORTE-C,R52286821,ABONNEMENT,OK
TKT36150521435,2026-02-01T13:59:16Z,PORTE-D,R54389267,UNITE,OK
TKT53732565631,2026-02-01T13:59:19Z,PORTE-A,R54708573,ABONNEMENT,OK
TKT57057536709,2026-02-01T13:59:19Z,PORTE-C,R54844793,ABONNEMENT,OK
TKT94701792611,2026-02-01T13:59:20Z,PORTE-A,R56393241,UNITE,OK
TKT57887340563,2026-02-01T13:59:21Z,PORTE-A,R58610797,ABONNEMENT,OK
TKT54477783069,2026-02-01T13:59:22Z,PORTE-C,R52392257,ABONNEMENT,OK
TKT44420010056,2026-02-01T13:59:24Z,VIP-EST,R59166788,ABONNEMENT,OK
TKT40187439171,2026-02-01T13:59:24Z,VIP-EST,R53536172,UNITE,OK
TKT12233942588,2026-02-01T13:59:25Z,PORTE-C,R52758352,UNITE,OK
TKT56127190019,2026-02-01T13:59:26Z,PORTE-C,R52734301,UNITE,OK
TKT62264041786,2026-02-01T13:59:27Z,PORTE-D,R53487688,ABONNEMENT,OK
TKT24964672526,2026-02-01T13:59:28Z,PORTE-D,R58612502,UNITE,OK
TKT34849482294,2026-02-01T13:59:29Z,PORTE-D,,UNITE,OK
TKT25702295188,2026-02-01T13:59:30Z,PORTE-A,R55004039,UNITE,OK
TKT22882141352,2026-02-01T13:59:31Z,PORTE-C,R53545367,UNITE,OK
TKT72260758713,2026-02-01T13:59:35Z,PORTE-D,,UNITE,OK
TKT82058109037,2026-02-01T13:59:36Z,PORTE-D,R51364926,ABONNEMENT,OK
TKT84918302933,2026-02-01T13:59:36Z,PORTE-C,R58032192,UNITE,OK
TKT34202208597,2026-02-01T13:59:37Z,PORTE-D,R59326982,UNITE,OK
TKT70098036189,2026-02-01T13:59:38Z,PORTE-C,R57695933,ABONNEMENT,OK
TKT26755796683,2026-02-01T13:59:38Z,PORTE-A,R59516945,UNITE,OK
TKT39885262234,2026-02-01T13:59:38Z,PORTE-D,R52424133,UNITE,OK
TKT27345798753,2026-02-01T13:59:38Z,PORTE-D,R57239851,UNITE,OK
TKT24307501893,2026-02-01T13:59:39Z,PORTE-C,,GROUPE,OK
TKT83747169607,2026-02-01T13:59:41Z,VIP-EST,R54467664,ABONNEMENT,OK
TKT56760019184,2026-02-01T13:59:41Z,PORTE-C,R58705946,ABONNEMENT,OK
TKT53721183442,2026-02-01T13:59:41Z,PORTE-C,,UNITE,OK
TKT62192760235,2026-02-01T13:59:43Z,PORTE-D,R56998875,ABONNEMENT,OK
TKT93644032983,2026-02-01T13:59:44Z,PORTE-D,,UNITE,OK
TKT61069062016,2026-02-01T13:59:45Z,VIP-EST,R59670885,UNITE,OK
TKT59853551875,2026-02-01T13:59:46Z,PORTE-C,R55284793,ABONNEMENT,OK
TKT31517071163,2026-02-01T13:59:46Z,PORTE-A,,VIP,REFUSE_DEJA_SCANNE
TKT28211388822,2026-02-01T13:59:46Z,PORTE-B,R57052417,UNITE,OK
TKT34721091112,2026-02-01T13:59:47Z,PORTE-A,R52647054,ABONNEMENT,OK
TKT60975409062,2026-02-01T13:59:48Z,VIP-EST,R51626342,UNITE,OK
TKT44951232269,2026-02-01T13:59:49Z,PORTE-B,R55869729,ABONNEMENT,REFUSE_DEJA_SCANNE
TKT94096521780,2026-02-01T13:59:50Z,VIP-EST,R55910733,ABONNEMENT,OK
TKT70008944098,2026-02-01T13:59:50Z,VIP-EST,,VIP,OK
TKT10350937019,2026-02-01T13:59:51Z,PORTE-D,R52097059,ABONNEMENT,OK
TKT47551305126,2026-02-01T13:59:53Z,PORTE-D,R58083282,UNITE,OK
TKT73003785590,2026-02-01T13:59:54Z,PORTE-A,R59533707,ABONNEMENT,OK
TKT95570047599,2026-02-01T13:59:55Z,VIP-EST,R58676187,ABONNEMENT,OK
TKT27810850701,2026-02-01T13:59:55Z,PORTE-C,R53726279,ABONNEMENT,OK
TKT25655149480,2026-02-01T13:59:56Z,PORTE-D,R51213793,ABONNEMENT,OK
TKT14130978470,2026-02-01T13:59:57Z,PORTE-C,R58054193,ABONNEMENT,OK
TKT46384097300,2026-02-01T13:59:57Z,PORTE-D,R55331994,ABONNEMENT,REFUSE_DEJA_SCANNE
TKT74831268366,2026-02-01T13:59:57Z,PORTE-C,R58737688,INVITATION,OK
TKT54110499623,2026-02-01T13:59:58Z,PORTE-D,R54437225,ABONNEMENT,OK
TKT43280767194,2026-02-01T13:59:59Z,PORTE-B,R55465082,ABONNEMENT,OK
TKT77421658797,2026-02-01T13:59:59Z,PORTE-B,R57309187,ABONNEMENT,OK
TKT36294779930,2026-02-01T13:59:59Z,PORTE-C,R58145731,UNITE,OK
TKT83491589125,2026-02-01T14:00:01Z,PORTE-D,R51412070,UNITE,OK
TKT55079367223,2026-02-01T14:00:02Z,PORTE-A,R51847903,ABONNEMENT,OK
TKT64528618875,2026-02-01T14:00:03Z,PORTE-C,R53844310,ABONNEMENT,OK
TKT14846405378,2026-02-01T14:00:03Z,PORTE-D,R53468407,UNITE,OK
TKT42364253412,2026-02-01T14:00:05Z,PORTE-A,R51295121,ABONNEMENT,OK
TKT78811410472,2026-02-01T14:00:08Z,PORTE-D,R55072839,UNITE,OK
TKT44685057002,2026-02-01T14:00:09Z,PMR-NORD,R59274130,ABONNEMENT,OK
TKT93797230856,2026-02-01T14:00:10Z,PORTE-C,R56118061,ABONNEMENT,OK
TKT15670608097,2026-02-01T14:00:10Z,VIP-EST,R56230384,UNITE,OK
TKT10486375007,2026-02-01T14:00:11Z,PORTE-D,R59436173,UNITE,OK
TKT54213831925,2026-02-01T14:00:12Z,PORTE-B,R59235233,UNITE,OK
TKT96723640011,2026-02-01T14:00:12Z,VIP-EST,R58942162,INVITATION,OK
TKT89913053248,2026-02-01T14:00:15Z,PORTE-C,R57920013,ABONNEMENT,OK
TKT45095101463,2026-02-01T14:00:17Z,PORTE-D,R58424100,UNITE,OK
TKT40757486335,2026-02-01T14:00:18Z,PORTE-D,R51981614,UNITE,OK
TKT85734768775,2026-02-01T14:00:18Z,PORTE-D,R57478787,UNITE,OK
TKT44231109102,2026-02-01T14:00:20Z,PORTE-C,R56324039,ABONNEMENT,OK
TKT42077548647,2026-02-01T14:00:22Z,PORTE-C,R59460817,ABONNEMENT,OK
TKT59508920052,2026-02-01T14:00:22Z,PORTE-D,R59903202,UNITE,OK
TKT71271121992,2026-02-01T14:00:23Z,PORTE-D,R52970239,UNITE,OK
TKT25187468204,2026-02-01T14:00:24Z,PORTE-D,R58414369,ABONNEMENT,OK
TKT17860231906,2026-02-01T14:00:24Z,PORTE-B,R59087778,ABONNEMENT,OK
TKT88436879747,2026-02-01T14:00:24Z,VIP-EST,R51672652,ABONNEMENT,OK
TKT71309989453,2026-02-01T14:00:24Z,PORTE-C,R56585713,UNITE,OK
TKT92754832246,2026-02-01T14:00:28Z,PORTE-A,R56553569,ABONNEMENT,OK
TKT95830831351,2026-02-01T14:00:28Z,PORTE-D,R53655985,ABONNEMENT,OK
TKT95748357648,2026-02-01T14:00:28Z,PORTE-C,,GROUPE,OK
TKT80421642307,2026-02-01T14:00:28Z,PMR-NORD,R58084642,UNITE,OK
TKT77866366936,2026-02-01T14:00:31Z,PORTE-C,,UNITE,OK
TKT20505317692,2026-02-01T14:00:31Z,VIP-EST,R54003891,GROUPE,OK
TKT16440827427,2026-02-01T14:00:31Z,PORTE-C,R53515675,UNITE,OK
TKT23986378177,2026-02-01T14:00:32Z,PORTE-D,R58807024,UNITE,OK
TKT24199601828,2026-02-01T14:00:32Z,VIP-EST,R55399692,UNITE,OK
TKT34719726653,2026-02-01T14:00:33Z,PORTE-B,R54321157,ABONNEMENT,OK
TKT12975800562,2026-02-01T14:00:34Z,PORTE-C,R51974670,ABONNEMENT,OK
TKT68673608775,2026-02-01T14:00:36Z,PORTE-C,,UNITE,OK
TKT48067263793,2026-02-01T14:00:37Z,PORTE-C,R59477579,ABONNEMENT,OK
TKT56083921215,2026-02-01T14:00:39Z,PORTE-C,R58455641,ABONNEMENT,OK
TKT94955237656,2026-02-01T14:00:40Z,PORTE-C,,GROUPE,OK
TKT49964655477,2026-02-01T14:00:41Z,PORTE-D,R51972888,UNITE,OK
TKT53913278797,2026-02-01T14:00:42Z,PORTE-D,,UNITE,OK
TKT39329661188,2026-02-01T14:00:43Z,PORTE-B,R55313058,ABONNEMENT,OK
TKT67342619241,2026-02-01T14:00:44Z,PORTE-C,,GROUPE,OK
TKT36834921083,2026-02-01T14:00:46Z,PORTE-D,R56644494,ABONNEMENT,OK
TKT16392342721,2026-02-01T14:00:47Z,PORTE-D,R58373355,ABONNEMENT,OK
TKT35582682831,2026-02-01T14:00:47Z,PORTE-C,,UNITE,OK
TKT81486625853,2026-02-01T14:00:48Z,PORTE-D,R56053562,ABONNEMENT,OK
TKT57340606400,2026-02-01T14:00:49Z,PORTE-B,R56837120,UNITE,OK
TKT70257338685,2026-02-01T14:00:50Z,VIP-EST,R53853706,ABONNEMENT,OK
TKT74956103422,2026-02-01T14:00:50Z,PORTE-A,R56867023,UNITE,OK
TKT91140593124,2026-02-01T14:00:51Z,PORTE-A,R58905037,ABONNEMENT,OK
TKT33063959782,2026-02-01T14:00:53Z,PORTE-B,R52732606,UNITE,OK
TKT95190393770,2026-02-01T14:00:53Z,PORTE-C,,UNITE,OK
TKT93935230356,2026-02-01T14:00:53Z,PORTE-C,R56190060,UNITE,OK
TKT83993763403,2026-02-01T14:00:57Z,PORTE-D,R58759143,UNITE,OK
TKT83243003818,2026-02-01T14:00:58Z,PORTE-A,R51332035,ABONNEMENT,OK
TKT28392752314,2026-02-01T14:00:59Z,PORTE-D,R58037776,ABONNEMENT,OK
TKT57855902524,2026-02-01T14:00:59Z,PORTE-D,R59981877,UNITE,OK
TKT16440690777,2026-02-01T14:01:01Z,PORTE-C,R54824842,UNITE,OK
TKT30786164706,2026-02-01T14:01:03Z,PORTE-D,R52278162,ABONNEMENT,OK
TKT45864943623,2026-02-01T14:01:03Z,PORTE-C,R57246393,UNITE,OK
TKT56350906240,2026-02-01T14:01:04Z,PORTE-A,R52615111,ABONNEMENT,OK
TKT79644583528,2026-02-01T14:01:06Z,PORTE-B,R55011050,UNITE,OK
TKT67566837394,2026-02-01T14:01:07Z,PORTE-C,,GROUPE,OK
TKT93067573969,2026-02-01T14:01:08Z,PORTE-D,R55324906,ABONNEMENT,OK
TKT33098029317,2026-02-01T14:01:08Z,PORTE-C,R59884611,UNITE,OK
TKT29143878443,2026-02-01T14:01:09Z,PORTE-C,,UNITE,OK
TKT43428299070,2026-02-01T14:01:09Z,PORTE-C,,UNITE,OK
TKT66133131338,2026-02-01T14:01:10Z,PORTE-C,R59551072,ABONNEMENT,OK
TKT25334964551,2026-02-01T14:01:10Z,PORTE-A,R53288386,ABONNEMENT,OK
TKT10684782844,2026-02-01T14:01:12Z,PORTE-C,R51329928,INVITATION,OK
TKT93822875646,2026-02-01T14:01:13Z,VIP-EST,R55424758,UNITE,OK
TKT96476379494,2026-02-01T14:01:16Z,VIP-EST,R56114728,UNITE,OK
TKT33799519326,2026-02-01T14:01:16Z,PORTE-D,R58725840,UNITE,OK
TKT69518437124,2026-02-01T14:01:17Z,PORTE-D,R58357906,ABONNEMENT,OK
TKT40924951841,2026-02-01T14:01:17Z,PORTE-D,R53283281,ABONNEMENT,OK
TKT59281663555,2026-02-01T14:01:19Z,PORTE-C,R52143379,UNITE,OK
TKT77165428825,2026-02-01T14:01:22Z,PORTE-C,R57018558,ABONNEMENT,OK
TKT80694971988,2026-02-01T14:01:23Z,PMR-NORD,R56851286,ABONNEMENT,OK
TKT50873160552,2026-02-01T14:01:26Z,PORTE-D,R58167876,ABONNEMENT,OK
TKT31983093149,2026-02-01T14:01:27Z,PORTE-D,R56929204,UNITE,OK
TKT44489436447,2026-02-01T14:01:27Z,VIP-EST,,INVITATION,OK
TKT74277459172,2026-02-01T14:01:29Z,PORTE-D,R54799096,ABONNEMENT,OK
TKT72512855318,2026-02-01T14:01:29Z,PORTE-D,R59994750,UNITE,OK
TKT41144747425,2026-02-01T14:01:29Z,PORTE-C,R55473051,UNITE,OK
TKT35254384045,2026-02-01T14:01:30Z,PORTE-C,,UNITE,OK
TKT57650363891,2026-02-01T14:01:33Z,PORTE-A,R57696268,ABONNEMENT,OK
TKT74388622330,2026-02-01T14:01:34Z,PORTE-B,R53280427,ABONNEMENT,OK
TKT49569076963,2026-02-01T14:01:37Z,PORTE-C,R55224240,ABONNEMENT,OK
TKT50600413432,2026-02-01T14:01:39Z,PORTE-A,R51372359,ABONNEMENT,OK
TKT79769552613,2026-02-01T14:01:40Z,VIP-EST,R54275872,UNITE,OK
TKT96180582520,2026-02-01T14:01:40Z,PORTE-B,,UNITE,OK
TKT88000541148,2026-02-01T14:01:41Z,PORTE-D,R56569708,UNITE,OK
TKT37025421200,2026-02-01T14:01:43Z,PORTE-C,R55151092,UNITE,OK
TKT50214234641,2026-02-01T14:01:44Z,PORTE-C,R59821127,INVITATION,OK
TKT24425252593,2026-02-01T14:01:45Z,PORTE-C,R58461905,ABONNEMENT,OK
TKT50064321653,2026-02-01T14:01:45Z,PORTE-D,R54417465,UNITE,OK
TKT66905731787,2026-02-01T14:01:46Z,PORTE-B,R59979971,ABONNEMENT,OK
TKT49159128429,2026-02-01T14:01:50Z,PORTE-A,R52467857,ABONNEMENT,OK
TKT22174354170,2026-02-01T14:01:50Z,PORTE-C,R56136863,UNITE,OK
TKT52661703954,2026-02-01T14:01:51Z,PORTE-C,R58967285,UNITE,OK
TKT95690173498,2026-02-01T14:01:51Z,PORTE-D,R59598685,UNITE,OK
TKT79857152615,2026-02-01T14:01:52Z,PORTE-B,R52768629,ABONNEMENT,OK
TKT29027114922,2026-02-01T14:01:55Z,PORTE-C,R52245817,INVITATION,OK
TKT55730425644,2026-02-01T14:01:58Z,PORTE-C,R55152653,UNITE,OK
TKT61606366526,2026-02-01T14:01:59Z,PORTE-C,R57231068,ABONNEMENT,OK
TKT67505282963,2026-02-01T14:01:59Z,VIP-EST,,UNITE,OK
TKT82440042490,2026-02-01T14:02:00Z,PORTE-D,R57870427,UNITE,OK
TKT81092966303,2026-02-01T14:02:00Z,PORTE-D,R54847322,INVITATION,OK
TKT51557669396,2026-02-01T14:02:01Z,PORTE-B,R51806152,ABONNEMENT,OK
TKT62799876779,2026-02-01T14:02:01Z,PORTE-D,R56849993,UNITE,OK
TKT83299286485,2026-02-01T14:02:02Z,PORTE-C,R52447906,ABONNEMENT,OK
TKT54583044483,2026-02-01T14:02:02Z,PORTE-C,R57487982,ABONNEMENT,OK
TKT92503689830,2026-02-01T14:02:02Z,PORTE-C,R52823397,UNITE,OK
TKT90007253481,2026-02-01T14:02:03Z,PORTE-A,,UNITE,OK
TKT96872852731,2026-02-01T14:02:03Z,PORTE-D,,GROUPE,OK
TKT20253836854,2026-02-01T14:02:03Z,PORTE-B,R55812854,UNITE,OK
TKT52483524055,2026-02-01T14:02:04Z,PORTE-C,R52195963,ABONNEMENT,OK
TKT44168087184,2026-02-01T14:02:04Z,PORTE-A,R51718704,ABONNEMENT,OK
TKT71364940257,2026-02-01T14:02:04Z,PORTE-D,R56491522,ABONNEMENT,OK
TKT72876373245,2026-02-01T14:02:04Z,VIP-EST,R54565955,UNITE,OK
TKT39708318211,2026-02-01T14:02:04Z,PORTE-C,R51961998,UNITE,OK
TKT49824185866,2026-02-01T14:02:05Z,PORTE-A,R54824976,ABONNEMENT,OK
TKT78536181339,2026-02-01T14:02:06Z,PORTE-D,,GROUPE,OK
TKT24883120485,2026-02-01T14:02:07Z,PORTE-D,R54708851,ABONNEMENT,OK
TKT80696077216,2026-02-01T14:02:09Z,PORTE-C,R56032787,INVITATION,OK
TKT50006694178,2026-02-01T14:02:10Z,PORTE-D,R54246438,UNITE,OK
TKT61195965243,2026-02-01T14:02:10Z,PORTE-D,R59989712,UNITE,OK
TKT76763850500,2026-02-01T14:02:10Z,PORTE-D,R54460241,UNITE,OK
TKT64084574229,2026-02-01T14:02:11Z,PORTE-D,R58127140,UNITE,OK
TKT99417377624,2026-02-01T14:02:13Z,VIP-EST,R51671704,ABONNEMENT,OK
TKT63686631094,2026-02-01T14:02:13Z,PORTE-C,R56034492,ABONNEMENT,OK
TKT93936820949,2026-02-01T14:02:13Z,PORTE-D,R55390430,UNITE,OK
TKT39860861101,2026-02-01T14:02:14Z,PORTE-D,R55330232,ABONNEMENT,OK
TKT50473178746,2026-02-01T14:02:14Z,PORTE-D,R51014290,ABONNEMENT,OK
TKT58193938193,2026-02-01T14:02:15Z,PORTE-A,R52005109,ABONNEMENT,OK
TKT46712773430,2026-02-01T14:02:15Z,PORTE-C,R51804792,ABONNEMENT,OK
TKT91259071366,2026-02-01T14:02:16Z,PORTE-A,R55433407,UNITE,OK
TKT40120431754,2026-02-01T14:02:17Z,PORTE-C,R53397232,UNITE,OK
TKT89325879370,2026-02-01T14:02:19Z,PORTE-C,R51128653,ABONNEMENT,OK
TKT73008665284,2026-02-01T14:02:19Z,PORTE-C,R51976633,INVITATION,OK
TKT23082471756,2026-02-01T14:02:20Z,PORTE-A,,UNITE,OK
TKT37823725409,2026-02-01T14:02:21Z,PORTE-C,R54033804,ABONNEMENT,OK
TKT45804176099,2026-02-01T14:02:22Z,VIP-EST,R57066516,ABONNEMENT,OK
TKT47672106415,2026-02-01T14:02:22Z,PORTE-D,R52746092,UNITE,REFUSE_DEJA_SCANNE
TKT82978055914,2026-02-01T14:02:24Z,PORTE-C,R55089658,UNITE,OK
TKT92920948977,2026-02-01T14:02:27Z,PORTE-C,R54775390,ABONNEMENT,OK
TKT15308471145,2026-02-01T14:02:28Z,PORTE-D,R53857863,UNITE,OK
TKT12365738608,2026-02-01T14:02:28Z,PORTE-D,R57229229,UNITE,OK
TKT64720778140,2026-02-01T14:02:29Z,PORTE-A,R55484286,UNITE,OK
TKT75309642422,2026-02-01T14:02:30Z,PORTE-D,R53817348,UNITE,OK
TKT88293539328,2026-02-01T14:02:31Z,PORTE-D,,UNITE,OK
TKT57619091968,2026-02-01T14:02:31Z,PORTE-D,,UNITE,OK
TKT28948504350,2026-02-01T14:02:34Z,VIP-EST,R56180999,INVITATION,OK
TKT30146934671,2026-02-01T14:02:34Z,PORTE-D,R52813177,UNITE,OK
TKT92833416609,2026-02-01T14:02:38Z,PORTE-B,R51715505,UNITE,OK
TKT46621362075,2026-02-01T14:02:39Z,PORTE-D,R56047710,UNITE,OK
TKT19355148480,2026-02-01T14:02:40Z,PORTE-D,R54173089,UNITE,OK
TKT35802727955,2026-02-01T14:02:40Z,PORTE-B,R51880670,UNITE,OK
TKT41036283239,2026-02-01T14:02:41Z,PORTE-D,R54785811,ABONNEMENT,OK
TKT37481120072,2026-02-01T14:02:41Z,VIP-EST,R54127583,UNITE,OK
TKT30438812902,2026-02-01T14:02:42Z,PORTE-D,R57317980,UNITE,OK
TKT76017160206,2026-02-01T14:02:43Z,PORTE-D,R52346349,ABONNEMENT,OK
TKT25461294941,2026-02-01T14:02:43Z,PORTE-D,,UNITE,OK
TKT14116969196,2026-02-01T14:02:43Z,PORTE-A,R51145204,UNITE,OK
TKT29266901565,2026-02-01T14:02:45Z,VIP-EST,R57172632,ABONNEMENT,OK
TKT60398291013,2026-02-01T14:02:45Z,PORTE-B,R56640136,ABONNEMENT,OK
TKT63564970060,2026-02-01T14:02:49Z,PORTE-D,R55906586,ABONNEMENT,OK
TKT18315225916,2026-02-01T14:02:49Z,PORTE-C,R59523621,UNITE,OK
TKT72219534782,2026-02-01T14:02:50Z,PORTE-A,R53466702,ABONNEMENT,OK
TKT24123608135,2026-02-01T14:02:50Z,VIP-EST,R51895727,UNITE,OK
TKT61783093309,2026-02-01T14:02:50Z,VIP-EST,,GROUPE,OK
TKT36087605388,2026-02-01T14:02:52Z,PMR-NORD,R59973841,ABONNEMENT,OK
TKT24211948672,2026-02-01T14:02:52Z,PORTE-C,R58465315,ABONNEMENT,OK
TKT71836900561,2026-02-01T14:02:52Z,PORTE-D,R57750413,ABONNEMENT,OK
TKT51098338463,2026-02-01T14:02:55Z,PORTE-C,R57371033,ABONNEMENT,OK
TKT90667202030,2026-02-01T14:02:56Z,PORTE-A,R59551963,ABONNEMENT,OK
TKT51677990851,2026-02-01T14:02:56Z,PORTE-D,R57718470,ABONNEMENT,OK
TKT50903238675,2026-02-01T14:02:58Z,PORTE-D,,UNITE,OK
TKT58015356484,2026-02-01T14:02:58Z,VIP-EST,R54084817,UNITE,OK
TKT76255727652,2026-02-01T14:02:58Z,PORTE-D,R52971542,UNITE,OK
TKT75949525832,2026-02-01T14:02:59Z,PORTE-D,R52933670,UNITE,OK
TKT70840881632,2026-02-01T14:03:00Z,PORTE-D,R56790120,UNITE,OK
TKT52014514185,2026-02-01T14:03:01Z,VIP-EST,R57010120,ABONNEMENT,OK
TKT64756180686,2026-02-01T14:03:01Z,VIP-EST,,UNITE,OK
TKT54572917290,2026-02-01T14:03:01Z,PORTE-B,R54180646,UNITE,OK
TKT21465092429,2026-02-01T14:03:03Z,PORTE-C,R57836779,ABONNEMENT,OK
TKT38433967762,2026-02-01T14:03:03Z,PORTE-C,R59341771,INVITATION,OK
TKT49828863915,2026-02-01T14:03:04Z,VIP-EST,R57680196,ABONNEMENT,OK
TKT81635170225,2026-02-01T14:03:04Z,PORTE-C,R56556289,ABONNEMENT,OK
TKT96585929085,2026-02-01T14:03:04Z,PORTE-D,R54042319,UNITE,OK
TKT82184480686,2026-02-01T14:03:06Z,PORTE-C,,UNITE,OK
TKT93787153130,2026-02-01T14:03:07Z,PORTE-A,R58310092,ABONNEMENT,OK
TKT18107398655,2026-02-01T14:03:07Z,PORTE-A,R53393889,ABONNEMENT,OK
TKT75767077006,2026-02-01T14:03:07Z,PORTE-D,R58975264,UNITE,OK
TKT68036438751,2026-02-01T14:03:07Z,PMR-NORD,R52405800,UNITE,OK
TKT59109994968,2026-02-01T14:03:07Z,PORTE-A,R56097765,UNITE,OK
TKT40714259515,2026-02-01T14:03:08Z,PORTE-D,R58005766,UNITE,OK
TKT68092709046,2026-02-01T14:03:08Z,VIP-EST,,GROUPE,OK
TKT79247838504,2026-02-01T14:03:09Z,VIP-EST,R54549126,ABONNEMENT,OK
TKT17956360341,2026-02-01T14:03:11Z,PORTE-C,R55795901,ABONNEMENT,OK
TKT21897343350,2026-02-01T14:03:11Z,PORTE-D,R58999506,ABONNEMENT,OK
TKT97736191139,2026-02-01T14:03:12Z,PORTE-A,R56355359,UNITE,OK
TKT40781743827,2026-02-01T14:03:13Z,PORTE-A,R59711678,ABONNEMENT,OK
TKT39210953178,2026-02-01T14:03:14Z,PORTE-A,R56431716,ABONNEMENT,OK
TKT39094674750,2026-02-01T14:03:15Z,PORTE-C,R54993273,UNITE,OK
TKT78814067596,2026-02-01T14:03:16Z,PORTE-C,R59155476,UNITE,OK
TKT79899153096,2026-02-01T14:03:16Z,PORTE-D,R59140496,UNITE,OK
TKT20231255476,2026-02-01T14:03:17Z,PORTE-C,R52114022,ABONNEMENT,OK
TKT28242152177,2026-02-01T14:03:17Z,PORTE-D,R58907891,UNITE,OK
TKT67041369630,2026-02-01T14:03:19Z,PORTE-D,R52961590,UNITE,OK
TKT48802167034,2026-02-01T14:03:20Z,PORTE-A,R52212025,UNITE,OK
TKT48963180127,2026-02-01T14:03:20Z,PORTE-B,R52286821,UNITE,OK
TKT86105094472,2026-02-01T14:03:21Z,PORTE-D,R53669270,ABONNEMENT,OK
TKT45085233617,2026-02-01T14:03:21Z,VIP-EST,R55329619,VIP,OK
TKT16030056694,2026-02-01T14:03:22Z,PORTE-C,,INVITATION,OK
TKT51452868138,2026-02-01T14:03:23Z,PORTE-C,R59984185,ABONNEMENT,OK
TKT98763575471,2026-02-01T14:03:23Z,PORTE-C,R51478609,UNITE,OK
TKT23116443830,2026-02-01T14:03:24Z,PORTE-D,R57166291,UNITE,OK
TKT98475258847,2026-02-01T14:03:26Z,PORTE-C,R54331109,ABONNEMENT,OK
TKT69599400288,2026-02-01T14:03:28Z,PORTE-A,R58898093,ABONNEMENT,OK
TKT13696400612,2026-02-01T14:03:28Z,VIP-EST,R57678146,ABONNEMENT,OK
TKT50421605954,2026-02-01T14:03:30Z,PORTE-B,R55001865,ABONNEMENT,OK
TKT28140699145,2026-02-01T14:03:30Z,VIP-EST,R57594922,ABONNEMENT,OK
TKT57022827132,2026-02-01T14:03:31Z,PORTE-D,R59790008,UNITE,OK
TKT49468268760,2026-02-01T14:03:32Z,PORTE-B,R56389496,ABONNEMENT,OK
TKT74327445110,2026-02-01T14:03:32Z,PORTE-C,R52551081,ABONNEMENT,OK
TKT45927785349,2026-02-01T14:03:33Z,VIP-EST,R54459963,ABONNEMENT,OK
TKT95753707753,2026-02-01T14:03:37Z,PORTE-B,R57851702,ABONNEMENT,OK
TKT32117918154,2026-02-01T14:03:37Z,PORTE-D,R56680527,ABONNEMENT,OK
TKT39426025519,2026-02-01T14:03:37Z,PORTE-D,,GROUPE,OK
TKT52064502343,2026-02-01T14:03:38Z,PORTE-D,R58718417,UNITE,OK
TKT74586848579,2026-02-01T14:03:39Z,PORTE-D,R53057841,UNITE,OK
TKT63334953340,2026-02-01T14:03:40Z,PORTE-D,R57760566,ABONNEMENT,OK
TKT38343080320,2026-02-01T14:03:40Z,PORTE-A,R53825317,GROUPE,OK
TKT67608688631,2026-02-01T14:03:41Z,PORTE-C,R59023212,ABONNEMENT,OK
TKT36280800327,2026-02-01T14:03:42Z,PORTE-C,R52825102,ABONNEMENT,REFUSE_DEJA_SCANNE
TKT87223378378,2026-02-01T14:03:42Z,PORTE-C,R52257866,ABONNEMENT,OK
TKT40782808438,2026-02-01T14:03:42Z,PORTE-A,R53883954,UNITE,OK
TKT31681529394,2026-02-01T14:03:43Z,PORTE-A,R58700841,UNITE,OK
TKT83709572645,2026-02-01T14:03:44Z,PORTE-A,R54308830,ABONNEMENT,OK
TKT20285502309,2026-02-01T14:03:44Z,PORTE-D,R54070306,UNITE,OK
TKT82666462151,2026-02-01T14:03:45Z,PORTE-C,R55757004,UNITE,OK
TKT98930141060,2026-02-01T14:03:46Z,PORTE-D,R52579758,ABONNEMENT,OK
TKT35060113474,2026-02-01T14:03:47Z,PORTE-D,R59865675,ABONNEMENT,OK
TKT13253454771,2026-02-01T14:03:48Z,PORTE-D,R58026742,UNITE,OK
TKT42639721504,2026-02-01T14:03:49Z,PORTE-D,R55466385,UNITE,OK
TKT46914544264,2026-02-01T14:03:50Z,PORTE-C,R57426481,ABONNEMENT,OK
TKT61878056887,2026-02-01T14:03:51Z,PORTE-C,R57290673,ABONNEMENT,OK
TKT26771495836,2026-02-01T14:03:52Z,VIP-EST,R56948609,ABONNEMENT,OK
TKT15257207422,2026-02-01T14:03:55Z,VIP-EST,R57057857,ABONNEMENT,OK
TKT87807617574,2026-02-01T14:03:55Z,PORTE-C,,UNITE,OK
TKT77296507622,2026-02-01T14:03:58Z,PORTE-D,R57268605,UNITE,OK
TKT12204039855,2026-02-01T14:03:58Z,PORTE-D,,UNITE,OK
TKT58356141539,2026-02-01T14:04:00Z,PORTE-C,R53972226,ABONNEMENT,OK
TKT66886367117,2026-02-01T14:04:02Z,PORTE-C,R55978364,ABONNEMENT,OK
TKT98982614062,2026-02-01T14:04:02Z,PORTE-B,,UNITE,OK
TKT54439339192,2026-02-01T14:04:02Z,PORTE-D,R54281044,UNITE,OK
TKT69865591295,2026-02-01T14:04:03Z,PORTE-D,R57369070,ABONNEMENT,OK
TKT28258687047,2026-02-01T14:04:03Z,PORTE-C,R58775962,ABONNEMENT,OK
TKT80899345001,2026-02-01T14:04:03Z,PORTE-C,R57328803,ABONNEMENT,OK
TKT32092039406,2026-02-01T14:04:03Z,PORTE-D,R55908492,UNITE,OK
TKT59093155378,2026-02-01T14:04:05Z,PORTE-C,R54635090,UNITE,OK
TKT67508253114,2026-02-01T14:04:08Z,PORTE-D,R55575355,UNITE,OK
TKT44004003950,2026-02-01T14:04:08Z,PORTE-D,,UNITE,OK
TKT61112699068,2026-02-01T14:04:08Z,VIP-EST,R51445162,UNITE,OK
TKT88630425469,2026-02-01T14:04:11Z,PORTE-A,R59964713,ABONNEMENT,OK
TKT56598320225,2026-02-01T14:04:15Z,VIP-EST,R59067827,ABONNEMENT,OK
TKT66874259308,2026-02-01T14:04:15Z,PORTE-D,R56638364,UNITE,OK
TKT66678502618,2026-02-01T14:04:15Z,PORTE-D,R52817334,UNITE,OK
TKT94518478339,2026-02-01T14:04:16Z,PORTE-D,R54074808,ABONNEMENT,OK
TKT23755725537,2026-02-01T14:04:18Z,PORTE-D,R57350469,UNITE,OK
TKT73998673256,2026-02-01T14:04:19Z,PORTE-C,R53500896,ABONNEMENT,OK
TKT60669753739,2026-02-01T14:04:19Z,PORTE-D,R52683432,UNITE,OK
TKT62164344468,2026-02-01T14:04:20Z,PORTE-B,R56512230,ABONNEMENT,OK
TKT75843119890,2026-02-01T14:04:20Z,PORTE-C,R54622284,UNITE,OK
TKT26049900551,2026-02-01T14:04:21Z,PORTE-A,R58139812,ABONNEMENT,OK
TKT86211312349,2026-02-01T14:04:21Z,PORTE-A,R54013431,GROUPE,OK
TKT87605147946,2026-02-01T14:04:21Z,PORTE-D,R58021493,INVITATION,OK
TKT33346530922,2026-02-01T14:04:23Z,PORTE-C,R55224374,UNITE,OK
TKT32114359697,2026-02-01T14:04:24Z,PORTE-D,R58886580,UNITE,OK
TKT44337467398,2026-02-01T14:04:26Z,PORTE-C,R54399075,ABONNEMENT,OK
TKT31276837373,2026-02-01T14:04:26Z,PORTE-D,R52119539,UNITE,OK
TKT47431071636,2026-02-01T14:04:28Z,VIP-EST,R52861135,ABONNEMENT,OK
TKT93450199360,2026-02-01T14:04:28Z,PORTE-D,R54574872,UNITE,OK
TKT79489133122,2026-02-01T14:04:29Z,PORTE-C,,GROUPE,OK
TKT78466553412,2026-02-01T14:04:31Z,PORTE-C,R51493599,UNITE,OK
TKT65575412588,2026-02-01T14:04:33Z,VIP-EST,R56312315,UNITE,OK
TKT79688478814,2026-02-01T14:04:34Z,PORTE-B,R58503254,UNITE,OK
TKT49206232301,2026-02-01T14:04:34Z,VIP-EST,R54228182,UNITE,OK
TKT49104066225,2026-02-01T14:04:35Z,PORTE-A,,UNITE,OK
TKT34578569109,2026-02-01T14:04:36Z,PORTE-C,R59534310,ABONNEMENT,OK
TKT21863006384,2026-02-01T14:04:37Z,PORTE-C,R54683028,UNITE,OK
TKT48421781566,2026-02-01T14:04:37Z,PORTE-C,R58795712,UNITE,OK
TKT97114296131,2026-02-01T14:04:38Z,PORTE-A,R51111700,ABONNEMENT,OK
TKT71760403584,2026-02-01T14:04:41Z,PORTE-D,R58035401,UNITE,OK
TKT35235707645,2026-02-01T14:04:43Z,PORTE-C,R57783994,UNITE,OK
TKT65346393747,2026-02-01T14:04:43Z,PORTE-D,R54112804,UNITE,OK
TKT23661696600,2026-02-01T14:04:46Z,PORTE-D,R51821544,ABONNEMENT,OK
TKT97380266352,2026-02-01T14:04:47Z,PORTE-D,R54472166,UNITE,OK
TKT33135612401,2026-02-01T14:04:48Z,PORTE-D,R53830834,INVITATION,OK
TKT82156246768,2026-02-01T14:04:49Z,PORTE-B,R57339636,ABONNEMENT,OK
TKT12201940942,2026-02-01T14:04:50Z,PORTE-D,,UNITE,OK
TKT62320207179,2026-02-01T14:04:50Z,PORTE-C,R57380640,UNITE,OK
TKT36287893937,2026-02-01T14:04:52Z,PORTE-C,R58781546,UNITE,OK
TKT71599423258,2026-02-01T14:04:52Z,PORTE-C,R58170663,UNITE,OK
TKT13331845580,2026-02-01T14:04:53Z,PORTE-D,R55632297,ABONNEMENT,OK
TKT23233960087,2026-02-01T14:04:54Z,VIP-EST,R57651241,ABONNEMENT,OK
TKT12385203294,2026-02-01T14:04:55Z,PORTE-C,R57905033,ABONNEMENT,OK
TKT97715968772,2026-02-01T14:04:56Z,PORTE-D,R52613071,UNITE,OK
TKT50371147849,2026-02-01T14:04:56Z,PORTE-B,,UNITE,OK
TKT23145270539,2026-02-01T14:04:58Z,VIP-EST,R56193949,ABONNEMENT,OK
TKT92943774288,2026-02-01T14:04:59Z,PORTE-B,R59822152,UNITE,OK
TKT23448684956,2026-02-01T14:04:59Z,PORTE-C,,UNITE,OK
TKT86560000997,2026-02-01T14:05:00Z,PORTE-B,R51642002,ABONNEMENT,OK
TKT94924244659,2026-02-01T14:05:00Z,PORTE-C,R57419336,UNITE,OK
TKT68174488685,2026-02-01T14:05:01Z,PORTE-D,R59945643,UNITE,OK
TKT43433840031,2026-02-01T14:05:02Z,VIP-EST,R54977278,ABONNEMENT,OK
TKT97455759549,2026-02-01T14:05:02Z,PORTE-D,R57386914,INVITATION,OK
TKT75053091445,2026-02-01T14:05:03Z,PORTE-C,R56638297,ABONNEMENT,OK
TKT17299046954,2026-02-01T14:05:05Z,PORTE-A,R59306763,ABONNEMENT,OK
TKT74214695243,2026-02-01T14:05:08Z,PORTE-A,R52241938,ABONNEMENT,OK
TKT26104767614,2026-02-01T14:05:11Z,PORTE-C,R52764549,ABONNEMENT,OK
TKT78638614177,2026-02-01T14:05:12Z,PORTE-A,R58356134,UNITE,OK
TKT99333652473,2026-02-01T14:05:14Z,PORTE-C,R58828479,UNITE,OK
TKT47056907876,2026-02-01T14:05:15Z,PORTE-D,R53458532,ABONNEMENT,OK
TKT39864793228,2026-02-01T14:05:16Z,PORTE-C,R52937961,ABONNEMENT,OK
TKT46988032251,2026-02-01T14:05:18Z,PORTE-C,R59578523,ABONNEMENT,OK
TKT88950284136,2026-02-01T14:05:18Z,PORTE-D,R57401013,UNITE,OK
TKT53063307561,2026-02-01T14:05:18Z,PORTE-B,R55584215,UNITE,OK
TKT29142160879,2026-02-01T14:05:18Z,PORTE-D,R57346389,UNITE,OK
TKT24204532890,2026-02-01T14:05:19Z,PORTE-A,R52951313,UNITE,OK
TKT37000722311,2026-02-01T14:05:21Z,PORTE-D,R51834628,ABONNEMENT,OK
TKT76525204577,2026-02-01T14:05:21Z,VIP-EST,R57785967,UNITE,OK
TKT20607986597,2026-02-01T14:05:22Z,PORTE-D,R55843782,UNITE,OK
TKT96478780342,2026-02-01T14:05:24Z,PORTE-D,,INVITATION,OK
TKT48050279300,2026-02-01T14:05:24Z,PORTE-C,,UNITE,OK
TKT25984221279,2026-02-01T14:05:25Z,PORTE-C,R52147057,INVITATION,OK
TKT39887724718,2026-02-01T14:05:26Z,PORTE-A,R51744182,UNITE,OK
TKT59907004822,2026-02-01T14:05:28Z,PORTE-C,R58586478,ABONNEMENT,OK
TKT49550524722,2026-02-01T14:05:28Z,PORTE-C,R56387513,UNITE,REFUSE_DEJA_SCANNE
TKT49390898870,2026-02-01T14:05:30Z,PORTE-D,,UNITE,OK
TKT50055875397,2026-02-01T14:05:30Z,PORTE-C,R54989538,UNITE,OK
TKT63288497409,2026-02-01T14:05:32Z,PORTE-A,R57956314,ABONNEMENT,OK
TKT56531226813,2026-02-01T14:05:33Z,VIP-EST,R54122210,ABONNEMENT,OK
TKT62492128870,2026-02-01T14:05:33Z,PORTE-D,R56517402,UNITE,OK
TKT12300922443,2026-02-01T14:05:34Z,PORTE-D,R53854319,UNITE,OK
TKT98316691088,2026-02-01T14:05:36Z,VIP-EST,R53433054,UNITE,OK
TKT24564801949,2026-02-01T14:05:37Z,PORTE-D,R56467347,UNITE,OK
TKT44896462932,2026-02-01T14:05:38Z,PORTE-D,R57885618,UNITE,OK
TKT89929073458,2026-02-01T14:05:39Z,PORTE-C,R55555327,ABONNEMENT,OK
TKT95914068331,2026-02-01T14:05:39Z,PORTE-D,R51417577,UNITE,OK
TKT65187653378,2026-02-01T14:05:39Z,PORTE-C,,UNITE,OK
TKT15202102492,2026-02-01T14:05:40Z,PORTE-C,R54123838,UNITE,OK
TKT72497658125,2026-02-01T14:05:40Z,PORTE-A,R58556920,UNITE,OK
TKT10005353947,2026-02-01T14:05:40Z,VIP-EST,R58401630,UNITE,OK
TKT98410786610,2026-02-01T14:05:40Z,PORTE-C,,INVITATION,OK
TKT91718655824,2026-02-01T14:05:42Z,VIP-EST,,INVITATION,OK
TKT90861227677,2026-02-01T14:05:44Z,PORTE-C,R56542813,ABONNEMENT,OK
TKT15240544414,2026-02-01T14:05:46Z,PORTE-B,R51422692,ABONNEMENT,OK
TKT52136121480,2026-02-01T14:05:49Z,PORTE-C,R56470948,ABONNEMENT,OK
TKT18810388454,2026-02-01T14:05:49Z,PORTE-C,R57120996,UNITE,OK
TKT37392451121,2026-02-01T14:05:49Z,PORTE-D,R59525604,UNITE,OK
TKT74987580847,2026-02-01T14:05:50Z,PORTE-D,R54344595,ABONNEMENT,OK
TKT93124108519,2026-02-01T14:05:52Z,PORTE-D,R54735545,UNITE,OK
TKT34068228238,2026-02-01T14:05:53Z,PORTE-C,R53930542,UNITE,OK
TKT88404970090,2026-02-01T14:05:57Z,PORTE-D,,UNITE,OK
TKT66408376273,2026-02-01T14:05:58Z,PORTE-C,R51887279,ABONNEMENT,OK
TKT46448766777,2026-02-01T14:05:58Z,PORTE-C,,GROUPE,OK
TKT47026707755,2026-02-01T14:05:59Z,PORTE-D,R52049379,UNITE,OK
TKT47555551266,2026-02-01T14:06:00Z,VIP-EST,,GROUPE,OK
TKT64238815108,2026-02-01T14:06:02Z,PORTE-D,R51516682,ABONNEMENT,OK
TKT20951979508,2026-02-01T14:06:02Z,PORTE-D,R57919266,UNITE,OK
TKT43962282574,2026-02-01T14:06:02Z,PORTE-B,R53183496,UNITE,OK
TKT71574979413,2026-02-01T14:06:03Z,PORTE-C,R55836771,UNITE,OK
TKT74039251980,2026-02-01T14:06:04Z,PORTE-B,R56672079,ABONNEMENT,OK
TKT66142650506,2026-02-01T14:06:04Z,PORTE-C,R51915822,UNITE,OK
TKT42463395911,2026-02-01T14:06:06Z,PORTE-D,R56222760,ABONNEMENT,OK
TKT70097662724,2026-02-01T14:06:08Z,PORTE-A,R58876025,ABONNEMENT,OK
TKT14635346359,2026-02-01T14:06:09Z,PORTE-B,R56797543,ABONNEMENT,OK
TKT88625654089,2026-02-01T14:06:09Z,PORTE-D,R57763085,ABONNEMENT,OK
TKT94334688778,2026-02-01T14:06:09Z,PORTE-C,,UNITE,OK
TKT50848686383,2026-02-01T14:06:10Z,PORTE-D,R53588900,UNITE,OK
TKT55264214706,2026-02-01T14:06:10Z,PORTE-D,,UNITE,OK
TKT22495267328,2026-02-01T14:06:11Z,PORTE-C,R54503908,ABONNEMENT,OK
TKT33420517486,2026-02-01T14:06:11Z,VIP-EST,R56755993,ABONNEMENT,OK
TKT38004549826,2026-02-01T14:06:11Z,PORTE-C,R59284896,UNITE,OK
TKT16813351501,2026-02-01T14:06:12Z,VIP-EST,R55446558,ABONNEMENT,OK
TKT71920804235,2026-02-01T14:06:12Z,PORTE-C,R57413330,ABONNEMENT,OK
TKT59671114629,2026-02-01T14:06:13Z,PORTE-C,R57957272,UNITE,OK
TKT96200266502,2026-02-01T14:06:13Z,PORTE-C,R57904219,UNITE,OK
TKT24937987992,2026-02-01T14:06:15Z,PORTE-D,,UNITE,OK
TKT23816882771,2026-02-01T14:06:17Z,VIP-EST,R58486569,ABONNEMENT,OK
TKT98604633587,2026-02-01T14:06:17Z,PORTE-C,R54654706,UNITE,OK
TKT80450115424,2026-02-01T14:06:17Z,PORTE-A,R51137992,UNITE,OK
TKT20908469988,2026-02-01T14:06:17Z,PORTE-D,R52801798,UNITE,OK
TKT44283596178,2026-02-01T14:06:18Z,PORTE-C,R52959148,ABONNEMENT,OK
TKT85827752433,2026-02-01T14:06:19Z,VIP-EST,R53905007,UNITE,OK
TKT62960215302,2026-02-01T14:06:20Z,PORTE-C,R53709316,INVITATION,REFUSE_INVALIDE
TKT81964001439,2026-02-01T14:06:20Z,PORTE-C,,UNITE,OK
TKT57347326558,2026-02-01T14:06:21Z,PORTE-A,R52761206,UNITE,OK
TKT38737202857,2026-02-01T14:06:21Z,PORTE-D,R53665927,UNITE,OK
TKT46273843207,2026-02-01T14:06:21Z,PORTE-C,R55895475,UNITE,OK
TKT84136007099,2026-02-01T14:06:22Z,PORTE-A,R55550902,ABONNEMENT,OK
TKT28819455362,2026-02-01T14:06:24Z,PORTE-C,,GROUPE,OK
TKT47939432292,2026-02-01T14:06:24Z,PORTE-C,R54216947,UNITE,OK
TKT46493174692,2026-02-01T14:06:25Z,PORTE-A,R53541699,ABONNEMENT,OK
TKT64858941995,2026-02-01T14:06:28Z,PORTE-C,R53668523,ABONNEMENT,OK
TKT85404071459,2026-02-01T14:06:28Z,PORTE-A,R59615092,UNITE,OK
TKT79701672504,2026-02-01T14:06:29Z,PORTE-D,,UNITE,OK
TKT26709173270,2026-02-01T14:06:30Z,VIP-EST,R53291394,ABONNEMENT,OK
TKT62678569255,2026-02-01T14:06:30Z,PORTE-C,R56863067,UNITE,OK
TKT37305760895,2026-02-01T14:06:31Z,PORTE-A,R52872715,ABONNEMENT,OK
TKT31686790346,2026-02-01T14:06:31Z,PORTE-B,R55468827,ABONNEMENT,OK
TKT66190877350,2026-02-01T14:06:31Z,PORTE-C,R58609236,UNITE,OK
TKT31804922711,2026-02-01T14:06:32Z,PORTE-D,R54796443,UNITE,OK
TKT84590346414,2026-02-01T14:06:35Z,VIP-EST,R53920332,ABONNEMENT,OK
TKT15119334219,2026-02-01T14:06:37Z,VIP-EST,R51542696,ABONNEMENT,OK
TKT40514610336,2026-02-01T14:06:37Z,PORTE-C,,UNITE,OK
TKT49085114154,2026-02-01T14:06:38Z,PORTE-A,R59618368,ABONNEMENT,OK
TKT27311932696,2026-02-01T14:06:40Z,PORTE-D,R51248054,ABONNEMENT,OK
TKT72856156317,2026-02-01T14:06:43Z,VIP-EST,R55184462,ABONNEMENT,OK
TKT24150039391,2026-02-01T14:06:43Z,PORTE-C,R51217816,UNITE,OK
TKT97743937939,2026-02-01T14:06:45Z,PORTE-C,,UNITE,OK
TKT49238209542,2026-02-01T14:06:46Z,PORTE-B,R53096651,ABONNEMENT,OK
TKT57542715294,2026-02-01T14:06:47Z,PORTE-B,R54560495,UNITE,OK
TKT55163469903,2026-02-01T14:06:50Z,PORTE-B,R51940811,INVITATION,OK
TKT65083781439,2026-02-01T14:06:51Z,PORTE-B,R59658826,ABONNEMENT,OK
TKT64018539740,2026-02-01T14:06:55Z,PORTE-D,R53327005,ABONNEMENT,OK
TKT11702725741,2026-02-01T14:06:56Z,PORTE-C,R59960901,ABONNEMENT,OK
TKT70246980031,2026-02-01T14:06:56Z,PORTE-D,R51104411,UNITE,OK
TKT47001375745,2026-02-01T14:06:57Z,PORTE-C,R57175496,UNITE,OK
TKT85002513840,2026-02-01T14:06:58Z,PORTE-C,R57919132,ABONNEMENT,OK
TKT18844544202,2026-02-01T14:06:59Z,VIP-EST,R53494287,ABONNEMENT,OK
TKT10247966253,2026-02-01T14:07:00Z,PORTE-B,R57890589,ABONNEMENT,OK
TKT46300926226,2026-02-01T14:07:01Z,PORTE-C,,GROUPE,OK
TKT99319470707,2026-02-01T14:07:02Z,VIP-EST,R52557968,ABONNEMENT,OK
TKT76334937780,2026-02-01T14:07:06Z,PORTE-D,R59987193,ABONNEMENT,OK
TKT53590320528,2026-02-01T14:07:07Z,PORTE-B,,UNITE,OK
TKT30115394316,2026-02-01T14:07:10Z,PORTE-A,R59894151,ABONNEMENT,OK
TKT13729749402,2026-02-01T14:07:10Z,PORTE-C,R54697951,UNITE,OK
TKT19121250431,2026-02-01T14:07:11Z,PORTE-D,R55878043,ABONNEMENT,OK
TKT33420517486,2026-02-01T14:07:11Z,VIP-EST,R56755993,ABONNEMENT,REFUSE_DEJA_SCANNE
TKT22428040573,2026-02-01T14:07:11Z,PORTE-C,R55667583,UNITE,OK
TKT91476148689,2026-02-01T14:07:14Z,PORTE-D,R53282055,ABONNEMENT,OK
TKT51557542534,2026-02-01T14:07:15Z,PORTE-D,,UNITE,OK
TKT67082517102,2026-02-01T14:07:15Z,PORTE-B,R54201086,UNITE,OK
TKT15574113776,2026-02-01T14:07:16Z,PORTE-D,R53543940,UNITE,OK
TKT99972353628,2026-02-01T14:07:16Z,PORTE-C,R59543371,UNITE,OK
TKT55846158056,2026-02-01T14:07:17Z,PORTE-C,R54472635,UNITE,OK
TKT85369512530,2026-02-01T14:07:18Z,PORTE-C,R56937719,ABONNEMENT,OK
TKT56166112375,2026-02-01T14:07:18Z,PORTE-A,R51674635,ABONNEMENT,OK
TKT31860871361,2026-02-01T14:07:18Z,VIP-EST,R54707347,ABONNEMENT,OK
TKT30605927697,2026-02-01T14:07:18Z,PORTE-C,,GROUPE,OK
TKT25240673003,2026-02-01T14:07:21Z,PORTE-D,R56188489,UNITE,OK
TKT23932442452,2026-02-01T14:07:21Z,PORTE-D,R53050542,UNITE,OK
TKT39276687424,2026-02-01T14:07:22Z,PORTE-B,R53653121,ABONNEMENT,OK
TKT49853013617,2026-02-01T14:07:24Z,PORTE-A,R57777663,ABONNEMENT,OK
TKT31030879539,2026-02-01T14:07:26Z,PORTE-C,R57747559,UNITE,OK
TKT26522237993,2026-02-01T14:07:28Z,PORTE-A,R57066516,UNITE,OK
TKT70205681898,2026-02-01T14:07:29Z,PORTE-D,R54620100,ABONNEMENT,OK
TKT49862741925,2026-02-01T14:07:32Z,VIP-EST,,UNITE,OK
TKT18431212904,2026-02-01T14:07:33Z,PORTE-A,R59847084,ABONNEMENT,OK
TKT60182620314,2026-02-01T14:07:33Z,PORTE-D,R53266395,UNITE,OK
TKT83016658524,2026-02-01T14:07:34Z,PORTE-C,R59831625,ABONNEMENT,OK
TKT90416202057,2026-02-01T14:07:36Z,PORTE-C,R52576425,ABONNEMENT,OK
TKT76555322549,2026-02-01T14:07:41Z,PORTE-C,R55455140,UNITE,OK
TKT61988426455,2026-02-01T14:07:42Z,VIP-EST,R58122102,ABONNEMENT,OK
TKT26877238138,2026-02-01T14:07:43Z,PORTE-D,R54851268,UNITE,OK
TKT94579761028,2026-02-01T14:07:44Z,PORTE-C,R53497429,UNITE,OK
TKT99029661041,2026-02-01T14:07:46Z,PORTE-C,R56482049,ABONNEMENT,OK
TKT66459628169,2026-02-01T14:07:46Z,VIP-EST,R58716032,UNITE,OK
TKT69656784660,2026-02-01T14:07:47Z,PORTE-C,R54712931,UNITE,OK
TKT26143813424,2026-02-01T14:07:49Z,PORTE-C,R51819102,UNITE,OK
TKT99512244044,2026-02-01T14:07:50Z,PORTE-D,,UNITE,REFUSE_DEJA_SCANNE
TKT46683614936,2026-02-01T14:07:52Z,PORTE-D,R55972100,UNITE,OK
TKT20124127433,2026-02-01T14:07:54Z,PORTE-A,R54008671,ABONNEMENT,OK
TKT17256037027,2026-02-01T14:07:56Z,PORTE-C,R53738127,INVITATION,OK
TKT26275195050,2026-02-01T14:07:57Z,PORTE-D,R53784246,ABONNEMENT,OK
TKT33178480066,2026-02-01T14:07:57Z,PORTE-D,R55044775,UNITE,OK
TKT80139315165,2026-02-01T14:07:59Z,PORTE-C,R59578245,INVITATION,OK
TKT64920081821,2026-02-01T14:07:59Z,PORTE-D,R57078019,UNITE,OK
TKT60453905432,2026-02-01T14:08:01Z,PMR-NORD,R57524762,ABONNEMENT,OK
TKT55331614300,2026-02-01T14:08:01Z,VIP-EST,,GROUPE,OK
TKT66953746105,2026-02-01T14:08:02Z,PORTE-B,R56575024,ABONNEMENT,OK
TKT47374593699,2026-02-01T14:08:04Z,PORTE-B,R58541250,UNITE,OK
TKT57253256545,2026-02-01T14:08:07Z,PORTE-C,R55331113,ABONNEMENT,OK
TKT54992617183,2026-02-01T14:08:07Z,PORTE-C,R59434880,UNITE,OK
TKT27372281504,2026-02-01T14:08:09Z,PORTE-D,R56909387,ABONNEMENT,OK
TKT23346418387,2026-02-01T14:08:11Z,PORTE-D,R57885216,UNITE,OK
TKT48993457444,2026-02-01T14:08:12Z,PORTE-D,,UNITE,OK
TKT29658629495,2026-02-01T14:08:13Z,PORTE-A,,UNITE,OK
TKT83028407234,2026-02-01T14:08:14Z,PORTE-C,R57139051,ABONNEMENT,OK
TKT24468154546,2026-02-01T14:08:14Z,PORTE-D,R59374116,UNITE,OK
TKT31276408013,2026-02-01T14:08:15Z,VIP-EST,R51356488,ABONNEMENT,OK
TKT43710433549,2026-02-01T14:08:17Z,PORTE-D,R52580994,ABONNEMENT,OK
TKT45627555760,2026-02-01T14:08:18Z,PORTE-C,R58885689,ABONNEMENT,OK
TKT21432475948,2026-02-01T14:08:18Z,PORTE-D,R58996642,UNITE,OK
TKT93417840824,2026-02-01T14:08:18Z,PORTE-A,R59332710,VIP,REFUSE_INVALIDE
TKT12537576598,2026-02-01T14:08:20Z,PORTE-D,R52596999,ABONNEMENT,OK
TKT55898693758,2026-02-01T14:08:20Z,PORTE-D,R52243844,UNITE,OK
TKT41837722762,2026-02-01T14:08:20Z,PORTE-C,R58724882,UNITE,OK
TKT22947307209,2026-02-01T14:08:20Z,PORTE-C,R56783109,UNITE,OK
TKT68373915337,2026-02-01T14:08:23Z,PORTE-A,R51303502,UNITE,OK
TKT57082122036,2026-02-01T14:08:24Z,PORTE-B,R59440119,ABONNEMENT,OK
TKT64749389848,2026-02-01T14:08:24Z,PORTE-C,,UNITE,OK
TKT50401539439,2026-02-01T14:08:28Z,PORTE-D,R52901037,UNITE,OK
TKT32402613331,2026-02-01T14:08:28Z,PORTE-C,R54567315,UNITE,OK
TKT35384540465,2026-02-01T14:08:30Z,PORTE-B,R55365163,UNITE,OK
TKT51184115613,2026-02-01T14:08:31Z,PORTE-D,R51713733,ABONNEMENT,OK
TKT54523992158,2026-02-01T14:08:31Z,PORTE-C,R53870880,UNITE,OK
TKT15342809450,2026-02-01T14:08:32Z,PORTE-A,R53508530,UNITE,OK
TKT49906804125,2026-02-01T14:08:32Z,PORTE-D,R54076168,UNITE,OK
TKT49215746235,2026-02-01T14:08:35Z,PORTE-D,R54022904,UNITE,OK
TKT20425006555,2026-02-01T14:08:36Z,VIP-EST,R57303067,ABONNEMENT,OK
TKT64219399952,2026-02-01T14:08:37Z,PORTE-D,R56004455,UNITE,OK
TKT14734462157,2026-02-01T14:08:42Z,PORTE-C,R53274900,INVITATION,OK
TKT75766507585,2026-02-01T14:08:43Z,PORTE-C,R57608207,ABONNEMENT,OK
TKT86309498029,2026-02-01T14:08:44Z,PORTE-D,R51420240,ABONNEMENT,OK
TKT38912623079,2026-02-01T14:08:45Z,PORTE-D,,UNITE,OK
TKT24132597018,2026-02-01T14:08:46Z,PORTE-D,R57059495,ABONNEMENT,OK
TKT56970947469,2026-02-01T14:08:46Z,PORTE-A,R59080700,UNITE,OK
TKT53068443309,2026-02-01T14:08:48Z,PORTE-D,R53283616,ABONNEMENT,OK
TKT69525726352,2026-02-01T14:08:48Z,PORTE-D,R56504941,UNITE,OK
TKT13865509908,2026-02-01T14:08:49Z,VIP-EST,R53030658,ABONNEMENT,OK
TKT38537264196,2026-02-01T14:08:49Z,PORTE-C,R59099080,UNITE,OK
TKT81829016362,2026-02-01T14:08:53Z,PORTE-C,R57392967,ABONNEMENT,OK
TKT82370915223,2026-02-01T14:08:55Z,PORTE-C,R56799660,ABONNEMENT,OK
TKT24103098922,2026-02-01T14:08:56Z,PORTE-A,R53839751,ABONNEMENT,OK
TKT45465884051,2026-02-01T14:08:56Z,PORTE-C,R56214369,ABONNEMENT,OK
TKT48098111734,2026-02-01T14:08:56Z,PORTE-D,,UNITE,OK
TKT14106595929,2026-02-01T14:08:57Z,PORTE-D,,UNITE,OK
TKT87449617721,2026-02-01T14:08:57Z,PORTE-D,R51157464,UNITE,OK
TKT81491895909,2026-02-01T14:08:58Z,VIP-EST,,UNITE,OK
TKT66846960296,2026-02-01T14:08:59Z,PORTE-D,R59933651,UNITE,OK
TKT54114394368,2026-02-01T14:09:00Z,PORTE-D,R51805472,UNITE,OK
TKT52038650999,2026-02-01T14:09:03Z,PORTE-C,R53089985,ABONNEMENT,OK
TKT64378366916,2026-02-01T14:09:04Z,PORTE-B,R52444965,ABONNEMENT,OK
TKT20959676336,2026-02-01T14:09:05Z,VIP-EST,R54287442,ABONNEMENT,OK
TKT73231424436,2026-02-01T14:09:05Z,PORTE-D,R52931630,UNITE,OK
TKT22517228376,2026-02-01T14:09:06Z,VIP-EST,R54383616,UNITE,OK
TKT40511086484,2026-02-01T14:09:06Z,PORTE-C,R56391737,UNITE,OK
TKT47143506622,2026-02-01T14:09:07Z,PORTE-B,R52735805,ABONNEMENT,OK
TKT81342473783,2026-02-01T14:09:08Z,PORTE-C,,UNITE,OK
TKT25416312243,2026-02-01T14:09:08Z,PORTE-D,,INVITATION,OK
TKT87097828125,2026-02-01T14:09:11Z,PORTE-C,R51880392,UNITE,OK
TKT72154802997,2026-02-01T14:09:11Z,PORTE-A,,UNITE,OK
TKT89000857740,2026-02-01T14:09:15Z,PORTE-C,,GROUPE,OK
TKT17967020510,2026-02-01T14:09:16Z,PORTE-D,R56493093,ABONNEMENT,OK
TKT33354416409,2026-02-01T14:09:17Z,PORTE-C,R58361306,UNITE,OK
TKT42402058857,2026-02-01T14:09:19Z,PORTE-C,,GROUPE,OK
TKT25727676266,2026-02-01T14:09:20Z,PORTE-D,R52090038,UNITE,OK
TKT54246788847,2026-02-01T14:09:21Z,PORTE-B,,GROUPE,OK
TKT12837529197,2026-02-01T14:09:24Z,PORTE-C,,UNITE,REFUSE_DEJA_SCANNE
TKT38540181674,2026-02-01T14:09:31Z,PORTE-D,R54722672,ABONNEMENT,OK
TKT24512806745,2026-02-01T14:09:38Z,PORTE-D,,UNITE,OK
TKT97397700496,2026-02-01T14:09:43Z,VIP-EST,R56692519,ABONNEMENT,OK
TKT99537913249,2026-02-01T14:09:43Z,PORTE-D,R59993926,ABONNEMENT,OK
TKT73676227864,2026-02-01T14:09:44Z,PORTE-D,R55902295,ABONNEMENT,OK
TKT60803761460,2026-02-01T14:09:44Z,VIP-EST,R56823011,ABONNEMENT,OK
TKT59499282103,2026-02-01T14:09:45Z,PORTE-C,R59448289,UNITE,OK
TKT94558138151,2026-02-01T14:09:46Z,PORTE-D,R55326410,ABONNEMENT,OK
TKT67684148350,2026-02-01T14:09:47Z,PORTE-D,R57867027,UNITE,OK
TKT36982289325,2026-02-01T14:09:48Z,PORTE-C,R54545103,ABONNEMENT,OK
TKT76328695787,2026-02-01T14:09:50Z,PORTE-C,R55054516,ABONNEMENT,OK
TKT36853813432,2026-02-01T14:09:51Z,PORTE-D,R54489387,ABONNEMENT,OK
TKT66377516263,2026-02-01T14:09:52Z,PORTE-A,R58688246,UNITE,OK
TKT34515369230,2026-02-01T14:09:53Z,PORTE-D,R59884477,UNITE,OK
TKT83430464230,2026-02-01T14:09:54Z,PORTE-D,R59959263,UNITE,OK
TKT71739337256,2026-02-01T14:09:55Z,PORTE-C,R51496041,ABONNEMENT,OK
TKT68450885528,2026-02-01T14:09:56Z,VIP-EST,R55270148,ABONNEMENT,OK
TKT45856391780,2026-02-01T14:09:56Z,PORTE-B,R58766164,UNITE,OK
TKT34795748527,2026-02-01T14:09:56Z,PORTE-C,,GROUPE,OK
TKT41936759105,2026-02-01T14:09:57Z,VIP-EST,R57236049,ABONNEMENT,OK
TKT19912206384,2026-02-01T14:09:58Z,PORTE-C,R54869869,ABONNEMENT,OK
TKT60128610936,2026-02-01T14:09:58Z,PORTE-A,R58922134,ABONNEMENT,OK
TKT95376790921,2026-02-01T14:09:59Z,PORTE-C,R58664607,UNITE,OK
TKT76462286853,2026-02-01T14:10:00Z,PORTE-D,R59183751,UNITE,OK
TKT18115441825,2026-02-01T14:10:00Z,PORTE-C,R54542048,UNITE,REFUSE_INVALIDE
TKT38142993299,2026-02-01T14:10:02Z,PORTE-B,R56741358,ABONNEMENT,OK
TKT57234353522,2026-02-01T14:10:02Z,VIP-EST,R54799910,ABONNEMENT,OK
TKT40309731902,2026-02-01T14:10:02Z,PORTE-D,R53781851,ABONNEMENT,OK
TKT23365295254,2026-02-01T14:10:03Z,PORTE-C,R51892317,UNITE,OK
TKT42847745060,2026-02-01T14:10:04Z,PORTE-A,R51222174,INVITATION,OK
TKT47113699906,2026-02-01T14:10:05Z,PORTE-D,R56238008,UNITE,OK
TKT66405688361,2026-02-01T14:10:05Z,PORTE-D,,GROUPE,OK
TKT10875761310,2026-02-01T14:10:11Z,PORTE-A,R58710448,ABONNEMENT,OK
TKT67664065749,2026-02-01T14:10:11Z,PORTE-B,R51153920,ABONNEMENT,OK
TKT16497472852,2026-02-01T14:10:11Z,PORTE-B,R57267379,UNITE,OK
TKT96797382471,2026-02-01T14:10:14Z,PORTE-D,R51548826,UNITE,OK
TKT60313648493,2026-02-01T14:10:15Z,PORTE-B,R57525653,UNITE,OK
TKT78212841975,2026-02-01T14:10:15Z,PORTE-D,R59661757,UNITE,OK
TKT76117354419,2026-02-01T14:10:16Z,PORTE-C,R54668249,ABONNEMENT,OK
TKT36262147791,2026-02-01T14:10:17Z,PORTE-C,R51632472,UNITE,OK
TKT82959090993,2026-02-01T14:10:18Z,VIP-EST,R57378466,UNITE,OK
TKT98249727627,2026-02-01T14:10:19Z,PORTE-A,R55519649,ABONNEMENT,OK
TKT88494247223,2026-02-01T14:10:19Z,PORTE-D,R54091426,UNITE,OK
TKT83293507698,2026-02-01T14:10:19Z,PORTE-D,R52876795,UNITE,OK
TKT91634048449,2026-02-01T14:10:20Z,PORTE-C,R51512257,ABONNEMENT,OK
TKT41139137051,2026-02-01T14:10:20Z,PORTE-C,R56136250,UNITE,OK
TKT26862539804,2026-02-01T14:10:21Z,PORTE-B,R54862503,UNITE,OK
TKT21494773128,2026-02-01T14:10:22Z,PORTE-A,R57657180,ABONNEMENT,OK
TKT59218167624,2026-02-01T14:10:22Z,PORTE-C,R52125736,UNITE,OK
TKT14912606167,2026-02-01T14:10:22Z,PORTE-D,R53028407,INVITATION,OK
TKT21457300673,2026-02-01T14:10:23Z,VIP-EST,R57231959,ABONNEMENT,OK
TKT17521376458,2026-02-01T14:10:25Z,PORTE-C,R53854731,ABONNEMENT,OK
TKT15599999150,2026-02-01T14:10:27Z,PORTE-D,R53382242,UNITE,OK
TKT24455201623,2026-02-01T14:10:28Z,PORTE-C,R59827947,ABONNEMENT,OK
TKT65347831555,2026-02-01T14:10:31Z,PORTE-C,R54685011,ABONNEMENT,OK
TKT70001947186,2026-02-01T14:10:32Z,PORTE-A,R51827205,ABONNEMENT,OK
TKT22472502581,2026-02-01T14:10:34Z,PORTE-A,R51671503,ABONNEMENT,OK
TKT86995194693,2026-02-01T14:10:38Z,PORTE-A,R52028269,ABONNEMENT,OK
TKT67132745196,2026-02-01T14:10:38Z,PORTE-D,R53666952,ABONNEMENT,OK
TKT82072621975,2026-02-01T14:10:39Z,VIP-EST,R54454255,ABONNEMENT,OK
TKT60282860427,2026-02-01T14:10:39Z,PORTE-C,R56441189,UNITE,OK
TKT94329036923,2026-02-01T14:10:39Z,PORTE-C,R54075545,UNITE,OK
TKT81139297957,2026-02-01T14:10:40Z,PORTE-A,R59877590,UNITE,OK
TKT37481120072,2026-02-01T14:10:41Z,VIP-EST,R54127583,UNITE,REFUSE_DEJA_SCANNE
TKT80415611950,2026-02-01T14:10:43Z,PORTE-C,R51882097,ABONNEMENT,OK
TKT72856156317,2026-02-01T14:10:43Z,VIP-EST,R55184462,ABONNEMENT,REFUSE_DEJA_SCANNE
TKT28962423387,2026-02-01T14:10:43Z,PORTE-D,R51667279,UNITE,OK
TKT36074182037,2026-02-01T14:10:45Z,PORTE-A,R55413657,ABONNEMENT,OK
TKT24132597018,2026-02-01T14:10:46Z,PORTE-D,R57059495,ABONNEMENT,REFUSE_DEJA_SCANNE
TKT70496751248,2026-02-01T14:10:52Z,PORTE-D,R59583973,UNITE,OK
TKT19189774665,2026-02-01T14:10:53Z,PORTE-D,,UNITE,OK
TKT10099111308,2026-02-01T14:10:55Z,PORTE-C,R52827889,UNITE,OK
TKT63454921392,2026-02-01T14:10:56Z,PORTE-C,R57345776,UNITE,OK
TKT24670775432,2026-02-01T14:10:58Z,PORTE-B,R52671172,ABONNEMENT,OK
TKT26340537539,2026-02-01T14:10:58Z,PORTE-B,R57755183,ABONNEMENT,OK
TKT41113137129,2026-02-01T14:10:58Z,VIP-EST,R57805449,VIP,OK
TKT66178156579,2026-02-01T14:10:58Z,PORTE-D,R54371222,UNITE,OK
TKT24659423646,2026-02-01T14:11:00Z,VIP-EST,R58459118,ABONNEMENT,OK
TKT98449782171,2026-02-01T14:11:00Z,PORTE-D,,UNITE,OK
TKT20384676003,2026-02-01T14:11:08Z,PORTE-C,R56559900,ABONNEMENT,OK
TKT52269084809,2026-02-01T14:11:08Z,PORTE-D,R52494484,UNITE,OK
TKT37744233151,2026-02-01T14:11:10Z,PORTE-D,R57092674,UNITE,OK
TKT92166668877,2026-02-01T14:11:11Z,PORTE-D,,UNITE,OK
TKT20263277173,2026-02-01T14:11:11Z,PORTE-D,R56868785,UNITE,OK
TKT32145775971,2026-02-01T14:11:12Z,PORTE-B,R52372842,ABONNEMENT,OK
TKT44689021029,2026-02-01T14:11:14Z,PORTE-C,R53348058,ABONNEMENT,OK
TKT82412904930,2026-02-01T14:11:14Z,PORTE-D,R59519675,UNITE,OK
TKT52432497500,2026-02-01T14:11:16Z,VIP-EST,R59579270,ABONNEMENT,OK
TKT49990622495,2026-02-01T14:11:16Z,PORTE-C,R54134537,UNITE,OK
TKT21631337827,2026-02-01T14:11:19Z,PORTE-C,R59894151,UNITE,OK
TKT36898970476,2026-02-01T14:11:22Z,PORTE-B,R54575284,UNITE,OK
TKT86476527191,2026-02-01T14:11:22Z,PORTE-C,R58369553,UNITE,OK
TKT42910409531,2026-02-01T14:11:24Z,PORTE-C,R51400624,ABONNEMENT,OK
TKT19125819321,2026-02-01T14:11:24Z,PORTE-D,R58009042,UNITE,OK
TKT64615179636,2026-02-01T14:11:25Z,PORTE-D,R58525925,UNITE,OK
TKT54487507088,2026-02-01T14:11:27Z,PORTE-C,R57322539,ABONNEMENT,OK
TKT59877133687,2026-02-01T14:11:28Z,PORTE-B,R54348196,UNITE,OK
TKT13667239235,2026-02-01T14:11:29Z,PORTE-B,R53780568,ABONNEMENT,OK
TKT44501235341,2026-02-01T14:11:29Z,PORTE-C,R55644289,INVITATION,OK
TKT10518284271,2026-02-01T14:11:33Z,VIP-EST,R56041034,UNITE,OK
TKT71481005322,2026-02-01T14:11:33Z,PORTE-D,,UNITE,OK
TKT17074924868,2026-02-01T14:11:34Z,PORTE-D,R57075711,ABONNEMENT,OK
TKT59382376180,2026-02-01T14:11:34Z,PORTE-D,R51126000,ABONNEMENT,OK
TKT59636143063,2026-02-01T14:11:34Z,VIP-EST,R52323936,ABONNEMENT,OK
TKT13826141013,2026-02-01T14:11:36Z,PORTE-D,,UNITE,OK
TKT13745802213,2026-02-01T14:11:40Z,PORTE-C,R51765081,ABONNEMENT,OK
TKT86408201125,2026-02-01T14:11:41Z,PORTE-C,,UNITE,OK
TKT89908846999,2026-02-01T14:11:42Z,PORTE-A,R53289076,ABONNEMENT,OK
TKT79635358206,2026-02-01T14:11:44Z,VIP-EST,R58504614,ABONNEMENT,OK
TKT35707189034,2026-02-01T14:11:46Z,PORTE-C,R57509025,ABONNEMENT,OK
TKT99189135780,2026-02-01T14:11:47Z,PORTE-C,R51804524,ABONNEMENT,OK
TKT17182903788,2026-02-01T14:11:51Z,PORTE-B,R58800003,ABONNEMENT,OK
TKT81954098417,2026-02-01T14:11:53Z,PORTE-C,R54113762,UNITE,OK
TKT94662185288,2026-02-01T14:11:55Z,PORTE-C,R58031177,ABONNEMENT,OK
TKT88843384945,2026-02-01T14:11:55Z,PORTE-C,R53839205,ABONNEMENT,OK
TKT38409940687,2026-02-01T14:11:57Z,PORTE-D,R56786509,ABONNEMENT,OK
TKT52451686024,2026-02-01T14:11:57Z,VIP-EST,R56762190,UNITE,OK
TKT54381645000,2026-02-01T14:12:01Z,PORTE-D,R59347901,UNITE,OK
TKT33720777242,2026-02-01T14:12:06Z,VIP-EST,R54679226,ABONNEMENT,OK
TKT91849312371,2026-02-01T14:12:08Z,PORTE-A,R56067058,ABONNEMENT,OK
TKT79150874772,2026-02-01T14:12:12Z,PORTE-C,R57886911,ABONNEMENT,OK
TKT92477659561,2026-02-01T14:12:17Z,PORTE-C,R59550191,UNITE,OK
TKT20061753855,2026-02-01T14:12:17Z,PORTE-C,R58787552,UNITE,OK
TKT38494333768,2026-02-01T14:12:18Z,PORTE-C,R51848392,UNITE,OK
TKT38491968996,2026-02-01T14:12:19Z,PORTE-B,R54993762,UNITE,OK
TKT67230844173,2026-02-01T14:12:20Z,PORTE-C,R51891359,ABONNEMENT,OK
TKT13113639747,2026-02-01T14:12:24Z,PORTE-C,R53523299,ABONNEMENT,OK
TKT74197150035,2026-02-01T14:12:25Z,PORTE-C,,INVITATION,OK
TKT88595424395,2026-02-01T14:12:27Z,PORTE-D,R55016232,UNITE,OK
TKT78459814796,2026-02-01T14:12:28Z,PORTE-A,R52275040,ABONNEMENT,OK
TKT88890593406,2026-02-01T14:12:30Z,PORTE-C,R56490095,ABONNEMENT,OK
TKT72835102224,2026-02-01T14:12:30Z,PORTE-C,R58133682,ABONNEMENT,OK
TKT34026172739,2026-02-01T14:12:33Z,PORTE-D,R54381911,ABONNEMENT,OK
TKT19393387603,2026-02-01T14:12:33Z,PORTE-C,,GROUPE,OK
TKT74842641233,2026-02-01T14:12:34Z,PORTE-C,R51790214,ABONNEMENT,OK
TKT60184028595,2026-02-01T14:12:34Z,VIP-EST,R57038720,ABONNEMENT,OK
TKT14421142495,2026-02-01T14:12:34Z,PORTE-C,R55525779,UNITE,OK
TKT95393074444,2026-02-01T14:12:35Z,PORTE-C,R55722140,ABONNEMENT,OK
TKT83929102834,2026-02-01T14:12:35Z,PORTE-C,R58140492,ABONNEMENT,OK
TKT96361933541,2026-02-01T14:12:35Z,PORTE-D,R51003812,UNITE,OK
TKT25423321349,2026-02-01T14:12:36Z,PORTE-C,R54264828,ABONNEMENT,OK
TKT13976070927,2026-02-01T14:12:36Z,PORTE-C,,GROUPE,OK
TKT32338188093,2026-02-01T14:12:37Z,PORTE-C,R51283819,ABONNEMENT,OK
TKT63342225176,2026-02-01T14:12:42Z,PORTE-A,R56111395,ABONNEMENT,OK
TKT17571127260,2026-02-01T14:12:42Z,PORTE-D,R51461589,UNITE,OK
TKT55923652628,2026-02-01T14:12:42Z,VIP-EST,,GROUPE,OK
TKT90157244501,2026-02-01T14:12:45Z,PORTE-C,R55609147,ABONNEMENT,OK
TKT42228209882,2026-02-01T14:12:45Z,PORTE-C,R57574425,UNITE,OK
TKT54682250067,2026-02-01T14:12:47Z,PORTE-C,R59653644,UNITE,OK
TKT17210614271,2026-02-01T14:12:50Z,PORTE-D,R52780353,ABONNEMENT,OK
TKT42678810714,2026-02-01T14:12:52Z,PORTE-A,R56405089,ABONNEMENT,OK
TKT81258695161,2026-02-01T14:12:54Z,PORTE-D,R58006034,ABONNEMENT,OK
TKT75214413162,2026-02-01T14:12:55Z,PORTE-A,R56985935,ABONNEMENT,OK
TKT51488006993,2026-02-01T14:12:56Z,PORTE-A,R56609754,ABONNEMENT,OK
TKT42309805545,2026-02-01T14:12:59Z,PORTE-C,R59944407,UNITE,OK
TKT39841382904,2026-02-01T14:12:59Z,PORTE-D,R54765515,UNITE,OK
TKT80012756779,2026-02-01T14:13:02Z,PORTE-C,R55201425,ABONNEMENT,OK
TKT26084800392,2026-02-01T14:13:03Z,PORTE-B,R51144802,ABONNEMENT,OK
TKT18481470729,2026-02-01T14:13:03Z,VIP-EST,R51557686,ABONNEMENT,OK
TKT79751758164,2026-02-01T14:13:06Z,VIP-EST,R59086485,ABONNEMENT,OK
TKT95739066180,2026-02-01T14:13:06Z,PORTE-B,R58034510,INVITATION,OK
TKT63915433645,2026-02-01T14:13:07Z,VIP-EST,R57836176,ABONNEMENT,OK
TKT80621070473,2026-02-01T14:13:07Z,VIP-EST,R53211905,ABONNEMENT,OK
TKT90022149408,2026-02-01T14:13:08Z,PORTE-D,R54937835,UNITE,OK
TKT56427058998,2026-02-01T14:13:09Z,PORTE-B,R51568921,UNITE,OK
TKT22052331216,2026-02-01T14:13:09Z,PORTE-C,R56185434,UNITE,OK
TKT91832815854,2026-02-01T14:13:14Z,VIP-EST,R54700671,UNITE,OK
TKT88602807872,2026-02-01T14:13:14Z,VIP-EST,,GROUPE,OK
TKT53405025358,2026-02-01T14:13:15Z,PORTE-B,R56215260,UNITE,OK
TKT67569559245,2026-02-01T14:13:15Z,PORTE-A,R57613178,UNITE,OK
TKT92042269007,2026-02-01T14:13:17Z,PORTE-A,R57742578,UNITE,OK
TKT54796652940,2026-02-01T14:13:19Z,PORTE-A,R56251638,VIP,OK
TKT44533279247,2026-02-01T14:13:21Z,PORTE-A,R55780777,ABONNEMENT,OK
TKT40363484489,2026-02-01T14:13:22Z,PORTE-B,R53267621,ABONNEMENT,OK
TKT69897806624,2026-02-01T14:13:23Z,PORTE-C,R53361745,UNITE,OK
TKT54065562870,2026-02-01T14:13:25Z,PORTE-D,R51451369,UNITE,OK
TKT85209663397,2026-02-01T14:13:26Z,VIP-EST,R53423802,ABONNEMENT,OK
TKT98239975002,2026-02-01T14:13:27Z,PORTE-C,R59703987,ABONNEMENT,OK
TKT32759064633,2026-02-01T14:13:27Z,PORTE-D,R52279398,ABONNEMENT,OK
TKT88472259292,2026-02-01T14:13:27Z,PORTE-B,R59286936,ABONNEMENT,OK
TKT85813376289,2026-02-01T14:13:28Z,PORTE-A,R57957205,ABONNEMENT,OK
TKT23501251304,2026-02-01T14:13:29Z,PORTE-C,R52329798,UNITE,OK
TKT91389718231,2026-02-01T14:13:30Z,PORTE-D,R58709212,ABONNEMENT,OK
TKT17834821527,2026-02-01T14:13:32Z,PORTE-C,,UNITE,OK
TKT91547482302,2026-02-01T14:13:35Z,VIP-EST,R56138223,ABONNEMENT,OK
TKT59716070624,2026-02-01T14:13:35Z,PORTE-D,,UNITE,OK
TKT85446332809,2026-02-01T14:13:36Z,PORTE-D,R56859590,UNITE,OK
TKT14404115638,2026-02-01T14:13:37Z,PORTE-A,R51139764,ABONNEMENT,OK
TKT17615854219,2026-02-01T14:13:38Z,PORTE-D,R59477167,UNITE,OK
TKT57402265454,2026-02-01T14:13:39Z,PORTE-D,,UNITE,OK
TKT30672008369,2026-02-01T14:13:40Z,VIP-EST,R58989219,ABONNEMENT,OK
TKT55854794497,2026-02-01T14:13:41Z,PORTE-C,R54945469,ABONNEMENT,OK
TKT40879461259,2026-02-01T14:13:44Z,PORTE-D,R52014505,ABONNEMENT,OK
TKT97073176927,2026-02-01T14:13:44Z,PORTE-D,R55312723,UNITE,OK
TKT48190005152,2026-02-01T14:13:46Z,PORTE-C,R56928514,ABONNEMENT,OK
TKT58365739286,2026-02-01T14:13:48Z,PORTE-C,,GROUPE,OK
TKT24362131532,2026-02-01T14:13:53Z,PORTE-C,R59804921,ABONNEMENT,OK
TKT86067541019,2026-02-01T14:13:59Z,PORTE-C,R59654803,ABONNEMENT,OK
TKT67089425398,2026-02-01T14:14:01Z,PORTE-D,R55767291,ABONNEMENT,OK
TKT87512279502,2026-02-01T14:14:03Z,PORTE-C,R51264672,UNITE,OK
TKT41947084833,2026-02-01T14:14:04Z,PORTE-D,R52479782,ABONNEMENT,OK
TKT25891090316,2026-02-01T14:14:04Z,PORTE-D,,UNITE,OK
TKT50984179730,2026-02-01T14:14:05Z,PMR-NORD,R58280122,UNITE,OK
TKT67571715313,2026-02-01T14:14:06Z,VIP-EST,R58964833,ABONNEMENT,OK
TKT99775524168,2026-02-01T14:14:06Z,PORTE-D,,UNITE,OK
TKT92532182041,2026-02-01T14:14:08Z,PORTE-C,R52260730,ABONNEMENT,OK
TKT40902658319,2026-02-01T14:14:09Z,PORTE-D,R56692308,UNITE,OK
TKT93152700051,2026-02-01T14:14:11Z,PORTE-B,R52880071,UNITE,OK
TKT15636641400,2026-02-01T14:14:12Z,PORTE-A,R58839657,ABONNEMENT,OK
TKT70954781355,2026-02-01T14:14:13Z,PORTE-D,R53391916,ABONNEMENT,OK
TKT45148588716,2026-02-01T14:14:14Z,PORTE-C,R53647614,UNITE,OK
TKT25316829447,2026-02-01T14:14:14Z,PORTE-D,,UNITE,OK
TKT40878855229,2026-02-01T14:14:17Z,PORTE-A,R53863792,ABONNEMENT,OK
TKT86484093281,2026-02-01T14:14:17Z,VIP-EST,,GROUPE,OK
TKT73741608491,2026-02-01T14:14:18Z,PORTE-A,,VIP,OK
TKT98819592100,2026-02-01T14:14:23Z,PORTE-D,R53207547,UNITE,OK
TKT68036212117,2026-02-01T14:14:25Z,PORTE-D,,UNITE,OK
TKT11497539684,2026-02-01T14:14:25Z,PORTE-D,,UNITE,OK
TKT71300007903,2026-02-01T14:14:26Z,PORTE-C,R54124796,ABONNEMENT,OK
TKT83561714854,2026-02-01T14:14:27Z,VIP-EST,R53563901,UNITE,OK
TKT35148635449,2026-02-01T14:14:28Z,PORTE-C,R52591338,ABONNEMENT,OK
TKT86991769258,2026-02-01T14:14:28Z,PORTE-B,R55901126,ABONNEMENT,OK
TKT56675122473,2026-02-01T14:14:28Z,VIP-EST,R52807114,UNITE,OK
TKT24041037590,2026-02-01T14:14:30Z,PORTE-B,R55800939,ABONNEMENT,OK
TKT90586719642,2026-02-01T14:14:31Z,PORTE-C,R51723876,ABONNEMENT,OK
TKT57052939202,2026-02-01T14:14:32Z,PORTE-D,R57520337,UNITE,OK
TKT12939568257,2026-02-01T14:14:32Z,PORTE-C,R52581664,UNITE,OK
TKT19478442012,2026-02-01T14:14:33Z,PORTE-B,R58925477,ABONNEMENT,OK
TKT23789080024,2026-02-01T14:14:36Z,PORTE-D,R55622623,UNITE,OK
TKT25958615836,2026-02-01T14:14:37Z,PORTE-A,R56863469,ABONNEMENT,OK
TKT25326029799,2026-02-01T14:14:37Z,PORTE-D,,UNITE,OK
TKT90688261088,2026-02-01T14:14:38Z,PORTE-C,R52512338,ABONNEMENT,OK
TKT74522141191,2026-02-01T14:14:39Z,PORTE-D,R57245981,INVITATION,REFUSE_INVALIDE
TKT64467060061,2026-02-01T14:14:39Z,PORTE-D,,UNITE,OK
TKT78605523977,2026-02-01T14:14:40Z,PORTE-D,,UNITE,OK
TKT88451913676,2026-02-01T14:14:41Z,PORTE-D,R52765229,ABONNEMENT,OK
TKT30140436204,2026-02-01T14:14:42Z,PORTE-C,R59182381,ABONNEMENT,OK
TKT86396849981,2026-02-01T14:14:46Z,PORTE-B,R59252819,ABONNEMENT,OK
TKT60508874857,2026-02-01T14:14:49Z,PORTE-D,R54666343,UNITE,OK
TKT90663513798,2026-02-01T14:14:50Z,VIP-EST,R55147960,ABONNEMENT,OK
TKT38327696058,2026-02-01T14:14:52Z,PORTE-A,R59691382,ABONNEMENT,OK
TKT71532250792,2026-02-01T14:14:52Z,PORTE-B,R51814466,UNITE,OK
TKT36297231946,2026-02-01T14:14:53Z,VIP-EST,R58203966,UNITE,OK
TKT98632438000,2026-02-01T14:14:55Z,PORTE-A,R56436275,UNITE,OK
TKT67368635933,2026-02-01T14:14:58Z,PORTE-D,R52597880,ABONNEMENT,OK
TKT71077122074,2026-02-01T14:14:59Z,PORTE-A,R58898629,ABONNEMENT,OK
TKT17089911533,2026-02-01T14:14:59Z,VIP-EST,R56095524,UNITE,OK
TKT19280378790,2026-02-01T14:15:00Z,PORTE-D,R54126913,UNITE,OK
TKT66886367117,2026-02-01T14:15:02Z,PORTE-C,R55978364,ABONNEMENT,REFUSE_DEJA_SCANNE
TKT70490606300,2026-02-01T14:15:04Z,PORTE-C,R54078620,ABONNEMENT,OK
TKT39754080412,2026-02-01T14:15:04Z,PORTE-A,R51689213,ABONNEMENT,OK
TKT54451122515,2026-02-01T14:15:04Z,PORTE-C,R52124577,ABONNEMENT,OK
TKT16467176607,2026-02-01T14:15:05Z,PORTE-A,R57318804,ABONNEMENT,OK
TKT57253256545,2026-02-01T14:15:07Z,PORTE-C,R55331113,ABONNEMENT,REFUSE_DEJA_SCANNE
TKT46642811836,2026-02-01T14:15:09Z,PORTE-C,,UNITE,OK
TKT30433721747,2026-02-01T14:15:10Z,PORTE-D,R55353727,ABONNEMENT,OK
TKT78650244726,2026-02-01T14:15:10Z,PORTE-C,,UNITE,OK
TKT81513240137,2026-02-01T14:15:14Z,PORTE-C,R53318366,UNITE,OK
TKT44170274357,2026-02-01T14:15:14Z,PORTE-C,R58935419,UNITE,OK
TKT40741689571,2026-02-01T14:15:16Z,PORTE-C,R57837469,ABONNEMENT,OK
TKT56204138155,2026-02-01T14:15:18Z,PORTE-A,R58185164,ABONNEMENT,OK
TKT12153747564,2026-02-01T14:15:19Z,PORTE-B,R59695261,ABONNEMENT,OK
TKT51899481808,2026-02-01T14:15:19Z,PORTE-D,R53500082,UNITE,OK
TKT63421391910,2026-02-01T14:15:21Z,PORTE-A,R55182566,ABONNEMENT,OK
TKT99618732833,2026-02-01T14:15:21Z,VIP-EST,R52916908,ABONNEMENT,OK
TKT69166275670,2026-02-01T14:15:21Z,PORTE-C,,UNITE,OK
TKT27074801155,2026-02-01T14:15:22Z,PORTE-C,R58562715,ABONNEMENT,OK
TKT16030056694,2026-02-01T14:15:22Z,PORTE-C,,INVITATION,REFUSE_DEJA_SCANNE
TKT99112589741,2026-02-01T14:15:23Z,PORTE-B,R57737885,ABONNEMENT,OK
TKT98628581198,2026-02-01T14:15:27Z,PORTE-D,R53358948,ABONNEMENT,OK
TKT57944793680,2026-02-01T14:15:31Z,PORTE-C,R53594005,UNITE,OK
TKT97123932053,2026-02-01T14:15:33Z,PORTE-D,R51664961,ABONNEMENT,OK
TKT78912413861,2026-02-01T14:15:35Z,PORTE-D,R53006138,ABONNEMENT,OK
TKT91383703737,2026-02-01T14:15:37Z,PORTE-C,R52262847,ABONNEMENT,OK
TKT67869216041,2026-02-01T14:15:41Z,PORTE-D,,INVITATION,OK
TKT26571370810,2026-02-01T14:15:44Z,PORTE-B,R55620985,INVITATION,OK
TKT74778730095,2026-02-01T14:15:46Z,PORTE-C,R53085694,ABONNEMENT,OK
TKT91106715405,2026-02-01T14:15:46Z,PORTE-D,R52436862,UNITE,OK
TKT51034335420,2026-02-01T14:15:47Z,PORTE-D,,UNITE,OK
TKT27327646789,2026-02-01T14:15:48Z,PORTE-C,R58181764,ABONNEMENT,OK
TKT60656769187,2026-02-01T14:15:49Z,PORTE-D,R53921615,UNITE,OK
TKT32481786084,2026-02-01T14:15:50Z,PORTE-C,R51597062,ABONNEMENT,OK
TKT87247279188,2026-02-01T14:15:50Z,PORTE-D,R55836225,UNITE,OK
TKT68681955009,2026-02-01T14:15:53Z,PORTE-D,R58268331,ABONNEMENT,OK
TKT62565163325,2026-02-01T14:15:53Z,PORTE-C,R59990593,INVITATION,OK
TKT84789268444,2026-02-01T14:15:57Z,PORTE-D,R51458926,ABONNEMENT,OK
TKT47001375745,2026-02-01T14:15:57Z,PORTE-C,R57175496,UNITE,REFUSE_DEJA_SCANNE
TKT79784017867,2026-02-01T14:16:04Z,PORTE-A,R54229485,ABONNEMENT,OK
TKT18683723560,2026-02-01T14:16:05Z,PORTE-A,R59013327,ABONNEMENT,OK
TKT71198625445,2026-02-01T14:16:05Z,PORTE-D,R52409823,UNITE,OK
TKT39693178341,2026-02-01T14:16:06Z,PORTE-B,R59572728,ABONNEMENT,OK
TKT72872863378,2026-02-01T14:16:07Z,PORTE-C,R51756978,UNITE,OK
TKT96729443349,2026-02-01T14:16:07Z,VIP-EST,,GROUPE,OK
TKT71907850021,2026-02-01T14:16:12Z,PORTE-D,R58166784,UNITE,OK
TKT99423181563,2026-02-01T14:16:12Z,PORTE-C,,UNITE,OK
TKT73225221361,2026-02-01T14:16:13Z,PORTE-D,R57674133,UNITE,OK
TKT42451905003,2026-02-01T14:16:15Z,PORTE-D,,GROUPE,OK
TKT85851159481,2026-02-01T14:16:19Z,PORTE-C,R57228147,ABONNEMENT,OK
TKT87192915437,2026-02-01T14:16:19Z,PORTE-D,R54619765,UNITE,OK
TKT78158215400,2026-02-01T14:16:22Z,PORTE-D,R53870190,ABONNEMENT,OK
TKT46001178704,2026-02-01T14:16:27Z,PORTE-D,R51589974,UNITE,OK
TKT16674929330,2026-02-01T14:16:30Z,PORTE-A,R56082373,ABONNEMENT,OK
TKT92652631047,2026-02-01T14:16:30Z,PORTE-C,R54454446,ABONNEMENT,OK
TKT29006754827,2026-02-01T14:16:30Z,PORTE-C,R56639054,UNITE,OK
TKT11952817209,2026-02-01T14:16:31Z,PORTE-A,R54180033,ABONNEMENT,OK
TKT71306251932,2026-02-01T14:16:31Z,PORTE-D,R59549913,UNITE,OK
TKT73722159496,2026-02-01T14:16:34Z,PORTE-D,,GROUPE,OK
TKT44460229408,2026-02-01T14:16:35Z,PORTE-D,R54331722,ABONNEMENT,OK
TKT50781962116,2026-02-01T14:16:35Z,PORTE-D,R51874195,UNITE,OK
TKT18389074853,2026-02-01T14:16:35Z,PORTE-D,,UNITE,OK
TKT70657999511,2026-02-01T14:16:38Z,PORTE-C,,UNITE,OK
TKT23767182603,2026-02-01T14:16:39Z,PORTE-C,R51840892,UNITE,OK
TKT18454374705,2026-02-01T14:16:40Z,PORTE-B,,UNITE,OK
TKT84004906343,2026-02-01T14:16:41Z,VIP-EST,,VIP,OK
TKT89659998630,2026-02-01T14:16:42Z,PORTE-C,R54830225,UNITE,OK
TKT95173648794,2026-02-01T14:16:45Z,PORTE-C,,INVITATION,OK
TKT35246260194,2026-02-01T14:16:46Z,PORTE-C,R57389155,ABONNEMENT,OK
TKT34799571558,2026-02-01T14:16:46Z,PORTE-C,R53369369,ABONNEMENT,OK
TKT64866260911,2026-02-01T14:16:46Z,PORTE-D,,UNITE,OK
TKT17149226700,2026-02-01T14:16:52Z,PORTE-A,R59409737,UNITE,OK
TKT38806561476,2026-02-01T14:16:52Z,PORTE-D,R59140084,UNITE,OK
TKT49325740276,2026-02-01T14:16:53Z,PORTE-C,R51166525,UNITE,OK
TKT22930361843,2026-02-01T14:16:55Z,PORTE-A,R51131316,ABONNEMENT,OK
TKT67124169573,2026-02-01T14:16:59Z,PORTE-B,R53853371,ABONNEMENT,OK
TKT60474529312,2026-02-01T14:17:00Z,PORTE-B,R51184714,UNITE,OK
TKT43964060221,2026-02-01T14:17:00Z,PORTE-C,R54700202,UNITE,OK
TKT21241285169,2026-02-01T14:17:00Z,PORTE-D,R57646337,UNITE,OK
TKT43069378404,2026-02-01T14:17:02Z,PORTE-D,R59382152,ABONNEMENT,OK
TKT94948646134,2026-02-01T14:17:02Z,PORTE-D,R58809888,UNITE,OK
TKT51306602935,2026-02-01T14:17:03Z,PORTE-D,R55620794,UNITE,OK
TKT68853118890,2026-02-01T14:17:04Z,PORTE-B,R56019780,ABONNEMENT,OK
TKT17795231143,2026-02-01T14:17:08Z,PORTE-D,R57809405,UNITE,OK
TKT33451433497,2026-02-01T14:17:08Z,PORTE-C,,GROUPE,OK
TKT10304482014,2026-02-01T14:17:10Z,PORTE-B,R52534674,ABONNEMENT,OK
TKT98331475635,2026-02-01T14:17:14Z,PORTE-D,,UNITE,OK
TKT76678510900,2026-02-01T14:17:16Z,VIP-EST,R51240698,ABONNEMENT,OK
TKT66923690120,2026-02-01T14:17:17Z,PORTE-D,,INVITATION,OK
TKT16650025065,2026-02-01T14:17:19Z,PORTE-D,R54120294,UNITE,OK
TKT69040931237,2026-02-01T14:17:20Z,VIP-EST,R54814143,ABONNEMENT,OK
TKT36998017416,2026-02-01T14:17:21Z,PORTE-D,R59593781,UNITE,OK
TKT61065788476,2026-02-01T14:17:26Z,PORTE-B,R53396284,ABONNEMENT,OK
TKT24267894506,2026-02-01T14:17:27Z,PORTE-C,R55368985,UNITE,OK
TKT84943194806,2026-02-01T14:17:27Z,PMR-NORD,R56490296,UNITE,OK
TKT93892444982,2026-02-01T14:17:34Z,PORTE-C,R58850748,UNITE,OK
TKT83415683608,2026-02-01T14:17:35Z,PORTE-C,R55623380,ABONNEMENT,OK
TKT35199779866,2026-02-01T14:17:35Z,VIP-EST,R58554535,ABONNEMENT,OK
TKT81279945942,2026-02-01T14:17:37Z,PORTE-C,R51110531,INVITATION,OK
TKT67920338573,2026-02-01T14:17:37Z,PORTE-C,,UNITE,OK
TKT96606083494,2026-02-01T14:17:38Z,PORTE-A,R52446536,ABONNEMENT,OK
TKT55796586339,2026-02-01T14:17:38Z,PORTE-C,,INVITATION,OK
TKT76652154541,2026-02-01T14:17:39Z,PORTE-C,R56301961,ABONNEMENT,OK
TKT92885595152,2026-02-01T14:17:39Z,PORTE-D,,GROUPE,OK
TKT91335602610,2026-02-01T14:17:41Z,PORTE-D,R53435918,UNITE,OK
TKT82929216890,2026-02-01T14:17:43Z,PORTE-A,R55905695,ABONNEMENT,OK
TKT80649916340,2026-02-01T14:17:43Z,PORTE-A,,UNITE,OK
TKT45912724491,2026-02-01T14:17:43Z,PMR-NORD,R52063344,UNITE,OK
TKT62422597232,2026-02-01T14:17:43Z,PORTE-D,R58336307,UNITE,OK
TKT92167492165,2026-02-01T14:17:49Z,PORTE-D,R58431868,UNITE,OK
TKT95012781197,2026-02-01T14:17:50Z,PORTE-D,R57838896,UNITE,OK
TKT89865246896,2026-02-01T14:17:51Z,PORTE-D,R59750096,ABONNEMENT,OK
TKT15919084456,2026-02-01T14:17:52Z,PORTE-D,R53291250,UNITE,OK
TKT24466351731,2026-02-01T14:17:52Z,PORTE-C,R56009225,UNITE,OK
TKT11372663607,2026-02-01T14:17:54Z,PORTE-A,R58637568,UNITE,OK
TKT48347881145,2026-02-01T14:17:58Z,PORTE-B,R59580841,ABONNEMENT,OK
TKT68560936108,2026-02-01T14:18:01Z,PORTE-C,R58575789,UNITE,OK
TKT55690587058,2026-02-01T14:18:01Z,VIP-EST,,VIP,OK
TKT86866340190,2026-02-01T14:18:02Z,VIP-EST,R58466742,ABONNEMENT,OK
TKT89320334625,2026-02-01T14:18:04Z,PORTE-D,,UNITE,OK
TKT52929717431,2026-02-01T14:18:06Z,PORTE-C,R55326611,UNITE,OK
TKT34445011378,2026-02-01T14:18:14Z,PORTE-C,R58828680,ABONNEMENT,OK
TKT80551468538,2026-02-01T14:18:14Z,VIP-EST,R53422767,ABONNEMENT,OK
TKT78136753322,2026-02-01T14:18:17Z,PORTE-B,R52452810,ABONNEMENT,OK
TKT30462317115,2026-02-01T14:18:23Z,PORTE-D,R54693459,ABONNEMENT,OK
TKT57158805469,2026-02-01T14:18:24Z,VIP-EST,,INVITATION,OK
TKT42708109012,2026-02-01T14:18:26Z,PORTE-B,,GROUPE,OK
TKT66362506664,2026-02-01T14:18:26Z,PORTE-B,,UNITE,OK
TKT78750501697,2026-02-01T14:18:27Z,VIP-EST,R51334899,VIP,OK
TKT23884843380,2026-02-01T14:18:28Z,PORTE-A,R53243024,ABONNEMENT,OK
TKT84101081177,2026-02-01T14:18:29Z,PORTE-D,R57779502,ABONNEMENT,OK
TKT56838300432,2026-02-01T14:18:29Z,PORTE-C,R51323798,UNITE,OK
TKT30549544067,2026-02-01T14:18:32Z,PORTE-D,R54411335,ABONNEMENT,OK
TKT22120627694,2026-02-01T14:18:32Z,PORTE-B,R55146389,ABONNEMENT,OK
TKT49862741925,2026-02-01T14:18:32Z,VIP-EST,,UNITE,REFUSE_DEJA_SCANNE
TKT40472535206,2026-02-01T14:18:32Z,PORTE-A,R57963402,VIP,OK
TKT38510427685,2026-02-01T14:18:39Z,PORTE-C,R53110894,UNITE,OK
TKT52925455641,2026-02-01T14:18:40Z,PORTE-C,R53252497,ABONNEMENT,OK
TKT20731484675,2026-02-01T14:18:40Z,PORTE-D,R53465610,ABONNEMENT,OK
TKT62127865687,2026-02-01T14:18:42Z,PORTE-D,R58098674,UNITE,OK
TKT94514425555,2026-02-01T14:18:43Z,PORTE-B,R52680089,UNITE,OK
TKT40040785653,2026-02-01T14:18:47Z,PORTE-A,R56008200,ABONNEMENT,OK
TKT79719128098,2026-02-01T14:18:47Z,PORTE-D,R58176180,UNITE,OK
TKT69563326906,2026-02-01T14:18:49Z,PORTE-C,,GROUPE,OK
TKT58403677599,2026-02-01T14:18:51Z,PORTE-C,R55224374,UNITE,OK
TKT42765805160,2026-02-01T14:18:52Z,PORTE-C,R58784678,ABONNEMENT,OK
TKT72229510530,2026-02-01T14:18:54Z,PORTE-D,R57143687,UNITE,OK
TKT93685709406,2026-02-01T14:18:54Z,PORTE-C,R54502605,UNITE,OK
TKT70877397902,2026-02-01T14:18:55Z,PORTE-B,R58038466,UNITE,OK
TKT28844981462,2026-02-01T14:18:56Z,PORTE-C,R55934161,UNITE,OK
TKT69100254073,2026-02-01T14:18:57Z,PORTE-A,R54518476,UNITE,OK
TKT26340537539,2026-02-01T14:18:58Z,PORTE-B,R57755183,ABONNEMENT,REFUSE_DEJA_SCANNE
TKT79803027266,2026-02-01T14:18:58Z,PORTE-A,R54456151,ABONNEMENT,OK
TKT62303708822,2026-02-01T14:19:07Z,PORTE-C,R53723147,ABONNEMENT,OK
TKT12956213803,2026-02-01T14:19:08Z,PORTE-C,,UNITE,OK
TKT10058494528,2026-02-01T14:19:09Z,PORTE-C,R52293621,UNITE,OK
TKT73736246906,2026-02-01T14:19:09Z,PORTE-C,R53701481,UNITE,OK
TKT65387849487,2026-02-01T14:19:14Z,PORTE-C,R54006353,UNITE,OK
TKT71732911882,2026-02-01T14:19:16Z,PORTE-A,R54151222,ABONNEMENT,OK
TKT64639138263,2026-02-01T14:19:16Z,PORTE-D,R53290091,ABONNEMENT,OK
TKT98527402446,2026-02-01T14:19:17Z,PORTE-D,R54284109,UNITE,OK
TKT16874508567,2026-02-01T14:19:21Z,PORTE-C,R54808157,ABONNEMENT,OK
TKT18384753872,2026-02-01T14:19:22Z,VIP-EST,,UNITE,OK
TKT57014794800,2026-02-01T14:19:22Z,PORTE-D,,UNITE,OK
TKT34311603249,2026-02-01T14:19:24Z,PMR-NORD,R58520073,ABONNEMENT,OK
TKT45826510175,2026-02-01T14:19:28Z,PORTE-A,R58299604,VIP,OK
TKT43847805495,2026-02-01T14:19:29Z,PORTE-C,R52669199,ABONNEMENT,OK
TKT29842499963,2026-02-01T14:19:29Z,PORTE-D,R52545976,UNITE,OK
TKT51298094816,2026-02-01T14:19:31Z,PORTE-C,,UNITE,OK
TKT12473967464,2026-02-01T14:19:35Z,PORTE-D,R53176830,ABONNEMENT,OK
TKT61990976911,2026-02-01T14:19:35Z,VIP-EST,R58323846,ABONNEMENT,OK
TKT51684760176,2026-02-01T14:19:36Z,PORTE-C,,UNITE,OK
TKT56562019505,2026-02-01T14:19:40Z,PORTE-A,,VIP,OK
TKT61839679987,2026-02-01T14:19:42Z,PORTE-C,R56049482,UNITE,OK
TKT65119310911,2026-02-01T14:19:43Z,PORTE-C,R54961206,UNITE,OK
TKT63980659330,2026-02-01T14:19:46Z,PORTE-A,R55540625,ABONNEMENT,OK
TKT36098827378,2026-02-01T14:19:46Z,PORTE-A,R54842753,ABONNEMENT,OK
TKT74229802038,2026-02-01T14:19:46Z,PORTE-C,R53960234,UNITE,OK
TKT91106715405,2026-02-01T14:19:46Z,PORTE-D,R52436862,UNITE,REFUSE_DEJA_SCANNE
TKT57088791504,2026-02-01T14:19:52Z,PORTE-D,R59058076,ABONNEMENT,OK
TKT41452608612,2026-02-01T14:19:54Z,PORTE-D,R56911226,ABONNEMENT,OK
TKT26628480667,2026-02-01T14:19:55Z,PORTE-D,R54172409,UNITE,OK
TKT72879449774,2026-02-01T14:19:56Z,PORTE-C,R59218759,ABONNEMENT,OK
TKT24087566554,2026-02-01T14:19:58Z,PORTE-A,R58500246,ABONNEMENT,OK
TKT14128369239,2026-02-01T14:20:01Z,PORTE-D,R58807024,ABONNEMENT,OK
TKT83499079607,2026-02-01T14:20:05Z,PORTE-A,R53085694,UNITE,OK
TKT46862142279,2026-02-01T14:20:06Z,PORTE-A,R57758315,ABONNEMENT,OK
TKT71413963406,2026-02-01T14:20:08Z,PORTE-C,R52396270,ABONNEMENT,OK
TKT55991179460,2026-02-01T14:20:09Z,PORTE-B,R56785695,UNITE,OK
TKT24452630546,2026-02-01T14:20:11Z,PORTE-D,R54156806,UNITE,OK
TKT87667797090,2026-02-01T14:20:14Z,PORTE-A,R57421242,ABONNEMENT,OK
TKT88602807872,2026-02-01T14:20:14Z,VIP-EST,,GROUPE,REFUSE_DEJA_SCANNE
TKT55258651344,2026-02-01T14:20:15Z,PORTE-D,,UNITE,OK
TKT95322946346,2026-02-01T14:20:24Z,PORTE-C,,GROUPE,OK
TKT65426344223,2026-02-01T14:20:24Z,PORTE-C,,UNITE,OK
TKT22845732926,2026-02-01T14:20:28Z,PORTE-D,R55702524,ABONNEMENT,OK
TKT63389796602,2026-02-01T14:20:28Z,PORTE-D,R51255477,ABONNEMENT,OK
TKT55706193304,2026-02-01T14:20:28Z,PORTE-C,R57107376,UNITE,OK
TKT94757339815,2026-02-01T14:20:30Z,PORTE-D,R56992956,ABONNEMENT,OK
TKT51415452431,2026-02-01T14:20:31Z,PORTE-D,,GROUPE,OK
TKT69988288607,2026-02-01T14:20:35Z,PORTE-C,R54780093,ABONNEMENT,OK
TKT67177318887,2026-02-01T14:20:35Z,PORTE-B,R54744807,ABONNEMENT,OK
TKT23509341806,2026-02-01T14:20:36Z,PMR-NORD,R52140783,UNITE,OK
TKT63928243240,2026-02-01T14:20:41Z,PORTE-B,R57823772,ABONNEMENT,OK
TKT96690267264,2026-02-01T14:20:45Z,VIP-EST,R56587897,ABONNEMENT,OK
TKT48182903432,2026-02-01T14:20:48Z,PORTE-C,R59690635,ABONNEMENT,OK
TKT59737523881,2026-02-01T14:20:49Z,PORTE-B,R56657913,ABONNEMENT,OK
TKT79483916283,2026-02-01T14:20:50Z,PORTE-C,R55852977,UNITE,OK
TKT84822806711,2026-02-01T14:20:53Z,PORTE-C,R56555073,ABONNEMENT,OK
TKT95033868364,2026-02-01T14:20:53Z,VIP-EST,R58780186,ABONNEMENT,OK
TKT21952946029,2026-02-01T14:20:53Z,VIP-EST,R53930140,VIP,OK
TKT26231346657,2026-02-01T14:20:53Z,PORTE-D,R57899583,UNITE,OK
TKT17170512919,2026-02-01T14:20:54Z,VIP-EST,,UNITE,OK
TKT88605257055,2026-02-01T14:20:55Z,PORTE-C,R51335301,INVITATION,OK
TKT12038132682,2026-02-01T14:20:59Z,PORTE-C,,UNITE,OK
TKT69826659839,2026-02-01T14:21:00Z,PORTE-B,R59833387,ABONNEMENT,OK
TKT44618543283,2026-02-01T14:21:01Z,PORTE-D,R52409823,UNITE,OK
TKT40309731902,2026-02-01T14:21:02Z,PORTE-D,R53781851,ABONNEMENT,REFUSE_DEJA_SCANNE
TKT59440359408,2026-02-01T14:21:02Z,PORTE-B,R55252582,UNITE,OK
TKT12821347340,2026-02-01T14:21:03Z,PORTE-A,R51094124,ABONNEMENT,OK
TKT52141913432,2026-02-01T14:21:04Z,PORTE-D,,UNITE,OK
TKT97883994249,2026-02-01T14:21:07Z,PORTE-D,R52534406,UNITE,OK
TKT30433721747,2026-02-01T14:21:10Z,PORTE-D,R55353727,ABONNEMENT,REFUSE_DEJA_SCANNE
TKT86108083753,2026-02-01T14:21:11Z,VIP-EST,R55376130,ABONNEMENT,OK
TKT98537184127,2026-02-01T14:21:14Z,PORTE-B,R51648621,ABONNEMENT,OK
TKT26430696795,2026-02-01T14:21:15Z,PORTE-C,R58510610,UNITE,OK
TKT41084630261,2026-02-01T14:21:20Z,PORTE-A,R54028076,ABONNEMENT,OK
TKT53173110449,2026-02-01T14:21:20Z,PORTE-C,R56796116,UNITE,OK
TKT91776607462,2026-02-01T14:21:20Z,PORTE-A,,INVITATION,OK
TKT73850220537,2026-02-01T14:21:21Z,PORTE-A,R59844488,ABONNEMENT,OK
TKT11020784449,2026-02-01T14:21:21Z,PORTE-D,,INVITATION,OK
TKT46620192856,2026-02-01T14:21:23Z,VIP-EST,R51615787,ABONNEMENT,OK
TKT49357213425,2026-02-01T14:21:23Z,PORTE-D,R53088079,UNITE,OK
TKT42551821757,2026-02-01T14:21:24Z,PORTE-D,R53889883,ABONNEMENT,OK
TKT90079465286,2026-02-01T14:21:24Z,PORTE-C,R57095049,ABONNEMENT,OK
TKT26759078027,2026-02-01T14:21:33Z,VIP-EST,R54753533,UNITE,OK
TKT11323878469,2026-02-01T14:21:38Z,PORTE-D,R52678394,UNITE,OK
TKT83090614812,2026-02-01T14:21:39Z,PORTE-D,R51210594,UNITE,OK
TKT36160381243,2026-02-01T14:21:40Z,PORTE-D,R54897310,ABONNEMENT,OK
TKT76337150286,2026-02-01T14:21:40Z,PORTE-B,R58998424,UNITE,OK
TKT27072940726,2026-02-01T14:21:46Z,PORTE-D,R54560984,UNITE,OK
TKT13850091016,2026-02-01T14:21:47Z,PORTE-D,R57705262,UNITE,OK
TKT42729723401,2026-02-01T14:21:54Z,PORTE-A,R51710055,ABONNEMENT,OK
TKT45916242793,2026-02-01T14:22:01Z,PORTE-C,R56692720,ABONNEMENT,OK
TKT59960861500,2026-02-01T14:22:01Z,PORTE-D,,INVITATION,OK
TKT95073612311,2026-02-01T14:22:03Z,PORTE-B,R53201953,ABONNEMENT,OK
TKT76475688916,2026-02-01T14:22:03Z,PORTE-D,,UNITE,OK
TKT11059497324,2026-02-01T14:22:06Z,PORTE-C,R53947371,ABONNEMENT,OK
TKT30268616928,2026-02-01T14:22:06Z,PORTE-A,R58521577,ABONNEMENT,OK
TKT53459904223,2026-02-01T14:22:07Z,PORTE-D,R56718533,UNITE,OK
TKT20384676003,2026-02-01T14:22:08Z,PORTE-C,R56559900,ABONNEMENT,REFUSE_DEJA_SCANNE
TKT26931998139,2026-02-01T14:22:09Z,PORTE-D,R52745891,ABONNEMENT,OK
TKT61299635781,2026-02-01T14:22:13Z,PORTE-A,R57120594,UNITE,OK
TKT30595986798,2026-02-01T14:22:13Z,PORTE-D,R55500033,UNITE,OK
TKT57502620364,2026-02-01T14:22:16Z,PORTE-D,,UNITE,OK
TKT38993276536,2026-02-01T14:22:19Z,PORTE-C,R59218002,UNITE,OK
TKT62896929548,2026-02-01T14:22:21Z,PORTE-D,R53004510,ABONNEMENT,OK
TKT95264501539,2026-02-01T14:22:22Z,VIP-EST,R53436531,ABONNEMENT,OK
TKT82965681833,2026-02-01T14:22:24Z,PORTE-A,,VIP,OK
TKT70313257099,2026-02-01T14:22:25Z,PORTE-A,R58181017,UNITE,OK
TKT75004900351,2026-02-01T14:22:26Z,PORTE-D,R54488918,UNITE,OK
TKT54310958726,2026-02-01T14:22:27Z,PORTE-B,R57754369,ABONNEMENT,OK
TKT87293443386,2026-02-01T14:22:27Z,PORTE-C,,GROUPE,OK
TKT29055729474,2026-02-01T14:22:27Z,PORTE-A,,GROUPE,OK
TKT88771906022,2026-02-01T14:22:28Z,PORTE-C,,UNITE,OK
TKT34318088344,2026-02-01T14:22:31Z,PORTE-C,R58864177,ABONNEMENT,OK
TKT27892089504,2026-02-01T14:22:31Z,PORTE-A,R52183770,UNITE,OK
TKT76165500077,2026-02-01T14:22:34Z,PORTE-C,R59619594,ABONNEMENT,OK
TKT41873971267,2026-02-01T14:22:34Z,PORTE-B,,UNITE,OK
TKT42518522987,2026-02-01T14:22:35Z,PORTE-D,R55795566,INVITATION,OK
TKT82921708320,2026-02-01T14:22:39Z,PORTE-C,R56961559,UNITE,OK
TKT66833035264,2026-02-01T14:22:39Z,VIP-EST,R51316432,UNITE,OK
TKT11421370271,2026-02-01T14:22:41Z,PORTE-C,R57497244,UNITE,OK
TKT95085777346,2026-02-01T14:22:42Z,PORTE-B,,UNITE,OK
TKT47575654505,2026-02-01T14:22:44Z,PORTE-C,R53668044,UNITE,OK
TKT42585261853,2026-02-01T14:22:45Z,PORTE-C,R55436415,UNITE,OK
TKT83545416995,2026-02-01T14:22:49Z,PORTE-A,R55683176,UNITE,OK
TKT86214112361,2026-02-01T14:22:50Z,VIP-EST,R53042650,ABONNEMENT,OK
TKT49058875628,2026-02-01T14:22:53Z,PORTE-D,R58022039,UNITE,OK
TKT34845547638,2026-02-01T14:23:00Z,VIP-EST,,VIP,OK
TKT71312163370,2026-02-01T14:23:06Z,PORTE-C,R58453601,UNITE,OK
TKT76261730402,2026-02-01T14:23:08Z,PORTE-A,R53724229,ABONNEMENT,OK
TKT85166041099,2026-02-01T14:23:11Z,PORTE-D,R51857989,UNITE,OK
TKT22007428403,2026-02-01T14:23:14Z,PORTE-A,R54097489,VIP,OK
TKT10641237870,2026-02-01T14:23:15Z,PORTE-C,R59645139,ABONNEMENT,OK
TKT72869801014,2026-02-01T14:23:15Z,PORTE-C,R52980871,ABONNEMENT,OK
TKT66499903984,2026-02-01T14:23:19Z,PORTE-A,R55099121,ABONNEMENT,OK
TKT80911611102,2026-02-01T14:23:20Z,PORTE-C,R51589907,ABONNEMENT,OK
TKT48171196498,2026-02-01T14:23:22Z,PORTE-C,,GROUPE,OK
TKT69363640057,2026-02-01T14:23:23Z,PORTE-D,R59870847,UNITE,OK
TKT15396735688,2026-02-01T14:23:26Z,PORTE-A,R52861068,ABONNEMENT,OK
TKT39313245932,2026-02-01T14:23:27Z,PORTE-D,R52793149,ABONNEMENT,OK
TKT74504459449,2026-02-01T14:23:28Z,PORTE-A,R51369361,ABONNEMENT,OK
TKT36733789587,2026-02-01T14:23:35Z,PORTE-C,R53513903,ABONNEMENT,OK
TKT16370541797,2026-02-01T14:23:38Z,PORTE-B,R58162493,ABONNEMENT,OK
TKT37040885377,2026-02-01T14:23:38Z,PORTE-A,R57243060,UNITE,OK
TKT38483372408,2026-02-01T14:23:38Z,PORTE-D,R51625729,UNITE,OK
TKT44945503432,2026-02-01T14:23:41Z,VIP-EST,,UNITE,OK
TKT92391291329,2026-02-01T14:23:47Z,PORTE-C,R55266001,ABONNEMENT,OK
TKT62315086052,2026-02-01T14:23:56Z,PORTE-C,R56776366,UNITE,OK
TKT28407760252,2026-02-01T14:24:12Z,VIP-EST,R55171934,ABONNEMENT,OK
TKT88401084188,2026-02-01T14:24:12Z,VIP-EST,R59414785,UNITE,OK
TKT80331555723,2026-02-01T14:24:13Z,PORTE-A,R52353025,ABONNEMENT,OK
TKT45172287949,2026-02-01T14:24:13Z,PORTE-D,R56515352,UNITE,OK
TKT93043858370,2026-02-01T14:24:13Z,PORTE-C,R51757179,UNITE,OK
TKT56097196110,2026-02-01T14:24:13Z,PORTE-C,,UNITE,OK
TKT49452324351,2026-02-01T14:24:15Z,PORTE-C,R58050381,UNITE,OK
TKT64715820244,2026-02-01T14:24:18Z,PORTE-D,R53337225,ABONNEMENT,OK
TKT60911833489,2026-02-01T14:24:19Z,PORTE-D,R55356859,UNITE,OK
TKT31096494066,2026-02-01T14:24:21Z,PORTE-C,R59144998,ABONNEMENT,OK
TKT27958284126,2026-02-01T14:24:21Z,PORTE-D,R54097824,UNITE,OK
TKT90569127491,2026-02-01T14:24:24Z,PORTE-C,,UNITE,OK
TKT51223555644,2026-02-01T14:24:33Z,PORTE-D,R58201725,UNITE,OK
TKT58489751041,2026-02-01T14:24:34Z,PORTE-D,R55489679,UNITE,OK
TKT93817171214,2026-02-01T14:24:38Z,PORTE-C,R56346643,ABONNEMENT,OK
TKT12351060876,2026-02-01T14:24:39Z,PORTE-D,R56381450,UNITE,OK
TKT18104039852,2026-02-01T14:24:40Z,PORTE-C,R59113524,UNITE,OK
TKT71132802131,2026-02-01T14:24:41Z,PORTE-A,R51958799,UNITE,OK
TKT90149974339,2026-02-01T14:24:41Z,PORTE-A,,UNITE,OK
TKT15573877179,2026-02-01T14:24:42Z,PORTE-D,R59012379,ABONNEMENT,OK
TKT50153704996,2026-02-01T14:24:43Z,PORTE-C,,UNITE,OK
TKT16241805265,2026-02-01T14:24:49Z,PORTE-D,R57878674,UNITE,OK
TKT53671627549,2026-02-01T14:24:50Z,PORTE-C,R59659707,ABONNEMENT,OK
TKT89923784527,2026-02-01T14:24:52Z,PORTE-B,R58796057,ABONNEMENT,OK
TKT65732196851,2026-02-01T14:24:53Z,PORTE-C,R59168292,ABONNEMENT,OK
TKT70438113490,2026-02-01T14:24:54Z,PORTE-C,R59319425,ABONNEMENT,OK
TKT28683492728,2026-02-01T14:24:58Z,PORTE-A,R57082109,UNITE,OK
TKT36140315917,2026-02-01T14:24:58Z,PMR-NORD,R52914801,UNITE,OK
TKT33595982362,2026-02-01T14:24:58Z,PORTE-C,,UNITE,OK
TKT97293740637,2026-02-01T14:25:00Z,PORTE-B,R58810424,ABONNEMENT,OK
TKT57369247471,2026-02-01T14:25:01Z,PORTE-D,R59466277,UNITE,OK
TKT52603973782,2026-02-01T14:25:01Z,VIP-EST,R57781619,UNITE,OK
TKT10724876241,2026-02-01T14:25:03Z,VIP-EST,R52114568,ABONNEMENT,OK
TKT94037770935,2026-02-01T14:25:03Z,PORTE-A,R57081429,VIP,OK
TKT75693662492,2026-02-01T14:25:08Z,PORTE-D,R58311586,ABONNEMENT,OK
TKT32879869237,2026-02-01T14:25:09Z,PORTE-C,R58470353,UNITE,OK
TKT56886736501,2026-02-01T14:25:11Z,PORTE-A,R53678331,ABONNEMENT,OK
TKT91715259461,2026-02-01T14:25:12Z,PORTE-C,R59122384,ABONNEMENT,OK
TKT22985330004,2026-02-01T14:25:17Z,PORTE-C,R55746593,ABONNEMENT,OK
TKT26121452474,2026-02-01T14:25:18Z,VIP-EST,R54420674,ABONNEMENT,OK
TKT84726587124,2026-02-01T14:25:35Z,VIP-EST,R59048747,ABONNEMENT,OK
TKT36018889123,2026-02-01T14:25:41Z,PORTE-A,R51854244,UNITE,OK
TKT16346797736,2026-02-01T14:25:47Z,PORTE-D,,UNITE,OK
TKT17123768351,2026-02-01T14:25:53Z,PORTE-A,R56863948,ABONNEMENT,OK
TKT45858674495,2026-02-01T14:25:53Z,VIP-EST,R55228665,VIP,OK
TKT13517745479,2026-02-01T14:25:55Z,PORTE-C,,UNITE,OK
TKT59866390631,2026-02-01T14:25:56Z,PORTE-C,R54293304,ABONNEMENT,OK
TKT51704312133,2026-02-01T14:25:58Z,PORTE-A,R59744713,UNITE,OK
TKT81474906143,2026-02-01T14:25:59Z,PORTE-A,R56754355,ABONNEMENT,OK
TKT17525079730,2026-02-01T14:26:01Z,PORTE-C,,UNITE,OK
TKT34602974053,2026-02-01T14:26:03Z,PORTE-A,R56698448,UNITE,OK
TKT15283534785,2026-02-01T14:26:05Z,PORTE-D,R53957303,ABONNEMENT,OK
TKT65614349014,2026-02-01T14:26:07Z,PORTE-D,R59342451,UNITE,OK
TKT71294881483,2026-02-01T14:26:14Z,PORTE-D,R59510681,UNITE,OK
TKT74175363585,2026-02-01T14:26:21Z,PORTE-C,R56740189,UNITE,OK
TKT80623513502,2026-02-01T14:26:31Z,PORTE-C,R59246890,ABONNEMENT,OK
TKT81302990805,2026-02-01T14:26:31Z,PORTE-D,R52423175,UNITE,OK
TKT21613659972,2026-02-01T14:26:35Z,PORTE-C,R51636964,UNITE,OK
TKT48293642547,2026-02-01T14:26:37Z,PORTE-D,R55728136,ABONNEMENT,OK
TKT37492987737,2026-02-01T14:26:37Z,PORTE-D,R58921377,ABONNEMENT,OK
TKT41952633826,2026-02-01T14:26:38Z,PORTE-D,R53778796,UNITE,OK
TKT74029925332,2026-02-01T14:26:45Z,VIP-EST,R58261789,UNITE,OK
TKT67846703064,2026-02-01T14:26:46Z,PORTE-D,R58454003,ABONNEMENT,OK
TKT64866260911,2026-02-01T14:26:46Z,PORTE-D,,UNITE,REFUSE_DEJA_SCANNE
TKT69331816864,2026-02-01T14:27:00Z,PORTE-D,R59761733,UNITE,OK
TKT10387998372,2026-02-01T14:27:03Z,PORTE-D,R58028514,ABONNEMENT,OK
TKT23060963310,2026-02-01T14:27:06Z,PORTE-D,R58133682,UNITE,OK
TKT88843392191,2026-02-01T14:27:18Z,PORTE-D,,UNITE,OK
TKT42137344170,2026-02-01T14:27:19Z,PORTE-D,R58603843,UNITE,OK
TKT86518278809,2026-02-01T14:27:20Z,PORTE-C,,UNITE,OK
TKT70339454500,2026-02-01T14:27:23Z,PORTE-D,,UNITE,OK
TKT70812618161,2026-02-01T14:27:33Z,PORTE-D,R51204732,UNITE,OK
TKT21640457907,2026-02-01T14:27:35Z,PORTE-A,R52216661,GROUPE,OK
TKT94023137286,2026-02-01T14:27:38Z,VIP-EST,R58907010,ABONNEMENT,OK
TKT31738011515,2026-02-01T14:27:38Z,PORTE-D,R53629827,UNITE,OK
TKT11415344319,2026-02-01T14:27:44Z,PORTE-A,R51668304,ABONNEMENT,OK
TKT80012531490,2026-02-01T14:27:48Z,PORTE-B,R54294865,ABONNEMENT,OK
TKT41285414924,2026-02-01T14:27:51Z,PORTE-D,,UNITE,OK
TKT79791601821,2026-02-01T14:27:51Z,PORTE-D,,UNITE,OK
TKT15039864281,2026-02-01T14:27:52Z,PORTE-D,,GROUPE,OK
TKT68661946572,2026-02-01T14:27:53Z,PORTE-A,R58567207,ABONNEMENT,OK
TKT90524997138,2026-02-01T14:28:05Z,PORTE-D,R51681780,ABONNEMENT,OK
TKT90792779351,2026-02-01T14:28:07Z,PORTE-A,R55952427,ABONNEMENT,OK
TKT48312595440,2026-02-01T14:28:09Z,PORTE-D,R51976576,ABONNEMENT,OK
TKT74434338434,2026-02-01T14:28:09Z,PORTE-C,,UNITE,OK
TKT68806068228,2026-02-01T14:28:12Z,PORTE-D,R53519832,UNITE,OK
TKT64997462074,2026-02-01T14:28:13Z,PORTE-A,R55495943,UNITE,OK
TKT63231631842,2026-02-01T14:28:14Z,PORTE-D,R53964458,ABONNEMENT,OK
TKT64172857828,2026-02-01T14:28:15Z,PORTE-C,R57513316,UNITE,OK
TKT50244841779,2026-02-01T14:28:16Z,PORTE-D,R52233145,ABONNEMENT,OK
TKT29694749067,2026-02-01T14:28:17Z,PORTE-A,R55532043,ABONNEMENT,OK
TKT85775928747,2026-02-01T14:28:17Z,PORTE-D,,INVITATION,OK
TKT10782366877,2026-02-01T14:28:21Z,PORTE-D,R56950994,ABONNEMENT,OK
TKT31211268804,2026-02-01T14:28:22Z,PORTE-D,R57232639,ABONNEMENT,OK
TKT30428495567,2026-02-01T14:28:24Z,PORTE-C,R53276739,UNITE,OK
TKT20883514305,2026-02-01T14:28:28Z,PORTE-C,R56588778,UNITE,OK
TKT60304750387,2026-02-01T14:28:29Z,PORTE-C,,GROUPE,OK
TKT78293781780,2026-02-01T14:28:31Z,PORTE-D,R52927885,ABONNEMENT,OK
TKT16403010537,2026-02-01T14:28:33Z,PORTE-D,R55665811,UNITE,OK
TKT24661408868,2026-02-01T14:28:37Z,PORTE-D,R52086504,UNITE,OK
TKT71862863409,2026-02-01T14:28:51Z,PORTE-D,R58340062,UNITE,OK
TKT73218892895,2026-02-01T14:28:54Z,PORTE-A,R57303948,ABONNEMENT,OK
TKT34818615999,2026-02-01T14:28:59Z,PORTE-A,R55342482,UNITE,OK
TKT46318644746,2026-02-01T14:28:59Z,PORTE-D,R53409147,UNITE,OK
TKT28623235576,2026-02-01T14:29:01Z,PORTE-C,R54211229,ABONNEMENT,OK
TKT66481023157,2026-02-01T14:29:03Z,PORTE-A,R59536149,UNITE,OK
TKT31132841320,2026-02-01T14:29:04Z,PORTE-A,R57741084,ABONNEMENT,OK
TKT23043127173,2026-02-01T14:29:05Z,PORTE-D,R58791230,UNITE,OK
TKT76600774566,2026-02-01T14:29:11Z,PORTE-C,R53473522,ABONNEMENT,OK
TKT41434417132,2026-02-01T14:29:11Z,PORTE-C,R51225038,UNITE,OK
TKT13347540212,2026-02-01T14:29:14Z,VIP-EST,,INVITATION,OK
TKT41733596184,2026-02-01T14:29:14Z,PORTE-D,R57765336,UNITE,OK
TKT25974358486,2026-02-01T14:29:15Z,PORTE-B,R52820265,ABONNEMENT,OK
TKT24752427523,2026-02-01T14:29:17Z,PORTE-D,R51462805,ABONNEMENT,OK
TKT62568546758,2026-02-01T14:29:23Z,PORTE-D,R59081370,UNITE,OK
TKT74971876631,2026-02-01T14:29:26Z,PORTE-C,R51632472,UNITE,OK
TKT75300327752,2026-02-01T14:29:28Z,PORTE-A,R58307697,VIP,OK
TKT28599575274,2026-02-01T14:29:32Z,PORTE-C,,UNITE,OK
TKT56103303905,2026-02-01T14:29:34Z,PORTE-C,R54446075,UNITE,OK
TKT88558009753,2026-02-01T14:29:36Z,PORTE-B,R55326611,ABONNEMENT,OK
TKT57581800893,2026-02-01T14:29:42Z,VIP-EST,R58663036,UNITE,OK
TKT80684483500,2026-02-01T14:29:44Z,PORTE-B,R54287576,UNITE,OK
TKT44772856276,2026-02-01T14:29:52Z,PORTE-C,R52810524,UNITE,OK
TKT55893962097,2026-02-01T14:29:54Z,PORTE-B,R53629971,ABONNEMENT,OK
TKT40507158944,2026-02-01T14:29:54Z,PORTE-D,R52934283,UNITE,OK
TKT92327371491,2026-02-01T14:29:58Z,PORTE-D,R56088915,UNITE,OK
TKT85848604256,2026-02-01T14:30:04Z,PORTE-C,R56956789,UNITE,OK
TKT34655302558,2026-02-01T14:30:07Z,PORTE-C,R57283930,UNITE,OK
TKT85136596730,2026-02-01T14:30:13Z,PORTE-A,,UNITE,OK
TKT81320244475,2026-02-01T14:30:19Z,PORTE-D,R55011529,UNITE,OK
TKT89550932943,2026-02-01T14:30:20Z,PORTE-C,R51538415,UNITE,OK
TKT99805960824,2026-02-01T14:30:23Z,VIP-EST,R54064588,ABONNEMENT,OK
TKT81477888714,2026-02-01T14:30:31Z,PORTE-D,,UNITE,OK
TKT12266592447,2026-02-01T14:30:33Z,PORTE-B,R53786152,UNITE,OK
TKT30024459043,2026-02-01T14:30:35Z,PORTE-A,R56369458,ABONNEMENT,OK
TKT50125246929,2026-02-01T14:30:49Z,VIP-EST,R55867622,ABONNEMENT,OK
TKT37736738149,2026-02-01T14:30:53Z,VIP-EST,R59145812,UNITE,OK
TKT17591313278,2026-02-01T14:30:56Z,PORTE-A,R54298342,UNITE,OK
TKT58919111577,2026-02-01T14:30:56Z,PORTE-C,,UNITE,OK
TKT24344657126,2026-02-01T14:30:57Z,VIP-EST,R59390667,UNITE,OK
TKT50142693120,2026-02-01T14:30:59Z,PORTE-C,R52281783,UNITE,OK
TKT92544030142,2026-02-01T14:31:00Z,PORTE-C,R58532735,UNITE,OK
TKT94022352410,2026-02-01T14:31:03Z,PORTE-D,R58208880,ABONNEMENT,OK
TKT97243122118,2026-02-01T14:31:04Z,VIP-EST,R53173899,VIP,OK
TKT45556052804,2026-02-01T14:31:06Z,PORTE-C,,UNITE,OK
TKT20695935157,2026-02-01T14:31:09Z,PORTE-D,R55521957,UNITE,OK
TKT57602678552,2026-02-01T14:31:10Z,PORTE-A,R53900170,ABONNEMENT,OK
TKT85895545399,2026-02-01T14:31:10Z,PORTE-D,R54750190,UNITE,OK
TKT80120670921,2026-02-01T14:31:13Z,PORTE-B,R52590179,ABONNEMENT,OK
TKT79271273844,2026-02-01T14:31:14Z,PORTE-B,R51754047,ABONNEMENT,OK
TKT15267803191,2026-02-01T14:31:19Z,PORTE-C,R52703996,ABONNEMENT,OK
TKT67161241816,2026-02-01T14:31:24Z,PORTE-C,R55500502,ABONNEMENT,OK
TKT50579860946,2026-02-01T14:31:27Z,PORTE-A,R58904836,UNITE,OK
TKT87673645433,2026-02-01T14:31:27Z,PORTE-C,R53641953,UNITE,OK
TKT58255101872,2026-02-01T14:31:27Z,PORTE-C,R58658400,UNITE,OK
TKT13127945619,2026-02-01T14:31:31Z,PORTE-A,R56189035,UNITE,OK
TKT67955899915,2026-02-01T14:31:44Z,PORTE-C,R59331283,UNITE,OK
TKT45074996828,2026-02-01T14:31:45Z,PORTE-D,R52622802,UNITE,OK
TKT87899392237,2026-02-01T14:31:50Z,PORTE-C,R51914318,UNITE,OK
TKT26052859248,2026-02-01T14:31:54Z,PORTE-C,R59429018,UNITE,OK
TKT61979877331,2026-02-01T14:31:59Z,VIP-EST,R56816000,ABONNEMENT,OK
TKT72530317614,2026-02-01T14:32:01Z,PORTE-B,,GROUPE,OK
TKT11599438219,2026-02-01T14:32:06Z,VIP-EST,R59866355,UNITE,OK
TKT81462559616,2026-02-01T14:32:09Z,PORTE-C,,UNITE,OK
TKT94352124243,2026-02-01T14:32:17Z,PORTE-C,R57448338,ABONNEMENT,OK
TKT83197636548,2026-02-01T14:32:23Z,VIP-EST,,VIP,OK
TKT63769323870,2026-02-01T14:32:24Z,PORTE-C,R55843102,ABONNEMENT,OK
TKT35732503095,2026-02-01T14:32:27Z,PMR-NORD,,UNITE,OK
TKT69633199299,2026-02-01T14:32:28Z,PORTE-A,R54172409,UNITE,OK
TKT65842728566,2026-02-01T14:32:31Z,PORTE-A,R59370304,ABONNEMENT,OK
TKT68036280863,2026-02-01T14:32:35Z,PORTE-B,,GROUPE,OK
TKT14635152410,2026-02-01T14:32:35Z,PORTE-C,R54309778,INVITATION,OK
TKT30757147058,2026-02-01T14:32:37Z,PORTE-D,,UNITE,OK
TKT49239888752,2026-02-01T14:33:06Z,PORTE-C,,UNITE,OK
TKT64666949545,2026-02-01T14:33:08Z,PORTE-C,R59938488,UNITE,OK
TKT92702169120,2026-02-01T14:33:24Z,PORTE-C,R55757895,UNITE,OK
TKT94792405640,2026-02-01T14:33:26Z,PORTE-B,R58693284,ABONNEMENT,OK
TKT79313914430,2026-02-01T14:33:28Z,PORTE-C,R52246296,UNITE,REFUSE_INVALIDE
TKT24116762911,2026-02-01T14:33:28Z,PORTE-D,,UNITE,OK
TKT99593652614,2026-02-01T14:33:32Z,PORTE-B,R53361343,UNITE,OK
TKT50125246929,2026-02-01T14:33:49Z,VIP-EST,R55867622,ABONNEMENT,REFUSE_DEJA_SCANNE
TKT15039864281,2026-02-01T14:33:52Z,PORTE-D,,GROUPE,REFUSE_DEJA_SCANNE
TKT41795776377,2026-02-01T14:34:10Z,PORTE-A,R59655962,VIP,OK
TKT98069327639,2026-02-01T14:34:24Z,PORTE-A,R53422844,ABONNEMENT,OK
TKT49515259006,2026-02-01T14:34:29Z,PORTE-B,R58017346,UNITE,OK
TKT39410323867,2026-02-01T14:34:30Z,PORTE-C,R52008385,ABONNEMENT,OK
TKT92560786138,2026-02-01T14:34:31Z,PORTE-C,,UNITE,OK
TKT13816963488,2026-02-01T14:34:44Z,PORTE-D,,UNITE,OK
TKT14845233960,2026-02-01T14:34:45Z,PORTE-B,R53600403,ABONNEMENT,OK
TKT77163526380,2026-02-01T14:34:46Z,PORTE-D,R58917575,ABONNEMENT,OK
TKT95624378920,2026-02-01T14:35:05Z,PORTE-C,R51962400,UNITE,OK
TKT20602328591,2026-02-01T14:35:05Z,PORTE-D,R54120850,UNITE,OK
TKT24723649930,2026-02-01T14:35:06Z,PORTE-C,R58403469,UNITE,OK
TKT67011582441,2026-02-01T14:35:10Z,PORTE-C,R57679439,ABONNEMENT,OK
TKT43829056191,2026-02-01T14:35:10Z,PORTE-B,R54031821,UNITE,OK
TKT87076119875,2026-02-01T14:35:11Z,PORTE-D,,UNITE,OK
TKT71448293470,2026-02-01T14:35:16Z,PORTE-D,R56848221,UNITE,OK
TKT70881275949,2026-02-01T14:35:17Z,PORTE-A,R51740082,ABONNEMENT,OK
TKT55356729078,2026-02-01T14:35:18Z,PORTE-C,R51543922,UNITE,OK
TKT93777984060,2026-02-01T14:35:23Z,PORTE-D,R52560621,UNITE,OK
TKT23715675812,2026-02-01T14:35:39Z,PORTE-D,R55953787,UNITE,OK
TKT90175357789,2026-02-01T14:35:45Z,PORTE-D,R53504306,ABONNEMENT,OK
TKT61395308125,2026-02-01T14:35:48Z,PORTE-B,R55627537,ABONNEMENT,OK
TKT76385939886,2026-02-01T14:35:49Z,PORTE-D,R54808693,INVITATION,OK
TKT35828550237,2026-02-01T14:35:52Z,PORTE-D,R56422799,UNITE,OK
TKT15205023558,2026-02-01T14:35:53Z,PORTE-C,,GROUPE,OK
TKT94017518430,2026-02-01T14:35:54Z,PORTE-B,R52524799,UNITE,OK
TKT74072752230,2026-02-01T14:36:01Z,PORTE-A,R51481339,ABONNEMENT,OK
TKT28435396246,2026-02-01T14:36:23Z,PORTE-D,R54840301,UNITE,OK
TKT22490088599,2026-02-01T14:36:33Z,VIP-EST,R54325726,UNITE,OK
TKT49743537209,2026-02-01T14:36:33Z,PORTE-C,,INVITATION,OK
TKT26483665345,2026-02-01T14:36:38Z,PORTE-C,R52956485,ABONNEMENT,OK
TKT95549898617,2026-02-01T14:36:39Z,PORTE-C,,UNITE,OK
TKT99199106849,2026-02-01T14:36:40Z,PORTE-A,R55389884,ABONNEMENT,OK
TKT51227989769,2026-02-01T14:36:53Z,PORTE-C,R52521600,UNITE,OK
TKT53632234059,2026-02-01T14:36:58Z,PORTE-B,R55612748,UNITE,OK
TKT98462484114,2026-02-01T14:37:02Z,VIP-EST,R52493881,ABONNEMENT,OK
TKT14451790017,2026-02-01T14:37:04Z,PORTE-A,R53169809,ABONNEMENT,OK
TKT82710405624,2026-02-01T14:37:17Z,VIP-EST,R55490282,ABONNEMENT,OK
TKT73638338858,2026-02-01T14:37:21Z,PORTE-C,R51343136,UNITE,OK
TKT42922790215,2026-02-01T14:37:23Z,PORTE-A,R55330835,UNITE,OK
TKT94094027446,2026-02-01T14:37:29Z,PORTE-C,R51926166,ABONNEMENT,OK
TKT66842491519,2026-02-01T14:37:29Z,PORTE-C,R51386927,ABONNEMENT,OK
TKT89598307932,2026-02-01T14:37:40Z,PORTE-A,R53867336,UNITE,OK
TKT77163526380,2026-02-01T14:37:46Z,PORTE-D,R58917575,ABONNEMENT,REFUSE_DEJA_SCANNE
TKT91638677563,2026-02-01T14:37:53Z,PORTE-D,R52379997,UNITE,OK
TKT93446482127,2026-02-01T14:37:57Z,PORTE-C,R54285948,UNITE,OK
TKT60254804749,2026-02-01T14:38:00Z,PORTE-D,R59040175,ABONNEMENT,OK
TKT11204588452,2026-02-01T14:38:00Z,PORTE-D,,UNITE,OK
TKT83964162154,2026-02-01T14:38:03Z,PORTE-C,,UNITE,OK
TKT30208466835,2026-02-01T14:38:07Z,PORTE-D,,UNITE,OK
TKT31778572643,2026-02-01T14:38:14Z,PORTE-A,R53130912,ABONNEMENT,OK
TKT68965258448,2026-02-01T14:38:23Z,PORTE-C,R58734345,ABONNEMENT,OK
TKT32679885062,2026-02-01T14:38:34Z,PORTE-C,R58015162,ABONNEMENT,OK
TKT59386569250,2026-02-01T14:38:35Z,VIP-EST,R58689807,ABONNEMENT,OK
TKT93492527221,2026-02-01T14:38:37Z,PORTE-D,R55062140,ABONNEMENT,OK
TKT10156673432,2026-02-01T14:38:40Z,PORTE-D,R58132868,UNITE,OK
TKT69428658133,2026-02-01T14:38:41Z,VIP-EST,R55650007,UNITE,OK
TKT37778208235,2026-02-01T14:38:50Z,PORTE-C,R51791996,UNITE,OK
TKT37135612534,2026-02-01T14:39:04Z,PORTE-C,R57540097,UNITE,OK
TKT54571535490,2026-02-01T14:39:15Z,PORTE-D,R53960368,UNITE,OK
TKT54496795414,2026-02-01T14:39:22Z,PORTE-A,,VIP,OK
TKT59762688406,2026-02-01T14:39:25Z,PORTE-C,R52542231,UNITE,OK
TKT86890534518,2026-02-01T14:39:29Z,PORTE-C,R59736811,ABONNEMENT,OK
TKT80989600985,2026-02-01T14:39:29Z,PORTE-C,R57091237,ABONNEMENT,OK
TKT79667742380,2026-02-01T14:39:36Z,PORTE-C,R55092512,ABONNEMENT,OK
TKT72983422450,2026-02-01T14:39:36Z,PORTE-B,R55077877,UNITE,OK
TKT71807418724,2026-02-01T14:39:43Z,PORTE-C,R52639085,ABONNEMENT,OK
TKT75043633847,2026-02-01T14:39:51Z,VIP-EST,R58141239,ABONNEMENT,OK
TKT43618523526,2026-02-01T14:40:02Z,PORTE-D,,UNITE,OK
TKT77528899658,2026-02-01T14:40:07Z,VIP-EST,R55345145,ABONNEMENT,OK
TKT17015315157,2026-02-01T14:40:16Z,PORTE-A,R58509997,ABONNEMENT,OK
TKT38059675169,2026-02-01T14:40:24Z,PORTE-C,R51974181,UNITE,OK
TKT46280653073,2026-02-01T14:40:27Z,PORTE-C,R56361365,ABONNEMENT,OK
TKT59690610041,2026-02-01T14:40:31Z,PORTE-B,,UNITE,OK
TKT83408117325,2026-02-01T14:40:32Z,PORTE-C,,GROUPE,OK
TKT76951257964,2026-02-01T14:40:44Z,PORTE-D,R57546495,ABONNEMENT,OK
TKT72822700063,2026-02-01T14:41:19Z,PORTE-A,,VIP,OK
TKT79772540061,2026-02-01T14:41:20Z,PORTE-D,R51819035,UNITE,OK
TKT12725641075,2026-02-01T14:41:47Z,PORTE-C,R56403384,ABONNEMENT,OK
TKT76925250901,2026-02-01T14:42:19Z,PORTE-C,R54295545,UNITE,OK
TKT94298563400,2026-02-01T14:42:24Z,PORTE-C,R54081742,ABONNEMENT,OK
TKT46872951898,2026-02-01T14:42:27Z,PORTE-A,R52255826,ABONNEMENT,OK
TKT35540923652,2026-02-01T14:42:51Z,PORTE-D,R54697127,ABONNEMENT,OK
TKT98462484114,2026-02-01T14:43:02Z,VIP-EST,R52493881,ABONNEMENT,REFUSE_DEJA_SCANNE
TKT84839396113,2026-02-01T14:43:04Z,PORTE-C,R55539533,UNITE,OK
TKT97482577843,2026-02-01T14:43:14Z,PORTE-A,R58137159,ABONNEMENT,OK
TKT89195375955,2026-02-01T14:43:30Z,PORTE-D,R53700667,UNITE,OK
TKT55060515918,2026-02-01T14:43:43Z,PORTE-A,R51253303,UNITE,OK
TKT63367140160,2026-02-01T14:44:02Z,PORTE-B,,UNITE,OK
TKT50200737402,2026-02-01T14:44:08Z,PORTE-C,R56997314,ABONNEMENT,OK
TKT35036946323,2026-02-01T14:44:11Z,PORTE-A,R57415169,ABONNEMENT,OK
TKT37462774741,2026-02-01T14:44:12Z,PORTE-C,R55546822,UNITE,OK
TKT75118384019,2026-02-01T14:44:13Z,PORTE-D,R55744811,UNITE,OK
TKT79795621978,2026-02-01T14:44:24Z,PORTE-A,R58576747,ABONNEMENT,OK
TKT17555222147,2026-02-01T14:45:17Z,PORTE-C,R55904680,ABONNEMENT,OK
TKT73638210864,2026-02-01T14:45:31Z,PORTE-C,R58452298,ABONNEMENT,OK
TKT80945592384,2026-02-01T14:46:54Z,PORTE-A,R57461221,ABONNEMENT,OK
TKT25220638560,2026-02-01T14:47:18Z,PORTE-C,R59649018,ABONNEMENT,OK
TKT63993855599,2026-02-01T14:48:39Z,PORTE-C,R56808376,UNITE,OK
TKT41790473112,2026-02-01T14:49:12Z,PORTE-C,,UNITE,OK
TKT50473303158,2026-02-01T14:49:22Z,PORTE-D,R58029261,ABONNEMENT,OK
TKT53435927603,2026-02-01T14:50:59Z,PORTE-A,R56270229,ABONNEMENT,OK
TKT78387478279,2026-02-01T14:51:40Z,PORTE-C,R53519698,ABONNEMENT,OK
TKT14474661482,2026-02-01T14:51:54Z,PORTE-B,,UNITE,OK
TKT50655864657,2026-02-01T14:52:13Z,VIP-EST,,GROUPE,OK
TKT24283486765,2026-02-01T14:52:52Z,PORTE-C,R53523644,ABONNEMENT,OK
TKT37381948779,2026-02-01T14:59:03Z,PORTE-C,R52003337,ABONNEMENT,OK
