barcode,scan_ts_utc,portique,ext_id,type_billet,resultat
TKT55007289818,2025-11-11T18:30:01Z,PMR-NORD,R53578402,UNITE,OK
TKT38944749129,2025-11-11T18:30:04Z,PORTE-A,,UNITE,OK
TKT41418261767,2025-11-11T18:30:05Z,PORTE-A,R59396864,UNITE,OK
TKT48423812685,2025-11-11T18:30:08Z,PORTE-A,R51580568,ABONNEMENT,OK
TKT70252702720,2025-11-11T18:30:08Z,PORTE-C,,UNITE,OK
TKT15709474553,2025-11-11T18:30:14Z,PORTE-C,,UNITE,OK
TKT73285169684,2025-11-11T18:30:19Z,PORTE-C,R55165938,ABONNEMENT,OK
TKT89726650861,2025-11-11T18:30:22Z,VIP-EST,R52493881,ABONNEMENT,OK
TKT34513504659,2025-11-11T18:30:23Z,PORTE-D,,UNITE,OK
TKT70470897370,2025-11-11T18:30:25Z,PORTE-D,R59058076,ABONNEMENT,OK
TKT33000520369,2025-11-11T18:30:28Z,PORTE-C,R55068002,UNITE,OK
TKT99700495470,2025-11-11T18:30:34Z,PORTE-C,,UNITE,OK
TKT90740991198,2025-11-11T18:30:34Z,PORTE-C,R54430348,UNITE,OK
TKT93865167122,2025-11-11T18:30:38Z,PORTE-C,R56761108,INVITATION,OK
TKT67985022221,2025-11-11T18:30:39Z,PORTE-A,R57272896,UNITE,OK
TKT71265048290,2025-11-11T18:30:43Z,PORTE-A,R51689213,ABONNEMENT,OK
TKT45970599471,2025-11-11T18:30:45Z,PMR-NORD,,UNITE,OK
TKT65505107131,2025-11-11T18:30:46Z,VIP-EST,R58615567,ABONNEMENT,OK
TKT77828382820,2025-11-11T18:30:49Z,PORTE-C,,UNITE,OK
TKT66107154935,2025-11-11T18:30:50Z,PORTE-B,R53284651,UNITE,OK
TKT68669028360,2025-11-11T18:30:51Z,PORTE-A,R53798479,UNITE,OK
TKT79432980122,2025-11-11T18:31:01Z,PORTE-C,R53806170,ABONNEMENT,OK
TKT63426139369,2025-11-11T18:31:03Z,PORTE-A,R59785037,UNITE,OK
TKT36805365129,2025-11-11T18:31:04Z,PORTE-A,R56794746,ABONNEMENT,OK
TKT71698352421,2025-11-11T18:31:06Z,PORTE-C,R57807154,UNITE,OK
TKT50767954318,2025-11-11T18:31:08Z,PORTE-D,R58595683,ABONNEMENT,OK
TKT25612822211,2025-11-11T18:31:08Z,PORTE-C,R54787516,ABONNEMENT,OK
TKT32499260819,2025-11-11T18:31:09Z,PORTE-B,R53162731,UNITE,OK
TKT56540259901,2025-11-11T18:31:11Z,PORTE-C,R56403384,ABONNEMENT,OK
TKT47958565901,2025-11-11T18:31:11Z,VIP-EST,R56354545,ABONNEMENT,OK
TKT24901171218,2025-11-11T18:31:17Z,VIP-EST,R56776912,ABONNEMENT,OK
TKT51419582244,2025-11-11T18:31:18Z,PORTE-D,,GROUPE,OK
TKT36753525922,2025-11-11T18:31:20Z,PORTE-A,R54448115,UNITE,OK
TKT63465026992,2025-11-11T18:31:20Z,PORTE-C,,GROUPE,OK
TKT24244322064,2025-11-11T18:31:24Z,VIP-EST,,UNITE,OK
TKT31331616576,2025-11-11T18:31:25Z,PORTE-C,R53441435,UNITE,OK
TKT23192738005,2025-11-11T18:31:29Z,PORTE-C,,GROUPE,OK
TKT83132766823,2025-11-11T18:31:30Z,PORTE-C,R57759953,UNITE,OK
TKT99744654054,2025-11-11T18:31:31Z,PORTE-B,R52088276,ABONNEMENT,OK
TKT70919177214,2025-11-11T18:31:31Z,PORTE-B,R52381625,ABONNEMENT,OK
TKT24685484969,2025-11-11T18:31:31Z,PORTE-C,R53452402,UNITE,OK
TKT73774960813,2025-11-11T18:31:32Z,PORTE-B,R55279276,UNITE,OK
TKT84258178397,2025-11-11T18:31:34Z,PORTE-A,R57244075,ABONNEMENT,OK
TKT97375836796,2025-11-11T18:31:36Z,PORTE-A,R53881569,UNITE,OK
TKT89289272979,2025-11-11T18:31:38Z,VIP-EST,R57417621,UNITE,OK
TKT13150020531,2025-11-11T18:31:39Z,PORTE-B,R59753841,UNITE,OK
TKT98694300115,2025-11-11T18:31:43Z,VIP-EST,R57680196,ABONNEMENT,OK
TKT72317339039,2025-11-11T18:31:44Z,PORTE-C,R55507379,UNITE,OK
TKT41543632051,2025-11-11T18:31:46Z,PORTE-B,R55800939,ABONNEMENT,OK
TKT93507240338,2025-11-11T18:31:48Z,PORTE-C,R57040358,UNITE,OK
TKT11369345827,2025-11-11T18:31:51Z,PORTE-C,R55872325,UNITE,OK
TKT47106401943,2025-11-11T18:31:53Z,PORTE-A,R55136591,UNITE,OK
TKT19114958845,2025-11-11T18:31:56Z,PORTE-D,R52935365,ABONNEMENT,OK
TKT65446366011,2025-11-11T18:32:08Z,VIP-EST,R51046645,ABONNEMENT,OK
TKT81336177143,2025-11-11T18:32:08Z,PORTE-A,R53476031,UNITE,OK
TKT93903613678,2025-11-11T18:32:09Z,PORTE-A,R57421242,ABONNEMENT,OK
TKT37717365463,2025-11-11T18:32:09Z,VIP-EST,,GROUPE,OK
TKT86094769297,2025-11-11T18:32:09Z,PORTE-C,,UNITE,OK
TKT15892702602,2025-11-11T18:32:13Z,PORTE-C,R58482345,ABONNEMENT,OK
TKT23640779258,2025-11-11T18:32:13Z,PORTE-D,R59348648,ABONNEMENT,OK
TKT85960661761,2025-11-11T18:32:23Z,PORTE-D,R57678625,ABONNEMENT,OK
TKT96492074162,2025-11-11T18:32:27Z,PORTE-C,,UNITE,OK
TKT10629682160,2025-11-11T18:32:28Z,VIP-EST,R51002988,ABONNEMENT,OK
TKT77900931751,2025-11-11T18:32:29Z,PORTE-D,R55683521,UNITE,OK
TKT77571966257,2025-11-11T18:32:32Z,PORTE-A,R59626950,UNITE,OK
TKT52318859844,2025-11-11T18:32:34Z,PORTE-C,R55938998,UNITE,OK
TKT67468706543,2025-11-11T18:32:36Z,PORTE-A,R58710448,ABONNEMENT,OK
TKT62743495629,2025-11-11T18:32:37Z,PORTE-B,R55001865,ABONNEMENT,OK
TKT45611114128,2025-11-11T18:32:40Z,PORTE-D,R51629474,UNITE,OK
TKT32868544058,2025-11-11T18:32:44Z,PORTE-D,R56970610,UNITE,OK
TKT84737308162,2025-11-11T18:32:50Z,PORTE-C,,GROUPE,OK
TKT22307090763,2025-11-11T18:32:56Z,VIP-EST,R54043736,UNITE,OK
TKT12439932564,2025-11-11T18:33:02Z,VIP-EST,R52557700,INVITATION,OK
TKT48445094739,2025-11-11T18:33:04Z,VIP-EST,R51301251,ABONNEMENT,OK
TKT69391059976,2025-11-11T18:33:04Z,PORTE-C,R52778370,UNITE,OK
TKT61142700345,2025-11-11T18:33:09Z,PORTE-D,R54076704,GROUPE,OK
TKT19224830172,2025-11-11T18:33:11Z,PORTE-C,,GROUPE,OK
TKT52327992076,2025-11-11T18:33:12Z,PORTE-D,R58571699,UNITE,OK
TKT66884145984,2025-11-11T18:33:13Z,VIP-EST,,UNITE,OK
TKT58062281071,2025-11-11T18:33:15Z,PORTE-C,,UNITE,OK
TKT62675984203,2025-11-11T18:33:17Z,PORTE-B,R57986418,ABONNEMENT,OK
TKT34585416000,2025-11-11T18:33:18Z,PORTE-D,R52279398,ABONNEMENT,OK
TKT58667051930,2025-11-11T18:33:20Z,PORTE-A,R56392484,UNITE,OK
TKT58890921020,2025-11-11T18:33:24Z,PORTE-A,R59741303,ABONNEMENT,OK
TKT34756579410,2025-11-11T18:33:24Z,VIP-EST,R57884526,VIP,OK
TKT16550372606,2025-11-11T18:33:26Z,PORTE-C,R53354255,ABONNEMENT,OK
TKT74945403921,2025-11-11T18:33:32Z,PORTE-C,R51008103,ABONNEMENT,OK
TKT46234603022,2025-11-11T18:33:32Z,PORTE-B,,UNITE,OK
TKT42811234610,2025-11-11T18:33:39Z,PORTE-C,R53892603,UNITE,OK
TKT31110163603,2025-11-11T18:33:42Z,PORTE-C,R51757122,ABONNEMENT,OK
TKT64905323218,2025-11-11T18:33:45Z,VIP-EST,R56692519,ABONNEMENT,OK
TKT32136096069,2025-11-11T18:33:45Z,PORTE-D,R54897310,UNITE,OK
TKT86067224633,2025-11-11T18:33:46Z,PORTE-C,R53884366,UNITE,OK
TKT70994070527,2025-11-11T18:33:47Z,PORTE-D,,GROUPE,OK
TKT32805106167,2025-11-11T18:33:48Z,PORTE-B,,GROUPE,OK
TKT24999578937,2025-11-11T18:33:51Z,PORTE-A,,UNITE,OK
TKT53282590700,2025-11-11T18:33:53Z,VIP-EST,R56571825,ABONNEMENT,OK
TKT96602488440,2025-11-11T18:33:55Z,PORTE-B,R52243777,ABONNEMENT,OK
TKT59096664123,2025-11-11T18:33:55Z,PORTE-B,R57075567,ABONNEMENT,OK
TKT21596472702,2025-11-11T18:33:59Z,PORTE-C,R58958713,ABONNEMENT,OK
TKT87355225416,2025-11-11T18:34:00Z,PORTE-A,R55677592,ABONNEMENT,OK
TKT54049700504,2025-11-11T18:34:01Z,PORTE-D,R58098195,ABONNEMENT,OK
TKT16229640093,2025-11-11T18:34:01Z,PORTE-C,R52040395,UNITE,OK
TKT25714208315,2025-11-11T18:34:02Z,VIP-EST,R53374283,ABONNEMENT,OK
TKT55058536978,2025-11-11T18:34:02Z,PORTE-A,,GROUPE,OK
TKT89718770211,2025-11-11T18:34:04Z,PORTE-B,,UNITE,OK
TKT62949814177,2025-11-11T18:34:07Z,PORTE-D,,UNITE,OK
TKT69257493097,2025-11-11T18:34:11Z,PORTE-C,R54996271,ABONNEMENT,OK
TKT55574335125,2025-11-11T18:34:11Z,PORTE-D,R57726449,UNITE,OK
TKT56853627901,2025-11-11T18:34:13Z,PORTE-C,R59685654,ABONNEMENT,OK
TKT66741719526,2025-11-11T18:34:26Z,PORTE-A,,UNITE,OK
TKT53264956985,2025-11-11T18:34:30Z,PORTE-C,R53558116,UNITE,OK
TKT77153781427,2025-11-11T18:34:30Z,PORTE-A,R58413823,UNITE,OK
TKT43390116518,2025-11-11T18:34:32Z,PORTE-A,R52255826,ABONNEMENT,OK
TKT72181828332,2025-11-11T18:34:32Z,PORTE-A,R52787163,UNITE,OK
TKT39321360284,2025-11-11T18:34:33Z,PORTE-B,R51661762,UNITE,OK
TKT31512563049,2025-11-11T18:34:37Z,PORTE-C,R57727665,UNITE,OK
TKT48551287016,2025-11-11T18:34:38Z,PORTE-D,R58889099,ABONNEMENT,OK
TKT38965281585,2025-11-11T18:34:39Z,PORTE-C,R51028935,ABONNEMENT,OK
TKT93442616304,2025-11-11T18:34:39Z,PORTE-A,R52964387,UNITE,OK
TKT61275730763,2025-11-11T18:34:43Z,PORTE-D,R52548773,INVITATION,OK
TKT51018061965,2025-11-11T18:34:46Z,PORTE-A,R54800801,ABONNEMENT,OK
TKT17310542953,2025-11-11T18:34:51Z,PORTE-C,R58907278,ABONNEMENT,OK
TKT10781198182,2025-11-11T18:34:55Z,PORTE-C,R54135763,UNITE,OK
TKT96965545668,2025-11-11T18:34:56Z,PORTE-C,R58199263,ABONNEMENT,OK
TKT66945820253,2025-11-11T18:34:57Z,PORTE-A,R57641366,ABONNEMENT,OK
TKT71359812631,2025-11-11T18:34:57Z,PORTE-C,R56919798,UNITE,OK
TKT34881601643,2025-11-11T18:34:57Z,PORTE-D,R55756736,INVITATION,OK
TKT34726813861,2025-11-11T18:35:00Z,PORTE-A,R58718005,UNITE,OK
TKT85802877998,2025-11-11T18:35:12Z,VIP-EST,R56256063,ABONNEMENT,OK
TKT40970411723,2025-11-11T18:35:16Z,PORTE-D,,UNITE,OK
TKT75130387871,2025-11-11T18:35:21Z,PORTE-B,R51293617,UNITE,OK
TKT20612974744,2025-11-11T18:35:24Z,PORTE-C,R51109918,UNITE,OK
TKT11763972379,2025-11-11T18:35:25Z,PORTE-C,R51706310,UNITE,OK
TKT67753581889,2025-11-11T18:35:26Z,PORTE-C,R52861202,ABONNEMENT,OK
TKT56965967660,2025-11-11T18:35:26Z,VIP-EST,R59804586,UNITE,OK
TKT86483494876,2025-11-11T18:35:26Z,PORTE-C,R57867362,UNITE,OK
TKT37785252758,2025-11-11T18:35:26Z,PORTE-C,R56928993,UNITE,OK
TKT58849575988,2025-11-11T18:35:27Z,PORTE-A,R55430965,UNITE,OK
TKT10616112829,2025-11-11T18:35:28Z,VIP-EST,,GROUPE,OK
TKT73059858656,2025-11-11T18:35:28Z,PORTE-D,R55657162,UNITE,OK
TKT77710096208,2025-11-11T18:35:29Z,PORTE-A,R59477311,UNITE,OK
TKT77730851708,2025-11-11T18:35:32Z,PORTE-A,R56227798,ABONNEMENT,OK
TKT92998912117,2025-11-11T18:35:33Z,PORTE-C,,UNITE,OK
TKT63309449136,2025-11-11T18:35:34Z,PORTE-C,R55449767,UNITE,OK
TKT98714738366,2025-11-11T18:35:38Z,PORTE-C,,UNITE,OK
TKT10689088019,2025-11-11T18:35:44Z,VIP-EST,R57405361,ABONNEMENT,OK
TKT76386973373,2025-11-11T18:35:47Z,PORTE-C,R59690635,ABONNEMENT,OK
TKT72219543476,2025-11-11T18:35:51Z,VIP-EST,R56981309,VIP,OK
TKT54348929599,2025-11-11T18:35:59Z,VIP-EST,R59962050,UNITE,OK
TKT48137158542,2025-11-11T18:36:00Z,PORTE-A,,UNITE,OK
TKT80862847997,2025-11-11T18:36:02Z,PORTE-C,R58864177,ABONNEMENT,OK
TKT49085036135,2025-11-11T18:36:11Z,PORTE-D,R56763081,ABONNEMENT,OK
TKT96215287867,2025-11-11T18:36:15Z,VIP-EST,R53117493,UNITE,OK
TKT61254586058,2025-11-11T18:36:17Z,PORTE-C,R58087573,UNITE,OK
TKT29115640997,2025-11-11T18:36:24Z,VIP-EST,R53436531,ABONNEMENT,OK
TKT12502145909,2025-11-11T18:36:25Z,PORTE-A,R55868848,UNITE,OK
TKT59085929365,2025-11-11T18:36:26Z,PORTE-D,R56998875,ABONNEMENT,OK
TKT44342021481,2025-11-11T18:36:30Z,PORTE-A,R56127333,ABONNEMENT,OK
TKT24523371301,2025-11-11T18:36:33Z,PORTE-C,R58321193,UNITE,OK
TKT92493291425,2025-11-11T18:36:34Z,PORTE-D,R51590175,UNITE,OK
TKT69143413209,2025-11-11T18:36:35Z,VIP-EST,R51765972,UNITE,OK
TKT12726854522,2025-11-11T18:36:36Z,PORTE-D,R56177321,ABONNEMENT,OK
TKT96379876405,2025-11-11T18:36:44Z,PORTE-C,R56357687,ABONNEMENT,OK
TKT35273010198,2025-11-11T18:36:46Z,PORTE-A,R53229672,UNITE,OK
TKT96786819614,2025-11-11T18:36:48Z,PORTE-A,R53900170,ABONNEMENT,OK
TKT57968801086,2025-11-11T18:36:48Z,PORTE-D,R54184391,UNITE,OK
TKT95253117287,2025-11-11T18:36:49Z,PORTE-B,R52922502,UNITE,OK
TKT48824197434,2025-11-11T18:36:51Z,PORTE-D,R51475812,ABONNEMENT,OK
TKT14309332017,2025-11-11T18:36:51Z,PORTE-C,,UNITE,OK
TKT15711576231,2025-11-11T18:36:54Z,PORTE-B,R52938229,UNITE,OK
TKT83357103353,2025-11-11T18:36:54Z,PORTE-C,R56290046,INVITATION,OK
TKT44762709444,2025-11-11T18:36:56Z,VIP-EST,R58989219,ABONNEMENT,OK
TKT90530488691,2025-11-11T18:37:05Z,PORTE-A,R54621805,UNITE,OK
TKT58272454638,2025-11-11T18:37:12Z,PORTE-D,R57198100,UNITE,OK
TKT57372771808,2025-11-11T18:37:20Z,PORTE-B,,GROUPE,OK
TKT60284857275,2025-11-11T18:37:23Z,VIP-EST,R54521139,ABONNEMENT,OK
TKT18034851678,2025-11-11T18:37:29Z,PORTE-C,R56663430,ABONNEMENT,OK
TKT60139720606,2025-11-11T18:37:29Z,PORTE-D,R59057262,ABONNEMENT,OK
TKT83376210905,2025-11-11T18:37:34Z,PORTE-A,R54184190,UNITE,OK
TKT65023469797,2025-11-11T18:37:38Z,PORTE-D,R53431426,UNITE,OK
TKT94429792304,2025-11-11T18:37:39Z,PORTE-A,,UNITE,OK
TKT17742676802,2025-11-11T18:37:43Z,PORTE-A,R59558093,ABONNEMENT,OK
TKT86906986398,2025-11-11T18:37:44Z,PORTE-D,R53944641,ABONNEMENT,OK
TKT18690104743,2025-11-11T18:37:45Z,PORTE-C,R58624082,UNITE,OK
TKT44224388154,2025-11-11T18:37:46Z,PORTE-D,R57320365,UNITE,OK
TKT45177553971,2025-11-11T18:37:46Z,VIP-EST,,VIP,OK
TKT15062345974,2025-11-11T18:37:48Z,PORTE-A,R54708573,ABONNEMENT,OK
TKT95447205913,2025-11-11T18:37:49Z,PORTE-C,R58380654,ABONNEMENT,OK
TKT20999735200,2025-11-11T18:37:52Z,PORTE-B,R55468827,ABONNEMENT,OK
TKT59667512915,2025-11-11T18:37:53Z,PORTE-D,R52757595,ABONNEMENT,OK
TKT16804033786,2025-11-11T18:37:54Z,PORTE-C,R51043111,ABONNEMENT,OK
TKT76544781259,2025-11-11T18:37:55Z,PORTE-A,R57620323,ABONNEMENT,OK
TKT79484838623,2025-11-11T18:37:55Z,PORTE-C,R52007082,UNITE,OK
TKT33808792541,2025-11-11T18:37:57Z,VIP-EST,R56192857,UNITE,OK
TKT81547252298,2025-11-11T18:37:58Z,PORTE-A,R54824976,ABONNEMENT,OK
TKT73624094243,2025-11-11T18:37:59Z,PORTE-A,R54637877,UNITE,OK
TKT25792462746,2025-11-11T18:38:01Z,PORTE-A,R58454827,ABONNEMENT,OK
TKT40417948513,2025-11-11T18:38:08Z,PORTE-C,R58215010,ABONNEMENT,OK
TKT28983190847,2025-11-11T18:38:45Z,PORTE-C,R56448334,UNITE,OK
TKT54218680784,2025-11-11T18:38:51Z,VIP-EST,R51771824,UNITE,OK
TKT16575399794,2025-11-11T18:39:00Z,PORTE-D,R56693735,ABONNEMENT,OK
TKT62949814177,2025-11-11T18:39:07Z,PORTE-D,,UNITE,REFUSE_DEJA_SCANNE
TKT57903127512,2025-11-11T18:39:13Z,VIP-EST,,GROUPE,OK
TKT39279044736,2025-11-11T18:39:52Z,PORTE-D,R59230339,ABONNEMENT,OK
TKT84136071606,2025-11-11T18:39:53Z,PORTE-D,,GROUPE,OK
TKT59649364259,2025-11-11T18:40:03Z,PORTE-A,,UNITE,OK
TKT50339119826,2025-11-11T18:40:36Z,PORTE-A,R56069644,UNITE,OK
TKT80246198719,2025-11-11T18:40:38Z,PORTE-C,R52512338,ABONNEMENT,OK
TKT11174185057,2025-11-11T18:40:40Z,PORTE-C,R51671436,UNITE,OK
TKT57047562303,2025-11-11T18:40:43Z,PORTE-A,R54515478,ABONNEMENT,OK
TKT25643866148,2025-11-11T18:40:54Z,PORTE-D,,UNITE,OK
TKT35822064015,2025-11-11T18:40:57Z,VIP-EST,,UNITE,OK
TKT40510342875,2025-11-11T18:41:09Z,VIP-EST,R56628355,VIP,OK
TKT86138927968,2025-11-11T18:41:16Z,PORTE-B,R53428160,UNITE,OK
TKT65193460514,2025-11-11T18:41:18Z,PORTE-B,R58971452,UNITE,OK
TKT22785331344,2025-11-11T18:41:21Z,PORTE-C,R58106087,ABONNEMENT,OK
TKT73873326707,2025-11-11T18:41:22Z,PORTE-C,R51101614,ABONNEMENT,OK
TKT41800803085,2025-11-11T18:41:29Z,PORTE-A,R58626390,UNITE,OK
TKT30474212744,2025-11-11T18:41:42Z,PORTE-C,,UNITE,OK
TKT16060785863,2025-11-11T18:41:42Z,PORTE-A,R55441922,UNITE,OK
TKT27948850230,2025-11-11T18:41:49Z,PORTE-B,R56870222,UNITE,OK
TKT27992028170,2025-11-11T18:41:54Z,VIP-EST,R55910733,ABONNEMENT,OK
TKT90530488691,2025-11-11T18:42:05Z,PORTE-A,R54621805,UNITE,REFUSE_DEJA_SCANNE
TKT27365856118,2025-11-11T18:42:14Z,PORTE-C,R57872956,UNITE,OK
TKT66666642694,2025-11-11T18:42:37Z,PORTE-A,R56848623,ABONNEMENT,OK
TKT99084300028,2025-11-11T18:43:14Z,PORTE-D,R53410383,ABONNEMENT,OK
TKT66078158149,2025-11-11T18:43:21Z,PORTE-D,R57528450,UNITE,OK
TKT92629768487,2025-11-11T18:43:37Z,PORTE-C,R53021061,UNITE,OK
TKT43949705932,2025-11-11T18:43:43Z,PORTE-C,R55519036,ABONNEMENT,OK
TKT30317482824,2025-11-11T18:43:44Z,PORTE-C,R58885689,ABONNEMENT,OK
TKT11339526271,2025-11-11T18:43:56Z,PORTE-D,R52370792,UNITE,OK
TKT13592688284,2025-11-11T18:44:00Z,PORTE-B,R57098191,UNITE,OK
TKT11888191163,2025-11-11T18:44:06Z,PORTE-C,R51804792,ABONNEMENT,OK
TKT44742114747,2025-11-11T18:44:12Z,PORTE-C,,GROUPE,OK
TKT21868068506,2025-11-11T18:44:13Z,PORTE-A,R55559005,ABONNEMENT,OK
TKT73387972535,2025-11-11T18:44:17Z,PORTE-B,R51754057,UNITE,OK
TKT14183461242,2025-11-11T18:44:19Z,PORTE-D,R52391845,ABONNEMENT,OK
TKT36395778656,2025-11-11T18:44:23Z,PORTE-A,R58453457,ABONNEMENT,OK
TKT47668008083,2025-11-11T18:44:26Z,PORTE-B,R53405412,ABONNEMENT,OK
TKT86769659298,2025-11-11T18:44:26Z,VIP-EST,R54054981,UNITE,OK
TKT60458520739,2025-11-11T18:44:28Z,PORTE-D,R57923624,UNITE,OK
TKT37675910498,2025-11-11T18:44:31Z,PORTE-B,,UNITE,OK
TKT29525517762,2025-11-11T18:44:34Z,PORTE-A,R52173272,ABONNEMENT,OK
TKT57122376275,2025-11-11T18:44:46Z,PORTE-A,,UNITE,OK
TKT17324195164,2025-11-11T18:44:47Z,PORTE-A,R54273755,ABONNEMENT,OK
TKT18373451182,2025-11-11T18:44:48Z,PORTE-C,R59870924,UNITE,OK
TKT77362373791,2025-11-11T18:44:52Z,PORTE-C,,UNITE,OK
TKT41514512744,2025-11-11T18:44:54Z,VIP-EST,R51489787,UNITE,OK
TKT33343647388,2025-11-11T18:44:55Z,PORTE-C,R58574764,UNITE,OK
TKT94645447052,2025-11-11T18:44:56Z,PORTE-B,R58941884,UNITE,OK
TKT63451796444,2025-11-11T18:44:57Z,PORTE-B,R56317842,ABONNEMENT,OK
TKT21596472702,2025-11-11T18:44:59Z,PORTE-C,R58958713,ABONNEMENT,REFUSE_DEJA_SCANNE
TKT17270003706,2025-11-11T18:45:03Z,PORTE-C,R52862964,ABONNEMENT,OK
TKT83704491709,2025-11-11T18:45:05Z,PORTE-C,R59222638,ABONNEMENT,OK
TKT94608176526,2025-11-11T18:45:07Z,PORTE-C,R56203814,INVITATION,OK
TKT33535944772,2025-11-11T18:45:10Z,VIP-EST,R58052766,ABONNEMENT,OK
TKT14912591896,2025-11-11T18:45:32Z,PORTE-A,,VIP,OK
TKT31504726864,2025-11-11T18:45:36Z,PORTE-D,R52606060,ABONNEMENT,OK
TKT96746489720,2025-11-11T18:45:43Z,PORTE-D,,INVITATION,OK
TKT74442937846,2025-11-11T18:45:46Z,PORTE-C,R59600390,UNITE,OK
TKT91516718254,2025-11-11T18:45:50Z,PORTE-D,R54632092,ABONNEMENT,OK
TKT58120555686,2025-11-11T18:45:53Z,PORTE-D,R51249893,ABONNEMENT,OK
TKT32147744939,2025-11-11T18:46:00Z,PORTE-C,,UNITE,OK
TKT89555781282,2025-11-11T18:46:01Z,PORTE-C,R58795032,ABONNEMENT,OK
TKT72076311514,2025-11-11T18:46:01Z,PORTE-A,,UNITE,OK
TKT36679986307,2025-11-11T18:46:02Z,PORTE-C,R56141355,UNITE,OK
TKT32173384103,2025-11-11T18:46:03Z,VIP-EST,R58208937,VIP,OK
TKT53088826821,2025-11-11T18:46:09Z,PORTE-C,R56660710,UNITE,OK
TKT56489961298,2025-11-11T18:46:15Z,PORTE-A,R51975005,UNITE,OK
TKT10698325647,2025-11-11T18:46:17Z,PORTE-C,R51995023,UNITE,OK
TKT62862196760,2025-11-11T18:46:26Z,PORTE-A,R58275553,ABONNEMENT,OK
TKT64484736724,2025-11-11T18:46:28Z,PORTE-B,R53833276,INVITATION,OK
TKT60458520739,2025-11-11T18:46:28Z,PORTE-D,R57923624,UNITE,REFUSE_DEJA_SCANNE
TKT32513805561,2025-11-11T18:46:34Z,PORTE-A,R52382650,UNITE,OK
TKT57496706265,2025-11-11T18:46:39Z,PORTE-A,R59031861,UNITE,OK
TKT23187121379,2025-11-11T18:46:42Z,PORTE-A,R57100633,ABONNEMENT,OK
TKT88946628573,2025-11-11T18:46:43Z,PORTE-A,R59711678,ABONNEMENT,OK
TKT87763372402,2025-11-11T18:46:46Z,PORTE-C,R55095654,UNITE,OK
TKT14943203147,2025-11-11T18:46:53Z,PORTE-B,R52706036,UNITE,OK
TKT51473744823,2025-11-11T18:46:55Z,PORTE-C,R53726279,UNITE,OK
TKT78140068464,2025-11-11T18:46:59Z,PORTE-A,,UNITE,OK
TKT14392949221,2025-11-11T18:47:01Z,PORTE-C,R53089985,ABONNEMENT,OK
TKT64787174352,2025-11-11T18:47:08Z,VIP-EST,R58000929,UNITE,OK
TKT45120601203,2025-11-11T18:47:08Z,PORTE-D,,GROUPE,OK
TKT91368792123,2025-11-11T18:47:18Z,PORTE-B,R58981595,UNITE,OK
TKT67753581889,2025-11-11T18:47:26Z,PORTE-C,R52861202,ABONNEMENT,REFUSE_DEJA_SCANNE
TKT58326569164,2025-11-11T18:47:26Z,PORTE-D,R58811459,UNITE,OK
TKT40090269689,2025-11-11T18:47:29Z,PORTE-C,R55004039,ABONNEMENT,OK
TKT24952600642,2025-11-11T18:47:31Z,PORTE-D,R58180883,ABONNEMENT,OK
TKT69016804789,2025-11-11T18:47:31Z,PMR-NORD,,UNITE,OK
TKT37675910498,2025-11-11T18:47:31Z,PORTE-B,,UNITE,REFUSE_DEJA_SCANNE
TKT48651529191,2025-11-11T18:47:42Z,PORTE-B,R51976087,UNITE,OK
TKT91183283466,2025-11-11T18:47:46Z,PORTE-C,R59218759,ABONNEMENT,OK
TKT35352762257,2025-11-11T18:47:54Z,PORTE-C,,UNITE,OK
TKT72432441388,2025-11-11T18:47:58Z,PORTE-A,R55578832,UNITE,OK
TKT61837431428,2025-11-11T18:48:08Z,PORTE-D,R58661197,INVITATION,OK
TKT73488705206,2025-11-11T18:48:12Z,PORTE-A,R51674635,ABONNEMENT,OK
TKT57223733117,2025-11-11T18:48:14Z,PORTE-C,R55722140,ABONNEMENT,OK
TKT41057328440,2025-11-11T18:48:17Z,PORTE-A,,GROUPE,OK
TKT11380811167,2025-11-11T18:48:18Z,VIP-EST,R55546142,UNITE,OK
TKT27428173666,2025-11-11T18:48:19Z,PORTE-A,R55389884,ABONNEMENT,OK
TKT80758578919,2025-11-11T18:48:23Z,VIP-EST,,GROUPE,OK
TKT96143412149,2025-11-11T18:48:29Z,VIP-EST,R53631197,ABONNEMENT,OK
TKT32788815934,2025-11-11T18:48:30Z,PORTE-A,R57658875,ABONNEMENT,OK
TKT60924425753,2025-11-11T18:48:35Z,VIP-EST,R56050430,VIP,OK
TKT53673689314,2025-11-11T18:48:37Z,VIP-EST,R56755993,ABONNEMENT,OK
TKT34463712947,2025-11-11T18:48:38Z,PORTE-D,R59920443,UNITE,OK
TKT78875294775,2025-11-11T18:48:39Z,VIP-EST,R51101892,UNITE,OK
TKT57906695895,2025-11-11T18:48:42Z,VIP-EST,R53030658,ABONNEMENT,OK
TKT96379876405,2025-11-11T18:48:44Z,PORTE-C,R56357687,ABONNEMENT,REFUSE_DEJA_SCANNE
TKT20342669640,2025-11-11T18:48:48Z,PORTE-D,R59691794,ABONNEMENT,OK
TKT20491544412,2025-11-11T18:48:57Z,PORTE-D,R52628329,UNITE,OK
TKT38384564042,2025-11-11T18:49:00Z,PORTE-C,R53032430,ABONNEMENT,OK
TKT57027771222,2025-11-11T18:49:01Z,PORTE-C,R55059554,UNITE,OK
TKT13769344187,2025-11-11T18:49:09Z,PORTE-D,R53501174,INVITATION,OK
TKT56770741818,2025-11-11T18:49:10Z,PORTE-C,,UNITE,OK
TKT79089397458,2025-11-11T18:49:11Z,PORTE-A,R51678859,UNITE,OK
TKT72507507848,2025-11-11T18:49:13Z,PORTE-C,R52371271,ABONNEMENT,OK
TKT81999834285,2025-11-11T18:49:13Z,VIP-EST,,UNITE,OK
TKT17280155212,2025-11-11T18:49:21Z,PORTE-D,R58354898,UNITE,OK
TKT56342846402,2025-11-11T18:49:23Z,VIP-EST,R52585285,UNITE,OK
TKT15818994774,2025-11-11T18:49:35Z,PORTE-B,R53239624,ABONNEMENT,OK
TKT29235792576,2025-11-11T18:49:38Z,PORTE-A,R52310038,ABONNEMENT,OK
TKT88534797272,2025-11-11T18:49:41Z,PORTE-B,R57168073,UNITE,OK
TKT59713173416,2025-11-11T18:49:42Z,PORTE-B,R59934609,ABONNEMENT,OK
TKT58180430175,2025-11-11T18:49:45Z,PORTE-C,R58980570,UNITE,OK
TKT12524231483,2025-11-11T18:49:47Z,VIP-EST,,UNITE,OK
TKT80000635105,2025-11-11T18:49:48Z,PORTE-D,R56661189,UNITE,OK
TKT43848122302,2025-11-11T18:49:50Z,PORTE-C,R53004500,ABONNEMENT,OK
TKT46462269303,2025-11-11T18:49:56Z,PORTE-D,,GROUPE,OK
TKT53948593976,2025-11-11T18:49:56Z,PORTE-C,R52680089,UNITE,OK
TKT22795035068,2025-11-11T18:49:57Z,VIP-EST,,UNITE,OK
TKT14798758479,2025-11-11T18:49:57Z,PORTE-C,R52444362,UNITE,OK
TKT73286249599,2025-11-11T18:49:57Z,PORTE-B,R59038949,UNITE,OK
TKT16433371526,2025-11-11T18:49:59Z,PORTE-A,R57307961,ABONNEMENT,OK
TKT24461348305,2025-11-11T18:50:04Z,VIP-EST,R53970933,ABONNEMENT,OK
TKT31088383633,2025-11-11T18:50:07Z,PORTE-A,R51908466,ABONNEMENT,OK
TKT22045711709,2025-11-11T18:50:08Z,PORTE-A,R57800890,UNITE,OK
TKT79012021642,2025-11-11T18:50:12Z,PORTE-C,R55638293,ABONNEMENT,OK
TKT56835056609,2025-11-11T18:50:15Z,PORTE-B,R52058986,UNITE,OK
TKT30647713965,2025-11-11T18:50:15Z,PORTE-A,R57830927,UNITE,OK
TKT68154723005,2025-11-11T18:50:15Z,VIP-EST,R53694125,UNITE,OK
TKT91824732003,2025-11-11T18:50:18Z,PORTE-C,R55049478,ABONNEMENT,OK
TKT71129718468,2025-11-11T18:50:19Z,PORTE-C,R59551072,ABONNEMENT,OK
TKT70379986038,2025-11-11T18:50:19Z,PORTE-C,R53574188,INVITATION,OK
TKT95536334620,2025-11-11T18:50:22Z,PORTE-C,R54585437,UNITE,OK
TKT94308279494,2025-11-11T18:50:27Z,PORTE-C,R56044913,ABONNEMENT,OK
TKT13600148716,2025-11-11T18:50:28Z,VIP-EST,R51644263,UNITE,OK
TKT59660137340,2025-11-11T18:50:29Z,PORTE-A,,VIP,OK
TKT18348351647,2025-11-11T18:50:33Z,PORTE-A,,VIP,OK
TKT42225864463,2025-11-11T18:50:34Z,PORTE-B,R57553583,UNITE,OK
TKT74358440767,2025-11-11T18:50:40Z,PORTE-A,R55146868,VIP,OK
TKT93164301614,2025-11-11T18:50:41Z,PORTE-D,R51552715,INVITATION,OK
TKT99425061579,2025-11-11T18:50:42Z,PORTE-D,R52500691,ABONNEMENT,OK
TKT54401311539,2025-11-11T18:50:42Z,PORTE-B,R53653121,ABONNEMENT,OK
TKT54729200940,2025-11-11T18:50:46Z,PORTE-A,R57022715,UNITE,OK
TKT92680323389,2025-11-11T18:50:50Z,PORTE-C,,INVITATION,OK
TKT75110390784,2025-11-11T18:50:51Z,PORTE-C,,UNITE,OK
TKT18223079044,2025-11-11T18:50:54Z,PORTE-C,R55104571,ABONNEMENT,OK
TKT35560404326,2025-11-11T18:50:57Z,PORTE-A,R58028447,UNITE,OK
TKT23579487491,2025-11-11T18:51:00Z,PORTE-C,R56391737,ABONNEMENT,OK
TKT26076741816,2025-11-11T18:51:01Z,VIP-EST,,VIP,OK
TKT44963341031,2025-11-11T18:51:01Z,PORTE-D,R58003247,UNITE,OK
TKT73125622127,2025-11-11T18:51:02Z,PORTE-D,R56755926,ABONNEMENT,OK
TKT21592556854,2025-11-11T18:51:02Z,PORTE-C,R57300538,UNITE,OK
TKT80317355613,2025-11-11T18:51:03Z,PORTE-C,,UNITE,OK
TKT72037870785,2025-11-11T18:51:10Z,PORTE-C,R51325081,ABONNEMENT,OK
TKT95390331397,2025-11-11T18:51:11Z,PORTE-C,R58649617,INVITATION,OK
TKT86364375539,2025-11-11T18:51:19Z,PORTE-A,R57457265,UNITE,OK
TKT39937922696,2025-11-11T18:51:19Z,PORTE-B,R58043226,UNITE,OK
TKT78116436057,2025-11-11T18:51:26Z,PORTE-B,R57038864,ABONNEMENT,OK
TKT69746657745,2025-11-11T18:51:28Z,PORTE-D,R58663381,UNITE,OK
TKT89886708447,2025-11-11T18:51:30Z,PORTE-B,R54158300,UNITE,OK
TKT77461469034,2025-11-11T18:51:30Z,PORTE-C,,GROUPE,OK
TKT82498654262,2025-11-11T18:51:31Z,PORTE-A,R57962310,ABONNEMENT,OK
TKT64298451199,2025-11-11T18:51:47Z,PORTE-C,R55875524,UNITE,OK
TKT10125541115,2025-11-11T18:51:51Z,PORTE-D,R56701637,UNITE,OK
TKT53276782256,2025-11-11T18:51:52Z,PORTE-A,R53663485,UNITE,OK
TKT16948603118,2025-11-11T18:51:54Z,PMR-NORD,R55116151,UNITE,OK
TKT14037140629,2025-11-11T18:52:03Z,PORTE-C,R58391822,ABONNEMENT,OK
TKT24461348305,2025-11-11T18:52:04Z,VIP-EST,R53970933,ABONNEMENT,REFUSE_DEJA_SCANNE
TKT96200975498,2025-11-11T18:52:06Z,PORTE-B,R53402414,ABONNEMENT,OK
TKT99948102346,2025-11-11T18:52:09Z,PORTE-A,R57140143,UNITE,OK
TKT36329839002,2025-11-11T18:52:10Z,VIP-EST,R56769891,UNITE,OK
TKT14015742811,2025-11-11T18:52:10Z,PORTE-C,R52230425,UNITE,OK
TKT73435898022,2025-11-11T18:52:18Z,PORTE-A,,UNITE,REFUSE_INVALIDE
TKT41029903969,2025-11-11T18:52:24Z,PORTE-C,R54978370,UNITE,OK
TKT72821997065,2025-11-11T18:52:26Z,VIP-EST,R53563623,UNITE,OK
TKT67848428729,2025-11-11T18:52:31Z,PORTE-D,R52579758,ABONNEMENT,OK
TKT60912952100,2025-11-11T18:52:41Z,PORTE-B,R51632951,ABONNEMENT,OK
TKT16397825294,2025-11-11T18:52:45Z,VIP-EST,,VIP,OK
TKT31764186525,2025-11-11T18:52:47Z,PORTE-D,R52714685,UNITE,OK
TKT85878327785,2025-11-11T18:52:53Z,PORTE-A,R57865044,VIP,OK
TKT47116574715,2025-11-11T18:52:56Z,PORTE-D,R58468179,UNITE,OK
TKT38114429192,2025-11-11T18:52:56Z,PORTE-C,,GROUPE,OK
TKT62771068433,2025-11-11T18:52:57Z,PORTE-C,R57393178,UNITE,OK
TKT39807363522,2025-11-11T18:52:58Z,PORTE-D,R59250635,ABONNEMENT,OK
TKT30568507636,2025-11-11T18:52:58Z,PORTE-B,,GROUPE,OK
TKT33378159153,2025-11-11T18:52:59Z,PORTE-D,R57442352,ABONNEMENT,OK
TKT90851677272,2025-11-11T18:53:03Z,VIP-EST,R59318946,UNITE,OK
TKT89685585874,2025-11-11T18:53:04Z,VIP-EST,R51512669,ABONNEMENT,OK
TKT30170421670,2025-11-11T18:53:04Z,PORTE-A,R53349619,ABONNEMENT,OK
TKT53007552413,2025-11-11T18:53:07Z,PORTE-D,R57075711,ABONNEMENT,OK
TKT94348055016,2025-11-11T18:53:09Z,PORTE-D,R57718470,ABONNEMENT,OK
TKT66018798371,2025-11-11T18:53:09Z,PORTE-C,R54670088,UNITE,OK
TKT52160442409,2025-11-11T18:53:09Z,PORTE-C,R53376122,UNITE,OK
TKT19337631588,2025-11-11T18:53:09Z,PORTE-D,R52013902,UNITE,OK
TKT57101356981,2025-11-11T18:53:10Z,PORTE-A,R55277025,ABONNEMENT,OK
TKT34267735016,2025-11-11T18:53:15Z,PORTE-C,,UNITE,OK
TKT44119668839,2025-11-11T18:53:16Z,PORTE-D,R56911226,ABONNEMENT,OK
TKT52234506588,2025-11-11T18:53:19Z,PORTE-D,R52995583,ABONNEMENT,OK
TKT14555782938,2025-11-11T18:53:19Z,PORTE-A,R52519205,UNITE,OK
TKT82296576824,2025-11-11T18:53:24Z,PORTE-C,R56151240,ABONNEMENT,OK
TKT19817275366,2025-11-11T18:53:26Z,PORTE-A,R54755295,ABONNEMENT,OK
TKT46324754270,2025-11-11T18:53:28Z,PORTE-C,R51162512,UNITE,OK
TKT24660558826,2025-11-11T18:53:30Z,VIP-EST,R59419009,VIP,OK
TKT31838101028,2025-11-11T18:53:30Z,PORTE-A,,UNITE,OK
TKT38515196107,2025-11-11T18:53:32Z,PORTE-A,R55181263,UNITE,OK
TKT93430378601,2025-11-11T18:53:33Z,PORTE-D,R58854436,ABONNEMENT,OK
TKT74242390625,2025-11-11T18:53:34Z,PORTE-A,R54960382,UNITE,OK
TKT91541986463,2025-11-11T18:53:37Z,PORTE-C,,UNITE,OK
TKT18654444164,2025-11-11T18:53:37Z,PORTE-C,,GROUPE,OK
TKT94424482859,2025-11-11T18:53:38Z,VIP-EST,R57646213,UNITE,OK
TKT24706907391,2025-11-11T18:53:40Z,PORTE-A,R51481339,ABONNEMENT,OK
TKT99901393885,2025-11-11T18:53:40Z,PORTE-A,R53548643,ABONNEMENT,OK
TKT61316416051,2025-11-11T18:53:41Z,PORTE-A,R58707651,ABONNEMENT,OK
TKT65256969934,2025-11-11T18:53:43Z,PORTE-D,R53656052,ABONNEMENT,OK
TKT72778190445,2025-11-11T18:53:44Z,VIP-EST,R54057567,UNITE,OK
TKT22198951752,2025-11-11T18:53:47Z,PORTE-A,R55514132,UNITE,OK
TKT49070532357,2025-11-11T18:53:54Z,VIP-EST,R54626498,ABONNEMENT,OK
TKT63677965542,2025-11-11T18:53:58Z,PORTE-C,,UNITE,OK
TKT54553005393,2025-11-11T18:54:04Z,PORTE-D,R54395464,ABONNEMENT,OK
TKT79140521834,2025-11-11T18:54:08Z,PORTE-D,R58997198,UNITE,OK
TKT64973710155,2025-11-11T18:54:08Z,PORTE-D,R58858047,UNITE,OK
TKT74243232198,2025-11-11T18:54:12Z,PORTE-C,R51351584,UNITE,OK
TKT55018949826,2025-11-11T18:54:13Z,VIP-EST,R58018438,UNITE,OK
TKT89720210601,2025-11-11T18:54:16Z,PORTE-B,R54607974,ABONNEMENT,OK
TKT40747789811,2025-11-11T18:54:17Z,VIP-EST,R52435847,UNITE,OK
TKT44767199681,2025-11-11T18:54:18Z,PORTE-B,R55060502,UNITE,OK
TKT75689513366,2025-11-11T18:54:19Z,PORTE-A,R59911305,UNITE,OK
TKT93484552179,2025-11-11T18:54:20Z,PORTE-A,R57976141,ABONNEMENT,OK
TKT57779126413,2025-11-11T18:54:22Z,PORTE-C,R52439659,UNITE,OK
TKT75249892533,2025-11-11T18:54:22Z,VIP-EST,R55861894,UNITE,OK
TKT62508505270,2025-11-11T18:54:24Z,PORTE-D,R51635202,UNITE,OK
TKT47668008083,2025-11-11T18:54:26Z,PORTE-B,R53405412,ABONNEMENT,REFUSE_DEJA_SCANNE
TKT79093092775,2025-11-11T18:54:26Z,PORTE-D,R54256390,ABONNEMENT,OK
TKT17879131244,2025-11-11T18:54:29Z,PORTE-A,R54337296,ABONNEMENT,OK
TKT34811210424,2025-11-11T18:54:30Z,PORTE-D,,GROUPE,OK
TKT75667417991,2025-11-11T18:54:31Z,PORTE-A,,UNITE,OK
TKT37068234046,2025-11-11T18:54:38Z,PORTE-C,,UNITE,OK
TKT23793798955,2025-11-11T18:54:39Z,PORTE-C,R57693136,INVITATION,OK
TKT97486522189,2025-11-11T18:54:39Z,PORTE-C,,UNITE,OK
TKT86497892241,2025-11-11T18:54:40Z,PORTE-C,R54725871,ABONNEMENT,OK
TKT40386534513,2025-11-11T18:54:41Z,PORTE-B,R54331722,UNITE,OK
TKT78945598508,2025-11-11T18:54:44Z,PORTE-C,R52804729,ABONNEMENT,OK
TKT36745249926,2025-11-11T18:54:47Z,VIP-EST,R59528257,UNITE,OK
TKT35064239507,2025-11-11T18:54:50Z,VIP-EST,R52861537,UNITE,OK
TKT67032759432,2025-11-11T18:54:52Z,PORTE-D,R52478067,ABONNEMENT,OK
TKT91721710168,2025-11-11T18:54:55Z,VIP-EST,,GROUPE,OK
TKT93553331580,2025-11-11T18:54:56Z,PORTE-B,R57274246,UNITE,OK
TKT69577265587,2025-11-11T18:55:01Z,PORTE-A,R57812403,ABONNEMENT,OK
TKT58436940288,2025-11-11T18:55:02Z,PORTE-D,,GROUPE,OK
TKT43645089286,2025-11-11T18:55:04Z,PORTE-C,R55452889,UNITE,OK
TKT35402812129,2025-11-11T18:55:04Z,PORTE-C,,UNITE,OK
TKT41911690197,2025-11-11T18:55:05Z,PORTE-C,R51699701,UNITE,OK
TKT84894454269,2025-11-11T18:55:06Z,PORTE-B,R58321461,UNITE,OK
TKT66736102119,2025-11-11T18:55:10Z,VIP-EST,R59151128,UNITE,OK
TKT81177519827,2025-11-11T18:55:11Z,PORTE-B,R53002671,UNITE,OK
TKT70592000081,2025-11-11T18:55:15Z,PORTE-C,R57461757,UNITE,OK
TKT74744911186,2025-11-11T18:55:19Z,PORTE-D,,GROUPE,OK
TKT26269918059,2025-11-11T18:55:21Z,PORTE-A,R58181352,UNITE,OK
TKT98632816257,2025-11-11T18:55:25Z,PORTE-C,,UNITE,OK
TKT84824093437,2025-11-11T18:55:27Z,PORTE-C,R54041897,ABONNEMENT,OK
TKT19365361088,2025-11-11T18:55:31Z,PORTE-C,R51594131,ABONNEMENT,OK
TKT81401405845,2025-11-11T18:55:31Z,PORTE-C,R52295738,INVITATION,OK
TKT26561569071,2025-11-11T18:55:33Z,PORTE-B,R54134872,UNITE,OK
TKT19523758130,2025-11-11T18:55:37Z,PORTE-C,R59613387,ABONNEMENT,OK
TKT90570663409,2025-11-11T18:55:40Z,PORTE-C,R58540647,ABONNEMENT,OK
TKT50170868225,2025-11-11T18:55:40Z,PORTE-D,R54824363,UNITE,OK
TKT96525826074,2025-11-11T18:55:44Z,PORTE-A,R58122715,INVITATION,OK
TKT87059865457,2025-11-11T18:55:45Z,PORTE-B,R58473083,ABONNEMENT,OK
TKT76526258180,2025-11-11T18:55:45Z,PORTE-D,R56801020,UNITE,OK
TKT71765314866,2025-11-11T18:55:46Z,PORTE-C,R56579717,ABONNEMENT,OK
TKT63820102855,2025-11-11T18:55:48Z,PORTE-C,R55928711,UNITE,OK
TKT20846074256,2025-11-11T18:55:50Z,PORTE-A,R57610793,UNITE,OK
TKT48788202579,2025-11-11T18:55:53Z,PORTE-C,R52142220,UNITE,OK
TKT38738065907,2025-11-11T18:55:54Z,PORTE-A,R55951536,UNITE,OK
TKT15721037149,2025-11-11T18:55:56Z,PORTE-D,R56689253,ABONNEMENT,OK
TKT48344542561,2025-11-11T18:55:56Z,PORTE-C,R57947665,UNITE,OK
TKT23025741590,2025-11-11T18:55:57Z,PORTE-C,R57469190,UNITE,OK
TKT56698150658,2025-11-11T18:55:59Z,PORTE-C,R55884441,ABONNEMENT,OK
TKT24842665426,2025-11-11T18:56:04Z,PORTE-D,R57494045,ABONNEMENT,OK
TKT92876747270,2025-11-11T18:56:05Z,PORTE-C,R53070781,ABONNEMENT,OK
TKT79301575894,2025-11-11T18:56:05Z,PORTE-C,R56701915,ABONNEMENT,OK
TKT96298101750,2025-11-11T18:56:07Z,VIP-EST,R53712927,UNITE,OK
TKT16078858851,2025-11-11T18:56:13Z,VIP-EST,R56194073,UNITE,REFUSE_INVALIDE
TKT52294290690,2025-11-11T18:56:14Z,PORTE-B,R57432199,ABONNEMENT,OK
TKT27651307968,2025-11-11T18:56:15Z,PORTE-A,R54107354,UNITE,OK
TKT64388046225,2025-11-11T18:56:16Z,VIP-EST,R57965586,ABONNEMENT,OK
TKT20809563053,2025-11-11T18:56:16Z,VIP-EST,R53494287,ABONNEMENT,OK
TKT50145311027,2025-11-11T18:56:17Z,PORTE-C,R59097854,UNITE,OK
TKT78413369029,2025-11-11T18:56:18Z,PORTE-D,R52233145,ABONNEMENT,OK
TKT70345452685,2025-11-11T18:56:19Z,PORTE-B,R51043992,UNITE,OK
TKT33596766830,2025-11-11T18:56:19Z,PORTE-C,R55842757,UNITE,OK
TKT76475577031,2025-11-11T18:56:22Z,PORTE-A,R58449032,UNITE,OK
TKT11389500624,2025-11-11T18:56:25Z,VIP-EST,R59602152,UNITE,OK
TKT53172971804,2025-11-11T18:56:28Z,VIP-EST,R52523573,ABONNEMENT,OK
TKT12503259156,2025-11-11T18:56:32Z,PORTE-C,R55467946,ABONNEMENT,OK
TKT87371551012,2025-11-11T18:56:32Z,PORTE-C,R56495123,ABONNEMENT,OK
TKT22635961756,2025-11-11T18:56:32Z,VIP-EST,R51448237,UNITE,OK
TKT42439975085,2025-11-11T18:56:34Z,PORTE-C,R54972029,ABONNEMENT,OK
TKT57921563620,2025-11-11T18:56:34Z,VIP-EST,R58829839,VIP,OK
TKT67793258822,2025-11-11T18:56:35Z,PORTE-D,R58562025,UNITE,OK
TKT13791397268,2025-11-11T18:56:38Z,PORTE-B,R57238702,ABONNEMENT,OK
TKT86020208573,2025-11-11T18:56:42Z,PORTE-A,R56726157,UNITE,OK
TKT73624477902,2025-11-11T18:56:45Z,PORTE-D,R52644401,UNITE,OK
TKT66014451862,2025-11-11T18:56:46Z,PORTE-B,,UNITE,OK
TKT35888736248,2025-11-11T18:56:48Z,PORTE-C,,UNITE,OK
TKT79891398290,2025-11-11T18:56:48Z,PORTE-A,R51637175,UNITE,OK
TKT32055413456,2025-11-11T18:56:49Z,PORTE-A,R55182566,ABONNEMENT,OK
TKT55802703261,2025-11-11T18:56:54Z,PORTE-A,,UNITE,OK
TKT59916766466,2025-11-11T18:56:56Z,PORTE-C,R53270676,UNITE,OK
TKT69570498847,2025-11-11T18:56:58Z,VIP-EST,R51615787,ABONNEMENT,OK
TKT64959042961,2025-11-11T18:56:58Z,PORTE-A,R56040756,UNITE,OK
TKT58106728824,2025-11-11T18:57:02Z,PORTE-B,R52209305,UNITE,OK
TKT64022812040,2025-11-11T18:57:04Z,PORTE-C,R58161401,UNITE,OK
TKT37236654363,2025-11-11T18:57:07Z,PORTE-C,R58452298,ABONNEMENT,OK
TKT46226912397,2025-11-11T18:57:08Z,PORTE-C,R55233579,ABONNEMENT,OK
TKT33229326013,2025-11-11T18:57:08Z,VIP-EST,R58828891,UNITE,OK
TKT97722327059,2025-11-11T18:57:09Z,PORTE-D,R57516870,ABONNEMENT,OK
TKT64851561764,2025-11-11T18:57:10Z,PORTE-C,R54259110,ABONNEMENT,OK
TKT33155536546,2025-11-11T18:57:13Z,VIP-EST,R58821257,UNITE,OK
TKT11765126671,2025-11-11T18:57:13Z,PORTE-C,R53435985,UNITE,OK
TKT26111316785,2025-11-11T18:57:17Z,PORTE-A,R56950458,UNITE,OK
TKT53997168472,2025-11-11T18:57:21Z,VIP-EST,R52688192,ABONNEMENT,OK
TKT46900155496,2025-11-11T18:57:22Z,PORTE-B,R56619160,ABONNEMENT,OK
TKT65962614891,2025-11-11T18:57:22Z,PORTE-A,R58484921,UNITE,OK
TKT48513859298,2025-11-11T18:57:23Z,PORTE-C,R58344008,UNITE,OK
TKT96333948234,2025-11-11T18:57:25Z,PORTE-A,,GROUPE,OK
TKT30371001275,2025-11-11T18:57:28Z,PORTE-C,R52217073,ABONNEMENT,OK
TKT59254768612,2025-11-11T18:57:31Z,PORTE-C,,UNITE,OK
TKT85526079374,2025-11-11T18:57:34Z,PORTE-C,R55701097,ABONNEMENT,OK
TKT45875196963,2025-11-11T18:57:36Z,PORTE-A,R59621979,UNITE,OK
TKT74882823735,2025-11-11T18:57:36Z,PORTE-B,R57890110,UNITE,OK
TKT58666156351,2025-11-11T18:57:39Z,PORTE-C,R57726037,ABONNEMENT,OK
TKT78254357043,2025-11-11T18:57:39Z,PORTE-A,R53819857,UNITE,OK
TKT78744598708,2025-11-11T18:57:42Z,PORTE-A,R54976387,UNITE,OK
TKT39130696639,2025-11-11T18:57:42Z,PORTE-D,R55596197,INVITATION,OK
TKT16120498476,2025-11-11T18:57:45Z,PORTE-D,,UNITE,OK
TKT48343372799,2025-11-11T18:57:46Z,PORTE-C,R51002375,ABONNEMENT,OK
TKT82527695926,2025-11-11T18:57:46Z,PORTE-C,R55960587,ABONNEMENT,OK
TKT55642572961,2025-11-11T18:57:49Z,PORTE-D,R55085089,UNITE,OK
TKT78917563720,2025-11-11T18:57:51Z,VIP-EST,R55156542,ABONNEMENT,OK
TKT41522815407,2025-11-11T18:57:52Z,PORTE-A,R58037230,UNITE,OK
TKT69065217705,2025-11-11T18:57:56Z,PORTE-A,R57761112,UNITE,OK
TKT17966557645,2025-11-11T18:57:59Z,PORTE-A,,GROUPE,OK
TKT81783680262,2025-11-11T18:58:04Z,VIP-EST,R53693579,ABONNEMENT,OK
TKT98544785540,2025-11-11T18:58:04Z,PORTE-D,R55606551,UNITE,OK
TKT54042819246,2025-11-11T18:58:06Z,PORTE-C,R51085331,UNITE,OK
TKT20729761058,2025-11-11T18:58:07Z,PORTE-D,R54689714,UNITE,OK
TKT95863958671,2025-11-11T18:58:08Z,PORTE-A,R57919132,UNITE,OK
TKT83283748672,2025-11-11T18:58:09Z,PORTE-C,R51143978,ABONNEMENT,OK
TKT39842143601,2025-11-11T18:58:09Z,PORTE-A,,UNITE,OK
TKT87770618856,2025-11-11T18:58:10Z,VIP-EST,R53995932,VIP,OK
TKT15189097664,2025-11-11T18:58:11Z,PORTE-C,R52817334,ABONNEMENT,OK
TKT95626455771,2025-11-11T18:58:11Z,PORTE-D,R52068928,ABONNEMENT,OK
TKT75519950156,2025-11-11T18:58:11Z,PORTE-C,R55982320,UNITE,OK
TKT27279889011,2025-11-11T18:58:14Z,PORTE-D,R51970570,UNITE,OK
TKT21601621625,2025-11-11T18:58:15Z,VIP-EST,,VIP,OK
TKT11979720684,2025-11-11T18:58:15Z,PORTE-C,R57591589,UNITE,OK
TKT10204526204,2025-11-11T18:58:18Z,PORTE-C,R56214369,ABONNEMENT,OK
TKT54865099679,2025-11-11T18:58:18Z,PORTE-A,R55268242,VIP,OK
TKT20621739381,2025-11-11T18:58:23Z,PORTE-C,R52831098,UNITE,OK
TKT30931579964,2025-11-11T18:58:23Z,PORTE-B,R51252479,UNITE,OK
TKT15650305520,2025-11-11T18:58:24Z,VIP-EST,R53881636,ABONNEMENT,OK
TKT52757789654,2025-11-11T18:58:25Z,PORTE-B,R54363521,ABONNEMENT,OK
TKT25929852079,2025-11-11T18:58:26Z,PORTE-C,,UNITE,OK
TKT51910989391,2025-11-11T18:58:28Z,PORTE-D,R55497705,ABONNEMENT,OK
TKT40458163578,2025-11-11T18:58:30Z,PORTE-D,R51306500,ABONNEMENT,OK
TKT19230460283,2025-11-11T18:58:30Z,VIP-EST,R55418973,UNITE,OK
TKT24802793474,2025-11-11T18:58:32Z,PORTE-C,R55616704,UNITE,OK
TKT31816872583,2025-11-11T18:58:36Z,PORTE-C,,UNITE,OK
TKT74275722910,2025-11-11T18:58:38Z,PMR-NORD,R59973841,ABONNEMENT,OK
TKT79703329760,2025-11-11T18:58:40Z,PORTE-D,R57894411,ABONNEMENT,OK
TKT86538805166,2025-11-11T18:58:41Z,PORTE-C,R56273495,ABONNEMENT,OK
TKT43697849710,2025-11-11T18:58:41Z,PORTE-D,R59629124,UNITE,OK
TKT22094250387,2025-11-11T18:58:43Z,VIP-EST,R52362967,ABONNEMENT,OK
TKT88562829204,2025-11-11T18:58:44Z,VIP-EST,R57589740,UNITE,OK
TKT99157703491,2025-11-11T18:58:45Z,PORTE-D,R56053562,ABONNEMENT,OK
TKT43222343315,2025-11-11T18:58:46Z,PORTE-A,R54587266,UNITE,OK
TKT81969830818,2025-11-11T18:58:48Z,VIP-EST,R55444518,UNITE,OK
TKT55642572961,2025-11-11T18:58:49Z,PORTE-D,R55085089,UNITE,REFUSE_DEJA_SCANNE
TKT59666100224,2025-11-11T18:58:52Z,VIP-EST,R52527730,UNITE,OK
TKT51184894001,2025-11-11T18:58:53Z,PORTE-C,R55377969,UNITE,OK
TKT26530438910,2025-11-11T18:58:56Z,PORTE-D,R54336147,ABONNEMENT,OK
TKT82062705092,2025-11-11T18:59:00Z,VIP-EST,R52725719,ABONNEMENT,OK
TKT38106310222,2025-11-11T18:59:05Z,PORTE-C,R52244524,ABONNEMENT,OK
TKT69659362772,2025-11-11T18:59:08Z,VIP-EST,R58905171,UNITE,OK
TKT89840025418,2025-11-11T18:59:09Z,PORTE-B,R55945607,ABONNEMENT,OK
TKT64949961332,2025-11-11T18:59:09Z,PMR-NORD,R58899108,ABONNEMENT,OK
TKT48852945540,2025-11-11T18:59:11Z,PORTE-C,R56914760,UNITE,OK
TKT38529014229,2025-11-11T18:59:12Z,VIP-EST,R57509983,ABONNEMENT,OK
TKT37737322245,2025-11-11T18:59:13Z,PORTE-D,R51245803,UNITE,OK
TKT74279832774,2025-11-11T18:59:13Z,VIP-EST,,UNITE,OK
TKT34178620421,2025-11-11T18:59:14Z,PORTE-C,R53768844,ABONNEMENT,OK
TKT89931224639,2025-11-11T18:59:15Z,PORTE-B,R52820265,ABONNEMENT,OK
TKT54909362841,2025-11-11T18:59:16Z,VIP-EST,R58486569,ABONNEMENT,OK
TKT17519959342,2025-11-11T18:59:18Z,PORTE-C,R58386985,ABONNEMENT,OK
TKT57577089602,2025-11-11T18:59:19Z,PORTE-C,R58441887,UNITE,OK
TKT37702416917,2025-11-11T18:59:23Z,PORTE-A,R58482000,ABONNEMENT,OK
TKT55205507707,2025-11-11T18:59:23Z,PORTE-C,R58775962,ABONNEMENT,OK
TKT97168956008,2025-11-11T18:59:26Z,PORTE-A,R51933522,ABONNEMENT,OK
TKT50022808105,2025-11-11T18:59:27Z,PORTE-A,R51604542,ABONNEMENT,OK
TKT42809700291,2025-11-11T18:59:31Z,VIP-EST,,VIP,OK
TKT62048990749,2025-11-11T18:59:31Z,PORTE-C,R59117269,UNITE,OK
TKT14262385721,2025-11-11T18:59:32Z,PMR-NORD,R58520073,ABONNEMENT,OK
TKT93119747504,2025-11-11T18:59:32Z,PORTE-C,R53296968,ABONNEMENT,OK
TKT70260433027,2025-11-11T18:59:32Z,PORTE-A,R55107837,UNITE,OK
TKT74545949908,2025-11-11T18:59:34Z,PORTE-B,,UNITE,OK
TKT56353064226,2025-11-11T18:59:36Z,VIP-EST,,GROUPE,OK
TKT39375935113,2025-11-11T18:59:37Z,PORTE-C,R51332983,UNITE,OK
TKT31434191183,2025-11-11T18:59:38Z,PORTE-D,R59542835,UNITE,OK
TKT70689687419,2025-11-11T18:59:39Z,PORTE-B,R55313058,ABONNEMENT,OK
TKT70925711108,2025-11-11T18:59:39Z,PORTE-C,R58178565,UNITE,OK
TKT21917196299,2025-11-11T18:59:41Z,VIP-EST,R53826121,ABONNEMENT,OK
TKT74580940265,2025-11-11T18:59:42Z,PORTE-C,,GROUPE,OK
TKT44972913660,2025-11-11T18:59:43Z,PORTE-D,,GROUPE,OK
TKT61481125819,2025-11-11T18:59:47Z,VIP-EST,,UNITE,OK
TKT56637016994,2025-11-11T18:59:48Z,PORTE-A,R54969979,ABONNEMENT,OK
TKT45405800358,2025-11-11T18:59:48Z,VIP-EST,R55905417,ABONNEMENT,OK
TKT83022741352,2025-11-11T18:59:49Z,PORTE-C,R55874777,ABONNEMENT,OK
TKT98878097662,2025-11-11T18:59:49Z,PORTE-B,R52461114,ABONNEMENT,OK
TKT34405888102,2025-11-11T18:59:50Z,PORTE-B,R55774580,UNITE,OK
TKT51104624707,2025-11-11T18:59:52Z,PORTE-A,,INVITATION,OK
TKT18889273252,2025-11-11T18:59:53Z,PORTE-A,R55961957,ABONNEMENT,OK
TKT23301073548,2025-11-11T18:59:53Z,PORTE-A,R58811459,UNITE,OK
TKT65454852436,2025-11-11T18:59:54Z,PORTE-A,R55278318,UNITE,OK
TKT73437244233,2025-11-11T18:59:56Z,VIP-EST,R52916908,ABONNEMENT,OK
TKT14503555514,2025-11-11T18:59:57Z,PORTE-B,R55330222,UNITE,OK
TKT17992077186,2025-11-11T19:00:00Z,PORTE-B,R51121096,ABONNEMENT,OK
TKT62788461163,2025-11-11T19:00:03Z,PORTE-D,R53300378,ABONNEMENT,OK
TKT33111302368,2025-11-11T19:00:04Z,PORTE-B,R59719312,ABONNEMENT,OK
TKT39130853801,2025-11-11T19:00:04Z,PORTE-A,R57078642,UNITE,OK
TKT78015165345,2025-11-11T19:00:05Z,PORTE-C,,UNITE,OK
TKT67924497236,2025-11-11T19:00:07Z,PORTE-C,R54264828,ABONNEMENT,OK
TKT67728278156,2025-11-11T19:00:07Z,PORTE-B,,INVITATION,OK
TKT19141034377,2025-11-11T19:00:08Z,PORTE-C,R55978364,ABONNEMENT,OK
TKT41062588594,2025-11-11T19:00:08Z,PORTE-D,R59341148,UNITE,OK
TKT99207679110,2025-11-11T19:00:10Z,PORTE-C,R53252497,ABONNEMENT,OK
TKT93518280679,2025-11-11T19:00:10Z,PORTE-D,R52221153,ABONNEMENT,OK
TKT58218840455,2025-11-11T19:00:10Z,VIP-EST,R55660495,UNITE,OK
TKT88280658296,2025-11-11T19:00:12Z,PORTE-C,R56983962,UNITE,OK
TKT45485639332,2025-11-11T19:00:13Z,PORTE-D,,UNITE,OK
TKT66430713346,2025-11-11T19:00:14Z,VIP-EST,R53423802,ABONNEMENT,OK
TKT64281150409,2025-11-11T19:00:15Z,PORTE-A,R59265146,UNITE,OK
TKT79092193779,2025-11-11T19:00:15Z,PORTE-C,R57243874,UNITE,OK
TKT96645303565,2025-11-11T19:00:17Z,PORTE-D,R54718515,UNITE,OK
TKT49953901533,2025-11-11T19:00:17Z,PORTE-C,R56256877,UNITE,OK
TKT42546174252,2025-11-11T19:00:19Z,PORTE-C,R51643171,ABONNEMENT,OK
TKT45041962954,2025-11-11T19:00:23Z,PORTE-B,,UNITE,OK
TKT53847910918,2025-11-11T19:00:23Z,VIP-EST,,UNITE,OK
TKT70946218020,2025-11-11T19:00:25Z,PORTE-D,R52246842,ABONNEMENT,OK
TKT20949708993,2025-11-11T19:00:25Z,VIP-EST,R52999941,ABONNEMENT,OK
TKT28751502421,2025-11-11T19:00:26Z,PORTE-D,,UNITE,OK
TKT69368536770,2025-11-11T19:00:27Z,PORTE-C,R56635778,ABONNEMENT,OK
TKT98818255632,2025-11-11T19:00:28Z,PORTE-D,R53781851,ABONNEMENT,OK
TKT10047912084,2025-11-11T19:00:28Z,PORTE-A,R53856024,UNITE,OK
TKT62048990749,2025-11-11T19:00:31Z,PORTE-C,R59117269,UNITE,REFUSE_DEJA_SCANNE
TKT41915979438,2025-11-11T19:00:33Z,PORTE-C,R51332035,UNITE,OK
TKT15979205365,2025-11-11T19:00:34Z,PORTE-C,,UNITE,OK
TKT85313079696,2025-11-11T19:00:36Z,PORTE-B,R52554692,UNITE,OK
TKT50587452965,2025-11-11T19:00:44Z,PORTE-D,R51393747,ABONNEMENT,OK
TKT51633351054,2025-11-11T19:00:46Z,PORTE-D,R57633675,ABONNEMENT,OK
TKT14644300711,2025-11-11T19:00:46Z,PORTE-C,R53013628,ABONNEMENT,OK
TKT93410370165,2025-11-11T19:00:46Z,PORTE-C,R51012863,ABONNEMENT,OK
TKT77219718862,2025-11-11T19:00:48Z,PORTE-A,R51175921,UNITE,OK
TKT77531148209,2025-11-11T19:00:49Z,PORTE-C,R56227654,UNITE,OK
TKT66511306430,2025-11-11T19:00:50Z,PORTE-A,,VIP,OK
TKT48008690033,2025-11-11T19:00:51Z,PORTE-D,R52436872,ABONNEMENT,OK
TKT34278910397,2025-11-11T19:00:52Z,PORTE-D,R58373355,ABONNEMENT,OK
TKT73549606429,2025-11-11T19:00:53Z,PORTE-C,R59110593,ABONNEMENT,OK
TKT29172574524,2025-11-11T19:00:53Z,PORTE-B,R56462165,UNITE,OK
TKT73268988735,2025-11-11T19:00:55Z,PORTE-C,,UNITE,OK
TKT60220061783,2025-11-11T19:01:01Z,VIP-EST,,GROUPE,OK
TKT15277942722,2025-11-11T19:01:02Z,VIP-EST,R58224272,UNITE,OK
TKT59561992412,2025-11-11T19:01:03Z,PORTE-D,,GROUPE,OK
TKT78612961554,2025-11-11T19:01:06Z,PORTE-C,R57114119,UNITE,OK
TKT14135914407,2025-11-11T19:01:07Z,PORTE-C,R51372761,INVITATION,OK
TKT62436794256,2025-11-11T19:01:08Z,VIP-EST,,GROUPE,OK
TKT72082793745,2025-11-11T19:01:08Z,PORTE-B,R57179844,UNITE,OK
TKT35593453604,2025-11-11T19:01:09Z,PORTE-C,,INVITATION,OK
TKT18151778436,2025-11-11T19:01:10Z,PORTE-A,,UNITE,OK
TKT65435159002,2025-11-11T19:01:10Z,PORTE-D,R59731696,UNITE,OK
TKT27551875384,2025-11-11T19:01:14Z,PORTE-A,R59306763,ABONNEMENT,OK
TKT62608021958,2025-11-11T19:01:15Z,PORTE-D,,UNITE,OK
TKT70248703869,2025-11-11T19:01:18Z,PORTE-B,R52377612,UNITE,OK
TKT53332047091,2025-11-11T19:01:22Z,PORTE-C,R56811920,ABONNEMENT,OK
TKT50497004225,2025-11-11T19:01:23Z,VIP-EST,R56849313,ABONNEMENT,OK
TKT49211493095,2025-11-11T19:01:28Z,PORTE-D,R58719576,UNITE,OK
TKT52225521356,2025-11-11T19:01:29Z,PORTE-D,R58191984,ABONNEMENT,OK
TKT16540758248,2025-11-11T19:01:29Z,PORTE-B,R58518713,UNITE,OK
TKT70604713378,2025-11-11T19:01:31Z,PORTE-C,R53744257,ABONNEMENT,OK
TKT13251886324,2025-11-11T19:01:33Z,VIP-EST,R52627850,UNITE,OK
TKT92979835410,2025-11-11T19:01:34Z,VIP-EST,R55139857,VIP,OK
TKT64352167670,2025-11-11T19:01:37Z,VIP-EST,R54287442,ABONNEMENT,OK
TKT81922316517,2025-11-11T19:01:39Z,PORTE-C,,GROUPE,OK
TKT71350510790,2025-11-11T19:01:39Z,VIP-EST,,VIP,OK
TKT62021111153,2025-11-11T19:01:41Z,PORTE-D,R55599406,UNITE,OK
TKT64363691489,2025-11-11T19:01:41Z,PORTE-C,,UNITE,OK
TKT92521190892,2025-11-11T19:01:42Z,PORTE-D,R53400163,ABONNEMENT,OK
TKT93451957074,2025-11-11T19:01:46Z,VIP-EST,R55673914,UNITE,OK
TKT54859875237,2025-11-11T19:01:47Z,PORTE-C,R57392967,ABONNEMENT,OK
TKT15043839683,2025-11-11T19:01:48Z,VIP-EST,R58269356,UNITE,OK
TKT78993712896,2025-11-11T19:01:49Z,PORTE-B,R54594153,UNITE,OK
TKT80224487632,2025-11-11T19:01:51Z,PORTE-B,R51004827,INVITATION,OK
TKT91678180684,2025-11-11T19:01:51Z,PORTE-A,R52677637,UNITE,OK
TKT11801955664,2025-11-11T19:01:52Z,PORTE-C,,GROUPE,OK
TKT29007986796,2025-11-11T19:01:53Z,VIP-EST,R51414512,ABONNEMENT,OK
TKT84211735248,2025-11-11T19:01:56Z,PORTE-C,R52300374,ABONNEMENT,OK
TKT10177463522,2025-11-11T19:01:56Z,PORTE-B,R56793386,UNITE,OK
TKT80933608444,2025-11-11T19:01:57Z,PORTE-D,R58129391,UNITE,OK
TKT34376726906,2025-11-11T19:02:01Z,VIP-EST,R51811401,ABONNEMENT,OK
TKT23147403476,2025-11-11T19:02:01Z,PORTE-B,R56784871,ABONNEMENT,OK
TKT44023181372,2025-11-11T19:02:02Z,VIP-EST,R57719629,ABONNEMENT,OK
TKT92036119704,2025-11-11T19:02:02Z,PORTE-A,R59326446,UNITE,OK
TKT71469504617,2025-11-11T19:02:02Z,PORTE-A,,VIP,OK
TKT73096064243,2025-11-11T19:02:03Z,PORTE-C,,GROUPE,OK
TKT25907230510,2025-11-11T19:02:04Z,PORTE-C,R53091479,ABONNEMENT,OK
TKT53490451883,2025-11-11T19:02:04Z,PORTE-D,,UNITE,OK
TKT25975879996,2025-11-11T19:02:07Z,VIP-EST,R52951370,ABONNEMENT,OK
TKT38525660800,2025-11-11T19:02:13Z,VIP-EST,R55234048,UNITE,OK
TKT71563679226,2025-11-11T19:02:16Z,PORTE-C,R57905033,ABONNEMENT,OK
TKT23300495527,2025-11-11T19:02:16Z,PORTE-B,,UNITE,OK
TKT27154736308,2025-11-11T19:02:20Z,PORTE-C,R53844310,ABONNEMENT,OK
TKT99918067291,2025-11-11T19:02:23Z,PORTE-C,,UNITE,OK
TKT82296576824,2025-11-11T19:02:24Z,PORTE-C,R56151240,ABONNEMENT,REFUSE_DEJA_SCANNE
TKT28201738449,2025-11-11T19:02:25Z,PORTE-A,R51735322,ABONNEMENT,OK
TKT77873116242,2025-11-11T19:02:26Z,PORTE-A,R52876661,UNITE,OK
TKT33878891474,2025-11-11T19:02:26Z,PORTE-B,R58344276,UNITE,OK
TKT87158408101,2025-11-11T19:02:26Z,PORTE-A,R56291473,UNITE,OK
TKT62635951257,2025-11-11T19:02:28Z,PORTE-D,R54668805,ABONNEMENT,OK
TKT69153290350,2025-11-11T19:02:28Z,PORTE-C,R53046864,ABONNEMENT,OK
TKT18345175453,2025-11-11T19:02:28Z,PORTE-C,R59359682,UNITE,OK
TKT49439162741,2025-11-11T19:02:29Z,PORTE-D,R57562634,ABONNEMENT,OK
TKT98767912182,2025-11-11T19:02:31Z,PORTE-D,R51052708,ABONNEMENT,OK
TKT39711206132,2025-11-11T19:02:32Z,PORTE-A,R56787802,ABONNEMENT,OK
TKT28582346488,2025-11-11T19:02:33Z,VIP-EST,R51824063,UNITE,OK
TKT29925533444,2025-11-11T19:02:35Z,PORTE-A,R58392023,ABONNEMENT,OK
TKT62618611987,2025-11-11T19:02:35Z,PORTE-A,R57956314,ABONNEMENT,OK
TKT33921876041,2025-11-11T19:02:35Z,VIP-EST,,UNITE,OK
TKT53541293637,2025-11-11T19:02:38Z,PORTE-C,R57799051,UNITE,OK
TKT41579605028,2025-11-11T19:02:39Z,PORTE-C,R58099076,UNITE,OK
TKT12756921205,2025-11-11T19:02:40Z,PORTE-A,R57972942,UNITE,OK
TKT70522002413,2025-11-11T19:02:41Z,PORTE-C,R59736811,ABONNEMENT,OK
TKT22243559467,2025-11-11T19:02:43Z,VIP-EST,R55233301,UNITE,OK
TKT27240471064,2025-11-11T19:02:44Z,PORTE-D,R58355511,ABONNEMENT,OK
TKT29134472587,2025-11-11T19:02:44Z,PORTE-D,R53603602,UNITE,OK
TKT23811951578,2025-11-11T19:02:44Z,PORTE-C,R57023606,UNITE,OK
TKT99331438352,2025-11-11T19:02:45Z,PORTE-A,R51893945,ABONNEMENT,OK
TKT86489603907,2025-11-11T19:02:48Z,PORTE-C,R52785247,UNITE,OK
TKT54852102416,2025-11-11T19:02:48Z,PORTE-A,R51461780,UNITE,OK
TKT27027572455,2025-11-11T19:02:50Z,PORTE-C,R59016737,UNITE,OK
TKT81355570232,2025-11-11T19:02:52Z,PORTE-A,R54678680,ABONNEMENT,OK
TKT70767294837,2025-11-11T19:02:53Z,PORTE-A,R58378135,UNITE,OK
TKT57115405898,2025-11-11T19:02:54Z,PORTE-A,R56349440,ABONNEMENT,OK
TKT83751278548,2025-11-11T19:02:55Z,PORTE-D,R53343221,UNITE,OK
TKT89131520874,2025-11-11T19:02:56Z,PORTE-A,R56453995,ABONNEMENT,OK
TKT27439823176,2025-11-11T19:02:58Z,PORTE-C,,UNITE,OK
TKT89004256009,2025-11-11T19:02:58Z,PORTE-C,R59488814,UNITE,OK
TKT89217634904,2025-11-11T19:03:01Z,PORTE-A,R56569028,ABONNEMENT,OK
TKT16729658600,2025-11-11T19:03:02Z,PORTE-C,R58387464,ABONNEMENT,OK
TKT23701230638,2025-11-11T19:03:02Z,VIP-EST,R53537398,INVITATION,OK
TKT48727525618,2025-11-11T19:03:05Z,VIP-EST,R53304803,ABONNEMENT,OK
TKT73674573889,2025-11-11T19:03:05Z,PORTE-C,R55791208,INVITATION,OK
TKT28990807358,2025-11-11T19:03:07Z,PORTE-C,R57464966,UNITE,OK
TKT46323056950,2025-11-11T19:03:07Z,PORTE-B,R53908809,UNITE,OK
TKT41497539348,2025-11-11T19:03:08Z,PORTE-D,,UNITE,OK
TKT24860323685,2025-11-11T19:03:13Z,PORTE-C,R54481294,ABONNEMENT,OK
TKT15614978364,2025-11-11T19:03:13Z,PORTE-B,R56010451,UNITE,OK
TKT62503603516,2025-11-11T19:03:16Z,PORTE-A,R52810323,UNITE,OK
TKT12119959366,2025-11-11T19:03:17Z,PORTE-C,,UNITE,OK
TKT27798523676,2025-11-11T19:03:18Z,PORTE-A,R56464339,UNITE,OK
TKT19580981805,2025-11-11T19:03:19Z,PORTE-D,,UNITE,OK
TKT43526053790,2025-11-11T19:03:20Z,PORTE-C,R52470309,ABONNEMENT,OK
TKT73120945416,2025-11-11T19:03:20Z,PORTE-C,R54911553,UNITE,OK
TKT93136366855,2025-11-11T19:03:22Z,PORTE-C,R52137728,ABONNEMENT,OK
TKT45326600469,2025-11-11T19:03:22Z,PORTE-A,R58035257,ABONNEMENT,OK
TKT28148316647,2025-11-11T19:03:23Z,PORTE-B,R52136502,UNITE,OK
TKT78102407650,2025-11-11T19:03:25Z,PORTE-D,R54946963,ABONNEMENT,OK
TKT84874090265,2025-11-11T19:03:26Z,PORTE-C,R51348921,ABONNEMENT,OK
TKT70162458513,2025-11-11T19:03:26Z,PORTE-A,R51527783,UNITE,OK
TKT34266678696,2025-11-11T19:03:27Z,PORTE-C,R55307273,UNITE,OK
TKT60154303565,2025-11-11T19:03:29Z,PORTE-C,R54418423,UNITE,OK
TKT71728564259,2025-11-11T19:03:29Z,PORTE-A,R52325641,UNITE,OK
TKT18129873969,2025-11-11T19:03:29Z,PORTE-A,R55336630,UNITE,OK
TKT45823357927,2025-11-11T19:03:32Z,PORTE-C,R51844168,ABONNEMENT,OK
TKT71940395889,2025-11-11T19:03:33Z,PORTE-C,,GROUPE,OK
TKT68807312444,2025-11-11T19:03:34Z,PORTE-C,R53134188,ABONNEMENT,OK
TKT99406608457,2025-11-11T19:03:35Z,VIP-EST,R57294686,UNITE,OK
TKT97131349017,2025-11-11T19:03:39Z,VIP-EST,R58548951,ABONNEMENT,OK
TKT86441106221,2025-11-11T19:03:39Z,VIP-EST,R53605987,ABONNEMENT,OK
TKT72555591890,2025-11-11T19:03:39Z,PORTE-C,R56799650,UNITE,OK
TKT94274522221,2025-11-11T19:03:40Z,PORTE-C,R51790214,ABONNEMENT,OK
TKT16397825294,2025-11-11T19:03:45Z,VIP-EST,,VIP,REFUSE_DEJA_SCANNE
TKT31091931980,2025-11-11T19:03:46Z,PORTE-C,R56285688,ABONNEMENT,OK
TKT79030887104,2025-11-11T19:03:47Z,PORTE-C,R59942444,ABONNEMENT,OK
TKT29759496559,2025-11-11T19:03:47Z,PORTE-A,,GROUPE,OK
TKT91451106958,2025-11-11T19:03:49Z,PORTE-A,R59318132,ABONNEMENT,OK
TKT60785278719,2025-11-11T19:03:50Z,PORTE-D,R54799096,ABONNEMENT,OK
TKT96402518266,2025-11-11T19:03:50Z,PORTE-D,R58147915,ABONNEMENT,OK
TKT60719798624,2025-11-11T19:03:50Z,PORTE-C,R57623254,UNITE,OK
TKT74629913063,2025-11-11T19:03:53Z,PORTE-B,R53967523,UNITE,OK
TKT30519308052,2025-11-11T19:03:53Z,PORTE-B,R57992002,UNITE,OK
TKT87064591793,2025-11-11T19:03:53Z,PORTE-C,R57130948,UNITE,OK
TKT11255207812,2025-11-11T19:03:55Z,PORTE-C,,UNITE,OK
TKT29798065377,2025-11-11T19:03:57Z,PORTE-C,R55598381,ABONNEMENT,OK
TKT40602578400,2025-11-11T19:03:57Z,PORTE-D,,UNITE,OK
TKT26792609998,2025-11-11T19:04:00Z,PORTE-C,,GROUPE,OK
TKT49742065784,2025-11-11T19:04:01Z,PORTE-B,R59572728,ABONNEMENT,OK
TKT24362127287,2025-11-11T19:04:02Z,PORTE-D,R55863599,ABONNEMENT,OK
TKT78675772029,2025-11-11T19:04:03Z,PORTE-C,,UNITE,OK
TKT11210926778,2025-11-11T19:04:04Z,PORTE-A,R53429510,UNITE,OK
TKT53703016156,2025-11-11T19:04:06Z,VIP-EST,R52913843,VIP,OK
TKT30972217202,2025-11-11T19:04:12Z,PORTE-C,R54922443,UNITE,OK
TKT65867112010,2025-11-11T19:04:13Z,VIP-EST,R53527523,ABONNEMENT,OK
TKT47680089632,2025-11-11T19:04:13Z,PORTE-D,,UNITE,OK
TKT67915910924,2025-11-11T19:04:13Z,PORTE-A,,UNITE,OK
TKT20509506501,2025-11-11T19:04:13Z,PORTE-C,,UNITE,OK
TKT19582117573,2025-11-11T19:04:15Z,PORTE-D,R53616475,ABONNEMENT,OK
TKT99735204935,2025-11-11T19:04:16Z,PORTE-D,R57244765,ABONNEMENT,OK
TKT34566542749,2025-11-11T19:04:17Z,PORTE-D,R58807024,ABONNEMENT,OK
TKT98046081820,2025-11-11T19:04:17Z,PORTE-A,R56503025,ABONNEMENT,OK
TKT44395297731,2025-11-11T19:04:21Z,PORTE-C,R57346312,UNITE,OK
TKT30931579964,2025-11-11T19:04:23Z,PORTE-B,R51252479,UNITE,REFUSE_DEJA_SCANNE
TKT37631125420,2025-11-11T19:04:27Z,PORTE-B,R57304427,UNITE,OK
TKT45385445705,2025-11-11T19:04:28Z,VIP-EST,R56680661,ABONNEMENT,OK
TKT56036559274,2025-11-11T19:04:29Z,PORTE-C,,UNITE,OK
TKT14640582527,2025-11-11T19:04:29Z,VIP-EST,R57099417,VIP,OK
TKT86330362963,2025-11-11T19:04:30Z,PORTE-C,R54610493,UNITE,OK
TKT98109436631,2025-11-11T19:04:31Z,PORTE-D,R52014505,ABONNEMENT,OK
TKT22053080017,2025-11-11T19:04:32Z,PORTE-B,R56721330,UNITE,OK
TKT21440438287,2025-11-11T19:04:33Z,PORTE-A,R56070793,UNITE,OK
TKT57888574182,2025-11-11T19:04:36Z,VIP-EST,R58226724,ABONNEMENT,OK
TKT20128054876,2025-11-11T19:04:36Z,PORTE-A,,UNITE,OK
TKT64792596901,2025-11-11T19:04:36Z,PORTE-A,R57753957,UNITE,OK
TKT71329231799,2025-11-11T19:04:40Z,VIP-EST,R53356640,ABONNEMENT,OK
TKT11930241907,2025-11-11T19:04:41Z,PORTE-C,R57480636,UNITE,OK
TKT76262168488,2025-11-11T19:04:42Z,VIP-EST,,GROUPE,OK
TKT23185388167,2025-11-11T19:04:42Z,PORTE-D,R54242358,UNITE,OK
TKT95978662835,2025-11-11T19:04:42Z,PORTE-A,R55381235,UNITE,OK
TKT80664688035,2025-11-11T19:04:43Z,PORTE-B,R56672079,ABONNEMENT,OK
TKT70910575696,2025-11-11T19:04:43Z,PORTE-A,R59024974,UNITE,OK
TKT39554575466,2025-11-11T19:04:44Z,PORTE-A,R53114428,UNITE,OK
TKT36229797344,2025-11-11T19:04:44Z,VIP-EST,R55395200,UNITE,OK
TKT93978621126,2025-11-11T19:04:49Z,PORTE-D,R58625097,UNITE,OK
TKT14440817523,2025-11-11T19:04:49Z,PORTE-B,R53192490,UNITE,OK
TKT71486347734,2025-11-11T19:04:54Z,PORTE-B,R59670128,ABONNEMENT,OK
TKT93057072869,2025-11-11T19:04:55Z,PORTE-C,R59854775,ABONNEMENT,OK
TKT32450545136,2025-11-11T19:04:57Z,PORTE-A,R52034667,UNITE,OK
TKT28680185358,2025-11-11T19:04:57Z,PORTE-A,R52293420,UNITE,OK
TKT54311145429,2025-11-11T19:04:59Z,PORTE-D,R56297680,ABONNEMENT,OK
TKT46459053737,2025-11-11T19:05:03Z,PORTE-C,R54850243,UNITE,OK
TKT26620054788,2025-11-11T19:05:06Z,PORTE-C,R55562626,UNITE,OK
TKT12702534407,2025-11-11T19:05:08Z,PORTE-B,,UNITE,OK
TKT53549873455,2025-11-11T19:05:09Z,PORTE-C,,UNITE,OK
TKT65197677082,2025-11-11T19:05:10Z,PORTE-C,R51484126,ABONNEMENT,OK
TKT96534850614,2025-11-11T19:05:10Z,VIP-EST,,VIP,OK
TKT44340717531,2025-11-11T19:05:11Z,VIP-EST,,VIP,OK
TKT26929180646,2025-11-11T19:05:15Z,PORTE-C,R51884559,INVITATION,REFUSE_INVALIDE
TKT53405555782,2025-11-11T19:05:16Z,PORTE-D,R56992956,ABONNEMENT,OK
TKT43397093500,2025-11-11T19:05:16Z,VIP-EST,R56268390,UNITE,OK
TKT36444532312,2025-11-11T19:05:18Z,PORTE-D,R54049129,ABONNEMENT,OK
TKT66879539649,2025-11-11T19:05:18Z,PORTE-C,R52124577,ABONNEMENT,OK
TKT69989792952,2025-11-11T19:05:19Z,PORTE-C,R56487298,UNITE,OK
TKT66546632331,2025-11-11T19:05:22Z,PORTE-D,R59625513,ABONNEMENT,OK
TKT55453656605,2025-11-11T19:05:25Z,PORTE-C,R51127695,UNITE,OK
TKT51473402700,2025-11-11T19:05:26Z,PORTE-C,R54962566,ABONNEMENT,OK
TKT50427209104,2025-11-11T19:05:27Z,VIP-EST,R58601947,UNITE,OK
TKT63090668108,2025-11-11T19:05:27Z,PORTE-D,R59053115,UNITE,OK
TKT75988578882,2025-11-11T19:05:28Z,PORTE-A,R54843510,ABONNEMENT,OK
TKT83410477955,2025-11-11T19:05:29Z,PORTE-D,R53283281,ABONNEMENT,OK
TKT54713332196,2025-11-11T19:05:31Z,PORTE-A,R53129562,UNITE,OK
TKT34696215815,2025-11-11T19:05:32Z,PORTE-D,R57337596,UNITE,OK
TKT37029183870,2025-11-11T19:05:34Z,PORTE-B,R58107735,ABONNEMENT,OK
TKT50271980144,2025-11-11T19:05:35Z,VIP-EST,R51527649,ABONNEMENT,OK
TKT26440468270,2025-11-11T19:05:39Z,PORTE-B,R56056081,UNITE,OK
TKT16377939900,2025-11-11T19:05:39Z,PORTE-A,,UNITE,OK
TKT93189937293,2025-11-11T19:05:39Z,PORTE-C,R57995010,UNITE,OK
TKT43959335360,2025-11-11T19:05:41Z,PORTE-C,R57139051,ABONNEMENT,OK
TKT72193045617,2025-11-11T19:05:41Z,PORTE-B,R59468451,ABONNEMENT,OK
TKT63434956235,2025-11-11T19:05:41Z,PORTE-C,,UNITE,OK
TKT57030799978,2025-11-11T19:05:42Z,PORTE-A,,GROUPE,OK
TKT33692376127,2025-11-11T19:05:43Z,PORTE-C,R59075796,ABONNEMENT,OK
TKT17554002468,2025-11-11T19:05:43Z,PORTE-C,R56359382,UNITE,OK
TKT52895255186,2025-11-11T19:05:45Z,PORTE-B,R58456599,UNITE,OK
TKT52409291805,2025-11-11T19:05:46Z,PORTE-A,R53168784,ABONNEMENT,OK
TKT32626924319,2025-11-11T19:05:47Z,PORTE-A,R51310647,UNITE,OK
TKT83493061911,2025-11-11T19:05:47Z,PORTE-B,,UNITE,OK
TKT72552111128,2025-11-11T19:05:48Z,PORTE-C,R56175147,ABONNEMENT,OK
TKT77920309623,2025-11-11T19:05:51Z,PORTE-C,R56820425,UNITE,OK
TKT49643221944,2025-11-11T19:05:53Z,PORTE-A,R57110652,VIP,OK
TKT30605137836,2025-11-11T19:05:54Z,PORTE-A,R59376846,ABONNEMENT,OK
TKT15296399660,2025-11-11T19:05:54Z,VIP-EST,R56056694,VIP,OK
TKT98889542874,2025-11-11T19:05:54Z,VIP-EST,R55173294,UNITE,OK
TKT53476169844,2025-11-11T19:05:55Z,PORTE-A,R53176284,UNITE,OK
TKT61927149229,2025-11-11T19:05:55Z,PORTE-C,R54976387,UNITE,OK
TKT50827661042,2025-11-11T19:05:59Z,PORTE-B,R52286878,ABONNEMENT,OK
TKT28505800830,2025-11-11T19:05:59Z,PORTE-C,R52481611,UNITE,OK
TKT37798082814,2025-11-11T19:06:00Z,PORTE-B,,UNITE,OK
TKT27452682274,2025-11-11T19:06:01Z,VIP-EST,R54982718,UNITE,OK
TKT44969607421,2025-11-11T19:06:01Z,PORTE-C,,UNITE,OK
TKT99002280578,2025-11-11T19:06:02Z,PORTE-C,R55966037,ABONNEMENT,OK
TKT62874141970,2025-11-11T19:06:02Z,VIP-EST,,VIP,OK
TKT45759674412,2025-11-11T19:06:03Z,PORTE-C,R54816672,ABONNEMENT,OK
TKT14232544177,2025-11-11T19:06:03Z,PORTE-A,R51671503,ABONNEMENT,OK
TKT81150912843,2025-11-11T19:06:03Z,PORTE-A,R52280011,UNITE,OK
TKT66774663628,2025-11-11T19:06:05Z,PORTE-C,R53818229,UNITE,OK
TKT34410471767,2025-11-11T19:06:06Z,PORTE-C,,UNITE,OK
TKT58268334959,2025-11-11T19:06:06Z,PORTE-A,R56874302,UNITE,OK
TKT42675122584,2025-11-11T19:06:07Z,PORTE-D,R58035401,ABONNEMENT,OK
TKT38905894091,2025-11-11T19:06:09Z,PORTE-B,R55834721,ABONNEMENT,OK
TKT32620634027,2025-11-11T19:06:09Z,PORTE-D,R56130532,UNITE,OK
TKT33174307653,2025-11-11T19:06:09Z,PORTE-A,R54352487,UNITE,OK
TKT82983961561,2025-11-11T19:06:10Z,VIP-EST,R59761465,UNITE,OK
TKT32005408308,2025-11-11T19:06:11Z,PORTE-A,R55703683,ABONNEMENT,OK
TKT63932526569,2025-11-11T19:06:13Z,VIP-EST,R54901601,UNITE,OK
TKT51006637921,2025-11-11T19:06:13Z,PORTE-D,R53659194,UNITE,OK
TKT53140897952,2025-11-11T19:06:13Z,PORTE-C,R54330218,UNITE,OK
TKT82048652484,2025-11-11T19:06:14Z,PORTE-C,,UNITE,OK
TKT89724660875,2025-11-11T19:06:14Z,VIP-EST,,UNITE,OK
TKT94664936039,2025-11-11T19:06:14Z,VIP-EST,R58744019,VIP,OK
TKT54124463660,2025-11-11T19:06:16Z,PORTE-D,R53846772,UNITE,OK
TKT65640001219,2025-11-11T19:06:17Z,VIP-EST,,VIP,OK
TKT65875669874,2025-11-11T19:06:18Z,PORTE-C,R55008608,UNITE,OK
TKT64776773622,2025-11-11T19:06:19Z,PORTE-A,R52910242,UNITE,OK
TKT56642547205,2025-11-11T19:06:21Z,VIP-EST,R57498614,ABONNEMENT,OK
TKT53332047091,2025-11-11T19:06:22Z,PORTE-C,R56811920,ABONNEMENT,REFUSE_DEJA_SCANNE
TKT39661858334,2025-11-11T19:06:24Z,PORTE-A,R56051723,ABONNEMENT,OK
TKT96466665749,2025-11-11T19:06:26Z,PORTE-A,R59299742,UNITE,OK
TKT92256757376,2025-11-11T19:06:27Z,PORTE-D,R53655985,ABONNEMENT,OK
TKT92881351122,2025-11-11T19:06:27Z,PORTE-D,R51943330,UNITE,OK
TKT50166906942,2025-11-11T19:06:28Z,PORTE-C,R52533649,UNITE,OK
TKT61876969777,2025-11-11T19:06:29Z,PORTE-C,R51478063,UNITE,OK
TKT22709706340,2025-11-11T19:06:30Z,PORTE-A,R58353203,ABONNEMENT,OK
TKT10810044555,2025-11-11T19:06:30Z,PORTE-D,,UNITE,OK
TKT63917920530,2025-11-11T19:06:31Z,PORTE-A,R55672477,ABONNEMENT,OK
TKT96222403737,2025-11-11T19:06:33Z,PORTE-C,,UNITE,OK
TKT27802006410,2025-11-11T19:06:34Z,PORTE-D,R51978482,ABONNEMENT,OK
TKT20647391805,2025-11-11T19:06:34Z,PORTE-C,R52835791,UNITE,OK
TKT33130516461,2025-11-11T19:06:35Z,PORTE-D,R56060171,ABONNEMENT,OK
TKT87111478200,2025-11-11T19:06:35Z,VIP-EST,R51928829,UNITE,OK
TKT87783774112,2025-11-11T19:06:39Z,PORTE-C,R57767242,UNITE,OK
TKT17019991983,2025-11-11T19:06:41Z,PORTE-A,R58959249,UNITE,OK
TKT17146743639,2025-11-11T19:06:42Z,PORTE-A,R59134500,ABONNEMENT,OK
TKT69804483959,2025-11-11T19:06:42Z,PORTE-A,R57381464,UNITE,OK
TKT42458200585,2025-11-11T19:06:42Z,PMR-NORD,,UNITE,OK
TKT62131253588,2025-11-11T19:06:43Z,PORTE-B,,UNITE,OK
TKT82510948402,2025-11-11T19:06:43Z,PORTE-D,R56613921,UNITE,OK
TKT66988385244,2025-11-11T19:06:44Z,PORTE-A,R57163849,ABONNEMENT,OK
TKT94549792272,2025-11-11T19:06:44Z,PORTE-C,R56723437,ABONNEMENT,OK
TKT23517930918,2025-11-11T19:06:45Z,PORTE-A,R54757278,UNITE,OK
TKT73553495724,2025-11-11T19:06:46Z,PORTE-D,R52211958,ABONNEMENT,OK
TKT60135802047,2025-11-11T19:06:46Z,PORTE-D,R58408296,UNITE,OK
TKT75565294611,2025-11-11T19:06:47Z,PORTE-B,R52330277,ABONNEMENT,OK
TKT14081517020,2025-11-11T19:06:47Z,PORTE-A,R52690577,ABONNEMENT,OK
TKT51181964466,2025-11-11T19:06:48Z,PORTE-C,R59775564,UNITE,OK
TKT48420152193,2025-11-11T19:06:48Z,PORTE-C,R51270601,INVITATION,OK
TKT27452524946,2025-11-11T19:06:50Z,PORTE-D,R52454170,UNITE,OK
TKT45715268398,2025-11-11T19:06:51Z,VIP-EST,R54780361,UNITE,OK
TKT75529551393,2025-11-11T19:06:55Z,PORTE-A,R56980428,ABONNEMENT,OK
TKT11255207812,2025-11-11T19:06:55Z,PORTE-C,,UNITE,REFUSE_DEJA_SCANNE
TKT48294328634,2025-11-11T19:06:56Z,PORTE-A,R55280713,ABONNEMENT,OK
TKT66849996158,2025-11-11T19:06:57Z,PORTE-B,R52403358,ABONNEMENT,OK
TKT25721065673,2025-11-11T19:06:57Z,PORTE-B,R57314503,ABONNEMENT,OK
TKT58511463542,2025-11-11T19:06:57Z,PORTE-A,,UNITE,OK
TKT95289944458,2025-11-11T19:06:58Z,PORTE-A,R59271611,VIP,OK
TKT85725116425,2025-11-11T19:06:58Z,PORTE-D,R51805060,UNITE,OK
TKT59331748406,2025-11-11T19:07:00Z,PORTE-A,R52172793,INVITATION,OK
TKT43146814601,2025-11-11T19:07:01Z,PORTE-B,R52671172,ABONNEMENT,OK
TKT11980718669,2025-11-11T19:07:02Z,PORTE-C,R51304651,UNITE,OK
TKT20616230516,2025-11-11T19:07:04Z,PORTE-A,R58824399,UNITE,OK
TKT34479165105,2025-11-11T19:07:04Z,PORTE-B,,GROUPE,OK
TKT83631747721,2025-11-11T19:07:06Z,PORTE-C,R53651292,UNITE,OK
TKT82042785904,2025-11-11T19:07:06Z,PORTE-B,R53716672,UNITE,OK
TKT92476356396,2025-11-11T19:07:07Z,PORTE-C,R56237740,UNITE,OK
TKT52980927898,2025-11-11T19:07:07Z,PORTE-A,R57878329,UNITE,OK
TKT31074390229,2025-11-11T19:07:08Z,PORTE-A,R53054776,UNITE,OK
TKT54626025567,2025-11-11T19:07:11Z,PORTE-C,R53301403,ABONNEMENT,OK
TKT66631155915,2025-11-11T19:07:12Z,PORTE-D,R55888263,ABONNEMENT,OK
TKT16818147725,2025-11-11T19:07:15Z,PORTE-D,R58577973,ABONNEMENT,OK
TKT36081658068,2025-11-11T19:07:15Z,PORTE-A,R52097739,UNITE,OK
TKT12205945116,2025-11-11T19:07:17Z,PORTE-C,R51655421,UNITE,OK
TKT39021930702,2025-11-11T19:07:18Z,PORTE-B,R58765608,ABONNEMENT,OK
TKT48683459737,2025-11-11T19:07:19Z,PORTE-A,R51718704,ABONNEMENT,OK
TKT12128204045,2025-11-11T19:07:20Z,PORTE-D,R56185223,ABONNEMENT,OK
TKT78809897117,2025-11-11T19:07:21Z,PORTE-D,R51319708,UNITE,OK
TKT47426236677,2025-11-11T19:07:21Z,PORTE-C,R57239449,UNITE,OK
TKT13144512722,2025-11-11T19:07:24Z,PORTE-C,,UNITE,OK
TKT98262813560,2025-11-11T19:07:31Z,PORTE-D,R54580590,ABONNEMENT,OK
TKT21703856572,2025-11-11T19:07:32Z,PORTE-D,R57403254,ABONNEMENT,OK
TKT69191040684,2025-11-11T19:07:33Z,PMR-NORD,R53088213,UNITE,OK
TKT35859084428,2025-11-11T19:07:34Z,PORTE-C,,UNITE,OK
TKT84101912703,2025-11-11T19:07:35Z,PORTE-B,R53255696,ABONNEMENT,OK
TKT63574947758,2025-11-11T19:07:35Z,PORTE-A,,UNITE,OK
TKT36147805887,2025-11-11T19:07:35Z,PORTE-C,,GROUPE,OK
TKT18566926903,2025-11-11T19:07:37Z,VIP-EST,R56079921,INVITATION,OK
TKT12251758215,2025-11-11T19:07:38Z,PORTE-C,R52694399,UNITE,OK
TKT97314163415,2025-11-11T19:07:40Z,PORTE-B,R52308209,ABONNEMENT,OK
TKT93429926888,2025-11-11T19:07:40Z,PORTE-D,R58493369,UNITE,OK
TKT49911875759,2025-11-11T19:07:42Z,PORTE-C,R58762409,UNITE,OK
TKT21286015207,2025-11-11T19:07:46Z,PORTE-C,R56403106,ABONNEMENT,OK
TKT50048984975,2025-11-11T19:07:46Z,PORTE-C,R59119922,UNITE,OK
TKT10577903967,2025-11-11T19:07:50Z,PORTE-C,R57693950,UNITE,OK
TKT89726268054,2025-11-11T19:07:51Z,PORTE-D,R58069585,ABONNEMENT,OK
TKT93664973733,2025-11-11T19:07:53Z,VIP-EST,R54549126,ABONNEMENT,OK
TKT51758690896,2025-11-11T19:07:53Z,PORTE-D,,GROUPE,OK
TKT52672511688,2025-11-11T19:07:54Z,PORTE-C,R52588896,ABONNEMENT,OK
TKT55144644663,2025-11-11T19:07:55Z,PORTE-D,R55617930,ABONNEMENT,OK
TKT45369324444,2025-11-11T19:07:55Z,PORTE-C,R53753653,ABONNEMENT,OK
TKT66343767848,2025-11-11T19:07:56Z,PORTE-D,R53876876,UNITE,OK
TKT65376077699,2025-11-11T19:07:57Z,PORTE-A,R51561565,UNITE,OK
TKT77267384174,2025-11-11T19:07:59Z,PORTE-D,R58588116,UNITE,OK
TKT38321821896,2025-11-11T19:08:01Z,PORTE-C,R56161316,UNITE,OK
TKT52004600027,2025-11-11T19:08:01Z,PORTE-C,,UNITE,OK
TKT43636535840,2025-11-11T19:08:02Z,PORTE-D,R53700868,ABONNEMENT,OK
TKT69728067073,2025-11-11T19:08:04Z,PORTE-D,,UNITE,OK
TKT77257665815,2025-11-11T19:08:05Z,PORTE-C,R57974158,ABONNEMENT,OK
TKT86547396229,2025-11-11T19:08:05Z,VIP-EST,R55138976,UNITE,OK
TKT25866956978,2025-11-11T19:08:06Z,PORTE-C,R52247110,ABONNEMENT,OK
TKT18778183499,2025-11-11T19:08:06Z,PORTE-C,R54678536,ABONNEMENT,OK
TKT17708113933,2025-11-11T19:08:07Z,PORTE-D,R58066242,UNITE,OK
TKT12552541512,2025-11-11T19:08:07Z,VIP-EST,R54050757,UNITE,OK
TKT46046419725,2025-11-11T19:08:08Z,PORTE-A,R52046860,ABONNEMENT,OK
TKT20658382871,2025-11-11T19:08:08Z,PORTE-C,R53799561,ABONNEMENT,OK
TKT15372926332,2025-11-11T19:08:08Z,PORTE-C,R57659153,UNITE,OK
TKT40901229521,2025-11-11T19:08:09Z,VIP-EST,R57303067,ABONNEMENT,OK
TKT22694926747,2025-11-11T19:08:12Z,PORTE-D,R59265270,UNITE,OK
TKT20311353561,2025-11-11T19:08:12Z,PORTE-A,R57616789,UNITE,OK
TKT66218057274,2025-11-11T19:08:13Z,PORTE-C,R54931571,ABONNEMENT,OK
TKT64815527601,2025-11-11T19:08:15Z,PORTE-C,R56097229,ABONNEMENT,OK
TKT32603707042,2025-11-11T19:08:16Z,PORTE-B,R55869729,ABONNEMENT,OK
TKT14883723714,2025-11-11T19:08:16Z,PORTE-D,R57057110,UNITE,OK
TKT52264394127,2025-11-11T19:08:18Z,VIP-EST,R54638212,ABONNEMENT,OK
TKT74540897775,2025-11-11T19:08:19Z,VIP-EST,R53669806,UNITE,OK
TKT92513982353,2025-11-11T19:08:21Z,PORTE-C,R56772621,ABONNEMENT,OK
TKT39189166918,2025-11-11T19:08:21Z,PORTE-A,R58240143,UNITE,OK
TKT12802247702,2025-11-11T19:08:22Z,PORTE-A,,UNITE,OK
TKT30513788032,2025-11-11T19:08:22Z,VIP-EST,R55758106,UNITE,OK
TKT54274250427,2025-11-11T19:08:22Z,PORTE-D,,UNITE,OK
TKT38994314907,2025-11-11T19:08:22Z,VIP-EST,,UNITE,OK
TKT27104316201,2025-11-11T19:08:24Z,VIP-EST,R53464595,ABONNEMENT,OK
TKT51537163908,2025-11-11T19:08:24Z,PORTE-D,R51925697,UNITE,OK
TKT24858028415,2025-11-11T19:08:24Z,PORTE-C,R54813664,UNITE,OK
TKT93127147322,2025-11-11T19:08:26Z,PORTE-A,R55780777,ABONNEMENT,OK
TKT34380298558,2025-11-11T19:08:26Z,VIP-EST,,VIP,OK
TKT86350122986,2025-11-11T19:08:26Z,VIP-EST,R56774038,INVITATION,OK
TKT53307342805,2025-11-11T19:08:27Z,VIP-EST,R54752776,ABONNEMENT,OK
TKT35238151026,2025-11-11T19:08:27Z,PORTE-D,R56394122,UNITE,OK
TKT76105741255,2025-11-11T19:08:27Z,VIP-EST,R52865972,UNITE,OK
TKT63934851549,2025-11-11T19:08:28Z,PORTE-C,R54801069,ABONNEMENT,OK
TKT84625330841,2025-11-11T19:08:28Z,PORTE-A,R51507075,ABONNEMENT,OK
TKT22070335000,2025-11-11T19:08:28Z,PORTE-B,,GROUPE,OK
TKT22836301465,2025-11-11T19:08:29Z,PMR-NORD,R53666952,UNITE,OK
TKT46527928300,2025-11-11T19:08:30Z,PORTE-D,,UNITE,OK
TKT79784520713,2025-11-11T19:08:31Z,PORTE-D,R56608538,UNITE,OK
TKT92414898358,2025-11-11T19:08:31Z,PORTE-D,R52049647,UNITE,OK
TKT46460454722,2025-11-11T19:08:35Z,PORTE-C,R53962696,ABONNEMENT,OK
TKT60464563952,2025-11-11T19:08:35Z,VIP-EST,R53985779,ABONNEMENT,OK
TKT68958021591,2025-11-11T19:08:37Z,PORTE-C,R52695615,UNITE,OK
TKT92239523747,2025-11-11T19:08:38Z,PORTE-D,R55705723,ABONNEMENT,OK
TKT17470932282,2025-11-11T19:08:40Z,PORTE-B,R53280561,UNITE,OK
TKT40024481888,2025-11-11T19:08:40Z,PORTE-C,R52324894,UNITE,OK
TKT50631899939,2025-11-11T19:08:42Z,PORTE-D,R57680397,ABONNEMENT,OK
TKT57741448785,2025-11-11T19:08:42Z,PORTE-C,R57462849,INVITATION,OK
TKT62924207663,2025-11-11T19:08:42Z,PORTE-B,R56220710,UNITE,OK
TKT59497168298,2025-11-11T19:08:44Z,PORTE-C,R58108482,ABONNEMENT,OK
TKT56274857397,2025-11-11T19:08:45Z,PORTE-A,R59143149,ABONNEMENT,OK
TKT42155395371,2025-11-11T19:08:45Z,VIP-EST,,UNITE,OK
TKT70803894228,2025-11-11T19:08:46Z,PORTE-C,R56336979,UNITE,OK
TKT66893929304,2025-11-11T19:08:48Z,PORTE-C,R51758281,UNITE,OK
TKT77142341282,2025-11-11T19:08:49Z,PORTE-A,R53795347,ABONNEMENT,OK
TKT16236203170,2025-11-11T19:08:49Z,PORTE-C,R53362559,UNITE,OK
TKT16075724497,2025-11-11T19:08:49Z,PORTE-C,R52500135,UNITE,OK
TKT34055535236,2025-11-11T19:08:51Z,PORTE-A,,UNITE,OK
TKT92510642927,2025-11-11T19:08:51Z,PORTE-A,,GROUPE,OK
TKT36625105897,2025-11-11T19:08:53Z,PORTE-D,R59921458,UNITE,OK
TKT62825929572,2025-11-11T19:08:55Z,PORTE-D,R57486900,ABONNEMENT,OK
TKT70726579852,2025-11-11T19:08:55Z,PORTE-C,R55964208,INVITATION,OK
TKT13509919833,2025-11-11T19:08:56Z,PORTE-C,R54704359,ABONNEMENT,OK
TKT61561525538,2025-11-11T19:08:58Z,PORTE-C,R56490095,ABONNEMENT,OK
TKT77822355767,2025-11-11T19:08:58Z,PMR-NORD,R57866414,UNITE,OK
TKT34155363045,2025-11-11T19:08:59Z,PORTE-A,R59865273,ABONNEMENT,OK
TKT38841091941,2025-11-11T19:08:59Z,PORTE-D,,UNITE,OK
TKT71727044966,2025-11-11T19:09:00Z,PORTE-B,R59182793,ABONNEMENT,OK
TKT59581514827,2025-11-11T19:09:02Z,PORTE-A,R56609754,ABONNEMENT,OK
TKT26263010031,2025-11-11T19:09:03Z,PORTE-A,R53911137,ABONNEMENT,OK
TKT71326188839,2025-11-11T19:09:03Z,PORTE-D,R54695844,ABONNEMENT,OK
TKT13957731314,2025-11-11T19:09:03Z,PORTE-C,R52646039,ABONNEMENT,OK
TKT23523898697,2025-11-11T19:09:03Z,PORTE-B,R57963603,UNITE,OK
TKT81196865254,2025-11-11T19:09:03Z,PORTE-A,,UNITE,OK
TKT46998230654,2025-11-11T19:09:03Z,PORTE-C,,GROUPE,OK
TKT53027265869,2025-11-11T19:09:05Z,PORTE-C,R51805271,ABONNEMENT,OK
TKT86198800355,2025-11-11T19:09:08Z,PORTE-C,R56361365,ABONNEMENT,OK
TKT21413492512,2025-11-11T19:09:09Z,PORTE-A,,UNITE,OK
TKT68061459708,2025-11-11T19:09:11Z,VIP-EST,R52790362,UNITE,OK
TKT32909700959,2025-11-11T19:09:12Z,PORTE-B,R54524817,ABONNEMENT,OK
TKT68355423312,2025-11-11T19:09:14Z,PORTE-A,R58521577,ABONNEMENT,OK
TKT41967957405,2025-11-11T19:09:14Z,PORTE-A,R57696268,ABONNEMENT,OK
TKT64931198369,2025-11-11T19:09:15Z,PORTE-A,R58327390,ABONNEMENT,OK
TKT89781065376,2025-11-11T19:09:16Z,PORTE-C,R52888710,ABONNEMENT,OK
TKT23044781500,2025-11-11T19:09:16Z,VIP-EST,,GROUPE,OK
TKT51145801973,2025-11-11T19:09:17Z,PORTE-C,R51708206,UNITE,OK
TKT52965682883,2025-11-11T19:09:18Z,PORTE-C,R56809525,ABONNEMENT,OK
TKT96229128961,2025-11-11T19:09:19Z,VIP-EST,R52587871,ABONNEMENT,OK
TKT97204210283,2025-11-11T19:09:21Z,PORTE-A,R58137159,ABONNEMENT,OK
TKT44499643387,2025-11-11T19:09:21Z,PORTE-A,R51280265,ABONNEMENT,OK
TKT67857857596,2025-11-11T19:09:23Z,PORTE-C,R56963877,UNITE,OK
TKT25730746080,2025-11-11T19:09:23Z,PORTE-D,R54030116,UNITE,OK
TKT59084942889,2025-11-11T19:09:26Z,PORTE-D,,INVITATION,OK
TKT41201140324,2025-11-11T19:09:29Z,VIP-EST,R54655242,ABONNEMENT,OK
TKT20162053417,2025-11-11T19:09:30Z,PORTE-D,R56087478,UNITE,OK
TKT10567231341,2025-11-11T19:09:31Z,PORTE-D,R59492358,ABONNEMENT,OK
TKT87230964410,2025-11-11T19:09:31Z,PORTE-A,R55377289,UNITE,OK
TKT85855395112,2025-11-11T19:09:33Z,PORTE-C,R52697521,UNITE,OK
TKT52281018704,2025-11-11T19:09:34Z,PORTE-B,R55166216,ABONNEMENT,OK
TKT29888057520,2025-11-11T19:09:35Z,PORTE-C,,UNITE,OK
TKT15601814724,2025-11-11T19:09:35Z,PMR-NORD,,UNITE,OK
TKT59887820135,2025-11-11T19:09:37Z,PMR-NORD,R55577807,ABONNEMENT,OK
TKT86832583728,2025-11-11T19:09:38Z,PORTE-A,R59426432,ABONNEMENT,OK
TKT47290130488,2025-11-11T19:09:39Z,PMR-NORD,R55722552,ABONNEMENT,OK
TKT76521831598,2025-11-11T19:09:40Z,PORTE-C,,UNITE,OK
TKT59199406070,2025-11-11T19:09:40Z,PORTE-A,R53414262,UNITE,OK
TKT92307226282,2025-11-11T19:09:41Z,PORTE-C,R52278162,UNITE,OK
TKT24875118709,2025-11-11T19:09:42Z,PORTE-A,,UNITE,OK
TKT11865207515,2025-11-11T19:09:43Z,PORTE-C,R54662119,UNITE,OK
TKT88250718779,2025-11-11T19:09:46Z,PORTE-A,R54198011,ABONNEMENT,OK
TKT53976497789,2025-11-11T19:09:46Z,PORTE-C,R54731053,UNITE,OK
TKT88735017767,2025-11-11T19:09:46Z,VIP-EST,R56928792,UNITE,OK
TKT22262144225,2025-11-11T19:09:47Z,PORTE-C,R53628534,UNITE,OK
TKT79677506042,2025-11-11T19:09:48Z,PORTE-D,R52782192,ABONNEMENT,OK
TKT70836846571,2025-11-11T19:09:50Z,PORTE-C,,UNITE,OK
TKT15286700572,2025-11-11T19:09:51Z,PORTE-C,R57814922,UNITE,OK
TKT11095467430,2025-11-11T19:09:51Z,PORTE-C,,UNITE,OK
TKT85349485045,2025-11-11T19:09:53Z,PORTE-C,R57784818,UNITE,OK
TKT74176804632,2025-11-11T19:09:54Z,PORTE-D,,GROUPE,OK
TKT77800544766,2025-11-11T19:09:57Z,VIP-EST,R59184431,UNITE,OK
TKT41287860769,2025-11-11T19:09:58Z,PORTE-D,,GROUPE,OK
TKT32407597610,2025-11-11T19:09:59Z,PORTE-B,R53280427,ABONNEMENT,OK
TKT72102352920,2025-11-11T19:09:59Z,PORTE-C,,UNITE,OK
TKT45063563588,2025-11-11T19:10:01Z,PORTE-B,R53287840,ABONNEMENT,OK
TKT21818088450,2025-11-11T19:10:02Z,PORTE-A,R54568541,ABONNEMENT,OK
TKT64636144830,2025-11-11T19:10:04Z,PORTE-D,R51020966,ABONNEMENT,OK
TKT47235433273,2025-11-11T19:10:04Z,PORTE-D,R56730937,UNITE,OK
TKT46059098593,2025-11-11T19:10:05Z,PORTE-C,R54317891,UNITE,OK
TKT67219961856,2025-11-11T19:10:05Z,PORTE-A,R57334933,UNITE,OK
TKT66806602615,2025-11-11T19:10:08Z,PORTE-D,R59261257,UNITE,OK
TKT38994403247,2025-11-11T19:10:09Z,PORTE-C,R59567556,ABONNEMENT,OK
TKT68247173594,2025-11-11T19:10:09Z,PORTE-B,R51884961,ABONNEMENT,OK
TKT39005926114,2025-11-11T19:10:09Z,PORTE-C,R51386860,UNITE,OK
TKT77903500771,2025-11-11T19:10:10Z,PORTE-C,,GROUPE,OK
TKT48247255906,2025-11-11T19:10:11Z,PORTE-C,R57003109,UNITE,OK
TKT50544110489,2025-11-11T19:10:13Z,PORTE-D,R56315179,ABONNEMENT,OK
TKT32092812555,2025-11-11T19:10:13Z,PORTE-B,R57190955,UNITE,OK
TKT95679219644,2025-11-11T19:10:14Z,PORTE-C,R52768505,ABONNEMENT,OK
TKT20374231740,2025-11-11T19:10:15Z,PORTE-C,R59958985,UNITE,OK
TKT23331806744,2025-11-11T19:10:15Z,VIP-EST,,UNITE,OK
TKT84340353677,2025-11-11T19:10:15Z,PORTE-D,R51809351,UNITE,OK
TKT41946153626,2025-11-11T19:10:17Z,PORTE-C,R54634611,ABONNEMENT,OK
TKT72021462493,2025-11-11T19:10:18Z,PORTE-D,R58029261,ABONNEMENT,OK
TKT70526554136,2025-11-11T19:10:18Z,PORTE-C,,UNITE,OK
TKT83883395534,2025-11-11T19:10:19Z,PORTE-C,R52600677,UNITE,OK
TKT27405415259,2025-11-11T19:10:19Z,PORTE-C,,UNITE,OK
TKT85015541674,2025-11-11T19:10:21Z,PORTE-D,R54344595,ABONNEMENT,OK
TKT93763853530,2025-11-11T19:10:21Z,PORTE-C,R54366586,UNITE,OK
TKT73539244767,2025-11-11T19:10:23Z,PORTE-B,R52759310,UNITE,OK
TKT61172397226,2025-11-11T19:10:24Z,PORTE-D,R57398082,ABONNEMENT,OK
TKT20430983842,2025-11-11T19:10:25Z,PORTE-D,R55167365,ABONNEMENT,OK
TKT54202953064,2025-11-11T19:10:26Z,PORTE-C,R54526043,ABONNEMENT,OK
TKT56780325750,2025-11-11T19:10:27Z,PORTE-D,R55330232,ABONNEMENT,OK
TKT38207672154,2025-11-11T19:10:27Z,VIP-EST,,UNITE,OK
TKT12940227468,2025-11-11T19:10:27Z,PORTE-C,R51477105,UNITE,OK
TKT92266465682,2025-11-11T19:10:28Z,PORTE-D,,GROUPE,OK
TKT16997937460,2025-11-11T19:10:28Z,PORTE-A,R56249588,UNITE,OK
TKT70610235692,2025-11-11T19:10:28Z,PORTE-C,R53357253,INVITATION,OK
TKT40161668520,2025-11-11T19:10:29Z,PORTE-C,R55168601,INVITATION,OK
TKT41883130480,2025-11-11T19:10:29Z,PORTE-C,R57730596,INVITATION,OK
TKT52775498298,2025-11-11T19:10:29Z,VIP-EST,R58069039,UNITE,OK
TKT12871607402,2025-11-11T19:10:30Z,VIP-EST,R55775873,UNITE,OK
TKT25269603007,2025-11-11T19:10:30Z,PORTE-B,R52628051,UNITE,OK
TKT31245439516,2025-11-11T19:10:31Z,PORTE-C,,INVITATION,OK
TKT80614208476,2025-11-11T19:10:32Z,VIP-EST,R55087819,ABONNEMENT,OK
TKT33573724332,2025-11-11T19:10:32Z,PORTE-C,R58084163,ABONNEMENT,OK
TKT56965853105,2025-11-11T19:10:33Z,PORTE-A,R57036268,ABONNEMENT,OK
TKT96340220151,2025-11-11T19:10:33Z,PORTE-D,R54622140,UNITE,OK
TKT26932500171,2025-11-11T19:10:34Z,PORTE-D,R54259723,UNITE,OK
TKT36047017922,2025-11-11T19:10:36Z,PORTE-A,R52045835,UNITE,OK
TKT96277758361,2025-11-11T19:10:37Z,PORTE-C,,UNITE,OK
TKT79047415762,2025-11-11T19:10:38Z,PORTE-D,R55903655,ABONNEMENT,OK
TKT13591961615,2025-11-11T19:10:38Z,PORTE-B,R57339636,ABONNEMENT,OK
TKT76089659420,2025-11-11T19:10:38Z,VIP-EST,R52120487,INVITATION,OK
TKT50272662121,2025-11-11T19:10:40Z,VIP-EST,R53042650,ABONNEMENT,OK
TKT50966894514,2025-11-11T19:10:43Z,PORTE-D,R51033983,ABONNEMENT,OK
TKT41306772588,2025-11-11T19:10:46Z,PORTE-A,R59025664,UNITE,OK
TKT63967699546,2025-11-11T19:10:47Z,PORTE-B,R54226276,ABONNEMENT,OK
TKT67973716127,2025-11-11T19:10:47Z,PORTE-A,R55899565,VIP,OK
TKT79502074590,2025-11-11T19:10:50Z,PORTE-B,R55021816,UNITE,OK
TKT73410254517,2025-11-11T19:10:50Z,PORTE-D,R55986199,UNITE,OK
TKT82586114701,2025-11-11T19:10:51Z,PORTE-D,R55902295,ABONNEMENT,OK
TKT46761610392,2025-11-11T19:10:52Z,PMR-NORD,R59741380,ABONNEMENT,OK
TKT99745928219,2025-11-11T19:10:52Z,VIP-EST,,UNITE,OK
TKT96543993012,2025-11-11T19:10:52Z,PORTE-B,,UNITE,OK
TKT55919779263,2025-11-11T19:10:53Z,PORTE-D,R58941606,ABONNEMENT,OK
TKT89947367852,2025-11-11T19:10:53Z,VIP-EST,R59162708,UNITE,OK
TKT28114150970,2025-11-11T19:10:55Z,PORTE-D,R54328925,ABONNEMENT,OK
TKT62193503881,2025-11-11T19:10:55Z,PORTE-C,R51414857,ABONNEMENT,OK
TKT50062597242,2025-11-11T19:10:55Z,PORTE-C,R57580612,UNITE,OK
TKT27635309578,2025-11-11T19:10:55Z,PORTE-C,,INVITATION,OK
TKT41703991270,2025-11-11T19:10:57Z,PORTE-C,R58784678,ABONNEMENT,OK
TKT43704234224,2025-11-11T19:10:57Z,PORTE-D,R55245159,UNITE,OK
TKT23017951636,2025-11-11T19:11:00Z,PORTE-D,R54690729,ABONNEMENT,OK
TKT72127732463,2025-11-11T19:11:00Z,PORTE-B,,UNITE,OK
TKT97216180111,2025-11-11T19:11:02Z,PORTE-C,R55048999,ABONNEMENT,OK
TKT38869437558,2025-11-11T19:11:04Z,PORTE-C,R55716489,ABONNEMENT,OK
TKT50819459705,2025-11-11T19:11:05Z,PORTE-C,R53084602,UNITE,OK
TKT21068210691,2025-11-11T19:11:05Z,PORTE-A,R55883838,UNITE,OK
TKT17614158929,2025-11-11T19:11:06Z,PORTE-C,R52257866,ABONNEMENT,OK
TKT21137393462,2025-11-11T19:11:06Z,PORTE-A,,GROUPE,OK
TKT61298651080,2025-11-11T19:11:08Z,PORTE-C,R56706139,ABONNEMENT,OK
TKT61088601617,2025-11-11T19:11:08Z,PORTE-B,R54958131,ABONNEMENT,OK
TKT74803412185,2025-11-11T19:11:08Z,PORTE-C,R58855317,UNITE,OK
TKT64168129210,2025-11-11T19:11:12Z,PORTE-A,R54927960,ABONNEMENT,OK
TKT86067942380,2025-11-11T19:11:12Z,PORTE-A,R56680527,UNITE,OK
TKT63382010816,2025-11-11T19:11:12Z,PORTE-B,R52542978,UNITE,OK
TKT72807316189,2025-11-11T19:11:12Z,PORTE-C,R54739022,GROUPE,OK
TKT39625486186,2025-11-11T19:11:15Z,PORTE-C,R58181764,ABONNEMENT,OK
TKT94619878582,2025-11-11T19:11:15Z,PORTE-C,R58648056,UNITE,OK
TKT51371185040,2025-11-11T19:11:16Z,PORTE-A,,UNITE,OK
TKT27452033795,2025-11-11T19:11:17Z,PORTE-D,R52103256,INVITATION,OK
TKT49412366767,2025-11-11T19:11:18Z,PORTE-C,R52559529,ABONNEMENT,OK
TKT53303356898,2025-11-11T19:11:18Z,PORTE-A,R52384154,UNITE,OK
TKT70667426001,2025-11-11T19:11:18Z,PORTE-C,,UNITE,OK
TKT22874708517,2025-11-11T19:11:18Z,PORTE-C,,UNITE,OK
TKT54737472564,2025-11-11T19:11:18Z,PORTE-C,R51080437,UNITE,OK
TKT42776111340,2025-11-11T19:11:19Z,VIP-EST,R55241816,VIP,OK
TKT25337310621,2025-11-11T19:11:21Z,PORTE-A,R52306159,VIP,OK
TKT14982409551,2025-11-11T19:11:22Z,PORTE-C,R52747519,ABONNEMENT,OK
TKT49441102166,2025-11-11T19:11:24Z,PORTE-A,,INVITATION,OK
TKT13960527998,2025-11-11T19:11:24Z,PORTE-C,R59451967,UNITE,OK
TKT68051560987,2025-11-11T19:11:25Z,PORTE-C,R51137503,ABONNEMENT,OK
TKT83216611484,2025-11-11T19:11:28Z,VIP-EST,R56995274,ABONNEMENT,OK
TKT81045405127,2025-11-11T19:11:30Z,PORTE-A,,UNITE,OK
TKT16213977705,2025-11-11T19:11:30Z,VIP-EST,R56644705,UNITE,OK
TKT20336766102,2025-11-11T19:11:32Z,PORTE-A,R53541699,ABONNEMENT,OK
TKT92922992545,2025-11-11T19:11:32Z,VIP-EST,R57870082,ABONNEMENT,OK
TKT64736697785,2025-11-11T19:11:33Z,PORTE-C,R59518372,UNITE,OK
TKT92906116738,2025-11-11T19:11:34Z,PORTE-C,R58173182,GROUPE,OK
TKT24328587340,2025-11-11T19:11:37Z,PORTE-B,R53134657,ABONNEMENT,OK
TKT81299353309,2025-11-11T19:11:38Z,PORTE-A,R57840457,ABONNEMENT,OK
TKT50120752579,2025-11-11T19:11:38Z,PORTE-D,,GROUPE,OK
TKT12505772485,2025-11-11T19:11:41Z,PORTE-C,R56283581,ABONNEMENT,OK
TKT51206763522,2025-11-11T19:11:43Z,PORTE-D,,GROUPE,OK
TKT68783090152,2025-11-11T19:11:44Z,PORTE-C,R55340777,UNITE,OK
TKT42485215624,2025-11-11T19:11:45Z,PORTE-D,R51866772,UNITE,OK
TKT15907716402,2025-11-11T19:11:48Z,VIP-EST,R54420674,ABONNEMENT,OK
TKT24676317450,2025-11-11T19:11:48Z,PORTE-D,R54561654,UNITE,OK
TKT79589733767,2025-11-11T19:11:52Z,PORTE-C,R52260730,ABONNEMENT,OK
TKT49952006532,2025-11-11T19:11:52Z,PORTE-B,R51325091,UNITE,OK
TKT86781553199,2025-11-11T19:11:53Z,PORTE-D,R58611276,UNITE,OK
TKT54644840288,2025-11-11T19:11:53Z,PORTE-B,R52178042,UNITE,OK
TKT24475964144,2025-11-11T19:11:54Z,PORTE-C,R59825083,UNITE,OK
TKT97093519903,2025-11-11T19:11:55Z,PORTE-C,R52003337,ABONNEMENT,OK
TKT97346062293,2025-11-11T19:11:56Z,VIP-EST,R51240698,ABONNEMENT,OK
TKT89293433295,2025-11-11T19:11:56Z,PORTE-D,R55100481,ABONNEMENT,OK
TKT23382576192,2025-11-11T19:11:57Z,PORTE-D,R58593221,UNITE,OK
TKT12258324207,2025-11-11T19:11:57Z,PORTE-B,R57737885,UNITE,OK
TKT75676819922,2025-11-11T19:11:58Z,PORTE-A,R59824872,UNITE,OK
TKT13144378411,2025-11-11T19:12:00Z,PORTE-D,,UNITE,OK
TKT37332076071,2025-11-11T19:12:01Z,PORTE-C,,UNITE,OK
TKT21250438798,2025-11-11T19:12:02Z,PORTE-D,R55989542,ABONNEMENT,OK
TKT70278775025,2025-11-11T19:12:02Z,PORTE-C,R58015162,ABONNEMENT,OK
TKT49914488760,2025-11-11T19:12:03Z,PORTE-C,R58426619,ABONNEMENT,OK
TKT78260310727,2025-11-11T19:12:04Z,PORTE-D,R54177370,UNITE,OK
TKT29303784366,2025-11-11T19:12:06Z,PORTE-A,R52028269,ABONNEMENT,OK
TKT71175732838,2025-11-11T19:12:07Z,PORTE-C,R59571914,ABONNEMENT,OK
TKT45812446478,2025-11-11T19:12:07Z,PORTE-B,R59358111,ABONNEMENT,OK
TKT40091445873,2025-11-11T19:12:07Z,PORTE-C,R55592797,UNITE,OK
TKT49173262593,2025-11-11T19:12:08Z,PORTE-C,R57952636,ABONNEMENT,OK
TKT15591382505,2025-11-11T19:12:08Z,VIP-EST,R55422996,VIP,OK
TKT38586925987,2025-11-11T19:12:10Z,VIP-EST,R52779117,UNITE,OK
TKT89211603682,2025-11-11T19:12:10Z,PORTE-A,,UNITE,OK
TKT79153919099,2025-11-11T19:12:11Z,PORTE-C,R51577580,UNITE,OK
TKT76787649684,2025-11-11T19:12:12Z,PORTE-C,R55339551,UNITE,OK
TKT16729143281,2025-11-11T19:12:13Z,VIP-EST,R52900491,ABONNEMENT,OK
TKT60098024907,2025-11-11T19:12:14Z,PORTE-A,R59546446,UNITE,OK
TKT69224870513,2025-11-11T19:12:14Z,PORTE-B,R56344469,UNITE,OK
TKT30537570292,2025-11-11T19:12:14Z,VIP-EST,R55104638,VIP,OK
TKT94489039476,2025-11-11T19:12:16Z,PORTE-D,R57951611,ABONNEMENT,OK
TKT12595207876,2025-11-11T19:12:17Z,PORTE-A,R57657180,ABONNEMENT,OK
TKT53652266619,2025-11-11T19:12:17Z,PORTE-C,R56528101,UNITE,OK
TKT87558342594,2025-11-11T19:12:18Z,VIP-EST,R56577888,ABONNEMENT,OK
TKT89859631170,2025-11-11T19:12:20Z,PORTE-A,R52611155,UNITE,OK
TKT71768222671,2025-11-11T19:12:21Z,PORTE-A,R53288386,ABONNEMENT,OK
TKT31907151545,2025-11-11T19:12:22Z,PORTE-A,,UNITE,OK
TKT71407583781,2025-11-11T19:12:25Z,PORTE-C,R52105909,ABONNEMENT,OK
TKT23069346053,2025-11-11T19:12:25Z,PORTE-C,R57626041,ABONNEMENT,OK
TKT49527455188,2025-11-11T19:12:27Z,VIP-EST,R52320057,UNITE,OK
TKT84600581592,2025-11-11T19:12:27Z,PORTE-C,R59357699,UNITE,OK
TKT29193901756,2025-11-11T19:12:28Z,PORTE-C,R55496422,ABONNEMENT,OK
TKT81075576366,2025-11-11T19:12:28Z,VIP-EST,R57066516,ABONNEMENT,OK
TKT47760800769,2025-11-11T19:12:28Z,PORTE-A,R54983743,UNITE,OK
TKT99030022289,2025-11-11T19:12:28Z,PORTE-B,R51573624,UNITE,OK
TKT24141042510,2025-11-11T19:12:28Z,PORTE-D,,GROUPE,OK
TKT80614208476,2025-11-11T19:12:32Z,VIP-EST,R55087819,ABONNEMENT,REFUSE_DEJA_SCANNE
TKT61606875976,2025-11-11T19:12:35Z,PORTE-C,R59738372,UNITE,OK
TKT24194656741,2025-11-11T19:12:36Z,PORTE-C,,GROUPE,OK
TKT22265620875,2025-11-11T19:12:36Z,VIP-EST,R55945751,UNITE,OK
TKT96351713999,2025-11-11T19:12:37Z,VIP-EST,R58697575,UNITE,OK
TKT63460076629,2025-11-11T19:12:40Z,PORTE-A,R51636629,ABONNEMENT,OK
TKT77302595043,2025-11-11T19:12:41Z,PORTE-C,R57037705,ABONNEMENT,OK
TKT76846277982,2025-11-11T19:12:41Z,PORTE-A,R51223323,UNITE,OK
TKT75757231899,2025-11-11T19:12:44Z,PORTE-A,R55399290,ABONNEMENT,OK
TKT97741219041,2025-11-11T19:12:44Z,PORTE-D,R53064708,ABONNEMENT,OK
TKT29261448056,2025-11-11T19:12:46Z,PORTE-A,,UNITE,OK
TKT79243165857,2025-11-11T19:12:46Z,PORTE-D,R58452375,UNITE,OK
TKT12287719707,2025-11-11T19:12:47Z,PORTE-C,R59654803,ABONNEMENT,OK
TKT75087387576,2025-11-11T19:12:47Z,PORTE-D,R54361146,UNITE,OK
TKT87237100131,2025-11-11T19:12:47Z,PORTE-A,R55088298,UNITE,OK
TKT52839331444,2025-11-11T19:12:47Z,PORTE-A,R54948400,UNITE,OK
TKT87855575747,2025-11-11T19:12:48Z,PORTE-D,,UNITE,OK
TKT35906444875,2025-11-11T19:12:48Z,PORTE-C,,GROUPE,OK
TKT79920084312,2025-11-11T19:12:49Z,PORTE-B,R58321461,ABONNEMENT,OK
TKT46723248249,2025-11-11T19:12:49Z,PORTE-A,R51507018,UNITE,OK
TKT89071801208,2025-11-11T19:12:52Z,PORTE-C,R59329712,UNITE,OK
TKT37132579253,2025-11-11T19:12:56Z,PORTE-C,R53116756,ABONNEMENT,OK
TKT19755284891,2025-11-11T19:12:56Z,PORTE-C,R52255548,UNITE,OK
TKT61063646050,2025-11-11T19:13:00Z,VIP-EST,,GROUPE,OK
TKT24268010191,2025-11-11T19:13:04Z,PORTE-B,R57370899,ABONNEMENT,OK
TKT19537614578,2025-11-11T19:13:04Z,PORTE-A,R55413657,ABONNEMENT,OK
TKT54381697793,2025-11-11T19:13:04Z,PORTE-A,R52677292,UNITE,OK
TKT68386903973,2025-11-11T19:13:05Z,PORTE-C,R52836682,UNITE,OK
TKT34480625591,2025-11-11T19:13:05Z,PORTE-C,R59320249,UNITE,OK
TKT34537649175,2025-11-11T19:13:06Z,PORTE-B,R51266712,UNITE,OK
TKT69340036484,2025-11-11T19:13:08Z,VIP-EST,R54447023,VIP,OK
TKT42205431520,2025-11-11T19:13:09Z,PMR-NORD,R58847080,ABONNEMENT,OK
TKT24213396338,2025-11-11T19:13:09Z,PORTE-B,R52735805,ABONNEMENT,OK
TKT12639825201,2025-11-11T19:13:09Z,PORTE-C,R55202785,UNITE,OK
TKT64570412179,2025-11-11T19:13:10Z,PORTE-A,R54008671,ABONNEMENT,OK
TKT54902361617,2025-11-11T19:13:10Z,PORTE-C,R53231789,UNITE,OK
TKT17832058525,2025-11-11T19:13:11Z,PORTE-D,,UNITE,OK
TKT50465916044,2025-11-11T19:13:12Z,PORTE-B,R52673001,ABONNEMENT,OK
TKT57061941375,2025-11-11T19:13:13Z,PORTE-C,R54874428,ABONNEMENT,OK
TKT82200901435,2025-11-11T19:13:14Z,PORTE-C,R52168713,UNITE,OK
TKT72537618061,2025-11-11T19:13:15Z,VIP-EST,R56233784,UNITE,OK
TKT25826829322,2025-11-11T19:13:15Z,VIP-EST,R54552737,UNITE,OK
TKT10369614969,2025-11-11T19:13:16Z,PORTE-D,,UNITE,OK
TKT81344339603,2025-11-11T19:13:17Z,PORTE-A,,GROUPE,OK
TKT71909154218,2025-11-11T19:13:19Z,PORTE-B,R57624614,ABONNEMENT,OK
TKT14349598816,2025-11-11T19:13:19Z,PORTE-C,,GROUPE,OK
TKT94954759772,2025-11-11T19:13:19Z,PORTE-C,,GROUPE,OK
TKT48633560708,2025-11-11T19:13:19Z,PORTE-C,,UNITE,OK
TKT70613826583,2025-11-11T19:13:20Z,PORTE-D,R59219439,INVITATION,OK
TKT76363488278,2025-11-11T19:13:20Z,VIP-EST,R51460219,UNITE,OK
TKT43816518328,2025-11-11T19:13:21Z,VIP-EST,,VIP,OK
TKT33432669027,2025-11-11T19:13:21Z,PORTE-D,,UNITE,OK
TKT77656633476,2025-11-11T19:13:23Z,PORTE-C,R59144998,ABONNEMENT,OK
TKT65040351409,2025-11-11T19:13:24Z,PORTE-C,R59205608,ABONNEMENT,OK
TKT67626677366,2025-11-11T19:13:25Z,VIP-EST,R56985255,UNITE,OK
TKT12989297652,2025-11-11T19:13:26Z,VIP-EST,R57857832,UNITE,OK
TKT22324003743,2025-11-11T19:13:27Z,PORTE-D,R53006138,ABONNEMENT,OK
TKT34353389424,2025-11-11T19:13:28Z,PORTE-B,R51364524,UNITE,OK
TKT47485915962,2025-11-11T19:13:28Z,PORTE-A,R58554190,UNITE,OK
TKT79279479056,2025-11-11T19:13:28Z,PORTE-C,,UNITE,OK
TKT49876258038,2025-11-11T19:13:30Z,PORTE-B,R53349753,ABONNEMENT,OK
TKT67978420859,2025-11-11T19:13:33Z,PORTE-C,R52870397,ABONNEMENT,OK
TKT29993160268,2025-11-11T19:13:33Z,PORTE-C,R55700340,ABONNEMENT,OK
TKT96414716081,2025-11-11T19:13:33Z,PORTE-C,R52130563,ABONNEMENT,OK
TKT14022000292,2025-11-11T19:13:33Z,VIP-EST,R53767350,UNITE,OK
TKT45863964458,2025-11-11T19:13:33Z,PORTE-A,R56038994,UNITE,OK
TKT96024731601,2025-11-11T19:13:34Z,PORTE-A,R58452576,ABONNEMENT,OK
TKT35171395605,2025-11-11T19:13:34Z,PORTE-C,,UNITE,OK
TKT29098576142,2025-11-11T19:13:35Z,PORTE-A,R52946476,UNITE,OK
TKT80071492934,2025-11-11T19:13:36Z,PORTE-A,R55421023,ABONNEMENT,OK
TKT55258138457,2025-11-11T19:13:39Z,PORTE-A,R51218352,ABONNEMENT,OK
TKT94340575065,2025-11-11T19:13:41Z,PORTE-D,R53973184,UNITE,OK
TKT11230918241,2025-11-11T19:13:42Z,PORTE-C,,UNITE,OK
TKT91746264531,2025-11-11T19:13:43Z,PORTE-C,R58586478,ABONNEMENT,OK
TKT94824385079,2025-11-11T19:13:43Z,PORTE-C,,UNITE,OK
TKT78624102600,2025-11-11T19:13:44Z,PORTE-A,R56806470,UNITE,OK
TKT22038901359,2025-11-11T19:13:46Z,PORTE-B,R51032077,ABONNEMENT,OK
TKT82328986058,2025-11-11T19:13:47Z,PORTE-D,R58007404,INVITATION,OK
TKT51361791837,2025-11-11T19:13:48Z,PORTE-B,R55626167,UNITE,OK
TKT75835524877,2025-11-11T19:13:49Z,PORTE-D,,UNITE,OK
TKT41297135438,2025-11-11T19:13:50Z,PORTE-A,R59670885,ABONNEMENT,OK
TKT66457667896,2025-11-11T19:13:50Z,PORTE-C,R57218607,ABONNEMENT,OK
TKT24542297057,2025-11-11T19:13:52Z,PORTE-C,R51958454,UNITE,OK
TKT97717408425,2025-11-11T19:13:53Z,PORTE-D,R58414369,ABONNEMENT,OK
TKT78218163090,2025-11-11T19:13:53Z,PORTE-A,R58145942,UNITE,OK
TKT88026078845,2025-11-11T19:13:54Z,VIP-EST,R59339932,ABONNEMENT,OK
TKT59160080498,2025-11-11T19:13:54Z,VIP-EST,R51959747,ABONNEMENT,OK
TKT97306060289,2025-11-11T19:13:54Z,PORTE-D,R59606108,INVITATION,OK
TKT62187850120,2025-11-11T19:13:56Z,PORTE-D,R56943102,ABONNEMENT,OK
TKT36571479832,2025-11-11T19:13:57Z,PORTE-D,R56452012,ABONNEMENT,OK
TKT41682975415,2025-11-11T19:13:58Z,PORTE-C,R52114022,ABONNEMENT,OK
TKT69053043279,2025-11-11T19:13:59Z,PORTE-C,R56275545,ABONNEMENT,OK
TKT57946808637,2025-11-11T19:14:00Z,PORTE-C,R56555073,ABONNEMENT,OK
TKT23339299062,2025-11-11T19:14:00Z,PORTE-C,R52530038,UNITE,OK
TKT34399426178,2025-11-11T19:14:01Z,PORTE-A,R57140756,ABONNEMENT,OK
TKT91203199431,2025-11-11T19:14:01Z,PORTE-B,R59724340,UNITE,OK
TKT66031766530,2025-11-11T19:14:01Z,PORTE-B,,UNITE,OK
TKT32461063078,2025-11-11T19:14:03Z,PORTE-D,R57431385,UNITE,OK
TKT14390062742,2025-11-11T19:14:03Z,PORTE-A,R54508812,VIP,OK
TKT23510847887,2025-11-11T19:14:04Z,PORTE-D,R53803584,ABONNEMENT,OK
TKT67922763100,2025-11-11T19:14:04Z,PORTE-B,,UNITE,OK
TKT70435922461,2025-11-11T19:14:06Z,VIP-EST,R51316308,ABONNEMENT,OK
TKT73408596705,2025-11-11T19:14:07Z,PORTE-D,R56811709,ABONNEMENT,OK
TKT49714082287,2025-11-11T19:14:09Z,PORTE-C,R55128555,ABONNEMENT,OK
TKT22752625484,2025-11-11T19:14:10Z,PORTE-B,R52128734,UNITE,OK
TKT32504727774,2025-11-11T19:14:10Z,PORTE-C,R56327305,INVITATION,OK
TKT93568214824,2025-11-11T19:14:12Z,PORTE-C,R58020076,ABONNEMENT,OK
TKT91622520452,2025-11-11T19:14:12Z,PORTE-B,R53321565,ABONNEMENT,OK
TKT25487278083,2025-11-11T19:14:14Z,PORTE-C,R58731156,ABONNEMENT,OK
TKT49229171831,2025-11-11T19:14:15Z,PORTE-B,R53780568,ABONNEMENT,OK
TKT82211070567,2025-11-11T19:14:17Z,PORTE-B,R56375464,UNITE,OK
TKT91625824023,2025-11-11T19:14:17Z,PORTE-A,,UNITE,OK
TKT70720230234,2025-11-11T19:14:17Z,PORTE-D,R52568456,UNITE,OK
TKT30311343444,2025-11-11T19:14:19Z,PORTE-C,,UNITE,OK
TKT69989792952,2025-11-11T19:14:19Z,PORTE-C,R56487298,UNITE,REFUSE_DEJA_SCANNE
TKT41077438986,2025-11-11T19:14:23Z,PORTE-D,R53290091,ABONNEMENT,OK
TKT40581437690,2025-11-11T19:14:23Z,PORTE-C,R57400467,UNITE,OK
TKT65169881813,2025-11-11T19:14:24Z,PORTE-A,,UNITE,OK
TKT59668504702,2025-11-11T19:14:25Z,PORTE-A,R56345283,UNITE,OK
TKT30925417978,2025-11-11T19:14:25Z,PORTE-C,R52299014,UNITE,OK
TKT95073169499,2025-11-11T19:14:26Z,PORTE-C,R54828319,UNITE,OK
TKT49874570728,2025-11-11T19:14:26Z,PORTE-D,R59577709,UNITE,OK
TKT29350114641,2025-11-11T19:14:27Z,VIP-EST,R54679226,ABONNEMENT,OK
TKT49981413831,2025-11-11T19:14:30Z,VIP-EST,R57123324,ABONNEMENT,OK
TKT53494601339,2025-11-11T19:14:30Z,VIP-EST,R56080678,UNITE,OK
TKT24241971077,2025-11-11T19:14:30Z,PORTE-C,,UNITE,OK
TKT98559148020,2025-11-11T19:14:31Z,PORTE-B,R51564161,ABONNEMENT,OK
TKT61192983811,2025-11-11T19:14:32Z,VIP-EST,R58710850,ABONNEMENT,OK
TKT12042546987,2025-11-11T19:14:33Z,PORTE-C,R56539135,ABONNEMENT,OK
TKT80491962982,2025-11-11T19:14:33Z,PORTE-D,R51763721,ABONNEMENT,OK
TKT78686019782,2025-11-11T19:14:34Z,PORTE-C,R52014649,ABONNEMENT,OK
TKT94697175331,2025-11-11T19:14:34Z,VIP-EST,R56985600,UNITE,OK
TKT52844462466,2025-11-11T19:14:34Z,VIP-EST,R55626301,UNITE,OK
TKT54267403367,2025-11-11T19:14:40Z,PORTE-C,R55331113,ABONNEMENT,OK
TKT99968016807,2025-11-11T19:14:41Z,PORTE-A,R55983412,ABONNEMENT,OK
TKT44143130153,2025-11-11T19:14:41Z,PORTE-C,,UNITE,OK
TKT52983230236,2025-11-11T19:14:42Z,PORTE-B,R56063370,UNITE,OK
TKT94740799648,2025-11-11T19:14:42Z,PORTE-B,R52807325,UNITE,OK
TKT83015583235,2025-11-11T19:14:43Z,PORTE-C,R52262847,ABONNEMENT,OK
TKT87074632352,2025-11-11T19:14:43Z,PORTE-A,R57904487,UNITE,OK
TKT17197418700,2025-11-11T19:14:45Z,VIP-EST,R58689807,ABONNEMENT,OK
TKT19235066706,2025-11-11T19:14:45Z,PORTE-A,R54124652,ABONNEMENT,OK
TKT98790343057,2025-11-11T19:14:45Z,PORTE-B,,UNITE,OK
TKT24169406947,2025-11-11T19:14:45Z,PORTE-C,R57745653,UNITE,OK
TKT63660912170,2025-11-11T19:14:45Z,PORTE-B,,UNITE,OK
TKT76457830541,2025-11-11T19:14:45Z,PORTE-C,R53683905,INVITATION,OK
TKT11461198758,2025-11-11T19:14:46Z,PORTE-C,,GROUPE,OK
TKT80473716340,2025-11-11T19:14:48Z,VIP-EST,R53990204,UNITE,OK
TKT59663840213,2025-11-11T19:14:49Z,PORTE-C,R55684670,ABONNEMENT,OK
TKT84235374221,2025-11-11T19:14:50Z,PORTE-A,R56496349,ABONNEMENT,OK
TKT39080217524,2025-11-11T19:14:50Z,PORTE-D,R53128671,UNITE,OK
TKT56698309223,2025-11-11T19:14:51Z,PMR-NORD,R59274130,ABONNEMENT,OK
TKT20296276550,2025-11-11T19:14:53Z,PORTE-B,R55241002,UNITE,OK
TKT70175316036,2025-11-11T19:14:57Z,PORTE-D,R55767291,ABONNEMENT,OK
TKT36074104930,2025-11-11T19:14:57Z,PORTE-B,R55901126,ABONNEMENT,OK
TKT13928733949,2025-11-11T19:14:58Z,PORTE-C,R54085976,ABONNEMENT,OK
TKT74474612113,2025-11-11T19:14:58Z,PORTE-C,R54545103,ABONNEMENT,OK
TKT89231096124,2025-11-11T19:14:58Z,PORTE-C,R57546361,UNITE,OK
TKT18620884282,2025-11-11T19:14:59Z,VIP-EST,R53103404,ABONNEMENT,OK
TKT36764060469,2025-11-11T19:14:59Z,PORTE-B,R52977873,UNITE,OK
TKT56846442055,2025-11-11T19:15:01Z,VIP-EST,R58329152,UNITE,OK
TKT46870217725,2025-11-11T19:15:01Z,VIP-EST,R53320885,UNITE,OK
TKT97135674494,2025-11-11T19:15:03Z,PORTE-C,R56049683,ABONNEMENT,OK
TKT32461063078,2025-11-11T19:15:03Z,PORTE-D,R57431385,UNITE,REFUSE_DEJA_SCANNE
TKT69889823604,2025-11-11T19:15:03Z,PORTE-B,R58230258,INVITATION,OK
TKT72526325745,2025-11-11T19:15:04Z,PORTE-D,R56171603,ABONNEMENT,OK
TKT20979867118,2025-11-11T19:15:05Z,PORTE-C,R56118128,ABONNEMENT,OK
TKT41289827615,2025-11-11T19:15:05Z,PORTE-C,R56632244,INVITATION,OK
TKT90364191423,2025-11-11T19:15:07Z,PORTE-C,R59659707,ABONNEMENT,OK
TKT47900348323,2025-11-11T19:15:08Z,PORTE-C,R55733643,ABONNEMENT,OK
TKT52842683662,2025-11-11T19:15:09Z,PORTE-C,R54749443,ABONNEMENT,OK
TKT82853977449,2025-11-11T19:15:09Z,PORTE-B,R58837262,UNITE,OK
TKT59443406808,2025-11-11T19:15:10Z,PORTE-C,R53157750,INVITATION,OK
TKT20524298348,2025-11-11T19:15:11Z,VIP-EST,R59199344,VIP,OK
TKT99659363209,2025-11-11T19:15:13Z,VIP-EST,R56853671,ABONNEMENT,OK
TKT93381373036,2025-11-11T19:15:15Z,PORTE-D,R51737707,UNITE,OK
TKT68159513641,2025-11-11T19:15:15Z,PORTE-C,,UNITE,OK
TKT71108669189,2025-11-11T19:15:16Z,VIP-EST,R59299464,UNITE,OK
TKT59080836487,2025-11-11T19:15:16Z,PORTE-C,,GROUPE,OK
TKT32035032808,2025-11-11T19:15:17Z,PORTE-C,R57751582,UNITE,OK
TKT24446091882,2025-11-11T19:15:17Z,PORTE-A,R56583941,UNITE,OK
TKT24492578277,2025-11-11T19:15:18Z,PORTE-C,R51958186,ABONNEMENT,OK
TKT30183356872,2025-11-11T19:15:18Z,PORTE-B,,UNITE,OK
TKT47328101082,2025-11-11T19:15:18Z,PORTE-A,R51468801,UNITE,OK
TKT88721643366,2025-11-11T19:15:19Z,PORTE-C,R54586730,UNITE,OK
TKT83604091639,2025-11-11T19:15:19Z,PORTE-C,R55053960,UNITE,OK
TKT84058107911,2025-11-11T19:15:20Z,PORTE-D,R59679390,ABONNEMENT,OK
TKT94166476415,2025-11-11T19:15:21Z,PORTE-C,R54793646,UNITE,OK
TKT80381439812,2025-11-11T19:15:22Z,PORTE-C,R59822909,ABONNEMENT,OK
TKT39504955768,2025-11-11T19:15:22Z,VIP-EST,R57619844,ABONNEMENT,OK
TKT98845606473,2025-11-11T19:15:24Z,PORTE-D,R52479782,ABONNEMENT,OK
TKT59818231123,2025-11-11T19:15:24Z,VIP-EST,R53869577,UNITE,OK
TKT56495504065,2025-11-11T19:15:24Z,PORTE-C,R51618440,UNITE,OK
TKT84199684727,2025-11-11T19:15:24Z,VIP-EST,R55951536,UNITE,OK
TKT56806198067,2025-11-11T19:15:24Z,PORTE-C,,GROUPE,OK
TKT31291820410,2025-11-11T19:15:25Z,PORTE-A,R57329972,UNITE,OK
TKT43825140031,2025-11-11T19:15:25Z,PORTE-B,R55071402,UNITE,OK
TKT46264242176,2025-11-11T19:15:26Z,PORTE-C,R52243777,UNITE,OK
TKT66667535923,2025-11-11T19:15:30Z,VIP-EST,R55168400,ABONNEMENT,OK
TKT25040337607,2025-11-11T19:15:30Z,PORTE-A,R59847084,ABONNEMENT,OK
TKT37493322174,2025-11-11T19:15:31Z,VIP-EST,R54064588,ABONNEMENT,OK
TKT87851035934,2025-11-11T19:15:32Z,PORTE-C,R51589907,ABONNEMENT,OK
TKT19225810165,2025-11-11T19:15:33Z,PORTE-A,R52195484,ABONNEMENT,OK
TKT56138215347,2025-11-11T19:15:33Z,PORTE-A,R57819213,UNITE,OK
TKT52615636712,2025-11-11T19:15:34Z,PORTE-C,R54941379,ABONNEMENT,OK
TKT38360375020,2025-11-11T19:15:36Z,PORTE-C,R51496041,ABONNEMENT,OK
TKT83927098621,2025-11-11T19:15:37Z,PORTE-B,R59341493,UNITE,OK
TKT11012301981,2025-11-11T19:15:37Z,PORTE-C,R51680554,UNITE,OK
TKT27614678286,2025-11-11T19:15:40Z,PORTE-B,R52149432,ABONNEMENT,OK
TKT89292064755,2025-11-11T19:15:41Z,VIP-EST,R56391258,UNITE,OK
TKT45899603542,2025-11-11T19:15:41Z,PORTE-A,R54774509,UNITE,OK
TKT34154396126,2025-11-11T19:15:44Z,PORTE-C,R58663860,ABONNEMENT,OK
TKT56415555516,2025-11-11T19:15:44Z,PORTE-D,R52986244,ABONNEMENT,OK
TKT46955151241,2025-11-11T19:15:44Z,PORTE-D,,UNITE,OK
TKT60155410082,2025-11-11T19:15:45Z,PORTE-A,,UNITE,OK
TKT83174777776,2025-11-11T19:15:47Z,PORTE-C,R55591561,INVITATION,OK
TKT84976497339,2025-11-11T19:15:49Z,PORTE-C,R58806009,UNITE,OK
TKT89108595908,2025-11-11T19:15:50Z,PORTE-A,R51145405,ABONNEMENT,OK
TKT64732873730,2025-11-11T19:15:50Z,PORTE-D,,UNITE,OK
TKT87350521102,2025-11-11T19:15:51Z,PORTE-D,R58970283,ABONNEMENT,OK
TKT98519435725,2025-11-11T19:15:51Z,PORTE-D,,GROUPE,OK
TKT13717781175,2025-11-11T19:15:52Z,PORTE-D,R53686357,UNITE,OK
TKT63384260299,2025-11-11T19:15:52Z,PORTE-D,R58791354,UNITE,OK
TKT55121297437,2025-11-11T19:15:53Z,PORTE-C,R54247597,ABONNEMENT,OK
TKT21735801986,2025-11-11T19:15:53Z,PORTE-D,R57226164,ABONNEMENT,OK
TKT49299026551,2025-11-11T19:15:53Z,VIP-EST,R54438106,VIP,OK
TKT89975565255,2025-11-11T19:15:54Z,VIP-EST,R52674773,ABONNEMENT,OK
TKT30617359587,2025-11-11T19:15:55Z,PORTE-C,R51926166,ABONNEMENT,OK
TKT63347352441,2025-11-11T19:15:56Z,PORTE-C,,UNITE,OK
TKT80156162867,2025-11-11T19:15:57Z,PORTE-C,R59222571,ABONNEMENT,OK
TKT45027623214,2025-11-11T19:15:57Z,PORTE-C,R52990813,INVITATION,OK
TKT31514067368,2025-11-11T19:15:57Z,PORTE-C,R54759107,UNITE,OK
TKT40413905179,2025-11-11T19:15:59Z,PORTE-C,R52392257,ABONNEMENT,OK
TKT71354812034,2025-11-11T19:15:59Z,PORTE-C,R54469704,UNITE,OK
TKT25888233446,2025-11-11T19:16:02Z,PORTE-C,R59033978,UNITE,OK
TKT96649036762,2025-11-11T19:16:03Z,PORTE-C,R56062891,UNITE,OK
TKT46538037060,2025-11-11T19:16:04Z,PORTE-A,R55789359,ABONNEMENT,OK
TKT10245924164,2025-11-11T19:16:04Z,PORTE-D,R53323126,UNITE,OK
TKT61850624097,2025-11-11T19:16:04Z,PORTE-C,R57062704,INVITATION,OK
TKT76269343452,2025-11-11T19:16:06Z,PORTE-C,R52570640,ABONNEMENT,OK
TKT40915420140,2025-11-11T19:16:07Z,PORTE-A,R51139764,ABONNEMENT,OK
TKT41226857407,2025-11-11T19:16:07Z,PORTE-D,R55839769,ABONNEMENT,OK
TKT64541125197,2025-11-11T19:16:08Z,PORTE-B,R53863514,UNITE,OK
TKT95980948297,2025-11-11T19:16:08Z,PORTE-D,R52557824,UNITE,OK
TKT72636823626,2025-11-11T19:16:09Z,PORTE-B,R51190834,ABONNEMENT,OK
TKT89796930017,2025-11-11T19:16:09Z,PORTE-C,R58472259,UNITE,OK
TKT45675682619,2025-11-11T19:16:10Z,PORTE-B,R59992777,ABONNEMENT,OK
TKT59471812106,2025-11-11T19:16:10Z,PORTE-B,R53709517,ABONNEMENT,OK
TKT95862872258,2025-11-11T19:16:11Z,PORTE-C,R53423993,UNITE,OK
TKT47907465921,2025-11-11T19:16:11Z,PORTE-B,,UNITE,OK
TKT53867850122,2025-11-11T19:16:12Z,PORTE-B,R59925414,ABONNEMENT,OK
TKT16063216780,2025-11-11T19:16:12Z,PORTE-D,R51009051,UNITE,OK
TKT44552419080,2025-11-11T19:16:13Z,PORTE-D,R54708851,ABONNEMENT,OK
TKT28207176257,2025-11-11T19:16:13Z,VIP-EST,R59427514,UNITE,OK
TKT17847507002,2025-11-11T19:16:14Z,PORTE-D,R51755896,ABONNEMENT,OK
TKT30051931049,2025-11-11T19:16:15Z,VIP-EST,R55194213,ABONNEMENT,OK
TKT69366247504,2025-11-11T19:16:15Z,VIP-EST,R57951956,UNITE,OK
TKT75950951160,2025-11-11T19:16:16Z,VIP-EST,R54977278,ABONNEMENT,OK
TKT37913211114,2025-11-11T19:16:16Z,PORTE-C,R55107703,UNITE,OK
TKT96643917991,2025-11-11T19:16:17Z,VIP-EST,R51671704,ABONNEMENT,OK
TKT84586411798,2025-11-11T19:16:18Z,VIP-EST,R54481495,UNITE,OK
TKT22803024387,2025-11-11T19:16:19Z,PORTE-C,R57958153,UNITE,OK
TKT27430987338,2025-11-11T19:16:21Z,PORTE-B,R54174717,UNITE,OK
TKT64412669988,2025-11-11T19:16:22Z,PORTE-B,R57768200,ABONNEMENT,OK
TKT24889357318,2025-11-11T19:16:22Z,VIP-EST,R58573538,ABONNEMENT,OK
TKT95902344153,2025-11-11T19:16:22Z,VIP-EST,R56099058,UNITE,OK
TKT13708567423,2025-11-11T19:16:23Z,PORTE-B,R54953304,ABONNEMENT,OK
TKT45769920083,2025-11-11T19:16:23Z,PORTE-C,R55852029,ABONNEMENT,OK
TKT25730746080,2025-11-11T19:16:23Z,PORTE-D,R54030116,UNITE,REFUSE_DEJA_SCANNE
TKT30316472302,2025-11-11T19:16:24Z,PORTE-C,R51790425,UNITE,OK
TKT22931939377,2025-11-11T19:16:26Z,VIP-EST,,VIP,OK
TKT48122042248,2025-11-11T19:16:26Z,PMR-NORD,,UNITE,OK
TKT74356511992,2025-11-11T19:16:27Z,VIP-EST,,VIP,OK
TKT49353946247,2025-11-11T19:16:28Z,PORTE-B,R56638364,ABONNEMENT,OK
TKT18305522161,2025-11-11T19:16:28Z,PORTE-C,R55136993,INVITATION,OK
TKT77334147509,2025-11-11T19:16:28Z,VIP-EST,R53459691,VIP,OK
TKT86386193077,2025-11-11T19:16:28Z,VIP-EST,R56659819,UNITE,OK
TKT85331373761,2025-11-11T19:16:29Z,PORTE-D,R53870190,ABONNEMENT,OK
TKT37164863563,2025-11-11T19:16:30Z,PORTE-C,R53085694,ABONNEMENT,OK
TKT94289700473,2025-11-11T19:16:31Z,PORTE-B,R57802451,ABONNEMENT,OK
TKT63589844616,2025-11-11T19:16:31Z,PORTE-C,R57322539,ABONNEMENT,OK
TKT79174587755,2025-11-11T19:16:31Z,PORTE-C,R52639219,INVITATION,OK
TKT37933793354,2025-11-11T19:16:32Z,PORTE-C,R54843088,ABONNEMENT,OK
TKT67019039162,2025-11-11T19:16:34Z,PORTE-A,R51369361,ABONNEMENT,OK
TKT47447295342,2025-11-11T19:16:34Z,VIP-EST,R59008366,VIP,OK
TKT61415262160,2025-11-11T19:16:35Z,PORTE-D,R52669812,UNITE,OK
TKT23551882959,2025-11-11T19:16:36Z,VIP-EST,R58388489,ABONNEMENT,OK
TKT24632543350,2025-11-11T19:16:37Z,PORTE-A,R58317237,UNITE,OK
TKT28691317233,2025-11-11T19:16:38Z,PORTE-C,,UNITE,OK
TKT50896338342,2025-11-11T19:16:39Z,PORTE-C,R53473522,ABONNEMENT,OK
TKT70198747173,2025-11-11T19:16:39Z,VIP-EST,R54555256,ABONNEMENT,OK
TKT16002087591,2025-11-11T19:16:40Z,PORTE-A,R58481320,UNITE,OK
TKT41226182169,2025-11-11T19:16:40Z,PORTE-C,R53262104,INVITATION,OK
TKT71662625066,2025-11-11T19:16:40Z,PORTE-C,R51435354,UNITE,OK
TKT15420926631,2025-11-11T19:16:42Z,PORTE-D,R53335999,ABONNEMENT,OK
TKT64302618768,2025-11-11T19:16:42Z,PORTE-A,R53170767,UNITE,OK
TKT27350630340,2025-11-11T19:16:42Z,VIP-EST,R55500502,UNITE,OK
TKT31226542688,2025-11-11T19:16:43Z,VIP-EST,R57774454,UNITE,OK
TKT51711056648,2025-11-11T19:16:44Z,PORTE-C,R56900738,ABONNEMENT,OK
TKT84857996346,2025-11-11T19:16:44Z,PORTE-C,R56403183,INVITATION,OK
TKT57501755081,2025-11-11T19:16:47Z,PORTE-C,R51061357,UNITE,OK
TKT43324023386,2025-11-11T19:16:48Z,PORTE-A,R56556423,ABONNEMENT,OK
TKT55945030397,2025-11-11T19:16:48Z,PORTE-A,R53140519,UNITE,OK
TKT37525183590,2025-11-11T19:16:49Z,PORTE-A,R57836578,ABONNEMENT,OK
TKT26627517406,2025-11-11T19:16:49Z,PORTE-A,R53186839,UNITE,OK
TKT60833040100,2025-11-11T19:16:50Z,PORTE-A,,GROUPE,OK
TKT65970255859,2025-11-11T19:16:50Z,PORTE-A,R57184758,UNITE,OK
TKT91471912207,2025-11-11T19:16:52Z,PORTE-C,R56957938,ABONNEMENT,OK
TKT92843967907,2025-11-11T19:16:52Z,PORTE-C,R53212786,UNITE,OK
TKT17022721219,2025-11-11T19:16:53Z,VIP-EST,R57391952,ABONNEMENT,OK
TKT97447706213,2025-11-11T19:16:54Z,PORTE-C,R58636141,UNITE,OK
TKT42723443609,2025-11-11T19:16:55Z,VIP-EST,R53797933,ABONNEMENT,OK
TKT37585466645,2025-11-11T19:16:55Z,PORTE-B,,UNITE,OK
TKT48904494812,2025-11-11T19:16:56Z,PORTE-C,R53897718,ABONNEMENT,OK
TKT24973068157,2025-11-11T19:16:56Z,VIP-EST,R54385522,ABONNEMENT,OK
TKT61751310709,2025-11-11T19:16:56Z,PORTE-D,R58298646,UNITE,OK
TKT19824783819,2025-11-11T19:16:58Z,VIP-EST,R56587897,ABONNEMENT,OK
TKT46703086959,2025-11-11T19:16:58Z,PORTE-B,R56148031,ABONNEMENT,OK
TKT57083496778,2025-11-11T19:16:59Z,PORTE-A,R58428324,ABONNEMENT,OK
TKT11017634968,2025-11-11T19:16:59Z,PORTE-B,,UNITE,OK
TKT94634971581,2025-11-11T19:17:00Z,PORTE-D,,UNITE,OK
TKT91514023415,2025-11-11T19:17:02Z,PORTE-C,R54856651,ABONNEMENT,OK
TKT58116755767,2025-11-11T19:17:03Z,PORTE-A,R58244089,ABONNEMENT,OK
TKT10443216847,2025-11-11T19:17:03Z,PORTE-C,,UNITE,OK
TKT87779273574,2025-11-11T19:17:04Z,VIP-EST,R53038895,INVITATION,OK
TKT22696922109,2025-11-11T19:17:05Z,PORTE-D,R51971806,ABONNEMENT,OK
TKT13921927761,2025-11-11T19:17:05Z,PORTE-D,R59382152,ABONNEMENT,OK
TKT77577815596,2025-11-11T19:17:05Z,PORTE-C,R54562267,UNITE,OK
TKT72771365885,2025-11-11T19:17:05Z,VIP-EST,R55614118,UNITE,OK
TKT91537124113,2025-11-11T19:17:06Z,VIP-EST,R53895946,UNITE,OK
TKT78570938200,2025-11-11T19:17:07Z,VIP-EST,R59103438,ABONNEMENT,OK
TKT73595840901,2025-11-11T19:17:07Z,PORTE-D,R51553606,UNITE,OK
TKT70427563367,2025-11-11T19:17:08Z,PORTE-D,,GROUPE,OK
TKT77849229982,2025-11-11T19:17:09Z,PORTE-B,,GROUPE,OK
TKT98677029348,2025-11-11T19:17:12Z,PORTE-C,R52576425,ABONNEMENT,OK
TKT42284131066,2025-11-11T19:17:13Z,PORTE-B,R56901006,ABONNEMENT,OK
TKT70046130349,2025-11-11T19:17:14Z,PORTE-B,R59286936,ABONNEMENT,OK
TKT34923771153,2025-11-11T19:17:16Z,PORTE-A,R59365678,ABONNEMENT,OK
TKT36048073095,2025-11-11T19:17:16Z,PORTE-D,R51821544,ABONNEMENT,OK
TKT34367302253,2025-11-11T19:17:16Z,PORTE-A,R55396838,UNITE,OK
TKT63014982318,2025-11-11T19:17:17Z,PORTE-D,R55137874,ABONNEMENT,OK
TKT18877492135,2025-11-11T19:17:17Z,PORTE-D,R52203788,UNITE,OK
TKT95118778222,2025-11-11T19:17:17Z,PORTE-A,,UNITE,OK
TKT21375152675,2025-11-11T19:17:18Z,PORTE-A,,INVITATION,OK
TKT18162474345,2025-11-11T19:17:19Z,PORTE-C,,UNITE,OK
TKT60652821361,2025-11-11T19:17:20Z,PORTE-C,R52452254,ABONNEMENT,OK
TKT58075563259,2025-11-11T19:17:23Z,PORTE-C,R52039571,ABONNEMENT,OK
TKT34724454173,2025-11-11T19:17:23Z,VIP-EST,R56472921,ABONNEMENT,OK
TKT15672011857,2025-11-11T19:17:24Z,PORTE-D,,GROUPE,OK
TKT14138898197,2025-11-11T19:17:25Z,PORTE-A,R53212920,UNITE,OK
TKT57960895512,2025-11-11T19:17:26Z,PORTE-C,R51385165,ABONNEMENT,OK
TKT42448403705,2025-11-11T19:17:26Z,PORTE-A,R52421202,ABONNEMENT,OK
TKT27855945618,2025-11-11T19:17:27Z,PORTE-A,R51332035,ABONNEMENT,OK
TKT76270594509,2025-11-11T19:17:27Z,PORTE-C,R56848623,UNITE,OK
TKT99212235380,2025-11-11T19:17:28Z,PORTE-C,,UNITE,OK
TKT97725633252,2025-11-11T19:17:29Z,PORTE-A,R57289236,UNITE,OK
TKT15842756848,2025-11-11T19:17:30Z,PORTE-C,R56559900,ABONNEMENT,OK
TKT86375938921,2025-11-11T19:17:30Z,PMR-NORD,R59378551,UNITE,OK
TKT84730885359,2025-11-11T19:17:31Z,PORTE-D,,UNITE,OK
TKT21703856572,2025-11-11T19:17:32Z,PORTE-D,R57403254,ABONNEMENT,REFUSE_DEJA_SCANNE
TKT39802590243,2025-11-11T19:17:32Z,PORTE-B,R58917843,UNITE,OK
TKT24997088320,2025-11-11T19:17:33Z,PORTE-D,R56118128,UNITE,OK
TKT87379567756,2025-11-11T19:17:34Z,PORTE-D,,UNITE,OK
TKT64070088332,2025-11-11T19:17:34Z,VIP-EST,R55741746,UNITE,OK
TKT69197334667,2025-11-11T19:17:36Z,VIP-EST,R55616637,VIP,OK
TKT35568292275,2025-11-11T19:17:37Z,PORTE-C,,UNITE,OK
TKT98813646807,2025-11-11T19:17:38Z,PORTE-C,R54210549,ABONNEMENT,OK
TKT49312358986,2025-11-11T19:17:38Z,PORTE-A,R56060104,UNITE,OK
TKT49223912361,2025-11-11T19:17:39Z,PMR-NORD,R52368752,ABONNEMENT,OK
TKT79830059149,2025-11-11T19:17:39Z,PORTE-A,R52352881,UNITE,OK
TKT30843420376,2025-11-11T19:17:39Z,VIP-EST,,UNITE,OK
TKT73239356086,2025-11-11T19:17:40Z,VIP-EST,R58870163,UNITE,OK
TKT18904482851,2025-11-11T19:17:40Z,PORTE-A,R57770709,UNITE,OK
TKT31366362054,2025-11-11T19:17:42Z,VIP-EST,R54140121,UNITE,OK
TKT76057122204,2025-11-11T19:17:43Z,PORTE-A,R58778424,UNITE,OK
TKT42326332820,2025-11-11T19:17:44Z,PORTE-C,R59734359,UNITE,OK
TKT46213015734,2025-11-11T19:17:45Z,PORTE-D,R56493093,ABONNEMENT,OK
TKT75538076413,2025-11-11T19:17:46Z,PORTE-C,R54028143,ABONNEMENT,OK
TKT73741564097,2025-11-11T19:17:46Z,PORTE-A,,UNITE,OK
TKT88981265426,2025-11-11T19:17:46Z,VIP-EST,,GROUPE,OK
TKT25239451074,2025-11-11T19:17:48Z,PORTE-A,R54583598,ABONNEMENT,OK
TKT44979595794,2025-11-11T19:17:48Z,PORTE-B,R51618641,UNITE,OK
TKT72656354633,2025-11-11T19:17:50Z,PORTE-D,R51976164,ABONNEMENT,OK
TKT12077479680,2025-11-11T19:17:50Z,PORTE-D,R56319336,ABONNEMENT,OK
TKT47280643780,2025-11-11T19:17:50Z,VIP-EST,R59860838,UNITE,OK
TKT56698867821,2025-11-11T19:17:52Z,PORTE-C,R52419909,UNITE,OK
TKT10761642782,2025-11-11T19:17:53Z,PORTE-C,R54840713,ABONNEMENT,OK
TKT35208345394,2025-11-11T19:17:53Z,PORTE-C,R55101305,ABONNEMENT,OK
TKT42066320893,2025-11-11T19:17:54Z,VIP-EST,R53455946,ABONNEMENT,OK
TKT37947370362,2025-11-11T19:17:54Z,PORTE-C,R53051902,ABONNEMENT,OK
TKT90434130691,2025-11-11T19:17:54Z,VIP-EST,R54711906,ABONNEMENT,OK
TKT40730798273,2025-11-11T19:17:56Z,PORTE-D,R56513389,ABONNEMENT,OK
TKT64573041238,2025-11-11T19:17:56Z,PORTE-C,R55224240,ABONNEMENT,OK
TKT29396683123,2025-11-11T19:17:57Z,PORTE-D,,UNITE,OK
TKT55648149313,2025-11-11T19:17:57Z,PORTE-D,,GROUPE,OK
TKT43958630378,2025-11-11T19:17:58Z,PORTE-D,R53576161,ABONNEMENT,OK
TKT18029574967,2025-11-11T19:17:58Z,VIP-EST,R57691699,ABONNEMENT,OK
TKT94564398849,2025-11-11T19:17:59Z,PORTE-C,R52764549,ABONNEMENT,OK
TKT40088850506,2025-11-11T19:18:00Z,VIP-EST,R51728100,ABONNEMENT,OK
TKT43683443254,2025-11-11T19:18:01Z,PORTE-C,R54178472,ABONNEMENT,OK
TKT49449720653,2025-11-11T19:18:01Z,PORTE-D,R54331722,ABONNEMENT,OK
TKT46579964673,2025-11-11T19:18:06Z,PORTE-D,R57629585,ABONNEMENT,OK
TKT83242463544,2025-11-11T19:18:08Z,PORTE-B,R54635214,ABONNEMENT,OK
TKT42278058786,2025-11-11T19:18:08Z,PORTE-A,,GROUPE,OK
TKT64733839050,2025-11-11T19:18:08Z,VIP-EST,R55915915,UNITE,OK
TKT99949116392,2025-11-11T19:18:10Z,PORTE-D,,INVITATION,OK
TKT17818178786,2025-11-11T19:18:11Z,PORTE-C,R55284793,ABONNEMENT,OK
TKT44912956759,2025-11-11T19:18:12Z,PORTE-A,R59533707,ABONNEMENT,OK
TKT47334287331,2025-11-11T19:18:13Z,PORTE-B,R53558116,ABONNEMENT,OK
TKT35984070721,2025-11-11T19:18:13Z,PORTE-D,R56478917,UNITE,OK
TKT10633689989,2025-11-11T19:18:14Z,VIP-EST,R52259159,UNITE,OK
TKT25299448607,2025-11-11T19:18:15Z,PORTE-C,R52684313,UNITE,OK
TKT32809134660,2025-11-11T19:18:15Z,VIP-EST,R52607487,UNITE,OK
TKT35525054249,2025-11-11T19:18:17Z,PORTE-C,R55704162,UNITE,OK
TKT66059031432,2025-11-11T19:18:17Z,PORTE-A,R55362108,UNITE,OK
TKT80933366029,2025-11-11T19:18:18Z,PORTE-D,R52603263,UNITE,OK
TKT77650048260,2025-11-11T19:18:20Z,PORTE-C,R53310588,ABONNEMENT,OK
TKT61562921922,2025-11-11T19:18:21Z,PORTE-A,R51094124,ABONNEMENT,OK
TKT27059335706,2025-11-11T19:18:21Z,PORTE-B,R59007408,UNITE,OK
TKT46136653925,2025-11-11T19:18:21Z,PORTE-C,R51001293,UNITE,OK
TKT90880303254,2025-11-11T19:18:22Z,PORTE-D,R54489387,ABONNEMENT,OK
TKT99151224387,2025-11-11T19:18:22Z,VIP-EST,R58002423,UNITE,OK
TKT32434689994,2025-11-11T19:18:22Z,PORTE-D,R57668616,UNITE,OK
TKT91962473116,2025-11-11T19:18:23Z,PORTE-C,R55309514,ABONNEMENT,OK
TKT89094572701,2025-11-11T19:18:23Z,PORTE-B,R58880172,UNITE,OK
TKT93941036538,2025-11-11T19:18:23Z,PORTE-A,R52758764,VIP,OK
TKT77051595874,2025-11-11T19:18:24Z,PORTE-D,R59149279,UNITE,OK
TKT46549293288,2025-11-11T19:18:24Z,PORTE-A,,UNITE,OK
TKT56549478309,2025-11-11T19:18:25Z,PORTE-C,R52448576,ABONNEMENT,OK
TKT36204457079,2025-11-11T19:18:25Z,VIP-EST,R55636789,ABONNEMENT,OK
TKT29868419774,2025-11-11T19:18:25Z,PORTE-B,R53092025,UNITE,OK
TKT98447942208,2025-11-11T19:18:26Z,PORTE-B,R55924018,UNITE,OK
TKT21080001722,2025-11-11T19:18:27Z,VIP-EST,,UNITE,OK
TKT50313283663,2025-11-11T19:18:28Z,PORTE-B,R54683172,ABONNEMENT,OK
TKT62000169159,2025-11-11T19:18:28Z,PORTE-A,R51921674,UNITE,OK
TKT83413405857,2025-11-11T19:18:28Z,PORTE-C,,GROUPE,OK
TKT90962806951,2025-11-11T19:18:29Z,VIP-EST,R55884997,ABONNEMENT,OK
TKT39281806759,2025-11-11T19:18:29Z,PORTE-C,R56579037,UNITE,OK
TKT26327310950,2025-11-11T19:18:30Z,PORTE-A,R59795046,ABONNEMENT,OK
TKT69644335186,2025-11-11T19:18:30Z,VIP-EST,R59590706,ABONNEMENT,OK
TKT92069671225,2025-11-11T19:18:34Z,PORTE-B,R51691933,UNITE,OK
TKT81015267067,2025-11-11T19:18:35Z,PORTE-D,R52934484,UNITE,OK
TKT40159262842,2025-11-11T19:18:36Z,PORTE-B,,INVITATION,OK
TKT99313975560,2025-11-11T19:18:36Z,PORTE-C,R53689020,UNITE,OK
TKT56776648583,2025-11-11T19:18:37Z,PORTE-C,R53403429,UNITE,OK
TKT10561367630,2025-11-11T19:18:38Z,PORTE-A,R51905870,ABONNEMENT,OK
TKT10472012753,2025-11-11T19:18:39Z,VIP-EST,R58051128,UNITE,OK
TKT54928347838,2025-11-11T19:18:41Z,PORTE-C,R52647399,INVITATION,OK
TKT75662917356,2025-11-11T19:18:43Z,PORTE-C,R52872025,ABONNEMENT,OK
TKT24938053711,2025-11-11T19:18:43Z,VIP-EST,,UNITE,OK
TKT59709883669,2025-11-11T19:18:44Z,VIP-EST,R51360635,ABONNEMENT,OK
TKT27337453212,2025-11-11T19:18:44Z,PORTE-B,R51955245,ABONNEMENT,OK
TKT75131309010,2025-11-11T19:18:44Z,PORTE-A,R54650415,UNITE,OK
TKT96772653436,2025-11-11T19:18:44Z,PORTE-B,,GROUPE,OK
TKT50504402330,2025-11-11T19:18:45Z,PORTE-C,R58982955,ABONNEMENT,OK
TKT92562738086,2025-11-11T19:18:45Z,PORTE-D,R54224782,UNITE,OK
TKT77641088714,2025-11-11T19:18:45Z,PORTE-D,R57336236,UNITE,OK
TKT51084931293,2025-11-11T19:18:46Z,VIP-EST,R57890321,ABONNEMENT,OK
TKT70697017971,2025-11-11T19:18:46Z,PORTE-C,R52141061,ABONNEMENT,OK
TKT25025683431,2025-11-11T19:18:46Z,VIP-EST,R52992786,ABONNEMENT,OK
TKT85112585577,2025-11-11T19:18:46Z,PORTE-C,R55877641,UNITE,OK
TKT98604275955,2025-11-11T19:18:50Z,PORTE-C,R58012375,ABONNEMENT,OK
TKT50066243532,2025-11-11T19:18:50Z,VIP-EST,R54579307,UNITE,OK
TKT40519150877,2025-11-11T19:18:54Z,PORTE-A,R57988870,ABONNEMENT,OK
TKT12869524802,2025-11-11T19:18:54Z,PORTE-C,R56344335,UNITE,OK
TKT60640938273,2025-11-11T19:18:54Z,PMR-NORD,R54784250,UNITE,OK
TKT16218422491,2025-11-11T19:18:56Z,PORTE-C,R59129874,ABONNEMENT,OK
TKT29699915655,2025-11-11T19:18:56Z,PORTE-C,R57800344,ABONNEMENT,OK
TKT99258602415,2025-11-11T19:18:57Z,PORTE-D,R54597697,ABONNEMENT,OK
TKT99617476932,2025-11-11T19:18:57Z,PORTE-A,R53064095,ABONNEMENT,OK
TKT56068873823,2025-11-11T19:18:57Z,VIP-EST,,UNITE,OK
TKT91379090042,2025-11-11T19:18:58Z,PORTE-A,,UNITE,OK
TKT85228800854,2025-11-11T19:19:01Z,PORTE-C,R52470041,ABONNEMENT,OK
TKT69224310479,2025-11-11T19:19:01Z,PORTE-B,,GROUPE,OK
TKT46130739579,2025-11-11T19:19:01Z,PORTE-B,R57712551,UNITE,OK
TKT15824132171,2025-11-11T19:19:02Z,VIP-EST,R55388524,UNITE,OK
TKT23341028275,2025-11-11T19:19:02Z,PORTE-A,R59958171,UNITE,OK
TKT65632330985,2025-11-11T19:19:03Z,PORTE-C,R59974109,UNITE,OK
TKT69889823604,2025-11-11T19:19:03Z,PORTE-B,R58230258,INVITATION,REFUSE_DEJA_SCANNE
TKT98632030916,2025-11-11T19:19:04Z,PORTE-B,R54744807,ABONNEMENT,OK
TKT87503787331,2025-11-11T19:19:04Z,PORTE-D,R52086226,UNITE,OK
TKT96394288763,2025-11-11T19:19:05Z,PORTE-D,R56824515,ABONNEMENT,OK
TKT25020501889,2025-11-11T19:19:05Z,PORTE-C,R54595302,UNITE,OK
TKT87077130029,2025-11-11T19:19:10Z,PORTE-A,R56269482,ABONNEMENT,OK
TKT87695877990,2025-11-11T19:19:10Z,PORTE-B,R59847285,ABONNEMENT,OK
TKT63842926959,2025-11-11T19:19:10Z,PORTE-C,R52113409,UNITE,OK
TKT83808951089,2025-11-11T19:19:10Z,PORTE-D,R59140218,UNITE,OK
TKT47009666858,2025-11-11T19:19:11Z,PORTE-A,R52059934,ABONNEMENT,OK
TKT91456797096,2025-11-11T19:19:11Z,PORTE-C,R57958565,UNITE,OK
TKT98484493459,2025-11-11T19:19:14Z,PORTE-A,R54028076,ABONNEMENT,OK
TKT72484558038,2025-11-11T19:19:14Z,PORTE-A,R55120174,UNITE,OK
TKT88343999106,2025-11-11T19:19:15Z,VIP-EST,R52616615,ABONNEMENT,OK
TKT56802849080,2025-11-11T19:19:15Z,PORTE-C,R55539533,ABONNEMENT,OK
TKT69218325309,2025-11-11T19:19:15Z,PORTE-D,R53408668,ABONNEMENT,OK
TKT94222444485,2025-11-11T19:19:15Z,PORTE-C,R53457708,ABONNEMENT,OK
TKT24673002931,2025-11-11T19:19:16Z,PORTE-D,R51405997,UNITE,OK
TKT49912398577,2025-11-11T19:19:16Z,PORTE-A,R57631625,UNITE,OK
TKT16636810880,2025-11-11T19:19:16Z,PORTE-A,R52509062,VIP,OK
TKT32470264993,2025-11-11T19:19:18Z,PORTE-B,R51648621,ABONNEMENT,OK
TKT25757859116,2025-11-11T19:19:19Z,PORTE-C,R53848668,ABONNEMENT,OK
TKT38721246995,2025-11-11T19:19:20Z,PORTE-C,R56157916,UNITE,OK
TKT76448563039,2025-11-11T19:19:20Z,PORTE-A,R56505755,UNITE,OK
TKT55112084031,2025-11-11T19:19:21Z,PORTE-C,,UNITE,OK
TKT62581038576,2025-11-11T19:19:23Z,PORTE-C,R58756624,INVITATION,OK
TKT89837266514,2025-11-11T19:19:24Z,PORTE-B,R51820874,ABONNEMENT,OK
TKT83038825186,2025-11-11T19:19:24Z,PORTE-A,R54947777,ABONNEMENT,OK
TKT63630196014,2025-11-11T19:19:24Z,PORTE-C,,UNITE,OK
TKT62591333798,2025-11-11T19:19:25Z,PMR-NORD,R55385737,ABONNEMENT,OK
TKT48026331180,2025-11-11T19:19:25Z,PORTE-A,R57759886,ABONNEMENT,OK
TKT43147984976,2025-11-11T19:19:26Z,PORTE-C,,GROUPE,OK
TKT89376318075,2025-11-11T19:19:27Z,PORTE-B,,GROUPE,OK
TKT17609874897,2025-11-11T19:19:27Z,PORTE-A,R58726865,UNITE,OK
TKT72321553466,2025-11-11T19:19:28Z,PORTE-C,R53909700,ABONNEMENT,OK
TKT60932700924,2025-11-11T19:19:28Z,PORTE-C,R54020251,UNITE,OK
TKT23957712504,2025-11-11T19:19:29Z,PORTE-A,R59934465,ABONNEMENT,OK
TKT35806686019,2025-11-11T19:19:29Z,VIP-EST,R51928829,UNITE,OK
TKT62030866805,2025-11-11T19:19:30Z,PORTE-C,R53012546,ABONNEMENT,OK
TKT68025816990,2025-11-11T19:19:30Z,VIP-EST,R58809687,ABONNEMENT,OK
TKT12207881157,2025-11-11T19:19:30Z,PORTE-C,,UNITE,OK
TKT72016656573,2025-11-11T19:19:30Z,VIP-EST,R54164775,UNITE,OK
TKT36635840649,2025-11-11T19:19:31Z,PORTE-D,R52635685,UNITE,OK
TKT42277368390,2025-11-11T19:19:32Z,PORTE-B,,UNITE,OK
TKT62782534579,2025-11-11T19:19:33Z,PORTE-C,R54536052,ABONNEMENT,OK
TKT24865065001,2025-11-11T19:19:33Z,PORTE-C,R55740865,ABONNEMENT,OK
TKT90608301242,2025-11-11T19:19:34Z,PORTE-C,R51597062,ABONNEMENT,OK
TKT79714635821,2025-11-11T19:19:34Z,PORTE-D,R52745891,ABONNEMENT,OK
TKT60641013476,2025-11-11T19:19:34Z,PORTE-C,R55092512,ABONNEMENT,OK
TKT12034295773,2025-11-11T19:19:34Z,PORTE-B,R53986536,UNITE,OK
TKT45135715616,2025-11-11T19:19:34Z,PORTE-C,,UNITE,OK
TKT36685341630,2025-11-11T19:19:35Z,PORTE-C,,UNITE,OK
TKT31147226608,2025-11-11T19:19:37Z,PORTE-C,R59964914,UNITE,OK
TKT69067525292,2025-11-11T19:19:37Z,PORTE-D,R51383805,UNITE,OK
TKT31684821742,2025-11-11T19:19:38Z,PORTE-B,R59824269,ABONNEMENT,OK
TKT90595047707,2025-11-11T19:19:38Z,PORTE-D,R53666952,ABONNEMENT,OK
TKT90568047179,2025-11-11T19:19:38Z,PORTE-D,R54165043,ABONNEMENT,OK
TKT21262226860,2025-11-11T19:19:39Z,PORTE-D,R56698515,ABONNEMENT,OK
TKT61427835507,2025-11-11T19:19:39Z,PORTE-B,R57755183,ABONNEMENT,OK
TKT19493863206,2025-11-11T19:19:40Z,PORTE-A,R54234935,UNITE,OK
TKT51070567564,2025-11-11T19:19:40Z,VIP-EST,,UNITE,OK
TKT89687875483,2025-11-11T19:19:41Z,PORTE-D,R56912308,UNITE,OK
TKT42232629164,2025-11-11T19:19:42Z,VIP-EST,R52788925,ABONNEMENT,OK
TKT77422165881,2025-11-11T19:19:42Z,PORTE-A,R54693047,UNITE,OK
TKT65506659469,2025-11-11T19:19:43Z,PORTE-D,R51403957,ABONNEMENT,OK
TKT99376974668,2025-11-11T19:19:43Z,PORTE-C,,UNITE,OK
TKT57602827422,2025-11-11T19:19:43Z,PORTE-B,R57569789,UNITE,OK
TKT94098556557,2025-11-11T19:19:43Z,VIP-EST,R55125892,UNITE,OK
TKT56391447145,2025-11-11T19:19:44Z,PORTE-A,R56004934,ABONNEMENT,OK
TKT69563419986,2025-11-11T19:19:44Z,PORTE-D,R59086820,ABONNEMENT,OK
TKT30470167197,2025-11-11T19:19:45Z,PORTE-C,R53816524,ABONNEMENT,OK
TKT76411641043,2025-11-11T19:19:45Z,PORTE-C,,UNITE,OK
TKT35686767438,2025-11-11T19:19:46Z,VIP-EST,R56217511,ABONNEMENT,OK
TKT66620437188,2025-11-11T19:19:48Z,VIP-EST,R51076548,UNITE,OK
TKT73405937932,2025-11-11T19:19:48Z,PORTE-C,R58427309,UNITE,OK
TKT54061577102,2025-11-11T19:19:49Z,PORTE-D,,GROUPE,OK
TKT33627851269,2025-11-11T19:19:49Z,PORTE-C,R51382914,UNITE,OK
TKT60382551066,2025-11-11T19:19:50Z,PORTE-D,R55264641,ABONNEMENT,OK
TKT66143724349,2025-11-11T19:19:51Z,PORTE-C,R59583494,ABONNEMENT,OK
TKT94386168466,2025-11-11T19:19:51Z,PORTE-B,R54111923,ABONNEMENT,OK
TKT20019197828,2025-11-11T19:19:51Z,PORTE-C,R58130550,UNITE,OK
TKT11223573491,2025-11-11T19:19:51Z,PORTE-A,,UNITE,OK
TKT33248779933,2025-11-11T19:19:51Z,PORTE-C,R55182556,UNITE,OK
TKT57605872638,2025-11-11T19:19:52Z,PORTE-D,R57174538,ABONNEMENT,OK
TKT49145635074,2025-11-11T19:19:54Z,PORTE-D,R55411138,ABONNEMENT,OK
TKT45829663051,2025-11-11T19:19:57Z,PORTE-C,R51577513,ABONNEMENT,OK
TKT77086521677,2025-11-11T19:19:57Z,PORTE-A,R53085493,ABONNEMENT,OK
TKT76110106592,2025-11-11T19:19:59Z,PORTE-D,R51672518,INVITATION,OK
TKT29243902770,2025-11-11T19:19:59Z,PORTE-B,R53140452,UNITE,OK
TKT41628561328,2025-11-11T19:20:01Z,VIP-EST,R51672652,ABONNEMENT,OK
TKT42064113881,2025-11-11T19:20:01Z,PORTE-C,R54321291,UNITE,OK
TKT81620761017,2025-11-11T19:20:03Z,PORTE-C,R56231476,ABONNEMENT,OK
TKT69032507705,2025-11-11T19:20:06Z,PORTE-B,R53600470,ABONNEMENT,OK
TKT49086705518,2025-11-11T19:20:07Z,PORTE-C,R55847326,ABONNEMENT,OK
TKT92633191679,2025-11-11T19:20:08Z,PORTE-C,R55825727,ABONNEMENT,OK
TKT14455007816,2025-11-11T19:20:09Z,PORTE-B,R55410056,ABONNEMENT,OK
TKT20423021855,2025-11-11T19:20:11Z,PORTE-D,R51462805,ABONNEMENT,OK
TKT94234973140,2025-11-11T19:20:11Z,PORTE-D,R52580438,ABONNEMENT,OK
TKT77061336476,2025-11-11T19:20:12Z,PORTE-D,R53228925,ABONNEMENT,OK
TKT69331333752,2025-11-11T19:20:14Z,PORTE-C,R51523425,UNITE,OK
TKT52178577191,2025-11-11T19:20:14Z,PORTE-B,R59362881,UNITE,OK
TKT93691319889,2025-11-11T19:20:15Z,VIP-EST,,UNITE,OK
TKT51207099569,2025-11-11T19:20:15Z,PORTE-C,R59521782,UNITE,OK
TKT83035106539,2025-11-11T19:20:16Z,PORTE-C,R51007691,UNITE,OK
TKT89062735572,2025-11-11T19:20:16Z,VIP-EST,R55655045,UNITE,OK
TKT49003643808,2025-11-11T19:20:18Z,PORTE-B,R55357539,UNITE,OK
TKT98341682394,2025-11-11T19:20:20Z,PORTE-A,R55571275,UNITE,OK
TKT63637427148,2025-11-11T19:20:21Z,PORTE-B,R52973582,UNITE,OK
TKT85992897664,2025-11-11T19:20:21Z,PORTE-D,R56676447,UNITE,OK
TKT59270366018,2025-11-11T19:20:22Z,PORTE-B,R59884065,ABONNEMENT,OK
TKT63100470888,2025-11-11T19:20:23Z,PORTE-D,R53176830,ABONNEMENT,OK
TKT57586668172,2025-11-11T19:20:23Z,PORTE-D,R55874154,ABONNEMENT,OK
TKT88045221409,2025-11-11T19:20:24Z,PORTE-C,R56564258,UNITE,OK
TKT37496245056,2025-11-11T19:20:25Z,PORTE-B,R59436987,UNITE,OK
TKT26106342994,2025-11-11T19:20:25Z,PORTE-D,,GROUPE,OK
TKT16638742379,2025-11-11T19:20:26Z,PORTE-D,R53458532,ABONNEMENT,OK
TKT30713815236,2025-11-11T19:20:27Z,PORTE-C,R52895118,ABONNEMENT,OK
TKT57962231536,2025-11-11T19:20:28Z,PORTE-C,R57332079,ABONNEMENT,OK
TKT38402629774,2025-11-11T19:20:29Z,PORTE-D,R58999506,ABONNEMENT,OK
TKT74104239799,2025-11-11T19:20:30Z,PORTE-A,,UNITE,OK
TKT67597625441,2025-11-11T19:20:30Z,PORTE-A,R51373719,UNITE,OK
TKT23838441513,2025-11-11T19:20:31Z,PORTE-B,R56592322,ABONNEMENT,OK
TKT19997140352,2025-11-11T19:20:31Z,PORTE-A,R56008200,ABONNEMENT,OK
TKT66180411585,2025-11-11T19:20:31Z,PORTE-B,R56628690,ABONNEMENT,OK
TKT43150259349,2025-11-11T19:20:33Z,PORTE-C,R58943378,ABONNEMENT,OK
TKT54710410914,2025-11-11T19:20:33Z,PORTE-A,R53208773,INVITATION,OK
TKT70919894543,2025-11-11T19:20:34Z,PORTE-A,R56902366,UNITE,OK
TKT29783566841,2025-11-11T19:20:35Z,VIP-EST,R51388910,UNITE,OK
TKT77063928892,2025-11-11T19:20:36Z,PORTE-C,R53026089,ABONNEMENT,OK
TKT82459353557,2025-11-11T19:20:38Z,VIP-EST,,UNITE,OK
TKT11341164742,2025-11-11T19:20:39Z,PORTE-B,R53455400,ABONNEMENT,OK
TKT24208132389,2025-11-11T19:20:39Z,PORTE-B,R58796057,ABONNEMENT,OK
TKT98455467545,2025-11-11T19:20:39Z,PORTE-C,R59881881,UNITE,OK
TKT96434171740,2025-11-11T19:20:39Z,PORTE-C,R59817315,UNITE,OK
TKT55507911796,2025-11-11T19:20:40Z,PORTE-D,R51242269,ABONNEMENT,OK
TKT89019777692,2025-11-11T19:20:40Z,PORTE-C,R51896886,INVITATION,OK
TKT41027091584,2025-11-11T19:20:41Z,VIP-EST,,UNITE,OK
TKT24971026374,2025-11-11T19:20:43Z,PORTE-C,R59757653,ABONNEMENT,OK
TKT56187997729,2025-11-11T19:20:43Z,PORTE-D,R58469596,ABONNEMENT,OK
TKT99334438977,2025-11-11T19:20:43Z,PORTE-A,,UNITE,OK
TKT81693561641,2025-11-11T19:20:43Z,VIP-EST,R54783024,UNITE,OK
TKT40266715555,2025-11-11T19:20:43Z,PORTE-B,R58602560,UNITE,OK
TKT86790901793,2025-11-11T19:20:44Z,VIP-EST,R59165763,UNITE,OK
TKT67879285796,2025-11-11T19:20:46Z,PORTE-C,R52111369,UNITE,OK
TKT94057745066,2025-11-11T19:20:50Z,PORTE-A,,GROUPE,OK
TKT32371736006,2025-11-11T19:20:50Z,PORTE-C,R51261607,UNITE,OK
TKT59884221374,2025-11-11T19:20:51Z,PORTE-C,R59523152,ABONNEMENT,OK
TKT65574391551,2025-11-11T19:20:52Z,PORTE-C,R55314629,UNITE,OK
TKT71778592897,2025-11-11T19:20:53Z,PORTE-C,R54483870,UNITE,OK
TKT79412526549,2025-11-11T19:20:54Z,PORTE-C,R56731818,UNITE,OK
TKT41771970200,2025-11-11T19:20:55Z,PORTE-C,R58580415,ABONNEMENT,OK
TKT70223494614,2025-11-11T19:20:55Z,PORTE-A,R53997148,UNITE,REFUSE_INVALIDE
TKT69505813015,2025-11-11T19:20:56Z,PORTE-B,,UNITE,OK
TKT30771669840,2025-11-11T19:20:56Z,PORTE-B,R57164519,UNITE,OK
TKT99076258855,2025-11-11T19:20:56Z,PORTE-B,,UNITE,OK
TKT22657595176,2025-11-11T19:20:56Z,PORTE-D,,UNITE,OK
TKT20953618885,2025-11-11T19:20:58Z,VIP-EST,R53765377,ABONNEMENT,OK
TKT51078031100,2025-11-11T19:20:59Z,PORTE-D,R59491889,INVITATION,OK
TKT92406649087,2025-11-11T19:21:01Z,PORTE-A,R59904361,UNITE,OK
TKT96059429766,2025-11-11T19:21:01Z,PORTE-A,R52893691,UNITE,OK
TKT10314522905,2025-11-11T19:21:03Z,PORTE-C,R51277200,INVITATION,OK
TKT67851991867,2025-11-11T19:21:05Z,PORTE-A,R57046632,ABONNEMENT,OK
TKT38801053046,2025-11-11T19:21:05Z,PORTE-C,R59381683,ABONNEMENT,OK
TKT11204784269,2025-11-11T19:21:05Z,PORTE-B,R58037163,ABONNEMENT,OK
TKT68386903973,2025-11-11T19:21:05Z,PORTE-C,R52836682,UNITE,REFUSE_DEJA_SCANNE
TKT71420541314,2025-11-11T19:21:06Z,PORTE-D,R53493674,ABONNEMENT,OK
TKT79704280661,2025-11-11T19:21:07Z,PORTE-A,R52353025,ABONNEMENT,OK
TKT79758057153,2025-11-11T19:21:08Z,PORTE-A,R52642964,UNITE,OK
TKT59478824711,2025-11-11T19:21:10Z,PORTE-C,,UNITE,OK
TKT29548509902,2025-11-11T19:21:11Z,PORTE-C,R52310929,UNITE,OK
TKT67829029912,2025-11-11T19:21:13Z,PORTE-D,R55324906,ABONNEMENT,OK
TKT97631320067,2025-11-11T19:21:14Z,PORTE-A,R57970212,ABONNEMENT,OK
TKT15286419677,2025-11-11T19:21:17Z,PORTE-C,,UNITE,OK
TKT26465054600,2025-11-11T19:21:19Z,PORTE-A,R52074512,GROUPE,OK
TKT31286440301,2025-11-11T19:21:19Z,PORTE-D,R58807972,UNITE,OK
TKT36772390693,2025-11-11T19:21:20Z,PORTE-C,R57074274,UNITE,OK
TKT51619883002,2025-11-11T19:21:20Z,PORTE-A,R58950054,UNITE,OK
TKT54599665990,2025-11-11T19:21:20Z,PORTE-C,R51670612,UNITE,OK
TKT63405636233,2025-11-11T19:21:21Z,PORTE-A,R58414091,ABONNEMENT,OK
TKT76131570271,2025-11-11T19:21:21Z,PORTE-A,R51697517,ABONNEMENT,OK
TKT20211799503,2025-11-11T19:21:22Z,VIP-EST,R54730986,UNITE,OK
TKT30496238317,2025-11-11T19:21:23Z,PORTE-B,R52583570,ABONNEMENT,OK
TKT37478580274,2025-11-11T19:21:23Z,PORTE-D,,UNITE,OK
TKT74783585721,2025-11-11T19:21:25Z,PORTE-C,R51243552,UNITE,OK
TKT18600253511,2025-11-11T19:21:25Z,PORTE-A,R57706354,UNITE,OK
TKT80428944235,2025-11-11T19:21:25Z,VIP-EST,R58631428,UNITE,OK
TKT38458323841,2025-11-11T19:21:27Z,VIP-EST,R52534607,UNITE,OK
TKT44579982284,2025-11-11T19:21:27Z,PORTE-A,R52437954,UNITE,OK
TKT71758168421,2025-11-11T19:21:30Z,VIP-EST,R58457346,ABONNEMENT,OK
TKT22160248314,2025-11-11T19:21:30Z,VIP-EST,R57594922,ABONNEMENT,OK
TKT94810017909,2025-11-11T19:21:30Z,PORTE-B,R58341345,ABONNEMENT,OK
TKT34885731038,2025-11-11T19:21:31Z,PORTE-A,,UNITE,OK
TKT93365579172,2025-11-11T19:21:32Z,PORTE-A,,UNITE,OK
TKT38829390744,2025-11-11T19:21:33Z,PORTE-B,R56797543,ABONNEMENT,OK
TKT15403804261,2025-11-11T19:21:33Z,PORTE-A,,UNITE,OK
TKT16856855799,2025-11-11T19:21:34Z,PORTE-B,R58226925,ABONNEMENT,OK
TKT77423336570,2025-11-11T19:21:34Z,PORTE-C,R59328888,UNITE,OK
TKT90753539547,2025-11-11T19:21:34Z,PORTE-D,R55963518,UNITE,OK
TKT63299906504,2025-11-11T19:21:35Z,PORTE-A,R51535762,ABONNEMENT,OK
TKT45189677390,2025-11-11T19:21:37Z,PORTE-C,R55242084,ABONNEMENT,OK
TKT75730989426,2025-11-11T19:21:39Z,VIP-EST,R57108200,ABONNEMENT,OK
TKT49278866617,2025-11-11T19:21:42Z,PORTE-A,R51111700,ABONNEMENT,OK
TKT60869027565,2025-11-11T19:21:43Z,PORTE-A,R53610834,ABONNEMENT,OK
TKT70450358620,2025-11-11T19:21:43Z,PORTE-B,R58413746,UNITE,OK
TKT47248852406,2025-11-11T19:21:44Z,PORTE-A,R57461221,ABONNEMENT,OK
TKT39788888789,2025-11-11T19:21:44Z,PORTE-D,R57228549,INVITATION,OK
TKT83641860023,2025-11-11T19:21:44Z,PORTE-A,R51664214,UNITE,OK
TKT85039763138,2025-11-11T19:21:44Z,PORTE-B,,UNITE,OK
TKT31651014744,2025-11-11T19:21:47Z,PORTE-C,R55069975,ABONNEMENT,OK
TKT87588054023,2025-11-11T19:21:48Z,PORTE-A,R51493599,ABONNEMENT,OK
TKT90005795211,2025-11-11T19:21:50Z,PORTE-C,R54499195,INVITATION,OK
TKT69214772995,2025-11-11T19:21:55Z,VIP-EST,R59026143,ABONNEMENT,OK
TKT89940781863,2025-11-11T19:21:57Z,VIP-EST,R54831250,ABONNEMENT,OK
TKT98952968144,2025-11-11T19:21:57Z,PORTE-D,R56703821,UNITE,OK
TKT65213737767,2025-11-11T19:21:57Z,VIP-EST,R56836842,UNITE,OK
TKT99981111913,2025-11-11T19:21:58Z,PORTE-D,R57260090,ABONNEMENT,OK
TKT68093669138,2025-11-11T19:21:58Z,PORTE-A,R58610797,ABONNEMENT,OK
TKT89728134080,2025-11-11T19:21:58Z,PORTE-D,R54350035,ABONNEMENT,OK
TKT44525279072,2025-11-11T19:21:58Z,PORTE-C,R56160301,UNITE,OK
TKT52523062832,2025-11-11T19:21:59Z,PORTE-D,R58344688,ABONNEMENT,OK
TKT72117343852,2025-11-11T19:22:00Z,PORTE-C,R56750744,ABONNEMENT,OK
TKT95391970436,2025-11-11T19:22:01Z,PORTE-D,R53282946,ABONNEMENT,OK
TKT71894523097,2025-11-11T19:22:01Z,PORTE-C,R52796281,UNITE,OK
TKT81341262870,2025-11-11T19:22:01Z,PORTE-C,R51364926,UNITE,REFUSE_INVALIDE
TKT42283452118,2025-11-11T19:22:04Z,PORTE-C,R54836288,ABONNEMENT,OK
TKT47461185580,2025-11-11T19:22:04Z,PORTE-D,R58358586,ABONNEMENT,OK
TKT73186051962,2025-11-11T19:22:04Z,PORTE-A,R54117306,UNITE,OK
TKT79916803490,2025-11-11T19:22:05Z,PORTE-B,R52961456,UNITE,OK
TKT16152216708,2025-11-11T19:22:05Z,PORTE-D,R55088499,UNITE,OK
TKT59159991322,2025-11-11T19:22:06Z,PORTE-A,R53404253,UNITE,OK
TKT64940226536,2025-11-11T19:22:06Z,PORTE-C,,UNITE,OK
TKT39180251066,2025-11-11T19:22:07Z,PORTE-C,R59082328,ABONNEMENT,OK
TKT42588266512,2025-11-11T19:22:07Z,VIP-EST,R58964833,ABONNEMENT,OK
TKT16116103590,2025-11-11T19:22:08Z,PORTE-D,,UNITE,OK
TKT12463133273,2025-11-11T19:22:09Z,PORTE-C,R54572420,ABONNEMENT,OK
TKT89410047737,2025-11-11T19:22:09Z,PORTE-C,R56859044,UNITE,OK
TKT18500630662,2025-11-11T19:22:09Z,PORTE-C,R54658652,UNITE,OK
TKT69397708749,2025-11-11T19:22:09Z,PORTE-C,,UNITE,OK
TKT20075803002,2025-11-11T19:22:09Z,PORTE-C,,UNITE,OK
TKT80615914808,2025-11-11T19:22:10Z,PORTE-B,R59128916,ABONNEMENT,OK
TKT13005222098,2025-11-11T19:22:10Z,PORTE-D,,UNITE,OK
TKT90417497424,2025-11-11T19:22:14Z,PORTE-B,R58925477,ABONNEMENT,OK
TKT20796373879,2025-11-11T19:22:14Z,PORTE-D,R56939970,INVITATION,OK
TKT10802269611,2025-11-11T19:22:14Z,PORTE-B,,GROUPE,OK
TKT25414653839,2025-11-11T19:22:17Z,VIP-EST,R56048869,ABONNEMENT,OK
TKT73655248442,2025-11-11T19:22:18Z,VIP-EST,R53898321,UNITE,OK
TKT94333573447,2025-11-11T19:22:18Z,PORTE-D,R58564554,UNITE,OK
TKT94582093044,2025-11-11T19:22:21Z,PORTE-C,R53668523,ABONNEMENT,OK
TKT81558493612,2025-11-11T19:22:23Z,PORTE-C,R51391908,ABONNEMENT,OK
TKT76341325250,2025-11-11T19:22:23Z,PORTE-A,R56246791,ABONNEMENT,OK
TKT42992329805,2025-11-11T19:22:24Z,PORTE-A,R59310029,ABONNEMENT,OK
TKT65455951065,2025-11-11T19:22:24Z,PORTE-C,R56363874,UNITE,OK
TKT32298684906,2025-11-11T19:22:27Z,PMR-NORD,,UNITE,OK
TKT28875896148,2025-11-11T19:22:28Z,PORTE-A,R59200292,ABONNEMENT,OK
TKT71914283698,2025-11-11T19:22:29Z,PORTE-A,R55567932,ABONNEMENT,OK
TKT75291952679,2025-11-11T19:22:29Z,PORTE-C,R59984185,ABONNEMENT,OK
TKT37788995196,2025-11-11T19:22:29Z,PORTE-C,,UNITE,OK
TKT19996913559,2025-11-11T19:22:29Z,PORTE-A,R58154457,UNITE,OK
TKT44288684144,2025-11-11T19:22:30Z,PORTE-C,R58750896,UNITE,OK
TKT18824417680,2025-11-11T19:22:31Z,PORTE-A,R55550902,ABONNEMENT,OK
TKT97792395836,2025-11-11T19:22:31Z,PORTE-B,R57950117,UNITE,OK
TKT73056187349,2025-11-11T19:22:34Z,PORTE-D,R55402556,ABONNEMENT,OK
TKT22598326658,2025-11-11T19:22:37Z,PORTE-B,R55513442,ABONNEMENT,OK
TKT95308880951,2025-11-11T19:22:37Z,PORTE-C,R54482989,UNITE,OK
TKT33624401150,2025-11-11T19:22:38Z,PORTE-C,R51085331,ABONNEMENT,OK
TKT17854097839,2025-11-11T19:22:38Z,PORTE-A,R58278886,ABONNEMENT,OK
TKT34809113171,2025-11-11T19:22:38Z,PORTE-B,,GROUPE,OK
TKT48619408826,2025-11-11T19:22:39Z,PORTE-C,R58609025,ABONNEMENT,OK
TKT10066707931,2025-11-11T19:22:40Z,PORTE-C,,UNITE,OK
TKT77018985171,2025-11-11T19:22:40Z,PORTE-A,R53818229,UNITE,OK
TKT60058221656,2025-11-11T19:22:42Z,PORTE-C,R59897082,ABONNEMENT,OK
TKT19463476800,2025-11-11T19:22:43Z,PORTE-C,R59451967,UNITE,OK
TKT99581343834,2025-11-11T19:22:44Z,PORTE-C,R53733089,ABONNEMENT,OK
TKT53720792647,2025-11-11T19:22:44Z,PORTE-D,R59087098,ABONNEMENT,OK
TKT84857996346,2025-11-11T19:22:44Z,PORTE-C,R56403183,INVITATION,REFUSE_DEJA_SCANNE
TKT30216120297,2025-11-11T19:22:44Z,VIP-EST,R53086163,UNITE,OK
TKT94257472160,2025-11-11T19:22:45Z,PORTE-C,R54090123,ABONNEMENT,OK
TKT23544796017,2025-11-11T19:22:45Z,PORTE-D,R54836556,UNITE,OK
TKT40719092260,2025-11-11T19:22:47Z,PORTE-C,R55961076,ABONNEMENT,OK
TKT91047389373,2025-11-11T19:22:47Z,PORTE-C,,UNITE,OK
TKT34335460028,2025-11-11T19:22:47Z,PORTE-A,R53500082,UNITE,OK
TKT50119933051,2025-11-11T19:22:48Z,PORTE-D,R59379221,ABONNEMENT,OK
TKT89492750388,2025-11-11T19:22:50Z,PORTE-A,R54388118,UNITE,OK
TKT28652195403,2025-11-11T19:22:50Z,PORTE-C,R58411850,UNITE,OK
TKT31277817017,2025-11-11T19:22:51Z,PORTE-A,R52200321,UNITE,OK
TKT58775896905,2025-11-11T19:22:53Z,VIP-EST,R59817315,UNITE,OK
TKT78408361832,2025-11-11T19:22:54Z,PORTE-B,R55796380,UNITE,OK
TKT95424784376,2025-11-11T19:22:55Z,VIP-EST,R54799910,ABONNEMENT,OK
TKT66886757255,2025-11-11T19:22:55Z,PORTE-B,,UNITE,OK
TKT85102957323,2025-11-11T19:22:56Z,PORTE-B,R53182203,ABONNEMENT,OK
TKT10921496626,2025-11-11T19:22:57Z,VIP-EST,R56657990,ABONNEMENT,OK
TKT60756351668,2025-11-11T19:22:57Z,PORTE-C,R56679981,UNITE,OK
TKT14876759718,2025-11-11T19:22:58Z,PORTE-C,R57260291,ABONNEMENT,OK
TKT90256989146,2025-11-11T19:22:58Z,VIP-EST,R54440826,ABONNEMENT,OK
TKT32228173460,2025-11-11T19:22:58Z,PORTE-C,R53736489,UNITE,OK
TKT33790985622,2025-11-11T19:22:59Z,PORTE-C,R53539247,ABONNEMENT,OK
TKT20829338165,2025-11-11T19:22:59Z,PORTE-D,,GROUPE,OK
TKT53377996227,2025-11-11T19:23:00Z,PORTE-D,R52827420,ABONNEMENT,OK
TKT16617078159,2025-11-11T19:23:02Z,PORTE-D,R54278391,UNITE,OK
TKT74657884073,2025-11-11T19:23:03Z,PORTE-C,R53982915,ABONNEMENT,OK
TKT34335710527,2025-11-11T19:23:03Z,PORTE-C,R53655506,UNITE,OK
TKT97092915442,2025-11-11T19:23:04Z,VIP-EST,R56836028,ABONNEMENT,OK
TKT93196599029,2025-11-11T19:23:05Z,PORTE-C,R52273191,ABONNEMENT,OK
TKT64037765699,2025-11-11T19:23:06Z,PORTE-C,,GROUPE,OK
TKT12988713771,2025-11-11T19:23:06Z,VIP-EST,R57198924,UNITE,OK
TKT21871908569,2025-11-11T19:23:07Z,PORTE-B,R59834077,ABONNEMENT,OK
TKT26856528126,2025-11-11T19:23:08Z,PORTE-C,R53134523,ABONNEMENT,OK
TKT74779914636,2025-11-11T19:23:08Z,VIP-EST,,GROUPE,OK
TKT33032110479,2025-11-11T19:23:09Z,PORTE-D,R52723880,UNITE,OK
TKT68817117563,2025-11-11T19:23:10Z,VIP-EST,R56873421,UNITE,OK
TKT55683871817,2025-11-11T19:23:11Z,PORTE-A,R58237825,ABONNEMENT,OK
TKT38223293144,2025-11-11T19:23:14Z,VIP-EST,R55440016,ABONNEMENT,OK
TKT22468672411,2025-11-11T19:23:14Z,PORTE-D,R52747653,UNITE,OK
TKT80864499842,2025-11-11T19:23:18Z,PORTE-C,R57745519,ABONNEMENT,OK
TKT47328101082,2025-11-11T19:23:18Z,PORTE-A,R51468801,UNITE,REFUSE_DEJA_SCANNE
TKT22305966479,2025-11-11T19:23:19Z,PORTE-C,R56915306,ABONNEMENT,OK
TKT69509606509,2025-11-11T19:23:20Z,PORTE-C,R51804591,ABONNEMENT,OK
TKT25169658926,2025-11-11T19:23:20Z,VIP-EST,R51582139,UNITE,OK
TKT65220386915,2025-11-11T19:23:22Z,VIP-EST,,GROUPE,OK
TKT28541499506,2025-11-11T19:23:23Z,PORTE-B,,UNITE,OK
TKT64363075189,2025-11-11T19:23:23Z,PORTE-C,R54108034,UNITE,OK
TKT13220844250,2025-11-11T19:23:24Z,PORTE-C,R57502158,ABONNEMENT,OK
TKT46934274430,2025-11-11T19:23:24Z,PORTE-D,R51424464,ABONNEMENT,OK
TKT85778487397,2025-11-11T19:23:24Z,PORTE-B,R54844113,ABONNEMENT,OK
TKT57145613373,2025-11-11T19:23:24Z,PORTE-A,,UNITE,OK
TKT87151902003,2025-11-11T19:23:25Z,PORTE-C,R56521961,UNITE,OK
TKT26483704057,2025-11-11T19:23:29Z,VIP-EST,R52323936,ABONNEMENT,OK
TKT55065509743,2025-11-11T19:23:30Z,PORTE-A,R52776876,ABONNEMENT,OK
TKT43053726890,2025-11-11T19:23:30Z,PORTE-C,R52497616,ABONNEMENT,OK
TKT59123142253,2025-11-11T19:23:30Z,PORTE-A,R51726596,UNITE,OK
TKT88543302629,2025-11-11T19:23:32Z,VIP-EST,R52114568,ABONNEMENT,OK
TKT70039335216,2025-11-11T19:23:33Z,PORTE-D,R57554933,ABONNEMENT,OK
TKT60153166672,2025-11-11T19:23:36Z,PORTE-B,R56575024,ABONNEMENT,OK
TKT81594011420,2025-11-11T19:23:37Z,PORTE-C,R57676930,UNITE,OK
TKT91543079597,2025-11-11T19:23:37Z,PORTE-C,R52113409,UNITE,OK
TKT68136373465,2025-11-11T19:23:40Z,PORTE-C,R58714605,UNITE,OK
TKT77621172844,2025-11-11T19:23:41Z,PORTE-D,R59238174,ABONNEMENT,OK
TKT23847059193,2025-11-11T19:23:41Z,PORTE-A,,UNITE,OK
TKT29957488784,2025-11-11T19:23:41Z,PORTE-D,,UNITE,OK
TKT37842794236,2025-11-11T19:23:43Z,PORTE-C,R55751430,ABONNEMENT,OK
TKT64948415233,2025-11-11T19:23:43Z,PORTE-C,R55307675,UNITE,OK
TKT39755738465,2025-11-11T19:23:44Z,PORTE-D,R53215238,UNITE,OK
TKT76634088197,2025-11-11T19:23:44Z,PORTE-D,R57827172,UNITE,OK
TKT80249451762,2025-11-11T19:23:46Z,PORTE-D,R53846762,ABONNEMENT,OK
TKT31831325993,2025-11-11T19:23:49Z,PORTE-A,,UNITE,OK
TKT38847263246,2025-11-11T19:23:50Z,PORTE-A,R51564295,ABONNEMENT,OK
TKT28907481445,2025-11-11T19:23:50Z,PORTE-A,R54037137,ABONNEMENT,OK
TKT43959981937,2025-11-11T19:23:50Z,PORTE-C,R52928009,UNITE,OK
TKT42383449536,2025-11-11T19:23:51Z,PORTE-C,R52466430,ABONNEMENT,OK
TKT93988900667,2025-11-11T19:23:51Z,PORTE-D,R55819195,ABONNEMENT,OK
TKT72086119195,2025-11-11T19:23:51Z,PORTE-D,R51787015,ABONNEMENT,OK
TKT99769631099,2025-11-11T19:23:51Z,PORTE-D,R57256881,ABONNEMENT,OK
TKT45231228129,2025-11-11T19:23:53Z,PORTE-C,R52016689,ABONNEMENT,OK
TKT49590645699,2025-11-11T19:23:53Z,PORTE-A,R59172439,ABONNEMENT,OK
TKT78433674347,2025-11-11T19:23:53Z,PORTE-B,R56784670,UNITE,OK
TKT29911493446,2025-11-11T19:23:53Z,VIP-EST,R53309295,VIP,OK
TKT30423451887,2025-11-11T19:23:54Z,PORTE-B,R57116025,ABONNEMENT,OK
TKT51891593676,2025-11-11T19:23:55Z,PORTE-C,R54211229,ABONNEMENT,OK
TKT23036341395,2025-11-11T19:23:55Z,PORTE-C,R55384712,UNITE,OK
TKT46627139599,2025-11-11T19:23:57Z,PORTE-C,R58653228,ABONNEMENT,OK
TKT16434489742,2025-11-11T19:23:58Z,PORTE-C,R56220164,UNITE,OK
TKT29640560314,2025-11-11T19:23:59Z,PORTE-D,R58013735,ABONNEMENT,OK
TKT73678776405,2025-11-11T19:24:00Z,PORTE-C,,GROUPE,OK
TKT79662894341,2025-11-11T19:24:01Z,PORTE-C,R52005990,ABONNEMENT,OK
TKT65981615917,2025-11-11T19:24:02Z,PORTE-C,R53971134,ABONNEMENT,OK
TKT65297827213,2025-11-11T19:24:02Z,PORTE-A,R57949437,INVITATION,OK
TKT45276033689,2025-11-11T19:24:02Z,PORTE-A,R51521040,UNITE,OK
TKT39410126474,2025-11-11T19:24:03Z,PORTE-D,R58601257,UNITE,OK
TKT94677488486,2025-11-11T19:24:04Z,PORTE-D,R57760566,ABONNEMENT,OK
TKT44273737393,2025-11-11T19:24:05Z,PORTE-A,R54205779,UNITE,OK
TKT36597669758,2025-11-11T19:24:08Z,PORTE-C,R57426481,ABONNEMENT,OK
TKT78790595804,2025-11-11T19:24:08Z,PORTE-C,R59797431,UNITE,OK
TKT12136702727,2025-11-11T19:24:09Z,PORTE-C,R58465238,UNITE,OK
TKT37826587003,2025-11-11T19:24:11Z,PORTE-B,R56784938,ABONNEMENT,OK
TKT97039504985,2025-11-11T19:24:11Z,VIP-EST,R55259191,UNITE,OK
TKT74070579875,2025-11-11T19:24:12Z,PORTE-A,R59169719,UNITE,OK
TKT44364780250,2025-11-11T19:24:12Z,PORTE-A,R57688845,UNITE,OK
TKT27914360975,2025-11-11T19:24:12Z,PORTE-C,R53091891,UNITE,OK
TKT16976613701,2025-11-11T19:24:13Z,PORTE-D,R51516682,ABONNEMENT,OK
TKT10038352673,2025-11-11T19:24:13Z,PORTE-C,R58638382,UNITE,OK
TKT98473819318,2025-11-11T19:24:14Z,PORTE-C,R51623890,UNITE,OK
TKT93782889147,2025-11-11T19:24:15Z,PORTE-A,R52675185,UNITE,OK
TKT95509411709,2025-11-11T19:24:16Z,PORTE-A,R53843084,UNITE,REFUSE_INVALIDE
TKT90509071461,2025-11-11T19:24:16Z,PORTE-A,R56947115,UNITE,OK
TKT53188800449,2025-11-11T19:24:17Z,PORTE-C,R54395062,INVITATION,OK
TKT29651952608,2025-11-11T19:24:17Z,PORTE-A,,GROUPE,OK
TKT49131498720,2025-11-11T19:24:18Z,PORTE-D,R56784670,ABONNEMENT,OK
TKT37359180559,2025-11-11T19:24:18Z,PORTE-C,R53777560,UNITE,OK
TKT61651662203,2025-11-11T19:24:18Z,PORTE-C,R58030698,UNITE,OK
TKT85947691405,2025-11-11T19:24:19Z,PORTE-D,,UNITE,OK
TKT93899829739,2025-11-11T19:24:20Z,PORTE-A,R58898629,ABONNEMENT,OK
TKT39479368891,2025-11-11T19:24:23Z,VIP-EST,R53871148,ABONNEMENT,OK
TKT41787861064,2025-11-11T19:24:23Z,VIP-EST,R55519917,UNITE,OK
TKT82678141251,2025-11-11T19:24:24Z,PORTE-B,R59763036,ABONNEMENT,OK
TKT90177360810,2025-11-11T19:24:24Z,PORTE-A,R55244335,UNITE,OK
TKT94408079416,2025-11-11T19:24:24Z,PORTE-C,R55974562,UNITE,OK
TKT58679869014,2025-11-11T19:24:27Z,PORTE-A,R52766934,ABONNEMENT,OK
TKT66966247147,2025-11-11T19:24:27Z,PORTE-A,R56033065,ABONNEMENT,OK
TKT33162415377,2025-11-11T19:24:27Z,VIP-EST,R51946874,UNITE,OK
TKT81542637946,2025-11-11T19:24:27Z,PORTE-C,,UNITE,OK
TKT89098129334,2025-11-11T19:24:27Z,PORTE-C,R56821115,UNITE,OK
TKT35626161605,2025-11-11T19:24:28Z,PORTE-A,R52851662,ABONNEMENT,OK
TKT65505498663,2025-11-11T19:24:28Z,PORTE-D,R57457265,ABONNEMENT,OK
TKT36244835671,2025-11-11T19:24:28Z,PORTE-A,,UNITE,OK
TKT48394865309,2025-11-11T19:24:29Z,PORTE-D,,GROUPE,OK
TKT11498580021,2025-11-11T19:24:29Z,PORTE-C,R57246537,UNITE,OK
TKT43979666687,2025-11-11T19:24:30Z,PORTE-D,R59288507,UNITE,OK
TKT48089292426,2025-11-11T19:24:30Z,PORTE-C,R57148457,UNITE,OK
TKT44222805040,2025-11-11T19:24:31Z,PORTE-D,R54052931,ABONNEMENT,OK
TKT45675149040,2025-11-11T19:24:33Z,PORTE-B,R52178042,UNITE,OK
TKT52615646189,2025-11-11T19:24:33Z,PORTE-D,R54320065,UNITE,OK
TKT96278224114,2025-11-11T19:24:34Z,PORTE-B,R55342482,UNITE,OK
TKT19785810643,2025-11-11T19:24:35Z,VIP-EST,R53120290,ABONNEMENT,OK
TKT22523288578,2025-11-11T19:24:36Z,PORTE-B,R59960211,ABONNEMENT,OK
TKT66605301880,2025-11-11T19:24:36Z,PORTE-C,R57079044,UNITE,OK
TKT67014732349,2025-11-11T19:24:37Z,PORTE-C,R55302704,UNITE,OK
TKT55485563986,2025-11-11T19:24:37Z,PORTE-C,,UNITE,OK
TKT24636935663,2025-11-11T19:24:38Z,PORTE-A,R56082373,ABONNEMENT,OK
TKT57705941084,2025-11-11T19:24:39Z,PORTE-A,R51960638,UNITE,OK
TKT58262491131,2025-11-11T19:24:40Z,PORTE-C,R52302213,UNITE,OK
TKT45774808834,2025-11-11T19:24:41Z,PORTE-C,R53673628,ABONNEMENT,OK
TKT64848882054,2025-11-11T19:24:42Z,VIP-EST,R53422767,ABONNEMENT,OK
TKT61921649936,2025-11-11T19:24:45Z,PORTE-C,R51040046,ABONNEMENT,OK
TKT86580674670,2025-11-11T19:24:46Z,PORTE-C,R53952677,ABONNEMENT,OK
TKT59513060548,2025-11-11T19:24:48Z,VIP-EST,R55345145,ABONNEMENT,OK
TKT53516750226,2025-11-11T19:24:48Z,PORTE-C,R59460817,ABONNEMENT,OK
TKT20109124689,2025-11-11T19:24:48Z,VIP-EST,R51412137,INVITATION,OK
TKT71615510470,2025-11-11T19:24:50Z,VIP-EST,R51372838,ABONNEMENT,OK
TKT61429972964,2025-11-11T19:24:51Z,PORTE-A,R54308830,ABONNEMENT,OK
TKT52681574422,2025-11-11T19:24:51Z,PORTE-B,R56701637,UNITE,OK
TKT38811776770,2025-11-11T19:24:51Z,PORTE-C,R55692706,UNITE,OK
TKT88715191244,2025-11-11T19:24:53Z,PORTE-C,R54212934,UNITE,OK
TKT58615335227,2025-11-11T19:24:54Z,PORTE-D,R56707978,ABONNEMENT,OK
TKT94854963103,2025-11-11T19:24:55Z,PORTE-C,R51530982,UNITE,OK
TKT20521145707,2025-11-11T19:24:55Z,PORTE-C,R54629774,UNITE,OK
TKT76254777875,2025-11-11T19:24:57Z,PORTE-D,R56383969,ABONNEMENT,OK
TKT22836735887,2025-11-11T19:24:57Z,PORTE-D,R52150591,UNITE,OK
TKT53436234158,2025-11-11T19:24:58Z,PORTE-B,R51989573,UNITE,OK
TKT18516648176,2025-11-11T19:24:59Z,PORTE-D,R51630978,ABONNEMENT,OK
TKT33037176459,2025-11-11T19:24:59Z,PORTE-C,R52856777,UNITE,OK
TKT76952277729,2025-11-11T19:25:00Z,VIP-EST,R58457001,UNITE,OK
TKT49324883904,2025-11-11T19:25:02Z,PORTE-D,R57837526,ABONNEMENT,OK
TKT16831719977,2025-11-11T19:25:03Z,PORTE-D,R51240286,ABONNEMENT,OK
TKT60262366659,2025-11-11T19:25:04Z,PORTE-C,R57738709,UNITE,OK
TKT16704735672,2025-11-11T19:25:04Z,VIP-EST,,UNITE,OK
TKT34855924551,2025-11-11T19:25:05Z,PORTE-D,R57369070,ABONNEMENT,OK
TKT76073949823,2025-11-11T19:25:05Z,PORTE-D,R58929691,ABONNEMENT,OK
TKT18204898690,2025-11-11T19:25:05Z,PORTE-C,R52706716,UNITE,OK
TKT98380652234,2025-11-11T19:25:07Z,PORTE-C,R56333291,UNITE,OK
TKT36519216594,2025-11-11T19:25:07Z,PORTE-D,,GROUPE,OK
TKT90431217502,2025-11-11T19:25:09Z,PORTE-A,R52570228,VIP,OK
TKT41976483802,2025-11-11T19:25:11Z,PORTE-A,,GROUPE,OK
TKT78080508688,2025-11-11T19:25:12Z,PORTE-D,R57020129,ABONNEMENT,OK
TKT50830416182,2025-11-11T19:25:12Z,PORTE-A,R57415169,ABONNEMENT,OK
TKT22830609759,2025-11-11T19:25:12Z,PORTE-C,R56649944,UNITE,OK
TKT74174924732,2025-11-11T19:25:13Z,PORTE-C,R51176745,ABONNEMENT,OK
TKT57311274009,2025-11-11T19:25:13Z,PORTE-D,R53681942,UNITE,OK
TKT65288644187,2025-11-11T19:25:13Z,PORTE-C,R52430397,UNITE,OK
TKT76284235801,2025-11-11T19:25:16Z,PORTE-B,R55326611,ABONNEMENT,OK
TKT70914150722,2025-11-11T19:25:17Z,VIP-EST,R54007512,UNITE,OK
TKT48029406975,2025-11-11T19:25:19Z,PORTE-A,R59483029,ABONNEMENT,OK
TKT20216399471,2025-11-11T19:25:19Z,PORTE-D,,UNITE,OK
TKT72360245640,2025-11-11T19:25:23Z,PORTE-D,R54693459,ABONNEMENT,OK
TKT69491924197,2025-11-11T19:25:23Z,PORTE-B,,UNITE,OK
TKT11982628885,2025-11-11T19:25:23Z,VIP-EST,,VIP,OK
TKT91318087862,2025-11-11T19:25:26Z,PORTE-C,R59299541,ABONNEMENT,OK
TKT32389318591,2025-11-11T19:25:26Z,PORTE-C,R55433206,ABONNEMENT,OK
TKT49796003656,2025-11-11T19:25:26Z,PORTE-A,R55559005,UNITE,OK
TKT19335176013,2025-11-11T19:25:27Z,VIP-EST,R51198133,UNITE,OK
TKT99600069125,2025-11-11T19:25:28Z,PORTE-B,R55745424,ABONNEMENT,OK
TKT37767616692,2025-11-11T19:25:30Z,PORTE-D,R51148882,ABONNEMENT,OK
TKT92094466480,2025-11-11T19:25:30Z,PORTE-A,R53073980,UNITE,OK
TKT24241971077,2025-11-11T19:25:30Z,PORTE-C,,UNITE,REFUSE_DEJA_SCANNE
TKT36813752645,2025-11-11T19:25:30Z,PORTE-C,R51555646,UNITE,OK
TKT38354020200,2025-11-11T19:25:31Z,VIP-EST,R51007624,UNITE,OK
TKT90857852033,2025-11-11T19:25:31Z,PORTE-C,,UNITE,OK
TKT46925521824,2025-11-11T19:25:31Z,VIP-EST,R52078880,UNITE,OK
TKT51538736593,2025-11-11T19:25:32Z,VIP-EST,,VIP,OK
TKT50714221166,2025-11-11T19:25:32Z,PORTE-D,,UNITE,OK
TKT72496417765,2025-11-11T19:25:34Z,VIP-EST,,UNITE,OK
TKT57328943539,2025-11-11T19:25:34Z,PORTE-A,R54384641,UNITE,OK
TKT54253824345,2025-11-11T19:25:36Z,PORTE-D,R57546495,ABONNEMENT,OK
TKT67511370542,2025-11-11T19:25:36Z,PORTE-D,R56709951,UNITE,OK
TKT21299561696,2025-11-11T19:25:39Z,VIP-EST,R56816000,ABONNEMENT,OK
TKT14721417119,2025-11-11T19:25:39Z,PORTE-C,R53029087,ABONNEMENT,OK
TKT22868290096,2025-11-11T19:25:40Z,PORTE-C,R59960901,ABONNEMENT,OK
TKT15217380230,2025-11-11T19:25:40Z,VIP-EST,R54840569,ABONNEMENT,OK
TKT54908279885,2025-11-11T19:25:40Z,PORTE-C,R51285514,UNITE,OK
TKT44613011433,2025-11-11T19:25:41Z,PORTE-A,R51433927,ABONNEMENT,OK
TKT24686448729,2025-11-11T19:25:41Z,PORTE-C,R57867707,UNITE,OK
TKT19656797862,2025-11-11T19:25:42Z,PORTE-B,R51154543,ABONNEMENT,OK
TKT51545182079,2025-11-11T19:25:42Z,VIP-EST,R55957934,UNITE,OK
TKT42313431901,2025-11-11T19:25:43Z,VIP-EST,R57889095,UNITE,OK
TKT47142729275,2025-11-11T19:25:44Z,PORTE-C,R55016778,UNITE,OK
TKT31144918225,2025-11-11T19:25:44Z,PORTE-C,,UNITE,OK
TKT67226047954,2025-11-11T19:25:46Z,PORTE-B,R53302897,ABONNEMENT,OK
TKT47867027928,2025-11-11T19:25:46Z,PORTE-D,R57037906,ABONNEMENT,OK
TKT33752875644,2025-11-11T19:25:46Z,PORTE-D,R58679654,UNITE,OK
TKT32385467200,2025-11-11T19:25:46Z,PORTE-C,R55540759,UNITE,OK
TKT89478796014,2025-11-11T19:25:46Z,VIP-EST,,INVITATION,OK
TKT75088018484,2025-11-11T19:25:48Z,PORTE-C,R51028399,ABONNEMENT,OK
TKT24211310152,2025-11-11T19:25:50Z,PORTE-C,R51804524,ABONNEMENT,OK
TKT16199581077,2025-11-11T19:25:50Z,PORTE-C,R52907780,UNITE,OK
TKT65711664152,2025-11-11T19:25:51Z,PORTE-C,R58598336,UNITE,OK
TKT57477544471,2025-11-11T19:25:53Z,PORTE-C,R54081742,ABONNEMENT,OK
TKT58176542233,2025-11-11T19:25:54Z,VIP-EST,R52085623,ABONNEMENT,OK
TKT76390969619,2025-11-11T19:25:54Z,PORTE-D,R54605867,ABONNEMENT,OK
TKT88450560824,2025-11-11T19:25:54Z,PORTE-D,R58760369,ABONNEMENT,OK
TKT70592056875,2025-11-11T19:25:55Z,PORTE-C,R59760440,UNITE,OK
TKT17536343031,2025-11-11T19:25:57Z,PORTE-A,R56360206,ABONNEMENT,OK
TKT63682489750,2025-11-11T19:25:57Z,PORTE-B,R56738082,ABONNEMENT,OK
TKT66281758601,2025-11-11T19:25:58Z,VIP-EST,R53014998,ABONNEMENT,OK
TKT11458935453,2025-11-11T19:25:58Z,PORTE-C,R53479652,ABONNEMENT,OK
TKT16316037891,2025-11-11T19:25:58Z,PORTE-C,R53286691,ABONNEMENT,OK
TKT99384348021,2025-11-11T19:25:58Z,PORTE-A,,UNITE,OK
TKT49914027259,2025-11-11T19:25:58Z,PORTE-C,R54345677,UNITE,OK
TKT20019798662,2025-11-11T19:25:58Z,PORTE-D,R55837863,UNITE,OK
TKT98687571860,2025-11-11T19:25:59Z,VIP-EST,R54581136,UNITE,OK
TKT53212810198,2025-11-11T19:26:00Z,VIP-EST,R51356488,ABONNEMENT,OK
TKT73879511446,2025-11-11T19:26:00Z,PORTE-C,R54127583,ABONNEMENT,OK
TKT99881769701,2025-11-11T19:26:00Z,VIP-EST,R55761439,UNITE,OK
TKT54616269534,2025-11-11T19:26:01Z,PORTE-C,R53703330,ABONNEMENT,OK
TKT13477074079,2025-11-11T19:26:01Z,PORTE-C,R51897499,ABONNEMENT,OK
TKT82243758937,2025-11-11T19:26:01Z,PORTE-C,R56191152,UNITE,OK
TKT91367855691,2025-11-11T19:26:02Z,PORTE-A,,GROUPE,OK
TKT19681792945,2025-11-11T19:26:03Z,PORTE-D,R58074757,UNITE,OK
TKT43799318764,2025-11-11T19:26:03Z,PORTE-B,R55949151,UNITE,OK
TKT67440110581,2025-11-11T19:26:05Z,PORTE-D,,UNITE,REFUSE_INVALIDE
TKT14307450736,2025-11-11T19:26:09Z,VIP-EST,R54145494,UNITE,OK
TKT81115321437,2025-11-11T19:26:10Z,PORTE-C,R55096679,ABONNEMENT,OK
TKT95452942970,2025-11-11T19:26:11Z,PORTE-A,,UNITE,OK
TKT49327847361,2025-11-11T19:26:14Z,PORTE-D,R59245051,ABONNEMENT,OK
TKT41774498533,2025-11-11T19:26:14Z,PORTE-A,R54180033,ABONNEMENT,OK
TKT36375016889,2025-11-11T19:26:14Z,PORTE-D,R59795860,ABONNEMENT,OK
TKT93989192013,2025-11-11T19:26:14Z,PORTE-C,R59267052,UNITE,OK
TKT78821500584,2025-11-11T19:26:14Z,PORTE-B,R57940654,UNITE,OK
TKT46407515292,2025-11-11T19:26:16Z,VIP-EST,R51367254,ABONNEMENT,OK
TKT43959618413,2025-11-11T19:26:17Z,PORTE-D,R54073103,ABONNEMENT,OK
TKT36083843470,2025-11-11T19:26:19Z,PORTE-A,R56993492,UNITE,OK
TKT91994040421,2025-11-11T19:26:19Z,VIP-EST,R57643416,INVITATION,OK
TKT10341311073,2025-11-11T19:26:19Z,PORTE-A,R59083554,UNITE,OK
TKT93206472787,2025-11-11T19:26:19Z,VIP-EST,R57668070,UNITE,OK
TKT24713242792,2025-11-11T19:26:21Z,PORTE-B,R59961648,UNITE,OK
TKT15677232470,2025-11-11T19:26:22Z,VIP-EST,R57836176,ABONNEMENT,OK
TKT72360245640,2025-11-11T19:26:23Z,PORTE-D,R54693459,ABONNEMENT,REFUSE_DEJA_SCANNE
TKT76366817526,2025-11-11T19:26:24Z,PORTE-A,R51017164,ABONNEMENT,OK
TKT82262415322,2025-11-11T19:26:24Z,PORTE-D,R59671488,UNITE,OK
TKT70347958557,2025-11-11T19:26:24Z,PORTE-B,R57067742,UNITE,OK
TKT36560771243,2025-11-11T19:26:24Z,PORTE-A,,ABONNEMENT,REFUSE_INVALIDE
TKT24386908698,2025-11-11T19:26:24Z,PORTE-A,,ABONNEMENT,REFUSE_INVALIDE
TKT60458714426,2025-11-11T19:26:24Z,PORTE-A,,ABONNEMENT,REFUSE_INVALIDE
TKT16555578496,2025-11-11T19:26:24Z,PORTE-A,,ABONNEMENT,REFUSE_INVALIDE
TKT91761537828,2025-11-11T19:26:24Z,PORTE-A,,ABONNEMENT,REFUSE_INVALIDE
TKT73398270121,2025-11-11T19:26:24Z,PORTE-A,,ABONNEMENT,REFUSE_INVALIDE
TKT53239820554,2025-11-11T19:26:24Z,PORTE-A,,ABONNEMENT,REFUSE_INVALIDE
TKT21504925601,2025-11-11T19:26:24Z,PORTE-A,,ABONNEMENT,REFUSE_INVALIDE
TKT73925296456,2025-11-11T19:26:24Z,PORTE-A,,ABONNEMENT,REFUSE_INVALIDE
TKT59370290242,2025-11-11T19:26:24Z,PORTE-A,,ABONNEMENT,REFUSE_INVALIDE
TKT83705426988,2025-11-11T19:26:24Z,PORTE-A,,ABONNEMENT,REFUSE_INVALIDE
TKT57436692695,2025-11-11T19:26:24Z,PORTE-A,,ABONNEMENT,REFUSE_INVALIDE
TKT43150501108,2025-11-11T19:26:24Z,PORTE-A,,ABONNEMENT,REFUSE_INVALIDE
TKT37556867021,2025-11-11T19:26:24Z,PORTE-A,,ABONNEMENT,REFUSE_INVALIDE
TKT53005824605,2025-11-11T19:26:24Z,PORTE-A,,ABONNEMENT,REFUSE_INVALIDE
TKT75086655255,2025-11-11T19:26:24Z,PORTE-A,,ABONNEMENT,REFUSE_INVALIDE
TKT67940143644,2025-11-11T19:26:24Z,PORTE-A,,ABONNEMENT,REFUSE_INVALIDE
TKT60630215189,2025-11-11T19:26:24Z,PORTE-A,,ABONNEMENT,REFUSE_INVALIDE
TKT28935407881,2025-11-11T19:26:24Z,PORTE-A,,ABONNEMENT,REFUSE_INVALIDE
TKT67123207880,2025-11-11T19:26:24Z,PORTE-A,,ABONNEMENT,REFUSE_INVALIDE
TKT65527074692,2025-11-11T19:26:24Z,PORTE-A,,ABONNEMENT,REFUSE_INVALIDE
TKT96839622296,2025-11-11T19:26:24Z,PORTE-A,,ABONNEMENT,REFUSE_INVALIDE
TKT27739630169,2025-11-11T19:26:25Z,PORTE-C,R57243673,ABONNEMENT,OK
TKT79270217694,2025-11-11T19:26:25Z,PORTE-B,,GROUPE,OK
TKT44202050167,2025-11-11T19:26:26Z,PORTE-D,R51744182,ABONNEMENT,OK
TKT77476980603,2025-11-11T19:26:26Z,VIP-EST,R54372917,UNITE,OK
TKT15767192643,2025-11-11T19:26:26Z,VIP-EST,R53904461,UNITE,OK
TKT63751451641,2025-11-11T19:26:26Z,PORTE-C,R58294077,UNITE,OK
TKT57220843221,2025-11-11T19:26:28Z,PORTE-C,R57050913,UNITE,OK
TKT27474580925,2025-11-11T19:26:28Z,PORTE-C,R53250792,UNITE,OK
TKT24932369895,2025-11-11T19:26:28Z,PORTE-D,,UNITE,OK
TKT97718470726,2025-11-11T19:26:29Z,PORTE-C,R56160224,UNITE,OK
TKT20891465764,2025-11-11T19:26:30Z,PORTE-C,R51386927,ABONNEMENT,OK
TKT96237480206,2025-11-11T19:26:31Z,PORTE-C,R56536951,ABONNEMENT,OK
TKT78302134166,2025-11-11T19:26:31Z,PORTE-C,R59564146,ABONNEMENT,OK
TKT24945599396,2025-11-11T19:26:35Z,PORTE-C,R59661345,ABONNEMENT,OK
TKT37811945955,2025-11-11T19:26:36Z,PORTE-C,R53723147,ABONNEMENT,OK
TKT38003685274,2025-11-11T19:26:36Z,PORTE-C,R52405800,ABONNEMENT,OK
TKT57343620024,2025-11-11T19:26:36Z,PORTE-A,R52404852,UNITE,OK
TKT29034803969,2025-11-11T19:26:37Z,PORTE-D,R55760960,UNITE,OK
TKT77474052742,2025-11-11T19:26:38Z,PORTE-B,R58138452,UNITE,OK
TKT24209187529,2025-11-11T19:26:38Z,PORTE-C,R58587838,UNITE,OK
TKT14329227097,2025-11-11T19:26:40Z,PORTE-C,R55520386,ABONNEMENT,OK
TKT66379573630,2025-11-11T19:26:41Z,PORTE-B,R59658826,ABONNEMENT,OK
TKT42117285209,2025-11-11T19:26:41Z,VIP-EST,R57660302,ABONNEMENT,OK
TKT75254118020,2025-11-11T19:26:42Z,VIP-EST,R55502954,UNITE,OK
TKT98150661820,2025-11-11T19:26:46Z,VIP-EST,R55728538,ABONNEMENT,OK
TKT84333486469,2025-11-11T19:26:46Z,PORTE-D,R57763085,ABONNEMENT,OK
TKT55557912257,2025-11-11T19:26:46Z,PORTE-C,R56781270,UNITE,OK
TKT58813060905,2025-11-11T19:26:46Z,PORTE-D,R54434227,UNITE,OK
TKT98631111152,2025-11-11T19:26:47Z,PORTE-C,R53634061,ABONNEMENT,OK
TKT24111164408,2025-11-11T19:26:47Z,PORTE-A,R53143182,ABONNEMENT,OK
TKT27315109355,2025-11-11T19:26:47Z,VIP-EST,R59737903,ABONNEMENT,OK
TKT23060510493,2025-11-11T19:26:47Z,PORTE-A,R53266452,ABONNEMENT,OK
TKT85316118651,2025-11-11T19:26:47Z,PORTE-D,,GROUPE,OK
TKT57869577815,2025-11-11T19:26:48Z,PORTE-D,R52873395,ABONNEMENT,OK
TKT96567410919,2025-11-11T19:26:48Z,PORTE-D,R53821562,ABONNEMENT,OK
TKT14496154856,2025-11-11T19:26:48Z,PORTE-A,R55706815,UNITE,OK
TKT68398205908,2025-11-11T19:26:49Z,PORTE-A,R52615111,ABONNEMENT,OK
TKT34795923610,2025-11-11T19:26:49Z,PORTE-A,R56639791,UNITE,OK
TKT60850686721,2025-11-11T19:26:50Z,PORTE-C,R53600949,ABONNEMENT,OK
TKT11652583706,2025-11-11T19:26:51Z,PORTE-D,R57857698,UNITE,OK
TKT51125361578,2025-11-11T19:26:52Z,PORTE-C,R57078776,ABONNEMENT,OK
TKT58883477516,2025-11-11T19:26:52Z,PORTE-B,R55110366,UNITE,OK
TKT53850452953,2025-11-11T19:26:52Z,PORTE-C,R57383571,UNITE,OK
TKT79364900400,2025-11-11T19:26:52Z,VIP-EST,,UNITE,OK
TKT64486649952,2025-11-11T19:26:54Z,PORTE-C,R53471817,UNITE,OK
TKT97036156798,2025-11-11T19:26:55Z,PORTE-A,R52435914,ABONNEMENT,OK
TKT46437195727,2025-11-11T19:26:55Z,VIP-EST,R52298257,VIP,OK
TKT48053556085,2025-11-11T19:26:55Z,PORTE-D,,GROUPE,OK
TKT37419016424,2025-11-11T19:26:57Z,PORTE-C,R58042958,ABONNEMENT,OK
TKT56530457859,2025-11-11T19:26:58Z,PORTE-D,R53131803,ABONNEMENT,OK
TKT66102209511,2025-11-11T19:26:58Z,VIP-EST,R54309510,ABONNEMENT,OK
TKT37204302861,2025-11-11T19:26:58Z,PORTE-C,R57187890,UNITE,OK
TKT42665523461,2025-11-11T19:26:58Z,PORTE-A,,UNITE,OK
TKT93366965308,2025-11-11T19:26:59Z,PORTE-D,R55241960,ABONNEMENT,OK
TKT77215469172,2025-11-11T19:26:59Z,VIP-EST,R51514987,ABONNEMENT,OK
TKT82058979895,2025-11-11T19:26:59Z,VIP-EST,R54494904,ABONNEMENT,OK
TKT34844208636,2025-11-11T19:26:59Z,PORTE-D,R53030457,UNITE,OK
TKT52563289817,2025-11-11T19:27:01Z,PORTE-B,,UNITE,OK
TKT13009577239,2025-11-11T19:27:01Z,PORTE-C,R56433632,UNITE,OK
TKT43091122610,2025-11-11T19:27:02Z,PORTE-C,R53926318,INVITATION,OK
TKT44129889056,2025-11-11T19:27:02Z,PORTE-C,R52570908,UNITE,OK
TKT81094537550,2025-11-11T19:27:02Z,PORTE-C,R53055523,UNITE,OK
TKT57177242591,2025-11-11T19:27:03Z,PORTE-A,R54241534,UNITE,OK
TKT81852091722,2025-11-11T19:27:03Z,PORTE-D,,GROUPE,OK
TKT71861388049,2025-11-11T19:27:07Z,PORTE-C,R52776742,INVITATION,OK
TKT21648077448,2025-11-11T19:27:07Z,PORTE-A,R56710085,UNITE,OK
TKT56477478042,2025-11-11T19:27:08Z,PORTE-B,R58613249,ABONNEMENT,OK
TKT67958453941,2025-11-11T19:27:08Z,PORTE-C,R52367258,UNITE,OK
TKT10971050754,2025-11-11T19:27:09Z,VIP-EST,R59674218,UNITE,OK
TKT14940897638,2025-11-11T19:27:11Z,PORTE-D,R55728136,ABONNEMENT,OK
TKT57913436553,2025-11-11T19:27:11Z,VIP-EST,R54581816,UNITE,OK
TKT17530974078,2025-11-11T19:27:13Z,PORTE-C,R53726959,ABONNEMENT,OK
TKT30304429971,2025-11-11T19:27:13Z,PORTE-C,R55768862,ABONNEMENT,OK
TKT62623928530,2025-11-11T19:27:13Z,PORTE-C,R57925195,UNITE,OK
TKT70857891980,2025-11-11T19:27:14Z,PORTE-B,R53876253,UNITE,OK
TKT88172380555,2025-11-11T19:27:16Z,PORTE-C,,UNITE,OK
TKT66377437640,2025-11-11T19:27:18Z,PORTE-C,R58205738,UNITE,OK
TKT52597995735,2025-11-11T19:27:18Z,PORTE-B,,GROUPE,OK
TKT43359565517,2025-11-11T19:27:18Z,PORTE-D,R54125275,UNITE,OK
TKT99353796843,2025-11-11T19:27:19Z,PORTE-A,R52785736,ABONNEMENT,OK
TKT16081820849,2025-11-11T19:27:19Z,PORTE-D,R54527259,UNITE,OK
TKT96768070958,2025-11-11T19:27:19Z,PORTE-C,R57456796,UNITE,OK
TKT21920669271,2025-11-11T19:27:19Z,VIP-EST,R56087354,UNITE,OK
TKT40237052937,2025-11-11T19:27:20Z,PORTE-D,R54992057,ABONNEMENT,OK
TKT36239385211,2025-11-11T19:27:20Z,PORTE-A,,UNITE,OK
TKT17574649702,2025-11-11T19:27:21Z,PORTE-A,R58429215,UNITE,OK
TKT42734988431,2025-11-11T19:27:23Z,VIP-EST,R57904353,UNITE,OK
TKT53672949891,2025-11-11T19:27:25Z,PORTE-D,R52170897,UNITE,OK
TKT80622327971,2025-11-11T19:27:26Z,PORTE-C,R54553216,ABONNEMENT,OK
TKT76888805696,2025-11-11T19:27:26Z,PORTE-C,R57006442,ABONNEMENT,OK
TKT47578364526,2025-11-11T19:27:27Z,PORTE-D,R59517903,UNITE,OK
TKT18102542874,2025-11-11T19:27:28Z,PORTE-D,R52580994,ABONNEMENT,OK
TKT47066001372,2025-11-11T19:27:28Z,PORTE-B,R55338191,ABONNEMENT,OK
TKT80457625472,2025-11-11T19:27:28Z,PORTE-C,R51765081,ABONNEMENT,OK
TKT86827823851,2025-11-11T19:27:28Z,PORTE-C,R54549337,UNITE,OK
TKT46823541459,2025-11-11T19:27:29Z,PORTE-C,R59157181,ABONNEMENT,OK
TKT72352451155,2025-11-11T19:27:29Z,PORTE-C,R59729110,ABONNEMENT,OK
TKT75719787797,2025-11-11T19:27:30Z,PORTE-C,R59635331,ABONNEMENT,OK
TKT59644592810,2025-11-11T19:27:30Z,PORTE-D,R54411335,ABONNEMENT,OK
TKT39758229745,2025-11-11T19:27:30Z,PORTE-C,R57429757,UNITE,OK
TKT22935347365,2025-11-11T19:27:31Z,PORTE-A,R57359453,ABONNEMENT,OK
TKT19759937903,2025-11-11T19:27:31Z,VIP-EST,R52331024,UNITE,OK
TKT38170524061,2025-11-11T19:27:32Z,PORTE-A,R56369458,ABONNEMENT,OK
TKT19097421418,2025-11-11T19:27:32Z,PORTE-D,R58676120,UNITE,OK
TKT92678693586,2025-11-11T19:27:33Z,PORTE-C,R52470031,ABONNEMENT,OK
TKT15884567954,2025-11-11T19:27:33Z,PORTE-A,R53914393,UNITE,OK
TKT96958526428,2025-11-11T19:27:34Z,PORTE-C,R57413330,ABONNEMENT,OK
TKT12411755461,2025-11-11T19:27:34Z,PORTE-C,R57111677,UNITE,OK
TKT60555041160,2025-11-11T19:27:35Z,PORTE-B,R57624815,UNITE,OK
TKT42624755253,2025-11-11T19:27:35Z,PORTE-D,R52963429,UNITE,OK
TKT32484574641,2025-11-11T19:27:35Z,PORTE-C,,GROUPE,OK
TKT38120210863,2025-11-11T19:27:36Z,PORTE-A,R52985574,ABONNEMENT,OK
TKT40172170408,2025-11-11T19:27:36Z,PORTE-C,R53259039,UNITE,OK
TKT21322055139,2025-11-11T19:27:36Z,PORTE-C,R56235010,UNITE,OK
TKT15694225372,2025-11-11T19:27:37Z,PORTE-A,R52005109,ABONNEMENT,OK
TKT77124778050,2025-11-11T19:27:37Z,PORTE-C,R52845331,UNITE,OK
TKT76299203467,2025-11-11T19:27:39Z,PORTE-A,R57741084,ABONNEMENT,OK
TKT38208096488,2025-11-11T19:27:39Z,VIP-EST,R59168215,ABONNEMENT,OK
TKT98210284442,2025-11-11T19:27:39Z,VIP-EST,,VIP,OK
TKT85552366466,2025-11-11T19:27:40Z,PORTE-A,R56021274,UNITE,OK
TKT37197988436,2025-11-11T19:27:41Z,PORTE-B,,GROUPE,OK
TKT76184454579,2025-11-11T19:27:42Z,PORTE-D,R52412687,UNITE,OK
TKT48142862341,2025-11-11T19:27:43Z,PORTE-C,R56142112,UNITE,OK
TKT95604818999,2025-11-11T19:27:44Z,PORTE-D,R52278162,ABONNEMENT,OK
TKT21724635105,2025-11-11T19:27:45Z,PORTE-C,R59154806,ABONNEMENT,OK
TKT27705152065,2025-11-11T19:27:45Z,PORTE-C,R53131525,UNITE,OK
TKT69225046168,2025-11-11T19:27:47Z,VIP-EST,R53832117,UNITE,OK
TKT61902580750,2025-11-11T19:27:47Z,VIP-EST,R57540834,UNITE,OK
TKT99342953447,2025-11-11T19:27:48Z,PORTE-A,R55912850,UNITE,OK
TKT87172328692,2025-11-11T19:27:48Z,PORTE-A,R53487688,UNITE,OK
TKT28972457343,2025-11-11T19:27:48Z,PORTE-C,R58507880,UNITE,OK
TKT13462184544,2025-11-11T19:27:48Z,PORTE-D,R56170109,UNITE,OK
TKT92175292272,2025-11-11T19:27:50Z,PORTE-A,R56986558,ABONNEMENT,OK
TKT11855604152,2025-11-11T19:27:54Z,PORTE-D,R52780353,ABONNEMENT,OK
TKT67812587347,2025-11-11T19:27:55Z,PORTE-A,R58492555,ABONNEMENT,OK
TKT60734667320,2025-11-11T19:27:55Z,PORTE-B,R56500037,UNITE,OK
TKT67222303014,2025-11-11T19:27:56Z,PORTE-A,R57893185,ABONNEMENT,OK
TKT25945424330,2025-11-11T19:27:56Z,PORTE-B,R56184821,ABONNEMENT,OK
TKT26505861348,2025-11-11T19:27:56Z,PORTE-A,R57199939,UNITE,OK
TKT44277735922,2025-11-11T19:27:57Z,PORTE-C,R59171759,ABONNEMENT,OK
TKT73369133260,2025-11-11T19:27:57Z,PORTE-B,,UNITE,OK
TKT45061775796,2025-11-11T19:27:57Z,PORTE-C,R51164686,UNITE,OK
TKT61715990775,2025-11-11T19:27:57Z,VIP-EST,R52693240,VIP,OK
TKT72616669644,2025-11-11T19:27:58Z,PORTE-A,R55519649,ABONNEMENT,OK
TKT14785025656,2025-11-11T19:27:58Z,VIP-EST,R55324638,ABONNEMENT,OK
TKT37791046425,2025-11-11T19:27:58Z,VIP-EST,,UNITE,OK
TKT48044318988,2025-11-11T19:27:58Z,PORTE-C,R52453825,UNITE,OK
TKT25531231075,2025-11-11T19:27:59Z,PORTE-C,R51698676,ABONNEMENT,OK
TKT83501540641,2025-11-11T19:27:59Z,PORTE-D,R51091327,UNITE,OK
TKT32793973410,2025-11-11T19:28:00Z,PORTE-C,R58550177,INVITATION,OK
TKT70836043006,2025-11-11T19:28:01Z,PORTE-C,R57314915,ABONNEMENT,OK
TKT66015056090,2025-11-11T19:28:01Z,PORTE-C,R57041105,ABONNEMENT,OK
TKT92406649087,2025-11-11T19:28:01Z,PORTE-A,R59904361,UNITE,REFUSE_DEJA_SCANNE
TKT35046105536,2025-11-11T19:28:02Z,VIP-EST,R56851832,ABONNEMENT,OK
TKT40576567463,2025-11-11T19:28:02Z,PORTE-B,R59979971,ABONNEMENT,OK
TKT61617759656,2025-11-11T19:28:02Z,PORTE-D,,GROUPE,OK
TKT23753055342,2025-11-11T19:28:03Z,PORTE-C,R52272176,UNITE,OK
TKT87859822906,2025-11-11T19:28:04Z,PORTE-C,R56340178,ABONNEMENT,OK
TKT55129355027,2025-11-11T19:28:06Z,PORTE-C,R54863394,ABONNEMENT,OK
TKT84575233658,2025-11-11T19:28:06Z,VIP-EST,R59579270,ABONNEMENT,OK
TKT86303182609,2025-11-11T19:28:07Z,PORTE-C,,UNITE,OK
TKT58220606443,2025-11-11T19:28:07Z,PORTE-C,,UNITE,OK
TKT30302315600,2025-11-11T19:28:08Z,PORTE-B,R52788858,UNITE,OK
TKT96004614645,2025-11-11T19:28:10Z,PORTE-A,,UNITE,OK
TKT85613149424,2025-11-11T19:28:10Z,VIP-EST,R55794330,UNITE,OK
TKT57693906843,2025-11-11T19:28:10Z,PORTE-C,R55815919,UNITE,OK
TKT81050776348,2025-11-11T19:28:11Z,PORTE-C,R59649018,ABONNEMENT,OK
TKT63876740322,2025-11-11T19:28:11Z,PORTE-B,R52823732,UNITE,OK
TKT63719641239,2025-11-11T19:28:11Z,PORTE-A,R52162305,UNITE,OK
TKT33398239525,2025-11-11T19:28:12Z,PORTE-C,R58945217,ABONNEMENT,OK
TKT90554034056,2025-11-11T19:28:12Z,VIP-EST,R59405044,UNITE,OK
TKT73006864489,2025-11-11T19:28:14Z,PORTE-D,R52596999,ABONNEMENT,OK
TKT85670698513,2025-11-11T19:28:14Z,PORTE-C,R57066037,INVITATION,OK
TKT15122729339,2025-11-11T19:28:15Z,PORTE-B,R57999157,ABONNEMENT,OK
TKT45817177854,2025-11-11T19:28:15Z,PORTE-D,R55829951,ABONNEMENT,OK
TKT39531446366,2025-11-11T19:28:15Z,PORTE-C,R57700214,ABONNEMENT,OK
TKT26927386176,2025-11-11T19:28:16Z,PORTE-C,R59168292,ABONNEMENT,OK
TKT41797779422,2025-11-11T19:28:18Z,PORTE-A,R55952427,ABONNEMENT,OK
TKT80553201622,2025-11-11T19:28:18Z,PORTE-D,,UNITE,OK
TKT14495387175,2025-11-11T19:28:19Z,VIP-EST,R53550214,UNITE,OK
TKT50083260806,2025-11-11T19:28:20Z,PORTE-C,R59949177,UNITE,OK
TKT13310120572,2025-11-11T19:28:23Z,PORTE-A,,UNITE,OK
TKT54373467724,2025-11-11T19:28:24Z,PORTE-D,R57779502,ABONNEMENT,OK
TKT42956487427,2025-11-11T19:28:25Z,VIP-EST,R57010120,ABONNEMENT,OK
TKT99663606796,2025-11-11T19:28:25Z,PORTE-A,R54835263,ABONNEMENT,OK
TKT61123107528,2025-11-11T19:28:26Z,PORTE-D,R57057321,ABONNEMENT,OK
TKT99767155750,2025-11-11T19:28:26Z,PORTE-A,R51004760,ABONNEMENT,OK
TKT14272267465,2025-11-11T19:28:27Z,PORTE-C,R56799660,ABONNEMENT,OK
TKT59383759238,2025-11-11T19:28:27Z,PORTE-A,R51331623,ABONNEMENT,OK
TKT45393283692,2025-11-11T19:28:28Z,PORTE-D,,UNITE,OK
TKT17224980771,2025-11-11T19:28:30Z,PORTE-A,R51416964,UNITE,OK
TKT93841540673,2025-11-11T19:28:30Z,VIP-EST,R59047320,UNITE,OK
TKT83141143959,2025-11-11T19:28:31Z,PORTE-C,R52810380,UNITE,OK
TKT63200226013,2025-11-11T19:28:32Z,VIP-EST,R56304969,ABONNEMENT,OK
TKT24427336266,2025-11-11T19:28:32Z,VIP-EST,,GROUPE,OK
TKT16188923819,2025-11-11T19:28:32Z,PORTE-A,,UNITE,OK
TKT19196298093,2025-11-11T19:28:33Z,PORTE-C,R55664307,INVITATION,OK
TKT16372664510,2025-11-11T19:28:34Z,PORTE-D,R53964458,ABONNEMENT,OK
TKT11028180131,2025-11-11T19:28:36Z,VIP-EST,R55726287,INVITATION,OK
TKT88378385602,2025-11-11T19:28:37Z,VIP-EST,R57122155,ABONNEMENT,OK
TKT93777742992,2025-11-11T19:28:39Z,PORTE-A,R58679721,UNITE,OK
TKT37282136439,2025-11-11T19:28:39Z,PORTE-C,,UNITE,OK
TKT40631863530,2025-11-11T19:28:40Z,PORTE-C,R55943289,ABONNEMENT,OK
TKT21130010956,2025-11-11T19:28:40Z,PORTE-B,R51563816,UNITE,OK
TKT66880766636,2025-11-11T19:28:40Z,VIP-EST,R55305779,UNITE,OK
TKT24301457073,2025-11-11T19:28:41Z,PORTE-C,R54903718,UNITE,OK
TKT78148671981,2025-11-11T19:28:41Z,PORTE-C,,UNITE,OK
TKT37325135226,2025-11-11T19:28:42Z,PORTE-D,R52502520,ABONNEMENT,OK
TKT54540468521,2025-11-11T19:28:42Z,PORTE-C,R58863353,UNITE,OK
TKT25181872747,2025-11-11T19:28:43Z,PORTE-C,R51816573,UNITE,OK
TKT55452491692,2025-11-11T19:28:44Z,PORTE-C,R59790410,ABONNEMENT,OK
TKT29202606215,2025-11-11T19:28:47Z,PORTE-C,R56680805,UNITE,OK
TKT60580363143,2025-11-11T19:28:48Z,PORTE-C,,UNITE,OK
TKT93224354996,2025-11-11T19:28:50Z,PORTE-C,R51028600,UNITE,OK
TKT65887504504,2025-11-11T19:28:50Z,PORTE-C,,UNITE,OK
TKT44911493152,2025-11-11T19:28:51Z,PORTE-C,R59886929,ABONNEMENT,OK
TKT95981742039,2025-11-11T19:28:51Z,PORTE-D,R55602471,UNITE,OK
TKT28993927287,2025-11-11T19:28:51Z,PORTE-A,R54569499,UNITE,OK
TKT77660519597,2025-11-11T19:28:51Z,PORTE-A,R59100038,UNITE,OK
TKT20069341596,2025-11-11T19:28:53Z,PORTE-D,R57715137,ABONNEMENT,OK
TKT96168234340,2025-11-11T19:28:53Z,PORTE-D,R59824125,ABONNEMENT,OK
TKT55930653096,2025-11-11T19:28:53Z,PORTE-D,R59889103,ABONNEMENT,OK
TKT26205922195,2025-11-11T19:28:54Z,VIP-EST,R58700362,ABONNEMENT,OK
TKT22207244001,2025-11-11T19:28:54Z,PORTE-C,R58261722,ABONNEMENT,OK
TKT58169120989,2025-11-11T19:28:56Z,PORTE-C,R59911238,ABONNEMENT,OK
TKT23722171967,2025-11-11T19:28:57Z,PORTE-A,R51174896,ABONNEMENT,OK
TKT52807187289,2025-11-11T19:28:58Z,PORTE-B,R58613249,UNITE,OK
TKT43730538409,2025-11-11T19:28:59Z,PORTE-C,R57441739,ABONNEMENT,OK
TKT77861959159,2025-11-11T19:28:59Z,PORTE-C,R59081792,UNITE,OK
TKT12162633820,2025-11-11T19:29:00Z,PORTE-C,R59828560,ABONNEMENT,OK
TKT27371267789,2025-11-11T19:29:00Z,PORTE-C,R52155706,UNITE,OK
TKT24197660984,2025-11-11T19:29:02Z,PORTE-D,R58016599,ABONNEMENT,OK
TKT83742111615,2025-11-11T19:29:02Z,PORTE-C,R52310929,ABONNEMENT,OK
TKT13149643056,2025-11-11T19:29:03Z,PORTE-A,R53692966,ABONNEMENT,OK
TKT93525140834,2025-11-11T19:29:04Z,PORTE-D,R57915042,ABONNEMENT,OK
TKT85718135728,2025-11-11T19:29:05Z,PORTE-A,,UNITE,OK
TKT39571289820,2025-11-11T19:29:07Z,PORTE-C,R54545381,UNITE,OK
TKT18019802859,2025-11-11T19:29:08Z,PORTE-D,R56786509,ABONNEMENT,OK
TKT62541353296,2025-11-11T19:29:08Z,VIP-EST,R51382502,ABONNEMENT,OK
TKT13997712354,2025-11-11T19:29:08Z,VIP-EST,R56872128,VIP,OK
TKT47789960007,2025-11-11T19:29:09Z,PORTE-D,R56617043,UNITE,OK
TKT34171393379,2025-11-11T19:29:09Z,PORTE-C,,UNITE,OK
TKT57195178844,2025-11-11T19:29:09Z,PORTE-A,R52448854,UNITE,OK
TKT77031053409,2025-11-11T19:29:10Z,PORTE-A,R51914452,UNITE,OK
TKT76831699387,2025-11-11T19:29:10Z,PORTE-C,R53032842,UNITE,OK
TKT57965143244,2025-11-11T19:29:10Z,PORTE-C,,GROUPE,OK
TKT85827268402,2025-11-11T19:29:11Z,PORTE-A,R55819942,UNITE,OK
TKT24725284707,2025-11-11T19:29:12Z,PORTE-D,R59750096,ABONNEMENT,OK
TKT75590127120,2025-11-11T19:29:12Z,PORTE-D,R53889883,ABONNEMENT,OK
TKT75910136586,2025-11-11T19:29:13Z,PORTE-A,R55160699,ABONNEMENT,OK
TKT69735859129,2025-11-11T19:29:13Z,VIP-EST,R58558491,UNITE,OK
TKT73237420842,2025-11-11T19:29:14Z,PORTE-C,R53666004,ABONNEMENT,OK
TKT65807265368,2025-11-11T19:29:14Z,VIP-EST,R59608282,ABONNEMENT,OK
TKT88414047166,2025-11-11T19:29:17Z,PORTE-A,,GROUPE,OK
TKT84561278506,2025-11-11T19:29:18Z,VIP-EST,R55146399,ABONNEMENT,OK
TKT24992684860,2025-11-11T19:29:18Z,PORTE-A,R54775045,UNITE,OK
TKT32453067609,2025-11-11T19:29:20Z,PORTE-A,R51572666,ABONNEMENT,OK
TKT77567144454,2025-11-11T19:29:20Z,PORTE-C,,UNITE,OK
TKT96225393600,2025-11-11T19:29:21Z,PORTE-D,,UNITE,OK
TKT15324542901,2025-11-11T19:29:22Z,PORTE-C,R53875985,ABONNEMENT,OK
TKT15286912337,2025-11-11T19:29:22Z,PORTE-C,R54461189,UNITE,OK
TKT25804413672,2025-11-11T19:29:22Z,PORTE-C,,GROUPE,OK
TKT84743168619,2025-11-11T19:29:23Z,PORTE-D,R52068928,UNITE,OK
TKT57097663983,2025-11-11T19:29:23Z,PORTE-C,R52870531,UNITE,OK
TKT41818931668,2025-11-11T19:29:24Z,PORTE-C,R53623362,UNITE,OK
TKT39979097527,2025-11-11T19:29:25Z,PORTE-A,R59372354,ABONNEMENT,OK
TKT70674715483,2025-11-11T19:29:25Z,PORTE-D,R55422996,UNITE,OK
TKT19681656995,2025-11-11T19:29:28Z,PORTE-D,R58776575,INVITATION,OK
TKT64027989423,2025-11-11T19:29:30Z,PORTE-D,R55779072,ABONNEMENT,OK
TKT55548868759,2025-11-11T19:29:30Z,PORTE-B,R51254251,UNITE,OK
TKT41970634592,2025-11-11T19:29:31Z,PORTE-C,,UNITE,OK
TKT50108250769,2025-11-11T19:29:31Z,PORTE-B,,UNITE,OK
TKT43102818782,2025-11-11T19:29:32Z,VIP-EST,,VIP,OK
TKT97648206871,2025-11-11T19:29:35Z,PORTE-C,R57290673,ABONNEMENT,OK
TKT57482725017,2025-11-11T19:29:35Z,PORTE-D,R51248054,ABONNEMENT,OK
TKT18399185100,2025-11-11T19:29:35Z,PORTE-A,R59800084,ABONNEMENT,OK
TKT19261821287,2025-11-11T19:29:35Z,PORTE-D,,UNITE,OK
TKT14357247856,2025-11-11T19:29:35Z,PORTE-C,,UNITE,OK
TKT12668316050,2025-11-11T19:29:37Z,PORTE-D,R51852137,ABONNEMENT,OK
TKT66280992132,2025-11-11T19:29:38Z,PORTE-C,,UNITE,OK
TKT53688850003,2025-11-11T19:29:39Z,PORTE-C,,UNITE,OK
TKT27061240989,2025-11-11T19:29:39Z,PORTE-C,,UNITE,OK
TKT75247170747,2025-11-11T19:29:40Z,PORTE-D,,GROUPE,OK
TKT34398209895,2025-11-11T19:29:41Z,PORTE-C,R54057768,UNITE,OK
TKT81078006235,2025-11-11T19:29:42Z,PORTE-C,R59254035,UNITE,OK
TKT60758800102,2025-11-11T19:29:42Z,PORTE-D,,UNITE,OK
TKT80420921453,2025-11-11T19:29:44Z,PORTE-C,R55194893,ABONNEMENT,OK
TKT27337453212,2025-11-11T19:29:44Z,PORTE-B,R51955245,ABONNEMENT,REFUSE_DEJA_SCANNE
TKT95004401804,2025-11-11T19:29:44Z,PORTE-C,,UNITE,OK
TKT95812517626,2025-11-11T19:29:44Z,PORTE-C,R57856673,UNITE,OK
TKT17079496587,2025-11-11T19:29:45Z,VIP-EST,R52953899,UNITE,OK
TKT58637613719,2025-11-11T19:29:45Z,PORTE-C,R58777255,UNITE,OK
TKT13961853065,2025-11-11T19:29:45Z,PORTE-A,R55637680,UNITE,OK
TKT85564103212,2025-11-11T19:29:45Z,PORTE-C,,UNITE,OK
TKT62578157494,2025-11-11T19:29:46Z,PORTE-C,R52763725,ABONNEMENT,OK
TKT88981265426,2025-11-11T19:29:46Z,VIP-EST,,GROUPE,REFUSE_DEJA_SCANNE
TKT82108994608,2025-11-11T19:29:46Z,PORTE-C,R54304261,UNITE,OK
TKT54638787199,2025-11-11T19:29:47Z,PORTE-A,R52238997,ABONNEMENT,OK
TKT66767738945,2025-11-11T19:29:49Z,PORTE-D,R54684053,ABONNEMENT,OK
TKT44569004805,2025-11-11T19:29:49Z,PORTE-D,,GROUPE,OK
TKT30238493445,2025-11-11T19:29:52Z,PORTE-C,R58085245,UNITE,OK
TKT45537292330,2025-11-11T19:29:53Z,PORTE-C,R59235923,UNITE,OK
TKT32735414825,2025-11-11T19:29:55Z,VIP-EST,R52357852,VIP,OK
TKT31611120877,2025-11-11T19:29:55Z,VIP-EST,R52685127,UNITE,OK
TKT79959426011,2025-11-11T19:29:56Z,PORTE-B,R53853371,ABONNEMENT,OK
TKT22188024493,2025-11-11T19:29:56Z,PORTE-B,R53632758,ABONNEMENT,OK
TKT61721824870,2025-11-11T19:29:56Z,PORTE-C,R57675560,UNITE,OK
TKT75593055740,2025-11-11T19:29:57Z,PORTE-A,R54454255,UNITE,OK
TKT14876759718,2025-11-11T19:29:58Z,PORTE-C,R57260291,ABONNEMENT,REFUSE_DEJA_SCANNE
TKT47707735220,2025-11-11T19:30:00Z,PORTE-D,R54569633,ABONNEMENT,OK
TKT89830963371,2025-11-11T19:30:00Z,PORTE-D,R55853935,ABONNEMENT,OK
TKT82243758937,2025-11-11T19:30:01Z,PORTE-C,R56191152,UNITE,REFUSE_DEJA_SCANNE
TKT49737977144,2025-11-11T19:30:01Z,VIP-EST,R53787368,UNITE,OK
TKT63338351118,2025-11-11T19:30:01Z,PORTE-D,,UNITE,OK
TKT10494552956,2025-11-11T19:30:02Z,PORTE-C,R59969818,ABONNEMENT,OK
TKT85252694862,2025-11-11T19:30:02Z,PORTE-D,R54204898,UNITE,OK
TKT81953290114,2025-11-11T19:30:03Z,PORTE-C,R51360511,ABONNEMENT,OK
TKT14797150419,2025-11-11T19:30:03Z,VIP-EST,R51054078,ABONNEMENT,OK
TKT33463198293,2025-11-11T19:30:03Z,PORTE-C,,GROUPE,OK
TKT81557347867,2025-11-11T19:30:05Z,VIP-EST,R57236049,ABONNEMENT,OK
TKT30895997723,2025-11-11T19:30:05Z,PORTE-A,R51788385,UNITE,OK
TKT26194396889,2025-11-11T19:30:06Z,PORTE-D,R57585794,UNITE,OK
TKT28763317669,2025-11-11T19:30:09Z,PORTE-C,R57695933,ABONNEMENT,OK
TKT50051279752,2025-11-11T19:30:09Z,PORTE-A,R54925106,UNITE,OK
TKT56089924757,2025-11-11T19:30:10Z,PORTE-C,R51376171,ABONNEMENT,OK
TKT94412247657,2025-11-11T19:30:12Z,PORTE-C,R56166833,UNITE,OK
TKT90774740251,2025-11-11T19:30:13Z,PORTE-A,R54234935,ABONNEMENT,OK
TKT58899042194,2025-11-11T19:30:14Z,PORTE-A,,VIP,OK
TKT19302988961,2025-11-11T19:30:15Z,PORTE-A,R54220079,ABONNEMENT,OK
TKT39932887452,2025-11-11T19:30:16Z,PORTE-C,R53747734,ABONNEMENT,OK
TKT81720471403,2025-11-11T19:30:17Z,PORTE-C,R57940922,ABONNEMENT,OK
TKT73818122145,2025-11-11T19:30:18Z,PORTE-C,R54505201,UNITE,OK
TKT83371788445,2025-11-11T19:30:19Z,PORTE-A,R54704349,ABONNEMENT,OK
TKT40204113481,2025-11-11T19:30:21Z,PORTE-D,R58523483,UNITE,OK
TKT96401728893,2025-11-11T19:30:21Z,PORTE-B,R55837039,UNITE,OK
TKT24228786388,2025-11-11T19:30:21Z,PORTE-B,,UNITE,OK
TKT84857504183,2025-11-11T19:30:22Z,PORTE-D,R54897310,ABONNEMENT,OK
TKT19662262147,2025-11-11T19:30:22Z,PORTE-C,R55148027,ABONNEMENT,OK
TKT72607376318,2025-11-11T19:30:22Z,PORTE-C,R56188489,ABONNEMENT,OK
TKT42925729617,2025-11-11T19:30:23Z,PORTE-C,R53646723,UNITE,OK
TKT44103694133,2025-11-11T19:30:24Z,PORTE-D,R58588796,UNITE,OK
TKT53058770995,2025-11-11T19:30:25Z,PORTE-D,R56773847,UNITE,OK
TKT84946562725,2025-11-11T19:30:26Z,PORTE-B,R51612444,ABONNEMENT,OK
TKT16446310342,2025-11-11T19:30:26Z,PORTE-A,R52621720,VIP,OK
TKT41850593342,2025-11-11T19:30:27Z,PORTE-B,R58358452,ABONNEMENT,OK
TKT60012071493,2025-11-11T19:30:29Z,PORTE-C,R54229887,ABONNEMENT,OK
TKT75993654893,2025-11-11T19:30:31Z,PORTE-D,R56303599,ABONNEMENT,OK
TKT64287570028,2025-11-11T19:30:31Z,PORTE-C,,UNITE,OK
TKT32179429719,2025-11-11T19:30:32Z,PORTE-B,R55876405,ABONNEMENT,OK
TKT17628820728,2025-11-11T19:30:33Z,PORTE-B,R52843214,UNITE,OK
TKT33887207611,2025-11-11T19:30:33Z,PORTE-B,R53672335,UNITE,OK
TKT32816030459,2025-11-11T19:30:34Z,PORTE-A,R59522462,UNITE,OK
TKT50047306500,2025-11-11T19:30:35Z,PORTE-A,R55749591,ABONNEMENT,OK
TKT72805078194,2025-11-11T19:30:36Z,PORTE-D,R53304880,ABONNEMENT,OK
TKT67073431297,2025-11-11T19:30:36Z,PORTE-B,R56841890,UNITE,OK
TKT43150178098,2025-11-11T19:30:38Z,PORTE-C,R56757976,UNITE,OK
TKT93771588533,2025-11-11T19:30:40Z,PORTE-C,R59831625,ABONNEMENT,OK
TKT60317349060,2025-11-11T19:30:42Z,VIP-EST,,UNITE,OK
TKT45434043955,2025-11-11T19:30:42Z,PORTE-D,R52829872,UNITE,OK
TKT57493088046,2025-11-11T19:30:44Z,PORTE-D,R55048654,ABONNEMENT,OK
TKT12080372255,2025-11-11T19:30:45Z,PORTE-D,R51735667,UNITE,OK
TKT24373340429,2025-11-11T19:30:45Z,PORTE-A,,UNITE,OK
TKT34791933141,2025-11-11T19:30:46Z,VIP-EST,R59498555,ABONNEMENT,OK
TKT69945627796,2025-11-11T19:30:47Z,PORTE-C,,UNITE,OK
TKT86944911165,2025-11-11T19:30:48Z,PORTE-D,,GROUPE,OK
TKT83762017619,2025-11-11T19:30:49Z,PMR-NORD,R54309242,UNITE,OK
TKT14179439105,2025-11-11T19:30:50Z,PORTE-C,R54214294,UNITE,OK
TKT74295182604,2025-11-11T19:30:51Z,PORTE-B,R57700971,ABONNEMENT,OK
TKT84729477403,2025-11-11T19:30:52Z,PORTE-B,R53560702,UNITE,OK
TKT26427858008,2025-11-11T19:30:52Z,PORTE-D,R57054390,UNITE,OK
TKT19813420829,2025-11-11T19:30:53Z,PORTE-D,R59586626,ABONNEMENT,OK
TKT30607670777,2025-11-11T19:30:53Z,PORTE-A,R51317045,ABONNEMENT,OK
TKT57950737837,2025-11-11T19:30:54Z,PORTE-C,R55977071,ABONNEMENT,OK
TKT27299508653,2025-11-11T19:30:54Z,PORTE-B,R57884181,UNITE,OK
TKT44458159664,2025-11-11T19:30:55Z,VIP-EST,R53499057,ABONNEMENT,OK
TKT31179729651,2025-11-11T19:30:55Z,VIP-EST,R53963165,ABONNEMENT,OK
TKT84761888343,2025-11-11T19:30:55Z,PORTE-B,R55934717,UNITE,OK
TKT22551924314,2025-11-11T19:30:55Z,PORTE-B,R59162708,UNITE,OK
TKT43266772977,2025-11-11T19:30:55Z,PORTE-D,R58514958,UNITE,OK
TKT25504793184,2025-11-11T19:30:56Z,PORTE-B,R51853832,ABONNEMENT,OK
TKT17472498930,2025-11-11T19:30:56Z,PORTE-A,R57852238,ABONNEMENT,OK
TKT55074623912,2025-11-11T19:30:56Z,VIP-EST,R51138729,ABONNEMENT,OK
TKT30090197050,2025-11-11T19:30:56Z,PORTE-D,,UNITE,OK
TKT59335524501,2025-11-11T19:30:57Z,VIP-EST,R57671346,ABONNEMENT,OK
TKT38961856464,2025-11-11T19:30:58Z,PORTE-A,R58839657,ABONNEMENT,OK
TKT60209969815,2025-11-11T19:30:58Z,PORTE-D,R53757130,ABONNEMENT,OK
TKT33931680092,2025-11-11T19:30:58Z,PORTE-C,R53811342,ABONNEMENT,OK
TKT94081080401,2025-11-11T19:31:00Z,PORTE-B,R54870271,UNITE,OK
TKT80949197591,2025-11-11T19:31:01Z,PORTE-B,R54544021,ABONNEMENT,OK
TKT81762186274,2025-11-11T19:31:01Z,PORTE-D,R54068199,UNITE,OK
TKT40321275475,2025-11-11T19:31:01Z,PORTE-B,R54206047,UNITE,OK
TKT23221472903,2025-11-11T19:31:02Z,PORTE-D,R59040175,ABONNEMENT,OK
TKT45464172162,2025-11-11T19:31:02Z,PORTE-C,R59957357,UNITE,OK
TKT91501780766,2025-11-11T19:31:03Z,PORTE-A,R59621299,ABONNEMENT,OK
TKT88815446571,2025-11-11T19:31:04Z,PORTE-D,,UNITE,OK
TKT57730331517,2025-11-11T19:31:05Z,VIP-EST,R52417457,UNITE,OK
TKT37233095391,2025-11-11T19:31:06Z,PORTE-D,,GROUPE,OK
TKT72268985110,2025-11-11T19:31:07Z,PMR-NORD,R51114286,UNITE,OK
TKT40057566723,2025-11-11T19:31:07Z,PORTE-D,R58036349,UNITE,OK
TKT79113074649,2025-11-11T19:31:08Z,PORTE-A,R56119565,UNITE,OK
TKT29135199982,2025-11-11T19:31:09Z,VIP-EST,R52947702,ABONNEMENT,OK
TKT40738135165,2025-11-11T19:31:09Z,VIP-EST,R58504614,ABONNEMENT,OK
TKT92769106308,2025-11-11T19:31:09Z,PORTE-A,R51995301,ABONNEMENT,OK
TKT30864146878,2025-11-11T19:31:09Z,PORTE-B,R54106406,UNITE,OK
TKT81176375768,2025-11-11T19:31:11Z,PORTE-A,R52734445,ABONNEMENT,OK
TKT39173989905,2025-11-11T19:31:11Z,PORTE-C,,UNITE,OK
TKT88252723324,2025-11-11T19:31:12Z,PORTE-C,R54436267,ABONNEMENT,OK
TKT43552165032,2025-11-11T19:31:12Z,PORTE-D,R55862852,UNITE,OK
TKT48694814263,2025-11-11T19:31:12Z,PORTE-A,R57839308,UNITE,OK
TKT10533343208,2025-11-11T19:31:12Z,PORTE-A,R53955464,UNITE,OK
TKT99025602325,2025-11-11T19:31:13Z,PORTE-C,R53726279,ABONNEMENT,OK
TKT39608884398,2025-11-11T19:31:14Z,PORTE-D,R51188593,ABONNEMENT,OK
TKT71780835503,2025-11-11T19:31:15Z,PORTE-C,R55903243,ABONNEMENT,OK
TKT29238861280,2025-11-11T19:31:16Z,PORTE-B,R51931415,UNITE,OK
TKT53879825239,2025-11-11T19:31:17Z,PORTE-C,R54268851,ABONNEMENT,OK
TKT24225019124,2025-11-11T19:31:20Z,PORTE-B,R51938493,UNITE,OK
TKT90234890028,2025-11-11T19:31:20Z,PORTE-C,R54480805,UNITE,OK
TKT29856021827,2025-11-11T19:31:21Z,PORTE-C,R57473960,ABONNEMENT,OK
TKT38963219582,2025-11-11T19:31:21Z,PORTE-A,R53623362,UNITE,OK
TKT57572777800,2025-11-11T19:31:22Z,PORTE-C,R51887279,ABONNEMENT,OK
TKT80339602265,2025-11-11T19:31:25Z,PORTE-D,R57600372,UNITE,OK
TKT60142467999,2025-11-11T19:31:26Z,PORTE-A,R54889619,ABONNEMENT,OK
TKT86828021321,2025-11-11T19:31:27Z,PORTE-C,R51763185,ABONNEMENT,OK
TKT39893191445,2025-11-11T19:31:27Z,PORTE-B,R54785476,ABONNEMENT,OK
TKT42941823778,2025-11-11T19:31:27Z,PORTE-D,R57722349,ABONNEMENT,OK
TKT61411208514,2025-11-11T19:31:28Z,PORTE-C,R54195760,UNITE,OK
TKT14775696970,2025-11-11T19:31:29Z,VIP-EST,R51416907,UNITE,OK
TKT36001236755,2025-11-11T19:31:29Z,PORTE-A,,VIP,OK
TKT84863360793,2025-11-11T19:31:30Z,PORTE-C,R55248559,UNITE,OK
TKT46952761733,2025-11-11T19:31:30Z,PORTE-A,,UNITE,OK
TKT91576000370,2025-11-11T19:31:31Z,VIP-EST,R56616574,UNITE,REFUSE_INVALIDE
TKT89284675572,2025-11-11T19:31:32Z,VIP-EST,R56426745,UNITE,OK
TKT94476942633,2025-11-11T19:31:32Z,PORTE-A,R56929884,UNITE,OK
TKT17807066565,2025-11-11T19:31:34Z,PORTE-A,R56958216,ABONNEMENT,OK
TKT95234372855,2025-11-11T19:31:34Z,PORTE-C,R51446120,UNITE,OK
TKT88387919131,2025-11-11T19:31:36Z,PORTE-C,R55495052,UNITE,OK
TKT85678004485,2025-11-11T19:31:39Z,PORTE-C,R56429532,UNITE,OK
TKT48573473444,2025-11-11T19:31:40Z,PORTE-C,R56601661,ABONNEMENT,OK
TKT12647368690,2025-11-11T19:31:40Z,PORTE-C,R54743045,UNITE,OK
TKT60523827134,2025-11-11T19:31:40Z,PORTE-C,,INVITATION,OK
TKT77610188129,2025-11-11T19:31:41Z,PORTE-C,R52960709,ABONNEMENT,OK
TKT31067771225,2025-11-11T19:31:42Z,VIP-EST,R59434736,UNITE,OK
TKT68798344923,2025-11-11T19:31:42Z,PORTE-D,R56306396,UNITE,OK
TKT21731928050,2025-11-11T19:31:44Z,PORTE-C,R58143624,ABONNEMENT,OK
TKT61696877010,2025-11-11T19:31:44Z,PORTE-D,,UNITE,OK
TKT18920718776,2025-11-11T19:31:44Z,PORTE-A,R52661632,VIP,OK
TKT89424341259,2025-11-11T19:31:46Z,PORTE-C,R58520351,UNITE,OK
TKT85681311203,2025-11-11T19:31:47Z,PORTE-C,R57366685,ABONNEMENT,OK
TKT92632346615,2025-11-11T19:31:47Z,PORTE-D,,UNITE,OK
TKT41591425589,2025-11-11T19:31:49Z,PORTE-C,R56335619,UNITE,OK
TKT74124140823,2025-11-11T19:31:52Z,PORTE-A,R57040502,ABONNEMENT,OK
TKT86190758528,2025-11-11T19:31:53Z,PORTE-C,R59477579,ABONNEMENT,OK
TKT22507993099,2025-11-11T19:31:53Z,PORTE-B,,GROUPE,OK
TKT40496704651,2025-11-11T19:31:56Z,PORTE-B,R53308280,ABONNEMENT,OK
TKT78173623752,2025-11-11T19:31:57Z,VIP-EST,,UNITE,OK
TKT73549250243,2025-11-11T19:31:58Z,PORTE-B,R58683955,ABONNEMENT,OK
TKT81070181458,2025-11-11T19:31:58Z,PORTE-A,R52865560,ABONNEMENT,OK
TKT64224076858,2025-11-11T19:31:58Z,PORTE-C,,UNITE,OK
TKT62787893622,2025-11-11T19:31:58Z,PORTE-C,,UNITE,OK
TKT50269915786,2025-11-11T19:31:59Z,PORTE-C,R59617621,ABONNEMENT,OK
TKT97066982167,2025-11-11T19:31:59Z,PORTE-C,R58455641,ABONNEMENT,OK
TKT59898724904,2025-11-11T19:31:59Z,PORTE-C,R55326745,UNITE,OK
TKT80721296958,2025-11-11T19:32:00Z,VIP-EST,R57119033,ABONNEMENT,OK
TKT49603053771,2025-11-11T19:32:00Z,PORTE-D,R53686357,ABONNEMENT,OK
TKT73545992216,2025-11-11T19:32:02Z,VIP-EST,R53692966,UNITE,OK
TKT67533522509,2025-11-11T19:32:03Z,PORTE-B,R58303473,ABONNEMENT,OK
TKT55371766009,2025-11-11T19:32:03Z,PORTE-D,R54683172,INVITATION,OK
TKT72562135066,2025-11-11T19:32:03Z,PORTE-C,R53630038,INVITATION,OK
TKT95045151838,2025-11-11T19:32:04Z,PORTE-A,R55947657,ABONNEMENT,OK
TKT52825456027,2025-11-11T19:32:04Z,PORTE-A,R52467857,ABONNEMENT,OK
TKT90758950395,2025-11-11T19:32:04Z,PORTE-D,R52097059,ABONNEMENT,OK
TKT15669433009,2025-11-11T19:32:05Z,PORTE-A,R51797570,ABONNEMENT,OK
TKT36908654093,2025-11-11T19:32:06Z,PORTE-B,R54580456,UNITE,OK
TKT36837374684,2025-11-11T19:32:06Z,PORTE-B,,GROUPE,OK
TKT17515822681,2025-11-11T19:32:07Z,PORTE-B,R59734972,ABONNEMENT,OK
TKT17517581184,2025-11-11T19:32:09Z,PORTE-C,R58909673,UNITE,OK
TKT74567953654,2025-11-11T19:32:11Z,PORTE-B,R59709092,ABONNEMENT,OK
TKT98640095102,2025-11-11T19:32:11Z,VIP-EST,,UNITE,OK
TKT55641914200,2025-11-11T19:32:12Z,PORTE-C,R54052663,INVITATION,OK
TKT19564668398,2025-11-11T19:32:13Z,PORTE-D,R53586036,INVITATION,OK
TKT37984474140,2025-11-11T19:32:13Z,VIP-EST,R58318875,VIP,OK
TKT41155899114,2025-11-11T19:32:14Z,PORTE-C,R52340554,UNITE,OK
TKT15640778913,2025-11-11T19:32:15Z,PORTE-C,R53257066,ABONNEMENT,OK
TKT24791624119,2025-11-11T19:32:16Z,PORTE-A,R56962651,ABONNEMENT,OK
TKT74135336386,2025-11-11T19:32:16Z,PORTE-B,R53396284,ABONNEMENT,OK
TKT32857535747,2025-11-11T19:32:17Z,PORTE-B,R52590179,ABONNEMENT,OK
TKT24219014217,2025-11-11T19:32:18Z,PORTE-A,R55583602,UNITE,OK
TKT42055020855,2025-11-11T19:32:19Z,PORTE-A,R56383021,ABONNEMENT,OK
TKT61711726590,2025-11-11T19:32:19Z,PORTE-A,R54629151,UNITE,OK
TKT49476643786,2025-11-11T19:32:19Z,PORTE-B,R59279235,UNITE,OK
TKT20334362104,2025-11-11T19:32:21Z,PORTE-C,R52012599,ABONNEMENT,OK
TKT28815234661,2025-11-11T19:32:21Z,PORTE-A,,UNITE,OK
TKT58193668657,2025-11-11T19:32:22Z,PORTE-D,,UNITE,OK
TKT73530712023,2025-11-11T19:32:23Z,PORTE-C,R57276574,ABONNEMENT,OK
TKT12153649305,2025-11-11T19:32:23Z,PORTE-D,,UNITE,OK
TKT56757007476,2025-11-11T19:32:23Z,PORTE-C,R55789369,INVITATION,OK
TKT15493566042,2025-11-11T19:32:24Z,PORTE-C,R59597392,ABONNEMENT,OK
TKT31652447585,2025-11-11T19:32:24Z,PORTE-C,R57898280,ABONNEMENT,OK
TKT61486207679,2025-11-11T19:32:25Z,PORTE-C,R52775650,ABONNEMENT,OK
TKT37251351323,2025-11-11T19:32:25Z,PORTE-A,R51645077,VIP,OK
TKT56871554044,2025-11-11T19:32:26Z,PORTE-D,R55828179,ABONNEMENT,OK
TKT90212966638,2025-11-11T19:32:26Z,PORTE-C,,UNITE,OK
TKT97064968077,2025-11-11T19:32:26Z,PORTE-B,R55716489,UNITE,OK
TKT32435196500,2025-11-11T19:32:26Z,PORTE-C,R59639756,UNITE,OK
TKT13623525362,2025-11-11T19:32:28Z,PORTE-C,R51284154,ABONNEMENT,OK
TKT19097421418,2025-11-11T19:32:32Z,PORTE-D,R58676120,UNITE,REFUSE_DEJA_SCANNE
TKT26932637206,2025-11-11T19:32:33Z,PORTE-B,,UNITE,OK
TKT83670089267,2025-11-11T19:32:34Z,PORTE-B,,UNITE,OK
TKT81868636269,2025-11-11T19:32:35Z,PORTE-D,R51709643,GROUPE,OK
TKT99515317258,2025-11-11T19:32:35Z,PORTE-B,R56773914,UNITE,OK
TKT47150537177,2025-11-11T19:32:36Z,VIP-EST,R58258801,UNITE,OK
TKT64804974463,2025-11-11T19:32:36Z,PORTE-D,,GROUPE,OK
TKT22024135416,2025-11-11T19:32:37Z,PORTE-C,R57164519,ABONNEMENT,OK
TKT80679595641,2025-11-11T19:32:38Z,PORTE-D,R58529057,ABONNEMENT,OK
TKT95411180814,2025-11-11T19:32:38Z,PORTE-C,R57110853,UNITE,OK
TKT73084345715,2025-11-11T19:32:38Z,PORTE-C,R54801883,UNITE,OK
TKT50590873773,2025-11-11T19:32:39Z,PORTE-A,R52017580,ABONNEMENT,OK
TKT64012778891,2025-11-11T19:32:40Z,PORTE-D,R57892706,ABONNEMENT,OK
TKT36927218886,2025-11-11T19:32:40Z,VIP-EST,R56840999,ABONNEMENT,OK
TKT48777754214,2025-11-11T19:32:41Z,PORTE-C,R54458469,ABONNEMENT,OK
TKT19303335968,2025-11-11T19:32:41Z,PORTE-D,,GROUPE,OK
TKT11772092995,2025-11-11T19:32:42Z,PORTE-C,R57385410,ABONNEMENT,OK
TKT27375336111,2025-11-11T19:32:42Z,PORTE-C,R58752668,ABONNEMENT,OK
TKT66545534337,2025-11-11T19:32:42Z,PORTE-D,R52200991,ABONNEMENT,OK
TKT61986613832,2025-11-11T19:32:42Z,PORTE-D,,UNITE,OK
TKT21459643402,2025-11-11T19:32:43Z,PORTE-C,R51117150,ABONNEMENT,OK
TKT53720792647,2025-11-11T19:32:44Z,PORTE-D,R59087098,ABONNEMENT,REFUSE_DEJA_SCANNE
TKT18609121948,2025-11-11T19:32:44Z,PORTE-C,R53165853,ABONNEMENT,OK
TKT18138278272,2025-11-11T19:32:44Z,PORTE-A,R57083747,UNITE,OK
TKT64745672854,2025-11-11T19:32:45Z,PMR-NORD,R51937813,UNITE,OK
TKT92697116715,2025-11-11T19:32:45Z,PORTE-D,,GROUPE,OK
TKT63353954254,2025-11-11T19:32:48Z,PORTE-A,R52336876,UNITE,OK
TKT65338266005,2025-11-11T19:32:49Z,VIP-EST,R57342711,VIP,OK
TKT72687693259,2025-11-11T19:32:49Z,VIP-EST,R52590179,UNITE,OK
TKT44735982353,2025-11-11T19:32:50Z,PORTE-A,R53616552,UNITE,OK
TKT49458502955,2025-11-11T19:32:51Z,PORTE-A,R58453936,UNITE,OK
TKT27629942363,2025-11-11T19:32:54Z,VIP-EST,R53569217,VIP,OK
TKT50607694904,2025-11-11T19:32:55Z,VIP-EST,R56579861,ABONNEMENT,OK
TKT12940805531,2025-11-11T19:32:55Z,VIP-EST,R55376130,ABONNEMENT,OK
TKT78813493464,2025-11-11T19:32:55Z,PORTE-A,,UNITE,OK
TKT68774068894,2025-11-11T19:32:55Z,VIP-EST,R54697616,UNITE,OK
TKT95592613621,2025-11-11T19:32:56Z,PORTE-A,,UNITE,OK
TKT11864780557,2025-11-11T19:32:56Z,PORTE-B,R55936067,UNITE,OK
TKT64094619603,2025-11-11T19:32:56Z,PORTE-B,R53464183,UNITE,OK
TKT58745531615,2025-11-11T19:32:57Z,VIP-EST,R59665492,INVITATION,OK
TKT79260451049,2025-11-11T19:32:58Z,PORTE-A,R57340393,UNITE,OK
TKT32179004397,2025-11-11T19:32:59Z,PORTE-C,R56624888,ABONNEMENT,OK
TKT50923918634,2025-11-11T19:33:00Z,PORTE-C,R53736767,ABONNEMENT,OK
TKT66047391278,2025-11-11T19:33:03Z,PORTE-A,R54205434,ABONNEMENT,OK
TKT87985436744,2025-11-11T19:33:04Z,PORTE-C,R52362086,ABONNEMENT,OK
TKT22503415382,2025-11-11T19:33:04Z,PORTE-A,R55068615,UNITE,OK
TKT78646340053,2025-11-11T19:33:05Z,PORTE-C,,UNITE,OK
TKT61211073061,2025-11-11T19:33:06Z,PORTE-A,R56093005,UNITE,OK
TKT33236314015,2025-11-11T19:33:06Z,PORTE-C,R57871318,UNITE,OK
TKT12719577694,2025-11-11T19:33:07Z,PORTE-C,R51011024,ABONNEMENT,OK
TKT31214030652,2025-11-11T19:33:08Z,PORTE-D,R54381911,ABONNEMENT,OK
TKT53009484593,2025-11-11T19:33:08Z,PORTE-A,,UNITE,OK
TKT51445204563,2025-11-11T19:33:11Z,PORTE-C,R57375468,ABONNEMENT,OK
TKT81621246775,2025-11-11T19:33:12Z,PORTE-D,R58618086,ABONNEMENT,OK
TKT79201027450,2025-11-11T19:33:14Z,PORTE-C,R53399004,UNITE,OK
TKT60522309659,2025-11-11T19:33:15Z,PORTE-A,R58479203,UNITE,OK
TKT99044312292,2025-11-11T19:33:15Z,PORTE-D,R59544530,UNITE,OK
TKT82370298091,2025-11-11T19:33:16Z,PORTE-A,R58864445,ABONNEMENT,OK
TKT48122609159,2025-11-11T19:33:16Z,PORTE-A,R57303948,ABONNEMENT,OK
TKT24225361700,2025-11-11T19:33:16Z,PORTE-C,R57018558,ABONNEMENT,OK
TKT80389611537,2025-11-11T19:33:16Z,PORTE-A,R57877103,UNITE,OK
TKT25285728526,2025-11-11T19:33:16Z,PORTE-D,,UNITE,OK
TKT71068478687,2025-11-11T19:33:16Z,PMR-NORD,R59315814,UNITE,REFUSE_INVALIDE
TKT74366132544,2025-11-11T19:33:17Z,PORTE-A,R57836099,INVITATION,OK
TKT57676932632,2025-11-11T19:33:17Z,PORTE-C,R52737366,INVITATION,OK
TKT47346939917,2025-11-11T19:33:20Z,PORTE-A,R56863948,ABONNEMENT,OK
TKT55876501361,2025-11-11T19:33:22Z,PORTE-D,R54372783,ABONNEMENT,OK
TKT58523882014,2025-11-11T19:33:22Z,PORTE-A,,UNITE,OK
TKT91985548369,2025-11-11T19:33:23Z,VIP-EST,R54406163,UNITE,OK
TKT78282346563,2025-11-11T19:33:23Z,VIP-EST,,UNITE,OK
TKT65635973081,2025-11-11T19:33:24Z,PORTE-B,R59444477,ABONNEMENT,OK
TKT19818909803,2025-11-11T19:33:24Z,PORTE-C,R59048278,UNITE,OK
TKT49358043980,2025-11-11T19:33:25Z,PORTE-A,R58898093,ABONNEMENT,OK
TKT26208972729,2025-11-11T19:33:25Z,PORTE-C,R56997314,ABONNEMENT,OK
TKT91255937718,2025-11-11T19:33:26Z,VIP-EST,,VIP,OK
TKT51786709397,2025-11-11T19:33:26Z,PORTE-C,R54178807,UNITE,OK
TKT60225582863,2025-11-11T19:33:27Z,PORTE-C,R52136837,ABONNEMENT,OK
TKT83369554235,2025-11-11T19:33:27Z,PORTE-C,R51235516,ABONNEMENT,OK
TKT40386280972,2025-11-11T19:33:27Z,PORTE-C,R55621742,UNITE,OK
TKT80023039987,2025-11-11T19:33:28Z,PORTE-B,R58146890,UNITE,OK
TKT85933300186,2025-11-11T19:33:29Z,VIP-EST,R54078543,UNITE,OK
TKT19392636512,2025-11-11T19:33:29Z,PORTE-C,R54429725,INVITATION,OK
TKT48853935778,2025-11-11T19:33:30Z,PORTE-C,R59246890,ABONNEMENT,OK
TKT74409804053,2025-11-11T19:33:30Z,PORTE-C,R58249740,UNITE,OK
TKT20940027493,2025-11-11T19:33:31Z,VIP-EST,R58648602,UNITE,OK
TKT61804845863,2025-11-11T19:33:34Z,PORTE-D,,INVITATION,OK
TKT88455945803,2025-11-11T19:33:34Z,PORTE-C,R59688518,UNITE,OK
TKT81149085904,2025-11-11T19:33:34Z,PORTE-A,,GROUPE,OK
TKT45407527495,2025-11-11T19:33:35Z,PORTE-B,R52706783,ABONNEMENT,OK
TKT73868482962,2025-11-11T19:33:36Z,PORTE-C,R56633661,ABONNEMENT,OK
TKT53607840739,2025-11-11T19:33:37Z,VIP-EST,R53401858,UNITE,OK
TKT84498201044,2025-11-11T19:33:38Z,PORTE-A,R58045956,UNITE,OK
TKT52575943895,2025-11-11T19:33:38Z,PORTE-C,R51412740,UNITE,OK
TKT75358638445,2025-11-11T19:33:38Z,VIP-EST,,UNITE,OK
TKT31185164118,2025-11-11T19:33:38Z,PORTE-D,,UNITE,OK
TKT26465561238,2025-11-11T19:33:40Z,PORTE-D,R59540852,ABONNEMENT,OK
TKT56661087507,2025-11-11T19:33:40Z,PORTE-C,R54470997,ABONNEMENT,OK
TKT78185655876,2025-11-11T19:33:40Z,PORTE-C,R58432002,UNITE,OK
TKT60281283589,2025-11-11T19:33:40Z,PORTE-C,,UNITE,OK
TKT97845676295,2025-11-11T19:33:42Z,PORTE-C,R57328803,ABONNEMENT,OK
TKT59794984615,2025-11-11T19:33:43Z,PORTE-D,R53431838,ABONNEMENT,OK
TKT21039065908,2025-11-11T19:33:44Z,PORTE-D,R57028979,ABONNEMENT,OK
TKT13941807807,2025-11-11T19:33:45Z,PORTE-C,,UNITE,OK
TKT31577866346,2025-11-11T19:33:45Z,PORTE-D,R57076592,UNITE,OK
TKT52678345503,2025-11-11T19:33:46Z,VIP-EST,R51000134,UNITE,OK
TKT93080019769,2025-11-11T19:33:46Z,PORTE-C,,UNITE,OK
TKT96996887407,2025-11-11T19:33:46Z,PORTE-A,,INVITATION,OK
TKT57018405940,2025-11-11T19:33:47Z,PORTE-D,R52927885,ABONNEMENT,OK
TKT34317806830,2025-11-11T19:33:47Z,PORTE-A,R52701889,UNITE,OK
TKT67616778826,2025-11-11T19:33:47Z,PMR-NORD,R58173460,UNITE,OK
TKT18822049345,2025-11-11T19:33:48Z,PORTE-A,R51709978,UNITE,OK
TKT77561865626,2025-11-11T19:33:49Z,PORTE-C,,GROUPE,OK
TKT87443524180,2025-11-11T19:33:50Z,PORTE-D,R57418847,ABONNEMENT,OK
TKT14881223525,2025-11-11T19:33:50Z,PORTE-C,R57850332,UNITE,OK
TKT28928045611,2025-11-11T19:33:51Z,PORTE-C,R54786558,ABONNEMENT,OK
TKT21364452966,2025-11-11T19:33:52Z,PORTE-B,R56517402,ABONNEMENT,OK
TKT83735218172,2025-11-11T19:33:52Z,VIP-EST,R51533923,UNITE,OK
TKT18545401022,2025-11-11T19:33:52Z,PORTE-D,R51314258,UNITE,OK
TKT59325661713,2025-11-11T19:33:52Z,PORTE-C,R59941965,UNITE,OK
TKT69414088512,2025-11-11T19:33:52Z,VIP-EST,R57183733,UNITE,OK
TKT56993874256,2025-11-11T19:33:53Z,PORTE-B,R58188306,UNITE,OK
TKT13030424785,2025-11-11T19:33:53Z,PORTE-C,R51285246,UNITE,OK
TKT52066555053,2025-11-11T19:33:57Z,PORTE-B,R54916045,UNITE,OK
TKT89280845794,2025-11-11T19:33:59Z,PORTE-A,R57208454,ABONNEMENT,OK
TKT33452913574,2025-11-11T19:34:00Z,PORTE-C,R58276990,ABONNEMENT,OK
TKT17246068644,2025-11-11T19:34:00Z,PORTE-B,R51422692,ABONNEMENT,OK
TKT61881039220,2025-11-11T19:34:01Z,PORTE-C,R54503908,ABONNEMENT,OK
TKT22876957840,2025-11-11T19:34:01Z,PORTE-D,R52346349,ABONNEMENT,OK
TKT40026019721,2025-11-11T19:34:03Z,PORTE-D,R58404005,UNITE,OK
TKT48930046899,2025-11-11T19:34:03Z,PORTE-C,R55978297,UNITE,OK
TKT68279879695,2025-11-11T19:34:04Z,PORTE-A,R55905695,ABONNEMENT,OK
TKT31638324562,2025-11-11T19:34:04Z,PORTE-C,R56306185,UNITE,OK
TKT26166433615,2025-11-11T19:34:05Z,PORTE-C,R55753202,ABONNEMENT,OK
TKT46944654372,2025-11-11T19:34:06Z,PMR-NORD,R57524762,ABONNEMENT,OK
TKT77636146116,2025-11-11T19:34:06Z,PORTE-A,R54955746,ABONNEMENT,OK
TKT73169078285,2025-11-11T19:34:06Z,PORTE-C,R58622779,ABONNEMENT,OK
TKT86235774954,2025-11-11T19:34:06Z,PORTE-C,R59141454,UNITE,OK
TKT84853654389,2025-11-11T19:34:07Z,PORTE-C,R55745424,UNITE,OK
TKT71353251430,2025-11-11T19:34:09Z,PORTE-D,R56680527,ABONNEMENT,OK
TKT89382868551,2025-11-11T19:34:10Z,PORTE-C,R51283819,ABONNEMENT,OK
TKT73142213098,2025-11-11T19:34:10Z,VIP-EST,R59339443,ABONNEMENT,OK
TKT92973635826,2025-11-11T19:34:11Z,PORTE-A,R58069106,UNITE,OK
TKT97368104310,2025-11-11T19:34:11Z,PORTE-C,R57632037,UNITE,OK
TKT76687403698,2025-11-11T19:34:12Z,PORTE-C,R58998424,ABONNEMENT,OK
TKT73463210603,2025-11-11T19:34:12Z,PORTE-D,R54290105,UNITE,OK
TKT76733015527,2025-11-11T19:34:12Z,PORTE-C,R51778701,UNITE,OK
TKT26442798124,2025-11-11T19:34:13Z,PORTE-C,R55220227,UNITE,OK
TKT88726351743,2025-11-11T19:34:13Z,PORTE-B,,UNITE,OK
TKT33145846117,2025-11-11T19:34:14Z,PORTE-C,R53099113,UNITE,OK
TKT75772651152,2025-11-11T19:34:15Z,PORTE-B,R59411710,ABONNEMENT,OK
TKT31358190237,2025-11-11T19:34:15Z,VIP-EST,R59742730,UNITE,OK
TKT84503131088,2025-11-11T19:34:15Z,PORTE-D,R59753429,UNITE,OK
TKT18159362883,2025-11-11T19:34:17Z,VIP-EST,R58057124,ABONNEMENT,OK
TKT21696360544,2025-11-11T19:34:17Z,PORTE-A,R52218634,ABONNEMENT,OK
TKT32402665738,2025-11-11T19:34:17Z,VIP-EST,R56751357,ABONNEMENT,OK
TKT54159726211,2025-11-11T19:34:17Z,PORTE-B,R54392955,UNITE,OK
TKT65375194330,2025-11-11T19:34:17Z,PORTE-D,R53558863,UNITE,OK
TKT22389921103,2025-11-11T19:34:18Z,VIP-EST,R51994966,ABONNEMENT,OK
TKT98141327823,2025-11-11T19:34:18Z,PORTE-C,R55421837,ABONNEMENT,OK
TKT98973531069,2025-11-11T19:34:20Z,PORTE-D,R53898733,UNITE,OK
TKT90992707060,2025-11-11T19:34:20Z,PORTE-C,,UNITE,OK
TKT85359419371,2025-11-11T19:34:20Z,VIP-EST,,VIP,OK
TKT91512867821,2025-11-11T19:34:20Z,PORTE-C,R52733286,UNITE,OK
TKT88827459460,2025-11-11T19:34:21Z,PORTE-C,R51954297,UNITE,OK
TKT12714412252,2025-11-11T19:34:23Z,PORTE-B,R57973009,ABONNEMENT,OK
TKT51920795370,2025-11-11T19:34:24Z,PORTE-C,R55555327,ABONNEMENT,OK
TKT84403916872,2025-11-11T19:34:25Z,PORTE-C,R58286587,ABONNEMENT,OK
TKT89893180382,2025-11-11T19:34:25Z,PORTE-B,R54827150,UNITE,OK
TKT95193643715,2025-11-11T19:34:26Z,PORTE-C,R51628660,ABONNEMENT,OK
TKT58684947880,2025-11-11T19:34:26Z,PORTE-A,R58330656,ABONNEMENT,OK
TKT80377786670,2025-11-11T19:34:27Z,PORTE-A,R51954230,UNITE,OK
TKT62288724380,2025-11-11T19:34:28Z,PORTE-C,R59528726,ABONNEMENT,OK
TKT93237703181,2025-11-11T19:34:28Z,VIP-EST,R55292628,UNITE,OK
TKT92733857353,2025-11-11T19:34:29Z,PORTE-C,,UNITE,OK
TKT70308511969,2025-11-11T19:34:31Z,PORTE-C,R57448338,ABONNEMENT,OK
TKT40737763594,2025-11-11T19:34:31Z,VIP-EST,R57740126,UNITE,OK
TKT67716965397,2025-11-11T19:34:31Z,PORTE-C,R54911208,UNITE,OK
TKT18967035164,2025-11-11T19:34:32Z,VIP-EST,R55867622,ABONNEMENT,OK
TKT21006986596,2025-11-11T19:34:33Z,PORTE-A,R56897730,ABONNEMENT,OK
TKT66017769333,2025-11-11T19:34:33Z,PORTE-B,R51063809,UNITE,OK
TKT62435637771,2025-11-11T19:34:35Z,PORTE-C,,UNITE,OK
TKT57261447942,2025-11-11T19:34:36Z,PORTE-C,R59199478,UNITE,OK
TKT33822734718,2025-11-11T19:34:37Z,PORTE-A,R56882951,ABONNEMENT,OK
TKT64318865172,2025-11-11T19:34:37Z,PORTE-C,,UNITE,OK
TKT60035808726,2025-11-11T19:34:39Z,PORTE-B,,UNITE,OK
TKT15250379628,2025-11-11T19:34:39Z,VIP-EST,R56880777,UNITE,OK
TKT80905812608,2025-11-11T19:34:39Z,PORTE-C,,GROUPE,OK
TKT27650808341,2025-11-11T19:34:40Z,PORTE-C,R59358724,UNITE,OK
TKT83675333581,2025-11-11T19:34:42Z,PORTE-A,R55746583,ABONNEMENT,OK
TKT25981967210,2025-11-11T19:34:42Z,PORTE-C,R52483862,UNITE,OK
TKT12479503672,2025-11-11T19:34:43Z,PORTE-D,R54578617,UNITE,OK
TKT19877855692,2025-11-11T19:34:44Z,VIP-EST,R51508780,ABONNEMENT,OK
TKT86139217840,2025-11-11T19:34:44Z,PORTE-C,R53658715,UNITE,OK
TKT50139486759,2025-11-11T19:34:45Z,PORTE-C,R58562715,ABONNEMENT,OK
TKT37395234955,2025-11-11T19:34:50Z,PORTE-D,R51621103,ABONNEMENT,OK
TKT91670100740,2025-11-11T19:34:51Z,PORTE-C,R54727710,UNITE,OK
TKT89640706818,2025-11-11T19:34:52Z,VIP-EST,R54409774,ABONNEMENT,OK
TKT96953341010,2025-11-11T19:34:52Z,PORTE-A,R54635559,UNITE,OK
TKT98481045165,2025-11-11T19:34:54Z,PMR-NORD,R56851286,ABONNEMENT,OK
TKT35938163072,2025-11-11T19:34:54Z,PORTE-D,R55443761,UNITE,OK
TKT44178480858,2025-11-11T19:34:55Z,PORTE-D,R51426370,ABONNEMENT,OK
TKT35427218659,2025-11-11T19:34:55Z,PORTE-A,R53935034,GROUPE,OK
TKT67244656207,2025-11-11T19:34:55Z,PORTE-B,R56736511,UNITE,OK
TKT25048293569,2025-11-11T19:34:55Z,PORTE-B,R55818036,UNITE,OK
TKT88248681762,2025-11-11T19:34:56Z,VIP-EST,R54252367,ABONNEMENT,OK
TKT90771789135,2025-11-11T19:34:57Z,PORTE-C,R53800998,UNITE,OK
TKT36369967472,2025-11-11T19:35:01Z,PORTE-A,R56431716,ABONNEMENT,OK
TKT69798695037,2025-11-11T19:35:01Z,PORTE-D,R54723017,UNITE,OK
TKT49673143459,2025-11-11T19:35:01Z,PORTE-D,R58984861,UNITE,OK
TKT97358989464,2025-11-11T19:35:02Z,PORTE-C,R51426102,UNITE,OK
TKT58760623824,2025-11-11T19:35:02Z,PORTE-A,R52518535,UNITE,OK
TKT66016569135,2025-11-11T19:35:03Z,PORTE-A,R57401214,ABONNEMENT,OK
TKT29495549359,2025-11-11T19:35:03Z,PORTE-C,R53192011,UNITE,OK
TKT28948315647,2025-11-11T19:35:05Z,PORTE-C,R51475477,UNITE,OK
TKT75693108597,2025-11-11T19:35:05Z,VIP-EST,R56131614,VIP,OK
TKT40488582939,2025-11-11T19:35:08Z,PORTE-C,R58059911,ABONNEMENT,OK
TKT60688559058,2025-11-11T19:35:09Z,PORTE-A,R51668304,ABONNEMENT,OK
TKT63124969097,2025-11-11T19:35:11Z,PORTE-A,R55902898,ABONNEMENT,OK
TKT92099583934,2025-11-11T19:35:11Z,PORTE-D,R57641979,ABONNEMENT,OK
TKT68252022033,2025-11-11T19:35:11Z,PORTE-D,R53767963,UNITE,OK
TKT45779558554,2025-11-11T19:35:12Z,PORTE-A,R59959330,ABONNEMENT,OK
TKT10807476203,2025-11-11T19:35:12Z,PORTE-A,,UNITE,OK
TKT59356026174,2025-11-11T19:35:13Z,PORTE-C,R58627482,UNITE,OK
TKT65361191811,2025-11-11T19:35:14Z,PORTE-C,R52454170,UNITE,OK
TKT70057598715,2025-11-11T19:35:15Z,PORTE-D,R52055164,UNITE,OK
TKT67863271175,2025-11-11T19:35:17Z,VIP-EST,R53291394,ABONNEMENT,OK
TKT47723348464,2025-11-11T19:35:17Z,PORTE-C,R57016662,UNITE,OK
TKT36937039815,2025-11-11T19:35:17Z,PORTE-C,R53498588,UNITE,OK
TKT44725057605,2025-11-11T19:35:17Z,PORTE-C,R59297357,UNITE,OK
TKT38637048737,2025-11-11T19:35:20Z,VIP-EST,R56298350,UNITE,OK
TKT69987484238,2025-11-11T19:35:20Z,VIP-EST,R53599110,UNITE,OK
TKT86945674752,2025-11-11T19:35:22Z,VIP-EST,R53993346,ABONNEMENT,OK
TKT71162184308,2025-11-11T19:35:22Z,PORTE-C,R59573485,UNITE,OK
TKT26650562789,2025-11-11T19:35:26Z,PORTE-A,,UNITE,OK
TKT35255481170,2025-11-11T19:35:27Z,VIP-EST,,UNITE,OK
TKT80558479742,2025-11-11T19:35:28Z,PORTE-D,R51760388,ABONNEMENT,OK
TKT54749826703,2025-11-11T19:35:30Z,VIP-EST,R53786688,ABONNEMENT,OK
TKT23550814317,2025-11-11T19:35:30Z,PORTE-C,R56915584,UNITE,OK
TKT75755108419,2025-11-11T19:35:31Z,PORTE-A,R54761703,UNITE,OK
TKT70266255089,2025-11-11T19:35:32Z,PORTE-D,R59498488,ABONNEMENT,OK
TKT43215627738,2025-11-11T19:35:32Z,PORTE-D,R52975766,UNITE,OK
TKT31559287436,2025-11-11T19:35:33Z,PORTE-A,R58618019,ABONNEMENT,OK
TKT83922028945,2025-11-11T19:35:34Z,PORTE-D,R58858114,UNITE,OK
TKT99949655941,2025-11-11T19:35:34Z,PORTE-C,,UNITE,OK
TKT77046789255,2025-11-11T19:35:35Z,PORTE-C,R59804921,ABONNEMENT,OK
TKT50169234129,2025-11-11T19:35:36Z,PORTE-C,R52980871,ABONNEMENT,OK
TKT50425123623,2025-11-11T19:35:37Z,PORTE-A,R55119896,UNITE,OK
TKT77621172844,2025-11-11T19:35:41Z,PORTE-D,R59238174,ABONNEMENT,REFUSE_DEJA_SCANNE
TKT99151201480,2025-11-11T19:35:41Z,PORTE-C,R54573991,ABONNEMENT,OK
TKT83675333581,2025-11-11T19:35:42Z,PORTE-A,R55746583,ABONNEMENT,REFUSE_DEJA_SCANNE
TKT33744243298,2025-11-11T19:35:42Z,VIP-EST,R59437121,UNITE,OK
TKT55539070631,2025-11-11T19:35:43Z,PORTE-A,R57758593,ABONNEMENT,OK
TKT84322771490,2025-11-11T19:35:43Z,PORTE-D,R54110965,ABONNEMENT,OK
TKT51503175615,2025-11-11T19:35:44Z,PORTE-A,R59638051,ABONNEMENT,OK
TKT31936091261,2025-11-11T19:35:44Z,PORTE-D,R59117882,ABONNEMENT,OK
TKT95358211887,2025-11-11T19:35:44Z,VIP-EST,,UNITE,OK
TKT48834028193,2025-11-11T19:35:46Z,PORTE-D,R58251857,ABONNEMENT,OK
TKT25043204745,2025-11-11T19:35:46Z,PORTE-A,R54265920,ABONNEMENT,OK
TKT60916738936,2025-11-11T19:35:46Z,PORTE-C,,UNITE,OK
TKT45030057049,2025-11-11T19:35:46Z,PORTE-C,R58903265,UNITE,OK
TKT39316997140,2025-11-11T19:35:50Z,PORTE-C,R56344268,ABONNEMENT,OK
TKT49068622236,2025-11-11T19:35:51Z,PORTE-D,R58044385,INVITATION,OK
TKT54720050458,2025-11-11T19:35:52Z,VIP-EST,R58627750,ABONNEMENT,OK
TKT25846918509,2025-11-11T19:35:52Z,PORTE-C,,UNITE,OK
TKT81711069358,2025-11-11T19:35:54Z,PORTE-B,R51667212,UNITE,OK
TKT86086391766,2025-11-11T19:35:55Z,PORTE-D,R54620100,ABONNEMENT,OK
TKT81700137644,2025-11-11T19:35:55Z,PORTE-D,,UNITE,OK
TKT52867310318,2025-11-11T19:35:57Z,PORTE-C,R58349180,UNITE,OK
TKT63600361861,2025-11-11T19:35:58Z,PORTE-C,R56425385,ABONNEMENT,OK
TKT96633609607,2025-11-11T19:35:58Z,PORTE-A,R56035105,UNITE,OK
TKT75749117248,2025-11-11T19:35:58Z,PORTE-D,R53778116,UNITE,OK
TKT29066091831,2025-11-11T19:35:59Z,PORTE-A,R52280145,ABONNEMENT,OK
TKT44015360712,2025-11-11T19:36:00Z,PORTE-D,R51992648,INVITATION,OK
TKT61468229555,2025-11-11T19:36:00Z,PORTE-D,R58655881,UNITE,OK
TKT52563289817,2025-11-11T19:36:01Z,PORTE-B,,UNITE,REFUSE_DEJA_SCANNE
TKT31552936222,2025-11-11T19:36:03Z,VIP-EST,,UNITE,OK
TKT51554437696,2025-11-11T19:36:03Z,PORTE-C,R52910175,UNITE,OK
TKT80090457486,2025-11-11T19:36:06Z,VIP-EST,R57646481,VIP,OK
TKT13673395787,2025-11-11T19:36:07Z,PORTE-D,R54213001,ABONNEMENT,OK
TKT23925066539,2025-11-11T19:36:07Z,PORTE-C,,UNITE,OK
TKT58647346683,2025-11-11T19:36:09Z,PORTE-D,R52241325,UNITE,OK
TKT75507089756,2025-11-11T19:36:11Z,PORTE-C,R57509025,ABONNEMENT,OK
TKT95452942970,2025-11-11T19:36:11Z,PORTE-A,,UNITE,REFUSE_DEJA_SCANNE
TKT46293213997,2025-11-11T19:36:13Z,PORTE-D,R53829876,ABONNEMENT,OK
TKT49108716798,2025-11-11T19:36:13Z,PORTE-A,R57754034,UNITE,OK
TKT38669864075,2025-11-11T19:36:16Z,PORTE-D,R53769323,ABONNEMENT,OK
TKT21947580296,2025-11-11T19:36:16Z,PORTE-C,R57615419,ABONNEMENT,OK
TKT53046062287,2025-11-11T19:36:18Z,VIP-EST,R56212396,ABONNEMENT,OK
TKT68888170387,2025-11-11T19:36:18Z,PORTE-B,R57887591,UNITE,OK
TKT40735143520,2025-11-11T19:36:18Z,PORTE-D,R59409747,UNITE,OK
TKT23777358787,2025-11-11T19:36:18Z,PORTE-A,R54807611,UNITE,OK
TKT21250074993,2025-11-11T19:36:19Z,VIP-EST,R57340450,UNITE,OK
TKT56674223575,2025-11-11T19:36:19Z,PORTE-A,,UNITE,OK
TKT24622367406,2025-11-11T19:36:21Z,PORTE-B,R56920411,ABONNEMENT,OK
TKT26483335005,2025-11-11T19:36:21Z,PORTE-C,R54488439,UNITE,OK
TKT78338244249,2025-11-11T19:36:22Z,PORTE-C,R59105421,UNITE,OK
TKT76759116960,2025-11-11T19:36:23Z,PORTE-B,R57823772,ABONNEMENT,OK
TKT38863053802,2025-11-11T19:36:23Z,PORTE-C,R53071796,UNITE,OK
TKT40101921178,2025-11-11T19:36:24Z,PORTE-A,R56786844,UNITE,OK
TKT29023213794,2025-11-11T19:36:24Z,PORTE-C,,UNITE,OK
TKT47987234273,2025-11-11T19:36:24Z,PORTE-D,R56242510,UNITE,OK
TKT59345166429,2025-11-11T19:36:26Z,PORTE-B,R54424285,ABONNEMENT,OK
TKT18474852254,2025-11-11T19:36:27Z,PORTE-D,R55991247,ABONNEMENT,OK
TKT31268120594,2025-11-11T19:36:27Z,PORTE-A,R54576510,ABONNEMENT,OK
TKT99057778369,2025-11-11T19:36:28Z,PORTE-B,R55015140,ABONNEMENT,OK
TKT26678706994,2025-11-11T19:36:29Z,PORTE-A,R52206575,UNITE,OK
TKT51037997687,2025-11-11T19:36:30Z,PORTE-B,R54678814,ABONNEMENT,OK
TKT78031222222,2025-11-11T19:36:31Z,PORTE-A,R56431448,ABONNEMENT,OK
TKT35246530935,2025-11-11T19:36:32Z,PORTE-C,R53227833,ABONNEMENT,OK
TKT15016608919,2025-11-11T19:36:33Z,PORTE-D,R57220168,UNITE,OK
TKT73662351285,2025-11-11T19:36:33Z,PORTE-C,R52562728,UNITE,OK
TKT84393788909,2025-11-11T19:36:34Z,PORTE-C,R54451592,ABONNEMENT,OK
TKT91338349143,2025-11-11T19:36:34Z,PORTE-D,R52489446,ABONNEMENT,OK
TKT90147120268,2025-11-11T19:36:35Z,PORTE-B,R52586032,ABONNEMENT,OK
TKT77083160211,2025-11-11T19:36:35Z,VIP-EST,R55030666,UNITE,OK
TKT57343620024,2025-11-11T19:36:36Z,PORTE-A,R52404852,UNITE,REFUSE_DEJA_SCANNE
TKT98819009751,2025-11-11T19:36:36Z,PORTE-D,R56759872,UNITE,OK
TKT89048749293,2025-11-11T19:36:41Z,PORTE-A,R52451651,UNITE,OK
TKT49386041606,2025-11-11T19:36:42Z,PORTE-C,R51891359,ABONNEMENT,OK
TKT95161558196,2025-11-11T19:36:42Z,VIP-EST,R58453601,VIP,OK
TKT35150681067,2025-11-11T19:36:42Z,PORTE-A,R57137547,UNITE,OK
TKT61986613832,2025-11-11T19:36:42Z,PORTE-D,,UNITE,REFUSE_DEJA_SCANNE
TKT70342441411,2025-11-11T19:36:43Z,PORTE-D,R53321967,ABONNEMENT,OK
TKT52816542145,2025-11-11T19:36:43Z,PORTE-C,R51129132,UNITE,OK
TKT26083531820,2025-11-11T19:36:43Z,PORTE-C,R53616274,UNITE,OK
TKT82952448516,2025-11-11T19:36:44Z,PORTE-A,R54129968,UNITE,OK
TKT45115597114,2025-11-11T19:36:45Z,PORTE-A,R53243024,ABONNEMENT,OK
TKT80130998921,2025-11-11T19:36:45Z,PORTE-B,R55672343,UNITE,OK
TKT66316347640,2025-11-11T19:36:46Z,PORTE-C,R52932856,UNITE,OK
TKT88376852353,2025-11-11T19:36:47Z,VIP-EST,R59878481,UNITE,OK
TKT24254955393,2025-11-11T19:36:48Z,PORTE-A,R56439072,ABONNEMENT,OK
TKT11073439544,2025-11-11T19:36:48Z,PORTE-D,,GROUPE,OK
TKT74851280800,2025-11-11T19:36:48Z,PORTE-C,,UNITE,OK
TKT44092192267,2025-11-11T19:36:49Z,PORTE-D,R52319233,UNITE,OK
TKT81487867449,2025-11-11T19:36:49Z,PORTE-D,R52477387,UNITE,OK
TKT37901172518,2025-11-11T19:36:49Z,PORTE-A,R58566115,UNITE,OK
TKT21232823024,2025-11-11T19:36:50Z,PORTE-C,R53658236,UNITE,OK
TKT39241035364,2025-11-11T19:36:51Z,VIP-EST,R54175742,ABONNEMENT,OK
TKT38770382446,2025-11-11T19:36:51Z,PORTE-A,,UNITE,OK
TKT69481921791,2025-11-11T19:36:52Z,PORTE-A,,GROUPE,OK
TKT12484016200,2025-11-11T19:36:55Z,PORTE-D,,INVITATION,OK
TKT79482433262,2025-11-11T19:36:57Z,PORTE-D,R58542007,UNITE,OK
TKT76175148545,2025-11-11T19:36:59Z,PORTE-A,,UNITE,OK
TKT19728118170,2025-11-11T19:36:59Z,PORTE-C,R57347404,UNITE,OK
TKT66959806584,2025-11-11T19:37:00Z,PORTE-C,R58598882,ABONNEMENT,OK
TKT39865847360,2025-11-11T19:37:00Z,PORTE-B,R51604073,ABONNEMENT,OK
TKT40128866672,2025-11-11T19:37:00Z,PORTE-C,R56293322,UNITE,OK
TKT31344283340,2025-11-11T19:37:02Z,PORTE-C,R53840642,ABONNEMENT,OK
TKT91311342200,2025-11-11T19:37:02Z,PORTE-C,,GROUPE,OK
TKT30904062436,2025-11-11T19:37:03Z,PORTE-C,R51043245,ABONNEMENT,OK
TKT60347031479,2025-11-11T19:37:03Z,PORTE-A,R54838462,ABONNEMENT,OK
TKT99919784900,2025-11-11T19:37:03Z,PORTE-C,R53752360,INVITATION,OK
TKT36636821639,2025-11-11T19:37:04Z,PORTE-B,R54321157,ABONNEMENT,OK
TKT41641177899,2025-11-11T19:37:07Z,PORTE-C,R51512257,ABONNEMENT,OK
TKT81260453743,2025-11-11T19:37:07Z,PORTE-D,R51675995,ABONNEMENT,OK
TKT94327428739,2025-11-11T19:37:08Z,VIP-EST,R51821755,ABONNEMENT,OK
TKT10752607813,2025-11-11T19:37:08Z,PORTE-C,R52736207,UNITE,OK
TKT11578822065,2025-11-11T19:37:10Z,PORTE-C,R52536580,UNITE,OK
TKT45175812552,2025-11-11T19:37:11Z,PORTE-D,R54722672,ABONNEMENT,OK
TKT66498794096,2025-11-11T19:37:11Z,PORTE-D,R54861411,ABONNEMENT,OK
TKT24244846337,2025-11-11T19:37:11Z,PORTE-A,,UNITE,OK
TKT73561918393,2025-11-11T19:37:11Z,PORTE-D,R56656208,UNITE,OK
TKT15675919562,2025-11-11T19:37:12Z,PORTE-B,,GROUPE,OK
TKT88255371541,2025-11-11T19:37:13Z,PORTE-A,R57147834,UNITE,OK
TKT57311274009,2025-11-11T19:37:13Z,PORTE-D,R53681942,UNITE,REFUSE_DEJA_SCANNE
TKT97971204651,2025-11-11T19:37:15Z,PORTE-C,R53121650,ABONNEMENT,OK
TKT92857168500,2025-11-11T19:37:15Z,PORTE-C,,UNITE,OK
TKT30900012890,2025-11-11T19:37:15Z,PORTE-C,,UNITE,OK
TKT51936836691,2025-11-11T19:37:16Z,VIP-EST,R59746284,ABONNEMENT,OK
TKT74053508679,2025-11-11T19:37:16Z,PORTE-A,,UNITE,OK
TKT89913296584,2025-11-11T19:37:16Z,PORTE-B,R51273867,UNITE,OK
TKT75661158904,2025-11-11T19:37:16Z,PORTE-B,,UNITE,OK
TKT79251267635,2025-11-11T19:37:17Z,PORTE-A,R55268443,UNITE,OK
TKT92160334109,2025-11-11T19:37:17Z,PORTE-B,R52840896,UNITE,OK
TKT93799226554,2025-11-11T19:37:18Z,PORTE-C,,UNITE,OK
TKT63507492901,2025-11-11T19:37:18Z,PORTE-C,R57236729,UNITE,OK
TKT19762249853,2025-11-11T19:37:19Z,PORTE-D,R59771618,ABONNEMENT,OK
TKT27258633485,2025-11-11T19:37:19Z,PORTE-A,R54059473,UNITE,OK
TKT90827313478,2025-11-11T19:37:21Z,PORTE-B,R56943782,UNITE,OK
TKT20044381934,2025-11-11T19:37:21Z,PORTE-A,R54014523,UNITE,OK
TKT11421738316,2025-11-11T19:37:23Z,VIP-EST,,VIP,OK
TKT27076484176,2025-11-11T19:37:24Z,PORTE-C,,UNITE,OK
TKT76228055427,2025-11-11T19:37:26Z,PORTE-C,R59586425,UNITE,OK
TKT23964558940,2025-11-11T19:37:27Z,PORTE-C,R52225444,ABONNEMENT,OK
TKT68379274788,2025-11-11T19:37:28Z,PORTE-B,R56558674,UNITE,OK
TKT40235812692,2025-11-11T19:37:29Z,PORTE-A,R51578059,UNITE,OK
TKT28219138156,2025-11-11T19:37:30Z,PORTE-C,R58054193,ABONNEMENT,OK
TKT54295557582,2025-11-11T19:37:31Z,PORTE-C,R57886911,ABONNEMENT,OK
TKT14138326763,2025-11-11T19:37:33Z,PORTE-C,,GROUPE,OK
TKT90508332872,2025-11-11T19:37:35Z,PORTE-C,R54921629,UNITE,OK
TKT52193718676,2025-11-11T19:37:37Z,PORTE-B,R57481383,UNITE,OK
TKT57169177534,2025-11-11T19:37:37Z,PORTE-B,,UNITE,OK
TKT49782681408,2025-11-11T19:37:38Z,VIP-EST,,UNITE,OK
TKT61246559122,2025-11-11T19:37:38Z,PORTE-C,R55153812,UNITE,OK
TKT54846361625,2025-11-11T19:37:41Z,PORTE-A,R54365025,UNITE,OK
TKT52757381187,2025-11-11T19:37:43Z,PORTE-D,R52667829,ABONNEMENT,OK
TKT58975934519,2025-11-11T19:37:43Z,PORTE-D,,UNITE,OK
TKT39284142098,2025-11-11T19:37:43Z,PORTE-C,R51122389,UNITE,OK
TKT36268332928,2025-11-11T19:37:44Z,VIP-EST,,VIP,OK
TKT52766326351,2025-11-11T19:37:45Z,PORTE-D,R53669270,ABONNEMENT,OK
TKT77797295076,2025-11-11T19:37:45Z,PORTE-A,R53096038,UNITE,OK
TKT13249283221,2025-11-11T19:37:47Z,PORTE-A,R53041347,ABONNEMENT,OK
TKT56357026217,2025-11-11T19:37:49Z,PORTE-C,,INVITATION,OK
TKT30871137695,2025-11-11T19:37:49Z,PORTE-C,R59951150,UNITE,OK
TKT30258912530,2025-11-11T19:37:50Z,PORTE-C,R54124796,ABONNEMENT,OK
TKT27045006746,2025-11-11T19:37:50Z,PORTE-D,R52451574,ABONNEMENT,OK
TKT58303639340,2025-11-11T19:37:50Z,VIP-EST,R54396288,UNITE,OK
TKT65068311482,2025-11-11T19:37:51Z,PORTE-D,R59089148,UNITE,OK
TKT53407725991,2025-11-11T19:37:52Z,PORTE-C,R54947710,UNITE,OK
TKT94176861615,2025-11-11T19:37:52Z,PORTE-A,R59100038,UNITE,OK
TKT13516577172,2025-11-11T19:37:53Z,PORTE-C,R52169661,ABONNEMENT,OK
TKT27467176183,2025-11-11T19:37:53Z,PORTE-C,R53752025,UNITE,OK
TKT71610800257,2025-11-11T19:37:53Z,VIP-EST,R56271867,VIP,OK
TKT12219066747,2025-11-11T19:37:54Z,PORTE-D,R51014290,ABONNEMENT,OK
TKT95359657235,2025-11-11T19:37:55Z,PORTE-C,R59023212,ABONNEMENT,OK
TKT21539025282,2025-11-11T19:37:55Z,PORTE-C,,GROUPE,OK
TKT67547021686,2025-11-11T19:37:55Z,PORTE-C,R52467579,UNITE,OK
TKT58640817891,2025-11-11T19:37:56Z,PORTE-C,R59591329,UNITE,OK
TKT70956658340,2025-11-11T19:37:56Z,PORTE-D,,UNITE,OK
TKT89169609314,2025-11-11T19:37:56Z,PORTE-B,R54598501,UNITE,OK
TKT64094619603,2025-11-11T19:37:56Z,PORTE-B,R53464183,UNITE,REFUSE_DEJA_SCANNE
TKT68651564920,2025-11-11T19:37:56Z,VIP-EST,R58685382,UNITE,OK
TKT44277735922,2025-11-11T19:37:57Z,PORTE-C,R59171759,ABONNEMENT,REFUSE_DEJA_SCANNE
TKT41560349518,2025-11-11T19:37:57Z,PORTE-A,R52089090,UNITE,REFUSE_INVALIDE
TKT34644077444,2025-11-11T19:38:00Z,VIP-EST,R55042802,ABONNEMENT,OK
TKT30154674802,2025-11-11T19:38:00Z,PORTE-A,R58901637,ABONNEMENT,OK
TKT65088134804,2025-11-11T19:38:01Z,PORTE-C,R54373540,ABONNEMENT,OK
TKT32759014247,2025-11-11T19:38:03Z,VIP-EST,R51523224,ABONNEMENT,OK
TKT10210334678,2025-11-11T19:38:03Z,PORTE-C,R59614489,UNITE,OK
TKT66610065677,2025-11-11T19:38:04Z,VIP-EST,R54310669,ABONNEMENT,OK
TKT47123268042,2025-11-11T19:38:04Z,VIP-EST,R59275356,UNITE,OK
TKT12590193145,2025-11-11T19:38:05Z,PORTE-C,R52979578,ABONNEMENT,OK
TKT88174115695,2025-11-11T19:38:06Z,PORTE-C,R54916246,UNITE,OK
TKT10746966143,2025-11-11T19:38:06Z,VIP-EST,R51236809,VIP,OK
TKT65042438458,2025-11-11T19:38:07Z,PORTE-C,,UNITE,OK
TKT71033342720,2025-11-11T19:38:07Z,VIP-EST,,UNITE,OK
TKT36159684283,2025-11-11T19:38:07Z,PORTE-C,R54104155,UNITE,OK
TKT13287927257,2025-11-11T19:38:07Z,PORTE-A,R52759846,UNITE,OK
TKT83771182601,2025-11-11T19:38:08Z,PORTE-C,R56041034,ABONNEMENT,OK
TKT16299145460,2025-11-11T19:38:09Z,PORTE-A,R51098070,ABONNEMENT,OK
TKT57375029591,2025-11-11T19:38:09Z,VIP-EST,R56375866,UNITE,OK
TKT63754719792,2025-11-11T19:38:10Z,PORTE-B,R57393714,ABONNEMENT,OK
TKT29814980843,2025-11-11T19:38:10Z,VIP-EST,,GROUPE,OK
TKT93514038275,2025-11-11T19:38:13Z,PORTE-C,R53655851,ABONNEMENT,OK
TKT93828788146,2025-11-11T19:38:14Z,PORTE-B,,UNITE,OK
TKT86860942883,2025-11-11T19:38:17Z,PORTE-B,R57163370,GROUPE,OK
TKT67733827822,2025-11-11T19:38:18Z,PORTE-B,R54741340,UNITE,OK
TKT10779948123,2025-11-11T19:38:20Z,PORTE-B,,GROUPE,OK
TKT39089151923,2025-11-11T19:38:20Z,PORTE-B,R54337296,UNITE,OK
TKT82945259412,2025-11-11T19:38:23Z,PORTE-B,R55990088,UNITE,OK
TKT34014805719,2025-11-11T19:38:24Z,PORTE-D,R58268331,ABONNEMENT,OK
TKT23336421979,2025-11-11T19:38:26Z,PORTE-A,,GROUPE,OK
TKT58613627131,2025-11-11T19:38:27Z,PORTE-C,R51207663,UNITE,OK
TKT82719864351,2025-11-11T19:38:27Z,PORTE-B,R57098804,UNITE,OK
TKT33862448284,2025-11-11T19:38:27Z,PORTE-A,R52310038,VIP,OK
TKT11008100880,2025-11-11T19:38:28Z,PORTE-D,R59704935,UNITE,OK
TKT59160606313,2025-11-11T19:38:29Z,VIP-EST,R59026890,VIP,OK
TKT43841818183,2025-11-11T19:38:29Z,PORTE-A,R53630172,UNITE,OK
TKT70464877127,2025-11-11T19:38:30Z,PORTE-A,R57184547,VIP,OK
TKT99020912257,2025-11-11T19:38:30Z,PORTE-C,,UNITE,OK
TKT18265782750,2025-11-11T19:38:30Z,PORTE-B,R56452012,UNITE,OK
TKT88530252079,2025-11-11T19:38:31Z,PORTE-D,R57261584,ABONNEMENT,OK
TKT18337829837,2025-11-11T19:38:31Z,PORTE-D,R57693816,ABONNEMENT,OK
TKT88025587171,2025-11-11T19:38:31Z,VIP-EST,R51825634,UNITE,OK
TKT36322369739,2025-11-11T19:38:31Z,PORTE-C,R58151325,UNITE,OK
TKT23469194946,2025-11-11T19:38:31Z,PORTE-D,,UNITE,OK
TKT68854971308,2025-11-11T19:38:32Z,PORTE-C,R56118061,ABONNEMENT,OK
TKT11657382745,2025-11-11T19:38:33Z,PORTE-C,R52491007,UNITE,OK
TKT96158658427,2025-11-11T19:38:34Z,PORTE-A,R53132004,ABONNEMENT,OK
TKT30064315594,2025-11-11T19:38:35Z,PORTE-C,R52585898,ABONNEMENT,OK
TKT81290959251,2025-11-11T19:38:39Z,PORTE-D,R56603634,UNITE,OK
TKT42346934580,2025-11-11T19:38:39Z,PORTE-B,R56295496,UNITE,OK
TKT93394263551,2025-11-11T19:38:39Z,VIP-EST,R51047258,UNITE,OK
TKT59233725880,2025-11-11T19:38:39Z,PORTE-B,R53048646,UNITE,OK
TKT25816623346,2025-11-11T19:38:39Z,VIP-EST,,VIP,OK
TKT79008909901,2025-11-11T19:38:40Z,VIP-EST,R55868714,ABONNEMENT,OK
TKT27439110268,2025-11-11T19:38:41Z,VIP-EST,R58447873,ABONNEMENT,OK
TKT23176295334,2025-11-11T19:38:42Z,PORTE-C,R59100172,UNITE,OK
TKT85275407894,2025-11-11T19:38:43Z,PORTE-A,R57130469,UNITE,OK
TKT26030731757,2025-11-11T19:38:43Z,PORTE-C,,UNITE,OK
TKT17014854341,2025-11-11T19:38:43Z,PORTE-D,R54992603,UNITE,OK
TKT20752065622,2025-11-11T19:38:44Z,PORTE-A,R52510154,UNITE,OK
TKT69335774021,2025-11-11T19:38:45Z,PORTE-C,R53369369,ABONNEMENT,OK
TKT65662726861,2025-11-11T19:38:45Z,VIP-EST,R53853706,ABONNEMENT,OK
TKT18635581213,2025-11-11T19:38:45Z,PORTE-D,R51636907,UNITE,OK
TKT29525142811,2025-11-11T19:38:46Z,PORTE-C,R51750781,UNITE,OK
TKT66923729254,2025-11-11T19:38:47Z,PORTE-B,R51010756,UNITE,OK
TKT49470699283,2025-11-11T19:38:47Z,PORTE-C,R52792201,UNITE,OK
TKT68056960616,2025-11-11T19:38:48Z,PORTE-D,R55460255,ABONNEMENT,OK
TKT62594177724,2025-11-11T19:38:48Z,VIP-EST,R56823011,ABONNEMENT,OK
TKT69025416530,2025-11-11T19:38:50Z,PORTE-A,R59093017,ABONNEMENT,OK
TKT29072148788,2025-11-11T19:38:52Z,VIP-EST,R54106751,UNITE,OK
TKT76480820454,2025-11-11T19:38:53Z,PORTE-C,R59014965,ABONNEMENT,OK
TKT76866642678,2025-11-11T19:38:53Z,VIP-EST,R54293706,ABONNEMENT,OK
TKT18809198403,2025-11-11T19:38:55Z,PORTE-A,R51432778,ABONNEMENT,OK
TKT26740846224,2025-11-11T19:38:55Z,VIP-EST,R58417913,INVITATION,OK
TKT36475846503,2025-11-11T19:38:55Z,PORTE-C,R55233579,UNITE,OK
TKT79892402049,2025-11-11T19:38:56Z,PORTE-C,R53154819,UNITE,OK
TKT24065546367,2025-11-11T19:38:57Z,PORTE-C,R58461905,ABONNEMENT,OK
TKT67842973977,2025-11-11T19:38:57Z,PORTE-A,R51243150,UNITE,OK
TKT85535756206,2025-11-11T19:38:57Z,PORTE-A,R52094128,UNITE,OK
TKT68362669769,2025-11-11T19:38:58Z,PORTE-D,R58208880,ABONNEMENT,OK
TKT50988514712,2025-11-11T19:38:58Z,PORTE-A,R57966323,UNITE,OK
TKT63158829938,2025-11-11T19:38:58Z,VIP-EST,,GROUPE,OK
TKT23538666758,2025-11-11T19:38:58Z,PORTE-C,R56646544,UNITE,OK
TKT13933173689,2025-11-11T19:39:00Z,PORTE-C,R53665726,ABONNEMENT,OK
TKT81873385570,2025-11-11T19:39:01Z,VIP-EST,R59954771,UNITE,OK
TKT75736796479,2025-11-11T19:39:02Z,PORTE-A,R58509441,UNITE,OK
TKT54224458112,2025-11-11T19:39:05Z,PORTE-D,R54278324,ABONNEMENT,OK
TKT28301186053,2025-11-11T19:39:05Z,PORTE-A,R56406047,ABONNEMENT,OK
TKT45281813356,2025-11-11T19:39:05Z,VIP-EST,R54051236,VIP,OK
TKT24611945452,2025-11-11T19:39:06Z,PORTE-B,R57956994,UNITE,OK
TKT36159684283,2025-11-11T19:39:07Z,PORTE-C,R54104155,UNITE,REFUSE_DEJA_SCANNE
TKT30079975964,2025-11-11T19:39:07Z,PORTE-A,R58357906,UNITE,OK
TKT48045131238,2025-11-11T19:39:08Z,PORTE-C,,UNITE,OK
TKT28222733331,2025-11-11T19:39:09Z,PORTE-A,R59938823,ABONNEMENT,OK
TKT66526625830,2025-11-11T19:39:09Z,PORTE-A,R52307720,ABONNEMENT,OK
TKT62627656687,2025-11-11T19:39:09Z,PORTE-C,R56086741,UNITE,OK
TKT15258124428,2025-11-11T19:39:09Z,PORTE-D,R51365003,INVITATION,OK
TKT74689221147,2025-11-11T19:39:09Z,PORTE-C,R52496936,GROUPE,OK
TKT90646684266,2025-11-11T19:39:10Z,PORTE-B,R54209869,ABONNEMENT,OK
TKT81453388333,2025-11-11T19:39:10Z,VIP-EST,R51274691,UNITE,OK
TKT52743375918,2025-11-11T19:39:10Z,PORTE-C,R57827996,UNITE,OK
TKT30214605389,2025-11-11T19:39:11Z,PORTE-D,R54425779,ABONNEMENT,OK
TKT87262354577,2025-11-11T19:39:11Z,PORTE-C,R53941164,ABONNEMENT,OK
TKT21612976790,2025-11-11T19:39:11Z,PORTE-C,R59243202,UNITE,OK
TKT80458875275,2025-11-11T19:39:12Z,PORTE-C,R57796331,ABONNEMENT,OK
TKT64546502492,2025-11-11T19:39:12Z,PORTE-B,R57171262,ABONNEMENT,OK
TKT99557874981,2025-11-11T19:39:12Z,PORTE-C,R58421926,UNITE,OK
TKT90723691911,2025-11-11T19:39:13Z,PORTE-D,R52140860,ABONNEMENT,OK
TKT14481223460,2025-11-11T19:39:13Z,PORTE-C,R54844793,ABONNEMENT,OK
TKT95505764170,2025-11-11T19:39:13Z,PORTE-A,R53157271,ABONNEMENT,OK
TKT56876525116,2025-11-11T19:39:14Z,PORTE-C,R52314329,INVITATION,OK
TKT15019478105,2025-11-11T19:39:14Z,VIP-EST,R54558455,INVITATION,OK
TKT32966484379,2025-11-11T19:39:15Z,PORTE-C,R59339376,UNITE,OK
TKT35801070821,2025-11-11T19:39:16Z,PORTE-C,R55221932,ABONNEMENT,OK
TKT66083422681,2025-11-11T19:39:17Z,PORTE-D,R53851800,UNITE,OK
TKT83960068972,2025-11-11T19:39:19Z,PORTE-A,R51232049,ABONNEMENT,OK
TKT40752898371,2025-11-11T19:39:19Z,PORTE-D,R55866463,ABONNEMENT,OK
TKT79242740297,2025-11-11T19:39:20Z,PORTE-C,R57269831,UNITE,OK
TKT84108938799,2025-11-11T19:39:20Z,PORTE-C,,UNITE,OK
TKT13947577547,2025-11-11T19:39:20Z,PORTE-C,R58441274,UNITE,OK
TKT70557953855,2025-11-11T19:39:21Z,PORTE-C,R54780093,ABONNEMENT,OK
TKT17890060456,2025-11-11T19:39:21Z,PORTE-D,R56158596,GROUPE,OK
TKT49434543002,2025-11-11T19:39:22Z,PORTE-C,R58971375,ABONNEMENT,OK
TKT61894702970,2025-11-11T19:39:23Z,PORTE-D,R53789150,ABONNEMENT,OK
TKT60628518272,2025-11-11T19:39:23Z,PORTE-D,R59567010,ABONNEMENT,OK
TKT61437981236,2025-11-11T19:39:23Z,PORTE-D,R58958368,ABONNEMENT,OK
TKT14274124597,2025-11-11T19:39:23Z,PORTE-B,R59443653,UNITE,OK
TKT90496361042,2025-11-11T19:39:24Z,PORTE-C,R58749536,ABONNEMENT,OK
TKT75715104046,2025-11-11T19:39:24Z,VIP-EST,,UNITE,OK
TKT21946437458,2025-11-11T19:39:26Z,PORTE-A,R56125427,INVITATION,OK
TKT26496063980,2025-11-11T19:39:27Z,PORTE-C,R53103404,UNITE,OK
TKT36431307571,2025-11-11T19:39:29Z,PORTE-B,R58336997,ABONNEMENT,OK
TKT84479967425,2025-11-11T19:39:29Z,PORTE-C,R57067943,ABONNEMENT,OK
TKT56809038162,2025-11-11T19:39:29Z,PORTE-C,,UNITE,OK
TKT94999351023,2025-11-11T19:39:30Z,PORTE-B,R55682630,ABONNEMENT,OK
TKT26743526346,2025-11-11T19:39:30Z,PORTE-D,R56644494,ABONNEMENT,OK
TKT69429049232,2025-11-11T19:39:30Z,PORTE-D,R53327005,ABONNEMENT,OK
TKT40395244960,2025-11-11T19:39:30Z,PORTE-A,R53724229,ABONNEMENT,OK
TKT65124374228,2025-11-11T19:39:32Z,PORTE-A,R59469811,ABONNEMENT,OK
TKT63820219038,2025-11-11T19:39:34Z,PORTE-D,,GROUPE,OK
TKT28023996192,2025-11-11T19:39:36Z,PORTE-D,R56720717,ABONNEMENT,OK
TKT45404946040,2025-11-11T19:39:36Z,PORTE-B,R51201399,UNITE,OK
TKT76575244371,2025-11-11T19:39:37Z,PORTE-D,R51105292,UNITE,OK
TKT50477204439,2025-11-11T19:39:38Z,PORTE-C,,UNITE,OK
TKT22985259772,2025-11-11T19:39:38Z,PORTE-D,,GROUPE,OK
TKT53296879341,2025-11-11T19:39:39Z,PORTE-C,R52669199,ABONNEMENT,OK
TKT73284790815,2025-11-11T19:39:40Z,PORTE-C,R52956485,ABONNEMENT,OK
TKT51759081671,2025-11-11T19:39:41Z,PORTE-D,R51973712,ABONNEMENT,OK
TKT35066464333,2025-11-11T19:39:42Z,PORTE-C,R53012402,UNITE,OK
TKT37509248931,2025-11-11T19:39:42Z,PORTE-B,R57828130,UNITE,OK
TKT34382305732,2025-11-11T19:39:43Z,PORTE-D,,GROUPE,OK
TKT67226683368,2025-11-11T19:39:44Z,PORTE-C,R53169129,ABONNEMENT,OK
TKT97378566248,2025-11-11T19:39:45Z,PORTE-D,,GROUPE,OK
TKT74311372771,2025-11-11T19:39:45Z,PORTE-A,R51340818,UNITE,OK
TKT56144602402,2025-11-11T19:39:49Z,PORTE-A,R53540607,ABONNEMENT,OK
TKT96834815770,2025-11-11T19:39:49Z,PORTE-D,R59461641,UNITE,OK
TKT24593123327,2025-11-11T19:39:49Z,VIP-EST,R53713875,UNITE,OK
TKT54852069505,2025-11-11T19:39:50Z,PORTE-B,R56389496,ABONNEMENT,OK
TKT66194473732,2025-11-11T19:39:50Z,PORTE-A,R59092893,ABONNEMENT,OK
TKT26833480460,2025-11-11T19:39:50Z,PORTE-C,R51605222,ABONNEMENT,OK
TKT12913814060,2025-11-11T19:39:50Z,VIP-EST,R56768253,VIP,OK
TKT54173295080,2025-11-11T19:39:50Z,PORTE-C,R52985698,UNITE,OK
TKT83489379886,2025-11-11T19:39:52Z,PORTE-D,R52969291,UNITE,OK
TKT91421001017,2025-11-11T19:39:53Z,PORTE-D,R55753882,ABONNEMENT,OK
TKT57057276857,2025-11-11T19:39:54Z,PORTE-C,,GROUPE,OK
TKT92398184655,2025-11-11T19:39:55Z,PORTE-C,R55519773,UNITE,OK
TKT41639540048,2025-11-11T19:39:56Z,PORTE-C,R52468336,ABONNEMENT,OK
TKT49349053045,2025-11-11T19:39:56Z,VIP-EST,R56765054,UNITE,OK
TKT25585844222,2025-11-11T19:39:59Z,PORTE-C,R57659900,ABONNEMENT,OK
TKT90104015235,2025-11-11T19:40:00Z,VIP-EST,R52653395,ABONNEMENT,OK
TKT49165204524,2025-11-11T19:40:00Z,PORTE-B,R54402954,UNITE,OK
TKT45452023118,2025-11-11T19:40:01Z,PORTE-A,R57940443,UNITE,OK
TKT89711553977,2025-11-11T19:40:01Z,PORTE-A,R51187300,UNITE,OK
TKT23599452731,2025-11-11T19:40:02Z,PORTE-B,R54378444,UNITE,OK
TKT63331355937,2025-11-11T19:40:04Z,PORTE-D,R58921377,ABONNEMENT,OK
TKT54429983070,2025-11-11T19:40:05Z,PORTE-B,R56512230,ABONNEMENT,OK
TKT16496145081,2025-11-11T19:40:05Z,PORTE-C,R53348058,ABONNEMENT,OK
TKT11300325298,2025-11-11T19:40:05Z,PORTE-C,R55843102,ABONNEMENT,OK
TKT99993798254,2025-11-11T19:40:05Z,PORTE-A,R54841527,UNITE,OK
TKT89741481923,2025-11-11T19:40:05Z,PORTE-C,,GROUPE,OK
TKT47540673582,2025-11-11T19:40:07Z,PORTE-C,R51882097,ABONNEMENT,OK
TKT87040850232,2025-11-11T19:40:07Z,PORTE-A,,GROUPE,OK
TKT58486942863,2025-11-11T19:40:07Z,PORTE-C,R57827316,UNITE,OK
TKT81343930724,2025-11-11T19:40:08Z,PORTE-A,R52033853,UNITE,OK
TKT33485164695,2025-11-11T19:40:08Z,PORTE-C,,UNITE,OK
TKT47977095608,2025-11-11T19:40:09Z,PORTE-A,R57315327,ABONNEMENT,OK
TKT10436382363,2025-11-11T19:40:10Z,PORTE-A,,UNITE,OK
TKT36810320484,2025-11-11T19:40:10Z,PORTE-A,R58497603,UNITE,OK
TKT37487149918,2025-11-11T19:40:11Z,PORTE-D,R58436906,ABONNEMENT,OK
TKT92424254280,2025-11-11T19:40:11Z,PORTE-B,R53145011,ABONNEMENT,OK
TKT50950328611,2025-11-11T19:40:11Z,PORTE-B,R56794746,UNITE,OK
TKT42809922585,2025-11-11T19:40:11Z,PORTE-B,R56951808,UNITE,OK
TKT25927449047,2025-11-11T19:40:15Z,PORTE-C,R58405375,ABONNEMENT,OK
TKT13764519113,2025-11-11T19:40:16Z,PORTE-C,,GROUPE,OK
TKT75661158904,2025-11-11T19:40:16Z,PORTE-B,,UNITE,REFUSE_DEJA_SCANNE
TKT66306979625,2025-11-11T19:40:17Z,PORTE-C,R54331109,ABONNEMENT,OK
TKT53603360462,2025-11-11T19:40:17Z,PORTE-B,R56919396,ABONNEMENT,OK
TKT95449505414,2025-11-11T19:40:18Z,PORTE-B,R57027351,UNITE,OK
TKT68507626679,2025-11-11T19:40:18Z,PORTE-A,R55163831,UNITE,OK
TKT42276466876,2025-11-11T19:40:19Z,PORTE-A,R53422844,ABONNEMENT,OK
TKT25242404262,2025-11-11T19:40:19Z,PORTE-C,R53889538,ABONNEMENT,OK
TKT78629527455,2025-11-11T19:40:20Z,VIP-EST,R58195049,ABONNEMENT,OK
TKT42973869382,2025-11-11T19:40:20Z,VIP-EST,R56366815,UNITE,OK
TKT46453388038,2025-11-11T19:40:21Z,PORTE-B,R58993175,ABONNEMENT,OK
TKT86498400988,2025-11-11T19:40:21Z,PORTE-B,R51850298,UNITE,OK
TKT81559310792,2025-11-11T19:40:22Z,PORTE-A,R56050229,UNITE,OK
TKT94442314030,2025-11-11T19:40:23Z,PORTE-D,R58986231,ABONNEMENT,OK
TKT16277710163,2025-11-11T19:40:23Z,VIP-EST,R59385830,UNITE,OK
TKT93738104475,2025-11-11T19:40:24Z,PORTE-C,R52215033,UNITE,OK
TKT40739277424,2025-11-11T19:40:25Z,PORTE-A,R54942739,ABONNEMENT,OK
TKT49014232725,2025-11-11T19:40:26Z,PORTE-C,R53961403,ABONNEMENT,OK
TKT28656912150,2025-11-11T19:40:26Z,PORTE-A,R57601320,ABONNEMENT,OK
TKT62276440604,2025-11-11T19:40:26Z,PORTE-C,R56738350,INVITATION,OK
TKT85434748476,2025-11-11T19:40:26Z,PORTE-A,R51993050,UNITE,OK
TKT24422775293,2025-11-11T19:40:27Z,PORTE-D,R57018568,ABONNEMENT,OK
TKT66433232802,2025-11-11T19:40:31Z,PORTE-A,R55570997,ABONNEMENT,OK
TKT55488616309,2025-11-11T19:40:31Z,PORTE-A,R58322486,UNITE,OK
TKT53149510294,2025-11-11T19:40:31Z,PORTE-A,,VIP,OK
TKT19700497356,2025-11-11T19:40:31Z,VIP-EST,R53166064,UNITE,OK
TKT93095338551,2025-11-11T19:40:32Z,VIP-EST,R54331310,UNITE,OK
TKT38534252035,2025-11-11T19:40:34Z,PORTE-D,,GROUPE,OK
TKT97158252326,2025-11-11T19:40:35Z,PORTE-C,R56692720,ABONNEMENT,OK
TKT51331601196,2025-11-11T19:40:35Z,PORTE-C,R59319425,ABONNEMENT,OK
TKT38941050518,2025-11-11T19:40:36Z,PORTE-A,R51595223,UNITE,OK
TKT59211536118,2025-11-11T19:40:36Z,VIP-EST,R52572680,UNITE,REFUSE_INVALIDE
TKT53419821382,2025-11-11T19:40:37Z,PORTE-C,R59201997,ABONNEMENT,OK
TKT95851224497,2025-11-11T19:40:38Z,PORTE-C,R59108419,UNITE,OK
TKT82756207063,2025-11-11T19:40:41Z,VIP-EST,R59098611,UNITE,OK
TKT70708390097,2025-11-11T19:40:41Z,PORTE-B,R53441090,UNITE,OK
TKT84586932442,2025-11-11T19:40:43Z,PORTE-C,R51055917,UNITE,OK
TKT52172642604,2025-11-11T19:40:44Z,VIP-EST,R55504391,ABONNEMENT,OK
TKT58137182817,2025-11-11T19:40:45Z,PORTE-C,R52936534,ABONNEMENT,OK
TKT12546378473,2025-11-11T19:40:45Z,PORTE-C,R52693920,UNITE,OK
TKT10285324189,2025-11-11T19:40:46Z,PORTE-A,R56636458,ABONNEMENT,OK
TKT50753004204,2025-11-11T19:40:47Z,PORTE-C,R59526887,ABONNEMENT,OK
TKT31577234850,2025-11-11T19:40:47Z,PORTE-A,,UNITE,OK
TKT57935924244,2025-11-11T19:40:48Z,PORTE-C,R55399635,ABONNEMENT,OK
TKT99690393961,2025-11-11T19:40:48Z,VIP-EST,R57743804,ABONNEMENT,OK
TKT54906755184,2025-11-11T19:40:48Z,PORTE-A,,UNITE,OK
TKT81914990574,2025-11-11T19:40:48Z,VIP-EST,R52781713,UNITE,OK
TKT98998630405,2025-11-11T19:40:48Z,PORTE-C,R59694916,INVITATION,OK
TKT75366029906,2025-11-11T19:40:49Z,PORTE-C,R55151226,ABONNEMENT,OK
TKT66121401066,2025-11-11T19:40:50Z,PORTE-A,R53317887,UNITE,OK
TKT87489412277,2025-11-11T19:40:51Z,PORTE-D,R52597880,ABONNEMENT,OK
TKT47966145339,2025-11-11T19:40:51Z,PORTE-C,R56482049,ABONNEMENT,OK
TKT53986656509,2025-11-11T19:40:51Z,PORTE-B,R51754047,ABONNEMENT,OK
TKT89640706818,2025-11-11T19:40:52Z,VIP-EST,R54409774,ABONNEMENT,REFUSE_DEJA_SCANNE
TKT94169987278,2025-11-11T19:40:52Z,PORTE-D,R51417922,UNITE,OK
TKT18416542441,2025-11-11T19:40:52Z,PORTE-B,R52568456,UNITE,OK
TKT80060429084,2025-11-11T19:40:52Z,PORTE-D,R59812478,UNITE,OK
TKT71061569209,2025-11-11T19:40:53Z,PORTE-C,R58387531,ABONNEMENT,OK
TKT42280744299,2025-11-11T19:40:54Z,PORTE-D,,GROUPE,OK
TKT38286577047,2025-11-11T19:40:55Z,PORTE-A,R53136372,ABONNEMENT,OK
TKT69119996858,2025-11-11T19:40:55Z,VIP-EST,,UNITE,OK
TKT60790522620,2025-11-11T19:40:56Z,PORTE-C,R51139275,ABONNEMENT,OK
TKT61858888346,2025-11-11T19:40:56Z,PORTE-C,R58590779,UNITE,OK
TKT51519878547,2025-11-11T19:40:57Z,PORTE-C,R56346643,ABONNEMENT,OK
TKT52066555053,2025-11-11T19:40:57Z,PORTE-B,R54916045,UNITE,REFUSE_DEJA_SCANNE
TKT37826059637,2025-11-11T19:40:59Z,PORTE-B,R52452810,ABONNEMENT,OK
TKT64617631934,2025-11-11T19:40:59Z,PORTE-C,R56461820,ABONNEMENT,OK
TKT82460897459,2025-11-11T19:40:59Z,PORTE-A,R56003430,ABONNEMENT,OK
TKT35610007360,2025-11-11T19:40:59Z,PORTE-D,,UNITE,OK
TKT15944001239,2025-11-11T19:41:00Z,PORTE-D,R55636866,ABONNEMENT,OK
TKT69214000047,2025-11-11T19:41:00Z,PORTE-A,R55724659,ABONNEMENT,OK
TKT19767201097,2025-11-11T19:41:01Z,VIP-EST,R56106960,ABONNEMENT,OK
TKT39137247966,2025-11-11T19:41:03Z,PORTE-C,R56658593,ABONNEMENT,OK
TKT58070914083,2025-11-11T19:41:04Z,PORTE-D,R59898030,UNITE,OK
TKT57730331517,2025-11-11T19:41:05Z,VIP-EST,R52417457,UNITE,REFUSE_DEJA_SCANNE
TKT79000489685,2025-11-11T19:41:07Z,PORTE-C,R57221471,ABONNEMENT,OK
TKT69912660157,2025-11-11T19:41:08Z,PORTE-A,R52412821,ABONNEMENT,OK
TKT51886099241,2025-11-11T19:41:08Z,PORTE-B,R59058153,UNITE,OK
TKT38458409296,2025-11-11T19:41:09Z,PORTE-D,,GROUPE,OK
TKT38451096521,2025-11-11T19:41:10Z,PORTE-C,R57785967,ABONNEMENT,OK
TKT91033568691,2025-11-11T19:41:10Z,PORTE-B,R54338254,UNITE,OK
TKT63282750837,2025-11-11T19:41:11Z,PORTE-C,R55952829,ABONNEMENT,OK
TKT83196223037,2025-11-11T19:41:11Z,PORTE-D,R55454460,UNITE,OK
TKT70463726861,2025-11-11T19:41:11Z,PORTE-C,R58216906,UNITE,OK
TKT76687403698,2025-11-11T19:41:12Z,PORTE-C,R58998424,ABONNEMENT,REFUSE_DEJA_SCANNE
TKT18939005470,2025-11-11T19:41:13Z,PORTE-C,R52937961,ABONNEMENT,OK
TKT74123210473,2025-11-11T19:41:13Z,PORTE-A,R51126000,UNITE,OK
TKT29372901959,2025-11-11T19:41:14Z,VIP-EST,R53580184,ABONNEMENT,OK
TKT65797792546,2025-11-11T19:41:15Z,PORTE-C,,UNITE,OK
TKT10326172082,2025-11-11T19:41:16Z,PORTE-C,R51400624,ABONNEMENT,OK
TKT16824144951,2025-11-11T19:41:18Z,PORTE-C,,UNITE,OK
TKT16789627162,2025-11-11T19:41:18Z,PORTE-C,,UNITE,OK
TKT26778399277,2025-11-11T19:41:19Z,PORTE-B,R53351123,ABONNEMENT,OK
TKT77573941516,2025-11-11T19:41:19Z,PORTE-B,R59020492,UNITE,OK
TKT88427742803,2025-11-11T19:41:20Z,PORTE-A,,UNITE,OK
TKT89844112772,2025-11-11T19:41:21Z,PORTE-C,R56662338,ABONNEMENT,OK
TKT88205727350,2025-11-11T19:41:21Z,PORTE-D,R51854033,ABONNEMENT,OK
TKT22639598473,2025-11-11T19:41:22Z,PORTE-B,R58057670,UNITE,OK
TKT25597311687,2025-11-11T19:41:22Z,VIP-EST,R59032541,UNITE,OK
TKT70191603274,2025-11-11T19:41:23Z,PORTE-C,R55560576,ABONNEMENT,OK
TKT70152914059,2025-11-11T19:41:23Z,PORTE-D,R57378734,ABONNEMENT,OK
TKT11196264296,2025-11-11T19:41:23Z,PORTE-A,R58185164,ABONNEMENT,OK
TKT32504086651,2025-11-11T19:41:24Z,PORTE-C,R51449396,ABONNEMENT,OK
TKT50856442278,2025-11-11T19:41:24Z,PORTE-D,R58541806,ABONNEMENT,OK
TKT66479451635,2025-11-11T19:41:24Z,PORTE-A,R57147087,UNITE,OK
TKT30918387417,2025-11-11T19:41:26Z,VIP-EST,R58522870,UNITE,OK
TKT81290831972,2025-11-11T19:41:28Z,PORTE-C,,UNITE,OK
TKT57733621329,2025-11-11T19:41:29Z,VIP-EST,R53677373,UNITE,OK
TKT85936147899,2025-11-11T19:41:30Z,PORTE-A,R56734193,INVITATION,OK
TKT20390630417,2025-11-11T19:41:31Z,PORTE-B,R59268824,ABONNEMENT,OK
TKT21708880833,2025-11-11T19:41:31Z,PORTE-A,R56391603,ABONNEMENT,OK
TKT19041662617,2025-11-11T19:41:31Z,PORTE-C,,UNITE,OK
TKT26010021647,2025-11-11T19:41:32Z,PORTE-C,R52768706,UNITE,OK
TKT62506273335,2025-11-11T19:41:32Z,PORTE-B,R57088507,UNITE,OK
TKT79591472345,2025-11-11T19:41:33Z,VIP-EST,,UNITE,OK
TKT55939876058,2025-11-11T19:41:34Z,PORTE-C,R55558402,UNITE,OK
TKT93812451033,2025-11-11T19:41:35Z,PORTE-B,,UNITE,OK
TKT35422147205,2025-11-11T19:41:36Z,PORTE-B,R58871935,ABONNEMENT,OK
TKT98011180297,2025-11-11T19:41:36Z,VIP-EST,R52592152,ABONNEMENT,OK
TKT71925175919,2025-11-11T19:41:37Z,PORTE-D,R57028299,ABONNEMENT,OK
TKT31693361664,2025-11-11T19:41:37Z,PORTE-B,R52053325,UNITE,OK
TKT81536584669,2025-11-11T19:41:38Z,PORTE-D,R53399473,ABONNEMENT,OK
TKT72547710845,2025-11-11T19:41:39Z,PORTE-D,R53411810,UNITE,OK
TKT33679172960,2025-11-11T19:41:40Z,PORTE-C,R53890429,ABONNEMENT,OK
TKT65893688307,2025-11-11T19:41:40Z,PORTE-C,,INVITATION,OK
TKT37800528902,2025-11-11T19:41:42Z,PORTE-B,R55564187,ABONNEMENT,OK
TKT94598055874,2025-11-11T19:41:44Z,PORTE-C,R54623577,ABONNEMENT,OK
TKT62173511443,2025-11-11T19:41:44Z,PORTE-C,,UNITE,OK
TKT28081026760,2025-11-11T19:41:46Z,PORTE-A,R52057482,UNITE,OK
TKT71865778004,2025-11-11T19:41:46Z,PORTE-C,R52369710,UNITE,OK
TKT76563350142,2025-11-11T19:41:47Z,PORTE-B,R53656933,UNITE,OK
TKT99626410945,2025-11-11T19:41:48Z,VIP-EST,R53323950,ABONNEMENT,OK
TKT85238525454,2025-11-11T19:41:49Z,PORTE-C,R55197881,ABONNEMENT,OK
TKT39937098538,2025-11-11T19:41:50Z,PORTE-A,,GROUPE,OK
TKT14015176153,2025-11-11T19:41:51Z,PORTE-A,R57088038,ABONNEMENT,OK
TKT79232525155,2025-11-11T19:41:52Z,PORTE-C,R53500896,ABONNEMENT,OK
TKT31166987131,2025-11-11T19:41:53Z,PORTE-C,R56934309,ABONNEMENT,OK
TKT52256346650,2025-11-11T19:41:53Z,PORTE-B,R52111091,UNITE,OK
TKT38317011309,2025-11-11T19:41:54Z,PORTE-A,R53081872,ABONNEMENT,OK
TKT57394104664,2025-11-11T19:41:54Z,PORTE-C,R54881640,UNITE,OK
TKT81788268394,2025-11-11T19:41:54Z,PORTE-A,R53684528,UNITE,OK
TKT99289036384,2025-11-11T19:41:56Z,PORTE-B,R55893703,ABONNEMENT,OK
TKT57492381311,2025-11-11T19:41:56Z,VIP-EST,,VIP,OK
TKT14858759226,2025-11-11T19:41:58Z,PORTE-B,R58435479,ABONNEMENT,OK
TKT10077074494,2025-11-11T19:42:00Z,PORTE-B,R54450567,ABONNEMENT,OK
TKT42106685716,2025-11-11T19:42:00Z,PORTE-A,R56447252,VIP,OK
TKT88732135281,2025-11-11T19:42:02Z,PORTE-C,R51271559,UNITE,OK
TKT99918169143,2025-11-11T19:42:02Z,PORTE-A,R52307117,UNITE,OK
TKT31629306506,2025-11-11T19:42:03Z,PORTE-C,R53685543,ABONNEMENT,OK
TKT44337972170,2025-11-11T19:42:04Z,PORTE-C,R59530297,UNITE,OK
TKT84984703670,2025-11-11T19:42:04Z,VIP-EST,,VIP,OK
TKT70848230847,2025-11-11T19:42:05Z,VIP-EST,R58459118,ABONNEMENT,OK
TKT52275300751,2025-11-11T19:42:06Z,PORTE-C,R55342482,ABONNEMENT,OK
TKT86380732383,2025-11-11T19:42:07Z,VIP-EST,R51610749,ABONNEMENT,OK
TKT80276129047,2025-11-11T19:42:07Z,PORTE-C,R59709494,ABONNEMENT,OK
TKT65408702775,2025-11-11T19:42:07Z,VIP-EST,,UNITE,OK
TKT50260569847,2025-11-11T19:42:07Z,PORTE-C,,GROUPE,OK
TKT58385992843,2025-11-11T19:42:08Z,PORTE-D,R51664961,ABONNEMENT,OK
TKT24291927422,2025-11-11T19:42:13Z,PORTE-A,R52241938,ABONNEMENT,OK
TKT17868213087,2025-11-11T19:42:13Z,PORTE-B,R52324894,UNITE,OK
TKT43044086825,2025-11-11T19:42:14Z,VIP-EST,R54445529,ABONNEMENT,OK
TKT99660010740,2025-11-11T19:42:14Z,PORTE-D,R59898375,UNITE,OK
TKT73546658758,2025-11-11T19:42:15Z,PORTE-B,R54908488,ABONNEMENT,OK
TKT37277240240,2025-11-11T19:42:15Z,PORTE-D,,GROUPE,OK
TKT10144261388,2025-11-11T19:42:15Z,PORTE-C,,GROUPE,OK
TKT43360390577,2025-11-11T19:42:16Z,PORTE-A,,GROUPE,OK
TKT32672799892,2025-11-11T19:42:17Z,PORTE-C,R53278377,ABONNEMENT,OK
TKT61355338721,2025-11-11T19:42:17Z,PORTE-C,R59936850,ABONNEMENT,OK
TKT12896851478,2025-11-11T19:42:18Z,PORTE-D,R52003136,ABONNEMENT,OK
TKT26328089042,2025-11-11T19:42:19Z,VIP-EST,R56378596,ABONNEMENT,OK
TKT73749972546,2025-11-11T19:42:19Z,VIP-EST,R59081313,VIP,OK
TKT26270886195,2025-11-11T19:42:19Z,PORTE-D,R53252497,UNITE,OK
TKT49924855513,2025-11-11T19:42:20Z,VIP-EST,R55927495,UNITE,OK
TKT82924076311,2025-11-11T19:42:21Z,VIP-EST,,UNITE,OK
TKT61457982971,2025-11-11T19:42:22Z,PORTE-C,R57920013,ABONNEMENT,OK
TKT78599319854,2025-11-11T19:42:22Z,PORTE-B,R59981187,ABONNEMENT,OK
TKT19052646952,2025-11-11T19:42:22Z,PORTE-D,,GROUPE,OK
TKT68829736711,2025-11-11T19:42:23Z,PORTE-A,R51889185,ABONNEMENT,OK
TKT12946097691,2025-11-11T19:42:23Z,PORTE-C,,UNITE,OK
TKT92723037195,2025-11-11T19:42:24Z,PORTE-B,R53407040,ABONNEMENT,OK
TKT28548679391,2025-11-11T19:42:24Z,VIP-EST,R59030769,INVITATION,OK
TKT11062151415,2025-11-11T19:42:25Z,PORTE-C,R52478345,ABONNEMENT,OK
TKT15047463426,2025-11-11T19:42:25Z,PORTE-A,R54164775,ABONNEMENT,OK
TKT72188816830,2025-11-11T19:42:25Z,VIP-EST,R52566617,VIP,OK
TKT62155750435,2025-11-11T19:42:28Z,VIP-EST,R53690035,UNITE,OK
TKT17370539747,2025-11-11T19:42:28Z,PORTE-B,R54373128,UNITE,OK
TKT21820434090,2025-11-11T19:42:29Z,PORTE-C,R53361812,UNITE,OK
TKT63665242030,2025-11-11T19:42:30Z,VIP-EST,R52701956,ABONNEMENT,OK
TKT23043741803,2025-11-11T19:42:30Z,VIP-EST,R55147960,ABONNEMENT,OK
TKT69426786013,2025-11-11T19:42:30Z,PORTE-D,R53465610,ABONNEMENT,OK
TKT23698264417,2025-11-11T19:42:30Z,PORTE-A,R54628538,ABONNEMENT,OK
TKT93502440536,2025-11-11T19:42:30Z,PORTE-B,R53593804,UNITE,OK
TKT32499725458,2025-11-11T19:42:32Z,VIP-EST,R57887936,UNITE,OK
TKT94674150104,2025-11-11T19:42:33Z,PORTE-D,R58077008,UNITE,OK
TKT36540924938,2025-11-11T19:42:36Z,PORTE-C,R56213699,ABONNEMENT,OK
TKT57604463444,2025-11-11T19:42:36Z,VIP-EST,,UNITE,OK
TKT87255449163,2025-11-11T19:42:37Z,PORTE-B,R57890589,ABONNEMENT,OK
TKT97559797185,2025-11-11T19:42:38Z,VIP-EST,R55599942,ABONNEMENT,OK
TKT66187885055,2025-11-11T19:42:38Z,PORTE-A,,UNITE,OK
TKT45686397604,2025-11-11T19:42:39Z,PORTE-B,R52372842,ABONNEMENT,OK
TKT72387102622,2025-11-11T19:42:39Z,PORTE-C,R56370483,ABONNEMENT,OK
TKT40330913455,2025-11-11T19:42:39Z,PORTE-A,R56915574,ABONNEMENT,OK
TKT15184255005,2025-11-11T19:42:40Z,PORTE-A,R57175975,UNITE,OK
TKT60396354564,2025-11-11T19:42:41Z,PORTE-C,,UNITE,OK
TKT12231623087,2025-11-11T19:42:42Z,PORTE-D,R53733357,UNITE,OK
TKT82980260379,2025-11-11T19:42:45Z,PORTE-D,R52286955,ABONNEMENT,OK
TKT70850293724,2025-11-11T19:42:45Z,PORTE-C,R53758222,UNITE,OK
TKT45698243713,2025-11-11T19:42:46Z,PORTE-D,R52065585,ABONNEMENT,OK
TKT20389589520,2025-11-11T19:42:48Z,PORTE-A,R58591449,ABONNEMENT,OK
TKT76072162116,2025-11-11T19:42:48Z,PORTE-A,R51239807,UNITE,OK
TKT92492235862,2025-11-11T19:42:49Z,PORTE-C,R54753456,UNITE,OK
TKT47723669156,2025-11-11T19:42:49Z,VIP-EST,R59232379,VIP,OK
TKT16106357996,2025-11-11T19:42:51Z,PORTE-D,R58373365,ABONNEMENT,OK
TKT24613319895,2025-11-11T19:42:51Z,PORTE-C,,UNITE,OK
TKT75334898192,2025-11-11T19:42:52Z,VIP-EST,R58554535,ABONNEMENT,OK
TKT46877000543,2025-11-11T19:42:53Z,PORTE-D,R57020809,ABONNEMENT,OK
TKT56500396685,2025-11-11T19:42:55Z,PORTE-C,R58191304,ABONNEMENT,OK
TKT62970443375,2025-11-11T19:42:56Z,VIP-EST,,VIP,OK
TKT21995438927,2025-11-11T19:42:57Z,PORTE-C,R55953988,ABONNEMENT,OK
TKT82990211278,2025-11-11T19:42:57Z,PORTE-A,R53773269,ABONNEMENT,OK
TKT67371584264,2025-11-11T19:42:58Z,PORTE-A,R59441201,UNITE,OK
TKT19859874615,2025-11-11T19:43:00Z,VIP-EST,,UNITE,OK
TKT84258966224,2025-11-11T19:43:00Z,PORTE-C,R59162631,UNITE,OK
TKT44669881330,2025-11-11T19:43:00Z,PORTE-A,R58583078,UNITE,OK
TKT36640698350,2025-11-11T19:43:01Z,PORTE-D,R57394605,UNITE,OK
TKT76005413015,2025-11-11T19:43:02Z,VIP-EST,R55402700,ABONNEMENT,OK
TKT49570747266,2025-11-11T19:43:02Z,VIP-EST,R55074668,ABONNEMENT,OK
TKT10591832929,2025-11-11T19:43:02Z,PORTE-C,,GROUPE,OK
TKT28897895106,2025-11-11T19:43:03Z,PORTE-C,R52703996,ABONNEMENT,OK
TKT57143508082,2025-11-11T19:43:03Z,VIP-EST,R55184462,ABONNEMENT,OK
TKT51481744322,2025-11-11T19:43:03Z,PORTE-A,R59390255,ABONNEMENT,OK
TKT44424378212,2025-11-11T19:43:03Z,PORTE-D,R54922041,UNITE,OK
TKT99121911117,2025-11-11T19:43:04Z,PORTE-A,R56950592,UNITE,OK
TKT35203903689,2025-11-11T19:43:04Z,PORTE-C,R57558554,UNITE,OK
TKT12613234282,2025-11-11T19:43:04Z,PORTE-A,R59931266,UNITE,OK
TKT92834250034,2025-11-11T19:43:05Z,PORTE-B,R51656647,ABONNEMENT,OK
TKT68236073657,2025-11-11T19:43:05Z,PORTE-C,R56037212,ABONNEMENT,OK
TKT62743882631,2025-11-11T19:43:05Z,PORTE-B,R58807024,UNITE,OK
TKT65514139117,2025-11-11T19:43:06Z,PORTE-A,R53146304,UNITE,OK
TKT31564226399,2025-11-11T19:43:06Z,PORTE-B,,UNITE,OK
TKT70310235126,2025-11-11T19:43:07Z,PORTE-A,R59219985,ABONNEMENT,OK
TKT74819857630,2025-11-11T19:43:07Z,PORTE-C,R55859653,UNITE,OK
TKT29847217681,2025-11-11T19:43:07Z,PORTE-A,R51225718,UNITE,OK
TKT50260569847,2025-11-11T19:43:07Z,PORTE-C,,GROUPE,REFUSE_DEJA_SCANNE
TKT45805665393,2025-11-11T19:43:08Z,PORTE-C,R56841890,UNITE,OK
TKT57868455919,2025-11-11T19:43:10Z,VIP-EST,,GROUPE,OK
TKT58771494722,2025-11-11T19:43:11Z,PORTE-D,R52029763,ABONNEMENT,OK
TKT22260069621,2025-11-11T19:43:11Z,PORTE-B,R55875792,UNITE,OK
TKT31025911113,2025-11-11T19:43:11Z,PORTE-C,R55721048,UNITE,OK
TKT67661961062,2025-11-11T19:43:12Z,PORTE-A,R54378444,ABONNEMENT,OK
TKT87350259452,2025-11-11T19:43:12Z,PORTE-D,R52139490,UNITE,OK
TKT45838874457,2025-11-11T19:43:15Z,PORTE-C,R59273048,ABONNEMENT,OK
TKT66169533273,2025-11-11T19:43:15Z,PORTE-C,R57198924,ABONNEMENT,OK
TKT13113170044,2025-11-11T19:43:15Z,PORTE-C,R57973689,UNITE,OK
TKT20244091087,2025-11-11T19:43:15Z,VIP-EST,R52362967,UNITE,OK
TKT40480632333,2025-11-11T19:43:16Z,PORTE-D,R54697127,ABONNEMENT,OK
TKT95453192587,2025-11-11T19:43:16Z,PORTE-A,R52293420,UNITE,OK
TKT14470032382,2025-11-11T19:43:19Z,PORTE-D,R58751452,ABONNEMENT,OK
TKT19632830202,2025-11-11T19:43:19Z,PORTE-C,R52649573,UNITE,OK
TKT96776789946,2025-11-11T19:43:20Z,PORTE-B,R59440119,ABONNEMENT,OK
TKT14223716280,2025-11-11T19:43:21Z,PORTE-B,R51011225,ABONNEMENT,OK
TKT87596082598,2025-11-11T19:43:21Z,PORTE-A,R51459405,UNITE,OK
TKT75223617474,2025-11-11T19:43:22Z,PORTE-A,R58905037,ABONNEMENT,OK
TKT79576131218,2025-11-11T19:43:23Z,VIP-EST,R56755792,ABONNEMENT,OK
TKT44303676760,2025-11-11T19:43:23Z,PORTE-A,R57611808,VIP,OK
TKT97623095900,2025-11-11T19:43:23Z,VIP-EST,R56777046,UNITE,OK
TKT49408249051,2025-11-11T19:43:23Z,PORTE-C,R53062122,UNITE,OK
TKT79145866234,2025-11-11T19:43:24Z,PORTE-C,R56502345,ABONNEMENT,OK
TKT34704083747,2025-11-11T19:43:24Z,PORTE-C,R52509397,UNITE,OK
TKT87749939038,2025-11-11T19:43:24Z,PORTE-C,R52218644,UNITE,OK
TKT42431115741,2025-11-11T19:43:25Z,PORTE-D,R58644110,ABONNEMENT,OK
TKT88521841328,2025-11-11T19:43:25Z,PMR-NORD,R54537690,UNITE,OK
TKT51269363875,2025-11-11T19:43:26Z,PMR-NORD,R51606525,UNITE,OK
TKT47277144137,2025-11-11T19:43:28Z,PORTE-C,R53773202,ABONNEMENT,OK
TKT43565992036,2025-11-11T19:43:28Z,VIP-EST,R58322898,UNITE,OK
TKT82942740648,2025-11-11T19:43:28Z,PORTE-D,,GROUPE,OK
TKT99339318043,2025-11-11T19:43:29Z,VIP-EST,R56519308,UNITE,OK
TKT32524154548,2025-11-11T19:43:31Z,PORTE-C,R55136591,ABONNEMENT,OK
TKT96211796594,2025-11-11T19:43:31Z,PORTE-A,R52771359,ABONNEMENT,OK
TKT92426060869,2025-11-11T19:43:33Z,PORTE-D,R57298910,ABONNEMENT,OK
TKT72094476842,2025-11-11T19:43:33Z,PORTE-C,R51125052,UNITE,OK
TKT47571951280,2025-11-11T19:43:34Z,PORTE-A,R51386458,UNITE,OK
TKT53173877728,2025-11-11T19:43:34Z,PORTE-C,R58168144,UNITE,OK
TKT92844521723,2025-11-11T19:43:35Z,PORTE-A,R56111194,ABONNEMENT,OK
TKT62528362706,2025-11-11T19:43:35Z,PORTE-D,R52548840,ABONNEMENT,OK
TKT77303491716,2025-11-11T19:43:36Z,PORTE-C,R58733263,ABONNEMENT,OK
TKT17810061237,2025-11-11T19:43:37Z,PORTE-D,R57739523,ABONNEMENT,OK
TKT47132922758,2025-11-11T19:43:41Z,PORTE-D,R53139504,ABONNEMENT,OK
TKT43329096693,2025-11-11T19:43:42Z,PORTE-C,R53322992,UNITE,OK
TKT61207674469,2025-11-11T19:43:42Z,PORTE-C,R54515746,UNITE,OK
TKT12931610480,2025-11-11T19:43:43Z,PORTE-A,R59694313,ABONNEMENT,OK
TKT71273382228,2025-11-11T19:43:43Z,PORTE-D,,GROUPE,OK
TKT96999065343,2025-11-11T19:43:44Z,PORTE-C,R57606358,ABONNEMENT,OK
TKT31837342323,2025-11-11T19:43:45Z,VIP-EST,R51937545,ABONNEMENT,OK
TKT39684044483,2025-11-11T19:43:46Z,PORTE-D,R56680326,ABONNEMENT,OK
TKT53174259933,2025-11-11T19:43:47Z,PORTE-A,R59404967,UNITE,OK
TKT54828270518,2025-11-11T19:43:48Z,PORTE-C,R58149543,UNITE,OK
TKT25454740880,2025-11-11T19:43:50Z,PORTE-C,,UNITE,OK
TKT61564908509,2025-11-11T19:43:50Z,PORTE-C,R52175925,UNITE,OK
TKT96653037378,2025-11-11T19:43:50Z,PORTE-C,R55624673,UNITE,OK
TKT11421068183,2025-11-11T19:43:51Z,PORTE-D,R53594953,ABONNEMENT,OK
TKT21799514343,2025-11-11T19:43:52Z,PORTE-D,R58474366,ABONNEMENT,OK
TKT49915238073,2025-11-11T19:43:52Z,PORTE-A,,GROUPE,OK
TKT67683023852,2025-11-11T19:43:53Z,PORTE-A,,UNITE,OK
TKT43634463909,2025-11-11T19:43:54Z,PORTE-A,R56568894,UNITE,OK
TKT18844270568,2025-11-11T19:43:55Z,VIP-EST,,UNITE,OK
TKT75493354448,2025-11-11T19:43:55Z,PORTE-C,R55980347,UNITE,OK
TKT40360049565,2025-11-11T19:43:55Z,PORTE-C,R54933544,UNITE,OK
TKT35814898346,2025-11-11T19:43:55Z,PORTE-B,,UNITE,OK
TKT74787184225,2025-11-11T19:43:55Z,PORTE-A,R53227642,UNITE,OK
TKT11097671048,2025-11-11T19:44:00Z,PORTE-A,R53579705,UNITE,OK
TKT77477578712,2025-11-11T19:44:01Z,PORTE-A,R59209219,ABONNEMENT,OK
TKT97292995412,2025-11-11T19:44:01Z,PORTE-A,R54729559,VIP,OK
TKT35850119968,2025-11-11T19:44:02Z,PORTE-C,R51602914,ABONNEMENT,OK
TKT71145039623,2025-11-11T19:44:03Z,PORTE-A,R58385280,ABONNEMENT,OK
TKT69256034385,2025-11-11T19:44:03Z,PORTE-D,,UNITE,OK
TKT16407866767,2025-11-11T19:44:04Z,PORTE-C,R52074043,ABONNEMENT,OK
TKT23371033888,2025-11-11T19:44:04Z,PORTE-C,,UNITE,OK
TKT73525712870,2025-11-11T19:44:05Z,PORTE-C,R51317534,ABONNEMENT,OK
TKT89016355445,2025-11-11T19:44:05Z,PORTE-B,R58912671,UNITE,OK
TKT46957925423,2025-11-11T19:44:06Z,VIP-EST,R58780186,ABONNEMENT,OK
TKT41919100166,2025-11-11T19:44:07Z,PORTE-A,R55267907,ABONNEMENT,OK
TKT80197810000,2025-11-11T19:44:08Z,PORTE-D,R52673145,ABONNEMENT,OK
TKT10176947808,2025-11-11T19:44:08Z,PORTE-C,R54209859,UNITE,OK
TKT67102749758,2025-11-11T19:44:09Z,PORTE-B,R55606139,UNITE,OK
TKT51793917424,2025-11-11T19:44:10Z,PORTE-A,R58876025,ABONNEMENT,OK
TKT66628970732,2025-11-11T19:44:10Z,PORTE-A,R58396046,UNITE,OK
TKT99526190387,2025-11-11T19:44:11Z,PORTE-C,R53205698,ABONNEMENT,OK
TKT48111503823,2025-11-11T19:44:11Z,PORTE-A,R52580994,VIP,OK
TKT62393275177,2025-11-11T19:44:12Z,PORTE-D,R51126000,ABONNEMENT,OK
TKT50139913588,2025-11-11T19:44:12Z,PORTE-B,,GROUPE,OK
TKT73463210603,2025-11-11T19:44:12Z,PORTE-D,R54290105,UNITE,REFUSE_DEJA_SCANNE
TKT32150795254,2025-11-11T19:44:14Z,PORTE-A,R54067174,ABONNEMENT,OK
TKT92746138140,2025-11-11T19:44:14Z,PORTE-D,R55574541,INVITATION,OK
TKT42739743882,2025-11-11T19:44:16Z,VIP-EST,R59837276,ABONNEMENT,OK
TKT38984833355,2025-11-11T19:44:16Z,PORTE-A,R51229865,ABONNEMENT,OK
TKT17329652158,2025-11-11T19:44:17Z,VIP-EST,,VIP,OK
TKT67495854826,2025-11-11T19:44:17Z,PORTE-C,R57354281,UNITE,OK
TKT41971903280,2025-11-11T19:44:18Z,PORTE-C,R58930917,ABONNEMENT,OK
TKT69909759888,2025-11-11T19:44:18Z,PORTE-B,R59844900,ABONNEMENT,OK
TKT91464230546,2025-11-11T19:44:19Z,VIP-EST,R54746790,UNITE,OK
TKT14037769191,2025-11-11T19:44:21Z,PORTE-C,R58390050,ABONNEMENT,OK
TKT75899598083,2025-11-11T19:44:21Z,PORTE-A,R59339108,ABONNEMENT,OK
TKT42746337396,2025-11-11T19:44:22Z,PORTE-B,,GROUPE,OK
TKT56104445191,2025-11-11T19:44:23Z,PORTE-C,R55847259,ABONNEMENT,OK
TKT20599845095,2025-11-11T19:44:23Z,PORTE-D,,GROUPE,OK
TKT49818457518,2025-11-11T19:44:25Z,PORTE-C,R52214966,ABONNEMENT,OK
TKT63504705849,2025-11-11T19:44:25Z,PORTE-C,R57000178,ABONNEMENT,OK
TKT74665438364,2025-11-11T19:44:25Z,PORTE-B,R55341457,ABONNEMENT,OK
TKT60432025793,2025-11-11T19:44:25Z,PORTE-A,R53461252,UNITE,OK
TKT36577679465,2025-11-11T19:44:26Z,PORTE-A,R53289076,ABONNEMENT,OK
TKT89719620890,2025-11-11T19:44:26Z,PORTE-A,R55636866,UNITE,OK
TKT61335770316,2025-11-11T19:44:26Z,PORTE-C,,UNITE,OK
TKT90259515823,2025-11-11T19:44:27Z,PORTE-C,R57734073,ABONNEMENT,OK
TKT46872358102,2025-11-11T19:44:27Z,PORTE-D,,UNITE,OK
TKT95915231678,2025-11-11T19:44:27Z,PORTE-A,R52154336,UNITE,OK
TKT30203354463,2025-11-11T19:44:27Z,PORTE-A,R51588547,VIP,OK
TKT52156540331,2025-11-11T19:44:28Z,VIP-EST,R53444912,UNITE,OK
TKT99658919175,2025-11-11T19:44:29Z,VIP-EST,R58122102,ABONNEMENT,OK
TKT36195330543,2025-11-11T19:44:31Z,VIP-EST,R52932377,ABONNEMENT,OK
TKT25766960160,2025-11-11T19:44:31Z,VIP-EST,R53477257,UNITE,OK
TKT82586434805,2025-11-11T19:44:32Z,PORTE-A,R53678331,ABONNEMENT,OK
TKT21220003740,2025-11-11T19:44:32Z,PORTE-C,R59412802,ABONNEMENT,OK
TKT34752991522,2025-11-11T19:44:32Z,PORTE-C,R54724032,UNITE,OK
TKT59607937780,2025-11-11T19:44:32Z,PORTE-A,,GROUPE,OK
TKT31970402272,2025-11-11T19:44:33Z,PORTE-D,R56909387,ABONNEMENT,OK
TKT72553807049,2025-11-11T19:44:35Z,PORTE-B,R56642521,ABONNEMENT,OK
TKT12579643449,2025-11-11T19:44:35Z,VIP-EST,R57504667,VIP,OK
TKT45966411318,2025-11-11T19:44:35Z,VIP-EST,R52966226,UNITE,OK
TKT97238981374,2025-11-11T19:44:36Z,PORTE-D,R51507420,UNITE,OK
TKT47665028659,2025-11-11T19:44:37Z,PORTE-B,R59580841,ABONNEMENT,OK
TKT17594216022,2025-11-11T19:44:37Z,PORTE-B,R57926076,UNITE,OK
TKT96491988734,2025-11-11T19:44:38Z,PORTE-C,R54870472,ABONNEMENT,OK
TKT19128318293,2025-11-11T19:44:39Z,PORTE-A,R59275902,UNITE,OK
TKT84429837693,2025-11-11T19:44:39Z,PORTE-C,R55366399,UNITE,OK
TKT90119531032,2025-11-11T19:44:41Z,PORTE-B,,UNITE,OK
TKT89391832450,2025-11-11T19:44:42Z,PORTE-C,R54418423,ABONNEMENT,OK
TKT30302167657,2025-11-11T19:44:42Z,PORTE-A,R59176050,ABONNEMENT,OK
TKT64771173662,2025-11-11T19:44:42Z,PORTE-A,,UNITE,OK
TKT45723187438,2025-11-11T19:44:48Z,PORTE-D,R56993770,ABONNEMENT,OK
TKT39880794313,2025-11-11T19:44:48Z,PORTE-C,R58757438,INVITATION,OK
TKT63194815523,2025-11-11T19:44:50Z,PORTE-D,R56407397,ABONNEMENT,OK
TKT47541310284,2025-11-11T19:44:50Z,PORTE-C,R59821060,UNITE,OK
TKT86680410638,2025-11-11T19:44:54Z,PORTE-C,R52382851,UNITE,OK
TKT73247733923,2025-11-11T19:44:55Z,VIP-EST,R51904845,ABONNEMENT,OK
TKT99601462187,2025-11-11T19:44:56Z,VIP-EST,R55899297,ABONNEMENT,OK
TKT24345689668,2025-11-11T19:44:56Z,PORTE-A,R56985935,ABONNEMENT,OK
TKT40995391025,2025-11-11T19:44:57Z,PORTE-D,R51808547,ABONNEMENT,OK
TKT79509949665,2025-11-11T19:44:57Z,PORTE-B,R58974306,ABONNEMENT,OK
TKT13633217177,2025-11-11T19:44:57Z,PORTE-A,R54842753,ABONNEMENT,OK
TKT85306486335,2025-11-11T19:44:58Z,PORTE-C,R57512512,INVITATION,OK
TKT35295124010,2025-11-11T19:44:59Z,PORTE-B,R58785224,UNITE,OK
TKT31857473619,2025-11-11T19:45:00Z,PORTE-B,R51642002,ABONNEMENT,OK
TKT63078007250,2025-11-11T19:45:02Z,VIP-EST,R57279026,UNITE,OK
TKT58942139084,2025-11-11T19:45:03Z,PORTE-A,R56746262,ABONNEMENT,OK
TKT90024824992,2025-11-11T19:45:03Z,VIP-EST,R59558907,ABONNEMENT,OK
TKT15790805870,2025-11-11T19:45:04Z,PORTE-B,R59280538,ABONNEMENT,OK
TKT33081115966,2025-11-11T19:45:05Z,PORTE-D,R55290578,UNITE,OK
TKT11383791540,2025-11-11T19:45:05Z,PORTE-C,,UNITE,OK
TKT34644297252,2025-11-11T19:45:07Z,VIP-EST,R51095005,VIP,OK
TKT83101317347,2025-11-11T19:45:08Z,PORTE-D,R51681780,ABONNEMENT,OK
TKT54249992391,2025-11-11T19:45:09Z,PORTE-D,R59673327,ABONNEMENT,OK
TKT94772357959,2025-11-11T19:45:10Z,PORTE-D,R54424409,UNITE,OK
TKT63296307236,2025-11-11T19:45:11Z,PORTE-C,R53778240,UNITE,OK
TKT77128367624,2025-11-11T19:45:11Z,VIP-EST,R58653228,UNITE,OK
TKT78138093385,2025-11-11T19:45:11Z,PORTE-C,R59669726,UNITE,OK
TKT23084789914,2025-11-11T19:45:12Z,PORTE-D,R57656155,UNITE,OK
TKT11109071454,2025-11-11T19:45:13Z,PORTE-B,R52592162,UNITE,OK
TKT13930463205,2025-11-11T19:45:13Z,PORTE-C,R57345230,INVITATION,OK
TKT70137922356,2025-11-11T19:45:15Z,PORTE-C,R52959148,ABONNEMENT,OK
TKT45297185996,2025-11-11T19:45:15Z,VIP-EST,R56718198,UNITE,OK
TKT99634864309,2025-11-11T19:45:18Z,VIP-EST,R55713491,ABONNEMENT,OK
TKT73707347952,2025-11-11T19:45:18Z,PORTE-A,,INVITATION,OK
TKT49396462803,2025-11-11T19:45:18Z,PORTE-C,R57361848,UNITE,OK
TKT41626992787,2025-11-11T19:45:19Z,PORTE-B,R58230938,UNITE,OK
TKT22681737917,2025-11-11T19:45:20Z,PORTE-C,R52639085,ABONNEMENT,OK
TKT16048971257,2025-11-11T19:45:20Z,PORTE-C,R56556289,ABONNEMENT,OK
TKT21606852087,2025-11-11T19:45:20Z,PORTE-D,R54370130,INVITATION,OK
TKT33519668675,2025-11-11T19:45:21Z,PORTE-C,R54991300,ABONNEMENT,OK
TKT52762712518,2025-11-11T19:45:22Z,PORTE-A,R53074516,ABONNEMENT,OK
TKT79970584306,2025-11-11T19:45:23Z,PORTE-A,R57545748,ABONNEMENT,OK
TKT40292215902,2025-11-11T19:45:23Z,PORTE-C,R52354797,UNITE,OK
TKT79932705038,2025-11-11T19:45:23Z,PMR-NORD,R54815369,UNITE,OK
TKT81803515044,2025-11-11T19:45:25Z,PORTE-C,R55795901,ABONNEMENT,OK
TKT84671704414,2025-11-11T19:45:26Z,PORTE-B,R56842503,UNITE,OK
TKT35489507167,2025-11-11T19:45:28Z,PORTE-A,R51435421,ABONNEMENT,OK
TKT31392578063,2025-11-11T19:45:28Z,VIP-EST,,UNITE,OK
TKT17179174768,2025-11-11T19:45:29Z,PORTE-A,R54443489,ABONNEMENT,OK
TKT33209956048,2025-11-11T19:45:30Z,PORTE-B,,GROUPE,OK
TKT89764669984,2025-11-11T19:45:31Z,PORTE-C,,UNITE,OK
TKT71850663212,2025-11-11T19:45:32Z,PORTE-B,R54695844,UNITE,OK
TKT57562733138,2025-11-11T19:45:33Z,PORTE-D,R57389969,ABONNEMENT,OK
TKT97671144067,2025-11-11T19:45:33Z,PORTE-C,R59370515,UNITE,OK
TKT98281972171,2025-11-11T19:45:33Z,VIP-EST,,UNITE,OK
TKT37784857536,2025-11-11T19:45:33Z,PORTE-C,,UNITE,OK
TKT66322754090,2025-11-11T19:45:34Z,PORTE-C,R59092749,UNITE,OK
TKT56779437396,2025-11-11T19:45:35Z,PORTE-C,R56470948,ABONNEMENT,OK
TKT60799401575,2025-11-11T19:45:36Z,PORTE-C,R55398131,INVITATION,OK
TKT50892731235,2025-11-11T19:45:36Z,PORTE-C,R51399867,UNITE,OK
TKT25536385171,2025-11-11T19:45:37Z,PORTE-D,R51661762,ABONNEMENT,OK
TKT63222550631,2025-11-11T19:45:37Z,VIP-EST,R56200816,UNITE,OK
TKT23360218145,2025-11-11T19:45:39Z,PORTE-C,R57948422,UNITE,OK
TKT36568055582,2025-11-11T19:45:39Z,PORTE-D,R53029777,UNITE,OK
TKT33373276360,2025-11-11T19:45:41Z,VIP-EST,R51390069,ABONNEMENT,OK
TKT32002766359,2025-11-11T19:45:41Z,PORTE-C,R57124674,ABONNEMENT,OK
TKT49151130156,2025-11-11T19:45:41Z,PORTE-C,R54910518,UNITE,OK
TKT60107966685,2025-11-11T19:45:42Z,PORTE-D,R56041915,ABONNEMENT,OK
TKT22669627023,2025-11-11T19:45:42Z,VIP-EST,R51579352,UNITE,OK
TKT28946290040,2025-11-11T19:45:43Z,PORTE-D,R56763761,ABONNEMENT,OK
TKT13116800340,2025-11-11T19:45:45Z,PORTE-B,,UNITE,OK
TKT20749496076,2025-11-11T19:45:45Z,PORTE-A,,GROUPE,OK
TKT36418097016,2025-11-11T19:45:47Z,PORTE-C,R55883148,UNITE,OK
TKT39057584293,2025-11-11T19:45:47Z,PORTE-C,,UNITE,OK
TKT64075750073,2025-11-11T19:45:47Z,PORTE-B,R58240143,UNITE,OK
TKT87692708469,2025-11-11T19:45:47Z,PORTE-D,R51012461,UNITE,OK
TKT55383315830,2025-11-11T19:45:48Z,PORTE-B,R58217050,ABONNEMENT,OK
TKT60914065948,2025-11-11T19:45:48Z,PORTE-C,R54722806,ABONNEMENT,OK
TKT34316773602,2025-11-11T19:45:48Z,PORTE-B,,UNITE,OK
TKT72581770739,2025-11-11T19:45:50Z,VIP-EST,R54394784,ABONNEMENT,OK
TKT30630457446,2025-11-11T19:45:50Z,PORTE-A,R57533421,UNITE,OK
TKT79934206647,2025-11-11T19:45:51Z,PORTE-A,R54864074,UNITE,OK
TKT18975585746,2025-11-11T19:45:51Z,PORTE-C,R55242573,INVITATION,OK
TKT33445587248,2025-11-11T19:45:52Z,PORTE-C,R57504121,ABONNEMENT,OK
TKT28535141369,2025-11-11T19:45:52Z,PMR-NORD,R56612752,UNITE,OK
TKT71353190682,2025-11-11T19:45:53Z,PORTE-C,R58949307,ABONNEMENT,OK
TKT78811584852,2025-11-11T19:45:53Z,VIP-EST,R51213448,ABONNEMENT,OK
TKT66215159561,2025-11-11T19:45:53Z,PORTE-C,R58264050,UNITE,OK
TKT54992509381,2025-11-11T19:45:53Z,PORTE-A,R57613657,UNITE,OK
TKT87808167406,2025-11-11T19:45:54Z,PORTE-C,R58223046,ABONNEMENT,OK
TKT36191910354,2025-11-11T19:45:56Z,PORTE-D,R56808232,ABONNEMENT,OK
TKT23022407451,2025-11-11T19:46:00Z,PORTE-D,R52475615,UNITE,OK
TKT64771589451,2025-11-11T19:46:00Z,PORTE-A,,UNITE,OK
TKT99533833587,2025-11-11T19:46:02Z,PORTE-C,R53018609,UNITE,OK
TKT99990882374,2025-11-11T19:46:02Z,PORTE-C,,UNITE,OK
TKT80560630049,2025-11-11T19:46:03Z,PORTE-C,R59021574,UNITE,OK
TKT90487718719,2025-11-11T19:46:04Z,PORTE-D,R51021646,ABONNEMENT,OK
TKT23371033888,2025-11-11T19:46:04Z,PORTE-C,,UNITE,REFUSE_DEJA_SCANNE
TKT69746928090,2025-11-11T19:46:05Z,PORTE-C,R56618815,UNITE,OK
TKT34337395879,2025-11-11T19:46:08Z,PORTE-A,R56295218,ABONNEMENT,OK
TKT70542961817,2025-11-11T19:46:08Z,PORTE-D,,GROUPE,OK
TKT72797619150,2025-11-11T19:46:08Z,VIP-EST,R57767376,INVITATION,OK
TKT86433215746,2025-11-11T19:46:10Z,VIP-EST,R52019342,ABONNEMENT,OK
TKT81326640211,2025-11-11T19:46:10Z,PORTE-D,R53906156,UNITE,OK
TKT53860892927,2025-11-11T19:46:10Z,PORTE-B,R52815284,UNITE,OK
TKT78138093385,2025-11-11T19:46:11Z,PORTE-C,R59669726,UNITE,REFUSE_DEJA_SCANNE
TKT81875324733,2025-11-11T19:46:13Z,PORTE-C,R56887175,UNITE,OK
TKT63734036190,2025-11-11T19:46:13Z,PORTE-D,R53784380,UNITE,OK
TKT65858997503,2025-11-11T19:46:14Z,PORTE-C,R56815665,ABONNEMENT,OK
TKT24929469102,2025-11-11T19:46:15Z,PORTE-C,R56021830,UNITE,OK
TKT18177387188,2025-11-11T19:46:15Z,PORTE-C,R51603661,UNITE,OK
TKT37024356056,2025-11-11T19:46:16Z,PORTE-D,R51064020,UNITE,OK
TKT14152967879,2025-11-11T19:46:16Z,PORTE-A,R52144528,UNITE,OK
TKT95434121124,2025-11-11T19:46:18Z,PORTE-C,R54797257,ABONNEMENT,OK
TKT68158565434,2025-11-11T19:46:18Z,PORTE-A,R55589109,ABONNEMENT,OK
TKT49037186349,2025-11-11T19:46:20Z,VIP-EST,R57813217,UNITE,OK
TKT34744257006,2025-11-11T19:46:21Z,PORTE-C,R55686452,ABONNEMENT,OK
TKT15823388481,2025-11-11T19:46:21Z,PORTE-A,R55916930,ABONNEMENT,OK
TKT89844112772,2025-11-11T19:46:21Z,PORTE-C,R56662338,ABONNEMENT,REFUSE_DEJA_SCANNE
TKT47501547395,2025-11-11T19:46:23Z,PORTE-D,R58334679,ABONNEMENT,OK
TKT37947117940,2025-11-11T19:46:23Z,VIP-EST,R53497496,UNITE,OK
TKT13578463482,2025-11-11T19:46:23Z,PORTE-C,,GROUPE,OK
TKT34480347876,2025-11-11T19:46:24Z,PORTE-D,R57866893,ABONNEMENT,OK
TKT79172136198,2025-11-11T19:46:25Z,PORTE-D,R56716014,ABONNEMENT,OK
TKT81667361618,2025-11-11T19:46:25Z,PORTE-C,R58744019,ABONNEMENT,OK
TKT51567761789,2025-11-11T19:46:25Z,PORTE-A,R59012178,GROUPE,OK
TKT38454368786,2025-11-11T19:46:25Z,VIP-EST,R54587812,UNITE,OK
TKT58561363429,2025-11-11T19:46:25Z,PORTE-C,R51367924,UNITE,OK
TKT26005414655,2025-11-11T19:46:27Z,PORTE-D,,GROUPE,OK
TKT43503522160,2025-11-11T19:46:28Z,PORTE-D,R54645032,UNITE,OK
TKT22454868944,2025-11-11T19:46:31Z,PORTE-C,R57095049,ABONNEMENT,OK
TKT90019007870,2025-11-11T19:46:31Z,VIP-EST,,UNITE,OK
TKT51933961544,2025-11-11T19:46:32Z,VIP-EST,R59564012,UNITE,OK
TKT64018963115,2025-11-11T19:46:33Z,PORTE-C,,UNITE,OK
TKT41749516586,2025-11-11T19:46:34Z,PORTE-A,R51159849,ABONNEMENT,OK
TKT66356469363,2025-11-11T19:46:34Z,PORTE-C,R54783704,UNITE,OK
TKT80719464606,2025-11-11T19:46:35Z,PORTE-C,R54224849,ABONNEMENT,OK
TKT90714170840,2025-11-11T19:46:36Z,PORTE-C,R57611875,UNITE,OK
TKT92244756839,2025-11-11T19:46:37Z,PORTE-C,R55199050,ABONNEMENT,OK
TKT18087175563,2025-11-11T19:46:37Z,PORTE-A,R57957205,ABONNEMENT,OK
TKT82545504502,2025-11-11T19:46:37Z,PORTE-C,,INVITATION,OK
TKT36778860712,2025-11-11T19:46:39Z,PORTE-D,,UNITE,OK
TKT56291580733,2025-11-11T19:46:40Z,PORTE-D,R53777627,ABONNEMENT,OK
TKT39125579457,2025-11-11T19:46:43Z,PORTE-A,R51557954,UNITE,OK
TKT13253003690,2025-11-11T19:46:45Z,PORTE-C,R55105462,ABONNEMENT,OK
TKT98624105295,2025-11-11T19:46:45Z,PORTE-A,R59618368,ABONNEMENT,OK
TKT71429430040,2025-11-11T19:46:46Z,PORTE-B,R58473964,UNITE,OK
TKT47258981157,2025-11-11T19:46:47Z,PORTE-D,R57288757,ABONNEMENT,OK
TKT69308689836,2025-11-11T19:46:50Z,PORTE-C,,UNITE,OK
TKT18886218681,2025-11-11T19:46:51Z,PORTE-C,R54835541,UNITE,OK
TKT23467854712,2025-11-11T19:46:52Z,PORTE-D,R58917575,ABONNEMENT,OK
TKT81758117888,2025-11-11T19:46:52Z,PORTE-A,R53462421,UNITE,OK
TKT85456336626,2025-11-11T19:46:54Z,PORTE-D,R53504306,ABONNEMENT,OK
TKT38502552889,2025-11-11T19:46:54Z,PMR-NORD,R54310324,ABONNEMENT,OK
TKT80468365800,2025-11-11T19:46:54Z,VIP-EST,,UNITE,OK
TKT40945353054,2025-11-11T19:46:57Z,PORTE-A,R58412252,UNITE,OK
TKT21489423471,2025-11-11T19:46:59Z,PORTE-D,,GROUPE,OK
TKT97313277552,2025-11-11T19:47:00Z,VIP-EST,R54454255,ABONNEMENT,OK
TKT44951929747,2025-11-11T19:47:00Z,PORTE-A,R56115619,ABONNEMENT,OK
TKT27449837629,2025-11-11T19:47:00Z,PORTE-C,R52258345,UNITE,OK
TKT35535817653,2025-11-11T19:47:01Z,PORTE-D,R52655234,ABONNEMENT,OK
TKT95560589807,2025-11-11T19:47:02Z,PORTE-C,R57749465,ABONNEMENT,OK
TKT47544260124,2025-11-11T19:47:03Z,PORTE-C,R51676943,ABONNEMENT,OK
TKT39012978004,2025-11-11T19:47:03Z,PORTE-B,R56959586,UNITE,OK
TKT72785496530,2025-11-11T19:47:03Z,PORTE-C,,GROUPE,OK
TKT55407928299,2025-11-11T19:47:03Z,VIP-EST,R57942225,UNITE,OK
TKT71700654768,2025-11-11T19:47:05Z,PORTE-D,R53046117,UNITE,OK
TKT19022599665,2025-11-11T19:47:05Z,PORTE-C,R51928082,UNITE,OK
TKT50831701711,2025-11-11T19:47:08Z,PORTE-A,R52693096,UNITE,OK
TKT49364721694,2025-11-11T19:47:09Z,PORTE-D,R56126787,UNITE,OK
TKT10909060264,2025-11-11T19:47:11Z,PORTE-A,R59964713,ABONNEMENT,OK
TKT37082353359,2025-11-11T19:47:11Z,PORTE-C,,UNITE,OK
TKT57461853115,2025-11-11T19:47:12Z,PORTE-A,R55645448,ABONNEMENT,OK
TKT13149118277,2025-11-11T19:47:12Z,PORTE-C,R57146407,ABONNEMENT,OK
TKT17876365030,2025-11-11T19:47:12Z,PORTE-C,R56459301,UNITE,OK
TKT28677266938,2025-11-11T19:47:12Z,PORTE-B,,UNITE,OK
TKT48116110566,2025-11-11T19:47:13Z,PORTE-C,R54078620,ABONNEMENT,OK
TKT65665679433,2025-11-11T19:47:13Z,PORTE-A,R57543219,UNITE,OK
TKT60898224456,2025-11-11T19:47:13Z,PORTE-B,R59999443,UNITE,OK
TKT16674375668,2025-11-11T19:47:14Z,PORTE-A,,UNITE,OK
TKT42026832623,2025-11-11T19:47:15Z,PORTE-A,R58384878,ABONNEMENT,OK
TKT39846451336,2025-11-11T19:47:15Z,PORTE-C,R57186319,ABONNEMENT,OK
TKT94234958103,2025-11-11T19:47:16Z,PORTE-C,R53073635,UNITE,OK
TKT21064819958,2025-11-11T19:47:16Z,PORTE-C,R55873072,UNITE,OK
TKT54076257618,2025-11-11T19:47:16Z,PORTE-D,,UNITE,OK
TKT30271553761,2025-11-11T19:47:17Z,PORTE-A,R57979474,UNITE,OK
TKT40508335493,2025-11-11T19:47:18Z,PORTE-C,R56179093,ABONNEMENT,OK
TKT26072542384,2025-11-11T19:47:18Z,PORTE-C,R59618291,INVITATION,OK
TKT22727782444,2025-11-11T19:47:18Z,PORTE-B,R51028322,UNITE,OK
TKT48359418462,2025-11-11T19:47:19Z,PORTE-C,R56200615,UNITE,OK
TKT83555016086,2025-11-11T19:47:19Z,PORTE-C,,UNITE,OK
TKT92790331612,2025-11-11T19:47:20Z,VIP-EST,,GROUPE,OK
TKT27265766138,2025-11-11T19:47:20Z,PORTE-B,R53676214,UNITE,OK
TKT96435047806,2025-11-11T19:47:21Z,PORTE-D,,UNITE,OK
TKT69683205029,2025-11-11T19:47:23Z,PORTE-D,R55214844,ABONNEMENT,OK
TKT29023213794,2025-11-11T19:47:24Z,PORTE-C,,UNITE,REFUSE_DEJA_SCANNE
TKT52254606321,2025-11-11T19:47:25Z,VIP-EST,R53420938,ABONNEMENT,OK
TKT45967670817,2025-11-11T19:47:26Z,VIP-EST,R54707893,UNITE,OK
TKT27534369466,2025-11-11T19:47:27Z,PORTE-C,R53930877,ABONNEMENT,OK
TKT36411804051,2025-11-11T19:47:27Z,PORTE-A,R53266452,UNITE,OK
TKT79773957290,2025-11-11T19:47:28Z,PORTE-D,R56222760,ABONNEMENT,OK
TKT13808680421,2025-11-11T19:47:28Z,PORTE-D,,UNITE,OK
TKT12094461710,2025-11-11T19:47:30Z,PORTE-C,R57757712,ABONNEMENT,OK
TKT63392595763,2025-11-11T19:47:30Z,PORTE-A,R54621192,UNITE,OK
TKT33989743683,2025-11-11T19:47:30Z,PORTE-D,,UNITE,OK
TKT25531769198,2025-11-11T19:47:30Z,PORTE-C,R58101260,UNITE,OK
TKT41837182766,2025-11-11T19:47:31Z,PORTE-A,R51847903,ABONNEMENT,OK
TKT10199711552,2025-11-11T19:47:33Z,PORTE-D,R56688429,UNITE,OK
TKT28401143830,2025-11-11T19:47:34Z,PORTE-C,R55550021,ABONNEMENT,OK
TKT24073883938,2025-11-11T19:47:34Z,PORTE-D,R54290172,UNITE,OK
TKT36649057860,2025-11-11T19:47:35Z,PORTE-C,R57982683,UNITE,OK
TKT18786529969,2025-11-11T19:47:36Z,VIP-EST,R58166372,ABONNEMENT,OK
TKT68020700470,2025-11-11T19:47:37Z,PORTE-C,R57082387,ABONNEMENT,OK
TKT23623279760,2025-11-11T19:47:38Z,VIP-EST,R58323846,ABONNEMENT,OK
TKT11075521482,2025-11-11T19:47:38Z,PORTE-B,R52377200,ABONNEMENT,OK
TKT90299964264,2025-11-11T19:47:38Z,VIP-EST,R53564926,UNITE,OK
TKT27744167710,2025-11-11T19:47:40Z,PORTE-D,R52565113,ABONNEMENT,OK
TKT86427929983,2025-11-11T19:47:40Z,PORTE-C,R52062396,UNITE,OK
TKT70450622319,2025-11-11T19:47:41Z,PORTE-C,R55277370,ABONNEMENT,OK
TKT53650331349,2025-11-11T19:47:42Z,PORTE-C,R55954467,UNITE,OK
TKT18603952220,2025-11-11T19:47:43Z,PORTE-A,R51160673,ABONNEMENT,OK
TKT26065822747,2025-11-11T19:47:44Z,VIP-EST,R59374662,UNITE,OK
TKT84098689475,2025-11-11T19:47:45Z,PORTE-D,R58555148,ABONNEMENT,OK
TKT78285438806,2025-11-11T19:47:45Z,PORTE-A,R54415827,ABONNEMENT,OK
TKT76704265675,2025-11-11T19:47:45Z,PORTE-C,R51069326,UNITE,OK
TKT99924605562,2025-11-11T19:47:45Z,VIP-EST,R53365701,UNITE,OK
TKT69026377322,2025-11-11T19:47:45Z,VIP-EST,R52816175,VIP,OK
TKT89108734243,2025-11-11T19:47:47Z,PORTE-B,R53498588,UNITE,OK
TKT27157198842,2025-11-11T19:47:49Z,VIP-EST,R55270148,ABONNEMENT,OK
TKT65263556691,2025-11-11T19:47:51Z,PORTE-C,,UNITE,OK
TKT14111676248,2025-11-11T19:47:57Z,PORTE-D,R54956302,ABONNEMENT,OK
TKT66566855255,2025-11-11T19:47:57Z,PORTE-C,,UNITE,OK
TKT94112552736,2025-11-11T19:47:58Z,PORTE-B,R59820313,ABONNEMENT,OK
TKT92362635102,2025-11-11T19:47:59Z,PORTE-A,R59462532,UNITE,OK
TKT43785173401,2025-11-11T19:47:59Z,VIP-EST,R57561676,INVITATION,OK
TKT73741554328,2025-11-11T19:47:59Z,VIP-EST,,UNITE,OK
TKT31877491199,2025-11-11T19:48:01Z,VIP-EST,,UNITE,OK
TKT92760796921,2025-11-11T19:48:02Z,PORTE-A,,UNITE,OK
TKT39235737686,2025-11-11T19:48:04Z,PORTE-B,R53201953,ABONNEMENT,OK
TKT28235530255,2025-11-11T19:48:07Z,VIP-EST,R54748619,ABONNEMENT,OK
TKT46996883073,2025-11-11T19:48:07Z,PORTE-A,,UNITE,OK
TKT70720382679,2025-11-11T19:48:10Z,PORTE-B,R59720394,ABONNEMENT,OK
TKT80492081680,2025-11-11T19:48:10Z,PORTE-A,R51392387,UNITE,OK
TKT52436208906,2025-11-11T19:48:11Z,PORTE-C,R59880387,ABONNEMENT,OK
TKT30698506864,2025-11-11T19:48:11Z,VIP-EST,R59805199,UNITE,OK
TKT58522278693,2025-11-11T19:48:11Z,PORTE-C,R53975636,UNITE,OK
TKT49694455651,2025-11-11T19:48:12Z,PORTE-D,,GROUPE,OK
TKT32966484379,2025-11-11T19:48:15Z,PORTE-C,R59339376,UNITE,REFUSE_DEJA_SCANNE
TKT36085012447,2025-11-11T19:48:16Z,PORTE-C,R57018156,UNITE,OK
TKT28276221931,2025-11-11T19:48:17Z,PORTE-C,R56002693,ABONNEMENT,OK
TKT55427486097,2025-11-11T19:48:17Z,VIP-EST,R56232290,UNITE,OK
TKT78223403932,2025-11-11T19:48:17Z,VIP-EST,R58777667,UNITE,OK
TKT61163254048,2025-11-11T19:48:18Z,PORTE-A,R56607848,ABONNEMENT,OK
TKT52868840884,2025-11-11T19:48:18Z,VIP-EST,,UNITE,OK
TKT26072542384,2025-11-11T19:48:18Z,PORTE-C,R59618291,INVITATION,REFUSE_DEJA_SCANNE
TKT77094186433,2025-11-11T19:48:20Z,VIP-EST,R59242455,ABONNEMENT,OK
TKT18001651600,2025-11-11T19:48:20Z,PORTE-A,R56863469,ABONNEMENT,OK
TKT50274948007,2025-11-11T19:48:20Z,PORTE-D,R52276390,UNITE,OK
TKT73534259836,2025-11-11T19:48:21Z,PORTE-B,R51171831,ABONNEMENT,OK
TKT97701925216,2025-11-11T19:48:21Z,PORTE-C,R57389969,INVITATION,OK
TKT98186000023,2025-11-11T19:48:22Z,PORTE-C,R57091237,ABONNEMENT,OK
TKT67731261289,2025-11-11T19:48:22Z,PORTE-C,R53464796,UNITE,OK
TKT40454407222,2025-11-11T19:48:23Z,PORTE-A,R52503277,GROUPE,OK
TKT58067617964,2025-11-11T19:48:23Z,PORTE-B,R52138743,UNITE,OK
TKT56956256017,2025-11-11T19:48:25Z,PORTE-B,,UNITE,OK
TKT58111574116,2025-11-11T19:48:25Z,PORTE-C,,UNITE,OK
TKT77929845884,2025-11-11T19:48:25Z,PORTE-C,R59687570,UNITE,OK
TKT57239351082,2025-11-11T19:48:26Z,PORTE-C,R51660057,UNITE,OK
TKT63750579757,2025-11-11T19:48:28Z,PORTE-C,R52111369,ABONNEMENT,OK
TKT87874932109,2025-11-11T19:48:29Z,PORTE-C,R54803789,UNITE,OK
TKT21447109386,2025-11-11T19:48:32Z,PORTE-B,R58467087,ABONNEMENT,OK
TKT17836156852,2025-11-11T19:48:33Z,VIP-EST,R58772351,ABONNEMENT,OK
TKT32462289020,2025-11-11T19:48:34Z,PORTE-B,R51153920,ABONNEMENT,OK
TKT80429469526,2025-11-11T19:48:35Z,PORTE-B,R52534674,ABONNEMENT,OK
TKT58652308514,2025-11-11T19:48:35Z,VIP-EST,R59048747,ABONNEMENT,OK
TKT92111494118,2025-11-11T19:48:35Z,PORTE-D,,UNITE,OK
TKT95652135846,2025-11-11T19:48:37Z,PORTE-A,,INVITATION,OK
TKT86223499099,2025-11-11T19:48:37Z,VIP-EST,R55004240,UNITE,OK
TKT54043089222,2025-11-11T19:48:39Z,PORTE-C,R52354385,UNITE,OK
TKT68648817581,2025-11-11T19:48:41Z,PORTE-D,R59886728,ABONNEMENT,OK
TKT96003212029,2025-11-11T19:48:41Z,PORTE-A,R51740082,ABONNEMENT,OK
TKT92827271657,2025-11-11T19:48:42Z,PORTE-A,R56593069,ABONNEMENT,OK
TKT33940042140,2025-11-11T19:48:42Z,VIP-EST,,UNITE,OK
TKT38343228315,2025-11-11T19:48:44Z,PORTE-C,R56166833,ABONNEMENT,OK
TKT66617713122,2025-11-11T19:48:45Z,PORTE-B,R56181200,UNITE,OK
TKT15834609391,2025-11-11T19:48:45Z,PORTE-C,,GROUPE,OK
TKT40798123656,2025-11-11T19:48:48Z,PORTE-C,R55864557,ABONNEMENT,OK
TKT15179554573,2025-11-11T19:48:49Z,PORTE-A,R56442884,ABONNEMENT,OK
TKT74794033910,2025-11-11T19:48:49Z,VIP-EST,,UNITE,OK
TKT63150566047,2025-11-11T19:48:49Z,PORTE-C,,GROUPE,OK
TKT68925576476,2025-11-11T19:48:50Z,VIP-EST,,UNITE,OK
TKT33430592170,2025-11-11T19:48:50Z,PORTE-A,R53925293,UNITE,OK
TKT57910948613,2025-11-11T19:48:51Z,PORTE-C,R58360827,UNITE,OK
TKT41317449237,2025-11-11T19:48:51Z,PORTE-B,,GROUPE,OK
TKT56951363904,2025-11-11T19:48:54Z,PORTE-C,R52723545,UNITE,OK
TKT30829906876,2025-11-11T19:48:55Z,PORTE-C,R54454446,ABONNEMENT,OK
TKT14478769601,2025-11-11T19:48:57Z,PORTE-A,R58582810,UNITE,OK
TKT47959414387,2025-11-11T19:48:58Z,PORTE-D,R52961801,ABONNEMENT,OK
TKT13835413778,2025-11-11T19:48:58Z,VIP-EST,,UNITE,OK
TKT30093998539,2025-11-11T19:48:59Z,PORTE-C,R55268041,ABONNEMENT,OK
TKT12954451579,2025-11-11T19:49:00Z,PORTE-B,R55794541,ABONNEMENT,OK
TKT34147149474,2025-11-11T19:49:02Z,PORTE-D,,GROUPE,OK
TKT80837201927,2025-11-11T19:49:03Z,PORTE-C,R53586036,ABONNEMENT,OK
TKT26240243229,2025-11-11T19:49:07Z,PORTE-A,R59509733,ABONNEMENT,OK
TKT24674798348,2025-11-11T19:49:10Z,PORTE-C,R54841192,ABONNEMENT,OK
TKT33962239556,2025-11-11T19:49:10Z,PORTE-A,R59810304,ABONNEMENT,OK
TKT22559891720,2025-11-11T19:49:10Z,PORTE-D,R58584840,ABONNEMENT,OK
TKT62461876450,2025-11-11T19:49:10Z,PORTE-D,R56608873,UNITE,OK
TKT24842579672,2025-11-11T19:49:11Z,VIP-EST,R56782553,ABONNEMENT,OK
TKT94386069221,2025-11-11T19:49:11Z,PORTE-C,,UNITE,OK
TKT16541373410,2025-11-11T19:49:12Z,PORTE-D,R55422795,ABONNEMENT,OK
TKT48635953055,2025-11-11T19:49:12Z,PORTE-D,R53487688,ABONNEMENT,OK
TKT64526347958,2025-11-11T19:49:12Z,VIP-EST,R57231959,ABONNEMENT,OK
TKT67679624839,2025-11-11T19:49:12Z,PORTE-C,R59534310,ABONNEMENT,OK
TKT89953805015,2025-11-11T19:49:12Z,PORTE-B,R52229668,UNITE,OK
TKT87769521135,2025-11-11T19:49:14Z,PORTE-C,R56156144,ABONNEMENT,OK
TKT56507728608,2025-11-11T19:49:14Z,PORTE-C,R59665837,ABONNEMENT,OK
TKT81744264282,2025-11-11T19:49:16Z,PORTE-C,,UNITE,OK
TKT85668666823,2025-11-11T19:49:18Z,PORTE-B,,UNITE,OK
TKT87255200685,2025-11-11T19:49:19Z,PORTE-A,,UNITE,OK
TKT82720381528,2025-11-11T19:49:20Z,VIP-EST,R59529282,ABONNEMENT,OK
TKT97771057173,2025-11-11T19:49:20Z,VIP-EST,,UNITE,OK
TKT41542200197,2025-11-11T19:49:20Z,VIP-EST,R59139404,UNITE,OK
TKT58230654737,2025-11-11T19:49:21Z,PORTE-B,R57918308,UNITE,OK
TKT99024469868,2025-11-11T19:49:23Z,PORTE-A,,GROUPE,OK
TKT32546274493,2025-11-11T19:49:24Z,VIP-EST,R56900182,UNITE,OK
TKT91291603740,2025-11-11T19:49:25Z,PORTE-D,R55295281,INVITATION,OK
TKT58159439584,2025-11-11T19:49:26Z,PORTE-D,R55225409,ABONNEMENT,OK
TKT45564620008,2025-11-11T19:49:26Z,PORTE-C,R53654625,UNITE,OK
TKT82327965118,2025-11-11T19:49:27Z,PORTE-A,R57079044,ABONNEMENT,OK
TKT40167748231,2025-11-11T19:49:27Z,PORTE-C,R56745773,ABONNEMENT,OK
TKT28516612007,2025-11-11T19:49:27Z,PORTE-B,R58811794,UNITE,OK
TKT63714035787,2025-11-11T19:49:28Z,PORTE-D,R57548669,ABONNEMENT,OK
TKT24603571472,2025-11-11T19:49:28Z,VIP-EST,R52468470,UNITE,OK
TKT88859567352,2025-11-11T19:49:28Z,PORTE-D,R59273316,UNITE,OK
TKT51850833796,2025-11-11T19:49:30Z,PORTE-D,R57750413,ABONNEMENT,OK
TKT38328188868,2025-11-11T19:49:30Z,PORTE-C,R57770776,ABONNEMENT,OK
TKT86760895846,2025-11-11T19:49:30Z,PORTE-A,R58395902,UNITE,OK
TKT76342488049,2025-11-11T19:49:30Z,PORTE-D,R52143168,UNITE,OK
TKT74643895633,2025-11-11T19:49:30Z,VIP-EST,R53935647,VIP,OK
TKT17718553717,2025-11-11T19:49:30Z,PORTE-D,R55563574,UNITE,OK
TKT96275083562,2025-11-11T19:49:31Z,PORTE-A,R55419452,UNITE,OK
TKT39797630403,2025-11-11T19:49:32Z,PORTE-A,R54165656,ABONNEMENT,OK
TKT51502491500,2025-11-11T19:49:32Z,PORTE-A,,UNITE,OK
TKT26837288966,2025-11-11T19:49:34Z,PORTE-C,R51245803,ABONNEMENT,OK
TKT74639676341,2025-11-11T19:49:34Z,PORTE-C,R56616306,INVITATION,OK
TKT15013969485,2025-11-11T19:49:34Z,PORTE-C,R55478089,UNITE,OK
TKT77912605419,2025-11-11T19:49:34Z,PORTE-A,,GROUPE,OK
TKT54154512452,2025-11-11T19:49:35Z,PORTE-C,,UNITE,OK
TKT62215314503,2025-11-11T19:49:35Z,PORTE-B,R57529743,UNITE,OK
TKT65609690347,2025-11-11T19:49:37Z,PORTE-A,R58310092,ABONNEMENT,OK
TKT94743897271,2025-11-11T19:49:37Z,PORTE-C,R51082199,UNITE,OK
TKT18985829292,2025-11-11T19:49:37Z,VIP-EST,R57238424,VIP,OK
TKT88677684650,2025-11-11T19:49:38Z,PORTE-A,R51928752,UNITE,OK
TKT15056645737,2025-11-11T19:49:38Z,PORTE-A,,UNITE,OK
TKT90710730475,2025-11-11T19:49:39Z,VIP-EST,R54707347,ABONNEMENT,OK
TKT81772236725,2025-11-11T19:49:40Z,PORTE-D,R56962038,ABONNEMENT,OK
TKT55315445587,2025-11-11T19:49:40Z,PORTE-C,R57665350,ABONNEMENT,OK
TKT38835663408,2025-11-11T19:49:40Z,PORTE-C,R51072324,UNITE,OK
TKT12311615625,2025-11-11T19:49:41Z,PORTE-D,R56541309,ABONNEMENT,OK
TKT40224582785,2025-11-11T19:49:41Z,PORTE-D,R57364223,ABONNEMENT,OK
TKT78070580407,2025-11-11T19:49:41Z,PORTE-C,R51810577,ABONNEMENT,OK
TKT37972137559,2025-11-11T19:49:41Z,PORTE-C,R54431698,UNITE,OK
TKT39793735345,2025-11-11T19:49:42Z,PORTE-A,R57826559,UNITE,OK
TKT31552769987,2025-11-11T19:49:42Z,VIP-EST,R54960794,INVITATION,OK
TKT13381379336,2025-11-11T19:49:42Z,VIP-EST,,GROUPE,OK
TKT69408119246,2025-11-11T19:49:42Z,PORTE-D,R57628838,UNITE,OK
TKT96080933767,2025-11-11T19:49:44Z,PORTE-B,R59987260,UNITE,OK
TKT84279109386,2025-11-11T19:49:50Z,VIP-EST,R54896841,ABONNEMENT,OK
TKT52122686318,2025-11-11T19:49:50Z,PORTE-B,R59922617,UNITE,OK
TKT25575898229,2025-11-11T19:49:50Z,VIP-EST,R55656884,VIP,OK
TKT22013326893,2025-11-11T19:49:51Z,PORTE-D,R59296543,UNITE,OK
TKT17446433943,2025-11-11T19:49:54Z,PORTE-D,R59945576,UNITE,OK
TKT74476835895,2025-11-11T19:49:55Z,PORTE-A,R53618324,UNITE,OK
TKT56293197249,2025-11-11T19:49:55Z,PORTE-B,,UNITE,OK
TKT64392920732,2025-11-11T19:49:57Z,PORTE-C,R57888482,ABONNEMENT,OK
TKT81655424732,2025-11-11T19:49:59Z,PORTE-C,R54477683,ABONNEMENT,OK
TKT89144506690,2025-11-11T19:50:00Z,PORTE-C,R55818850,UNITE,OK
TKT77645514375,2025-11-11T19:50:02Z,PORTE-A,R51790425,ABONNEMENT,OK
TKT33340152243,2025-11-11T19:50:02Z,PORTE-C,R58140492,ABONNEMENT,OK
TKT36148527793,2025-11-11T19:50:02Z,PORTE-B,R59064417,ABONNEMENT,OK
TKT35203903689,2025-11-11T19:50:04Z,PORTE-C,R57558554,UNITE,REFUSE_DEJA_SCANNE
TKT28147446892,2025-11-11T19:50:06Z,PORTE-D,,GROUPE,OK
TKT43336611523,2025-11-11T19:50:07Z,PORTE-A,R54046265,ABONNEMENT,OK
TKT73201639414,2025-11-11T19:50:07Z,PORTE-A,R51559046,ABONNEMENT,OK
TKT68062706216,2025-11-11T19:50:07Z,PORTE-A,R53130912,ABONNEMENT,OK
TKT29675646600,2025-11-11T19:50:07Z,PORTE-A,R54404726,ABONNEMENT,OK
TKT70559116328,2025-11-11T19:50:07Z,PORTE-A,R56608739,UNITE,OK
TKT90588227960,2025-11-11T19:50:08Z,VIP-EST,R59193281,ABONNEMENT,OK
TKT57375029591,2025-11-11T19:50:09Z,VIP-EST,R56375866,UNITE,REFUSE_DEJA_SCANNE
TKT23429713938,2025-11-11T19:50:09Z,PORTE-B,R51794649,UNITE,OK
TKT32614675811,2025-11-11T19:50:10Z,VIP-EST,R59277875,ABONNEMENT,OK
TKT10909060264,2025-11-11T19:50:11Z,PORTE-A,R59964713,ABONNEMENT,REFUSE_DEJA_SCANNE
TKT68451085293,2025-11-11T19:50:11Z,PORTE-B,R52273871,UNITE,OK
TKT15562670401,2025-11-11T19:50:12Z,PORTE-D,R57059495,ABONNEMENT,OK
TKT49714665915,2025-11-11T19:50:12Z,PORTE-C,R58995416,ABONNEMENT,OK
TKT49461408920,2025-11-11T19:50:12Z,PORTE-B,R57945759,UNITE,OK
TKT52629627457,2025-11-11T19:50:12Z,PORTE-B,R58331537,UNITE,OK
TKT76722287147,2025-11-11T19:50:13Z,PORTE-C,R56066636,ABONNEMENT,OK
TKT78905321929,2025-11-11T19:50:13Z,PORTE-A,,UNITE,OK
TKT18901673936,2025-11-11T19:50:14Z,PORTE-C,,GROUPE,OK
TKT96709575710,2025-11-11T19:50:15Z,PORTE-C,R57932005,ABONNEMENT,OK
TKT98911255020,2025-11-11T19:50:16Z,PORTE-B,R59404900,ABONNEMENT,OK
TKT41113549971,2025-11-11T19:50:16Z,PMR-NORD,R56793731,UNITE,OK
TKT17847312528,2025-11-11T19:50:17Z,PORTE-C,R58703427,UNITE,OK
TKT97735046634,2025-11-11T19:50:18Z,PORTE-C,R57963057,ABONNEMENT,OK
TKT10338685206,2025-11-11T19:50:18Z,PORTE-C,,UNITE,OK
TKT82763985929,2025-11-11T19:50:18Z,PORTE-B,,UNITE,OK
TKT13370921834,2025-11-11T19:50:19Z,PORTE-C,R57406798,UNITE,OK
TKT88713051800,2025-11-11T19:50:21Z,PORTE-D,R51255477,ABONNEMENT,OK
TKT38931300990,2025-11-11T19:50:22Z,PORTE-C,R56308034,ABONNEMENT,OK
TKT84571381158,2025-11-11T19:50:26Z,PORTE-C,R51295801,ABONNEMENT,OK
TKT68638177153,2025-11-11T19:50:27Z,VIP-EST,R57749666,UNITE,OK
TKT12474326958,2025-11-11T19:50:29Z,PORTE-C,R54360121,INVITATION,OK
TKT37734542734,2025-11-11T19:50:30Z,VIP-EST,R51054547,ABONNEMENT,OK
TKT92338866522,2025-11-11T19:50:30Z,VIP-EST,R59375543,ABONNEMENT,OK
TKT34518210515,2025-11-11T19:50:30Z,PORTE-B,R56923007,UNITE,OK
TKT48290875795,2025-11-11T19:50:30Z,PORTE-B,R55351878,UNITE,OK
TKT59899719470,2025-11-11T19:50:31Z,PORTE-A,R59968314,ABONNEMENT,OK
TKT99001650996,2025-11-11T19:50:32Z,PORTE-C,R58734345,ABONNEMENT,OK
TKT19613415086,2025-11-11T19:50:32Z,PORTE-D,R54166336,ABONNEMENT,OK
TKT10240535909,2025-11-11T19:50:32Z,VIP-EST,,UNITE,OK
TKT28648088444,2025-11-11T19:50:32Z,PORTE-C,,UNITE,OK
TKT70218197771,2025-11-11T19:50:33Z,PORTE-C,,UNITE,OK
TKT60284228748,2025-11-11T19:50:37Z,PORTE-A,R54458814,ABONNEMENT,OK
TKT71326614890,2025-11-11T19:50:37Z,PORTE-B,R51806152,ABONNEMENT,OK
TKT72990998549,2025-11-11T19:50:38Z,PORTE-C,,INVITATION,OK
TKT70252152664,2025-11-11T19:50:39Z,PORTE-B,R52860646,ABONNEMENT,OK
TKT41793606998,2025-11-11T19:50:41Z,PORTE-B,R57851702,ABONNEMENT,OK
TKT87226542950,2025-11-11T19:50:41Z,PORTE-D,R57879143,ABONNEMENT,OK
TKT18184663827,2025-11-11T19:50:41Z,PORTE-D,R58530896,ABONNEMENT,OK
TKT14617371234,2025-11-11T19:50:41Z,PORTE-C,R52112930,UNITE,OK
TKT76987971103,2025-11-11T19:50:41Z,PORTE-B,,UNITE,OK
TKT68727261245,2025-11-11T19:50:42Z,PORTE-A,R55174865,ABONNEMENT,OK
TKT60041833443,2025-11-11T19:50:42Z,VIP-EST,R57048394,INVITATION,OK
TKT36000022925,2025-11-11T19:50:45Z,PORTE-D,R52994759,INVITATION,OK
TKT71954511671,2025-11-11T19:50:46Z,PMR-NORD,R53484546,ABONNEMENT,OK
TKT98258238022,2025-11-11T19:50:49Z,PORTE-C,R52918613,UNITE,OK
TKT87521316296,2025-11-11T19:50:51Z,VIP-EST,R57616789,ABONNEMENT,OK
TKT94172497729,2025-11-11T19:50:51Z,PMR-NORD,R51971595,ABONNEMENT,OK
TKT34683292540,2025-11-11T19:50:51Z,PORTE-C,R58512171,UNITE,OK
TKT14258279704,2025-11-11T19:50:51Z,VIP-EST,,UNITE,OK
TKT29371673895,2025-11-11T19:50:52Z,PORTE-C,R53294181,UNITE,OK
TKT18721522143,2025-11-11T19:50:53Z,PORTE-C,R53897574,ABONNEMENT,OK
TKT90993945127,2025-11-11T19:50:54Z,PORTE-A,,UNITE,OK
TKT73272679109,2025-11-11T19:50:54Z,PORTE-A,R54325381,UNITE,OK
TKT70233138226,2025-11-11T19:50:55Z,PORTE-C,R55896222,ABONNEMENT,OK
TKT53786961081,2025-11-11T19:50:56Z,PORTE-C,R55634682,ABONNEMENT,OK
TKT54809019772,2025-11-11T19:50:56Z,PORTE-C,R54637944,UNITE,OK
TKT10824365758,2025-11-11T19:50:57Z,VIP-EST,,GROUPE,OK
TKT69500110480,2025-11-11T19:50:59Z,PORTE-A,R59637917,ABONNEMENT,OK
TKT95618709271,2025-11-11T19:50:59Z,PORTE-D,R53941164,UNITE,OK
TKT51587787608,2025-11-11T19:50:59Z,PORTE-C,R52488488,UNITE,OK
TKT23284341979,2025-11-11T19:51:00Z,PORTE-C,R52766589,UNITE,OK
TKT80084576722,2025-11-11T19:51:02Z,VIP-EST,R53767273,VIP,OK
TKT44476884886,2025-11-11T19:51:04Z,VIP-EST,R53037066,ABONNEMENT,OK
TKT41710107363,2025-11-11T19:51:04Z,VIP-EST,R58508148,UNITE,OK
TKT54224458112,2025-11-11T19:51:05Z,PORTE-D,R54278324,ABONNEMENT,REFUSE_DEJA_SCANNE
TKT26514312173,2025-11-11T19:51:05Z,PORTE-D,R52656594,ABONNEMENT,OK
TKT49675681288,2025-11-11T19:51:06Z,VIP-EST,R58593221,ABONNEMENT,OK
TKT12397394621,2025-11-11T19:51:06Z,PORTE-A,R55006568,UNITE,OK
TKT46818949040,2025-11-11T19:51:07Z,PORTE-C,R53039307,ABONNEMENT,OK
TKT47636998181,2025-11-11T19:51:09Z,PORTE-A,R58164466,ABONNEMENT,OK
TKT92117403733,2025-11-11T19:51:12Z,PORTE-B,R53600403,ABONNEMENT,OK
TKT40001401342,2025-11-11T19:51:13Z,PORTE-B,R59260098,ABONNEMENT,OK
TKT95471791763,2025-11-11T19:51:13Z,PORTE-B,R52777690,UNITE,OK
TKT87210086209,2025-11-11T19:51:15Z,PMR-NORD,R55484899,UNITE,OK
TKT94003477823,2025-11-11T19:51:17Z,PORTE-A,R58146421,ABONNEMENT,OK
TKT29028655885,2025-11-11T19:51:17Z,PORTE-D,R56774316,ABONNEMENT,OK
TKT88720382068,2025-11-11T19:51:18Z,PORTE-D,R51213793,ABONNEMENT,OK
TKT64133916051,2025-11-11T19:51:18Z,PMR-NORD,R51839331,UNITE,OK
TKT79765420726,2025-11-11T19:51:19Z,PORTE-C,R53283348,UNITE,OK
TKT77108013275,2025-11-11T19:51:20Z,PORTE-A,R59691382,ABONNEMENT,OK
TKT11648653866,2025-11-11T19:51:21Z,PORTE-A,R59098534,ABONNEMENT,OK
TKT90788101368,2025-11-11T19:51:21Z,PORTE-C,R58933915,UNITE,OK
TKT79932705038,2025-11-11T19:51:23Z,PMR-NORD,R54815369,UNITE,REFUSE_DEJA_SCANNE
TKT89486255801,2025-11-11T19:51:25Z,PORTE-D,R51856361,ABONNEMENT,OK
TKT24911767926,2025-11-11T19:51:25Z,VIP-EST,R56948609,ABONNEMENT,OK
TKT16353870069,2025-11-11T19:51:28Z,PORTE-C,R56081214,ABONNEMENT,OK
TKT60422146340,2025-11-11T19:51:28Z,PORTE-A,R52373187,UNITE,OK
TKT60681253593,2025-11-11T19:51:28Z,PORTE-C,,UNITE,OK
TKT52177918153,2025-11-11T19:51:29Z,PORTE-C,R52826328,UNITE,OK
TKT15842914722,2025-11-11T19:51:29Z,PORTE-D,,UNITE,OK
TKT27825175505,2025-11-11T19:51:29Z,PORTE-B,R53341037,UNITE,OK
TKT57733621329,2025-11-11T19:51:29Z,VIP-EST,R53677373,UNITE,REFUSE_DEJA_SCANNE
TKT20238078532,2025-11-11T19:51:30Z,PORTE-D,R55953174,ABONNEMENT,OK
TKT83513533064,2025-11-11T19:51:30Z,PORTE-C,R53454988,ABONNEMENT,OK
TKT82329921306,2025-11-11T19:51:31Z,VIP-EST,R59308736,UNITE,OK
TKT67286151711,2025-11-11T19:51:32Z,PORTE-C,R53624521,ABONNEMENT,OK
TKT80204956401,2025-11-11T19:51:32Z,PORTE-D,R53283616,ABONNEMENT,OK
TKT64758892010,2025-11-11T19:51:33Z,PORTE-C,R53241252,ABONNEMENT,OK
TKT97743768002,2025-11-11T19:51:35Z,PORTE-C,R57231068,ABONNEMENT,OK
TKT81231438074,2025-11-11T19:51:36Z,PORTE-C,R59827947,ABONNEMENT,OK
TKT45425454709,2025-11-11T19:51:38Z,PORTE-C,R51474663,UNITE,OK
TKT66723119321,2025-11-11T19:51:38Z,PORTE-A,R56368577,UNITE,OK
TKT55525164487,2025-11-11T19:51:38Z,PORTE-C,R59963420,UNITE,OK
TKT21930743091,2025-11-11T19:51:39Z,PORTE-C,R51302544,ABONNEMENT,OK
TKT44373284698,2025-11-11T19:51:39Z,PORTE-A,R56163490,UNITE,OK
TKT27186814499,2025-11-11T19:51:41Z,VIP-EST,R59743832,ABONNEMENT,OK
TKT83245573489,2025-11-11T19:51:42Z,PORTE-B,R55758173,ABONNEMENT,OK
TKT88183522048,2025-11-11T19:51:42Z,PORTE-A,R56115207,ABONNEMENT,OK
TKT28596618519,2025-11-11T19:51:42Z,PORTE-C,R56439273,ABONNEMENT,OK
TKT81957241219,2025-11-11T19:51:43Z,PORTE-C,R57244075,UNITE,OK
TKT23940481395,2025-11-11T19:51:44Z,PORTE-C,R51510284,ABONNEMENT,OK
TKT39938346311,2025-11-11T19:51:45Z,PORTE-C,R58494260,ABONNEMENT,OK
TKT68341526097,2025-11-11T19:51:45Z,VIP-EST,R59881278,UNITE,OK
TKT10595354236,2025-11-11T19:51:46Z,PORTE-A,R58975743,UNITE,OK
TKT40738792777,2025-11-11T19:51:48Z,PORTE-C,,GROUPE,OK
TKT13534655092,2025-11-11T19:51:50Z,PORTE-C,R54668249,ABONNEMENT,OK
TKT48803936156,2025-11-11T19:51:52Z,PORTE-A,R51777207,UNITE,OK
TKT71856786053,2025-11-11T19:51:53Z,PORTE-A,R58215144,ABONNEMENT,OK
TKT68436640133,2025-11-11T19:51:54Z,PORTE-C,R55500502,ABONNEMENT,OK
TKT26253842551,2025-11-11T19:51:54Z,PORTE-C,R58240344,UNITE,OK
TKT89849003532,2025-11-11T19:51:55Z,PORTE-C,R52450559,UNITE,OK
TKT16512562783,2025-11-11T19:51:56Z,PORTE-C,,GROUPE,OK
TKT20017836691,2025-11-11T19:51:57Z,VIP-EST,R57172632,ABONNEMENT,OK
TKT56348494204,2025-11-11T19:51:57Z,PORTE-D,,GROUPE,OK
TKT87514337091,2025-11-11T19:51:58Z,PORTE-C,R56324039,ABONNEMENT,OK
TKT27830003761,2025-11-11T19:51:58Z,PORTE-C,R52540057,UNITE,OK
TKT68382708596,2025-11-11T19:52:00Z,PORTE-C,R55746593,ABONNEMENT,OK
TKT48778505754,2025-11-11T19:52:02Z,PORTE-A,R56315993,UNITE,OK
TKT25430892825,2025-11-11T19:52:02Z,VIP-EST,R55732762,UNITE,OK
TKT95546197310,2025-11-11T19:52:03Z,PORTE-C,R57766428,UNITE,OK
TKT57583509874,2025-11-11T19:52:04Z,PORTE-C,R55609147,ABONNEMENT,OK
TKT47562333345,2025-11-11T19:52:04Z,VIP-EST,R51016474,UNITE,OK
TKT19022599665,2025-11-11T19:52:05Z,PORTE-C,R51928082,UNITE,REFUSE_DEJA_SCANNE
TKT89714609785,2025-11-11T19:52:07Z,PORTE-B,R57232907,ABONNEMENT,OK
TKT44986503311,2025-11-11T19:52:07Z,PORTE-A,R53297102,ABONNEMENT,OK
TKT11672400614,2025-11-11T19:52:08Z,PORTE-A,R57236049,UNITE,OK
TKT67638961118,2025-11-11T19:52:09Z,PORTE-C,R51102706,UNITE,OK
TKT29055905788,2025-11-11T19:52:09Z,PORTE-C,R59955384,INVITATION,OK
TKT12861193132,2025-11-11T19:52:10Z,PORTE-D,R58931674,ABONNEMENT,OK
TKT61978446387,2025-11-11T19:52:10Z,VIP-EST,,GROUPE,OK
TKT77497228837,2025-11-11T19:52:11Z,VIP-EST,R53975693,UNITE,OK
TKT15077485467,2025-11-11T19:52:12Z,PMR-NORD,,UNITE,OK
TKT48981931084,2025-11-11T19:52:13Z,PORTE-A,R55766822,ABONNEMENT,OK
TKT37211473298,2025-11-11T19:52:13Z,PORTE-C,,UNITE,OK
TKT76200868270,2025-11-11T19:52:14Z,PORTE-A,R51710055,ABONNEMENT,OK
TKT14176637023,2025-11-11T19:52:15Z,VIP-EST,R51167885,ABONNEMENT,OK
TKT94481277594,2025-11-11T19:52:16Z,VIP-EST,,UNITE,OK
TKT94209514139,2025-11-11T19:52:17Z,PORTE-A,R56984106,UNITE,OK
TKT19786914534,2025-11-11T19:52:18Z,PORTE-B,R59298305,UNITE,OK
TKT32278971390,2025-11-11T19:52:19Z,PORTE-C,,UNITE,OK
TKT71582072871,2025-11-11T19:52:20Z,PORTE-A,R51889865,UNITE,OK
TKT51271567314,2025-11-11T19:52:20Z,PORTE-C,,UNITE,OK
TKT40494129289,2025-11-11T19:52:21Z,VIP-EST,R58239520,UNITE,OK
TKT17372095937,2025-11-11T19:52:22Z,PORTE-A,,UNITE,OK
TKT93867703682,2025-11-11T19:52:22Z,PORTE-B,R59285499,UNITE,OK
TKT86981151727,2025-11-11T19:52:22Z,PORTE-A,R58114612,UNITE,OK
TKT70502312988,2025-11-11T19:52:22Z,PORTE-D,R54771578,INVITATION,OK
TKT84736637107,2025-11-11T19:52:23Z,PORTE-B,R59250491,UNITE,OK
TKT81800511271,2025-11-11T19:52:23Z,PORTE-D,R54701562,UNITE,OK
TKT66975227439,2025-11-11T19:52:24Z,PORTE-C,R53284507,UNITE,OK
TKT62678507216,2025-11-11T19:52:25Z,PORTE-C,,INVITATION,OK
TKT50206555988,2025-11-11T19:52:26Z,VIP-EST,R57401348,UNITE,OK
TKT66355925566,2025-11-11T19:52:28Z,PORTE-D,R55331994,ABONNEMENT,OK
TKT84363934692,2025-11-11T19:52:28Z,PORTE-C,,GROUPE,OK
TKT51440387234,2025-11-11T19:52:29Z,VIP-EST,R58100781,UNITE,OK
TKT82449855913,2025-11-11T19:52:29Z,PORTE-C,R52778916,UNITE,OK
TKT66908489513,2025-11-11T19:52:31Z,PORTE-D,R54589316,ABONNEMENT,OK
TKT36411631929,2025-11-11T19:52:32Z,PORTE-A,R51372359,ABONNEMENT,OK
TKT69355181114,2025-11-11T19:52:34Z,PORTE-C,R56865251,UNITE,OK
TKT76427126775,2025-11-11T19:52:35Z,PORTE-C,R59195666,UNITE,OK
TKT64851034596,2025-11-11T19:52:36Z,PORTE-C,,UNITE,OK
TKT45252649877,2025-11-11T19:52:38Z,VIP-EST,R52285518,ABONNEMENT,OK
TKT70871185580,2025-11-11T19:52:38Z,PORTE-B,R53624521,UNITE,OK
TKT66235443911,2025-11-11T19:52:38Z,PORTE-B,R56960323,UNITE,OK
TKT57294878858,2025-11-11T19:52:39Z,PORTE-A,,UNITE,OK
TKT64668575150,2025-11-11T19:52:39Z,PORTE-D,R57570670,UNITE,OK
TKT43878185717,2025-11-11T19:52:41Z,PORTE-A,R58202137,UNITE,OK
TKT10016861760,2025-11-11T19:52:42Z,PORTE-C,,UNITE,OK
TKT49337900132,2025-11-11T19:52:43Z,VIP-EST,,VIP,OK
TKT72136963827,2025-11-11T19:52:45Z,VIP-EST,R57477293,UNITE,OK
TKT68559128151,2025-11-11T19:52:47Z,PORTE-C,R52367660,UNITE,OK
TKT67361224700,2025-11-11T19:52:49Z,PORTE-C,,UNITE,OK
TKT17346028548,2025-11-11T19:52:50Z,PORTE-A,R52446536,ABONNEMENT,OK
TKT66532800557,2025-11-11T19:52:50Z,PORTE-A,,UNITE,OK
TKT89466427726,2025-11-11T19:52:52Z,PORTE-B,R52765631,ABONNEMENT,OK
TKT91541597357,2025-11-11T19:52:54Z,PORTE-D,,UNITE,OK
TKT66343791612,2025-11-11T19:52:55Z,PORTE-D,R57389423,UNITE,OK
TKT71785111378,2025-11-11T19:52:56Z,PORTE-C,R51924471,INVITATION,OK
TKT20973890983,2025-11-11T19:52:56Z,PORTE-D,R52901114,UNITE,OK
TKT41286861056,2025-11-11T19:52:57Z,PORTE-C,R54945469,ABONNEMENT,OK
TKT11363695055,2025-11-11T19:52:57Z,PORTE-B,R52902675,UNITE,OK
TKT98138872877,2025-11-11T19:52:58Z,VIP-EST,R56992879,UNITE,OK
TKT56552615049,2025-11-11T19:52:58Z,PORTE-A,R59302462,UNITE,OK
TKT36268627766,2025-11-11T19:52:58Z,PORTE-D,,INVITATION,OK
TKT10422647960,2025-11-11T19:52:58Z,PORTE-C,R56554527,UNITE,OK
TKT52148024190,2025-11-11T19:52:59Z,PORTE-A,R53409224,ABONNEMENT,OK
TKT81126050919,2025-11-11T19:53:01Z,VIP-EST,R52297989,ABONNEMENT,OK
TKT97788051082,2025-11-11T19:53:01Z,PORTE-D,R51071108,UNITE,OK
TKT57804122609,2025-11-11T19:53:02Z,PORTE-C,R51346268,UNITE,OK
TKT51428125173,2025-11-11T19:53:02Z,PORTE-B,R59279302,UNITE,OK
TKT76771420492,2025-11-11T19:53:03Z,VIP-EST,R58721472,UNITE,OK
TKT71436496425,2025-11-11T19:53:04Z,PORTE-B,R51391774,UNITE,OK
TKT68003780961,2025-11-11T19:53:05Z,PORTE-B,R58693284,ABONNEMENT,OK
TKT33660606939,2025-11-11T19:53:06Z,PORTE-A,R56539336,UNITE,OK
TKT90614262624,2025-11-11T19:53:09Z,PORTE-C,,UNITE,OK
TKT94065002624,2025-11-11T19:53:11Z,PORTE-D,,UNITE,OK
TKT48400832023,2025-11-11T19:53:12Z,PORTE-D,R56491522,ABONNEMENT,OK
TKT96683213251,2025-11-11T19:53:12Z,PORTE-C,R56996088,UNITE,OK
TKT35796441637,2025-11-11T19:53:12Z,VIP-EST,,UNITE,OK
TKT25409744142,2025-11-11T19:53:12Z,PORTE-A,,VIP,OK
TKT13074464841,2025-11-11T19:53:13Z,PORTE-D,R56800129,UNITE,OK
TKT97718262841,2025-11-11T19:53:13Z,PORTE-C,,GROUPE,OK
TKT56575057809,2025-11-11T19:53:15Z,PORTE-C,R58661944,UNITE,OK
TKT14274941537,2025-11-11T19:53:15Z,PORTE-C,R55480417,UNITE,OK
TKT61566341212,2025-11-11T19:53:15Z,PORTE-C,R52628051,UNITE,OK
TKT60632843624,2025-11-11T19:53:15Z,PORTE-B,R56718945,UNITE,OK
TKT68026863194,2025-11-11T19:53:17Z,PORTE-D,R51315829,ABONNEMENT,OK
TKT18231618099,2025-11-11T19:53:17Z,PMR-NORD,R53037736,ABONNEMENT,OK
TKT41565676633,2025-11-11T19:53:19Z,PORTE-D,R53124658,ABONNEMENT,OK
TKT99814432768,2025-11-11T19:53:20Z,PORTE-D,,INVITATION,OK
TKT63500381518,2025-11-11T19:53:21Z,PORTE-C,R53878025,ABONNEMENT,OK
TKT42682684064,2025-11-11T19:53:21Z,PORTE-A,R54714435,VIP,OK
TKT37434625686,2025-11-11T19:53:24Z,PORTE-D,R53599187,UNITE,OK
TKT25780215121,2025-11-11T19:53:24Z,PORTE-C,R53916989,UNITE,OK
TKT37379799234,2025-11-11T19:53:30Z,PORTE-D,R54321636,INVITATION,OK
TKT51412737026,2025-11-11T19:53:31Z,VIP-EST,R53217211,UNITE,OK
TKT34752991522,2025-11-11T19:53:32Z,PORTE-C,R54724032,UNITE,REFUSE_DEJA_SCANNE
TKT38208412765,2025-11-11T19:53:34Z,PORTE-A,R57777663,ABONNEMENT,OK
TKT93812451033,2025-11-11T19:53:35Z,PORTE-B,,UNITE,REFUSE_DEJA_SCANNE
TKT14105533142,2025-11-11T19:53:36Z,VIP-EST,R59142670,UNITE,OK
TKT14064713025,2025-11-11T19:53:38Z,PORTE-D,R54934234,ABONNEMENT,OK
TKT57604183219,2025-11-11T19:53:39Z,PORTE-D,R57450187,UNITE,OK
TKT17496659065,2025-11-11T19:53:40Z,VIP-EST,,UNITE,OK
TKT42079758115,2025-11-11T19:53:41Z,PORTE-C,R54664715,ABONNEMENT,OK
TKT17876924673,2025-11-11T19:53:41Z,PORTE-C,R57193608,UNITE,OK
TKT47306927780,2025-11-11T19:53:43Z,PORTE-A,R56826153,ABONNEMENT,OK
TKT25825999595,2025-11-11T19:53:43Z,PORTE-C,R58014961,UNITE,OK
TKT68196772507,2025-11-11T19:53:45Z,PORTE-D,R56994862,UNITE,OK
TKT69852952773,2025-11-11T19:53:47Z,PORTE-D,R55737599,ABONNEMENT,OK
TKT93271705256,2025-11-11T19:53:47Z,VIP-EST,R59932358,UNITE,OK
TKT34920335404,2025-11-11T19:53:48Z,PORTE-D,R57264917,ABONNEMENT,OK
TKT21208686823,2025-11-11T19:53:51Z,PORTE-C,R56262605,ABONNEMENT,OK
TKT28256184108,2025-11-11T19:53:52Z,PORTE-B,R53391303,UNITE,OK
TKT96495596990,2025-11-11T19:53:53Z,PORTE-A,R54833223,UNITE,OK
TKT65636447878,2025-11-11T19:53:57Z,PORTE-B,R53317197,ABONNEMENT,OK
TKT44032307709,2025-11-11T19:53:59Z,PORTE-D,R57498815,ABONNEMENT,OK
TKT41498451847,2025-11-11T19:54:01Z,PORTE-A,R54151222,ABONNEMENT,OK
TKT74301895234,2025-11-11T19:54:01Z,PORTE-A,R56889905,UNITE,OK
TKT59297858919,2025-11-11T19:54:03Z,PORTE-C,R51147867,ABONNEMENT,OK
TKT87456855320,2025-11-11T19:54:03Z,PORTE-A,,GROUPE,OK
TKT26775507652,2025-11-11T19:54:03Z,PORTE-C,R53420861,UNITE,OK
TKT42495500529,2025-11-11T19:54:03Z,PORTE-A,R54728879,UNITE,OK
TKT49438976252,2025-11-11T19:54:04Z,VIP-EST,,UNITE,OK
TKT21438449374,2025-11-11T19:54:05Z,PORTE-A,R58115905,ABONNEMENT,OK
TKT34675870534,2025-11-11T19:54:05Z,PORTE-B,R58593633,UNITE,OK
TKT84659401824,2025-11-11T19:54:05Z,PORTE-B,R52663471,UNITE,OK
TKT37416073680,2025-11-11T19:54:06Z,VIP-EST,R54567114,UNITE,OK
TKT64472195360,2025-11-11T19:54:07Z,PORTE-C,R52703795,UNITE,OK
TKT14135113965,2025-11-11T19:54:09Z,VIP-EST,R59913968,UNITE,OK
TKT76808077009,2025-11-11T19:54:09Z,VIP-EST,,UNITE,OK
TKT46214421734,2025-11-11T19:54:12Z,VIP-EST,R58624685,ABONNEMENT,OK
TKT23605788165,2025-11-11T19:54:13Z,PORTE-C,R56052748,UNITE,OK
TKT30499349405,2025-11-11T19:54:15Z,PORTE-C,R55466854,UNITE,OK
TKT23711867490,2025-11-11T19:54:16Z,PORTE-C,R58465315,ABONNEMENT,OK
TKT11045188387,2025-11-11T19:54:17Z,PORTE-B,R53115185,ABONNEMENT,OK
TKT32404491141,2025-11-11T19:54:17Z,VIP-EST,R56857684,UNITE,OK
TKT75575079077,2025-11-11T19:54:17Z,VIP-EST,,UNITE,OK
TKT14292117421,2025-11-11T19:54:19Z,PORTE-A,R57190342,GROUPE,OK
TKT70832957864,2025-11-11T19:54:21Z,PORTE-D,R54912166,ABONNEMENT,OK
TKT64541606010,2025-11-11T19:54:24Z,PORTE-A,R56111395,ABONNEMENT,OK
TKT95160751635,2025-11-11T19:54:26Z,PORTE-C,,UNITE,OK
TKT81905049702,2025-11-11T19:54:27Z,PORTE-B,,UNITE,OK
TKT39305306793,2025-11-11T19:54:28Z,PORTE-D,R58376152,ABONNEMENT,OK
TKT57977242518,2025-11-11T19:54:29Z,PORTE-D,R59963420,ABONNEMENT,OK
TKT98839308324,2025-11-11T19:54:29Z,PORTE-C,R52481343,ABONNEMENT,OK
TKT96655023412,2025-11-11T19:54:29Z,PORTE-C,R55834587,ABONNEMENT,OK
TKT29480932599,2025-11-11T19:54:29Z,PORTE-D,R56200749,UNITE,OK
TKT27703808683,2025-11-11T19:54:31Z,PORTE-C,R54824574,ABONNEMENT,OK
TKT90485558794,2025-11-11T19:54:31Z,PORTE-C,R52071792,UNITE,OK
TKT70851019948,2025-11-11T19:54:33Z,VIP-EST,R54467664,ABONNEMENT,OK
TKT91266317493,2025-11-11T19:54:33Z,PORTE-D,,GROUPE,OK
TKT73222555214,2025-11-11T19:54:34Z,VIP-EST,R57057857,ABONNEMENT,OK
TKT16562001834,2025-11-11T19:54:35Z,PORTE-C,R57293805,ABONNEMENT,OK
TKT71525653299,2025-11-11T19:54:35Z,VIP-EST,R54097958,ABONNEMENT,OK
TKT24248399717,2025-11-11T19:54:35Z,PORTE-D,R52303918,UNITE,OK
TKT97159232626,2025-11-11T19:54:35Z,PORTE-A,R55323067,UNITE,OK
TKT12119239116,2025-11-11T19:54:35Z,PORTE-B,R52596386,UNITE,OK
TKT64851034596,2025-11-11T19:54:36Z,PORTE-C,,UNITE,REFUSE_DEJA_SCANNE
TKT78483719265,2025-11-11T19:54:39Z,PORTE-C,R55495196,ABONNEMENT,OK
TKT34989814170,2025-11-11T19:54:39Z,PORTE-C,R58890459,ABONNEMENT,OK
TKT33374182401,2025-11-11T19:54:39Z,PORTE-A,R57521295,UNITE,OK
TKT58365600035,2025-11-11T19:54:41Z,VIP-EST,R56333090,ABONNEMENT,OK
TKT88966547641,2025-11-11T19:54:41Z,PORTE-A,R56310007,UNITE,OK
TKT79753665178,2025-11-11T19:54:41Z,PORTE-C,R59861729,UNITE,OK
TKT24851199991,2025-11-11T19:54:43Z,PORTE-C,R52195963,ABONNEMENT,OK
TKT89138470682,2025-11-11T19:54:43Z,VIP-EST,R52777690,UNITE,OK
TKT64704731124,2025-11-11T19:54:45Z,PORTE-C,R58158882,ABONNEMENT,OK
TKT53396663054,2025-11-11T19:54:45Z,PORTE-C,R54447703,ABONNEMENT,OK
TKT12378721542,2025-11-11T19:54:46Z,PORTE-D,R53445525,UNITE,OK
TKT84196274860,2025-11-11T19:54:47Z,PORTE-C,,UNITE,OK
TKT73231378475,2025-11-11T19:54:50Z,PORTE-C,R59665492,UNITE,OK
TKT24075191354,2025-11-11T19:54:52Z,PORTE-C,R51718972,ABONNEMENT,OK
TKT75616130804,2025-11-11T19:54:52Z,VIP-EST,,VIP,OK
TKT25186098406,2025-11-11T19:54:54Z,PORTE-B,R57309187,ABONNEMENT,OK
TKT62662969930,2025-11-11T19:54:54Z,PORTE-C,R55248157,UNITE,OK
TKT83313907341,2025-11-11T19:54:55Z,PORTE-D,R56630472,ABONNEMENT,OK
TKT81155170644,2025-11-11T19:54:55Z,PORTE-A,R53888178,ABONNEMENT,OK
TKT47882395102,2025-11-11T19:54:55Z,PMR-NORD,R52076562,UNITE,OK
TKT27961322819,2025-11-11T19:54:57Z,VIP-EST,R57364223,UNITE,OK
TKT58342590778,2025-11-11T19:54:58Z,PORTE-C,R54673900,ABONNEMENT,OK
TKT56324722820,2025-11-11T19:54:58Z,VIP-EST,R56315859,VIP,OK
TKT94513477211,2025-11-11T19:55:00Z,VIP-EST,R59213922,UNITE,OK
TKT41145012099,2025-11-11T19:55:00Z,PORTE-C,R52439994,UNITE,OK
TKT97475337613,2025-11-11T19:55:01Z,PORTE-D,,UNITE,OK
TKT69137403702,2025-11-11T19:55:02Z,VIP-EST,R55194548,ABONNEMENT,OK
TKT33188822435,2025-11-11T19:55:02Z,VIP-EST,,UNITE,OK
TKT94721065364,2025-11-11T19:55:03Z,VIP-EST,R57038720,ABONNEMENT,OK
TKT63069226343,2025-11-11T19:55:03Z,PORTE-D,,UNITE,OK
TKT68434712362,2025-11-11T19:55:04Z,PORTE-D,R53596323,ABONNEMENT,OK
TKT81870559673,2025-11-11T19:55:06Z,VIP-EST,R52446201,ABONNEMENT,OK
TKT17859927536,2025-11-11T19:55:06Z,PORTE-C,R52634392,ABONNEMENT,OK
TKT61933843804,2025-11-11T19:55:07Z,PORTE-A,R56373692,ABONNEMENT,OK
TKT67673768726,2025-11-11T19:55:07Z,PORTE-D,R56478716,UNITE,OK
TKT10458492689,2025-11-11T19:55:07Z,VIP-EST,R54339614,UNITE,OK
TKT53702643056,2025-11-11T19:55:08Z,PORTE-C,R57871308,ABONNEMENT,OK
TKT60969326777,2025-11-11T19:55:08Z,VIP-EST,,UNITE,OK
TKT34745904656,2025-11-11T19:55:11Z,PORTE-A,R57394270,ABONNEMENT,OK
TKT77621683971,2025-11-11T19:55:12Z,PORTE-C,R52286821,ABONNEMENT,OK
TKT46238297592,2025-11-11T19:55:13Z,PORTE-A,R54599526,VIP,OK
TKT28535133724,2025-11-11T19:55:15Z,VIP-EST,R59249332,ABONNEMENT,OK
TKT99700560371,2025-11-11T19:55:17Z,PORTE-C,R59578523,ABONNEMENT,OK
TKT14667329559,2025-11-11T19:55:17Z,PORTE-C,,UNITE,OK
TKT79970584306,2025-11-11T19:55:23Z,PORTE-A,R57545748,ABONNEMENT,REFUSE_DEJA_SCANNE
TKT84927251928,2025-11-11T19:55:23Z,PORTE-D,R57797279,UNITE,OK
TKT88925712459,2025-11-11T19:55:24Z,VIP-EST,R57079657,VIP,OK
TKT23834167687,2025-11-11T19:55:24Z,PMR-NORD,,UNITE,OK
TKT58378102392,2025-11-11T19:55:25Z,PORTE-C,R52207878,ABONNEMENT,OK
TKT37429806177,2025-11-11T19:55:25Z,PORTE-C,,UNITE,REFUSE_INVALIDE
TKT54795321415,2025-11-11T19:55:26Z,VIP-EST,R55499142,UNITE,OK
TKT32338213390,2025-11-11T19:55:27Z,PORTE-C,R53454241,ABONNEMENT,OK
TKT24774166525,2025-11-11T19:55:27Z,PORTE-C,R59265203,UNITE,OK
TKT77107366121,2025-11-11T19:55:28Z,PORTE-C,,UNITE,OK
TKT98091004653,2025-11-11T19:55:31Z,PORTE-C,,UNITE,OK
TKT60992132057,2025-11-11T19:55:32Z,VIP-EST,R51324813,ABONNEMENT,OK
TKT18274544785,2025-11-11T19:55:32Z,PORTE-D,R54491638,ABONNEMENT,OK
TKT63088491422,2025-11-11T19:55:32Z,VIP-EST,R52097739,UNITE,OK
TKT22829209710,2025-11-11T19:55:32Z,PORTE-C,,UNITE,REFUSE_INVALIDE
TKT45738041596,2025-11-11T19:55:33Z,VIP-EST,R55446558,ABONNEMENT,OK
TKT92728456238,2025-11-11T19:55:33Z,PORTE-C,R55178945,UNITE,OK
TKT10047275519,2025-11-11T19:55:34Z,PORTE-C,R58499231,ABONNEMENT,OK
TKT88220210645,2025-11-11T19:55:35Z,VIP-EST,R51638669,VIP,OK
TKT99807748989,2025-11-11T19:55:37Z,PORTE-B,R57274725,UNITE,OK
TKT45999234567,2025-11-11T19:55:38Z,PORTE-A,R58919682,ABONNEMENT,OK
TKT71205827238,2025-11-11T19:55:39Z,PORTE-C,,UNITE,OK
TKT44089276184,2025-11-11T19:55:41Z,PORTE-A,R58652826,ABONNEMENT,OK
TKT29389497431,2025-11-11T19:55:41Z,PORTE-B,R56657913,ABONNEMENT,OK
TKT40377720178,2025-11-11T19:55:44Z,PORTE-D,R57278336,ABONNEMENT,OK
TKT42891457838,2025-11-11T19:55:44Z,PORTE-A,R56861563,UNITE,OK
TKT55360735011,2025-11-11T19:55:46Z,PORTE-D,R51976576,ABONNEMENT,OK
TKT20301070603,2025-11-11T19:55:46Z,PORTE-C,R58235842,ABONNEMENT,OK
TKT11817375688,2025-11-11T19:55:48Z,PORTE-C,R57712350,UNITE,OK
TKT75398037304,2025-11-11T19:55:48Z,PORTE-B,,UNITE,OK
TKT90361007544,2025-11-11T19:55:50Z,PORTE-C,R57648387,ABONNEMENT,OK
TKT57648205225,2025-11-11T19:55:51Z,PORTE-D,,GROUPE,OK
TKT16089176822,2025-11-11T19:55:52Z,PORTE-C,,UNITE,OK
TKT98979831739,2025-11-11T19:55:52Z,VIP-EST,R58207711,UNITE,OK
TKT58780902574,2025-11-11T19:55:52Z,PORTE-C,,UNITE,OK
TKT52006745205,2025-11-11T19:55:53Z,PORTE-A,,UNITE,OK
TKT63219522194,2025-11-11T19:55:54Z,PORTE-C,,GROUPE,OK
TKT87637172803,2025-11-11T19:55:55Z,PORTE-B,R59174489,ABONNEMENT,OK
TKT63266224684,2025-11-11T19:55:55Z,PORTE-B,,UNITE,OK
TKT70929461817,2025-11-11T19:55:56Z,PORTE-C,R57000791,ABONNEMENT,OK
TKT98630755455,2025-11-11T19:55:57Z,PORTE-A,,UNITE,OK
TKT10516676132,2025-11-11T19:55:58Z,PORTE-A,R52792201,ABONNEMENT,OK
TKT31067430799,2025-11-11T19:55:58Z,PORTE-C,R57836779,ABONNEMENT,OK
TKT77118938802,2025-11-11T19:55:58Z,PORTE-D,R51623890,UNITE,OK
TKT34507342397,2025-11-11T19:56:00Z,PORTE-C,R53603602,ABONNEMENT,OK
TKT39804998096,2025-11-11T19:56:00Z,VIP-EST,R59359605,UNITE,OK
TKT66318805027,2025-11-11T19:56:01Z,PORTE-C,R52614297,ABONNEMENT,OK
TKT42948504606,2025-11-11T19:56:01Z,PORTE-A,R58511290,UNITE,OK
TKT75142263490,2025-11-11T19:56:02Z,PORTE-D,R57959513,GROUPE,OK
TKT39541801330,2025-11-11T19:56:02Z,PORTE-A,,GROUPE,OK
TKT92314849539,2025-11-11T19:56:03Z,PORTE-C,R56732431,ABONNEMENT,OK
TKT70897597103,2025-11-11T19:56:06Z,PORTE-D,R58620873,ABONNEMENT,OK
TKT76618365134,2025-11-11T19:56:06Z,PORTE-A,R57509571,ABONNEMENT,OK
TKT96326526479,2025-11-11T19:56:08Z,PORTE-C,R51777897,UNITE,OK
TKT12723284441,2025-11-11T19:56:09Z,VIP-EST,R59864037,UNITE,OK
TKT72283227440,2025-11-11T19:56:12Z,PORTE-A,R59844488,ABONNEMENT,OK
TKT95879663534,2025-11-11T19:56:12Z,PORTE-D,R53262851,UNITE,OK
TKT86710383526,2025-11-11T19:56:12Z,VIP-EST,,UNITE,OK
TKT36867628510,2025-11-11T19:56:13Z,PORTE-C,R57371033,ABONNEMENT,OK
TKT55654360706,2025-11-11T19:56:13Z,PORTE-C,R58786450,UNITE,OK
TKT78767536211,2025-11-11T19:56:13Z,PORTE-A,,UNITE,REFUSE_INVALIDE
TKT60487780338,2025-11-11T19:56:14Z,PORTE-C,R56637828,ABONNEMENT,OK
TKT34714350125,2025-11-11T19:56:14Z,PORTE-C,,UNITE,OK
TKT92438175043,2025-11-11T19:56:15Z,PORTE-A,R58196074,ABONNEMENT,OK
TKT48557418746,2025-11-11T19:56:16Z,PORTE-D,,UNITE,OK
TKT91744594428,2025-11-11T19:56:17Z,PORTE-D,R53105990,ABONNEMENT,OK
TKT77579181086,2025-11-11T19:56:17Z,PORTE-A,R51321068,ABONNEMENT,OK
TKT98303772796,2025-11-11T19:56:17Z,VIP-EST,,VIP,OK
TKT16540050996,2025-11-11T19:56:18Z,PORTE-D,,GROUPE,OK
TKT41958152666,2025-11-11T19:56:20Z,VIP-EST,R59357230,ABONNEMENT,OK
TKT10636242074,2025-11-11T19:56:23Z,PORTE-C,R59619594,ABONNEMENT,OK
TKT62801205032,2025-11-11T19:56:26Z,PORTE-A,R56553569,ABONNEMENT,OK
TKT88358315105,2025-11-11T19:56:26Z,PORTE-C,R58302860,UNITE,OK
TKT32305403928,2025-11-11T19:56:27Z,PORTE-D,R56545878,ABONNEMENT,OK
TKT50438976498,2025-11-11T19:56:27Z,PORTE-C,R52296485,ABONNEMENT,OK
TKT22074629531,2025-11-11T19:56:28Z,PORTE-C,R57608207,ABONNEMENT,OK
TKT11953779429,2025-11-11T19:56:28Z,VIP-EST,R52405532,ABONNEMENT,OK
TKT85083609573,2025-11-11T19:56:29Z,PORTE-C,,UNITE,OK
TKT63089811363,2025-11-11T19:56:31Z,PORTE-D,R54617715,ABONNEMENT,OK
TKT12882102589,2025-11-11T19:56:31Z,PORTE-A,R56171938,ABONNEMENT,OK
TKT98605026719,2025-11-11T19:56:31Z,PORTE-D,,UNITE,OK
TKT23460531998,2025-11-11T19:56:32Z,PORTE-A,R51181850,ABONNEMENT,OK
TKT32382316598,2025-11-11T19:56:34Z,PORTE-B,R52772997,UNITE,OK
TKT44112582018,2025-11-11T19:56:36Z,PORTE-C,R58331671,INVITATION,OK
TKT78225610920,2025-11-11T19:56:37Z,PORTE-C,R55752167,UNITE,OK
TKT98202148768,2025-11-11T19:56:37Z,PORTE-C,R59020348,UNITE,OK
TKT20084810099,2025-11-11T19:56:39Z,PORTE-C,R57177536,ABONNEMENT,OK
TKT43415206804,2025-11-11T19:56:40Z,PORTE-C,R57440379,ABONNEMENT,OK
TKT79359906901,2025-11-11T19:56:41Z,PORTE-A,R58220996,ABONNEMENT,OK
TKT20175846008,2025-11-11T19:56:42Z,PORTE-A,,UNITE,REFUSE_INVALIDE
TKT63593986636,2025-11-11T19:56:43Z,PORTE-A,R52465338,ABONNEMENT,OK
TKT67176530515,2025-11-11T19:56:48Z,PORTE-D,R55925991,ABONNEMENT,OK
TKT25514637909,2025-11-11T19:56:48Z,PORTE-D,,UNITE,OK
TKT82901969974,2025-11-11T19:56:48Z,VIP-EST,R52013902,UNITE,OK
TKT44004182683,2025-11-11T19:56:49Z,PORTE-C,R59250836,UNITE,OK
TKT60049009379,2025-11-11T19:56:52Z,PORTE-C,R55799445,ABONNEMENT,OK
TKT63078211854,2025-11-11T19:56:53Z,PORTE-D,R58504959,ABONNEMENT,OK
TKT43142561291,2025-11-11T19:56:54Z,PORTE-C,R55923127,UNITE,OK
TKT88079177327,2025-11-11T19:56:55Z,VIP-EST,R58564477,ABONNEMENT,OK
TKT46031949125,2025-11-11T19:56:58Z,VIP-EST,R55228608,ABONNEMENT,OK
TKT78620264877,2025-11-11T19:56:58Z,PORTE-C,R53250514,ABONNEMENT,OK
TKT15268355244,2025-11-11T19:57:00Z,PORTE-B,,UNITE,OK
TKT38652244289,2025-11-11T19:57:01Z,PORTE-D,R55906586,ABONNEMENT,OK
TKT72966185306,2025-11-11T19:57:01Z,PORTE-B,R53065877,UNITE,OK
TKT10096058927,2025-11-11T19:57:01Z,PORTE-D,R52752145,UNITE,OK
TKT43532439496,2025-11-11T19:57:03Z,PORTE-C,,UNITE,OK
TKT56882357506,2025-11-11T19:57:05Z,PORTE-C,R55505617,UNITE,OK
TKT78807559489,2025-11-11T19:57:08Z,PMR-NORD,R54528552,UNITE,OK
TKT96437768354,2025-11-11T19:57:08Z,VIP-EST,R55798142,UNITE,OK
TKT75169415519,2025-11-11T19:57:10Z,PORTE-C,R55692515,UNITE,OK
TKT42482290301,2025-11-11T19:57:12Z,PORTE-D,R55929257,ABONNEMENT,OK
TKT61204354653,2025-11-11T19:57:12Z,PORTE-B,,GROUPE,OK
TKT63810060714,2025-11-11T19:57:14Z,PORTE-C,R51068656,UNITE,OK
TKT48696261366,2025-11-11T19:57:15Z,PORTE-C,,UNITE,OK
TKT33257083658,2025-11-11T19:57:16Z,VIP-EST,R58141239,ABONNEMENT,OK
TKT60202994962,2025-11-11T19:57:16Z,PORTE-A,R51643161,ABONNEMENT,OK
TKT28940459203,2025-11-11T19:57:17Z,PORTE-C,R56774517,UNITE,OK
TKT61513409295,2025-11-11T19:57:18Z,PORTE-D,R52765229,ABONNEMENT,OK
TKT98145686568,2025-11-11T19:57:20Z,PORTE-C,R54215108,ABONNEMENT,OK
TKT77158008306,2025-11-11T19:57:22Z,PORTE-A,R56517000,ABONNEMENT,OK
TKT84662986911,2025-11-11T19:57:23Z,PORTE-A,,UNITE,OK
TKT97048569371,2025-11-11T19:57:25Z,PORTE-B,R53456013,UNITE,OK
TKT64732114944,2025-11-11T19:57:26Z,PORTE-A,R58216360,UNITE,OK
TKT72082168416,2025-11-11T19:57:26Z,PORTE-A,R59337403,UNITE,OK
TKT84363934692,2025-11-11T19:57:28Z,PORTE-C,,GROUPE,REFUSE_DEJA_SCANNE
TKT82584655093,2025-11-11T19:57:29Z,PORTE-A,,GROUPE,OK
TKT52975307535,2025-11-11T19:57:30Z,VIP-EST,R59688106,UNITE,OK
TKT61135597671,2025-11-11T19:57:34Z,PORTE-A,R55004240,ABONNEMENT,OK
TKT55666768951,2025-11-11T19:57:34Z,PORTE-B,R54513984,UNITE,OK
TKT29777337794,2025-11-11T19:57:36Z,PORTE-C,R59312347,UNITE,OK
TKT16644876003,2025-11-11T19:57:37Z,PORTE-B,R59862064,UNITE,OK
TKT45846242551,2025-11-11T19:57:37Z,PORTE-B,R56355436,UNITE,OK
TKT88466197894,2025-11-11T19:57:37Z,PORTE-D,,UNITE,OK
TKT50519046692,2025-11-11T19:57:39Z,PORTE-C,R55058663,UNITE,OK
TKT86910031906,2025-11-11T19:57:40Z,VIP-EST,R53700667,VIP,OK
TKT44561430255,2025-11-11T19:57:40Z,PORTE-C,R56635098,UNITE,OK
TKT45737369889,2025-11-11T19:57:41Z,PORTE-D,R53957725,UNITE,OK
TKT40910307604,2025-11-11T19:57:42Z,PORTE-A,R53192557,UNITE,OK
TKT43319772936,2025-11-11T19:57:45Z,PORTE-C,,INVITATION,OK
TKT74669341244,2025-11-11T19:57:48Z,VIP-EST,,UNITE,OK
TKT30681316703,2025-11-11T19:57:51Z,PORTE-C,R54399075,ABONNEMENT,OK
TKT72179212458,2025-11-11T19:57:51Z,PORTE-C,R58088722,ABONNEMENT,OK
TKT19026305872,2025-11-11T19:57:52Z,PORTE-B,R51557274,ABONNEMENT,OK
TKT51346200336,2025-11-11T19:57:52Z,VIP-EST,R53553748,VIP,OK
TKT35939737600,2025-11-11T19:57:53Z,PORTE-C,R57491124,UNITE,OK
TKT44903096517,2025-11-11T19:57:54Z,PORTE-A,R58697096,UNITE,OK
TKT65855740486,2025-11-11T19:57:55Z,PORTE-B,R51366708,ABONNEMENT,OK
TKT15686740882,2025-11-11T19:57:55Z,VIP-EST,,VIP,OK
TKT37180466643,2025-11-11T19:57:57Z,PORTE-C,R53330683,ABONNEMENT,OK
TKT38653359813,2025-11-11T19:57:57Z,PORTE-C,,UNITE,OK
TKT59314186888,2025-11-11T19:57:58Z,PORTE-C,,UNITE,OK
TKT56589125026,2025-11-11T19:57:58Z,PORTE-C,,UNITE,OK
TKT17946105517,2025-11-11T19:58:01Z,PORTE-C,R51731232,UNITE,OK
TKT50276161512,2025-11-11T19:58:02Z,PORTE-C,,UNITE,OK
TKT61670458833,2025-11-11T19:58:02Z,PORTE-D,R53236147,UNITE,OK
TKT32983798406,2025-11-11T19:58:03Z,PORTE-C,,UNITE,OK
TKT27475863418,2025-11-11T19:58:04Z,VIP-EST,,UNITE,OK
TKT85486522145,2025-11-11T19:58:05Z,PORTE-D,R54587812,UNITE,OK
TKT96152670043,2025-11-11T19:58:06Z,PORTE-B,R59784491,UNITE,OK
TKT32628730037,2025-11-11T19:58:08Z,PORTE-A,R51514709,ABONNEMENT,OK
TKT39551903183,2025-11-11T19:58:08Z,PORTE-D,,GROUPE,OK
TKT66629862317,2025-11-11T19:58:09Z,PORTE-D,R51849072,UNITE,OK
TKT76254686544,2025-11-11T19:58:10Z,PORTE-C,,UNITE,OK
TKT64895223909,2025-11-11T19:58:10Z,PORTE-A,,UNITE,OK
TKT39550815091,2025-11-11T19:58:13Z,PORTE-C,R54869869,ABONNEMENT,OK
TKT71926638380,2025-11-11T19:58:13Z,PORTE-C,R52584183,ABONNEMENT,OK
TKT10187908828,2025-11-11T19:58:14Z,PORTE-D,,GROUPE,OK
TKT11597267931,2025-11-11T19:58:15Z,PORTE-D,R59360429,ABONNEMENT,OK
TKT83708486871,2025-11-11T19:58:15Z,PORTE-C,R52562048,ABONNEMENT,OK
TKT58026772524,2025-11-11T19:58:16Z,PORTE-C,R53976450,ABONNEMENT,OK
TKT29074278872,2025-11-11T19:58:17Z,PORTE-C,R54565342,UNITE,OK
TKT84095179247,2025-11-11T19:58:18Z,PORTE-C,R54702922,UNITE,OK
TKT67323548700,2025-11-11T19:58:19Z,PORTE-C,R53497764,UNITE,OK
TKT43221339070,2025-11-11T19:58:22Z,PORTE-C,R58595539,UNITE,OK
TKT74364851735,2025-11-11T19:58:24Z,PORTE-C,R58457001,UNITE,OK
TKT89701077779,2025-11-11T19:58:25Z,PORTE-C,R55035714,UNITE,OK
TKT86528942515,2025-11-11T19:58:26Z,VIP-EST,R59365735,ABONNEMENT,OK
TKT14105818279,2025-11-11T19:58:26Z,PORTE-D,R59878816,UNITE,OK
TKT95223404656,2025-11-11T19:58:27Z,PORTE-A,R58417913,ABONNEMENT,OK
TKT13097157619,2025-11-11T19:58:28Z,VIP-EST,,GROUPE,OK
TKT40670580880,2025-11-11T19:58:30Z,PORTE-C,R52551081,ABONNEMENT,OK
TKT32220517985,2025-11-11T19:58:31Z,VIP-EST,,UNITE,OK
TKT59759411833,2025-11-11T19:58:32Z,PORTE-D,R57992002,ABONNEMENT,OK
TKT80409717675,2025-11-11T19:58:32Z,VIP-EST,,VIP,OK
TKT12025281142,2025-11-11T19:58:34Z,PORTE-A,R56067058,ABONNEMENT,OK
TKT58057100355,2025-11-11T19:58:34Z,PORTE-B,R52767135,UNITE,OK
TKT90784603313,2025-11-11T19:58:35Z,PORTE-B,R59389652,ABONNEMENT,OK
TKT31313243168,2025-11-11T19:58:35Z,PORTE-A,R57887591,ABONNEMENT,OK
TKT57063382760,2025-11-11T19:58:35Z,PORTE-C,R54956359,INVITATION,OK
TKT67752175530,2025-11-11T19:58:35Z,PORTE-D,R54448259,UNITE,OK
TKT38286869797,2025-11-11T19:58:40Z,PMR-NORD,R56789775,ABONNEMENT,OK
TKT70655728639,2025-11-11T19:58:40Z,PORTE-C,R54320688,UNITE,OK
TKT29405469991,2025-11-11T19:58:40Z,PORTE-C,R57845840,UNITE,OK
TKT45339752999,2025-11-11T19:58:42Z,PORTE-D,R52731926,ABONNEMENT,OK
TKT29982391166,2025-11-11T19:58:42Z,PORTE-B,R56545399,ABONNEMENT,OK
TKT99172562663,2025-11-11T19:58:42Z,PORTE-C,R52658165,UNITE,OK
TKT32193030111,2025-11-11T19:58:45Z,PORTE-C,R54029168,UNITE,OK
TKT22910122129,2025-11-11T19:58:46Z,VIP-EST,R54814143,ABONNEMENT,OK
TKT43809410864,2025-11-11T19:58:47Z,PORTE-C,,UNITE,OK
TKT28683914119,2025-11-11T19:58:48Z,VIP-EST,R59487052,UNITE,OK
TKT69946127594,2025-11-11T19:58:48Z,PORTE-D,R54343972,UNITE,OK
TKT66393907382,2025-11-11T19:58:49Z,PORTE-D,R54074808,ABONNEMENT,OK
TKT62099915729,2025-11-11T19:58:50Z,PORTE-B,R57261929,ABONNEMENT,OK
TKT70323644603,2025-11-11T19:58:56Z,VIP-EST,R57965586,UNITE,OK
TKT14299415246,2025-11-11T19:59:00Z,PORTE-D,R58253073,ABONNEMENT,OK
TKT40559439507,2025-11-11T19:59:01Z,PORTE-D,,GROUPE,OK
TKT57439806453,2025-11-11T19:59:03Z,PORTE-A,,UNITE,OK
TKT44274459248,2025-11-11T19:59:04Z,PORTE-C,R51720888,UNITE,OK
TKT96213544140,2025-11-11T19:59:08Z,VIP-EST,R58039960,UNITE,OK
TKT32970641847,2025-11-11T19:59:09Z,VIP-EST,R59898643,UNITE,OK
TKT21134484857,2025-11-11T19:59:11Z,PORTE-C,,UNITE,OK
TKT19777342830,2025-11-11T19:59:12Z,PORTE-C,R57162010,UNITE,OK
TKT90651297175,2025-11-11T19:59:12Z,PORTE-A,,VIP,OK
TKT14811724248,2025-11-11T19:59:13Z,PORTE-A,R51346268,UNITE,OK
TKT19810378493,2025-11-11T19:59:13Z,PORTE-B,R57120326,UNITE,OK
TKT75003189467,2025-11-11T19:59:16Z,PORTE-C,,UNITE,OK
TKT46384172703,2025-11-11T19:59:17Z,PORTE-C,R53186092,UNITE,OK
TKT64405952407,2025-11-11T19:59:18Z,PORTE-A,R59045682,UNITE,OK
TKT36735718499,2025-11-11T19:59:18Z,PORTE-C,,UNITE,OK
TKT93344828596,2025-11-11T19:59:20Z,PORTE-D,R53552254,ABONNEMENT,OK
TKT63615354367,2025-11-11T19:59:21Z,VIP-EST,R51465257,ABONNEMENT,OK
TKT41113048865,2025-11-11T19:59:21Z,PORTE-D,R52747184,UNITE,OK
TKT30061973160,2025-11-11T19:59:22Z,PORTE-A,R58401285,VIP,OK
TKT61863427776,2025-11-11T19:59:23Z,PORTE-A,R51808882,ABONNEMENT,OK
TKT16924551175,2025-11-11T19:59:23Z,PORTE-C,R59912876,UNITE,OK
TKT80740219095,2025-11-11T19:59:24Z,PORTE-C,R55424634,ABONNEMENT,OK
TKT84860893190,2025-11-11T19:59:25Z,PORTE-A,R57758315,ABONNEMENT,OK
TKT32215925270,2025-11-11T19:59:25Z,PORTE-D,,UNITE,OK
TKT59269752224,2025-11-11T19:59:28Z,PORTE-B,,UNITE,OK
TKT29240238148,2025-11-11T19:59:28Z,PORTE-D,,UNITE,OK
TKT29597805200,2025-11-11T19:59:29Z,PORTE-B,R58950600,ABONNEMENT,OK
TKT97953342031,2025-11-11T19:59:31Z,PORTE-D,R59779520,ABONNEMENT,OK
TKT73811945059,2025-11-11T19:59:31Z,PORTE-C,R51112916,ABONNEMENT,OK
TKT80587656008,2025-11-11T19:59:32Z,PORTE-A,R52933191,ABONNEMENT,OK
TKT33624980849,2025-11-11T19:59:33Z,PORTE-B,,GROUPE,OK
TKT97588963503,2025-11-11T19:59:36Z,PORTE-A,,UNITE,OK
TKT44218379019,2025-11-11T19:59:38Z,PORTE-C,R53363306,ABONNEMENT,OK
TKT94490697348,2025-11-11T19:59:40Z,VIP-EST,R53303309,VIP,OK
TKT35249839736,2025-11-11T19:59:41Z,VIP-EST,,VIP,OK
TKT10246011728,2025-11-11T19:59:42Z,PORTE-C,R54194065,ABONNEMENT,OK
TKT26082406043,2025-11-11T19:59:43Z,PORTE-C,R59074838,UNITE,OK
TKT20953455592,2025-11-11T19:59:45Z,VIP-EST,R54548714,UNITE,OK
TKT63158690992,2025-11-11T19:59:46Z,PORTE-B,R55790997,UNITE,OK
TKT11834674637,2025-11-11T19:59:47Z,PORTE-C,R52957778,ABONNEMENT,OK
TKT73108057932,2025-11-11T19:59:47Z,PORTE-C,R59096159,UNITE,OK
TKT68560327649,2025-11-11T19:59:47Z,PORTE-A,R59917100,UNITE,OK
TKT63369315158,2025-11-11T19:59:48Z,PORTE-D,,UNITE,OK
TKT98825796425,2025-11-11T19:59:49Z,PORTE-A,,GROUPE,OK
TKT37433486269,2025-11-11T19:59:50Z,PORTE-A,R56087967,UNITE,OK
TKT27088091118,2025-11-11T19:59:52Z,PORTE-B,R55301210,UNITE,OK
TKT54668743008,2025-11-11T19:59:53Z,PORTE-D,R53113624,ABONNEMENT,OK
TKT86949041943,2025-11-11T19:59:54Z,PORTE-D,R56365445,UNITE,OK
TKT65425802656,2025-11-11T19:59:54Z,PORTE-D,R53437623,UNITE,OK
TKT73574465826,2025-11-11T19:59:58Z,PORTE-B,R53089238,UNITE,OK
TKT33533792722,2025-11-11T19:59:59Z,PMR-NORD,R57453319,UNITE,OK
TKT11918650874,2025-11-11T20:00:00Z,VIP-EST,R54592314,ABONNEMENT,OK
TKT50161102917,2025-11-11T20:00:02Z,PORTE-A,R59569529,GROUPE,OK
TKT65202486248,2025-11-11T20:00:02Z,PORTE-C,R52741121,UNITE,OK
TKT30379061614,2025-11-11T20:00:03Z,PORTE-A,R57011825,UNITE,OK
TKT10317391235,2025-11-11T20:00:04Z,PORTE-A,R55732427,UNITE,OK
TKT51599970385,2025-11-11T20:00:04Z,PORTE-C,,UNITE,OK
TKT50717286476,2025-11-11T20:00:04Z,PORTE-C,R51689548,UNITE,OK
TKT16636573354,2025-11-11T20:00:05Z,PORTE-B,R56510391,ABONNEMENT,OK
TKT74123865489,2025-11-11T20:00:05Z,PORTE-D,R58034309,ABONNEMENT,OK
TKT98651247274,2025-11-11T20:00:05Z,PORTE-A,R59815342,UNITE,OK
TKT25316787507,2025-11-11T20:00:05Z,PORTE-C,R54357468,UNITE,OK
TKT27251070982,2025-11-11T20:00:06Z,PORTE-B,R53796161,UNITE,OK
TKT94211237805,2025-11-11T20:00:07Z,PORTE-B,R59695261,ABONNEMENT,OK
TKT22286407158,2025-11-11T20:00:07Z,VIP-EST,R56987774,ABONNEMENT,OK
TKT49159551498,2025-11-11T20:00:07Z,PORTE-D,R54212455,UNITE,OK
TKT55451882250,2025-11-11T20:00:10Z,PORTE-C,R57487982,ABONNEMENT,OK
TKT34267295101,2025-11-11T20:00:10Z,PORTE-C,R59303209,UNITE,OK
TKT11176863004,2025-11-11T20:00:11Z,VIP-EST,R54404180,VIP,OK
TKT34570603278,2025-11-11T20:00:12Z,PORTE-C,R54462291,ABONNEMENT,OK
TKT23209569544,2025-11-11T20:00:13Z,VIP-EST,R56876285,UNITE,OK
TKT50878004495,2025-11-11T20:00:16Z,VIP-EST,R55171934,ABONNEMENT,OK
TKT12905065268,2025-11-11T20:00:16Z,PORTE-C,,UNITE,OK
TKT23071987963,2025-11-11T20:00:16Z,PORTE-C,,GROUPE,OK
TKT73382374309,2025-11-11T20:00:17Z,PORTE-A,,VIP,OK
TKT92980993161,2025-11-11T20:00:21Z,PORTE-A,,UNITE,OK
TKT28693331894,2025-11-11T20:00:23Z,PORTE-B,R55203475,UNITE,OK
TKT25823542430,2025-11-11T20:00:23Z,PORTE-C,,GROUPE,OK
TKT47964417930,2025-11-11T20:00:24Z,PORTE-C,R57390649,ABONNEMENT,OK
TKT37028040245,2025-11-11T20:00:25Z,PORTE-A,,UNITE,OK
TKT10653023402,2025-11-11T20:00:29Z,PORTE-D,R51392933,ABONNEMENT,OK
TKT39463129844,2025-11-11T20:00:29Z,VIP-EST,R56340513,UNITE,OK
TKT83750298134,2025-11-11T20:00:29Z,PORTE-C,,UNITE,OK
TKT77451660038,2025-11-11T20:00:31Z,VIP-EST,R52094329,ABONNEMENT,OK
TKT32236395804,2025-11-11T20:00:31Z,PORTE-C,,UNITE,OK
TKT11010961463,2025-11-11T20:00:32Z,PORTE-B,R54212934,UNITE,OK
TKT48118966198,2025-11-11T20:00:32Z,PORTE-C,R51938503,UNITE,OK
TKT15916355582,2025-11-11T20:00:32Z,PORTE-A,R55284937,INVITATION,OK
TKT64477625046,2025-11-11T20:00:34Z,PORTE-D,R56548263,UNITE,OK
TKT97159232626,2025-11-11T20:00:35Z,PORTE-A,R55323067,UNITE,REFUSE_DEJA_SCANNE
TKT47339618293,2025-11-11T20:00:36Z,PORTE-D,,UNITE,OK
TKT52759338901,2025-11-11T20:00:38Z,PORTE-A,R53492793,UNITE,OK
TKT87952674662,2025-11-11T20:00:39Z,PORTE-B,R51879166,ABONNEMENT,OK
TKT69531213445,2025-11-11T20:00:42Z,PORTE-D,R59708067,ABONNEMENT,OK
TKT37426650547,2025-11-11T20:00:42Z,PORTE-C,R58828680,ABONNEMENT,OK
TKT58669235823,2025-11-11T20:00:46Z,PORTE-D,R58028514,ABONNEMENT,OK
TKT81585331080,2025-11-11T20:00:46Z,PORTE-D,R57421510,UNITE,OK
TKT33852856741,2025-11-11T20:00:47Z,PORTE-B,R52444965,ABONNEMENT,OK
TKT65688032538,2025-11-11T20:00:48Z,PORTE-C,R54565342,UNITE,OK
TKT21048915885,2025-11-11T20:00:49Z,PORTE-D,R58484787,ABONNEMENT,OK
TKT36978793751,2025-11-11T20:00:49Z,VIP-EST,,UNITE,OK
TKT53673483646,2025-11-11T20:00:50Z,PORTE-C,,UNITE,OK
TKT54774758540,2025-11-11T20:00:51Z,PORTE-A,,UNITE,OK
TKT20482715560,2025-11-11T20:00:51Z,PORTE-D,R59026890,GROUPE,OK
TKT77138102968,2025-11-11T20:00:53Z,PORTE-C,R51529699,ABONNEMENT,OK
TKT53659766574,2025-11-11T20:00:54Z,VIP-EST,R57011825,UNITE,OK
TKT60406814075,2025-11-11T20:00:56Z,PORTE-C,R55338737,INVITATION,OK
TKT40352585476,2025-11-11T20:00:57Z,PORTE-C,R58031177,ABONNEMENT,OK
TKT12379711674,2025-11-11T20:00:58Z,PMR-NORD,R56147150,ABONNEMENT,OK
TKT60102434644,2025-11-11T20:00:58Z,PORTE-D,R55996074,UNITE,OK
TKT24206211865,2025-11-11T20:01:00Z,PORTE-C,R52244447,ABONNEMENT,OK
TKT92848391798,2025-11-11T20:01:02Z,VIP-EST,R54077461,ABONNEMENT,OK
TKT56349777291,2025-11-11T20:01:02Z,PORTE-C,R53824282,UNITE,OK
TKT65424744273,2025-11-11T20:01:03Z,VIP-EST,R55027544,UNITE,OK
TKT32059233346,2025-11-11T20:01:04Z,PORTE-A,R57684822,UNITE,OK
TKT14271440982,2025-11-11T20:01:06Z,PORTE-A,R58635049,ABONNEMENT,OK
TKT96806822252,2025-11-11T20:01:07Z,VIP-EST,R59038949,UNITE,OK
TKT58889407228,2025-11-11T20:01:08Z,PORTE-D,R56297124,UNITE,OK
TKT26302896848,2025-11-11T20:01:08Z,PORTE-B,,UNITE,OK
TKT41981029977,2025-11-11T20:01:09Z,PORTE-A,R54851201,UNITE,OK
TKT90825279829,2025-11-11T20:01:11Z,PORTE-A,R54229485,ABONNEMENT,OK
TKT69971380402,2025-11-11T20:01:11Z,PORTE-A,R59012245,UNITE,OK
TKT49461408920,2025-11-11T20:01:12Z,PORTE-B,R57945759,UNITE,REFUSE_DEJA_SCANNE
TKT11309088323,2025-11-11T20:01:12Z,PORTE-C,,UNITE,OK
TKT13464269348,2025-11-11T20:01:12Z,PORTE-A,R53156591,VIP,OK
TKT86486713430,2025-11-11T20:01:12Z,PORTE-B,R56051177,UNITE,OK
TKT85478520347,2025-11-11T20:01:13Z,PORTE-D,R56950994,ABONNEMENT,OK
TKT15006762010,2025-11-11T20:01:14Z,PORTE-A,R56649063,ABONNEMENT,OK
TKT25532320965,2025-11-11T20:01:14Z,PORTE-D,R52520163,ABONNEMENT,OK
TKT17044195119,2025-11-11T20:01:15Z,PORTE-C,R53789418,UNITE,OK
TKT97237943203,2025-11-11T20:01:16Z,PORTE-C,,GROUPE,OK
TKT25885259999,2025-11-11T20:01:18Z,PORTE-C,R54775390,ABONNEMENT,OK
TKT33997204966,2025-11-11T20:01:19Z,PORTE-C,R57385410,UNITE,OK
TKT49193167187,2025-11-11T20:01:21Z,PORTE-C,R57266622,ABONNEMENT,OK
TKT93134700758,2025-11-11T20:01:23Z,PORTE-B,,UNITE,OK
TKT73398476502,2025-11-11T20:01:24Z,PORTE-D,R53337225,ABONNEMENT,OK
TKT97224785278,2025-11-11T20:01:26Z,PORTE-C,,UNITE,OK
TKT90248013733,2025-11-11T20:01:27Z,PORTE-D,,UNITE,OK
TKT79750731940,2025-11-11T20:01:28Z,PORTE-C,R51723876,ABONNEMENT,OK
TKT30618817899,2025-11-11T20:01:29Z,PORTE-A,,UNITE,OK
TKT44530123314,2025-11-11T20:01:29Z,PORTE-D,R52653998,UNITE,OK
TKT54646782870,2025-11-11T20:01:30Z,VIP-EST,R54269531,ABONNEMENT,OK
TKT62048637926,2025-11-11T20:01:30Z,PORTE-C,R53913780,ABONNEMENT,OK
TKT67962694439,2025-11-11T20:01:30Z,PORTE-C,R56718734,UNITE,OK
TKT83979841583,2025-11-11T20:01:30Z,VIP-EST,,GROUPE,OK
TKT31330117532,2025-11-11T20:01:32Z,PORTE-D,R54358627,ABONNEMENT,OK
TKT11752907105,2025-11-11T20:01:32Z,PORTE-B,R56034693,ABONNEMENT,OK
TKT66441227237,2025-11-11T20:01:33Z,PORTE-C,,UNITE,OK
TKT10637077648,2025-11-11T20:01:34Z,VIP-EST,R55490282,ABONNEMENT,OK
TKT92754534496,2025-11-11T20:01:35Z,PORTE-C,R51543453,UNITE,OK
TKT74875302593,2025-11-11T20:01:35Z,PORTE-D,,UNITE,OK
TKT25370167707,2025-11-11T20:01:35Z,PORTE-C,R59537787,UNITE,OK
TKT73066491245,2025-11-11T20:01:37Z,PORTE-C,R53738338,ABONNEMENT,OK
TKT36637009186,2025-11-11T20:01:39Z,VIP-EST,R58664128,UNITE,OK
TKT25001671507,2025-11-11T20:01:40Z,PORTE-C,R51880469,UNITE,OK
TKT21819002657,2025-11-11T20:01:41Z,PORTE-D,R53420114,ABONNEMENT,OK
TKT65805661247,2025-11-11T20:01:41Z,PORTE-C,R58280735,UNITE,OK
TKT41783135515,2025-11-11T20:01:42Z,PORTE-B,R51337006,ABONNEMENT,OK
TKT27472099010,2025-11-11T20:01:45Z,PORTE-C,R55909785,ABONNEMENT,OK
TKT15362335357,2025-11-11T20:01:46Z,PORTE-A,R52650531,INVITATION,OK
TKT32800598925,2025-11-11T20:01:48Z,PORTE-B,R55968700,UNITE,OK
TKT30727698846,2025-11-11T20:01:51Z,VIP-EST,,UNITE,OK
TKT98904672605,2025-11-11T20:01:55Z,PORTE-C,,UNITE,OK
TKT55759427459,2025-11-11T20:01:57Z,VIP-EST,R52296217,ABONNEMENT,OK
TKT92768279488,2025-11-11T20:01:57Z,PORTE-D,R54453910,UNITE,OK
TKT17366565256,2025-11-11T20:01:58Z,VIP-EST,R55505138,ABONNEMENT,OK
TKT70423796857,2025-11-11T20:02:00Z,PORTE-C,R52664295,ABONNEMENT,OK
TKT89144506690,2025-11-11T20:02:00Z,PORTE-C,R55818850,UNITE,REFUSE_DEJA_SCANNE
TKT33582835186,2025-11-11T20:02:01Z,PORTE-D,R52260941,ABONNEMENT,OK
TKT14535543820,2025-11-11T20:02:02Z,PORTE-D,R56587763,ABONNEMENT,OK
TKT14831550480,2025-11-11T20:02:02Z,PORTE-A,R54979720,ABONNEMENT,OK
TKT94201557165,2025-11-11T20:02:02Z,PORTE-C,R52403358,UNITE,OK
TKT79752488321,2025-11-11T20:02:05Z,PORTE-A,R55720703,UNITE,OK
TKT32395185574,2025-11-11T20:02:06Z,PORTE-C,R58567341,UNITE,OK
TKT76584870028,2025-11-11T20:02:07Z,PORTE-C,R51172109,UNITE,OK
TKT92634606270,2025-11-11T20:02:08Z,VIP-EST,R53757877,ABONNEMENT,OK
TKT55188952020,2025-11-11T20:02:08Z,PORTE-B,R56728475,UNITE,OK
TKT91843454547,2025-11-11T20:02:09Z,PORTE-C,R52446067,UNITE,OK
TKT52957468900,2025-11-11T20:02:09Z,VIP-EST,R54375925,UNITE,OK
TKT95349652826,2025-11-11T20:02:11Z,VIP-EST,R54462415,UNITE,OK
TKT81610629756,2025-11-11T20:02:14Z,PORTE-C,R56703486,UNITE,OK
TKT27327758941,2025-11-11T20:02:15Z,PORTE-A,R52429717,UNITE,OK
TKT56055384349,2025-11-11T20:02:16Z,PORTE-B,R52731303,UNITE,OK
TKT24239089375,2025-11-11T20:02:17Z,PORTE-A,,UNITE,OK
TKT33379232961,2025-11-11T20:02:19Z,PORTE-D,R57349310,ABONNEMENT,OK
TKT85068909719,2025-11-11T20:02:22Z,PORTE-C,,UNITE,OK
TKT12328291405,2025-11-11T20:02:23Z,PORTE-A,R53925983,UNITE,OK
TKT72158750720,2025-11-11T20:02:24Z,PORTE-D,R52079828,ABONNEMENT,OK
TKT87639611815,2025-11-11T20:02:24Z,PORTE-A,R51621572,UNITE,OK
TKT82404400800,2025-11-11T20:02:25Z,PORTE-C,R57174605,UNITE,OK
TKT27238677184,2025-11-11T20:02:27Z,PORTE-C,R51281836,UNITE,OK
TKT18611057216,2025-11-11T20:02:27Z,PORTE-C,,UNITE,OK
TKT28314137305,2025-11-11T20:02:28Z,PORTE-C,R59979760,UNITE,OK
TKT53010623787,2025-11-11T20:02:29Z,PORTE-D,R57005551,ABONNEMENT,OK
TKT37318214596,2025-11-11T20:02:32Z,VIP-EST,R57332079,VIP,OK
TKT92464461568,2025-11-11T20:02:33Z,PORTE-D,R55586935,UNITE,OK
TKT34293897013,2025-11-11T20:02:33Z,PORTE-B,R56421707,UNITE,OK
TKT70177388380,2025-11-11T20:02:34Z,PORTE-D,R59482282,ABONNEMENT,OK
TKT66331841737,2025-11-11T20:02:35Z,PORTE-B,R51203640,ABONNEMENT,OK
TKT70849873569,2025-11-11T20:02:35Z,PORTE-C,R56077536,UNITE,OK
TKT29489560845,2025-11-11T20:02:35Z,PORTE-D,R52473163,UNITE,OK
TKT77438366936,2025-11-11T20:02:40Z,PORTE-B,R55627537,ABONNEMENT,OK
TKT22359215300,2025-11-11T20:02:40Z,PORTE-D,R56157303,ABONNEMENT,OK
TKT17282644282,2025-11-11T20:02:42Z,PORTE-C,R54835464,ABONNEMENT,OK
TKT94577717366,2025-11-11T20:02:42Z,PORTE-C,R56243592,UNITE,OK
TKT82718775981,2025-11-11T20:02:44Z,PORTE-C,R52721706,UNITE,OK
TKT69001580192,2025-11-11T20:02:45Z,PORTE-D,R52793149,ABONNEMENT,OK
TKT54554131811,2025-11-11T20:02:45Z,PORTE-B,R53004500,UNITE,OK
TKT67103806815,2025-11-11T20:02:47Z,PORTE-A,R56973742,ABONNEMENT,OK
TKT10650669960,2025-11-11T20:02:48Z,PORTE-B,R51485084,ABONNEMENT,OK
TKT33750946454,2025-11-11T20:02:50Z,PORTE-D,R56644772,UNITE,OK
TKT87325089696,2025-11-11T20:02:52Z,VIP-EST,R57172354,UNITE,OK
TKT46118521394,2025-11-11T20:02:53Z,PORTE-C,,UNITE,OK
TKT78877615706,2025-11-11T20:02:54Z,PORTE-D,,UNITE,OK
TKT83714196063,2025-11-11T20:02:56Z,PORTE-A,R53863792,ABONNEMENT,OK
TKT64755110659,2025-11-11T20:02:57Z,PORTE-D,R59987193,ABONNEMENT,OK
TKT77890312741,2025-11-11T20:02:59Z,PORTE-C,R54391518,UNITE,OK
TKT14076634129,2025-11-11T20:03:00Z,PORTE-C,R59873309,ABONNEMENT,OK
TKT44482902130,2025-11-11T20:03:00Z,PORTE-C,R53382587,UNITE,OK
TKT84130476494,2025-11-11T20:03:01Z,PORTE-B,R54114509,UNITE,OK
TKT96354447751,2025-11-11T20:03:02Z,VIP-EST,R52628664,GROUPE,OK
TKT98651247274,2025-11-11T20:03:05Z,PORTE-A,R59815342,UNITE,REFUSE_DEJA_SCANNE
TKT59292241446,2025-11-11T20:03:07Z,PORTE-D,R59733411,ABONNEMENT,OK
TKT97052226493,2025-11-11T20:03:08Z,VIP-EST,R59381405,ABONNEMENT,OK
TKT61090709465,2025-11-11T20:03:10Z,PORTE-B,R59964780,UNITE,OK
TKT17055131734,2025-11-11T20:03:11Z,PORTE-B,R53714488,UNITE,OK
TKT96720213094,2025-11-11T20:03:12Z,PORTE-D,R53636982,ABONNEMENT,OK
TKT89187576669,2025-11-11T20:03:13Z,PORTE-C,R54428365,UNITE,OK
TKT99041790515,2025-11-11T20:03:16Z,PORTE-B,R58133471,ABONNEMENT,OK
TKT21491752972,2025-11-11T20:03:16Z,PORTE-B,R51961931,UNITE,OK
TKT87376604327,2025-11-11T20:03:16Z,PORTE-B,R55429327,UNITE,OK
TKT52797522752,2025-11-11T20:03:16Z,PORTE-B,R52072127,UNITE,OK
TKT84458109348,2025-11-11T20:03:19Z,PORTE-C,,UNITE,OK
TKT70923725346,2025-11-11T20:03:20Z,PORTE-B,R56741358,ABONNEMENT,OK
TKT65113245364,2025-11-11T20:03:22Z,PORTE-D,,UNITE,OK
TKT68508093775,2025-11-11T20:03:23Z,PORTE-D,R52840226,ABONNEMENT,OK
TKT93134700758,2025-11-11T20:03:23Z,PORTE-B,,UNITE,REFUSE_DEJA_SCANNE
TKT31194100085,2025-11-11T20:03:23Z,PORTE-D,R51808269,UNITE,OK
TKT31645888066,2025-11-11T20:03:23Z,PORTE-C,R54586117,UNITE,OK
TKT72492852257,2025-11-11T20:03:25Z,VIP-EST,R55672276,ABONNEMENT,OK
TKT55607790341,2025-11-11T20:03:26Z,PORTE-D,R59996656,ABONNEMENT,OK
TKT40191007402,2025-11-11T20:03:26Z,PORTE-C,R51422960,UNITE,OK
TKT87960615491,2025-11-11T20:03:28Z,PORTE-A,R55482112,ABONNEMENT,OK
TKT96271567118,2025-11-11T20:03:29Z,PORTE-A,,UNITE,OK
TKT50219917073,2025-11-11T20:03:30Z,VIP-EST,R55546008,ABONNEMENT,OK
TKT63147444323,2025-11-11T20:03:30Z,VIP-EST,R54459963,ABONNEMENT,OK
TKT46951226001,2025-11-11T20:03:30Z,VIP-EST,R52474456,UNITE,OK
TKT19202759174,2025-11-11T20:03:32Z,PORTE-A,R57388274,ABONNEMENT,OK
TKT72564018910,2025-11-11T20:03:33Z,VIP-EST,R59089004,ABONNEMENT,OK
TKT94015118237,2025-11-11T20:03:33Z,PORTE-B,R58847683,INVITATION,OK
TKT23004842038,2025-11-11T20:03:35Z,PORTE-A,R51053455,ABONNEMENT,OK
TKT76912102461,2025-11-11T20:03:37Z,PORTE-C,R51883601,ABONNEMENT,OK
TKT20032444654,2025-11-11T20:03:37Z,PORTE-D,R53391916,ABONNEMENT,OK
TKT97020082698,2025-11-11T20:03:38Z,PORTE-B,R53629971,ABONNEMENT,OK
TKT86365321947,2025-11-11T20:03:39Z,PORTE-A,R55144627,UNITE,OK
TKT47338685568,2025-11-11T20:03:42Z,PORTE-D,R52901114,ABONNEMENT,OK
TKT37262314478,2025-11-11T20:03:44Z,PORTE-C,,UNITE,OK
TKT53876730643,2025-11-11T20:03:45Z,PORTE-D,R57512636,UNITE,OK
TKT64591619160,2025-11-11T20:03:47Z,PORTE-A,R51312697,ABONNEMENT,OK
TKT50683381736,2025-11-11T20:03:47Z,PORTE-C,R52108428,ABONNEMENT,OK
TKT20229683509,2025-11-11T20:03:47Z,PORTE-C,,GROUPE,OK
TKT24133865116,2025-11-11T20:03:48Z,PORTE-A,R51895794,UNITE,OK
TKT15389799284,2025-11-11T20:03:48Z,PORTE-C,R53484010,UNITE,OK
TKT63528642795,2025-11-11T20:03:59Z,PORTE-D,R59012379,ABONNEMENT,OK
TKT40388161855,2025-11-11T20:03:59Z,PORTE-A,R54978983,UNITE,OK
TKT28516553298,2025-11-11T20:04:02Z,PORTE-A,R52194794,ABONNEMENT,OK
TKT29188887086,2025-11-11T20:04:03Z,PORTE-B,R59087778,ABONNEMENT,OK
TKT34457810236,2025-11-11T20:04:04Z,PORTE-C,R53523299,ABONNEMENT,OK
TKT11910315685,2025-11-11T20:04:07Z,PORTE-D,R51713733,ABONNEMENT,OK
TKT56648341819,2025-11-11T20:04:07Z,VIP-EST,R51390059,UNITE,OK
TKT44562334393,2025-11-11T20:04:07Z,PORTE-C,R52680702,UNITE,OK
TKT43875900253,2025-11-11T20:04:08Z,PORTE-C,R52174364,ABONNEMENT,OK
TKT12317898239,2025-11-11T20:04:11Z,PORTE-D,R58368327,ABONNEMENT,OK
TKT37293882776,2025-11-11T20:04:11Z,PORTE-C,R56619562,UNITE,OK
TKT82444367364,2025-11-11T20:04:14Z,PORTE-C,R57811311,ABONNEMENT,OK
TKT91891840498,2025-11-11T20:04:14Z,VIP-EST,R59339922,INVITATION,OK
TKT30644761510,2025-11-11T20:04:15Z,PORTE-B,,UNITE,OK
TKT82813008499,2025-11-11T20:04:16Z,PORTE-D,R51420240,ABONNEMENT,OK
TKT39504744880,2025-11-11T20:04:19Z,VIP-EST,R58997198,UNITE,OK
TKT71734698037,2025-11-11T20:04:20Z,PORTE-B,R51385155,ABONNEMENT,OK
TKT82821634092,2025-11-11T20:04:21Z,PORTE-C,R58900267,UNITE,OK
TKT56886793028,2025-11-11T20:04:22Z,VIP-EST,R56463937,ABONNEMENT,OK
TKT63207522852,2025-11-11T20:04:22Z,PORTE-C,R55748221,UNITE,OK
TKT31884338160,2025-11-11T20:04:23Z,PORTE-D,R56850050,ABONNEMENT,OK
TKT60962422729,2025-11-11T20:04:23Z,PORTE-A,R51568519,UNITE,OK
TKT72247077538,2025-11-11T20:04:23Z,PORTE-A,,UNITE,OK
TKT86037161473,2025-11-11T20:04:26Z,PORTE-D,R51782801,ABONNEMENT,OK
TKT76023504513,2025-11-11T20:04:27Z,PORTE-D,R58300217,ABONNEMENT,OK
TKT96896430718,2025-11-11T20:04:31Z,PORTE-C,R54461745,ABONNEMENT,OK
TKT90158916687,2025-11-11T20:04:31Z,VIP-EST,R53839071,UNITE,OK
TKT52265990744,2025-11-11T20:04:32Z,PORTE-C,R55202785,UNITE,OK
TKT59937848914,2025-11-11T20:04:33Z,PORTE-D,R55037821,ABONNEMENT,OK
TKT44515722292,2025-11-11T20:04:34Z,PORTE-C,R58390184,ABONNEMENT,OK
TKT31606310696,2025-11-11T20:04:39Z,PORTE-C,R53835316,UNITE,OK
TKT33445763011,2025-11-11T20:04:40Z,PORTE-B,R55893770,ABONNEMENT,OK
TKT87206875018,2025-11-11T20:04:40Z,PORTE-D,R56360809,UNITE,OK
TKT21043211285,2025-11-11T20:04:41Z,PORTE-C,R55658455,ABONNEMENT,OK
TKT71667391337,2025-11-11T20:04:43Z,PORTE-C,,UNITE,OK
TKT24339305362,2025-11-11T20:04:47Z,VIP-EST,R59479217,UNITE,OK
TKT76942545184,2025-11-11T20:04:49Z,PORTE-A,R57883501,UNITE,OK
TKT94281369279,2025-11-11T20:04:49Z,PORTE-A,,UNITE,OK
TKT37998639792,2025-11-11T20:04:50Z,PORTE-A,R53023235,ABONNEMENT,OK
TKT23432453881,2025-11-11T20:04:51Z,PORTE-C,,UNITE,OK
TKT51960847865,2025-11-11T20:04:52Z,VIP-EST,R53082428,UNITE,OK
TKT52554066139,2025-11-11T20:04:53Z,VIP-EST,R58707718,UNITE,OK
TKT68840238640,2025-11-11T20:04:54Z,PORTE-A,R57112960,ABONNEMENT,OK
TKT92050956345,2025-11-11T20:04:55Z,PORTE-A,,GROUPE,OK
TKT97908574253,2025-11-11T20:04:55Z,PORTE-C,,UNITE,OK
TKT99643102759,2025-11-11T20:04:56Z,PORTE-C,R57107175,UNITE,OK
TKT31906326582,2025-11-11T20:05:03Z,VIP-EST,R59482761,UNITE,OK
TKT39927021649,2025-11-11T20:05:06Z,VIP-EST,R58907010,ABONNEMENT,OK
TKT34344543935,2025-11-11T20:05:09Z,PORTE-C,R54427139,UNITE,OK
TKT48368688754,2025-11-11T20:05:10Z,PORTE-C,R57228147,ABONNEMENT,OK
TKT44486559351,2025-11-11T20:05:10Z,PORTE-C,,INVITATION,OK
TKT66223003384,2025-11-11T20:05:10Z,PORTE-B,R53616887,UNITE,OK
TKT56229934859,2025-11-11T20:05:13Z,PORTE-A,R54635971,ABONNEMENT,OK
TKT25358769561,2025-11-11T20:05:17Z,VIP-EST,R54641009,UNITE,OK
TKT35139023885,2025-11-11T20:05:19Z,PORTE-C,,GROUPE,OK
TKT93019909596,2025-11-11T20:05:20Z,PORTE-A,R52352546,UNITE,OK
TKT49154319338,2025-11-11T20:05:20Z,PORTE-C,,UNITE,OK
TKT57176922245,2025-11-11T20:05:20Z,PORTE-C,R58047450,UNITE,OK
TKT52956081172,2025-11-11T20:05:21Z,PORTE-C,R59645139,ABONNEMENT,OK
TKT23592281899,2025-11-11T20:05:21Z,PORTE-C,R53750665,UNITE,OK
TKT24924099685,2025-11-11T20:05:21Z,PORTE-B,R51686550,UNITE,OK
TKT67930709608,2025-11-11T20:05:23Z,PORTE-C,R59233059,ABONNEMENT,OK
TKT35112310350,2025-11-11T20:05:23Z,PORTE-C,R58962937,UNITE,OK
TKT91008037331,2025-11-11T20:05:24Z,PORTE-A,,UNITE,OK
TKT18847176479,2025-11-11T20:05:25Z,PORTE-B,R51626007,ABONNEMENT,OK
TKT75322811510,2025-11-11T20:05:26Z,VIP-EST,R57651241,ABONNEMENT,OK
TKT12982958236,2025-11-11T20:05:28Z,PORTE-C,R56654235,ABONNEMENT,OK
TKT98979735624,2025-11-11T20:05:29Z,VIP-EST,,GROUPE,OK
TKT24041043656,2025-11-11T20:05:30Z,VIP-EST,,UNITE,OK
TKT57470618564,2025-11-11T20:05:31Z,PORTE-C,R58936099,ABONNEMENT,OK
TKT40383638008,2025-11-11T20:05:31Z,VIP-EST,R54615474,VIP,OK
TKT72277274933,2025-11-11T20:05:32Z,PORTE-B,R51945303,UNITE,OK
TKT25565235467,2025-11-11T20:05:34Z,PORTE-C,R52396270,ABONNEMENT,OK
TKT26273141478,2025-11-11T20:05:34Z,VIP-EST,R56181277,UNITE,OK
TKT84725739499,2025-11-11T20:05:37Z,PORTE-A,,UNITE,OK
TKT92137345493,2025-11-11T20:05:40Z,PORTE-A,,GROUPE,OK
TKT58622610472,2025-11-11T20:05:40Z,PORTE-B,,GROUPE,OK
TKT36316166942,2025-11-11T20:05:44Z,PORTE-D,R53545243,UNITE,OK
TKT79559111997,2025-11-11T20:05:47Z,PORTE-C,R59028116,UNITE,OK
TKT52287384980,2025-11-11T20:05:50Z,PORTE-C,R53395393,ABONNEMENT,OK
TKT68403839453,2025-11-11T20:05:50Z,PORTE-C,,GROUPE,OK
TKT90656900430,2025-11-11T20:05:58Z,VIP-EST,R51808671,INVITATION,OK
TKT92891772947,2025-11-11T20:06:00Z,PORTE-A,,VIP,OK
TKT22027296234,2025-11-11T20:06:03Z,PORTE-C,R53058789,INVITATION,OK
TKT28560236546,2025-11-11T20:06:04Z,PORTE-C,R51142752,ABONNEMENT,OK
TKT20957477438,2025-11-11T20:06:05Z,PORTE-C,R57923212,ABONNEMENT,OK
TKT43507028668,2025-11-11T20:06:05Z,PORTE-D,R58839714,ABONNEMENT,OK
TKT87740932217,2025-11-11T20:06:06Z,PORTE-C,R57837469,ABONNEMENT,OK
TKT37420977260,2025-11-11T20:06:06Z,PORTE-D,R53115798,UNITE,OK
TKT40460078455,2025-11-11T20:06:07Z,PORTE-D,R58918312,UNITE,OK
TKT78471333534,2025-11-11T20:06:10Z,PORTE-A,R51182463,UNITE,OK
TKT10959038608,2025-11-11T20:06:17Z,PORTE-A,R55915235,UNITE,OK
TKT29531323285,2025-11-11T20:06:17Z,PORTE-C,R54751014,UNITE,OK
TKT77167938943,2025-11-11T20:06:19Z,PORTE-A,R52275040,ABONNEMENT,OK
TKT38963023223,2025-11-11T20:06:19Z,PORTE-B,R54299434,UNITE,OK
TKT75462140558,2025-11-11T20:06:19Z,PORTE-A,R59703374,INVITATION,OK
TKT25429808424,2025-11-11T20:06:22Z,PORTE-C,R55732494,ABONNEMENT,OK
TKT80656668067,2025-11-11T20:06:25Z,PORTE-A,R52647054,ABONNEMENT,OK
TKT23417156781,2025-11-11T20:06:27Z,PORTE-A,R52350439,VIP,OK
TKT52141016353,2025-11-11T20:06:29Z,PORTE-C,R51035132,UNITE,OK
TKT89639323462,2025-11-11T20:06:30Z,PORTE-A,R51679807,UNITE,OK
TKT56242741525,2025-11-11T20:06:30Z,PORTE-C,R53830901,UNITE,OK
TKT68244574375,2025-11-11T20:06:32Z,VIP-EST,R52557968,ABONNEMENT,OK
TKT37765049562,2025-11-11T20:06:33Z,PORTE-B,,UNITE,OK
TKT73960242568,2025-11-11T20:06:34Z,PORTE-B,R52489992,UNITE,OK
TKT33538659963,2025-11-11T20:06:34Z,PORTE-B,R56603624,UNITE,OK
TKT31181568907,2025-11-11T20:06:34Z,PORTE-C,R53790031,UNITE,OK
TKT65751558330,2025-11-11T20:06:36Z,PORTE-A,R57687964,UNITE,OK
TKT38658924000,2025-11-11T20:06:38Z,PORTE-C,R53837165,ABONNEMENT,OK
TKT94938317313,2025-11-11T20:06:39Z,PORTE-A,R56419111,ABONNEMENT,OK
TKT38700016322,2025-11-11T20:06:39Z,PORTE-B,R55432737,UNITE,OK
TKT26906335181,2025-11-11T20:06:40Z,PORTE-B,R52108026,UNITE,OK
TKT38474747729,2025-11-11T20:06:41Z,PORTE-C,R54808157,ABONNEMENT,OK
TKT74030537334,2025-11-11T20:06:41Z,PORTE-D,R55066364,ABONNEMENT,OK
TKT13386513946,2025-11-11T20:06:41Z,PORTE-B,R51738109,UNITE,OK
TKT76073450983,2025-11-11T20:06:43Z,PORTE-A,R53839751,ABONNEMENT,OK
TKT64711433524,2025-11-11T20:06:44Z,PORTE-A,R54032645,ABONNEMENT,OK
TKT98497804748,2025-11-11T20:06:44Z,PORTE-A,,UNITE,OK
TKT44929146319,2025-11-11T20:06:49Z,PORTE-A,R55600086,ABONNEMENT,OK
TKT32209981480,2025-11-11T20:06:49Z,VIP-EST,R55052734,INVITATION,OK
TKT23925011670,2025-11-11T20:06:51Z,PORTE-D,R57962444,ABONNEMENT,OK
TKT86711777790,2025-11-11T20:06:51Z,PORTE-D,R51155826,ABONNEMENT,OK
TKT62894806026,2025-11-11T20:06:51Z,PORTE-D,R53054354,ABONNEMENT,OK
TKT69948205031,2025-11-11T20:06:53Z,VIP-EST,R51261751,UNITE,OK
TKT32702182598,2025-11-11T20:06:54Z,VIP-EST,R56665413,ABONNEMENT,OK
TKT37072908148,2025-11-11T20:06:57Z,PORTE-B,,UNITE,OK
TKT99893391861,2025-11-11T20:06:58Z,PORTE-C,R55101784,ABONNEMENT,OK
TKT30900843329,2025-11-11T20:06:59Z,PORTE-D,R53028005,GROUPE,OK
TKT27699515552,2025-11-11T20:07:01Z,PORTE-C,R51548558,UNITE,OK
TKT44950804429,2025-11-11T20:07:01Z,PORTE-C,R58522803,UNITE,OK
TKT63302147561,2025-11-11T20:07:01Z,PORTE-C,R55470063,UNITE,OK
TKT32971790952,2025-11-11T20:07:02Z,PORTE-D,R55336764,UNITE,OK
TKT93694737204,2025-11-11T20:07:04Z,PORTE-B,R54365427,UNITE,OK
TKT28575185911,2025-11-11T20:07:05Z,VIP-EST,R52188731,UNITE,OK
TKT17474810438,2025-11-11T20:07:06Z,PORTE-A,R53050063,ABONNEMENT,OK
TKT89227378682,2025-11-11T20:07:11Z,VIP-EST,R57025914,UNITE,OK
TKT65303026907,2025-11-11T20:07:12Z,VIP-EST,R56776634,VIP,OK
TKT19777342830,2025-11-11T20:07:12Z,PORTE-C,R57162010,UNITE,REFUSE_DEJA_SCANNE
TKT53920927189,2025-11-11T20:07:13Z,VIP-EST,,VIP,OK
TKT33608299780,2025-11-11T20:07:15Z,PORTE-C,R59407831,UNITE,OK
TKT58187230294,2025-11-11T20:07:19Z,PORTE-A,,UNITE,OK
TKT85790367980,2025-11-11T20:07:23Z,VIP-EST,R57155133,VIP,OK
TKT71701210743,2025-11-11T20:07:24Z,PORTE-C,R53393899,ABONNEMENT,OK
TKT12762076681,2025-11-11T20:07:27Z,PORTE-A,R54322517,ABONNEMENT,OK
TKT48790483324,2025-11-11T20:07:28Z,VIP-EST,R57709007,VIP,OK
TKT90222360225,2025-11-11T20:07:29Z,PORTE-A,R57171262,UNITE,OK
TKT75310612077,2025-11-11T20:07:30Z,PORTE-B,,UNITE,OK
TKT46319174406,2025-11-11T20:07:38Z,VIP-EST,,UNITE,OK
TKT85070811333,2025-11-11T20:07:40Z,PORTE-A,,UNITE,OK
TKT79359906901,2025-11-11T20:07:41Z,PORTE-A,R58220996,ABONNEMENT,REFUSE_DEJA_SCANNE
TKT80186611210,2025-11-11T20:07:41Z,PORTE-A,,UNITE,OK
TKT45610617147,2025-11-11T20:07:49Z,PORTE-D,R54280833,ABONNEMENT,OK
TKT16458944469,2025-11-11T20:07:51Z,PORTE-D,R57243673,UNITE,OK
TKT11046580364,2025-11-11T20:07:52Z,PORTE-C,R51012595,ABONNEMENT,OK
TKT78364961456,2025-11-11T20:07:53Z,PORTE-C,,GROUPE,OK
TKT51677899454,2025-11-11T20:07:57Z,PORTE-B,,GROUPE,OK
TKT98800940418,2025-11-11T20:07:57Z,PORTE-C,R57446365,UNITE,OK
TKT48907881166,2025-11-11T20:07:58Z,PORTE-C,R54277299,UNITE,OK
TKT13781241164,2025-11-11T20:07:59Z,VIP-EST,,VIP,OK
TKT91693822700,2025-11-11T20:08:00Z,PORTE-B,R56105265,UNITE,OK
TKT84186725303,2025-11-11T20:08:00Z,VIP-EST,R51103932,VIP,OK
TKT48920134453,2025-11-11T20:08:03Z,PORTE-C,R53529640,ABONNEMENT,OK
TKT84889410983,2025-11-11T20:08:04Z,PORTE-C,,UNITE,OK
TKT80997039597,2025-11-11T20:08:06Z,VIP-EST,R58466742,ABONNEMENT,OK
TKT99798359054,2025-11-11T20:08:06Z,PORTE-C,R58244970,UNITE,OK
TKT57565768495,2025-11-11T20:08:10Z,PORTE-C,R55703740,UNITE,OK
TKT52909886575,2025-11-11T20:08:11Z,PORTE-D,R57933154,ABONNEMENT,OK
TKT72846338716,2025-11-11T20:08:11Z,PORTE-C,,UNITE,OK
TKT54184193775,2025-11-11T20:08:12Z,PORTE-A,R52338102,ABONNEMENT,OK
TKT21186884014,2025-11-11T20:08:14Z,VIP-EST,R54527738,UNITE,OK
TKT14268591756,2025-11-11T20:08:16Z,PORTE-D,R55844606,ABONNEMENT,OK
TKT34670765250,2025-11-11T20:08:19Z,PORTE-C,R54031687,INVITATION,OK
TKT31963950150,2025-11-11T20:08:19Z,VIP-EST,R56742105,VIP,OK
TKT31251792195,2025-11-11T20:08:20Z,PORTE-A,,VIP,OK
TKT26101941095,2025-11-11T20:08:21Z,PORTE-C,,GROUPE,OK
TKT36728651690,2025-11-11T20:08:22Z,VIP-EST,R55756669,ABONNEMENT,OK
TKT81886679095,2025-11-11T20:08:23Z,PORTE-D,R51090791,ABONNEMENT,OK
TKT64092723020,2025-11-11T20:08:23Z,PORTE-A,R54803856,UNITE,OK
TKT81373590175,2025-11-11T20:08:23Z,PORTE-A,R52641681,UNITE,OK
TKT62978888823,2025-11-11T20:08:24Z,PORTE-A,R55023119,UNITE,OK
TKT13266770295,2025-11-11T20:08:25Z,PORTE-A,R56251628,ABONNEMENT,OK
TKT18670474779,2025-11-11T20:08:26Z,PORTE-D,R58215747,UNITE,OK
TKT76023504513,2025-11-11T20:08:27Z,PORTE-D,R58300217,ABONNEMENT,REFUSE_DEJA_SCANNE
TKT66970503664,2025-11-11T20:08:27Z,PMR-NORD,R56890853,ABONNEMENT,OK
TKT58718061447,2025-11-11T20:08:27Z,PORTE-D,,UNITE,OK
TKT30583787763,2025-11-11T20:08:29Z,VIP-EST,R53086853,ABONNEMENT,OK
TKT97683913557,2025-11-11T20:08:31Z,PORTE-D,R57462916,ABONNEMENT,OK
TKT77183146779,2025-11-11T20:08:32Z,PORTE-D,,UNITE,OK
TKT57063382760,2025-11-11T20:08:35Z,PORTE-C,R54956359,INVITATION,REFUSE_DEJA_SCANNE
TKT73909939439,2025-11-11T20:08:36Z,VIP-EST,R58889099,UNITE,OK
TKT93270931938,2025-11-11T20:08:36Z,VIP-EST,R58933915,UNITE,OK
TKT63003884654,2025-11-11T20:08:37Z,PORTE-D,R51577034,ABONNEMENT,OK
TKT24938227257,2025-11-11T20:08:39Z,PORTE-A,R51321614,UNITE,OK
TKT33017249944,2025-11-11T20:08:39Z,PORTE-A,R59964914,UNITE,REFUSE_INVALIDE
TKT16179190477,2025-11-11T20:08:40Z,PORTE-C,R55201425,ABONNEMENT,OK
TKT64135401684,2025-11-11T20:08:42Z,PORTE-B,R52451162,UNITE,OK
TKT41608780492,2025-11-11T20:08:48Z,PORTE-C,,UNITE,OK
TKT65915522360,2025-11-11T20:08:49Z,PORTE-C,R51367177,UNITE,REFUSE_INVALIDE
TKT57333927382,2025-11-11T20:08:53Z,PORTE-A,,GROUPE,OK
TKT64392322456,2025-11-11T20:08:55Z,PORTE-C,R57677476,ABONNEMENT,OK
TKT46483315152,2025-11-11T20:08:57Z,PORTE-C,R56393241,ABONNEMENT,OK
TKT54917184128,2025-11-11T20:08:57Z,VIP-EST,R55854883,ABONNEMENT,OK
TKT46609591718,2025-11-11T20:08:58Z,PORTE-C,,UNITE,OK
TKT59032518233,2025-11-11T20:09:00Z,PORTE-A,R52848932,UNITE,OK
TKT66605905022,2025-11-11T20:09:00Z,PORTE-B,R59701870,UNITE,OK
TKT33082516351,2025-11-11T20:09:01Z,PORTE-C,,UNITE,OK
TKT80604712296,2025-11-11T20:09:02Z,VIP-EST,,UNITE,OK
TKT64805085706,2025-11-11T20:09:05Z,VIP-EST,R52548227,ABONNEMENT,OK
TKT21301093804,2025-11-11T20:09:07Z,PORTE-D,R54533868,UNITE,OK
TKT38258478695,2025-11-11T20:09:13Z,PORTE-C,R56488112,UNITE,OK
TKT59645690916,2025-11-11T20:09:16Z,PORTE-A,,GROUPE,OK
TKT35786196891,2025-11-11T20:09:16Z,PORTE-C,,GROUPE,OK
TKT71592400458,2025-11-11T20:09:17Z,PORTE-D,R58357906,ABONNEMENT,OK
TKT17889650737,2025-11-11T20:09:18Z,PORTE-D,R53113547,UNITE,OK
TKT36482186591,2025-11-11T20:09:18Z,PORTE-C,R57311026,UNITE,OK
TKT26389006492,2025-11-11T20:09:19Z,PORTE-C,R56409380,ABONNEMENT,OK
TKT28432360781,2025-11-11T20:09:19Z,PORTE-C,R59828560,UNITE,OK
TKT92244754931,2025-11-11T20:09:20Z,PORTE-D,R52234783,ABONNEMENT,OK
TKT64853410152,2025-11-11T20:09:21Z,PORTE-D,R55303595,ABONNEMENT,OK
TKT30061973160,2025-11-11T20:09:22Z,PORTE-A,R58401285,VIP,REFUSE_DEJA_SCANNE
TKT57731266977,2025-11-11T20:09:24Z,PORTE-D,R54662062,ABONNEMENT,OK
TKT80118476806,2025-11-11T20:09:25Z,PORTE-C,R52008385,ABONNEMENT,OK
TKT59164872395,2025-11-11T20:09:25Z,PORTE-A,,UNITE,OK
TKT80469916945,2025-11-11T20:09:25Z,PMR-NORD,R54163003,UNITE,REFUSE_INVALIDE
TKT56487066207,2025-11-11T20:09:26Z,PORTE-D,,UNITE,OK
TKT74843737564,2025-11-11T20:09:27Z,PORTE-A,R58574563,ABONNEMENT,OK
TKT31483584302,2025-11-11T20:09:28Z,PORTE-A,R53655027,ABONNEMENT,OK
TKT87484033570,2025-11-11T20:09:29Z,PORTE-C,R55344666,ABONNEMENT,OK
TKT94691656322,2025-11-11T20:09:31Z,VIP-EST,R55384712,UNITE,OK
TKT90366623792,2025-11-11T20:09:31Z,PORTE-C,R55542464,UNITE,OK
TKT73696402064,2025-11-11T20:09:33Z,VIP-EST,,GROUPE,OK
TKT34699232656,2025-11-11T20:09:34Z,PORTE-C,R53489450,UNITE,OK
TKT19938235876,2025-11-11T20:09:37Z,PORTE-B,R59252742,UNITE,OK
TKT30224807233,2025-11-11T20:09:42Z,VIP-EST,R57678146,ABONNEMENT,OK
TKT88330159144,2025-11-11T20:09:42Z,PORTE-A,R55990423,UNITE,OK
TKT46667735103,2025-11-11T20:09:43Z,PORTE-D,R53111775,ABONNEMENT,OK
TKT39832247006,2025-11-11T20:09:44Z,PORTE-C,R55805096,ABONNEMENT,OK
TKT78174981867,2025-11-11T20:09:45Z,PORTE-C,R56542813,ABONNEMENT,OK
TKT91960775602,2025-11-11T20:09:51Z,PORTE-B,R59366559,UNITE,OK
TKT43504995480,2025-11-11T20:09:51Z,VIP-EST,R59734359,UNITE,OK
TKT82009271269,2025-11-11T20:09:52Z,PORTE-C,R57900541,ABONNEMENT,OK
TKT40993468014,2025-11-11T20:09:54Z,VIP-EST,R58254577,UNITE,OK
TKT68692737873,2025-11-11T20:09:55Z,VIP-EST,R52039916,UNITE,OK
TKT50866565275,2025-11-11T20:09:59Z,PORTE-A,R54147745,ABONNEMENT,OK
TKT42947972014,2025-11-11T20:10:00Z,PORTE-C,R53546938,ABONNEMENT,OK
TKT92137957421,2025-11-11T20:10:00Z,PORTE-B,R55377222,UNITE,OK
TKT12280716091,2025-11-11T20:10:06Z,PORTE-A,R58266693,INVITATION,OK
TKT35734575091,2025-11-11T20:10:08Z,VIP-EST,R58273647,INVITATION,OK
TKT50612695201,2025-11-11T20:10:08Z,VIP-EST,R54368837,UNITE,OK
TKT93714108021,2025-11-11T20:10:11Z,PORTE-B,R53096651,ABONNEMENT,OK
TKT71188119874,2025-11-11T20:10:12Z,PORTE-A,R53169809,ABONNEMENT,OK
TKT53825503302,2025-11-11T20:10:12Z,PORTE-D,,UNITE,OK
TKT45461406413,2025-11-11T20:10:12Z,PORTE-C,,GROUPE,OK
TKT49121007970,2025-11-11T20:10:13Z,VIP-EST,R54458268,UNITE,OK
TKT56968654208,2025-11-11T20:10:15Z,PORTE-C,,UNITE,OK
TKT18132610981,2025-11-11T20:10:21Z,VIP-EST,R57390046,ABONNEMENT,OK
TKT65328354347,2025-11-11T20:10:28Z,PORTE-D,R59702071,ABONNEMENT,OK
TKT87045399513,2025-11-11T20:10:29Z,VIP-EST,R55659336,UNITE,OK
TKT52932836996,2025-11-11T20:10:29Z,PORTE-C,R51979152,UNITE,OK
TKT13290475444,2025-11-11T20:10:33Z,VIP-EST,,UNITE,OK
TKT90666643177,2025-11-11T20:10:34Z,VIP-EST,R59299474,ABONNEMENT,OK
TKT82329468576,2025-11-11T20:10:36Z,PORTE-C,,UNITE,OK
TKT60787930654,2025-11-11T20:10:38Z,PORTE-C,R55648580,UNITE,OK
TKT82363082984,2025-11-11T20:10:38Z,PORTE-C,,GROUPE,OK
TKT31137248258,2025-11-11T20:10:38Z,PORTE-D,,UNITE,OK
TKT82173099540,2025-11-11T20:10:40Z,PORTE-C,R52164767,ABONNEMENT,OK
TKT55419790082,2025-11-11T20:10:42Z,VIP-EST,R59733746,ABONNEMENT,OK
TKT60604847896,2025-11-11T20:10:43Z,PORTE-D,R58986844,ABONNEMENT,OK
TKT13508512408,2025-11-11T20:10:43Z,PORTE-B,,UNITE,OK
TKT83291099394,2025-11-11T20:10:43Z,PORTE-A,R55471691,UNITE,OK
TKT99904573960,2025-11-11T20:10:46Z,VIP-EST,R54011190,UNITE,OK
TKT44517393397,2025-11-11T20:10:50Z,PORTE-A,R56355302,VIP,OK
TKT87518512145,2025-11-11T20:10:51Z,VIP-EST,R58611276,ABONNEMENT,OK
TKT33598199150,2025-11-11T20:10:51Z,VIP-EST,R53123020,VIP,OK
TKT89835025972,2025-11-11T20:10:52Z,PORTE-A,,UNITE,OK
TKT97399400794,2025-11-11T20:10:53Z,PORTE-C,R55137750,ABONNEMENT,OK
TKT80938224936,2025-11-11T20:10:59Z,PORTE-B,R51494547,ABONNEMENT,OK
TKT48820967037,2025-11-11T20:11:01Z,PORTE-C,R59404431,UNITE,OK
TKT83634575808,2025-11-11T20:11:01Z,PORTE-D,R51227413,UNITE,OK
TKT70186906554,2025-11-11T20:11:08Z,PORTE-A,R53393889,ABONNEMENT,OK
TKT50274889571,2025-11-11T20:11:09Z,PORTE-A,,UNITE,OK
TKT83923873613,2025-11-11T20:11:10Z,PORTE-B,R54799987,ABONNEMENT,OK
TKT74450033410,2025-11-11T20:11:10Z,PORTE-A,R53466702,ABONNEMENT,OK
TKT66684031073,2025-11-11T20:11:11Z,PORTE-D,R58989085,ABONNEMENT,OK
TKT91914665229,2025-11-11T20:11:13Z,PORTE-A,R53148488,UNITE,OK
TKT50498886097,2025-11-11T20:11:13Z,VIP-EST,R55201770,UNITE,OK
TKT50110481180,2025-11-11T20:11:15Z,PORTE-B,R58650230,UNITE,OK
TKT62404164897,2025-11-11T20:11:18Z,PORTE-C,R57287531,ABONNEMENT,OK
TKT16202317327,2025-11-11T20:11:18Z,PORTE-C,,UNITE,OK
TKT85066436374,2025-11-11T20:11:20Z,PORTE-C,R53860248,UNITE,OK
TKT85623332205,2025-11-11T20:11:22Z,PORTE-B,R57867563,ABONNEMENT,OK
TKT72235114343,2025-11-11T20:11:24Z,PORTE-C,R55255436,ABONNEMENT,OK
TKT80079013355,2025-11-11T20:11:25Z,VIP-EST,R54378990,ABONNEMENT,OK
TKT17214822059,2025-11-11T20:11:26Z,PORTE-A,R51873381,UNITE,OK
TKT67187805636,2025-11-11T20:11:27Z,PORTE-C,R57558544,UNITE,OK
TKT50851742208,2025-11-11T20:11:30Z,PORTE-B,R52768629,ABONNEMENT,OK
TKT90471000693,2025-11-11T20:11:31Z,PORTE-B,R58102898,ABONNEMENT,OK
TKT60445013415,2025-11-11T20:11:31Z,PORTE-A,R56329479,UNITE,OK
TKT47181667027,2025-11-11T20:11:35Z,PORTE-C,R56751223,ABONNEMENT,OK
TKT71365548112,2025-11-11T20:11:37Z,PORTE-A,R55227439,ABONNEMENT,OK
TKT52476185575,2025-11-11T20:11:41Z,PORTE-C,R52024524,ABONNEMENT,OK
TKT11759088959,2025-11-11T20:11:42Z,PORTE-A,R52164901,UNITE,OK
TKT75854842525,2025-11-11T20:11:44Z,VIP-EST,R57245244,UNITE,OK
TKT10120703977,2025-11-11T20:11:45Z,PORTE-C,R53402270,ABONNEMENT,OK
TKT86145162459,2025-11-11T20:11:47Z,PORTE-C,R58461493,UNITE,OK
TKT32070591135,2025-11-11T20:11:47Z,PORTE-C,R57915109,UNITE,OK
TKT74966284543,2025-11-11T20:11:48Z,PORTE-C,R52357316,UNITE,OK
TKT53983625047,2025-11-11T20:11:55Z,PORTE-D,R52719589,ABONNEMENT,OK
TKT61465582780,2025-11-11T20:11:56Z,PORTE-A,R55505617,UNITE,OK
TKT67804182163,2025-11-11T20:11:57Z,PORTE-A,R56513389,UNITE,OK
TKT40214341773,2025-11-11T20:11:58Z,PORTE-C,R54685011,ABONNEMENT,OK
TKT74324213575,2025-11-11T20:11:59Z,PORTE-A,R55532043,ABONNEMENT,OK
TKT11261168978,2025-11-11T20:12:09Z,PORTE-B,R51450411,UNITE,OK
TKT12887962536,2025-11-11T20:12:13Z,PORTE-A,R59621289,ABONNEMENT,OK
TKT30108011505,2025-11-11T20:12:14Z,VIP-EST,,UNITE,OK
TKT37699103940,2025-11-11T20:12:16Z,PORTE-D,R58690209,UNITE,OK
TKT41542112582,2025-11-11T20:12:18Z,VIP-EST,R53346554,UNITE,OK
TKT15975842526,2025-11-11T20:12:18Z,VIP-EST,R52939522,UNITE,OK
TKT64461752093,2025-11-11T20:12:19Z,PORTE-C,R57036268,UNITE,OK
TKT34625673344,2025-11-11T20:12:19Z,PORTE-A,R57029458,UNITE,OK
TKT83877320882,2025-11-11T20:12:21Z,PORTE-A,R55517944,ABONNEMENT,OK
TKT63954876530,2025-11-11T20:12:22Z,PORTE-D,R59766369,UNITE,OK
TKT57550115853,2025-11-11T20:12:22Z,PORTE-D,R56451476,UNITE,OK
TKT81820588719,2025-11-11T20:12:25Z,PORTE-A,R55323412,UNITE,OK
TKT33139570473,2025-11-11T20:12:26Z,PORTE-A,R59013327,ABONNEMENT,OK
TKT98495997985,2025-11-11T20:12:27Z,PORTE-D,R52666881,UNITE,OK
TKT22758793205,2025-11-11T20:12:29Z,PORTE-C,R57079935,UNITE,OK
TKT33476361208,2025-11-11T20:12:32Z,PORTE-D,R53814340,UNITE,OK
TKT94550401169,2025-11-11T20:12:33Z,PORTE-A,R58796737,GROUPE,OK
TKT80953320819,2025-11-11T20:12:34Z,PORTE-D,R56826488,ABONNEMENT,OK
TKT21639683344,2025-11-11T20:12:35Z,PORTE-A,R58188718,ABONNEMENT,OK
TKT55443017917,2025-11-11T20:12:41Z,PORTE-B,R56269549,UNITE,OK
TKT30098344918,2025-11-11T20:12:41Z,VIP-EST,R58652615,VIP,OK
TKT69195800499,2025-11-11T20:12:46Z,PORTE-C,R55896031,ABONNEMENT,OK
TKT45127803357,2025-11-11T20:12:46Z,PORTE-C,R59806013,ABONNEMENT,OK
TKT83452982515,2025-11-11T20:12:48Z,PORTE-A,R52876929,UNITE,OK
TKT91538221571,2025-11-11T20:12:49Z,PORTE-A,,VIP,OK
TKT62169076525,2025-11-11T20:12:50Z,PORTE-A,R53860928,ABONNEMENT,OK
TKT93358515008,2025-11-11T20:12:52Z,PORTE-D,R55322253,UNITE,OK
TKT43943795133,2025-11-11T20:12:52Z,VIP-EST,R57013386,UNITE,OK
TKT28898286847,2025-11-11T20:12:53Z,PORTE-A,R54430750,UNITE,OK
TKT86099390639,2025-11-11T20:12:57Z,PORTE-A,R58998826,UNITE,OK
TKT63037972048,2025-11-11T20:13:00Z,VIP-EST,R53681942,VIP,OK
TKT22879725902,2025-11-11T20:13:02Z,PORTE-D,R52658979,UNITE,OK
TKT20957477438,2025-11-11T20:13:05Z,PORTE-C,R57923212,ABONNEMENT,REFUSE_DEJA_SCANNE
TKT55115194939,2025-11-11T20:13:05Z,PORTE-C,,UNITE,OK
TKT94581249418,2025-11-11T20:13:09Z,VIP-EST,R57068154,UNITE,OK
TKT43319211912,2025-11-11T20:13:09Z,PORTE-C,R52818148,UNITE,OK
TKT41789765595,2025-11-11T20:13:11Z,PORTE-C,R59661479,ABONNEMENT,OK
TKT25962634588,2025-11-11T20:13:12Z,PORTE-C,R53018465,UNITE,OK
TKT34682555615,2025-11-11T20:13:13Z,PORTE-C,R57204230,ABONNEMENT,OK
TKT34604083708,2025-11-11T20:13:15Z,PORTE-A,R55880907,ABONNEMENT,OK
TKT94079091812,2025-11-11T20:13:17Z,PORTE-D,R56251638,ABONNEMENT,OK
TKT63549879370,2025-11-11T20:13:19Z,PORTE-C,,UNITE,OK
TKT40984660760,2025-11-11T20:13:21Z,PORTE-C,R54224983,UNITE,OK
TKT22125660316,2025-11-11T20:13:24Z,PORTE-A,R53020170,UNITE,OK
TKT20162894014,2025-11-11T20:13:25Z,PORTE-D,R53357109,UNITE,OK
TKT91320694150,2025-11-11T20:13:25Z,PORTE-C,R52111024,UNITE,OK
TKT33328379063,2025-11-11T20:13:28Z,PORTE-B,R57430360,ABONNEMENT,OK
TKT79979263320,2025-11-11T20:13:28Z,PORTE-D,R59216307,UNITE,OK
TKT59937848914,2025-11-11T20:13:33Z,PORTE-D,R55037821,ABONNEMENT,REFUSE_DEJA_SCANNE
TKT11469079714,2025-11-11T20:13:34Z,VIP-EST,R57436835,UNITE,OK
TKT82176817496,2025-11-11T20:13:39Z,VIP-EST,R52632610,UNITE,OK
TKT46957040725,2025-11-11T20:13:43Z,PORTE-D,R54599191,UNITE,OK
TKT50255531204,2025-11-11T20:13:49Z,PORTE-C,R53831303,ABONNEMENT,OK
TKT35762543984,2025-11-11T20:13:53Z,PORTE-C,R52195484,UNITE,OK
TKT12129921854,2025-11-11T20:13:54Z,VIP-EST,R54137669,ABONNEMENT,OK
TKT29304063384,2025-11-11T20:13:54Z,PORTE-C,R56469310,UNITE,OK
TKT75814150981,2025-11-11T20:13:57Z,PORTE-C,R57638301,UNITE,OK
TKT77518574069,2025-11-11T20:13:59Z,PORTE-C,R51674089,UNITE,OK
TKT36200324475,2025-11-11T20:14:01Z,PORTE-A,R56746118,ABONNEMENT,OK
TKT74980840501,2025-11-11T20:14:01Z,PORTE-D,,GROUPE,OK
TKT14831550480,2025-11-11T20:14:02Z,PORTE-A,R54979720,ABONNEMENT,REFUSE_DEJA_SCANNE
TKT59184784219,2025-11-11T20:14:02Z,PORTE-D,R51532888,ABONNEMENT,OK
TKT77553683200,2025-11-11T20:14:12Z,PORTE-C,R58631361,UNITE,OK
TKT85446146694,2025-11-11T20:14:15Z,PORTE-A,R54489866,ABONNEMENT,OK
TKT64841820055,2025-11-11T20:14:15Z,PORTE-C,R53185881,UNITE,OK
TKT82884682559,2025-11-11T20:14:16Z,PORTE-B,R58937248,ABONNEMENT,OK
TKT54841672173,2025-11-11T20:14:21Z,PORTE-C,R56638297,ABONNEMENT,OK
TKT27805366207,2025-11-11T20:14:23Z,PORTE-C,R51093367,ABONNEMENT,OK
TKT80264779908,2025-11-11T20:14:25Z,PORTE-A,,UNITE,OK
TKT52066986383,2025-11-11T20:14:30Z,PORTE-C,,UNITE,OK
TKT18327165716,2025-11-11T20:14:31Z,PORTE-B,R55459843,ABONNEMENT,OK
TKT75219996962,2025-11-11T20:14:31Z,PORTE-A,R51528942,INVITATION,OK
TKT97992457841,2025-11-11T20:14:35Z,PORTE-C,R55570595,ABONNEMENT,OK
TKT89240668191,2025-11-11T20:14:35Z,PORTE-C,R59413348,ABONNEMENT,OK
TKT21672198068,2025-11-11T20:14:36Z,PORTE-D,R55762052,ABONNEMENT,OK
TKT34087075435,2025-11-11T20:14:44Z,PORTE-A,R52696295,ABONNEMENT,OK
TKT60255512855,2025-11-11T20:14:57Z,PORTE-B,R57179164,ABONNEMENT,OK
TKT40618382793,2025-11-11T20:14:58Z,PORTE-A,R56868249,ABONNEMENT,OK
TKT91888956281,2025-11-11T20:15:03Z,PORTE-D,R58454003,ABONNEMENT,OK
TKT45444096878,2025-11-11T20:15:03Z,PORTE-D,R55735415,ABONNEMENT,OK
TKT76825703179,2025-11-11T20:15:04Z,PORTE-D,,GROUPE,OK
TKT33510419307,2025-11-11T20:15:05Z,VIP-EST,R52233825,ABONNEMENT,OK
TKT86669339736,2025-11-11T20:15:07Z,VIP-EST,R58893869,ABONNEMENT,OK
TKT53291840157,2025-11-11T20:15:10Z,PORTE-A,R55183926,ABONNEMENT,OK
TKT84817470617,2025-11-11T20:15:10Z,PORTE-B,R58511012,UNITE,OK
TKT96343403731,2025-11-11T20:15:15Z,PORTE-A,R57512914,UNITE,OK
TKT54434413332,2025-11-11T20:15:15Z,PORTE-C,R57481584,UNITE,OK
TKT71296128008,2025-11-11T20:15:17Z,PORTE-A,R59254581,UNITE,OK
TKT12533995589,2025-11-11T20:15:18Z,PORTE-B,,UNITE,OK
TKT21982422247,2025-11-11T20:15:19Z,PORTE-D,R56307344,ABONNEMENT,OK
TKT15670355878,2025-11-11T20:15:24Z,PORTE-C,R53947371,ABONNEMENT,OK
TKT49059283538,2025-11-11T20:15:30Z,PORTE-C,,UNITE,OK
TKT56830548490,2025-11-11T20:15:36Z,PORTE-C,R57411501,UNITE,OK
TKT18008797215,2025-11-11T20:15:38Z,PORTE-B,R51497277,UNITE,OK
TKT80222211978,2025-11-11T20:15:39Z,PORTE-C,R57679439,ABONNEMENT,OK
TKT38147567485,2025-11-11T20:15:41Z,PORTE-D,R54106406,UNITE,OK
TKT98497804748,2025-11-11T20:15:44Z,PORTE-A,,UNITE,REFUSE_DEJA_SCANNE
TKT14833297008,2025-11-11T20:15:46Z,PORTE-C,R59331963,UNITE,OK
TKT79743238471,2025-11-11T20:15:48Z,VIP-EST,R52995650,UNITE,OK
TKT17716529340,2025-11-11T20:15:48Z,PORTE-C,R54103676,UNITE,OK
TKT75740937413,2025-11-11T20:15:53Z,PORTE-B,R57861165,ABONNEMENT,OK
TKT85763673333,2025-11-11T20:16:16Z,VIP-EST,R53042439,ABONNEMENT,OK
TKT95066992423,2025-11-11T20:16:18Z,PORTE-C,R52755421,UNITE,OK
TKT56403446847,2025-11-11T20:16:18Z,PORTE-D,,GROUPE,OK
TKT96108917810,2025-11-11T20:16:25Z,PORTE-C,R53855354,UNITE,OK
TKT79347973073,2025-11-11T20:16:27Z,PORTE-C,R53395527,UNITE,OK
TKT19953335391,2025-11-11T20:16:28Z,PORTE-D,R58006034,ABONNEMENT,OK
TKT14906099159,2025-11-11T20:16:34Z,VIP-EST,,VIP,OK
TKT97058809925,2025-11-11T20:16:38Z,PORTE-C,R57346379,UNITE,OK
TKT49998580955,2025-11-11T20:16:40Z,PORTE-A,R59708881,UNITE,OK
TKT22732949281,2025-11-11T20:16:45Z,PORTE-C,R55944381,UNITE,OK
TKT13792030573,2025-11-11T20:16:46Z,PORTE-A,,GROUPE,OK
TKT51108728948,2025-11-11T20:16:49Z,PORTE-C,R53878102,UNITE,OK
TKT56864637416,2025-11-11T20:16:52Z,VIP-EST,R55365029,UNITE,OK
TKT81300433298,2025-11-11T20:16:56Z,PORTE-C,R52677359,UNITE,OK
TKT54109783781,2025-11-11T20:16:59Z,PORTE-A,,UNITE,OK
TKT20959180066,2025-11-11T20:17:03Z,PORTE-A,R51522467,UNITE,OK
TKT77388899783,2025-11-11T20:17:06Z,PORTE-B,R57839030,UNITE,OK
TKT24732534620,2025-11-11T20:17:14Z,PORTE-D,R57156761,ABONNEMENT,OK
TKT79849603581,2025-11-11T20:17:15Z,VIP-EST,R56011399,ABONNEMENT,OK
TKT44846256746,2025-11-11T20:17:17Z,PORTE-C,R57868253,UNITE,OK
TKT50812824844,2025-11-11T20:17:18Z,PORTE-A,R56538522,ABONNEMENT,OK
TKT90883096788,2025-11-11T20:17:19Z,PORTE-A,R51181448,UNITE,OK
TKT99837598767,2025-11-11T20:17:38Z,PORTE-D,R58167876,ABONNEMENT,OK
TKT34711118973,2025-11-11T20:17:39Z,PORTE-C,R58302324,UNITE,OK
TKT37721843879,2025-11-11T20:17:42Z,PORTE-B,R59760105,ABONNEMENT,OK
TKT58322155760,2025-11-11T20:17:42Z,PORTE-C,R52528132,ABONNEMENT,OK
TKT47382455675,2025-11-11T20:17:45Z,PORTE-C,R51612990,ABONNEMENT,OK
TKT61323903998,2025-11-11T20:17:50Z,VIP-EST,R52861135,ABONNEMENT,OK
TKT39270491049,2025-11-11T20:17:50Z,PORTE-C,R55128612,ABONNEMENT,OK
TKT48033231839,2025-11-11T20:17:56Z,PORTE-C,R53667833,INVITATION,OK
TKT76178811835,2025-11-11T20:17:58Z,PORTE-B,R56538512,ABONNEMENT,OK
TKT43686517944,2025-11-11T20:17:59Z,PORTE-D,R53249499,UNITE,OK
TKT96305220446,2025-11-11T20:18:00Z,PORTE-A,R58429694,GROUPE,OK
TKT41078904475,2025-11-11T20:18:01Z,PORTE-B,R55465082,ABONNEMENT,OK
TKT32954895484,2025-11-11T20:18:01Z,VIP-EST,R57031307,INVITATION,OK
TKT99723471967,2025-11-11T20:18:03Z,PORTE-C,R57038797,ABONNEMENT,OK
TKT77295308121,2025-11-11T20:18:08Z,PORTE-D,R53840086,ABONNEMENT,OK
TKT37706244743,2025-11-11T20:18:12Z,VIP-EST,R51929921,UNITE,OK
TKT46832825490,2025-11-11T20:18:13Z,PORTE-B,R56671476,ABONNEMENT,OK
TKT14095661638,2025-11-11T20:18:14Z,PORTE-C,R54153473,ABONNEMENT,OK
TKT38464546942,2025-11-11T20:18:18Z,PORTE-B,R57815123,ABONNEMENT,OK
TKT68898887287,2025-11-11T20:18:18Z,PORTE-A,,UNITE,OK
TKT34569195744,2025-11-11T20:18:21Z,PORTE-C,,UNITE,OK
TKT76878851472,2025-11-11T20:18:22Z,PORTE-D,R55062140,ABONNEMENT,OK
TKT76765411168,2025-11-11T20:18:25Z,VIP-EST,R55239776,UNITE,OK
TKT79421557470,2025-11-11T20:18:25Z,PORTE-C,R53927477,UNITE,OK
TKT68497853280,2025-11-11T20:18:25Z,PORTE-B,R59858453,UNITE,OK
TKT18110995735,2025-11-11T20:18:28Z,VIP-EST,R51940342,UNITE,OK
TKT23967657877,2025-11-11T20:18:36Z,VIP-EST,R53014452,ABONNEMENT,OK
TKT96384236299,2025-11-11T20:18:44Z,VIP-EST,R58061549,ABONNEMENT,OK
TKT85258320559,2025-11-11T20:18:46Z,PORTE-B,R57560996,UNITE,OK
TKT33806631795,2025-11-11T20:18:46Z,VIP-EST,,VIP,OK
TKT75908994080,2025-11-11T20:18:47Z,PORTE-A,R51912891,UNITE,OK
TKT16272029538,2025-11-11T20:18:51Z,PORTE-D,,GROUPE,OK
TKT40307113202,2025-11-11T20:19:03Z,PORTE-C,R59122384,ABONNEMENT,OK
TKT68272331805,2025-11-11T20:19:03Z,PORTE-A,R55384990,UNITE,OK
TKT19259743152,2025-11-11T20:19:05Z,PORTE-A,R58142187,UNITE,OK
TKT16462898338,2025-11-11T20:19:15Z,PORTE-A,R56578970,INVITATION,OK
TKT74651691850,2025-11-11T20:19:24Z,PORTE-A,R57943029,ABONNEMENT,OK
TKT67187805636,2025-11-11T20:19:27Z,PORTE-C,R57558544,UNITE,REFUSE_DEJA_SCANNE
TKT55561983193,2025-11-11T20:19:31Z,VIP-EST,R55015150,UNITE,OK
TKT75557555262,2025-11-11T20:19:32Z,PORTE-A,,UNITE,OK
TKT28906527054,2025-11-11T20:19:33Z,PORTE-A,R54607093,UNITE,OK
TKT38029386676,2025-11-11T20:19:41Z,PORTE-B,,UNITE,OK
TKT39154416834,2025-11-11T20:19:47Z,VIP-EST,R51621783,ABONNEMENT,OK
TKT30871548285,2025-11-11T20:19:50Z,PORTE-A,R54443077,UNITE,OK
TKT82483051481,2025-11-11T20:19:57Z,PORTE-C,R59892178,UNITE,OK
TKT84186725303,2025-11-11T20:20:00Z,VIP-EST,R51103932,VIP,REFUSE_DEJA_SCANNE
TKT44939213309,2025-11-11T20:20:10Z,PORTE-C,R59736811,UNITE,OK
TKT92689763327,2025-11-11T20:20:15Z,PORTE-B,R51093032,ABONNEMENT,OK
TKT73432481685,2025-11-11T20:20:21Z,PORTE-D,R53793642,UNITE,OK
TKT24150035947,2025-11-11T20:20:26Z,VIP-EST,,GROUPE,OK
TKT22571837848,2025-11-11T20:20:33Z,PORTE-D,R59309617,UNITE,OK
TKT48333805719,2025-11-11T20:20:37Z,PORTE-B,,UNITE,REFUSE_INVALIDE
TKT65872760556,2025-11-11T20:20:39Z,PORTE-A,R55616637,INVITATION,OK
TKT63111901510,2025-11-11T20:20:40Z,PORTE-A,R51827205,ABONNEMENT,OK
TKT81645138521,2025-11-11T20:20:51Z,VIP-EST,R54762450,ABONNEMENT,OK
TKT18467665973,2025-11-11T20:20:53Z,PORTE-C,R51856083,ABONNEMENT,OK
TKT92860547105,2025-11-11T20:20:56Z,VIP-EST,R57312185,ABONNEMENT,OK
TKT86046326011,2025-11-11T20:20:56Z,VIP-EST,,UNITE,OK
TKT10594870136,2025-11-11T20:21:03Z,PORTE-D,,UNITE,OK
TKT19420048736,2025-11-11T20:21:04Z,PORTE-A,R58757438,ABONNEMENT,OK
TKT54982776571,2025-11-11T20:21:13Z,PORTE-C,R57110853,ABONNEMENT,OK
TKT94987156290,2025-11-11T20:21:15Z,PORTE-C,R56623853,UNITE,OK
TKT83877320882,2025-11-11T20:21:21Z,PORTE-A,R55517944,ABONNEMENT,REFUSE_DEJA_SCANNE
TKT30284517386,2025-11-11T20:21:22Z,PORTE-D,,UNITE,OK
TKT79309981793,2025-11-11T20:21:24Z,PORTE-A,R57971103,ABONNEMENT,OK
TKT76028800575,2025-11-11T20:21:24Z,VIP-EST,R56762200,VIP,OK
TKT55148487461,2025-11-11T20:21:24Z,PORTE-C,R51852405,UNITE,OK
TKT43270993185,2025-11-11T20:21:29Z,PORTE-B,R55701633,ABONNEMENT,OK
TKT21756555228,2025-11-11T20:21:37Z,PORTE-B,R51700381,ABONNEMENT,OK
TKT24141585915,2025-11-11T20:21:40Z,VIP-EST,R54127583,UNITE,OK
TKT10263633095,2025-11-11T20:21:43Z,PORTE-C,R57816560,UNITE,OK
TKT93942713428,2025-11-11T20:21:46Z,VIP-EST,R59589557,UNITE,OK
TKT35947449692,2025-11-11T20:21:46Z,PORTE-A,R57559636,UNITE,OK
TKT93233965102,2025-11-11T20:21:48Z,PORTE-B,,UNITE,OK
TKT63874838661,2025-11-11T20:21:55Z,PORTE-A,,UNITE,OK
TKT54109783781,2025-11-11T20:21:59Z,PORTE-A,,UNITE,REFUSE_DEJA_SCANNE
TKT66510420871,2025-11-11T20:22:05Z,PORTE-B,R59833387,ABONNEMENT,OK
TKT49999280425,2025-11-11T20:22:05Z,PORTE-A,,GROUPE,OK
TKT68477957815,2025-11-11T20:22:07Z,PORTE-D,R57423751,ABONNEMENT,OK
TKT15007633574,2025-11-11T20:22:09Z,PORTE-A,R54168252,UNITE,OK
TKT37151975576,2025-11-11T20:22:15Z,PORTE-C,,UNITE,OK
TKT31326349540,2025-11-11T20:22:15Z,PORTE-C,R57072847,UNITE,OK
TKT28202326041,2025-11-11T20:22:21Z,PORTE-C,R58732985,UNITE,OK
TKT76928358592,2025-11-11T20:22:34Z,PORTE-D,,UNITE,OK
TKT68897766623,2025-11-11T20:22:51Z,PORTE-D,R57749264,ABONNEMENT,OK
TKT41937152507,2025-11-11T20:22:51Z,PORTE-D,R55632297,ABONNEMENT,OK
TKT54248318271,2025-11-11T20:22:54Z,PORTE-A,R51054547,UNITE,OK
TKT96593482380,2025-11-11T20:23:03Z,PORTE-D,R52107269,UNITE,OK
TKT15911963962,2025-11-11T20:23:03Z,PORTE-A,R57722215,UNITE,OK
TKT85468148542,2025-11-11T20:23:07Z,PORTE-C,R54289013,UNITE,OK
TKT42925339193,2025-11-11T20:23:08Z,PORTE-C,R53663485,ABONNEMENT,OK
TKT32653773910,2025-11-11T20:23:10Z,PORTE-B,R53267621,ABONNEMENT,OK
TKT99409881716,2025-11-11T20:23:20Z,VIP-EST,R59233260,UNITE,OK
TKT15378045280,2025-11-11T20:23:23Z,PORTE-C,R58776853,ABONNEMENT,OK
TKT79241512606,2025-11-11T20:23:25Z,PORTE-C,,UNITE,OK
TKT67596066143,2025-11-11T20:23:32Z,PORTE-A,,UNITE,OK
TKT81307122052,2025-11-11T20:23:42Z,VIP-EST,R53211905,ABONNEMENT,OK
TKT41591070007,2025-11-11T20:23:43Z,VIP-EST,R59166788,ABONNEMENT,OK
TKT48003845528,2025-11-11T20:23:44Z,PORTE-A,R55045378,ABONNEMENT,OK
TKT32473854749,2025-11-11T20:23:46Z,PORTE-C,R57383916,UNITE,OK
TKT58739479175,2025-11-11T20:23:48Z,PORTE-D,R57269419,UNITE,OK
TKT22278115241,2025-11-11T20:23:49Z,PORTE-C,R57853943,UNITE,OK
TKT29703299125,2025-11-11T20:23:57Z,PORTE-A,R58576747,ABONNEMENT,OK
TKT55103409667,2025-11-11T20:24:01Z,VIP-EST,R55635027,UNITE,OK
TKT10038827813,2025-11-11T20:24:04Z,PORTE-A,,UNITE,OK
TKT56973121154,2025-11-11T20:24:13Z,PORTE-C,,UNITE,OK
TKT71752567918,2025-11-11T20:24:25Z,PORTE-C,R52145151,UNITE,OK
TKT33506487275,2025-11-11T20:24:26Z,VIP-EST,R53837778,ABONNEMENT,OK
TKT73828101381,2025-11-11T20:24:43Z,PORTE-D,,GROUPE,OK
TKT98231259695,2025-11-11T20:24:47Z,PORTE-A,R59139605,ABONNEMENT,OK
TKT47612234773,2025-11-11T20:25:01Z,PORTE-A,R57285491,UNITE,OK
TKT10102457914,2025-11-11T20:25:14Z,PORTE-B,R51337954,UNITE,OK
TKT89973475198,2025-11-11T20:25:21Z,PORTE-C,R52825102,ABONNEMENT,OK
TKT80110299115,2025-11-11T20:25:23Z,PORTE-C,R59326570,ABONNEMENT,OK
TKT27973595412,2025-11-11T20:25:27Z,PORTE-B,R52698824,UNITE,OK
TKT90207970436,2025-11-11T20:25:42Z,PORTE-C,,UNITE,OK
TKT53152017884,2025-11-11T20:25:55Z,PORTE-D,R52440550,ABONNEMENT,OK
TKT69524296715,2025-11-11T20:25:59Z,VIP-EST,R59473020,ABONNEMENT,OK
TKT20084221758,2025-11-11T20:26:10Z,PORTE-C,,UNITE,OK
TKT22987327231,2025-11-11T20:26:17Z,PORTE-D,R58749747,ABONNEMENT,OK
TKT87141742754,2025-11-11T20:26:21Z,PORTE-A,R56405089,ABONNEMENT,OK
TKT24104559040,2025-11-11T20:26:40Z,PORTE-D,R55332741,UNITE,OK
TKT68670778321,2025-11-11T20:26:43Z,PORTE-A,R57474506,UNITE,OK
TKT16063099280,2025-11-11T20:26:49Z,PORTE-A,R59567077,UNITE,OK
TKT11602328089,2025-11-11T20:26:52Z,PORTE-D,R59352182,ABONNEMENT,OK
TKT92860547105,2025-11-11T20:26:56Z,VIP-EST,R57312185,ABONNEMENT,REFUSE_DEJA_SCANNE
TKT94200565925,2025-11-11T20:27:04Z,PORTE-D,R56563578,ABONNEMENT,OK
TKT24344919467,2025-11-11T20:27:09Z,PORTE-B,R58750839,ABONNEMENT,OK
TKT10254158821,2025-11-11T20:27:12Z,PORTE-A,R54016362,UNITE,REFUSE_INVALIDE
TKT62948659322,2025-11-11T20:27:17Z,PORTE-D,R56362859,ABONNEMENT,OK
TKT91113879582,2025-11-11T20:27:19Z,PORTE-B,R54294865,ABONNEMENT,OK
TKT56013577583,2025-11-11T20:27:20Z,PORTE-D,R52629488,UNITE,OK
TKT60006514353,2025-11-11T20:27:26Z,PORTE-C,R57798294,ABONNEMENT,OK
TKT41214990225,2025-11-11T20:27:28Z,PORTE-D,,UNITE,OK
TKT87583699902,2025-11-11T20:27:30Z,PORTE-D,R54662464,UNITE,OK
TKT81807040882,2025-11-11T20:27:51Z,PORTE-C,,UNITE,OK
TKT16384434669,2025-11-11T20:27:56Z,PORTE-A,R54358071,ABONNEMENT,OK
TKT74751482964,2025-11-11T20:28:09Z,PORTE-D,R51846409,UNITE,OK
TKT48098112537,2025-11-11T20:28:13Z,PORTE-A,R52861068,ABONNEMENT,OK
TKT92110988670,2025-11-11T20:28:13Z,PORTE-B,,UNITE,OK
TKT52770894280,2025-11-11T20:28:23Z,VIP-EST,R56623585,UNITE,OK
TKT70760199281,2025-11-11T20:28:30Z,VIP-EST,R56193949,ABONNEMENT,OK
TKT69520485033,2025-11-11T20:28:35Z,VIP-EST,R58632798,ABONNEMENT,OK
TKT62626870637,2025-11-11T20:30:07Z,VIP-EST,,UNITE,OK
TKT39042676113,2025-11-11T20:30:37Z,PORTE-A,R51232796,ABONNEMENT,OK
TKT48172749132,2025-11-11T20:31:29Z,PORTE-C,R54434773,ABONNEMENT,OK
TKT13580538416,2025-11-11T20:31:36Z,PORTE-C,,UNITE,OK
TKT93109425510,2025-11-11T20:32:01Z,PORTE-B,,UNITE,OK
TKT49740659585,2025-11-11T20:33:53Z,PORTE-C,R57792509,UNITE,OK
TKT39345171075,2025-11-11T20:34:28Z,PORTE-C,R51276530,ABONNEMENT,OK
TKT66684066804,2025-11-11T20:36:07Z,PORTE-C,R53761565,UNITE,OK
TKT47973445469,2025-11-11T20:36:24Z,PORTE-D,,UNITE,OK
TKT79859435453,2025-11-11T20:36:40Z,PORTE-B,R56455556,UNITE,OK
TKT97092925769,2025-11-11T20:37:40Z,PORTE-A,R54707079,ABONNEMENT,OK
