barcode,scan_ts_utc,portique,ext_id,type_billet,resultat
TKT57215237593,2026-01-15T18:15:00Z,PORTE-C,R51647385,UNITE,OK
TKT30631919661,2026-01-15T18:15:01Z,PORTE-C,R53336344,UNITE,OK
TKT83660503925,2026-01-15T18:15:01Z,PORTE-C,R53815566,UNITE,OK
TKT79761061443,2026-01-15T18:15:01Z,PORTE-C,R52629756,UNITE,OK
TKT95726930193,2026-01-15T18:15:03Z,PORTE-A,R59844488,ABONNEMENT,OK
TKT23823956785,2026-01-15T18:15:05Z,PORTE-D,R57020809,ABONNEMENT,OK
TKT24484671081,2026-01-15T18:15:05Z,PORTE-A,R56024349,UNITE,OK
TKT72331135226,2026-01-15T18:15:06Z,VIP-EST,R51461924,UNITE,OK
TKT83674091311,2026-01-15T18:15:06Z,PORTE-B,,UNITE,OK
TKT21899908704,2026-01-15T18:15:07Z,PORTE-B,R58911100,UNITE,OK
TKT75944890456,2026-01-15T18:15:07Z,PORTE-B,,UNITE,OK
TKT84847778365,2026-01-15T18:15:08Z,PORTE-A,R53070158,UNITE,OK
TKT23775366362,2026-01-15T18:15:09Z,PORTE-C,R56964681,UNITE,OK
TKT28406711757,2026-01-15T18:15:09Z,PORTE-A,R52113399,UNITE,OK
TKT78909759412,2026-01-15T18:15:09Z,PORTE-A,R58220718,UNITE,OK
TKT80062070443,2026-01-15T18:15:11Z,PORTE-A,R58786527,UNITE,OK
TKT38650915928,2026-01-15T18:15:12Z,PORTE-C,R57448338,ABONNEMENT,OK
TKT40659655301,2026-01-15T18:15:12Z,PORTE-D,,UNITE,OK
TKT41765253000,2026-01-15T18:15:13Z,PORTE-C,,UNITE,OK
TKT67825136451,2026-01-15T18:15:17Z,PORTE-C,R53823669,UNITE,OK
TKT10977227010,2026-01-15T18:15:18Z,PORTE-C,R59619594,ABONNEMENT,OK
TKT73038182569,2026-01-15T18:15:18Z,VIP-EST,,UNITE,OK
TKT37969669034,2026-01-15T18:15:19Z,PORTE-C,R59459323,UNITE,OK
TKT94426203887,2026-01-15T18:15:20Z,PORTE-D,R54336147,ABONNEMENT,OK
TKT29780748322,2026-01-15T18:15:20Z,PORTE-D,R59442705,UNITE,OK
TKT22424218768,2026-01-15T18:15:22Z,PORTE-C,,UNITE,OK
TKT82840792055,2026-01-15T18:15:25Z,VIP-EST,R57482053,UNITE,OK
TKT80884564465,2026-01-15T18:15:28Z,PORTE-C,R58332629,UNITE,OK
TKT13157664916,2026-01-15T18:15:31Z,PORTE-C,R58602349,UNITE,OK
TKT63924228198,2026-01-15T18:15:32Z,PORTE-A,R58188718,ABONNEMENT,OK
TKT94698123521,2026-01-15T18:15:32Z,PORTE-A,,GROUPE,OK
TKT19118386799,2026-01-15T18:15:34Z,VIP-EST,R53455946,ABONNEMENT,OK
TKT61538181359,2026-01-15T18:15:34Z,PORTE-C,R53935044,UNITE,OK
TKT24529593592,2026-01-15T18:15:34Z,PORTE-A,R56591230,UNITE,OK
TKT72877484441,2026-01-15T18:15:34Z,VIP-EST,,UNITE,OK
TKT33035086714,2026-01-15T18:15:35Z,PORTE-A,,UNITE,OK
TKT71253339512,2026-01-15T18:15:37Z,PORTE-D,R54650817,ABONNEMENT,OK
TKT92502536326,2026-01-15T18:15:37Z,PORTE-B,R57855169,UNITE,OK
TKT78985119518,2026-01-15T18:15:38Z,PORTE-C,R52257866,ABONNEMENT,OK
TKT31461617511,2026-01-15T18:15:40Z,PORTE-C,,UNITE,OK
TKT84458970256,2026-01-15T18:15:41Z,PORTE-C,R55007104,ABONNEMENT,OK
TKT74885069605,2026-01-15T18:15:41Z,PORTE-A,R56737191,UNITE,OK
TKT19704914353,2026-01-15T18:15:42Z,PORTE-C,,UNITE,OK
TKT92723951523,2026-01-15T18:15:42Z,PORTE-A,R53832807,UNITE,OK
TKT35112052488,2026-01-15T18:15:44Z,PORTE-C,R52497616,ABONNEMENT,OK
TKT94954688272,2026-01-15T18:15:45Z,PORTE-C,R55927830,UNITE,OK
TKT57707102254,2026-01-15T18:15:50Z,PORTE-A,R58763022,UNITE,OK
TKT54604021656,2026-01-15T18:15:51Z,VIP-EST,R51876446,UNITE,OK
TKT31493026455,2026-01-15T18:15:51Z,PORTE-A,,GROUPE,OK
TKT93302185229,2026-01-15T18:15:53Z,PORTE-D,R57779502,ABONNEMENT,OK
TKT70269818226,2026-01-15T18:15:53Z,PORTE-A,R59561359,UNITE,OK
TKT87433762455,2026-01-15T18:15:53Z,PORTE-A,R54307748,UNITE,OK
TKT46322758923,2026-01-15T18:15:55Z,PORTE-D,R56139382,UNITE,OK
TKT42967360704,2026-01-15T18:15:58Z,PORTE-C,R58597646,INVITATION,OK
TKT21823066903,2026-01-15T18:16:00Z,PORTE-A,R53878303,UNITE,OK
TKT58302404716,2026-01-15T18:16:02Z,PORTE-C,,UNITE,OK
TKT36681235532,2026-01-15T18:16:03Z,VIP-EST,R55854883,ABONNEMENT,OK
TKT52509853499,2026-01-15T18:16:03Z,VIP-EST,R57558276,UNITE,OK
TKT33806367604,2026-01-15T18:16:04Z,PORTE-A,R59865273,ABONNEMENT,OK
TKT49344405896,2026-01-15T18:16:06Z,PORTE-A,,GROUPE,OK
TKT89998268610,2026-01-15T18:16:06Z,PORTE-A,,GROUPE,OK
TKT69879977713,2026-01-15T18:16:07Z,PORTE-D,R55888263,ABONNEMENT,OK
TKT97733176847,2026-01-15T18:16:08Z,PORTE-B,R54840033,UNITE,OK
TKT46923438442,2026-01-15T18:16:08Z,PORTE-A,,UNITE,OK
TKT32180363248,2026-01-15T18:16:10Z,PORTE-C,R52442245,UNITE,OK
TKT78085736663,2026-01-15T18:16:11Z,PORTE-C,R51354649,UNITE,OK
TKT34514440919,2026-01-15T18:16:12Z,PORTE-A,R57852238,ABONNEMENT,OK
TKT93799158797,2026-01-15T18:16:13Z,PORTE-A,R57487781,UNITE,OK
TKT15502823421,2026-01-15T18:16:14Z,PORTE-C,R56241351,UNITE,OK
TKT42788704729,2026-01-15T18:16:19Z,PORTE-C,R53530464,UNITE,OK
TKT19690961470,2026-01-15T18:16:19Z,PORTE-A,R55630123,UNITE,OK
TKT94891971960,2026-01-15T18:16:21Z,PORTE-C,,GROUPE,OK
TKT98909633216,2026-01-15T18:16:22Z,PORTE-B,R58925477,ABONNEMENT,OK
TKT23613404095,2026-01-15T18:16:24Z,PORTE-C,R54996271,ABONNEMENT,OK
TKT44355113296,2026-01-15T18:16:24Z,VIP-EST,R54093054,UNITE,OK
TKT38053864840,2026-01-15T18:16:28Z,PORTE-A,,GROUPE,OK
TKT21187922830,2026-01-15T18:16:30Z,PORTE-D,R57171138,UNITE,OK
TKT93115898317,2026-01-15T18:16:30Z,VIP-EST,R53106258,UNITE,OK
TKT13684715929,2026-01-15T18:16:30Z,PORTE-D,R51044260,UNITE,OK
TKT77234612848,2026-01-15T18:16:31Z,PORTE-C,,UNITE,OK
TKT86433123579,2026-01-15T18:16:31Z,PORTE-C,,UNITE,OK
TKT53552391022,2026-01-15T18:16:32Z,PORTE-B,R52604288,UNITE,OK
TKT52267558377,2026-01-15T18:16:32Z,PORTE-C,,UNITE,OK
TKT46102053655,2026-01-15T18:16:32Z,PORTE-D,,UNITE,OK
TKT22432361125,2026-01-15T18:16:33Z,PORTE-C,R54342880,UNITE,OK
TKT23053276849,2026-01-15T18:16:35Z,PORTE-B,,GROUPE,OK
TKT76930135894,2026-01-15T18:16:39Z,PORTE-C,R58721549,UNITE,OK
TKT56889263966,2026-01-15T18:16:40Z,PORTE-C,,GROUPE,OK
TKT50942055431,2026-01-15T18:16:43Z,VIP-EST,R56959241,UNITE,OK
TKT50743928172,2026-01-15T18:16:43Z,PORTE-C,R54917194,INVITATION,OK
TKT65003252986,2026-01-15T18:16:45Z,PORTE-D,,GROUPE,OK
TKT66372179131,2026-01-15T18:16:49Z,PORTE-D,R58667404,UNITE,OK
TKT70463928617,2026-01-15T18:16:50Z,VIP-EST,R54206047,UNITE,OK
TKT10321881164,2026-01-15T18:16:50Z,PMR-NORD,R53613276,UNITE,OK
TKT31053429835,2026-01-15T18:16:51Z,PORTE-D,R57398082,ABONNEMENT,OK
TKT38013078419,2026-01-15T18:16:53Z,PORTE-A,R57826559,UNITE,OK
TKT89401573836,2026-01-15T18:16:53Z,PORTE-C,R55720904,UNITE,OK
TKT19736227588,2026-01-15T18:16:53Z,VIP-EST,R54051303,UNITE,OK
TKT77040933996,2026-01-15T18:16:54Z,PORTE-B,R59280538,ABONNEMENT,OK
TKT92053422994,2026-01-15T18:16:54Z,PORTE-C,R53848668,UNITE,OK
TKT40216892348,2026-01-15T18:16:54Z,PORTE-D,R57970825,UNITE,OK
TKT22874096499,2026-01-15T18:16:56Z,PORTE-D,,UNITE,OK
TKT85188538975,2026-01-15T18:16:56Z,PORTE-A,,UNITE,OK
TKT10181208946,2026-01-15T18:16:57Z,PORTE-A,R51535762,ABONNEMENT,OK
TKT11805087471,2026-01-15T18:16:57Z,PORTE-B,R56605396,UNITE,OK
TKT95950526219,2026-01-15T18:16:59Z,PORTE-A,R55094351,UNITE,OK
TKT57579495036,2026-01-15T18:17:01Z,PORTE-B,R57263835,UNITE,OK
TKT43019358418,2026-01-15T18:17:01Z,PORTE-A,R58341623,UNITE,OK
TKT34191404779,2026-01-15T18:17:03Z,PORTE-D,R54028833,UNITE,OK
TKT73278111023,2026-01-15T18:17:03Z,PORTE-B,R55787587,UNITE,OK
TKT63485950155,2026-01-15T18:17:04Z,PORTE-C,,UNITE,OK
TKT77092889395,2026-01-15T18:17:06Z,PORTE-D,R57915454,UNITE,OK
TKT49644524092,2026-01-15T18:17:07Z,PORTE-A,R51231369,UNITE,OK
TKT96726912763,2026-01-15T18:17:08Z,PORTE-D,R58147915,ABONNEMENT,OK
TKT89654626207,2026-01-15T18:17:10Z,PORTE-D,R53111775,ABONNEMENT,OK
TKT55316806395,2026-01-15T18:17:10Z,PORTE-B,R54813396,UNITE,OK
TKT60160073588,2026-01-15T18:17:11Z,PORTE-D,R52590802,UNITE,OK
TKT29801659619,2026-01-15T18:17:11Z,PORTE-A,,GROUPE,OK
TKT69564108637,2026-01-15T18:17:12Z,PORTE-A,R58807359,UNITE,OK
TKT49905900435,2026-01-15T18:17:12Z,PORTE-C,R54919522,UNITE,OK
TKT72343794458,2026-01-15T18:17:14Z,VIP-EST,R54523045,UNITE,OK
TKT50478283304,2026-01-15T18:17:14Z,PORTE-A,R52068928,UNITE,OK
TKT56923314340,2026-01-15T18:17:16Z,PORTE-B,R53694336,UNITE,OK
TKT83444728148,2026-01-15T18:17:17Z,PORTE-C,R51272028,UNITE,OK
TKT47507039854,2026-01-15T18:17:18Z,PORTE-A,,GROUPE,OK
TKT10553015894,2026-01-15T18:17:20Z,VIP-EST,R54378990,ABONNEMENT,OK
TKT51861178774,2026-01-15T18:17:20Z,VIP-EST,R58964833,ABONNEMENT,OK
TKT44513129810,2026-01-15T18:17:22Z,PORTE-A,R51672461,UNITE,OK
TKT30286041464,2026-01-15T18:17:22Z,VIP-EST,R57040770,VIP,OK
TKT22944314876,2026-01-15T18:17:25Z,PORTE-D,R52121445,UNITE,OK
TKT29123841343,2026-01-15T18:17:26Z,PORTE-D,R59996656,ABONNEMENT,OK
TKT14729594473,2026-01-15T18:17:26Z,PORTE-B,R54564384,UNITE,OK
TKT94030767890,2026-01-15T18:17:26Z,PORTE-D,R55266547,UNITE,OK
TKT77619783660,2026-01-15T18:17:27Z,PORTE-B,R58217050,ABONNEMENT,OK
TKT92211887875,2026-01-15T18:17:27Z,PORTE-D,R52438021,UNITE,OK
TKT52569251794,2026-01-15T18:17:27Z,PORTE-D,R57091381,UNITE,OK
TKT22602914018,2026-01-15T18:17:29Z,PORTE-C,,UNITE,OK
TKT77279555001,2026-01-15T18:17:29Z,PORTE-B,R51062248,UNITE,OK
TKT60002985909,2026-01-15T18:17:31Z,PORTE-C,R52129950,ABONNEMENT,OK
TKT77234612848,2026-01-15T18:17:31Z,PORTE-C,,UNITE,REFUSE_DEJA_SCANNE
TKT97985094457,2026-01-15T18:17:34Z,PORTE-C,R55728538,UNITE,OK
TKT71910611424,2026-01-15T18:17:35Z,PORTE-A,R59098534,UNITE,OK
TKT52298384418,2026-01-15T18:17:35Z,PORTE-A,R59039897,UNITE,OK
TKT62313091680,2026-01-15T18:17:36Z,VIP-EST,R58689807,ABONNEMENT,OK
TKT43803110308,2026-01-15T18:17:38Z,PORTE-D,R58142187,UNITE,OK
TKT88287122001,2026-01-15T18:17:39Z,PORTE-A,R55828524,GROUPE,OK
TKT86796636573,2026-01-15T18:17:40Z,PMR-NORD,R57130124,UNITE,OK
TKT47740632191,2026-01-15T18:17:41Z,PORTE-C,,UNITE,OK
TKT54680637715,2026-01-15T18:17:41Z,PORTE-A,R58838009,UNITE,OK
TKT80081590923,2026-01-15T18:17:42Z,PORTE-D,R55636866,ABONNEMENT,OK
TKT41872906827,2026-01-15T18:17:42Z,PORTE-D,R52397640,UNITE,OK
TKT10634895943,2026-01-15T18:17:42Z,PORTE-C,,UNITE,OK
TKT24720297977,2026-01-15T18:17:42Z,PORTE-A,R53995654,UNITE,OK
TKT69465627905,2026-01-15T18:17:43Z,PORTE-C,R56135302,INVITATION,OK
TKT27141505030,2026-01-15T18:17:45Z,PORTE-C,,UNITE,OK
TKT46141845205,2026-01-15T18:17:46Z,PORTE-C,R52747519,ABONNEMENT,OK
TKT10306114175,2026-01-15T18:17:46Z,PORTE-A,R56681753,UNITE,OK
TKT55276603316,2026-01-15T18:17:48Z,PORTE-A,R52420311,UNITE,OK
TKT56346579682,2026-01-15T18:17:50Z,PORTE-B,R52564644,UNITE,OK
TKT50998903994,2026-01-15T18:17:51Z,PORTE-A,R56003430,ABONNEMENT,OK
TKT26852857207,2026-01-15T18:17:51Z,PORTE-C,R55929535,UNITE,OK
TKT21005878448,2026-01-15T18:17:52Z,VIP-EST,R56761041,UNITE,OK
TKT84247590911,2026-01-15T18:17:53Z,PORTE-A,R57937455,UNITE,OK
TKT14671680842,2026-01-15T18:17:57Z,PORTE-C,R51548692,UNITE,OK
TKT25662595492,2026-01-15T18:18:00Z,PORTE-C,,GROUPE,OK
TKT40477743344,2026-01-15T18:18:03Z,PORTE-A,R52420445,UNITE,OK
TKT10621816534,2026-01-15T18:18:04Z,PORTE-A,,UNITE,OK
TKT25965976329,2026-01-15T18:18:05Z,PORTE-D,,UNITE,OK
TKT71567526822,2026-01-15T18:18:06Z,PORTE-B,R59182793,ABONNEMENT,OK
TKT49397547416,2026-01-15T18:18:06Z,PORTE-B,R59720394,ABONNEMENT,OK
TKT28411752423,2026-01-15T18:18:06Z,PORTE-C,R53844310,ABONNEMENT,OK
TKT93438380221,2026-01-15T18:18:11Z,PORTE-C,R55802443,UNITE,OK
TKT49301222983,2026-01-15T18:18:12Z,PORTE-C,,UNITE,OK
TKT77221641061,2026-01-15T18:18:14Z,PORTE-C,R56726157,UNITE,OK
TKT24680648719,2026-01-15T18:18:14Z,PORTE-C,R54664025,UNITE,OK
TKT78885218511,2026-01-15T18:18:15Z,PORTE-C,,UNITE,OK
TKT83397372420,2026-01-15T18:18:16Z,PORTE-A,R55116151,UNITE,OK
TKT47788825732,2026-01-15T18:18:17Z,PORTE-D,R58056300,INVITATION,OK
TKT34478523891,2026-01-15T18:18:17Z,PORTE-A,R56525371,UNITE,OK
TKT57797793031,2026-01-15T18:18:19Z,PORTE-A,,UNITE,OK
TKT91072102072,2026-01-15T18:18:19Z,PORTE-C,R57963881,UNITE,OK
TKT60794292658,2026-01-15T18:18:20Z,PORTE-A,R51619877,UNITE,OK
TKT83439058399,2026-01-15T18:18:20Z,PMR-NORD,R55134819,UNITE,OK
TKT91292148368,2026-01-15T18:18:21Z,PORTE-D,R53829330,UNITE,OK
TKT87342884975,2026-01-15T18:18:22Z,PORTE-C,,GROUPE,OK
TKT54254471953,2026-01-15T18:18:23Z,PORTE-A,R58428669,UNITE,OK
TKT32878553261,2026-01-15T18:18:24Z,PORTE-B,,GROUPE,OK
TKT88952854218,2026-01-15T18:18:24Z,PORTE-B,R55313068,UNITE,OK
TKT65641361470,2026-01-15T18:18:24Z,PORTE-D,,UNITE,OK
TKT71408279953,2026-01-15T18:18:25Z,PORTE-C,,UNITE,OK
TKT88313885378,2026-01-15T18:18:26Z,VIP-EST,,INVITATION,OK
TKT77619783660,2026-01-15T18:18:27Z,PORTE-B,R58217050,ABONNEMENT,REFUSE_DEJA_SCANNE
TKT69137907565,2026-01-15T18:18:27Z,VIP-EST,,UNITE,OK
TKT70036898508,2026-01-15T18:18:28Z,PORTE-D,R51856361,ABONNEMENT,OK
TKT82395580300,2026-01-15T18:18:28Z,PORTE-D,R57992002,ABONNEMENT,OK
TKT26469741230,2026-01-15T18:18:29Z,PORTE-D,R57130124,UNITE,OK
TKT31179744473,2026-01-15T18:18:33Z,PORTE-D,R59865675,ABONNEMENT,OK
TKT40257647308,2026-01-15T18:18:34Z,VIP-EST,,UNITE,OK
TKT14180425001,2026-01-15T18:18:35Z,PORTE-C,R55551515,UNITE,OK
TKT35174919773,2026-01-15T18:18:36Z,VIP-EST,R56579861,ABONNEMENT,OK
TKT40479622718,2026-01-15T18:18:37Z,PORTE-A,R55836838,UNITE,OK
TKT17290409477,2026-01-15T18:18:39Z,PORTE-C,R53889538,ABONNEMENT,OK
TKT52721478253,2026-01-15T18:18:39Z,PORTE-C,R51721625,GROUPE,OK
TKT70920008176,2026-01-15T18:18:40Z,PORTE-D,R51276865,UNITE,OK
TKT13143343051,2026-01-15T18:18:40Z,PORTE-A,,VIP,OK
TKT70192506985,2026-01-15T18:18:40Z,VIP-EST,R53119332,UNITE,OK
TKT44027742852,2026-01-15T18:18:40Z,PORTE-C,,UNITE,OK
TKT24009285510,2026-01-15T18:18:41Z,PORTE-C,R52111369,ABONNEMENT,OK
TKT69644573590,2026-01-15T18:18:42Z,PORTE-D,,UNITE,OK
TKT15899026241,2026-01-15T18:18:43Z,PORTE-B,R58102898,ABONNEMENT,OK
TKT78010880058,2026-01-15T18:18:44Z,VIP-EST,R52118035,UNITE,OK
TKT54722597978,2026-01-15T18:18:44Z,PORTE-C,R59881412,UNITE,OK
TKT15983824190,2026-01-15T18:18:46Z,VIP-EST,R59705270,UNITE,OK
TKT93968858659,2026-01-15T18:18:47Z,PORTE-D,R53700868,ABONNEMENT,OK
TKT81474418839,2026-01-15T18:18:48Z,PORTE-A,R52193166,UNITE,OK
TKT44764793921,2026-01-15T18:18:50Z,PORTE-C,R55569972,UNITE,OK
TKT22406346617,2026-01-15T18:18:50Z,PORTE-B,R55759399,UNITE,OK
TKT83115402993,2026-01-15T18:18:52Z,PORTE-D,R57805660,UNITE,OK
TKT24064613486,2026-01-15T18:18:53Z,PORTE-C,,GROUPE,OK
TKT48643453547,2026-01-15T18:18:54Z,PORTE-C,R58479270,UNITE,OK
TKT93130439893,2026-01-15T18:18:57Z,PORTE-A,R59319224,UNITE,OK
TKT90454401778,2026-01-15T18:18:57Z,VIP-EST,R56455355,VIP,OK
TKT84115907323,2026-01-15T18:18:57Z,PORTE-D,R55735492,UNITE,OK
TKT11705295971,2026-01-15T18:18:59Z,PORTE-D,R51960226,UNITE,OK
TKT99676770335,2026-01-15T18:18:59Z,PORTE-C,R54362439,UNITE,OK
TKT11185722463,2026-01-15T18:18:59Z,PORTE-D,R57899995,UNITE,OK
TKT76588863974,2026-01-15T18:19:00Z,PORTE-C,R58785780,UNITE,OK
TKT28714370828,2026-01-15T18:19:00Z,PORTE-D,R58153087,UNITE,OK
TKT59569936823,2026-01-15T18:19:01Z,PORTE-A,R59533707,ABONNEMENT,OK
TKT12554374751,2026-01-15T18:19:03Z,PORTE-B,R56545399,ABONNEMENT,OK
TKT67384873586,2026-01-15T18:19:04Z,PORTE-D,,INVITATION,OK
TKT48777114600,2026-01-15T18:19:04Z,VIP-EST,R56472251,UNITE,OK
TKT15856728401,2026-01-15T18:19:05Z,PORTE-C,,GROUPE,OK
TKT29961770463,2026-01-15T18:19:11Z,PORTE-A,R56517000,ABONNEMENT,OK
TKT80625224366,2026-01-15T18:19:11Z,PORTE-D,R54810475,UNITE,OK
TKT81742897760,2026-01-15T18:19:12Z,PORTE-C,R52447906,ABONNEMENT,OK
TKT99795866096,2026-01-15T18:19:12Z,PORTE-C,R52260730,ABONNEMENT,OK
TKT23668619981,2026-01-15T18:19:13Z,PORTE-A,,INVITATION,OK
TKT94752296553,2026-01-15T18:19:13Z,PORTE-B,,UNITE,OK
TKT20832923260,2026-01-15T18:19:15Z,PORTE-B,,UNITE,OK
TKT97033183981,2026-01-15T18:19:16Z,PORTE-C,R56166833,ABONNEMENT,OK
TKT32940341499,2026-01-15T18:19:17Z,PORTE-A,R57430427,UNITE,OK
TKT39580016527,2026-01-15T18:19:17Z,PORTE-D,R55811638,UNITE,OK
TKT23593544574,2026-01-15T18:19:19Z,PORTE-C,R59335698,UNITE,OK
TKT68364075915,2026-01-15T18:19:20Z,PORTE-C,R59017829,UNITE,OK
TKT82325487005,2026-01-15T18:19:21Z,PORTE-D,,INVITATION,OK
TKT48557179007,2026-01-15T18:19:21Z,PORTE-B,,GROUPE,OK
TKT87483546149,2026-01-15T18:19:22Z,PORTE-C,R52696707,UNITE,OK
TKT21666319638,2026-01-15T18:19:24Z,VIP-EST,R57595190,VIP,OK
TKT12786179389,2026-01-15T18:19:27Z,VIP-EST,R51046645,ABONNEMENT,OK
TKT90752962100,2026-01-15T18:19:27Z,VIP-EST,,GROUPE,OK
TKT27582649899,2026-01-15T18:19:28Z,VIP-EST,R57968162,UNITE,OK
TKT10065047684,2026-01-15T18:19:30Z,VIP-EST,R57562356,UNITE,OK
TKT26322440006,2026-01-15T18:19:30Z,VIP-EST,R51573835,UNITE,OK
TKT15892689582,2026-01-15T18:19:31Z,VIP-EST,R56755993,UNITE,OK
TKT40143994571,2026-01-15T18:19:32Z,PORTE-A,R53143182,ABONNEMENT,OK
TKT65446382050,2026-01-15T18:19:32Z,VIP-EST,R52650186,UNITE,OK
TKT75681098950,2026-01-15T18:19:34Z,PORTE-C,R52452254,ABONNEMENT,OK
TKT65968581291,2026-01-15T18:19:37Z,PORTE-D,R55601791,ABONNEMENT,OK
TKT73410137496,2026-01-15T18:19:38Z,PORTE-B,,GROUPE,OK
TKT39254049555,2026-01-15T18:19:38Z,PORTE-C,,GROUPE,OK
TKT75352313948,2026-01-15T18:19:38Z,PORTE-A,,UNITE,OK
TKT74176796899,2026-01-15T18:19:38Z,PORTE-C,R53449739,UNITE,OK
TKT54042683316,2026-01-15T18:19:38Z,PORTE-A,,UNITE,OK
TKT45490523861,2026-01-15T18:19:41Z,VIP-EST,R52390418,VIP,OK
TKT62534181626,2026-01-15T18:19:42Z,PORTE-B,R55894996,UNITE,OK
TKT89720635715,2026-01-15T18:19:43Z,PORTE-A,R54671391,UNITE,OK
TKT45549566949,2026-01-15T18:19:44Z,PORTE-B,,GROUPE,OK
TKT76267603971,2026-01-15T18:19:45Z,PORTE-C,,GROUPE,OK
TKT34986038852,2026-01-15T18:19:46Z,PORTE-A,R53349619,ABONNEMENT,OK
TKT32193320283,2026-01-15T18:19:46Z,PORTE-D,R57364223,ABONNEMENT,OK
TKT89953507198,2026-01-15T18:19:46Z,VIP-EST,R53174847,UNITE,OK
TKT76105466215,2026-01-15T18:19:47Z,PORTE-A,R57502158,INVITATION,OK
TKT21125058357,2026-01-15T18:19:49Z,PORTE-C,R53611437,UNITE,OK
TKT32914919274,2026-01-15T18:19:49Z,PORTE-D,R58511903,UNITE,OK
TKT47013645574,2026-01-15T18:19:50Z,PORTE-C,R55843102,ABONNEMENT,OK
TKT31423189239,2026-01-15T18:19:51Z,PORTE-A,R53823880,UNITE,OK
TKT89428852505,2026-01-15T18:19:52Z,VIP-EST,R54304070,UNITE,OK
TKT52481106274,2026-01-15T18:19:53Z,PORTE-C,,UNITE,OK
TKT69385351511,2026-01-15T18:19:53Z,PORTE-A,R52151271,UNITE,OK
TKT48588682665,2026-01-15T18:19:53Z,PORTE-C,,UNITE,OK
TKT75741896805,2026-01-15T18:19:54Z,VIP-EST,R53970933,ABONNEMENT,OK
TKT53839459282,2026-01-15T18:19:54Z,PORTE-A,R52446536,ABONNEMENT,OK
TKT17524256570,2026-01-15T18:19:54Z,PORTE-C,R55337779,UNITE,OK
TKT34114395452,2026-01-15T18:19:55Z,PORTE-C,,GROUPE,OK
TKT11873269833,2026-01-15T18:20:00Z,PORTE-B,R52452810,ABONNEMENT,OK
TKT87555359886,2026-01-15T18:20:00Z,PORTE-A,R55088633,UNITE,OK
TKT89549517233,2026-01-15T18:20:01Z,PORTE-B,,GROUPE,OK
TKT52814814840,2026-01-15T18:20:01Z,PORTE-D,,UNITE,OK
TKT86669948510,2026-01-15T18:20:01Z,VIP-EST,,VIP,OK
TKT94628183815,2026-01-15T18:20:02Z,PORTE-C,R54573991,ABONNEMENT,OK
TKT72054013356,2026-01-15T18:20:04Z,PORTE-C,R58512171,UNITE,OK
TKT57522355873,2026-01-15T18:20:05Z,PORTE-A,R58102553,UNITE,OK
TKT58793307365,2026-01-15T18:20:06Z,PORTE-A,R58574563,ABONNEMENT,OK
TKT24277955049,2026-01-15T18:20:06Z,PORTE-C,,UNITE,OK
TKT28826348326,2026-01-15T18:20:06Z,PORTE-C,R59083219,UNITE,OK
TKT89163028487,2026-01-15T18:20:07Z,PORTE-A,,UNITE,OK
TKT13019772410,2026-01-15T18:20:08Z,VIP-EST,R57895014,UNITE,OK
TKT57668538061,2026-01-15T18:20:08Z,PORTE-A,,UNITE,OK
TKT17318706502,2026-01-15T18:20:09Z,PORTE-D,R55863599,ABONNEMENT,OK
TKT16202381077,2026-01-15T18:20:10Z,PORTE-B,R55981439,UNITE,OK
TKT29528501492,2026-01-15T18:20:11Z,PORTE-D,R55679153,UNITE,OK
TKT82750925616,2026-01-15T18:20:12Z,PORTE-A,R58303962,UNITE,OK
TKT29366468937,2026-01-15T18:20:14Z,PORTE-C,R51950073,UNITE,OK
TKT55541232120,2026-01-15T18:20:15Z,PORTE-C,R54879131,UNITE,OK
TKT22152628784,2026-01-15T18:20:15Z,PORTE-A,R51137503,UNITE,OK
TKT73857034357,2026-01-15T18:20:16Z,PMR-NORD,R51521452,UNITE,OK
TKT25727697385,2026-01-15T18:20:19Z,PORTE-C,R56288408,UNITE,OK
TKT31302800246,2026-01-15T18:20:20Z,PORTE-C,R57391875,UNITE,OK
TKT28038346730,2026-01-15T18:20:22Z,VIP-EST,R55098096,UNITE,OK
TKT63874169122,2026-01-15T18:20:23Z,PORTE-D,R56579593,UNITE,OK
TKT73212161308,2026-01-15T18:20:26Z,VIP-EST,R59272703,UNITE,OK
TKT20764482085,2026-01-15T18:20:27Z,VIP-EST,R57138170,UNITE,OK
TKT75554626164,2026-01-15T18:20:27Z,PORTE-C,,UNITE,OK
TKT51455910386,2026-01-15T18:20:28Z,PORTE-D,,UNITE,OK
TKT32926837309,2026-01-15T18:20:29Z,PORTE-C,,UNITE,OK
TKT74449481399,2026-01-15T18:20:30Z,PORTE-C,R57000178,ABONNEMENT,OK
TKT97655411090,2026-01-15T18:20:32Z,PORTE-D,R59826788,UNITE,OK
TKT52854125783,2026-01-15T18:20:33Z,VIP-EST,R58457346,ABONNEMENT,OK
TKT24775972120,2026-01-15T18:20:33Z,VIP-EST,R51896886,UNITE,OK
TKT79246798761,2026-01-15T18:20:33Z,PMR-NORD,R52460702,UNITE,OK
TKT34116669620,2026-01-15T18:20:35Z,VIP-EST,R55099265,VIP,OK
TKT93341760073,2026-01-15T18:20:36Z,PORTE-B,R51884961,ABONNEMENT,OK
TKT87344196189,2026-01-15T18:20:40Z,PORTE-C,R51435421,UNITE,OK
TKT11543218344,2026-01-15T18:20:41Z,PORTE-B,R56873421,UNITE,OK
TKT84042626411,2026-01-15T18:20:41Z,PORTE-C,,GROUPE,OK
TKT14989521103,2026-01-15T18:20:41Z,PORTE-D,R55103077,UNITE,OK
TKT15690881086,2026-01-15T18:20:42Z,PORTE-C,,UNITE,OK
TKT82534100748,2026-01-15T18:20:43Z,VIP-EST,R51771834,INVITATION,OK
TKT53127722545,2026-01-15T18:20:44Z,PORTE-C,R55283567,UNITE,OK
TKT46860145530,2026-01-15T18:20:45Z,PORTE-C,,GROUPE,OK
TKT52031842802,2026-01-15T18:20:45Z,VIP-EST,,GROUPE,OK
TKT59328660636,2026-01-15T18:20:45Z,VIP-EST,,UNITE,OK
TKT49310404242,2026-01-15T18:20:47Z,PORTE-A,,GROUPE,OK
TKT59933216062,2026-01-15T18:20:47Z,PORTE-A,R52591204,UNITE,OK
TKT54270218558,2026-01-15T18:20:49Z,PORTE-D,R53636982,ABONNEMENT,OK
TKT56631566643,2026-01-15T18:20:49Z,PORTE-D,R51364926,ABONNEMENT,OK
TKT83718612286,2026-01-15T18:20:49Z,PORTE-D,R59076955,UNITE,OK
TKT11170875931,2026-01-15T18:20:50Z,PORTE-C,R56232012,UNITE,OK
TKT34901990755,2026-01-15T18:20:50Z,PORTE-B,R55667784,UNITE,OK
TKT43735095627,2026-01-15T18:20:52Z,PORTE-C,R54117306,UNITE,OK
TKT92982274225,2026-01-15T18:20:53Z,PORTE-B,,UNITE,OK
TKT25684880697,2026-01-15T18:20:53Z,VIP-EST,R59011766,UNITE,OK
TKT80948696461,2026-01-15T18:20:56Z,PORTE-D,R52827420,ABONNEMENT,OK
TKT14182557229,2026-01-15T18:20:58Z,VIP-EST,R56047844,UNITE,OK
TKT62969702023,2026-01-15T18:20:58Z,PORTE-D,R52842256,UNITE,OK
TKT51628306570,2026-01-15T18:21:01Z,PORTE-C,R53182481,UNITE,OK
TKT38324617252,2026-01-15T18:21:01Z,PORTE-C,,UNITE,OK
TKT92020259003,2026-01-15T18:21:02Z,PORTE-C,,UNITE,OK
TKT62432104628,2026-01-15T18:21:02Z,PORTE-C,R59671488,UNITE,OK
TKT61089493017,2026-01-15T18:21:05Z,PORTE-A,R59376846,ABONNEMENT,OK
TKT39255412682,2026-01-15T18:21:06Z,PORTE-C,,UNITE,OK
TKT18795954366,2026-01-15T18:21:09Z,PORTE-D,R51416964,UNITE,OK
TKT95487403148,2026-01-15T18:21:09Z,PORTE-D,R59556378,UNITE,OK
TKT82446755630,2026-01-15T18:21:10Z,PORTE-C,R54458469,ABONNEMENT,OK
TKT97353193704,2026-01-15T18:21:12Z,PORTE-C,,UNITE,OK
TKT45843586386,2026-01-15T18:21:13Z,VIP-EST,R58907010,ABONNEMENT,OK
TKT44303115051,2026-01-15T18:21:13Z,PORTE-B,R58445354,UNITE,OK
TKT10868215574,2026-01-15T18:21:14Z,PORTE-C,R53252497,ABONNEMENT,OK
TKT67244211076,2026-01-15T18:21:15Z,PORTE-D,R57057321,ABONNEMENT,OK
TKT85701273162,2026-01-15T18:21:15Z,PORTE-C,R59205608,ABONNEMENT,OK
TKT68855168603,2026-01-15T18:21:15Z,VIP-EST,R54386480,UNITE,OK
TKT24576891698,2026-01-15T18:21:16Z,PORTE-A,R52872715,ABONNEMENT,OK
TKT49809975594,2026-01-15T18:21:16Z,PORTE-A,R52140381,INVITATION,OK
TKT90684859512,2026-01-15T18:21:17Z,PORTE-C,R56852445,UNITE,OK
TKT80908519642,2026-01-15T18:21:21Z,PORTE-D,R55066364,ABONNEMENT,OK
TKT32243785883,2026-01-15T18:21:23Z,PORTE-D,R56122630,UNITE,OK
TKT94050218872,2026-01-15T18:21:26Z,PORTE-C,R59665837,ABONNEMENT,OK
TKT80997421298,2026-01-15T18:21:26Z,PORTE-B,R51659789,UNITE,OK
TKT42175753266,2026-01-15T18:21:29Z,PORTE-C,,INVITATION,OK
TKT22656405250,2026-01-15T18:21:29Z,VIP-EST,R56944529,UNITE,OK
TKT68097824119,2026-01-15T18:21:30Z,PORTE-A,R53050063,ABONNEMENT,OK
TKT86985069274,2026-01-15T18:21:30Z,VIP-EST,R58860633,VIP,OK
TKT11278813143,2026-01-15T18:21:30Z,PORTE-B,R58071568,UNITE,OK
TKT45124914212,2026-01-15T18:21:31Z,PORTE-C,,UNITE,OK
TKT49915164416,2026-01-15T18:21:35Z,VIP-EST,R55348210,UNITE,OK
TKT37834855396,2026-01-15T18:21:35Z,VIP-EST,R53736489,UNITE,OK
TKT28570353801,2026-01-15T18:21:36Z,PORTE-A,R51959747,GROUPE,OK
TKT87344196189,2026-01-15T18:21:40Z,PORTE-C,R51435421,UNITE,REFUSE_DEJA_SCANNE
TKT39549212442,2026-01-15T18:21:40Z,VIP-EST,,GROUPE,OK
TKT71488564630,2026-01-15T18:21:47Z,PORTE-A,R51792666,UNITE,OK
TKT62425772199,2026-01-15T18:21:47Z,PORTE-B,R56303733,UNITE,OK
TKT52399627814,2026-01-15T18:21:48Z,VIP-EST,R51514987,ABONNEMENT,OK
TKT76529591367,2026-01-15T18:21:48Z,PORTE-C,,GROUPE,OK
TKT71837242719,2026-01-15T18:21:49Z,VIP-EST,R56496694,UNITE,OK
TKT15196749726,2026-01-15T18:21:49Z,PORTE-B,R53145624,UNITE,OK
TKT96240282873,2026-01-15T18:21:49Z,VIP-EST,R59251181,UNITE,OK
TKT71706167515,2026-01-15T18:21:52Z,PORTE-C,R51169791,INVITATION,OK
TKT20273986874,2026-01-15T18:21:52Z,PORTE-D,,UNITE,OK
TKT33854896066,2026-01-15T18:21:52Z,PORTE-B,,GROUPE,OK
TKT63964775489,2026-01-15T18:21:52Z,PORTE-B,,GROUPE,OK
TKT25052247270,2026-01-15T18:21:53Z,PORTE-D,,UNITE,OK
TKT72545790430,2026-01-15T18:21:54Z,PORTE-A,,UNITE,OK
TKT11585740311,2026-01-15T18:21:56Z,PORTE-C,R57308440,UNITE,OK
TKT87192797538,2026-01-15T18:21:56Z,PORTE-A,,UNITE,OK
TKT82190495938,2026-01-15T18:21:56Z,PORTE-D,,UNITE,OK
TKT86012886698,2026-01-15T18:21:57Z,PORTE-D,R55874154,ABONNEMENT,OK
TKT94449855986,2026-01-15T18:21:59Z,PORTE-C,R54353991,UNITE,OK
TKT19176248483,2026-01-15T18:22:04Z,PORTE-A,R51668304,ABONNEMENT,OK
TKT58369423634,2026-01-15T18:22:04Z,PORTE-C,R54576443,UNITE,OK
TKT71399540017,2026-01-15T18:22:05Z,PORTE-D,R54489387,ABONNEMENT,OK
TKT66037983882,2026-01-15T18:22:05Z,PORTE-C,R55122425,UNITE,OK
TKT18930159927,2026-01-15T18:22:05Z,PORTE-D,,INVITATION,OK
TKT56692213632,2026-01-15T18:22:07Z,PORTE-C,R58932210,UNITE,OK
TKT34578045834,2026-01-15T18:22:07Z,PORTE-C,R51229252,UNITE,OK
TKT60160073588,2026-01-15T18:22:11Z,PORTE-D,R52590802,UNITE,REFUSE_DEJA_SCANNE
TKT78433361446,2026-01-15T18:22:13Z,PORTE-C,R56085716,UNITE,OK
TKT52400898619,2026-01-15T18:22:16Z,VIP-EST,R57755250,UNITE,OK
TKT99254889400,2026-01-15T18:22:17Z,PORTE-C,R52435780,GROUPE,OK
TKT45331804109,2026-01-15T18:22:17Z,PORTE-A,R57939562,UNITE,OK
TKT65132236611,2026-01-15T18:22:17Z,VIP-EST,R56285966,UNITE,OK
TKT35500583160,2026-01-15T18:22:17Z,PORTE-D,R58288024,UNITE,OK
TKT51821574794,2026-01-15T18:22:18Z,PORTE-C,R59613387,ABONNEMENT,OK
TKT40669875149,2026-01-15T18:22:20Z,PORTE-B,R57986418,ABONNEMENT,OK
TKT49984845484,2026-01-15T18:22:20Z,PORTE-C,,UNITE,OK
TKT54291324255,2026-01-15T18:22:20Z,PORTE-C,R57416539,UNITE,OK
TKT15381021642,2026-01-15T18:22:21Z,PORTE-C,R54121386,UNITE,OK
TKT91517511391,2026-01-15T18:22:21Z,VIP-EST,R53029777,UNITE,OK
TKT82687686005,2026-01-15T18:22:22Z,PORTE-A,R56051723,ABONNEMENT,OK
TKT34570587827,2026-01-15T18:22:22Z,VIP-EST,R56007520,VIP,OK
TKT72925601693,2026-01-15T18:22:22Z,PORTE-C,,UNITE,OK
TKT20424069628,2026-01-15T18:22:23Z,PORTE-B,R56060928,UNITE,OK
TKT96864093105,2026-01-15T18:22:24Z,PORTE-C,R51532888,UNITE,OK
TKT60909904509,2026-01-15T18:22:25Z,PORTE-A,R52731303,VIP,OK
TKT48047324426,2026-01-15T18:22:26Z,PORTE-A,R55555806,UNITE,OK
TKT16839504366,2026-01-15T18:22:26Z,VIP-EST,R52670492,UNITE,OK
TKT95369036761,2026-01-15T18:22:27Z,PORTE-A,R59934465,ABONNEMENT,OK
TKT54077713819,2026-01-15T18:22:29Z,PORTE-D,R56909387,ABONNEMENT,OK
TKT72880724348,2026-01-15T18:22:29Z,PORTE-C,R53394847,UNITE,OK
TKT66540236334,2026-01-15T18:22:29Z,PORTE-C,R55500569,UNITE,OK
TKT84683575687,2026-01-15T18:22:30Z,PORTE-C,R56637138,UNITE,OK
TKT95635797360,2026-01-15T18:22:30Z,PMR-NORD,R56296521,UNITE,OK
TKT67336379647,2026-01-15T18:22:30Z,PORTE-D,R51256904,UNITE,OK
TKT45849819371,2026-01-15T18:22:32Z,PORTE-B,R58269902,UNITE,OK
TKT42083022284,2026-01-15T18:22:33Z,PORTE-C,R55755309,UNITE,OK
TKT83336810698,2026-01-15T18:22:33Z,PORTE-C,R55128076,UNITE,OK
TKT60764301404,2026-01-15T18:22:34Z,PORTE-C,R53883207,UNITE,OK
TKT67908314729,2026-01-15T18:22:35Z,PORTE-D,R57478318,UNITE,OK
TKT96154735206,2026-01-15T18:22:36Z,VIP-EST,R57630610,UNITE,OK
TKT58938075555,2026-01-15T18:22:37Z,PORTE-C,R53996478,INVITATION,OK
TKT33203159283,2026-01-15T18:22:38Z,PORTE-C,R53325243,UNITE,OK
TKT70615135191,2026-01-15T18:22:38Z,PORTE-B,,UNITE,OK
TKT32048561935,2026-01-15T18:22:39Z,PORTE-A,,UNITE,OK
TKT73010501216,2026-01-15T18:22:40Z,PORTE-D,R55686452,UNITE,OK
TKT62060970033,2026-01-15T18:22:42Z,PORTE-C,R54015404,UNITE,OK
TKT22129510263,2026-01-15T18:22:43Z,PORTE-C,R58672911,INVITATION,OK
TKT50081239401,2026-01-15T18:22:44Z,PORTE-A,R56149870,ABONNEMENT,OK
TKT64735684266,2026-01-15T18:22:44Z,PORTE-A,R57774263,INVITATION,OK
TKT35873120338,2026-01-15T18:22:45Z,PORTE-C,R57308440,UNITE,OK
TKT44788058316,2026-01-15T18:22:45Z,PORTE-A,,UNITE,OK
TKT97546271882,2026-01-15T18:22:46Z,PORTE-C,,INVITATION,OK
TKT30288733760,2026-01-15T18:22:46Z,PORTE-B,R59614144,UNITE,OK
TKT56631566643,2026-01-15T18:22:49Z,PORTE-D,R51364926,ABONNEMENT,REFUSE_DEJA_SCANNE
TKT51403182260,2026-01-15T18:22:50Z,VIP-EST,,VIP,OK
TKT30710779100,2026-01-15T18:22:51Z,PORTE-C,R59996445,UNITE,OK
TKT53639336491,2026-01-15T18:22:51Z,PORTE-C,,UNITE,OK
TKT80926133617,2026-01-15T18:22:53Z,VIP-EST,R53375710,GROUPE,OK
TKT38713777942,2026-01-15T18:22:53Z,VIP-EST,R51228237,UNITE,OK
TKT94612336149,2026-01-15T18:22:55Z,PORTE-C,R57000791,ABONNEMENT,OK
TKT64719324549,2026-01-15T18:22:55Z,PORTE-A,R57180333,UNITE,OK
TKT30985490518,2026-01-15T18:22:56Z,PORTE-C,R52201604,UNITE,OK
TKT53078439162,2026-01-15T18:22:56Z,PORTE-C,R56125762,UNITE,OK
TKT16660002219,2026-01-15T18:22:58Z,PORTE-C,,UNITE,OK
TKT93682663522,2026-01-15T18:23:06Z,PORTE-A,R52827688,UNITE,OK
TKT85937097876,2026-01-15T18:23:11Z,PORTE-C,R54500632,UNITE,OK
TKT24215796010,2026-01-15T18:23:13Z,PORTE-C,,UNITE,OK
TKT85567599211,2026-01-15T18:23:17Z,PORTE-C,R58810846,UNITE,OK
TKT28038346730,2026-01-15T18:23:22Z,VIP-EST,R55098096,UNITE,REFUSE_DEJA_SCANNE
TKT77622702437,2026-01-15T18:23:25Z,PORTE-C,R53736767,ABONNEMENT,OK
TKT56802772283,2026-01-15T18:23:28Z,VIP-EST,R55597557,UNITE,OK
TKT67802465279,2026-01-15T18:23:39Z,PORTE-C,R54441583,UNITE,OK
TKT89162095602,2026-01-15T18:23:43Z,PORTE-A,R54415827,ABONNEMENT,OK
TKT76399905381,2026-01-15T18:23:58Z,PORTE-A,R55280713,ABONNEMENT,OK
TKT24936969238,2026-01-15T18:24:03Z,PORTE-D,,GROUPE,OK
TKT14442332991,2026-01-15T18:24:05Z,PORTE-B,R54424285,ABONNEMENT,OK
TKT15891667651,2026-01-15T18:24:19Z,PORTE-D,R55330232,ABONNEMENT,OK
TKT27087366722,2026-01-15T18:24:22Z,PORTE-D,R57837526,ABONNEMENT,OK
TKT51516858740,2026-01-15T18:24:27Z,PORTE-C,R53890419,ABONNEMENT,OK
TKT28443532876,2026-01-15T18:24:27Z,PORTE-A,R52539913,UNITE,OK
TKT69599649061,2026-01-15T18:24:27Z,PORTE-C,R58838009,UNITE,OK
TKT31201001119,2026-01-15T18:24:30Z,PORTE-A,R54443489,ABONNEMENT,OK
TKT73488103195,2026-01-15T18:24:32Z,PORTE-A,,GROUPE,OK
TKT24436141086,2026-01-15T18:24:32Z,PORTE-A,R55545730,UNITE,OK
TKT53200138694,2026-01-15T18:24:37Z,PORTE-C,R52717281,UNITE,OK
TKT16679109273,2026-01-15T18:24:47Z,PORTE-C,R58146411,INVITATION,OK
TKT22675365166,2026-01-15T18:24:49Z,PORTE-D,R52765229,ABONNEMENT,OK
TKT34901990755,2026-01-15T18:24:50Z,PORTE-B,R55667784,UNITE,REFUSE_DEJA_SCANNE
TKT79165760711,2026-01-15T18:24:54Z,PORTE-A,R53901530,UNITE,OK
TKT98323802001,2026-01-15T18:25:09Z,PORTE-A,,UNITE,OK
TKT22998244811,2026-01-15T18:25:13Z,PORTE-C,R58653228,ABONNEMENT,OK
TKT50565349068,2026-01-15T18:25:16Z,PORTE-A,R59469811,ABONNEMENT,OK
TKT72664608487,2026-01-15T18:25:19Z,PORTE-A,R55234115,UNITE,OK
TKT80808103337,2026-01-15T18:25:31Z,PORTE-A,R57957205,ABONNEMENT,OK
TKT25974737283,2026-01-15T18:25:33Z,PORTE-C,R55889901,UNITE,OK
TKT34791459674,2026-01-15T18:25:50Z,PORTE-A,R55559005,ABONNEMENT,OK
TKT70269818226,2026-01-15T18:25:53Z,PORTE-A,R59561359,UNITE,REFUSE_DEJA_SCANNE
TKT83886598504,2026-01-15T18:25:53Z,PORTE-A,R59866499,UNITE,OK
TKT22046063685,2026-01-15T18:25:59Z,PORTE-A,R54313466,UNITE,OK
TKT27731232287,2026-01-15T18:26:03Z,PORTE-B,R59121771,UNITE,OK
TKT71058051165,2026-01-15T18:26:03Z,VIP-EST,R57126178,UNITE,OK
TKT83782093733,2026-01-15T18:26:15Z,VIP-EST,R57680196,ABONNEMENT,OK
TKT13118026530,2026-01-15T18:26:19Z,VIP-EST,R56174802,UNITE,OK
TKT72897713312,2026-01-15T18:26:22Z,PORTE-D,R59831625,UNITE,OK
TKT31930850501,2026-01-15T18:26:24Z,VIP-EST,R52999941,ABONNEMENT,OK
TKT44885562402,2026-01-15T18:26:25Z,PORTE-D,,GROUPE,OK
TKT12581612510,2026-01-15T18:26:31Z,PORTE-A,R57251364,UNITE,OK
TKT54128923562,2026-01-15T18:26:32Z,PORTE-C,,UNITE,OK
TKT82692524469,2026-01-15T18:26:37Z,PORTE-C,R53293357,UNITE,OK
TKT63569230399,2026-01-15T18:26:41Z,PORTE-C,R51686081,UNITE,OK
TKT69644573590,2026-01-15T18:26:42Z,PORTE-D,,UNITE,REFUSE_DEJA_SCANNE
TKT15146080527,2026-01-15T18:26:48Z,VIP-EST,R56928323,ABONNEMENT,OK
TKT93450003859,2026-01-15T18:26:51Z,PORTE-B,R57947665,UNITE,OK
TKT66729685694,2026-01-15T18:26:52Z,PORTE-A,R58112773,UNITE,OK
TKT10962137756,2026-01-15T18:26:52Z,PORTE-C,R52710471,INVITATION,OK
TKT28629207905,2026-01-15T18:26:54Z,PORTE-C,R57360890,UNITE,OK
TKT98314000542,2026-01-15T18:26:56Z,PORTE-C,R59409191,UNITE,OK
TKT40219824815,2026-01-15T18:26:58Z,PORTE-D,R55866463,ABONNEMENT,OK
TKT40516827569,2026-01-15T18:26:58Z,VIP-EST,R53426723,UNITE,OK
TKT31089035015,2026-01-15T18:27:05Z,PORTE-C,,UNITE,OK
TKT62970974192,2026-01-15T18:27:07Z,PORTE-A,R53103672,UNITE,OK
TKT67643116469,2026-01-15T18:27:13Z,PORTE-B,R59121627,UNITE,OK
TKT10836264465,2026-01-15T18:27:15Z,PORTE-B,R52063689,UNITE,OK
TKT80338191198,2026-01-15T18:27:15Z,PORTE-A,R57130335,UNITE,OK
TKT92193447805,2026-01-15T18:27:23Z,VIP-EST,R51001829,UNITE,OK
TKT43037611245,2026-01-15T18:27:28Z,PORTE-C,R53031060,UNITE,OK
TKT13457036570,2026-01-15T18:27:33Z,VIP-EST,R54293706,ABONNEMENT,OK
TKT20599244410,2026-01-15T18:27:35Z,PORTE-D,R54109059,UNITE,OK
TKT78248138750,2026-01-15T18:27:37Z,PORTE-A,R59620743,UNITE,OK
TKT77410725138,2026-01-15T18:27:39Z,PORTE-C,R54859438,UNITE,OK
TKT88475601946,2026-01-15T18:27:39Z,PORTE-A,,UNITE,OK
TKT42981756581,2026-01-15T18:27:40Z,VIP-EST,R53881636,ABONNEMENT,OK
TKT23428393744,2026-01-15T18:27:40Z,PORTE-A,R53314611,UNITE,OK
TKT64085020747,2026-01-15T18:27:42Z,PORTE-C,R57947732,UNITE,OK
TKT21089865754,2026-01-15T18:27:47Z,PORTE-A,R53089918,INVITATION,OK
TKT44506195042,2026-01-15T18:27:49Z,VIP-EST,R54045106,UNITE,OK
TKT38132659490,2026-01-15T18:27:52Z,PORTE-C,R57512100,UNITE,OK
TKT71704547158,2026-01-15T18:27:52Z,PORTE-D,R51506874,UNITE,OK
TKT31701655067,2026-01-15T18:27:57Z,PORTE-D,,UNITE,OK
TKT60355452035,2026-01-15T18:27:58Z,PORTE-C,R56667989,UNITE,OK
TKT64587422490,2026-01-15T18:28:00Z,PORTE-C,R57565421,UNITE,OK
TKT62640519738,2026-01-15T18:28:01Z,VIP-EST,,GROUPE,OK
TKT14416823609,2026-01-15T18:28:03Z,PORTE-C,,UNITE,OK
TKT42051811760,2026-01-15T18:28:04Z,PORTE-A,,UNITE,OK
TKT65598314442,2026-01-15T18:28:04Z,VIP-EST,R52148551,UNITE,OK
TKT67165613820,2026-01-15T18:28:06Z,PORTE-C,R53251616,UNITE,OK
TKT83307977772,2026-01-15T18:28:08Z,PORTE-C,R51372704,UNITE,OK
TKT35122604178,2026-01-15T18:28:10Z,PORTE-A,R58039826,VIP,OK
TKT27310152166,2026-01-15T18:28:13Z,PORTE-D,R55214844,ABONNEMENT,OK
TKT13074339046,2026-01-15T18:28:13Z,PORTE-B,R56109757,UNITE,OK
TKT17714281007,2026-01-15T18:28:14Z,PORTE-C,R59528726,ABONNEMENT,OK
TKT12185664244,2026-01-15T18:28:15Z,VIP-EST,,UNITE,OK
TKT99155453013,2026-01-15T18:28:16Z,PORTE-B,R59542078,UNITE,OK
TKT82324606500,2026-01-15T18:28:17Z,PORTE-C,R56185558,UNITE,OK
TKT13361231307,2026-01-15T18:28:26Z,PORTE-C,R51850298,UNITE,OK
TKT26674428419,2026-01-15T18:28:26Z,PORTE-B,R59939101,UNITE,OK
TKT22527110110,2026-01-15T18:28:28Z,PORTE-D,R51796957,UNITE,OK
TKT87940850796,2026-01-15T18:28:29Z,PORTE-B,,UNITE,OK
TKT22614700940,2026-01-15T18:28:30Z,PORTE-A,R58392023,UNITE,OK
TKT34719929060,2026-01-15T18:28:32Z,PORTE-A,R59372957,UNITE,OK
TKT82902400112,2026-01-15T18:28:35Z,PORTE-A,R52825571,UNITE,OK
TKT16764533782,2026-01-15T18:28:37Z,PORTE-C,R54955612,UNITE,OK
TKT25710564122,2026-01-15T18:28:39Z,PORTE-B,R52953631,UNITE,OK
TKT45710321876,2026-01-15T18:28:44Z,PORTE-A,R56329422,UNITE,OK
TKT76388553411,2026-01-15T18:28:47Z,PORTE-D,R51408526,UNITE,OK
TKT56824703076,2026-01-15T18:28:48Z,PORTE-D,R57763085,ABONNEMENT,OK
TKT66372179131,2026-01-15T18:28:49Z,PORTE-D,R58667404,UNITE,REFUSE_DEJA_SCANNE
TKT37787480396,2026-01-15T18:28:51Z,PORTE-D,R55839769,ABONNEMENT,OK
TKT82882602473,2026-01-15T18:28:53Z,VIP-EST,R51187635,VIP,OK
TKT38171430266,2026-01-15T18:28:54Z,VIP-EST,,INVITATION,OK
TKT81038011869,2026-01-15T18:28:54Z,PORTE-A,R51142685,UNITE,OK
TKT20822459744,2026-01-15T18:28:55Z,PORTE-C,R57615419,ABONNEMENT,OK
TKT71566301014,2026-01-15T18:28:59Z,PORTE-C,R58729853,UNITE,OK
TKT87555359886,2026-01-15T18:29:00Z,PORTE-A,R55088633,UNITE,REFUSE_DEJA_SCANNE
TKT38085681992,2026-01-15T18:29:00Z,PORTE-A,,INVITATION,OK
TKT17267309292,2026-01-15T18:29:04Z,PORTE-D,R53051902,UNITE,OK
TKT47136262945,2026-01-15T18:29:06Z,VIP-EST,R52210675,UNITE,OK
TKT25532979779,2026-01-15T18:29:09Z,VIP-EST,R54679226,ABONNEMENT,OK
TKT80894550580,2026-01-15T18:29:10Z,PORTE-C,R51400624,ABONNEMENT,OK
TKT17493075899,2026-01-15T18:29:20Z,PORTE-D,R57741831,UNITE,OK
TKT54616851081,2026-01-15T18:29:20Z,VIP-EST,,GROUPE,OK
TKT88226031999,2026-01-15T18:29:32Z,PORTE-B,,UNITE,OK
TKT37834855396,2026-01-15T18:29:35Z,VIP-EST,R53736489,UNITE,REFUSE_DEJA_SCANNE
TKT45993316405,2026-01-15T18:29:36Z,PORTE-C,R54884102,UNITE,OK
TKT99118300768,2026-01-15T18:29:42Z,PORTE-D,R57403254,ABONNEMENT,OK
TKT30869188085,2026-01-15T18:29:45Z,PORTE-C,R51877059,UNITE,OK
TKT40192461546,2026-01-15T18:29:47Z,PORTE-C,R59201997,ABONNEMENT,OK
TKT49310404242,2026-01-15T18:29:47Z,PORTE-A,,GROUPE,REFUSE_DEJA_SCANNE
TKT45582619530,2026-01-15T18:29:47Z,PORTE-A,R59184431,UNITE,OK
TKT31327560180,2026-01-15T18:29:50Z,PORTE-B,,UNITE,OK
TKT70354039337,2026-01-15T18:29:51Z,PORTE-B,R52111369,UNITE,OK
TKT74296564673,2026-01-15T18:29:52Z,PORTE-C,R53310588,ABONNEMENT,OK
TKT32780608836,2026-01-15T18:29:52Z,PORTE-A,,VIP,OK
TKT28663736855,2026-01-15T18:29:53Z,PORTE-D,R55802165,UNITE,OK
TKT59898113229,2026-01-15T18:29:54Z,PORTE-B,,UNITE,OK
TKT83067654210,2026-01-15T18:29:56Z,VIP-EST,R58904836,UNITE,OK
TKT77979446489,2026-01-15T18:29:58Z,PORTE-B,R52936534,UNITE,OK
TKT47258699648,2026-01-15T18:29:58Z,VIP-EST,R55590546,UNITE,OK
TKT76999792157,2026-01-15T18:30:01Z,PORTE-C,R58059911,ABONNEMENT,OK
TKT63651016412,2026-01-15T18:30:01Z,PORTE-C,R52407438,UNITE,OK
TKT80370118949,2026-01-15T18:30:03Z,PORTE-C,R59551072,ABONNEMENT,OK
TKT16966503447,2026-01-15T18:30:08Z,PORTE-C,R57260291,ABONNEMENT,OK
TKT82855996549,2026-01-15T18:30:10Z,PORTE-C,R52262780,UNITE,OK
TKT68580258401,2026-01-15T18:30:11Z,PORTE-D,R59817794,ABONNEMENT,OK
TKT20268502724,2026-01-15T18:30:14Z,VIP-EST,,GROUPE,OK
TKT16265684751,2026-01-15T18:30:15Z,PORTE-A,R58278886,ABONNEMENT,OK
TKT52400898619,2026-01-15T18:30:16Z,VIP-EST,R57755250,UNITE,REFUSE_DEJA_SCANNE
TKT85294332085,2026-01-15T18:30:20Z,PORTE-C,R59685654,ABONNEMENT,OK
TKT97010010901,2026-01-15T18:30:23Z,VIP-EST,R59597995,UNITE,OK
TKT91748669245,2026-01-15T18:30:23Z,VIP-EST,R52280547,UNITE,OK
TKT86193834726,2026-01-15T18:30:25Z,PORTE-A,R57007400,UNITE,OK
TKT67080923158,2026-01-15T18:30:31Z,PORTE-B,,UNITE,OK
TKT77923778856,2026-01-15T18:30:35Z,PORTE-C,R55128555,ABONNEMENT,OK
TKT36969328342,2026-01-15T18:30:38Z,PORTE-C,,UNITE,OK
TKT93905532656,2026-01-15T18:30:40Z,PORTE-A,R55422795,UNITE,OK
TKT31214645234,2026-01-15T18:30:42Z,PORTE-B,R56040890,UNITE,OK
TKT56107073510,2026-01-15T18:30:43Z,PORTE-A,R53134657,UNITE,OK
TKT42173497116,2026-01-15T18:30:45Z,PORTE-C,R53102858,UNITE,OK
TKT75198436171,2026-01-15T18:30:47Z,PORTE-B,,UNITE,OK
TKT23846587553,2026-01-15T18:30:48Z,PORTE-C,,GROUPE,OK
TKT13398320906,2026-01-15T18:30:49Z,PORTE-A,R52108840,UNITE,OK
TKT91344407529,2026-01-15T18:30:51Z,PORTE-B,R55326611,ABONNEMENT,OK
TKT64078715977,2026-01-15T18:30:51Z,PORTE-C,R51212711,UNITE,OK
TKT46825825274,2026-01-15T18:30:52Z,VIP-EST,R52196231,VIP,OK
TKT47925066653,2026-01-15T18:30:53Z,PORTE-C,,UNITE,OK
TKT42319438192,2026-01-15T18:30:55Z,PORTE-C,R59926841,UNITE,OK
TKT27117276603,2026-01-15T18:30:55Z,PORTE-C,R58450469,UNITE,OK
TKT98056796723,2026-01-15T18:30:59Z,PORTE-A,,UNITE,OK
TKT71901565938,2026-01-15T18:31:03Z,PORTE-B,,GROUPE,OK
TKT67282991054,2026-01-15T18:31:04Z,PORTE-D,,UNITE,OK
TKT64221575246,2026-01-15T18:31:04Z,PORTE-B,R56338674,UNITE,OK
TKT29260433858,2026-01-15T18:31:08Z,PORTE-C,R56299921,UNITE,OK
TKT32965767719,2026-01-15T18:31:09Z,PORTE-C,R55707294,UNITE,OK
TKT71893366811,2026-01-15T18:31:10Z,PORTE-C,R57129722,UNITE,OK
TKT27064258634,2026-01-15T18:31:14Z,PORTE-C,R55946297,UNITE,OK
TKT97896182933,2026-01-15T18:31:14Z,PORTE-A,R53366649,UNITE,OK
TKT99254889400,2026-01-15T18:31:17Z,PORTE-C,R52435780,GROUPE,REFUSE_DEJA_SCANNE
TKT49759456281,2026-01-15T18:31:18Z,VIP-EST,,UNITE,OK
TKT64186819344,2026-01-15T18:31:19Z,PORTE-A,,UNITE,OK
TKT89613243192,2026-01-15T18:31:20Z,PORTE-B,R52878835,UNITE,OK
TKT63578588310,2026-01-15T18:31:20Z,PORTE-D,,UNITE,OK
TKT82325487005,2026-01-15T18:31:21Z,PORTE-D,,INVITATION,REFUSE_DEJA_SCANNE
TKT33203547053,2026-01-15T18:31:21Z,PORTE-D,R54214562,UNITE,OK
TKT55612546825,2026-01-15T18:31:22Z,PORTE-C,R51597062,ABONNEMENT,OK
TKT92802179400,2026-01-15T18:31:22Z,PORTE-D,R54350035,ABONNEMENT,OK
TKT63518788507,2026-01-15T18:31:22Z,PORTE-A,R51841850,UNITE,OK
TKT72594644981,2026-01-15T18:31:25Z,PORTE-C,R56268869,UNITE,OK
TKT54197360049,2026-01-15T18:31:26Z,VIP-EST,R56768052,UNITE,OK
TKT28715334623,2026-01-15T18:31:28Z,PORTE-A,R58490036,ABONNEMENT,OK
TKT58277165847,2026-01-15T18:31:28Z,PORTE-C,,UNITE,OK
TKT19484858491,2026-01-15T18:31:28Z,PORTE-C,R58338012,UNITE,OK
TKT39428282651,2026-01-15T18:31:28Z,PORTE-A,R52716390,VIP,OK
TKT88102935949,2026-01-15T18:31:29Z,PORTE-A,R57864977,UNITE,OK
TKT36765934724,2026-01-15T18:31:30Z,PORTE-A,R57694764,VIP,OK
TKT95376490599,2026-01-15T18:31:31Z,PORTE-C,R54931571,UNITE,OK
TKT71476661726,2026-01-15T18:31:33Z,VIP-EST,,UNITE,OK
TKT83313596384,2026-01-15T18:31:35Z,PORTE-C,R58904903,UNITE,OK
TKT37516870488,2026-01-15T18:31:41Z,VIP-EST,R54409774,ABONNEMENT,OK
TKT65305117076,2026-01-15T18:31:44Z,PORTE-C,,UNITE,OK
TKT57965077247,2026-01-15T18:31:45Z,PORTE-C,R53009615,UNITE,OK
TKT62567994090,2026-01-15T18:31:45Z,PORTE-A,,UNITE,OK
TKT11250879596,2026-01-15T18:31:49Z,PORTE-D,R54666544,UNITE,OK
TKT89657112346,2026-01-15T18:31:52Z,PORTE-B,,GROUPE,OK
TKT58094599853,2026-01-15T18:31:54Z,VIP-EST,R51288033,VIP,OK
TKT13830932169,2026-01-15T18:31:56Z,VIP-EST,R58899855,UNITE,OK
TKT88753653082,2026-01-15T18:32:01Z,PORTE-A,R53289076,ABONNEMENT,OK
TKT41716096345,2026-01-15T18:32:02Z,PORTE-D,R52667829,ABONNEMENT,OK
TKT10162449147,2026-01-15T18:32:05Z,PORTE-D,R58544526,UNITE,OK
TKT77234819272,2026-01-15T18:32:06Z,PORTE-A,R58511146,INVITATION,OK
TKT22766180614,2026-01-15T18:32:09Z,PORTE-C,R58562169,UNITE,OK
TKT37238883650,2026-01-15T18:32:11Z,VIP-EST,R57139252,GROUPE,OK
TKT37403617718,2026-01-15T18:32:14Z,PORTE-B,R52039571,UNITE,OK
TKT29102395753,2026-01-15T18:32:14Z,PORTE-B,R59110392,UNITE,OK
TKT64784031930,2026-01-15T18:32:17Z,PORTE-C,R58995416,ABONNEMENT,OK
TKT25028354459,2026-01-15T18:32:23Z,PORTE-A,,GROUPE,OK
TKT97781434659,2026-01-15T18:32:25Z,PORTE-D,R53686357,ABONNEMENT,OK
TKT39851283324,2026-01-15T18:32:25Z,PORTE-D,R59662705,UNITE,OK
TKT74448434387,2026-01-15T18:32:27Z,PORTE-D,R52464648,UNITE,OK
TKT43733073990,2026-01-15T18:32:27Z,VIP-EST,R57073058,INVITATION,OK
TKT82027866760,2026-01-15T18:32:28Z,VIP-EST,R53189837,UNITE,OK
TKT66688872610,2026-01-15T18:32:29Z,PORTE-A,,UNITE,OK
TKT35184848884,2026-01-15T18:32:30Z,PORTE-D,R51630978,ABONNEMENT,OK
TKT85859997756,2026-01-15T18:32:31Z,PORTE-C,R56953657,UNITE,OK
TKT11813195750,2026-01-15T18:32:31Z,PORTE-C,R57748718,UNITE,OK
TKT91860318171,2026-01-15T18:32:32Z,PORTE-D,R52003136,ABONNEMENT,OK
TKT21821569674,2026-01-15T18:32:33Z,PORTE-A,R56875059,UNITE,OK
TKT79759087790,2026-01-15T18:32:34Z,PORTE-C,R56223564,UNITE,OK
TKT30408798343,2026-01-15T18:32:34Z,PORTE-C,,UNITE,OK
TKT11099470279,2026-01-15T18:32:36Z,PORTE-B,R52566004,ABONNEMENT,OK
TKT13902406226,2026-01-15T18:32:37Z,PORTE-B,R59468451,ABONNEMENT,OK
TKT84981318023,2026-01-15T18:32:40Z,PORTE-C,R59402994,UNITE,OK
TKT72276575225,2026-01-15T18:32:43Z,PORTE-C,R54247597,ABONNEMENT,OK
TKT26302933975,2026-01-15T18:32:43Z,PORTE-C,R58969402,UNITE,OK
TKT20369134515,2026-01-15T18:32:44Z,VIP-EST,R57378389,UNITE,OK
TKT60869681803,2026-01-15T18:32:46Z,PORTE-A,R58773031,UNITE,OK
TKT50057767945,2026-01-15T18:32:47Z,PORTE-A,,GROUPE,OK
TKT37833580208,2026-01-15T18:32:47Z,PORTE-C,R54683507,UNITE,OK
TKT95521470419,2026-01-15T18:32:48Z,PORTE-C,R59344893,UNITE,OK
TKT12450336707,2026-01-15T18:32:52Z,PORTE-C,R53179416,UNITE,OK
TKT25370157201,2026-01-15T18:32:56Z,PORTE-D,R59690012,UNITE,OK
TKT63068191344,2026-01-15T18:32:56Z,PORTE-A,,UNITE,OK
TKT49643041023,2026-01-15T18:33:01Z,PORTE-A,,UNITE,OK
TKT49384053264,2026-01-15T18:33:02Z,PORTE-D,R58579323,UNITE,OK
TKT50033424393,2026-01-15T18:33:06Z,PORTE-D,R59170121,UNITE,OK
TKT91132320810,2026-01-15T18:33:08Z,PORTE-D,R57409595,UNITE,OK
TKT36101694789,2026-01-15T18:33:09Z,PORTE-B,R51337006,UNITE,OK
TKT69651819762,2026-01-15T18:33:10Z,PORTE-C,R54972029,ABONNEMENT,OK
TKT18667554023,2026-01-15T18:33:10Z,PORTE-A,R52899878,ABONNEMENT,OK
TKT41927672620,2026-01-15T18:33:10Z,PORTE-C,R53384158,UNITE,OK
TKT36157687952,2026-01-15T18:33:10Z,PORTE-D,R52687244,UNITE,OK
TKT76265297892,2026-01-15T18:33:12Z,PORTE-C,R58507746,UNITE,OK
TKT44820019616,2026-01-15T18:33:13Z,PORTE-C,R59558773,UNITE,OK
TKT64851771933,2026-01-15T18:33:16Z,VIP-EST,R51621783,ABONNEMENT,OK
TKT71020632095,2026-01-15T18:33:17Z,PORTE-C,R59804921,ABONNEMENT,OK
TKT47924564357,2026-01-15T18:33:17Z,PORTE-C,R52289876,UNITE,OK
TKT52156992798,2026-01-15T18:33:18Z,PORTE-C,R56582102,UNITE,OK
TKT96642737292,2026-01-15T18:33:21Z,PORTE-C,R52227149,UNITE,OK
TKT50872622013,2026-01-15T18:33:24Z,PORTE-C,R55661041,UNITE,OK
TKT36711417442,2026-01-15T18:33:25Z,PORTE-C,R57509983,UNITE,OK
TKT77123341040,2026-01-15T18:33:25Z,PORTE-C,R55116151,INVITATION,OK
TKT42985291074,2026-01-15T18:33:25Z,PORTE-D,R56460182,UNITE,OK
TKT55239422512,2026-01-15T18:33:26Z,PORTE-C,,UNITE,OK
TKT79972082518,2026-01-15T18:33:28Z,PORTE-B,R51570827,INVITATION,OK
TKT35526341413,2026-01-15T18:33:29Z,PORTE-C,,UNITE,OK
TKT42854020255,2026-01-15T18:33:29Z,PORTE-C,R55951871,UNITE,OK
TKT63018216780,2026-01-15T18:33:30Z,PORTE-C,R59451766,UNITE,OK
TKT70534171454,2026-01-15T18:33:31Z,PORTE-A,R53660209,UNITE,OK
TKT17025410646,2026-01-15T18:33:34Z,PORTE-C,R55331113,ABONNEMENT,OK
TKT62743469126,2026-01-15T18:33:35Z,PORTE-C,R51641255,UNITE,OK
TKT98958385999,2026-01-15T18:33:36Z,PORTE-D,,GROUPE,OK
TKT51422814503,2026-01-15T18:33:36Z,PORTE-C,,GROUPE,OK
TKT55404891543,2026-01-15T18:33:37Z,PORTE-C,R59212418,UNITE,OK
TKT95550352497,2026-01-15T18:33:41Z,PORTE-B,R54943965,UNITE,OK
TKT19243228495,2026-01-15T18:33:42Z,PORTE-D,R51213793,ABONNEMENT,OK
TKT87190843793,2026-01-15T18:33:44Z,PORTE-D,R52068928,ABONNEMENT,OK
TKT63850124867,2026-01-15T18:33:44Z,PORTE-A,R55901337,UNITE,OK
TKT88705390174,2026-01-15T18:33:45Z,PORTE-A,R56474904,UNITE,OK
TKT20930089834,2026-01-15T18:33:48Z,PORTE-A,,UNITE,OK
TKT16960130323,2026-01-15T18:33:48Z,PORTE-A,R52452053,UNITE,REFUSE_INVALIDE
TKT19926446549,2026-01-15T18:33:49Z,VIP-EST,,UNITE,OK
TKT12321251948,2026-01-15T18:33:51Z,PORTE-D,R53908129,ABONNEMENT,OK
TKT29323224803,2026-01-15T18:33:52Z,PORTE-D,R51255477,ABONNEMENT,OK
TKT56405439078,2026-01-15T18:33:52Z,VIP-EST,R58973291,UNITE,OK
TKT55851947214,2026-01-15T18:33:53Z,PORTE-D,R56594228,ABONNEMENT,OK
TKT19896673926,2026-01-15T18:33:53Z,PORTE-C,R58911981,UNITE,OK
TKT46101177950,2026-01-15T18:33:54Z,PORTE-C,R55117511,UNITE,OK
TKT68733689932,2026-01-15T18:33:54Z,PORTE-D,R56529384,UNITE,OK
TKT53350113752,2026-01-15T18:33:54Z,PORTE-C,,GROUPE,OK
TKT11951610575,2026-01-15T18:33:55Z,PORTE-B,R53402414,ABONNEMENT,OK
TKT79573450087,2026-01-15T18:33:57Z,PORTE-C,R54144201,ABONNEMENT,OK
TKT49528513642,2026-01-15T18:33:57Z,PORTE-D,R52221833,UNITE,OK
TKT54171416102,2026-01-15T18:33:58Z,PORTE-C,,UNITE,OK
TKT98056796723,2026-01-15T18:33:59Z,PORTE-A,,UNITE,REFUSE_DEJA_SCANNE
TKT54289026452,2026-01-15T18:34:01Z,PORTE-C,R55312512,UNITE,OK
TKT86901654555,2026-01-15T18:34:03Z,PORTE-C,,GROUPE,OK
TKT20897333291,2026-01-15T18:34:04Z,PORTE-B,R52723344,UNITE,OK
TKT76719411310,2026-01-15T18:34:04Z,PORTE-A,,UNITE,OK
TKT53862579942,2026-01-15T18:34:05Z,PORTE-A,R51598623,UNITE,OK
TKT44444821787,2026-01-15T18:34:06Z,PORTE-B,R53242890,UNITE,OK
TKT76178365458,2026-01-15T18:34:07Z,PORTE-C,R53479307,UNITE,OK
TKT71731178369,2026-01-15T18:34:08Z,VIP-EST,R59219717,UNITE,OK
TKT86941419697,2026-01-15T18:34:09Z,PORTE-D,R55632297,ABONNEMENT,OK
TKT35303408469,2026-01-15T18:34:09Z,VIP-EST,R58989219,ABONNEMENT,OK
TKT47923172957,2026-01-15T18:34:11Z,PORTE-C,R55658455,ABONNEMENT,OK
TKT19062499854,2026-01-15T18:34:11Z,VIP-EST,R59103438,ABONNEMENT,OK
TKT20504189829,2026-01-15T18:34:12Z,VIP-EST,R54014044,UNITE,OK
TKT62724100334,2026-01-15T18:34:13Z,PORTE-B,R56524011,INVITATION,OK
TKT33144727576,2026-01-15T18:34:14Z,PORTE-D,,UNITE,OK
TKT90162168338,2026-01-15T18:34:15Z,PORTE-D,R54261974,UNITE,OK
TKT58151921973,2026-01-15T18:34:16Z,PORTE-B,R58357906,UNITE,OK
TKT48981657917,2026-01-15T18:34:17Z,PORTE-B,R52735805,ABONNEMENT,OK
TKT97109216713,2026-01-15T18:34:17Z,PMR-NORD,R53485102,UNITE,OK
TKT88552171579,2026-01-15T18:34:17Z,VIP-EST,R59379221,VIP,OK
TKT85844668013,2026-01-15T18:34:18Z,PORTE-B,R55262524,UNITE,OK
TKT54786282422,2026-01-15T18:34:19Z,PORTE-C,R51547399,UNITE,OK
TKT16720702508,2026-01-15T18:34:19Z,PORTE-B,R53636982,UNITE,OK
TKT54734885985,2026-01-15T18:34:22Z,PORTE-C,R55367749,UNITE,OK
TKT15265403045,2026-01-15T18:34:23Z,PORTE-C,R52603732,UNITE,OK
TKT72528172803,2026-01-15T18:34:24Z,PORTE-A,R55137750,INVITATION,OK
TKT99474857807,2026-01-15T18:34:24Z,PORTE-D,,UNITE,OK
TKT83425569665,2026-01-15T18:34:24Z,PORTE-A,R55864212,INVITATION,OK
TKT95462551324,2026-01-15T18:34:26Z,PORTE-C,R58320781,UNITE,OK
TKT99903200519,2026-01-15T18:34:28Z,PORTE-C,,UNITE,OK
TKT61084442931,2026-01-15T18:34:29Z,PORTE-B,,UNITE,OK
TKT39612143083,2026-01-15T18:34:31Z,PORTE-A,R54234935,ABONNEMENT,OK
TKT25520512021,2026-01-15T18:34:32Z,VIP-EST,,GROUPE,OK
TKT55359158894,2026-01-15T18:34:32Z,PORTE-D,R52146846,UNITE,OK
TKT59021698310,2026-01-15T18:34:33Z,PORTE-C,,UNITE,OK
TKT11281961732,2026-01-15T18:34:34Z,PORTE-B,R51825165,UNITE,OK
TKT21857069089,2026-01-15T18:34:34Z,PORTE-A,R56136461,UNITE,OK
TKT81623807342,2026-01-15T18:34:34Z,PORTE-C,R53505532,UNITE,OK
TKT36105364092,2026-01-15T18:34:37Z,PORTE-A,R57303948,ABONNEMENT,OK
TKT66991660300,2026-01-15T18:34:37Z,PORTE-C,R54777373,UNITE,OK
TKT30389414569,2026-01-15T18:34:42Z,PORTE-D,R56802926,UNITE,OK
TKT82679038757,2026-01-15T18:34:45Z,PORTE-A,R53519497,UNITE,OK
TKT84899887005,2026-01-15T18:34:45Z,PORTE-D,R59254648,UNITE,OK
TKT38058181115,2026-01-15T18:34:46Z,PORTE-C,R58026196,UNITE,OK
TKT57026615543,2026-01-15T18:34:47Z,VIP-EST,,UNITE,OK
TKT24149311667,2026-01-15T18:34:50Z,PORTE-B,R54137123,UNITE,OK
TKT74088051633,2026-01-15T18:34:55Z,PORTE-C,,GROUPE,OK
TKT71257195137,2026-01-15T18:34:56Z,PORTE-D,R51878764,UNITE,OK
TKT47027484418,2026-01-15T18:34:56Z,PORTE-C,R57182507,UNITE,OK
TKT23725991294,2026-01-15T18:34:57Z,PORTE-A,R53530119,UNITE,OK
TKT37955381785,2026-01-15T18:34:58Z,PORTE-C,R58540647,ABONNEMENT,OK
TKT34601679463,2026-01-15T18:34:58Z,PORTE-A,R52845465,UNITE,OK
TKT46603562676,2026-01-15T18:34:58Z,VIP-EST,R53506011,UNITE,OK
TKT14341640652,2026-01-15T18:34:59Z,PORTE-D,R55903387,ABONNEMENT,OK
TKT12629823751,2026-01-15T18:34:59Z,PORTE-B,R55783909,UNITE,OK
TKT76661159037,2026-01-15T18:35:03Z,VIP-EST,R53740991,UNITE,OK
TKT16986157340,2026-01-15T18:35:08Z,PORTE-A,R59677216,UNITE,OK
TKT79189730884,2026-01-15T18:35:09Z,PORTE-C,R57204230,ABONNEMENT,OK
TKT34573134585,2026-01-15T18:35:09Z,PORTE-B,R51456953,UNITE,OK
TKT79202132106,2026-01-15T18:35:10Z,PORTE-D,R58454003,UNITE,OK
TKT72560806294,2026-01-15T18:35:11Z,PORTE-A,,UNITE,OK
TKT96231024385,2026-01-15T18:35:13Z,VIP-EST,R58567140,UNITE,OK
TKT15676296708,2026-01-15T18:35:15Z,PORTE-A,R53376869,UNITE,OK
TKT51570196923,2026-01-15T18:35:15Z,VIP-EST,R58776508,UNITE,OK
TKT68899974878,2026-01-15T18:35:15Z,VIP-EST,R58878199,UNITE,OK
TKT74718843646,2026-01-15T18:35:19Z,PORTE-B,R54378444,UNITE,OK
TKT48100975639,2026-01-15T18:35:19Z,PORTE-D,R56525160,UNITE,OK
TKT26863601516,2026-01-15T18:35:20Z,PORTE-D,R54059483,UNITE,OK
TKT17836454909,2026-01-15T18:35:21Z,PORTE-A,R57720443,UNITE,OK
TKT34976382679,2026-01-15T18:35:21Z,PORTE-D,R57328803,UNITE,OK
TKT44350599323,2026-01-15T18:35:22Z,PORTE-D,R58396525,INVITATION,OK
TKT75787669487,2026-01-15T18:35:23Z,VIP-EST,R52838243,UNITE,OK
TKT11781165844,2026-01-15T18:35:24Z,PORTE-D,R53049393,UNITE,OK
TKT66243538115,2026-01-15T18:35:25Z,PORTE-C,,UNITE,OK
TKT83210417113,2026-01-15T18:35:27Z,PORTE-C,R58465583,INVITATION,OK
TKT97006910237,2026-01-15T18:35:28Z,PORTE-A,,VIP,OK
TKT78407014154,2026-01-15T18:35:31Z,VIP-EST,R51214952,UNITE,OK
TKT98932224366,2026-01-15T18:35:33Z,PORTE-A,R58191093,UNITE,OK
TKT56232915434,2026-01-15T18:35:34Z,PORTE-B,R57890589,ABONNEMENT,OK
TKT69719394194,2026-01-15T18:35:35Z,PORTE-A,R57638857,UNITE,OK
TKT65808791145,2026-01-15T18:35:36Z,PORTE-C,R54292346,UNITE,REFUSE_INVALIDE
TKT23769349031,2026-01-15T18:35:36Z,PORTE-C,R53291930,UNITE,OK
TKT78353888712,2026-01-15T18:35:37Z,PORTE-D,R58191984,ABONNEMENT,OK
TKT61213872816,2026-01-15T18:35:38Z,PORTE-A,R51241043,UNITE,OK
TKT91189689425,2026-01-15T18:35:39Z,PORTE-C,R53073635,ABONNEMENT,OK
TKT78093718020,2026-01-15T18:35:39Z,PORTE-D,R59072051,UNITE,OK
TKT47341911217,2026-01-15T18:35:40Z,PORTE-A,R56610176,UNITE,OK
TKT16663280517,2026-01-15T18:35:41Z,VIP-EST,R57266076,UNITE,OK
TKT72569308334,2026-01-15T18:35:41Z,PORTE-C,R57540633,UNITE,OK
TKT73751038133,2026-01-15T18:35:42Z,PORTE-C,R53024528,UNITE,OK
TKT29920758552,2026-01-15T18:35:42Z,VIP-EST,R52519483,UNITE,OK
TKT68130509618,2026-01-15T18:35:43Z,PORTE-C,R54081742,ABONNEMENT,OK
TKT60453035216,2026-01-15T18:35:43Z,PORTE-C,,UNITE,OK
TKT18244923521,2026-01-15T18:35:44Z,PORTE-C,R55768862,ABONNEMENT,OK
TKT29261250903,2026-01-15T18:35:46Z,PORTE-C,R53434213,UNITE,OK
TKT13694467676,2026-01-15T18:35:47Z,PORTE-C,,GROUPE,OK
TKT23894561361,2026-01-15T18:35:47Z,PORTE-B,R55579857,UNITE,OK
TKT81480979040,2026-01-15T18:35:49Z,VIP-EST,R55843447,UNITE,OK
TKT95200662192,2026-01-15T18:35:49Z,PORTE-D,R55820555,UNITE,OK
TKT87454954053,2026-01-15T18:35:49Z,PORTE-A,R53884289,UNITE,OK
TKT27497785241,2026-01-15T18:35:50Z,PORTE-C,R51698676,ABONNEMENT,OK
TKT63096522174,2026-01-15T18:35:50Z,PORTE-C,R54852762,UNITE,OK
TKT63042554692,2026-01-15T18:35:53Z,PORTE-B,R58197980,UNITE,OK
TKT67803633154,2026-01-15T18:35:55Z,PORTE-B,R51831429,UNITE,OK
TKT32669745548,2026-01-15T18:35:55Z,PORTE-C,,UNITE,OK
TKT80499232608,2026-01-15T18:35:57Z,PORTE-D,R54199649,UNITE,OK
TKT30646179888,2026-01-15T18:35:59Z,PORTE-A,,UNITE,OK
TKT88415864342,2026-01-15T18:36:04Z,PORTE-C,,UNITE,OK
TKT15511995717,2026-01-15T18:36:05Z,VIP-EST,R53302418,UNITE,OK
TKT52000170602,2026-01-15T18:36:07Z,PORTE-C,R56283581,ABONNEMENT,OK
TKT23839635464,2026-01-15T18:36:07Z,VIP-EST,R58141986,VIP,OK
TKT32861866932,2026-01-15T18:36:08Z,PORTE-C,R54573914,UNITE,OK
TKT30239333481,2026-01-15T18:36:08Z,PORTE-D,R53335721,UNITE,OK
TKT16781635463,2026-01-15T18:36:09Z,PORTE-A,R59756772,UNITE,OK
TKT52429782034,2026-01-15T18:36:09Z,PORTE-C,R57870360,UNITE,OK
TKT89216013096,2026-01-15T18:36:09Z,VIP-EST,R55563785,UNITE,OK
TKT63875106406,2026-01-15T18:36:10Z,PORTE-A,R53863792,ABONNEMENT,OK
TKT50115732577,2026-01-15T18:36:12Z,VIP-EST,R57624202,UNITE,OK
TKT71444335181,2026-01-15T18:36:12Z,PORTE-D,R51452585,UNITE,OK
TKT96650973153,2026-01-15T18:36:16Z,PORTE-A,R53074516,ABONNEMENT,OK
TKT43063482467,2026-01-15T18:36:17Z,PORTE-A,R56764106,UNITE,OK
TKT81065290439,2026-01-15T18:36:20Z,PORTE-D,R52648146,UNITE,OK
TKT70321643884,2026-01-15T18:36:20Z,PORTE-C,R52642629,UNITE,OK
TKT43242288597,2026-01-15T18:36:20Z,PORTE-A,R53648294,UNITE,OK
TKT95034526337,2026-01-15T18:36:22Z,PORTE-A,R53540607,ABONNEMENT,OK
TKT45053038900,2026-01-15T18:36:23Z,PMR-NORD,R59938823,UNITE,OK
TKT88101378057,2026-01-15T18:36:26Z,PORTE-D,R57957272,UNITE,OK
TKT73039706681,2026-01-15T18:36:28Z,PORTE-B,R59760105,ABONNEMENT,OK
TKT84568438075,2026-01-15T18:36:28Z,PORTE-A,,UNITE,OK
TKT95813445883,2026-01-15T18:36:28Z,PORTE-C,R58001140,UNITE,OK
TKT78700302451,2026-01-15T18:36:29Z,PORTE-B,R55197891,UNITE,OK
TKT70459884125,2026-01-15T18:36:31Z,PORTE-A,,GROUPE,OK
TKT91839908485,2026-01-15T18:36:32Z,PORTE-A,R55260551,UNITE,OK
TKT46913167496,2026-01-15T18:36:33Z,PORTE-D,R53342953,UNITE,REFUSE_INVALIDE
TKT25758549273,2026-01-15T18:36:34Z,PORTE-C,R51284154,ABONNEMENT,OK
TKT40626088290,2026-01-15T18:36:35Z,PORTE-C,,GROUPE,OK
TKT44869436649,2026-01-15T18:36:37Z,PORTE-A,R52241938,ABONNEMENT,OK
TKT95162745729,2026-01-15T18:36:38Z,PORTE-D,R55137750,UNITE,OK
TKT91730433639,2026-01-15T18:36:39Z,PORTE-A,,GROUPE,OK
TKT64786094135,2026-01-15T18:36:41Z,PORTE-D,R59708067,ABONNEMENT,OK
TKT70051676538,2026-01-15T18:36:41Z,PORTE-D,R57745921,UNITE,OK
TKT86500068111,2026-01-15T18:36:42Z,PORTE-C,R53868495,UNITE,OK
TKT42871286291,2026-01-15T18:36:43Z,PORTE-D,,UNITE,OK
TKT55196114016,2026-01-15T18:36:45Z,VIP-EST,R59642687,UNITE,OK
TKT54468607521,2026-01-15T18:36:46Z,PORTE-D,,GROUPE,OK
TKT51186839808,2026-01-15T18:36:46Z,PORTE-C,R58802877,UNITE,OK
TKT70964121933,2026-01-15T18:36:47Z,PORTE-C,R59246890,ABONNEMENT,OK
TKT77392527271,2026-01-15T18:36:48Z,PMR-NORD,,UNITE,OK
TKT70786741787,2026-01-15T18:36:49Z,PORTE-B,R58683955,ABONNEMENT,OK
TKT83401337183,2026-01-15T18:36:49Z,PORTE-A,R55229489,UNITE,OK
TKT46168720469,2026-01-15T18:36:49Z,PORTE-C,R57419527,UNITE,OK
TKT71113667406,2026-01-15T18:36:49Z,PORTE-C,R58732372,UNITE,OK
TKT61280954066,2026-01-15T18:36:50Z,PORTE-C,R51295801,ABONNEMENT,OK
TKT55989240532,2026-01-15T18:36:51Z,PORTE-D,R56445068,UNITE,OK
TKT50442176577,2026-01-15T18:36:51Z,VIP-EST,R59905118,UNITE,OK
TKT87444501740,2026-01-15T18:36:53Z,PORTE-A,R59821127,VIP,OK
TKT53277486211,2026-01-15T18:36:54Z,PORTE-A,R52716055,UNITE,OK
TKT16679873242,2026-01-15T18:36:54Z,PORTE-A,R58112773,UNITE,OK
TKT85182549237,2026-01-15T18:36:54Z,PORTE-A,R56554929,UNITE,OK
TKT18379911143,2026-01-15T18:36:56Z,PORTE-C,R55882679,UNITE,OK
TKT81798608289,2026-01-15T18:36:58Z,PORTE-B,R52706783,ABONNEMENT,OK
TKT18896875354,2026-01-15T18:36:58Z,PORTE-C,R55028760,UNITE,REFUSE_INVALIDE
TKT17429118494,2026-01-15T18:36:59Z,VIP-EST,R54291264,UNITE,OK
TKT72081532178,2026-01-15T18:37:00Z,PORTE-C,R53723147,ABONNEMENT,OK
TKT14099308037,2026-01-15T18:37:00Z,PORTE-D,R57337807,UNITE,OK
TKT82473901935,2026-01-15T18:37:01Z,PORTE-C,R57413330,ABONNEMENT,OK
TKT24317402569,2026-01-15T18:37:01Z,PORTE-D,R53253311,UNITE,OK
TKT45151165639,2026-01-15T18:37:02Z,PORTE-C,R55638293,ABONNEMENT,OK
TKT38480035734,2026-01-15T18:37:02Z,PORTE-C,R52277482,UNITE,OK
TKT98100054715,2026-01-15T18:37:02Z,PORTE-A,R57307348,UNITE,OK
TKT84499384647,2026-01-15T18:37:02Z,PORTE-C,R51271559,UNITE,REFUSE_INVALIDE
TKT97149561038,2026-01-15T18:37:04Z,PORTE-C,R52225444,ABONNEMENT,OK
TKT26903052582,2026-01-15T18:37:04Z,PORTE-D,R58504202,UNITE,OK
TKT72852131925,2026-01-15T18:37:04Z,PORTE-A,R54805082,UNITE,OK
TKT50574377697,2026-01-15T18:37:05Z,VIP-EST,R57405361,UNITE,OK
TKT81926484976,2026-01-15T18:37:06Z,PORTE-A,R58414091,ABONNEMENT,OK
TKT77300866560,2026-01-15T18:37:06Z,PORTE-B,,UNITE,OK
TKT23521745211,2026-01-15T18:37:08Z,VIP-EST,,UNITE,OK
TKT45880084872,2026-01-15T18:37:09Z,VIP-EST,R56192780,UNITE,OK
TKT33537666271,2026-01-15T18:37:10Z,PORTE-D,R52419296,INVITATION,OK
TKT52455333517,2026-01-15T18:37:11Z,PORTE-D,R54045173,UNITE,OK
TKT40032889257,2026-01-15T18:37:13Z,PORTE-C,R59013883,INVITATION,OK
TKT70810495131,2026-01-15T18:37:14Z,PORTE-C,,UNITE,OK
TKT37915464322,2026-01-15T18:37:15Z,PORTE-C,R57832421,UNITE,OK
TKT65343854177,2026-01-15T18:37:15Z,PORTE-C,,UNITE,OK
TKT15338458950,2026-01-15T18:37:15Z,PORTE-C,R55278194,UNITE,OK
TKT74950105818,2026-01-15T18:37:16Z,PORTE-C,,UNITE,OK
TKT15679002943,2026-01-15T18:37:18Z,PORTE-C,R52450827,UNITE,OK
TKT54826192107,2026-01-15T18:37:18Z,PORTE-C,R54304060,UNITE,OK
TKT83540704886,2026-01-15T18:37:19Z,VIP-EST,R56571825,ABONNEMENT,OK
TKT56825265279,2026-01-15T18:37:20Z,PORTE-C,R51449396,ABONNEMENT,OK
TKT64028331703,2026-01-15T18:37:20Z,PORTE-B,R56428785,ABONNEMENT,OK
TKT27907641991,2026-01-15T18:37:20Z,PORTE-A,R54181048,VIP,OK
TKT50227276125,2026-01-15T18:37:21Z,PORTE-B,R53430133,UNITE,OK
TKT33566481212,2026-01-15T18:37:21Z,PORTE-A,,VIP,OK
TKT97058529144,2026-01-15T18:37:23Z,PORTE-A,,VIP,OK
TKT10518063984,2026-01-15T18:37:24Z,PORTE-A,R57812403,ABONNEMENT,OK
TKT53114056326,2026-01-15T18:37:25Z,PORTE-B,R51093032,ABONNEMENT,OK
TKT81789975709,2026-01-15T18:37:26Z,PORTE-B,R56764642,UNITE,OK
TKT86717349790,2026-01-15T18:37:28Z,PORTE-A,,INVITATION,OK
TKT44909348417,2026-01-15T18:37:29Z,PORTE-C,,GROUPE,OK
TKT42775033307,2026-01-15T18:37:30Z,PORTE-A,,UNITE,OK
TKT42122546070,2026-01-15T18:37:30Z,VIP-EST,,UNITE,OK
TKT59064954983,2026-01-15T18:37:32Z,PORTE-B,,UNITE,OK
TKT94415642493,2026-01-15T18:37:32Z,PORTE-B,R58009166,UNITE,OK
TKT25683794766,2026-01-15T18:37:33Z,PORTE-C,R57214038,UNITE,OK
TKT30026479455,2026-01-15T18:37:35Z,PORTE-B,R53629157,UNITE,OK
TKT37346216025,2026-01-15T18:37:36Z,VIP-EST,R58864033,UNITE,OK
TKT76424786695,2026-01-15T18:37:37Z,PORTE-A,R55595249,UNITE,OK
TKT57670081552,2026-01-15T18:37:40Z,PORTE-D,R52123207,UNITE,OK
TKT33647306252,2026-01-15T18:37:41Z,PORTE-C,,UNITE,OK
TKT89932071431,2026-01-15T18:37:41Z,PORTE-C,R54765850,UNITE,OK
TKT70212329357,2026-01-15T18:37:42Z,PORTE-C,R59806013,ABONNEMENT,OK
TKT55339032284,2026-01-15T18:37:42Z,PORTE-D,R54568129,UNITE,OK
TKT58069246708,2026-01-15T18:37:42Z,PORTE-C,R59187228,UNITE,OK
TKT69016824091,2026-01-15T18:37:42Z,PORTE-A,,UNITE,OK
TKT84038767806,2026-01-15T18:37:43Z,PORTE-B,,GROUPE,OK
TKT70494181493,2026-01-15T18:37:43Z,PORTE-A,R58942842,UNITE,OK
TKT17890897982,2026-01-15T18:37:44Z,PORTE-D,R56610233,ABONNEMENT,OK
TKT65878248034,2026-01-15T18:37:46Z,PORTE-C,,GROUPE,OK
TKT25867231292,2026-01-15T18:37:47Z,PORTE-D,R59250635,ABONNEMENT,OK
TKT21904898903,2026-01-15T18:37:47Z,PORTE-D,,UNITE,OK
TKT30186267779,2026-01-15T18:37:48Z,PORTE-A,R57383092,UNITE,OK
TKT31827747882,2026-01-15T18:37:50Z,PORTE-D,,UNITE,OK
TKT20355206450,2026-01-15T18:37:52Z,PORTE-C,R56659417,UNITE,OK
TKT53927863453,2026-01-15T18:37:52Z,PORTE-C,R52551560,UNITE,OK
TKT22669537111,2026-01-15T18:37:55Z,VIP-EST,,VIP,OK
TKT52072744628,2026-01-15T18:37:56Z,PORTE-D,R55902295,ABONNEMENT,OK
TKT23313847741,2026-01-15T18:37:56Z,PORTE-B,R52195407,UNITE,OK
TKT27223093517,2026-01-15T18:37:58Z,PORTE-C,R54706198,UNITE,OK
TKT95979485264,2026-01-15T18:38:01Z,PORTE-A,R55160699,ABONNEMENT,OK
TKT98339424149,2026-01-15T18:38:01Z,VIP-EST,,GROUPE,OK
TKT13352147706,2026-01-15T18:38:01Z,PORTE-B,R58936635,UNITE,OK
TKT68299581699,2026-01-15T18:38:01Z,PORTE-C,,UNITE,OK
TKT34264691705,2026-01-15T18:38:02Z,PORTE-A,R51723608,VIP,OK
TKT21011981921,2026-01-15T18:38:02Z,PORTE-A,R54124796,UNITE,OK
TKT65744155411,2026-01-15T18:38:03Z,PORTE-D,R52702837,UNITE,OK
TKT25681698875,2026-01-15T18:38:04Z,PORTE-D,R52002178,UNITE,OK
TKT48197330293,2026-01-15T18:38:06Z,PORTE-A,R56251628,ABONNEMENT,OK
TKT19858943291,2026-01-15T18:38:06Z,PORTE-C,,GROUPE,OK
TKT25013489414,2026-01-15T18:38:06Z,PORTE-A,R56453650,UNITE,OK
TKT42052417269,2026-01-15T18:38:08Z,PORTE-A,R58040094,UNITE,OK
TKT64900033193,2026-01-15T18:38:09Z,PORTE-C,R56427013,UNITE,OK
TKT45852391707,2026-01-15T18:38:10Z,PORTE-C,,UNITE,OK
TKT48718508113,2026-01-15T18:38:11Z,PORTE-A,R58106164,INVITATION,OK
TKT31871991642,2026-01-15T18:38:11Z,VIP-EST,,UNITE,OK
TKT30378301926,2026-01-15T18:38:11Z,VIP-EST,R54416249,UNITE,OK
TKT87647339976,2026-01-15T18:38:11Z,PORTE-C,R53672258,UNITE,OK
TKT97868384595,2026-01-15T18:38:11Z,PORTE-A,R58489825,UNITE,OK
TKT65325121267,2026-01-15T18:38:14Z,PORTE-A,R59453270,UNITE,OK
TKT24762591289,2026-01-15T18:38:14Z,PORTE-D,,UNITE,OK
TKT30943259745,2026-01-15T18:38:15Z,PORTE-D,R55326410,ABONNEMENT,OK
TKT55193156464,2026-01-15T18:38:15Z,PORTE-A,R56959375,UNITE,OK
TKT88266944640,2026-01-15T18:38:16Z,PORTE-C,R54800734,UNITE,OK
TKT65103104397,2026-01-15T18:38:18Z,PORTE-A,R59876297,UNITE,OK
TKT85030500919,2026-01-15T18:38:20Z,VIP-EST,R57378054,UNITE,OK
TKT66237166210,2026-01-15T18:38:22Z,PORTE-A,,UNITE,OK
TKT54551779163,2026-01-15T18:38:22Z,PORTE-A,R54444169,VIP,OK
TKT94201433700,2026-01-15T18:38:26Z,VIP-EST,,UNITE,OK
TKT97022947575,2026-01-15T18:38:26Z,PORTE-B,,GROUPE,OK
TKT86722238500,2026-01-15T18:38:27Z,PORTE-D,R54912166,ABONNEMENT,OK
TKT58540640489,2026-01-15T18:38:28Z,PORTE-C,,GROUPE,OK
TKT45321532952,2026-01-15T18:38:29Z,PORTE-C,,UNITE,OK
TKT12901075276,2026-01-15T18:38:30Z,PORTE-D,,UNITE,OK
TKT23101251586,2026-01-15T18:38:33Z,PORTE-C,R58648056,UNITE,OK
TKT88263897404,2026-01-15T18:38:33Z,PORTE-C,R57421031,UNITE,OK
TKT69621600471,2026-01-15T18:38:34Z,VIP-EST,,VIP,OK
TKT18644396108,2026-01-15T18:38:34Z,PORTE-C,R57437994,UNITE,OK
TKT54028590095,2026-01-15T18:38:36Z,PORTE-D,R51562121,UNITE,OK
TKT10810027951,2026-01-15T18:38:36Z,PORTE-A,R55863676,UNITE,OK
TKT82502307567,2026-01-15T18:38:38Z,PORTE-C,R56159611,UNITE,OK
TKT94731199389,2026-01-15T18:38:39Z,VIP-EST,R55270148,ABONNEMENT,OK
TKT47561274453,2026-01-15T18:38:39Z,PORTE-C,R54985304,UNITE,OK
TKT43293448957,2026-01-15T18:38:39Z,VIP-EST,R56604716,UNITE,OK
TKT96677498437,2026-01-15T18:38:40Z,VIP-EST,,VIP,OK
TKT73627436976,2026-01-15T18:38:42Z,VIP-EST,,UNITE,OK
TKT89833655796,2026-01-15T18:38:42Z,PORTE-C,,UNITE,OK
TKT67243130455,2026-01-15T18:38:42Z,PORTE-A,R51527783,UNITE,OK
TKT23052694327,2026-01-15T18:38:43Z,PORTE-C,R53085694,ABONNEMENT,OK
TKT59014978306,2026-01-15T18:38:43Z,PORTE-A,R55455619,UNITE,OK
TKT71736463567,2026-01-15T18:38:43Z,VIP-EST,R51609389,UNITE,OK
TKT97795081268,2026-01-15T18:38:44Z,PORTE-A,R52792201,ABONNEMENT,OK
TKT30001841602,2026-01-15T18:38:44Z,VIP-EST,,UNITE,OK
TKT34111068740,2026-01-15T18:38:44Z,VIP-EST,R59536427,UNITE,OK
TKT94780479532,2026-01-15T18:38:47Z,VIP-EST,R54394784,ABONNEMENT,OK
TKT61429946838,2026-01-15T18:38:48Z,PORTE-C,R54705642,UNITE,OK
TKT14356879495,2026-01-15T18:38:49Z,PORTE-D,R56992956,ABONNEMENT,OK
TKT52394944451,2026-01-15T18:38:50Z,VIP-EST,R52295460,UNITE,OK
TKT81555988254,2026-01-15T18:38:51Z,PORTE-B,R59553859,ABONNEMENT,OK
TKT57477999998,2026-01-15T18:38:53Z,PORTE-B,R51475266,UNITE,OK
TKT20559212767,2026-01-15T18:38:54Z,PORTE-C,R57426481,ABONNEMENT,OK
TKT16679873242,2026-01-15T18:38:54Z,PORTE-A,R58112773,UNITE,REFUSE_DEJA_SCANNE
TKT28306975788,2026-01-15T18:38:56Z,VIP-EST,R51640096,UNITE,OK
TKT33218056436,2026-01-15T18:38:57Z,PORTE-A,,GROUPE,OK
TKT54545661985,2026-01-15T18:38:57Z,PORTE-C,R57117807,UNITE,OK
TKT60602022324,2026-01-15T18:39:00Z,PORTE-B,R53852490,UNITE,OK
TKT10865327468,2026-01-15T18:39:01Z,PORTE-C,,UNITE,OK
TKT96085218883,2026-01-15T18:39:01Z,PORTE-C,,UNITE,OK
TKT51265197373,2026-01-15T18:39:03Z,PORTE-D,R54344595,ABONNEMENT,OK
TKT63291452650,2026-01-15T18:39:03Z,PORTE-C,R55686308,UNITE,OK
TKT69243474149,2026-01-15T18:39:03Z,PORTE-C,R57303948,UNITE,OK
TKT34851591057,2026-01-15T18:39:03Z,PORTE-A,R59464639,UNITE,OK
TKT74851959010,2026-01-15T18:39:05Z,PORTE-A,R51697517,ABONNEMENT,OK
TKT20551892454,2026-01-15T18:39:05Z,PORTE-B,R53255696,UNITE,OK
TKT50154153534,2026-01-15T18:39:06Z,VIP-EST,R51299345,UNITE,OK
TKT78131297559,2026-01-15T18:39:08Z,PORTE-A,R58898629,ABONNEMENT,OK
TKT50804211266,2026-01-15T18:39:10Z,VIP-EST,R56751223,UNITE,OK
TKT55925048962,2026-01-15T18:39:10Z,PORTE-A,R57289370,UNITE,OK
TKT77310380577,2026-01-15T18:39:10Z,PORTE-A,R52930538,UNITE,OK
TKT58493585732,2026-01-15T18:39:11Z,VIP-EST,R55884997,ABONNEMENT,OK
TKT34554895593,2026-01-15T18:39:11Z,PORTE-D,R57733795,UNITE,OK
TKT15353586319,2026-01-15T18:39:12Z,PORTE-A,R57887591,ABONNEMENT,OK
TKT16085998805,2026-01-15T18:39:13Z,PORTE-D,,UNITE,OK
TKT59685302785,2026-01-15T18:39:14Z,VIP-EST,R54711906,ABONNEMENT,OK
TKT24048309910,2026-01-15T18:39:14Z,PORTE-B,,GROUPE,OK
TKT18958506428,2026-01-15T18:39:14Z,PORTE-C,R52857313,UNITE,OK
TKT30855854972,2026-01-15T18:39:15Z,PORTE-C,R54825924,UNITE,OK
TKT37246886152,2026-01-15T18:39:16Z,PORTE-C,R57082722,UNITE,OK
TKT20421380866,2026-01-15T18:39:16Z,PORTE-C,,GROUPE,OK
TKT82850765098,2026-01-15T18:39:18Z,PORTE-D,R53320741,UNITE,OK
TKT67775892788,2026-01-15T18:39:19Z,PORTE-C,R56383490,INVITATION,OK
TKT50744941896,2026-01-15T18:39:20Z,PORTE-C,R58441887,UNITE,OK
TKT20478547839,2026-01-15T18:39:20Z,PORTE-C,R55017525,UNITE,OK
TKT89554417113,2026-01-15T18:39:21Z,PORTE-B,R52308209,ABONNEMENT,OK
TKT30437701980,2026-01-15T18:39:21Z,PORTE-B,R54126300,UNITE,OK
TKT68572796377,2026-01-15T18:39:23Z,PORTE-C,R56363941,UNITE,OK
TKT39658220306,2026-01-15T18:39:24Z,PORTE-A,,UNITE,REFUSE_INVALIDE
TKT37565985908,2026-01-15T18:39:25Z,PORTE-A,R52059934,ABONNEMENT,OK
TKT52568484059,2026-01-15T18:39:26Z,PORTE-A,R58212280,UNITE,OK
TKT95051684443,2026-01-15T18:39:26Z,PORTE-C,R51267603,UNITE,OK
TKT85644473036,2026-01-15T18:39:27Z,PORTE-D,R54997641,UNITE,OK
TKT95356666082,2026-01-15T18:39:28Z,PORTE-A,R57359453,ABONNEMENT,OK
TKT90415073411,2026-01-15T18:39:28Z,PORTE-C,R51938426,UNITE,OK
TKT58277165847,2026-01-15T18:39:28Z,PORTE-C,,UNITE,REFUSE_DEJA_SCANNE
TKT84294683687,2026-01-15T18:39:29Z,VIP-EST,R53042439,ABONNEMENT,OK
TKT91956398794,2026-01-15T18:39:29Z,PORTE-D,R55789091,UNITE,OK
TKT29063628619,2026-01-15T18:39:31Z,PORTE-D,R56721598,UNITE,OK
TKT89534247457,2026-01-15T18:39:31Z,PORTE-C,,UNITE,OK
TKT25791281084,2026-01-15T18:39:31Z,PORTE-D,R54504310,UNITE,OK
TKT48504237493,2026-01-15T18:39:32Z,PORTE-C,R57033883,UNITE,OK
TKT84440323724,2026-01-15T18:39:32Z,PORTE-C,R51171697,UNITE,OK
TKT85650438016,2026-01-15T18:39:33Z,PORTE-B,R53732141,UNITE,OK
TKT12545376045,2026-01-15T18:39:34Z,PORTE-B,,UNITE,OK
TKT67660405070,2026-01-15T18:39:34Z,PORTE-A,R53974956,UNITE,REFUSE_INVALIDE
TKT33555381475,2026-01-15T18:39:35Z,PORTE-D,R54439265,UNITE,OK
TKT57408548358,2026-01-15T18:39:35Z,PORTE-C,R55711709,UNITE,OK
TKT20599244410,2026-01-15T18:39:35Z,PORTE-D,R54109059,UNITE,REFUSE_DEJA_SCANNE
TKT52136616456,2026-01-15T18:39:36Z,PORTE-A,R58725706,UNITE,OK
TKT64425874124,2026-01-15T18:39:37Z,PORTE-D,R53737725,INVITATION,OK
TKT35875799463,2026-01-15T18:39:39Z,PORTE-B,R59103438,UNITE,OK
TKT77482425528,2026-01-15T18:39:40Z,PORTE-A,R51181850,ABONNEMENT,OK
TKT82256303738,2026-01-15T18:39:40Z,PORTE-D,R57572643,UNITE,OK
TKT30360752979,2026-01-15T18:39:42Z,PORTE-D,R58454003,ABONNEMENT,OK
TKT76054053450,2026-01-15T18:39:43Z,PORTE-A,R53047554,UNITE,OK
TKT38457297533,2026-01-15T18:39:43Z,PORTE-D,,UNITE,OK
TKT38459897537,2026-01-15T18:39:44Z,PORTE-A,,GROUPE,OK
TKT22093475638,2026-01-15T18:39:44Z,PORTE-B,R56774996,UNITE,OK
TKT18963231458,2026-01-15T18:39:45Z,PORTE-C,R51276530,ABONNEMENT,OK
TKT88063289096,2026-01-15T18:39:46Z,PORTE-C,R54272864,UNITE,OK
TKT60945518503,2026-01-15T18:39:47Z,VIP-EST,R58886858,UNITE,OK
TKT27315120267,2026-01-15T18:39:48Z,PORTE-A,R56256063,UNITE,OK
TKT43607651857,2026-01-15T18:39:49Z,PORTE-A,R53169809,ABONNEMENT,OK
TKT41622000962,2026-01-15T18:39:49Z,PORTE-B,R58163786,UNITE,OK
TKT76176790047,2026-01-15T18:39:50Z,PORTE-C,R59041870,UNITE,OK
TKT30093046869,2026-01-15T18:39:52Z,PORTE-C,R59337681,UNITE,OK
TKT97430228215,2026-01-15T18:39:52Z,PORTE-D,R53267611,UNITE,OK
TKT59508499318,2026-01-15T18:39:52Z,VIP-EST,R55515894,UNITE,OK
TKT45088728724,2026-01-15T18:39:53Z,PORTE-D,R56963455,UNITE,OK
TKT76053233278,2026-01-15T18:39:53Z,PORTE-A,R56310620,UNITE,OK
TKT97472766758,2026-01-15T18:39:54Z,PORTE-C,R55532857,UNITE,OK
TKT93518936725,2026-01-15T18:39:57Z,PORTE-B,R58982888,UNITE,OK
TKT35199780567,2026-01-15T18:39:59Z,PORTE-C,R55221932,ABONNEMENT,OK
TKT70219463913,2026-01-15T18:39:59Z,PORTE-D,R58584840,ABONNEMENT,OK
TKT22435742053,2026-01-15T18:40:00Z,PORTE-C,R59935557,UNITE,OK
TKT46203540041,2026-01-15T18:40:01Z,PORTE-C,R59583494,ABONNEMENT,OK
TKT99625861858,2026-01-15T18:40:02Z,VIP-EST,R55540682,UNITE,OK
TKT47193823210,2026-01-15T18:40:04Z,PORTE-D,R55659604,UNITE,OK
TKT19728593667,2026-01-15T18:40:04Z,PORTE-C,R51632740,UNITE,OK
TKT89483022524,2026-01-15T18:40:04Z,PORTE-A,R51529555,UNITE,OK
TKT52845290957,2026-01-15T18:40:04Z,PORTE-C,R58826573,UNITE,OK
TKT16646252006,2026-01-15T18:40:06Z,PORTE-A,R59483029,ABONNEMENT,OK
TKT94789578871,2026-01-15T18:40:06Z,PORTE-D,R55658455,UNITE,OK
TKT87515342931,2026-01-15T18:40:07Z,PORTE-C,R55049478,ABONNEMENT,OK
TKT54867010182,2026-01-15T18:40:07Z,PORTE-A,R58103779,UNITE,OK
TKT49632514473,2026-01-15T18:40:08Z,VIP-EST,,UNITE,OK
TKT26323297335,2026-01-15T18:40:08Z,PORTE-A,R52380667,INVITATION,OK
TKT63204389285,2026-01-15T18:40:08Z,PORTE-B,R51195614,UNITE,OK
TKT51274596754,2026-01-15T18:40:09Z,PORTE-C,R59228021,INVITATION,OK
TKT40478729629,2026-01-15T18:40:10Z,PORTE-A,R58989229,UNITE,OK
TKT61509290730,2026-01-15T18:40:11Z,PORTE-A,R52492923,UNITE,OK
TKT60670369638,2026-01-15T18:40:11Z,PORTE-A,R54996817,UNITE,OK
TKT38662076974,2026-01-15T18:40:11Z,PORTE-A,R52953631,UNITE,OK
TKT10701607830,2026-01-15T18:40:11Z,VIP-EST,R53560558,VIP,OK
TKT69629209152,2026-01-15T18:40:13Z,PORTE-C,R52104013,UNITE,OK
TKT55553392931,2026-01-15T18:40:13Z,PORTE-C,R57509514,UNITE,OK
TKT34251236587,2026-01-15T18:40:15Z,VIP-EST,,UNITE,OK
TKT90312194429,2026-01-15T18:40:15Z,PORTE-B,,UNITE,OK
TKT89316636673,2026-01-15T18:40:15Z,PORTE-A,R59016469,UNITE,OK
TKT61401063102,2026-01-15T18:40:15Z,PORTE-D,,UNITE,OK
TKT22153684478,2026-01-15T18:40:17Z,VIP-EST,,UNITE,OK
TKT80295802796,2026-01-15T18:40:17Z,PORTE-A,R56390578,UNITE,OK
TKT85510967541,2026-01-15T18:40:17Z,PORTE-C,R59182927,UNITE,OK
TKT46497099016,2026-01-15T18:40:18Z,PORTE-A,R58137159,ABONNEMENT,OK
TKT51457374533,2026-01-15T18:40:18Z,PORTE-A,R56565829,ABONNEMENT,OK
TKT80659777512,2026-01-15T18:40:19Z,PORTE-B,R58411984,ABONNEMENT,OK
TKT53858034356,2026-01-15T18:40:19Z,PORTE-C,,UNITE,OK
TKT54546663585,2026-01-15T18:40:19Z,PORTE-D,R56652195,UNITE,OK
TKT59283490634,2026-01-15T18:40:19Z,PORTE-C,R58256138,UNITE,OK
TKT91589156845,2026-01-15T18:40:21Z,PORTE-D,R51744182,ABONNEMENT,OK
TKT21451207176,2026-01-15T18:40:21Z,VIP-EST,R55732494,UNITE,OK
TKT45742616961,2026-01-15T18:40:21Z,PMR-NORD,,UNITE,OK
TKT37375588579,2026-01-15T18:40:22Z,PORTE-C,R57700214,ABONNEMENT,OK
TKT36566867061,2026-01-15T18:40:22Z,PORTE-B,R55992741,UNITE,OK
TKT94514396012,2026-01-15T18:40:23Z,PORTE-D,R58530896,ABONNEMENT,OK
TKT55652289236,2026-01-15T18:40:23Z,VIP-EST,R53163334,UNITE,OK
TKT93779346968,2026-01-15T18:40:24Z,VIP-EST,R53826121,ABONNEMENT,OK
TKT46305404338,2026-01-15T18:40:25Z,PORTE-D,R53358948,ABONNEMENT,OK
TKT86937783731,2026-01-15T18:40:25Z,PORTE-C,,GROUPE,OK
TKT73114409201,2026-01-15T18:40:25Z,PORTE-C,R52079215,UNITE,OK
TKT58663639560,2026-01-15T18:40:26Z,PORTE-A,R58866006,UNITE,OK
TKT26420254181,2026-01-15T18:40:27Z,PORTE-D,R55100481,ABONNEMENT,OK
TKT33800988224,2026-01-15T18:40:28Z,PORTE-D,,GROUPE,OK
TKT25101049865,2026-01-15T18:40:29Z,PORTE-B,R56032864,INVITATION,OK
TKT89015884410,2026-01-15T18:40:30Z,PORTE-D,,UNITE,OK
TKT24208238831,2026-01-15T18:40:31Z,VIP-EST,R56939414,VIP,OK
TKT51505987690,2026-01-15T18:40:31Z,PORTE-A,R59884956,UNITE,OK
TKT24820961581,2026-01-15T18:40:31Z,PORTE-C,R59623138,UNITE,OK
TKT11844491110,2026-01-15T18:40:32Z,PORTE-A,R59219985,ABONNEMENT,OK
TKT14102783565,2026-01-15T18:40:32Z,PORTE-C,R56429877,UNITE,OK
TKT30249878894,2026-01-15T18:40:32Z,PORTE-D,R55902285,UNITE,OK
TKT59196938517,2026-01-15T18:40:33Z,VIP-EST,R55659336,UNITE,OK
TKT18951929587,2026-01-15T18:40:35Z,PORTE-B,,GROUPE,OK
TKT37863465989,2026-01-15T18:40:35Z,VIP-EST,R53821706,UNITE,OK
TKT92860668300,2026-01-15T18:40:35Z,PORTE-B,R54587410,UNITE,OK
TKT78297046512,2026-01-15T18:40:37Z,PORTE-A,R56101309,UNITE,OK
TKT51043425842,2026-01-15T18:40:41Z,PORTE-C,R57579396,UNITE,OK
TKT25644381177,2026-01-15T18:40:42Z,PORTE-C,,UNITE,OK
TKT94196288310,2026-01-15T18:40:44Z,PORTE-B,R53280427,ABONNEMENT,OK
TKT88678984738,2026-01-15T18:40:46Z,VIP-EST,R55787798,UNITE,OK
TKT47986437938,2026-01-15T18:40:47Z,PORTE-C,R55211166,INVITATION,OK
TKT70799731400,2026-01-15T18:40:47Z,PORTE-B,R51725926,UNITE,OK
TKT55440224488,2026-01-15T18:40:49Z,PORTE-C,R59828560,ABONNEMENT,OK
TKT28023464097,2026-01-15T18:40:49Z,VIP-EST,R52581664,UNITE,OK
TKT17745514354,2026-01-15T18:40:50Z,PORTE-B,R56628690,ABONNEMENT,OK
TKT74875050029,2026-01-15T18:40:50Z,PORTE-D,R52786339,UNITE,OK
TKT13702496097,2026-01-15T18:40:51Z,PORTE-A,R51159849,ABONNEMENT,OK
TKT12321251948,2026-01-15T18:40:51Z,PORTE-D,R53908129,ABONNEMENT,REFUSE_DEJA_SCANNE
TKT62273986991,2026-01-15T18:40:51Z,PORTE-C,R58278819,UNITE,OK
TKT36220376137,2026-01-15T18:40:51Z,PORTE-B,,UNITE,OK
TKT20005205117,2026-01-15T18:40:52Z,VIP-EST,R59735585,VIP,OK
TKT48876072175,2026-01-15T18:40:53Z,PORTE-C,R54265173,UNITE,OK
TKT63783185371,2026-01-15T18:40:53Z,PORTE-D,,GROUPE,OK
TKT40072270881,2026-01-15T18:40:54Z,PORTE-D,R52840226,ABONNEMENT,OK
TKT11450040471,2026-01-15T18:40:54Z,PORTE-D,R54960861,UNITE,OK
TKT58842715346,2026-01-15T18:40:55Z,PORTE-C,,GROUPE,OK
TKT33447434171,2026-01-15T18:40:56Z,PORTE-C,R52169661,ABONNEMENT,OK
TKT20065942378,2026-01-15T18:40:56Z,PORTE-D,R53327005,ABONNEMENT,OK
TKT33275429331,2026-01-15T18:40:57Z,PORTE-A,R54428643,UNITE,OK
TKT62368204889,2026-01-15T18:40:57Z,PORTE-A,,UNITE,OK
TKT83609749175,2026-01-15T18:40:57Z,PORTE-D,,UNITE,OK
TKT44836670649,2026-01-15T18:40:58Z,PORTE-C,,UNITE,OK
TKT42770745802,2026-01-15T18:40:59Z,PORTE-C,R58840270,UNITE,OK
TKT31415430111,2026-01-15T18:41:00Z,PORTE-B,R56453439,UNITE,OK
TKT52777880233,2026-01-15T18:41:02Z,PORTE-A,R55600086,ABONNEMENT,OK
TKT69389958974,2026-01-15T18:41:02Z,PORTE-A,,VIP,OK
TKT81893808336,2026-01-15T18:41:02Z,VIP-EST,R58759957,UNITE,OK
TKT57038097902,2026-01-15T18:41:03Z,PORTE-D,R59348648,ABONNEMENT,OK
TKT87050456006,2026-01-15T18:41:03Z,PORTE-D,R56242031,UNITE,OK
TKT18584779448,2026-01-15T18:41:04Z,PORTE-C,R52174364,ABONNEMENT,OK
TKT33716774973,2026-01-15T18:41:04Z,PORTE-A,R56180654,UNITE,OK
TKT52031757533,2026-01-15T18:41:07Z,PORTE-A,R58865393,UNITE,OK
TKT42390723639,2026-01-15T18:41:09Z,VIP-EST,R54597687,UNITE,OK
TKT56292645698,2026-01-15T18:41:10Z,PORTE-C,R58024635,UNITE,OK
TKT54136361284,2026-01-15T18:41:10Z,PORTE-C,R55778057,UNITE,OK
TKT74976983580,2026-01-15T18:41:11Z,PORTE-C,R51031933,UNITE,OK
TKT48597191313,2026-01-15T18:41:11Z,PORTE-C,R55234795,UNITE,OK
TKT66722068458,2026-01-15T18:41:11Z,PORTE-C,R54237722,INVITATION,OK
TKT23788234778,2026-01-15T18:41:12Z,PORTE-C,,INVITATION,OK
TKT10614949834,2026-01-15T18:41:12Z,PORTE-C,R57010599,UNITE,OK
TKT16085998805,2026-01-15T18:41:13Z,PORTE-D,,UNITE,REFUSE_DEJA_SCANNE
TKT14827885733,2026-01-15T18:41:14Z,VIP-EST,R57314704,UNITE,OK
TKT39636522160,2026-01-15T18:41:14Z,PORTE-C,R57850878,UNITE,OK
TKT40379403043,2026-01-15T18:41:14Z,PORTE-B,,UNITE,OK
TKT51637059333,2026-01-15T18:41:15Z,VIP-EST,R56840999,ABONNEMENT,OK
TKT19564200174,2026-01-15T18:41:15Z,VIP-EST,R53572004,UNITE,OK
TKT25879049381,2026-01-15T18:41:15Z,PORTE-C,R54879744,UNITE,OK
TKT11748951935,2026-01-15T18:41:16Z,PORTE-C,,UNITE,OK
TKT81369242762,2026-01-15T18:41:17Z,PORTE-A,R58115905,ABONNEMENT,OK
TKT22418914282,2026-01-15T18:41:17Z,PORTE-C,R57792308,UNITE,OK
TKT40024319118,2026-01-15T18:41:17Z,PORTE-D,R59177410,UNITE,OK
TKT55581003757,2026-01-15T18:41:18Z,PORTE-D,,UNITE,OK
TKT53520096399,2026-01-15T18:41:19Z,VIP-EST,,UNITE,OK
TKT54072717834,2026-01-15T18:41:19Z,PORTE-C,R59445981,UNITE,OK
TKT26023225493,2026-01-15T18:41:20Z,VIP-EST,R53399952,UNITE,OK
TKT27907641991,2026-01-15T18:41:20Z,PORTE-A,R54181048,VIP,REFUSE_DEJA_SCANNE
TKT29505339214,2026-01-15T18:41:20Z,PORTE-C,R53632078,UNITE,OK
TKT60570799789,2026-01-15T18:41:21Z,PORTE-C,R56680738,UNITE,OK
TKT22511882247,2026-01-15T18:41:25Z,PORTE-C,,UNITE,OK
TKT13116354418,2026-01-15T18:41:26Z,PORTE-D,R54052931,ABONNEMENT,OK
TKT19484858491,2026-01-15T18:41:28Z,PORTE-C,R58338012,UNITE,REFUSE_DEJA_SCANNE
TKT83616125788,2026-01-15T18:41:29Z,VIP-EST,R59168215,ABONNEMENT,OK
TKT99568136444,2026-01-15T18:41:29Z,VIP-EST,R52395044,VIP,OK
TKT58234770375,2026-01-15T18:41:29Z,PORTE-C,R53644060,INVITATION,OK
TKT74485375707,2026-01-15T18:41:30Z,PORTE-A,R59691382,ABONNEMENT,OK
TKT15349116460,2026-01-15T18:41:30Z,VIP-EST,R57914496,UNITE,OK
TKT27115834388,2026-01-15T18:41:31Z,PORTE-C,,GROUPE,OK
TKT92398213334,2026-01-15T18:41:31Z,PORTE-C,R56956099,UNITE,OK
TKT69543830417,2026-01-15T18:41:32Z,PORTE-C,R56712882,UNITE,OK
TKT59196938517,2026-01-15T18:41:33Z,VIP-EST,R55659336,UNITE,REFUSE_DEJA_SCANNE
TKT49677528308,2026-01-15T18:41:33Z,PORTE-B,R53649989,UNITE,OK
TKT63077418320,2026-01-15T18:41:34Z,PORTE-B,R51335991,UNITE,OK
TKT38946197194,2026-01-15T18:41:34Z,VIP-EST,,UNITE,OK
TKT69057283983,2026-01-15T18:41:34Z,PORTE-C,R56303130,UNITE,OK
TKT66674623888,2026-01-15T18:41:35Z,PORTE-D,,GROUPE,OK
TKT52456386300,2026-01-15T18:41:36Z,PORTE-B,R59411710,ABONNEMENT,OK
TKT77803229120,2026-01-15T18:41:36Z,PORTE-C,,UNITE,OK
TKT23896112284,2026-01-15T18:41:38Z,PORTE-C,,INVITATION,OK
TKT16875115399,2026-01-15T18:41:38Z,VIP-EST,,UNITE,OK
TKT85567478345,2026-01-15T18:41:38Z,PORTE-D,R54541492,UNITE,OK
TKT56358967281,2026-01-15T18:41:38Z,PORTE-B,,UNITE,OK
TKT93207203850,2026-01-15T18:41:38Z,PORTE-D,R54497701,INVITATION,OK
TKT71249782932,2026-01-15T18:41:40Z,PORTE-A,R59256219,VIP,OK
TKT65150929995,2026-01-15T18:41:41Z,PORTE-C,,UNITE,OK
TKT14832340822,2026-01-15T18:41:41Z,PORTE-C,R55279008,UNITE,OK
TKT53522315476,2026-01-15T18:41:42Z,PORTE-B,R57512023,UNITE,OK
TKT35457723834,2026-01-15T18:41:44Z,PORTE-A,,UNITE,OK
TKT86743669528,2026-01-15T18:41:48Z,PORTE-C,R51425556,UNITE,OK
TKT99566474345,2026-01-15T18:41:50Z,VIP-EST,,INVITATION,OK
TKT23553201311,2026-01-15T18:41:53Z,PORTE-C,R57652544,ABONNEMENT,OK
TKT60470925530,2026-01-15T18:41:53Z,PORTE-D,R56541309,ABONNEMENT,OK
TKT87797235694,2026-01-15T18:41:53Z,PORTE-C,,GROUPE,OK
TKT37003000913,2026-01-15T18:41:53Z,PORTE-B,,UNITE,OK
TKT20194295495,2026-01-15T18:41:53Z,PORTE-B,R52061294,UNITE,OK
TKT99313799760,2026-01-15T18:41:54Z,PORTE-C,,UNITE,OK
TKT85331069154,2026-01-15T18:41:55Z,PORTE-C,R57659900,ABONNEMENT,OK
TKT44715146760,2026-01-15T18:41:56Z,VIP-EST,R59161482,UNITE,OK
TKT43511623481,2026-01-15T18:41:56Z,PORTE-C,R52628932,UNITE,OK
TKT29311633552,2026-01-15T18:41:57Z,PORTE-C,R56482049,ABONNEMENT,OK
TKT68971095789,2026-01-15T18:41:58Z,PORTE-D,R56829687,INVITATION,OK
TKT29517369745,2026-01-15T18:41:58Z,PORTE-C,R57676786,UNITE,OK
TKT98894903571,2026-01-15T18:41:58Z,PORTE-D,R58537582,UNITE,OK
TKT85956782181,2026-01-15T18:41:58Z,PORTE-B,R55541161,UNITE,OK
TKT71010929436,2026-01-15T18:41:58Z,PORTE-D,R58541940,UNITE,OK
TKT53464686193,2026-01-15T18:41:59Z,PORTE-C,R54544567,UNITE,OK
TKT39750329479,2026-01-15T18:41:59Z,PMR-NORD,,UNITE,OK
TKT65046407150,2026-01-15T18:42:00Z,PORTE-C,R55096679,ABONNEMENT,OK
TKT93220787713,2026-01-15T18:42:00Z,PORTE-D,R53576161,ABONNEMENT,OK
TKT79234915434,2026-01-15T18:42:00Z,PORTE-C,,UNITE,OK
TKT31555555664,2026-01-15T18:42:01Z,PORTE-B,R56327305,UNITE,OK
TKT81337284787,2026-01-15T18:42:03Z,VIP-EST,R56187407,UNITE,OK
TKT52431789567,2026-01-15T18:42:03Z,PORTE-B,R54445261,UNITE,OK
TKT27403359226,2026-01-15T18:42:05Z,VIP-EST,R54572286,UNITE,OK
TKT79936219391,2026-01-15T18:42:05Z,PORTE-B,R53769323,UNITE,OK
TKT95198775973,2026-01-15T18:42:05Z,PORTE-C,R51153987,UNITE,OK
TKT79820169905,2026-01-15T18:42:06Z,PORTE-C,,UNITE,OK
TKT86747879143,2026-01-15T18:42:06Z,PORTE-C,R53342196,UNITE,OK
TKT37009430718,2026-01-15T18:42:06Z,PORTE-B,R51572599,UNITE,OK
TKT12337897394,2026-01-15T18:42:07Z,VIP-EST,R54153128,UNITE,OK
TKT74761343983,2026-01-15T18:42:07Z,VIP-EST,R58386841,UNITE,OK
TKT47717954078,2026-01-15T18:42:08Z,PORTE-C,,GROUPE,OK
TKT10564176882,2026-01-15T18:42:08Z,PORTE-B,,UNITE,OK
TKT40046426598,2026-01-15T18:42:10Z,VIP-EST,R56179304,UNITE,OK
TKT61929278924,2026-01-15T18:42:10Z,PORTE-B,R51659032,UNITE,OK
TKT55206055602,2026-01-15T18:42:12Z,PORTE-B,R58714528,UNITE,OK
TKT34866402220,2026-01-15T18:42:13Z,VIP-EST,R55609070,GROUPE,OK
TKT56381058483,2026-01-15T18:42:13Z,PORTE-A,R57427918,INVITATION,OK
TKT25322494468,2026-01-15T18:42:14Z,PORTE-A,R58905037,ABONNEMENT,OK
TKT30405860622,2026-01-15T18:42:14Z,PORTE-B,R54128876,UNITE,OK
TKT86542079613,2026-01-15T18:42:15Z,PORTE-A,R53579082,UNITE,OK
TKT59878246449,2026-01-15T18:42:16Z,PORTE-C,,UNITE,OK
TKT31606107325,2026-01-15T18:42:18Z,PORTE-D,R54695844,ABONNEMENT,OK
TKT93573973096,2026-01-15T18:42:18Z,PORTE-D,R51763721,ABONNEMENT,OK
TKT45415057116,2026-01-15T18:42:19Z,PORTE-C,R56182493,UNITE,OK
TKT15236938815,2026-01-15T18:42:20Z,PORTE-A,R56794746,ABONNEMENT,OK
TKT14000056588,2026-01-15T18:42:21Z,PORTE-C,,UNITE,OK
TKT22450483498,2026-01-15T18:42:22Z,VIP-EST,R51453275,UNITE,OK
TKT74517505587,2026-01-15T18:42:22Z,PORTE-C,,UNITE,OK
TKT73805786848,2026-01-15T18:42:25Z,PORTE-C,,GROUPE,OK
TKT86707974591,2026-01-15T18:42:25Z,PORTE-C,R58084096,UNITE,OK
TKT36378121901,2026-01-15T18:42:25Z,PORTE-A,,INVITATION,OK
TKT62420876366,2026-01-15T18:42:26Z,PORTE-B,,GROUPE,OK
TKT41629378728,2026-01-15T18:42:26Z,PORTE-C,,UNITE,OK
TKT65708323417,2026-01-15T18:42:28Z,PORTE-D,R57404135,UNITE,OK
TKT36766908750,2026-01-15T18:42:32Z,PORTE-D,,UNITE,OK
TKT72014200812,2026-01-15T18:42:33Z,VIP-EST,R55126572,UNITE,OK
TKT22581068385,2026-01-15T18:42:34Z,PORTE-A,R58571086,INVITATION,OK
TKT83772279913,2026-01-15T18:42:34Z,VIP-EST,R55890092,UNITE,OK
TKT27029016718,2026-01-15T18:42:36Z,PORTE-D,R51393747,ABONNEMENT,OK
TKT51760196829,2026-01-15T18:42:36Z,PORTE-A,,UNITE,OK
TKT50163032674,2026-01-15T18:42:37Z,PORTE-D,,GROUPE,OK
TKT58573103146,2026-01-15T18:42:38Z,PORTE-C,R55278663,UNITE,OK
TKT50424928081,2026-01-15T18:42:40Z,PORTE-A,R53773269,ABONNEMENT,OK
TKT98545387534,2026-01-15T18:42:41Z,VIP-EST,R58901972,UNITE,OK
TKT85518603932,2026-01-15T18:42:41Z,PORTE-C,R55937293,UNITE,OK
TKT28322155322,2026-01-15T18:42:44Z,PORTE-C,R59369078,UNITE,OK
TKT83251921079,2026-01-15T18:42:44Z,PORTE-C,R54174717,INVITATION,OK
TKT24695335964,2026-01-15T18:42:46Z,PORTE-C,R58888965,UNITE,OK
TKT96457549305,2026-01-15T18:42:46Z,PORTE-D,,UNITE,OK
TKT60660737370,2026-01-15T18:42:47Z,PORTE-A,R54564595,UNITE,OK
TKT53345522586,2026-01-15T18:42:49Z,PORTE-B,,UNITE,OK
TKT31551343298,2026-01-15T18:42:50Z,PORTE-C,R56559220,UNITE,OK
TKT81555988254,2026-01-15T18:42:51Z,PORTE-B,R59553859,ABONNEMENT,REFUSE_DEJA_SCANNE
TKT84434419301,2026-01-15T18:42:53Z,PORTE-B,R56230518,UNITE,OK
TKT90409946760,2026-01-15T18:42:53Z,PORTE-A,R52637323,UNITE,OK
TKT12483482267,2026-01-15T18:42:54Z,PORTE-D,R57990920,UNITE,OK
TKT10760357713,2026-01-15T18:42:55Z,PORTE-D,R53337225,ABONNEMENT,OK
TKT64542708759,2026-01-15T18:42:56Z,PORTE-B,R51947075,UNITE,OK
TKT66014477071,2026-01-15T18:42:56Z,VIP-EST,,UNITE,OK
TKT58296007230,2026-01-15T18:42:56Z,PORTE-A,R56187886,VIP,OK
TKT95599556184,2026-01-15T18:42:56Z,PORTE-C,R55069017,UNITE,OK
TKT16991492707,2026-01-15T18:42:56Z,PORTE-D,,UNITE,OK
TKT73996739120,2026-01-15T18:42:57Z,PMR-NORD,R56684004,ABONNEMENT,OK
TKT89982003144,2026-01-15T18:42:57Z,PORTE-C,,UNITE,OK
TKT79801606168,2026-01-15T18:42:58Z,PORTE-C,R52985909,UNITE,OK
TKT86437499799,2026-01-15T18:42:58Z,PORTE-A,R57474774,UNITE,OK
TKT19137212179,2026-01-15T18:43:00Z,PORTE-B,R55187872,UNITE,OK
TKT33505308124,2026-01-15T18:43:00Z,PORTE-D,R51992648,UNITE,OK
TKT83507229292,2026-01-15T18:43:01Z,PORTE-B,R56507872,UNITE,OK
TKT59623108629,2026-01-15T18:43:01Z,PORTE-B,R53717218,UNITE,OK
TKT62538022548,2026-01-15T18:43:03Z,PORTE-A,R51053455,ABONNEMENT,OK
TKT22382351159,2026-01-15T18:43:04Z,PORTE-A,R55282341,UNITE,OK
TKT66908020537,2026-01-15T18:43:05Z,PORTE-A,R53678331,ABONNEMENT,OK
TKT19384464960,2026-01-15T18:43:05Z,PORTE-B,R59389652,ABONNEMENT,OK
TKT79960661404,2026-01-15T18:43:05Z,PORTE-A,R59093017,ABONNEMENT,OK
TKT16940279816,2026-01-15T18:43:05Z,VIP-EST,R54766463,UNITE,OK
TKT90601781561,2026-01-15T18:43:05Z,PORTE-D,R51003400,UNITE,OK
TKT81200194353,2026-01-15T18:43:05Z,PORTE-C,R52297108,UNITE,OK
TKT77172774693,2026-01-15T18:43:06Z,VIP-EST,R53164637,UNITE,OK
TKT42966523837,2026-01-15T18:43:08Z,PORTE-A,R58237825,ABONNEMENT,OK
TKT32564131832,2026-01-15T18:43:08Z,PORTE-C,R52583436,UNITE,OK
TKT28405376452,2026-01-15T18:43:08Z,PORTE-C,R59243681,UNITE,OK
TKT61034562016,2026-01-15T18:43:08Z,PORTE-B,,UNITE,OK
TKT21107644010,2026-01-15T18:43:09Z,PORTE-A,,VIP,OK
TKT26436563250,2026-01-15T18:43:09Z,PORTE-B,,UNITE,OK
TKT38858428873,2026-01-15T18:43:09Z,PORTE-C,R51684510,UNITE,OK
TKT53894892814,2026-01-15T18:43:10Z,VIP-EST,R56193949,ABONNEMENT,OK
TKT30809770521,2026-01-15T18:43:10Z,PORTE-A,R55971085,INVITATION,OK
TKT60888777337,2026-01-15T18:43:11Z,PORTE-C,R57221471,ABONNEMENT,OK
TKT27490104786,2026-01-15T18:43:11Z,PORTE-D,R51384954,UNITE,OK
TKT68371978155,2026-01-15T18:43:14Z,PORTE-A,,GROUPE,OK
TKT26264211860,2026-01-15T18:43:15Z,PORTE-D,R53006138,ABONNEMENT,OK
TKT40084661571,2026-01-15T18:43:15Z,PORTE-D,,GROUPE,OK
TKT99237432760,2026-01-15T18:43:15Z,PORTE-C,R52790161,UNITE,OK
TKT59260078073,2026-01-15T18:43:16Z,VIP-EST,R57325135,UNITE,OK
TKT71594785952,2026-01-15T18:43:16Z,PORTE-C,R53439797,UNITE,OK
TKT81598081517,2026-01-15T18:43:17Z,PORTE-A,R54835263,UNITE,OK
TKT70293153803,2026-01-15T18:43:18Z,PORTE-A,R57566178,UNITE,OK
TKT38868465373,2026-01-15T18:43:18Z,PORTE-C,R55641291,UNITE,OK
TKT66650995038,2026-01-15T18:43:19Z,VIP-EST,R56257289,VIP,OK
TKT17034611632,2026-01-15T18:43:19Z,PORTE-D,,UNITE,OK
TKT75960367617,2026-01-15T18:43:21Z,PORTE-C,R54372515,UNITE,OK
TKT54732350252,2026-01-15T18:43:21Z,PORTE-D,R52440128,UNITE,OK
TKT36275541498,2026-01-15T18:43:21Z,VIP-EST,R55291536,UNITE,OK
TKT98729830840,2026-01-15T18:43:23Z,PORTE-C,,GROUPE,OK
TKT79977564477,2026-01-15T18:43:24Z,PORTE-A,R56863948,ABONNEMENT,OK
TKT30756212110,2026-01-15T18:43:24Z,PORTE-C,R54528485,UNITE,OK
TKT36106341372,2026-01-15T18:43:25Z,PORTE-C,R54821030,UNITE,OK
TKT65257098470,2026-01-15T18:43:27Z,PORTE-A,,GROUPE,OK
TKT24230377145,2026-01-15T18:43:27Z,PORTE-C,,UNITE,OK
TKT19759414072,2026-01-15T18:43:28Z,PORTE-A,R59281208,INVITATION,OK
TKT18270005019,2026-01-15T18:43:28Z,PORTE-A,R55980759,VIP,OK
TKT29992677671,2026-01-15T18:43:29Z,PORTE-C,,GROUPE,OK
TKT90374639991,2026-01-15T18:43:29Z,PORTE-A,R59356339,UNITE,OK
TKT10877911875,2026-01-15T18:43:29Z,PORTE-B,R57034640,UNITE,OK
TKT82564380619,2026-01-15T18:43:32Z,PORTE-A,R52907656,UNITE,OK
TKT46582687433,2026-01-15T18:43:35Z,PORTE-C,,UNITE,OK
TKT34871765730,2026-01-15T18:43:35Z,PORTE-A,R53075407,GROUPE,OK
TKT20852231367,2026-01-15T18:43:37Z,PORTE-C,R54037606,UNITE,OK
TKT60864132292,2026-01-15T18:43:37Z,VIP-EST,R54210549,UNITE,OK
TKT68021823446,2026-01-15T18:43:38Z,PORTE-D,R57442352,ABONNEMENT,OK
TKT69463625961,2026-01-15T18:43:40Z,PORTE-C,R54455682,UNITE,OK
TKT45069021458,2026-01-15T18:43:41Z,PORTE-C,R53254058,UNITE,OK
TKT74876223057,2026-01-15T18:43:41Z,PORTE-A,R59382296,UNITE,OK
TKT39389822791,2026-01-15T18:43:41Z,PORTE-B,R52442044,UNITE,OK
TKT77652395270,2026-01-15T18:43:42Z,PORTE-C,R54073093,UNITE,OK
TKT96815813942,2026-01-15T18:43:42Z,PORTE-B,R56950113,UNITE,OK
TKT41295660239,2026-01-15T18:43:43Z,PORTE-A,R53424951,UNITE,OK
TKT95549761719,2026-01-15T18:43:43Z,PORTE-D,R52734646,UNITE,OK
TKT87683916466,2026-01-15T18:43:44Z,PORTE-A,,UNITE,OK
TKT34195900659,2026-01-15T18:43:45Z,PORTE-D,R53596323,ABONNEMENT,OK
TKT12502822585,2026-01-15T18:43:47Z,PORTE-C,R57987041,UNITE,OK
TKT80596214531,2026-01-15T18:43:49Z,PORTE-B,,GROUPE,OK
TKT34928420361,2026-01-15T18:43:49Z,PORTE-A,R52350027,UNITE,OK
TKT31045605628,2026-01-15T18:43:49Z,PORTE-A,,UNITE,OK
TKT66795927038,2026-01-15T18:43:50Z,PORTE-D,R56763081,ABONNEMENT,OK
TKT18919936721,2026-01-15T18:43:51Z,PORTE-C,R53029087,ABONNEMENT,OK
TKT35212537728,2026-01-15T18:43:51Z,VIP-EST,,UNITE,OK
TKT28218154033,2026-01-15T18:43:51Z,PORTE-A,R53656943,VIP,OK
TKT28489877210,2026-01-15T18:43:52Z,PORTE-D,,UNITE,OK
TKT96380612126,2026-01-15T18:43:52Z,PORTE-A,,VIP,OK
TKT52520467487,2026-01-15T18:43:53Z,PORTE-C,R56638297,ABONNEMENT,OK
TKT14801428655,2026-01-15T18:43:53Z,VIP-EST,R57529053,UNITE,OK
TKT88034276866,2026-01-15T18:43:54Z,VIP-EST,R53994495,UNITE,OK
TKT56112358759,2026-01-15T18:43:54Z,PORTE-A,R53921012,UNITE,OK
TKT76044643838,2026-01-15T18:43:54Z,VIP-EST,R58633813,UNITE,OK
TKT67282979678,2026-01-15T18:43:55Z,PORTE-D,R59767183,UNITE,OK
TKT63025851447,2026-01-15T18:43:55Z,PORTE-A,R58709423,UNITE,OK
TKT45705582549,2026-01-15T18:43:56Z,PORTE-A,,UNITE,OK
TKT97154668994,2026-01-15T18:43:56Z,PORTE-A,R55620516,UNITE,OK
TKT36427404767,2026-01-15T18:43:57Z,VIP-EST,R52924743,VIP,OK
TKT90525341862,2026-01-15T18:43:57Z,PORTE-C,R56932269,UNITE,OK
TKT38331079330,2026-01-15T18:43:57Z,PORTE-C,,GROUPE,OK
TKT51442918263,2026-01-15T18:43:58Z,PORTE-C,R51496252,UNITE,OK
TKT28594576727,2026-01-15T18:43:58Z,VIP-EST,R59585735,UNITE,OK
TKT74751022275,2026-01-15T18:43:59Z,PORTE-A,,UNITE,OK
TKT60495859301,2026-01-15T18:44:00Z,PORTE-D,R59117882,ABONNEMENT,OK
TKT88884975055,2026-01-15T18:44:00Z,PORTE-B,,GROUPE,OK
TKT18750393051,2026-01-15T18:44:01Z,PORTE-C,,GROUPE,OK
TKT72293422726,2026-01-15T18:44:01Z,PORTE-C,R51214071,UNITE,OK
TKT11042047150,2026-01-15T18:44:03Z,PORTE-C,,UNITE,OK
TKT57593211887,2026-01-15T18:44:03Z,PORTE-C,,UNITE,OK
TKT42966484620,2026-01-15T18:44:04Z,PORTE-C,R58002768,UNITE,OK
TKT32854899891,2026-01-15T18:44:07Z,PORTE-A,R57335010,INVITATION,OK
TKT78896243045,2026-01-15T18:44:07Z,PORTE-C,R55466040,UNITE,OK
TKT92192846885,2026-01-15T18:44:08Z,VIP-EST,,INVITATION,OK
TKT18731842449,2026-01-15T18:44:09Z,PORTE-C,R52342048,UNITE,OK
TKT89576997370,2026-01-15T18:44:09Z,VIP-EST,R56029856,VIP,OK
TKT56338696552,2026-01-15T18:44:10Z,VIP-EST,R59799002,UNITE,OK
TKT27045306224,2026-01-15T18:44:10Z,PORTE-A,R57228760,UNITE,OK
TKT44799358360,2026-01-15T18:44:12Z,PORTE-C,R53831504,UNITE,OK
TKT32775138564,2026-01-15T18:44:13Z,VIP-EST,R54445529,ABONNEMENT,OK
TKT22421561711,2026-01-15T18:44:13Z,PORTE-A,,UNITE,OK
TKT78346089172,2026-01-15T18:44:13Z,PORTE-C,,UNITE,OK
TKT92163001424,2026-01-15T18:44:14Z,PORTE-D,R55955559,UNITE,OK
TKT96323747146,2026-01-15T18:44:14Z,VIP-EST,R51213324,UNITE,OK
TKT23360249021,2026-01-15T18:44:14Z,PORTE-B,R57675560,UNITE,OK
TKT34996949334,2026-01-15T18:44:15Z,VIP-EST,R59375543,ABONNEMENT,OK
TKT29237554665,2026-01-15T18:44:15Z,PORTE-C,R59692742,UNITE,OK
TKT41048827024,2026-01-15T18:44:16Z,PORTE-A,R58806210,UNITE,OK
TKT85677931891,2026-01-15T18:44:16Z,PORTE-A,R54552603,UNITE,OK
TKT25748891743,2026-01-15T18:44:16Z,PORTE-A,R56977966,UNITE,OK
TKT66833980854,2026-01-15T18:44:17Z,VIP-EST,R51134103,UNITE,OK
TKT50759660890,2026-01-15T18:44:18Z,PORTE-B,R53592233,UNITE,OK
TKT83073693495,2026-01-15T18:44:19Z,PORTE-A,,UNITE,OK
TKT94968608656,2026-01-15T18:44:19Z,PORTE-C,,UNITE,OK
TKT14489946497,2026-01-15T18:44:20Z,PORTE-C,R56132170,UNITE,OK
TKT81815990002,2026-01-15T18:44:20Z,PORTE-C,,UNITE,OK
TKT36030936010,2026-01-15T18:44:22Z,PORTE-C,R55896031,ABONNEMENT,OK
TKT91184752724,2026-01-15T18:44:22Z,PORTE-A,R51770464,UNITE,OK
TKT32551339002,2026-01-15T18:44:22Z,VIP-EST,,UNITE,OK
TKT20942085731,2026-01-15T18:44:23Z,PORTE-A,R57208454,ABONNEMENT,OK
TKT52609297410,2026-01-15T18:44:24Z,PORTE-C,R52105909,ABONNEMENT,OK
TKT95705241958,2026-01-15T18:44:25Z,PORTE-D,R58029261,ABONNEMENT,OK
TKT62532996337,2026-01-15T18:44:25Z,VIP-EST,R58462585,UNITE,OK
TKT22511882247,2026-01-15T18:44:25Z,PORTE-C,,UNITE,REFUSE_DEJA_SCANNE
TKT82271415808,2026-01-15T18:44:26Z,VIP-EST,,GROUPE,OK
TKT97231224645,2026-01-15T18:44:27Z,PORTE-A,R56636458,ABONNEMENT,OK
TKT47992366902,2026-01-15T18:44:27Z,PORTE-A,R52818148,UNITE,OK
TKT12268037131,2026-01-15T18:44:27Z,VIP-EST,R58335148,UNITE,OK
TKT36459095343,2026-01-15T18:44:28Z,PORTE-B,R54936820,ABONNEMENT,OK
TKT92234599808,2026-01-15T18:44:29Z,PORTE-C,R52705088,UNITE,OK
TKT20567957345,2026-01-15T18:44:29Z,PORTE-A,,UNITE,OK
TKT37777627458,2026-01-15T18:44:30Z,PORTE-C,R59790410,ABONNEMENT,OK
TKT86113631825,2026-01-15T18:44:31Z,PORTE-D,,GROUPE,OK
TKT97683763551,2026-01-15T18:44:31Z,PORTE-B,,GROUPE,OK
TKT89552492005,2026-01-15T18:44:33Z,PORTE-C,R53816524,ABONNEMENT,OK
TKT40569640159,2026-01-15T18:44:33Z,PORTE-D,R53519008,UNITE,OK
TKT50679832144,2026-01-15T18:44:34Z,PORTE-A,R53354111,UNITE,OK
TKT86630212201,2026-01-15T18:44:34Z,PORTE-A,R58271540,UNITE,OK
TKT58216284198,2026-01-15T18:44:37Z,PORTE-B,R59164547,UNITE,OK
TKT98843190524,2026-01-15T18:44:38Z,PORTE-C,R55686452,ABONNEMENT,OK
TKT57497410036,2026-01-15T18:44:38Z,PORTE-C,R56133252,UNITE,OK
TKT54528915321,2026-01-15T18:44:39Z,PORTE-D,R54992057,ABONNEMENT,OK
TKT74012078974,2026-01-15T18:44:39Z,PORTE-D,R58134218,INVITATION,OK
TKT12540703532,2026-01-15T18:44:39Z,PORTE-D,R57355507,UNITE,OK
TKT63736407299,2026-01-15T18:44:40Z,PORTE-D,R54213001,ABONNEMENT,OK
TKT42409016656,2026-01-15T18:44:40Z,PORTE-C,R56656754,UNITE,OK
TKT86168427480,2026-01-15T18:44:40Z,VIP-EST,,UNITE,OK
TKT22848403650,2026-01-15T18:44:41Z,PORTE-B,,UNITE,OK
TKT79956125024,2026-01-15T18:44:42Z,PORTE-A,R57988870,ABONNEMENT,OK
TKT10028117344,2026-01-15T18:44:42Z,PORTE-C,R55139723,UNITE,OK
TKT97725682178,2026-01-15T18:44:42Z,PORTE-C,R55350039,UNITE,OK
TKT44345896266,2026-01-15T18:44:42Z,VIP-EST,R56241887,UNITE,OK
TKT14385198151,2026-01-15T18:44:44Z,PORTE-A,R57658875,ABONNEMENT,OK
TKT53417208461,2026-01-15T18:44:44Z,VIP-EST,R54840569,ABONNEMENT,OK
TKT15847695722,2026-01-15T18:44:44Z,VIP-EST,R53602376,VIP,OK
TKT84207139644,2026-01-15T18:44:44Z,PORTE-C,R57748239,UNITE,OK
TKT12864548971,2026-01-15T18:44:44Z,VIP-EST,R55350595,UNITE,OK
TKT17266290427,2026-01-15T18:44:44Z,PORTE-B,R52016488,GROUPE,OK
TKT82628298027,2026-01-15T18:44:45Z,PORTE-A,R59957826,UNITE,OK
TKT83719638781,2026-01-15T18:44:46Z,PORTE-B,R52628051,UNITE,OK
TKT70964121933,2026-01-15T18:44:47Z,PORTE-C,R59246890,ABONNEMENT,REFUSE_DEJA_SCANNE
TKT54152062995,2026-01-15T18:44:47Z,PORTE-B,,UNITE,OK
TKT86320204002,2026-01-15T18:44:47Z,PORTE-A,R59502846,UNITE,OK
TKT33124274147,2026-01-15T18:44:48Z,PORTE-B,,UNITE,OK
TKT80896356223,2026-01-15T18:44:48Z,PORTE-C,,GROUPE,OK
TKT82504761529,2026-01-15T18:44:49Z,PORTE-B,,UNITE,OK
TKT14620988920,2026-01-15T18:44:50Z,VIP-EST,R51671369,UNITE,OK
TKT47725436205,2026-01-15T18:44:51Z,PORTE-C,R55209672,UNITE,OK
TKT20241319074,2026-01-15T18:44:53Z,PORTE-C,R56550571,UNITE,OK
TKT35698033438,2026-01-15T18:44:53Z,PORTE-C,R53679078,UNITE,OK
TKT15598954878,2026-01-15T18:44:53Z,PORTE-A,,UNITE,OK
TKT10646058078,2026-01-15T18:44:54Z,PORTE-A,R53434213,UNITE,OK
TKT39696325539,2026-01-15T18:44:55Z,PORTE-A,R59653242,GROUPE,OK
TKT64603785916,2026-01-15T18:44:55Z,PORTE-B,R56463525,UNITE,OK
TKT14451340769,2026-01-15T18:44:56Z,PORTE-C,R59411710,UNITE,OK
TKT66109033132,2026-01-15T18:44:56Z,PORTE-B,R55193600,UNITE,OK
TKT46264329804,2026-01-15T18:44:57Z,PORTE-B,,GROUPE,OK
TKT24297247205,2026-01-15T18:44:57Z,VIP-EST,,UNITE,OK
TKT79472359440,2026-01-15T18:44:58Z,PORTE-C,R56680795,UNITE,OK
TKT77629765388,2026-01-15T18:44:59Z,VIP-EST,R56755993,ABONNEMENT,OK
TKT68473580843,2026-01-15T18:44:59Z,PORTE-C,,UNITE,OK
TKT55524144347,2026-01-15T18:45:02Z,PORTE-A,R59012245,UNITE,OK
TKT78573160680,2026-01-15T18:45:02Z,PORTE-B,R57980355,UNITE,OK
TKT99406005058,2026-01-15T18:45:03Z,PORTE-B,R57254496,UNITE,OK
TKT69593245878,2026-01-15T18:45:04Z,PORTE-D,R56761041,UNITE,OK
TKT69858590775,2026-01-15T18:45:04Z,PORTE-D,R58916138,UNITE,OK
TKT66930587047,2026-01-15T18:45:06Z,VIP-EST,R52589911,UNITE,OK
TKT24865908998,2026-01-15T18:45:07Z,VIP-EST,R52541206,UNITE,OK
TKT90340019101,2026-01-15T18:45:08Z,PORTE-A,R57925463,UNITE,OK
TKT65242001679,2026-01-15T18:45:09Z,VIP-EST,,UNITE,OK
TKT41954666335,2026-01-15T18:45:09Z,PORTE-C,R56327650,UNITE,OK
TKT52682690665,2026-01-15T18:45:09Z,PORTE-C,,GROUPE,OK
TKT53625332823,2026-01-15T18:45:10Z,PORTE-B,R53657144,UNITE,OK
TKT71041204850,2026-01-15T18:45:11Z,PORTE-D,R52133504,UNITE,OK
TKT23036764848,2026-01-15T18:45:11Z,PORTE-C,R55539399,UNITE,OK
TKT22151364722,2026-01-15T18:45:11Z,VIP-EST,,UNITE,OK
TKT97187181775,2026-01-15T18:45:11Z,PORTE-C,,GROUPE,OK
TKT36975936088,2026-01-15T18:45:12Z,PORTE-A,R58429282,UNITE,OK
TKT90833271063,2026-01-15T18:45:12Z,PORTE-B,R53069612,UNITE,OK
TKT12643613596,2026-01-15T18:45:12Z,PORTE-B,,UNITE,OK
TKT81353731244,2026-01-15T18:45:13Z,PORTE-D,R57416807,UNITE,OK
TKT17312675794,2026-01-15T18:45:14Z,PORTE-D,R53151821,UNITE,OK
TKT43350441917,2026-01-15T18:45:14Z,PORTE-D,R51035132,UNITE,OK
TKT69671437732,2026-01-15T18:45:14Z,VIP-EST,,VIP,OK
TKT65889364685,2026-01-15T18:45:14Z,PORTE-B,R58378671,INVITATION,OK
TKT99916361716,2026-01-15T18:45:15Z,PORTE-C,R59802201,UNITE,OK
TKT16148245791,2026-01-15T18:45:16Z,PORTE-C,R51622798,UNITE,OK
TKT76555356659,2026-01-15T18:45:16Z,VIP-EST,,UNITE,OK
TKT82949075200,2026-01-15T18:45:16Z,PORTE-C,R54682482,UNITE,OK
TKT96222119336,2026-01-15T18:45:16Z,VIP-EST,R51044672,INVITATION,OK
TKT81381167776,2026-01-15T18:45:17Z,PORTE-C,R51537323,UNITE,OK
TKT19119855362,2026-01-15T18:45:17Z,PORTE-C,R54214495,UNITE,OK
TKT95019886616,2026-01-15T18:45:19Z,PORTE-A,R55604099,UNITE,OK
TKT41797446245,2026-01-15T18:45:20Z,PORTE-A,R57382144,UNITE,OK
TKT94281380178,2026-01-15T18:45:23Z,PORTE-D,R54411335,ABONNEMENT,OK
TKT26720108642,2026-01-15T18:45:24Z,VIP-EST,,GROUPE,OK
TKT50291768917,2026-01-15T18:45:24Z,PORTE-A,R55004250,VIP,OK
TKT37253952232,2026-01-15T18:45:25Z,PORTE-A,R57545748,ABONNEMENT,OK
TKT87230424356,2026-01-15T18:45:25Z,PORTE-C,R56015288,UNITE,OK
TKT16899597709,2026-01-15T18:45:26Z,PORTE-A,R57421242,ABONNEMENT,OK
TKT48021543393,2026-01-15T18:45:26Z,VIP-EST,R52296217,ABONNEMENT,OK
TKT41957556149,2026-01-15T18:45:26Z,PORTE-D,R57110039,UNITE,OK
TKT19931731085,2026-01-15T18:45:26Z,PORTE-C,,GROUPE,OK
TKT90283938518,2026-01-15T18:45:27Z,PORTE-C,R52639085,ABONNEMENT,OK
TKT40275261323,2026-01-15T18:45:27Z,PORTE-B,R56059156,UNITE,OK
TKT69687548437,2026-01-15T18:45:27Z,PORTE-A,R57393992,UNITE,OK
TKT76995056892,2026-01-15T18:45:28Z,PORTE-A,R59643022,VIP,OK
TKT27008769283,2026-01-15T18:45:28Z,PORTE-A,R54579297,UNITE,OK
TKT37371810686,2026-01-15T18:45:29Z,PORTE-A,R56391603,ABONNEMENT,OK
TKT90009662648,2026-01-15T18:45:29Z,PORTE-C,,GROUPE,OK
TKT21230305188,2026-01-15T18:45:29Z,PORTE-C,R58326700,UNITE,OK
TKT55913752885,2026-01-15T18:45:30Z,PORTE-C,R51093367,ABONNEMENT,OK
TKT92455296824,2026-01-15T18:45:30Z,PORTE-A,,GROUPE,OK
TKT16527658548,2026-01-15T18:45:30Z,PORTE-A,R51279317,UNITE,OK
TKT84586370497,2026-01-15T18:45:31Z,PORTE-A,,GROUPE,OK
TKT52930828602,2026-01-15T18:45:32Z,PORTE-B,R57914831,UNITE,OK
TKT93549384611,2026-01-15T18:45:35Z,PORTE-A,R51433927,ABONNEMENT,OK
TKT74305706091,2026-01-15T18:45:35Z,VIP-EST,R57927091,UNITE,OK
TKT28905258597,2026-01-15T18:45:35Z,PORTE-C,R51404647,UNITE,OK
TKT84817315533,2026-01-15T18:45:35Z,PORTE-A,R56875595,UNITE,OK
TKT35989665783,2026-01-15T18:45:36Z,PORTE-A,R55069161,UNITE,OK
TKT62946745163,2026-01-15T18:45:37Z,PORTE-C,R53534822,UNITE,OK
TKT50282825201,2026-01-15T18:45:38Z,PORTE-A,,UNITE,OK
TKT81915277550,2026-01-15T18:45:38Z,VIP-EST,,UNITE,OK
TKT44039626586,2026-01-15T18:45:38Z,PORTE-A,,INVITATION,OK
TKT70714305712,2026-01-15T18:45:39Z,VIP-EST,R52741121,UNITE,OK
TKT12243699833,2026-01-15T18:45:40Z,PORTE-A,,VIP,OK
TKT23177400879,2026-01-15T18:45:41Z,PORTE-C,R56034492,ABONNEMENT,OK
TKT19616404727,2026-01-15T18:45:41Z,PORTE-A,R58781824,UNITE,OK
TKT94801038819,2026-01-15T18:45:41Z,PORTE-B,,UNITE,OK
TKT70212329357,2026-01-15T18:45:42Z,PORTE-C,R59806013,ABONNEMENT,REFUSE_DEJA_SCANNE
TKT73751038133,2026-01-15T18:45:42Z,PORTE-C,R53024528,UNITE,REFUSE_DEJA_SCANNE
TKT99697434517,2026-01-15T18:45:42Z,PORTE-C,R51720955,UNITE,OK
TKT22685858734,2026-01-15T18:45:42Z,PORTE-D,R52843961,UNITE,OK
TKT92806943975,2026-01-15T18:45:43Z,VIP-EST,R59715155,VIP,OK
TKT62733510217,2026-01-15T18:45:43Z,VIP-EST,,INVITATION,OK
TKT54536648932,2026-01-15T18:45:44Z,PORTE-C,R57392967,ABONNEMENT,OK
TKT45401200910,2026-01-15T18:45:44Z,PORTE-D,R54287308,UNITE,OK
TKT50577944776,2026-01-15T18:45:45Z,PORTE-C,R59536149,UNITE,OK
TKT73577945332,2026-01-15T18:45:45Z,PORTE-A,R51236407,INVITATION,OK
TKT49132960130,2026-01-15T18:45:45Z,PORTE-C,R53473589,UNITE,OK
TKT93049904619,2026-01-15T18:45:46Z,PORTE-B,R51153920,ABONNEMENT,OK
TKT25423928624,2026-01-15T18:45:46Z,VIP-EST,R55276144,UNITE,OK
TKT81328008772,2026-01-15T18:45:46Z,VIP-EST,R58479682,UNITE,OK
TKT51249537368,2026-01-15T18:45:50Z,PORTE-C,,UNITE,OK
TKT65185898578,2026-01-15T18:45:50Z,PORTE-C,R59431949,UNITE,OK
TKT71345954835,2026-01-15T18:45:51Z,PORTE-B,R58693887,UNITE,OK
TKT95592028235,2026-01-15T18:45:51Z,PORTE-A,R52518525,UNITE,OK
TKT55340980410,2026-01-15T18:45:51Z,PORTE-B,R56030201,UNITE,OK
TKT62914754394,2026-01-15T18:45:51Z,PORTE-D,R57268662,UNITE,OK
TKT83384711051,2026-01-15T18:45:52Z,PORTE-C,R53516700,UNITE,OK
TKT45077244476,2026-01-15T18:45:52Z,PORTE-C,R57257504,UNITE,OK
TKT63968108025,2026-01-15T18:45:52Z,PORTE-C,,UNITE,OK
TKT99110669010,2026-01-15T18:45:54Z,PORTE-C,R59003596,UNITE,OK
TKT74740410557,2026-01-15T18:45:54Z,PORTE-C,R56225748,UNITE,OK
TKT91061852334,2026-01-15T18:45:55Z,PORTE-D,R55353727,ABONNEMENT,OK
TKT44483413681,2026-01-15T18:45:55Z,PORTE-D,R58776039,UNITE,OK
TKT48472253878,2026-01-15T18:45:55Z,PORTE-B,,GROUPE,OK
TKT36096080929,2026-01-15T18:45:56Z,PORTE-D,R57174538,ABONNEMENT,OK
TKT55962130455,2026-01-15T18:45:56Z,PORTE-D,R53950369,UNITE,OK
TKT86232831281,2026-01-15T18:45:56Z,PORTE-C,R53032564,UNITE,OK
TKT76370106088,2026-01-15T18:45:56Z,PORTE-C,R59357029,UNITE,OK
TKT10051398681,2026-01-15T18:45:56Z,PORTE-B,,GROUPE,OK
TKT65825029515,2026-01-15T18:45:57Z,VIP-EST,R55502140,INVITATION,OK
TKT47114563260,2026-01-15T18:45:57Z,VIP-EST,R51530235,UNITE,OK
TKT19086437811,2026-01-15T18:45:57Z,PORTE-A,R53165240,UNITE,OK
TKT94128495466,2026-01-15T18:45:58Z,VIP-EST,R51408325,UNITE,OK
TKT21667432225,2026-01-15T18:45:58Z,PORTE-C,R51109037,UNITE,OK
TKT25881139868,2026-01-15T18:45:58Z,PORTE-C,R57860619,UNITE,OK
TKT37198708117,2026-01-15T18:45:59Z,PORTE-D,R58196409,UNITE,OK
TKT60603508208,2026-01-15T18:46:01Z,PORTE-C,R55199050,ABONNEMENT,OK
TKT44973176208,2026-01-15T18:46:01Z,PORTE-D,,UNITE,OK
TKT89909148907,2026-01-15T18:46:01Z,VIP-EST,R56978167,UNITE,OK
TKT29951675446,2026-01-15T18:46:02Z,PORTE-D,R59406816,UNITE,OK
TKT85465820330,2026-01-15T18:46:02Z,PORTE-A,R54158243,UNITE,OK
TKT95910885275,2026-01-15T18:46:02Z,PORTE-D,,UNITE,OK
TKT29861963703,2026-01-15T18:46:03Z,PORTE-D,,GROUPE,OK
TKT37145848471,2026-01-15T18:46:03Z,PORTE-A,R58972802,UNITE,OK
TKT99419215102,2026-01-15T18:46:03Z,PORTE-C,,UNITE,OK
TKT66431579404,2026-01-15T18:46:03Z,PORTE-C,,GROUPE,OK
TKT86809450286,2026-01-15T18:46:04Z,PORTE-C,R52164767,ABONNEMENT,OK
TKT62206635809,2026-01-15T18:46:05Z,PORTE-A,R58644378,UNITE,OK
TKT21194373924,2026-01-15T18:46:05Z,PORTE-C,,UNITE,OK
TKT70003040554,2026-01-15T18:46:05Z,PORTE-C,,GROUPE,OK
TKT17388917623,2026-01-15T18:46:05Z,VIP-EST,,VIP,OK
TKT97849355027,2026-01-15T18:46:06Z,PORTE-D,R58893179,UNITE,OK
TKT15941111298,2026-01-15T18:46:06Z,PORTE-C,R53043809,UNITE,OK
TKT23650818631,2026-01-15T18:46:07Z,VIP-EST,R55303451,UNITE,OK
TKT30760279273,2026-01-15T18:46:09Z,PORTE-C,,UNITE,OK
TKT89072474985,2026-01-15T18:46:09Z,PORTE-C,R56830645,UNITE,OK
TKT38842271106,2026-01-15T18:46:09Z,PORTE-D,,UNITE,OK
TKT92380775903,2026-01-15T18:46:09Z,VIP-EST,R58589131,UNITE,OK
TKT31120152150,2026-01-15T18:46:10Z,PORTE-C,R57932005,ABONNEMENT,OK
TKT49937033622,2026-01-15T18:46:10Z,PORTE-C,R51770675,UNITE,OK
TKT76236961959,2026-01-15T18:46:11Z,VIP-EST,,UNITE,OK
TKT73911865776,2026-01-15T18:46:11Z,PORTE-C,R53455668,UNITE,OK
TKT20273464815,2026-01-15T18:46:12Z,PORTE-C,R57504121,ABONNEMENT,OK
TKT19233357509,2026-01-15T18:46:13Z,PORTE-B,R52860646,ABONNEMENT,OK
TKT86838643905,2026-01-15T18:46:13Z,PORTE-C,R53323059,UNITE,OK
TKT69434964955,2026-01-15T18:46:13Z,PORTE-C,R57290462,UNITE,OK
TKT29316189233,2026-01-15T18:46:13Z,PORTE-C,,UNITE,OK
TKT16693204382,2026-01-15T18:46:14Z,PORTE-D,R52031267,UNITE,OK
TKT44814575587,2026-01-15T18:46:14Z,PORTE-C,,UNITE,OK
TKT59784666119,2026-01-15T18:46:14Z,PORTE-B,R58270237,UNITE,OK
TKT44147399394,2026-01-15T18:46:16Z,PORTE-B,R58358452,ABONNEMENT,OK
TKT83476787505,2026-01-15T18:46:17Z,PORTE-C,R53910859,INVITATION,OK
TKT89860551659,2026-01-15T18:46:17Z,PORTE-C,,UNITE,OK
TKT28309105808,2026-01-15T18:46:18Z,VIP-EST,R58184494,UNITE,OK
TKT91707356034,2026-01-15T18:46:19Z,VIP-EST,R59500940,INVITATION,OK
TKT33961329995,2026-01-15T18:46:19Z,PORTE-D,R58005354,UNITE,OK
TKT63706523934,2026-01-15T18:46:20Z,PORTE-C,,UNITE,OK
TKT16658522804,2026-01-15T18:46:21Z,PORTE-A,R58511280,UNITE,OK
TKT69618461767,2026-01-15T18:46:21Z,PORTE-A,,UNITE,OK
TKT81536432815,2026-01-15T18:46:21Z,PORTE-B,R56805311,UNITE,OK
TKT85088229309,2026-01-15T18:46:22Z,PORTE-D,R59378752,ABONNEMENT,OK
TKT76165905449,2026-01-15T18:46:22Z,PORTE-C,R59946869,INVITATION,OK
TKT78372341998,2026-01-15T18:46:22Z,PORTE-B,R51550464,UNITE,OK
TKT96764121519,2026-01-15T18:46:22Z,VIP-EST,R57974848,UNITE,OK
TKT60682927259,2026-01-15T18:46:22Z,PORTE-C,R51282516,UNITE,OK
TKT44261266372,2026-01-15T18:46:23Z,PORTE-C,,UNITE,OK
TKT68481727614,2026-01-15T18:46:23Z,PORTE-C,R52121445,UNITE,OK
TKT40430414742,2026-01-15T18:46:24Z,PORTE-C,R54702711,UNITE,OK
TKT91674237690,2026-01-15T18:46:24Z,PORTE-C,R51125789,UNITE,OK
TKT92788118862,2026-01-15T18:46:24Z,PORTE-C,R57065022,UNITE,OK
TKT68105085007,2026-01-15T18:46:25Z,PORTE-B,R56415845,UNITE,OK
TKT13263676690,2026-01-15T18:46:26Z,PORTE-A,R56538522,ABONNEMENT,OK
TKT70329333394,2026-01-15T18:46:26Z,PORTE-C,R55938328,UNITE,OK
TKT79499093367,2026-01-15T18:46:27Z,PORTE-D,R53156658,UNITE,OK
TKT55459089379,2026-01-15T18:46:27Z,PORTE-D,R55253195,UNITE,OK
TKT84003446702,2026-01-15T18:46:27Z,PORTE-C,R57457945,UNITE,REFUSE_INVALIDE
TKT26872788211,2026-01-15T18:46:28Z,PORTE-D,R53862154,UNITE,OK
TKT28405405510,2026-01-15T18:46:28Z,PORTE-C,,UNITE,OK
TKT12231405472,2026-01-15T18:46:29Z,PORTE-C,R59837410,UNITE,OK
TKT15590373043,2026-01-15T18:46:29Z,PORTE-D,R55631272,INVITATION,OK
TKT37889605725,2026-01-15T18:46:30Z,PORTE-D,R58368327,ABONNEMENT,OK
TKT55622558136,2026-01-15T18:46:32Z,PORTE-A,R59670885,ABONNEMENT,OK
TKT89649398451,2026-01-15T18:46:33Z,PORTE-C,R59734637,UNITE,OK
TKT21382862154,2026-01-15T18:46:33Z,PORTE-B,R56709951,UNITE,OK
TKT20392804496,2026-01-15T18:46:35Z,PORTE-D,R58373365,ABONNEMENT,OK
TKT99124226186,2026-01-15T18:46:35Z,PORTE-B,R59087778,ABONNEMENT,OK
TKT90447444398,2026-01-15T18:46:35Z,PORTE-B,R54190856,UNITE,OK
TKT56526758498,2026-01-15T18:46:35Z,PORTE-C,,UNITE,OK
TKT24128199729,2026-01-15T18:46:35Z,VIP-EST,,UNITE,OK
TKT67705808948,2026-01-15T18:46:35Z,PORTE-B,R57595669,UNITE,OK
TKT31687799323,2026-01-15T18:46:36Z,PORTE-B,R58736673,UNITE,OK
TKT10307046791,2026-01-15T18:46:37Z,PORTE-B,R57116025,ABONNEMENT,OK
TKT51487522592,2026-01-15T18:46:37Z,PORTE-D,R56055602,UNITE,OK
TKT84770403211,2026-01-15T18:46:37Z,PORTE-A,R59838636,UNITE,OK
TKT31148272677,2026-01-15T18:46:38Z,PORTE-B,R53349753,ABONNEMENT,OK
TKT72206439876,2026-01-15T18:46:38Z,PORTE-A,R51924126,UNITE,OK
TKT57235706688,2026-01-15T18:46:38Z,VIP-EST,R54272864,UNITE,OK
TKT57132915454,2026-01-15T18:46:40Z,PORTE-A,R53856024,VIP,OK
TKT75923141787,2026-01-15T18:46:40Z,VIP-EST,,UNITE,OK
TKT50765545409,2026-01-15T18:46:40Z,VIP-EST,R52682752,UNITE,OK
TKT98799107658,2026-01-15T18:46:40Z,PORTE-C,,UNITE,OK
TKT60763794815,2026-01-15T18:46:41Z,PORTE-C,R53391648,UNITE,OK
TKT82597506309,2026-01-15T18:46:42Z,PORTE-C,R51461043,UNITE,OK
TKT58052794021,2026-01-15T18:46:43Z,PORTE-C,R52416700,UNITE,OK
TKT72291331777,2026-01-15T18:46:44Z,PORTE-D,R53803584,ABONNEMENT,OK
TKT28825186064,2026-01-15T18:46:44Z,PORTE-A,R56951138,UNITE,OK
TKT59283922765,2026-01-15T18:46:44Z,PORTE-B,,GROUPE,OK
TKT89025778865,2026-01-15T18:46:44Z,PORTE-A,R57725903,INVITATION,OK
TKT18213038748,2026-01-15T18:46:45Z,PORTE-A,R52412821,ABONNEMENT,OK
TKT47413808411,2026-01-15T18:46:45Z,VIP-EST,R59325957,UNITE,OK
TKT39875685371,2026-01-15T18:46:45Z,VIP-EST,R57546361,UNITE,OK
TKT92087467578,2026-01-15T18:46:46Z,PORTE-B,,UNITE,OK
TKT41538928322,2026-01-15T18:46:46Z,PORTE-D,R51899405,UNITE,OK
TKT34279818856,2026-01-15T18:46:47Z,PORTE-B,R59934609,ABONNEMENT,OK
TKT84355902717,2026-01-15T18:46:47Z,PORTE-D,R55370268,UNITE,OK
TKT67838238478,2026-01-15T18:46:48Z,PORTE-A,R55905695,ABONNEMENT,OK
TKT99720678025,2026-01-15T18:46:48Z,PORTE-C,R58559717,UNITE,OK
TKT44547617889,2026-01-15T18:46:49Z,PORTE-C,R52633779,UNITE,OK
TKT65843723389,2026-01-15T18:46:49Z,PMR-NORD,,UNITE,OK
TKT33951420512,2026-01-15T18:46:50Z,PORTE-A,R56383021,ABONNEMENT,OK
TKT39726594699,2026-01-15T18:46:50Z,PORTE-A,R57970490,VIP,OK
TKT42150464595,2026-01-15T18:46:50Z,PORTE-C,R55134340,UNITE,OK
TKT78629516563,2026-01-15T18:46:52Z,PORTE-C,,GROUPE,OK
TKT74822077932,2026-01-15T18:46:54Z,PORTE-C,,GROUPE,OK
TKT13830665444,2026-01-15T18:46:54Z,VIP-EST,,VIP,OK
TKT42568924097,2026-01-15T18:46:55Z,VIP-EST,R54542795,VIP,OK
TKT87797377282,2026-01-15T18:46:55Z,VIP-EST,R53904250,UNITE,OK
TKT17331996645,2026-01-15T18:46:56Z,PORTE-C,R58989765,UNITE,OK
TKT53510496050,2026-01-15T18:46:57Z,PORTE-B,R55167921,UNITE,OK
TKT90161177823,2026-01-15T18:46:57Z,PORTE-B,,UNITE,OK
TKT84023972667,2026-01-15T18:46:58Z,PMR-NORD,R55577807,ABONNEMENT,OK
TKT97161195301,2026-01-15T18:46:58Z,PORTE-D,R55037821,ABONNEMENT,OK
TKT21472602105,2026-01-15T18:46:59Z,PORTE-A,R58174475,UNITE,OK
TKT62136169560,2026-01-15T18:46:59Z,PORTE-C,R56025498,UNITE,OK
TKT59503672568,2026-01-15T18:46:59Z,PORTE-C,R58302659,UNITE,OK
TKT17949526263,2026-01-15T18:47:00Z,PORTE-B,R53895390,UNITE,OK
TKT50310426178,2026-01-15T18:47:02Z,PORTE-C,,UNITE,OK
TKT49055765421,2026-01-15T18:47:03Z,PORTE-D,R51976164,ABONNEMENT,OK
TKT56513705886,2026-01-15T18:47:03Z,PORTE-C,R54788742,UNITE,OK
TKT65849368945,2026-01-15T18:47:03Z,PORTE-C,,UNITE,OK
TKT29997610289,2026-01-15T18:47:04Z,PORTE-C,R59154940,UNITE,OK
TKT48721062547,2026-01-15T18:47:05Z,VIP-EST,R57364836,VIP,OK
TKT98901725143,2026-01-15T18:47:06Z,PORTE-D,R51306500,ABONNEMENT,OK
TKT62776810613,2026-01-15T18:47:06Z,PORTE-C,R59769300,UNITE,OK
TKT77636012703,2026-01-15T18:47:07Z,PORTE-C,R59843808,UNITE,OK
TKT31368910009,2026-01-15T18:47:07Z,PORTE-B,,UNITE,OK
TKT85455408812,2026-01-15T18:47:07Z,PORTE-A,,UNITE,OK
TKT10010452665,2026-01-15T18:47:08Z,PORTE-C,R51283819,ABONNEMENT,OK
TKT31242887966,2026-01-15T18:47:08Z,VIP-EST,R51812292,UNITE,OK
TKT40137109739,2026-01-15T18:47:09Z,PORTE-D,,GROUPE,OK
TKT16195412424,2026-01-15T18:47:10Z,PORTE-B,R57115144,UNITE,OK
TKT54108728283,2026-01-15T18:47:10Z,PORTE-C,R51959345,UNITE,OK
TKT87258480375,2026-01-15T18:47:10Z,PORTE-C,R52558169,UNITE,OK
TKT45481952996,2026-01-15T18:47:11Z,VIP-EST,R53218303,UNITE,OK
TKT96060000053,2026-01-15T18:47:11Z,VIP-EST,R52706582,VIP,OK
TKT90005234074,2026-01-15T18:47:12Z,PORTE-C,R52896478,UNITE,OK
TKT69107548313,2026-01-15T18:47:14Z,PORTE-D,R57508278,UNITE,OK
TKT29110819486,2026-01-15T18:47:15Z,VIP-EST,R53630172,UNITE,OK
TKT93963323258,2026-01-15T18:47:15Z,VIP-EST,R52529559,UNITE,OK
TKT21552620885,2026-01-15T18:47:16Z,PORTE-C,R51207318,UNITE,OK
TKT93453374122,2026-01-15T18:47:16Z,PORTE-B,,UNITE,OK
TKT33393007768,2026-01-15T18:47:16Z,PORTE-C,,UNITE,OK
TKT19547448293,2026-01-15T18:47:17Z,PORTE-C,R58236867,UNITE,OK
TKT68265910795,2026-01-15T18:47:18Z,PORTE-A,R59378139,UNITE,OK
TKT89401122031,2026-01-15T18:47:19Z,PORTE-C,R53399004,UNITE,OK
TKT24503304127,2026-01-15T18:47:20Z,PORTE-C,,UNITE,OK
TKT25318439268,2026-01-15T18:47:22Z,VIP-EST,R53797933,ABONNEMENT,OK
TKT55855725120,2026-01-15T18:47:22Z,PORTE-A,,UNITE,OK
TKT33306563914,2026-01-15T18:47:22Z,VIP-EST,,VIP,OK
TKT14347597549,2026-01-15T18:47:22Z,PORTE-C,R59675990,UNITE,OK
TKT37665239590,2026-01-15T18:47:23Z,PORTE-B,R52646719,UNITE,OK
TKT45180718339,2026-01-15T18:47:24Z,PORTE-A,R56922049,UNITE,OK
TKT59190937790,2026-01-15T18:47:24Z,PORTE-A,,GROUPE,OK
TKT37442767778,2026-01-15T18:47:25Z,PORTE-C,R56334326,UNITE,OK
TKT85398010440,2026-01-15T18:47:26Z,PORTE-C,,GROUPE,OK
TKT88264342432,2026-01-15T18:47:26Z,PORTE-D,R53551775,UNITE,OK
TKT87907751496,2026-01-15T18:47:26Z,PORTE-B,,GROUPE,OK
TKT58842303853,2026-01-15T18:47:27Z,PORTE-C,,UNITE,OK
TKT66188336861,2026-01-15T18:47:28Z,VIP-EST,R54116003,VIP,OK
TKT66621248178,2026-01-15T18:47:29Z,VIP-EST,R54973121,UNITE,OK
TKT94144123828,2026-01-15T18:47:29Z,PORTE-A,,UNITE,OK
TKT83741182580,2026-01-15T18:47:29Z,PORTE-A,,UNITE,OK
TKT42375965019,2026-01-15T18:47:30Z,PORTE-C,R54722806,ABONNEMENT,OK
TKT16644800689,2026-01-15T18:47:30Z,PORTE-B,R58268475,UNITE,OK
TKT39719268140,2026-01-15T18:47:30Z,VIP-EST,R55710694,UNITE,OK
TKT50373391565,2026-01-15T18:47:30Z,PORTE-C,,UNITE,OK
TKT12472101460,2026-01-15T18:47:30Z,PORTE-C,,GROUPE,OK
TKT58690638018,2026-01-15T18:47:31Z,PORTE-C,R55743518,UNITE,OK
TKT93751861835,2026-01-15T18:47:31Z,VIP-EST,R58372752,UNITE,OK
TKT15925434727,2026-01-15T18:47:31Z,PORTE-A,R51283876,UNITE,OK
TKT80785041736,2026-01-15T18:47:32Z,PORTE-B,R53780568,ABONNEMENT,OK
TKT36264445724,2026-01-15T18:47:32Z,PORTE-A,R59959330,ABONNEMENT,OK
TKT49546555750,2026-01-15T18:47:32Z,PORTE-C,R55441932,UNITE,OK
TKT18141583236,2026-01-15T18:47:33Z,PORTE-B,R57867563,ABONNEMENT,OK
TKT57839175289,2026-01-15T18:47:33Z,VIP-EST,R52082079,VIP,OK
TKT16330646009,2026-01-15T18:47:33Z,PORTE-C,R55096257,UNITE,OK
TKT63618874334,2026-01-15T18:47:35Z,PORTE-C,R57225417,UNITE,OK
TKT50751890124,2026-01-15T18:47:35Z,PORTE-C,,INVITATION,OK
TKT59343237548,2026-01-15T18:47:35Z,PORTE-D,R56518829,UNITE,OK
TKT57976304346,2026-01-15T18:47:36Z,PORTE-B,R51688399,UNITE,OK
TKT91395685513,2026-01-15T18:47:37Z,PORTE-B,R57081084,UNITE,OK
TKT99952687682,2026-01-15T18:47:38Z,PORTE-A,R56171938,ABONNEMENT,OK
TKT10508865471,2026-01-15T18:47:38Z,PORTE-C,R56555063,UNITE,OK
TKT23259670033,2026-01-15T18:47:40Z,VIP-EST,R59930586,UNITE,OK
TKT29737711738,2026-01-15T18:47:40Z,PORTE-B,,UNITE,OK
TKT98941292332,2026-01-15T18:47:42Z,PORTE-C,R52457436,UNITE,OK
TKT70561079635,2026-01-15T18:47:43Z,PORTE-A,R52425426,UNITE,OK
TKT51394124588,2026-01-15T18:47:45Z,PORTE-A,,UNITE,OK
TKT50833957705,2026-01-15T18:47:47Z,PORTE-B,R57067062,UNITE,OK
TKT52479251463,2026-01-15T18:47:47Z,PORTE-C,R52591482,UNITE,OK
TKT11561503088,2026-01-15T18:47:48Z,PORTE-C,,UNITE,OK
TKT89601104872,2026-01-15T18:47:48Z,PORTE-B,,INVITATION,OK
TKT98768496459,2026-01-15T18:47:49Z,PORTE-A,R58615222,VIP,OK
TKT46423979620,2026-01-15T18:47:49Z,PORTE-C,R53566219,UNITE,OK
TKT27591202552,2026-01-15T18:47:50Z,PORTE-D,R51618095,ABONNEMENT,OK
TKT95826887502,2026-01-15T18:47:51Z,PORTE-D,,GROUPE,OK
TKT13136724913,2026-01-15T18:47:51Z,PORTE-C,R55036940,UNITE,OK
TKT79941238985,2026-01-15T18:47:53Z,PORTE-B,R55893703,ABONNEMENT,OK
TKT72888252572,2026-01-15T18:47:53Z,PORTE-C,R58602694,UNITE,OK
TKT19483322777,2026-01-15T18:47:53Z,PORTE-C,R54529922,UNITE,OK
TKT35140976617,2026-01-15T18:47:55Z,PORTE-D,R52144528,UNITE,OK
TKT96001938560,2026-01-15T18:47:55Z,VIP-EST,R56663497,UNITE,OK
TKT21044015480,2026-01-15T18:47:56Z,PORTE-D,R56175827,UNITE,OK
TKT68999892904,2026-01-15T18:47:56Z,PORTE-C,R51606324,UNITE,OK
TKT15797993176,2026-01-15T18:47:57Z,PORTE-A,R59111407,UNITE,OK
TKT73107470700,2026-01-15T18:47:57Z,VIP-EST,,UNITE,OK
TKT75284934444,2026-01-15T18:47:58Z,PORTE-A,R56897730,ABONNEMENT,OK
TKT50650907132,2026-01-15T18:47:59Z,PORTE-C,R57909937,UNITE,OK
TKT11160133741,2026-01-15T18:47:59Z,PORTE-A,R54304740,UNITE,OK
TKT33997387444,2026-01-15T18:48:00Z,PORTE-C,R53949066,UNITE,OK
TKT49678929264,2026-01-15T18:48:01Z,PMR-NORD,R55385737,ABONNEMENT,OK
TKT86370081765,2026-01-15T18:48:01Z,PORTE-D,,UNITE,OK
TKT19128886211,2026-01-15T18:48:01Z,PORTE-C,,UNITE,OK
TKT94375398154,2026-01-15T18:48:02Z,PORTE-D,R51315829,ABONNEMENT,OK
TKT28131960405,2026-01-15T18:48:02Z,PORTE-C,R54828319,UNITE,OK
TKT73461423548,2026-01-15T18:48:03Z,PORTE-C,R57757712,ABONNEMENT,OK
TKT55839548599,2026-01-15T18:48:03Z,PORTE-C,R55961076,ABONNEMENT,OK
TKT47975774913,2026-01-15T18:48:04Z,PORTE-C,R51317735,UNITE,OK
TKT39925131321,2026-01-15T18:48:04Z,PORTE-D,R52931285,UNITE,OK
TKT53594665587,2026-01-15T18:48:05Z,PORTE-C,R55681672,UNITE,OK
TKT85473208728,2026-01-15T18:48:06Z,PORTE-A,R51321068,ABONNEMENT,OK
TKT27888917701,2026-01-15T18:48:06Z,PORTE-B,R52699906,INVITATION,OK
TKT20209569154,2026-01-15T18:48:06Z,PORTE-C,R59200292,UNITE,OK
TKT52582333206,2026-01-15T18:48:07Z,VIP-EST,R52551560,UNITE,OK
TKT24443401679,2026-01-15T18:48:08Z,PORTE-C,,UNITE,OK
TKT23356176192,2026-01-15T18:48:09Z,PORTE-D,R59654803,UNITE,OK
TKT97224876091,2026-01-15T18:48:10Z,PORTE-A,R52865560,ABONNEMENT,OK
TKT91476721227,2026-01-15T18:48:10Z,PORTE-C,R54634534,UNITE,OK
TKT14850609474,2026-01-15T18:48:11Z,PORTE-D,R59087098,ABONNEMENT,OK
TKT31735691463,2026-01-15T18:48:12Z,PORTE-B,R58019051,UNITE,OK
TKT77000673380,2026-01-15T18:48:12Z,PORTE-D,,GROUPE,OK
TKT89321130058,2026-01-15T18:48:12Z,PORTE-C,R51232049,UNITE,OK
TKT23762945234,2026-01-15T18:48:13Z,PORTE-D,R57376493,UNITE,OK
TKT20827235000,2026-01-15T18:48:13Z,PORTE-D,R54587266,UNITE,OK
TKT17377767288,2026-01-15T18:48:15Z,PORTE-D,R53410383,ABONNEMENT,OK
TKT15077027334,2026-01-15T18:48:15Z,VIP-EST,R58809687,ABONNEMENT,OK
TKT35471591556,2026-01-15T18:48:16Z,PORTE-D,,UNITE,OK
TKT75966160500,2026-01-15T18:48:17Z,PORTE-C,R59477579,ABONNEMENT,OK
TKT62814422677,2026-01-15T18:48:17Z,PORTE-C,R52722999,UNITE,OK
TKT40872081987,2026-01-15T18:48:17Z,PORTE-D,R57130469,UNITE,OK
TKT39634942920,2026-01-15T18:48:18Z,VIP-EST,,GROUPE,OK
TKT38344039149,2026-01-15T18:48:18Z,PORTE-C,R56954059,UNITE,OK
TKT51487399438,2026-01-15T18:48:19Z,PORTE-C,R57440379,ABONNEMENT,OK
TKT78632993904,2026-01-15T18:48:19Z,PORTE-C,,GROUPE,OK
TKT17245032672,2026-01-15T18:48:19Z,PORTE-A,R55186100,INVITATION,OK
TKT62524281224,2026-01-15T18:48:19Z,PORTE-D,,GROUPE,OK
TKT84965930188,2026-01-15T18:48:20Z,PORTE-C,R53470447,UNITE,OK
TKT52254133376,2026-01-15T18:48:20Z,VIP-EST,R58908313,UNITE,OK
TKT56866760822,2026-01-15T18:48:20Z,PORTE-C,R59011766,UNITE,OK
TKT48096769925,2026-01-15T18:48:20Z,PORTE-C,,UNITE,OK
TKT71049397292,2026-01-15T18:48:21Z,VIP-EST,R57157652,VIP,OK
TKT50847428779,2026-01-15T18:48:21Z,PORTE-B,R53930877,UNITE,OK
TKT48007159899,2026-01-15T18:48:21Z,VIP-EST,R57984043,INVITATION,OK
TKT23380605940,2026-01-15T18:48:22Z,PORTE-D,R57550508,UNITE,OK
TKT31044890793,2026-01-15T18:48:24Z,PORTE-D,R54693459,ABONNEMENT,OK
TKT37719335285,2026-01-15T18:48:24Z,PORTE-A,R51674635,ABONNEMENT,OK
TKT48145001861,2026-01-15T18:48:24Z,PORTE-A,R52525335,UNITE,OK
TKT43551207871,2026-01-15T18:48:25Z,VIP-EST,,VIP,OK
TKT16608524477,2026-01-15T18:48:25Z,VIP-EST,,UNITE,OK
TKT21106369803,2026-01-15T18:48:26Z,PORTE-C,R56900048,UNITE,OK
TKT91842777891,2026-01-15T18:48:26Z,PORTE-C,R53613889,UNITE,OK
TKT18310706080,2026-01-15T18:48:27Z,PORTE-C,R54663556,UNITE,OK
TKT79366861468,2026-01-15T18:48:28Z,PORTE-B,,UNITE,OK
TKT60422603759,2026-01-15T18:48:28Z,PORTE-A,R52509675,UNITE,OK
TKT70739119562,2026-01-15T18:48:28Z,PORTE-C,,GROUPE,OK
TKT30942335337,2026-01-15T18:48:28Z,PORTE-B,R56569373,UNITE,OK
TKT64543991514,2026-01-15T18:48:28Z,PORTE-A,R55928242,UNITE,OK
TKT14045801110,2026-01-15T18:48:28Z,PORTE-C,R54748686,UNITE,OK
TKT12550962745,2026-01-15T18:48:29Z,PORTE-A,R53341995,UNITE,OK
TKT86502949841,2026-01-15T18:48:30Z,PORTE-A,R51614360,UNITE,OK
TKT55609840060,2026-01-15T18:48:32Z,PORTE-A,R53738338,VIP,OK
TKT57753686717,2026-01-15T18:48:33Z,PORTE-B,,UNITE,OK
TKT38354552822,2026-01-15T18:48:33Z,PORTE-A,R55366399,UNITE,OK
TKT88349932617,2026-01-15T18:48:35Z,PORTE-D,R53656052,ABONNEMENT,OK
TKT85272344239,2026-01-15T18:48:35Z,PORTE-C,,GROUPE,OK
TKT97723212479,2026-01-15T18:48:35Z,PORTE-D,R51660057,UNITE,OK
TKT59277352868,2026-01-15T18:48:35Z,PORTE-D,R53479508,UNITE,OK
TKT62373399297,2026-01-15T18:48:35Z,PORTE-B,,UNITE,OK
TKT36382809895,2026-01-15T18:48:35Z,PORTE-A,,VIP,OK
TKT71238095461,2026-01-15T18:48:35Z,PORTE-A,R58412051,UNITE,OK
TKT35140416654,2026-01-15T18:48:36Z,PORTE-B,R53663006,UNITE,OK
TKT45486800786,2026-01-15T18:48:36Z,VIP-EST,R53889749,UNITE,OK
TKT77053243781,2026-01-15T18:48:36Z,VIP-EST,,UNITE,OK
TKT62814810509,2026-01-15T18:48:38Z,PORTE-C,,UNITE,OK
TKT21289449225,2026-01-15T18:48:38Z,PORTE-B,R54069147,UNITE,OK
TKT64866472118,2026-01-15T18:48:38Z,PORTE-A,R58290265,VIP,OK
TKT76466769310,2026-01-15T18:48:39Z,PORTE-D,R52580994,ABONNEMENT,OK
TKT88731886013,2026-01-15T18:48:39Z,PORTE-C,R52024524,ABONNEMENT,OK
TKT56002776198,2026-01-15T18:48:39Z,PORTE-C,R54000223,GROUPE,OK
TKT66514466048,2026-01-15T18:48:39Z,PORTE-A,,UNITE,OK
TKT96942941083,2026-01-15T18:48:39Z,PORTE-A,,UNITE,OK
TKT26897548544,2026-01-15T18:48:40Z,PORTE-D,R57379414,UNITE,OK
TKT12710633807,2026-01-15T18:48:41Z,PORTE-C,R59729110,ABONNEMENT,OK
TKT51184692225,2026-01-15T18:48:42Z,PORTE-D,R57244698,UNITE,OK
TKT46737671545,2026-01-15T18:48:43Z,VIP-EST,R54745631,UNITE,OK
TKT85801311334,2026-01-15T18:48:43Z,PORTE-D,R57630744,UNITE,OK
TKT97745762026,2026-01-15T18:48:45Z,PORTE-D,R54278324,ABONNEMENT,OK
TKT14662501455,2026-01-15T18:48:45Z,PORTE-C,R54518007,UNITE,OK
TKT13036155154,2026-01-15T18:48:46Z,VIP-EST,R53811754,UNITE,OK
TKT59024996335,2026-01-15T18:48:47Z,PORTE-D,,UNITE,OK
TKT69478276548,2026-01-15T18:48:47Z,PORTE-C,R57476881,UNITE,OK
TKT99806723798,2026-01-15T18:48:47Z,PORTE-D,R52108706,UNITE,OK
TKT68800003251,2026-01-15T18:48:48Z,PORTE-C,R52405800,ABONNEMENT,OK
TKT44927675588,2026-01-15T18:48:48Z,PORTE-A,R51740427,UNITE,OK
TKT38106080116,2026-01-15T18:48:48Z,VIP-EST,R58735638,UNITE,OK
TKT51915194425,2026-01-15T18:48:48Z,PORTE-C,R56799114,UNITE,OK
TKT37884119015,2026-01-15T18:48:48Z,PORTE-A,R52184651,UNITE,OK
TKT33747783238,2026-01-15T18:48:48Z,PORTE-A,R51022125,UNITE,REFUSE_INVALIDE
TKT87154990145,2026-01-15T18:48:49Z,PORTE-D,R53619483,UNITE,OK
TKT75499498622,2026-01-15T18:48:49Z,PORTE-D,R58447873,INVITATION,OK
TKT93668832771,2026-01-15T18:48:49Z,PORTE-C,R56297680,UNITE,OK
TKT55702915321,2026-01-15T18:48:49Z,PORTE-B,,UNITE,OK
TKT97790030808,2026-01-15T18:48:50Z,PORTE-B,R59723114,UNITE,OK
TKT24112617494,2026-01-15T18:48:50Z,PORTE-D,,GROUPE,OK
TKT69319486335,2026-01-15T18:48:50Z,PORTE-D,R52640311,UNITE,OK
TKT55933826515,2026-01-15T18:48:51Z,PORTE-D,,UNITE,OK
TKT72613538476,2026-01-15T18:48:52Z,PORTE-C,R58276990,ABONNEMENT,OK
TKT21449920376,2026-01-15T18:48:52Z,VIP-EST,R54174516,UNITE,OK
TKT53144409013,2026-01-15T18:48:52Z,PORTE-C,R51508780,UNITE,OK
TKT23741490092,2026-01-15T18:48:52Z,PORTE-A,R58730667,UNITE,OK
TKT62739776867,2026-01-15T18:48:52Z,PORTE-D,R54097958,UNITE,OK
TKT45016446167,2026-01-15T18:48:53Z,PORTE-C,R51347159,UNITE,OK
TKT51285837064,2026-01-15T18:48:53Z,PORTE-D,,UNITE,OK
TKT83680537785,2026-01-15T18:48:54Z,PORTE-D,R56928859,UNITE,OK
TKT86046425127,2026-01-15T18:48:54Z,PORTE-A,R55870208,UNITE,OK
TKT65615873609,2026-01-15T18:48:54Z,PORTE-A,R56660911,UNITE,OK
TKT83916742518,2026-01-15T18:48:55Z,PORTE-D,,UNITE,OK
TKT39796593024,2026-01-15T18:48:55Z,PORTE-A,R53092169,UNITE,OK
TKT57368979545,2026-01-15T18:48:56Z,PORTE-C,,UNITE,OK
TKT82886224103,2026-01-15T18:48:56Z,PORTE-A,R56014330,UNITE,OK
TKT58577566619,2026-01-15T18:48:58Z,PORTE-C,R52708967,ABONNEMENT,OK
TKT80653775139,2026-01-15T18:48:58Z,PORTE-C,,UNITE,OK
TKT46453448203,2026-01-15T18:48:59Z,PORTE-A,R59031526,UNITE,OK
TKT95455255455,2026-01-15T18:49:00Z,VIP-EST,R53030658,ABONNEMENT,OK
TKT49026326034,2026-01-15T18:49:01Z,PORTE-A,R56360206,ABONNEMENT,OK
TKT92148852183,2026-01-15T18:49:01Z,PORTE-C,R55421837,ABONNEMENT,OK
TKT26973699920,2026-01-15T18:49:01Z,PORTE-C,R51346958,UNITE,OK
TKT45155182871,2026-01-15T18:49:01Z,PORTE-C,R56993291,UNITE,OK
TKT92968709243,2026-01-15T18:49:01Z,VIP-EST,R56894119,UNITE,OK
TKT20445899234,2026-01-15T18:49:02Z,PORTE-A,R54862369,UNITE,OK
TKT51130788543,2026-01-15T18:49:02Z,VIP-EST,,UNITE,OK
TKT86885138287,2026-01-15T18:49:03Z,PORTE-A,R55749591,ABONNEMENT,OK
TKT58642671120,2026-01-15T18:49:03Z,PORTE-D,R57378734,ABONNEMENT,OK
TKT84224662998,2026-01-15T18:49:03Z,PORTE-A,R52313180,UNITE,OK
TKT97997268981,2026-01-15T18:49:03Z,VIP-EST,R59287204,UNITE,OK
TKT17165366210,2026-01-15T18:49:04Z,PORTE-B,R54083524,UNITE,OK
TKT61262492957,2026-01-15T18:49:04Z,PORTE-A,R56030613,UNITE,OK
TKT18588311838,2026-01-15T18:49:05Z,PORTE-D,,UNITE,OK
TKT41568160783,2026-01-15T18:49:05Z,PORTE-C,R58531931,UNITE,OK
TKT74048133268,2026-01-15T18:49:06Z,PORTE-B,R56430490,UNITE,OK
TKT30055051139,2026-01-15T18:49:07Z,PORTE-D,R53964458,ABONNEMENT,OK
TKT85341973150,2026-01-15T18:49:07Z,PORTE-C,R55955559,UNITE,OK
TKT70797522353,2026-01-15T18:49:07Z,PORTE-D,R55078423,UNITE,OK
TKT36693710709,2026-01-15T18:49:07Z,PORTE-A,R53696175,VIP,OK
TKT93147124200,2026-01-15T18:49:07Z,PORTE-C,,GROUPE,OK
TKT43417577721,2026-01-15T18:49:08Z,PORTE-A,,UNITE,OK
TKT56647635107,2026-01-15T18:49:09Z,PORTE-C,,UNITE,OK
TKT12592258145,2026-01-15T18:49:10Z,PORTE-A,R59558093,ABONNEMENT,OK
TKT76947761835,2026-01-15T18:49:10Z,VIP-EST,R53016224,VIP,OK
TKT64370083479,2026-01-15T18:49:12Z,VIP-EST,,UNITE,OK
TKT52552251628,2026-01-15T18:49:12Z,PORTE-C,R52843291,UNITE,OK
TKT18830011352,2026-01-15T18:49:12Z,PORTE-D,R55636866,UNITE,OK
TKT63916558431,2026-01-15T18:49:13Z,PORTE-C,R51934815,UNITE,OK
TKT38454132043,2026-01-15T18:49:13Z,PORTE-D,R54764289,UNITE,OK
TKT36200336984,2026-01-15T18:49:15Z,PORTE-B,R57261929,ABONNEMENT,OK
TKT34165149077,2026-01-15T18:49:15Z,PORTE-C,R52840963,ABONNEMENT,OK
TKT60530834276,2026-01-15T18:49:15Z,PORTE-C,R57771600,UNITE,OK
TKT99043617411,2026-01-15T18:49:15Z,VIP-EST,R59099224,UNITE,OK
TKT82794980986,2026-01-15T18:49:16Z,PORTE-C,,UNITE,OK
TKT92031585501,2026-01-15T18:49:16Z,PORTE-C,,GROUPE,OK
TKT12445417616,2026-01-15T18:49:16Z,PORTE-D,R57595870,UNITE,OK
TKT26944511608,2026-01-15T18:49:16Z,PORTE-B,,GROUPE,OK
TKT33974123942,2026-01-15T18:49:17Z,PORTE-B,R55882334,UNITE,OK
TKT77857078417,2026-01-15T18:49:17Z,PORTE-C,,UNITE,OK
TKT65737201454,2026-01-15T18:49:18Z,PORTE-D,R52079828,ABONNEMENT,OK
TKT54658703797,2026-01-15T18:49:18Z,PORTE-A,,UNITE,OK
TKT31314307255,2026-01-15T18:49:19Z,PORTE-D,R59667331,UNITE,OK
TKT37557402638,2026-01-15T18:49:19Z,PORTE-D,,UNITE,OK
TKT49999592782,2026-01-15T18:49:19Z,VIP-EST,R55390986,UNITE,OK
TKT19188427428,2026-01-15T18:49:20Z,PORTE-D,R59691928,ABONNEMENT,OK
TKT88002078124,2026-01-15T18:49:20Z,PORTE-A,,UNITE,OK
TKT53518544378,2026-01-15T18:49:23Z,PORTE-C,R57502158,ABONNEMENT,OK
TKT14146373293,2026-01-15T18:49:23Z,PORTE-D,R58474366,ABONNEMENT,OK
TKT74532682590,2026-01-15T18:49:23Z,PORTE-B,R54768714,UNITE,OK
TKT82686061871,2026-01-15T18:49:23Z,PORTE-A,R59905453,INVITATION,OK
TKT70310321788,2026-01-15T18:49:24Z,PORTE-C,R53982915,ABONNEMENT,OK
TKT20647880352,2026-01-15T18:49:24Z,PORTE-A,,UNITE,OK
TKT28518367255,2026-01-15T18:49:25Z,PORTE-B,R52539367,UNITE,OK
TKT67905498478,2026-01-15T18:49:25Z,PORTE-D,R53152990,UNITE,OK
TKT22274112910,2026-01-15T18:49:26Z,VIP-EST,R55163831,UNITE,OK
TKT75852066884,2026-01-15T18:49:27Z,PORTE-A,,UNITE,OK
TKT76914886268,2026-01-15T18:49:28Z,PORTE-C,R53897574,ABONNEMENT,OK
TKT41200907374,2026-01-15T18:49:28Z,PORTE-A,R59143149,ABONNEMENT,OK
TKT22556244236,2026-01-15T18:49:28Z,PORTE-D,R53533117,UNITE,OK
TKT81978632870,2026-01-15T18:49:29Z,PORTE-A,R59144921,UNITE,OK
TKT28157921738,2026-01-15T18:49:30Z,PORTE-C,R54658786,INVITATION,OK
TKT83222213632,2026-01-15T18:49:30Z,PORTE-D,,UNITE,OK
TKT72991475849,2026-01-15T18:49:30Z,PORTE-B,R52771426,UNITE,OK
TKT20679289603,2026-01-15T18:49:31Z,PORTE-A,R54138004,UNITE,OK
TKT61178446120,2026-01-15T18:49:31Z,PORTE-B,R55379463,UNITE,OK
TKT32701396090,2026-01-15T18:49:31Z,PORTE-B,R54690384,UNITE,OK
TKT61332831352,2026-01-15T18:49:31Z,PORTE-C,,UNITE,OK
TKT62297677591,2026-01-15T18:49:31Z,PORTE-A,R52350707,UNITE,OK
TKT99673769485,2026-01-15T18:49:32Z,VIP-EST,R53500963,UNITE,OK
TKT32510460093,2026-01-15T18:49:33Z,PORTE-A,R59132393,UNITE,OK
TKT90935089762,2026-01-15T18:49:34Z,PORTE-C,R58662423,ABONNEMENT,OK
TKT93882103822,2026-01-15T18:49:34Z,PORTE-A,,UNITE,OK
TKT59540975886,2026-01-15T18:49:35Z,PORTE-C,R59091044,UNITE,OK
TKT85796435618,2026-01-15T18:49:35Z,PORTE-C,,GROUPE,OK
TKT24495961830,2026-01-15T18:49:35Z,PORTE-D,R51263379,UNITE,OK
TKT93144786944,2026-01-15T18:49:35Z,VIP-EST,,VIP,OK
TKT55427515136,2026-01-15T18:49:36Z,PORTE-C,R52090048,UNITE,OK
TKT91136735482,2026-01-15T18:49:36Z,PORTE-C,,UNITE,OK
TKT35376955278,2026-01-15T18:49:37Z,PORTE-C,R55396905,UNITE,OK
TKT95327902044,2026-01-15T18:49:40Z,PORTE-D,R55548460,ABONNEMENT,OK
TKT54066765280,2026-01-15T18:49:40Z,PORTE-D,R51020219,UNITE,OK
TKT22622233534,2026-01-15T18:49:40Z,PORTE-D,R51622262,UNITE,OK
TKT19765652880,2026-01-15T18:49:40Z,PORTE-C,R59086006,UNITE,OK
TKT51946480807,2026-01-15T18:49:41Z,PORTE-A,,UNITE,OK
TKT76639322894,2026-01-15T18:49:41Z,PORTE-A,R56886495,UNITE,OK
TKT31861320523,2026-01-15T18:49:42Z,VIP-EST,R55787721,UNITE,OK
TKT99518102185,2026-01-15T18:49:42Z,PORTE-C,R54533054,UNITE,OK
TKT65783450575,2026-01-15T18:49:42Z,VIP-EST,R55451529,UNITE,OK
TKT72960986372,2026-01-15T18:49:42Z,PORTE-A,R55102196,UNITE,OK
TKT77389928401,2026-01-15T18:49:43Z,PORTE-C,R58020076,ABONNEMENT,OK
TKT83789382965,2026-01-15T18:49:44Z,PORTE-A,R52989999,UNITE,OK
TKT40303516134,2026-01-15T18:49:44Z,PORTE-C,R52377200,UNITE,OK
TKT49606814907,2026-01-15T18:49:44Z,PORTE-A,,UNITE,OK
TKT42624632899,2026-01-15T18:49:44Z,PORTE-C,R58615902,INVITATION,OK
TKT30876455239,2026-01-15T18:49:45Z,PORTE-A,,GROUPE,OK
TKT35111374252,2026-01-15T18:49:46Z,VIP-EST,R56777103,VIP,OK
TKT81224568887,2026-01-15T18:49:46Z,VIP-EST,R56675422,UNITE,OK
TKT67817078721,2026-01-15T18:49:46Z,PORTE-A,R56924156,UNITE,OK
TKT10799018303,2026-01-15T18:49:46Z,PORTE-C,,UNITE,OK
TKT89521571457,2026-01-15T18:49:47Z,PORTE-B,R51836189,UNITE,OK
TKT35798101121,2026-01-15T18:49:47Z,PORTE-C,,GROUPE,OK
TKT83148158656,2026-01-15T18:49:49Z,PORTE-A,R56156077,UNITE,OK
TKT95487256343,2026-01-15T18:49:49Z,VIP-EST,R55061872,GROUPE,OK
TKT40495121655,2026-01-15T18:49:49Z,PORTE-C,R55433340,GROUPE,OK
TKT54030145303,2026-01-15T18:49:50Z,PORTE-D,R59137498,UNITE,OK
TKT98151743465,2026-01-15T18:49:51Z,VIP-EST,,VIP,OK
TKT60042574667,2026-01-15T18:49:51Z,PORTE-B,R51168565,UNITE,OK
TKT72195519352,2026-01-15T18:49:52Z,PORTE-C,R59296399,UNITE,OK
TKT16521181888,2026-01-15T18:49:54Z,PORTE-C,R52646039,ABONNEMENT,OK
TKT43474487514,2026-01-15T18:49:54Z,PORTE-D,R57629585,ABONNEMENT,OK
TKT67683340495,2026-01-15T18:49:54Z,PORTE-C,R59156166,UNITE,OK
TKT24867550390,2026-01-15T18:49:54Z,PORTE-A,R54132420,UNITE,OK
TKT24378350199,2026-01-15T18:49:55Z,PORTE-A,R55826762,UNITE,OK
TKT20668660883,2026-01-15T18:49:56Z,VIP-EST,R51301251,ABONNEMENT,OK
TKT76311466717,2026-01-15T18:49:56Z,VIP-EST,R58710850,ABONNEMENT,OK
TKT20110445012,2026-01-15T18:49:56Z,VIP-EST,R53216052,INVITATION,OK
TKT90222567611,2026-01-15T18:49:56Z,PORTE-A,R51714413,UNITE,OK
TKT95254560503,2026-01-15T18:49:56Z,PORTE-C,,UNITE,OK
TKT52294700920,2026-01-15T18:49:56Z,PORTE-D,R59876910,UNITE,OK
TKT94435411674,2026-01-15T18:49:57Z,PORTE-A,R59753774,UNITE,OK
TKT37653025117,2026-01-15T18:49:59Z,PORTE-A,R54517796,UNITE,OK
TKT52676114764,2026-01-15T18:49:59Z,PORTE-C,R54676218,UNITE,OK
TKT92850330763,2026-01-15T18:50:00Z,PORTE-C,R54746847,UNITE,OK
TKT92321178060,2026-01-15T18:50:00Z,PORTE-A,R58116374,UNITE,OK
TKT90195651421,2026-01-15T18:50:01Z,PORTE-A,R55246864,UNITE,OK
TKT26080204539,2026-01-15T18:50:01Z,PORTE-C,,UNITE,OK
TKT83197903283,2026-01-15T18:50:02Z,PORTE-C,R52419708,UNITE,OK
TKT11449379568,2026-01-15T18:50:02Z,VIP-EST,R59267722,UNITE,OK
TKT36333554029,2026-01-15T18:50:02Z,PORTE-B,R57534714,UNITE,OK
TKT18014111011,2026-01-15T18:50:03Z,PORTE-D,R56846583,UNITE,OK
TKT98492890375,2026-01-15T18:50:03Z,PORTE-D,R53596045,INVITATION,OK
TKT54171333729,2026-01-15T18:50:04Z,PORTE-B,R52738046,UNITE,OK
TKT39240015724,2026-01-15T18:50:06Z,VIP-EST,R55110021,UNITE,OK
TKT44347097491,2026-01-15T18:50:06Z,PORTE-C,,GROUPE,OK
TKT48911524846,2026-01-15T18:50:07Z,PORTE-A,R58237825,UNITE,OK
TKT20379064624,2026-01-15T18:50:07Z,PORTE-C,,UNITE,OK
TKT88939835720,2026-01-15T18:50:07Z,PORTE-C,,UNITE,OK
TKT25750126230,2026-01-15T18:50:08Z,PORTE-C,R54078620,ABONNEMENT,OK
TKT58180506325,2026-01-15T18:50:09Z,PORTE-B,,UNITE,OK
TKT93025582833,2026-01-15T18:50:10Z,PORTE-A,,UNITE,OK
TKT53151548747,2026-01-15T18:50:10Z,PORTE-A,R55065483,UNITE,OK
TKT15481743601,2026-01-15T18:50:11Z,PORTE-C,R57328803,ABONNEMENT,OK
TKT55930633425,2026-01-15T18:50:12Z,PORTE-C,R55520386,ABONNEMENT,OK
TKT89878385641,2026-01-15T18:50:12Z,VIP-EST,R57651241,ABONNEMENT,OK
TKT39814852979,2026-01-15T18:50:12Z,PORTE-C,,UNITE,OK
TKT12795187883,2026-01-15T18:50:13Z,VIP-EST,,VIP,OK
TKT71630980643,2026-01-15T18:50:13Z,VIP-EST,,GROUPE,OK
TKT62700165918,2026-01-15T18:50:14Z,PORTE-B,R51154543,ABONNEMENT,OK
TKT60446334316,2026-01-15T18:50:14Z,PORTE-B,R56489750,UNITE,OK
TKT53346855046,2026-01-15T18:50:14Z,PORTE-C,R53830834,INVITATION,OK
TKT33270915238,2026-01-15T18:50:16Z,PORTE-C,R53149446,UNITE,OK
TKT94232121294,2026-01-15T18:50:16Z,PORTE-C,R58736127,UNITE,OK
TKT52678200795,2026-01-15T18:50:17Z,PORTE-B,R56638364,ABONNEMENT,OK
TKT58380013574,2026-01-15T18:50:17Z,PORTE-C,R52859909,UNITE,OK
TKT68255777926,2026-01-15T18:50:18Z,PORTE-D,R57693816,ABONNEMENT,OK
TKT40563201174,2026-01-15T18:50:21Z,PORTE-C,R57659632,ABONNEMENT,OK
TKT12191641988,2026-01-15T18:50:21Z,PORTE-C,R55403370,UNITE,OK
TKT50150042910,2026-01-15T18:50:21Z,PORTE-B,R51000881,UNITE,OK
TKT25763959869,2026-01-15T18:50:21Z,PORTE-A,R56403585,UNITE,OK
TKT71723523482,2026-01-15T18:50:21Z,PORTE-C,R52392180,UNITE,OK
TKT82478376144,2026-01-15T18:50:21Z,VIP-EST,R57754570,UNITE,OK
TKT15411547524,2026-01-15T18:50:21Z,PORTE-C,,GROUPE,OK
TKT70929745453,2026-01-15T18:50:22Z,PORTE-C,R59086897,UNITE,OK
TKT60775273697,2026-01-15T18:50:22Z,PORTE-A,R52412419,UNITE,OK
TKT12749831817,2026-01-15T18:50:23Z,PORTE-C,R52328572,UNITE,OK
TKT97994917389,2026-01-15T18:50:23Z,VIP-EST,R57433626,UNITE,OK
TKT13087226783,2026-01-15T18:50:24Z,PORTE-D,,UNITE,OK
TKT60324932953,2026-01-15T18:50:24Z,PORTE-C,R57062560,UNITE,OK
TKT65509948101,2026-01-15T18:50:25Z,PORTE-D,,UNITE,OK
TKT52831202303,2026-01-15T18:50:25Z,PORTE-C,R59830734,INVITATION,OK
TKT44710065023,2026-01-15T18:50:25Z,PORTE-A,R51621103,UNITE,OK
TKT46497872140,2026-01-15T18:50:26Z,PORTE-B,R58722430,UNITE,OK
TKT71264246622,2026-01-15T18:50:26Z,PORTE-C,R58608680,UNITE,OK
TKT55680813237,2026-01-15T18:50:27Z,PORTE-D,,GROUPE,OK
TKT35010618175,2026-01-15T18:50:27Z,VIP-EST,R54126980,UNITE,OK
TKT30522868477,2026-01-15T18:50:27Z,PORTE-A,R59684160,UNITE,OK
TKT72530065548,2026-01-15T18:50:27Z,PORTE-D,R56431927,UNITE,OK
TKT64889597404,2026-01-15T18:50:29Z,PORTE-C,R59587517,UNITE,OK
TKT29992677671,2026-01-15T18:50:29Z,PORTE-C,,GROUPE,REFUSE_DEJA_SCANNE
TKT88426018499,2026-01-15T18:50:29Z,PORTE-A,R58045956,VIP,OK
TKT84369423675,2026-01-15T18:50:29Z,PORTE-B,,GROUPE,OK
TKT45886103106,2026-01-15T18:50:30Z,PORTE-C,R55204624,UNITE,OK
TKT22047510345,2026-01-15T18:50:30Z,PORTE-C,R52190915,UNITE,OK
TKT64984471530,2026-01-15T18:50:31Z,PORTE-D,R59787422,ABONNEMENT,OK
TKT19821709819,2026-01-15T18:50:31Z,VIP-EST,R54487692,UNITE,OK
TKT15019880966,2026-01-15T18:50:35Z,PORTE-B,,UNITE,OK
TKT95294580802,2026-01-15T18:50:36Z,PORTE-D,,UNITE,OK
TKT66999337849,2026-01-15T18:50:38Z,PORTE-C,R56624888,ABONNEMENT,OK
TKT33493221507,2026-01-15T18:50:38Z,PORTE-C,R56750744,ABONNEMENT,OK
TKT61153055572,2026-01-15T18:50:38Z,PORTE-C,R54932117,UNITE,OK
TKT25240985492,2026-01-15T18:50:38Z,PORTE-A,R55936067,UNITE,OK
TKT70659565114,2026-01-15T18:50:40Z,VIP-EST,,GROUPE,OK
TKT31417005233,2026-01-15T18:50:41Z,VIP-EST,R51382502,ABONNEMENT,OK
TKT71074109889,2026-01-15T18:50:41Z,PORTE-D,R58754172,UNITE,OK
TKT22168072236,2026-01-15T18:50:41Z,PORTE-A,R55008474,UNITE,OK
TKT86189773915,2026-01-15T18:50:41Z,PORTE-A,R51363700,UNITE,OK
TKT19515916716,2026-01-15T18:50:42Z,PORTE-A,R59787556,ABONNEMENT,OK
TKT70139053314,2026-01-15T18:50:42Z,PORTE-B,R57191702,INVITATION,REFUSE_INVALIDE
TKT62461514957,2026-01-15T18:50:42Z,PORTE-A,,GROUPE,OK
TKT40560798385,2026-01-15T18:50:42Z,PORTE-D,R58820165,UNITE,OK
TKT80390777322,2026-01-15T18:50:45Z,PORTE-A,R56113502,UNITE,OK
TKT78267356232,2026-01-15T18:50:45Z,VIP-EST,,UNITE,OK
TKT39975380478,2026-01-15T18:50:45Z,PORTE-A,R59873242,UNITE,OK
TKT28711442724,2026-01-15T18:50:46Z,PORTE-C,R53366371,UNITE,OK
TKT62233733477,2026-01-15T18:50:46Z,PORTE-B,,UNITE,OK
TKT40618430361,2026-01-15T18:50:46Z,PORTE-C,,UNITE,OK
TKT37123174691,2026-01-15T18:50:47Z,PORTE-A,,GROUPE,OK
TKT31211274507,2026-01-15T18:50:47Z,VIP-EST,R52854794,UNITE,OK
TKT86968109346,2026-01-15T18:50:48Z,PORTE-D,R58069585,ABONNEMENT,OK
TKT54566452941,2026-01-15T18:50:48Z,VIP-EST,R55905417,ABONNEMENT,OK
TKT61218740296,2026-01-15T18:50:49Z,PORTE-D,R54767421,ABONNEMENT,OK
TKT93977953562,2026-01-15T18:50:50Z,PORTE-C,R52568734,UNITE,OK
TKT17911841884,2026-01-15T18:50:51Z,PORTE-C,R52470031,ABONNEMENT,OK
TKT76518168406,2026-01-15T18:50:51Z,PORTE-C,,UNITE,OK
TKT46714796103,2026-01-15T18:50:52Z,PORTE-C,R59897082,ABONNEMENT,OK
TKT16722427087,2026-01-15T18:50:52Z,PORTE-D,R55142711,UNITE,OK
TKT58542655123,2026-01-15T18:50:53Z,PORTE-A,R55612748,UNITE,OK
TKT58764033586,2026-01-15T18:50:53Z,PORTE-C,R54215252,UNITE,OK
TKT35595504968,2026-01-15T18:50:54Z,VIP-EST,,GROUPE,OK
TKT29105998958,2026-01-15T18:50:55Z,VIP-EST,R51054547,ABONNEMENT,OK
TKT31330210713,2026-01-15T18:50:55Z,PORTE-C,,UNITE,OK
TKT98355079989,2026-01-15T18:50:55Z,PORTE-A,,UNITE,OK
TKT64542139480,2026-01-15T18:50:56Z,PORTE-A,R58876025,ABONNEMENT,OK
TKT44715146760,2026-01-15T18:50:56Z,VIP-EST,R59161482,UNITE,REFUSE_DEJA_SCANNE
TKT45489794233,2026-01-15T18:50:56Z,PORTE-C,,UNITE,OK
TKT64368449098,2026-01-15T18:50:56Z,VIP-EST,R53190718,UNITE,OK
TKT85908335287,2026-01-15T18:50:56Z,PORTE-A,R54191891,UNITE,OK
TKT39447401603,2026-01-15T18:50:58Z,PORTE-A,R56748982,VIP,OK
TKT61845575529,2026-01-15T18:51:00Z,PORTE-A,R58482000,ABONNEMENT,OK
TKT95579166282,2026-01-15T18:51:00Z,VIP-EST,R51672652,ABONNEMENT,OK
TKT18389912201,2026-01-15T18:51:01Z,PORTE-D,R58378671,UNITE,OK
TKT31185794127,2026-01-15T18:51:01Z,PORTE-C,,GROUPE,OK
TKT38508198276,2026-01-15T18:51:01Z,PORTE-C,,UNITE,OK
TKT96356068983,2026-01-15T18:51:01Z,VIP-EST,R53894509,UNITE,OK
TKT44709079187,2026-01-15T18:51:01Z,PORTE-B,R54420875,UNITE,OK
TKT69950976547,2026-01-15T18:51:03Z,PORTE-C,R57443233,UNITE,OK
TKT22127484322,2026-01-15T18:51:04Z,PORTE-D,R54437225,ABONNEMENT,OK
TKT32064119217,2026-01-15T18:51:04Z,PORTE-C,R53185345,UNITE,OK
TKT44252992549,2026-01-15T18:51:04Z,VIP-EST,R54129556,UNITE,OK
TKT85236357551,2026-01-15T18:51:04Z,PORTE-C,,GROUPE,OK
TKT10548479298,2026-01-15T18:51:04Z,PORTE-C,R55045378,UNITE,OK
TKT75438135294,2026-01-15T18:51:05Z,PORTE-D,R55082024,UNITE,OK
TKT37539594845,2026-01-15T18:51:05Z,PORTE-C,,UNITE,OK
TKT72345452268,2026-01-15T18:51:06Z,PORTE-C,R56303944,UNITE,OK
TKT28839312446,2026-01-15T18:51:07Z,PORTE-C,R52735125,UNITE,OK
TKT87408290432,2026-01-15T18:51:08Z,PORTE-C,R51819102,UNITE,OK
TKT13730922805,2026-01-15T18:51:08Z,VIP-EST,R52952194,VIP,OK
TKT70519892814,2026-01-15T18:51:11Z,PORTE-C,R51627166,UNITE,OK
TKT92876596587,2026-01-15T18:51:12Z,PORTE-B,R51312007,UNITE,REFUSE_INVALIDE
TKT59499269908,2026-01-15T18:51:13Z,PORTE-A,R56270631,UNITE,OK
TKT19853453831,2026-01-15T18:51:13Z,PORTE-C,R53977197,UNITE,OK
TKT65851449075,2026-01-15T18:51:14Z,PORTE-C,R53897718,ABONNEMENT,OK
TKT56296307976,2026-01-15T18:51:14Z,PORTE-B,R58133471,ABONNEMENT,OK
TKT89174640541,2026-01-15T18:51:14Z,PORTE-C,,UNITE,OK
TKT78530551077,2026-01-15T18:51:14Z,PORTE-D,R57162010,UNITE,OK
TKT66341256177,2026-01-15T18:51:16Z,PORTE-D,R54656545,UNITE,OK
TKT37732292107,2026-01-15T18:51:16Z,PORTE-C,,UNITE,OK
TKT56699313045,2026-01-15T18:51:17Z,PORTE-D,,UNITE,OK
TKT57323012650,2026-01-15T18:51:18Z,VIP-EST,R53787378,UNITE,OK
TKT95310781852,2026-01-15T18:51:18Z,PORTE-C,R51528942,UNITE,OK
TKT94013236833,2026-01-15T18:51:18Z,PORTE-A,R58895430,UNITE,OK
TKT12580533066,2026-01-15T18:51:19Z,PORTE-A,,UNITE,OK
TKT35702258101,2026-01-15T18:51:20Z,PORTE-A,R58367091,UNITE,OK
TKT90403493585,2026-01-15T18:51:21Z,PORTE-D,R58917575,ABONNEMENT,OK
TKT29557069042,2026-01-15T18:51:21Z,PORTE-C,R56609754,UNITE,OK
TKT86288502727,2026-01-15T18:51:21Z,PORTE-D,R58619647,UNITE,OK
TKT15406105630,2026-01-15T18:51:22Z,PORTE-C,R51893955,UNITE,OK
TKT22137938656,2026-01-15T18:51:22Z,PORTE-C,,UNITE,OK
TKT18686201861,2026-01-15T18:51:22Z,PORTE-A,R55088499,UNITE,OK
TKT99553165995,2026-01-15T18:51:23Z,PORTE-C,R58391822,ABONNEMENT,OK
TKT25074896910,2026-01-15T18:51:23Z,VIP-EST,R52019342,ABONNEMENT,OK
TKT48283241175,2026-01-15T18:51:23Z,VIP-EST,,UNITE,REFUSE_INVALIDE
TKT40686269812,2026-01-15T18:51:23Z,VIP-EST,R57931258,UNITE,OK
TKT23176873679,2026-01-15T18:51:23Z,PORTE-D,R56953992,UNITE,OK
TKT15610403433,2026-01-15T18:51:24Z,PORTE-C,,UNITE,OK
TKT18192221202,2026-01-15T18:51:25Z,PORTE-D,R52097059,ABONNEMENT,OK
TKT64424971584,2026-01-15T18:51:25Z,PORTE-C,R59061563,UNITE,OK
TKT79025091189,2026-01-15T18:51:26Z,PORTE-B,R56321510,UNITE,OK
TKT91838866121,2026-01-15T18:51:26Z,PORTE-B,,UNITE,OK
TKT24521830492,2026-01-15T18:51:26Z,PORTE-A,R54765716,UNITE,OK
TKT65512982560,2026-01-15T18:51:26Z,PORTE-D,R51327533,UNITE,OK
TKT36146097258,2026-01-15T18:51:27Z,PORTE-B,R53957380,UNITE,OK
TKT82312939081,2026-01-15T18:51:29Z,PORTE-C,R52585898,ABONNEMENT,OK
TKT68415042453,2026-01-15T18:51:29Z,PORTE-C,R52563341,UNITE,OK
TKT98094698694,2026-01-15T18:51:29Z,PORTE-A,R55825727,UNITE,OK
TKT74388364675,2026-01-15T18:51:30Z,PORTE-D,R55828179,ABONNEMENT,OK
TKT19574826449,2026-01-15T18:51:30Z,PORTE-A,,UNITE,OK
TKT13126506274,2026-01-15T18:51:31Z,VIP-EST,,UNITE,OK
TKT10550430419,2026-01-15T18:51:31Z,PORTE-A,,UNITE,OK
TKT78417649333,2026-01-15T18:51:32Z,PORTE-B,R58800003,ABONNEMENT,OK
TKT53417895412,2026-01-15T18:51:32Z,PORTE-D,R58019051,UNITE,OK
TKT24420248241,2026-01-15T18:51:33Z,PORTE-C,R55889144,INVITATION,REFUSE_INVALIDE
TKT90230706315,2026-01-15T18:51:34Z,PORTE-A,,UNITE,OK
TKT20218132601,2026-01-15T18:51:35Z,PORTE-C,R52768505,ABONNEMENT,OK
TKT95647082439,2026-01-15T18:51:35Z,PORTE-C,R58426619,ABONNEMENT,OK
TKT74048274171,2026-01-15T18:51:35Z,PORTE-B,,UNITE,OK
TKT92577498027,2026-01-15T18:51:35Z,VIP-EST,,UNITE,OK
TKT15213982993,2026-01-15T18:51:35Z,VIP-EST,R52069407,UNITE,OK
TKT60369791669,2026-01-15T18:51:37Z,VIP-EST,R51295322,ABONNEMENT,OK
TKT78650380508,2026-01-15T18:51:37Z,PORTE-D,R56383969,ABONNEMENT,OK
TKT49659709224,2026-01-15T18:51:37Z,PORTE-C,R52732606,UNITE,OK
TKT79294595865,2026-01-15T18:51:37Z,VIP-EST,R54349422,UNITE,OK
TKT58966880777,2026-01-15T18:51:37Z,PORTE-B,,UNITE,OK
TKT78879218244,2026-01-15T18:51:38Z,PORTE-A,R58918245,VIP,OK
TKT77885226337,2026-01-15T18:51:38Z,PORTE-C,,UNITE,OK
TKT36355824839,2026-01-15T18:51:39Z,PORTE-B,R59348236,UNITE,OK
TKT20511878464,2026-01-15T18:51:39Z,VIP-EST,R57228415,UNITE,OK
TKT68431162313,2026-01-15T18:51:40Z,PORTE-C,,GROUPE,OK
TKT70946745739,2026-01-15T18:51:41Z,VIP-EST,R57996169,VIP,OK
TKT57258213415,2026-01-15T18:51:41Z,PORTE-A,R55880428,UNITE,OK
TKT52331625309,2026-01-15T18:51:42Z,PORTE-C,R51722238,UNITE,OK
TKT32934151772,2026-01-15T18:51:42Z,PORTE-C,R54451046,UNITE,OK
TKT37461875502,2026-01-15T18:51:42Z,PORTE-C,,UNITE,OK
TKT46458580318,2026-01-15T18:51:43Z,PORTE-A,R52218634,ABONNEMENT,OK
TKT22742120985,2026-01-15T18:51:43Z,PORTE-B,R55876405,ABONNEMENT,OK
TKT36136224029,2026-01-15T18:51:43Z,PORTE-C,R52586712,UNITE,OK
TKT31812876379,2026-01-15T18:51:45Z,PORTE-C,R52804729,ABONNEMENT,OK
TKT51553112564,2026-01-15T18:51:45Z,PORTE-C,R52284225,UNITE,OK
TKT48098255633,2026-01-15T18:51:46Z,PORTE-B,R51955245,ABONNEMENT,OK
TKT48513263914,2026-01-15T18:51:46Z,PORTE-A,,INVITATION,OK
TKT34688844599,2026-01-15T18:51:46Z,PORTE-A,R54045106,UNITE,OK
TKT32162918473,2026-01-15T18:51:47Z,PORTE-C,R51012595,ABONNEMENT,OK
TKT39276874615,2026-01-15T18:51:47Z,VIP-EST,R54494904,ABONNEMENT,OK
TKT29660014238,2026-01-15T18:51:47Z,PORTE-C,R56162207,UNITE,OK
TKT52516937475,2026-01-15T18:51:47Z,PORTE-D,R53497084,UNITE,OK
TKT93511997597,2026-01-15T18:51:48Z,PMR-NORD,R57524762,ABONNEMENT,OK
TKT84277508799,2026-01-15T18:51:48Z,VIP-EST,,UNITE,OK
TKT95996410855,2026-01-15T18:51:48Z,PORTE-A,,GROUPE,OK
TKT31916892274,2026-01-15T18:51:48Z,PORTE-A,R55489267,UNITE,OK
TKT38662294272,2026-01-15T18:51:48Z,PORTE-D,,UNITE,OK
TKT61273406354,2026-01-15T18:51:49Z,PORTE-C,R56008679,UNITE,OK
TKT28484264715,2026-01-15T18:51:49Z,PORTE-C,,UNITE,OK
TKT12427414415,2026-01-15T18:51:50Z,PMR-NORD,R55722552,ABONNEMENT,OK
TKT63165944434,2026-01-15T18:51:50Z,PORTE-A,R54029302,UNITE,OK
TKT12827100185,2026-01-15T18:51:51Z,PORTE-B,R52722587,UNITE,OK
TKT30864731360,2026-01-15T18:51:51Z,VIP-EST,R54032089,UNITE,OK
TKT16722427087,2026-01-15T18:51:52Z,PORTE-D,R55142711,UNITE,REFUSE_DEJA_SCANNE
TKT93279901462,2026-01-15T18:51:52Z,PORTE-C,R51618651,UNITE,OK
TKT61576577737,2026-01-15T18:51:52Z,PORTE-A,R52386663,UNITE,OK
TKT32944950289,2026-01-15T18:51:53Z,PORTE-C,,UNITE,OK
TKT30188392015,2026-01-15T18:51:53Z,PORTE-D,R53993346,UNITE,OK
TKT60160499847,2026-01-15T18:51:53Z,PORTE-C,R52006335,UNITE,OK
TKT46752960538,2026-01-15T18:51:53Z,PORTE-D,R59480979,UNITE,OK
TKT62501774880,2026-01-15T18:51:54Z,PORTE-C,R59617621,ABONNEMENT,OK
TKT21761214984,2026-01-15T18:51:54Z,PORTE-C,R53426254,UNITE,OK
TKT66138139402,2026-01-15T18:51:54Z,PORTE-B,R56674665,INVITATION,OK
TKT52425803080,2026-01-15T18:51:55Z,PORTE-C,R58479270,ABONNEMENT,OK
TKT91671418515,2026-01-15T18:51:55Z,PORTE-C,R51526969,UNITE,OK
TKT76566656300,2026-01-15T18:51:56Z,PORTE-C,,GROUPE,OK
TKT79872897793,2026-01-15T18:51:56Z,PORTE-C,R55546008,UNITE,OK
TKT40102256555,2026-01-15T18:51:57Z,PORTE-B,,UNITE,OK
TKT19828175369,2026-01-15T18:51:57Z,PORTE-D,R51382512,UNITE,OK
TKT89830799301,2026-01-15T18:51:58Z,PORTE-D,R58929691,ABONNEMENT,OK
TKT58778934813,2026-01-15T18:51:58Z,PORTE-C,R56040277,UNITE,OK
TKT35300993142,2026-01-15T18:51:58Z,PORTE-C,R54809919,UNITE,OK
TKT57757502965,2026-01-15T18:51:58Z,VIP-EST,R59856346,VIP,OK
TKT24575706655,2026-01-15T18:51:58Z,PORTE-B,R52816175,UNITE,OK
TKT63583584830,2026-01-15T18:51:59Z,PORTE-A,R57505079,UNITE,OK
TKT86429645775,2026-01-15T18:51:59Z,PORTE-B,R58785502,UNITE,OK
TKT21736903920,2026-01-15T18:52:00Z,PORTE-D,R56471628,UNITE,OK
TKT95325376972,2026-01-15T18:52:01Z,PORTE-A,R51435421,ABONNEMENT,OK
TKT59378500338,2026-01-15T18:52:01Z,PORTE-A,R54515210,UNITE,OK
TKT13568600621,2026-01-15T18:52:01Z,VIP-EST,R55465973,UNITE,OK
TKT78750501893,2026-01-15T18:52:02Z,PORTE-C,R51974670,ABONNEMENT,OK
TKT43053011101,2026-01-15T18:52:03Z,PORTE-C,,UNITE,OK
TKT63097719229,2026-01-15T18:52:03Z,PORTE-C,R57263768,UNITE,OK
TKT35493048728,2026-01-15T18:52:03Z,PORTE-C,R56311846,UNITE,OK
TKT70858523866,2026-01-15T18:52:04Z,PORTE-A,R51369361,ABONNEMENT,OK
TKT74733822789,2026-01-15T18:52:04Z,PORTE-C,R58652615,UNITE,OK
TKT25213363084,2026-01-15T18:52:04Z,PORTE-D,,UNITE,OK
TKT22504947980,2026-01-15T18:52:04Z,PORTE-C,,UNITE,OK
TKT80767577935,2026-01-15T18:52:04Z,PORTE-A,R56556912,UNITE,OK
TKT46950804845,2026-01-15T18:52:04Z,PORTE-A,R56783042,UNITE,OK
TKT55996258565,2026-01-15T18:52:05Z,PORTE-C,R53388516,UNITE,OK
TKT73603093883,2026-01-15T18:52:05Z,PORTE-C,,UNITE,OK
TKT12164208449,2026-01-15T18:52:05Z,PORTE-C,,UNITE,OK
TKT77057020035,2026-01-15T18:52:05Z,PORTE-D,R57058279,UNITE,OK
TKT21191825139,2026-01-15T18:52:05Z,PORTE-A,,GROUPE,OK
TKT27842276362,2026-01-15T18:52:06Z,PORTE-C,R59848377,UNITE,OK
TKT23093703728,2026-01-15T18:52:07Z,PORTE-A,R51671503,ABONNEMENT,OK
TKT70151038502,2026-01-15T18:52:08Z,PORTE-A,R54252032,UNITE,OK
TKT17519944288,2026-01-15T18:52:09Z,VIP-EST,R53291394,ABONNEMENT,OK
TKT92333416918,2026-01-15T18:52:09Z,PORTE-A,R51041674,VIP,OK
TKT31120152150,2026-01-15T18:52:10Z,PORTE-C,R57932005,ABONNEMENT,REFUSE_DEJA_SCANNE
TKT32829726415,2026-01-15T18:52:10Z,PORTE-C,,GROUPE,OK
TKT21813667412,2026-01-15T18:52:11Z,PORTE-D,,UNITE,OK
TKT92201956772,2026-01-15T18:52:13Z,PORTE-D,R56106960,UNITE,OK
TKT98537772759,2026-01-15T18:52:13Z,PORTE-A,,GROUPE,OK
TKT77629468990,2026-01-15T18:52:13Z,VIP-EST,R56344335,UNITE,OK
TKT48975730458,2026-01-15T18:52:13Z,PORTE-B,R54667435,UNITE,OK
TKT79038290929,2026-01-15T18:52:14Z,VIP-EST,R53841245,UNITE,OK
TKT76811898653,2026-01-15T18:52:14Z,PORTE-C,,GROUPE,OK
TKT98280244827,2026-01-15T18:52:14Z,VIP-EST,,VIP,OK
TKT10302108085,2026-01-15T18:52:15Z,PORTE-C,R52368273,UNITE,OK
TKT39803313575,2026-01-15T18:52:15Z,VIP-EST,R57966601,UNITE,OK
TKT34163981687,2026-01-15T18:52:15Z,PORTE-B,R55937370,UNITE,OK
TKT16892282072,2026-01-15T18:52:16Z,PORTE-B,R57823772,ABONNEMENT,OK
TKT20827325808,2026-01-15T18:52:17Z,PORTE-A,R55400104,UNITE,OK
TKT63799548819,2026-01-15T18:52:18Z,PORTE-A,R57388274,ABONNEMENT,OK
TKT18552457292,2026-01-15T18:52:18Z,PORTE-D,R57722349,ABONNEMENT,OK
TKT61775607450,2026-01-15T18:52:18Z,PORTE-C,,UNITE,OK
TKT31048511904,2026-01-15T18:52:19Z,VIP-EST,R57985125,INVITATION,OK
TKT81513788632,2026-01-15T18:52:20Z,PORTE-C,R54053487,UNITE,OK
TKT62332189830,2026-01-15T18:52:20Z,PORTE-C,R56807964,UNITE,OK
TKT46277419258,2026-01-15T18:52:21Z,PORTE-C,R56875049,UNITE,OK
TKT87462778276,2026-01-15T18:52:21Z,PORTE-C,,UNITE,OK
TKT94867277472,2026-01-15T18:52:22Z,PORTE-B,R51494547,ABONNEMENT,OK
TKT70307322888,2026-01-15T18:52:22Z,VIP-EST,,GROUPE,OK
TKT82578005015,2026-01-15T18:52:23Z,PORTE-D,R51598211,UNITE,OK
TKT96654519505,2026-01-15T18:52:24Z,PORTE-C,R55268041,ABONNEMENT,OK
TKT55561526255,2026-01-15T18:52:24Z,PORTE-B,R57099886,UNITE,OK
TKT35653274249,2026-01-15T18:52:24Z,PORTE-C,R53470792,UNITE,OK
TKT54640312236,2026-01-15T18:52:24Z,PORTE-A,,GROUPE,OK
TKT92053231691,2026-01-15T18:52:25Z,PORTE-D,R53399473,ABONNEMENT,OK
TKT25273104252,2026-01-15T18:52:25Z,VIP-EST,R54555189,UNITE,OK
TKT40538318571,2026-01-15T18:52:26Z,PMR-NORD,R53037736,ABONNEMENT,OK
TKT13411521153,2026-01-15T18:52:27Z,PORTE-B,R55817969,UNITE,OK
TKT98890682944,2026-01-15T18:52:27Z,PORTE-A,,UNITE,OK
TKT49121552742,2026-01-15T18:52:28Z,PORTE-C,R53840642,ABONNEMENT,OK
TKT11220938974,2026-01-15T18:52:28Z,PORTE-C,R58534105,UNITE,OK
TKT50586515019,2026-01-15T18:52:29Z,PORTE-A,R57449028,UNITE,OK
TKT57495709837,2026-01-15T18:52:29Z,PORTE-C,,UNITE,OK
TKT89300215140,2026-01-15T18:52:29Z,PORTE-C,R55982665,UNITE,OK
TKT70864265856,2026-01-15T18:52:29Z,PORTE-C,R54442119,UNITE,OK
TKT80267962848,2026-01-15T18:52:30Z,PORTE-B,,UNITE,OK
TKT24603839626,2026-01-15T18:52:30Z,VIP-EST,R56390243,UNITE,OK
TKT87936646150,2026-01-15T18:52:31Z,PORTE-A,R58486147,INVITATION,OK
TKT58095190748,2026-01-15T18:52:33Z,PORTE-C,R51781977,UNITE,OK
TKT97780465119,2026-01-15T18:52:33Z,VIP-EST,R55824846,UNITE,OK
TKT95382914211,2026-01-15T18:52:33Z,PORTE-D,R52075058,UNITE,OK
TKT69858330968,2026-01-15T18:52:33Z,VIP-EST,,UNITE,OK
TKT52076748789,2026-01-15T18:52:33Z,PORTE-D,,UNITE,OK
TKT37083431724,2026-01-15T18:52:34Z,PORTE-B,R59981187,ABONNEMENT,OK
TKT56600530928,2026-01-15T18:52:34Z,VIP-EST,R53360730,UNITE,OK
TKT60038868548,2026-01-15T18:52:35Z,PORTE-D,R51447279,ABONNEMENT,OK
TKT28895180579,2026-01-15T18:52:35Z,PORTE-A,R55695168,UNITE,OK
TKT94001913141,2026-01-15T18:52:35Z,VIP-EST,,VIP,OK
TKT74689633629,2026-01-15T18:52:36Z,VIP-EST,R53234241,UNITE,OK
TKT77183166332,2026-01-15T18:52:37Z,VIP-EST,,UNITE,OK
TKT35631961243,2026-01-15T18:52:38Z,VIP-EST,R56450987,UNITE,OK
TKT37840665900,2026-01-15T18:52:38Z,VIP-EST,R52448586,UNITE,OK
TKT83652568920,2026-01-15T18:52:39Z,PORTE-D,R59058076,ABONNEMENT,OK
TKT95117598978,2026-01-15T18:52:39Z,VIP-EST,,UNITE,OK
TKT19990417975,2026-01-15T18:52:39Z,PORTE-C,,GROUPE,OK
TKT38888454285,2026-01-15T18:52:39Z,PORTE-C,R51521184,UNITE,OK
TKT76399561140,2026-01-15T18:52:39Z,VIP-EST,R57164663,VIP,OK
TKT90037901754,2026-01-15T18:52:40Z,PORTE-D,R59887877,UNITE,OK
TKT45533386119,2026-01-15T18:52:40Z,PORTE-A,R51782992,UNITE,OK
TKT27709273894,2026-01-15T18:52:41Z,PORTE-D,,UNITE,OK
TKT82200151143,2026-01-15T18:52:42Z,VIP-EST,,UNITE,OK
TKT34694608981,2026-01-15T18:52:42Z,PORTE-C,R51195748,UNITE,OK
TKT48968347421,2026-01-15T18:52:43Z,PORTE-A,R54194410,UNITE,OK
TKT62309177055,2026-01-15T18:52:44Z,PORTE-C,R58734901,UNITE,OK
TKT27707429406,2026-01-15T18:52:44Z,PORTE-C,R53649989,UNITE,OK
TKT38572047295,2026-01-15T18:52:44Z,VIP-EST,R51065447,VIP,OK
TKT68449161559,2026-01-15T18:52:45Z,PORTE-C,R59728363,UNITE,OK
TKT25902428181,2026-01-15T18:52:46Z,PORTE-B,R59663596,UNITE,OK
TKT63554198627,2026-01-15T18:52:46Z,PORTE-A,R54099395,UNITE,OK
TKT45354233188,2026-01-15T18:52:46Z,PORTE-D,R57447658,UNITE,REFUSE_INVALIDE
TKT99378501773,2026-01-15T18:52:46Z,VIP-EST,R55265455,UNITE,OK
TKT44690934157,2026-01-15T18:52:46Z,PORTE-C,R53946681,UNITE,OK
TKT48731257797,2026-01-15T18:52:48Z,PORTE-D,R54199247,UNITE,OK
TKT21935364971,2026-01-15T18:52:48Z,VIP-EST,,UNITE,OK
TKT13536252562,2026-01-15T18:52:49Z,PORTE-A,R59025597,UNITE,OK
TKT44851749194,2026-01-15T18:52:49Z,PORTE-D,,UNITE,OK
TKT23660150846,2026-01-15T18:52:50Z,VIP-EST,R52898796,UNITE,OK
TKT22919729510,2026-01-15T18:52:51Z,PORTE-C,R59920376,UNITE,OK
TKT87033588052,2026-01-15T18:52:51Z,PORTE-D,R58807235,UNITE,OK
TKT41837015684,2026-01-15T18:52:51Z,PORTE-B,,GROUPE,OK
TKT81898946314,2026-01-15T18:52:52Z,PORTE-D,R57765470,UNITE,OK
TKT55805001226,2026-01-15T18:52:52Z,PORTE-D,R54201421,UNITE,OK
TKT73788910158,2026-01-15T18:52:53Z,VIP-EST,R58898016,UNITE,OK
TKT17677560304,2026-01-15T18:52:53Z,PORTE-B,R52419909,UNITE,OK
TKT85152474366,2026-01-15T18:52:53Z,PORTE-C,,UNITE,OK
TKT95837169757,2026-01-15T18:52:54Z,VIP-EST,R57998678,UNITE,OK
TKT55682988291,2026-01-15T18:52:54Z,PORTE-C,R51602033,UNITE,OK
TKT57250688107,2026-01-15T18:52:54Z,VIP-EST,R55728337,UNITE,OK
TKT44802881504,2026-01-15T18:52:55Z,VIP-EST,R52701956,ABONNEMENT,OK
TKT48675337129,2026-01-15T18:52:55Z,PORTE-D,R53588555,INVITATION,OK
TKT12536607261,2026-01-15T18:52:56Z,PORTE-B,R58248926,UNITE,OK
TKT40321961334,2026-01-15T18:52:57Z,PORTE-C,R54210549,ABONNEMENT,OK
TKT32834844514,2026-01-15T18:52:57Z,PORTE-A,,UNITE,OK
TKT41840047356,2026-01-15T18:52:57Z,PORTE-C,,UNITE,OK
TKT79500440877,2026-01-15T18:52:57Z,VIP-EST,R58352925,UNITE,OK
TKT88675023041,2026-01-15T18:52:58Z,PORTE-C,R58223046,ABONNEMENT,OK
TKT97934458170,2026-01-15T18:52:58Z,PORTE-C,R59809892,UNITE,OK
TKT36686311668,2026-01-15T18:52:58Z,VIP-EST,R51671436,UNITE,OK
TKT13111049154,2026-01-15T18:52:58Z,VIP-EST,R54178529,UNITE,OK
TKT18508833660,2026-01-15T18:52:58Z,PORTE-C,,UNITE,OK
TKT67203425599,2026-01-15T18:52:59Z,PORTE-D,R53840086,ABONNEMENT,OK
TKT36037932208,2026-01-15T18:52:59Z,PORTE-C,,GROUPE,OK
TKT95613147002,2026-01-15T18:52:59Z,PORTE-B,R54525966,UNITE,OK
TKT91735841613,2026-01-15T18:52:59Z,PORTE-B,,UNITE,OK
TKT61176506530,2026-01-15T18:52:59Z,VIP-EST,R55490560,UNITE,OK
TKT87777249301,2026-01-15T18:52:59Z,PORTE-C,R55550835,UNITE,OK
TKT37046029141,2026-01-15T18:53:00Z,VIP-EST,R54077461,ABONNEMENT,OK
TKT91414234127,2026-01-15T18:53:00Z,VIP-EST,R52297989,ABONNEMENT,OK
TKT22810189099,2026-01-15T18:53:00Z,PORTE-A,R51218352,ABONNEMENT,OK
TKT10572572344,2026-01-15T18:53:00Z,VIP-EST,R55975577,UNITE,OK
TKT93998994098,2026-01-15T18:53:00Z,PORTE-A,,UNITE,OK
TKT81061280203,2026-01-15T18:53:00Z,PORTE-D,R54481897,UNITE,OK
TKT99621156880,2026-01-15T18:53:01Z,PORTE-A,R53361745,UNITE,OK
TKT85794645584,2026-01-15T18:53:03Z,PORTE-C,R55795901,ABONNEMENT,OK
TKT69236845394,2026-01-15T18:53:03Z,PORTE-B,R52177630,UNITE,OK
TKT48414193328,2026-01-15T18:53:03Z,PORTE-A,R58014961,UNITE,OK
TKT49548368469,2026-01-15T18:53:04Z,PORTE-B,R54196852,UNITE,OK
TKT77846174927,2026-01-15T18:53:05Z,PORTE-D,R59300901,UNITE,OK
TKT89132216795,2026-01-15T18:53:06Z,PORTE-C,,UNITE,OK
TKT98197793930,2026-01-15T18:53:06Z,PORTE-D,R56008401,UNITE,OK
TKT91194146853,2026-01-15T18:53:06Z,VIP-EST,R51409407,UNITE,OK
TKT57708559296,2026-01-15T18:53:06Z,VIP-EST,R52523573,UNITE,OK
TKT29386965709,2026-01-15T18:53:07Z,PORTE-C,,GROUPE,OK
TKT18508682041,2026-01-15T18:53:07Z,PORTE-C,R52154336,UNITE,OK
TKT81728774657,2026-01-15T18:53:07Z,PORTE-D,R55819128,UNITE,OK
TKT84060388293,2026-01-15T18:53:09Z,PORTE-D,R51424464,ABONNEMENT,OK
TKT49696920478,2026-01-15T18:53:09Z,PORTE-D,R52409622,UNITE,OK
TKT37009245867,2026-01-15T18:53:09Z,PORTE-D,R55352300,UNITE,OK
TKT84165128304,2026-01-15T18:53:09Z,VIP-EST,R52878912,UNITE,OK
TKT71072216048,2026-01-15T18:53:09Z,PORTE-C,R55991247,UNITE,OK
TKT43702965085,2026-01-15T18:53:09Z,PORTE-B,R59185580,UNITE,OK
TKT20360047800,2026-01-15T18:53:10Z,VIP-EST,,UNITE,OK
TKT26317181294,2026-01-15T18:53:10Z,PORTE-C,R51856150,UNITE,OK
TKT31139503177,2026-01-15T18:53:12Z,PORTE-C,R54477683,ABONNEMENT,OK
TKT77740328637,2026-01-15T18:53:12Z,PORTE-D,R52731926,ABONNEMENT,OK
TKT50168441412,2026-01-15T18:53:12Z,PORTE-C,R56997314,ABONNEMENT,OK
TKT81145196791,2026-01-15T18:53:12Z,PORTE-A,R57565421,UNITE,OK
TKT75053389754,2026-01-15T18:53:13Z,PORTE-A,R55482112,ABONNEMENT,OK
TKT30206887546,2026-01-15T18:53:13Z,PORTE-C,R56461820,ABONNEMENT,OK
TKT67215537317,2026-01-15T18:53:13Z,PORTE-B,R55468827,ABONNEMENT,OK
TKT19803676954,2026-01-15T18:53:13Z,PORTE-D,R56824247,UNITE,OK
TKT31137262747,2026-01-15T18:53:15Z,PORTE-C,R56980830,UNITE,OK
TKT26452290391,2026-01-15T18:53:16Z,PORTE-C,R55742771,UNITE,OK
TKT28068785337,2026-01-15T18:53:16Z,PORTE-B,R58435690,INVITATION,OK
TKT36349968548,2026-01-15T18:53:16Z,PORTE-B,R58744163,UNITE,OK
TKT31936362235,2026-01-15T18:53:16Z,PORTE-C,R58203363,UNITE,OK
TKT93516914696,2026-01-15T18:53:17Z,PORTE-D,R57641979,ABONNEMENT,OK
TKT60042196401,2026-01-15T18:53:17Z,PORTE-A,R59290001,UNITE,OK
TKT82035253468,2026-01-15T18:53:17Z,PORTE-B,,GROUPE,OK
TKT61494985899,2026-01-15T18:53:19Z,PORTE-A,,UNITE,OK
TKT52254133376,2026-01-15T18:53:20Z,VIP-EST,R58908313,UNITE,REFUSE_DEJA_SCANNE
TKT61062481842,2026-01-15T18:53:20Z,PORTE-D,R51852137,UNITE,OK
TKT96005162644,2026-01-15T18:53:20Z,PORTE-C,R51603728,UNITE,OK
TKT63463112119,2026-01-15T18:53:21Z,VIP-EST,R51390069,ABONNEMENT,OK
TKT61614286370,2026-01-15T18:53:21Z,PORTE-A,R53729545,UNITE,OK
TKT29557069042,2026-01-15T18:53:21Z,PORTE-C,R56609754,UNITE,REFUSE_DEJA_SCANNE
TKT74707028671,2026-01-15T18:53:22Z,PORTE-D,R52520163,ABONNEMENT,OK
TKT59132287014,2026-01-15T18:53:22Z,PORTE-D,,UNITE,OK
TKT29270561481,2026-01-15T18:53:23Z,PORTE-C,R59110593,ABONNEMENT,OK
TKT55758458711,2026-01-15T18:53:23Z,PORTE-C,R57284198,UNITE,OK
TKT94027216415,2026-01-15T18:53:23Z,VIP-EST,R56206199,UNITE,OK
TKT50116345328,2026-01-15T18:53:24Z,PORTE-A,R52642629,UNITE,OK
TKT40637546249,2026-01-15T18:53:24Z,PORTE-A,R57399509,UNITE,OK
TKT84874966038,2026-01-15T18:53:26Z,PORTE-A,,UNITE,OK
TKT11524313711,2026-01-15T18:53:27Z,PORTE-C,,GROUPE,OK
TKT25047800464,2026-01-15T18:53:29Z,PORTE-A,,UNITE,OK
TKT64931575747,2026-01-15T18:53:30Z,VIP-EST,R51715160,UNITE,OK
TKT65359698364,2026-01-15T18:53:30Z,PORTE-C,,UNITE,OK
TKT81476144625,2026-01-15T18:53:32Z,PORTE-D,R58515916,ABONNEMENT,OK
TKT42701310142,2026-01-15T18:53:32Z,PORTE-C,R55012899,UNITE,OK
TKT71141643249,2026-01-15T18:53:32Z,PORTE-D,R59050586,UNITE,OK
TKT66800384448,2026-01-15T18:53:33Z,PORTE-A,R51718704,ABONNEMENT,OK
TKT90319300564,2026-01-15T18:53:33Z,PORTE-C,R58733263,ABONNEMENT,OK
TKT94886161913,2026-01-15T18:53:33Z,PORTE-C,,UNITE,OK
TKT72665156954,2026-01-15T18:53:33Z,VIP-EST,,UNITE,OK
TKT71596134214,2026-01-15T18:53:34Z,VIP-EST,R56777381,UNITE,OK
TKT43112647057,2026-01-15T18:53:34Z,VIP-EST,,UNITE,OK
TKT72376686830,2026-01-15T18:53:35Z,VIP-EST,R56836028,ABONNEMENT,OK
TKT72486602151,2026-01-15T18:53:35Z,VIP-EST,R56717652,UNITE,OK
TKT27735187884,2026-01-15T18:53:36Z,PORTE-A,R51689213,ABONNEMENT,OK
TKT98897226808,2026-01-15T18:53:36Z,PORTE-D,R57494045,ABONNEMENT,OK
TKT60622661232,2026-01-15T18:53:36Z,VIP-EST,R55201703,UNITE,OK
TKT67982559705,2026-01-15T18:53:36Z,PORTE-C,R59045682,UNITE,OK
TKT20938806935,2026-01-15T18:53:36Z,PORTE-C,R52457091,UNITE,OK
TKT62436778339,2026-01-15T18:53:37Z,PORTE-C,R53799561,ABONNEMENT,OK
TKT58216284198,2026-01-15T18:53:37Z,PORTE-B,R59164547,UNITE,REFUSE_DEJA_SCANNE
TKT36483795283,2026-01-15T18:53:38Z,PORTE-A,R54165656,ABONNEMENT,OK
TKT97608884694,2026-01-15T18:53:38Z,PORTE-C,R53626092,UNITE,OK
TKT20430878968,2026-01-15T18:53:38Z,PORTE-C,R54214572,UNITE,OK
TKT76495540332,2026-01-15T18:53:39Z,PORTE-A,,UNITE,OK
TKT73908246987,2026-01-15T18:53:40Z,PORTE-D,R57016595,UNITE,OK
TKT22474743041,2026-01-15T18:53:41Z,PORTE-D,R58517353,UNITE,OK
TKT79336666243,2026-01-15T18:53:41Z,PORTE-D,R54582362,UNITE,OK
TKT85658984129,2026-01-15T18:53:42Z,VIP-EST,,UNITE,OK
TKT15832173076,2026-01-15T18:53:43Z,PORTE-D,R51713733,ABONNEMENT,OK
TKT63482620448,2026-01-15T18:53:43Z,PORTE-C,R53642020,UNITE,OK
TKT53417208461,2026-01-15T18:53:44Z,VIP-EST,R54840569,ABONNEMENT,REFUSE_DEJA_SCANNE
TKT48921794912,2026-01-15T18:53:44Z,VIP-EST,R53864549,UNITE,OK
TKT49700099516,2026-01-15T18:53:45Z,PORTE-B,R56657913,ABONNEMENT,OK
TKT82615884461,2026-01-15T18:53:45Z,VIP-EST,,UNITE,OK
TKT69918698122,2026-01-15T18:53:45Z,PORTE-C,,UNITE,OK
TKT59738351137,2026-01-15T18:53:45Z,PORTE-C,R55637680,UNITE,OK
TKT65339098045,2026-01-15T18:53:46Z,PORTE-D,R57411290,UNITE,OK
TKT29566756248,2026-01-15T18:53:46Z,PORTE-A,R55148774,UNITE,OK
TKT84160437451,2026-01-15T18:53:47Z,PORTE-C,R57385410,ABONNEMENT,OK
TKT18010034738,2026-01-15T18:53:47Z,PORTE-C,R55929813,UNITE,OK
TKT95617722334,2026-01-15T18:53:47Z,PORTE-B,,UNITE,OK
TKT96840778552,2026-01-15T18:53:47Z,PORTE-C,,UNITE,OK
TKT75187623455,2026-01-15T18:53:47Z,PORTE-C,R57177737,UNITE,OK
TKT33235101178,2026-01-15T18:53:48Z,PORTE-A,,UNITE,OK
TKT52267964957,2026-01-15T18:53:48Z,PORTE-C,R57202458,UNITE,OK
TKT60306907300,2026-01-15T18:53:49Z,PORTE-C,,UNITE,OK
TKT45902537390,2026-01-15T18:53:49Z,PORTE-B,R56069711,UNITE,OK
TKT63411665201,2026-01-15T18:53:49Z,PORTE-C,R54445117,INVITATION,OK
TKT70958733675,2026-01-15T18:53:49Z,PORTE-C,R52938229,UNITE,OK
TKT17317725833,2026-01-15T18:53:51Z,PORTE-C,R58452298,ABONNEMENT,OK
TKT45749897021,2026-01-15T18:53:51Z,PORTE-C,,GROUPE,OK
TKT33023522013,2026-01-15T18:53:51Z,VIP-EST,R51488082,UNITE,OK
TKT78654116953,2026-01-15T18:53:52Z,PORTE-C,R56692720,ABONNEMENT,OK
TKT68039614615,2026-01-15T18:53:52Z,VIP-EST,R58337801,UNITE,OK
TKT45444710146,2026-01-15T18:53:52Z,PORTE-C,,UNITE,REFUSE_INVALIDE
TKT88341722431,2026-01-15T18:53:53Z,VIP-EST,R51102371,UNITE,OK
TKT79832153064,2026-01-15T18:53:53Z,VIP-EST,R52175178,UNITE,OK
TKT52232866265,2026-01-15T18:53:53Z,PORTE-C,R59396874,UNITE,OK
TKT42510866803,2026-01-15T18:53:54Z,PORTE-A,R57108066,UNITE,OK
TKT54301388187,2026-01-15T18:53:54Z,PORTE-A,,GROUPE,OK
TKT27897578374,2026-01-15T18:53:55Z,PORTE-D,R53398056,UNITE,OK
TKT20823301725,2026-01-15T18:53:55Z,PORTE-B,R55958614,UNITE,OK
TKT82888992507,2026-01-15T18:53:55Z,PORTE-C,R57622162,UNITE,OK
TKT27359069797,2026-01-15T18:53:55Z,VIP-EST,R58353615,UNITE,OK
TKT89744153745,2026-01-15T18:53:56Z,PORTE-D,R56793999,ABONNEMENT,OK
TKT74902212277,2026-01-15T18:53:56Z,PORTE-A,R52238997,ABONNEMENT,OK
TKT13286283055,2026-01-15T18:53:57Z,PORTE-D,R53957303,ABONNEMENT,OK
TKT91450656097,2026-01-15T18:53:57Z,PORTE-C,R55915771,UNITE,OK
TKT44175338805,2026-01-15T18:53:58Z,PORTE-A,R55543412,UNITE,OK
TKT42974849431,2026-01-15T18:54:00Z,PORTE-A,R53895266,VIP,OK
TKT75504739911,2026-01-15T18:54:00Z,PORTE-D,R52687723,UNITE,OK
TKT81065136617,2026-01-15T18:54:02Z,PORTE-D,R59075796,UNITE,OK
TKT60832925507,2026-01-15T18:54:04Z,VIP-EST,R56266963,UNITE,OK
TKT78618264625,2026-01-15T18:54:05Z,PORTE-A,R54933142,UNITE,OK
TKT88730479051,2026-01-15T18:54:06Z,PORTE-C,,UNITE,OK
TKT16140803907,2026-01-15T18:54:08Z,PORTE-B,R56360819,UNITE,OK
TKT45689046096,2026-01-15T18:54:08Z,PORTE-C,R55494583,UNITE,OK
TKT52486679884,2026-01-15T18:54:09Z,PORTE-B,R59833387,ABONNEMENT,OK
TKT60939433164,2026-01-15T18:54:09Z,PORTE-A,R54291187,UNITE,OK
TKT48169313756,2026-01-15T18:54:09Z,PORTE-A,R51853296,UNITE,OK
TKT72943919142,2026-01-15T18:54:09Z,VIP-EST,R52945662,UNITE,OK
TKT80345728106,2026-01-15T18:54:10Z,PORTE-A,R58536356,UNITE,OK
TKT99337043430,2026-01-15T18:54:10Z,PORTE-C,,UNITE,OK
TKT73655769616,2026-01-15T18:54:11Z,PORTE-C,R58900468,UNITE,OK
TKT12137965309,2026-01-15T18:54:12Z,PORTE-B,R58937248,ABONNEMENT,OK
TKT12116043640,2026-01-15T18:54:13Z,PORTE-C,R54957997,UNITE,OK
TKT41500652509,2026-01-15T18:54:13Z,PORTE-B,,GROUPE,OK
TKT50389815789,2026-01-15T18:54:14Z,PORTE-C,R51709643,UNITE,OK
TKT74983111042,2026-01-15T18:54:14Z,PORTE-A,R52001364,UNITE,OK
TKT64232072714,2026-01-15T18:54:16Z,PORTE-D,R57884459,UNITE,OK
TKT86573390648,2026-01-15T18:54:16Z,PORTE-C,R57875408,UNITE,OK
TKT96209671687,2026-01-15T18:54:16Z,PORTE-C,,GROUPE,OK
TKT61519649510,2026-01-15T18:54:16Z,VIP-EST,,VIP,OK
TKT61769567658,2026-01-15T18:54:17Z,PORTE-A,,UNITE,OK
TKT29414087655,2026-01-15T18:54:17Z,PORTE-C,R57842986,UNITE,OK
TKT98597160363,2026-01-15T18:54:18Z,VIP-EST,R53760262,VIP,OK
TKT17760199668,2026-01-15T18:54:19Z,PORTE-C,R55722140,ABONNEMENT,OK
TKT88481882095,2026-01-15T18:54:19Z,PORTE-B,R52042780,UNITE,OK
TKT93271582688,2026-01-15T18:54:21Z,PORTE-B,R57314503,ABONNEMENT,OK
TKT68189911969,2026-01-15T18:54:21Z,PORTE-C,R58146756,UNITE,OK
TKT78195674079,2026-01-15T18:54:22Z,PORTE-C,R58404216,UNITE,OK
TKT50458422552,2026-01-15T18:54:23Z,VIP-EST,R52592152,ABONNEMENT,OK
TKT81329454472,2026-01-15T18:54:23Z,PORTE-A,R51400356,UNITE,OK
TKT15158878294,2026-01-15T18:54:23Z,PORTE-C,R52128657,UNITE,OK
TKT65552199313,2026-01-15T18:54:23Z,VIP-EST,,VIP,OK
TKT67684093702,2026-01-15T18:54:23Z,PORTE-A,R53957514,VIP,OK
TKT53072873777,2026-01-15T18:54:23Z,PORTE-D,R57442898,UNITE,OK
TKT10588601582,2026-01-15T18:54:24Z,PORTE-A,R57134492,UNITE,OK
TKT88361052411,2026-01-15T18:54:24Z,VIP-EST,R51150654,UNITE,OK
TKT46505390610,2026-01-15T18:54:24Z,PORTE-B,R57062771,UNITE,OK
TKT73045617135,2026-01-15T18:54:24Z,PORTE-C,R54559959,UNITE,OK
TKT99971671782,2026-01-15T18:54:25Z,PORTE-A,R56369458,ABONNEMENT,OK
TKT26604775802,2026-01-15T18:54:25Z,PORTE-C,R57082521,UNITE,OK
TKT33155882016,2026-01-15T18:54:26Z,VIP-EST,R51938158,UNITE,OK
TKT51479790949,2026-01-15T18:54:27Z,PORTE-D,R54983398,ABONNEMENT,OK
TKT26132101177,2026-01-15T18:54:27Z,PORTE-D,R53932113,UNITE,OK
TKT59009217283,2026-01-15T18:54:27Z,PORTE-C,,INVITATION,OK
TKT85522984889,2026-01-15T18:54:28Z,PORTE-C,,UNITE,OK
TKT85732365114,2026-01-15T18:54:29Z,PORTE-B,R52052722,UNITE,OK
TKT58236622507,2026-01-15T18:54:30Z,PORTE-C,R54092508,UNITE,OK
TKT88882429912,2026-01-15T18:54:31Z,VIP-EST,R55992674,UNITE,OK
TKT46231488762,2026-01-15T18:54:31Z,PORTE-C,R57329838,UNITE,OK
TKT74284512811,2026-01-15T18:54:31Z,PORTE-C,R54048171,INVITATION,OK
TKT13242987253,2026-01-15T18:54:32Z,PORTE-C,R58890459,ABONNEMENT,OK
TKT53434152655,2026-01-15T18:54:32Z,VIP-EST,R52134854,UNITE,OK
TKT73229968747,2026-01-15T18:54:32Z,PORTE-D,R55876271,UNITE,OK
TKT48720674573,2026-01-15T18:54:33Z,PORTE-C,R51266042,UNITE,OK
TKT45091304263,2026-01-15T18:54:33Z,PORTE-B,R51276999,UNITE,OK
TKT17477438700,2026-01-15T18:54:34Z,PORTE-C,R56937719,ABONNEMENT,OK
TKT45862176546,2026-01-15T18:54:34Z,PORTE-B,,GROUPE,OK
TKT75159723527,2026-01-15T18:54:35Z,PORTE-A,R57101725,UNITE,OK
TKT97199309971,2026-01-15T18:54:35Z,PORTE-A,R52298324,VIP,OK
TKT46600649973,2026-01-15T18:54:36Z,PORTE-C,R57389155,ABONNEMENT,OK
TKT54739054364,2026-01-15T18:54:36Z,PORTE-C,R59464706,UNITE,OK
TKT28161848827,2026-01-15T18:54:36Z,PORTE-D,,UNITE,OK
TKT64388652251,2026-01-15T18:54:36Z,PORTE-B,,GROUPE,OK
TKT36649719340,2026-01-15T18:54:37Z,VIP-EST,,UNITE,OK
TKT14433549598,2026-01-15T18:54:37Z,PORTE-C,R51299948,UNITE,OK
TKT90053611592,2026-01-15T18:54:37Z,VIP-EST,R56524490,UNITE,OK
TKT67167114434,2026-01-15T18:54:38Z,PORTE-D,,GROUPE,OK
TKT50070014316,2026-01-15T18:54:38Z,PORTE-C,,UNITE,OK
TKT53595748764,2026-01-15T18:54:38Z,PORTE-A,,INVITATION,OK
TKT82080605358,2026-01-15T18:54:39Z,PORTE-C,R51263111,UNITE,OK
TKT11519318845,2026-01-15T18:54:39Z,PORTE-B,R54696457,UNITE,OK
TKT60431649942,2026-01-15T18:54:39Z,PORTE-C,R55899431,UNITE,OK
TKT44134342448,2026-01-15T18:54:40Z,PORTE-D,R54263602,UNITE,OK
TKT20145746270,2026-01-15T18:54:40Z,PORTE-A,R58284413,UNITE,OK
TKT21327533898,2026-01-15T18:54:40Z,PORTE-D,R51015794,UNITE,OK
TKT30408357477,2026-01-15T18:54:40Z,PORTE-C,R51695812,UNITE,OK
TKT22797275438,2026-01-15T18:54:40Z,PORTE-B,R57143007,UNITE,OK
TKT58931104988,2026-01-15T18:54:40Z,PORTE-A,R51740695,UNITE,OK
TKT43179942796,2026-01-15T18:54:40Z,PORTE-B,R58890526,UNITE,OK
TKT97254434296,2026-01-15T18:54:41Z,PORTE-C,R55670648,UNITE,OK
TKT70003361051,2026-01-15T18:54:41Z,PORTE-A,R56392216,UNITE,OK
TKT17392459916,2026-01-15T18:54:41Z,VIP-EST,,UNITE,OK
TKT66200103344,2026-01-15T18:54:41Z,PORTE-C,,UNITE,OK
TKT95619898707,2026-01-15T18:54:41Z,PORTE-C,R54446554,UNITE,OK
TKT93815360650,2026-01-15T18:54:43Z,PORTE-C,R55139780,UNITE,OK
TKT93987399469,2026-01-15T18:54:43Z,PORTE-C,,INVITATION,OK
TKT53383255203,2026-01-15T18:54:44Z,VIP-EST,R58780186,ABONNEMENT,OK
TKT93043200198,2026-01-15T18:54:44Z,PORTE-A,R51390069,UNITE,OK
TKT17497957564,2026-01-15T18:54:44Z,VIP-EST,,VIP,OK
TKT20213080000,2026-01-15T18:54:44Z,PORTE-C,,UNITE,OK
TKT51169045720,2026-01-15T18:54:45Z,VIP-EST,R57108200,ABONNEMENT,OK
TKT16084949278,2026-01-15T18:54:45Z,PORTE-B,,GROUPE,OK
TKT24535054629,2026-01-15T18:54:45Z,PORTE-B,R52206374,UNITE,OK
TKT75442939493,2026-01-15T18:54:46Z,PORTE-C,R52325842,INVITATION,OK
TKT51798556470,2026-01-15T18:54:46Z,PMR-NORD,R53027047,UNITE,OK
TKT55851096109,2026-01-15T18:54:46Z,PORTE-C,R57284677,UNITE,OK
TKT90589548001,2026-01-15T18:54:47Z,VIP-EST,R55309112,GROUPE,OK
TKT76518352112,2026-01-15T18:54:47Z,PORTE-C,R58645527,UNITE,OK
TKT32642252037,2026-01-15T18:54:47Z,PORTE-A,R55428503,UNITE,OK
TKT38765923307,2026-01-15T18:54:48Z,PORTE-D,R58644110,ABONNEMENT,OK
TKT59696751952,2026-01-15T18:54:48Z,PORTE-C,R56560858,UNITE,OK
TKT66284050165,2026-01-15T18:54:49Z,PORTE-C,R52039571,ABONNEMENT,OK
TKT88983112275,2026-01-15T18:54:49Z,PORTE-C,R59339922,UNITE,OK
TKT53717579669,2026-01-15T18:54:49Z,PORTE-A,R59207179,VIP,OK
TKT90424277933,2026-01-15T18:54:49Z,PORTE-C,R54736848,UNITE,OK
TKT96643963281,2026-01-15T18:54:51Z,PORTE-D,,UNITE,OK
TKT59780465023,2026-01-15T18:54:52Z,PORTE-C,R57633809,UNITE,OK
TKT80797397510,2026-01-15T18:54:53Z,PORTE-C,R52374537,UNITE,OK
TKT80896871513,2026-01-15T18:54:54Z,PORTE-C,R53041424,UNITE,OK
TKT23636762951,2026-01-15T18:54:55Z,VIP-EST,R58611276,ABONNEMENT,OK
TKT61535214441,2026-01-15T18:54:55Z,PORTE-C,,UNITE,OK
TKT48675337129,2026-01-15T18:54:55Z,PORTE-D,R53588555,INVITATION,REFUSE_DEJA_SCANNE
TKT32159603398,2026-01-15T18:54:55Z,PORTE-D,R51961998,UNITE,OK
TKT41912064490,2026-01-15T18:54:55Z,PORTE-D,R56590895,UNITE,OK
TKT23522985115,2026-01-15T18:54:56Z,VIP-EST,R59488268,GROUPE,OK
TKT49960044049,2026-01-15T18:54:56Z,PORTE-C,R53944708,UNITE,OK
TKT33503168443,2026-01-15T18:54:57Z,PORTE-D,R55167442,UNITE,OK
TKT65905498650,2026-01-15T18:54:59Z,PORTE-A,R53114371,UNITE,OK
TKT80449689749,2026-01-15T18:55:00Z,VIP-EST,R58308243,UNITE,OK
TKT63947390321,2026-01-15T18:55:00Z,PORTE-A,R57978593,UNITE,OK
TKT39332083167,2026-01-15T18:55:00Z,PORTE-C,R53619550,UNITE,OK
TKT85263070502,2026-01-15T18:55:01Z,PORTE-D,R51052708,ABONNEMENT,OK
TKT87390749912,2026-01-15T18:55:01Z,PORTE-C,R52368886,UNITE,OK
TKT42355295138,2026-01-15T18:55:01Z,PORTE-C,R59661211,UNITE,OK
TKT42344505192,2026-01-15T18:55:03Z,PORTE-C,R54787516,ABONNEMENT,OK
TKT71033243000,2026-01-15T18:55:03Z,PORTE-A,,UNITE,OK
TKT81322871210,2026-01-15T18:55:03Z,PORTE-C,,UNITE,OK
TKT84297401448,2026-01-15T18:55:03Z,PORTE-B,,INVITATION,OK
TKT36546524142,2026-01-15T18:55:04Z,PORTE-D,R56222760,ABONNEMENT,OK
TKT17138943933,2026-01-15T18:55:04Z,PORTE-C,R55334992,UNITE,OK
TKT34044113858,2026-01-15T18:55:04Z,PORTE-A,R57373217,UNITE,OK
TKT39414648990,2026-01-15T18:55:04Z,PORTE-B,R55564254,UNITE,OK
TKT56945406964,2026-01-15T18:55:05Z,PORTE-C,,UNITE,OK
TKT13228274990,2026-01-15T18:55:05Z,PORTE-A,R52206173,UNITE,OK
TKT62500120664,2026-01-15T18:55:05Z,PORTE-A,R59012111,UNITE,OK
TKT22506253204,2026-01-15T18:55:07Z,PORTE-D,R55035302,UNITE,OK
TKT64812858130,2026-01-15T18:55:07Z,VIP-EST,R55482725,UNITE,OK
TKT79873065639,2026-01-15T18:55:08Z,PORTE-C,R59882504,ABONNEMENT,OK
TKT22717246109,2026-01-15T18:55:08Z,VIP-EST,,UNITE,OK
TKT15892940895,2026-01-15T18:55:08Z,PORTE-D,R58322898,UNITE,OK
TKT31926613059,2026-01-15T18:55:09Z,VIP-EST,,UNITE,OK
TKT90623969294,2026-01-15T18:55:09Z,PORTE-C,R56410874,UNITE,OK
TKT44959986185,2026-01-15T18:55:09Z,VIP-EST,R58399446,UNITE,OK
TKT56921654336,2026-01-15T18:55:10Z,PORTE-C,R55025628,ABONNEMENT,OK
TKT61327213215,2026-01-15T18:55:10Z,PORTE-C,R58713446,UNITE,OK
TKT38142371350,2026-01-15T18:55:10Z,PORTE-D,R57198579,UNITE,OK
TKT83983197275,2026-01-15T18:55:10Z,PORTE-C,R53136975,UNITE,OK
TKT93350822985,2026-01-15T18:55:10Z,PORTE-A,R58561556,UNITE,OK
TKT54558433167,2026-01-15T18:55:11Z,PORTE-D,R54605867,ABONNEMENT,OK
TKT17394341892,2026-01-15T18:55:11Z,PORTE-C,R59844287,UNITE,OK
TKT55200726057,2026-01-15T18:55:11Z,PORTE-D,R59045893,UNITE,OK
TKT19140166103,2026-01-15T18:55:13Z,VIP-EST,,GROUPE,OK
TKT76606922741,2026-01-15T18:55:13Z,PORTE-D,,GROUPE,OK
TKT75928955222,2026-01-15T18:55:13Z,VIP-EST,R51273589,UNITE,OK
TKT98696274911,2026-01-15T18:55:14Z,PORTE-C,R53910313,UNITE,OK
TKT29272429001,2026-01-15T18:55:15Z,PORTE-B,R51820874,ABONNEMENT,OK
TKT21301918918,2026-01-15T18:55:15Z,PORTE-C,R51317045,UNITE,OK
TKT44711641819,2026-01-15T18:55:15Z,VIP-EST,R56926953,UNITE,OK
TKT98811329264,2026-01-15T18:55:16Z,VIP-EST,R51728100,ABONNEMENT,OK
TKT23250919410,2026-01-15T18:55:16Z,PORTE-A,,GROUPE,OK
TKT74627884864,2026-01-15T18:55:16Z,VIP-EST,R59342508,UNITE,OK
TKT58241694667,2026-01-15T18:55:17Z,VIP-EST,R54814143,ABONNEMENT,OK
TKT12010057460,2026-01-15T18:55:17Z,PORTE-C,R56897874,UNITE,OK
TKT60618165957,2026-01-15T18:55:18Z,PORTE-C,,GROUPE,OK
TKT67537304395,2026-01-15T18:55:18Z,PORTE-C,,UNITE,OK
TKT95301130106,2026-01-15T18:55:19Z,VIP-EST,R56507115,UNITE,OK
TKT29609949308,2026-01-15T18:55:19Z,PORTE-D,R59397822,UNITE,OK
TKT19518936008,2026-01-15T18:55:19Z,PORTE-D,R59831558,UNITE,OK
TKT27838439108,2026-01-15T18:55:19Z,VIP-EST,R51029280,UNITE,OK
TKT10246906255,2026-01-15T18:55:20Z,PORTE-C,,UNITE,OK
TKT33424143215,2026-01-15T18:55:20Z,PORTE-C,,GROUPE,OK
TKT20790116105,2026-01-15T18:55:21Z,PORTE-A,R52290968,UNITE,OK
TKT60116871425,2026-01-15T18:55:22Z,PORTE-A,R54903095,UNITE,OK
TKT33355905458,2026-01-15T18:55:22Z,PORTE-A,R55488242,UNITE,OK
TKT30963882401,2026-01-15T18:55:22Z,PORTE-A,R51198123,UNITE,OK
TKT71932390591,2026-01-15T18:55:23Z,PORTE-B,R51385155,ABONNEMENT,OK
TKT29427472834,2026-01-15T18:55:23Z,PORTE-A,,UNITE,OK
TKT98430959389,2026-01-15T18:55:23Z,PORTE-D,R55878043,UNITE,OK
TKT41276669710,2026-01-15T18:55:24Z,PORTE-C,R54995112,UNITE,OK
TKT68979018138,2026-01-15T18:55:24Z,VIP-EST,R51099507,UNITE,OK
TKT54898943489,2026-01-15T18:55:24Z,PORTE-D,R57600784,UNITE,OK
TKT92018489664,2026-01-15T18:55:25Z,PORTE-C,R52559596,ABONNEMENT,OK
TKT20027382143,2026-01-15T18:55:25Z,PORTE-B,R52662523,UNITE,OK
TKT76135617330,2026-01-15T18:55:26Z,PORTE-B,R55820086,UNITE,OK
TKT94702175599,2026-01-15T18:55:27Z,VIP-EST,,GROUPE,OK
TKT98890682944,2026-01-15T18:55:27Z,PORTE-A,,UNITE,REFUSE_DEJA_SCANNE
TKT45728199294,2026-01-15T18:55:28Z,PORTE-B,,UNITE,OK
TKT60822487310,2026-01-15T18:55:28Z,PORTE-C,R58072717,UNITE,OK
TKT96489172335,2026-01-15T18:55:29Z,PORTE-A,R57240742,UNITE,OK
TKT13829506245,2026-01-15T18:55:29Z,PORTE-A,,UNITE,OK
TKT25978898473,2026-01-15T18:55:29Z,PORTE-A,,UNITE,OK
TKT67641108946,2026-01-15T18:55:30Z,PORTE-B,R58827454,UNITE,OK
TKT70193472114,2026-01-15T18:55:31Z,PORTE-A,,UNITE,OK
TKT26570404928,2026-01-15T18:55:32Z,PORTE-C,R53806170,ABONNEMENT,OK
TKT42238461619,2026-01-15T18:55:32Z,PORTE-D,,UNITE,OK
TKT84886197594,2026-01-15T18:55:33Z,PORTE-C,R56301961,ABONNEMENT,OK
TKT57410011584,2026-01-15T18:55:33Z,PORTE-A,R54636507,UNITE,OK
TKT81811884280,2026-01-15T18:55:33Z,PORTE-C,R58118692,UNITE,OK
TKT25369382722,2026-01-15T18:55:34Z,PORTE-C,R58387464,ABONNEMENT,OK
TKT59982585081,2026-01-15T18:55:34Z,PORTE-D,R56826488,ABONNEMENT,OK
TKT65306101779,2026-01-15T18:55:34Z,PORTE-D,,GROUPE,OK
TKT22997191307,2026-01-15T18:55:34Z,PORTE-B,R52841921,UNITE,OK
TKT24391191147,2026-01-15T18:55:35Z,PORTE-A,,UNITE,OK
TKT14241598624,2026-01-15T18:55:35Z,PORTE-A,R56856180,UNITE,OK
TKT58273765222,2026-01-15T18:55:36Z,PORTE-A,R52687723,UNITE,OK
TKT38781475840,2026-01-15T18:55:36Z,PORTE-A,R58023064,UNITE,OK
TKT72840203877,2026-01-15T18:55:37Z,VIP-EST,R55525290,UNITE,OK
TKT41088961675,2026-01-15T18:55:37Z,PORTE-D,R56419111,UNITE,OK
TKT19346029001,2026-01-15T18:55:38Z,PORTE-A,R55267907,ABONNEMENT,OK
TKT55530871769,2026-01-15T18:55:38Z,PORTE-C,,UNITE,OK
TKT41634102350,2026-01-15T18:55:38Z,PORTE-A,R51159993,VIP,OK
TKT19360639456,2026-01-15T18:55:38Z,VIP-EST,R59471717,UNITE,OK
TKT82570144871,2026-01-15T18:55:39Z,PORTE-A,R51359754,UNITE,OK
TKT85643539271,2026-01-15T18:55:40Z,PORTE-D,R53357732,UNITE,OK
TKT28470570344,2026-01-15T18:55:40Z,PORTE-D,R56906791,UNITE,OK
TKT86385993958,2026-01-15T18:55:40Z,PORTE-C,R59994683,UNITE,OK
TKT18442864316,2026-01-15T18:55:41Z,PORTE-C,R52296485,ABONNEMENT,OK
TKT82113982512,2026-01-15T18:55:41Z,PORTE-C,,GROUPE,OK
TKT70979383487,2026-01-15T18:55:41Z,PORTE-C,,GROUPE,OK
TKT55222355064,2026-01-15T18:55:41Z,VIP-EST,R54565064,UNITE,OK
TKT62226554554,2026-01-15T18:55:41Z,PORTE-A,,UNITE,OK
TKT56254853022,2026-01-15T18:55:42Z,PORTE-D,,UNITE,OK
TKT64915748008,2026-01-15T18:55:43Z,VIP-EST,R59527510,UNITE,OK
TKT90206980554,2026-01-15T18:55:44Z,VIP-EST,R55397652,VIP,OK
TKT76050941559,2026-01-15T18:55:44Z,PORTE-B,R52508995,UNITE,OK
TKT15348411642,2026-01-15T18:55:45Z,PORTE-A,R57518833,UNITE,OK
TKT86634467932,2026-01-15T18:55:46Z,PORTE-A,R54137602,UNITE,OK
TKT67580244431,2026-01-15T18:55:47Z,PORTE-B,,UNITE,OK
TKT58746857368,2026-01-15T18:55:48Z,PORTE-A,R52785736,ABONNEMENT,OK
TKT87918373902,2026-01-15T18:55:48Z,PORTE-A,R52517510,UNITE,OK
TKT86354064622,2026-01-15T18:55:48Z,PORTE-C,,UNITE,OK
TKT66865888971,2026-01-15T18:55:49Z,PORTE-A,R55022841,UNITE,OK
TKT22130562496,2026-01-15T18:55:49Z,PORTE-A,R55095788,INVITATION,OK
TKT96824822159,2026-01-15T18:55:50Z,VIP-EST,R58015028,UNITE,OK
TKT48614317569,2026-01-15T18:55:52Z,PORTE-C,R55301344,INVITATION,OK
TKT34228039331,2026-01-15T18:55:52Z,PORTE-B,R52365898,UNITE,OK
TKT93571881909,2026-01-15T18:55:54Z,PORTE-D,R53396408,UNITE,OK
TKT15142600279,2026-01-15T18:55:54Z,PORTE-A,R51064154,UNITE,OK
TKT16342490690,2026-01-15T18:55:54Z,PORTE-A,R55288270,UNITE,OK
TKT74177074038,2026-01-15T18:55:54Z,VIP-EST,R55869059,UNITE,OK
TKT75165963617,2026-01-15T18:55:56Z,PORTE-D,R58556106,UNITE,OK
TKT57991717088,2026-01-15T18:55:56Z,PORTE-D,R58024980,UNITE,OK
TKT96176912986,2026-01-15T18:55:57Z,VIP-EST,R51367254,ABONNEMENT,OK
TKT41649321058,2026-01-15T18:55:57Z,PORTE-C,R54434773,ABONNEMENT,OK
TKT65261971696,2026-01-15T18:55:58Z,PORTE-B,R55460178,UNITE,OK
TKT60237963894,2026-01-15T18:55:58Z,PORTE-A,,UNITE,OK
TKT94951576088,2026-01-15T18:55:58Z,PORTE-D,R53852413,UNITE,OK
TKT38717592714,2026-01-15T18:55:58Z,PORTE-B,R56291004,UNITE,OK
TKT35942044149,2026-01-15T18:55:59Z,PORTE-C,R54124116,UNITE,OK
TKT70625060771,2026-01-15T18:55:59Z,PORTE-A,R52286131,UNITE,OK
TKT73390175465,2026-01-15T18:55:59Z,PORTE-A,,UNITE,OK
TKT79267498499,2026-01-15T18:55:59Z,PORTE-D,R58205939,UNITE,OK
TKT44863494289,2026-01-15T18:56:00Z,PORTE-D,R51714001,ABONNEMENT,OK
TKT40360191423,2026-01-15T18:56:00Z,PORTE-A,R57467820,UNITE,OK
TKT83839031156,2026-01-15T18:56:01Z,PORTE-C,R58967774,UNITE,OK
TKT70960686082,2026-01-15T18:56:01Z,PORTE-C,R54133790,UNITE,OK
TKT38051899234,2026-01-15T18:56:01Z,PORTE-A,R52989999,UNITE,OK
TKT74733899782,2026-01-15T18:56:02Z,PORTE-A,R55902898,ABONNEMENT,OK
TKT98764998602,2026-01-15T18:56:03Z,PORTE-D,R52233145,ABONNEMENT,OK
TKT68826621095,2026-01-15T18:56:04Z,VIP-EST,,UNITE,OK
TKT96701098747,2026-01-15T18:56:04Z,PORTE-B,,GROUPE,OK
TKT17268108960,2026-01-15T18:56:05Z,PORTE-C,R56637828,ABONNEMENT,OK
TKT74577781035,2026-01-15T18:56:05Z,PORTE-C,R57583275,UNITE,OK
TKT16439355925,2026-01-15T18:56:05Z,PORTE-B,,UNITE,OK
TKT15236863271,2026-01-15T18:56:05Z,PORTE-C,R53493205,UNITE,OK
TKT66592802210,2026-01-15T18:56:05Z,VIP-EST,R57348563,UNITE,OK
TKT21374489756,2026-01-15T18:56:06Z,VIP-EST,R55728538,ABONNEMENT,OK
TKT20079872452,2026-01-15T18:56:06Z,PORTE-C,R51369016,UNITE,OK
TKT46953914047,2026-01-15T18:56:07Z,PORTE-B,,UNITE,OK
TKT54061571757,2026-01-15T18:56:08Z,PORTE-C,R52114022,ABONNEMENT,OK
TKT69426086535,2026-01-15T18:56:08Z,PORTE-A,R57418723,UNITE,OK
TKT26855894288,2026-01-15T18:56:08Z,PORTE-C,R51195068,UNITE,OK
TKT50314065130,2026-01-15T18:56:08Z,PORTE-A,R55801150,UNITE,OK
TKT76336323880,2026-01-15T18:56:08Z,PORTE-D,R53849559,UNITE,OK
TKT96958827647,2026-01-15T18:56:09Z,PORTE-A,R56123521,UNITE,OK
TKT88099198020,2026-01-15T18:56:10Z,PORTE-C,,UNITE,OK
TKT30191756339,2026-01-15T18:56:11Z,PORTE-A,,GROUPE,OK
TKT20012676856,2026-01-15T18:56:11Z,PORTE-A,,UNITE,OK
TKT52552251628,2026-01-15T18:56:12Z,PORTE-C,R52843291,UNITE,REFUSE_DEJA_SCANNE
TKT75448589925,2026-01-15T18:56:12Z,PORTE-C,R53249978,UNITE,OK
TKT73705809970,2026-01-15T18:56:12Z,PORTE-A,R52626892,UNITE,OK
TKT12284968751,2026-01-15T18:56:13Z,PORTE-C,R58343663,UNITE,OK
TKT22588224556,2026-01-15T18:56:13Z,PORTE-C,R52981350,UNITE,OK
TKT76952366050,2026-01-15T18:56:14Z,PORTE-C,R58574429,UNITE,OK
TKT44096217911,2026-01-15T18:56:14Z,VIP-EST,R56249588,UNITE,OK
TKT89163633843,2026-01-15T18:56:14Z,PORTE-C,R53191676,UNITE,OK
TKT48646792034,2026-01-15T18:56:15Z,PORTE-C,R55952829,ABONNEMENT,OK
TKT13389199336,2026-01-15T18:56:15Z,VIP-EST,,VIP,OK
TKT32243733862,2026-01-15T18:56:16Z,PORTE-C,,GROUPE,OK
TKT53975577688,2026-01-15T18:56:17Z,PORTE-C,R58202261,UNITE,OK
TKT83609502830,2026-01-15T18:56:17Z,VIP-EST,,VIP,OK
TKT87442730025,2026-01-15T18:56:17Z,VIP-EST,R54900308,VIP,OK
TKT99193978977,2026-01-15T18:56:18Z,PORTE-C,R58088722,ABONNEMENT,OK
TKT87945642343,2026-01-15T18:56:18Z,PORTE-C,,GROUPE,OK
TKT36577320972,2026-01-15T18:56:18Z,PORTE-A,R55577673,UNITE,OK
TKT72833448680,2026-01-15T18:56:18Z,PORTE-B,R59996110,UNITE,OK
TKT12827014396,2026-01-15T18:56:19Z,PORTE-C,R58878956,UNITE,OK
TKT92633240776,2026-01-15T18:56:20Z,PORTE-C,R53702372,UNITE,OK
TKT29235087666,2026-01-15T18:56:20Z,PORTE-B,,UNITE,OK
TKT52894884172,2026-01-15T18:56:20Z,PORTE-C,,GROUPE,OK
TKT85099816185,2026-01-15T18:56:20Z,VIP-EST,R56903726,UNITE,OK
TKT15337689772,2026-01-15T18:56:21Z,PORTE-D,R51971806,ABONNEMENT,OK
TKT69206723211,2026-01-15T18:56:21Z,PORTE-D,R59607669,UNITE,OK
TKT59948520220,2026-01-15T18:56:21Z,PORTE-A,R59626538,UNITE,OK
TKT50171652350,2026-01-15T18:56:22Z,PORTE-D,R52656594,ABONNEMENT,OK
TKT66698227347,2026-01-15T18:56:22Z,PORTE-A,,UNITE,OK
TKT10499632946,2026-01-15T18:56:25Z,VIP-EST,R58486569,ABONNEMENT,OK
TKT88407895354,2026-01-15T18:56:25Z,PORTE-C,R55007928,UNITE,OK
TKT98734116259,2026-01-15T18:56:25Z,PORTE-C,,UNITE,OK
TKT35287468371,2026-01-15T18:56:25Z,PORTE-B,,UNITE,OK
TKT92018973648,2026-01-15T18:56:26Z,PORTE-C,R56855577,UNITE,OK
TKT80786991043,2026-01-15T18:56:26Z,PORTE-C,R54686917,UNITE,REFUSE_INVALIDE
TKT88919477385,2026-01-15T18:56:27Z,PORTE-C,R51117150,ABONNEMENT,OK
TKT97359000062,2026-01-15T18:56:27Z,PORTE-A,R51229865,ABONNEMENT,OK
TKT74658977552,2026-01-15T18:56:27Z,PORTE-C,R57993784,UNITE,OK
TKT72079818183,2026-01-15T18:56:28Z,PORTE-B,R51752831,UNITE,OK
TKT43276581409,2026-01-15T18:56:28Z,PORTE-B,R56826287,UNITE,OK
TKT70818613543,2026-01-15T18:56:29Z,PORTE-C,,UNITE,OK
TKT88820979192,2026-01-15T18:56:29Z,PORTE-C,R53073769,UNITE,OK
TKT68415042453,2026-01-15T18:56:29Z,PORTE-C,R52563341,UNITE,REFUSE_DEJA_SCANNE
TKT51129731607,2026-01-15T18:56:30Z,PORTE-C,R51628660,ABONNEMENT,OK
TKT45781964642,2026-01-15T18:56:30Z,PORTE-C,R51245803,ABONNEMENT,OK
TKT67141707054,2026-01-15T18:56:30Z,PORTE-C,,UNITE,OK
TKT72959329447,2026-01-15T18:56:30Z,PORTE-B,R52650531,UNITE,OK
TKT69210839744,2026-01-15T18:56:30Z,PORTE-C,R56975792,UNITE,OK
TKT98325977491,2026-01-15T18:56:31Z,VIP-EST,R58463811,INVITATION,OK
TKT41796392449,2026-01-15T18:56:31Z,PORTE-D,R59497530,INVITATION,OK
TKT77651735602,2026-01-15T18:56:31Z,VIP-EST,R55423609,VIP,OK
TKT55779392800,2026-01-15T18:56:31Z,VIP-EST,R51419014,UNITE,OK
TKT82795751731,2026-01-15T18:56:32Z,PORTE-B,R56598864,UNITE,OK
TKT25643743044,2026-01-15T18:56:33Z,VIP-EST,,GROUPE,OK
TKT38468545410,2026-01-15T18:56:33Z,PORTE-A,R59881757,UNITE,OK
TKT41986004364,2026-01-15T18:56:33Z,PORTE-C,R57542271,UNITE,OK
TKT73213837311,2026-01-15T18:56:33Z,PORTE-B,R56660633,UNITE,OK
TKT17142437274,2026-01-15T18:56:34Z,PORTE-C,R53831303,ABONNEMENT,OK
TKT57466645739,2026-01-15T18:56:34Z,PORTE-C,,GROUPE,OK
TKT22302243250,2026-01-15T18:56:34Z,PORTE-C,R51519268,UNITE,OK
TKT40578155947,2026-01-15T18:56:35Z,PORTE-B,R59960211,ABONNEMENT,OK
TKT36985961862,2026-01-15T18:56:35Z,PORTE-A,R52289474,UNITE,OK
TKT63712986429,2026-01-15T18:56:35Z,PORTE-A,R54809517,VIP,OK
TKT33258990401,2026-01-15T18:56:35Z,PORTE-C,,UNITE,OK
TKT39088090481,2026-01-15T18:56:36Z,PORTE-C,R54856651,ABONNEMENT,OK
TKT74473069115,2026-01-15T18:56:37Z,PORTE-A,R51432778,ABONNEMENT,OK
TKT12256084074,2026-01-15T18:56:37Z,VIP-EST,R51054078,ABONNEMENT,OK
TKT42318427694,2026-01-15T18:56:37Z,PORTE-D,R59509733,UNITE,OK
TKT68558995665,2026-01-15T18:56:37Z,PORTE-C,,GROUPE,OK
TKT10808467452,2026-01-15T18:56:37Z,PORTE-A,R52260117,UNITE,OK
TKT75917638599,2026-01-15T18:56:38Z,PORTE-C,R58839724,UNITE,OK
TKT94340466860,2026-01-15T18:56:38Z,PORTE-C,R51246694,UNITE,OK
TKT62911308607,2026-01-15T18:56:38Z,PORTE-A,R53627442,UNITE,OK
TKT88458656489,2026-01-15T18:56:39Z,PORTE-D,,UNITE,OK
TKT87025365223,2026-01-15T18:56:40Z,PORTE-A,R58115014,UNITE,OK
TKT45555551899,2026-01-15T18:56:40Z,PORTE-C,R55504927,INVITATION,OK
TKT22412110169,2026-01-15T18:56:40Z,PORTE-B,,GROUPE,OK
TKT71078251603,2026-01-15T18:56:41Z,VIP-EST,R53499057,ABONNEMENT,OK
TKT43555848758,2026-01-15T18:56:41Z,PORTE-D,,GROUPE,OK
TKT78795929372,2026-01-15T18:56:41Z,PORTE-A,R58009166,UNITE,OK
TKT99769696748,2026-01-15T18:56:41Z,PORTE-C,,UNITE,OK
TKT61960980715,2026-01-15T18:56:42Z,PORTE-C,R56470948,ABONNEMENT,OK
TKT59692878432,2026-01-15T18:56:42Z,PORTE-B,R58295916,UNITE,OK
TKT90031463327,2026-01-15T18:56:42Z,VIP-EST,,UNITE,OK
TKT21637736779,2026-01-15T18:56:42Z,VIP-EST,R57170582,UNITE,OK
TKT25253138345,2026-01-15T18:56:43Z,VIP-EST,R55672276,ABONNEMENT,OK
TKT85269803287,2026-01-15T18:56:43Z,PORTE-A,R52632610,UNITE,OK
TKT92096203895,2026-01-15T18:56:43Z,VIP-EST,,UNITE,OK
TKT56031180774,2026-01-15T18:56:45Z,VIP-EST,R59355793,UNITE,OK
TKT25030044348,2026-01-15T18:56:45Z,VIP-EST,R53963577,INVITATION,OK
TKT19840098204,2026-01-15T18:56:45Z,PORTE-A,R52107882,UNITE,OK
TKT81953631064,2026-01-15T18:56:46Z,PORTE-B,R55543958,UNITE,OK
TKT29309032232,2026-01-15T18:56:46Z,PORTE-A,,GROUPE,OK
TKT81347375778,2026-01-15T18:56:46Z,PORTE-C,R52884084,UNITE,OK
TKT54838251337,2026-01-15T18:56:47Z,PORTE-A,R59334415,UNITE,OK
TKT31985932850,2026-01-15T18:56:47Z,VIP-EST,R53438638,VIP,OK
TKT17173283120,2026-01-15T18:56:47Z,PORTE-A,R51923034,UNITE,OK
TKT95126837089,2026-01-15T18:56:47Z,PORTE-A,R53063348,UNITE,OK
TKT99486944098,2026-01-15T18:56:47Z,PORTE-C,R53298606,UNITE,OK
TKT64691541210,2026-01-15T18:56:49Z,PORTE-C,R53843161,UNITE,OK
TKT59641376632,2026-01-15T18:56:49Z,VIP-EST,R56265114,VIP,OK
TKT39698424401,2026-01-15T18:56:49Z,PORTE-C,R56681140,UNITE,OK
TKT57944648851,2026-01-15T18:56:49Z,VIP-EST,R53896415,GROUPE,OK
TKT50615442707,2026-01-15T18:56:50Z,VIP-EST,R58412530,UNITE,OK
TKT64752535140,2026-01-15T18:56:50Z,PORTE-D,R54789020,UNITE,OK
TKT47605499635,2026-01-15T18:56:50Z,PORTE-C,R52780142,UNITE,OK
TKT96370855103,2026-01-15T18:56:50Z,PORTE-D,R53241252,UNITE,OK
TKT51341068163,2026-01-15T18:56:51Z,PORTE-A,R58710448,ABONNEMENT,OK
TKT73805666853,2026-01-15T18:56:51Z,PORTE-C,,GROUPE,OK
TKT55848149952,2026-01-15T18:56:51Z,VIP-EST,,GROUPE,OK
TKT41793589561,2026-01-15T18:56:51Z,PORTE-C,R58511089,UNITE,OK
TKT23039184374,2026-01-15T18:56:51Z,PORTE-B,R59299608,UNITE,OK
TKT72706276787,2026-01-15T18:56:52Z,PORTE-D,R53616475,ABONNEMENT,OK
TKT28186748840,2026-01-15T18:56:52Z,PORTE-A,,VIP,OK
TKT66177804049,2026-01-15T18:56:52Z,PORTE-C,,UNITE,OK
TKT42200639406,2026-01-15T18:56:52Z,PORTE-D,R57682313,UNITE,OK
TKT83985855645,2026-01-15T18:56:52Z,PORTE-D,R59897082,UNITE,OK
TKT51573968076,2026-01-15T18:56:53Z,PORTE-C,R59082328,ABONNEMENT,OK
TKT41569584701,2026-01-15T18:56:54Z,PORTE-A,,GROUPE,OK
TKT46714363837,2026-01-15T18:56:54Z,PORTE-C,,UNITE,OK
TKT23763927239,2026-01-15T18:56:54Z,PORTE-D,R57540633,UNITE,OK
TKT70995239086,2026-01-15T18:56:56Z,VIP-EST,R51968875,UNITE,OK
TKT96686114643,2026-01-15T18:56:56Z,PORTE-A,R51986441,UNITE,OK
TKT83733023929,2026-01-15T18:56:56Z,PORTE-B,R54141079,UNITE,OK
TKT36402077261,2026-01-15T18:56:57Z,PORTE-B,R55591839,UNITE,OK
TKT20983531518,2026-01-15T18:56:58Z,PORTE-D,R51514163,UNITE,OK
TKT16217555577,2026-01-15T18:56:59Z,PORTE-C,R59567556,ABONNEMENT,OK
TKT55098352260,2026-01-15T18:56:59Z,PORTE-D,R59012379,ABONNEMENT,OK
TKT75143691412,2026-01-15T18:56:59Z,PORTE-C,R59864593,UNITE,OK
TKT94383651464,2026-01-15T18:57:00Z,PORTE-A,,VIP,OK
TKT25403876098,2026-01-15T18:57:00Z,PORTE-C,R59370036,UNITE,OK
TKT26336490046,2026-01-15T18:57:00Z,PORTE-D,R58081433,UNITE,OK
TKT84126728599,2026-01-15T18:57:01Z,PORTE-B,R58908983,UNITE,OK
TKT89415845549,2026-01-15T18:57:01Z,PMR-NORD,R54054157,UNITE,OK
TKT43533586936,2026-01-15T18:57:01Z,VIP-EST,R57192382,UNITE,OK
TKT27707888956,2026-01-15T18:57:02Z,PORTE-B,R51032077,ABONNEMENT,OK
TKT75683723439,2026-01-15T18:57:02Z,PORTE-C,R57285089,UNITE,OK
TKT93154974967,2026-01-15T18:57:02Z,PORTE-A,R52793216,UNITE,OK
TKT85792735830,2026-01-15T18:57:03Z,PORTE-D,,UNITE,OK
TKT30086364709,2026-01-15T18:57:03Z,PORTE-A,R58686407,UNITE,OK
TKT34194427241,2026-01-15T18:57:03Z,PORTE-D,,UNITE,OK
TKT63970634428,2026-01-15T18:57:04Z,PORTE-C,R55701097,ABONNEMENT,OK
TKT75312674658,2026-01-15T18:57:04Z,PORTE-A,R55963863,UNITE,OK
TKT13793533313,2026-01-15T18:57:06Z,PORTE-C,R57822201,UNITE,OK
TKT90508235859,2026-01-15T18:57:06Z,PORTE-C,R57551744,UNITE,OK
TKT47076873839,2026-01-15T18:57:06Z,PORTE-A,R59075652,UNITE,OK
TKT62410589394,2026-01-15T18:57:06Z,PORTE-C,R58858047,UNITE,OK
TKT70251759207,2026-01-15T18:57:07Z,PORTE-D,R55958001,UNITE,OK
TKT50740993504,2026-01-15T18:57:08Z,PORTE-D,R54136175,UNITE,OK
TKT46788833034,2026-01-15T18:57:08Z,PORTE-D,R58974028,UNITE,OK
TKT35104657130,2026-01-15T18:57:08Z,PORTE-C,R51594610,INVITATION,OK
TKT77641720853,2026-01-15T18:57:09Z,PORTE-A,R54506494,UNITE,OK
TKT83041063005,2026-01-15T18:57:09Z,PORTE-C,R56676571,UNITE,OK
TKT85626269760,2026-01-15T18:57:09Z,PORTE-B,R52697397,INVITATION,OK
TKT54725583573,2026-01-15T18:57:10Z,PORTE-C,R52375361,UNITE,OK
TKT98983774345,2026-01-15T18:57:10Z,PORTE-A,R55630190,UNITE,OK
TKT70602411905,2026-01-15T18:57:11Z,PORTE-C,R52522893,UNITE,OK
TKT41330509932,2026-01-15T18:57:11Z,PORTE-C,,UNITE,OK
TKT39486500253,2026-01-15T18:57:12Z,VIP-EST,R54555256,ABONNEMENT,OK
TKT68118587693,2026-01-15T18:57:12Z,PORTE-D,,UNITE,OK
TKT67375621364,2026-01-15T18:57:13Z,PORTE-C,,GROUPE,OK
TKT37343524339,2026-01-15T18:57:13Z,PORTE-A,,GROUPE,OK
TKT50621892621,2026-01-15T18:57:14Z,PORTE-A,R55357807,UNITE,OK
TKT26187622736,2026-01-15T18:57:14Z,PORTE-B,R53957303,UNITE,OK
TKT88992276900,2026-01-15T18:57:14Z,PORTE-A,R53925293,UNITE,OK
TKT31678015586,2026-01-15T18:57:16Z,PORTE-D,R58928733,UNITE,OK
TKT39559280240,2026-01-15T18:57:17Z,PORTE-D,R51152627,UNITE,OK
TKT38256321621,2026-01-15T18:57:17Z,PORTE-B,R54251007,UNITE,OK
TKT89710449626,2026-01-15T18:57:17Z,PORTE-A,R54969299,UNITE,OK
TKT85443008354,2026-01-15T18:57:18Z,PORTE-A,R53393889,ABONNEMENT,OK
TKT75874021740,2026-01-15T18:57:18Z,PORTE-A,R59760105,UNITE,OK
TKT62740022732,2026-01-15T18:57:19Z,PORTE-C,,UNITE,OK
TKT23923562836,2026-01-15T18:57:19Z,PORTE-C,R58838833,UNITE,OK
TKT91818216548,2026-01-15T18:57:20Z,PORTE-D,R51848928,UNITE,OK
TKT40025133006,2026-01-15T18:57:21Z,VIP-EST,R57106974,UNITE,OK
TKT21628464885,2026-01-15T18:57:21Z,PORTE-C,,UNITE,OK
TKT51957422161,2026-01-15T18:57:21Z,PORTE-C,R52278172,UNITE,OK
TKT12423718058,2026-01-15T18:57:22Z,PORTE-A,R51095072,UNITE,OK
TKT60604258379,2026-01-15T18:57:23Z,PORTE-C,R56662338,ABONNEMENT,OK
TKT19343680690,2026-01-15T18:57:23Z,PORTE-C,,UNITE,OK
TKT70295766984,2026-01-15T18:57:23Z,PORTE-A,,UNITE,OK
TKT45723993835,2026-01-15T18:57:23Z,PORTE-C,R59798657,UNITE,OK
TKT85004984693,2026-01-15T18:57:24Z,PORTE-A,R53136372,ABONNEMENT,OK
TKT48474976221,2026-01-15T18:57:24Z,VIP-EST,R58593221,ABONNEMENT,OK
TKT41096887719,2026-01-15T18:57:25Z,PORTE-B,R56207291,UNITE,OK
TKT47393561936,2026-01-15T18:57:25Z,PORTE-A,,UNITE,OK
TKT66776431506,2026-01-15T18:57:25Z,PORTE-D,R55589598,UNITE,OK
TKT65993465119,2026-01-15T18:57:26Z,PORTE-A,R54000769,ABONNEMENT,OK
TKT11948553945,2026-01-15T18:57:26Z,PORTE-A,,GROUPE,OK
TKT20037576173,2026-01-15T18:57:26Z,PORTE-C,R57028299,UNITE,OK
TKT34063950689,2026-01-15T18:57:26Z,PORTE-C,R57649000,UNITE,OK
TKT13191517759,2026-01-15T18:57:26Z,PORTE-D,R54055872,INVITATION,OK
TKT60578719319,2026-01-15T18:57:27Z,VIP-EST,R52496668,VIP,OK
TKT63895420837,2026-01-15T18:57:27Z,VIP-EST,R55333019,UNITE,OK
TKT48448585012,2026-01-15T18:57:27Z,PORTE-C,R56311568,UNITE,OK
TKT36242656476,2026-01-15T18:57:28Z,VIP-EST,R54655242,ABONNEMENT,OK
TKT22506898360,2026-01-15T18:57:28Z,PORTE-A,R51407099,UNITE,OK
TKT80154175402,2026-01-15T18:57:29Z,PORTE-C,R58455641,ABONNEMENT,OK
TKT48450504957,2026-01-15T18:57:29Z,PORTE-A,,GROUPE,OK
TKT99941918712,2026-01-15T18:57:29Z,PORTE-C,,GROUPE,OK
TKT61735470878,2026-01-15T18:57:30Z,PORTE-B,R59763036,ABONNEMENT,OK
TKT54509697138,2026-01-15T18:57:30Z,PORTE-C,R56272403,UNITE,OK
TKT91310574856,2026-01-15T18:57:30Z,VIP-EST,R52197725,UNITE,OK
TKT70885264842,2026-01-15T18:57:32Z,PORTE-C,R58936099,ABONNEMENT,OK
TKT63108251564,2026-01-15T18:57:33Z,VIP-EST,R56256063,ABONNEMENT,OK
TKT62658116761,2026-01-15T18:57:33Z,PORTE-A,R57071832,UNITE,OK
TKT79011282630,2026-01-15T18:57:34Z,VIP-EST,,GROUPE,OK
TKT25097349861,2026-01-15T18:57:34Z,PORTE-B,,UNITE,OK
TKT18552870171,2026-01-15T18:57:35Z,PORTE-D,R55062140,ABONNEMENT,OK
TKT10172434341,2026-01-15T18:57:35Z,PORTE-C,,GROUPE,OK
TKT89218143238,2026-01-15T18:57:36Z,PORTE-C,R59078928,UNITE,OK
TKT89365200453,2026-01-15T18:57:36Z,VIP-EST,R55061805,UNITE,OK
TKT52665300985,2026-01-15T18:57:37Z,PORTE-C,R51209847,UNITE,OK
TKT80739116495,2026-01-15T18:57:37Z,PORTE-C,R52736830,UNITE,OK
TKT85164020712,2026-01-15T18:57:37Z,PORTE-A,R51867395,UNITE,OK
TKT82485023067,2026-01-15T18:57:37Z,PORTE-C,,UNITE,OK
TKT81407534921,2026-01-15T18:57:38Z,PORTE-D,R52961801,ABONNEMENT,OK
TKT63299632141,2026-01-15T18:57:38Z,PORTE-C,R59716448,UNITE,OK
TKT10346283180,2026-01-15T18:57:38Z,PORTE-A,,UNITE,OK
TKT27822218185,2026-01-15T18:57:39Z,PORTE-A,R53894509,ABONNEMENT,OK
TKT14707381349,2026-01-15T18:57:39Z,PORTE-C,R52877954,UNITE,OK
TKT27312462332,2026-01-15T18:57:39Z,PORTE-A,R52599451,UNITE,OK
TKT53636258600,2026-01-15T18:57:39Z,VIP-EST,,UNITE,OK
TKT10513686361,2026-01-15T18:57:41Z,PORTE-D,R57369070,ABONNEMENT,OK
TKT54243829741,2026-01-15T18:57:41Z,PORTE-B,R56073868,UNITE,OK
TKT97279955379,2026-01-15T18:57:42Z,PORTE-D,R56185223,ABONNEMENT,OK
TKT51862334357,2026-01-15T18:57:42Z,PORTE-C,R56305716,UNITE,OK
TKT12402465624,2026-01-15T18:57:42Z,PORTE-A,,GROUPE,OK
TKT20546310087,2026-01-15T18:57:42Z,PORTE-C,R56676504,UNITE,OK
TKT28885704796,2026-01-15T18:57:42Z,PORTE-D,,UNITE,OK
TKT88778317132,2026-01-15T18:57:44Z,PORTE-D,R53487688,ABONNEMENT,OK
TKT16519132795,2026-01-15T18:57:44Z,PORTE-C,,UNITE,OK
TKT86166457873,2026-01-15T18:57:44Z,PORTE-C,,UNITE,OK
TKT54905938471,2026-01-15T18:57:45Z,PORTE-C,,UNITE,OK
TKT90942054606,2026-01-15T18:57:45Z,PORTE-C,R57773506,UNITE,OK
TKT38306565772,2026-01-15T18:57:46Z,VIP-EST,R52725719,ABONNEMENT,OK
TKT97016485948,2026-01-15T18:57:46Z,PORTE-A,R51941079,UNITE,OK
TKT62117979738,2026-01-15T18:57:46Z,PORTE-D,R59125918,UNITE,OK
TKT39505952560,2026-01-15T18:57:46Z,PORTE-A,R51428889,INVITATION,OK
TKT69087286245,2026-01-15T18:57:47Z,PORTE-C,R53522964,UNITE,OK
TKT82235076971,2026-01-15T18:57:48Z,VIP-EST,R57727943,VIP,OK
TKT41158469775,2026-01-15T18:57:48Z,PORTE-B,,GROUPE,OK
TKT13713200681,2026-01-15T18:57:49Z,PORTE-C,R57785967,ABONNEMENT,OK
TKT76149005504,2026-01-15T18:57:49Z,PORTE-C,R52385380,UNITE,OK
TKT81880259336,2026-01-15T18:57:50Z,PORTE-A,R54356443,UNITE,OK
TKT93638742164,2026-01-15T18:57:50Z,PORTE-D,R58280179,UNITE,OK
TKT40796939213,2026-01-15T18:57:50Z,PORTE-D,R52126349,UNITE,OK
TKT77976009125,2026-01-15T18:57:51Z,PORTE-B,R53407040,ABONNEMENT,OK
TKT95826887502,2026-01-15T18:57:51Z,PORTE-D,,GROUPE,REFUSE_DEJA_SCANNE
TKT84451818951,2026-01-15T18:57:52Z,PORTE-A,R58913351,ABONNEMENT,OK
TKT64246842449,2026-01-15T18:57:52Z,PORTE-D,R57298910,ABONNEMENT,OK
TKT32787005969,2026-01-15T18:57:52Z,PORTE-A,R56685096,UNITE,OK
TKT31617728969,2026-01-15T18:57:52Z,PORTE-A,R56995810,VIP,OK
TKT55486515427,2026-01-15T18:57:52Z,PORTE-C,,UNITE,OK
TKT21793220083,2026-01-15T18:57:53Z,PORTE-C,,UNITE,OK
TKT33053115213,2026-01-15T18:57:54Z,VIP-EST,R54799910,ABONNEMENT,OK
TKT64305514893,2026-01-15T18:57:54Z,PORTE-C,R59723526,UNITE,OK
TKT58185618025,2026-01-15T18:57:54Z,PORTE-D,R52488220,UNITE,OK
TKT91919835865,2026-01-15T18:57:54Z,PORTE-A,R51496932,UNITE,OK
TKT23057520287,2026-01-15T18:57:54Z,PORTE-A,R53941164,UNITE,OK
TKT10780622293,2026-01-15T18:57:56Z,PORTE-B,R57393714,ABONNEMENT,OK
TKT68618183846,2026-01-15T18:57:57Z,VIP-EST,R51854110,ABONNEMENT,OK
TKT96319316865,2026-01-15T18:57:57Z,PORTE-B,R55145230,UNITE,OK
TKT78857165933,2026-01-15T18:57:57Z,PORTE-A,,GROUPE,OK
TKT19955409376,2026-01-15T18:57:58Z,PORTE-D,R56784670,ABONNEMENT,OK
TKT19160123179,2026-01-15T18:57:58Z,PORTE-C,R58157790,INVITATION,OK
TKT36875244702,2026-01-15T18:57:58Z,PORTE-A,R59849335,INVITATION,OK
TKT55305260266,2026-01-15T18:57:59Z,PORTE-C,R55732494,ABONNEMENT,OK
TKT76739237631,2026-01-15T18:57:59Z,PORTE-C,R58090561,UNITE,OK
TKT85913138921,2026-01-15T18:58:00Z,PORTE-C,,UNITE,OK
TKT97468876355,2026-01-15T18:58:01Z,PORTE-A,R58207098,UNITE,OK
TKT36335559101,2026-01-15T18:58:02Z,PORTE-B,R56797543,ABONNEMENT,OK
TKT16113834689,2026-01-15T18:58:02Z,VIP-EST,R53985779,ABONNEMENT,OK
TKT35633628665,2026-01-15T18:58:02Z,PORTE-A,,GROUPE,OK
TKT19166540028,2026-01-15T18:58:03Z,PORTE-B,R56538512,ABONNEMENT,OK
TKT26468885823,2026-01-15T18:58:03Z,VIP-EST,R51450689,UNITE,OK
TKT44619856453,2026-01-15T18:58:03Z,PORTE-B,,UNITE,OK
TKT26755809179,2026-01-15T18:58:04Z,PORTE-D,R59245051,ABONNEMENT,OK
TKT10535834801,2026-01-15T18:58:04Z,PORTE-D,R52712176,UNITE,OK
TKT48953517591,2026-01-15T18:58:04Z,PORTE-C,R59023078,UNITE,OK
TKT84690154683,2026-01-15T18:58:05Z,PORTE-A,R51016474,UNITE,OK
TKT42921768160,2026-01-15T18:58:05Z,PORTE-C,R55662478,UNITE,OK
TKT72023877382,2026-01-15T18:58:06Z,PORTE-B,R58467087,ABONNEMENT,OK
TKT58808702572,2026-01-15T18:58:06Z,PORTE-C,R54128340,UNITE,OK
TKT43650125574,2026-01-15T18:58:07Z,PORTE-D,R56342965,UNITE,OK
TKT65883203368,2026-01-15T18:58:08Z,PORTE-A,R55155115,UNITE,OK
TKT36758776969,2026-01-15T18:58:10Z,PORTE-B,R56517402,ABONNEMENT,OK
TKT35363353285,2026-01-15T18:58:10Z,PORTE-A,R57840457,ABONNEMENT,OK
TKT49419030117,2026-01-15T18:58:10Z,PORTE-D,,GROUPE,OK
TKT48195385747,2026-01-15T18:58:10Z,VIP-EST,,UNITE,OK
TKT96263907361,2026-01-15T18:58:10Z,PORTE-B,R55302704,UNITE,OK
TKT73617108418,2026-01-15T18:58:11Z,VIP-EST,R52557968,ABONNEMENT,OK
TKT29201520800,2026-01-15T18:58:11Z,PORTE-A,,UNITE,OK
TKT42083664818,2026-01-15T18:58:11Z,VIP-EST,R58243064,UNITE,OK
TKT39010278556,2026-01-15T18:58:12Z,PORTE-D,R59907637,ABONNEMENT,OK
TKT97360555219,2026-01-15T18:58:13Z,PORTE-D,R53777627,ABONNEMENT,OK
TKT18203149686,2026-01-15T18:58:13Z,PORTE-A,R55542464,UNITE,OK
TKT66525424318,2026-01-15T18:58:13Z,PORTE-D,R58454884,UNITE,OK
TKT99436399194,2026-01-15T18:58:13Z,PORTE-A,,GROUPE,OK
TKT15481334156,2026-01-15T18:58:14Z,VIP-EST,R55194548,ABONNEMENT,OK
TKT81566507051,2026-01-15T18:58:14Z,PORTE-B,R57715137,UNITE,OK
TKT37935098071,2026-01-15T18:58:15Z,PORTE-C,R56703620,UNITE,OK
TKT43475662562,2026-01-15T18:58:15Z,PORTE-C,R54143655,UNITE,OK
TKT98169840811,2026-01-15T18:58:16Z,PORTE-A,R57484381,UNITE,OK
TKT38529219676,2026-01-15T18:58:16Z,PORTE-C,R51319842,UNITE,OK
TKT67438715150,2026-01-15T18:58:17Z,PORTE-C,R58225565,UNITE,OK
TKT23178318369,2026-01-15T18:58:18Z,PORTE-D,,UNITE,OK
TKT12657501810,2026-01-15T18:58:19Z,PORTE-D,R51252613,UNITE,REFUSE_INVALIDE
TKT78586825031,2026-01-15T18:58:19Z,PMR-NORD,R55957934,UNITE,OK
TKT26086284040,2026-01-15T18:58:19Z,PORTE-B,,UNITE,OK
TKT51741539469,2026-01-15T18:58:19Z,VIP-EST,R52265021,VIP,OK
TKT35906827210,2026-01-15T18:58:20Z,PORTE-A,,UNITE,OK
TKT55738589308,2026-01-15T18:58:20Z,PORTE-C,R52161826,UNITE,OK
TKT61223752978,2026-01-15T18:58:21Z,PORTE-B,R54744807,ABONNEMENT,OK
TKT98525107290,2026-01-15T18:58:21Z,PORTE-B,,UNITE,OK
TKT15606316704,2026-01-15T18:58:21Z,PORTE-A,R53419779,INVITATION,OK
TKT48392851102,2026-01-15T18:58:21Z,PORTE-A,R55418427,UNITE,OK
TKT21535077709,2026-01-15T18:58:22Z,PORTE-C,R55550021,ABONNEMENT,OK
TKT77118709034,2026-01-15T18:58:22Z,PORTE-D,,UNITE,OK
TKT31353817935,2026-01-15T18:58:23Z,PORTE-C,R53753653,UNITE,OK
TKT69790821598,2026-01-15T18:58:23Z,PORTE-B,R54102996,UNITE,OK
TKT77977580020,2026-01-15T18:58:23Z,PORTE-B,,UNITE,OK
TKT55568173413,2026-01-15T18:58:23Z,PORTE-D,,UNITE,OK
TKT25340279612,2026-01-15T18:58:23Z,VIP-EST,,UNITE,OK
TKT74684485305,2026-01-15T18:58:24Z,PORTE-C,R54992526,UNITE,OK
TKT37771370984,2026-01-15T18:58:24Z,PORTE-B,R58180950,UNITE,OK
TKT78843114535,2026-01-15T18:58:24Z,PORTE-A,R59421997,VIP,OK
TKT24518655906,2026-01-15T18:58:24Z,PORTE-B,,UNITE,OK
TKT66899158825,2026-01-15T18:58:24Z,PORTE-C,R51120416,UNITE,OK
TKT39254274486,2026-01-15T18:58:24Z,PORTE-C,R57118688,UNITE,OK
TKT79725655702,2026-01-15T18:58:25Z,PORTE-A,,UNITE,OK
TKT54617128094,2026-01-15T18:58:25Z,PORTE-A,R58735035,UNITE,OK
TKT78127113747,2026-01-15T18:58:25Z,VIP-EST,R52900223,INVITATION,OK
TKT82705599414,2026-01-15T18:58:26Z,PORTE-C,R53738338,ABONNEMENT,OK
TKT24345464753,2026-01-15T18:58:26Z,PORTE-C,R56344268,ABONNEMENT,OK
TKT65247307352,2026-01-15T18:58:27Z,PORTE-A,R54802640,UNITE,OK
TKT77653539610,2026-01-15T18:58:28Z,PORTE-A,R54009686,UNITE,OK
TKT83089481364,2026-01-15T18:58:28Z,PORTE-C,R59758544,UNITE,OK
TKT35561529247,2026-01-15T18:58:28Z,PORTE-C,R51730284,UNITE,OK
TKT68046656488,2026-01-15T18:58:29Z,PORTE-C,R52597669,UNITE,OK
TKT40251588499,2026-01-15T18:58:29Z,PORTE-C,R54676831,UNITE,OK
TKT42359245508,2026-01-15T18:58:31Z,VIP-EST,R55446558,ABONNEMENT,OK
TKT52331971635,2026-01-15T18:58:31Z,PORTE-A,R54196986,UNITE,OK
TKT76446381651,2026-01-15T18:58:31Z,VIP-EST,,UNITE,OK
TKT79731152102,2026-01-15T18:58:31Z,PORTE-D,,GROUPE,OK
TKT59348164096,2026-01-15T18:58:32Z,PORTE-C,R58054193,UNITE,OK
TKT63087460227,2026-01-15T18:58:33Z,PORTE-A,,UNITE,OK
TKT90561849939,2026-01-15T18:58:33Z,PORTE-A,R51164073,UNITE,OK
TKT54251967100,2026-01-15T18:58:34Z,PORTE-C,R59578523,ABONNEMENT,OK
TKT83391226719,2026-01-15T18:58:35Z,PORTE-C,R59911238,ABONNEMENT,OK
TKT52297081363,2026-01-15T18:58:35Z,PORTE-C,R58059432,ABONNEMENT,OK
TKT24120843865,2026-01-15T18:58:35Z,PORTE-A,R52479437,UNITE,OK
TKT16402972467,2026-01-15T18:58:35Z,PORTE-C,R56408556,UNITE,OK
TKT39816915750,2026-01-15T18:58:36Z,PORTE-B,R51047258,UNITE,OK
TKT96358517168,2026-01-15T18:58:36Z,VIP-EST,R58789659,UNITE,OK
TKT48655436580,2026-01-15T18:58:37Z,PORTE-D,R57212142,UNITE,OK
TKT26133991439,2026-01-15T18:58:37Z,PORTE-B,,UNITE,OK
TKT15438041040,2026-01-15T18:58:37Z,PORTE-C,,INVITATION,OK
TKT82212453336,2026-01-15T18:58:37Z,PORTE-B,R53498588,UNITE,OK
TKT25656287729,2026-01-15T18:58:38Z,PORTE-C,R53012546,ABONNEMENT,OK
TKT13596742155,2026-01-15T18:58:38Z,VIP-EST,R57303067,ABONNEMENT,OK
TKT32290567576,2026-01-15T18:58:38Z,PORTE-A,R58330656,ABONNEMENT,OK
TKT94580028425,2026-01-15T18:58:38Z,PORTE-A,,VIP,OK
TKT53230274140,2026-01-15T18:58:38Z,PORTE-A,R56816546,VIP,OK
TKT99134021297,2026-01-15T18:58:39Z,PORTE-C,R56188489,ABONNEMENT,OK
TKT32449083498,2026-01-15T18:58:39Z,PORTE-C,R59034993,UNITE,OK
TKT11808081122,2026-01-15T18:58:39Z,PORTE-A,,UNITE,OK
TKT85246514074,2026-01-15T18:58:39Z,PORTE-C,,INVITATION,OK
TKT17078856492,2026-01-15T18:58:39Z,PORTE-A,R57731688,UNITE,OK
TKT13208748424,2026-01-15T18:58:40Z,VIP-EST,R56851832,ABONNEMENT,OK
TKT45292818075,2026-01-15T18:58:40Z,PORTE-C,R57233185,UNITE,OK
TKT34207865931,2026-01-15T18:58:40Z,PORTE-A,R58677346,UNITE,OK
TKT20505479586,2026-01-15T18:58:41Z,PORTE-D,R52346349,ABONNEMENT,OK
TKT39868246176,2026-01-15T18:58:42Z,PORTE-C,,UNITE,OK
TKT91935901316,2026-01-15T18:58:42Z,PORTE-D,R57558477,UNITE,OK
TKT72613350877,2026-01-15T18:58:42Z,PORTE-B,,UNITE,OK
TKT46757710091,2026-01-15T18:58:43Z,PORTE-C,R51002375,UNITE,OK
TKT85225008256,2026-01-15T18:58:43Z,PORTE-C,,UNITE,OK
TKT71371808496,2026-01-15T18:58:43Z,PORTE-C,R59934609,UNITE,OK
TKT28402208216,2026-01-15T18:58:44Z,PORTE-C,R59599901,UNITE,OK
TKT55556625400,2026-01-15T18:58:44Z,PORTE-D,R56033946,UNITE,OK
TKT47561368568,2026-01-15T18:58:44Z,PORTE-D,R58511836,UNITE,OK
TKT47052373988,2026-01-15T18:58:44Z,PORTE-C,,UNITE,OK
TKT26277818515,2026-01-15T18:58:45Z,PORTE-C,R52635685,UNITE,OK
TKT53380595667,2026-01-15T18:58:45Z,PORTE-C,R53690457,UNITE,OK
TKT85306170931,2026-01-15T18:58:45Z,PORTE-A,R59733746,UNITE,OK
TKT12296973845,2026-01-15T18:58:45Z,PORTE-A,R53640660,UNITE,OK
TKT73904353409,2026-01-15T18:58:45Z,PORTE-C,R59962874,UNITE,OK
TKT56906058145,2026-01-15T18:58:47Z,PORTE-D,R57649268,UNITE,OK
TKT32517549192,2026-01-15T18:58:47Z,PMR-NORD,R52497626,UNITE,OK
TKT19294986695,2026-01-15T18:58:48Z,PORTE-A,R53928492,UNITE,OK
TKT71488131047,2026-01-15T18:58:48Z,PORTE-C,R51106240,UNITE,OK
TKT28275349770,2026-01-15T18:58:49Z,PORTE-D,,UNITE,OK
TKT18090486037,2026-01-15T18:58:50Z,PORTE-A,R59894151,ABONNEMENT,OK
TKT32954928818,2026-01-15T18:58:50Z,PORTE-B,R55701633,ABONNEMENT,OK
TKT65656955456,2026-01-15T18:58:50Z,PORTE-C,R57487982,ABONNEMENT,OK
TKT35971886342,2026-01-15T18:58:50Z,PORTE-C,R58021091,UNITE,OK
TKT15982851178,2026-01-15T18:58:50Z,PORTE-D,,UNITE,OK
TKT76538912913,2026-01-15T18:58:50Z,VIP-EST,R56355091,UNITE,OK
TKT18894569522,2026-01-15T18:58:51Z,PORTE-C,R56918850,UNITE,OK
TKT31051717982,2026-01-15T18:58:51Z,PORTE-B,R53115654,INVITATION,OK
TKT40545037903,2026-01-15T18:58:52Z,PORTE-B,R54209869,ABONNEMENT,OK
TKT25153681101,2026-01-15T18:58:52Z,PORTE-B,R59286936,ABONNEMENT,OK
TKT48960382982,2026-01-15T18:58:52Z,PORTE-D,,UNITE,OK
TKT78480473992,2026-01-15T18:58:53Z,VIP-EST,R53211905,ABONNEMENT,OK
TKT82161065827,2026-01-15T18:58:53Z,PORTE-C,R53753653,ABONNEMENT,OK
TKT46351334591,2026-01-15T18:58:53Z,PORTE-C,R58533281,UNITE,OK
TKT41203544458,2026-01-15T18:58:53Z,PORTE-C,R57441672,UNITE,OK
TKT35666689845,2026-01-15T18:58:53Z,VIP-EST,R56127122,UNITE,OK
TKT24770544796,2026-01-15T18:58:55Z,VIP-EST,R51523224,ABONNEMENT,OK
TKT98970793779,2026-01-15T18:58:55Z,PORTE-A,R57622028,UNITE,OK
TKT89892276793,2026-01-15T18:58:55Z,PORTE-D,R52952874,UNITE,OK
TKT10079601082,2026-01-15T18:58:55Z,PORTE-B,R59694782,UNITE,OK
TKT13622724437,2026-01-15T18:58:55Z,PORTE-D,,UNITE,OK
TKT33657795659,2026-01-15T18:58:55Z,PORTE-B,R58136335,UNITE,OK
TKT87411187311,2026-01-15T18:58:56Z,PORTE-C,R59645139,ABONNEMENT,OK
TKT53500335515,2026-01-15T18:58:56Z,PORTE-B,R54831451,UNITE,OK
TKT21836674132,2026-01-15T18:58:56Z,VIP-EST,,VIP,OK
TKT46562634361,2026-01-15T18:58:56Z,VIP-EST,R53170767,UNITE,OK
TKT74003351223,2026-01-15T18:58:57Z,PORTE-C,R57558554,UNITE,OK
TKT86702578771,2026-01-15T18:58:58Z,VIP-EST,R56304969,ABONNEMENT,OK
TKT40379505035,2026-01-15T18:58:58Z,PORTE-A,R57671001,UNITE,OK
TKT35551507771,2026-01-15T18:58:58Z,PORTE-D,R57912379,UNITE,OK
TKT36393316517,2026-01-15T18:58:58Z,VIP-EST,R56343377,UNITE,OK
TKT57311856452,2026-01-15T18:58:58Z,PORTE-B,R58942028,UNITE,OK
TKT31833682372,2026-01-15T18:58:58Z,PORTE-D,,UNITE,OK
TKT45750363407,2026-01-15T18:58:59Z,PORTE-C,R54739290,UNITE,OK
TKT65005905982,2026-01-15T18:58:59Z,PORTE-B,,UNITE,OK
TKT35804984918,2026-01-15T18:58:59Z,PORTE-C,R52883940,UNITE,OK
TKT26601297211,2026-01-15T18:58:59Z,VIP-EST,,GROUPE,OK
TKT77946352243,2026-01-15T18:58:59Z,PORTE-C,R52136904,UNITE,OK
TKT74835313767,2026-01-15T18:59:00Z,PMR-NORD,R56851286,ABONNEMENT,OK
TKT48277267852,2026-01-15T18:59:00Z,VIP-EST,R57810554,UNITE,OK
TKT30498286882,2026-01-15T18:59:00Z,PORTE-C,R56367016,UNITE,OK
TKT95804260140,2026-01-15T18:59:00Z,PORTE-A,R51661551,UNITE,OK
TKT51565155487,2026-01-15T18:59:01Z,PORTE-C,R51865211,UNITE,OK
TKT41904292675,2026-01-15T18:59:01Z,PORTE-C,R57959111,UNITE,OK
TKT94035644147,2026-01-15T18:59:02Z,VIP-EST,R52204535,UNITE,OK
TKT38236867547,2026-01-15T18:59:02Z,PORTE-C,R52534808,UNITE,OK
TKT98446927660,2026-01-15T18:59:03Z,PORTE-D,R58618086,ABONNEMENT,OK
TKT51464150155,2026-01-15T18:59:03Z,PORTE-C,R55360403,UNITE,OK
TKT64954937617,2026-01-15T18:59:04Z,PORTE-A,R54163894,UNITE,OK
TKT88930176968,2026-01-15T18:59:05Z,PORTE-D,R57633675,ABONNEMENT,OK
TKT96940226380,2026-01-15T18:59:05Z,PORTE-C,,GROUPE,OK
TKT57124245695,2026-01-15T18:59:06Z,PORTE-D,R53769323,ABONNEMENT,OK
TKT53938248301,2026-01-15T18:59:06Z,PORTE-B,R58974306,ABONNEMENT,OK
TKT71928233838,2026-01-15T18:59:06Z,VIP-EST,R58979009,UNITE,OK
TKT52922156070,2026-01-15T18:59:06Z,PORTE-C,R56461619,UNITE,OK
TKT60562184841,2026-01-15T18:59:06Z,PORTE-A,R58917575,UNITE,OK
TKT36778657024,2026-01-15T18:59:06Z,VIP-EST,R55668196,UNITE,OK
TKT47629513129,2026-01-15T18:59:07Z,PORTE-C,R52973036,UNITE,OK
TKT84893451916,2026-01-15T18:59:07Z,PORTE-B,,GROUPE,OK
TKT43049044022,2026-01-15T18:59:08Z,PORTE-A,R52673681,UNITE,OK
TKT57176472680,2026-01-15T18:59:09Z,PORTE-B,R55941795,UNITE,OK
TKT91294290080,2026-01-15T18:59:09Z,PORTE-A,R51047325,UNITE,OK
TKT97091635225,2026-01-15T18:59:10Z,PORTE-C,,UNITE,OK
TKT40110728165,2026-01-15T18:59:11Z,VIP-EST,,UNITE,OK
TKT30746098251,2026-01-15T18:59:12Z,PORTE-A,R56008200,ABONNEMENT,OK
TKT27740301697,2026-01-15T18:59:13Z,VIP-EST,R51564362,VIP,OK
TKT69982913726,2026-01-15T18:59:14Z,PORTE-B,R57851702,ABONNEMENT,OK
TKT58758524757,2026-01-15T18:59:14Z,PORTE-A,R56327774,UNITE,OK
TKT64321317668,2026-01-15T18:59:15Z,PORTE-A,,UNITE,OK
TKT67017004947,2026-01-15T18:59:15Z,PORTE-C,R52104827,UNITE,OK
TKT60004500648,2026-01-15T18:59:16Z,VIP-EST,R54614439,UNITE,OK
TKT16990936886,2026-01-15T18:59:16Z,PORTE-C,R58116307,UNITE,OK
TKT75859429251,2026-01-15T18:59:17Z,PORTE-A,R59077290,UNITE,OK
TKT85796507764,2026-01-15T18:59:17Z,PORTE-A,R51642213,VIP,OK
TKT43382742356,2026-01-15T18:59:17Z,PORTE-C,R55695647,GROUPE,OK
TKT99489352910,2026-01-15T18:59:17Z,PORTE-A,,UNITE,OK
TKT41609301765,2026-01-15T18:59:18Z,PORTE-A,R55645448,ABONNEMENT,OK
TKT33015307642,2026-01-15T18:59:18Z,PORTE-B,R58964230,UNITE,OK
TKT46349225789,2026-01-15T18:59:19Z,PORTE-C,R53278377,ABONNEMENT,OK
TKT80722522268,2026-01-15T18:59:19Z,VIP-EST,R57212132,UNITE,OK
TKT32014881399,2026-01-15T18:59:20Z,PORTE-C,R59219228,UNITE,OK
TKT30717797007,2026-01-15T18:59:21Z,PORTE-D,R54851201,UNITE,OK
TKT71094791243,2026-01-15T18:59:21Z,PORTE-C,R59168838,UNITE,OK
TKT22830793825,2026-01-15T18:59:22Z,PORTE-B,R52149432,ABONNEMENT,OK
TKT19589690849,2026-01-15T18:59:22Z,PORTE-D,R58457758,UNITE,OK
TKT74727388995,2026-01-15T18:59:22Z,PORTE-A,R54206871,VIP,OK
TKT46059508177,2026-01-15T18:59:22Z,PORTE-B,,UNITE,OK
TKT38949815721,2026-01-15T18:59:22Z,PORTE-C,R51368815,UNITE,OK
TKT95904220871,2026-01-15T18:59:23Z,PORTE-A,R56631621,UNITE,OK
TKT32362385958,2026-01-15T18:59:23Z,PORTE-A,R51400356,UNITE,OK
TKT21741068470,2026-01-15T18:59:24Z,PORTE-D,R51093377,UNITE,OK
TKT54193477645,2026-01-15T18:59:24Z,VIP-EST,R59860158,UNITE,OK
TKT60698202799,2026-01-15T18:59:24Z,PORTE-B,,GROUPE,OK
TKT74650476201,2026-01-15T18:59:25Z,PORTE-D,R53504306,ABONNEMENT,OK
TKT73377138048,2026-01-15T18:59:25Z,PORTE-C,,GROUPE,OK
TKT95675238203,2026-01-15T18:59:26Z,PORTE-C,R52645416,UNITE,OK
TKT17293949352,2026-01-15T18:59:26Z,PORTE-C,R53744803,UNITE,OK
TKT27409328540,2026-01-15T18:59:27Z,PORTE-C,R52763725,ABONNEMENT,OK
TKT41519616507,2026-01-15T18:59:27Z,VIP-EST,R55693396,UNITE,OK
TKT22019890850,2026-01-15T18:59:27Z,PORTE-C,,UNITE,OK
TKT65798035973,2026-01-15T18:59:27Z,VIP-EST,,GROUPE,OK
TKT16614339664,2026-01-15T18:59:27Z,PORTE-D,R55411148,UNITE,OK
TKT81582501493,2026-01-15T18:59:27Z,PORTE-B,,UNITE,OK
TKT63172629933,2026-01-15T18:59:28Z,PORTE-C,R54551444,UNITE,OK
TKT75577342807,2026-01-15T18:59:28Z,PORTE-D,,UNITE,OK
TKT68742772646,2026-01-15T18:59:28Z,PORTE-A,R56529796,UNITE,OK
TKT38370601238,2026-01-15T18:59:28Z,VIP-EST,,GROUPE,OK
TKT43799471231,2026-01-15T18:59:29Z,PORTE-D,,UNITE,OK
TKT38770100012,2026-01-15T18:59:30Z,PORTE-A,,UNITE,OK
TKT91491981482,2026-01-15T18:59:30Z,VIP-EST,R58458984,UNITE,OK
TKT14589680536,2026-01-15T18:59:31Z,PORTE-B,,GROUPE,OK
TKT72734092764,2026-01-15T18:59:31Z,PORTE-A,R56175549,UNITE,OK
TKT90577286484,2026-01-15T18:59:32Z,PORTE-A,R52494015,UNITE,OK
TKT23786363592,2026-01-15T18:59:32Z,PORTE-D,,UNITE,OK
TKT71715054385,2026-01-15T18:59:33Z,PORTE-A,R57144089,UNITE,OK
TKT79752335856,2026-01-15T18:59:33Z,VIP-EST,,GROUPE,OK
TKT95527565072,2026-01-15T18:59:33Z,PORTE-A,R59725164,UNITE,OK
TKT69565802258,2026-01-15T18:59:34Z,PORTE-C,,UNITE,OK
TKT92117075493,2026-01-15T18:59:34Z,PORTE-A,,UNITE,OK
TKT65428895205,2026-01-15T18:59:34Z,PORTE-C,R52501428,UNITE,OK
TKT29067419912,2026-01-15T18:59:34Z,VIP-EST,R57803610,GROUPE,OK
TKT73638751876,2026-01-15T18:59:34Z,PORTE-A,R51758281,UNITE,OK
TKT97282022579,2026-01-15T18:59:34Z,PORTE-C,,UNITE,OK
TKT74498249825,2026-01-15T18:59:34Z,VIP-EST,R52855608,UNITE,OK
TKT82079421711,2026-01-15T18:59:34Z,PORTE-A,R51042910,UNITE,OK
TKT61361445888,2026-01-15T18:59:34Z,PORTE-C,R57649201,UNITE,OK
TKT90074924504,2026-01-15T18:59:34Z,PORTE-C,R51848660,UNITE,OK
TKT22085322449,2026-01-15T18:59:34Z,PORTE-A,R54881238,GROUPE,OK
TKT93539673763,2026-01-15T18:59:34Z,PORTE-A,,VIP,OK
TKT84692375979,2026-01-15T18:59:35Z,PORTE-C,R56809525,ABONNEMENT,OK
TKT17693255019,2026-01-15T18:59:36Z,PORTE-A,R57401214,ABONNEMENT,OK
TKT84124142721,2026-01-15T18:59:36Z,PORTE-D,R55100357,UNITE,OK
TKT24075492529,2026-01-15T18:59:36Z,PORTE-B,R56654235,INVITATION,OK
TKT86145170376,2026-01-15T18:59:37Z,PORTE-D,,UNITE,OK
TKT99376655956,2026-01-15T18:59:37Z,PORTE-A,R53737179,INVITATION,OK
TKT13726477933,2026-01-15T18:59:37Z,PORTE-C,R58142599,UNITE,OK
TKT28853122408,2026-01-15T18:59:37Z,PORTE-C,R57127538,UNITE,OK
TKT70524581092,2026-01-15T18:59:38Z,PORTE-B,R55627537,ABONNEMENT,OK
TKT44177692793,2026-01-15T18:59:38Z,PORTE-C,R53452000,UNITE,OK
TKT31516293719,2026-01-15T18:59:38Z,PORTE-C,,UNITE,OK
TKT29956284216,2026-01-15T18:59:38Z,PORTE-A,R58481186,UNITE,OK
TKT70197629855,2026-01-15T18:59:39Z,PORTE-A,R52671440,UNITE,OK
TKT28888457738,2026-01-15T18:59:40Z,PORTE-A,R56040277,UNITE,OK
TKT65509113409,2026-01-15T18:59:40Z,PORTE-A,R56742574,UNITE,OK
TKT17772842444,2026-01-15T18:59:40Z,VIP-EST,R51222097,UNITE,OK
TKT70392823777,2026-01-15T18:59:41Z,PORTE-D,,UNITE,OK
TKT23191065676,2026-01-15T18:59:41Z,PORTE-C,,UNITE,OK
TKT20606645477,2026-01-15T18:59:41Z,PORTE-B,R58342035,UNITE,OK
TKT90987200647,2026-01-15T18:59:42Z,PORTE-D,R59963420,ABONNEMENT,OK
TKT22292590712,2026-01-15T18:59:42Z,PORTE-C,R59004554,UNITE,OK
TKT58053761970,2026-01-15T18:59:43Z,PORTE-A,,UNITE,OK
TKT66329505579,2026-01-15T18:59:45Z,PORTE-D,R51787015,ABONNEMENT,OK
TKT12214190120,2026-01-15T18:59:45Z,PORTE-B,,GROUPE,OK
TKT21547476994,2026-01-15T18:59:46Z,PORTE-C,R52936534,ABONNEMENT,OK
TKT37741207543,2026-01-15T18:59:47Z,PORTE-D,R52444563,UNITE,OK
TKT58506424527,2026-01-15T18:59:48Z,PORTE-C,R57111131,UNITE,OK
TKT26685579341,2026-01-15T18:59:48Z,PORTE-D,R54638145,UNITE,OK
TKT81422349694,2026-01-15T18:59:48Z,PORTE-C,,GROUPE,OK
TKT28615824123,2026-01-15T18:59:48Z,PORTE-D,R51082477,UNITE,OK
TKT69573281585,2026-01-15T18:59:48Z,PORTE-D,R58593432,UNITE,OK
TKT22005185717,2026-01-15T18:59:49Z,PORTE-C,R51407099,UNITE,OK
TKT20702091573,2026-01-15T18:59:49Z,PORTE-C,,UNITE,OK
TKT44918891653,2026-01-15T18:59:49Z,PORTE-C,R59896938,UNITE,OK
TKT87801159878,2026-01-15T18:59:49Z,VIP-EST,R59827947,VIP,OK
TKT80578467771,2026-01-15T18:59:49Z,VIP-EST,R57397258,GROUPE,OK
TKT33495206587,2026-01-15T18:59:49Z,PORTE-B,R53257066,UNITE,OK
TKT26526494223,2026-01-15T18:59:49Z,PORTE-A,R58375616,UNITE,OK
TKT37656127834,2026-01-15T18:59:50Z,VIP-EST,R58879425,UNITE,OK
TKT98529864692,2026-01-15T18:59:50Z,PORTE-C,R55290856,UNITE,OK
TKT93949367431,2026-01-15T18:59:50Z,PORTE-D,,UNITE,OK
TKT23479401036,2026-01-15T18:59:51Z,PORTE-B,R59979971,ABONNEMENT,OK
TKT85558545685,2026-01-15T18:59:51Z,VIP-EST,R58394475,UNITE,OK
TKT57888184014,2026-01-15T18:59:51Z,PORTE-D,R54707491,UNITE,OK
TKT93536270774,2026-01-15T18:59:51Z,PORTE-C,R57287330,UNITE,OK
TKT72963744492,2026-01-15T18:59:51Z,PORTE-C,R52131387,UNITE,OK
TKT56982610011,2026-01-15T18:59:52Z,PORTE-D,R59175092,UNITE,OK
TKT18128390103,2026-01-15T18:59:53Z,VIP-EST,R57594778,UNITE,OK
TKT77939647769,2026-01-15T18:59:53Z,PORTE-B,R57063183,UNITE,OK
TKT41987033708,2026-01-15T18:59:53Z,PORTE-B,,UNITE,OK
TKT75621234487,2026-01-15T18:59:53Z,PORTE-B,,UNITE,OK
TKT35595504968,2026-01-15T18:59:54Z,VIP-EST,,GROUPE,REFUSE_DEJA_SCANNE
TKT29794353972,2026-01-15T18:59:56Z,PORTE-B,,UNITE,OK
TKT51198737677,2026-01-15T18:59:56Z,PORTE-C,,UNITE,OK
TKT34136051701,2026-01-15T18:59:56Z,PORTE-B,,GROUPE,OK
TKT87908701595,2026-01-15T18:59:57Z,PORTE-A,,UNITE,OK
TKT10666908020,2026-01-15T18:59:57Z,PORTE-A,R58221264,UNITE,OK
TKT16663057849,2026-01-15T18:59:57Z,PORTE-C,R53096115,UNITE,OK
TKT28527769130,2026-01-15T18:59:57Z,PORTE-B,,UNITE,OK
TKT44958649566,2026-01-15T18:59:58Z,PORTE-C,R59122384,ABONNEMENT,OK
TKT40379505035,2026-01-15T18:59:58Z,PORTE-A,R57671001,UNITE,REFUSE_DEJA_SCANNE
TKT78631729515,2026-01-15T18:59:58Z,PORTE-A,R56664589,UNITE,OK
TKT22327489699,2026-01-15T18:59:58Z,VIP-EST,R58398220,UNITE,OK
TKT61777026411,2026-01-15T18:59:59Z,PORTE-C,,UNITE,OK
TKT12231804486,2026-01-15T18:59:59Z,PORTE-D,R55125413,UNITE,OK
TKT74388488028,2026-01-15T18:59:59Z,PORTE-A,R59059647,UNITE,OK
TKT27311153177,2026-01-15T19:00:00Z,PORTE-A,R57861845,UNITE,OK
TKT34174554264,2026-01-15T19:00:01Z,PORTE-B,R53405412,ABONNEMENT,OK
TKT21427070439,2026-01-15T19:00:01Z,PORTE-A,R56115619,ABONNEMENT,OK
TKT87329769804,2026-01-15T19:00:01Z,PORTE-C,,GROUPE,OK
TKT60875466932,2026-01-15T19:00:01Z,VIP-EST,R51177961,UNITE,OK
TKT77242421610,2026-01-15T19:00:01Z,VIP-EST,R59194440,UNITE,OK
TKT75949451595,2026-01-15T19:00:02Z,PORTE-B,R53856503,UNITE,OK
TKT85979583767,2026-01-15T19:00:02Z,VIP-EST,R59430033,UNITE,OK
TKT57712118198,2026-01-15T19:00:02Z,PORTE-A,R56372322,UNITE,OK
TKT71939742417,2026-01-15T19:00:03Z,PORTE-D,R51054135,UNITE,OK
TKT35245928259,2026-01-15T19:00:03Z,PORTE-A,,UNITE,REFUSE_INVALIDE
TKT54122004005,2026-01-15T19:00:04Z,PORTE-A,,GROUPE,OK
TKT81364467782,2026-01-15T19:00:04Z,PORTE-B,R51110129,UNITE,OK
TKT71898789637,2026-01-15T19:00:04Z,PORTE-C,R56829218,UNITE,OK
TKT12062927876,2026-01-15T19:00:05Z,PORTE-D,R57075711,ABONNEMENT,OK
TKT52470764523,2026-01-15T19:00:05Z,PORTE-C,R55911624,INVITATION,OK
TKT62826357529,2026-01-15T19:00:06Z,PORTE-B,R55857134,UNITE,OK
TKT43389072332,2026-01-15T19:00:06Z,PORTE-C,R56625635,UNITE,OK
TKT16695351384,2026-01-15T19:00:06Z,PORTE-B,R57882831,UNITE,OK
TKT67629036763,2026-01-15T19:00:07Z,PORTE-C,R53579695,UNITE,OK
TKT11079985148,2026-01-15T19:00:07Z,PORTE-C,R55470810,UNITE,OK
TKT79655816479,2026-01-15T19:00:07Z,PORTE-B,R53638553,UNITE,OK
TKT26677317543,2026-01-15T19:00:09Z,PORTE-D,R51377330,UNITE,OK
TKT92563505255,2026-01-15T19:00:09Z,PORTE-D,R59297769,UNITE,OK
TKT70825498526,2026-01-15T19:00:09Z,PORTE-A,,UNITE,OK
TKT60716576952,2026-01-15T19:00:09Z,VIP-EST,,VIP,OK
TKT60714677124,2026-01-15T19:00:09Z,PORTE-B,R55654978,INVITATION,OK
TKT65438580801,2026-01-15T19:00:09Z,PORTE-C,R51857711,UNITE,OK
TKT37868027156,2026-01-15T19:00:10Z,PORTE-C,R54028143,ABONNEMENT,OK
TKT92442098650,2026-01-15T19:00:10Z,PORTE-C,R58242930,UNITE,OK
TKT66887572522,2026-01-15T19:00:10Z,PORTE-D,,UNITE,OK
TKT12218405116,2026-01-15T19:00:10Z,PORTE-B,R52806099,UNITE,OK
TKT41541409973,2026-01-15T19:00:11Z,PORTE-A,R55521478,UNITE,OK
TKT69204559202,2026-01-15T19:00:12Z,PORTE-A,R57870226,ABONNEMENT,OK
TKT49242313751,2026-01-15T19:00:12Z,PORTE-C,R53775855,UNITE,OK
TKT38923634129,2026-01-15T19:00:13Z,PORTE-C,R51810577,ABONNEMENT,OK
TKT32800277344,2026-01-15T19:00:13Z,PORTE-D,R59143561,UNITE,OK
TKT96332727560,2026-01-15T19:00:13Z,PORTE-C,,UNITE,OK
TKT32306284425,2026-01-15T19:00:13Z,VIP-EST,R54966301,UNITE,OK
TKT36011131746,2026-01-15T19:00:13Z,PMR-NORD,R52233423,UNITE,OK
TKT77918225984,2026-01-15T19:00:14Z,PORTE-D,R54381911,ABONNEMENT,OK
TKT44068477258,2026-01-15T19:00:14Z,PORTE-B,R53892057,UNITE,OK
TKT36463629406,2026-01-15T19:00:14Z,PORTE-A,,UNITE,OK
TKT88693930073,2026-01-15T19:00:14Z,PORTE-A,R56967478,VIP,OK
TKT86551794647,2026-01-15T19:00:15Z,VIP-EST,R53605987,ABONNEMENT,OK
TKT80060622523,2026-01-15T19:00:15Z,PORTE-A,,UNITE,OK
TKT82429064110,2026-01-15T19:00:15Z,VIP-EST,,UNITE,OK
TKT34256564988,2026-01-15T19:00:16Z,PORTE-D,R52790362,UNITE,OK
TKT73661117592,2026-01-15T19:00:17Z,PORTE-D,R56578635,ABONNEMENT,OK
TKT33106103494,2026-01-15T19:00:18Z,VIP-EST,R58459118,ABONNEMENT,OK
TKT35105080964,2026-01-15T19:00:18Z,PORTE-A,R59713306,UNITE,OK
TKT88979321951,2026-01-15T19:00:19Z,VIP-EST,R53093998,UNITE,OK
TKT14753448130,2026-01-15T19:00:20Z,PORTE-C,R52656383,UNITE,REFUSE_INVALIDE
TKT86147877838,2026-01-15T19:00:20Z,PORTE-C,R57935951,UNITE,OK
TKT21343898760,2026-01-15T19:00:21Z,PORTE-A,R51158757,VIP,OK
TKT61195780100,2026-01-15T19:00:21Z,PORTE-C,R55303327,UNITE,OK
TKT36188456033,2026-01-15T19:00:22Z,PORTE-D,R58100580,INVITATION,OK
TKT96427062709,2026-01-15T19:00:22Z,VIP-EST,,UNITE,OK
TKT11819177391,2026-01-15T19:00:22Z,VIP-EST,R55210687,UNITE,OK
TKT43598175328,2026-01-15T19:00:22Z,PORTE-A,,UNITE,OK
TKT87325565606,2026-01-15T19:00:23Z,PORTE-A,R56127333,ABONNEMENT,OK
TKT31947269328,2026-01-15T19:00:23Z,PORTE-B,R52461114,ABONNEMENT,OK
TKT98890496206,2026-01-15T19:00:23Z,PORTE-C,R53865909,UNITE,OK
TKT47940521600,2026-01-15T19:00:23Z,PORTE-C,,GROUPE,OK
TKT40686269812,2026-01-15T19:00:23Z,VIP-EST,R57931258,UNITE,REFUSE_DEJA_SCANNE
TKT64381909636,2026-01-15T19:00:25Z,PORTE-C,R56110571,UNITE,OK
TKT31337240006,2026-01-15T19:00:25Z,VIP-EST,,UNITE,OK
TKT26267377924,2026-01-15T19:00:25Z,PORTE-A,R54851201,UNITE,OK
TKT46027521428,2026-01-15T19:00:25Z,PORTE-D,R57215676,UNITE,OK
TKT26964742928,2026-01-15T19:00:26Z,PORTE-C,R57509025,ABONNEMENT,OK
TKT46513505553,2026-01-15T19:00:26Z,PORTE-C,R55896299,UNITE,OK
TKT72915452892,2026-01-15T19:00:27Z,PORTE-C,R58532946,ABONNEMENT,OK
TKT19736142445,2026-01-15T19:00:27Z,PORTE-C,,UNITE,OK
TKT82283547465,2026-01-15T19:00:27Z,VIP-EST,R55931374,UNITE,OK
TKT46226035388,2026-01-15T19:00:29Z,VIP-EST,R52285518,ABONNEMENT,OK
TKT29136375789,2026-01-15T19:00:29Z,PORTE-A,R54379325,VIP,OK
TKT49564007531,2026-01-15T19:00:29Z,PORTE-B,R54329672,UNITE,OK
TKT82992988680,2026-01-15T19:00:29Z,PORTE-D,R56746875,UNITE,OK
TKT99131427919,2026-01-15T19:00:29Z,PORTE-C,R57567260,UNITE,OK
TKT86823711448,2026-01-15T19:00:30Z,PORTE-A,R51453198,UNITE,OK
TKT57305850660,2026-01-15T19:00:30Z,PORTE-C,R59393263,UNITE,OK
TKT21261786430,2026-01-15T19:00:31Z,PORTE-C,R58266626,UNITE,OK
TKT15174354752,2026-01-15T19:00:31Z,PORTE-C,,GROUPE,OK
TKT55300324882,2026-01-15T19:00:31Z,PORTE-A,R59886584,UNITE,OK
TKT73423508474,2026-01-15T19:00:32Z,PORTE-D,R55728136,ABONNEMENT,OK
TKT58194213814,2026-01-15T19:00:33Z,PORTE-C,R55128555,UNITE,OK
TKT81120307719,2026-01-15T19:00:33Z,VIP-EST,R58833996,UNITE,OK
TKT66340088655,2026-01-15T19:00:34Z,PORTE-D,R55983201,UNITE,OK
TKT14501642970,2026-01-15T19:00:34Z,PORTE-C,,UNITE,OK
TKT27807706340,2026-01-15T19:00:35Z,PORTE-A,R56428584,UNITE,OK
TKT79528454451,2026-01-15T19:00:35Z,PORTE-C,R54371155,UNITE,OK
TKT35141085038,2026-01-15T19:00:36Z,PORTE-A,R59036219,UNITE,OK
TKT74792633716,2026-01-15T19:00:36Z,PORTE-A,R52480663,UNITE,OK
TKT64549068039,2026-01-15T19:00:36Z,PORTE-A,R55860132,UNITE,OK
TKT96306586562,2026-01-15T19:00:37Z,VIP-EST,R54269531,ABONNEMENT,OK
TKT95142403588,2026-01-15T19:00:37Z,PORTE-D,R55757416,UNITE,OK
TKT48573894796,2026-01-15T19:00:37Z,PORTE-C,R51504221,UNITE,OK
TKT72352353853,2026-01-15T19:00:37Z,PORTE-C,R56783722,UNITE,OK
TKT12195884348,2026-01-15T19:00:38Z,PORTE-A,R54704349,ABONNEMENT,OK
TKT95611498446,2026-01-15T19:00:38Z,PORTE-D,R58646696,UNITE,OK
TKT28331496401,2026-01-15T19:00:38Z,VIP-EST,R53854731,UNITE,OK
TKT99596844569,2026-01-15T19:00:39Z,PORTE-A,R59824872,ABONNEMENT,OK
TKT10347886015,2026-01-15T19:00:39Z,PORTE-C,R56255862,UNITE,OK
TKT59386408611,2026-01-15T19:00:39Z,PORTE-A,R58818604,UNITE,OK
TKT75750015006,2026-01-15T19:00:39Z,PORTE-D,,UNITE,OK
TKT91559173632,2026-01-15T19:00:40Z,PORTE-D,R53978289,UNITE,OK
TKT96811618051,2026-01-15T19:00:40Z,PORTE-C,R53255294,UNITE,OK
TKT16568711989,2026-01-15T19:00:41Z,PORTE-C,R53976450,ABONNEMENT,OK
TKT47021433169,2026-01-15T19:00:41Z,PORTE-B,R53853371,ABONNEMENT,OK
TKT25477430789,2026-01-15T19:00:41Z,PORTE-D,,UNITE,OK
TKT60870949038,2026-01-15T19:00:41Z,PORTE-C,,UNITE,OK
TKT14318747810,2026-01-15T19:00:41Z,VIP-EST,,UNITE,OK
TKT58951798614,2026-01-15T19:00:41Z,VIP-EST,R55092656,UNITE,OK
TKT99390997073,2026-01-15T19:00:42Z,PORTE-A,R58146421,ABONNEMENT,OK
TKT47760444927,2026-01-15T19:00:42Z,VIP-EST,R55440016,ABONNEMENT,OK
TKT38286576703,2026-01-15T19:00:44Z,PORTE-A,R52004908,UNITE,OK
TKT63108789273,2026-01-15T19:00:45Z,VIP-EST,,UNITE,OK
TKT87189485638,2026-01-15T19:00:45Z,PORTE-B,R58378192,UNITE,OK
TKT52554955183,2026-01-15T19:00:46Z,PORTE-D,,UNITE,OK
TKT77867711057,2026-01-15T19:00:46Z,PMR-NORD,R51131584,UNITE,OK
TKT22834513433,2026-01-15T19:00:46Z,PORTE-B,R59432763,UNITE,OK
TKT38877224160,2026-01-15T19:00:46Z,PORTE-C,R54944789,UNITE,OK
TKT82582804213,2026-01-15T19:00:47Z,PORTE-C,,UNITE,OK
TKT97338071181,2026-01-15T19:00:47Z,PORTE-C,,UNITE,OK
TKT35908259543,2026-01-15T19:00:48Z,PORTE-B,R51485084,ABONNEMENT,OK
TKT98516275257,2026-01-15T19:00:48Z,PORTE-D,R55701700,UNITE,OK
TKT16524478436,2026-01-15T19:00:48Z,PORTE-B,R52087998,UNITE,OK
TKT97396161133,2026-01-15T19:00:48Z,PORTE-A,,VIP,OK
TKT10966987336,2026-01-15T19:00:49Z,PORTE-D,R59611481,ABONNEMENT,OK
TKT83148158656,2026-01-15T19:00:49Z,PORTE-A,R56156077,UNITE,REFUSE_DEJA_SCANNE
TKT88692090100,2026-01-15T19:00:49Z,PORTE-B,R57135574,UNITE,OK
TKT83153274356,2026-01-15T19:00:49Z,PORTE-C,R54114241,UNITE,OK
TKT59809637912,2026-01-15T19:00:49Z,PORTE-C,R54784039,UNITE,OK
TKT66578284235,2026-01-15T19:00:49Z,PORTE-A,R55161245,UNITE,OK
TKT27086403186,2026-01-15T19:00:50Z,VIP-EST,R56434168,UNITE,OK
TKT72986628265,2026-01-15T19:00:51Z,VIP-EST,R55167442,UNITE,OK
TKT99562267339,2026-01-15T19:00:51Z,VIP-EST,R55879058,UNITE,OK
TKT50448709275,2026-01-15T19:00:52Z,PORTE-A,,UNITE,OK
TKT28821865461,2026-01-15T19:00:53Z,VIP-EST,R51271281,UNITE,OK
TKT38657173271,2026-01-15T19:00:53Z,PORTE-C,R54574460,UNITE,OK
TKT27563014121,2026-01-15T19:00:53Z,VIP-EST,R57438741,INVITATION,OK
TKT78014316993,2026-01-15T19:00:53Z,PORTE-A,R56420883,UNITE,OK
TKT42519910741,2026-01-15T19:00:54Z,PORTE-A,R54090803,UNITE,OK
TKT50872312102,2026-01-15T19:00:54Z,PORTE-D,R56889627,UNITE,OK
TKT28169257148,2026-01-15T19:00:55Z,PORTE-B,,GROUPE,OK
TKT22195115328,2026-01-15T19:00:55Z,PORTE-C,R57719696,UNITE,OK
TKT95815336999,2026-01-15T19:00:56Z,PORTE-B,,GROUPE,OK
TKT29210140923,2026-01-15T19:00:56Z,PORTE-C,R52895051,UNITE,OK
TKT28536189213,2026-01-15T19:00:57Z,PORTE-A,R55901126,INVITATION,OK
TKT47719540034,2026-01-15T19:00:57Z,PORTE-A,R53738606,UNITE,OK
TKT50158680140,2026-01-15T19:00:58Z,VIP-EST,R51003065,ABONNEMENT,OK
TKT27196110806,2026-01-15T19:00:58Z,PORTE-D,R59779520,ABONNEMENT,OK
TKT20409897052,2026-01-15T19:00:58Z,PORTE-A,,UNITE,OK
TKT39501768443,2026-01-15T19:00:58Z,VIP-EST,,UNITE,OK
TKT85433771201,2026-01-15T19:00:58Z,VIP-EST,,ABONNEMENT,REFUSE_INVALIDE
TKT73940193203,2026-01-15T19:00:58Z,VIP-EST,,ABONNEMENT,REFUSE_INVALIDE
TKT73866256317,2026-01-15T19:00:58Z,VIP-EST,,ABONNEMENT,REFUSE_INVALIDE
TKT60307971495,2026-01-15T19:00:58Z,VIP-EST,,ABONNEMENT,REFUSE_INVALIDE
TKT80731150984,2026-01-15T19:00:58Z,VIP-EST,,ABONNEMENT,REFUSE_INVALIDE
TKT86486632543,2026-01-15T19:00:58Z,VIP-EST,,ABONNEMENT,REFUSE_INVALIDE
TKT93835816992,2026-01-15T19:00:58Z,VIP-EST,,ABONNEMENT,REFUSE_INVALIDE
TKT42430036462,2026-01-15T19:00:58Z,VIP-EST,,ABONNEMENT,REFUSE_INVALIDE
TKT83464808298,2026-01-15T19:00:58Z,VIP-EST,,ABONNEMENT,REFUSE_INVALIDE
TKT53480172758,2026-01-15T19:00:58Z,VIP-EST,,ABONNEMENT,REFUSE_INVALIDE
TKT83092937485,2026-01-15T19:00:58Z,VIP-EST,,ABONNEMENT,REFUSE_INVALIDE
TKT48936748738,2026-01-15T19:00:58Z,VIP-EST,,ABONNEMENT,REFUSE_INVALIDE
TKT19022154724,2026-01-15T19:00:58Z,VIP-EST,,ABONNEMENT,REFUSE_INVALIDE
TKT57134428668,2026-01-15T19:00:58Z,VIP-EST,,ABONNEMENT,REFUSE_INVALIDE
TKT61283448475,2026-01-15T19:00:58Z,VIP-EST,,ABONNEMENT,REFUSE_INVALIDE
TKT33388943982,2026-01-15T19:00:58Z,VIP-EST,,ABONNEMENT,REFUSE_INVALIDE
TKT57351224801,2026-01-15T19:00:58Z,VIP-EST,,ABONNEMENT,REFUSE_INVALIDE
TKT63182216248,2026-01-15T19:00:58Z,VIP-EST,,ABONNEMENT,REFUSE_INVALIDE
TKT45813537619,2026-01-15T19:00:58Z,VIP-EST,,ABONNEMENT,REFUSE_INVALIDE
TKT10512803296,2026-01-15T19:00:58Z,VIP-EST,,ABONNEMENT,REFUSE_INVALIDE
TKT33363483954,2026-01-15T19:00:58Z,VIP-EST,,ABONNEMENT,REFUSE_INVALIDE
TKT35174572508,2026-01-15T19:00:58Z,VIP-EST,,ABONNEMENT,REFUSE_INVALIDE
TKT56671192001,2026-01-15T19:00:58Z,VIP-EST,,ABONNEMENT,REFUSE_INVALIDE
TKT34908154383,2026-01-15T19:00:58Z,VIP-EST,,ABONNEMENT,REFUSE_INVALIDE
TKT31780413882,2026-01-15T19:00:58Z,VIP-EST,,ABONNEMENT,REFUSE_INVALIDE
TKT25585815464,2026-01-15T19:00:58Z,VIP-EST,,ABONNEMENT,REFUSE_INVALIDE
TKT97870873581,2026-01-15T19:00:58Z,VIP-EST,,ABONNEMENT,REFUSE_INVALIDE
TKT54136397050,2026-01-15T19:00:58Z,VIP-EST,,ABONNEMENT,REFUSE_INVALIDE
TKT13170682409,2026-01-15T19:00:58Z,VIP-EST,,ABONNEMENT,REFUSE_INVALIDE
TKT73196070178,2026-01-15T19:00:58Z,VIP-EST,,ABONNEMENT,REFUSE_INVALIDE
TKT39616621759,2026-01-15T19:00:58Z,VIP-EST,,ABONNEMENT,REFUSE_INVALIDE
TKT84856654318,2026-01-15T19:00:58Z,VIP-EST,,ABONNEMENT,REFUSE_INVALIDE
TKT24736621461,2026-01-15T19:00:58Z,VIP-EST,,ABONNEMENT,REFUSE_INVALIDE
TKT76340223737,2026-01-15T19:00:58Z,VIP-EST,,ABONNEMENT,REFUSE_INVALIDE
TKT88835776369,2026-01-15T19:00:58Z,VIP-EST,,ABONNEMENT,REFUSE_INVALIDE
TKT65875715315,2026-01-15T19:00:58Z,VIP-EST,,ABONNEMENT,REFUSE_INVALIDE
TKT45300840510,2026-01-15T19:00:58Z,VIP-EST,,ABONNEMENT,REFUSE_INVALIDE
TKT57074316131,2026-01-15T19:00:58Z,VIP-EST,,ABONNEMENT,REFUSE_INVALIDE
TKT66584902869,2026-01-15T19:00:58Z,VIP-EST,,ABONNEMENT,REFUSE_INVALIDE
TKT90617907868,2026-01-15T19:00:58Z,VIP-EST,,ABONNEMENT,REFUSE_INVALIDE
TKT46525329049,2026-01-15T19:00:58Z,VIP-EST,,ABONNEMENT,REFUSE_INVALIDE
TKT65757718185,2026-01-15T19:00:58Z,VIP-EST,,ABONNEMENT,REFUSE_INVALIDE
TKT72806015837,2026-01-15T19:00:58Z,VIP-EST,,ABONNEMENT,REFUSE_INVALIDE
TKT47174851801,2026-01-15T19:00:58Z,VIP-EST,,ABONNEMENT,REFUSE_INVALIDE
TKT91952300423,2026-01-15T19:00:58Z,VIP-EST,,ABONNEMENT,REFUSE_INVALIDE
TKT18871533167,2026-01-15T19:00:58Z,VIP-EST,,ABONNEMENT,REFUSE_INVALIDE
TKT12278657838,2026-01-15T19:00:58Z,VIP-EST,,ABONNEMENT,REFUSE_INVALIDE
TKT18692892144,2026-01-15T19:00:58Z,VIP-EST,,ABONNEMENT,REFUSE_INVALIDE
TKT18684355761,2026-01-15T19:00:58Z,VIP-EST,,ABONNEMENT,REFUSE_INVALIDE
TKT29826054237,2026-01-15T19:00:58Z,VIP-EST,,ABONNEMENT,REFUSE_INVALIDE
TKT28629884583,2026-01-15T19:00:58Z,VIP-EST,,ABONNEMENT,REFUSE_INVALIDE
TKT12758055499,2026-01-15T19:00:58Z,VIP-EST,,ABONNEMENT,REFUSE_INVALIDE
TKT95843283159,2026-01-15T19:00:58Z,VIP-EST,,ABONNEMENT,REFUSE_INVALIDE
TKT43028123643,2026-01-15T19:00:59Z,PORTE-D,R58644780,UNITE,OK
TKT70898313977,2026-01-15T19:01:00Z,PORTE-C,R52299550,UNITE,OK
TKT34908684462,2026-01-15T19:01:00Z,PORTE-A,,UNITE,OK
TKT87359209132,2026-01-15T19:01:00Z,PORTE-A,R58691780,UNITE,OK
TKT66346306749,2026-01-15T19:01:01Z,PORTE-D,R52927885,ABONNEMENT,OK
TKT69392507178,2026-01-15T19:01:01Z,PORTE-B,R56389496,ABONNEMENT,OK
TKT62409600700,2026-01-15T19:01:01Z,PORTE-B,R56684138,UNITE,OK
TKT81472460433,2026-01-15T19:01:02Z,PORTE-D,R51426370,ABONNEMENT,OK
TKT29867983987,2026-01-15T19:01:02Z,VIP-EST,R53464595,ABONNEMENT,OK
TKT72405026439,2026-01-15T19:01:02Z,PORTE-A,R56607848,ABONNEMENT,OK
TKT48466100095,2026-01-15T19:01:02Z,PORTE-D,R56184409,UNITE,OK
TKT82764982822,2026-01-15T19:01:02Z,VIP-EST,,UNITE,OK
TKT77488136513,2026-01-15T19:01:02Z,PORTE-C,,UNITE,OK
TKT86569825050,2026-01-15T19:01:02Z,PORTE-C,,GROUPE,OK
TKT93898311135,2026-01-15T19:01:02Z,PORTE-C,,UNITE,OK
TKT95605087697,2026-01-15T19:01:03Z,PORTE-D,,UNITE,OK
TKT37079092478,2026-01-15T19:01:03Z,PORTE-B,,UNITE,OK
TKT17717331224,2026-01-15T19:01:03Z,PORTE-C,R57372135,UNITE,OK
TKT17535773037,2026-01-15T19:01:04Z,PORTE-C,R58929691,UNITE,OK
TKT41160161257,2026-01-15T19:01:04Z,PORTE-A,R59080968,UNITE,OK
TKT42364962338,2026-01-15T19:01:04Z,PORTE-C,R53419846,UNITE,OK
TKT92514292038,2026-01-15T19:01:04Z,VIP-EST,R51123960,UNITE,OK
TKT99883315672,2026-01-15T19:01:04Z,PORTE-C,,UNITE,OK
TKT77444256667,2026-01-15T19:01:05Z,PORTE-D,,GROUPE,OK
TKT67160742915,2026-01-15T19:01:05Z,PORTE-C,,INVITATION,OK
TKT88520533980,2026-01-15T19:01:07Z,PORTE-A,R55983412,ABONNEMENT,OK
TKT76541991840,2026-01-15T19:01:07Z,PORTE-D,R55541908,UNITE,OK
TKT85592318106,2026-01-15T19:01:07Z,PORTE-B,,GROUPE,OK
TKT67245236447,2026-01-15T19:01:08Z,PORTE-D,R57416338,UNITE,OK
TKT95381328854,2026-01-15T19:01:09Z,PORTE-C,R57243673,ABONNEMENT,OK
TKT83155064968,2026-01-15T19:01:09Z,VIP-EST,R51167885,ABONNEMENT,OK
TKT16579108983,2026-01-15T19:01:09Z,PORTE-C,R52387286,UNITE,OK
TKT71581536667,2026-01-15T19:01:09Z,PORTE-C,R54528485,UNITE,OK
TKT75405771125,2026-01-15T19:01:09Z,PORTE-A,R51874741,UNITE,OK
TKT80523811915,2026-01-15T19:01:10Z,PORTE-C,R51512257,ABONNEMENT,OK
TKT29641304923,2026-01-15T19:01:10Z,PORTE-A,R58595807,UNITE,OK
TKT11810128441,2026-01-15T19:01:10Z,PORTE-C,,GROUPE,OK
TKT36560191384,2026-01-15T19:01:10Z,VIP-EST,R53847442,VIP,OK
TKT80657540026,2026-01-15T19:01:12Z,PORTE-C,,GROUPE,OK
TKT14235955069,2026-01-15T19:01:12Z,PORTE-A,R57443233,UNITE,OK
TKT54332366397,2026-01-15T19:01:13Z,VIP-EST,R51220680,UNITE,OK
TKT89064835379,2026-01-15T19:01:13Z,PORTE-C,,GROUPE,OK
TKT38181450141,2026-01-15T19:01:13Z,PORTE-A,R53954171,UNITE,OK
TKT79715318961,2026-01-15T19:01:13Z,VIP-EST,,UNITE,OK
TKT15596231937,2026-01-15T19:01:14Z,PORTE-B,,UNITE,OK
TKT14195987028,2026-01-15T19:01:14Z,PORTE-C,R56403173,UNITE,OK
TKT65166889474,2026-01-15T19:01:14Z,PORTE-A,R58420978,INVITATION,OK
TKT18145334024,2026-01-15T19:01:14Z,PORTE-B,R59963276,UNITE,OK
TKT69152135735,2026-01-15T19:01:15Z,PORTE-D,R57951611,ABONNEMENT,OK
TKT61260224153,2026-01-15T19:01:16Z,PORTE-B,R53447766,UNITE,OK
TKT71260166202,2026-01-15T19:01:16Z,PORTE-C,,GROUPE,OK
TKT97267788887,2026-01-15T19:01:16Z,PORTE-C,R54147879,UNITE,OK
TKT57839141503,2026-01-15T19:01:16Z,PORTE-D,R54634812,UNITE,OK
TKT91180900400,2026-01-15T19:01:17Z,PORTE-D,R59040175,ABONNEMENT,OK
TKT57959835854,2026-01-15T19:01:17Z,PORTE-A,R51790425,ABONNEMENT,OK
TKT29273256192,2026-01-15T19:01:17Z,PORTE-A,,VIP,OK
TKT69991366046,2026-01-15T19:01:17Z,PORTE-C,R56453104,GROUPE,OK
TKT85796507764,2026-01-15T19:01:17Z,PORTE-A,R51642213,VIP,REFUSE_DEJA_SCANNE
TKT38333327745,2026-01-15T19:01:17Z,VIP-EST,R52738803,UNITE,OK
TKT38863144458,2026-01-15T19:01:18Z,PORTE-D,R52712722,UNITE,OK
TKT81518412348,2026-01-15T19:01:18Z,PORTE-D,,UNITE,OK
TKT93249829390,2026-01-15T19:01:19Z,VIP-EST,R56853671,ABONNEMENT,OK
TKT17175900542,2026-01-15T19:01:19Z,PORTE-A,,GROUPE,OK
TKT25376215030,2026-01-15T19:01:19Z,PORTE-A,R56919741,UNITE,OK
TKT37594035920,2026-01-15T19:01:20Z,PORTE-C,,UNITE,OK
TKT89438688328,2026-01-15T19:01:20Z,VIP-EST,R53843161,UNITE,OK
TKT70199630916,2026-01-15T19:01:20Z,PORTE-C,R57153964,UNITE,OK
TKT40440401326,2026-01-15T19:01:20Z,VIP-EST,,UNITE,OK
TKT98400553939,2026-01-15T19:01:20Z,PORTE-D,R57942962,UNITE,OK
TKT65385808878,2026-01-15T19:01:20Z,PORTE-A,R59065241,UNITE,OK
TKT60333741364,2026-01-15T19:01:21Z,PORTE-C,,UNITE,OK
TKT71755512678,2026-01-15T19:01:21Z,PORTE-B,R51152761,UNITE,OK
TKT23732178688,2026-01-15T19:01:21Z,PORTE-B,R57149673,UNITE,OK
TKT96713306481,2026-01-15T19:01:21Z,VIP-EST,,UNITE,OK
TKT65304833656,2026-01-15T19:01:21Z,PORTE-D,R58227461,UNITE,OK
TKT17869486676,2026-01-15T19:01:22Z,PMR-NORD,R53177376,UNITE,OK
TKT78996668916,2026-01-15T19:01:22Z,PORTE-C,R54148435,UNITE,OK
TKT69624619470,2026-01-15T19:01:22Z,PORTE-B,R54490613,UNITE,OK
TKT52405954824,2026-01-15T19:01:22Z,PORTE-C,R54554308,UNITE,OK
TKT17911636070,2026-01-15T19:01:23Z,PORTE-B,R59613387,UNITE,OK
TKT77359742722,2026-01-15T19:01:23Z,PORTE-A,R55187460,UNITE,OK
TKT10137428731,2026-01-15T19:01:23Z,PORTE-C,R59313707,UNITE,OK
TKT22653680252,2026-01-15T19:01:23Z,PORTE-D,R52060413,UNITE,OK
TKT86641374342,2026-01-15T19:01:23Z,VIP-EST,,UNITE,OK
TKT66876335824,2026-01-15T19:01:25Z,PORTE-D,R58564420,ABONNEMENT,OK
TKT17351087312,2026-01-15T19:01:25Z,VIP-EST,R53091144,UNITE,OK
TKT88218920544,2026-01-15T19:01:26Z,PORTE-A,,UNITE,OK
TKT59275992563,2026-01-15T19:01:26Z,PORTE-D,,UNITE,OK
TKT88743554339,2026-01-15T19:01:27Z,PORTE-C,R55864557,ABONNEMENT,OK
TKT10583715187,2026-01-15T19:01:27Z,VIP-EST,,GROUPE,OK
TKT16663156038,2026-01-15T19:01:27Z,PORTE-C,R58639340,UNITE,OK
TKT27906556584,2026-01-15T19:01:27Z,PORTE-B,R59201997,GROUPE,OK
TKT35159201641,2026-01-15T19:01:28Z,PORTE-C,,GROUPE,OK
TKT14156619171,2026-01-15T19:01:28Z,PORTE-C,R54898335,INVITATION,OK
TKT55099676458,2026-01-15T19:01:28Z,PORTE-B,R59117547,UNITE,OK
TKT16499868348,2026-01-15T19:01:29Z,PORTE-D,R57258308,ABONNEMENT,OK
TKT20298749334,2026-01-15T19:01:29Z,PORTE-C,R52954512,UNITE,OK
TKT50328694867,2026-01-15T19:01:30Z,PORTE-D,R52479782,ABONNEMENT,OK
TKT80542381953,2026-01-15T19:01:30Z,PORTE-C,R53663485,ABONNEMENT,OK
TKT64467168100,2026-01-15T19:01:30Z,PORTE-C,R56799660,ABONNEMENT,OK
TKT20022606039,2026-01-15T19:01:30Z,PORTE-D,R53228925,ABONNEMENT,OK
TKT19113612797,2026-01-15T19:01:30Z,PORTE-A,R51847903,ABONNEMENT,OK
TKT27096346115,2026-01-15T19:01:31Z,PORTE-A,R55836091,INVITATION,OK
TKT23090482609,2026-01-15T19:01:31Z,PORTE-A,,UNITE,OK
TKT37995438812,2026-01-15T19:01:31Z,PORTE-B,,UNITE,OK
TKT93752671877,2026-01-15T19:01:31Z,PORTE-B,,UNITE,OK
TKT34050127078,2026-01-15T19:01:32Z,PORTE-A,R52173272,ABONNEMENT,OK
TKT45139373625,2026-01-15T19:01:32Z,PORTE-D,R51938627,UNITE,OK
TKT41393820379,2026-01-15T19:01:32Z,VIP-EST,R55464479,UNITE,OK
TKT84168373087,2026-01-15T19:01:33Z,PORTE-D,R53139504,ABONNEMENT,OK
TKT41672843533,2026-01-15T19:01:33Z,PORTE-C,R55077944,UNITE,OK
TKT62003951460,2026-01-15T19:01:33Z,PORTE-C,,UNITE,REFUSE_INVALIDE
TKT68519097262,2026-01-15T19:01:34Z,PORTE-A,R57880312,UNITE,OK
TKT90354039811,2026-01-15T19:01:34Z,PORTE-B,R53010630,UNITE,OK
TKT57452044511,2026-01-15T19:01:34Z,PORTE-C,,UNITE,OK
TKT11439867927,2026-01-15T19:01:34Z,PORTE-D,R52440138,UNITE,OK
TKT10719356664,2026-01-15T19:01:36Z,VIP-EST,R58440651,UNITE,OK
TKT68086223824,2026-01-15T19:01:37Z,PORTE-D,,GROUPE,OK
TKT85838807170,2026-01-15T19:01:38Z,PORTE-A,R53565596,UNITE,OK
TKT44090634052,2026-01-15T19:01:38Z,PORTE-D,,UNITE,OK
TKT33904905922,2026-01-15T19:01:39Z,PORTE-C,R55746593,ABONNEMENT,OK
TKT93901595569,2026-01-15T19:01:39Z,PORTE-A,R55227439,ABONNEMENT,OK
TKT63965046505,2026-01-15T19:01:39Z,PORTE-D,R52137172,UNITE,OK
TKT63169249060,2026-01-15T19:01:39Z,PORTE-D,R58953876,UNITE,OK
TKT27970603713,2026-01-15T19:01:40Z,PORTE-B,R59890540,UNITE,OK
TKT16766532467,2026-01-15T19:01:40Z,PORTE-C,R53902210,UNITE,OK
TKT29452476375,2026-01-15T19:01:41Z,PORTE-C,R54780093,ABONNEMENT,OK
TKT89539428096,2026-01-15T19:01:41Z,PORTE-D,R57137145,UNITE,OK
TKT15847874744,2026-01-15T19:01:41Z,PORTE-C,R55408073,UNITE,OK
TKT44920646271,2026-01-15T19:01:41Z,PORTE-B,,UNITE,OK
TKT76126423238,2026-01-15T19:01:41Z,PORTE-C,R54895605,GROUPE,OK
TKT95801300795,2026-01-15T19:01:42Z,PORTE-A,R55389884,ABONNEMENT,OK
TKT74550933532,2026-01-15T19:01:42Z,PORTE-B,R54272117,UNITE,OK
TKT81164349429,2026-01-15T19:01:42Z,PORTE-C,R53917602,UNITE,OK
TKT40857971028,2026-01-15T19:01:42Z,VIP-EST,R56403585,VIP,OK
TKT33642458289,2026-01-15T19:01:42Z,PORTE-C,R56387724,UNITE,OK
TKT85594812651,2026-01-15T19:01:43Z,VIP-EST,R59977040,VIP,OK
TKT82355833688,2026-01-15T19:01:43Z,PORTE-C,,GROUPE,OK
TKT36124681297,2026-01-15T19:01:43Z,PORTE-D,R59894007,UNITE,OK
TKT29583153613,2026-01-15T19:01:43Z,PORTE-D,R53826610,UNITE,OK
TKT32007158954,2026-01-15T19:01:44Z,PORTE-A,R58196074,ABONNEMENT,OK
TKT68485538885,2026-01-15T19:01:44Z,PORTE-D,,UNITE,OK
TKT36343417543,2026-01-15T19:01:44Z,PORTE-B,,UNITE,OK
TKT69066830734,2026-01-15T19:01:45Z,PORTE-A,R53795347,ABONNEMENT,OK
TKT11141975086,2026-01-15T19:01:45Z,PORTE-B,R58037364,UNITE,OK
TKT14905835161,2026-01-15T19:01:45Z,VIP-EST,R58045956,UNITE,OK
TKT47459783397,2026-01-15T19:01:45Z,PORTE-C,R59883730,UNITE,OK
TKT74325718601,2026-01-15T19:01:45Z,VIP-EST,R57519858,UNITE,OK
TKT78486941875,2026-01-15T19:01:45Z,PORTE-D,,GROUPE,OK
TKT25684106444,2026-01-15T19:01:46Z,PORTE-C,R56654235,ABONNEMENT,OK
TKT39697663742,2026-01-15T19:01:46Z,PORTE-D,R56173231,UNITE,OK
TKT14734120542,2026-01-15T19:01:47Z,PORTE-C,R55972167,UNITE,OK
TKT19823312668,2026-01-15T19:01:47Z,PORTE-D,,UNITE,OK
TKT64242813516,2026-01-15T19:01:47Z,PORTE-C,R55800259,UNITE,OK
TKT21861287888,2026-01-15T19:01:47Z,VIP-EST,R56192579,UNITE,OK
TKT72287109920,2026-01-15T19:01:48Z,VIP-EST,R56915574,UNITE,OK
TKT18745367788,2026-01-15T19:01:49Z,PORTE-D,R58034309,ABONNEMENT,OK
TKT31548922401,2026-01-15T19:01:49Z,PORTE-C,,UNITE,OK
TKT98001355288,2026-01-15T19:01:49Z,PORTE-B,,UNITE,OK
TKT34712229208,2026-01-15T19:01:49Z,PORTE-C,R57061612,UNITE,OK
TKT60825453778,2026-01-15T19:01:50Z,PORTE-A,R51844637,UNITE,OK
TKT54541164616,2026-01-15T19:01:50Z,VIP-EST,R55248291,UNITE,OK
TKT35774792847,2026-01-15T19:01:50Z,PORTE-C,R56314844,UNITE,OK
TKT19552876402,2026-01-15T19:01:50Z,PORTE-C,,UNITE,OK
TKT43308137212,2026-01-15T19:01:51Z,VIP-EST,R53871148,ABONNEMENT,OK
TKT68712576700,2026-01-15T19:01:51Z,PORTE-A,R51087716,UNITE,OK
TKT20944891043,2026-01-15T19:01:51Z,PORTE-A,,GROUPE,OK
TKT11427231505,2026-01-15T19:01:51Z,PORTE-D,R53830757,UNITE,OK
TKT64430301565,2026-01-15T19:01:52Z,PORTE-C,,GROUPE,OK
TKT98136421586,2026-01-15T19:01:52Z,VIP-EST,,UNITE,OK
TKT35254450153,2026-01-15T19:01:52Z,PORTE-C,R58639953,UNITE,OK
TKT51876051182,2026-01-15T19:01:52Z,VIP-EST,R51561508,VIP,OK
TKT99754816268,2026-01-15T19:01:52Z,PORTE-C,,UNITE,OK
TKT34684474072,2026-01-15T19:01:53Z,PORTE-A,R52690577,ABONNEMENT,OK
TKT63837806347,2026-01-15T19:01:53Z,PORTE-C,R52401787,UNITE,OK
TKT70027255852,2026-01-15T19:01:53Z,PORTE-A,,UNITE,OK
TKT53157204084,2026-01-15T19:01:53Z,PORTE-D,R54026649,UNITE,OK
TKT70730418976,2026-01-15T19:01:54Z,VIP-EST,R53494287,ABONNEMENT,OK
TKT76776399764,2026-01-15T19:01:54Z,PORTE-B,R51371612,GROUPE,OK
TKT78465748107,2026-01-15T19:01:54Z,PORTE-A,R54525966,UNITE,OK
TKT79480236578,2026-01-15T19:01:55Z,PORTE-D,R52559663,UNITE,OK
TKT14014815262,2026-01-15T19:01:55Z,VIP-EST,R55144627,UNITE,OK
TKT90074374270,2026-01-15T19:01:56Z,PORTE-C,R54007847,UNITE,OK
TKT53768982211,2026-01-15T19:01:56Z,PORTE-C,R51210728,UNITE,OK
TKT52878975427,2026-01-15T19:01:57Z,PORTE-A,R55789359,ABONNEMENT,OK
TKT29561484440,2026-01-15T19:01:57Z,PORTE-D,R57891413,UNITE,OK
TKT10631990833,2026-01-15T19:01:57Z,PORTE-A,,UNITE,OK
TKT46344606825,2026-01-15T19:01:58Z,PORTE-A,R53393822,UNITE,OK
TKT62430609591,2026-01-15T19:01:58Z,PORTE-A,R59506936,UNITE,OK
TKT78017088678,2026-01-15T19:01:58Z,PORTE-B,R56914224,UNITE,OK
TKT94725305040,2026-01-15T19:01:58Z,PORTE-C,R51142618,UNITE,OK
TKT61179761368,2026-01-15T19:01:59Z,PORTE-C,R53070781,ABONNEMENT,OK
TKT68027152219,2026-01-15T19:01:59Z,PORTE-C,,UNITE,OK
TKT61777026411,2026-01-15T19:01:59Z,PORTE-C,,UNITE,REFUSE_DEJA_SCANNE
TKT63993326036,2026-01-15T19:01:59Z,PORTE-B,R55869250,UNITE,OK
TKT72708420450,2026-01-15T19:02:00Z,PORTE-C,R53594139,UNITE,OK
TKT10615018084,2026-01-15T19:02:01Z,PORTE-C,,GROUPE,OK
TKT78780107589,2026-01-15T19:02:01Z,PORTE-A,R58436638,VIP,OK
TKT98244787607,2026-01-15T19:02:01Z,PORTE-B,R53353987,UNITE,OK
TKT48162896327,2026-01-15T19:02:01Z,VIP-EST,R58564956,UNITE,OK
TKT53407899947,2026-01-15T19:02:02Z,PORTE-C,R59286936,UNITE,OK
TKT89809554732,2026-01-15T19:02:02Z,PORTE-C,,GROUPE,OK
TKT82836477690,2026-01-15T19:02:02Z,PORTE-D,,UNITE,OK
TKT32646704509,2026-01-15T19:02:03Z,PORTE-A,R54220079,ABONNEMENT,OK
TKT97799174397,2026-01-15T19:02:04Z,PORTE-D,R56563578,ABONNEMENT,OK
TKT53737884345,2026-01-15T19:02:04Z,PORTE-C,R54673900,ABONNEMENT,OK
TKT32398713126,2026-01-15T19:02:04Z,PORTE-C,R58791843,UNITE,OK
TKT63104048713,2026-01-15T19:02:04Z,VIP-EST,R58549899,VIP,OK
TKT37391214565,2026-01-15T19:02:05Z,PORTE-C,R51619599,UNITE,OK
TKT69700934214,2026-01-15T19:02:05Z,PORTE-A,R54228795,UNITE,OK
TKT98449736891,2026-01-15T19:02:06Z,PORTE-C,R59574778,UNITE,OK
TKT28350119897,2026-01-15T19:02:07Z,PORTE-C,R54194467,UNITE,OK
TKT46129717550,2026-01-15T19:02:08Z,PORTE-A,R53041347,ABONNEMENT,OK
TKT15053754325,2026-01-15T19:02:09Z,VIP-EST,R54097958,ABONNEMENT,OK
TKT36212385935,2026-01-15T19:02:09Z,PORTE-B,R55406579,UNITE,OK
TKT34481856560,2026-01-15T19:02:09Z,PORTE-B,,GROUPE,OK
TKT38530090253,2026-01-15T19:02:10Z,PORTE-B,R54317891,UNITE,OK
TKT58631884637,2026-01-15T19:02:10Z,PORTE-A,,UNITE,OK
TKT41791516238,2026-01-15T19:02:10Z,PORTE-B,,GROUPE,OK
TKT31893557280,2026-01-15T19:02:11Z,PORTE-D,R58986231,ABONNEMENT,OK
TKT52589773685,2026-01-15T19:02:11Z,VIP-EST,,UNITE,OK
TKT45762278821,2026-01-15T19:02:11Z,PORTE-C,R59397008,UNITE,OK
TKT49161886050,2026-01-15T19:02:11Z,PORTE-B,R59201796,UNITE,OK
TKT33262837956,2026-01-15T19:02:12Z,PORTE-C,R59810850,UNITE,OK
TKT90815766667,2026-01-15T19:02:12Z,PORTE-C,R54256246,UNITE,OK
TKT53457336029,2026-01-15T19:02:13Z,PORTE-C,R54176623,UNITE,OK
TKT48378591656,2026-01-15T19:02:13Z,VIP-EST,R56167992,UNITE,OK
TKT39300933975,2026-01-15T19:02:13Z,VIP-EST,R59624086,UNITE,OK
TKT50424432969,2026-01-15T19:02:14Z,VIP-EST,R54335122,UNITE,OK
TKT62097289443,2026-01-15T19:02:14Z,PORTE-D,R58553587,UNITE,OK
TKT37993622478,2026-01-15T19:02:14Z,PORTE-A,R53637183,VIP,OK
TKT39277158591,2026-01-15T19:02:15Z,PORTE-A,R54229485,ABONNEMENT,OK
TKT41475767152,2026-01-15T19:02:15Z,PORTE-C,,INVITATION,OK
TKT66370458709,2026-01-15T19:02:15Z,PORTE-C,R52551359,UNITE,OK
TKT78407508754,2026-01-15T19:02:15Z,PORTE-C,R59590706,UNITE,OK
TKT30070390150,2026-01-15T19:02:15Z,PORTE-C,R56199389,UNITE,OK
TKT74811466265,2026-01-15T19:02:16Z,PORTE-C,R55619769,ABONNEMENT,OK
TKT66411497610,2026-01-15T19:02:16Z,PORTE-C,R53477257,UNITE,OK
TKT32547848198,2026-01-15T19:02:16Z,VIP-EST,R54477683,UNITE,OK
TKT61320313617,2026-01-15T19:02:17Z,PORTE-B,R54524817,ABONNEMENT,OK
TKT77402589989,2026-01-15T19:02:17Z,VIP-EST,R56059156,UNITE,OK
TKT23843727211,2026-01-15T19:02:17Z,PORTE-A,R56327650,UNITE,OK
TKT73961337080,2026-01-15T19:02:17Z,VIP-EST,R53843898,UNITE,OK
TKT92988036530,2026-01-15T19:02:17Z,PORTE-A,R56093551,UNITE,OK
TKT99377175815,2026-01-15T19:02:17Z,PORTE-B,R52790161,UNITE,OK
TKT33620007652,2026-01-15T19:02:18Z,PORTE-C,R54801069,ABONNEMENT,OK
TKT15690478751,2026-01-15T19:02:18Z,PORTE-D,R56785685,UNITE,OK
TKT96124363010,2026-01-15T19:02:18Z,PORTE-C,R54372314,INVITATION,OK
TKT87306272417,2026-01-15T19:02:19Z,VIP-EST,R54434227,UNITE,OK
TKT69791571518,2026-01-15T19:02:19Z,VIP-EST,R54000558,UNITE,OK
TKT20021918190,2026-01-15T19:02:19Z,PORTE-A,,UNITE,OK
TKT32884407984,2026-01-15T19:02:19Z,PORTE-C,R55933625,UNITE,OK
TKT75809849766,2026-01-15T19:02:19Z,PORTE-C,R53924201,UNITE,OK
TKT37737039898,2026-01-15T19:02:20Z,PORTE-C,R56140474,UNITE,OK
TKT98240136831,2026-01-15T19:02:20Z,PORTE-A,R58520485,UNITE,OK
TKT23595291209,2026-01-15T19:02:20Z,PORTE-A,R56009972,UNITE,OK
TKT35353037491,2026-01-15T19:02:20Z,PORTE-C,R54109816,UNITE,OK
TKT93912736409,2026-01-15T19:02:20Z,PORTE-B,R56485191,UNITE,OK
TKT41794343747,2026-01-15T19:02:21Z,PORTE-D,R55048654,ABONNEMENT,OK
TKT66787184793,2026-01-15T19:02:21Z,PORTE-B,,INVITATION,OK
TKT45203746579,2026-01-15T19:02:21Z,PORTE-C,,UNITE,OK
TKT88305486898,2026-01-15T19:02:21Z,VIP-EST,,UNITE,OK
TKT59877492611,2026-01-15T19:02:22Z,PORTE-A,R55766822,ABONNEMENT,OK
TKT89396550556,2026-01-15T19:02:22Z,PORTE-A,,GROUPE,OK
TKT35881790778,2026-01-15T19:02:22Z,PORTE-D,,UNITE,OK
TKT94613973066,2026-01-15T19:02:22Z,PORTE-C,R52461047,UNITE,OK
TKT88561235704,2026-01-15T19:02:23Z,VIP-EST,R54467664,ABONNEMENT,OK
TKT22523427560,2026-01-15T19:02:23Z,PORTE-D,,GROUPE,OK
TKT69556867895,2026-01-15T19:02:25Z,VIP-EST,R54643863,UNITE,OK
TKT59137795433,2026-01-15T19:02:25Z,PORTE-C,R53293367,INVITATION,OK
TKT21697704343,2026-01-15T19:02:25Z,PORTE-C,R57122500,UNITE,OK
TKT84234094286,2026-01-15T19:02:25Z,PORTE-A,R54731666,VIP,OK
TKT48092191610,2026-01-15T19:02:25Z,PORTE-D,,GROUPE,OK
TKT72355185801,2026-01-15T19:02:26Z,PORTE-A,R52395935,VIP,OK
TKT87734746011,2026-01-15T19:02:27Z,PORTE-C,,GROUPE,OK
TKT27899398452,2026-01-15T19:02:28Z,PORTE-C,R54649936,UNITE,OK
TKT58652339942,2026-01-15T19:02:28Z,VIP-EST,R57710434,UNITE,OK
TKT94904228159,2026-01-15T19:02:28Z,VIP-EST,R58351364,UNITE,OK
TKT12379686021,2026-01-15T19:02:29Z,PORTE-B,R57800200,UNITE,OK
TKT81833631653,2026-01-15T19:02:30Z,PORTE-A,R51493599,ABONNEMENT,OK
TKT55965542618,2026-01-15T19:02:30Z,VIP-EST,R57498614,ABONNEMENT,OK
TKT99351804647,2026-01-15T19:02:30Z,PORTE-A,,UNITE,OK
TKT37722818894,2026-01-15T19:02:30Z,PORTE-A,R51531528,UNITE,OK
TKT70876912490,2026-01-15T19:02:30Z,PORTE-C,R54054770,UNITE,OK
TKT67015253885,2026-01-15T19:02:31Z,PMR-NORD,R53567646,UNITE,OK
TKT43135817804,2026-01-15T19:02:31Z,PORTE-B,R53610834,UNITE,OK
TKT14986169926,2026-01-15T19:02:31Z,VIP-EST,R54934770,UNITE,OK
TKT89738326422,2026-01-15T19:02:31Z,PORTE-A,R56746664,UNITE,OK
TKT30274179334,2026-01-15T19:02:32Z,PORTE-C,,GROUPE,OK
TKT94431151010,2026-01-15T19:02:32Z,PORTE-B,R54031074,UNITE,OK
TKT72517686015,2026-01-15T19:02:32Z,PORTE-C,R54008738,UNITE,OK
TKT92101662231,2026-01-15T19:02:33Z,VIP-EST,R55194213,ABONNEMENT,OK
TKT55897424716,2026-01-15T19:02:33Z,PORTE-C,R56340178,ABONNEMENT,OK
TKT33967970322,2026-01-15T19:02:33Z,VIP-EST,R59927109,UNITE,OK
TKT51028033981,2026-01-15T19:02:33Z,VIP-EST,R59145812,UNITE,OK
TKT12871563186,2026-01-15T19:02:34Z,PORTE-B,,UNITE,OK
TKT58155910062,2026-01-15T19:02:34Z,PORTE-C,,GROUPE,OK
TKT15702929060,2026-01-15T19:02:34Z,PORTE-C,R53629770,UNITE,OK
TKT28808800662,2026-01-15T19:02:34Z,PORTE-B,R53149781,UNITE,OK
TKT76306250946,2026-01-15T19:02:35Z,VIP-EST,,GROUPE,OK
TKT36604890598,2026-01-15T19:02:35Z,PORTE-B,R56898142,UNITE,OK
TKT63934622708,2026-01-15T19:02:35Z,PORTE-C,R53289689,UNITE,OK
TKT44096239017,2026-01-15T19:02:36Z,PORTE-A,R51111700,ABONNEMENT,OK
TKT98035293701,2026-01-15T19:02:36Z,PORTE-D,R53290570,UNITE,OK
TKT34764292493,2026-01-15T19:02:36Z,PORTE-C,R55332061,UNITE,OK
TKT34559775987,2026-01-15T19:02:36Z,VIP-EST,,UNITE,OK
TKT69417729068,2026-01-15T19:02:37Z,PORTE-B,,GROUPE,OK
TKT83876050500,2026-01-15T19:02:38Z,PORTE-A,R51232796,ABONNEMENT,OK
TKT23937472600,2026-01-15T19:02:38Z,PORTE-A,,UNITE,REFUSE_INVALIDE
TKT86031185798,2026-01-15T19:02:39Z,PORTE-D,R56670997,INVITATION,OK
TKT70941009656,2026-01-15T19:02:39Z,PORTE-B,R54514396,UNITE,OK
TKT12204893298,2026-01-15T19:02:40Z,VIP-EST,,UNITE,OK
TKT43720355025,2026-01-15T19:02:40Z,PORTE-A,R57262599,UNITE,OK
TKT93533049241,2026-01-15T19:02:41Z,PORTE-D,R53817415,UNITE,OK
TKT99676361834,2026-01-15T19:02:41Z,PORTE-B,R52007427,UNITE,OK
TKT77859481076,2026-01-15T19:02:42Z,PORTE-C,R55880160,ABONNEMENT,OK
TKT36909731585,2026-01-15T19:02:42Z,PORTE-A,R53855411,UNITE,OK
TKT72870008416,2026-01-15T19:02:42Z,VIP-EST,R59227475,UNITE,OK
TKT27724340688,2026-01-15T19:02:42Z,PORTE-B,R57151110,UNITE,OK
TKT49081258247,2026-01-15T19:02:42Z,VIP-EST,R55731871,UNITE,OK
TKT57043684941,2026-01-15T19:02:42Z,PORTE-C,R53947160,UNITE,OK
TKT58839572063,2026-01-15T19:02:43Z,VIP-EST,R53038215,INVITATION,OK
TKT83900268527,2026-01-15T19:02:43Z,VIP-EST,R56244952,UNITE,OK
TKT30817730472,2026-01-15T19:02:43Z,PORTE-C,R53314611,UNITE,OK
TKT84760416155,2026-01-15T19:02:44Z,VIP-EST,R51002988,ABONNEMENT,OK
TKT13009335657,2026-01-15T19:02:44Z,PORTE-C,R54127583,ABONNEMENT,OK
TKT40956854982,2026-01-15T19:02:44Z,PORTE-B,R51585616,UNITE,OK
TKT61073403405,2026-01-15T19:02:44Z,PORTE-C,R52152018,UNITE,OK
TKT42274961783,2026-01-15T19:02:44Z,PORTE-C,,GROUPE,OK
TKT28598609849,2026-01-15T19:02:44Z,PORTE-A,,VIP,OK
TKT38797489179,2026-01-15T19:02:44Z,PORTE-A,R52743429,VIP,OK
TKT91114615278,2026-01-15T19:02:45Z,PORTE-D,R58986844,ABONNEMENT,OK
TKT36873196316,2026-01-15T19:02:45Z,PORTE-D,R53781851,ABONNEMENT,OK
TKT68190992024,2026-01-15T19:02:45Z,PORTE-B,R51402128,UNITE,OK
TKT90231495194,2026-01-15T19:02:45Z,PORTE-C,,UNITE,OK
TKT33061713877,2026-01-15T19:02:47Z,VIP-EST,R54831250,ABONNEMENT,OK
TKT89924117117,2026-01-15T19:02:47Z,VIP-EST,R51365549,UNITE,OK
TKT14876984224,2026-01-15T19:02:47Z,PORTE-A,R55402700,UNITE,OK
TKT69866316437,2026-01-15T19:02:47Z,PORTE-A,R51769851,UNITE,OK
TKT95715451376,2026-01-15T19:02:47Z,PORTE-A,R55905695,INVITATION,OK
TKT80606072399,2026-01-15T19:02:48Z,PORTE-B,R57608676,UNITE,OK
TKT97183661762,2026-01-15T19:02:48Z,PORTE-C,,UNITE,OK
TKT87839591774,2026-01-15T19:02:49Z,PORTE-D,R51928963,UNITE,OK
TKT38764265280,2026-01-15T19:02:49Z,PORTE-C,,UNITE,OK
TKT84144852579,2026-01-15T19:02:50Z,PORTE-A,,UNITE,OK
TKT91994929710,2026-01-15T19:02:50Z,VIP-EST,,INVITATION,OK
TKT27033744377,2026-01-15T19:02:50Z,VIP-EST,R59884544,VIP,OK
TKT53817553834,2026-01-15T19:02:51Z,PORTE-D,R55906586,ABONNEMENT,OK
TKT85188904403,2026-01-15T19:02:51Z,PORTE-A,R59013327,ABONNEMENT,OK
TKT31268714202,2026-01-15T19:02:51Z,PORTE-A,,GROUPE,OK
TKT92884420724,2026-01-15T19:02:52Z,PORTE-C,R59723603,ABONNEMENT,OK
TKT85400232311,2026-01-15T19:02:52Z,PORTE-B,R57068767,UNITE,OK
TKT55226159199,2026-01-15T19:02:53Z,PORTE-B,R54908488,ABONNEMENT,OK
TKT64037108136,2026-01-15T19:02:53Z,PORTE-D,R51661762,ABONNEMENT,OK
TKT18708478598,2026-01-15T19:02:53Z,PORTE-D,,UNITE,OK
TKT50174117597,2026-01-15T19:02:53Z,PORTE-B,,UNITE,OK
TKT54957999806,2026-01-15T19:02:54Z,PORTE-C,,UNITE,OK
TKT31995800805,2026-01-15T19:02:54Z,PORTE-A,R53648840,UNITE,OK
TKT11083397663,2026-01-15T19:02:54Z,PORTE-B,R56031427,UNITE,OK
TKT30246932682,2026-01-15T19:02:54Z,VIP-EST,,UNITE,OK
TKT70176235967,2026-01-15T19:02:54Z,VIP-EST,R57472255,UNITE,OK
TKT80746308566,2026-01-15T19:02:55Z,PORTE-D,R56663430,UNITE,OK
TKT13892667073,2026-01-15T19:02:55Z,PORTE-C,,UNITE,OK
TKT77707862608,2026-01-15T19:02:55Z,PORTE-C,R56301281,UNITE,OK
TKT15296060873,2026-01-15T19:02:56Z,PORTE-C,,GROUPE,OK
TKT49494412447,2026-01-15T19:02:56Z,PORTE-B,R55977617,UNITE,OK
TKT15215312707,2026-01-15T19:02:57Z,PORTE-C,R58971375,ABONNEMENT,OK
TKT38045760817,2026-01-15T19:02:57Z,PORTE-A,R51013064,UNITE,OK
TKT67611667337,2026-01-15T19:02:57Z,PORTE-B,,GROUPE,OK
TKT87633589270,2026-01-15T19:02:58Z,PORTE-A,R54859649,UNITE,OK
TKT75235819889,2026-01-15T19:02:58Z,PORTE-D,R59050529,UNITE,OK
TKT83008985874,2026-01-15T19:02:58Z,VIP-EST,R54074329,UNITE,OK
TKT97452122731,2026-01-15T19:02:59Z,PORTE-B,R53308280,ABONNEMENT,OK
TKT89654710038,2026-01-15T19:02:59Z,PORTE-A,R55767502,UNITE,OK
TKT25452045921,2026-01-15T19:02:59Z,PORTE-B,R59218491,UNITE,OK
TKT63293300342,2026-01-15T19:02:59Z,PORTE-C,R53282055,UNITE,OK
TKT50348336634,2026-01-15T19:02:59Z,PORTE-C,R57058413,UNITE,OK
TKT82647178691,2026-01-15T19:03:00Z,PORTE-C,R58949307,ABONNEMENT,OK
TKT66550022006,2026-01-15T19:03:00Z,PORTE-D,R59889103,ABONNEMENT,OK
TKT56370374681,2026-01-15T19:03:00Z,PORTE-C,R54654093,INVITATION,OK
TKT60952002437,2026-01-15T19:03:01Z,PORTE-C,,GROUPE,OK
TKT33883335133,2026-01-15T19:03:01Z,PORTE-C,R56688908,UNITE,OK
TKT77916902316,2026-01-15T19:03:01Z,PORTE-C,,UNITE,OK
TKT57681140566,2026-01-15T19:03:01Z,PORTE-B,R51619877,UNITE,OK
TKT74019488797,2026-01-15T19:03:02Z,PORTE-C,R56682912,UNITE,OK
TKT27074021438,2026-01-15T19:03:03Z,PORTE-D,R52983735,UNITE,OK
TKT46317535024,2026-01-15T19:03:04Z,PORTE-A,R51735322,ABONNEMENT,OK
TKT56048553825,2026-01-15T19:03:05Z,PORTE-D,R56694971,UNITE,OK
TKT69193810516,2026-01-15T19:03:05Z,VIP-EST,R57188292,UNITE,OK
TKT49297920081,2026-01-15T19:03:05Z,PORTE-D,,UNITE,OK
TKT20240105236,2026-01-15T19:03:06Z,PORTE-D,R56440164,UNITE,OK
TKT41666744284,2026-01-15T19:03:07Z,PORTE-B,R51144802,ABONNEMENT,OK
TKT48942599763,2026-01-15T19:03:07Z,PORTE-B,R55619702,UNITE,OK
TKT53770222476,2026-01-15T19:03:07Z,PORTE-A,,VIP,OK
TKT12339882673,2026-01-15T19:03:07Z,PORTE-D,R59631375,UNITE,OK
TKT53428409327,2026-01-15T19:03:07Z,PORTE-C,,UNITE,OK
TKT59458635103,2026-01-15T19:03:07Z,PORTE-C,,GROUPE,OK
TKT50361029298,2026-01-15T19:03:08Z,PORTE-C,R58623670,UNITE,OK
TKT56309791950,2026-01-15T19:03:08Z,PORTE-A,R54342267,UNITE,OK
TKT63497364407,2026-01-15T19:03:09Z,VIP-EST,R56987774,ABONNEMENT,OK
TKT77496383958,2026-01-15T19:03:09Z,PORTE-D,R55829951,ABONNEMENT,OK
TKT73983699089,2026-01-15T19:03:09Z,PORTE-D,R58992830,UNITE,OK
TKT12350895000,2026-01-15T19:03:10Z,PORTE-C,R57038797,ABONNEMENT,OK
TKT53543830050,2026-01-15T19:03:10Z,VIP-EST,R55901002,UNITE,OK
TKT50567454425,2026-01-15T19:03:10Z,VIP-EST,R58597110,UNITE,OK
TKT53839717964,2026-01-15T19:03:10Z,PORTE-C,R58359266,UNITE,OK
TKT42955279251,2026-01-15T19:03:10Z,VIP-EST,,UNITE,OK
TKT63031998639,2026-01-15T19:03:11Z,PORTE-A,R54429390,UNITE,OK
TKT25342702625,2026-01-15T19:03:12Z,PORTE-C,R52016689,ABONNEMENT,OK
TKT50344697204,2026-01-15T19:03:12Z,PORTE-C,R55998325,UNITE,OK
TKT55953347989,2026-01-15T19:03:12Z,PORTE-A,,VIP,OK
TKT16981581771,2026-01-15T19:03:13Z,PORTE-D,R55857603,UNITE,OK
TKT46087065895,2026-01-15T19:03:13Z,PORTE-A,R57201577,UNITE,OK
TKT65403405461,2026-01-15T19:03:13Z,PORTE-B,,UNITE,OK
TKT48799032023,2026-01-15T19:03:13Z,PORTE-A,R54724645,UNITE,OK
TKT43591712150,2026-01-15T19:03:13Z,PORTE-C,R56310007,UNITE,OK
TKT76275598154,2026-01-15T19:03:13Z,PORTE-C,,UNITE,OK
TKT33685402853,2026-01-15T19:03:15Z,PORTE-C,R51897499,ABONNEMENT,OK
TKT69963615284,2026-01-15T19:03:15Z,PORTE-A,R57971103,ABONNEMENT,OK
TKT30664592599,2026-01-15T19:03:15Z,PORTE-D,R51174906,UNITE,OK
TKT29757417693,2026-01-15T19:03:16Z,PORTE-D,R58376152,ABONNEMENT,OK
TKT70206038733,2026-01-15T19:03:16Z,VIP-EST,R53084602,UNITE,OK
TKT76815949970,2026-01-15T19:03:16Z,PORTE-C,R59110181,UNITE,OK
TKT11340548650,2026-01-15T19:03:17Z,PORTE-C,R57886911,ABONNEMENT,OK
TKT44173170522,2026-01-15T19:03:17Z,PORTE-D,,GROUPE,OK
TKT50529433248,2026-01-15T19:03:17Z,PORTE-D,R51125387,UNITE,OK
TKT99951002372,2026-01-15T19:03:17Z,VIP-EST,,UNITE,OK
TKT42784321644,2026-01-15T19:03:18Z,PORTE-C,R59999242,UNITE,OK
TKT32770456906,2026-01-15T19:03:18Z,PORTE-C,,UNITE,OK
TKT53921627682,2026-01-15T19:03:18Z,PORTE-A,R54434773,UNITE,OK
TKT59930345509,2026-01-15T19:03:18Z,VIP-EST,R51636217,VIP,OK
TKT46758004195,2026-01-15T19:03:18Z,PORTE-D,,UNITE,OK
TKT40036581838,2026-01-15T19:03:19Z,PORTE-A,R58634972,UNITE,OK
TKT87961414489,2026-01-15T19:03:19Z,PORTE-C,R52416633,UNITE,OK
TKT66287750236,2026-01-15T19:03:20Z,PORTE-D,R51997475,UNITE,OK
TKT30763732758,2026-01-15T19:03:20Z,PORTE-D,R53610834,UNITE,OK
TKT23000638108,2026-01-15T19:03:21Z,PORTE-A,,GROUPE,OK
TKT28050072201,2026-01-15T19:03:21Z,PORTE-C,R55232209,UNITE,OK
TKT18004322582,2026-01-15T19:03:21Z,PORTE-D,R59220119,UNITE,OK
TKT80140180688,2026-01-15T19:03:21Z,PORTE-D,R56127812,UNITE,OK
TKT20379949976,2026-01-15T19:03:21Z,PORTE-C,,UNITE,OK
TKT70410545846,2026-01-15T19:03:22Z,PORTE-D,R57750413,ABONNEMENT,OK
TKT22917460100,2026-01-15T19:03:22Z,PORTE-D,R58545139,UNITE,OK
TKT15379147989,2026-01-15T19:03:22Z,VIP-EST,,GROUPE,OK
TKT18218839140,2026-01-15T19:03:22Z,PORTE-A,R57341619,UNITE,OK
TKT20524844894,2026-01-15T19:03:22Z,VIP-EST,,VIP,OK
TKT53901107150,2026-01-15T19:03:23Z,PORTE-B,R52133772,UNITE,OK
TKT89688699597,2026-01-15T19:03:24Z,PORTE-D,R57028299,ABONNEMENT,OK
TKT21515422038,2026-01-15T19:03:24Z,PORTE-A,R52662178,INVITATION,OK
TKT95457801145,2026-01-15T19:03:25Z,PORTE-C,R56745773,ABONNEMENT,OK
TKT18716101245,2026-01-15T19:03:25Z,PORTE-C,R59742194,UNITE,OK
TKT99263285191,2026-01-15T19:03:25Z,PORTE-A,R56657377,UNITE,OK
TKT99419299226,2026-01-15T19:03:25Z,PORTE-D,R55907122,UNITE,OK
TKT27441370034,2026-01-15T19:03:27Z,VIP-EST,R54608319,UNITE,OK
TKT82280445947,2026-01-15T19:03:27Z,VIP-EST,,UNITE,OK
TKT58348660987,2026-01-15T19:03:29Z,PORTE-C,R51542361,UNITE,OK
TKT32439923459,2026-01-15T19:03:29Z,PORTE-C,R54775390,UNITE,OK
TKT76608748617,2026-01-15T19:03:29Z,PORTE-C,R54406029,UNITE,OK
TKT57160647190,2026-01-15T19:03:30Z,PORTE-D,R58436906,ABONNEMENT,OK
TKT41299985919,2026-01-15T19:03:30Z,PORTE-C,,UNITE,REFUSE_INVALIDE
TKT16038967680,2026-01-15T19:03:31Z,PORTE-C,,UNITE,OK
TKT38701877040,2026-01-15T19:03:31Z,VIP-EST,R51312007,UNITE,OK
TKT25182505976,2026-01-15T19:03:31Z,VIP-EST,,UNITE,OK
TKT33727196681,2026-01-15T19:03:31Z,PORTE-C,R56298772,UNITE,OK
TKT71390022224,2026-01-15T19:03:31Z,PORTE-A,R52267128,UNITE,OK
TKT50164948096,2026-01-15T19:03:32Z,PORTE-C,R59788437,UNITE,OK
TKT38386529171,2026-01-15T19:03:32Z,VIP-EST,R58674348,UNITE,OK
TKT63074205460,2026-01-15T19:03:33Z,PORTE-C,,UNITE,OK
TKT22736204640,2026-01-15T19:03:33Z,VIP-EST,R53406494,UNITE,OK
TKT99662036625,2026-01-15T19:03:34Z,VIP-EST,R54075143,VIP,OK
TKT93976084928,2026-01-15T19:03:35Z,PORTE-C,R56679579,UNITE,OK
TKT77760597280,2026-01-15T19:03:35Z,VIP-EST,R55103958,UNITE,OK
TKT72146513814,2026-01-15T19:03:35Z,PORTE-B,R55491987,UNITE,OK
TKT48773394432,2026-01-15T19:03:35Z,PORTE-A,R58259481,INVITATION,OK
TKT66056285048,2026-01-15T19:03:35Z,PORTE-C,R55802855,UNITE,OK
TKT99331142035,2026-01-15T19:03:35Z,PORTE-B,,GROUPE,OK
TKT29443316869,2026-01-15T19:03:36Z,PORTE-C,R52975766,ABONNEMENT,OK
TKT25045088974,2026-01-15T19:03:36Z,PORTE-C,,UNITE,OK
TKT35792842817,2026-01-15T19:03:37Z,VIP-EST,R51527649,ABONNEMENT,OK
TKT92315375558,2026-01-15T19:03:37Z,PORTE-B,R56567333,UNITE,OK
TKT56865264880,2026-01-15T19:03:38Z,VIP-EST,R53805557,UNITE,OK
TKT41344202463,2026-01-15T19:03:39Z,VIP-EST,R59282990,UNITE,OK
TKT62769263135,2026-01-15T19:03:39Z,PORTE-A,R59585879,UNITE,OK
TKT52700369442,2026-01-15T19:03:40Z,PORTE-C,R51883601,ABONNEMENT,OK
TKT42867836290,2026-01-15T19:03:40Z,PORTE-C,R53091479,ABONNEMENT,OK
TKT55849416941,2026-01-15T19:03:40Z,VIP-EST,,VIP,OK
TKT97108004788,2026-01-15T19:03:40Z,PORTE-C,R57949849,UNITE,OK
TKT92053727772,2026-01-15T19:03:41Z,PORTE-D,R57915042,ABONNEMENT,OK
TKT41806542097,2026-01-15T19:03:41Z,PORTE-C,,GROUPE,OK
TKT90977524253,2026-01-15T19:03:41Z,PORTE-C,,UNITE,OK
TKT56693296550,2026-01-15T19:03:42Z,PORTE-C,,UNITE,OK
TKT52094359470,2026-01-15T19:03:42Z,PORTE-C,R52535086,UNITE,OK
TKT69045751247,2026-01-15T19:03:43Z,PORTE-C,R53729545,UNITE,OK
TKT71953469644,2026-01-15T19:03:44Z,PORTE-A,R52267128,UNITE,OK
TKT21125976320,2026-01-15T19:03:44Z,PORTE-D,R52350094,UNITE,OK
TKT18820370453,2026-01-15T19:03:44Z,VIP-EST,,VIP,OK
TKT45396367625,2026-01-15T19:03:45Z,PORTE-B,R54012818,UNITE,OK
TKT12572525995,2026-01-15T19:03:45Z,PORTE-C,,UNITE,OK
TKT24965131757,2026-01-15T19:03:45Z,PORTE-B,R59035951,UNITE,OK
TKT48839712771,2026-01-15T19:03:45Z,PORTE-B,R52573082,INVITATION,OK
TKT17838447822,2026-01-15T19:03:46Z,PORTE-A,R54046265,ABONNEMENT,OK
TKT58989305190,2026-01-15T19:03:46Z,PORTE-A,R51804792,UNITE,OK
TKT29970364648,2026-01-15T19:03:47Z,PORTE-A,R56569028,ABONNEMENT,OK
TKT20005083971,2026-01-15T19:03:47Z,PORTE-D,R58969124,UNITE,OK
TKT28748896251,2026-01-15T19:03:47Z,PORTE-C,,GROUPE,OK
TKT48720388321,2026-01-15T19:03:48Z,PORTE-B,R56429532,UNITE,OK
TKT12913778276,2026-01-15T19:03:48Z,PORTE-A,R58988750,UNITE,OK
TKT61131483671,2026-01-15T19:03:49Z,PORTE-A,R57886231,UNITE,OK
TKT68927487724,2026-01-15T19:03:49Z,PORTE-A,,GROUPE,OK
TKT38906811969,2026-01-15T19:03:49Z,PORTE-A,R58208880,UNITE,OK
TKT12563153769,2026-01-15T19:03:49Z,VIP-EST,R52378225,VIP,OK
TKT29075550290,2026-01-15T19:03:49Z,PORTE-B,,INVITATION,OK
TKT11613401560,2026-01-15T19:03:49Z,PORTE-D,,UNITE,OK
TKT41384352290,2026-01-15T19:03:51Z,PORTE-C,,UNITE,OK
TKT74268260265,2026-01-15T19:03:51Z,VIP-EST,R52514100,UNITE,OK
TKT40998721050,2026-01-15T19:03:51Z,PORTE-A,R52565257,UNITE,OK
TKT51893204537,2026-01-15T19:03:51Z,PORTE-A,R59820457,UNITE,OK
TKT70297726320,2026-01-15T19:03:51Z,VIP-EST,R58499432,VIP,OK
TKT40179955164,2026-01-15T19:03:52Z,PORTE-C,R55362031,UNITE,OK
TKT38215866060,2026-01-15T19:03:52Z,PORTE-C,,UNITE,OK
TKT22881849535,2026-01-15T19:03:53Z,PORTE-A,,UNITE,OK
TKT25506795855,2026-01-15T19:03:53Z,PORTE-D,R51330608,INVITATION,OK
TKT67756766189,2026-01-15T19:03:53Z,PORTE-D,R54117708,UNITE,OK
TKT79392859183,2026-01-15T19:03:53Z,PORTE-C,R51530858,UNITE,OK
TKT19967686836,2026-01-15T19:03:54Z,VIP-EST,,UNITE,OK
TKT30163826003,2026-01-15T19:03:54Z,PORTE-D,,UNITE,OK
TKT12708608919,2026-01-15T19:03:54Z,PORTE-B,R53654692,UNITE,OK
TKT73733016381,2026-01-15T19:03:54Z,PORTE-A,R58349180,UNITE,OK
TKT80337199780,2026-01-15T19:03:55Z,PORTE-D,R53026166,UNITE,OK
TKT20413132754,2026-01-15T19:03:55Z,PORTE-C,,UNITE,OK
TKT83833736005,2026-01-15T19:03:55Z,PORTE-C,R59996311,UNITE,OK
TKT43839765977,2026-01-15T19:03:55Z,PORTE-C,R56412311,UNITE,OK
TKT13293570027,2026-01-15T19:03:56Z,VIP-EST,R56074136,UNITE,OK
TKT13382034689,2026-01-15T19:03:57Z,PORTE-A,R59365678,ABONNEMENT,OK
TKT82040805975,2026-01-15T19:03:57Z,PORTE-A,R59618368,ABONNEMENT,OK
TKT85111061725,2026-01-15T19:03:57Z,PORTE-C,R55275129,UNITE,OK
TKT81535491360,2026-01-15T19:03:57Z,PORTE-B,R57487379,UNITE,OK
TKT33893960435,2026-01-15T19:03:57Z,PORTE-A,R52145764,UNITE,OK
TKT56116450922,2026-01-15T19:03:57Z,PORTE-A,R51581392,UNITE,OK
TKT20226160690,2026-01-15T19:03:57Z,PORTE-C,,UNITE,OK
TKT16178359588,2026-01-15T19:03:58Z,PORTE-A,R57943029,ABONNEMENT,OK
TKT66538318830,2026-01-15T19:03:58Z,PORTE-A,R53602855,UNITE,OK
TKT13727856972,2026-01-15T19:03:58Z,PORTE-B,R57332079,UNITE,OK
TKT57015115075,2026-01-15T19:03:59Z,PORTE-C,,UNITE,OK
TKT35330936497,2026-01-15T19:03:59Z,PORTE-C,,UNITE,OK
TKT44624910042,2026-01-15T19:03:59Z,PORTE-B,R53892536,UNITE,OK
TKT23005832471,2026-01-15T19:03:59Z,PORTE-C,R59345449,UNITE,OK
TKT32910874019,2026-01-15T19:03:59Z,PORTE-C,R58378671,UNITE,OK
TKT39424264362,2026-01-15T19:04:00Z,PORTE-A,R52903633,UNITE,OK
TKT43207599517,2026-01-15T19:04:00Z,PORTE-C,R52964866,UNITE,OK
TKT17977718924,2026-01-15T19:04:00Z,PORTE-C,R58074623,INVITATION,OK
TKT25321283257,2026-01-15T19:04:00Z,PORTE-B,,UNITE,OK
TKT83096651310,2026-01-15T19:04:00Z,VIP-EST,,UNITE,OK
TKT90464496791,2026-01-15T19:04:00Z,PORTE-A,R53415143,UNITE,OK
TKT74830416228,2026-01-15T19:04:00Z,PORTE-A,R57246604,UNITE,OK
TKT77173828516,2026-01-15T19:04:01Z,PORTE-D,,UNITE,OK
TKT51085132114,2026-01-15T19:04:01Z,PORTE-C,R53396140,UNITE,OK
TKT10308091362,2026-01-15T19:04:01Z,PORTE-C,R56255852,UNITE,OK
TKT35298617475,2026-01-15T19:04:01Z,VIP-EST,R53759304,UNITE,OK
TKT81647915166,2026-01-15T19:04:02Z,PORTE-B,R51564161,ABONNEMENT,OK
TKT70226933841,2026-01-15T19:04:02Z,PORTE-C,R55239575,UNITE,OK
TKT41850536414,2026-01-15T19:04:02Z,PORTE-B,R51932430,UNITE,OK
TKT98644764877,2026-01-15T19:04:03Z,PORTE-D,R51782801,ABONNEMENT,OK
TKT70959880833,2026-01-15T19:04:03Z,PORTE-C,R57276574,ABONNEMENT,OK
TKT26074064128,2026-01-15T19:04:03Z,PORTE-B,R51934882,UNITE,OK
TKT85367097357,2026-01-15T19:04:03Z,PORTE-D,R52838454,UNITE,OK
TKT39044691665,2026-01-15T19:04:03Z,PORTE-D,,GROUPE,OK
TKT11922593368,2026-01-15T19:04:03Z,PORTE-D,R51535340,UNITE,OK
TKT84660908682,2026-01-15T19:04:03Z,PORTE-A,R55847460,UNITE,OK
TKT42113680893,2026-01-15T19:04:03Z,VIP-EST,R57559167,UNITE,OK
TKT23188251327,2026-01-15T19:04:03Z,PORTE-B,,GROUPE,OK
TKT23246364434,2026-01-15T19:04:03Z,PORTE-C,R52526983,INVITATION,OK
TKT89393141781,2026-01-15T19:04:04Z,PORTE-B,R56211783,UNITE,OK
TKT69391314503,2026-01-15T19:04:05Z,PORTE-A,R59092893,ABONNEMENT,OK
TKT45758010492,2026-01-15T19:04:05Z,PORTE-C,R55181608,UNITE,OK
TKT28592063297,2026-01-15T19:04:05Z,PORTE-C,R58083818,UNITE,OK
TKT76727907265,2026-01-15T19:04:06Z,PORTE-D,R52500691,ABONNEMENT,OK
TKT16931707247,2026-01-15T19:04:06Z,PORTE-D,R57892706,ABONNEMENT,OK
TKT44855097737,2026-01-15T19:04:06Z,VIP-EST,R52788925,ABONNEMENT,OK
TKT20240105236,2026-01-15T19:04:06Z,PORTE-D,R56440164,UNITE,REFUSE_DEJA_SCANNE
TKT42685226254,2026-01-15T19:04:06Z,PORTE-A,R58791019,UNITE,OK
TKT73531362287,2026-01-15T19:04:06Z,PORTE-D,R58904022,UNITE,OK
TKT21475733770,2026-01-15T19:04:07Z,VIP-EST,R54805571,UNITE,OK
TKT57001194410,2026-01-15T19:04:07Z,PORTE-A,,GROUPE,OK
TKT92920378630,2026-01-15T19:04:08Z,PORTE-A,R57100633,ABONNEMENT,OK
TKT35190242729,2026-01-15T19:04:08Z,PORTE-C,R54894523,UNITE,OK
TKT23091186725,2026-01-15T19:04:08Z,PORTE-B,R56188154,UNITE,OK
TKT98647799873,2026-01-15T19:04:08Z,PORTE-A,R56162341,UNITE,OK
TKT28854890016,2026-01-15T19:04:09Z,PORTE-D,R58595683,ABONNEMENT,OK
TKT92333416918,2026-01-15T19:04:09Z,PORTE-A,R51041674,VIP,REFUSE_DEJA_SCANNE
TKT91668286764,2026-01-15T19:04:10Z,PORTE-A,,GROUPE,OK
TKT78983951648,2026-01-15T19:04:11Z,PORTE-B,R54398060,UNITE,OK
TKT58041037158,2026-01-15T19:04:11Z,PORTE-C,R55309792,UNITE,OK
TKT89977800185,2026-01-15T19:04:11Z,PORTE-B,,UNITE,OK
TKT97825035127,2026-01-15T19:04:12Z,PORTE-D,R55225409,ABONNEMENT,OK
TKT50358880625,2026-01-15T19:04:12Z,VIP-EST,R56665413,ABONNEMENT,OK
TKT48156834454,2026-01-15T19:04:13Z,PORTE-C,,UNITE,OK
TKT58505851913,2026-01-15T19:04:13Z,PORTE-C,R56342151,UNITE,OK
TKT10686262250,2026-01-15T19:04:13Z,VIP-EST,R54253392,UNITE,OK
TKT81688934977,2026-01-15T19:04:13Z,PORTE-D,R58700362,UNITE,OK
TKT15655124747,2026-01-15T19:04:14Z,PORTE-A,R59528257,UNITE,OK
TKT65636432946,2026-01-15T19:04:14Z,PORTE-C,R59530297,UNITE,OK
TKT70403773285,2026-01-15T19:04:14Z,PORTE-C,R53491366,UNITE,OK
TKT47974296653,2026-01-15T19:04:14Z,PORTE-C,,UNITE,OK
TKT26232550863,2026-01-15T19:04:14Z,PORTE-B,,UNITE,OK
TKT60098644492,2026-01-15T19:04:14Z,PORTE-C,R56554929,UNITE,OK
TKT45399212869,2026-01-15T19:04:15Z,VIP-EST,R53166945,UNITE,OK
TKT44552831910,2026-01-15T19:04:15Z,PORTE-B,R59432284,UNITE,OK
TKT98692311461,2026-01-15T19:04:15Z,VIP-EST,R54570782,UNITE,OK
TKT14851608212,2026-01-15T19:04:16Z,PORTE-C,R51331010,UNITE,OK
TKT60851141773,2026-01-15T19:04:16Z,PORTE-A,,UNITE,OK
TKT64491433555,2026-01-15T19:04:17Z,PORTE-D,R51770541,UNITE,OK
TKT29441562220,2026-01-15T19:04:18Z,PORTE-C,,UNITE,OK
TKT53860420216,2026-01-15T19:04:18Z,VIP-EST,R55124465,UNITE,OK
TKT77891524616,2026-01-15T19:04:18Z,PORTE-A,R56429532,UNITE,OK
TKT47525476169,2026-01-15T19:04:18Z,PORTE-C,,UNITE,OK
TKT91623305379,2026-01-15T19:04:19Z,PORTE-C,R52286821,ABONNEMENT,OK
TKT90727337420,2026-01-15T19:04:19Z,PORTE-C,R55589933,ABONNEMENT,OK
TKT22351305251,2026-01-15T19:04:19Z,PORTE-D,R52975766,INVITATION,OK
TKT55969060724,2026-01-15T19:04:20Z,PORTE-C,R56800886,UNITE,OK
TKT57900479853,2026-01-15T19:04:20Z,PORTE-B,R56544709,UNITE,OK
TKT20278904618,2026-01-15T19:04:21Z,VIP-EST,R53611571,UNITE,OK
TKT37912596151,2026-01-15T19:04:21Z,VIP-EST,,UNITE,OK
TKT13539589802,2026-01-15T19:04:21Z,PORTE-C,,GROUPE,OK
TKT34861394629,2026-01-15T19:04:22Z,PORTE-D,,UNITE,OK
TKT28089639286,2026-01-15T19:04:22Z,PORTE-C,R51432232,UNITE,OK
TKT55622880439,2026-01-15T19:04:22Z,PORTE-A,,GROUPE,OK
TKT46088950908,2026-01-15T19:04:22Z,PORTE-B,R54494100,UNITE,OK
TKT18193909298,2026-01-15T19:04:23Z,PORTE-C,R59635331,ABONNEMENT,OK
TKT94007759037,2026-01-15T19:04:23Z,PORTE-B,R51052306,UNITE,OK
TKT82402661897,2026-01-15T19:04:23Z,PORTE-A,R54542105,UNITE,OK
TKT92364067960,2026-01-15T19:04:23Z,PORTE-D,,UNITE,OK
TKT76272527524,2026-01-15T19:04:24Z,PORTE-D,,UNITE,OK
TKT87757367671,2026-01-15T19:04:25Z,PORTE-C,R58031177,ABONNEMENT,OK
TKT83918179746,2026-01-15T19:04:25Z,PORTE-A,R59172439,ABONNEMENT,OK
TKT97961296081,2026-01-15T19:04:25Z,PORTE-B,R51139821,UNITE,OK
TKT28161900476,2026-01-15T19:04:25Z,PORTE-D,R52738391,UNITE,OK
TKT24345464753,2026-01-15T19:04:26Z,PORTE-C,R56344268,ABONNEMENT,REFUSE_DEJA_SCANNE
TKT88163495107,2026-01-15T19:04:26Z,PORTE-B,R59925414,ABONNEMENT,OK
TKT88136543529,2026-01-15T19:04:26Z,PORTE-D,R53055312,UNITE,OK
TKT92333996417,2026-01-15T19:04:27Z,PORTE-D,R58016599,ABONNEMENT,OK
TKT96595143975,2026-01-15T19:04:27Z,PORTE-C,R57782088,UNITE,OK
TKT80344197525,2026-01-15T19:04:27Z,PORTE-B,,UNITE,OK
TKT94717477745,2026-01-15T19:04:28Z,VIP-EST,R52405532,ABONNEMENT,OK
TKT71448722290,2026-01-15T19:04:28Z,PORTE-A,R58914711,UNITE,OK
TKT96287592241,2026-01-15T19:04:28Z,PORTE-A,R52013691,UNITE,OK
TKT89006229024,2026-01-15T19:04:28Z,PORTE-C,R51955389,UNITE,OK
TKT50413565935,2026-01-15T19:04:29Z,PORTE-C,R51882097,ABONNEMENT,OK
TKT57407930048,2026-01-15T19:04:29Z,PORTE-C,R55960587,ABONNEMENT,OK
TKT70530172033,2026-01-15T19:04:29Z,PORTE-B,,UNITE,OK
TKT19821031304,2026-01-15T19:04:29Z,PORTE-C,R51201677,UNITE,OK
TKT53951434053,2026-01-15T19:04:29Z,PORTE-D,R51355262,UNITE,OK
TKT32205224567,2026-01-15T19:04:30Z,PORTE-D,R57342222,UNITE,OK
TKT86823711448,2026-01-15T19:04:30Z,PORTE-A,R51453198,UNITE,REFUSE_DEJA_SCANNE
TKT84714046755,2026-01-15T19:04:30Z,PORTE-A,R51406687,UNITE,OK
TKT13180517660,2026-01-15T19:04:31Z,PORTE-B,R53960244,UNITE,OK
TKT17541245909,2026-01-15T19:04:31Z,PORTE-D,R51038887,UNITE,OK
TKT56096423352,2026-01-15T19:04:31Z,VIP-EST,R56252385,VIP,OK
TKT40270693957,2026-01-15T19:04:32Z,VIP-EST,R56327985,ABONNEMENT,OK
TKT85952191034,2026-01-15T19:04:32Z,PORTE-B,R57309187,ABONNEMENT,OK
TKT98608956554,2026-01-15T19:04:32Z,PORTE-A,R53082428,UNITE,OK
TKT90296693562,2026-01-15T19:04:32Z,PORTE-A,R54194467,VIP,OK
TKT30540908600,2026-01-15T19:04:33Z,VIP-EST,R57594922,ABONNEMENT,OK
TKT84195848256,2026-01-15T19:04:33Z,PORTE-C,R53454241,ABONNEMENT,OK
TKT87140830952,2026-01-15T19:04:33Z,PORTE-C,,GROUPE,OK
TKT60538091267,2026-01-15T19:04:33Z,VIP-EST,,UNITE,OK
TKT89201353909,2026-01-15T19:04:33Z,PORTE-A,,UNITE,OK
TKT92118878256,2026-01-15T19:04:33Z,VIP-EST,R54635894,UNITE,OK
TKT48360094295,2026-01-15T19:04:34Z,PORTE-C,R58143624,ABONNEMENT,OK
TKT63821206312,2026-01-15T19:04:34Z,PORTE-C,R54028210,UNITE,OK
TKT60095727995,2026-01-15T19:04:34Z,PORTE-C,R57306467,UNITE,OK
TKT89747799357,2026-01-15T19:04:34Z,PORTE-B,R54261763,UNITE,OK
TKT57390716324,2026-01-15T19:04:35Z,PORTE-C,R53671377,UNITE,OK
TKT34976627010,2026-01-15T19:04:35Z,PORTE-D,R58000862,UNITE,OK
TKT93391599438,2026-01-15T19:04:35Z,PORTE-C,R51472010,UNITE,OK
TKT34729286032,2026-01-15T19:04:35Z,VIP-EST,R52861135,UNITE,OK
TKT46383048613,2026-01-15T19:04:35Z,PORTE-C,,UNITE,OK
TKT56790871241,2026-01-15T19:04:36Z,VIP-EST,R51729460,UNITE,OK
TKT56621498027,2026-01-15T19:04:37Z,PORTE-C,R55165938,ABONNEMENT,OK
TKT76657441748,2026-01-15T19:04:37Z,PORTE-A,,UNITE,REFUSE_INVALIDE
TKT48052079042,2026-01-15T19:04:38Z,PORTE-C,R58084642,UNITE,OK
TKT47149874151,2026-01-15T19:04:38Z,PORTE-A,R56124747,UNITE,OK
TKT23252579427,2026-01-15T19:04:39Z,VIP-EST,,UNITE,OK
TKT59264898348,2026-01-15T19:04:39Z,PORTE-C,R56585445,UNITE,OK
TKT45821683882,2026-01-15T19:04:39Z,PORTE-B,R56051187,UNITE,OK
TKT50437335257,2026-01-15T19:04:39Z,PORTE-A,,GROUPE,OK
TKT67365860101,2026-01-15T19:04:40Z,PORTE-C,R58945217,ABONNEMENT,OK
TKT36696018620,2026-01-15T19:04:40Z,VIP-EST,R52900491,ABONNEMENT,OK
TKT97816089157,2026-01-15T19:04:40Z,PORTE-A,,UNITE,OK
TKT34398049498,2026-01-15T19:04:41Z,VIP-EST,R57866893,UNITE,OK
TKT46900666151,2026-01-15T19:04:42Z,PORTE-C,R53364398,UNITE,OK
TKT22856304868,2026-01-15T19:04:42Z,VIP-EST,R59556867,UNITE,OK
TKT75709797762,2026-01-15T19:04:42Z,PORTE-C,,UNITE,OK
TKT24017711764,2026-01-15T19:04:42Z,VIP-EST,R51086902,UNITE,OK
TKT79313694177,2026-01-15T19:04:42Z,PORTE-D,R55828792,UNITE,OK
TKT91747020864,2026-01-15T19:04:42Z,PORTE-C,R56664455,UNITE,OK
TKT10905293404,2026-01-15T19:04:43Z,PORTE-B,R57910617,ABONNEMENT,OK
TKT26787486199,2026-01-15T19:04:43Z,PORTE-B,R55745424,ABONNEMENT,OK
TKT80731651956,2026-01-15T19:04:43Z,PORTE-D,,UNITE,OK
TKT35705439949,2026-01-15T19:04:43Z,PORTE-A,R53587530,UNITE,OK
TKT28135509307,2026-01-15T19:04:43Z,PORTE-C,R56488112,UNITE,OK
TKT59779875669,2026-01-15T19:04:43Z,PORTE-C,,GROUPE,OK
TKT12899917349,2026-01-15T19:04:43Z,PORTE-C,R59113189,UNITE,OK
TKT56539133159,2026-01-15T19:04:44Z,PORTE-B,R58923082,UNITE,OK
TKT73337833794,2026-01-15T19:04:44Z,PORTE-B,R51763175,UNITE,OK
TKT31316967443,2026-01-15T19:04:45Z,PORTE-A,R51061836,ABONNEMENT,OK
TKT57271641353,2026-01-15T19:04:45Z,PORTE-C,R53832807,UNITE,OK
TKT82629641837,2026-01-15T19:04:45Z,VIP-EST,R53462622,UNITE,OK
TKT61612709945,2026-01-15T19:04:46Z,PORTE-A,R57443233,UNITE,OK
TKT43079378515,2026-01-15T19:04:46Z,PORTE-D,,UNITE,OK
TKT13877053078,2026-01-15T19:04:46Z,PORTE-C,,GROUPE,OK
TKT93943746611,2026-01-15T19:04:47Z,PORTE-C,R51142752,ABONNEMENT,OK
TKT72861178573,2026-01-15T19:04:47Z,PORTE-C,R51359965,UNITE,OK
TKT14257922344,2026-01-15T19:04:47Z,PORTE-B,R58212280,UNITE,OK
TKT41704794592,2026-01-15T19:04:47Z,PORTE-B,R58494126,UNITE,OK
TKT39266926272,2026-01-15T19:04:47Z,PORTE-A,R54481351,UNITE,OK
TKT78848540161,2026-01-15T19:04:48Z,PORTE-B,R57238702,ABONNEMENT,OK
TKT61562522940,2026-01-15T19:04:48Z,VIP-EST,,VIP,OK
TKT86975726450,2026-01-15T19:04:48Z,PORTE-C,R54494167,UNITE,OK
TKT87606128592,2026-01-15T19:04:49Z,PORTE-C,R56049683,ABONNEMENT,OK
TKT12305904734,2026-01-15T19:04:49Z,PORTE-C,,GROUPE,OK
TKT42070047929,2026-01-15T19:04:49Z,PORTE-A,R52745958,UNITE,OK
TKT21517545270,2026-01-15T19:04:49Z,PORTE-C,,UNITE,OK
TKT95292675529,2026-01-15T19:04:49Z,PORTE-A,R55684000,UNITE,OK
TKT64091298673,2026-01-15T19:04:49Z,PORTE-C,,UNITE,OK
TKT88212419428,2026-01-15T19:04:50Z,PORTE-C,R51594131,ABONNEMENT,OK
TKT95144541039,2026-01-15T19:04:50Z,PORTE-C,R57164519,ABONNEMENT,OK
TKT69544367385,2026-01-15T19:04:50Z,PORTE-C,R54771913,UNITE,OK
TKT87716205244,2026-01-15T19:04:50Z,PORTE-C,R52848942,UNITE,OK
TKT11607413659,2026-01-15T19:04:50Z,PORTE-C,R54201766,UNITE,OK
TKT76823705738,2026-01-15T19:04:50Z,VIP-EST,R59602842,UNITE,OK
TKT70671891577,2026-01-15T19:04:51Z,PORTE-B,R55344254,ABONNEMENT,OK
TKT74907019132,2026-01-15T19:04:51Z,PORTE-D,,UNITE,OK
TKT40376593014,2026-01-15T19:04:51Z,PORTE-A,,UNITE,OK
TKT44592951104,2026-01-15T19:04:51Z,PORTE-A,R58931664,UNITE,OK
TKT21193274017,2026-01-15T19:04:51Z,PORTE-C,,GROUPE,OK
TKT63937113657,2026-01-15T19:04:52Z,PORTE-B,R56575024,ABONNEMENT,OK
TKT81767091700,2026-01-15T19:04:52Z,PORTE-C,R52570295,INVITATION,OK
TKT58478601455,2026-01-15T19:04:52Z,PORTE-C,R57790603,UNITE,OK
TKT33561967960,2026-01-15T19:04:52Z,PMR-NORD,,UNITE,OK
TKT49122173157,2026-01-15T19:04:53Z,PORTE-C,,UNITE,OK
TKT79778623749,2026-01-15T19:04:53Z,PORTE-C,R51488561,UNITE,OK
TKT32089281135,2026-01-15T19:04:53Z,PORTE-A,,UNITE,OK
TKT13163228104,2026-01-15T19:04:54Z,PORTE-C,R56086128,UNITE,OK
TKT57254343110,2026-01-15T19:04:55Z,PORTE-C,R56526597,UNITE,OK
TKT82838624802,2026-01-15T19:04:56Z,PORTE-C,R51147867,ABONNEMENT,OK
TKT58885627357,2026-01-15T19:04:56Z,PORTE-C,R59026890,UNITE,OK
TKT53498705191,2026-01-15T19:04:56Z,PORTE-D,R52822851,UNITE,OK
TKT39852222782,2026-01-15T19:04:57Z,PORTE-C,,GROUPE,OK
TKT67650471884,2026-01-15T19:04:57Z,PORTE-C,,UNITE,OK
TKT11915409303,2026-01-15T19:04:58Z,PORTE-D,R58850825,UNITE,OK
TKT25251454221,2026-01-15T19:04:58Z,PORTE-C,R58702958,UNITE,OK
TKT48207363176,2026-01-15T19:04:58Z,PORTE-C,R58805999,UNITE,OK
TKT71766937828,2026-01-15T19:04:58Z,PORTE-C,R52435636,UNITE,OK
TKT59591157564,2026-01-15T19:04:58Z,PORTE-C,R59051755,UNITE,OK
TKT13727856972,2026-01-15T19:04:58Z,PORTE-B,R57332079,UNITE,REFUSE_DEJA_SCANNE
TKT76469669877,2026-01-15T19:04:59Z,PORTE-A,R57696268,ABONNEMENT,OK
TKT96667527010,2026-01-15T19:04:59Z,PORTE-D,R55833696,UNITE,OK
TKT66111708414,2026-01-15T19:04:59Z,PORTE-A,R55181196,UNITE,OK
TKT33392082512,2026-01-15T19:04:59Z,PORTE-C,R57700971,INVITATION,OK
TKT46005819463,2026-01-15T19:04:59Z,PORTE-C,R54561654,UNITE,OK
TKT78368210760,2026-01-15T19:04:59Z,PORTE-B,R56943437,UNITE,OK
TKT29555941489,2026-01-15T19:05:00Z,VIP-EST,,UNITE,OK
TKT15377187901,2026-01-15T19:05:00Z,VIP-EST,,GROUPE,OK
TKT63891935233,2026-01-15T19:05:00Z,PORTE-C,,UNITE,OK
TKT70388325123,2026-01-15T19:05:01Z,PORTE-B,R59847285,ABONNEMENT,OK
TKT82879192503,2026-01-15T19:05:01Z,PORTE-D,R51906483,UNITE,OK
TKT92231926735,2026-01-15T19:05:02Z,PORTE-A,R55399290,ABONNEMENT,OK
TKT89191013868,2026-01-15T19:05:02Z,PORTE-B,,UNITE,OK
TKT80012461577,2026-01-15T19:05:02Z,PORTE-D,R56909990,UNITE,OK
TKT51447846309,2026-01-15T19:05:02Z,PORTE-B,R56403173,UNITE,OK
TKT58103259279,2026-01-15T19:05:02Z,PORTE-A,R51142417,UNITE,OK
TKT74030470165,2026-01-15T19:05:02Z,PORTE-C,,UNITE,OK
TKT11278260321,2026-01-15T19:05:02Z,PORTE-A,R57812403,UNITE,OK
TKT55007791787,2026-01-15T19:05:03Z,PORTE-D,,UNITE,OK
TKT21248603401,2026-01-15T19:05:03Z,PORTE-C,R56451610,UNITE,OK
TKT43282468315,2026-01-15T19:05:03Z,PORTE-B,R52187438,UNITE,OK
TKT69323721427,2026-01-15T19:05:03Z,PORTE-C,,UNITE,OK
TKT77071766666,2026-01-15T19:05:04Z,PORTE-C,R59191519,UNITE,OK
TKT57455621765,2026-01-15T19:05:05Z,PORTE-C,R53301403,ABONNEMENT,OK
TKT30367030609,2026-01-15T19:05:05Z,PORTE-B,R54102249,GROUPE,OK
TKT62669247966,2026-01-15T19:05:05Z,PORTE-B,,GROUPE,OK
TKT31498385462,2026-01-15T19:05:06Z,PORTE-C,R55874777,ABONNEMENT,OK
TKT34004262445,2026-01-15T19:05:06Z,PORTE-C,,UNITE,OK
TKT90036005651,2026-01-15T19:05:06Z,PORTE-C,R56582380,UNITE,OK
TKT72604254395,2026-01-15T19:05:06Z,PORTE-C,R59991541,UNITE,OK
TKT43642696294,2026-01-15T19:05:07Z,PORTE-A,R51183009,UNITE,OK
TKT27943946601,2026-01-15T19:05:07Z,PORTE-A,R56005336,VIP,OK
TKT10830790535,2026-01-15T19:05:07Z,PMR-NORD,R51914452,UNITE,OK
TKT40417893622,2026-01-15T19:05:07Z,PORTE-C,R52971130,UNITE,OK
TKT94485853107,2026-01-15T19:05:07Z,PORTE-A,R57239727,UNITE,OK
TKT68556013367,2026-01-15T19:05:08Z,VIP-EST,R57324991,INVITATION,OK
TKT36008912745,2026-01-15T19:05:08Z,PORTE-C,R55602193,UNITE,OK
TKT96064617213,2026-01-15T19:05:09Z,PORTE-C,R57665350,ABONNEMENT,OK
TKT96383142688,2026-01-15T19:05:09Z,PORTE-A,R51224492,UNITE,OK
TKT49123169036,2026-01-15T19:05:09Z,VIP-EST,,VIP,OK
TKT74286840415,2026-01-15T19:05:09Z,PORTE-C,R51092218,UNITE,OK
TKT10340652856,2026-01-15T19:05:10Z,PORTE-B,R54635214,ABONNEMENT,OK
TKT39311454571,2026-01-15T19:05:10Z,PORTE-C,,UNITE,OK
TKT23889595449,2026-01-15T19:05:10Z,PORTE-A,R52608100,VIP,OK
TKT22894309627,2026-01-15T19:05:10Z,PORTE-D,R55298969,UNITE,OK
TKT35542533183,2026-01-15T19:05:10Z,PORTE-A,R53713942,UNITE,OK
TKT85008888625,2026-01-15T19:05:10Z,PORTE-C,R53668456,UNITE,OK
TKT53048460771,2026-01-15T19:05:11Z,PORTE-C,R58505428,ABONNEMENT,OK
TKT10226718006,2026-01-15T19:05:11Z,VIP-EST,,UNITE,OK
TKT83297028772,2026-01-15T19:05:12Z,PORTE-B,,UNITE,OK
TKT42709172551,2026-01-15T19:05:12Z,PORTE-D,R58099823,UNITE,OK
TKT12402137784,2026-01-15T19:05:12Z,PORTE-A,R57109359,UNITE,OK
TKT18506470449,2026-01-15T19:05:13Z,PORTE-C,R51911454,UNITE,OK
TKT32774789536,2026-01-15T19:05:13Z,PORTE-A,R58880584,UNITE,OK
TKT78567061327,2026-01-15T19:05:14Z,PORTE-A,R51905870,ABONNEMENT,OK
TKT39473806557,2026-01-15T19:05:15Z,PORTE-C,R52937961,ABONNEMENT,OK
TKT70331571029,2026-01-15T19:05:15Z,PORTE-C,R53020917,UNITE,OK
TKT67428176846,2026-01-15T19:05:16Z,PORTE-A,R55852364,UNITE,OK
TKT19018513586,2026-01-15T19:05:16Z,PORTE-C,R51752074,UNITE,OK
TKT97267788887,2026-01-15T19:05:16Z,PORTE-C,R54147879,UNITE,REFUSE_DEJA_SCANNE
TKT40598490985,2026-01-15T19:05:17Z,PORTE-A,R59996656,UNITE,OK
TKT55820904376,2026-01-15T19:05:17Z,VIP-EST,R56058667,UNITE,OK
TKT10064143574,2026-01-15T19:05:18Z,PORTE-A,R51094124,ABONNEMENT,OK
TKT63541760479,2026-01-15T19:05:18Z,VIP-EST,R58280735,UNITE,OK
TKT72694683296,2026-01-15T19:05:20Z,PORTE-B,R53275523,UNITE,OK
TKT66967008746,2026-01-15T19:05:20Z,PORTE-C,R58977371,UNITE,OK
TKT84909888554,2026-01-15T19:05:20Z,PORTE-C,R54113216,UNITE,OK
TKT41709767137,2026-01-15T19:05:20Z,VIP-EST,R56960668,UNITE,OK
TKT88720491466,2026-01-15T19:05:20Z,PORTE-A,R51316499,UNITE,OK
TKT67437282087,2026-01-15T19:05:20Z,PORTE-C,R52470577,UNITE,OK
TKT96314653290,2026-01-15T19:05:21Z,PORTE-D,R58334679,ABONNEMENT,OK
TKT40677750686,2026-01-15T19:05:21Z,VIP-EST,R58772351,ABONNEMENT,OK
TKT70773644022,2026-01-15T19:05:21Z,PORTE-A,R56258515,UNITE,OK
TKT58887728024,2026-01-15T19:05:21Z,VIP-EST,R52501428,UNITE,OK
TKT22687857775,2026-01-15T19:05:21Z,PORTE-C,R59707320,UNITE,OK
TKT17319737539,2026-01-15T19:05:22Z,VIP-EST,,UNITE,OK
TKT93976486560,2026-01-15T19:05:22Z,PORTE-B,R58769976,INVITATION,OK
TKT19190955652,2026-01-15T19:05:22Z,PORTE-B,R57843934,UNITE,OK
TKT27077983704,2026-01-15T19:05:23Z,PORTE-C,R55365776,UNITE,OK
TKT12035836684,2026-01-15T19:05:23Z,PORTE-B,R51202012,UNITE,OK
TKT27036604404,2026-01-15T19:05:23Z,PORTE-A,R59499245,UNITE,OK
TKT19067595007,2026-01-15T19:05:23Z,PORTE-C,R58468246,INVITATION,OK
TKT36583354388,2026-01-15T19:05:24Z,PORTE-C,R52466430,ABONNEMENT,OK
TKT96337713826,2026-01-15T19:05:24Z,PORTE-B,R56003497,UNITE,OK
TKT28642207263,2026-01-15T19:05:24Z,PORTE-C,R54045585,UNITE,OK
TKT36620941909,2026-01-15T19:05:24Z,PORTE-B,R53602932,UNITE,OK
TKT28005751632,2026-01-15T19:05:24Z,PORTE-B,R52245060,UNITE,OK
TKT28550312244,2026-01-15T19:05:24Z,PORTE-D,R58728282,UNITE,OK
TKT10082025181,2026-01-15T19:05:25Z,PORTE-C,R56222951,UNITE,OK
TKT45253212755,2026-01-15T19:05:26Z,VIP-EST,,UNITE,OK
TKT24553278884,2026-01-15T19:05:26Z,PORTE-C,,UNITE,OK
TKT32343572367,2026-01-15T19:05:26Z,PORTE-C,R59825974,UNITE,OK
TKT47981804648,2026-01-15T19:05:27Z,VIP-EST,R57870082,ABONNEMENT,OK
TKT20118701168,2026-01-15T19:05:27Z,PORTE-A,,UNITE,OK
TKT45901654138,2026-01-15T19:05:27Z,PORTE-A,R59423357,UNITE,OK
TKT62663482737,2026-01-15T19:05:28Z,PORTE-D,R55989542,ABONNEMENT,OK
TKT43451635657,2026-01-15T19:05:28Z,PORTE-B,R57990173,UNITE,OK
TKT27763695594,2026-01-15T19:05:28Z,PORTE-C,R54557162,UNITE,OK
TKT21829568780,2026-01-15T19:05:29Z,PORTE-D,R54528217,ABONNEMENT,OK
TKT46820666415,2026-01-15T19:05:30Z,VIP-EST,R54999959,INVITATION,OK
TKT32144009097,2026-01-15T19:05:31Z,PORTE-B,R51754047,ABONNEMENT,OK
TKT25735161721,2026-01-15T19:05:31Z,PORTE-C,R51724489,UNITE,OK
TKT16568213128,2026-01-15T19:05:31Z,PORTE-C,,UNITE,OK
TKT21689348314,2026-01-15T19:05:31Z,PORTE-C,R51206849,UNITE,OK
TKT77570446472,2026-01-15T19:05:32Z,PORTE-B,R59404900,ABONNEMENT,OK
TKT12506453998,2026-01-15T19:05:32Z,PORTE-A,R58583624,UNITE,OK
TKT22350620393,2026-01-15T19:05:32Z,PORTE-B,R52291648,UNITE,OK
TKT97642236507,2026-01-15T19:05:32Z,PORTE-A,R58519259,UNITE,OK
TKT40793186160,2026-01-15T19:05:33Z,PORTE-C,,INVITATION,OK
TKT41023985061,2026-01-15T19:05:33Z,PORTE-D,R58908983,UNITE,OK
TKT91899627561,2026-01-15T19:05:33Z,VIP-EST,R59001067,UNITE,OK
TKT56336621114,2026-01-15T19:05:33Z,VIP-EST,R53950292,UNITE,OK
TKT85074888087,2026-01-15T19:05:34Z,PORTE-C,R54553216,ABONNEMENT,OK
TKT21837479504,2026-01-15T19:05:34Z,PORTE-A,R51280265,ABONNEMENT,OK
TKT47083696377,2026-01-15T19:05:34Z,PORTE-A,R51808135,UNITE,OK
TKT55852249373,2026-01-15T19:05:35Z,PORTE-D,R57499428,ABONNEMENT,OK
TKT31246016851,2026-01-15T19:05:35Z,PORTE-C,R53457919,UNITE,OK
TKT68303051915,2026-01-15T19:05:35Z,VIP-EST,R52700462,GROUPE,OK
TKT92195494605,2026-01-15T19:05:35Z,PORTE-C,R52121857,UNITE,OK
TKT54154138372,2026-01-15T19:05:35Z,PORTE-C,,UNITE,OK
TKT94686189295,2026-01-15T19:05:35Z,PORTE-A,R59669103,UNITE,OK
TKT25866237519,2026-01-15T19:05:35Z,PORTE-C,,UNITE,OK
TKT86264066292,2026-01-15T19:05:36Z,PORTE-C,R54535851,UNITE,OK
TKT98999202800,2026-01-15T19:05:37Z,PORTE-A,R54205434,ABONNEMENT,OK
TKT72591739781,2026-01-15T19:05:37Z,VIP-EST,,GROUPE,OK
TKT55241002498,2026-01-15T19:05:37Z,PORTE-A,,VIP,OK
TKT25528885526,2026-01-15T19:05:38Z,PORTE-A,R56210011,UNITE,OK
TKT11550105794,2026-01-15T19:05:38Z,PORTE-B,,UNITE,OK
TKT96023609335,2026-01-15T19:05:39Z,VIP-EST,R51316308,ABONNEMENT,OK
TKT26481091592,2026-01-15T19:05:39Z,PORTE-D,R53147875,UNITE,OK
TKT68638390861,2026-01-15T19:05:39Z,PORTE-C,R55134608,UNITE,OK
TKT26038441978,2026-01-15T19:05:39Z,PORTE-A,R58193210,UNITE,OK
TKT65129128377,2026-01-15T19:05:40Z,PORTE-C,,INVITATION,OK
TKT25584582037,2026-01-15T19:05:40Z,VIP-EST,R52391500,UNITE,OK
TKT45509856807,2026-01-15T19:05:41Z,PORTE-C,R52306092,UNITE,OK
TKT51903342931,2026-01-15T19:05:42Z,PORTE-C,R54090190,UNITE,OK
TKT60279295010,2026-01-15T19:05:42Z,PORTE-C,,GROUPE,OK
TKT72715228753,2026-01-15T19:05:43Z,PORTE-C,R54461745,ABONNEMENT,OK
TKT63233681850,2026-01-15T19:05:44Z,PORTE-B,R51604073,ABONNEMENT,OK
TKT98292199101,2026-01-15T19:05:44Z,PORTE-A,R53130912,ABONNEMENT,OK
TKT60922353390,2026-01-15T19:05:44Z,PORTE-C,R57679439,ABONNEMENT,OK
TKT58594153875,2026-01-15T19:05:44Z,PORTE-C,R53382798,UNITE,OK
TKT60863996696,2026-01-15T19:05:44Z,PORTE-D,R53710877,UNITE,OK
TKT25577251486,2026-01-15T19:05:45Z,PORTE-D,R57486900,ABONNEMENT,OK
TKT70448120218,2026-01-15T19:05:45Z,VIP-EST,R57633809,UNITE,OK
TKT96683198157,2026-01-15T19:05:45Z,PORTE-A,R59509522,UNITE,OK
TKT34913964618,2026-01-15T19:05:46Z,PORTE-C,R57067943,ABONNEMENT,OK
TKT14313795841,2026-01-15T19:05:46Z,PORTE-C,,UNITE,OK
TKT14576918211,2026-01-15T19:05:46Z,PORTE-C,R52132891,UNITE,OK
TKT53936409618,2026-01-15T19:05:46Z,PORTE-A,R51837425,UNITE,OK
TKT19864045560,2026-01-15T19:05:46Z,PORTE-D,,UNITE,OK
TKT53547847472,2026-01-15T19:05:46Z,VIP-EST,R51351785,UNITE,OK
TKT53002824861,2026-01-15T19:05:46Z,PORTE-B,R57263902,UNITE,OK
TKT37478786513,2026-01-15T19:05:47Z,PORTE-A,,GROUPE,OK
TKT91692800972,2026-01-15T19:05:48Z,PORTE-A,R57833168,UNITE,OK
TKT26102028343,2026-01-15T19:05:49Z,PORTE-C,R55348689,UNITE,OK
TKT62177229264,2026-01-15T19:05:49Z,PORTE-B,R58674204,UNITE,OK
TKT33117519040,2026-01-15T19:05:50Z,VIP-EST,,UNITE,OK
TKT52628048571,2026-01-15T19:05:50Z,PORTE-D,R57439756,UNITE,OK
TKT59543746215,2026-01-15T19:05:50Z,PORTE-C,R51495371,UNITE,OK
TKT73987208558,2026-01-15T19:05:50Z,PORTE-C,R59016268,UNITE,OK
TKT45196322165,2026-01-15T19:05:51Z,PORTE-C,R52244524,ABONNEMENT,OK
TKT74938164326,2026-01-15T19:05:51Z,PORTE-C,R59563064,UNITE,OK
TKT96870163752,2026-01-15T19:05:51Z,PORTE-C,R54341999,INVITATION,OK
TKT57664193172,2026-01-15T19:05:52Z,PORTE-D,R55105385,ABONNEMENT,OK
TKT61101639010,2026-01-15T19:05:52Z,PORTE-B,R56428182,UNITE,OK
TKT15045091057,2026-01-15T19:05:52Z,PORTE-C,,UNITE,OK
TKT55694919152,2026-01-15T19:05:52Z,PORTE-A,R55122549,UNITE,OK
TKT51335974013,2026-01-15T19:05:52Z,PORTE-C,R58207165,UNITE,OK
TKT48082867807,2026-01-15T19:05:52Z,VIP-EST,R59468049,UNITE,OK
TKT36410669941,2026-01-15T19:05:53Z,PORTE-D,R56491522,ABONNEMENT,OK
TKT90951326282,2026-01-15T19:05:53Z,PORTE-C,R53225659,UNITE,OK
TKT65485672803,2026-01-15T19:05:53Z,PORTE-C,,UNITE,OK
TKT55718748179,2026-01-15T19:05:53Z,PORTE-C,,UNITE,OK
TKT32981956808,2026-01-15T19:05:54Z,PORTE-A,R59468451,UNITE,OK
TKT49847793244,2026-01-15T19:05:54Z,PORTE-D,R51623344,UNITE,OK
TKT16937706167,2026-01-15T19:05:55Z,VIP-EST,R53527523,ABONNEMENT,OK
TKT19758665957,2026-01-15T19:05:55Z,PORTE-B,,GROUPE,OK
TKT63520281465,2026-01-15T19:05:55Z,PORTE-A,R56387168,UNITE,OK
TKT16094889713,2026-01-15T19:05:56Z,VIP-EST,,VIP,OK
TKT81229863414,2026-01-15T19:05:56Z,PORTE-A,,VIP,OK
TKT60334396220,2026-01-15T19:05:56Z,PORTE-A,R52769654,UNITE,OK
TKT46379873321,2026-01-15T19:05:57Z,PORTE-D,R58355511,ABONNEMENT,OK
TKT84584857809,2026-01-15T19:05:57Z,PORTE-C,R58895296,UNITE,OK
TKT64128285215,2026-01-15T19:05:57Z,PORTE-A,R55030063,UNITE,OK
TKT96841926107,2026-01-15T19:05:57Z,PORTE-A,R57040837,UNITE,OK
TKT70893840276,2026-01-15T19:05:58Z,PORTE-B,R53302897,ABONNEMENT,OK
TKT74447806637,2026-01-15T19:05:58Z,VIP-EST,R57725893,UNITE,OK
TKT38067641907,2026-01-15T19:05:59Z,VIP-EST,R59733746,ABONNEMENT,OK
TKT12268698349,2026-01-15T19:05:59Z,PORTE-C,R57868933,UNITE,OK
TKT92920716837,2026-01-15T19:06:00Z,PORTE-C,R52130563,ABONNEMENT,OK
TKT87455905647,2026-01-15T19:06:00Z,VIP-EST,,UNITE,OK
TKT91609827680,2026-01-15T19:06:00Z,PORTE-C,,GROUPE,OK
TKT19861584419,2026-01-15T19:06:00Z,VIP-EST,R57831262,VIP,OK
TKT26196480229,2026-01-15T19:06:01Z,PORTE-C,R53523299,ABONNEMENT,OK
TKT16947886690,2026-01-15T19:06:01Z,PORTE-B,R53905141,UNITE,OK
TKT74365041593,2026-01-15T19:06:01Z,VIP-EST,R54729683,UNITE,OK
TKT96374001804,2026-01-15T19:06:02Z,PORTE-C,R57905033,ABONNEMENT,OK
TKT56609968871,2026-01-15T19:06:02Z,VIP-EST,R56329412,UNITE,OK
TKT27864380899,2026-01-15T19:06:02Z,PORTE-B,,GROUPE,OK
TKT50535304240,2026-01-15T19:06:02Z,PORTE-B,R53160212,UNITE,OK
TKT18024994547,2026-01-15T19:06:03Z,PORTE-C,R59319425,ABONNEMENT,OK
TKT44639703957,2026-01-15T19:06:03Z,PORTE-D,R55186244,UNITE,OK
TKT93155641724,2026-01-15T19:06:03Z,PORTE-A,,UNITE,OK
TKT84211423406,2026-01-15T19:06:03Z,PORTE-C,R57234334,UNITE,OK
TKT19422463930,2026-01-15T19:06:03Z,PORTE-C,R54943419,UNITE,OK
TKT81420459929,2026-01-15T19:06:04Z,VIP-EST,R59746284,ABONNEMENT,OK
TKT68633858276,2026-01-15T19:06:04Z,VIP-EST,R56011399,ABONNEMENT,OK
TKT52841038581,2026-01-15T19:06:04Z,PORTE-D,R58761528,UNITE,OK
TKT73809793869,2026-01-15T19:06:04Z,PORTE-B,R56658459,UNITE,OK
TKT73351875873,2026-01-15T19:06:05Z,PORTE-A,R54537814,UNITE,OK
TKT51126821902,2026-01-15T19:06:05Z,PORTE-D,R55377567,UNITE,OK
TKT47600749183,2026-01-15T19:06:05Z,PORTE-C,R53748960,UNITE,OK
TKT93164617879,2026-01-15T19:06:05Z,PORTE-C,,GROUPE,OK
TKT32873741939,2026-01-15T19:06:05Z,PORTE-B,R56931857,UNITE,OK
TKT16344353282,2026-01-15T19:06:07Z,PORTE-C,,GROUPE,OK
TKT11122818706,2026-01-15T19:06:07Z,VIP-EST,R51304852,UNITE,OK
TKT23583579198,2026-01-15T19:06:07Z,PORTE-C,R54063563,UNITE,OK
TKT90199449169,2026-01-15T19:06:08Z,PORTE-C,R59014151,UNITE,OK
TKT49646143778,2026-01-15T19:06:08Z,PORTE-A,R53766459,UNITE,OK
TKT54990990914,2026-01-15T19:06:10Z,VIP-EST,R52095019,UNITE,OK
TKT34328910676,2026-01-15T19:06:10Z,VIP-EST,R54485652,GROUPE,OK
TKT19677495848,2026-01-15T19:06:10Z,PORTE-A,R57372872,UNITE,OK
TKT84750702355,2026-01-15T19:06:10Z,PORTE-B,R53569217,UNITE,OK
TKT77082588611,2026-01-15T19:06:11Z,PORTE-D,R52995583,ABONNEMENT,OK
TKT83490407541,2026-01-15T19:06:11Z,PORTE-D,R53065877,UNITE,OK
TKT84290080000,2026-01-15T19:06:11Z,VIP-EST,R54434639,UNITE,OK
TKT29201520800,2026-01-15T19:06:11Z,PORTE-A,,UNITE,REFUSE_DEJA_SCANNE
TKT20037194499,2026-01-15T19:06:12Z,PORTE-C,R52956274,UNITE,OK
TKT54383563273,2026-01-15T19:06:12Z,PORTE-D,,UNITE,OK
TKT19802919085,2026-01-15T19:06:12Z,VIP-EST,R55990969,UNITE,OK
TKT47348398079,2026-01-15T19:06:12Z,PORTE-D,R53032286,UNITE,OK
TKT68701649731,2026-01-15T19:06:13Z,VIP-EST,R54270144,VIP,OK
TKT98717493162,2026-01-15T19:06:13Z,PORTE-A,R53189904,UNITE,OK
TKT62431166848,2026-01-15T19:06:13Z,PORTE-C,R59511505,UNITE,OK
TKT16721108530,2026-01-15T19:06:14Z,PORTE-C,,UNITE,OK
TKT14611428170,2026-01-15T19:06:14Z,VIP-EST,,UNITE,OK
TKT49927002818,2026-01-15T19:06:14Z,PORTE-A,R54982862,UNITE,OK
TKT33596800355,2026-01-15T19:06:14Z,VIP-EST,R54683919,VIP,OK
TKT82937802497,2026-01-15T19:06:14Z,PORTE-D,R57716765,UNITE,OK
TKT63978156872,2026-01-15T19:06:15Z,PORTE-B,R57167383,ABONNEMENT,OK
TKT22923457819,2026-01-15T19:06:15Z,VIP-EST,R53394780,UNITE,OK
TKT67017004947,2026-01-15T19:06:15Z,PORTE-C,R52104827,UNITE,REFUSE_DEJA_SCANNE
TKT91129523473,2026-01-15T19:06:16Z,PORTE-C,,UNITE,OK
TKT55549046629,2026-01-15T19:06:17Z,VIP-EST,R55490282,ABONNEMENT,OK
TKT39017464294,2026-01-15T19:06:17Z,PORTE-A,R57857209,UNITE,OK
TKT19243680895,2026-01-15T19:06:17Z,PORTE-C,R52403492,UNITE,OK
TKT35995757484,2026-01-15T19:06:17Z,PORTE-C,,GROUPE,OK
TKT87945642343,2026-01-15T19:06:18Z,PORTE-C,,GROUPE,REFUSE_DEJA_SCANNE
TKT73151214851,2026-01-15T19:06:19Z,PORTE-C,,INVITATION,OK
TKT11386169120,2026-01-15T19:06:19Z,PORTE-B,R57309676,UNITE,OK
TKT58726180600,2026-01-15T19:06:20Z,PORTE-D,R51943474,UNITE,OK
TKT29254597678,2026-01-15T19:06:20Z,PORTE-C,R54858624,UNITE,OK
TKT87176793085,2026-01-15T19:06:21Z,PORTE-C,R57648387,ABONNEMENT,OK
TKT40466128755,2026-01-15T19:06:21Z,PORTE-D,R56315179,ABONNEMENT,OK
TKT69798087036,2026-01-15T19:06:21Z,VIP-EST,R53050485,UNITE,OK
TKT71133823261,2026-01-15T19:06:22Z,PORTE-A,,UNITE,OK
TKT26724105901,2026-01-15T19:06:22Z,PORTE-C,R56208785,UNITE,OK
TKT61870510835,2026-01-15T19:06:23Z,PORTE-D,R57914027,UNITE,OK
TKT87430868125,2026-01-15T19:06:23Z,PORTE-A,R57053499,UNITE,OK
TKT96403851584,2026-01-15T19:06:24Z,PORTE-C,R52591683,UNITE,OK
TKT30165878197,2026-01-15T19:06:25Z,PORTE-D,R56720717,ABONNEMENT,OK
TKT96349293254,2026-01-15T19:06:25Z,VIP-EST,,UNITE,OK
TKT22880731521,2026-01-15T19:06:26Z,PORTE-D,R57498815,ABONNEMENT,OK
TKT61187173154,2026-01-15T19:06:26Z,PORTE-D,R53020026,UNITE,OK
TKT38224809541,2026-01-15T19:06:27Z,PORTE-C,R52595773,UNITE,OK
TKT63814219819,2026-01-15T19:06:27Z,PORTE-C,R53181801,UNITE,OK
TKT59256695124,2026-01-15T19:06:27Z,PORTE-D,R57027629,UNITE,OK
TKT27360377613,2026-01-15T19:06:27Z,PORTE-C,R56158596,UNITE,OK
TKT83960881358,2026-01-15T19:06:27Z,PORTE-C,R55288002,UNITE,OK
TKT74268799116,2026-01-15T19:06:27Z,PORTE-B,,GROUPE,OK
TKT50750051347,2026-01-15T19:06:28Z,PORTE-C,R53121650,ABONNEMENT,OK
TKT83883472973,2026-01-15T19:06:28Z,PORTE-A,,UNITE,OK
TKT32651763685,2026-01-15T19:06:28Z,PORTE-A,,UNITE,OK
TKT54118161410,2026-01-15T19:06:29Z,PORTE-A,R51343682,UNITE,OK
TKT37645077504,2026-01-15T19:06:29Z,PORTE-C,,UNITE,OK
TKT90190467341,2026-01-15T19:06:30Z,PORTE-B,R59719312,ABONNEMENT,OK
TKT52498558524,2026-01-15T19:06:30Z,VIP-EST,R51959747,ABONNEMENT,OK
TKT16477300823,2026-01-15T19:06:30Z,PORTE-A,R56501866,UNITE,OK
TKT24411594513,2026-01-15T19:06:30Z,PORTE-B,,UNITE,OK
TKT64578149592,2026-01-15T19:06:31Z,PORTE-B,R54361816,ABONNEMENT,OK
TKT17503111781,2026-01-15T19:06:31Z,PORTE-A,R54809651,UNITE,OK
TKT93745460799,2026-01-15T19:06:31Z,PORTE-D,R51041406,UNITE,OK
TKT30253770819,2026-01-15T19:06:31Z,PORTE-C,,UNITE,OK
TKT16395779480,2026-01-15T19:06:31Z,PORTE-B,R52066007,UNITE,OK
TKT38438807821,2026-01-15T19:06:32Z,PORTE-C,,UNITE,OK
TKT94908077636,2026-01-15T19:06:33Z,VIP-EST,R54707347,ABONNEMENT,OK
TKT22858736794,2026-01-15T19:06:33Z,PORTE-C,R53731585,UNITE,OK
TKT94724485692,2026-01-15T19:06:33Z,PORTE-C,R58945706,UNITE,OK
TKT86302151432,2026-01-15T19:06:34Z,PORTE-B,R57737885,ABONNEMENT,OK
TKT94753498943,2026-01-15T19:06:34Z,VIP-EST,R57983631,UNITE,OK
TKT99298953853,2026-01-15T19:06:34Z,PORTE-D,,INVITATION,OK
TKT73830126085,2026-01-15T19:06:35Z,PORTE-C,R55904680,ABONNEMENT,OK
TKT65771549681,2026-01-15T19:06:35Z,PORTE-A,R52849756,ABONNEMENT,OK
TKT22151708487,2026-01-15T19:06:35Z,PORTE-B,R55698434,UNITE,OK
TKT82487763568,2026-01-15T19:06:35Z,PORTE-C,,UNITE,OK
TKT16200080549,2026-01-15T19:06:36Z,PORTE-A,R55952427,ABONNEMENT,OK
TKT15735719695,2026-01-15T19:06:36Z,VIP-EST,,GROUPE,OK
TKT45935271191,2026-01-15T19:06:36Z,PORTE-C,R55153075,UNITE,OK
TKT16638103555,2026-01-15T19:06:37Z,PORTE-A,R58898093,ABONNEMENT,OK
TKT73248697166,2026-01-15T19:06:38Z,PORTE-C,R52476104,UNITE,OK
TKT77938378669,2026-01-15T19:06:39Z,VIP-EST,R59737903,ABONNEMENT,OK
TKT58804819559,2026-01-15T19:06:39Z,PORTE-C,R56819132,ABONNEMENT,OK
TKT26481091592,2026-01-15T19:06:39Z,PORTE-D,R53147875,UNITE,REFUSE_DEJA_SCANNE
TKT45488816138,2026-01-15T19:06:39Z,PORTE-C,R56429810,UNITE,OK
TKT35442572873,2026-01-15T19:06:40Z,PORTE-D,R51943129,INVITATION,OK
TKT86780976262,2026-01-15T19:06:41Z,PORTE-C,,UNITE,OK
TKT93416207760,2026-01-15T19:06:41Z,PORTE-C,R51111556,UNITE,OK
TKT35655012579,2026-01-15T19:06:42Z,PMR-NORD,R58584850,UNITE,OK
TKT66343177606,2026-01-15T19:06:42Z,PORTE-D,,UNITE,OK
TKT91769402282,2026-01-15T19:06:42Z,PORTE-C,R53867001,UNITE,OK
TKT69567458597,2026-01-15T19:06:43Z,PORTE-C,R58008965,UNITE,OK
TKT60495067121,2026-01-15T19:06:43Z,PORTE-A,,UNITE,OK
TKT33822776489,2026-01-15T19:06:43Z,VIP-EST,,UNITE,OK
TKT23791172558,2026-01-15T19:06:44Z,PORTE-C,R56495123,ABONNEMENT,OK
TKT34813146904,2026-01-15T19:06:44Z,PORTE-C,R59259763,UNITE,OK
TKT98037622180,2026-01-15T19:06:44Z,PORTE-C,,UNITE,OK
TKT62033519927,2026-01-15T19:06:44Z,PORTE-C,,GROUPE,OK
TKT54592521114,2026-01-15T19:06:45Z,PORTE-B,R51586564,UNITE,OK
TKT54519489699,2026-01-15T19:06:45Z,PORTE-C,,INVITATION,OK
TKT67151809400,2026-01-15T19:06:46Z,PORTE-C,R51723953,UNITE,OK
TKT96098862860,2026-01-15T19:06:46Z,PORTE-A,,INVITATION,OK
TKT96134974715,2026-01-15T19:06:46Z,PORTE-C,,UNITE,OK
TKT10903494805,2026-01-15T19:06:46Z,PORTE-D,R57583141,UNITE,OK
TKT44818831069,2026-01-15T19:06:47Z,PORTE-C,,UNITE,OK
TKT31500443565,2026-01-15T19:06:47Z,PORTE-A,R55215323,UNITE,OK
TKT89898467254,2026-01-15T19:06:48Z,PORTE-D,R55095041,INVITATION,OK
TKT54620437990,2026-01-15T19:06:48Z,PORTE-B,R58209282,UNITE,OK
TKT51423606931,2026-01-15T19:06:49Z,PORTE-B,R56672079,ABONNEMENT,OK
TKT79058985800,2026-01-15T19:06:49Z,PORTE-C,R56613308,UNITE,OK
TKT95131800951,2026-01-15T19:06:49Z,PORTE-C,,UNITE,OK
TKT78109383199,2026-01-15T19:06:50Z,VIP-EST,R51829523,UNITE,OK
TKT51997528638,2026-01-15T19:06:50Z,VIP-EST,R58046703,UNITE,OK
TKT52362173238,2026-01-15T19:06:50Z,PORTE-C,R52964799,UNITE,OK
TKT54623034574,2026-01-15T19:06:50Z,PORTE-A,,GROUPE,OK
TKT30021886318,2026-01-15T19:06:51Z,PORTE-C,R54521608,UNITE,OK
TKT15533700616,2026-01-15T19:06:51Z,PORTE-C,R51953828,UNITE,OK
TKT53104493332,2026-01-15T19:06:51Z,PORTE-B,R55724458,UNITE,OK
TKT22785293087,2026-01-15T19:06:51Z,PORTE-A,R58469740,UNITE,OK
TKT91940021226,2026-01-15T19:06:51Z,PORTE-A,R56689933,UNITE,OK
TKT34216391690,2026-01-15T19:06:52Z,PORTE-C,R53666004,ABONNEMENT,OK
TKT25274321576,2026-01-15T19:06:52Z,PORTE-C,R57012840,ABONNEMENT,OK
TKT51805962878,2026-01-15T19:06:52Z,PORTE-B,R52554089,UNITE,OK
TKT35477439485,2026-01-15T19:06:52Z,PORTE-D,,UNITE,OK
TKT14586490227,2026-01-15T19:06:53Z,PORTE-B,,UNITE,OK
TKT39897283935,2026-01-15T19:06:53Z,PORTE-D,R58921377,UNITE,OK
TKT75150820564,2026-01-15T19:06:53Z,PORTE-C,,GROUPE,OK
TKT68236611658,2026-01-15T19:06:53Z,PORTE-A,R59201317,UNITE,OK
TKT35719798721,2026-01-15T19:06:54Z,PORTE-C,R57511688,UNITE,OK
TKT10263907224,2026-01-15T19:06:54Z,PORTE-A,R54061044,UNITE,OK
TKT87840828847,2026-01-15T19:06:54Z,PORTE-C,R58854225,UNITE,OK
TKT69579333625,2026-01-15T19:06:54Z,VIP-EST,,VIP,OK
TKT95913803004,2026-01-15T19:06:55Z,PORTE-B,,GROUPE,OK
TKT59751133047,2026-01-15T19:06:55Z,PORTE-C,R57847545,UNITE,OK
TKT94962180227,2026-01-15T19:06:55Z,PORTE-A,R55293509,UNITE,OK
TKT93555929972,2026-01-15T19:06:56Z,PORTE-A,R56955908,UNITE,OK
TKT97398649524,2026-01-15T19:06:56Z,PORTE-D,R51760254,UNITE,OK
TKT65003100518,2026-01-15T19:06:56Z,PORTE-B,,UNITE,OK
TKT25907696816,2026-01-15T19:06:56Z,VIP-EST,R52790094,UNITE,OK
TKT96607187523,2026-01-15T19:06:57Z,PORTE-C,R56082172,UNITE,OK
TKT96731575156,2026-01-15T19:06:58Z,PORTE-C,R56261369,UNITE,OK
TKT98965792698,2026-01-15T19:06:58Z,PORTE-C,,GROUPE,OK
TKT95961583526,2026-01-15T19:06:58Z,PORTE-A,,UNITE,OK
TKT78097528668,2026-01-15T19:06:58Z,PORTE-C,R54865578,UNITE,OK
TKT72363762577,2026-01-15T19:06:58Z,PORTE-B,R51566469,UNITE,OK
TKT59790599182,2026-01-15T19:06:58Z,PORTE-D,R58493369,UNITE,OK
TKT86854453996,2026-01-15T19:06:59Z,PORTE-C,,UNITE,OK
TKT92632281455,2026-01-15T19:06:59Z,PORTE-C,R57846520,UNITE,OK
TKT32675492528,2026-01-15T19:06:59Z,PORTE-A,R57308718,INVITATION,OK
TKT99256766496,2026-01-15T19:06:59Z,PMR-NORD,,UNITE,OK
TKT35924296619,2026-01-15T19:07:00Z,PORTE-C,R54599191,UNITE,OK
TKT88735200548,2026-01-15T19:07:00Z,PORTE-B,R58799534,UNITE,OK
TKT79251595464,2026-01-15T19:07:00Z,VIP-EST,,VIP,OK
TKT43490954824,2026-01-15T19:07:02Z,PORTE-B,R57038864,ABONNEMENT,OK
TKT57513695088,2026-01-15T19:07:02Z,PORTE-C,R57196673,UNITE,OK
TKT87951182130,2026-01-15T19:07:02Z,PORTE-C,R57595602,UNITE,OK
TKT38125996944,2026-01-15T19:07:03Z,PORTE-D,R53282055,ABONNEMENT,OK
TKT37337403211,2026-01-15T19:07:03Z,PORTE-D,,UNITE,OK
TKT48620802901,2026-01-15T19:07:03Z,VIP-EST,R51283608,UNITE,OK
TKT52569982356,2026-01-15T19:07:04Z,PORTE-C,R55201425,ABONNEMENT,OK
TKT69888757244,2026-01-15T19:07:04Z,PORTE-B,R53738874,UNITE,OK
TKT95660148298,2026-01-15T19:07:04Z,PORTE-C,,GROUPE,OK
TKT82761618614,2026-01-15T19:07:04Z,PORTE-A,R57035052,UNITE,OK
TKT29961761246,2026-01-15T19:07:04Z,PORTE-D,R58927852,UNITE,OK
TKT19031108894,2026-01-15T19:07:04Z,PORTE-C,,UNITE,OK
TKT66700719153,2026-01-15T19:07:05Z,VIP-EST,R51518186,UNITE,OK
TKT62755649968,2026-01-15T19:07:06Z,PORTE-D,R57020129,ABONNEMENT,OK
TKT71525664399,2026-01-15T19:07:06Z,PORTE-D,,UNITE,OK
TKT21889562664,2026-01-15T19:07:07Z,PORTE-C,R55681538,UNITE,OK
TKT49229279858,2026-01-15T19:07:08Z,VIP-EST,R59938823,UNITE,OK
TKT21456166124,2026-01-15T19:07:08Z,PORTE-C,R53062946,UNITE,OK
TKT58751103575,2026-01-15T19:07:08Z,PORTE-B,,GROUPE,OK
TKT95191001592,2026-01-15T19:07:09Z,PORTE-C,R59285911,UNITE,OK
TKT21831833812,2026-01-15T19:07:09Z,PORTE-C,,GROUPE,OK
TKT91043029955,2026-01-15T19:07:10Z,PORTE-A,R55540625,ABONNEMENT,OK
TKT56187509948,2026-01-15T19:07:10Z,PORTE-A,R56863469,ABONNEMENT,OK
TKT12728025657,2026-01-15T19:07:10Z,VIP-EST,R51138729,ABONNEMENT,OK
TKT38397421465,2026-01-15T19:07:10Z,PORTE-B,,UNITE,OK
TKT23382182558,2026-01-15T19:07:10Z,PORTE-D,R53010707,UNITE,OK
TKT21269639628,2026-01-15T19:07:10Z,PORTE-A,R53153047,VIP,OK
TKT51119624093,2026-01-15T19:07:10Z,PORTE-A,R51077707,UNITE,OK
TKT58895767830,2026-01-15T19:07:11Z,PORTE-C,R56361365,ABONNEMENT,OK
TKT58871840561,2026-01-15T19:07:11Z,VIP-EST,R54934224,ABONNEMENT,OK
TKT75316164840,2026-01-15T19:07:11Z,PORTE-C,R56653277,UNITE,OK
TKT83430389871,2026-01-15T19:07:12Z,PORTE-D,R57585047,UNITE,OK
TKT21782785492,2026-01-15T19:07:12Z,PORTE-C,R56118674,UNITE,OK
TKT95096966727,2026-01-15T19:07:12Z,PORTE-C,,UNITE,OK
TKT46054463390,2026-01-15T19:07:13Z,PORTE-C,R57272340,UNITE,OK
TKT37445668256,2026-01-15T19:07:13Z,PORTE-C,R56829151,INVITATION,OK
TKT21873678274,2026-01-15T19:07:13Z,PORTE-B,R57451068,UNITE,OK
TKT25105124919,2026-01-15T19:07:13Z,PORTE-C,R59822909,UNITE,OK
TKT73863590237,2026-01-15T19:07:13Z,PORTE-D,R57055003,UNITE,OK
TKT56946658000,2026-01-15T19:07:13Z,PORTE-A,R55020389,VIP,OK
TKT53288355815,2026-01-15T19:07:13Z,PORTE-A,R58077755,VIP,OK
TKT21144973695,2026-01-15T19:07:13Z,PORTE-A,,UNITE,OK
TKT66091728417,2026-01-15T19:07:13Z,PORTE-A,,UNITE,OK
TKT75915593472,2026-01-15T19:07:14Z,PORTE-C,R54860396,UNITE,OK
TKT32734745537,2026-01-15T19:07:14Z,PORTE-B,,UNITE,OK
TKT56390999909,2026-01-15T19:07:14Z,PORTE-C,R55789369,UNITE,OK
TKT33596800355,2026-01-15T19:07:14Z,VIP-EST,R54683919,VIP,REFUSE_DEJA_SCANNE
TKT95693719814,2026-01-15T19:07:14Z,PORTE-B,R54922309,UNITE,OK
TKT55358793217,2026-01-15T19:07:14Z,PORTE-A,,UNITE,OK
TKT74970602723,2026-01-15T19:07:14Z,VIP-EST,R58838086,UNITE,OK
TKT58764535220,2026-01-15T19:07:15Z,PORTE-C,R52187582,UNITE,OK
TKT51660012701,2026-01-15T19:07:16Z,VIP-EST,R58345646,UNITE,OK
TKT40152778017,2026-01-15T19:07:16Z,PORTE-D,,UNITE,OK
TKT45226759922,2026-01-15T19:07:16Z,PORTE-C,R55804071,UNITE,OK
TKT74632645539,2026-01-15T19:07:16Z,VIP-EST,R58637769,UNITE,OK
TKT41989823392,2026-01-15T19:07:17Z,PORTE-C,R56151240,ABONNEMENT,OK
TKT18498497457,2026-01-15T19:07:17Z,PORTE-D,,UNITE,OK
TKT90207466852,2026-01-15T19:07:18Z,PORTE-A,R56556423,ABONNEMENT,OK
TKT42755815298,2026-01-15T19:07:18Z,PORTE-A,R51626074,INVITATION,OK
TKT81124945010,2026-01-15T19:07:18Z,PORTE-A,R55552329,UNITE,OK
TKT29497361201,2026-01-15T19:07:20Z,PORTE-C,R59822909,ABONNEMENT,OK
TKT57454091179,2026-01-15T19:07:20Z,PORTE-A,,UNITE,OK
TKT42114378243,2026-01-15T19:07:20Z,PORTE-A,R57142595,UNITE,OK
TKT73270775914,2026-01-15T19:07:20Z,PORTE-A,R53658916,UNITE,OK
TKT90325278524,2026-01-15T19:07:21Z,PORTE-B,R53707477,UNITE,OK
TKT36054433384,2026-01-15T19:07:21Z,PORTE-A,,UNITE,OK
TKT85031211634,2026-01-15T19:07:21Z,PORTE-D,R59502434,UNITE,OK
TKT28065089298,2026-01-15T19:07:22Z,PORTE-D,R57260090,ABONNEMENT,OK
TKT51088724550,2026-01-15T19:07:22Z,PORTE-C,,UNITE,OK
TKT96263035919,2026-01-15T19:07:23Z,PORTE-A,R58428324,ABONNEMENT,OK
TKT31833192977,2026-01-15T19:07:23Z,PORTE-C,R53811342,ABONNEMENT,OK
TKT89582613162,2026-01-15T19:07:23Z,PORTE-B,R52082079,UNITE,OK
TKT61887739867,2026-01-15T19:07:23Z,PORTE-C,R55123842,UNITE,OK
TKT90349553661,2026-01-15T19:07:23Z,PORTE-A,R51485084,UNITE,OK
TKT10118555748,2026-01-15T19:07:23Z,VIP-EST,R55137874,UNITE,OK
TKT81029964028,2026-01-15T19:07:23Z,PORTE-A,,GROUPE,OK
TKT68351229462,2026-01-15T19:07:23Z,PORTE-C,R52551225,UNITE,OK
TKT36543616321,2026-01-15T19:07:24Z,VIP-EST,R52587871,ABONNEMENT,OK
TKT50814915474,2026-01-15T19:07:24Z,PORTE-C,R59412802,ABONNEMENT,OK
TKT64733705808,2026-01-15T19:07:24Z,PORTE-C,R59244840,UNITE,OK
TKT27579374450,2026-01-15T19:07:24Z,PORTE-A,R56007999,UNITE,OK
TKT43738075395,2026-01-15T19:07:24Z,PORTE-C,R52630637,UNITE,OK
TKT23240377055,2026-01-15T19:07:24Z,PORTE-C,R56700957,UNITE,OK
TKT76262152222,2026-01-15T19:07:24Z,PORTE-B,R52483527,UNITE,OK
TKT43963556105,2026-01-15T19:07:25Z,PORTE-D,R55844606,ABONNEMENT,OK
TKT25530291331,2026-01-15T19:07:25Z,PORTE-A,R55634682,UNITE,OK
TKT37586605660,2026-01-15T19:07:26Z,PORTE-C,R55369598,UNITE,OK
TKT69184387810,2026-01-15T19:07:26Z,VIP-EST,R53851733,UNITE,OK
TKT51484077379,2026-01-15T19:07:26Z,PORTE-C,R57667189,UNITE,OK
TKT51556193174,2026-01-15T19:07:27Z,PORTE-A,R59810304,ABONNEMENT,OK
TKT89684095055,2026-01-15T19:07:27Z,PORTE-A,R57759886,ABONNEMENT,OK
TKT28109984356,2026-01-15T19:07:27Z,PORTE-D,R53397098,UNITE,OK
TKT39968751790,2026-01-15T19:07:28Z,VIP-EST,R55505138,ABONNEMENT,OK
TKT40924092482,2026-01-15T19:07:28Z,PORTE-C,R54863394,ABONNEMENT,OK
TKT85193584388,2026-01-15T19:07:28Z,VIP-EST,R56106960,ABONNEMENT,OK
TKT63865708908,2026-01-15T19:07:28Z,VIP-EST,R51092074,VIP,OK
TKT38840439948,2026-01-15T19:07:28Z,PORTE-C,R51041061,UNITE,OK
TKT85725513658,2026-01-15T19:07:28Z,PORTE-B,R55012152,UNITE,OK
TKT43194123707,2026-01-15T19:07:28Z,PORTE-C,R56016849,INVITATION,OK
TKT96839265713,2026-01-15T19:07:29Z,PORTE-B,R53917458,UNITE,OK
TKT24679018342,2026-01-15T19:07:29Z,PORTE-C,R55087340,UNITE,OK
TKT16536996959,2026-01-15T19:07:30Z,VIP-EST,R59608282,ABONNEMENT,OK
TKT65774338926,2026-01-15T19:07:30Z,PORTE-D,R58934327,UNITE,OK
TKT78124916455,2026-01-15T19:07:30Z,PORTE-C,R58842511,UNITE,OK
TKT27363518516,2026-01-15T19:07:31Z,PORTE-C,R56341059,UNITE,OK
TKT22868678658,2026-01-15T19:07:32Z,VIP-EST,R56663507,INVITATION,OK
TKT97744613204,2026-01-15T19:07:32Z,VIP-EST,R52837285,VIP,OK
TKT84288549239,2026-01-15T19:07:33Z,PORTE-C,,UNITE,OK
TKT21585958235,2026-01-15T19:07:33Z,PORTE-C,R58437318,UNITE,OK
TKT66852464424,2026-01-15T19:07:33Z,VIP-EST,R58726865,VIP,OK
TKT99155751601,2026-01-15T19:07:33Z,PORTE-B,,UNITE,OK
TKT29439178884,2026-01-15T19:07:34Z,VIP-EST,R54459963,ABONNEMENT,OK
TKT73230869128,2026-01-15T19:07:34Z,PORTE-C,R53120290,UNITE,OK
TKT42747320960,2026-01-15T19:07:34Z,PORTE-C,R52486659,UNITE,OK
TKT39970519645,2026-01-15T19:07:34Z,PORTE-C,R59378340,UNITE,OK
TKT93733978987,2026-01-15T19:07:34Z,PORTE-C,R56520266,UNITE,OK
TKT40770797088,2026-01-15T19:07:34Z,VIP-EST,R52028681,UNITE,OK
TKT11492501316,2026-01-15T19:07:35Z,VIP-EST,R58504614,ABONNEMENT,OK
TKT68826407035,2026-01-15T19:07:35Z,PORTE-B,R59617688,UNITE,OK
TKT35204182511,2026-01-15T19:07:35Z,PORTE-D,R55193600,UNITE,OK
TKT19440270534,2026-01-15T19:07:36Z,PORTE-B,R54042989,INVITATION,OK
TKT20261538233,2026-01-15T19:07:37Z,PORTE-C,R56453305,INVITATION,OK
TKT82805271860,2026-01-15T19:07:37Z,PORTE-C,R52498239,UNITE,OK
TKT13632365269,2026-01-15T19:07:37Z,VIP-EST,R54406431,UNITE,OK
TKT85971751019,2026-01-15T19:07:37Z,PORTE-C,R53689901,UNITE,OK
TKT93839460064,2026-01-15T19:07:37Z,PORTE-C,,UNITE,OK
TKT41481045392,2026-01-15T19:07:37Z,VIP-EST,R56094432,UNITE,OK
TKT50694537344,2026-01-15T19:07:38Z,PORTE-A,R51497478,UNITE,OK
TKT69672928956,2026-01-15T19:07:38Z,PORTE-D,R53742006,UNITE,OK
TKT39128642116,2026-01-15T19:07:39Z,PORTE-D,R52580438,ABONNEMENT,OK
TKT23447075437,2026-01-15T19:07:39Z,PORTE-B,,UNITE,OK
TKT30179537186,2026-01-15T19:07:39Z,PORTE-C,,UNITE,OK
TKT31745713465,2026-01-15T19:07:40Z,VIP-EST,,UNITE,OK
TKT87465565806,2026-01-15T19:07:40Z,VIP-EST,,INVITATION,OK
TKT16641507859,2026-01-15T19:07:40Z,PORTE-C,,UNITE,OK
TKT78690918610,2026-01-15T19:07:40Z,PORTE-D,,UNITE,OK
TKT29179047385,2026-01-15T19:07:40Z,PORTE-B,R52566617,UNITE,OK
TKT90752595167,2026-01-15T19:07:40Z,PORTE-C,,GROUPE,OK
TKT65630646221,2026-01-15T19:07:41Z,PORTE-B,,UNITE,OK
TKT37916396562,2026-01-15T19:07:42Z,PORTE-C,R51175519,ABONNEMENT,OK
TKT60499981096,2026-01-15T19:07:42Z,PORTE-D,R51420240,ABONNEMENT,OK
TKT46583080834,2026-01-15T19:07:42Z,PORTE-D,R54617715,ABONNEMENT,OK
TKT94184588927,2026-01-15T19:07:42Z,VIP-EST,R54748619,ABONNEMENT,OK
TKT43630284952,2026-01-15T19:07:42Z,VIP-EST,,UNITE,OK
TKT22895585568,2026-01-15T19:07:42Z,PORTE-A,R58918121,UNITE,OK
TKT90266070879,2026-01-15T19:07:42Z,PORTE-B,,UNITE,OK
TKT68570140170,2026-01-15T19:07:42Z,PORTE-A,,UNITE,OK
TKT41257643809,2026-01-15T19:07:42Z,PORTE-B,R51376104,UNITE,OK
TKT51283173574,2026-01-15T19:07:43Z,PMR-NORD,R53797732,UNITE,OK
TKT49153091259,2026-01-15T19:07:43Z,PORTE-A,R51103041,UNITE,OK
TKT30079660932,2026-01-15T19:07:43Z,VIP-EST,R58826774,UNITE,OK
TKT21490453956,2026-01-15T19:07:44Z,PORTE-B,R57466125,UNITE,OK
TKT98268354869,2026-01-15T19:07:45Z,PORTE-D,R52840896,UNITE,OK
TKT53441928047,2026-01-15T19:07:45Z,PORTE-C,,UNITE,OK
TKT68751652106,2026-01-15T19:07:46Z,PORTE-D,R53064708,ABONNEMENT,OK
TKT23266430123,2026-01-15T19:07:46Z,PORTE-C,R53131592,UNITE,OK
TKT45336022254,2026-01-15T19:07:46Z,VIP-EST,R52062386,UNITE,OK
TKT75852755471,2026-01-15T19:07:46Z,PORTE-C,,UNITE,OK
TKT71945252467,2026-01-15T19:07:47Z,PORTE-D,R54956302,ABONNEMENT,OK
TKT68225695708,2026-01-15T19:07:47Z,PORTE-D,R57092195,UNITE,OK
TKT29434376150,2026-01-15T19:07:47Z,PORTE-C,R51864454,UNITE,OK
TKT43735667069,2026-01-15T19:07:48Z,PORTE-C,R55233579,ABONNEMENT,OK
TKT16810241779,2026-01-15T19:07:48Z,PORTE-C,R55022908,UNITE,OK
TKT57690312252,2026-01-15T19:07:48Z,PORTE-B,,INVITATION,OK
TKT78324413411,2026-01-15T19:07:48Z,PORTE-C,R54294865,UNITE,OK
TKT36070034974,2026-01-15T19:07:48Z,PORTE-A,R54878029,UNITE,OK
TKT68550280231,2026-01-15T19:07:48Z,PORTE-A,R57968306,UNITE,OK
TKT20467347871,2026-01-15T19:07:49Z,PORTE-C,R57800344,ABONNEMENT,OK
TKT80544814317,2026-01-15T19:07:49Z,PORTE-C,R57700090,UNITE,OK
TKT77231890366,2026-01-15T19:07:49Z,PORTE-C,,INVITATION,OK
TKT52409105689,2026-01-15T19:07:49Z,VIP-EST,R58885823,UNITE,OK
TKT35387065206,2026-01-15T19:07:50Z,PORTE-A,R56496349,ABONNEMENT,OK
TKT62462028987,2026-01-15T19:07:51Z,VIP-EST,R53087667,UNITE,OK
TKT13169892682,2026-01-15T19:07:51Z,PORTE-A,R57965586,UNITE,OK
TKT77352321043,2026-01-15T19:07:51Z,VIP-EST,R54271092,UNITE,OK
TKT65408154474,2026-01-15T19:07:53Z,PORTE-C,R53330683,ABONNEMENT,OK
TKT13563380073,2026-01-15T19:07:53Z,PORTE-C,R51188928,UNITE,OK
TKT32370493489,2026-01-15T19:07:53Z,PORTE-A,R55797060,UNITE,OK
TKT55718748179,2026-01-15T19:07:53Z,PORTE-C,,UNITE,REFUSE_DEJA_SCANNE
TKT20745910846,2026-01-15T19:07:53Z,PORTE-C,,GROUPE,OK
TKT25821155329,2026-01-15T19:07:53Z,VIP-EST,R58243275,UNITE,OK
TKT36038805156,2026-01-15T19:07:53Z,PORTE-A,,UNITE,OK
TKT47155118852,2026-01-15T19:07:54Z,PORTE-A,R53692966,ABONNEMENT,OK
TKT39379712803,2026-01-15T19:07:54Z,PMR-NORD,R58965111,UNITE,OK
TKT96319393971,2026-01-15T19:07:54Z,PORTE-D,,GROUPE,OK
TKT64120501495,2026-01-15T19:07:54Z,PORTE-A,,UNITE,OK
TKT24405014437,2026-01-15T19:07:54Z,PORTE-C,R51120751,UNITE,OK
TKT50485636557,2026-01-15T19:07:55Z,VIP-EST,R53779878,ABONNEMENT,OK
TKT92281387065,2026-01-15T19:07:55Z,PORTE-A,R51413219,UNITE,OK
TKT58043740596,2026-01-15T19:07:55Z,VIP-EST,R53020515,UNITE,OK
TKT17068903717,2026-01-15T19:07:55Z,PORTE-B,R51944144,UNITE,OK
TKT35799959856,2026-01-15T19:07:56Z,VIP-EST,R53837778,ABONNEMENT,OK
TKT76964017203,2026-01-15T19:07:56Z,PORTE-C,,GROUPE,OK
TKT71528183309,2026-01-15T19:07:57Z,PORTE-A,,GROUPE,OK
TKT83287459191,2026-01-15T19:07:57Z,PORTE-C,,UNITE,OK
TKT57613235829,2026-01-15T19:07:57Z,PORTE-C,R55274918,UNITE,OK
TKT63048786110,2026-01-15T19:07:58Z,PORTE-C,R52551081,ABONNEMENT,OK
TKT17403338569,2026-01-15T19:07:58Z,PORTE-D,,GROUPE,OK
TKT15073321141,2026-01-15T19:07:58Z,VIP-EST,R58206150,VIP,OK
TKT61493856479,2026-01-15T19:07:59Z,PORTE-A,R51112313,UNITE,OK
TKT60758474387,2026-01-15T19:07:59Z,PORTE-C,R57313287,UNITE,OK
TKT73451484744,2026-01-15T19:07:59Z,VIP-EST,,UNITE,OK
TKT45911228454,2026-01-15T19:07:59Z,PORTE-C,R51530781,UNITE,OK
TKT85067400811,2026-01-15T19:07:59Z,PORTE-A,R55413657,UNITE,OK
TKT68297198321,2026-01-15T19:08:00Z,PORTE-C,R52850848,UNITE,OK
TKT50293491098,2026-01-15T19:08:01Z,PORTE-C,R51348921,ABONNEMENT,OK
TKT29546740612,2026-01-15T19:08:01Z,PORTE-B,,UNITE,OK
TKT86805466759,2026-01-15T19:08:01Z,PORTE-C,R52907177,UNITE,OK
TKT22106360473,2026-01-15T19:08:01Z,VIP-EST,R55382327,UNITE,OK
TKT12331397156,2026-01-15T19:08:01Z,VIP-EST,R51037862,UNITE,OK
TKT80572180828,2026-01-15T19:08:02Z,PORTE-B,R53354590,ABONNEMENT,OK
TKT44827741860,2026-01-15T19:08:02Z,PORTE-A,R53817750,UNITE,OK
TKT61741404961,2026-01-15T19:08:02Z,PORTE-C,R53735876,UNITE,OK
TKT39141193108,2026-01-15T19:08:02Z,PORTE-B,,GROUPE,OK
TKT53292973040,2026-01-15T19:08:02Z,PORTE-D,R59038949,UNITE,OK
TKT95739267428,2026-01-15T19:08:02Z,PORTE-C,R58787408,UNITE,OK
TKT33102059774,2026-01-15T19:08:02Z,VIP-EST,R54995591,UNITE,OK
TKT20305766864,2026-01-15T19:08:03Z,PORTE-A,R51926846,UNITE,OK
TKT87807480603,2026-01-15T19:08:04Z,PORTE-B,R52294167,UNITE,OK
TKT18386658439,2026-01-15T19:08:04Z,PORTE-C,R57063719,UNITE,OK
TKT62370110391,2026-01-15T19:08:05Z,PORTE-A,R57605956,UNITE,OK
TKT79529277172,2026-01-15T19:08:05Z,PORTE-C,R55904268,UNITE,OK
TKT67917922729,2026-01-15T19:08:05Z,PORTE-B,R58901838,UNITE,OK
TKT65597970882,2026-01-15T19:08:05Z,PORTE-D,R52374336,UNITE,OK
TKT55866779922,2026-01-15T19:08:06Z,PORTE-C,R51871887,UNITE,OK
TKT75742414790,2026-01-15T19:08:06Z,PORTE-D,R51062516,UNITE,OK
TKT77455845737,2026-01-15T19:08:06Z,PORTE-D,R56245029,UNITE,OK
TKT26637646454,2026-01-15T19:08:06Z,PORTE-C,R54185272,UNITE,OK
TKT20351836320,2026-01-15T19:08:07Z,PORTE-C,R57228147,ABONNEMENT,OK
TKT47072331880,2026-01-15T19:08:07Z,PORTE-C,R54765247,UNITE,OK
TKT51996521229,2026-01-15T19:08:07Z,PORTE-C,R53377137,UNITE,OK
TKT53001687941,2026-01-15T19:08:07Z,PORTE-C,R53325923,UNITE,OK
TKT83245948003,2026-01-15T19:08:07Z,VIP-EST,R52278162,UNITE,OK
TKT98226296546,2026-01-15T19:08:08Z,PORTE-C,R55048999,ABONNEMENT,OK
TKT50692461935,2026-01-15T19:08:08Z,PORTE-D,,INVITATION,OK
TKT88230796514,2026-01-15T19:08:08Z,PORTE-A,,UNITE,OK
TKT59781879667,2026-01-15T19:08:08Z,PORTE-A,R56563042,UNITE,OK
TKT17714993934,2026-01-15T19:08:09Z,PORTE-D,R51249893,ABONNEMENT,OK
TKT28913803931,2026-01-15T19:08:09Z,PORTE-D,,UNITE,OK
TKT38121964942,2026-01-15T19:08:09Z,PORTE-C,R55768728,UNITE,OK
TKT40057892834,2026-01-15T19:08:11Z,PORTE-A,R58166707,UNITE,OK
TKT42329702429,2026-01-15T19:08:11Z,PORTE-C,R54031074,UNITE,OK
TKT93171721081,2026-01-15T19:08:11Z,PORTE-D,R55637680,UNITE,OK
TKT35973324557,2026-01-15T19:08:12Z,PORTE-A,R58220996,ABONNEMENT,OK
TKT66647918443,2026-01-15T19:08:12Z,PORTE-C,,GROUPE,OK
TKT86382012807,2026-01-15T19:08:12Z,VIP-EST,R51861456,UNITE,OK
TKT74926408987,2026-01-15T19:08:13Z,PORTE-D,R59195465,UNITE,OK
TKT46988173645,2026-01-15T19:08:13Z,PORTE-A,R58741031,UNITE,OK
TKT52520125883,2026-01-15T19:08:13Z,VIP-EST,,UNITE,OK
TKT63937072864,2026-01-15T19:08:13Z,PORTE-C,R59206911,UNITE,OK
TKT36676615173,2026-01-15T19:08:14Z,PORTE-D,R56943102,ABONNEMENT,OK
TKT83373955603,2026-01-15T19:08:14Z,PORTE-B,R53455400,ABONNEMENT,OK
TKT96329969833,2026-01-15T19:08:14Z,PORTE-C,R52371271,ABONNEMENT,OK
TKT23280851031,2026-01-15T19:08:14Z,VIP-EST,,UNITE,OK
TKT18621254915,2026-01-15T19:08:14Z,PORTE-C,R58622109,UNITE,OK
TKT37503864929,2026-01-15T19:08:15Z,PORTE-D,R56987640,ABONNEMENT,OK
TKT40599654939,2026-01-15T19:08:15Z,PORTE-B,,INVITATION,OK
TKT96408379606,2026-01-15T19:08:15Z,PORTE-C,,UNITE,OK
TKT51214178625,2026-01-15T19:08:16Z,PORTE-A,R51312697,ABONNEMENT,OK
TKT41064664260,2026-01-15T19:08:16Z,PORTE-D,R58251857,ABONNEMENT,OK
TKT50954254894,2026-01-15T19:08:16Z,PORTE-A,R59613665,UNITE,OK
TKT44253208551,2026-01-15T19:08:16Z,PORTE-C,R59734637,UNITE,OK
TKT53152657561,2026-01-15T19:08:16Z,PORTE-D,R53895802,UNITE,OK
TKT70487567881,2026-01-15T19:08:16Z,PORTE-C,R51058292,UNITE,OK
TKT38462070021,2026-01-15T19:08:17Z,PORTE-C,R54351673,UNITE,OK
TKT35242484750,2026-01-15T19:08:17Z,PORTE-A,R52396883,INVITATION,OK
TKT12798979878,2026-01-15T19:08:17Z,VIP-EST,R59743966,UNITE,OK
TKT28452095798,2026-01-15T19:08:18Z,PORTE-C,,UNITE,OK
TKT96676556103,2026-01-15T19:08:18Z,PORTE-C,R57968306,UNITE,OK
TKT24942139302,2026-01-15T19:08:18Z,PORTE-A,R57442620,VIP,OK
TKT88320274538,2026-01-15T19:08:19Z,VIP-EST,R51486645,UNITE,OK
TKT70177898446,2026-01-15T19:08:19Z,VIP-EST,R58520073,UNITE,OK
TKT69625942029,2026-01-15T19:08:19Z,VIP-EST,R54035087,VIP,OK
TKT41593425798,2026-01-15T19:08:20Z,PORTE-C,R56025642,UNITE,OK
TKT49420145027,2026-01-15T19:08:21Z,VIP-EST,R51570894,UNITE,OK
TKT15576288619,2026-01-15T19:08:22Z,PORTE-C,,UNITE,OK
TKT27068552286,2026-01-15T19:08:22Z,PORTE-A,R58352389,UNITE,OK
TKT19656827630,2026-01-15T19:08:23Z,PORTE-A,R59711678,ABONNEMENT,OK
TKT87652141067,2026-01-15T19:08:23Z,PORTE-C,R57174950,UNITE,OK
TKT98267643082,2026-01-15T19:08:23Z,PORTE-C,R55288002,UNITE,OK
TKT80637021836,2026-01-15T19:08:23Z,PORTE-C,R53535291,UNITE,OK
TKT75774307696,2026-01-15T19:08:23Z,PORTE-A,R56298695,UNITE,OK
TKT68911820618,2026-01-15T19:08:25Z,PORTE-C,R52861202,ABONNEMENT,OK
TKT43341525276,2026-01-15T19:08:25Z,PORTE-D,R54722672,ABONNEMENT,OK
TKT26331221483,2026-01-15T19:08:25Z,PORTE-D,,GROUPE,OK
TKT72250267650,2026-01-15T19:08:25Z,PORTE-A,,UNITE,OK
TKT70865248389,2026-01-15T19:08:25Z,PORTE-A,R55319533,UNITE,OK
TKT95659813928,2026-01-15T19:08:25Z,PORTE-A,,UNITE,OK
TKT40389368802,2026-01-15T19:08:26Z,VIP-EST,R59339932,ABONNEMENT,OK
TKT22066535128,2026-01-15T19:08:26Z,PORTE-C,R59661479,ABONNEMENT,OK
TKT53339424340,2026-01-15T19:08:26Z,VIP-EST,R55830507,UNITE,OK
TKT80209651916,2026-01-15T19:08:26Z,VIP-EST,,UNITE,OK
TKT56609431490,2026-01-15T19:08:27Z,PORTE-D,R53555664,UNITE,OK
TKT54552081404,2026-01-15T19:08:27Z,PORTE-C,R51144323,UNITE,OK
TKT32316860530,2026-01-15T19:08:27Z,PORTE-C,R57891681,UNITE,OK
TKT41567570812,2026-01-15T19:08:28Z,PORTE-D,,GROUPE,OK
TKT54575281593,2026-01-15T19:08:28Z,PORTE-C,R59369346,UNITE,OK
TKT40490245654,2026-01-15T19:08:29Z,PORTE-C,,UNITE,OK
TKT35138648512,2026-01-15T19:08:30Z,PORTE-C,R58380654,ABONNEMENT,OK
TKT83582775485,2026-01-15T19:08:30Z,PORTE-C,R56136729,INVITATION,OK
TKT79541438821,2026-01-15T19:08:30Z,PORTE-B,,UNITE,OK
TKT19905338650,2026-01-15T19:08:30Z,PORTE-C,,GROUPE,OK
TKT77852268249,2026-01-15T19:08:31Z,PORTE-C,R55284793,ABONNEMENT,OK
TKT15021027969,2026-01-15T19:08:31Z,PORTE-D,R58076663,UNITE,OK
TKT89526269973,2026-01-15T19:08:31Z,PORTE-C,R52262780,UNITE,OK
TKT84913398293,2026-01-15T19:08:31Z,VIP-EST,R52818828,UNITE,OK
TKT34648683068,2026-01-15T19:08:31Z,VIP-EST,R57724801,UNITE,OK
TKT76296117347,2026-01-15T19:08:32Z,VIP-EST,R53431895,UNITE,OK
TKT39750467207,2026-01-15T19:08:32Z,PORTE-B,R54415636,UNITE,OK
TKT14694091994,2026-01-15T19:08:32Z,PORTE-B,,UNITE,OK
TKT58399053683,2026-01-15T19:08:32Z,VIP-EST,R58351900,UNITE,OK
TKT73305778878,2026-01-15T19:08:33Z,VIP-EST,R52233825,ABONNEMENT,OK
TKT73781295234,2026-01-15T19:08:33Z,PORTE-D,R53471127,UNITE,OK
TKT65808241566,2026-01-15T19:08:33Z,PORTE-A,R55092512,VIP,OK
TKT62240467176,2026-01-15T19:08:33Z,PORTE-C,,GROUPE,OK
TKT45737876846,2026-01-15T19:08:33Z,VIP-EST,R56603902,INVITATION,OK
TKT92979836168,2026-01-15T19:08:33Z,PORTE-A,,UNITE,OK
TKT15525069673,2026-01-15T19:08:34Z,PORTE-D,R53323404,UNITE,OK
TKT51748827664,2026-01-15T19:08:35Z,PORTE-A,R53941509,ABONNEMENT,OK
TKT70236145157,2026-01-15T19:08:35Z,VIP-EST,R58555282,VIP,OK
TKT29232633252,2026-01-15T19:08:35Z,PORTE-D,R51037115,UNITE,OK
TKT36342921321,2026-01-15T19:08:36Z,PORTE-D,R54628682,UNITE,OK
TKT30461711621,2026-01-15T19:08:37Z,PORTE-D,R56919396,UNITE,OK
TKT72354006086,2026-01-15T19:08:37Z,PORTE-C,R56944318,UNITE,OK
TKT82485023067,2026-01-15T19:08:37Z,PORTE-C,,UNITE,REFUSE_DEJA_SCANNE
TKT60305563467,2026-01-15T19:08:38Z,PORTE-D,R52246842,ABONNEMENT,OK
TKT43105113591,2026-01-15T19:08:38Z,PORTE-C,,GROUPE,OK
TKT16863675563,2026-01-15T19:08:38Z,PORTE-A,R59613330,UNITE,OK
TKT66366149694,2026-01-15T19:08:39Z,PORTE-C,R54186163,ABONNEMENT,OK
TKT92019539556,2026-01-15T19:08:39Z,PORTE-D,R58941606,ABONNEMENT,OK
TKT17696045866,2026-01-15T19:08:40Z,PORTE-A,R56439072,VIP,OK
TKT18659553498,2026-01-15T19:08:40Z,PORTE-C,,GROUPE,OK
TKT36447168582,2026-01-15T19:08:40Z,PORTE-D,R57724466,UNITE,OK
TKT67123236071,2026-01-15T19:08:40Z,PORTE-B,,UNITE,OK
TKT68095172767,2026-01-15T19:08:40Z,VIP-EST,R55368985,INVITATION,OK
TKT89577644924,2026-01-15T19:08:40Z,PORTE-A,,GROUPE,OK
TKT71291316991,2026-01-15T19:08:40Z,VIP-EST,R52388713,UNITE,OK
TKT58007798478,2026-01-15T19:08:41Z,PORTE-C,R59895310,UNITE,OK
TKT54492772581,2026-01-15T19:08:41Z,PORTE-C,,UNITE,OK
TKT92042018936,2026-01-15T19:08:41Z,VIP-EST,R57370353,UNITE,OK
TKT24630952433,2026-01-15T19:08:42Z,PORTE-A,R58457346,UNITE,OK
TKT12148195957,2026-01-15T19:08:42Z,VIP-EST,R59561761,UNITE,OK
TKT64662333602,2026-01-15T19:08:42Z,PORTE-C,R59341828,UNITE,OK
TKT54892104485,2026-01-15T19:08:43Z,PORTE-D,R55953174,ABONNEMENT,OK
TKT46453623812,2026-01-15T19:08:44Z,PORTE-D,R57104254,UNITE,OK
TKT41627874519,2026-01-15T19:08:44Z,VIP-EST,R53416034,UNITE,OK
TKT84006976303,2026-01-15T19:08:44Z,PORTE-C,R57853407,UNITE,OK
TKT86333196350,2026-01-15T19:08:44Z,PORTE-D,R57954006,UNITE,OK
TKT47550747223,2026-01-15T19:08:45Z,PORTE-A,R59370706,UNITE,OK
TKT74980118013,2026-01-15T19:08:45Z,PORTE-D,R57730797,UNITE,OK
TKT66267650610,2026-01-15T19:08:45Z,VIP-EST,,UNITE,OK
TKT70669170298,2026-01-15T19:08:46Z,PORTE-C,R53961872,UNITE,OK
TKT59866527334,2026-01-15T19:08:46Z,PORTE-B,R58031110,UNITE,OK
TKT40945773733,2026-01-15T19:08:47Z,PORTE-A,R56746118,ABONNEMENT,OK
TKT35813843280,2026-01-15T19:08:47Z,VIP-EST,R54652589,UNITE,OK
TKT83125932332,2026-01-15T19:08:48Z,PORTE-C,,UNITE,OK
TKT53989680932,2026-01-15T19:08:48Z,VIP-EST,R58385146,UNITE,OK
TKT20920542687,2026-01-15T19:08:48Z,PORTE-D,R51804792,UNITE,OK
TKT98094240126,2026-01-15T19:08:49Z,PORTE-D,R55925991,ABONNEMENT,OK
TKT18241196374,2026-01-15T19:08:49Z,PORTE-A,R54578215,UNITE,OK
TKT84598942389,2026-01-15T19:08:50Z,PORTE-C,R53673628,ABONNEMENT,OK
TKT12897698656,2026-01-15T19:08:50Z,PORTE-C,,GROUPE,OK
TKT62306898332,2026-01-15T19:08:51Z,VIP-EST,R51272909,INVITATION,OK
TKT39268669218,2026-01-15T19:08:51Z,PORTE-A,,UNITE,OK
TKT66335675652,2026-01-15T19:08:51Z,PORTE-A,R51609111,UNITE,OK
TKT76571939266,2026-01-15T19:08:51Z,PORTE-B,R51114755,UNITE,OK
TKT87334365651,2026-01-15T19:08:52Z,VIP-EST,R54762450,ABONNEMENT,OK
TKT15535351091,2026-01-15T19:08:52Z,PORTE-C,R59157181,ABONNEMENT,OK
TKT98183939851,2026-01-15T19:08:52Z,VIP-EST,R56472921,ABONNEMENT,OK
TKT40470358225,2026-01-15T19:08:52Z,PORTE-C,,UNITE,OK
TKT89648114972,2026-01-15T19:08:52Z,PORTE-A,R58909606,UNITE,OK
TKT96371131176,2026-01-15T19:08:52Z,PORTE-B,,UNITE,OK
TKT60812436963,2026-01-15T19:08:52Z,VIP-EST,,UNITE,OK
TKT67608029155,2026-01-15T19:08:53Z,PORTE-B,,UNITE,OK
TKT91170856023,2026-01-15T19:08:54Z,VIP-EST,,UNITE,OK
TKT77734789682,2026-01-15T19:08:54Z,PORTE-B,R51352810,UNITE,OK
TKT39929086307,2026-01-15T19:08:54Z,PORTE-C,R51289336,UNITE,OK
TKT78465748107,2026-01-15T19:08:54Z,PORTE-A,R54525966,UNITE,REFUSE_DEJA_SCANNE
TKT57246202672,2026-01-15T19:08:55Z,PORTE-C,R59832171,UNITE,OK
TKT81809294143,2026-01-15T19:08:56Z,PORTE-D,R53954047,UNITE,OK
TKT49234348098,2026-01-15T19:08:56Z,PORTE-B,R58689462,UNITE,OK
TKT14488308210,2026-01-15T19:08:58Z,VIP-EST,R53283559,ABONNEMENT,OK
TKT32385510056,2026-01-15T19:08:58Z,PORTE-B,R51612444,ABONNEMENT,OK
TKT78537873830,2026-01-15T19:08:58Z,PORTE-A,R51174896,ABONNEMENT,OK
TKT73165422735,2026-01-15T19:08:58Z,VIP-EST,,UNITE,OK
TKT57610813194,2026-01-15T19:08:58Z,PORTE-D,R55203877,UNITE,OK
TKT70056938379,2026-01-15T19:08:59Z,PORTE-C,,GROUPE,OK
TKT92689370281,2026-01-15T19:08:59Z,PORTE-A,R59778763,UNITE,OK
TKT64999109271,2026-01-15T19:08:59Z,PORTE-A,R55612346,UNITE,OK
TKT87794886401,2026-01-15T19:08:59Z,VIP-EST,R51057344,UNITE,OK
TKT31981659924,2026-01-15T19:09:00Z,PORTE-C,R54941379,ABONNEMENT,OK
TKT46358822756,2026-01-15T19:09:00Z,PORTE-C,R55197881,ABONNEMENT,OK
TKT72486192617,2026-01-15T19:09:00Z,PORTE-D,R54185617,INVITATION,OK
TKT65020846547,2026-01-15T19:09:01Z,PORTE-D,R56545878,ABONNEMENT,OK
TKT86720048912,2026-01-15T19:09:01Z,PORTE-A,R56297268,ABONNEMENT,OK
TKT92185965937,2026-01-15T19:09:01Z,PORTE-D,R56649944,UNITE,OK
TKT71764640936,2026-01-15T19:09:01Z,PORTE-C,,UNITE,OK
TKT37346566026,2026-01-15T19:09:01Z,VIP-EST,R54558656,UNITE,OK
TKT18452476641,2026-01-15T19:09:02Z,PORTE-C,R54680787,UNITE,OK
TKT23828179716,2026-01-15T19:09:02Z,PORTE-C,,UNITE,OK
TKT80999516775,2026-01-15T19:09:02Z,PORTE-D,R53485025,UNITE,OK
TKT22144333203,2026-01-15T19:09:02Z,PORTE-A,R58875824,UNITE,OK
TKT72582994983,2026-01-15T19:09:03Z,PORTE-A,R58384878,ABONNEMENT,OK
TKT85633129280,2026-01-15T19:09:03Z,PORTE-C,,GROUPE,OK
TKT49485817094,2026-01-15T19:09:03Z,VIP-EST,,UNITE,OK
TKT82154221940,2026-01-15T19:09:04Z,PORTE-B,R59268824,ABONNEMENT,OK
TKT14402962583,2026-01-15T19:09:04Z,PORTE-A,R56890652,UNITE,OK
TKT70888043082,2026-01-15T19:09:05Z,PORTE-C,,UNITE,OK
TKT63129300954,2026-01-15T19:09:05Z,PORTE-C,R54327555,UNITE,OK
TKT36778657024,2026-01-15T19:09:06Z,VIP-EST,R55668196,UNITE,REFUSE_DEJA_SCANNE
TKT94571144618,2026-01-15T19:09:06Z,PORTE-D,R58755053,UNITE,OK
TKT97821076204,2026-01-15T19:09:06Z,PORTE-D,,UNITE,OK
TKT19353679399,2026-01-15T19:09:07Z,PORTE-B,R53182203,ABONNEMENT,OK
TKT38821069841,2026-01-15T19:09:07Z,PORTE-C,R57566724,UNITE,OK
TKT46616340017,2026-01-15T19:09:07Z,PORTE-D,,UNITE,OK
TKT79457807113,2026-01-15T19:09:07Z,PORTE-A,R56248573,UNITE,OK
TKT44603331015,2026-01-15T19:09:08Z,PORTE-B,,UNITE,OK
TKT28963435417,2026-01-15T19:09:08Z,PORTE-C,R59335564,INVITATION,REFUSE_INVALIDE
TKT34960180076,2026-01-15T19:09:08Z,PORTE-D,R57880714,UNITE,OK
TKT95945299009,2026-01-15T19:09:09Z,PORTE-D,R54259177,UNITE,OK
TKT58611499386,2026-01-15T19:09:09Z,PORTE-C,R54495996,UNITE,OK
TKT95479777119,2026-01-15T19:09:09Z,PORTE-C,R57792844,UNITE,OK
TKT69451195458,2026-01-15T19:09:10Z,PORTE-C,R51317534,ABONNEMENT,OK
TKT53997118419,2026-01-15T19:09:10Z,PORTE-C,R53116756,ABONNEMENT,OK
TKT22718325201,2026-01-15T19:09:10Z,VIP-EST,R58478523,UNITE,OK
TKT81994012765,2026-01-15T19:09:10Z,VIP-EST,R58347207,UNITE,OK
TKT56137383898,2026-01-15T19:09:10Z,PORTE-A,R52281294,UNITE,OK
TKT24756880383,2026-01-15T19:09:11Z,PORTE-D,R58330254,ABONNEMENT,OK
TKT59948044522,2026-01-15T19:09:11Z,PORTE-C,R57038787,ABONNEMENT,OK
TKT89001017678,2026-01-15T19:09:11Z,PORTE-C,R52098630,UNITE,OK
TKT32911517133,2026-01-15T19:09:11Z,VIP-EST,,UNITE,OK
TKT29295629113,2026-01-15T19:09:11Z,PORTE-A,R57711938,VIP,OK
TKT82559630988,2026-01-15T19:09:12Z,PORTE-A,R54458814,ABONNEMENT,OK
TKT16602681425,2026-01-15T19:09:12Z,PORTE-D,,UNITE,OK
TKT73419140483,2026-01-15T19:09:12Z,PORTE-D,,UNITE,OK
TKT99996881801,2026-01-15T19:09:12Z,PORTE-A,R59868740,UNITE,OK
TKT76361992427,2026-01-15T19:09:12Z,PORTE-C,,UNITE,OK
TKT84812347668,2026-01-15T19:09:13Z,PORTE-C,R59287884,UNITE,OK
TKT42942190671,2026-01-15T19:09:13Z,PORTE-A,R57246125,UNITE,OK
TKT58056134846,2026-01-15T19:09:14Z,PORTE-C,R54998177,UNITE,OK
TKT66008147868,2026-01-15T19:09:14Z,VIP-EST,R54765582,UNITE,OK
TKT58195002976,2026-01-15T19:09:15Z,PORTE-C,R55399635,ABONNEMENT,OK
TKT43765341964,2026-01-15T19:09:16Z,PORTE-C,R59061419,UNITE,OK
TKT20756802663,2026-01-15T19:09:16Z,PORTE-A,R51491204,UNITE,OK
TKT78493656140,2026-01-15T19:09:16Z,PORTE-C,R52290087,UNITE,OK
TKT15196952023,2026-01-15T19:09:16Z,PORTE-D,,UNITE,OK
TKT50039370401,2026-01-15T19:09:16Z,PORTE-C,R52815227,UNITE,OK
TKT73053767387,2026-01-15T19:09:16Z,VIP-EST,R59802201,UNITE,OK
TKT72204862959,2026-01-15T19:09:17Z,VIP-EST,R59473020,ABONNEMENT,OK
TKT51402289069,2026-01-15T19:09:17Z,PORTE-A,R56082373,ABONNEMENT,OK
TKT87454577083,2026-01-15T19:09:17Z,PORTE-C,R57974158,ABONNEMENT,OK
TKT96147534447,2026-01-15T19:09:17Z,PORTE-D,R52432715,UNITE,OK
TKT87185540707,2026-01-15T19:09:17Z,PORTE-C,R51648678,UNITE,OK
TKT64657529818,2026-01-15T19:09:18Z,PORTE-D,R58180883,ABONNEMENT,OK
TKT60052440796,2026-01-15T19:09:18Z,PORTE-B,R55513442,ABONNEMENT,OK
TKT93563728778,2026-01-15T19:09:18Z,VIP-EST,R52480050,UNITE,OK
TKT95821357851,2026-01-15T19:09:18Z,PORTE-A,,UNITE,OK
TKT42096050282,2026-01-15T19:09:18Z,PORTE-C,R53160547,UNITE,OK
TKT26425018554,2026-01-15T19:09:19Z,PORTE-A,R54032645,ABONNEMENT,OK
TKT85496538369,2026-01-15T19:09:19Z,PORTE-D,R56384036,UNITE,OK
TKT64708049426,2026-01-15T19:09:19Z,PORTE-C,R58267785,UNITE,OK
TKT13171988216,2026-01-15T19:09:19Z,PORTE-C,R51474730,UNITE,OK
TKT31193995428,2026-01-15T19:09:19Z,PORTE-C,R51231982,UNITE,OK
TKT74965311618,2026-01-15T19:09:20Z,VIP-EST,R55713491,ABONNEMENT,OK
TKT34363126450,2026-01-15T19:09:20Z,PORTE-C,R52396270,ABONNEMENT,OK
TKT81463559997,2026-01-15T19:09:20Z,PORTE-C,R59841567,UNITE,OK
TKT74199276265,2026-01-15T19:09:21Z,VIP-EST,R53422767,ABONNEMENT,OK
TKT88400133786,2026-01-15T19:09:21Z,VIP-EST,R59596712,UNITE,OK
TKT31477143377,2026-01-15T19:09:21Z,VIP-EST,R54155101,UNITE,OK
TKT59478748594,2026-01-15T19:09:21Z,PORTE-C,R51585606,UNITE,OK
TKT33221452829,2026-01-15T19:09:21Z,PORTE-C,,UNITE,OK
TKT19050274335,2026-01-15T19:09:22Z,PORTE-A,R55061594,VIP,OK
TKT60062585508,2026-01-15T19:09:22Z,PORTE-C,R54448115,UNITE,OK
TKT50741826826,2026-01-15T19:09:23Z,PORTE-C,R58554746,UNITE,OK
TKT61887739867,2026-01-15T19:09:23Z,PORTE-C,R55123842,UNITE,REFUSE_DEJA_SCANNE
TKT71292851985,2026-01-15T19:09:23Z,PORTE-C,,UNITE,OK
TKT17001818524,2026-01-15T19:09:23Z,PORTE-B,R59897206,UNITE,OK
TKT91522056596,2026-01-15T19:09:23Z,PORTE-C,R56294136,UNITE,OK
TKT11969491085,2026-01-15T19:09:23Z,PORTE-C,,GROUPE,OK
TKT49332977810,2026-01-15T19:09:24Z,PORTE-C,,GROUPE,OK
TKT76262152222,2026-01-15T19:09:24Z,PORTE-B,R52483527,UNITE,REFUSE_DEJA_SCANNE
TKT15529309706,2026-01-15T19:09:25Z,PORTE-C,R59297903,UNITE,OK
TKT88752902657,2026-01-15T19:09:25Z,VIP-EST,R55740319,UNITE,OK
TKT42498311552,2026-01-15T19:09:26Z,PORTE-A,R54576510,ABONNEMENT,OK
TKT20543344683,2026-01-15T19:09:26Z,PORTE-D,R53580931,UNITE,OK
TKT43122820298,2026-01-15T19:09:26Z,PORTE-C,R56408834,UNITE,OK
TKT64075723856,2026-01-15T19:09:27Z,PORTE-A,,UNITE,OK
TKT29393447648,2026-01-15T19:09:27Z,PORTE-C,,UNITE,OK
TKT78038651162,2026-01-15T19:09:28Z,VIP-EST,R56782553,ABONNEMENT,OK
TKT92722353052,2026-01-15T19:09:28Z,PORTE-D,R56522440,UNITE,OK
TKT18220857515,2026-01-15T19:09:28Z,PORTE-A,R53142013,INVITATION,OK
TKT29016581408,2026-01-15T19:09:28Z,PORTE-A,,UNITE,OK
TKT16892640501,2026-01-15T19:09:29Z,PORTE-B,R55169626,INVITATION,OK
TKT13074224259,2026-01-15T19:09:29Z,PORTE-A,R53007019,UNITE,OK
TKT74900452065,2026-01-15T19:09:30Z,PORTE-C,,GROUPE,OK
TKT51844802638,2026-01-15T19:09:30Z,PORTE-A,R52436393,UNITE,OK
TKT10289684784,2026-01-15T19:09:31Z,PORTE-D,R56983617,UNITE,OK
TKT91891963367,2026-01-15T19:09:31Z,PORTE-C,R57344617,UNITE,OK
TKT68767951585,2026-01-15T19:09:32Z,PORTE-B,,UNITE,OK
TKT75682440677,2026-01-15T19:09:34Z,PORTE-A,R56138367,UNITE,OK
TKT75270819306,2026-01-15T19:09:34Z,PORTE-D,R59939513,UNITE,OK
TKT84887039951,2026-01-15T19:09:35Z,PORTE-D,R52033575,UNITE,OK
TKT99331142035,2026-01-15T19:09:35Z,PORTE-B,,GROUPE,REFUSE_DEJA_SCANNE
TKT26463984975,2026-01-15T19:09:36Z,PORTE-C,R51999525,UNITE,OK
TKT39814311788,2026-01-15T19:09:36Z,PORTE-A,R58903265,INVITATION,OK
TKT11569745952,2026-01-15T19:09:36Z,PORTE-B,R53254805,UNITE,OK
TKT21452444904,2026-01-15T19:09:36Z,PORTE-C,R52928699,UNITE,OK
TKT60802323582,2026-01-15T19:09:36Z,PORTE-C,R56309662,UNITE,OK
TKT63749237107,2026-01-15T19:09:36Z,PORTE-C,,UNITE,OK
TKT63567022811,2026-01-15T19:09:36Z,PORTE-B,R59518372,UNITE,OK
TKT66188615161,2026-01-15T19:09:37Z,PORTE-A,R53016147,UNITE,OK
TKT78284229256,2026-01-15T19:09:37Z,PORTE-C,R56382753,UNITE,OK
TKT88095819452,2026-01-15T19:09:37Z,PORTE-C,,UNITE,OK
TKT56999276279,2026-01-15T19:09:38Z,PORTE-B,R55183926,UNITE,OK
TKT45038805083,2026-01-15T19:09:38Z,PORTE-B,,GROUPE,OK
TKT45208984112,2026-01-15T19:09:39Z,PORTE-C,R58390251,UNITE,OK
TKT89473029473,2026-01-15T19:09:39Z,PORTE-C,R57915454,UNITE,OK
TKT55983278906,2026-01-15T19:09:41Z,PORTE-C,R55137750,ABONNEMENT,OK
TKT85355536041,2026-01-15T19:09:41Z,PORTE-A,R51481339,ABONNEMENT,OK
TKT24577131528,2026-01-15T19:09:41Z,PORTE-C,R51143978,ABONNEMENT,OK
TKT47612834972,2026-01-15T19:09:41Z,PORTE-C,R53055446,UNITE,OK
TKT25566610701,2026-01-15T19:09:41Z,PORTE-C,,UNITE,OK
TKT13285783538,2026-01-15T19:09:41Z,PORTE-C,R51564841,UNITE,OK
TKT56061659953,2026-01-15T19:09:43Z,PORTE-C,R52661086,UNITE,OK
TKT66389265359,2026-01-15T19:09:43Z,PORTE-D,R54403979,UNITE,OK
TKT84924319857,2026-01-15T19:09:44Z,PORTE-D,R55303595,ABONNEMENT,OK
TKT15567580312,2026-01-15T19:09:44Z,PORTE-D,R52278162,ABONNEMENT,OK
TKT67659473050,2026-01-15T19:09:44Z,PORTE-C,R53486519,UNITE,OK
TKT25694142112,2026-01-15T19:09:44Z,PORTE-B,,UNITE,OK
TKT48631896965,2026-01-15T19:09:46Z,PMR-NORD,R59741380,ABONNEMENT,OK
TKT36446226153,2026-01-15T19:09:46Z,PORTE-C,R56213699,ABONNEMENT,OK
TKT68390623123,2026-01-15T19:09:46Z,PORTE-B,R55459843,ABONNEMENT,OK
TKT38850561420,2026-01-15T19:09:46Z,PORTE-B,R59866968,UNITE,OK
TKT37043650034,2026-01-15T19:09:46Z,PORTE-C,R54198212,UNITE,OK
TKT52664914021,2026-01-15T19:09:46Z,PORTE-B,R57011825,UNITE,OK
TKT25240924450,2026-01-15T19:09:46Z,PORTE-B,R52804873,UNITE,OK
TKT92686674599,2026-01-15T19:09:46Z,PORTE-B,,GROUPE,OK
TKT83234943228,2026-01-15T19:09:47Z,PORTE-A,R58392023,ABONNEMENT,OK
TKT93019584387,2026-01-15T19:09:48Z,PORTE-B,,UNITE,OK
TKT65065375117,2026-01-15T19:09:49Z,PORTE-B,,GROUPE,OK
TKT56059597189,2026-01-15T19:09:49Z,PORTE-C,R58447461,UNITE,OK
TKT63613491744,2026-01-15T19:09:49Z,PORTE-A,R55180238,UNITE,OK
TKT30011324342,2026-01-15T19:09:49Z,VIP-EST,R58136948,UNITE,OK
TKT20279399030,2026-01-15T19:09:50Z,PORTE-D,R52286955,ABONNEMENT,OK
TKT15009605691,2026-01-15T19:09:50Z,PORTE-B,R56016246,UNITE,OK
TKT14420300239,2026-01-15T19:09:50Z,VIP-EST,,UNITE,OK
TKT47874834259,2026-01-15T19:09:50Z,PORTE-B,R57741295,UNITE,OK
TKT45757181276,2026-01-15T19:09:50Z,PORTE-B,R52218634,UNITE,OK
TKT71788390842,2026-01-15T19:09:50Z,PORTE-D,,UNITE,OK
TKT52164678691,2026-01-15T19:09:51Z,PORTE-C,,GROUPE,OK
TKT42069366604,2026-01-15T19:09:51Z,PORTE-C,R56707231,UNITE,OK
TKT66654114890,2026-01-15T19:09:51Z,PORTE-C,,GROUPE,OK
TKT15683689525,2026-01-15T19:09:52Z,PORTE-D,R51172387,GROUPE,OK
TKT38527403553,2026-01-15T19:09:52Z,PORTE-B,R52192955,UNITE,OK
TKT67377389243,2026-01-15T19:09:52Z,PORTE-D,,GROUPE,OK
TKT93845010686,2026-01-15T19:09:53Z,PORTE-D,R57109158,ABONNEMENT,OK
TKT65145994320,2026-01-15T19:09:53Z,PORTE-C,R56792160,UNITE,OK
TKT16921057107,2026-01-15T19:09:53Z,VIP-EST,R54783704,UNITE,OK
TKT36997648958,2026-01-15T19:09:53Z,PORTE-A,R58473820,UNITE,OK
TKT94736758067,2026-01-15T19:09:53Z,PORTE-B,,GROUPE,OK
TKT81457527048,2026-01-15T19:09:54Z,PORTE-C,,GROUPE,OK
TKT92309686126,2026-01-15T19:09:54Z,PORTE-A,R57888961,UNITE,OK
TKT37305555160,2026-01-15T19:09:54Z,VIP-EST,R57041996,UNITE,OK
TKT81216317116,2026-01-15T19:09:55Z,PORTE-C,R58499231,ABONNEMENT,OK
TKT53557208761,2026-01-15T19:09:55Z,PORTE-C,,GROUPE,OK
TKT55596114034,2026-01-15T19:09:55Z,VIP-EST,R52425761,INVITATION,OK
TKT49214398066,2026-01-15T19:09:55Z,PORTE-C,R56774038,UNITE,OK
TKT38232939183,2026-01-15T19:09:56Z,PORTE-C,,GROUPE,OK
TKT65433171203,2026-01-15T19:09:57Z,PORTE-C,R56915306,ABONNEMENT,OK
TKT84535794362,2026-01-15T19:09:57Z,PORTE-C,R57266622,ABONNEMENT,OK
TKT21748302995,2026-01-15T19:09:57Z,PORTE-B,R54865032,UNITE,OK
TKT94233281912,2026-01-15T19:09:57Z,PORTE-C,,GROUPE,OK
TKT90096488517,2026-01-15T19:09:58Z,VIP-EST,R58272009,VIP,OK
TKT55367674998,2026-01-15T19:09:58Z,PORTE-B,R55002478,UNITE,OK
TKT13900683574,2026-01-15T19:09:58Z,VIP-EST,R56679569,INVITATION,OK
TKT66425495984,2026-01-15T19:09:58Z,PORTE-A,,UNITE,OK
TKT45347706551,2026-01-15T19:09:59Z,PORTE-C,R52141061,UNITE,OK
TKT80700007470,2026-01-15T19:10:00Z,PORTE-D,R57892706,UNITE,OK
TKT52903212917,2026-01-15T19:10:00Z,PORTE-D,,GROUPE,OK
TKT62154830513,2026-01-15T19:10:01Z,PORTE-B,,GROUPE,OK
TKT51583223214,2026-01-15T19:10:01Z,PORTE-B,R52418271,UNITE,OK
TKT39793775251,2026-01-15T19:10:01Z,PORTE-C,,GROUPE,OK
TKT99357767964,2026-01-15T19:10:01Z,PORTE-D,R51518387,UNITE,OK
TKT54628507382,2026-01-15T19:10:02Z,PORTE-A,R58618019,ABONNEMENT,OK
TKT20726612093,2026-01-15T19:10:03Z,PORTE-C,R52005990,ABONNEMENT,OK
TKT93909267059,2026-01-15T19:10:03Z,PORTE-B,R58630825,UNITE,OK
TKT59659204786,2026-01-15T19:10:03Z,PORTE-B,R58748923,UNITE,OK
TKT53133766425,2026-01-15T19:10:04Z,PORTE-C,R54945469,ABONNEMENT,OK
TKT47519729589,2026-01-15T19:10:04Z,PORTE-C,R57638100,UNITE,OK
TKT72424902483,2026-01-15T19:10:05Z,PORTE-B,R56317286,ABONNEMENT,OK
TKT84241638766,2026-01-15T19:10:05Z,PORTE-A,R56779086,UNITE,OK
TKT33312167577,2026-01-15T19:10:06Z,PORTE-C,R52764549,ABONNEMENT,OK
TKT58713947545,2026-01-15T19:10:07Z,PORTE-B,,UNITE,OK
TKT36487810228,2026-01-15T19:10:07Z,VIP-EST,,UNITE,OK
TKT30686759289,2026-01-15T19:10:08Z,PORTE-C,R56346643,ABONNEMENT,OK
TKT91650065321,2026-01-15T19:10:08Z,PORTE-C,R54235337,UNITE,OK
TKT47687270903,2026-01-15T19:10:08Z,PORTE-C,R58038523,UNITE,OK
TKT53951754049,2026-01-15T19:10:08Z,PORTE-C,R56505353,UNITE,OK
TKT69876365123,2026-01-15T19:10:08Z,PORTE-C,R51930658,UNITE,OK
TKT16885540121,2026-01-15T19:10:08Z,PORTE-C,R55792022,UNITE,OK
TKT52239167861,2026-01-15T19:10:08Z,PORTE-C,R53545856,UNITE,OK
TKT36637244778,2026-01-15T19:10:08Z,PORTE-C,,GROUPE,OK
TKT86234596641,2026-01-15T19:10:08Z,PORTE-D,R53310588,UNITE,OK
TKT10630397322,2026-01-15T19:10:09Z,PORTE-C,R55560576,ABONNEMENT,OK
TKT54277900611,2026-01-15T19:10:09Z,PORTE-A,R52808417,UNITE,OK
TKT70523711169,2026-01-15T19:10:09Z,PORTE-A,R59873788,UNITE,OK
TKT58769670784,2026-01-15T19:10:09Z,PORTE-C,R55958135,UNITE,OK
TKT16847874415,2026-01-15T19:10:09Z,VIP-EST,R57447668,UNITE,OK
TKT14539498674,2026-01-15T19:10:10Z,PORTE-D,,UNITE,OK
TKT89208479886,2026-01-15T19:10:10Z,PORTE-C,R59910970,UNITE,OK
TKT70888635203,2026-01-15T19:10:10Z,PORTE-C,R52467579,UNITE,OK
TKT14671307823,2026-01-15T19:10:10Z,PORTE-C,R52672733,UNITE,OK
TKT99624303860,2026-01-15T19:10:11Z,PORTE-A,R59960422,INVITATION,OK
TKT37498249046,2026-01-15T19:10:11Z,PORTE-C,,UNITE,OK
TKT25342702625,2026-01-15T19:10:12Z,PORTE-C,R52016689,ABONNEMENT,REFUSE_DEJA_SCANNE
TKT97950652616,2026-01-15T19:10:12Z,PORTE-C,R51060821,UNITE,OK
TKT92473630206,2026-01-15T19:10:12Z,PORTE-C,,UNITE,OK
TKT97957635417,2026-01-15T19:10:13Z,VIP-EST,R55324638,ABONNEMENT,OK
TKT52886367947,2026-01-15T19:10:13Z,VIP-EST,R57079523,GROUPE,OK
TKT65037534512,2026-01-15T19:10:14Z,VIP-EST,,UNITE,OK
TKT43223514357,2026-01-15T19:10:14Z,PORTE-C,,UNITE,OK
TKT86197387836,2026-01-15T19:10:14Z,PORTE-D,R56285688,UNITE,OK
TKT21758511793,2026-01-15T19:10:15Z,VIP-EST,R55476116,ABONNEMENT,OK
TKT88954094119,2026-01-15T19:10:15Z,PORTE-C,,UNITE,OK
TKT41529798163,2026-01-15T19:10:15Z,PORTE-A,,UNITE,OK
TKT26369989619,2026-01-15T19:10:15Z,PORTE-D,,UNITE,OK
TKT27289936551,2026-01-15T19:10:16Z,VIP-EST,R59166788,ABONNEMENT,OK
TKT18385369739,2026-01-15T19:10:16Z,VIP-EST,R52117355,UNITE,OK
TKT76788868239,2026-01-15T19:10:16Z,PORTE-C,,UNITE,OK
TKT50106195464,2026-01-15T19:10:16Z,PORTE-B,R54916246,UNITE,OK
TKT28464521709,2026-01-15T19:10:16Z,VIP-EST,R59233605,UNITE,OK
TKT69089065668,2026-01-15T19:10:17Z,PORTE-C,R51718972,ABONNEMENT,OK
TKT31732370923,2026-01-15T19:10:17Z,VIP-EST,,UNITE,OK
TKT46278710793,2026-01-15T19:10:17Z,PORTE-D,,INVITATION,OK
TKT51662983553,2026-01-15T19:10:17Z,PORTE-C,,UNITE,OK
TKT31531336949,2026-01-15T19:10:18Z,PORTE-D,R56998875,ABONNEMENT,OK
TKT16922436596,2026-01-15T19:10:18Z,PORTE-C,R51848660,UNITE,OK
TKT22741858906,2026-01-15T19:10:18Z,PORTE-A,,UNITE,OK
TKT85499728453,2026-01-15T19:10:18Z,PORTE-B,R53712046,UNITE,OK
TKT64464245057,2026-01-15T19:10:19Z,PORTE-C,R52137728,ABONNEMENT,OK
TKT59773489587,2026-01-15T19:10:19Z,PORTE-A,R57601320,ABONNEMENT,OK
TKT48909377333,2026-01-15T19:10:19Z,PORTE-C,R51239807,UNITE,OK
TKT39065245326,2026-01-15T19:10:19Z,PORTE-A,R57509370,UNITE,OK
TKT90610699576,2026-01-15T19:10:19Z,PORTE-C,R58134563,UNITE,OK
TKT69303648318,2026-01-15T19:10:20Z,PORTE-C,R55880696,ABONNEMENT,OK
TKT22228268163,2026-01-15T19:10:20Z,PORTE-B,,GROUPE,OK
TKT77899317318,2026-01-15T19:10:20Z,PORTE-C,,GROUPE,OK
TKT66473469968,2026-01-15T19:10:20Z,PORTE-A,,UNITE,OK
TKT44188979970,2026-01-15T19:10:20Z,PORTE-A,,UNITE,OK
TKT92669646971,2026-01-15T19:10:21Z,PORTE-C,R55136591,ABONNEMENT,OK
TKT38821857439,2026-01-15T19:10:21Z,VIP-EST,R52947702,ABONNEMENT,OK
TKT46985494996,2026-01-15T19:10:21Z,PORTE-B,R53134657,ABONNEMENT,OK
TKT49918362370,2026-01-15T19:10:21Z,PORTE-B,,UNITE,OK
TKT41425228092,2026-01-15T19:10:21Z,PORTE-C,R57030694,UNITE,OK
TKT52244168419,2026-01-15T19:10:22Z,PORTE-D,R55800872,UNITE,OK
TKT77920780304,2026-01-15T19:10:22Z,PORTE-B,,UNITE,OK
TKT33959397281,2026-01-15T19:10:22Z,PORTE-D,R58383709,UNITE,OK
TKT41643225252,2026-01-15T19:10:23Z,PORTE-B,R58698935,UNITE,OK
TKT94693304888,2026-01-15T19:10:24Z,PORTE-A,R51818690,UNITE,OK
TKT71060892259,2026-01-15T19:10:24Z,PORTE-A,R57917015,UNITE,OK
TKT25537843304,2026-01-15T19:10:26Z,PORTE-A,R52094262,UNITE,OK
TKT76615750233,2026-01-15T19:10:26Z,PORTE-A,,UNITE,OK
TKT27571279224,2026-01-15T19:10:26Z,PORTE-A,,UNITE,OK
TKT67846456171,2026-01-15T19:10:26Z,PORTE-A,R53681051,UNITE,OK
TKT65969254657,2026-01-15T19:10:26Z,PORTE-C,,GROUPE,OK
TKT39659308142,2026-01-15T19:10:26Z,PORTE-A,R58968655,UNITE,OK
TKT65169903094,2026-01-15T19:10:27Z,PORTE-C,R58663860,ABONNEMENT,OK
TKT60182171613,2026-01-15T19:10:27Z,PORTE-A,R55370747,UNITE,OK
TKT76569758145,2026-01-15T19:10:27Z,PORTE-C,R56560590,UNITE,OK
TKT96695007492,2026-01-15T19:10:27Z,PORTE-C,,UNITE,OK
TKT42825080840,2026-01-15T19:10:28Z,PORTE-C,R59069599,UNITE,OK
TKT43273263007,2026-01-15T19:10:28Z,PORTE-C,R51696425,UNITE,OK
TKT35534799568,2026-01-15T19:10:29Z,PORTE-A,R57461221,ABONNEMENT,OK
TKT44031887747,2026-01-15T19:10:29Z,PORTE-C,R54224849,ABONNEMENT,OK
TKT62420644353,2026-01-15T19:10:29Z,PORTE-C,R57383916,UNITE,OK
TKT33398036101,2026-01-15T19:10:29Z,VIP-EST,R57120316,UNITE,OK
TKT83364764526,2026-01-15T19:10:29Z,PORTE-C,R53652441,UNITE,OK
TKT52495970116,2026-01-15T19:10:29Z,PORTE-A,,UNITE,OK
TKT79626647789,2026-01-15T19:10:29Z,PORTE-D,R53542245,UNITE,OK
TKT76046123993,2026-01-15T19:10:30Z,PORTE-C,,UNITE,OK
TKT91732990386,2026-01-15T19:10:30Z,PORTE-D,R55421425,UNITE,OK
TKT39276230791,2026-01-15T19:10:31Z,VIP-EST,R55546008,ABONNEMENT,OK
TKT82667470415,2026-01-15T19:10:31Z,PORTE-A,R54628538,ABONNEMENT,OK
TKT64857816091,2026-01-15T19:10:31Z,PORTE-C,R51615653,UNITE,OK
TKT46631455107,2026-01-15T19:10:31Z,PORTE-A,,UNITE,OK
TKT61692498236,2026-01-15T19:10:32Z,PORTE-D,R54684053,ABONNEMENT,OK
TKT84441174034,2026-01-15T19:10:32Z,PORTE-D,,GROUPE,OK
TKT38423746801,2026-01-15T19:10:32Z,PORTE-C,R57471029,UNITE,OK
TKT37912993477,2026-01-15T19:10:33Z,PORTE-D,R57814711,UNITE,OK
TKT38177290510,2026-01-15T19:10:33Z,PORTE-B,R51905535,UNITE,OK
TKT23025606655,2026-01-15T19:10:33Z,VIP-EST,R54399832,UNITE,OK
TKT81767164940,2026-01-15T19:10:34Z,PORTE-D,R57006097,UNITE,OK
TKT18793458867,2026-01-15T19:10:34Z,PORTE-A,R59375007,UNITE,OK
TKT29768500988,2026-01-15T19:10:35Z,PORTE-C,R57665283,UNITE,OK
TKT79156208270,2026-01-15T19:10:36Z,PORTE-D,R53124658,ABONNEMENT,OK
TKT15103687352,2026-01-15T19:10:36Z,PORTE-C,R55519036,ABONNEMENT,OK
TKT14087855963,2026-01-15T19:10:36Z,VIP-EST,R54852082,UNITE,OK
TKT91431257391,2026-01-15T19:10:38Z,VIP-EST,R59339443,ABONNEMENT,OK
TKT73399092764,2026-01-15T19:10:39Z,PORTE-D,R53806170,UNITE,OK
TKT32494461450,2026-01-15T19:10:40Z,PORTE-B,R53709517,ABONNEMENT,OK
TKT36056593219,2026-01-15T19:10:40Z,PORTE-C,R56021274,UNITE,OK
TKT29192847846,2026-01-15T19:10:40Z,VIP-EST,R54908488,UNITE,OK
TKT24793712354,2026-01-15T19:10:40Z,VIP-EST,R57841827,UNITE,OK
TKT72599575664,2026-01-15T19:10:41Z,PORTE-A,R55269401,UNITE,OK
TKT83584811882,2026-01-15T19:10:41Z,PORTE-C,,UNITE,REFUSE_INVALIDE
TKT18526696366,2026-01-15T19:10:42Z,PORTE-C,R56114872,UNITE,OK
TKT77094441289,2026-01-15T19:10:42Z,PORTE-D,R58384198,UNITE,OK
TKT87803228413,2026-01-15T19:10:42Z,VIP-EST,,UNITE,OK
TKT63159288898,2026-01-15T19:10:43Z,PORTE-B,R58693284,ABONNEMENT,OK
TKT83871629000,2026-01-15T19:10:43Z,PORTE-C,R51324133,UNITE,OK
TKT10605974273,2026-01-15T19:10:43Z,PORTE-C,R52219927,UNITE,OK
TKT17089836145,2026-01-15T19:10:43Z,PORTE-A,R56298350,UNITE,OK
TKT48627732752,2026-01-15T19:10:44Z,PORTE-D,R54690729,ABONNEMENT,OK
TKT16547729800,2026-01-15T19:10:44Z,PORTE-C,R59034792,UNITE,OK
TKT53718750466,2026-01-15T19:10:45Z,PORTE-C,R53675323,UNITE,OK
TKT69552935291,2026-01-15T19:10:45Z,PORTE-C,R59618291,UNITE,OK
TKT38396691660,2026-01-15T19:10:45Z,PORTE-B,R53591486,UNITE,OK
TKT91276525020,2026-01-15T19:10:46Z,PORTE-C,R52921343,UNITE,OK
TKT47446070102,2026-01-15T19:10:46Z,PORTE-C,,UNITE,OK
TKT75217396745,2026-01-15T19:10:46Z,VIP-EST,R55340040,VIP,OK
TKT87406571730,2026-01-15T19:10:47Z,PORTE-D,,GROUPE,OK
TKT75901525354,2026-01-15T19:10:47Z,VIP-EST,R56235757,UNITE,OK
TKT51855907135,2026-01-15T19:10:48Z,PORTE-A,R59458921,VIP,OK
TKT37199885356,2026-01-15T19:10:48Z,PORTE-C,,UNITE,OK
TKT17692316614,2026-01-15T19:10:48Z,PORTE-C,R51076749,UNITE,OK
TKT16562880067,2026-01-15T19:10:48Z,PORTE-D,R52738535,UNITE,OK
TKT55474973119,2026-01-15T19:10:49Z,PORTE-C,R53848668,ABONNEMENT,OK
TKT59964831194,2026-01-15T19:10:49Z,VIP-EST,R51916837,UNITE,OK
TKT63511969589,2026-01-15T19:10:49Z,VIP-EST,R55836225,UNITE,OK
TKT27644514710,2026-01-15T19:10:49Z,PORTE-A,R51518253,UNITE,OK
TKT97694475699,2026-01-15T19:10:50Z,PORTE-B,,INVITATION,OK
TKT52885365048,2026-01-15T19:10:50Z,PORTE-C,,GROUPE,OK
TKT42343149974,2026-01-15T19:10:50Z,PORTE-C,R57560182,UNITE,OK
TKT82804832337,2026-01-15T19:10:50Z,PORTE-A,R52357239,VIP,OK
TKT90430718205,2026-01-15T19:10:50Z,PORTE-A,R56657913,UNITE,OK
TKT48559370322,2026-01-15T19:10:51Z,PORTE-B,R56148031,ABONNEMENT,OK
TKT60044706731,2026-01-15T19:10:51Z,PORTE-C,R57826559,UNITE,OK
TKT26977326170,2026-01-15T19:10:51Z,PORTE-C,R58710582,INVITATION,OK
TKT67726391727,2026-01-15T19:10:52Z,PORTE-C,R53899001,UNITE,OK
TKT30978275594,2026-01-15T19:10:52Z,VIP-EST,,UNITE,OK
TKT76194159527,2026-01-15T19:10:53Z,PORTE-B,R54818444,UNITE,OK
TKT11336788995,2026-01-15T19:10:53Z,PORTE-C,R57765949,UNITE,OK
TKT69898929224,2026-01-15T19:10:53Z,PORTE-A,R58166238,UNITE,OK
TKT63034893400,2026-01-15T19:10:54Z,PORTE-D,R53967523,ABONNEMENT,OK
TKT42519910741,2026-01-15T19:10:54Z,PORTE-A,R54090803,UNITE,REFUSE_DEJA_SCANNE
TKT16758954807,2026-01-15T19:10:54Z,PORTE-A,R52431422,VIP,OK
TKT34854931939,2026-01-15T19:10:54Z,PORTE-A,R59530498,UNITE,OK
TKT30046480154,2026-01-15T19:10:54Z,PORTE-C,R55354886,UNITE,OK
TKT82636890334,2026-01-15T19:10:55Z,PORTE-A,R51817742,UNITE,OK
TKT95858958962,2026-01-15T19:10:56Z,PORTE-D,,GROUPE,OK
TKT51253557264,2026-01-15T19:10:56Z,PORTE-A,R59394000,UNITE,OK
TKT85421531358,2026-01-15T19:10:56Z,PORTE-C,R53013896,UNITE,OK
TKT76362001535,2026-01-15T19:10:58Z,PORTE-D,R54662062,ABONNEMENT,OK
TKT86189403077,2026-01-15T19:10:58Z,PORTE-B,R56317842,ABONNEMENT,OK
TKT45573213954,2026-01-15T19:10:58Z,PORTE-D,,UNITE,OK
TKT37012040403,2026-01-15T19:10:58Z,VIP-EST,R56511205,VIP,OK
TKT67543292870,2026-01-15T19:10:58Z,PORTE-A,R54103676,UNITE,OK
TKT65810500616,2026-01-15T19:10:59Z,PORTE-C,R55029450,UNITE,OK
TKT63117141123,2026-01-15T19:10:59Z,PORTE-C,R54404793,UNITE,OK
TKT18793782214,2026-01-15T19:10:59Z,VIP-EST,R58796536,UNITE,OK
TKT30268130678,2026-01-15T19:10:59Z,PORTE-D,R51488561,UNITE,OK
TKT12963300134,2026-01-15T19:10:59Z,PORTE-C,R55756401,UNITE,OK
TKT82852640215,2026-01-15T19:11:00Z,PORTE-A,R52280145,ABONNEMENT,OK
TKT76213009952,2026-01-15T19:11:00Z,PORTE-D,R54507375,UNITE,OK
TKT13213051045,2026-01-15T19:11:00Z,PORTE-A,R56661390,UNITE,OK
TKT36126672428,2026-01-15T19:11:00Z,PORTE-D,R51532764,UNITE,OK
TKT84777616468,2026-01-15T19:11:00Z,PORTE-B,,UNITE,OK
TKT69273223652,2026-01-15T19:11:02Z,PORTE-C,R59222638,ABONNEMENT,OK
TKT51627003351,2026-01-15T19:11:02Z,PORTE-B,R59572728,ABONNEMENT,OK
TKT79196029881,2026-01-15T19:11:02Z,VIP-EST,R51710601,UNITE,OK
TKT48175915793,2026-01-15T19:11:02Z,PORTE-C,R54067653,INVITATION,OK
TKT66703206186,2026-01-15T19:11:03Z,PORTE-C,,UNITE,OK
TKT39640738846,2026-01-15T19:11:03Z,PORTE-C,,GROUPE,OK
TKT41295113869,2026-01-15T19:11:03Z,PORTE-D,R52154336,UNITE,OK
TKT56126811392,2026-01-15T19:11:04Z,PORTE-C,,UNITE,OK
TKT56297141235,2026-01-15T19:11:04Z,PORTE-D,R58787274,UNITE,OK
TKT94189949344,2026-01-15T19:11:04Z,PORTE-C,,GROUPE,OK
TKT37158355160,2026-01-15T19:11:04Z,PORTE-C,R57038241,UNITE,OK
TKT42721031714,2026-01-15T19:11:04Z,PORTE-D,R58567820,UNITE,OK
TKT90227103569,2026-01-15T19:11:04Z,VIP-EST,R52021114,VIP,OK
TKT59310102793,2026-01-15T19:11:04Z,PORTE-C,R58193890,UNITE,OK
TKT33338506064,2026-01-15T19:11:05Z,PORTE-C,R51643171,ABONNEMENT,OK
TKT98422027661,2026-01-15T19:11:05Z,PORTE-C,R57919132,ABONNEMENT,OK
TKT98398027352,2026-01-15T19:11:05Z,PORTE-B,R51422692,ABONNEMENT,OK
TKT82838586610,2026-01-15T19:11:05Z,PORTE-C,R51421801,UNITE,OK
TKT31109370154,2026-01-15T19:11:05Z,VIP-EST,R58538942,UNITE,OK
TKT43795063852,2026-01-15T19:11:05Z,PORTE-D,R53072620,UNITE,OK
TKT81004885643,2026-01-15T19:11:05Z,PORTE-A,R51099641,UNITE,OK
TKT86703066757,2026-01-15T19:11:06Z,PORTE-D,R52535565,INVITATION,OK
TKT92698231969,2026-01-15T19:11:07Z,PORTE-C,R53134523,ABONNEMENT,OK
TKT93873196961,2026-01-15T19:11:07Z,PORTE-B,,UNITE,OK
TKT94010633981,2026-01-15T19:11:07Z,PORTE-C,R59019534,UNITE,OK
TKT46564122384,2026-01-15T19:11:08Z,VIP-EST,,UNITE,OK
TKT38584293584,2026-01-15T19:11:08Z,PORTE-C,R52743975,UNITE,OK
TKT29305602098,2026-01-15T19:11:08Z,PORTE-C,,GROUPE,OK
TKT32113025624,2026-01-15T19:11:09Z,PORTE-D,R58555148,ABONNEMENT,OK
TKT15760241120,2026-01-15T19:11:09Z,PORTE-C,,UNITE,OK
TKT32371981421,2026-01-15T19:11:09Z,PORTE-C,,UNITE,OK
TKT39649893383,2026-01-15T19:11:09Z,PORTE-A,R55251423,UNITE,OK
TKT72673383588,2026-01-15T19:11:09Z,PORTE-A,R51393201,UNITE,OK
TKT70523711169,2026-01-15T19:11:09Z,PORTE-A,R59873788,UNITE,REFUSE_DEJA_SCANNE
TKT20018773470,2026-01-15T19:11:09Z,PORTE-C,R57568908,UNITE,OK
TKT39436317151,2026-01-15T19:11:09Z,VIP-EST,R56305093,UNITE,OK
TKT78239411794,2026-01-15T19:11:10Z,PORTE-D,R52986244,ABONNEMENT,OK
TKT59012595609,2026-01-15T19:11:10Z,VIP-EST,R53042516,UNITE,OK
TKT50145846255,2026-01-15T19:11:10Z,VIP-EST,R54454858,UNITE,OK
TKT99079733000,2026-01-15T19:11:10Z,PORTE-D,R54132018,UNITE,OK
TKT90786515820,2026-01-15T19:11:10Z,VIP-EST,R55928644,UNITE,OK
TKT85694395548,2026-01-15T19:11:10Z,PORTE-C,,UNITE,OK
TKT94645114620,2026-01-15T19:11:10Z,PORTE-C,,UNITE,OK
TKT36025744109,2026-01-15T19:11:10Z,VIP-EST,R56822676,UNITE,OK
TKT63226184691,2026-01-15T19:11:11Z,VIP-EST,,UNITE,OK
TKT65172406575,2026-01-15T19:11:11Z,PORTE-D,R56115676,UNITE,OK
TKT55343457495,2026-01-15T19:11:11Z,PORTE-D,R51080916,UNITE,OK
TKT43038452533,2026-01-15T19:11:11Z,VIP-EST,R55667784,UNITE,OK
TKT38119429641,2026-01-15T19:11:12Z,PORTE-B,R55758173,ABONNEMENT,OK
TKT98020242249,2026-01-15T19:11:12Z,PORTE-D,R56587763,ABONNEMENT,OK
TKT23512796061,2026-01-15T19:11:12Z,PORTE-D,R54637063,UNITE,OK
TKT37517916535,2026-01-15T19:11:13Z,PORTE-C,R56771998,UNITE,OK
TKT40705748431,2026-01-15T19:11:13Z,PORTE-C,,UNITE,OK
TKT96792173898,2026-01-15T19:11:14Z,VIP-EST,R56048869,ABONNEMENT,OK
TKT72846593256,2026-01-15T19:11:14Z,PORTE-C,,UNITE,OK
TKT25445488665,2026-01-15T19:11:15Z,PORTE-C,,UNITE,OK
TKT51543086514,2026-01-15T19:11:15Z,PORTE-A,,GROUPE,OK
TKT74589533750,2026-01-15T19:11:15Z,PORTE-D,R54147343,UNITE,OK
TKT18344053916,2026-01-15T19:11:15Z,PORTE-D,R54793924,UNITE,OK
TKT20838358367,2026-01-15T19:11:15Z,PORTE-A,R52807861,VIP,OK
TKT85246614110,2026-01-15T19:11:16Z,PORTE-B,R56333780,UNITE,OK
TKT26132008847,2026-01-15T19:11:16Z,PORTE-C,R52764348,UNITE,OK
TKT30537893987,2026-01-15T19:11:17Z,VIP-EST,R54521139,ABONNEMENT,OK
TKT22063374242,2026-01-15T19:11:17Z,PORTE-C,R51856083,ABONNEMENT,OK
TKT78146786645,2026-01-15T19:11:17Z,PORTE-C,R56273495,ABONNEMENT,OK
TKT46396426912,2026-01-15T19:11:17Z,PORTE-A,R55065617,UNITE,OK
TKT27652353114,2026-01-15T19:11:18Z,VIP-EST,R53423802,ABONNEMENT,OK
TKT85477366540,2026-01-15T19:11:18Z,PORTE-C,R55805096,ABONNEMENT,OK
TKT68636285963,2026-01-15T19:11:18Z,PORTE-A,R51797570,ABONNEMENT,OK
TKT35578032865,2026-01-15T19:11:18Z,PORTE-C,,UNITE,OK
TKT46534663869,2026-01-15T19:11:18Z,PORTE-C,R55265311,UNITE,OK
TKT55511333198,2026-01-15T19:11:18Z,PORTE-B,R55082580,INVITATION,OK
TKT79157124452,2026-01-15T19:11:20Z,PORTE-A,R53733769,UNITE,OK
TKT20993437305,2026-01-15T19:11:20Z,PORTE-C,R58897403,UNITE,OK
TKT90630950519,2026-01-15T19:11:20Z,PORTE-C,R56025508,UNITE,OK
TKT46126329228,2026-01-15T19:11:21Z,PORTE-C,R52066744,UNITE,OK
TKT89645366978,2026-01-15T19:11:21Z,PORTE-A,R52938296,UNITE,OK
TKT66743445747,2026-01-15T19:11:21Z,PORTE-A,,UNITE,OK
TKT79093715783,2026-01-15T19:11:22Z,PORTE-D,R57288757,ABONNEMENT,OK
TKT39463714262,2026-01-15T19:11:22Z,PORTE-A,R59390734,UNITE,OK
TKT79049068140,2026-01-15T19:11:22Z,PORTE-C,R53497429,UNITE,OK
TKT44265356417,2026-01-15T19:11:22Z,PORTE-A,,UNITE,OK
TKT10391693842,2026-01-15T19:11:22Z,PORTE-D,R58315599,UNITE,OK
TKT10855183728,2026-01-15T19:11:23Z,PORTE-A,R51893945,ABONNEMENT,OK
TKT45776598082,2026-01-15T19:11:23Z,PORTE-C,R56286090,UNITE,OK
TKT44850672221,2026-01-15T19:11:23Z,PORTE-D,R53254949,UNITE,OK
TKT88788613721,2026-01-15T19:11:23Z,PORTE-C,,GROUPE,OK
TKT26205299464,2026-01-15T19:11:24Z,PORTE-C,R53153871,UNITE,OK
TKT38225145757,2026-01-15T19:11:24Z,PORTE-C,R51135741,UNITE,OK
TKT62838280193,2026-01-15T19:11:24Z,VIP-EST,R56063514,VIP,OK
TKT19691394322,2026-01-15T19:11:24Z,VIP-EST,R56383902,UNITE,OK
TKT53513782586,2026-01-15T19:11:25Z,PORTE-C,R53923320,UNITE,OK
TKT74458308049,2026-01-15T19:11:25Z,PORTE-A,,UNITE,OK
TKT38111254738,2026-01-15T19:11:25Z,VIP-EST,R52121033,UNITE,OK
TKT54954998118,2026-01-15T19:11:25Z,PORTE-A,R54787516,UNITE,OK
TKT16810251110,2026-01-15T19:11:25Z,PORTE-C,R56561059,UNITE,OK
TKT16534525112,2026-01-15T19:11:26Z,PORTE-A,R58587838,UNITE,OK
TKT63887964413,2026-01-15T19:11:26Z,PORTE-C,R54407255,UNITE,OK
TKT68656022126,2026-01-15T19:11:26Z,PORTE-C,R56453861,UNITE,OK
TKT23734212011,2026-01-15T19:11:26Z,PORTE-C,R54182897,UNITE,OK
TKT61750948522,2026-01-15T19:11:27Z,PORTE-A,R55567932,ABONNEMENT,OK
TKT31407267387,2026-01-15T19:11:27Z,PORTE-B,,GROUPE,OK
TKT39217258148,2026-01-15T19:11:27Z,PORTE-C,R55546812,UNITE,OK
TKT96258558801,2026-01-15T19:11:27Z,PORTE-C,R53351937,UNITE,OK
TKT58657261095,2026-01-15T19:11:27Z,VIP-EST,,UNITE,OK
TKT37450468947,2026-01-15T19:11:27Z,PORTE-A,R58511836,UNITE,OK
TKT87940662789,2026-01-15T19:11:27Z,PORTE-C,,UNITE,OK
TKT24559253990,2026-01-15T19:11:28Z,PORTE-C,R56254636,UNITE,OK
TKT14100547573,2026-01-15T19:11:28Z,PORTE-C,,UNITE,OK
TKT34601098143,2026-01-15T19:11:29Z,PORTE-C,R59403406,UNITE,OK
TKT16127325963,2026-01-15T19:11:30Z,PORTE-C,R55496422,ABONNEMENT,OK
TKT88334740102,2026-01-15T19:11:30Z,VIP-EST,R59193281,ABONNEMENT,OK
TKT17871702120,2026-01-15T19:11:30Z,VIP-EST,R51415068,UNITE,OK
TKT90749899231,2026-01-15T19:11:30Z,PORTE-B,R56358501,UNITE,OK
TKT37785917419,2026-01-15T19:11:31Z,PORTE-D,R55617930,ABONNEMENT,OK
TKT75105012856,2026-01-15T19:11:31Z,PORTE-C,R56118061,ABONNEMENT,OK
TKT35769623236,2026-01-15T19:11:31Z,PORTE-C,,UNITE,OK
TKT26925013039,2026-01-15T19:11:31Z,PORTE-D,R55171043,UNITE,OK
TKT34868623459,2026-01-15T19:11:32Z,PORTE-A,,GROUPE,OK
TKT49509178540,2026-01-15T19:11:32Z,PORTE-B,R59464572,UNITE,OK
TKT96208305918,2026-01-15T19:11:33Z,VIP-EST,R52487942,UNITE,OK
TKT78056093909,2026-01-15T19:11:34Z,PORTE-C,R59858530,UNITE,OK
TKT92714088818,2026-01-15T19:11:34Z,PORTE-A,R59147239,UNITE,OK
TKT68201296590,2026-01-15T19:11:34Z,PORTE-C,R58750829,UNITE,OK
TKT29005222437,2026-01-15T19:11:35Z,PORTE-A,,GROUPE,OK
TKT71109301702,2026-01-15T19:11:35Z,PORTE-B,,UNITE,OK
TKT20677733584,2026-01-15T19:11:35Z,PORTE-C,R55647967,UNITE,OK
TKT10358099787,2026-01-15T19:11:36Z,PORTE-D,R54897310,ABONNEMENT,OK
TKT72330544301,2026-01-15T19:11:36Z,PORTE-C,R56217099,UNITE,OK
TKT78154908328,2026-01-15T19:11:36Z,VIP-EST,R55411617,UNITE,OK
TKT56319800447,2026-01-15T19:11:36Z,VIP-EST,,GROUPE,OK
TKT25948454629,2026-01-15T19:11:37Z,PORTE-D,R53424606,ABONNEMENT,OK
TKT90987155557,2026-01-15T19:11:37Z,PORTE-D,,UNITE,OK
TKT48200743201,2026-01-15T19:11:37Z,VIP-EST,R59046161,UNITE,OK
TKT52483580488,2026-01-15T19:11:38Z,VIP-EST,R55629979,UNITE,OK
TKT76684634188,2026-01-15T19:11:39Z,PORTE-C,R53970320,UNITE,OK
TKT95334825853,2026-01-15T19:11:39Z,PORTE-C,R56526530,UNITE,OK
TKT85185671486,2026-01-15T19:11:39Z,PORTE-C,R57464832,UNITE,OK
TKT75302184028,2026-01-15T19:11:39Z,PORTE-C,R58552964,UNITE,OK
TKT16816796368,2026-01-15T19:11:39Z,PORTE-C,,UNITE,OK
TKT85241406905,2026-01-15T19:11:39Z,PORTE-C,R57022715,UNITE,OK
TKT23612434451,2026-01-15T19:11:40Z,PORTE-C,,UNITE,OK
TKT67083717597,2026-01-15T19:11:40Z,VIP-EST,R52350707,UNITE,OK
TKT15546327222,2026-01-15T19:11:40Z,PORTE-D,R54124997,UNITE,OK
TKT37536530261,2026-01-15T19:11:40Z,PORTE-C,R59547672,INVITATION,OK
TKT65005810003,2026-01-15T19:11:41Z,VIP-EST,R59741514,UNITE,OK
TKT12022898606,2026-01-15T19:11:41Z,PORTE-C,,UNITE,OK
TKT46140555564,2026-01-15T19:11:41Z,PORTE-B,R59171280,UNITE,OK
TKT94680544788,2026-01-15T19:11:42Z,VIP-EST,R55100692,UNITE,OK
TKT43686449271,2026-01-15T19:11:42Z,VIP-EST,R58222356,UNITE,OK
TKT49766510272,2026-01-15T19:11:46Z,PORTE-C,R54331109,ABONNEMENT,OK
TKT23959683346,2026-01-15T19:11:46Z,PORTE-D,R59382152,ABONNEMENT,OK
TKT16041584547,2026-01-15T19:11:47Z,PORTE-D,,GROUPE,OK
TKT88441063015,2026-01-15T19:11:47Z,VIP-EST,R52826184,UNITE,OK
TKT15634637599,2026-01-15T19:11:47Z,VIP-EST,,UNITE,OK
TKT32806665315,2026-01-15T19:11:47Z,VIP-EST,,VIP,OK
TKT76272219460,2026-01-15T19:11:47Z,PORTE-B,R58203497,UNITE,OK
TKT42655326890,2026-01-15T19:11:47Z,PORTE-D,R52225511,UNITE,OK
TKT21039925557,2026-01-15T19:11:48Z,PORTE-C,,UNITE,OK
TKT76783972323,2026-01-15T19:11:49Z,PORTE-C,R57507186,UNITE,OK
TKT78626682366,2026-01-15T19:11:50Z,PORTE-A,R55146935,UNITE,OK
TKT59566389749,2026-01-15T19:11:51Z,PORTE-D,R59005703,UNITE,OK
TKT66335675652,2026-01-15T19:11:51Z,PORTE-A,R51609111,UNITE,REFUSE_DEJA_SCANNE
TKT13562006900,2026-01-15T19:11:51Z,PORTE-D,,UNITE,OK
TKT65930359184,2026-01-15T19:11:52Z,PORTE-C,R51307304,UNITE,OK
TKT54617336221,2026-01-15T19:11:52Z,PORTE-C,R58316624,UNITE,OK
TKT16300003431,2026-01-15T19:11:53Z,PORTE-C,,UNITE,OK
TKT80899934816,2026-01-15T19:11:53Z,VIP-EST,R54013776,UNITE,OK
TKT80591510545,2026-01-15T19:11:53Z,VIP-EST,,GROUPE,OK
TKT93243061747,2026-01-15T19:11:53Z,PORTE-C,R54833280,UNITE,OK
TKT24037991010,2026-01-15T19:11:54Z,PORTE-C,R59886795,UNITE,OK
TKT13124219833,2026-01-15T19:11:54Z,PORTE-D,R57195102,UNITE,OK
TKT64397966616,2026-01-15T19:11:54Z,PORTE-C,,UNITE,OK
TKT45666620492,2026-01-15T19:11:54Z,PORTE-B,R57272819,UNITE,OK
TKT92652135861,2026-01-15T19:11:55Z,PORTE-A,R53090732,UNITE,OK
TKT92581717545,2026-01-15T19:11:55Z,PORTE-A,,UNITE,OK
TKT49050439885,2026-01-15T19:11:56Z,VIP-EST,R51546987,UNITE,OK
TKT45195881889,2026-01-15T19:11:56Z,PORTE-C,R59245051,UNITE,OK
TKT97450865443,2026-01-15T19:11:57Z,PORTE-B,R52758074,UNITE,OK
TKT62316547799,2026-01-15T19:11:57Z,PORTE-B,R56313072,UNITE,OK
TKT89261027565,2026-01-15T19:11:58Z,PORTE-B,R55991381,UNITE,OK
TKT33039916816,2026-01-15T19:11:58Z,PORTE-A,R59279915,UNITE,OK
TKT46034082719,2026-01-15T19:11:58Z,VIP-EST,R52837285,UNITE,OK
TKT32594661189,2026-01-15T19:11:58Z,PORTE-B,R58170452,UNITE,OK
TKT14299714629,2026-01-15T19:11:58Z,PORTE-C,R58003860,UNITE,OK
TKT28171628384,2026-01-15T19:11:59Z,PORTE-B,R56184821,ABONNEMENT,OK
TKT74391558632,2026-01-15T19:11:59Z,PORTE-C,R57473960,ABONNEMENT,OK
TKT97452122731,2026-01-15T19:11:59Z,PORTE-B,R53308280,ABONNEMENT,REFUSE_DEJA_SCANNE
TKT74126583365,2026-01-15T19:11:59Z,PORTE-B,R59501687,UNITE,OK
TKT51211665617,2026-01-15T19:11:59Z,PORTE-C,R52429027,UNITE,OK
TKT86477250474,2026-01-15T19:11:59Z,PORTE-B,R57128352,UNITE,OK
TKT69935692073,2026-01-15T19:11:59Z,PORTE-C,R56167781,UNITE,OK
TKT31900192275,2026-01-15T19:12:00Z,PORTE-D,R59846605,UNITE,OK
TKT17977718924,2026-01-15T19:12:00Z,PORTE-C,R58074623,INVITATION,REFUSE_DEJA_SCANNE
TKT87630927550,2026-01-15T19:12:00Z,PORTE-C,R56513389,UNITE,OK
TKT32487817677,2026-01-15T19:12:00Z,PORTE-A,R57393992,UNITE,OK
TKT49219346394,2026-01-15T19:12:01Z,PORTE-C,R58465918,UNITE,OK
TKT14334223454,2026-01-15T19:12:01Z,PORTE-C,,UNITE,OK
TKT16181620325,2026-01-15T19:12:01Z,PORTE-C,R58608747,UNITE,OK
TKT54674659930,2026-01-15T19:12:01Z,PORTE-B,R53672680,UNITE,OK
TKT76464450558,2026-01-15T19:12:01Z,PORTE-A,,VIP,OK
TKT48162896327,2026-01-15T19:12:01Z,VIP-EST,R58564956,UNITE,REFUSE_DEJA_SCANNE
TKT69977469447,2026-01-15T19:12:01Z,PORTE-C,R53018733,UNITE,OK
TKT45280826652,2026-01-15T19:12:02Z,PORTE-A,R59292041,ABONNEMENT,OK
TKT41339731951,2026-01-15T19:12:02Z,PORTE-C,R54490613,UNITE,OK
TKT17407415331,2026-01-15T19:12:02Z,PORTE-B,R58567609,UNITE,OK
TKT19667524374,2026-01-15T19:12:02Z,PORTE-C,R52745958,UNITE,OK
TKT79840080269,2026-01-15T19:12:03Z,PORTE-A,R54619755,UNITE,OK
TKT34666496665,2026-01-15T19:12:03Z,PORTE-C,R55564934,UNITE,OK
TKT10723092930,2026-01-15T19:12:03Z,VIP-EST,R58628641,UNITE,OK
TKT50818694808,2026-01-15T19:12:04Z,PORTE-D,R51304651,UNITE,OK
TKT16690159412,2026-01-15T19:12:04Z,VIP-EST,,INVITATION,OK
TKT50945520646,2026-01-15T19:12:04Z,PORTE-D,R58836793,UNITE,OK
TKT93984816031,2026-01-15T19:12:05Z,VIP-EST,R57657716,UNITE,OK
TKT13919294029,2026-01-15T19:12:05Z,PORTE-B,R55629031,UNITE,OK
TKT41941104373,2026-01-15T19:12:05Z,PORTE-B,R59763917,UNITE,OK
TKT25566081734,2026-01-15T19:12:06Z,VIP-EST,R54392878,ABONNEMENT,OK
TKT70219062728,2026-01-15T19:12:06Z,PORTE-C,,UNITE,OK
TKT10839281069,2026-01-15T19:12:06Z,PORTE-C,R59867926,UNITE,OK
TKT81249156312,2026-01-15T19:12:06Z,PORTE-A,,UNITE,OK
TKT75494635504,2026-01-15T19:12:06Z,PORTE-B,R54787851,UNITE,OK
TKT32690660085,2026-01-15T19:12:07Z,PORTE-B,R57754369,ABONNEMENT,OK
TKT63976142308,2026-01-15T19:12:07Z,PORTE-A,R59161539,UNITE,OK
TKT52484039193,2026-01-15T19:12:07Z,PORTE-B,R59738171,UNITE,OK
TKT88434111742,2026-01-15T19:12:07Z,PORTE-C,R52488488,INVITATION,OK
TKT44633980952,2026-01-15T19:12:08Z,PORTE-C,,UNITE,OK
TKT92089080001,2026-01-15T19:12:08Z,PORTE-C,R58501961,UNITE,OK
TKT25206644413,2026-01-15T19:12:09Z,PORTE-C,R51072257,UNITE,OK
TKT79081972285,2026-01-15T19:12:09Z,PORTE-D,R55561735,UNITE,OK
TKT25185717369,2026-01-15T19:12:10Z,PORTE-A,R53601562,UNITE,OK
TKT94411739212,2026-01-15T19:12:10Z,PORTE-B,R58386707,UNITE,OK
TKT14787152295,2026-01-15T19:12:10Z,PORTE-D,,UNITE,OK
TKT46533821203,2026-01-15T19:12:10Z,PORTE-B,R51914730,UNITE,OK
TKT99003156884,2026-01-15T19:12:10Z,PORTE-C,,GROUPE,OK
TKT43812628867,2026-01-15T19:12:11Z,PORTE-C,,UNITE,OK
TKT51679600026,2026-01-15T19:12:11Z,PORTE-C,R59215560,UNITE,OK
TKT65207174566,2026-01-15T19:12:12Z,PORTE-C,,GROUPE,OK
TKT62444580987,2026-01-15T19:12:12Z,PORTE-C,R52334357,UNITE,OK
TKT32450037838,2026-01-15T19:12:12Z,PORTE-C,R57526055,UNITE,OK
TKT73790598697,2026-01-15T19:12:12Z,PORTE-C,R52725652,UNITE,OK
TKT77336487861,2026-01-15T19:12:12Z,PORTE-C,R56827235,UNITE,OK
TKT17148987453,2026-01-15T19:12:13Z,PORTE-D,R53234998,ABONNEMENT,OK
TKT97021308916,2026-01-15T19:12:13Z,VIP-EST,,UNITE,OK
TKT43080675444,2026-01-15T19:12:14Z,VIP-EST,R58371047,UNITE,OK
TKT67237219154,2026-01-15T19:12:14Z,PORTE-A,R55662401,VIP,OK
TKT75814139260,2026-01-15T19:12:14Z,PORTE-D,R53473589,UNITE,OK
TKT61535429108,2026-01-15T19:12:14Z,VIP-EST,,VIP,OK
TKT27200532127,2026-01-15T19:12:15Z,PORTE-B,R51366708,ABONNEMENT,OK
TKT45869877811,2026-01-15T19:12:15Z,PORTE-B,R54572755,UNITE,OK
TKT94078504854,2026-01-15T19:12:15Z,VIP-EST,,UNITE,OK
TKT17349267072,2026-01-15T19:12:15Z,PORTE-B,,INVITATION,OK
TKT42334555495,2026-01-15T19:12:16Z,PORTE-B,R58762409,UNITE,OK
TKT59667709907,2026-01-15T19:12:16Z,PORTE-C,R57537089,UNITE,OK
TKT88736114903,2026-01-15T19:12:17Z,PORTE-A,R57836578,ABONNEMENT,OK
TKT35870285393,2026-01-15T19:12:17Z,PORTE-A,R59085048,UNITE,OK
TKT85689671633,2026-01-15T19:12:17Z,VIP-EST,R53837634,UNITE,OK
TKT75016929181,2026-01-15T19:12:18Z,PORTE-B,R54520727,UNITE,OK
TKT56311457199,2026-01-15T19:12:19Z,VIP-EST,R53937419,UNITE,OK
TKT84332754972,2026-01-15T19:12:20Z,PORTE-C,R58596698,UNITE,OK
TKT28993934912,2026-01-15T19:12:20Z,VIP-EST,R53067371,UNITE,OK
TKT67407694373,2026-01-15T19:12:20Z,PORTE-D,R56599745,UNITE,OK
TKT11738449000,2026-01-15T19:12:21Z,PORTE-C,R52957778,ABONNEMENT,OK
TKT23108728556,2026-01-15T19:12:21Z,PORTE-C,,UNITE,OK
TKT75843020357,2026-01-15T19:12:22Z,PORTE-D,R56132649,UNITE,OK
TKT12324777991,2026-01-15T19:12:22Z,VIP-EST,R53838726,VIP,OK
TKT91985233517,2026-01-15T19:12:23Z,PORTE-A,R51344841,UNITE,OK
TKT64446801261,2026-01-15T19:12:23Z,PORTE-D,R59906545,UNITE,OK
TKT14628560560,2026-01-15T19:12:23Z,VIP-EST,R56711934,UNITE,OK
TKT51796126287,2026-01-15T19:12:23Z,PORTE-D,R51654061,UNITE,OK
TKT12213312245,2026-01-15T19:12:24Z,VIP-EST,R53323950,ABONNEMENT,OK
TKT36500928196,2026-01-15T19:12:24Z,PORTE-D,R54946963,ABONNEMENT,OK
TKT28220575720,2026-01-15T19:12:24Z,VIP-EST,R55278194,VIP,OK
TKT33140761158,2026-01-15T19:12:24Z,PORTE-C,R52575678,UNITE,OK
TKT72666474219,2026-01-15T19:12:24Z,PORTE-C,R58208334,UNITE,OK
TKT31761072992,2026-01-15T19:12:25Z,PORTE-A,R53911137,ABONNEMENT,OK
TKT39230556794,2026-01-15T19:12:25Z,PORTE-C,R51382234,UNITE,OK
TKT38196916720,2026-01-15T19:12:25Z,PORTE-B,,UNITE,OK
TKT57438595974,2026-01-15T19:12:25Z,PORTE-A,R51995100,INVITATION,OK
TKT48555801561,2026-01-15T19:12:26Z,PORTE-A,R59339108,ABONNEMENT,OK
TKT39457241615,2026-01-15T19:12:26Z,PORTE-B,,INVITATION,OK
TKT47508860967,2026-01-15T19:12:26Z,PORTE-B,,UNITE,OK
TKT32475371454,2026-01-15T19:12:26Z,PORTE-A,R51761949,UNITE,OK
TKT57323635391,2026-01-15T19:12:27Z,PORTE-C,R53089985,ABONNEMENT,OK
TKT87911650682,2026-01-15T19:12:27Z,PORTE-B,R58468514,UNITE,OK
TKT70151627478,2026-01-15T19:12:27Z,PORTE-D,,UNITE,OK
TKT90038172472,2026-01-15T19:12:27Z,PORTE-A,R53407988,UNITE,OK
TKT77533128648,2026-01-15T19:12:27Z,PORTE-C,R54985860,UNITE,OK
TKT47745240762,2026-01-15T19:12:27Z,PORTE-D,,UNITE,OK
TKT80631299994,2026-01-15T19:12:28Z,PORTE-C,R58982955,ABONNEMENT,OK
TKT85386310695,2026-01-15T19:12:29Z,PORTE-A,R58185164,ABONNEMENT,OK
TKT15466103037,2026-01-15T19:12:29Z,VIP-EST,R57506104,UNITE,OK
TKT36998947982,2026-01-15T19:12:29Z,PORTE-C,,UNITE,OK
TKT93791960171,2026-01-15T19:12:29Z,VIP-EST,R56390511,UNITE,OK
TKT70626491124,2026-01-15T19:12:30Z,PORTE-C,R57366685,ABONNEMENT,OK
TKT79939830956,2026-01-15T19:12:30Z,VIP-EST,R53102513,UNITE,OK
TKT55202187168,2026-01-15T19:12:30Z,VIP-EST,R55668799,VIP,OK
TKT58769552382,2026-01-15T19:12:30Z,PORTE-D,R53130912,UNITE,OK
TKT46393563484,2026-01-15T19:12:31Z,PORTE-D,,UNITE,OK
TKT66194992140,2026-01-15T19:12:32Z,PORTE-A,R58035257,ABONNEMENT,OK
TKT22827114489,2026-01-15T19:12:32Z,PORTE-A,,UNITE,OK
TKT46404362330,2026-01-15T19:12:33Z,PORTE-B,R55893770,ABONNEMENT,OK
TKT55466269472,2026-01-15T19:12:33Z,PORTE-C,R58785224,UNITE,OK
TKT46863558996,2026-01-15T19:12:33Z,PORTE-C,R53970052,UNITE,OK
TKT38608491379,2026-01-15T19:12:33Z,PORTE-C,R52018193,UNITE,OK
TKT38149144819,2026-01-15T19:12:33Z,PORTE-C,R57641855,UNITE,OK
TKT28343739332,2026-01-15T19:12:34Z,VIP-EST,,VIP,OK
TKT25686423589,2026-01-15T19:12:35Z,PORTE-C,R52669199,ABONNEMENT,OK
TKT15368223520,2026-01-15T19:12:35Z,PORTE-D,R56053639,UNITE,OK
TKT43801501904,2026-01-15T19:12:35Z,PORTE-C,R56154238,UNITE,OK
TKT49786563866,2026-01-15T19:12:35Z,PORTE-C,R53431962,UNITE,OK
TKT32354741317,2026-01-15T19:12:36Z,PORTE-C,R55672688,UNITE,OK
TKT85136563481,2026-01-15T19:12:36Z,PORTE-C,R58857022,UNITE,OK
TKT13699581734,2026-01-15T19:12:37Z,PORTE-D,R54620100,ABONNEMENT,OK
TKT90150162992,2026-01-15T19:12:37Z,PORTE-B,R58610318,UNITE,OK
TKT66410853130,2026-01-15T19:12:37Z,PORTE-A,R52259715,UNITE,OK
TKT83497470092,2026-01-15T19:12:38Z,PORTE-B,R56738082,ABONNEMENT,OK
TKT13409457306,2026-01-15T19:12:38Z,PORTE-C,R54969309,UNITE,OK
TKT51246898600,2026-01-15T19:12:38Z,VIP-EST,,GROUPE,OK
TKT11701195946,2026-01-15T19:12:38Z,PORTE-A,R58766499,UNITE,OK
TKT44179411815,2026-01-15T19:12:38Z,VIP-EST,R59955451,UNITE,OK
TKT84203270830,2026-01-15T19:12:38Z,PORTE-C,,UNITE,OK
TKT48783546214,2026-01-15T19:12:38Z,PORTE-C,R54930479,UNITE,OK
TKT12960264595,2026-01-15T19:12:39Z,PORTE-A,R54707079,ABONNEMENT,OK
TKT27212018933,2026-01-15T19:12:39Z,PORTE-A,R55550902,ABONNEMENT,OK
TKT69775212686,2026-01-15T19:12:39Z,PORTE-B,R57561954,INVITATION,OK
TKT58633531134,2026-01-15T19:12:39Z,PORTE-D,R55262859,UNITE,OK
TKT25173704086,2026-01-15T19:12:39Z,VIP-EST,R55821513,UNITE,OK
TKT34213321072,2026-01-15T19:12:41Z,PORTE-A,R54037137,ABONNEMENT,OK
TKT23464751509,2026-01-15T19:12:41Z,PORTE-C,R56520601,UNITE,OK
TKT88532260105,2026-01-15T19:12:41Z,PORTE-C,,UNITE,OK
TKT49638576934,2026-01-15T19:12:41Z,PORTE-C,,GROUPE,OK
TKT68272760861,2026-01-15T19:12:42Z,PORTE-A,R59200292,ABONNEMENT,OK
TKT83039973758,2026-01-15T19:12:42Z,PORTE-C,R59744033,UNITE,OK
TKT50595410631,2026-01-15T19:12:42Z,PORTE-A,,UNITE,OK
TKT56116801847,2026-01-15T19:12:43Z,PORTE-C,R55995337,UNITE,OK
TKT31992273179,2026-01-15T19:12:43Z,PORTE-A,,UNITE,OK
TKT86722985470,2026-01-15T19:12:44Z,PORTE-B,R51427184,UNITE,OK
TKT60001934397,2026-01-15T19:12:44Z,PORTE-C,R58233936,UNITE,OK
TKT92174280452,2026-01-15T19:12:44Z,PORTE-A,R54396757,UNITE,OK
TKT38305135259,2026-01-15T19:12:45Z,PORTE-C,R56658593,ABONNEMENT,OK
TKT66303991800,2026-01-15T19:12:45Z,PORTE-D,,UNITE,OK
TKT49701597128,2026-01-15T19:12:45Z,PORTE-A,R55783373,UNITE,OK
TKT22381816774,2026-01-15T19:12:45Z,PORTE-C,R51105704,UNITE,OK
TKT71325556311,2026-01-15T19:12:45Z,PORTE-A,,UNITE,OK
TKT44719670682,2026-01-15T19:12:45Z,PORTE-B,R57612421,UNITE,OK
TKT23959683346,2026-01-15T19:12:46Z,PORTE-D,R59382152,ABONNEMENT,REFUSE_DEJA_SCANNE
TKT10310294998,2026-01-15T19:12:46Z,PORTE-C,R55662334,UNITE,OK
TKT59321228282,2026-01-15T19:12:46Z,PORTE-A,,UNITE,OK
TKT94508625712,2026-01-15T19:12:46Z,PORTE-C,R55798219,UNITE,OK
TKT72968004087,2026-01-15T19:12:46Z,PORTE-A,R57306668,UNITE,OK
TKT94925233774,2026-01-15T19:12:47Z,PORTE-C,R52376175,UNITE,OK
TKT49258356724,2026-01-15T19:12:47Z,PORTE-A,R51515255,UNITE,OK
TKT44017004001,2026-01-15T19:12:48Z,PORTE-C,R52448576,ABONNEMENT,OK
TKT67133061874,2026-01-15T19:12:48Z,PORTE-C,R56451677,UNITE,OK
TKT42982644196,2026-01-15T19:12:48Z,PORTE-C,,GROUPE,OK
TKT70641928240,2026-01-15T19:12:48Z,PORTE-B,R56156134,INVITATION,OK
TKT76569405524,2026-01-15T19:12:48Z,VIP-EST,R56090275,UNITE,OK
TKT60537321475,2026-01-15T19:12:49Z,PORTE-C,R52778993,UNITE,OK
TKT82766964013,2026-01-15T19:12:49Z,PORTE-B,,UNITE,OK
TKT54589768388,2026-01-15T19:12:49Z,PORTE-B,R59865263,UNITE,OK
TKT45370122070,2026-01-15T19:12:49Z,VIP-EST,R55194883,UNITE,OK
TKT52986540116,2026-01-15T19:12:50Z,PORTE-C,R53961403,ABONNEMENT,OK
TKT41428795194,2026-01-15T19:12:50Z,PORTE-C,R58991269,UNITE,OK
TKT57818734088,2026-01-15T19:12:51Z,PORTE-D,R59733411,ABONNEMENT,OK
TKT39461566216,2026-01-15T19:12:51Z,PORTE-C,R54685011,ABONNEMENT,OK
TKT44525343905,2026-01-15T19:12:51Z,PORTE-C,R59936850,ABONNEMENT,OK
TKT51577454976,2026-01-15T19:12:51Z,PORTE-D,R54817151,UNITE,OK
TKT61290778039,2026-01-15T19:12:51Z,VIP-EST,R56758512,UNITE,OK
TKT46929686068,2026-01-15T19:12:51Z,PORTE-C,R58118146,UNITE,OK
TKT97646459263,2026-01-15T19:12:51Z,PORTE-B,,UNITE,OK
TKT56789599559,2026-01-15T19:12:52Z,PORTE-A,R58610797,ABONNEMENT,OK
TKT41543362423,2026-01-15T19:12:52Z,PORTE-D,,INVITATION,OK
TKT36151964394,2026-01-15T19:12:52Z,PORTE-C,R54804278,UNITE,OK
TKT71389944381,2026-01-15T19:12:53Z,PORTE-C,R52588896,ABONNEMENT,OK
TKT81054199604,2026-01-15T19:12:53Z,PORTE-B,R55770423,UNITE,OK
TKT30957910718,2026-01-15T19:12:55Z,PORTE-D,R56707978,ABONNEMENT,OK
TKT28025336344,2026-01-15T19:12:56Z,VIP-EST,,GROUPE,OK
TKT49863604977,2026-01-15T19:12:56Z,PORTE-B,,GROUPE,OK
TKT69469818874,2026-01-15T19:12:57Z,PORTE-C,R52870397,ABONNEMENT,OK
TKT72836859002,2026-01-15T19:12:57Z,PORTE-D,R59795860,ABONNEMENT,OK
TKT58110882292,2026-01-15T19:12:57Z,PORTE-A,R57036134,UNITE,OK
TKT81758560378,2026-01-15T19:12:59Z,PORTE-B,R58740964,UNITE,OK
TKT54593588836,2026-01-15T19:12:59Z,PORTE-C,R59126330,UNITE,OK
TKT33304723021,2026-01-15T19:12:59Z,PORTE-D,,UNITE,OK
TKT91070321043,2026-01-15T19:13:00Z,PORTE-D,R55954457,UNITE,OK
TKT75020439674,2026-01-15T19:13:00Z,VIP-EST,R59582201,VIP,OK
TKT27859471886,2026-01-15T19:13:01Z,PORTE-D,R54589316,ABONNEMENT,OK
TKT54509064379,2026-01-15T19:13:01Z,PORTE-B,,GROUPE,OK
TKT67857754795,2026-01-15T19:13:01Z,PORTE-C,R54510842,INVITATION,OK
TKT39743983186,2026-01-15T19:13:01Z,PORTE-A,R58424311,UNITE,OK
TKT38089955383,2026-01-15T19:13:01Z,PORTE-C,R55070377,UNITE,OK
TKT58049208980,2026-01-15T19:13:02Z,PORTE-A,R51021177,UNITE,OK
TKT17018234028,2026-01-15T19:13:02Z,VIP-EST,,INVITATION,OK
TKT44227432099,2026-01-15T19:13:03Z,PORTE-C,R53618793,INVITATION,OK
TKT61990843285,2026-01-15T19:13:03Z,PORTE-D,R55832346,UNITE,OK
TKT74034507247,2026-01-15T19:13:03Z,VIP-EST,R59540996,UNITE,OK
TKT94148207775,2026-01-15T19:13:04Z,VIP-EST,,VIP,OK
TKT17793227620,2026-01-15T19:13:04Z,VIP-EST,R58756902,UNITE,OK
TKT25226061683,2026-01-15T19:13:05Z,PORTE-C,R52959148,ABONNEMENT,OK
TKT34647763487,2026-01-15T19:13:05Z,PORTE-C,R58513742,UNITE,OK
TKT65477598093,2026-01-15T19:13:05Z,PORTE-A,,GROUPE,OK
TKT67161847072,2026-01-15T19:13:06Z,PORTE-C,R53971134,ABONNEMENT,OK
TKT33223918608,2026-01-15T19:13:06Z,PORTE-D,R56303599,ABONNEMENT,OK
TKT97608686650,2026-01-15T19:13:06Z,PORTE-C,R59319224,UNITE,OK
TKT27148409922,2026-01-15T19:13:07Z,PORTE-C,,INVITATION,OK
TKT46918627648,2026-01-15T19:13:07Z,PORTE-C,R58883649,UNITE,OK
TKT97545545733,2026-01-15T19:13:08Z,PORTE-B,R52269523,UNITE,OK
TKT77608064525,2026-01-15T19:13:08Z,PORTE-D,R51109861,UNITE,OK
TKT61855155166,2026-01-15T19:13:09Z,PORTE-A,R54700068,UNITE,REFUSE_INVALIDE
TKT54558189313,2026-01-15T19:13:09Z,PORTE-A,,GROUPE,OK
TKT55050930783,2026-01-15T19:13:10Z,PORTE-D,R55878043,ABONNEMENT,OK
TKT16145412728,2026-01-15T19:13:10Z,VIP-EST,R53596189,UNITE,OK
TKT77055799772,2026-01-15T19:13:11Z,PORTE-C,R52392257,ABONNEMENT,OK
TKT64799244860,2026-01-15T19:13:11Z,PORTE-C,R57152681,INVITATION,OK
TKT82118413592,2026-01-15T19:13:12Z,PORTE-A,R58383106,UNITE,OK
TKT25431840357,2026-01-15T19:13:12Z,PORTE-C,R59450406,UNITE,OK
TKT83824044811,2026-01-15T19:13:13Z,PORTE-D,R54331722,ABONNEMENT,OK
TKT54666964101,2026-01-15T19:13:13Z,PORTE-D,R57996360,UNITE,OK
TKT97086219933,2026-01-15T19:13:13Z,PORTE-D,R55145575,UNITE,OK
TKT70794907345,2026-01-15T19:13:13Z,PMR-NORD,,UNITE,OK
TKT73669488515,2026-01-15T19:13:13Z,VIP-EST,R53601083,UNITE,OK
TKT77955237421,2026-01-15T19:13:14Z,PORTE-C,,UNITE,OK
TKT45943634839,2026-01-15T19:13:14Z,PORTE-A,R51423238,VIP,OK
TKT32790120323,2026-01-15T19:13:14Z,VIP-EST,,UNITE,OK
TKT57220934456,2026-01-15T19:13:14Z,PORTE-A,R57548947,UNITE,OK
TKT36607517630,2026-01-15T19:13:14Z,PORTE-C,R53352148,UNITE,OK
TKT64834578172,2026-01-15T19:13:15Z,PORTE-D,R53452469,UNITE,OK
TKT73837042808,2026-01-15T19:13:15Z,PORTE-C,R54403433,UNITE,OK
TKT37495362702,2026-01-15T19:13:15Z,PORTE-A,R57214048,UNITE,OK
TKT89759305899,2026-01-15T19:13:15Z,PORTE-C,R53476587,UNITE,OK
TKT93982042072,2026-01-15T19:13:16Z,PORTE-D,R52935365,ABONNEMENT,OK
TKT12287674629,2026-01-15T19:13:16Z,PORTE-C,,UNITE,OK
TKT72173308100,2026-01-15T19:13:16Z,PORTE-C,,UNITE,OK
TKT57887685605,2026-01-15T19:13:17Z,PORTE-C,R58266569,UNITE,OK
TKT69170963834,2026-01-15T19:13:18Z,VIP-EST,,VIP,OK
TKT52283690493,2026-01-15T19:13:18Z,PORTE-C,R55879671,UNITE,OK
TKT84116134627,2026-01-15T19:13:18Z,PORTE-C,,UNITE,OK
TKT87995866235,2026-01-15T19:13:18Z,PORTE-A,R51980656,UNITE,OK
TKT19434836069,2026-01-15T19:13:18Z,PORTE-C,,UNITE,OK
TKT45619237208,2026-01-15T19:13:18Z,PORTE-A,,UNITE,OK
TKT15382311772,2026-01-15T19:13:19Z,PORTE-A,R59271400,UNITE,OK
TKT25169245093,2026-01-15T19:13:19Z,PORTE-A,R58663860,UNITE,OK
TKT10074225926,2026-01-15T19:13:20Z,PORTE-C,R53837165,ABONNEMENT,OK
TKT63943248622,2026-01-15T19:13:20Z,PORTE-C,R51211619,UNITE,OK
TKT53849120465,2026-01-15T19:13:20Z,PORTE-D,,UNITE,OK
TKT51570042758,2026-01-15T19:13:20Z,PORTE-B,,UNITE,OK
TKT15855598572,2026-01-15T19:13:20Z,PORTE-B,,GROUPE,OK
TKT30836705338,2026-01-15T19:13:21Z,PORTE-C,R58465315,UNITE,OK
TKT97333216711,2026-01-15T19:13:21Z,PORTE-D,R57059428,UNITE,OK
TKT14451718886,2026-01-15T19:13:21Z,PORTE-D,R54172811,UNITE,OK
TKT85363506927,2026-01-15T19:13:21Z,PORTE-D,R54712941,UNITE,OK
TKT41075597427,2026-01-15T19:13:22Z,PORTE-D,R54166336,ABONNEMENT,OK
TKT66321869770,2026-01-15T19:13:22Z,VIP-EST,R55585307,UNITE,OK
TKT60213041303,2026-01-15T19:13:22Z,VIP-EST,R52148005,VIP,OK
TKT17869486676,2026-01-15T19:13:22Z,PMR-NORD,R53177376,UNITE,REFUSE_DEJA_SCANNE
TKT33516851736,2026-01-15T19:13:23Z,PORTE-C,,UNITE,OK
TKT99241846432,2026-01-15T19:13:23Z,PORTE-D,R59981676,UNITE,OK
TKT64783853415,2026-01-15T19:13:23Z,PORTE-D,,UNITE,OK
TKT82787128413,2026-01-15T19:13:23Z,PORTE-A,R51195815,VIP,OK
TKT21954926518,2026-01-15T19:13:25Z,VIP-EST,R54454255,ABONNEMENT,OK
TKT14333438483,2026-01-15T19:13:25Z,PORTE-D,R58035401,ABONNEMENT,OK
TKT29359915836,2026-01-15T19:13:25Z,PORTE-D,R55167921,UNITE,OK
TKT99449243286,2026-01-15T19:13:25Z,VIP-EST,R57503384,UNITE,OK
TKT32520766873,2026-01-15T19:13:26Z,PORTE-C,R57626041,ABONNEMENT,OK
TKT51255276211,2026-01-15T19:13:26Z,PORTE-B,,UNITE,OK
TKT60666962523,2026-01-15T19:13:26Z,VIP-EST,R54405406,VIP,OK
TKT24063252499,2026-01-15T19:13:26Z,VIP-EST,R51339669,UNITE,OK
TKT77427913335,2026-01-15T19:13:26Z,PORTE-B,,GROUPE,OK
TKT28530667306,2026-01-15T19:13:27Z,PORTE-D,R58037776,ABONNEMENT,OK
TKT44316361488,2026-01-15T19:13:27Z,PORTE-C,R51423583,UNITE,OK
TKT54387050576,2026-01-15T19:13:27Z,PORTE-D,,UNITE,OK
TKT92742589136,2026-01-15T19:13:28Z,PORTE-C,R54481294,ABONNEMENT,OK
TKT45665533078,2026-01-15T19:13:28Z,PORTE-B,R54915020,UNITE,OK
TKT62681417868,2026-01-15T19:13:28Z,PORTE-A,,UNITE,OK
TKT46484884469,2026-01-15T19:13:28Z,PORTE-D,R57514418,UNITE,OK
TKT78346649156,2026-01-15T19:13:28Z,PORTE-C,,UNITE,OK
TKT98301388786,2026-01-15T19:13:28Z,PORTE-C,R59221690,UNITE,OK
TKT26753702279,2026-01-15T19:13:29Z,PORTE-C,R59523152,ABONNEMENT,OK
TKT12213196937,2026-01-15T19:13:29Z,PORTE-D,R52677091,UNITE,OK
TKT61070449044,2026-01-15T19:13:29Z,PORTE-C,R58433851,UNITE,OK
TKT66543047902,2026-01-15T19:13:30Z,PORTE-C,R57422190,UNITE,OK
TKT45928654512,2026-01-15T19:13:30Z,PORTE-A,R58310695,UNITE,OK
TKT67984456146,2026-01-15T19:13:30Z,PORTE-B,R54468411,UNITE,OK
TKT10703676772,2026-01-15T19:13:30Z,VIP-EST,R54027875,UNITE,OK
TKT70209999986,2026-01-15T19:13:30Z,PORTE-D,R57038787,UNITE,OK
TKT49713935217,2026-01-15T19:13:30Z,PORTE-C,R59379231,INVITATION,OK
TKT77804483273,2026-01-15T19:13:31Z,PORTE-C,R57139051,ABONNEMENT,OK
TKT36743412324,2026-01-15T19:13:31Z,PORTE-C,R58756758,UNITE,OK
TKT47406450881,2026-01-15T19:13:31Z,VIP-EST,R55517733,VIP,OK
TKT60211456863,2026-01-15T19:13:32Z,PORTE-C,R55580805,UNITE,REFUSE_INVALIDE
TKT29508046858,2026-01-15T19:13:32Z,PORTE-C,,UNITE,OK
TKT65542454802,2026-01-15T19:13:33Z,PORTE-A,,GROUPE,OK
TKT96208305918,2026-01-15T19:13:33Z,VIP-EST,R52487942,UNITE,REFUSE_DEJA_SCANNE
TKT27511689113,2026-01-15T19:13:33Z,PORTE-C,R53876531,UNITE,OK
TKT17704230766,2026-01-15T19:13:34Z,PORTE-C,R52823062,UNITE,OK
TKT31098941281,2026-01-15T19:13:34Z,PORTE-C,R58450593,UNITE,OK
TKT82278690932,2026-01-15T19:13:34Z,PORTE-C,R58616103,UNITE,OK
TKT77980421156,2026-01-15T19:13:34Z,PORTE-B,R56890652,UNITE,OK
TKT95964343867,2026-01-15T19:13:35Z,PORTE-C,R55500502,ABONNEMENT,OK
TKT48420452279,2026-01-15T19:13:35Z,PORTE-B,R52444965,ABONNEMENT,OK
TKT56143187758,2026-01-15T19:13:35Z,PORTE-C,R55394118,UNITE,OK
TKT70958553347,2026-01-15T19:13:35Z,PORTE-A,,UNITE,OK
TKT25638665768,2026-01-15T19:13:35Z,PORTE-C,R57586196,UNITE,OK
TKT39234799936,2026-01-15T19:13:35Z,PORTE-C,R59536015,UNITE,OK
TKT47374803830,2026-01-15T19:13:35Z,PORTE-C,R58341556,UNITE,OK
TKT86750129542,2026-01-15T19:13:35Z,PORTE-A,R54329605,UNITE,OK
TKT14843994135,2026-01-15T19:13:36Z,PORTE-B,R57021087,UNITE,OK
TKT68805127524,2026-01-15T19:13:36Z,PORTE-C,R55200266,UNITE,OK
TKT47747846944,2026-01-15T19:13:36Z,PORTE-A,R58099009,UNITE,OK
TKT45498121584,2026-01-15T19:13:36Z,PORTE-A,,UNITE,OK
TKT13519645095,2026-01-15T19:13:37Z,PORTE-D,,UNITE,OK
TKT64233988620,2026-01-15T19:13:38Z,PORTE-D,R51821544,ABONNEMENT,OK
TKT63866098092,2026-01-15T19:13:38Z,PORTE-B,R55257275,UNITE,OK
TKT64862705739,2026-01-15T19:13:38Z,PORTE-C,R57976620,UNITE,OK
TKT11093216332,2026-01-15T19:13:38Z,PORTE-C,,UNITE,OK
TKT60383357943,2026-01-15T19:13:38Z,PORTE-D,,UNITE,OK
TKT26975893768,2026-01-15T19:13:38Z,PORTE-C,R55491173,INVITATION,OK
TKT48617462559,2026-01-15T19:13:38Z,PORTE-C,,UNITE,OK
TKT90990764199,2026-01-15T19:13:39Z,VIP-EST,R53718779,UNITE,OK
TKT43293639214,2026-01-15T19:13:39Z,VIP-EST,R58048954,UNITE,OK
TKT81073651463,2026-01-15T19:13:39Z,PORTE-C,R54956359,UNITE,OK
TKT38349997896,2026-01-15T19:13:39Z,PORTE-B,R52847036,UNITE,OK
TKT34409199137,2026-01-15T19:13:40Z,PORTE-C,R59757653,ABONNEMENT,OK
TKT82759371979,2026-01-15T19:13:40Z,PORTE-D,R55737599,UNITE,OK
TKT19434664150,2026-01-15T19:13:40Z,PORTE-A,R52645349,UNITE,OK
TKT87525421458,2026-01-15T19:13:41Z,PORTE-B,,UNITE,OK
TKT34036509492,2026-01-15T19:13:41Z,PORTE-C,R52051831,UNITE,OK
TKT22279567250,2026-01-15T19:13:41Z,VIP-EST,,GROUPE,OK
TKT58209131151,2026-01-15T19:13:41Z,PORTE-B,,GROUPE,OK
TKT35282876909,2026-01-15T19:13:42Z,PORTE-C,R55111515,UNITE,OK
TKT62100217673,2026-01-15T19:13:42Z,PORTE-B,R58707239,UNITE,OK
TKT18489209647,2026-01-15T19:13:43Z,PORTE-C,R55909785,ABONNEMENT,OK
TKT57539735402,2026-01-15T19:13:43Z,VIP-EST,,VIP,OK
TKT69752472306,2026-01-15T19:13:43Z,PORTE-D,,UNITE,OK
TKT93406414675,2026-01-15T19:13:44Z,PORTE-C,,GROUPE,OK
TKT46538906463,2026-01-15T19:13:44Z,PORTE-C,R59497530,UNITE,OK
TKT79681271152,2026-01-15T19:13:44Z,PORTE-C,R59519675,UNITE,OK
TKT13666017242,2026-01-15T19:13:44Z,VIP-EST,R53163200,VIP,OK
TKT74439244481,2026-01-15T19:13:45Z,PORTE-C,R51510284,ABONNEMENT,OK
TKT95350676064,2026-01-15T19:13:45Z,PORTE-C,,UNITE,OK
TKT20324124994,2026-01-15T19:13:46Z,PORTE-C,R52468336,ABONNEMENT,OK
TKT74598113866,2026-01-15T19:13:46Z,PORTE-C,,INVITATION,REFUSE_INVALIDE
TKT76297052371,2026-01-15T19:13:47Z,PORTE-C,R58998424,ABONNEMENT,OK
TKT41817657365,2026-01-15T19:13:47Z,PORTE-C,R52948861,UNITE,OK
TKT76509945900,2026-01-15T19:13:47Z,PORTE-D,R54325046,UNITE,OK
TKT78386686310,2026-01-15T19:13:48Z,PORTE-A,R58901637,ABONNEMENT,OK
TKT82869217672,2026-01-15T19:13:48Z,PORTE-C,R59078449,UNITE,OK
TKT93647146412,2026-01-15T19:13:48Z,PORTE-B,R51788519,UNITE,OK
TKT88944266585,2026-01-15T19:13:49Z,PORTE-D,R59987193,ABONNEMENT,OK
TKT11213463816,2026-01-15T19:13:49Z,PORTE-B,R58349525,UNITE,OK
TKT49981986324,2026-01-15T19:13:49Z,PORTE-A,,UNITE,OK
TKT46097802498,2026-01-15T19:13:49Z,PORTE-A,R59356406,UNITE,OK
TKT42501315644,2026-01-15T19:13:50Z,VIP-EST,R53103404,ABONNEMENT,OK
TKT75615660852,2026-01-15T19:13:50Z,PORTE-C,,UNITE,OK
TKT32681085605,2026-01-15T19:13:50Z,VIP-EST,R51594878,UNITE,OK
TKT82919561638,2026-01-15T19:13:50Z,PORTE-C,,UNITE,OK
TKT32910574416,2026-01-15T19:13:50Z,PORTE-C,R58647644,UNITE,OK
TKT72547799831,2026-01-15T19:13:51Z,PORTE-C,,GROUPE,OK
TKT99970815794,2026-01-15T19:13:51Z,VIP-EST,R54529922,VIP,OK
TKT97014229588,2026-01-15T19:13:52Z,PORTE-A,R56902088,UNITE,OK
TKT12655159321,2026-01-15T19:13:52Z,PORTE-B,R53665324,UNITE,OK
TKT86946517581,2026-01-15T19:13:52Z,PORTE-A,,UNITE,OK
TKT90951326282,2026-01-15T19:13:53Z,PORTE-C,R53225659,UNITE,REFUSE_DEJA_SCANNE
TKT51984164576,2026-01-15T19:13:53Z,VIP-EST,R53737581,GROUPE,OK
TKT95687056348,2026-01-15T19:13:53Z,PORTE-C,R51113328,UNITE,OK
TKT49202399868,2026-01-15T19:13:53Z,VIP-EST,R56868718,UNITE,OK
TKT94425547210,2026-01-15T19:13:53Z,PORTE-C,,UNITE,OK
TKT84066692444,2026-01-15T19:13:54Z,PORTE-B,R59580841,ABONNEMENT,OK
TKT55861371244,2026-01-15T19:13:54Z,VIP-EST,R59579682,VIP,OK
TKT22334712701,2026-01-15T19:13:54Z,VIP-EST,R53686913,UNITE,OK
TKT33599367450,2026-01-15T19:13:54Z,VIP-EST,R56787869,UNITE,OK
TKT83896311655,2026-01-15T19:13:54Z,PORTE-A,R55671740,UNITE,OK
TKT97185118693,2026-01-15T19:13:54Z,PORTE-C,,UNITE,OK
TKT35327455716,2026-01-15T19:13:55Z,PORTE-A,,UNITE,OK
TKT30160907965,2026-01-15T19:13:55Z,PORTE-D,R51185327,UNITE,OK
TKT40102293937,2026-01-15T19:13:56Z,PORTE-C,,UNITE,OK
TKT43613741585,2026-01-15T19:13:56Z,PORTE-A,R52548907,UNITE,OK
TKT48711671902,2026-01-15T19:13:56Z,VIP-EST,R51315283,UNITE,OK
TKT27834979316,2026-01-15T19:13:56Z,PORTE-C,R57185304,UNITE,OK
TKT77185577536,2026-01-15T19:13:57Z,PORTE-B,R57443233,UNITE,OK
TKT44878473968,2026-01-15T19:13:59Z,PORTE-D,R58344688,ABONNEMENT,OK
TKT88890344240,2026-01-15T19:13:59Z,PORTE-B,R54226276,ABONNEMENT,OK
TKT25125228555,2026-01-15T19:13:59Z,PORTE-A,R58500246,ABONNEMENT,OK
TKT23455835104,2026-01-15T19:13:59Z,PORTE-B,,UNITE,OK
TKT48031184698,2026-01-15T19:13:59Z,PORTE-C,R55124666,UNITE,OK
TKT51103246619,2026-01-15T19:14:00Z,PORTE-A,R54790916,UNITE,OK
TKT74072907672,2026-01-15T19:14:01Z,PORTE-C,R59736811,ABONNEMENT,OK
TKT53563268186,2026-01-15T19:14:01Z,PORTE-B,,GROUPE,OK
TKT22963272187,2026-01-15T19:14:01Z,PORTE-B,R55395612,INVITATION,OK
TKT91262122040,2026-01-15T19:14:02Z,PORTE-D,R58765005,UNITE,OK
TKT33507275096,2026-01-15T19:14:02Z,PORTE-C,,GROUPE,OK
TKT83193916280,2026-01-15T19:14:02Z,PORTE-D,R54744740,UNITE,OK
TKT59981659780,2026-01-15T19:14:03Z,PORTE-D,,UNITE,OK
TKT72697120257,2026-01-15T19:14:03Z,VIP-EST,,UNITE,OK
TKT17382732040,2026-01-15T19:14:03Z,PORTE-C,,INVITATION,OK
TKT70313418636,2026-01-15T19:14:03Z,PORTE-A,R54750056,UNITE,OK
TKT87691869733,2026-01-15T19:14:03Z,PORTE-C,R53168861,UNITE,OK
TKT74026029081,2026-01-15T19:14:04Z,PORTE-C,R58387531,ABONNEMENT,OK
TKT32942959011,2026-01-15T19:14:04Z,PORTE-B,R56444053,UNITE,OK
TKT70858493433,2026-01-15T19:14:04Z,PORTE-A,,UNITE,OK
TKT18618221289,2026-01-15T19:14:04Z,PORTE-A,R59228433,UNITE,OK
TKT64376301557,2026-01-15T19:14:04Z,VIP-EST,R53607702,VIP,OK
TKT23801049182,2026-01-15T19:14:05Z,PORTE-A,R53708435,UNITE,OK
TKT22817707398,2026-01-15T19:14:05Z,PORTE-D,R59999443,UNITE,OK
TKT22704745920,2026-01-15T19:14:05Z,PORTE-C,R56922595,UNITE,OK
TKT40508403805,2026-01-15T19:14:05Z,PORTE-C,,UNITE,OK
TKT48513188716,2026-01-15T19:14:05Z,VIP-EST,R52299627,UNITE,OK
TKT73374309402,2026-01-15T19:14:05Z,PORTE-C,R53990405,UNITE,OK
TKT14474608560,2026-01-15T19:14:05Z,PORTE-C,R53843161,UNITE,OK
TKT27839252955,2026-01-15T19:14:07Z,PORTE-B,R59444477,ABONNEMENT,OK
TKT86572043091,2026-01-15T19:14:07Z,PORTE-D,,UNITE,OK
TKT70141463855,2026-01-15T19:14:07Z,PORTE-D,R52692895,UNITE,OK
TKT77859023257,2026-01-15T19:14:07Z,PORTE-C,,UNITE,OK
TKT51467209432,2026-01-15T19:14:08Z,VIP-EST,,UNITE,OK
TKT92991660800,2026-01-15T19:14:08Z,PORTE-C,R52304866,UNITE,OK
TKT11997707689,2026-01-15T19:14:08Z,PORTE-A,R58226791,UNITE,OK
TKT88798298226,2026-01-15T19:14:08Z,PORTE-C,R56608739,UNITE,OK
TKT95173360401,2026-01-15T19:14:09Z,PORTE-C,R56351145,INVITATION,OK
TKT32852257464,2026-01-15T19:14:09Z,PORTE-B,,UNITE,OK
TKT14841140916,2026-01-15T19:14:10Z,PORTE-A,,GROUPE,OK
TKT95745011676,2026-01-15T19:14:10Z,PORTE-C,R54038018,UNITE,OK
TKT58229462651,2026-01-15T19:14:11Z,PORTE-A,R52647054,ABONNEMENT,OK
TKT91384960556,2026-01-15T19:14:11Z,PORTE-A,R55792357,UNITE,OK
TKT29239302863,2026-01-15T19:14:11Z,PORTE-A,R53633850,UNITE,OK
TKT41835039535,2026-01-15T19:14:11Z,PORTE-C,R53745617,UNITE,OK
TKT43034035717,2026-01-15T19:14:11Z,PORTE-C,R54835263,UNITE,OK
TKT31301227054,2026-01-15T19:14:12Z,PORTE-C,R51348241,UNITE,OK
TKT74570798528,2026-01-15T19:14:13Z,PORTE-C,,GROUPE,OK
TKT40621688912,2026-01-15T19:14:13Z,PORTE-C,R58918188,INVITATION,OK
TKT58346989699,2026-01-15T19:14:13Z,VIP-EST,R54735813,UNITE,OK
TKT29317496834,2026-01-15T19:14:14Z,PORTE-A,R53561382,UNITE,OK
TKT48807857397,2026-01-15T19:14:14Z,PORTE-A,R53801467,UNITE,OK
TKT35731411718,2026-01-15T19:14:14Z,PORTE-A,R55520875,UNITE,OK
TKT56703609479,2026-01-15T19:14:14Z,PORTE-D,R51602157,UNITE,OK
TKT76245657093,2026-01-15T19:14:15Z,PORTE-C,R52195963,ABONNEMENT,OK
TKT14073952485,2026-01-15T19:14:15Z,PORTE-C,R57809874,UNITE,OK
TKT37438110180,2026-01-15T19:14:15Z,VIP-EST,R58527218,UNITE,OK
TKT61084627644,2026-01-15T19:14:16Z,VIP-EST,R53420938,ABONNEMENT,OK
TKT48220971658,2026-01-15T19:14:16Z,PORTE-C,R59794299,UNITE,OK
TKT75201239900,2026-01-15T19:14:16Z,PORTE-A,R53542858,UNITE,OK
TKT50039370401,2026-01-15T19:14:16Z,PORTE-C,R52815227,UNITE,REFUSE_DEJA_SCANNE
TKT81539183877,2026-01-15T19:14:16Z,PORTE-C,,UNITE,OK
TKT51015063077,2026-01-15T19:14:17Z,PORTE-C,R53032430,ABONNEMENT,OK
TKT62658251054,2026-01-15T19:14:17Z,PORTE-C,R51960494,UNITE,OK
TKT24986756713,2026-01-15T19:14:18Z,PORTE-C,R57874450,UNITE,OK
TKT14746838320,2026-01-15T19:14:18Z,PORTE-C,,UNITE,OK
TKT22340580149,2026-01-15T19:14:19Z,PORTE-C,R53523644,ABONNEMENT,OK
TKT20487271941,2026-01-15T19:14:19Z,VIP-EST,R57352720,VIP,OK
TKT47699204082,2026-01-15T19:14:19Z,VIP-EST,R57027830,UNITE,OK
TKT80946325718,2026-01-15T19:14:19Z,PORTE-C,,UNITE,OK
TKT22228268163,2026-01-15T19:14:20Z,PORTE-B,,GROUPE,REFUSE_DEJA_SCANNE
TKT63091678376,2026-01-15T19:14:20Z,VIP-EST,R57369194,UNITE,REFUSE_INVALIDE
TKT93912463175,2026-01-15T19:14:20Z,PORTE-C,R54623433,UNITE,OK
TKT90069755272,2026-01-15T19:14:21Z,PORTE-B,R54174248,UNITE,OK
TKT62933227451,2026-01-15T19:14:21Z,PORTE-C,R57443310,UNITE,OK
TKT22334339307,2026-01-15T19:14:21Z,PORTE-D,,GROUPE,OK
TKT53470305449,2026-01-15T19:14:21Z,PORTE-B,R52289273,UNITE,OK
TKT36568793702,2026-01-15T19:14:22Z,VIP-EST,R59299474,ABONNEMENT,OK
TKT66817413374,2026-01-15T19:14:22Z,PORTE-C,R58140492,ABONNEMENT,OK
TKT13260306257,2026-01-15T19:14:22Z,PORTE-C,R59571914,ABONNEMENT,OK
TKT73011657242,2026-01-15T19:14:22Z,PORTE-C,R56982947,UNITE,OK
TKT27510877669,2026-01-15T19:14:22Z,PORTE-C,R58667404,UNITE,OK
TKT31780115451,2026-01-15T19:14:23Z,PORTE-C,R57562165,UNITE,OK
TKT88009214500,2026-01-15T19:14:24Z,PORTE-D,,UNITE,OK
TKT80420219414,2026-01-15T19:14:24Z,PORTE-B,,UNITE,OK
TKT86814079661,2026-01-15T19:14:24Z,PORTE-A,R56857483,UNITE,OK
TKT93059613627,2026-01-15T19:14:25Z,VIP-EST,R58076807,VIP,OK
TKT84419786671,2026-01-15T19:14:25Z,PORTE-C,R56820358,UNITE,OK
TKT85762124532,2026-01-15T19:14:25Z,PORTE-C,,UNITE,OK
TKT87530580290,2026-01-15T19:14:25Z,PORTE-B,R51561364,UNITE,OK
TKT45814678035,2026-01-15T19:14:25Z,PORTE-B,,UNITE,OK
TKT76174199537,2026-01-15T19:14:25Z,PORTE-C,,GROUPE,OK
TKT17873280506,2026-01-15T19:14:25Z,PORTE-B,,UNITE,OK
TKT63583106134,2026-01-15T19:14:26Z,PORTE-C,R58930917,ABONNEMENT,OK
TKT70016299379,2026-01-15T19:14:26Z,PORTE-D,R54626843,UNITE,OK
TKT54329461338,2026-01-15T19:14:26Z,PORTE-A,R55410937,UNITE,OK
TKT10732031175,2026-01-15T19:14:26Z,VIP-EST,,UNITE,OK
TKT76037027975,2026-01-15T19:14:27Z,PORTE-A,R54522298,UNITE,OK
TKT51848450753,2026-01-15T19:14:27Z,PORTE-C,,UNITE,OK
TKT28447165286,2026-01-15T19:14:28Z,PORTE-B,R54224035,INVITATION,OK
TKT54661340657,2026-01-15T19:14:28Z,VIP-EST,R54228527,GROUPE,OK
TKT18490898606,2026-01-15T19:14:29Z,PORTE-C,R57299188,UNITE,OK
TKT69356330797,2026-01-15T19:14:29Z,PORTE-B,R57360957,UNITE,OK
TKT79593549745,2026-01-15T19:14:29Z,PORTE-C,,UNITE,OK
TKT92071973044,2026-01-15T19:14:30Z,VIP-EST,R58487182,UNITE,OK
TKT90699846428,2026-01-15T19:14:30Z,PORTE-B,R56358223,UNITE,OK
TKT42895340423,2026-01-15T19:14:31Z,PORTE-D,R57546495,ABONNEMENT,OK
TKT78827817495,2026-01-15T19:14:31Z,PORTE-A,R57140756,ABONNEMENT,OK
TKT86910305062,2026-01-15T19:14:31Z,PORTE-D,R52040462,UNITE,OK
TKT94338160791,2026-01-15T19:14:31Z,PORTE-D,R52262234,UNITE,REFUSE_INVALIDE
TKT73781295234,2026-01-15T19:14:33Z,PORTE-D,R53471127,UNITE,REFUSE_DEJA_SCANNE
TKT22127603773,2026-01-15T19:14:33Z,VIP-EST,R54331099,UNITE,OK
TKT89201353909,2026-01-15T19:14:33Z,PORTE-A,,UNITE,REFUSE_DEJA_SCANNE
TKT57658951050,2026-01-15T19:14:33Z,PORTE-A,R55905762,UNITE,OK
TKT17092676227,2026-01-15T19:14:33Z,PORTE-B,R59317787,UNITE,OK
TKT10492848831,2026-01-15T19:14:33Z,VIP-EST,R55028760,UNITE,OK
TKT32614743417,2026-01-15T19:14:34Z,VIP-EST,,GROUPE,OK
TKT46214632057,2026-01-15T19:14:35Z,PORTE-B,R58162493,ABONNEMENT,OK
TKT37448978515,2026-01-15T19:14:35Z,PORTE-C,R58404829,UNITE,OK
TKT20641143382,2026-01-15T19:14:35Z,PORTE-C,,UNITE,OK
TKT34615339295,2026-01-15T19:14:35Z,VIP-EST,,GROUPE,OK
TKT42383783126,2026-01-15T19:14:35Z,PORTE-D,R51211274,UNITE,OK
TKT21393399328,2026-01-15T19:14:35Z,PORTE-A,R51627434,UNITE,OK
TKT35166808437,2026-01-15T19:14:37Z,PORTE-B,R56362859,UNITE,OK
TKT22298021118,2026-01-15T19:14:37Z,PORTE-C,R53374139,UNITE,OK
TKT90150162992,2026-01-15T19:14:37Z,PORTE-B,R58610318,UNITE,REFUSE_DEJA_SCANNE
TKT77567957991,2026-01-15T19:14:37Z,PORTE-A,,UNITE,OK
TKT53845148745,2026-01-15T19:14:38Z,PORTE-C,R53500896,ABONNEMENT,OK
TKT18243873867,2026-01-15T19:14:38Z,PORTE-B,R52768629,ABONNEMENT,OK
TKT31616875048,2026-01-15T19:14:38Z,PORTE-C,R57094302,UNITE,OK
TKT84087715232,2026-01-15T19:14:39Z,VIP-EST,,UNITE,OK
TKT92440081776,2026-01-15T19:14:40Z,PORTE-D,R56600157,UNITE,OK
TKT17488509173,2026-01-15T19:14:40Z,PORTE-D,R55890648,UNITE,OK
TKT29723111348,2026-01-15T19:14:40Z,PORTE-B,R57610649,UNITE,OK
TKT25538546717,2026-01-15T19:14:40Z,PORTE-A,R51993127,UNITE,OK
TKT69364827571,2026-01-15T19:14:40Z,PORTE-C,R57172086,UNITE,OK
TKT36789124636,2026-01-15T19:14:40Z,VIP-EST,R54377285,UNITE,OK
TKT17910461373,2026-01-15T19:14:41Z,PORTE-C,R53863380,ABONNEMENT,OK
TKT19120003638,2026-01-15T19:14:41Z,PORTE-C,,INVITATION,OK
TKT69045751247,2026-01-15T19:14:43Z,PORTE-C,R53729545,UNITE,REFUSE_DEJA_SCANNE
TKT58790777354,2026-01-15T19:14:44Z,PORTE-B,R56467414,UNITE,OK
TKT98428025716,2026-01-15T19:14:44Z,PORTE-C,R57304494,UNITE,OK
TKT95779748493,2026-01-15T19:14:44Z,PORTE-D,R59985689,UNITE,OK
TKT57304973073,2026-01-15T19:14:44Z,PORTE-C,R57516458,UNITE,OK
TKT82682306540,2026-01-15T19:14:44Z,PORTE-D,R54997296,UNITE,OK
TKT97179269973,2026-01-15T19:14:44Z,VIP-EST,R51974057,UNITE,OK
TKT14005338436,2026-01-15T19:14:45Z,PORTE-D,R52745891,ABONNEMENT,OK
TKT12790839928,2026-01-15T19:14:45Z,PORTE-D,R56307344,ABONNEMENT,OK
TKT68248988825,2026-01-15T19:14:45Z,PORTE-D,R54807611,UNITE,OK
TKT51502086027,2026-01-15T19:14:46Z,PORTE-C,,GROUPE,OK
TKT28536315857,2026-01-15T19:14:46Z,PORTE-C,,GROUPE,OK
TKT37942444921,2026-01-15T19:14:46Z,PORTE-A,,GROUPE,OK
TKT15281535722,2026-01-15T19:14:46Z,PORTE-B,R57206481,UNITE,OK
TKT99221055187,2026-01-15T19:14:47Z,PORTE-C,R54033804,ABONNEMENT,OK
TKT51913502110,2026-01-15T19:14:47Z,PORTE-C,R52506208,UNITE,OK
TKT77575236342,2026-01-15T19:14:47Z,VIP-EST,R54013977,UNITE,OK
TKT62996639708,2026-01-15T19:14:47Z,PORTE-A,R52124711,UNITE,OK
TKT23062141045,2026-01-15T19:14:47Z,PORTE-C,,UNITE,OK
TKT72931187806,2026-01-15T19:14:47Z,PORTE-C,,GROUPE,OK
TKT34416195236,2026-01-15T19:14:48Z,PORTE-C,R58158882,ABONNEMENT,OK
TKT86031866595,2026-01-15T19:14:48Z,PORTE-C,,UNITE,OK
TKT67857993122,2026-01-15T19:14:48Z,PORTE-B,,UNITE,OK
TKT34817815863,2026-01-15T19:14:48Z,PORTE-C,R53212786,UNITE,OK
TKT56709581989,2026-01-15T19:14:48Z,PORTE-C,,GROUPE,OK
TKT11757146500,2026-01-15T19:14:49Z,PORTE-D,R57039745,INVITATION,OK
TKT21712307865,2026-01-15T19:14:49Z,PORTE-C,R55483003,UNITE,OK
TKT65865530181,2026-01-15T19:14:49Z,PORTE-B,R59313295,UNITE,OK
TKT90146686360,2026-01-15T19:14:49Z,PORTE-C,R53827213,UNITE,OK
TKT74785800874,2026-01-15T19:14:50Z,PORTE-D,R58585530,UNITE,OK
TKT31893229161,2026-01-15T19:14:50Z,PORTE-D,R57854288,UNITE,OK
TKT43152106025,2026-01-15T19:14:50Z,PMR-NORD,,UNITE,OK
TKT58861673576,2026-01-15T19:14:50Z,PORTE-D,R52923115,INVITATION,OK
TKT35998502883,2026-01-15T19:14:51Z,PORTE-A,R56416324,UNITE,OK
TKT26538158206,2026-01-15T19:14:52Z,PORTE-D,,UNITE,OK
TKT36732381874,2026-01-15T19:14:52Z,PORTE-C,R57717934,UNITE,OK
TKT69073713380,2026-01-15T19:14:52Z,PORTE-A,R59290001,UNITE,OK
TKT76917498307,2026-01-15T19:14:52Z,PORTE-D,,UNITE,OK
TKT11966005229,2026-01-15T19:14:52Z,PORTE-C,R51924327,UNITE,OK
TKT58526056740,2026-01-15T19:14:52Z,PORTE-B,R52655780,UNITE,OK
TKT46595292504,2026-01-15T19:14:53Z,PORTE-D,R55829817,UNITE,OK
TKT18332537373,2026-01-15T19:14:53Z,PORTE-B,R59927732,UNITE,OK
TKT86284129649,2026-01-15T19:14:54Z,PORTE-A,R51847223,ABONNEMENT,OK
TKT35696765732,2026-01-15T19:14:54Z,PORTE-B,R53317197,ABONNEMENT,OK
TKT57671455927,2026-01-15T19:14:54Z,PORTE-A,R51740082,ABONNEMENT,OK
TKT92854583360,2026-01-15T19:14:55Z,PORTE-C,R56066636,ABONNEMENT,OK
TKT50702384824,2026-01-15T19:14:55Z,PORTE-A,,UNITE,OK
TKT28893926800,2026-01-15T19:14:55Z,PORTE-C,,UNITE,OK
TKT60434744207,2026-01-15T19:14:55Z,VIP-EST,,UNITE,OK
TKT56616946704,2026-01-15T19:14:55Z,PORTE-D,R52540258,UNITE,OK
TKT63271273810,2026-01-15T19:14:55Z,PORTE-D,R56983081,UNITE,OK
TKT64674550966,2026-01-15T19:14:55Z,PORTE-A,R51333060,UNITE,OK
TKT71262043450,2026-01-15T19:14:55Z,PORTE-A,,UNITE,OK
TKT37490024209,2026-01-15T19:14:56Z,PORTE-C,R51028399,ABONNEMENT,OK
TKT95529398074,2026-01-15T19:14:56Z,PORTE-C,R51325081,ABONNEMENT,OK
TKT35800228526,2026-01-15T19:14:56Z,VIP-EST,R51294163,UNITE,OK
TKT50374401980,2026-01-15T19:14:56Z,PORTE-C,,UNITE,OK
TKT70377464210,2026-01-15T19:14:56Z,PORTE-C,R56282824,UNITE,OK
TKT84443468919,2026-01-15T19:14:57Z,PORTE-C,R55008541,UNITE,OK
TKT52946977861,2026-01-15T19:14:57Z,PORTE-C,R53956355,UNITE,OK
TKT30200516174,2026-01-15T19:14:57Z,PORTE-D,,UNITE,OK
TKT86678674962,2026-01-15T19:14:58Z,PORTE-D,R59034993,UNITE,OK
TKT91932205603,2026-01-15T19:14:58Z,PORTE-C,,UNITE,OK
TKT21477996324,2026-01-15T19:14:58Z,PORTE-C,,UNITE,OK
TKT92879555474,2026-01-15T19:14:58Z,PORTE-D,R55246241,UNITE,OK
TKT62645099585,2026-01-15T19:14:59Z,PORTE-C,R56422176,UNITE,OK
TKT56420884731,2026-01-15T19:15:00Z,PORTE-C,R54961263,UNITE,OK
TKT12747810192,2026-01-15T19:15:00Z,PORTE-C,,UNITE,OK
TKT41274910577,2026-01-15T19:15:01Z,PORTE-C,R57013386,UNITE,OK
TKT61871324320,2026-01-15T19:15:01Z,PORTE-C,,UNITE,OK
TKT16988541489,2026-01-15T19:15:01Z,PORTE-D,R51479433,UNITE,OK
TKT42449040035,2026-01-15T19:15:01Z,PORTE-C,R59418463,UNITE,OK
TKT58620798255,2026-01-15T19:15:02Z,PORTE-D,R52955537,INVITATION,OK
TKT60164323801,2026-01-15T19:15:02Z,PORTE-B,,UNITE,OK
TKT72331367435,2026-01-15T19:15:03Z,PORTE-C,R53603602,ABONNEMENT,OK
TKT17085467376,2026-01-15T19:15:03Z,PORTE-D,R55397585,UNITE,OK
TKT72879058413,2026-01-15T19:15:03Z,PORTE-D,,GROUPE,OK
TKT20240400972,2026-01-15T19:15:03Z,PORTE-A,R54517662,UNITE,OK
TKT24602860378,2026-01-15T19:15:04Z,PORTE-A,R53085493,ABONNEMENT,OK
TKT93202673646,2026-01-15T19:15:04Z,PORTE-C,R59144241,UNITE,OK
TKT52037944014,2026-01-15T19:15:04Z,PORTE-A,R59295317,VIP,OK
TKT41436003957,2026-01-15T19:15:04Z,PORTE-A,R56143060,UNITE,OK
TKT59701928398,2026-01-15T19:15:04Z,PORTE-D,,UNITE,OK
TKT25893044746,2026-01-15T19:15:05Z,PORTE-C,R58225488,UNITE,OK
TKT80982244264,2026-01-15T19:15:05Z,PORTE-D,R58878477,UNITE,OK
TKT60652916370,2026-01-15T19:15:05Z,PORTE-C,R56378596,UNITE,OK
TKT81572628430,2026-01-15T19:15:06Z,PORTE-D,R57059495,ABONNEMENT,OK
TKT36479294342,2026-01-15T19:15:06Z,PORTE-A,R59253623,UNITE,OK
TKT81835643392,2026-01-15T19:15:06Z,PORTE-C,R57843733,UNITE,OK
TKT88655724050,2026-01-15T19:15:06Z,PORTE-D,R54183989,UNITE,OK
TKT84879824141,2026-01-15T19:15:06Z,PORTE-D,R53717496,UNITE,OK
TKT65641026914,2026-01-15T19:15:06Z,PORTE-A,R57097022,INVITATION,OK
TKT88307542594,2026-01-15T19:15:07Z,PORTE-C,R53473522,ABONNEMENT,OK
TKT34526802663,2026-01-15T19:15:07Z,PORTE-C,R56034023,UNITE,OK
TKT60722711041,2026-01-15T19:15:08Z,PORTE-C,R53154618,UNITE,OK
TKT22690702675,2026-01-15T19:15:08Z,PORTE-C,R56604237,UNITE,OK
TKT88161452487,2026-01-15T19:15:09Z,PORTE-C,R53598028,INVITATION,OK
TKT94610454243,2026-01-15T19:15:09Z,PORTE-C,,GROUPE,OK
TKT72102997589,2026-01-15T19:15:10Z,PORTE-C,R56298149,UNITE,OK
TKT30351332134,2026-01-15T19:15:10Z,PORTE-C,R51353078,INVITATION,OK
TKT40620673776,2026-01-15T19:15:11Z,PORTE-C,R58494260,ABONNEMENT,OK
TKT84289418385,2026-01-15T19:15:11Z,PORTE-B,,UNITE,OK
TKT65769590710,2026-01-15T19:15:11Z,VIP-EST,,UNITE,OK
TKT58679919573,2026-01-15T19:15:11Z,PORTE-D,R53680304,UNITE,OK
TKT45788836292,2026-01-15T19:15:11Z,PORTE-A,R56097286,INVITATION,OK
TKT92949157622,2026-01-15T19:15:11Z,PORTE-A,R51817809,UNITE,OK
TKT51230388838,2026-01-15T19:15:11Z,PORTE-C,R52685941,UNITE,OK
TKT32953604621,2026-01-15T19:15:12Z,PORTE-D,R58311586,ABONNEMENT,OK
TKT58200577233,2026-01-15T19:15:12Z,PORTE-C,R59171759,ABONNEMENT,OK
TKT48218191722,2026-01-15T19:15:12Z,PORTE-A,,UNITE,OK
TKT42611163661,2026-01-15T19:15:12Z,VIP-EST,R55943845,VIP,OK
TKT26205269545,2026-01-15T19:15:13Z,PORTE-A,R55246864,UNITE,OK
TKT57241422723,2026-01-15T19:15:13Z,VIP-EST,,VIP,OK
TKT42165774945,2026-01-15T19:15:13Z,PORTE-D,R56172072,UNITE,OK
TKT68676323876,2026-01-15T19:15:14Z,PORTE-C,,UNITE,OK
TKT18368242838,2026-01-15T19:15:14Z,PORTE-A,R54039110,UNITE,OK
TKT40905262521,2026-01-15T19:15:14Z,PORTE-C,R54012751,UNITE,OK
TKT50357798956,2026-01-15T19:15:15Z,PORTE-C,R54422580,UNITE,OK
TKT42210585946,2026-01-15T19:15:15Z,PORTE-C,R59303209,UNITE,OK
TKT94099126657,2026-01-15T19:15:15Z,PORTE-A,R52245616,UNITE,OK
TKT71635388417,2026-01-15T19:15:15Z,VIP-EST,R52567230,VIP,OK
TKT13738482980,2026-01-15T19:15:15Z,PORTE-C,R55124331,UNITE,OK
TKT43321369362,2026-01-15T19:15:17Z,PORTE-A,R55038635,UNITE,OK
TKT45048910226,2026-01-15T19:15:17Z,PORTE-A,R54907932,UNITE,OK
TKT87616011650,2026-01-15T19:15:17Z,PORTE-A,R56521214,UNITE,OK
TKT37970308346,2026-01-15T19:15:18Z,PORTE-A,,VIP,OK
TKT60348142955,2026-01-15T19:15:18Z,PORTE-D,R57841827,UNITE,OK
TKT96843511591,2026-01-15T19:15:18Z,PORTE-C,,GROUPE,OK
TKT44559537719,2026-01-15T19:15:19Z,PORTE-C,R56190941,UNITE,OK
TKT32628151098,2026-01-15T19:15:19Z,PORTE-D,R51808738,UNITE,OK
TKT89618560969,2026-01-15T19:15:19Z,PORTE-D,,INVITATION,OK
TKT73471626425,2026-01-15T19:15:21Z,PORTE-C,R54754816,ABONNEMENT,OK
TKT13755493763,2026-01-15T19:15:21Z,PORTE-C,R57987098,UNITE,OK
TKT39417168907,2026-01-15T19:15:21Z,PORTE-B,,GROUPE,OK
TKT26355993632,2026-01-15T19:15:21Z,PORTE-A,R52823943,INVITATION,OK
TKT27783474047,2026-01-15T19:15:21Z,PORTE-D,,UNITE,OK
TKT57759083705,2026-01-15T19:15:25Z,PORTE-D,R52635340,UNITE,OK
TKT13333547446,2026-01-15T19:15:25Z,PORTE-C,R57359463,UNITE,OK
TKT11650132307,2026-01-15T19:15:26Z,PORTE-C,R54824574,ABONNEMENT,OK
TKT10820070353,2026-01-15T19:15:26Z,PORTE-C,R56663430,ABONNEMENT,OK
TKT87586558908,2026-01-15T19:15:26Z,PORTE-C,R57080950,UNITE,OK
TKT38419974667,2026-01-15T19:15:26Z,PORTE-A,R53820815,UNITE,OK
TKT81286878889,2026-01-15T19:15:26Z,VIP-EST,,GROUPE,OK
TKT39074665493,2026-01-15T19:15:26Z,PORTE-C,R54041428,UNITE,OK
TKT30855203248,2026-01-15T19:15:27Z,PORTE-A,R57642458,UNITE,OK
TKT27070830832,2026-01-15T19:15:27Z,PORTE-C,R57199939,INVITATION,OK
TKT35886551226,2026-01-15T19:15:27Z,PORTE-D,R55832346,UNITE,OK
TKT12334317092,2026-01-15T19:15:28Z,PORTE-C,,GROUPE,OK
TKT93296431652,2026-01-15T19:15:28Z,PORTE-D,R52581731,UNITE,OK
TKT26126225618,2026-01-15T19:15:28Z,PORTE-A,R52035548,INVITATION,OK
TKT95044659304,2026-01-15T19:15:28Z,PORTE-C,R58469539,UNITE,OK
TKT17223663824,2026-01-15T19:15:29Z,VIP-EST,R59089004,ABONNEMENT,OK
TKT32934897038,2026-01-15T19:15:29Z,VIP-EST,R57145995,INVITATION,OK
TKT15182884469,2026-01-15T19:15:29Z,PORTE-C,R58302592,UNITE,OK
TKT28791307369,2026-01-15T19:15:30Z,PORTE-B,,UNITE,OK
TKT31113395653,2026-01-15T19:15:30Z,PORTE-C,R57872333,UNITE,OK
TKT99013470557,2026-01-15T19:15:30Z,VIP-EST,,UNITE,OK
TKT76063232873,2026-01-15T19:15:31Z,PORTE-D,,UNITE,OK
TKT65758370440,2026-01-15T19:15:31Z,PORTE-B,R53063415,UNITE,OK
TKT90848167550,2026-01-15T19:15:32Z,PORTE-C,,INVITATION,OK
TKT74906000707,2026-01-15T19:15:32Z,PORTE-C,R57723652,UNITE,OK
TKT83051912690,2026-01-15T19:15:32Z,PORTE-C,,INVITATION,OK
TKT50651893713,2026-01-15T19:15:33Z,PORTE-B,R54785476,ABONNEMENT,OK
TKT88798616011,2026-01-15T19:15:33Z,PORTE-A,,UNITE,OK
TKT71390294080,2026-01-15T19:15:34Z,PORTE-C,R57745519,UNITE,OK
TKT91329768328,2026-01-15T19:15:34Z,PORTE-D,,GROUPE,OK
TKT14587875392,2026-01-15T19:15:34Z,PORTE-C,R59027158,UNITE,OK
TKT50032221734,2026-01-15T19:15:35Z,PORTE-B,R55682630,ABONNEMENT,OK
TKT62768162150,2026-01-15T19:15:35Z,PORTE-C,R55385057,UNITE,OK
TKT49952870922,2026-01-15T19:15:35Z,VIP-EST,R59632323,UNITE,OK
TKT32203460634,2026-01-15T19:15:37Z,VIP-EST,,UNITE,OK
TKT40887775026,2026-01-15T19:15:37Z,PORTE-A,,GROUPE,OK
TKT88778201755,2026-01-15T19:15:37Z,PORTE-C,,UNITE,OK
TKT39490968475,2026-01-15T19:15:37Z,PORTE-C,R53374283,UNITE,OK
TKT50518878298,2026-01-15T19:15:37Z,PORTE-A,R56612072,UNITE,OK
TKT67711346688,2026-01-15T19:15:37Z,PORTE-C,R57185304,UNITE,OK
TKT16109336536,2026-01-15T19:15:38Z,PORTE-C,R57753009,UNITE,OK
TKT79907934579,2026-01-15T19:15:38Z,PORTE-A,R51070217,UNITE,OK
TKT89163999209,2026-01-15T19:15:39Z,VIP-EST,R53145088,UNITE,OK
TKT34019776813,2026-01-15T19:15:40Z,VIP-EST,R51963559,GROUPE,OK
TKT60233776679,2026-01-15T19:15:40Z,PORTE-D,,GROUPE,OK
TKT26704043143,2026-01-15T19:15:40Z,PORTE-A,R57397881,VIP,OK
TKT96498518517,2026-01-15T19:15:40Z,PORTE-D,,GROUPE,OK
TKT86539991807,2026-01-15T19:15:41Z,PORTE-C,R53039307,ABONNEMENT,OK
TKT25128078082,2026-01-15T19:15:41Z,PORTE-C,,UNITE,OK
TKT22084024750,2026-01-15T19:15:41Z,PORTE-B,R54529041,UNITE,OK
TKT86871166507,2026-01-15T19:15:41Z,PORTE-C,,GROUPE,OK
TKT89408586248,2026-01-15T19:15:42Z,PORTE-D,R57739523,ABONNEMENT,OK
TKT54382560651,2026-01-15T19:15:42Z,PORTE-C,,UNITE,OK
TKT74916645325,2026-01-15T19:15:42Z,PORTE-D,R56776701,UNITE,OK
TKT57925488979,2026-01-15T19:15:42Z,VIP-EST,R58622578,UNITE,OK
TKT82012799538,2026-01-15T19:15:42Z,PORTE-C,,UNITE,OK
TKT84123401141,2026-01-15T19:15:42Z,PORTE-C,R54771645,UNITE,OK
TKT99585573664,2026-01-15T19:15:43Z,PORTE-C,R54229887,ABONNEMENT,OK
TKT79127998409,2026-01-15T19:15:43Z,PORTE-B,,GROUPE,OK
TKT14091293053,2026-01-15T19:15:43Z,PORTE-C,R56936895,UNITE,OK
TKT17483425224,2026-01-15T19:15:43Z,PORTE-B,,UNITE,OK
TKT92864216527,2026-01-15T19:15:43Z,PORTE-C,R57352030,UNITE,OK
TKT69187196314,2026-01-15T19:15:43Z,PORTE-B,R53317820,UNITE,OK
TKT50691578390,2026-01-15T19:15:43Z,PORTE-D,,UNITE,OK
TKT23331784680,2026-01-15T19:15:43Z,PORTE-C,R53213600,UNITE,OK
TKT65917542318,2026-01-15T19:15:43Z,PORTE-D,R58474912,UNITE,OK
TKT88207567163,2026-01-15T19:15:44Z,PORTE-C,R51385165,ABONNEMENT,OK
TKT86365260077,2026-01-15T19:15:44Z,PORTE-A,,VIP,OK
TKT30205616850,2026-01-15T19:15:44Z,PORTE-A,R57730395,UNITE,OK
TKT95557312104,2026-01-15T19:15:45Z,VIP-EST,R52965479,UNITE,OK
TKT48250475031,2026-01-15T19:15:45Z,PORTE-C,R52848386,UNITE,OK
TKT51913993646,2026-01-15T19:15:46Z,PORTE-C,R53374149,UNITE,OK
TKT49646101559,2026-01-15T19:15:46Z,PORTE-B,,UNITE,OK
TKT27105174409,2026-01-15T19:15:46Z,PORTE-C,R55650888,UNITE,OK
TKT97037658142,2026-01-15T19:15:46Z,PORTE-A,,GROUPE,OK
TKT30727024377,2026-01-15T19:15:47Z,PORTE-C,R55943289,ABONNEMENT,OK
TKT69490522240,2026-01-15T19:15:47Z,PORTE-C,R52318563,UNITE,OK
TKT73481673255,2026-01-15T19:15:47Z,PORTE-D,,UNITE,OK
TKT77673138082,2026-01-15T19:15:48Z,PORTE-C,,UNITE,OK
TKT25907855584,2026-01-15T19:15:48Z,VIP-EST,,UNITE,OK
TKT23043896044,2026-01-15T19:15:48Z,PORTE-A,,GROUPE,OK
TKT92236410010,2026-01-15T19:15:48Z,PORTE-A,,GROUPE,OK
TKT33706046389,2026-01-15T19:15:48Z,PORTE-A,R55372040,UNITE,OK
TKT25968606889,2026-01-15T19:15:48Z,PORTE-C,R58065629,INVITATION,OK
TKT75208307502,2026-01-15T19:15:49Z,VIP-EST,R58008965,VIP,OK
TKT28286603247,2026-01-15T19:15:49Z,PORTE-C,R52444151,UNITE,OK
TKT57941744350,2026-01-15T19:15:50Z,PORTE-B,R55585431,INVITATION,OK
TKT18587085931,2026-01-15T19:15:51Z,PORTE-B,R56784871,ABONNEMENT,OK
TKT77473763253,2026-01-15T19:15:51Z,PORTE-C,R52963295,UNITE,OK
TKT49906616109,2026-01-15T19:15:51Z,PORTE-D,R53952275,UNITE,OK
TKT67276878141,2026-01-15T19:15:51Z,VIP-EST,,UNITE,OK
TKT84313251590,2026-01-15T19:15:51Z,PORTE-D,,UNITE,OK
TKT11190915678,2026-01-15T19:15:51Z,PORTE-D,,UNITE,OK
TKT92102423847,2026-01-15T19:15:52Z,VIP-EST,R53356640,ABONNEMENT,OK
TKT35189775905,2026-01-15T19:15:52Z,PORTE-C,,GROUPE,OK
TKT80186464958,2026-01-15T19:15:53Z,PORTE-C,R52022273,UNITE,OK
TKT34836471697,2026-01-15T19:15:53Z,PORTE-C,,GROUPE,OK
TKT26301375388,2026-01-15T19:15:53Z,PORTE-B,R59271400,UNITE,OK
TKT49418425066,2026-01-15T19:15:53Z,PORTE-C,R55345959,UNITE,OK
TKT17200233526,2026-01-15T19:15:54Z,PORTE-D,R51570492,UNITE,OK
TKT86803574108,2026-01-15T19:15:54Z,PORTE-A,R51348174,UNITE,OK
TKT81018070712,2026-01-15T19:15:54Z,PORTE-A,R53769725,UNITE,OK
TKT49346687403,2026-01-15T19:15:54Z,VIP-EST,R51351383,UNITE,OK
TKT45280253638,2026-01-15T19:15:54Z,PORTE-C,,UNITE,OK
TKT83442808519,2026-01-15T19:15:55Z,PORTE-C,R52214966,ABONNEMENT,OK
TKT81484475981,2026-01-15T19:15:55Z,PORTE-C,R59335564,UNITE,OK
TKT60027787564,2026-01-15T19:15:55Z,PORTE-C,R56401545,INVITATION,OK
TKT48121743640,2026-01-15T19:15:55Z,PORTE-C,R58259759,UNITE,OK
TKT49079090365,2026-01-15T19:15:55Z,PORTE-C,R55309380,INVITATION,OK
TKT21877248400,2026-01-15T19:15:55Z,PORTE-C,R59054475,UNITE,OK
TKT69617117977,2026-01-15T19:15:56Z,PORTE-C,R56539135,ABONNEMENT,OK
TKT72595944695,2026-01-15T19:15:56Z,VIP-EST,R57812460,UNITE,OK
TKT61016260473,2026-01-15T19:15:57Z,VIP-EST,R52323936,ABONNEMENT,OK
TKT16175469470,2026-01-15T19:15:57Z,PORTE-C,R54136644,UNITE,OK
TKT60568221806,2026-01-15T19:15:57Z,PORTE-C,R56354076,UNITE,OK
TKT51014913066,2026-01-15T19:15:58Z,PORTE-C,R53513903,ABONNEMENT,OK
TKT10461111357,2026-01-15T19:15:58Z,VIP-EST,,VIP,OK
TKT53002735097,2026-01-15T19:15:58Z,PORTE-C,R52648146,UNITE,OK
TKT78475714491,2026-01-15T19:15:58Z,PORTE-C,R57798974,UNITE,OK
TKT32987665295,2026-01-15T19:15:59Z,PORTE-D,R55061929,UNITE,OK
TKT36211737427,2026-01-15T19:15:59Z,PORTE-A,,UNITE,OK
TKT80768857808,2026-01-15T19:15:59Z,VIP-EST,R52110411,INVITATION,OK
TKT78937629894,2026-01-15T19:16:00Z,PORTE-C,R57590554,UNITE,OK
TKT13747840929,2026-01-15T19:16:00Z,PORTE-B,R52511236,UNITE,OK
TKT80559191665,2026-01-15T19:16:00Z,PORTE-C,R52619124,UNITE,OK
TKT75542744647,2026-01-15T19:16:00Z,VIP-EST,R59713105,UNITE,OK
TKT93323907181,2026-01-15T19:16:01Z,PORTE-C,R52906353,UNITE,OK
TKT99367086846,2026-01-15T19:16:01Z,PORTE-D,R51695956,UNITE,OK
TKT79059342641,2026-01-15T19:16:02Z,PORTE-C,R52012599,ABONNEMENT,OK
TKT42602200722,2026-01-15T19:16:02Z,PORTE-B,R55465082,ABONNEMENT,OK
TKT35694916627,2026-01-15T19:16:02Z,PORTE-C,R58736184,UNITE,OK
TKT89416394829,2026-01-15T19:16:02Z,PORTE-A,R53113346,UNITE,OK
TKT17330846970,2026-01-15T19:16:02Z,PORTE-C,,UNITE,OK
TKT48879825062,2026-01-15T19:16:03Z,VIP-EST,R56577888,ABONNEMENT,OK
TKT90048048630,2026-01-15T19:16:03Z,PORTE-D,R55731201,UNITE,OK
TKT40890337945,2026-01-15T19:16:04Z,VIP-EST,R59715145,UNITE,OK
TKT76643079893,2026-01-15T19:16:04Z,PORTE-A,R55307062,UNITE,OK
TKT18611088369,2026-01-15T19:16:05Z,VIP-EST,R55868714,ABONNEMENT,OK
TKT11439454920,2026-01-15T19:16:06Z,VIP-EST,R56378596,ABONNEMENT,OK
TKT19351357470,2026-01-15T19:16:06Z,PORTE-A,R52615111,ABONNEMENT,OK
TKT15203544776,2026-01-15T19:16:06Z,PORTE-B,R59884065,ABONNEMENT,OK
TKT80578868306,2026-01-15T19:16:06Z,PORTE-D,R58675564,UNITE,OK
TKT74068937436,2026-01-15T19:16:06Z,PORTE-C,R54711293,UNITE,OK
TKT66801048489,2026-01-15T19:16:07Z,PORTE-B,R59834077,ABONNEMENT,OK
TKT37756637596,2026-01-15T19:16:07Z,PORTE-C,R54622485,UNITE,OK
TKT53010806109,2026-01-15T19:16:08Z,PORTE-D,R53014720,INVITATION,OK
TKT43902927273,2026-01-15T19:16:08Z,PORTE-A,,GROUPE,OK
TKT31594470599,2026-01-15T19:16:08Z,PORTE-C,R54607907,UNITE,OK
TKT27964032748,2026-01-15T19:16:08Z,PORTE-B,R53785529,UNITE,OK
TKT29745015524,2026-01-15T19:16:08Z,VIP-EST,R57264237,VIP,OK
TKT25254407883,2026-01-15T19:16:09Z,VIP-EST,R55756669,ABONNEMENT,OK
TKT36938928566,2026-01-15T19:16:09Z,PORTE-C,R55128612,ABONNEMENT,OK
TKT71290095522,2026-01-15T19:16:09Z,PORTE-C,,UNITE,OK
TKT88091534609,2026-01-15T19:16:10Z,PORTE-C,R53122541,UNITE,OK
TKT32882827440,2026-01-15T19:16:11Z,PORTE-D,R57727665,INVITATION,OK
TKT56377835885,2026-01-15T19:16:11Z,PORTE-C,,GROUPE,OK
TKT21863015277,2026-01-15T19:16:11Z,PORTE-A,R52847237,UNITE,OK
TKT13932402713,2026-01-15T19:16:11Z,PORTE-C,R53054776,UNITE,OK
TKT98676319056,2026-01-15T19:16:12Z,PORTE-C,R54460653,UNITE,OK
TKT56889212965,2026-01-15T19:16:12Z,PORTE-B,,UNITE,OK
TKT55445916259,2026-01-15T19:16:13Z,PORTE-A,R53480600,UNITE,OK
TKT11318921271,2026-01-15T19:16:13Z,PORTE-B,R57613101,UNITE,OK
TKT76477856715,2026-01-15T19:16:13Z,PORTE-B,R56755792,UNITE,OK
TKT14460210266,2026-01-15T19:16:14Z,PORTE-C,R57938001,UNITE,OK
TKT52593976087,2026-01-15T19:16:14Z,PORTE-C,R53953357,UNITE,OK
TKT38448203089,2026-01-15T19:16:14Z,PORTE-C,R54381432,UNITE,OK
TKT27767908516,2026-01-15T19:16:15Z,PORTE-A,R57693136,UNITE,OK
TKT93638986686,2026-01-15T19:16:16Z,PORTE-C,R53083577,UNITE,OK
TKT42741016600,2026-01-15T19:16:17Z,PORTE-C,,GROUPE,OK
TKT31732370923,2026-01-15T19:16:17Z,VIP-EST,,UNITE,REFUSE_DEJA_SCANNE
TKT57277280451,2026-01-15T19:16:17Z,PORTE-A,R51736682,UNITE,OK
TKT53706672431,2026-01-15T19:16:17Z,PORTE-C,R57798840,UNITE,OK
TKT47528053220,2026-01-15T19:16:17Z,VIP-EST,,UNITE,OK
TKT42144317786,2026-01-15T19:16:18Z,PORTE-D,,UNITE,OK
TKT95374516830,2026-01-15T19:16:19Z,VIP-EST,R55918635,UNITE,OK
TKT29974325803,2026-01-15T19:16:19Z,PORTE-C,R59341704,UNITE,OK
TKT99428319484,2026-01-15T19:16:19Z,PORTE-A,R54347784,UNITE,OK
TKT70906961333,2026-01-15T19:16:19Z,PORTE-D,,INVITATION,REFUSE_INVALIDE
TKT82040737274,2026-01-15T19:16:20Z,VIP-EST,R59590706,ABONNEMENT,OK
TKT71282752912,2026-01-15T19:16:20Z,PORTE-B,R57141225,UNITE,OK
TKT29808437963,2026-01-15T19:16:20Z,PORTE-A,R51280332,UNITE,OK
TKT59935262917,2026-01-15T19:16:20Z,PORTE-A,R53650066,UNITE,OK
TKT95069981942,2026-01-15T19:16:20Z,PORTE-A,R56067259,GROUPE,OK
TKT20993437305,2026-01-15T19:16:20Z,PORTE-C,R58897403,UNITE,REFUSE_DEJA_SCANNE
TKT71810679068,2026-01-15T19:16:20Z,PORTE-B,,GROUPE,OK
TKT54451872517,2026-01-15T19:16:21Z,PORTE-D,,UNITE,OK
TKT17647148826,2026-01-15T19:16:21Z,VIP-EST,,UNITE,OK
TKT93618703092,2026-01-15T19:16:21Z,PORTE-A,R57676786,UNITE,OK
TKT32097892804,2026-01-15T19:16:22Z,PORTE-D,R53552254,ABONNEMENT,OK
TKT24103023771,2026-01-15T19:16:22Z,PORTE-C,R58687144,UNITE,OK
TKT15166872628,2026-01-15T19:16:22Z,VIP-EST,,UNITE,OK
TKT21874352454,2026-01-15T19:16:22Z,PORTE-B,,UNITE,OK
TKT16613857102,2026-01-15T19:16:22Z,VIP-EST,R57295500,INVITATION,OK
TKT35960989166,2026-01-15T19:16:22Z,PORTE-C,R54656602,UNITE,OK
TKT60067012016,2026-01-15T19:16:23Z,VIP-EST,R56379410,UNITE,OK
TKT68266714947,2026-01-15T19:16:24Z,PORTE-A,R56111395,ABONNEMENT,OK
TKT66332375437,2026-01-15T19:16:24Z,PORTE-A,R52766934,ABONNEMENT,OK
TKT17361538688,2026-01-15T19:16:24Z,VIP-EST,R56237740,UNITE,OK
TKT14151983148,2026-01-15T19:16:24Z,PORTE-C,R57142183,UNITE,OK
TKT20496761043,2026-01-15T19:16:24Z,VIP-EST,R51274011,UNITE,OK
TKT81279747873,2026-01-15T19:16:24Z,PORTE-D,R51959268,UNITE,OK
TKT82914198006,2026-01-15T19:16:24Z,PORTE-C,R56796250,UNITE,OK
TKT19638927751,2026-01-15T19:16:24Z,PORTE-C,,UNITE,OK
TKT64930759378,2026-01-15T19:16:25Z,PORTE-C,R59960901,ABONNEMENT,OK
TKT85174416328,2026-01-15T19:16:25Z,PORTE-B,R57973009,ABONNEMENT,OK
TKT22157425167,2026-01-15T19:16:25Z,PORTE-D,,UNITE,OK
TKT45946248482,2026-01-15T19:16:25Z,PORTE-A,R52990334,UNITE,OK
TKT86092346968,2026-01-15T19:16:26Z,PORTE-B,R59734972,ABONNEMENT,OK
TKT63694877431,2026-01-15T19:16:26Z,PORTE-C,R57811100,UNITE,OK
TKT27410598276,2026-01-15T19:16:26Z,PORTE-C,R56386766,UNITE,OK
TKT44672020537,2026-01-15T19:16:26Z,PORTE-D,,UNITE,OK
TKT82451073066,2026-01-15T19:16:27Z,PORTE-D,R56680527,ABONNEMENT,OK
TKT26519098294,2026-01-15T19:16:27Z,PORTE-C,R53919709,UNITE,OK
TKT55467620192,2026-01-15T19:16:27Z,PORTE-D,R55451117,GROUPE,OK
TKT61174332306,2026-01-15T19:16:28Z,PORTE-C,R57110853,ABONNEMENT,OK
TKT23628603212,2026-01-15T19:16:28Z,PORTE-C,R51735322,UNITE,OK
TKT97456125895,2026-01-15T19:16:28Z,PORTE-C,,GROUPE,OK
TKT35680415979,2026-01-15T19:16:28Z,PORTE-D,,UNITE,OK
TKT25523293566,2026-01-15T19:16:30Z,PORTE-A,R58454827,ABONNEMENT,OK
TKT81648812893,2026-01-15T19:16:30Z,PORTE-B,,GROUPE,OK
TKT81764273352,2026-01-15T19:16:30Z,PORTE-D,R54599603,UNITE,OK
TKT65115246164,2026-01-15T19:16:30Z,PORTE-C,R57957339,UNITE,OK
TKT17776744773,2026-01-15T19:16:30Z,VIP-EST,,UNITE,OK
TKT95253904572,2026-01-15T19:16:31Z,PORTE-D,R53131803,ABONNEMENT,OK
TKT84913398293,2026-01-15T19:16:31Z,VIP-EST,R52818828,UNITE,REFUSE_DEJA_SCANNE
TKT21952316569,2026-01-15T19:16:32Z,PORTE-A,R53217144,UNITE,OK
TKT48305329286,2026-01-15T19:16:32Z,PORTE-C,R59346052,UNITE,OK
TKT25583404616,2026-01-15T19:16:32Z,PORTE-C,,GROUPE,OK
TKT14504504522,2026-01-15T19:16:33Z,PORTE-C,R55909373,UNITE,OK
TKT19199813717,2026-01-15T19:16:33Z,PORTE-D,R57648655,UNITE,OK
TKT14372823614,2026-01-15T19:16:33Z,PORTE-A,,UNITE,OK
TKT68607207470,2026-01-15T19:16:34Z,PORTE-D,R56471628,UNITE,OK
TKT97127559434,2026-01-15T19:16:34Z,PORTE-C,R53210813,UNITE,OK
TKT75777665893,2026-01-15T19:16:34Z,VIP-EST,R54916725,UNITE,OK
TKT37315381877,2026-01-15T19:16:35Z,VIP-EST,R59558907,ABONNEMENT,OK
TKT56107851955,2026-01-15T19:16:35Z,PORTE-C,R52141061,ABONNEMENT,OK
TKT13545794469,2026-01-15T19:16:35Z,VIP-EST,R57182229,ABONNEMENT,OK
TKT20503764552,2026-01-15T19:16:35Z,PORTE-C,R53396408,UNITE,OK
TKT47011563454,2026-01-15T19:16:35Z,PORTE-C,R56097286,UNITE,OK
TKT84389200693,2026-01-15T19:16:35Z,PORTE-C,R58278618,UNITE,OK
TKT85005450135,2026-01-15T19:16:35Z,PORTE-C,R58233735,UNITE,OK
TKT21486780107,2026-01-15T19:16:36Z,PORTE-C,,GROUPE,OK
TKT86030349961,2026-01-15T19:16:36Z,PORTE-C,R56686044,UNITE,OK
TKT52212640933,2026-01-15T19:16:36Z,VIP-EST,R54199582,UNITE,OK
TKT25285950419,2026-01-15T19:16:36Z,PORTE-B,R57639671,UNITE,OK
TKT57263615147,2026-01-15T19:16:37Z,PORTE-A,R55129225,UNITE,OK
TKT16584626160,2026-01-15T19:16:37Z,PORTE-C,R54077595,UNITE,OK
TKT96228323537,2026-01-15T19:16:37Z,PORTE-C,R59535134,UNITE,OK
TKT40906922111,2026-01-15T19:16:37Z,PORTE-A,R56435605,UNITE,OK
TKT98594562003,2026-01-15T19:16:38Z,PORTE-B,R57954341,ABONNEMENT,OK
TKT37950821329,2026-01-15T19:16:38Z,VIP-EST,,UNITE,OK
TKT24804353485,2026-01-15T19:16:38Z,PORTE-C,R52825715,INVITATION,OK
TKT26719369443,2026-01-15T19:16:38Z,PORTE-C,R53838391,INVITATION,OK
TKT65395832889,2026-01-15T19:16:39Z,PORTE-A,R58133471,VIP,OK
TKT37154765143,2026-01-15T19:16:39Z,VIP-EST,,VIP,OK
TKT27070058123,2026-01-15T19:16:40Z,VIP-EST,R56284730,UNITE,OK
TKT31741012480,2026-01-15T19:16:40Z,PORTE-C,,INVITATION,OK
TKT34487764996,2026-01-15T19:16:40Z,PORTE-D,R54338254,UNITE,OK
TKT91239214133,2026-01-15T19:16:40Z,PORTE-D,R58967841,UNITE,OK
TKT72640612601,2026-01-15T19:16:40Z,PORTE-A,R55192987,UNITE,OK
TKT88897002916,2026-01-15T19:16:41Z,VIP-EST,R52635072,UNITE,OK
TKT44330849647,2026-01-15T19:16:41Z,PORTE-C,R58368451,UNITE,OK
TKT61687526279,2026-01-15T19:16:41Z,PORTE-C,R52559472,UNITE,OK
TKT27520738177,2026-01-15T19:16:41Z,PORTE-C,R58094306,UNITE,OK
TKT81771515668,2026-01-15T19:16:41Z,VIP-EST,R57421242,UNITE,OK
TKT35867829415,2026-01-15T19:16:41Z,VIP-EST,R52767068,VIP,OK
TKT68431712781,2026-01-15T19:16:42Z,PORTE-C,,GROUPE,OK
TKT53942559245,2026-01-15T19:16:42Z,VIP-EST,R52579423,UNITE,OK
TKT61842502147,2026-01-15T19:16:42Z,VIP-EST,R51188258,INVITATION,OK
TKT66777737331,2026-01-15T19:16:42Z,PORTE-D,R56086252,UNITE,OK
TKT30131400876,2026-01-15T19:16:43Z,PORTE-C,R55138152,UNITE,OK
TKT64044966273,2026-01-15T19:16:43Z,VIP-EST,,GROUPE,OK
TKT64598042739,2026-01-15T19:16:43Z,PORTE-C,R55421492,UNITE,OK
TKT11164978364,2026-01-15T19:16:44Z,PORTE-C,,UNITE,OK
TKT72143546967,2026-01-15T19:16:44Z,PORTE-C,R59688729,UNITE,OK
TKT46281447009,2026-01-15T19:16:44Z,PORTE-C,R52013346,UNITE,OK
TKT55044936419,2026-01-15T19:16:45Z,VIP-EST,R59922550,UNITE,REFUSE_INVALIDE
TKT70386594484,2026-01-15T19:16:46Z,PORTE-C,R51176745,ABONNEMENT,OK
TKT21992146435,2026-01-15T19:16:46Z,PORTE-C,R58411840,UNITE,OK
TKT83546013714,2026-01-15T19:16:46Z,PORTE-C,,UNITE,OK
TKT55120094943,2026-01-15T19:16:47Z,PORTE-C,R54322661,UNITE,OK
TKT59355476494,2026-01-15T19:16:48Z,PORTE-B,R55338191,ABONNEMENT,OK
TKT80274762094,2026-01-15T19:16:48Z,PORTE-D,R53129418,UNITE,OK
TKT11904861384,2026-01-15T19:16:48Z,PORTE-B,,UNITE,OK
TKT80654039814,2026-01-15T19:16:48Z,VIP-EST,R52971599,UNITE,OK
TKT32127820579,2026-01-15T19:16:48Z,PORTE-B,,UNITE,OK
TKT82055785270,2026-01-15T19:16:48Z,VIP-EST,R56099470,VIP,OK
TKT30019101938,2026-01-15T19:16:49Z,VIP-EST,R51458725,ABONNEMENT,OK
TKT34904727836,2026-01-15T19:16:49Z,PORTE-A,,UNITE,OK
TKT49332275670,2026-01-15T19:16:49Z,PORTE-C,R54037137,UNITE,OK
TKT26017483044,2026-01-15T19:16:49Z,PORTE-B,R51872835,UNITE,OK
TKT47718904417,2026-01-15T19:16:49Z,PORTE-D,R53043876,UNITE,OK
TKT97694475699,2026-01-15T19:16:50Z,PORTE-B,,INVITATION,REFUSE_DEJA_SCANNE
TKT95010698767,2026-01-15T19:16:51Z,PORTE-D,R56362859,ABONNEMENT,OK
TKT68720892002,2026-01-15T19:16:51Z,PORTE-C,R58075581,UNITE,OK
TKT26217595063,2026-01-15T19:16:52Z,PORTE-D,R54084616,INVITATION,OK
TKT68853111571,2026-01-15T19:16:52Z,PORTE-D,,UNITE,OK
TKT32213535032,2026-01-15T19:16:52Z,PORTE-C,R55602327,UNITE,OK
TKT58120639659,2026-01-15T19:16:53Z,VIP-EST,R51802886,UNITE,OK
TKT43626602003,2026-01-15T19:16:54Z,PORTE-A,R58160242,UNITE,OK
TKT75041625675,2026-01-15T19:16:54Z,VIP-EST,,UNITE,OK
TKT64472607974,2026-01-15T19:16:54Z,PORTE-B,,UNITE,OK
TKT72523075636,2026-01-15T19:16:54Z,PORTE-B,R55486748,UNITE,OK
TKT85961333491,2026-01-15T19:16:55Z,PORTE-A,R59638051,ABONNEMENT,OK
TKT83558779048,2026-01-15T19:16:55Z,PORTE-A,R54149718,VIP,OK
TKT29385472320,2026-01-15T19:16:56Z,PORTE-B,R56671476,ABONNEMENT,OK
TKT58917252874,2026-01-15T19:16:57Z,PORTE-C,R55558804,UNITE,OK
TKT58759274713,2026-01-15T19:16:57Z,PORTE-C,R55344733,UNITE,OK
TKT65453752906,2026-01-15T19:16:58Z,PORTE-D,R57562634,ABONNEMENT,OK
TKT28153590188,2026-01-15T19:16:58Z,PORTE-A,R53165786,UNITE,OK
TKT65697194890,2026-01-15T19:16:59Z,PORTE-C,,INVITATION,OK
TKT75166363194,2026-01-15T19:16:59Z,PORTE-B,,UNITE,OK
TKT80193540680,2026-01-15T19:17:00Z,PORTE-A,R58531998,UNITE,OK
TKT79218689677,2026-01-15T19:17:00Z,PORTE-A,R52364739,INVITATION,OK
TKT85341016449,2026-01-15T19:17:01Z,PORTE-D,R57278336,ABONNEMENT,OK
TKT49344924560,2026-01-15T19:17:01Z,PORTE-D,,UNITE,OK
TKT41413479592,2026-01-15T19:17:02Z,PORTE-A,R57394270,ABONNEMENT,OK
TKT47850445229,2026-01-15T19:17:02Z,PORTE-D,R56349785,UNITE,OK
TKT13099177451,2026-01-15T19:17:03Z,PORTE-A,R55588295,UNITE,OK
TKT82559713359,2026-01-15T19:17:03Z,PORTE-C,R51176266,UNITE,OK
TKT29614298390,2026-01-15T19:17:03Z,PORTE-A,,UNITE,OK
TKT11946072085,2026-01-15T19:17:03Z,PORTE-C,R56560858,UNITE,OK
TKT97022323066,2026-01-15T19:17:04Z,PORTE-C,R53586036,ABONNEMENT,OK
TKT45511835419,2026-01-15T19:17:04Z,PORTE-C,,GROUPE,OK
TKT57119820553,2026-01-15T19:17:04Z,PORTE-B,R53986871,UNITE,OK
TKT45993710681,2026-01-15T19:17:04Z,PORTE-C,R57019104,UNITE,OK
TKT96038305286,2026-01-15T19:17:05Z,PORTE-D,R59482282,ABONNEMENT,OK
TKT46223857265,2026-01-15T19:17:05Z,PORTE-C,R52741456,UNITE,OK
TKT65594025815,2026-01-15T19:17:05Z,PORTE-A,R56526051,GROUPE,OK
TKT96570573434,2026-01-15T19:17:05Z,VIP-EST,,UNITE,OK
TKT72159940891,2026-01-15T19:17:05Z,PORTE-B,,UNITE,OK
TKT31013370161,2026-01-15T19:17:06Z,PORTE-C,R59505710,UNITE,OK
TKT52821647222,2026-01-15T19:17:06Z,PORTE-A,R59402994,INVITATION,OK
TKT77923760257,2026-01-15T19:17:06Z,PORTE-A,,VIP,OK
TKT61113080222,2026-01-15T19:17:06Z,PORTE-A,R54050345,UNITE,OK
TKT40926492109,2026-01-15T19:17:06Z,PORTE-B,R53976105,UNITE,OK
TKT58562293765,2026-01-15T19:17:06Z,PORTE-D,R52669199,UNITE,OK
TKT57876100954,2026-01-15T19:17:07Z,PORTE-C,R55092512,ABONNEMENT,OK
TKT37871542902,2026-01-15T19:17:07Z,PORTE-A,,UNITE,OK
TKT25123561536,2026-01-15T19:17:08Z,PORTE-C,R52267262,ABONNEMENT,OK
TKT23700091521,2026-01-15T19:17:08Z,PORTE-A,R52672465,UNITE,OK
TKT16801305185,2026-01-15T19:17:08Z,PORTE-C,R52888241,UNITE,OK
TKT97466882837,2026-01-15T19:17:09Z,PORTE-A,R56553569,ABONNEMENT,OK
TKT62640737002,2026-01-15T19:17:09Z,PORTE-A,R59741303,ABONNEMENT,OK
TKT90057347599,2026-01-15T19:17:09Z,PORTE-C,,UNITE,OK
TKT89394306982,2026-01-15T19:17:09Z,PORTE-C,R57375602,UNITE,OK
TKT57121414550,2026-01-15T19:17:09Z,PORTE-B,,UNITE,OK
TKT37487189707,2026-01-15T19:17:10Z,PORTE-C,R53046864,ABONNEMENT,OK
TKT99790809483,2026-01-15T19:17:10Z,VIP-EST,R53130175,INVITATION,OK
TKT99315429287,2026-01-15T19:17:10Z,VIP-EST,R52555918,UNITE,OK
TKT57992364438,2026-01-15T19:17:10Z,PORTE-D,R51373719,UNITE,OK
TKT73117807199,2026-01-15T19:17:10Z,PORTE-B,,UNITE,OK
TKT88269821888,2026-01-15T19:17:10Z,VIP-EST,R51098204,UNITE,OK
TKT25944876939,2026-01-15T19:17:11Z,VIP-EST,R54846153,UNITE,OK
TKT43044922076,2026-01-15T19:17:11Z,PORTE-B,R56752526,UNITE,OK
TKT84773753143,2026-01-15T19:17:11Z,PORTE-C,,UNITE,OK
TKT77275661875,2026-01-15T19:17:12Z,PORTE-D,R58931674,ABONNEMENT,OK
TKT53341580215,2026-01-15T19:17:12Z,PORTE-B,R52332317,UNITE,OK
TKT62594709350,2026-01-15T19:17:12Z,PORTE-D,R53239624,UNITE,OK
TKT72202920788,2026-01-15T19:17:12Z,PORTE-A,R57565900,UNITE,OK
TKT21652868441,2026-01-15T19:17:12Z,PORTE-C,,UNITE,OK
TKT66466582998,2026-01-15T19:17:13Z,PORTE-D,R58262134,UNITE,OK
TKT78605015969,2026-01-15T19:17:13Z,PORTE-B,R58736050,UNITE,OK
TKT29903503797,2026-01-15T19:17:15Z,PORTE-C,R56309806,ABONNEMENT,OK
TKT99748465655,2026-01-15T19:17:15Z,PORTE-C,R59799002,ABONNEMENT,OK
TKT46629339978,2026-01-15T19:17:15Z,PORTE-A,R51060141,UNITE,OK
TKT26369989619,2026-01-15T19:17:15Z,PORTE-D,,UNITE,REFUSE_DEJA_SCANNE
TKT46829607053,2026-01-15T19:17:16Z,PORTE-C,R57861433,UNITE,OK
TKT49014739695,2026-01-15T19:17:16Z,PORTE-C,R51727822,UNITE,OK
TKT70646643999,2026-01-15T19:17:16Z,VIP-EST,R56653143,UNITE,OK
TKT14247325283,2026-01-15T19:17:16Z,PORTE-A,,UNITE,OK
TKT32361497745,2026-01-15T19:17:16Z,PORTE-D,,UNITE,OK
TKT39452005653,2026-01-15T19:17:16Z,PORTE-D,,GROUPE,OK
TKT75566957205,2026-01-15T19:17:17Z,PORTE-D,R58169849,UNITE,OK
TKT15540354183,2026-01-15T19:17:18Z,PORTE-A,R53402337,UNITE,OK
TKT44439781910,2026-01-15T19:17:18Z,PORTE-D,R54833156,UNITE,OK
TKT15467110702,2026-01-15T19:17:18Z,PORTE-A,,INVITATION,OK
TKT27725062616,2026-01-15T19:17:18Z,PORTE-C,R53773212,UNITE,OK
TKT69026717706,2026-01-15T19:17:18Z,PORTE-C,R58743205,UNITE,OK
TKT11796492697,2026-01-15T19:17:18Z,PORTE-C,R52207188,UNITE,OK
TKT81715668434,2026-01-15T19:17:19Z,PORTE-B,R55518212,UNITE,OK
TKT99428319484,2026-01-15T19:17:19Z,PORTE-A,R54347784,UNITE,REFUSE_DEJA_SCANNE
TKT50257727390,2026-01-15T19:17:21Z,VIP-EST,R59357230,ABONNEMENT,OK
TKT91298563120,2026-01-15T19:17:21Z,PMR-NORD,R56890853,ABONNEMENT,OK
TKT20722091650,2026-01-15T19:17:21Z,PORTE-B,R54502404,UNITE,OK
TKT20828674990,2026-01-15T19:17:21Z,VIP-EST,,VIP,OK
TKT85186635894,2026-01-15T19:17:22Z,PORTE-D,R58857836,UNITE,OK
TKT99094277779,2026-01-15T19:17:22Z,PORTE-A,,UNITE,OK
TKT64260470872,2026-01-15T19:17:22Z,PORTE-D,,UNITE,OK
TKT28697281329,2026-01-15T19:17:22Z,PORTE-D,R54948323,UNITE,OK
TKT91863407896,2026-01-15T19:17:23Z,PORTE-C,,GROUPE,OK
TKT51946635306,2026-01-15T19:17:24Z,VIP-EST,R58612636,VIP,OK
TKT70901956417,2026-01-15T19:17:25Z,PORTE-C,R51624503,INVITATION,OK
TKT19431599235,2026-01-15T19:17:26Z,PORTE-B,,UNITE,OK
TKT57886719879,2026-01-15T19:17:26Z,PORTE-A,R53086719,UNITE,OK
TKT85416753161,2026-01-15T19:17:26Z,PORTE-D,,UNITE,OK
TKT39510087142,2026-01-15T19:17:26Z,PORTE-C,,UNITE,OK
TKT18247197361,2026-01-15T19:17:26Z,PORTE-C,R56209130,UNITE,OK
TKT49233181810,2026-01-15T19:17:27Z,PORTE-D,R53789150,ABONNEMENT,OK
TKT58391088735,2026-01-15T19:17:27Z,PORTE-A,R58864445,ABONNEMENT,OK
TKT44601807155,2026-01-15T19:17:27Z,VIP-EST,,GROUPE,OK
TKT57416835018,2026-01-15T19:17:28Z,PORTE-C,R57095049,ABONNEMENT,OK
TKT96121828632,2026-01-15T19:17:28Z,PORTE-A,R58107735,UNITE,OK
TKT94115045875,2026-01-15T19:17:29Z,PORTE-D,R51242269,ABONNEMENT,OK
TKT18766899609,2026-01-15T19:17:29Z,PORTE-C,R55733643,ABONNEMENT,OK
TKT18881098904,2026-01-15T19:17:29Z,VIP-EST,R58897135,UNITE,OK
TKT40976108716,2026-01-15T19:17:29Z,PORTE-D,R57194154,UNITE,OK
TKT26200100131,2026-01-15T19:17:29Z,PORTE-A,R58459041,UNITE,OK
TKT63555149986,2026-01-15T19:17:30Z,VIP-EST,R57872467,UNITE,OK
TKT73522784777,2026-01-15T19:17:30Z,PORTE-D,R57929620,UNITE,OK
TKT20189553010,2026-01-15T19:17:30Z,PORTE-A,R55028770,UNITE,OK
TKT27094906659,2026-01-15T19:17:30Z,PORTE-C,R58973291,UNITE,OK
TKT61127919013,2026-01-15T19:17:31Z,PORTE-D,,UNITE,OK
TKT42218289264,2026-01-15T19:17:31Z,PORTE-C,R56470948,UNITE,OK
TKT13368673325,2026-01-15T19:17:32Z,PORTE-A,,UNITE,OK
TKT99696442450,2026-01-15T19:17:33Z,PORTE-C,R54894590,UNITE,OK
TKT94404272463,2026-01-15T19:17:33Z,PORTE-A,R52118102,VIP,OK
TKT42829508406,2026-01-15T19:17:33Z,PORTE-D,R58402109,UNITE,OK
TKT71922485071,2026-01-15T19:17:33Z,PORTE-A,R55375450,UNITE,OK
TKT10589516430,2026-01-15T19:17:34Z,PORTE-C,R56044913,ABONNEMENT,OK
TKT87084902302,2026-01-15T19:17:34Z,PORTE-C,R57979953,UNITE,OK
TKT59310841428,2026-01-15T19:17:34Z,PORTE-C,R54154555,UNITE,OK
TKT94660869312,2026-01-15T19:17:35Z,VIP-EST,R52085623,ABONNEMENT,OK
TKT95082666549,2026-01-15T19:17:36Z,PORTE-C,,UNITE,OK
TKT13281963404,2026-01-15T19:17:36Z,PORTE-B,R58022384,UNITE,OK
TKT45681229898,2026-01-15T19:17:37Z,PORTE-A,,GROUPE,OK
TKT62663405838,2026-01-15T19:17:37Z,PORTE-B,,UNITE,OK
TKT22872968847,2026-01-15T19:17:38Z,PORTE-C,R53325243,ABONNEMENT,OK
TKT75939623540,2026-01-15T19:17:38Z,VIP-EST,R54661439,UNITE,OK
TKT22144158438,2026-01-15T19:17:38Z,PORTE-C,R54155245,UNITE,OK
TKT73229949756,2026-01-15T19:17:38Z,PORTE-A,R58201725,UNITE,OK
TKT38727350618,2026-01-15T19:17:39Z,PORTE-A,,UNITE,OK
TKT75293113587,2026-01-15T19:17:39Z,PORTE-A,,UNITE,OK
TKT95049456051,2026-01-15T19:17:39Z,PORTE-C,R51077918,UNITE,OK
TKT64526645813,2026-01-15T19:17:40Z,PORTE-A,R54800801,ABONNEMENT,OK
TKT11548410052,2026-01-15T19:17:40Z,PORTE-A,R55677592,ABONNEMENT,OK
TKT36328349247,2026-01-15T19:17:40Z,PORTE-C,,GROUPE,OK
TKT44957898815,2026-01-15T19:17:40Z,PORTE-A,R53011655,UNITE,OK
TKT12134197820,2026-01-15T19:17:40Z,PORTE-A,R53188400,UNITE,OK
TKT16999777568,2026-01-15T19:17:40Z,PORTE-C,,UNITE,OK
TKT63715228085,2026-01-15T19:17:40Z,VIP-EST,R59106992,INVITATION,OK
TKT44321995373,2026-01-15T19:17:40Z,PORTE-C,R56775341,UNITE,OK
TKT82355280304,2026-01-15T19:17:41Z,VIP-EST,R57128285,UNITE,OK
TKT57614280953,2026-01-15T19:17:41Z,VIP-EST,R57358649,UNITE,OK
TKT30568810903,2026-01-15T19:17:41Z,PORTE-C,R55162059,UNITE,OK
TKT42716249515,2026-01-15T19:17:42Z,PORTE-A,R52605715,UNITE,OK
TKT56878204014,2026-01-15T19:17:43Z,PORTE-A,,UNITE,OK
TKT38424138300,2026-01-15T19:17:43Z,PORTE-C,R53707343,UNITE,OK
TKT92368234711,2026-01-15T19:17:43Z,VIP-EST,R56318656,UNITE,OK
TKT11716686095,2026-01-15T19:17:44Z,PORTE-A,R54273755,ABONNEMENT,OK
TKT59110340517,2026-01-15T19:17:44Z,PORTE-C,R52775650,ABONNEMENT,OK
TKT36108328117,2026-01-15T19:17:44Z,PORTE-C,R58896723,UNITE,OK
TKT92520994504,2026-01-15T19:17:44Z,PORTE-C,R51533501,UNITE,OK
TKT62279355359,2026-01-15T19:17:44Z,PORTE-A,R53844722,UNITE,OK
TKT13775767756,2026-01-15T19:17:45Z,PORTE-C,,GROUPE,OK
TKT11283858562,2026-01-15T19:17:45Z,PORTE-D,R53551306,UNITE,OK
TKT18963281588,2026-01-15T19:17:45Z,PORTE-A,R56587619,UNITE,OK
TKT77079587499,2026-01-15T19:17:45Z,PORTE-B,R52299081,UNITE,OK
TKT20950681604,2026-01-15T19:17:46Z,PORTE-D,R58115215,UNITE,OK
TKT25500962670,2026-01-15T19:17:48Z,PORTE-C,R54239427,UNITE,OK
TKT26245288040,2026-01-15T19:17:49Z,VIP-EST,R56048122,UNITE,OK
TKT93233191575,2026-01-15T19:17:50Z,PMR-NORD,R58520073,ABONNEMENT,OK
TKT12479065553,2026-01-15T19:17:50Z,PORTE-C,R54364000,UNITE,OK
TKT44747629516,2026-01-15T19:17:50Z,VIP-EST,,UNITE,OK
TKT22346656619,2026-01-15T19:17:50Z,PORTE-D,R52986187,UNITE,OK
TKT11700102037,2026-01-15T19:17:51Z,PORTE-C,R57534714,UNITE,OK
TKT99008946664,2026-01-15T19:17:51Z,PORTE-C,R59723670,UNITE,OK
TKT53341288320,2026-01-15T19:17:51Z,PORTE-D,R54620713,UNITE,OK
TKT75680389225,2026-01-15T19:17:51Z,PORTE-B,,GROUPE,OK
TKT71461977050,2026-01-15T19:17:51Z,PORTE-D,R52195886,UNITE,OK
TKT33767066242,2026-01-15T19:17:53Z,PORTE-D,R59492358,ABONNEMENT,OK
TKT60547207319,2026-01-15T19:17:53Z,VIP-EST,R59043441,UNITE,OK
TKT20934818239,2026-01-15T19:17:53Z,PORTE-C,R59251114,UNITE,OK
TKT56188608216,2026-01-15T19:17:54Z,PORTE-C,R52888710,ABONNEMENT,OK
TKT27776029849,2026-01-15T19:17:54Z,PORTE-C,,GROUPE,OK
TKT98931421937,2026-01-15T19:17:54Z,PORTE-D,R56275612,UNITE,OK
TKT32669485320,2026-01-15T19:17:54Z,PORTE-C,R54691342,UNITE,OK
TKT41474240268,2026-01-15T19:17:55Z,PORTE-D,,UNITE,OK
TKT52040037326,2026-01-15T19:17:55Z,PORTE-C,,UNITE,OK
TKT53924074743,2026-01-15T19:17:55Z,PORTE-C,R51283876,UNITE,OK
TKT27862336341,2026-01-15T19:17:55Z,PORTE-B,R56695105,INVITATION,OK
TKT15535702991,2026-01-15T19:17:55Z,PORTE-B,R55042323,UNITE,OK
TKT97336844239,2026-01-15T19:17:55Z,PORTE-B,,UNITE,OK
TKT96189743440,2026-01-15T19:17:56Z,PORTE-D,R59932291,UNITE,OK
TKT96478584681,2026-01-15T19:17:56Z,PORTE-D,R51671503,UNITE,OK
TKT92436461738,2026-01-15T19:17:56Z,PORTE-A,R59627362,UNITE,OK
TKT40751561090,2026-01-15T19:17:57Z,PORTE-C,R56496292,UNITE,OK
TKT21225465868,2026-01-15T19:17:57Z,PORTE-D,R54317067,UNITE,OK
TKT25067870239,2026-01-15T19:17:57Z,PORTE-B,,UNITE,OK
TKT79571591162,2026-01-15T19:17:58Z,PORTE-D,R59056046,UNITE,OK
TKT53473477868,2026-01-15T19:17:58Z,PORTE-D,,UNITE,OK
TKT73704630848,2026-01-15T19:17:58Z,PORTE-B,R55702323,UNITE,OK
TKT83021186311,2026-01-15T19:17:59Z,VIP-EST,R52114568,ABONNEMENT,OK
TKT46149728849,2026-01-15T19:17:59Z,PORTE-A,R51922009,UNITE,OK
TKT10484562556,2026-01-15T19:17:59Z,PORTE-C,R55163831,UNITE,OK
TKT70612538262,2026-01-15T19:17:59Z,VIP-EST,R56313618,UNITE,OK
TKT95085993067,2026-01-15T19:17:59Z,PORTE-C,R52648012,UNITE,OK
TKT75407198676,2026-01-15T19:17:59Z,VIP-EST,R56602810,VIP,OK
TKT46551369553,2026-01-15T19:18:00Z,VIP-EST,R57890321,ABONNEMENT,OK
TKT17004155170,2026-01-15T19:18:00Z,PORTE-C,R55101238,UNITE,OK
TKT54007482437,2026-01-15T19:18:00Z,PORTE-B,R59899256,UNITE,OK
TKT83457051161,2026-01-15T19:18:00Z,VIP-EST,R56234598,UNITE,OK
TKT20759812951,2026-01-15T19:18:00Z,PORTE-C,,GROUPE,OK
TKT42106372487,2026-01-15T19:18:01Z,PORTE-B,R54444715,ABONNEMENT,OK
TKT72728720460,2026-01-15T19:18:01Z,PORTE-B,R57861165,ABONNEMENT,OK
TKT77903730015,2026-01-15T19:18:01Z,PORTE-C,,GROUPE,OK
TKT91054966675,2026-01-15T19:18:01Z,VIP-EST,R51460564,UNITE,OK
TKT34729333837,2026-01-15T19:18:02Z,PORTE-A,,GROUPE,OK
TKT84115191172,2026-01-15T19:18:02Z,PORTE-C,R57316007,UNITE,OK
TKT22114080869,2026-01-15T19:18:02Z,PORTE-C,R56692308,UNITE,OK
TKT38429532519,2026-01-15T19:18:03Z,PORTE-C,R54333685,UNITE,OK
TKT21511363687,2026-01-15T19:18:04Z,PORTE-B,R52525680,UNITE,OK
TKT42184350506,2026-01-15T19:18:05Z,PORTE-C,,GROUPE,OK
TKT80758935080,2026-01-15T19:18:05Z,PORTE-B,R56082507,UNITE,OK
TKT43267398203,2026-01-15T19:18:05Z,PORTE-B,R55670236,UNITE,OK
TKT77174427781,2026-01-15T19:18:05Z,PORTE-C,R53328164,UNITE,OK
TKT16102785188,2026-01-15T19:18:05Z,PORTE-D,R51304718,UNITE,OK
TKT11976575592,2026-01-15T19:18:06Z,PORTE-C,,GROUPE,OK
TKT71831067851,2026-01-15T19:18:07Z,PORTE-A,,UNITE,OK
TKT43670303974,2026-01-15T19:18:07Z,VIP-EST,R53876531,UNITE,OK
TKT12259492578,2026-01-15T19:18:07Z,PORTE-C,,GROUPE,OK
TKT62835168778,2026-01-15T19:18:07Z,VIP-EST,R56005413,UNITE,OK
TKT86139026236,2026-01-15T19:18:08Z,PORTE-A,,UNITE,OK
TKT32163422542,2026-01-15T19:18:08Z,PORTE-C,,UNITE,OK
TKT86523584049,2026-01-15T19:18:08Z,PORTE-C,,UNITE,OK
TKT80897208158,2026-01-15T19:18:08Z,PORTE-A,R58287957,UNITE,REFUSE_INVALIDE
TKT38996007269,2026-01-15T19:18:08Z,PORTE-A,R53091680,UNITE,OK
TKT30347170297,2026-01-15T19:18:09Z,PORTE-C,R58413813,UNITE,OK
TKT69265092920,2026-01-15T19:18:09Z,PORTE-C,R56173921,UNITE,OK
TKT58724517652,2026-01-15T19:18:09Z,PORTE-B,R53414262,UNITE,OK
TKT74797804799,2026-01-15T19:18:09Z,PORTE-C,R57792107,UNITE,OK
TKT15151258323,2026-01-15T19:18:09Z,PORTE-D,,UNITE,OK
TKT80479984987,2026-01-15T19:18:10Z,PORTE-A,R53754812,UNITE,OK
TKT15279590166,2026-01-15T19:18:11Z,PORTE-A,R55498050,UNITE,OK
TKT72728839725,2026-01-15T19:18:11Z,PORTE-C,R53756383,INVITATION,OK
TKT91222779549,2026-01-15T19:18:12Z,PORTE-B,R55410056,ABONNEMENT,OK
TKT71913428061,2026-01-15T19:18:13Z,PORTE-C,R52561167,ABONNEMENT,OK
TKT77000456269,2026-01-15T19:18:13Z,PORTE-A,R53272515,INVITATION,OK
TKT74553277276,2026-01-15T19:18:13Z,PORTE-A,R53855143,UNITE,OK
TKT36477260844,2026-01-15T19:18:13Z,PORTE-A,R52943880,UNITE,OK
TKT76647982183,2026-01-15T19:18:14Z,PORTE-A,R52028269,ABONNEMENT,OK
TKT25921134429,2026-01-15T19:18:14Z,PORTE-D,R54110965,ABONNEMENT,OK
TKT93320766842,2026-01-15T19:18:14Z,PORTE-D,R55878867,INVITATION,OK
TKT29253200663,2026-01-15T19:18:14Z,PORTE-C,R55467946,UNITE,OK
TKT35349438373,2026-01-15T19:18:14Z,PORTE-C,R56295084,UNITE,OK
TKT87121761903,2026-01-15T19:18:14Z,PORTE-D,R52234103,UNITE,OK
TKT12641344261,2026-01-15T19:18:15Z,PORTE-A,R51189340,VIP,OK
TKT57775520183,2026-01-15T19:18:15Z,PORTE-C,R59628712,UNITE,OK
TKT60181465720,2026-01-15T19:18:15Z,PORTE-A,R56327985,UNITE,OK
TKT32772733469,2026-01-15T19:18:15Z,PORTE-B,R56341605,UNITE,OK
TKT66356221768,2026-01-15T19:18:15Z,PORTE-B,R59238174,UNITE,OK
TKT47215439640,2026-01-15T19:18:15Z,PORTE-A,R57818590,UNITE,OK
TKT79907247202,2026-01-15T19:18:16Z,PORTE-A,R53279814,UNITE,OK
TKT92127569939,2026-01-15T19:18:16Z,PORTE-C,R52089636,UNITE,OK
TKT47560891214,2026-01-15T19:18:17Z,PORTE-C,,GROUPE,OK
TKT19906848039,2026-01-15T19:18:17Z,PORTE-A,,INVITATION,OK
TKT48073244488,2026-01-15T19:18:17Z,PORTE-C,R53891990,UNITE,OK
TKT81693502604,2026-01-15T19:18:17Z,PORTE-D,R52568935,UNITE,OK
TKT49183380455,2026-01-15T19:18:17Z,PMR-NORD,,UNITE,OK
TKT89978896856,2026-01-15T19:18:17Z,PORTE-A,R55290789,UNITE,OK
TKT35075716270,2026-01-15T19:18:18Z,PORTE-D,R56413326,UNITE,OK
TKT68741829063,2026-01-15T19:18:18Z,VIP-EST,R55971420,UNITE,OK
TKT37274888885,2026-01-15T19:18:19Z,PORTE-C,R56900738,ABONNEMENT,OK
TKT54239346361,2026-01-15T19:18:19Z,VIP-EST,R52535009,UNITE,OK
TKT21682205918,2026-01-15T19:18:19Z,PORTE-C,R54546540,INVITATION,OK
TKT32519144126,2026-01-15T19:18:19Z,PORTE-C,,GROUPE,OK
TKT94602255674,2026-01-15T19:18:19Z,PORTE-B,R58035525,UNITE,OK
TKT46985494996,2026-01-15T19:18:21Z,PORTE-B,R53134657,ABONNEMENT,REFUSE_DEJA_SCANNE
TKT61600618541,2026-01-15T19:18:21Z,PORTE-C,,GROUPE,OK
TKT25698537302,2026-01-15T19:18:21Z,PORTE-C,,UNITE,OK
TKT31740459469,2026-01-15T19:18:22Z,PORTE-D,R52579758,ABONNEMENT,OK
TKT12220946556,2026-01-15T19:18:22Z,VIP-EST,,UNITE,OK
TKT62932090565,2026-01-15T19:18:22Z,PORTE-C,R53527935,UNITE,OK
TKT17701381636,2026-01-15T19:18:22Z,VIP-EST,R59861662,UNITE,OK
TKT90337014726,2026-01-15T19:18:23Z,PORTE-C,R58490860,UNITE,OK
TKT32359058507,2026-01-15T19:18:23Z,PORTE-C,R58166439,UNITE,OK
TKT71693480785,2026-01-15T19:18:23Z,PORTE-A,,VIP,OK
TKT94495738916,2026-01-15T19:18:24Z,VIP-EST,,GROUPE,OK
TKT60702168525,2026-01-15T19:18:24Z,PORTE-C,R58823374,UNITE,OK
TKT23165858732,2026-01-15T19:18:25Z,PORTE-C,R56462443,INVITATION,OK
TKT29485157231,2026-01-15T19:18:25Z,VIP-EST,R56778262,GROUPE,OK
TKT89127455839,2026-01-15T19:18:25Z,PORTE-A,R58136747,UNITE,OK
TKT30732732000,2026-01-15T19:18:25Z,VIP-EST,R55505339,VIP,OK
TKT66524055510,2026-01-15T19:18:26Z,PORTE-C,R55793449,UNITE,OK
TKT12037600650,2026-01-15T19:18:26Z,VIP-EST,R58648401,UNITE,OK
TKT47230580275,2026-01-15T19:18:26Z,PORTE-C,,UNITE,OK
TKT95642663977,2026-01-15T19:18:26Z,PORTE-A,R59742395,UNITE,OK
TKT16228442142,2026-01-15T19:18:27Z,PORTE-C,R57940922,ABONNEMENT,OK
TKT52057959325,2026-01-15T19:18:27Z,PORTE-A,,UNITE,OK
TKT75221472845,2026-01-15T19:18:27Z,PORTE-D,R55971420,UNITE,OK
TKT65035862604,2026-01-15T19:18:28Z,PORTE-C,R54144201,UNITE,OK
TKT10208276009,2026-01-15T19:18:29Z,VIP-EST,R56692519,ABONNEMENT,OK
TKT75431875756,2026-01-15T19:18:30Z,PORTE-D,,UNITE,OK
TKT36716495575,2026-01-15T19:18:30Z,PORTE-A,,VIP,OK
TKT95983484970,2026-01-15T19:18:30Z,PORTE-B,R53040667,UNITE,OK
TKT62058027112,2026-01-15T19:18:30Z,PORTE-D,R57660302,UNITE,OK
TKT28728556516,2026-01-15T19:18:31Z,PORTE-D,R56716838,ABONNEMENT,OK
TKT92213692847,2026-01-15T19:18:31Z,PORTE-A,R54842753,ABONNEMENT,OK
TKT27363518516,2026-01-15T19:18:31Z,PORTE-C,R56341059,UNITE,REFUSE_DEJA_SCANNE
TKT90185368536,2026-01-15T19:18:31Z,PORTE-A,,UNITE,OK
TKT73527869073,2026-01-15T19:18:31Z,VIP-EST,,UNITE,OK
TKT80714929573,2026-01-15T19:18:31Z,PORTE-A,R55660974,UNITE,OK
TKT59042645785,2026-01-15T19:18:31Z,PORTE-D,R59017283,UNITE,OK
TKT43461848212,2026-01-15T19:18:31Z,PORTE-A,R56086530,INVITATION,OK
TKT62167004657,2026-01-15T19:18:31Z,PORTE-B,R54826959,UNITE,OK
TKT25229348600,2026-01-15T19:18:32Z,VIP-EST,R59845657,VIP,OK
TKT41426885584,2026-01-15T19:18:32Z,PORTE-C,R55790106,INVITATION,OK
TKT71720264428,2026-01-15T19:18:34Z,PORTE-C,R58828680,ABONNEMENT,OK
TKT49508834434,2026-01-15T19:18:34Z,PORTE-A,R51195748,UNITE,OK
TKT71191512687,2026-01-15T19:18:34Z,PORTE-A,R59921123,UNITE,OK
TKT50709419581,2026-01-15T19:18:34Z,PORTE-C,R51092687,UNITE,OK
TKT65919536196,2026-01-15T19:18:34Z,PORTE-B,R59311389,UNITE,OK
TKT16454587683,2026-01-15T19:18:34Z,PORTE-A,R51858947,UNITE,OK
TKT81710937604,2026-01-15T19:18:34Z,PORTE-A,,GROUPE,OK
TKT99531444129,2026-01-15T19:18:34Z,PORTE-A,R54546607,UNITE,OK
TKT89486466126,2026-01-15T19:18:35Z,PORTE-A,R58524977,UNITE,OK
TKT36003332638,2026-01-15T19:18:35Z,PORTE-D,R51632673,UNITE,OK
TKT21246152299,2026-01-15T19:18:35Z,VIP-EST,,UNITE,OK
TKT84709958192,2026-01-15T19:18:36Z,PORTE-D,R53431838,ABONNEMENT,OK
TKT57508721532,2026-01-15T19:18:36Z,PORTE-C,R54288802,UNITE,OK
TKT54458795613,2026-01-15T19:18:36Z,PORTE-B,R59789194,UNITE,OK
TKT51267645991,2026-01-15T19:18:36Z,PORTE-D,,UNITE,OK
TKT56786017263,2026-01-15T19:18:36Z,PORTE-B,,GROUPE,OK
TKT57055894018,2026-01-15T19:18:37Z,PORTE-C,,UNITE,OK
TKT69353897627,2026-01-15T19:18:38Z,PORTE-C,R58390050,ABONNEMENT,OK
TKT99201221972,2026-01-15T19:18:38Z,PORTE-D,R57972865,UNITE,OK
TKT66278695409,2026-01-15T19:18:38Z,PORTE-C,R53723080,UNITE,OK
TKT50235635384,2026-01-15T19:18:38Z,PORTE-A,R53187586,UNITE,OK
TKT18679159404,2026-01-15T19:18:39Z,PORTE-C,R58580415,ABONNEMENT,OK
TKT46109752148,2026-01-15T19:18:39Z,PORTE-B,,UNITE,OK
TKT22271240328,2026-01-15T19:18:39Z,PORTE-C,R51928829,UNITE,OK
TKT82818092477,2026-01-15T19:18:39Z,VIP-EST,,UNITE,OK
TKT76484818052,2026-01-15T19:18:39Z,PORTE-A,R58408296,UNITE,OK
TKT31849690343,2026-01-15T19:18:40Z,VIP-EST,R53920332,ABONNEMENT,OK
TKT47287394581,2026-01-15T19:18:40Z,VIP-EST,R57721612,UNITE,OK
TKT92764727492,2026-01-15T19:18:41Z,PORTE-C,R55946833,UNITE,OK
TKT16122017899,2026-01-15T19:18:41Z,PORTE-B,R54294118,UNITE,OK
TKT80301957094,2026-01-15T19:18:42Z,PORTE-B,R55015140,ABONNEMENT,OK
TKT37201471249,2026-01-15T19:18:42Z,PORTE-C,R53388372,UNITE,OK
TKT10465047503,2026-01-15T19:18:42Z,PORTE-A,R58285907,UNITE,OK
TKT62848002296,2026-01-15T19:18:42Z,PORTE-C,R51811066,UNITE,OK
TKT63169142215,2026-01-15T19:18:42Z,PORTE-C,,UNITE,OK
TKT69929364043,2026-01-15T19:18:43Z,PORTE-C,R59657188,ABONNEMENT,OK
TKT28864701104,2026-01-15T19:18:43Z,VIP-EST,R54962700,UNITE,OK
TKT95140935315,2026-01-15T19:18:43Z,PORTE-B,R51869291,UNITE,OK
TKT77162730017,2026-01-15T19:18:43Z,VIP-EST,R57437716,GROUPE,OK
TKT95736171730,2026-01-15T19:18:43Z,PORTE-A,R51659789,UNITE,OK
TKT35902092109,2026-01-15T19:18:44Z,PORTE-C,R55103690,UNITE,OK
TKT42621611208,2026-01-15T19:18:45Z,PORTE-A,R59509733,ABONNEMENT,OK
TKT51069672754,2026-01-15T19:18:45Z,PORTE-A,R54048027,ABONNEMENT,OK
TKT58357847993,2026-01-15T19:18:45Z,PORTE-B,,GROUPE,OK
TKT45350907352,2026-01-15T19:18:45Z,PORTE-C,R58250286,UNITE,OK
TKT10582848420,2026-01-15T19:18:45Z,PORTE-C,,GROUPE,OK
TKT69859394136,2026-01-15T19:18:46Z,PORTE-C,,GROUPE,OK
TKT76855783846,2026-01-15T19:18:46Z,PORTE-C,,UNITE,OK
TKT12613320607,2026-01-15T19:18:47Z,PORTE-C,,UNITE,OK
TKT44942757967,2026-01-15T19:18:47Z,PORTE-C,R54543609,UNITE,OK
TKT33471262875,2026-01-15T19:18:48Z,PORTE-A,R58576747,ABONNEMENT,OK
TKT72689681847,2026-01-15T19:18:48Z,PORTE-A,R53354255,UNITE,OK
TKT77005078222,2026-01-15T19:18:48Z,PORTE-A,R53477401,UNITE,OK
TKT91426936462,2026-01-15T19:18:48Z,PORTE-A,R56427224,UNITE,OK
TKT74013295367,2026-01-15T19:18:48Z,PORTE-B,R56389697,UNITE,OK
TKT50619460323,2026-01-15T19:18:49Z,PORTE-C,,GROUPE,OK
TKT73625197867,2026-01-15T19:18:49Z,PORTE-C,R56343377,UNITE,OK
TKT57675701043,2026-01-15T19:18:49Z,PORTE-A,R59481257,UNITE,OK
TKT84604297898,2026-01-15T19:18:50Z,PORTE-C,,GROUPE,OK
TKT36921198129,2026-01-15T19:18:50Z,PORTE-B,R52317059,UNITE,OK
TKT83049979100,2026-01-15T19:18:50Z,PORTE-B,R54016094,UNITE,OK
TKT97509390418,2026-01-15T19:18:50Z,PORTE-D,,GROUPE,OK
TKT74790855575,2026-01-15T19:18:51Z,PORTE-A,R59682599,UNITE,OK
TKT24269685461,2026-01-15T19:18:52Z,PORTE-A,R58591449,ABONNEMENT,OK
TKT40762838341,2026-01-15T19:18:52Z,VIP-EST,R56240604,UNITE,OK
TKT20781001051,2026-01-15T19:18:52Z,PORTE-C,,UNITE,OK
TKT80282912210,2026-01-15T19:18:52Z,PORTE-D,R52558581,UNITE,OK
TKT45997569975,2026-01-15T19:18:53Z,PORTE-A,R58452576,ABONNEMENT,OK
TKT49451892583,2026-01-15T19:18:53Z,VIP-EST,R58061549,ABONNEMENT,OK
TKT64783257267,2026-01-15T19:18:53Z,PORTE-C,R51112916,ABONNEMENT,OK
TKT49478826576,2026-01-15T19:18:53Z,PORTE-D,,UNITE,OK
TKT39897283935,2026-01-15T19:18:53Z,PORTE-D,R58921377,UNITE,REFUSE_DEJA_SCANNE
TKT14423373937,2026-01-15T19:18:54Z,VIP-EST,R55376130,ABONNEMENT,OK
TKT84628743503,2026-01-15T19:18:54Z,PORTE-D,,UNITE,OK
TKT13752271477,2026-01-15T19:18:55Z,PORTE-A,R54131884,INVITATION,OK
TKT74352175139,2026-01-15T19:18:55Z,PORTE-C,R53329189,UNITE,OK
TKT58965915189,2026-01-15T19:18:56Z,PORTE-D,R54514597,UNITE,OK
TKT67137792375,2026-01-15T19:18:57Z,PORTE-A,R58353203,ABONNEMENT,OK
TKT72744939887,2026-01-15T19:18:57Z,VIP-EST,R57773851,VIP,OK
TKT38971636828,2026-01-15T19:18:57Z,PORTE-A,R58842176,UNITE,OK
TKT80171711088,2026-01-15T19:18:57Z,PORTE-D,R54265987,UNITE,OK
TKT24327695527,2026-01-15T19:18:57Z,VIP-EST,R54198634,UNITE,OK
TKT58962745166,2026-01-15T19:18:58Z,PORTE-D,R58749747,ABONNEMENT,OK
TKT11984076636,2026-01-15T19:18:58Z,PORTE-C,,UNITE,OK
TKT83900634056,2026-01-15T19:18:58Z,PORTE-D,R52657753,UNITE,OK
TKT55635710073,2026-01-15T19:18:58Z,PORTE-D,R51621160,UNITE,OK
TKT66524082432,2026-01-15T19:18:58Z,PORTE-C,R57109838,UNITE,OK
TKT77773185512,2026-01-15T19:18:58Z,VIP-EST,,UNITE,OK
TKT26431141006,2026-01-15T19:18:59Z,PORTE-C,R55873819,ABONNEMENT,OK
TKT60085594467,2026-01-15T19:18:59Z,PORTE-C,R57186319,ABONNEMENT,OK
TKT91274254921,2026-01-15T19:18:59Z,PORTE-A,R56137476,UNITE,OK
TKT11537124714,2026-01-15T19:18:59Z,PORTE-B,,GROUPE,OK
TKT58060190979,2026-01-15T19:19:00Z,PORTE-D,R54425779,ABONNEMENT,OK
TKT62292869415,2026-01-15T19:19:00Z,PORTE-D,R58466953,UNITE,OK
TKT97993272262,2026-01-15T19:19:00Z,PORTE-C,R56215126,UNITE,OK
TKT14021992167,2026-01-15T19:19:01Z,PORTE-D,,UNITE,OK
TKT35006108802,2026-01-15T19:19:01Z,VIP-EST,R58682039,UNITE,OK
TKT79223522720,2026-01-15T19:19:01Z,PORTE-C,R54027051,UNITE,OK
TKT54973514361,2026-01-15T19:19:02Z,PORTE-A,R51434004,UNITE,OK
TKT45522987062,2026-01-15T19:19:02Z,PORTE-A,R57748239,UNITE,OK
TKT24107567282,2026-01-15T19:19:03Z,PORTE-A,R53146994,UNITE,OK
TKT48733010197,2026-01-15T19:19:03Z,PORTE-C,,INVITATION,OK
TKT59558947310,2026-01-15T19:19:03Z,PORTE-B,R51320589,UNITE,OK
TKT32393182490,2026-01-15T19:19:03Z,PORTE-D,,INVITATION,OK
TKT11666457456,2026-01-15T19:19:04Z,VIP-EST,R53144944,UNITE,OK
TKT76643079893,2026-01-15T19:19:04Z,PORTE-A,R55307062,UNITE,REFUSE_DEJA_SCANNE
TKT95200673290,2026-01-15T19:19:05Z,PORTE-D,R51054279,UNITE,OK
TKT33055413618,2026-01-15T19:19:05Z,VIP-EST,,UNITE,OK
TKT24912713304,2026-01-15T19:19:05Z,VIP-EST,R58415116,UNITE,OK
TKT65641026914,2026-01-15T19:19:06Z,PORTE-A,R57097022,INVITATION,REFUSE_DEJA_SCANNE
TKT44849485890,2026-01-15T19:19:07Z,PORTE-C,R54104634,UNITE,OK
TKT13897962813,2026-01-15T19:19:07Z,PORTE-B,R57432956,UNITE,OK
TKT21463687303,2026-01-15T19:19:08Z,PORTE-C,R55978364,ABONNEMENT,OK
TKT71471537874,2026-01-15T19:19:08Z,PORTE-D,R55871099,UNITE,OK
TKT92380521855,2026-01-15T19:19:08Z,PORTE-C,R58905861,INVITATION,OK
TKT82507485040,2026-01-15T19:19:08Z,PORTE-C,R53982915,UNITE,OK
TKT90236642325,2026-01-15T19:19:09Z,PORTE-C,R59873309,ABONNEMENT,OK
TKT69567776268,2026-01-15T19:19:09Z,PORTE-B,,UNITE,OK
TKT93013992194,2026-01-15T19:19:09Z,PORTE-A,,UNITE,OK
TKT62271448254,2026-01-15T19:19:09Z,PORTE-D,R57421242,UNITE,OK
TKT34680161849,2026-01-15T19:19:09Z,PORTE-A,,UNITE,OK
TKT25206644413,2026-01-15T19:19:09Z,PORTE-C,R51072257,UNITE,REFUSE_DEJA_SCANNE
TKT45324822157,2026-01-15T19:19:10Z,PORTE-B,R51315752,UNITE,OK
TKT60786813967,2026-01-15T19:19:11Z,PORTE-B,R52088276,ABONNEMENT,OK
TKT52627112537,2026-01-15T19:19:11Z,PORTE-C,,UNITE,OK
TKT40480628715,2026-01-15T19:19:11Z,PORTE-D,R54572755,UNITE,OK
TKT36098889431,2026-01-15T19:19:12Z,PORTE-A,R57777663,ABONNEMENT,OK
TKT84607298201,2026-01-15T19:19:12Z,PORTE-A,R51174705,UNITE,OK
TKT45482539802,2026-01-15T19:19:13Z,PORTE-C,R59289388,UNITE,OK
TKT38386266100,2026-01-15T19:19:13Z,VIP-EST,R57280922,INVITATION,OK
TKT22041025870,2026-01-15T19:19:13Z,PORTE-C,R51011024,UNITE,OK
TKT82202739931,2026-01-15T19:19:14Z,PORTE-C,R54259110,ABONNEMENT,OK
TKT32837319888,2026-01-15T19:19:14Z,PORTE-C,,UNITE,OK
TKT39642918969,2026-01-15T19:19:15Z,PORTE-A,,GROUPE,OK
TKT73980006985,2026-01-15T19:19:15Z,PORTE-C,R57927024,UNITE,OK
TKT25383667721,2026-01-15T19:19:16Z,VIP-EST,R58466742,ABONNEMENT,OK
TKT12639145182,2026-01-15T19:19:16Z,PORTE-D,R57680397,ABONNEMENT,OK
TKT65129485459,2026-01-15T19:19:16Z,VIP-EST,R58627013,UNITE,OK
TKT33844032211,2026-01-15T19:19:18Z,PORTE-D,R56993770,ABONNEMENT,OK
TKT59779718277,2026-01-15T19:19:18Z,VIP-EST,R53396820,ABONNEMENT,OK
TKT78772376860,2026-01-15T19:19:18Z,PORTE-A,R55593343,UNITE,OK
TKT60104311018,2026-01-15T19:19:18Z,PORTE-A,R59368264,UNITE,OK
TKT14382592884,2026-01-15T19:19:18Z,PORTE-C,R57586876,UNITE,OK
TKT70672504108,2026-01-15T19:19:18Z,PORTE-C,,UNITE,OK
TKT51262957329,2026-01-15T19:19:18Z,PORTE-C,,UNITE,OK
TKT10666851577,2026-01-15T19:19:18Z,VIP-EST,R58832301,UNITE,OK
TKT13733793426,2026-01-15T19:19:18Z,PORTE-D,R52871556,UNITE,OK
TKT30807614422,2026-01-15T19:19:19Z,PORTE-B,R56127735,UNITE,OK
TKT24742468321,2026-01-15T19:19:19Z,PORTE-D,R51603048,UNITE,OK
TKT73480024866,2026-01-15T19:19:19Z,PORTE-A,R52848386,UNITE,OK
TKT24516888351,2026-01-15T19:19:20Z,PORTE-C,R51040046,ABONNEMENT,OK
TKT67034010771,2026-01-15T19:19:20Z,PORTE-C,,GROUPE,OK
TKT94254526066,2026-01-15T19:19:20Z,PORTE-B,R51431341,UNITE,OK
TKT26399784370,2026-01-15T19:19:21Z,PORTE-D,,GROUPE,OK
TKT90447745219,2026-01-15T19:19:21Z,VIP-EST,,VIP,OK
TKT12076817792,2026-01-15T19:19:21Z,PORTE-D,R57570536,UNITE,OK
TKT21840658615,2026-01-15T19:19:21Z,PORTE-D,R54463450,UNITE,OK
TKT38158822954,2026-01-15T19:19:21Z,PORTE-B,R55106075,UNITE,OK
TKT59643879588,2026-01-15T19:19:22Z,PORTE-A,R58813767,UNITE,OK
TKT50006815972,2026-01-15T19:19:22Z,PORTE-C,R56168605,UNITE,OK
TKT75992222904,2026-01-15T19:19:22Z,PORTE-C,R55093068,UNITE,OK
TKT23400174914,2026-01-15T19:19:22Z,PORTE-C,,UNITE,OK
TKT84297845460,2026-01-15T19:19:22Z,PORTE-D,,UNITE,OK
TKT41380855136,2026-01-15T19:19:23Z,PORTE-D,R59691794,ABONNEMENT,OK
TKT89582613162,2026-01-15T19:19:23Z,PORTE-B,R52082079,UNITE,REFUSE_DEJA_SCANNE
TKT83923404475,2026-01-15T19:19:25Z,VIP-EST,,VIP,OK
TKT37404482690,2026-01-15T19:19:26Z,PORTE-C,,UNITE,OK
TKT50959945406,2026-01-15T19:19:26Z,PORTE-C,,UNITE,OK
TKT62242808436,2026-01-15T19:19:26Z,PORTE-C,,GROUPE,OK
TKT42927740975,2026-01-15T19:19:26Z,VIP-EST,R52608100,UNITE,OK
TKT61523578700,2026-01-15T19:19:27Z,PORTE-B,R57200418,UNITE,OK
TKT34477476835,2026-01-15T19:19:28Z,VIP-EST,R58548951,ABONNEMENT,OK
TKT86139372877,2026-01-15T19:19:28Z,PORTE-B,R59311724,UNITE,OK
TKT52565494453,2026-01-15T19:19:28Z,VIP-EST,R58499566,VIP,OK
TKT34243185543,2026-01-15T19:19:28Z,PORTE-B,R53289411,UNITE,OK
TKT53454393201,2026-01-15T19:19:29Z,PORTE-D,R57170046,INVITATION,OK
TKT76461598526,2026-01-15T19:19:29Z,PORTE-D,R55683655,UNITE,OK
TKT55441643963,2026-01-15T19:19:30Z,PORTE-B,R56510391,ABONNEMENT,OK
TKT79749483807,2026-01-15T19:19:30Z,PORTE-B,R52534674,ABONNEMENT,OK
TKT80048807947,2026-01-15T19:19:30Z,PORTE-D,,GROUPE,OK
TKT56221607316,2026-01-15T19:19:30Z,PORTE-C,R59513478,UNITE,OK
TKT50711599400,2026-01-15T19:19:30Z,PORTE-B,R59163723,INVITATION,OK
TKT62450321578,2026-01-15T19:19:30Z,PORTE-C,R56330916,UNITE,OK
TKT57402208961,2026-01-15T19:19:31Z,PORTE-A,R55640879,UNITE,OK
TKT10996168143,2026-01-15T19:19:31Z,PORTE-B,R52730422,UNITE,OK
TKT23854206804,2026-01-15T19:19:31Z,PORTE-C,R57816761,UNITE,OK
TKT92348241575,2026-01-15T19:19:31Z,PORTE-D,R51820529,UNITE,OK
TKT15981778381,2026-01-15T19:19:31Z,PORTE-C,R54155724,UNITE,OK
TKT92481588088,2026-01-15T19:19:31Z,PORTE-C,R52386529,UNITE,OK
TKT71564586550,2026-01-15T19:19:31Z,PORTE-A,R53720015,UNITE,OK
TKT29876136327,2026-01-15T19:19:32Z,PORTE-D,R57256881,ABONNEMENT,OK
TKT43560837063,2026-01-15T19:19:32Z,PORTE-C,R53227833,ABONNEMENT,OK
TKT89136952244,2026-01-15T19:19:32Z,PORTE-A,,UNITE,OK
TKT94369301475,2026-01-15T19:19:32Z,PORTE-A,,UNITE,OK
TKT43244848383,2026-01-15T19:19:33Z,PORTE-C,R55650285,UNITE,OK
TKT65243773292,2026-01-15T19:19:33Z,PORTE-D,,UNITE,OK
TKT11278782608,2026-01-15T19:19:33Z,VIP-EST,R58906598,UNITE,OK
TKT12454457593,2026-01-15T19:19:34Z,PORTE-A,R57664526,UNITE,OK
TKT73458380555,2026-01-15T19:19:34Z,PORTE-C,R55318920,UNITE,OK
TKT59599069240,2026-01-15T19:19:34Z,PORTE-C,R57648598,UNITE,OK
TKT27541911027,2026-01-15T19:19:35Z,PORTE-C,R56327985,UNITE,OK
TKT56220358971,2026-01-15T19:19:35Z,PORTE-A,R51837425,UNITE,OK
TKT96984161491,2026-01-15T19:19:36Z,PORTE-C,,GROUPE,OK
TKT69443758783,2026-01-15T19:19:36Z,VIP-EST,R58610797,UNITE,OK
TKT88487587063,2026-01-15T19:19:36Z,PORTE-D,R54117239,UNITE,OK
TKT94872026312,2026-01-15T19:19:36Z,PORTE-A,,VIP,OK
TKT51917725851,2026-01-15T19:19:36Z,PORTE-B,R58949853,UNITE,OK
TKT34429985770,2026-01-15T19:19:37Z,PORTE-A,R59909342,UNITE,OK
TKT50953197245,2026-01-15T19:19:38Z,PORTE-D,R52869841,UNITE,OK
TKT38592087969,2026-01-15T19:19:38Z,PORTE-A,R59195254,UNITE,OK
TKT25656443637,2026-01-15T19:19:39Z,PORTE-D,R52478067,ABONNEMENT,OK
TKT68485333590,2026-01-15T19:19:39Z,PORTE-A,,UNITE,OK
TKT21578316848,2026-01-15T19:19:40Z,VIP-EST,R56245642,VIP,OK
TKT53263483398,2026-01-15T19:19:40Z,PORTE-B,,UNITE,OK
TKT42771697386,2026-01-15T19:19:41Z,PORTE-D,,UNITE,OK
TKT20204730653,2026-01-15T19:19:41Z,PORTE-C,,UNITE,OK
TKT98773030365,2026-01-15T19:19:41Z,PORTE-B,R52610820,UNITE,OK
TKT70095670470,2026-01-15T19:19:42Z,PORTE-C,R59690635,ABONNEMENT,OK
TKT39075625975,2026-01-15T19:19:42Z,PORTE-D,,UNITE,OK
TKT38466435730,2026-01-15T19:19:42Z,PORTE-C,R58646083,UNITE,OK
TKT34309338324,2026-01-15T19:19:42Z,PORTE-D,R54406431,UNITE,OK
TKT46259111874,2026-01-15T19:19:43Z,VIP-EST,R54074386,UNITE,OK
TKT90643955312,2026-01-15T19:19:43Z,PORTE-C,,GROUPE,OK
TKT68649530772,2026-01-15T19:19:43Z,PORTE-C,,INVITATION,OK
TKT95497103646,2026-01-15T19:19:43Z,PORTE-D,R59618234,INVITATION,OK
TKT79629634403,2026-01-15T19:19:44Z,PORTE-C,R55242084,ABONNEMENT,OK
TKT12421632568,2026-01-15T19:19:44Z,PORTE-D,,UNITE,OK
TKT16702433356,2026-01-15T19:19:46Z,PORTE-A,R55778670,UNITE,OK
TKT41009785974,2026-01-15T19:19:46Z,PORTE-A,R54174104,UNITE,OK
TKT76846256734,2026-01-15T19:19:47Z,PORTE-B,R53351123,ABONNEMENT,OK
TKT72445370629,2026-01-15T19:19:47Z,VIP-EST,R52628262,UNITE,OK
TKT63937280911,2026-01-15T19:19:47Z,PORTE-C,,UNITE,OK
TKT44416985672,2026-01-15T19:19:48Z,VIP-EST,R54023105,UNITE,OK
TKT28666351379,2026-01-15T19:19:48Z,PORTE-C,R52025616,INVITATION,OK
TKT34879323945,2026-01-15T19:19:48Z,PORTE-C,R56687481,UNITE,OK
TKT91999831791,2026-01-15T19:19:48Z,PORTE-A,R52140515,UNITE,OK
TKT71374619135,2026-01-15T19:19:49Z,PORTE-C,R58744019,ABONNEMENT,OK
TKT59357883724,2026-01-15T19:19:49Z,PORTE-D,R52004017,UNITE,OK
TKT13345555115,2026-01-15T19:19:49Z,PORTE-A,R59442303,UNITE,OK
TKT74980360861,2026-01-15T19:19:50Z,VIP-EST,R55770155,VIP,OK
TKT89960126055,2026-01-15T19:19:50Z,VIP-EST,R59644593,UNITE,OK
TKT30010705154,2026-01-15T19:19:52Z,VIP-EST,R56354545,ABONNEMENT,OK
TKT91340696617,2026-01-15T19:19:52Z,PORTE-C,R52887149,UNITE,OK
TKT13416115290,2026-01-15T19:19:52Z,PORTE-C,R58030621,UNITE,OK
TKT31600008959,2026-01-15T19:19:52Z,PORTE-D,R58876772,UNITE,OK
TKT31616586563,2026-01-15T19:19:53Z,PORTE-C,R59372421,INVITATION,OK
TKT12436902765,2026-01-15T19:19:53Z,PORTE-B,R53828851,UNITE,OK
TKT38856680948,2026-01-15T19:19:53Z,PORTE-C,R56148443,UNITE,OK
TKT63336743656,2026-01-15T19:19:54Z,PORTE-C,R53494019,ABONNEMENT,OK
TKT75422308381,2026-01-15T19:19:54Z,PORTE-B,R53127847,UNITE,OK
TKT70598398615,2026-01-15T19:19:54Z,VIP-EST,R51954843,UNITE,OK
TKT97910184558,2026-01-15T19:19:55Z,PORTE-A,R56631621,UNITE,OK
TKT90519626021,2026-01-15T19:19:56Z,PORTE-B,R59252819,ABONNEMENT,OK
TKT94866888960,2026-01-15T19:19:56Z,PORTE-A,R52165514,UNITE,OK
TKT23752780239,2026-01-15T19:19:56Z,PORTE-D,R55361897,UNITE,OK
TKT72641828922,2026-01-15T19:19:56Z,VIP-EST,,UNITE,OK
TKT55539079425,2026-01-15T19:19:57Z,VIP-EST,R54752776,ABONNEMENT,OK
TKT35542972553,2026-01-15T19:19:57Z,PORTE-C,R52551637,UNITE,OK
TKT10327173671,2026-01-15T19:19:58Z,PORTE-C,R57888482,ABONNEMENT,OK
TKT11587348146,2026-01-15T19:19:58Z,PORTE-C,R59202744,ABONNEMENT,OK
TKT78672679872,2026-01-15T19:19:58Z,PORTE-B,R59516466,UNITE,OK
TKT99364509242,2026-01-15T19:19:58Z,PORTE-A,R51593997,UNITE,OK
TKT79411284373,2026-01-15T19:19:58Z,PORTE-C,,UNITE,OK
TKT39106248594,2026-01-15T19:19:59Z,PORTE-C,,UNITE,OK
TKT70179387796,2026-01-15T19:20:00Z,PORTE-C,R59661345,ABONNEMENT,OK
TKT89328761548,2026-01-15T19:20:00Z,PORTE-D,R56786509,ABONNEMENT,OK
TKT27117760254,2026-01-15T19:20:00Z,PORTE-A,R52594403,UNITE,OK
TKT14898031103,2026-01-15T19:20:01Z,PORTE-D,R54131606,UNITE,OK
TKT56155139429,2026-01-15T19:20:01Z,PORTE-B,,UNITE,OK
TKT29486411409,2026-01-15T19:20:01Z,PORTE-C,,INVITATION,OK
TKT55252119522,2026-01-15T19:20:02Z,VIP-EST,,INVITATION,OK
TKT46485956424,2026-01-15T19:20:02Z,PORTE-D,R58937181,UNITE,OK
TKT42634234318,2026-01-15T19:20:03Z,PORTE-B,R56919396,ABONNEMENT,OK
TKT48369324556,2026-01-15T19:20:03Z,PORTE-C,R54801883,UNITE,OK
TKT40258230491,2026-01-15T19:20:03Z,PORTE-C,R53605987,UNITE,OK
TKT58219088977,2026-01-15T19:20:04Z,PORTE-D,R52491151,UNITE,OK
TKT25157628513,2026-01-15T19:20:05Z,VIP-EST,R54638212,ABONNEMENT,OK
TKT13143345268,2026-01-15T19:20:05Z,PORTE-A,,UNITE,OK
TKT99934013070,2026-01-15T19:20:05Z,PORTE-D,R55245628,UNITE,OK
TKT75287962736,2026-01-15T19:20:05Z,PORTE-C,R58280112,UNITE,OK
TKT65837526599,2026-01-15T19:20:06Z,PORTE-D,R53290091,ABONNEMENT,OK
TKT25836900000,2026-01-15T19:20:06Z,PORTE-D,R53882460,UNITE,OK
TKT24105175134,2026-01-15T19:20:06Z,VIP-EST,R57196951,UNITE,OK
TKT73418813123,2026-01-15T19:20:07Z,VIP-EST,R53408400,UNITE,OK
TKT20781923677,2026-01-15T19:20:07Z,PORTE-D,R59944953,UNITE,OK
TKT27826391111,2026-01-15T19:20:07Z,PORTE-D,R52377468,UNITE,OK
TKT14632784594,2026-01-15T19:20:08Z,PORTE-D,,GROUPE,OK
TKT74438926005,2026-01-15T19:20:08Z,VIP-EST,R56444934,UNITE,OK
TKT69266328986,2026-01-15T19:20:08Z,PORTE-A,R52055174,UNITE,OK
TKT66275538976,2026-01-15T19:20:08Z,PORTE-C,,UNITE,OK
TKT85053703199,2026-01-15T19:20:08Z,VIP-EST,R51370721,UNITE,OK
TKT40342445335,2026-01-15T19:20:09Z,PORTE-B,,UNITE,OK
TKT36974859094,2026-01-15T19:20:09Z,PORTE-C,R57207640,UNITE,OK
TKT34785665265,2026-01-15T19:20:09Z,VIP-EST,R57598399,UNITE,OK
TKT21526659970,2026-01-15T19:20:10Z,PORTE-A,R56649063,ABONNEMENT,OK
TKT33258673015,2026-01-15T19:20:10Z,PORTE-C,,UNITE,OK
TKT43895158538,2026-01-15T19:20:10Z,PORTE-A,R59658749,UNITE,OK
TKT67758157213,2026-01-15T19:20:11Z,PORTE-D,R58013735,ABONNEMENT,OK
TKT77616410407,2026-01-15T19:20:11Z,VIP-EST,,GROUPE,OK
TKT29015744110,2026-01-15T19:20:11Z,PORTE-D,,UNITE,OK
TKT29898899384,2026-01-15T19:20:11Z,VIP-EST,R51060821,UNITE,OK
TKT59508235780,2026-01-15T19:20:11Z,VIP-EST,R58652136,UNITE,OK
TKT17003394482,2026-01-15T19:20:11Z,PORTE-D,,UNITE,OK
TKT65372121526,2026-01-15T19:20:11Z,PORTE-A,,INVITATION,OK
TKT89708307580,2026-01-15T19:20:11Z,PORTE-A,R53753452,UNITE,OK
TKT95813978435,2026-01-15T19:20:12Z,VIP-EST,R52416164,VIP,OK
TKT94049616124,2026-01-15T19:20:12Z,PORTE-A,R52824623,UNITE,OK
TKT63100271899,2026-01-15T19:20:13Z,PORTE-C,R53567301,UNITE,OK
TKT75224585438,2026-01-15T19:20:13Z,PORTE-A,R54848749,UNITE,OK
TKT78638413623,2026-01-15T19:20:13Z,PORTE-C,R58315542,UNITE,OK
TKT44645677981,2026-01-15T19:20:13Z,PORTE-A,,UNITE,OK
TKT95233824952,2026-01-15T19:20:13Z,PORTE-D,,GROUPE,OK
TKT21293022451,2026-01-15T19:20:14Z,PORTE-C,R52467579,UNITE,OK
TKT47072265905,2026-01-15T19:20:14Z,VIP-EST,,INVITATION,OK
TKT56551421368,2026-01-15T19:20:14Z,PORTE-D,R59395303,UNITE,OK
TKT66155545381,2026-01-15T19:20:14Z,PORTE-C,R56073925,UNITE,OK
TKT44918221315,2026-01-15T19:20:14Z,PORTE-C,R59757720,UNITE,OK
TKT64979426163,2026-01-15T19:20:15Z,VIP-EST,,VIP,OK
TKT71839683847,2026-01-15T19:20:15Z,VIP-EST,R58135320,UNITE,OK
TKT26972910676,2026-01-15T19:20:15Z,PORTE-C,,GROUPE,OK
TKT33593022715,2026-01-15T19:20:15Z,VIP-EST,R51827272,UNITE,OK
TKT81817594762,2026-01-15T19:20:15Z,PORTE-D,R57721468,UNITE,OK
TKT68274610586,2026-01-15T19:20:17Z,PORTE-B,R51557274,ABONNEMENT,OK
TKT91101103128,2026-01-15T19:20:17Z,PORTE-C,R52705088,UNITE,OK
TKT21635485058,2026-01-15T19:20:18Z,PORTE-C,R54576644,ABONNEMENT,OK
TKT59101497037,2026-01-15T19:20:18Z,PORTE-C,R51629541,UNITE,OK
TKT11456694091,2026-01-15T19:20:18Z,PORTE-A,R57062771,UNITE,OK
TKT43179682712,2026-01-15T19:20:19Z,PORTE-A,R57873023,UNITE,OK
TKT15366016863,2026-01-15T19:20:19Z,PORTE-D,R55949764,UNITE,OK
TKT95062422696,2026-01-15T19:20:20Z,PORTE-D,R52715097,UNITE,OK
TKT37861413717,2026-01-15T19:20:20Z,PORTE-A,R53713741,UNITE,OK
TKT92633183098,2026-01-15T19:20:20Z,PORTE-B,R54325381,INVITATION,OK
TKT30590439452,2026-01-15T19:20:20Z,PORTE-C,R54635080,UNITE,OK
TKT33850755791,2026-01-15T19:20:21Z,PORTE-A,R59795046,ABONNEMENT,OK
TKT14152824087,2026-01-15T19:20:21Z,PORTE-A,R58037230,ABONNEMENT,OK
TKT19516958386,2026-01-15T19:20:21Z,VIP-EST,R56867837,UNITE,OK
TKT50434688161,2026-01-15T19:20:21Z,PORTE-B,R55049679,UNITE,OK
TKT55312318523,2026-01-15T19:20:21Z,PORTE-C,R52068114,UNITE,OK
TKT66031240915,2026-01-15T19:20:22Z,PORTE-A,R56737814,UNITE,OK
TKT92705692016,2026-01-15T19:20:23Z,PORTE-B,R54607974,ABONNEMENT,OK
TKT17785658248,2026-01-15T19:20:23Z,PORTE-B,R53346698,UNITE,OK
TKT40076985255,2026-01-15T19:20:23Z,PORTE-D,R59779999,UNITE,OK
TKT82103948070,2026-01-15T19:20:23Z,PORTE-C,,GROUPE,OK
TKT77406506737,2026-01-15T19:20:25Z,PORTE-A,R57046632,ABONNEMENT,OK
TKT30896644106,2026-01-15T19:20:25Z,PORTE-D,R57554933,ABONNEMENT,OK
TKT75305640520,2026-01-15T19:20:25Z,PORTE-C,,UNITE,OK
TKT29309450519,2026-01-15T19:20:25Z,VIP-EST,R54375781,VIP,OK
TKT89222418356,2026-01-15T19:20:26Z,PORTE-B,R52372842,ABONNEMENT,OK
TKT39646077205,2026-01-15T19:20:26Z,PORTE-A,R58492555,ABONNEMENT,OK
TKT17587138535,2026-01-15T19:20:26Z,PORTE-C,R52034533,INVITATION,OK
TKT20803633916,2026-01-15T19:20:26Z,VIP-EST,R55049679,UNITE,OK
TKT31642814235,2026-01-15T19:20:26Z,PORTE-C,R52003672,UNITE,OK
TKT54035563550,2026-01-15T19:20:27Z,PORTE-D,R54040671,ABONNEMENT,OK
TKT64786308787,2026-01-15T19:20:27Z,PORTE-C,R58255803,UNITE,REFUSE_INVALIDE
TKT26331689605,2026-01-15T19:20:27Z,PORTE-C,,UNITE,OK
TKT54033066958,2026-01-15T19:20:28Z,PORTE-B,R57370899,UNITE,OK
TKT99741760209,2026-01-15T19:20:29Z,PORTE-A,,UNITE,OK
TKT31803584469,2026-01-15T19:20:30Z,PORTE-C,,UNITE,OK
TKT96617545982,2026-01-15T19:20:30Z,PORTE-B,R51888227,UNITE,OK
TKT46102346944,2026-01-15T19:20:30Z,PORTE-B,R54508936,UNITE,OK
TKT28213007593,2026-01-15T19:20:31Z,PORTE-B,R58341345,ABONNEMENT,OK
TKT52036379777,2026-01-15T19:20:31Z,PORTE-C,,UNITE,OK
TKT83473442001,2026-01-15T19:20:31Z,VIP-EST,R52512807,UNITE,OK
TKT80714929573,2026-01-15T19:20:31Z,PORTE-A,R55660974,UNITE,REFUSE_DEJA_SCANNE
TKT37580358261,2026-01-15T19:20:31Z,PORTE-D,R53255016,UNITE,OK
TKT77027481105,2026-01-15T19:20:32Z,PORTE-B,R54243574,UNITE,OK
TKT80021351020,2026-01-15T19:20:33Z,PORTE-D,R54358627,ABONNEMENT,OK
TKT18869945180,2026-01-15T19:20:33Z,PORTE-D,R54170905,UNITE,OK
TKT46603719210,2026-01-15T19:20:33Z,PORTE-A,,UNITE,OK
TKT36279431768,2026-01-15T19:20:34Z,PORTE-B,R51645556,UNITE,OK
TKT81349334564,2026-01-15T19:20:34Z,VIP-EST,R54553417,VIP,OK
TKT71159525343,2026-01-15T19:20:34Z,VIP-EST,R57224258,UNITE,OK
TKT47701332556,2026-01-15T19:20:35Z,PORTE-C,,GROUPE,OK
TKT52106564557,2026-01-15T19:20:35Z,VIP-EST,R57584300,UNITE,OK
TKT71130767831,2026-01-15T19:20:35Z,PORTE-B,R52755220,UNITE,OK
TKT72014633834,2026-01-15T19:20:35Z,PORTE-C,,UNITE,OK
TKT14547055873,2026-01-15T19:20:36Z,PORTE-D,R53846762,ABONNEMENT,OK
TKT16428937150,2026-01-15T19:20:36Z,PORTE-C,R55864490,UNITE,OK
TKT59707158318,2026-01-15T19:20:36Z,PORTE-D,R56305706,UNITE,OK
TKT15419005084,2026-01-15T19:20:37Z,PORTE-A,R58521577,ABONNEMENT,OK
TKT20109922417,2026-01-15T19:20:37Z,VIP-EST,R51557686,ABONNEMENT,OK
TKT66209620822,2026-01-15T19:20:38Z,PORTE-A,R58378882,UNITE,OK
TKT95992284737,2026-01-15T19:20:39Z,PORTE-B,R53629971,ABONNEMENT,OK
TKT64790475774,2026-01-15T19:20:39Z,VIP-EST,R54626498,ABONNEMENT,OK
TKT99543648744,2026-01-15T19:20:39Z,VIP-EST,R52916908,ABONNEMENT,OK
TKT22474403474,2026-01-15T19:20:39Z,PORTE-C,R55925857,UNITE,OK
TKT98060080306,2026-01-15T19:20:39Z,VIP-EST,R51224693,UNITE,OK
TKT36069307993,2026-01-15T19:20:39Z,PORTE-C,,UNITE,OK
TKT84873730296,2026-01-15T19:20:39Z,PORTE-C,R51413765,UNITE,OK
TKT33474536118,2026-01-15T19:20:39Z,PORTE-C,,UNITE,OK
TKT52433765147,2026-01-15T19:20:39Z,PORTE-A,,INVITATION,OK
TKT60233776679,2026-01-15T19:20:40Z,PORTE-D,,GROUPE,REFUSE_DEJA_SCANNE
TKT78844905286,2026-01-15T19:20:40Z,PORTE-A,R59362335,UNITE,OK
TKT61478522836,2026-01-15T19:20:41Z,VIP-EST,R51133835,ABONNEMENT,OK
TKT88443415285,2026-01-15T19:20:41Z,PORTE-C,R53674576,UNITE,OK
TKT49659908375,2026-01-15T19:20:41Z,PORTE-C,R51345722,UNITE,OK
TKT76250166333,2026-01-15T19:20:41Z,PORTE-C,R52349414,UNITE,OK
TKT44480159031,2026-01-15T19:20:42Z,PORTE-C,R57314915,ABONNEMENT,OK
TKT91394352413,2026-01-15T19:20:42Z,PMR-NORD,R52368752,ABONNEMENT,OK
TKT58608077665,2026-01-15T19:20:42Z,PORTE-D,R51681780,ABONNEMENT,OK
TKT28555786214,2026-01-15T19:20:42Z,PORTE-D,R53376179,UNITE,OK
TKT95146478273,2026-01-15T19:20:42Z,PORTE-C,R51069470,UNITE,OK
TKT92160292889,2026-01-15T19:20:42Z,PORTE-D,R58135454,UNITE,OK
TKT79654417058,2026-01-15T19:20:42Z,PORTE-B,R53390211,UNITE,OK
TKT79792989861,2026-01-15T19:20:42Z,PORTE-C,R54678536,UNITE,OK
TKT23776728618,2026-01-15T19:20:42Z,PORTE-C,R54946618,UNITE,OK
TKT24942472689,2026-01-15T19:20:43Z,PORTE-C,R55623380,ABONNEMENT,OK
TKT37341977584,2026-01-15T19:20:44Z,PORTE-C,R56852924,UNITE,OK
TKT72936910703,2026-01-15T19:20:44Z,PORTE-C,,GROUPE,OK
TKT80046054565,2026-01-15T19:20:44Z,PORTE-C,R55718864,UNITE,OK
TKT77424508246,2026-01-15T19:20:44Z,PORTE-B,,UNITE,OK
TKT37423329672,2026-01-15T19:20:45Z,PORTE-A,R58552763,UNITE,OK
TKT89944734206,2026-01-15T19:20:45Z,PORTE-D,R57006576,UNITE,OK
TKT73453211462,2026-01-15T19:20:46Z,PORTE-C,R51414857,ABONNEMENT,OK
TKT31141338161,2026-01-15T19:20:46Z,PORTE-A,R59045414,UNITE,OK
TKT51740186596,2026-01-15T19:20:46Z,PORTE-D,R58528176,UNITE,OK
TKT74871397534,2026-01-15T19:20:46Z,PORTE-B,R57143409,UNITE,OK
TKT67534455702,2026-01-15T19:20:47Z,VIP-EST,R51313444,UNITE,OK
TKT92998266031,2026-01-15T19:20:47Z,PORTE-C,R54363588,UNITE,OK
TKT40270285397,2026-01-15T19:20:47Z,PORTE-B,R58718407,UNITE,OK
TKT55696833549,2026-01-15T19:20:47Z,PORTE-C,,UNITE,OK
TKT95774844944,2026-01-15T19:20:47Z,PORTE-A,,UNITE,OK
TKT36501766994,2026-01-15T19:20:48Z,PORTE-C,R51551077,UNITE,OK
TKT77406564788,2026-01-15T19:20:48Z,PORTE-C,R57539340,UNITE,OK
TKT55474973119,2026-01-15T19:20:49Z,PORTE-C,R53848668,ABONNEMENT,REFUSE_DEJA_SCANNE
TKT24045738039,2026-01-15T19:20:49Z,PORTE-C,R55132300,UNITE,OK
TKT87370130988,2026-01-15T19:20:49Z,PORTE-B,,GROUPE,OK
TKT77836595852,2026-01-15T19:20:50Z,PMR-NORD,R54310324,ABONNEMENT,OK
TKT51778149556,2026-01-15T19:20:50Z,PORTE-D,,UNITE,OK
TKT42270123713,2026-01-15T19:20:50Z,VIP-EST,R58658879,UNITE,OK
TKT27290305310,2026-01-15T19:20:51Z,PORTE-D,,UNITE,OK
TKT94965543580,2026-01-15T19:20:51Z,PORTE-C,R52253039,UNITE,OK
TKT71439882149,2026-01-15T19:20:52Z,PORTE-D,R57842440,UNITE,OK
TKT28177596213,2026-01-15T19:20:53Z,PORTE-C,R52634392,ABONNEMENT,OK
TKT49399390425,2026-01-15T19:20:53Z,PORTE-C,R57608341,UNITE,OK
TKT98110625365,2026-01-15T19:20:53Z,PORTE-A,R58029472,UNITE,OK
TKT50612561988,2026-01-15T19:20:54Z,PORTE-C,R59381683,ABONNEMENT,OK
TKT79350025147,2026-01-15T19:20:54Z,PORTE-A,R57450043,UNITE,OK
TKT85132673275,2026-01-15T19:20:54Z,PORTE-C,R52950968,UNITE,OK
TKT66835131210,2026-01-15T19:20:54Z,PORTE-D,,UNITE,OK
TKT51844390848,2026-01-15T19:20:54Z,VIP-EST,R57191491,UNITE,OK
TKT65058924463,2026-01-15T19:20:55Z,PORTE-D,,UNITE,OK
TKT73276971993,2026-01-15T19:20:55Z,PORTE-C,R59165150,UNITE,OK
TKT66931910158,2026-01-15T19:20:55Z,PORTE-C,R56760083,UNITE,OK
TKT25218401525,2026-01-15T19:20:55Z,PORTE-C,R58650029,UNITE,OK
TKT58357591212,2026-01-15T19:20:56Z,PORTE-D,R51697594,ABONNEMENT,OK
TKT91160893535,2026-01-15T19:20:56Z,PORTE-C,R54118800,UNITE,OK
TKT13206164852,2026-01-15T19:20:56Z,PORTE-C,R59020894,UNITE,OK
TKT30903756012,2026-01-15T19:20:56Z,PORTE-B,R55140269,UNITE,OK
TKT31755933116,2026-01-15T19:20:57Z,VIP-EST,R55147960,ABONNEMENT,OK
TKT43111841315,2026-01-15T19:20:57Z,PORTE-C,R54180378,UNITE,OK
TKT21467562267,2026-01-15T19:20:57Z,PORTE-A,,GROUPE,OK
TKT19543904565,2026-01-15T19:20:58Z,PORTE-C,,UNITE,OK
TKT89435202742,2026-01-15T19:20:58Z,PORTE-C,R52388579,UNITE,OK
TKT62700189259,2026-01-15T19:20:58Z,PORTE-C,R52121512,UNITE,OK
TKT77214131634,2026-01-15T19:20:58Z,PORTE-B,R52777757,UNITE,OK
TKT71302878643,2026-01-15T19:20:58Z,PORTE-B,R57082933,UNITE,OK
TKT97641548811,2026-01-15T19:20:58Z,PORTE-C,,UNITE,OK
TKT67348450865,2026-01-15T19:20:58Z,PORTE-C,,UNITE,OK
TKT83053604806,2026-01-15T19:20:58Z,PORTE-C,R51925754,UNITE,OK
TKT39521440026,2026-01-15T19:20:58Z,PORTE-C,,UNITE,OK
TKT81577548370,2026-01-15T19:20:59Z,PORTE-A,R53157271,ABONNEMENT,OK
TKT21418455558,2026-01-15T19:20:59Z,PORTE-C,R56214369,ABONNEMENT,OK
TKT55688540109,2026-01-15T19:20:59Z,PORTE-B,R58075437,INVITATION,OK
TKT63097580752,2026-01-15T19:20:59Z,PORTE-C,,UNITE,OK
TKT11471769552,2026-01-15T19:21:00Z,PORTE-C,R56370483,ABONNEMENT,OK
TKT34043520196,2026-01-15T19:21:00Z,PORTE-A,R57551265,UNITE,OK
TKT68076591943,2026-01-15T19:21:00Z,PORTE-B,,UNITE,OK
TKT48527941126,2026-01-15T19:21:01Z,PORTE-D,R57532252,UNITE,OK
TKT51084010392,2026-01-15T19:21:01Z,PORTE-C,R55132980,UNITE,OK
TKT17639027515,2026-01-15T19:21:02Z,PORTE-C,R59170744,UNITE,OK
TKT26527866095,2026-01-15T19:21:02Z,PORTE-A,R53493540,UNITE,OK
TKT26260807491,2026-01-15T19:21:03Z,PORTE-C,,GROUPE,OK
TKT83273285431,2026-01-15T19:21:03Z,PORTE-A,R53568125,UNITE,OK
TKT66016330529,2026-01-15T19:21:03Z,PORTE-D,R58773577,UNITE,OK
TKT75761412414,2026-01-15T19:21:04Z,PORTE-B,R55409098,UNITE,OK
TKT23875946874,2026-01-15T19:21:04Z,VIP-EST,R56634207,VIP,OK
TKT70172726951,2026-01-15T19:21:04Z,PORTE-D,R57920147,UNITE,OK
TKT56125748692,2026-01-15T19:21:04Z,VIP-EST,R54945459,VIP,OK
TKT80003129540,2026-01-15T19:21:04Z,VIP-EST,R58628708,VIP,OK
TKT89909882392,2026-01-15T19:21:05Z,PORTE-A,R52771359,ABONNEMENT,OK
TKT33379537827,2026-01-15T19:21:05Z,PORTE-C,R51700860,UNITE,OK
TKT37786870621,2026-01-15T19:21:05Z,PORTE-C,,UNITE,OK
TKT41941104373,2026-01-15T19:21:05Z,PORTE-B,R59763917,UNITE,REFUSE_DEJA_SCANNE
TKT33812831807,2026-01-15T19:21:05Z,PORTE-D,,UNITE,OK
TKT45940852439,2026-01-15T19:21:05Z,PORTE-D,R56474080,UNITE,OK
TKT79336618211,2026-01-15T19:21:06Z,PORTE-B,R54186163,UNITE,OK
TKT58021340753,2026-01-15T19:21:06Z,PORTE-B,R52531274,UNITE,OK
TKT67402911309,2026-01-15T19:21:06Z,PORTE-D,R55388467,UNITE,OK
TKT27838370339,2026-01-15T19:21:06Z,VIP-EST,R57765470,UNITE,OK
TKT24246523765,2026-01-15T19:21:06Z,PORTE-C,R55109954,UNITE,OK
TKT47416175147,2026-01-15T19:21:06Z,PORTE-B,R51740705,UNITE,OK
TKT92005776892,2026-01-15T19:21:06Z,VIP-EST,R53033589,UNITE,OK
TKT46125584845,2026-01-15T19:21:06Z,PORTE-A,R57535260,UNITE,OK
TKT92003141872,2026-01-15T19:21:06Z,PORTE-C,R51648209,UNITE,OK
TKT86066478351,2026-01-15T19:21:07Z,PORTE-D,R57423751,ABONNEMENT,OK
TKT79477021734,2026-01-15T19:21:07Z,PORTE-C,R59745393,UNITE,OK
TKT80039010341,2026-01-15T19:21:07Z,PORTE-B,,UNITE,OK
TKT54342340077,2026-01-15T19:21:07Z,PORTE-A,R55562559,UNITE,OK
TKT28856015247,2026-01-15T19:21:07Z,PORTE-D,R56992276,UNITE,OK
TKT15489659343,2026-01-15T19:21:08Z,PORTE-C,R52895118,ABONNEMENT,OK
TKT39211014001,2026-01-15T19:21:08Z,PORTE-D,R51830126,UNITE,OK
TKT18160475284,2026-01-15T19:21:08Z,PORTE-C,,UNITE,OK
TKT63164707742,2026-01-15T19:21:09Z,PORTE-D,R59567010,ABONNEMENT,OK
TKT46198277003,2026-01-15T19:21:09Z,PORTE-C,,GROUPE,OK
TKT40671974839,2026-01-15T19:21:09Z,PORTE-C,R52560554,UNITE,OK
TKT57121414550,2026-01-15T19:21:09Z,PORTE-B,,UNITE,REFUSE_DEJA_SCANNE
TKT80544932925,2026-01-15T19:21:10Z,PORTE-C,R52246296,UNITE,OK
TKT18977659339,2026-01-15T19:21:10Z,PORTE-C,R52853712,UNITE,OK
TKT99570369108,2026-01-15T19:21:10Z,PORTE-A,R54117708,UNITE,OK
TKT98055496176,2026-01-15T19:21:10Z,PORTE-C,R52823330,UNITE,OK
TKT14859813461,2026-01-15T19:21:10Z,PORTE-A,R53262707,UNITE,OK
TKT41641419366,2026-01-15T19:21:11Z,PORTE-C,R53488837,UNITE,OK
TKT73367314851,2026-01-15T19:21:11Z,PORTE-B,R59079943,UNITE,OK
TKT27675054929,2026-01-15T19:21:12Z,PORTE-C,R57608207,ABONNEMENT,OK
TKT56905359265,2026-01-15T19:21:12Z,PORTE-C,R58958713,ABONNEMENT,OK
TKT56005283540,2026-01-15T19:21:12Z,PORTE-C,,UNITE,OK
TKT59674273065,2026-01-15T19:21:12Z,PORTE-A,,UNITE,OK
TKT90336008378,2026-01-15T19:21:12Z,PORTE-A,,GROUPE,OK
TKT71642680350,2026-01-15T19:21:12Z,PORTE-B,R51499662,UNITE,OK
TKT51942136178,2026-01-15T19:21:13Z,PORTE-D,R55819195,ABONNEMENT,OK
TKT95103296596,2026-01-15T19:21:14Z,VIP-EST,,VIP,OK
TKT82597464547,2026-01-15T19:21:14Z,PORTE-A,R55248147,UNITE,OK
TKT40407285931,2026-01-15T19:21:15Z,PORTE-C,R56200548,UNITE,OK
TKT61436538979,2026-01-15T19:21:15Z,PORTE-B,R58676187,UNITE,OK
TKT81369503766,2026-01-15T19:21:16Z,PORTE-C,,GROUPE,OK
TKT62042380120,2026-01-15T19:21:16Z,PORTE-A,R55530807,GROUPE,OK
TKT55296679182,2026-01-15T19:21:16Z,PORTE-B,R58923427,UNITE,OK
TKT30304217946,2026-01-15T19:21:16Z,PORTE-A,R52423721,UNITE,OK
TKT87228869592,2026-01-15T19:21:16Z,PORTE-A,R58250085,UNITE,OK
TKT82026850391,2026-01-15T19:21:17Z,PORTE-B,R55800939,ABONNEMENT,OK
TKT58709963543,2026-01-15T19:21:17Z,PORTE-C,R58261588,UNITE,OK
TKT16783203599,2026-01-15T19:21:17Z,VIP-EST,R52054963,UNITE,OK
TKT83631921971,2026-01-15T19:21:17Z,PORTE-C,,UNITE,OK
TKT14342147681,2026-01-15T19:21:17Z,PORTE-D,R54732413,UNITE,OK
TKT48667976946,2026-01-15T19:21:17Z,PORTE-D,R53198141,UNITE,OK
TKT12504978291,2026-01-15T19:21:18Z,PORTE-A,R52051831,UNITE,OK
TKT25275433888,2026-01-15T19:21:18Z,VIP-EST,R53182548,UNITE,OK
TKT25943600151,2026-01-15T19:21:19Z,PORTE-C,R56542813,ABONNEMENT,OK
TKT57528668205,2026-01-15T19:21:19Z,PORTE-C,R53286691,ABONNEMENT,OK
TKT42479529485,2026-01-15T19:21:19Z,PORTE-D,R54580590,ABONNEMENT,OK
TKT60493555491,2026-01-15T19:21:19Z,PORTE-C,R55509630,INVITATION,OK
TKT36426611497,2026-01-15T19:21:19Z,PORTE-A,R52925768,VIP,OK
TKT51570042758,2026-01-15T19:21:20Z,PORTE-B,,UNITE,REFUSE_DEJA_SCANNE
TKT66625877262,2026-01-15T19:21:20Z,PORTE-A,R55214432,UNITE,OK
TKT40578457602,2026-01-15T19:21:20Z,PORTE-C,R55666558,UNITE,OK
TKT16422776186,2026-01-15T19:21:20Z,VIP-EST,,UNITE,OK
TKT15887796368,2026-01-15T19:21:21Z,PORTE-B,R59320440,UNITE,OK
TKT25285129029,2026-01-15T19:21:22Z,PORTE-D,R54861411,ABONNEMENT,OK
TKT86235491382,2026-01-15T19:21:22Z,PORTE-D,R53694815,UNITE,OK
TKT57395303496,2026-01-15T19:21:22Z,PORTE-D,R59012446,UNITE,OK
TKT18736207004,2026-01-15T19:21:23Z,PORTE-B,,GROUPE,OK
TKT64730955420,2026-01-15T19:21:23Z,PORTE-A,R53525751,VIP,OK
TKT60259130495,2026-01-15T19:21:23Z,PORTE-A,R59867658,UNITE,OK
TKT31856366915,2026-01-15T19:21:23Z,PORTE-C,R56122285,INVITATION,OK
TKT88788613721,2026-01-15T19:21:23Z,PORTE-C,,GROUPE,REFUSE_DEJA_SCANNE
TKT81759963221,2026-01-15T19:21:24Z,PORTE-D,R54597697,ABONNEMENT,OK
TKT81905357920,2026-01-15T19:21:24Z,PORTE-A,R59939436,VIP,OK
TKT70259964175,2026-01-15T19:21:24Z,PORTE-A,R52267875,UNITE,OK
TKT92507907384,2026-01-15T19:21:24Z,PORTE-C,R55129168,UNITE,OK
TKT75807386292,2026-01-15T19:21:24Z,PORTE-A,R59904227,UNITE,OK
TKT87373735231,2026-01-15T19:21:24Z,PORTE-D,R54043947,UNITE,OK
TKT99160020821,2026-01-15T19:21:25Z,PORTE-C,R55609147,ABONNEMENT,OK
TKT86608597564,2026-01-15T19:21:25Z,PORTE-D,R58889099,ABONNEMENT,OK
TKT11382523701,2026-01-15T19:21:25Z,VIP-EST,R58292171,UNITE,OK
TKT72014473951,2026-01-15T19:21:25Z,PORTE-C,,UNITE,OK
TKT80928646031,2026-01-15T19:21:25Z,PORTE-B,R54089443,UNITE,OK
TKT29452038693,2026-01-15T19:21:26Z,VIP-EST,R51821755,ABONNEMENT,OK
TKT33906031309,2026-01-15T19:21:26Z,PORTE-D,,UNITE,OK
TKT38667928762,2026-01-15T19:21:26Z,PORTE-C,R59155409,UNITE,OK
TKT55470896539,2026-01-15T19:21:26Z,PORTE-A,R52415551,UNITE,OK
TKT43556863076,2026-01-15T19:21:26Z,PORTE-D,R52436048,UNITE,OK
TKT56309096110,2026-01-15T19:21:27Z,PORTE-A,,UNITE,OK
TKT27319843301,2026-01-15T19:21:27Z,PORTE-A,,UNITE,OK
TKT98436891951,2026-01-15T19:21:28Z,PORTE-C,,GROUPE,OK
TKT32465398219,2026-01-15T19:21:29Z,VIP-EST,R57556839,UNITE,OK
TKT42280893135,2026-01-15T19:21:29Z,PORTE-C,,GROUPE,OK
TKT80453416480,2026-01-15T19:21:29Z,VIP-EST,R52893279,UNITE,OK
TKT21958262024,2026-01-15T19:21:30Z,VIP-EST,R51904845,ABONNEMENT,OK
TKT41554417839,2026-01-15T19:21:30Z,PORTE-A,,UNITE,OK
TKT61221700204,2026-01-15T19:21:30Z,PORTE-D,R54126156,UNITE,OK
TKT61074211528,2026-01-15T19:21:31Z,PORTE-A,R56283236,UNITE,OK
TKT25829805440,2026-01-15T19:21:31Z,PORTE-C,R59090096,UNITE,OK
TKT37893517078,2026-01-15T19:21:31Z,PORTE-D,R52503823,UNITE,OK
TKT67349728883,2026-01-15T19:21:31Z,PORTE-C,R54690729,UNITE,OK
TKT58797658171,2026-01-15T19:21:32Z,PORTE-C,R53665726,ABONNEMENT,OK
TKT88274111592,2026-01-15T19:21:32Z,PORTE-D,R53408668,ABONNEMENT,OK
TKT32022449797,2026-01-15T19:21:33Z,PORTE-C,R54870472,ABONNEMENT,OK
TKT16837082759,2026-01-15T19:21:33Z,VIP-EST,R58022317,UNITE,OK
TKT38029643777,2026-01-15T19:21:34Z,PORTE-C,R58191304,ABONNEMENT,OK
TKT85383397797,2026-01-15T19:21:34Z,PORTE-B,R58915592,UNITE,OK
TKT26120836958,2026-01-15T19:21:34Z,PORTE-A,R54430415,UNITE,OK
TKT29535522567,2026-01-15T19:21:34Z,PORTE-C,R54579776,UNITE,OK
TKT74014354488,2026-01-15T19:21:34Z,VIP-EST,R53180575,VIP,OK
TKT68169675928,2026-01-15T19:21:34Z,PORTE-C,,GROUPE,OK
TKT23643160019,2026-01-15T19:21:35Z,PORTE-D,R55460255,ABONNEMENT,OK
TKT60951885308,2026-01-15T19:21:35Z,PORTE-C,,UNITE,OK
TKT80562133209,2026-01-15T19:21:35Z,PORTE-B,R56092526,UNITE,OK
TKT50984130566,2026-01-15T19:21:35Z,PORTE-C,,UNITE,OK
TKT33924408762,2026-01-15T19:21:36Z,PORTE-A,R59637917,UNITE,OK
TKT56311981560,2026-01-15T19:21:36Z,PORTE-C,R53269661,UNITE,OK
TKT41629013962,2026-01-15T19:21:36Z,PORTE-C,R59988141,INVITATION,REFUSE_INVALIDE
TKT93249144976,2026-01-15T19:21:36Z,PORTE-C,R53377137,UNITE,OK
TKT43460045621,2026-01-15T19:21:36Z,PORTE-C,,GROUPE,OK
TKT71991527987,2026-01-15T19:21:37Z,VIP-EST,R57671346,ABONNEMENT,OK
TKT13307683957,2026-01-15T19:21:37Z,PORTE-B,R51700381,ABONNEMENT,OK
TKT66002668205,2026-01-15T19:21:37Z,VIP-EST,,UNITE,OK
TKT97339919426,2026-01-15T19:21:37Z,PORTE-B,R59604192,UNITE,OK
TKT80220636884,2026-01-15T19:21:38Z,PORTE-A,R58453457,ABONNEMENT,OK
TKT53094261610,2026-01-15T19:21:38Z,PORTE-C,R53419434,UNITE,OK
TKT98756353248,2026-01-15T19:21:38Z,PORTE-C,R51201054,UNITE,OK
TKT33022439762,2026-01-15T19:21:39Z,PORTE-A,R57594309,UNITE,OK
TKT18573722969,2026-01-15T19:21:40Z,PORTE-D,R52440550,ABONNEMENT,OK
TKT31754307899,2026-01-15T19:21:40Z,PORTE-A,R51098070,ABONNEMENT,OK
TKT62413943393,2026-01-15T19:21:40Z,PORTE-C,R59800831,UNITE,OK
TKT38016239863,2026-01-15T19:21:41Z,PORTE-C,R57796331,ABONNEMENT,OK
TKT65510710865,2026-01-15T19:21:41Z,PORTE-C,R54716542,UNITE,OK
TKT11456100054,2026-01-15T19:21:42Z,PORTE-C,,INVITATION,OK
TKT11423509305,2026-01-15T19:21:42Z,PORTE-C,R54503429,UNITE,OK
TKT15242112785,2026-01-15T19:21:42Z,PORTE-A,R53692363,UNITE,OK
TKT55600515665,2026-01-15T19:21:43Z,PORTE-D,R53856771,UNITE,OK
TKT39569241380,2026-01-15T19:21:43Z,PORTE-A,,VIP,OK
TKT38093430044,2026-01-15T19:21:43Z,PORTE-C,R55239230,UNITE,OK
TKT34815253229,2026-01-15T19:21:43Z,PORTE-D,,UNITE,OK
TKT56693355704,2026-01-15T19:21:44Z,VIP-EST,R54420674,ABONNEMENT,OK
TKT28869465284,2026-01-15T19:21:44Z,PORTE-D,R52413032,UNITE,OK
TKT68279296725,2026-01-15T19:21:45Z,PORTE-A,R57684142,UNITE,OK
TKT93082531301,2026-01-15T19:21:45Z,PORTE-A,R54261897,UNITE,OK
TKT98661971105,2026-01-15T19:21:45Z,PORTE-A,R59876920,UNITE,OK
TKT41586359386,2026-01-15T19:21:46Z,PORTE-D,R53356640,UNITE,OK
TKT36864813044,2026-01-15T19:21:47Z,PORTE-C,R57574894,UNITE,OK
TKT10797868759,2026-01-15T19:21:47Z,PORTE-A,R59896258,UNITE,OK
TKT93159197342,2026-01-15T19:21:47Z,VIP-EST,,GROUPE,OK
TKT35949532285,2026-01-15T19:21:48Z,PMR-NORD,R54915020,UNITE,OK
TKT87483788874,2026-01-15T19:21:48Z,PORTE-D,,UNITE,OK
TKT34635720922,2026-01-15T19:21:48Z,PORTE-A,R51521318,VIP,OK
TKT40041542924,2026-01-15T19:21:48Z,PORTE-A,R53615738,UNITE,OK
TKT85878858280,2026-01-15T19:21:48Z,PORTE-A,,UNITE,OK
TKT31131764519,2026-01-15T19:21:49Z,PORTE-C,R58465315,ABONNEMENT,OK
TKT95031773132,2026-01-15T19:21:49Z,PORTE-C,R53180096,UNITE,OK
TKT17639610162,2026-01-15T19:21:49Z,VIP-EST,R56345283,UNITE,OK
TKT36288151541,2026-01-15T19:21:50Z,PORTE-D,R54138761,UNITE,OK
TKT63836763364,2026-01-15T19:21:50Z,PORTE-B,R51143432,UNITE,OK
TKT14162347509,2026-01-15T19:21:51Z,PORTE-B,R58435479,ABONNEMENT,OK
TKT99546569370,2026-01-15T19:21:51Z,PORTE-D,,UNITE,OK
TKT71448535291,2026-01-15T19:21:51Z,PORTE-A,R57431251,INVITATION,OK
TKT77223665252,2026-01-15T19:21:51Z,PORTE-A,R53178180,UNITE,OK
TKT16881217837,2026-01-15T19:21:52Z,PORTE-A,R51225584,UNITE,OK
TKT92316078400,2026-01-15T19:21:52Z,PORTE-D,R54190176,UNITE,OK
TKT23990073673,2026-01-15T19:21:53Z,PORTE-D,R56689253,ABONNEMENT,OK
TKT33113487686,2026-01-15T19:21:53Z,PORTE-B,,UNITE,OK
TKT59587303476,2026-01-15T19:21:54Z,VIP-EST,R59576751,UNITE,OK
TKT65459383247,2026-01-15T19:21:55Z,PORTE-B,R58336997,ABONNEMENT,OK
TKT62263773883,2026-01-15T19:21:55Z,PORTE-C,R59755067,UNITE,OK
TKT54259772441,2026-01-15T19:21:55Z,PORTE-B,R58130483,UNITE,OK
TKT36250720174,2026-01-15T19:21:55Z,PORTE-B,R58054605,UNITE,OK
TKT88911623449,2026-01-15T19:21:56Z,PORTE-C,R59172583,UNITE,OK
TKT81494478257,2026-01-15T19:21:57Z,PORTE-B,,UNITE,OK
TKT37483731273,2026-01-15T19:21:57Z,VIP-EST,R59127958,UNITE,OK
TKT78487807194,2026-01-15T19:21:57Z,PORTE-C,R56639791,UNITE,OK
TKT19865859385,2026-01-15T19:21:58Z,PORTE-A,R54580111,ABONNEMENT,OK
TKT92078764309,2026-01-15T19:21:58Z,PORTE-C,R51863784,UNITE,OK
TKT18577340808,2026-01-15T19:21:58Z,PORTE-C,R58055208,UNITE,OK
TKT70856935190,2026-01-15T19:21:58Z,PORTE-D,,UNITE,OK
TKT97151470354,2026-01-15T19:21:59Z,PORTE-C,,UNITE,OK
TKT96245574267,2026-01-15T19:21:59Z,PORTE-A,R52727357,UNITE,OK
TKT27839213529,2026-01-15T19:21:59Z,VIP-EST,R55229144,UNITE,OK
TKT26098970080,2026-01-15T19:21:59Z,PORTE-A,,UNITE,OK
TKT94272533972,2026-01-15T19:22:00Z,PORTE-C,,GROUPE,OK
TKT26559929659,2026-01-15T19:22:01Z,PORTE-B,R53610824,UNITE,OK
TKT81463901689,2026-01-15T19:22:01Z,PORTE-C,,UNITE,OK
TKT57040192637,2026-01-15T19:22:02Z,PORTE-B,R57780594,UNITE,OK
TKT85587850070,2026-01-15T19:22:02Z,PORTE-D,R53075139,UNITE,OK
TKT75002646040,2026-01-15T19:22:02Z,PORTE-C,R56729845,INVITATION,OK
TKT17169338154,2026-01-15T19:22:02Z,PORTE-C,R57066305,UNITE,OK
TKT73662427642,2026-01-15T19:22:03Z,VIP-EST,R59674151,UNITE,OK
TKT65178670644,2026-01-15T19:22:03Z,VIP-EST,R57001404,UNITE,OK
TKT28352747609,2026-01-15T19:22:03Z,PORTE-C,R58065016,UNITE,OK
TKT78083085785,2026-01-15T19:22:03Z,PORTE-A,,VIP,OK
TKT46647627482,2026-01-15T19:22:03Z,PORTE-B,R56231466,UNITE,OK
TKT78992052722,2026-01-15T19:22:05Z,PORTE-C,R51757122,ABONNEMENT,OK
TKT65285074542,2026-01-15T19:22:05Z,PORTE-C,R53733089,ABONNEMENT,OK
TKT61096952277,2026-01-15T19:22:05Z,PORTE-C,R53395393,ABONNEMENT,OK
TKT55875273983,2026-01-15T19:22:05Z,PORTE-C,R51142551,UNITE,OK
TKT34133634505,2026-01-15T19:22:05Z,PORTE-A,R58004540,UNITE,OK
TKT99745835165,2026-01-15T19:22:06Z,PORTE-C,R51242882,UNITE,OK
TKT49802855185,2026-01-15T19:22:06Z,PORTE-C,R56711388,UNITE,OK
TKT73215763248,2026-01-15T19:22:06Z,PORTE-B,,GROUPE,OK
TKT10549664550,2026-01-15T19:22:07Z,PORTE-C,R53176887,UNITE,OK
TKT87423060262,2026-01-15T19:22:07Z,VIP-EST,R59027292,UNITE,OK
TKT14288577582,2026-01-15T19:22:07Z,PORTE-C,R59684974,UNITE,OK
TKT58464005826,2026-01-15T19:22:07Z,PORTE-C,R54548034,UNITE,OK
TKT11534016477,2026-01-15T19:22:08Z,PORTE-C,R54550630,UNITE,OK
TKT77694798277,2026-01-15T19:22:08Z,PORTE-D,R54969979,UNITE,OK
TKT44067408199,2026-01-15T19:22:09Z,VIP-EST,R51158154,VIP,OK
TKT32927193832,2026-01-15T19:22:09Z,VIP-EST,R58280735,UNITE,OK
TKT41439582124,2026-01-15T19:22:09Z,PORTE-C,R57258864,UNITE,OK
TKT42802278939,2026-01-15T19:22:10Z,PORTE-C,R57738565,INVITATION,OK
TKT14344494237,2026-01-15T19:22:10Z,PORTE-B,R59710241,UNITE,OK
TKT75217438161,2026-01-15T19:22:10Z,PORTE-D,,GROUPE,OK
TKT74369894458,2026-01-15T19:22:11Z,PORTE-C,R53634061,ABONNEMENT,OK
TKT98491356402,2026-01-15T19:22:11Z,PORTE-C,,UNITE,OK
TKT98803387191,2026-01-15T19:22:11Z,PORTE-C,,UNITE,OK
TKT90762457381,2026-01-15T19:22:12Z,PORTE-C,R52532634,UNITE,OK
TKT35250697970,2026-01-15T19:22:13Z,PORTE-C,R52686353,UNITE,OK
TKT56122733950,2026-01-15T19:22:13Z,PORTE-A,R56689923,UNITE,OK
TKT29317496834,2026-01-15T19:22:14Z,PORTE-A,R53561382,UNITE,REFUSE_DEJA_SCANNE
TKT61443265714,2026-01-15T19:22:14Z,VIP-EST,R55375795,INVITATION,OK
TKT37343471942,2026-01-15T19:22:15Z,PORTE-D,R54074808,ABONNEMENT,OK
TKT14094127272,2026-01-15T19:22:15Z,VIP-EST,R55620305,UNITE,OK
TKT78328736165,2026-01-15T19:22:15Z,PORTE-A,R56888612,UNITE,OK
TKT13471268445,2026-01-15T19:22:16Z,PORTE-D,R55331994,ABONNEMENT,OK
TKT35629352485,2026-01-15T19:22:16Z,PORTE-A,R54489866,ABONNEMENT,OK
TKT27324438009,2026-01-15T19:22:16Z,PORTE-C,R54190176,UNITE,OK
TKT29475948388,2026-01-15T19:22:16Z,PORTE-C,,GROUPE,OK
TKT10835523134,2026-01-15T19:22:16Z,VIP-EST,R59802680,UNITE,OK
TKT28874675387,2026-01-15T19:22:16Z,PORTE-C,R55019029,INVITATION,OK
TKT42019559048,2026-01-15T19:22:16Z,PORTE-C,,UNITE,OK
TKT86454299262,2026-01-15T19:22:16Z,PORTE-A,R54910796,UNITE,OK
TKT91827211694,2026-01-15T19:22:17Z,PORTE-C,R56633661,ABONNEMENT,OK
TKT89447725766,2026-01-15T19:22:17Z,PORTE-A,R51708149,INVITATION,OK
TKT21490797801,2026-01-15T19:22:17Z,PORTE-C,R52826663,UNITE,OK
TKT80756247155,2026-01-15T19:22:18Z,VIP-EST,R57418780,UNITE,OK
TKT59922918146,2026-01-15T19:22:18Z,PORTE-B,,UNITE,OK
TKT16747799633,2026-01-15T19:22:18Z,PORTE-C,R55163151,UNITE,OK
TKT57387122834,2026-01-15T19:22:18Z,PORTE-C,,UNITE,OK
TKT23254774947,2026-01-15T19:22:18Z,PORTE-C,R52630570,UNITE,OK
TKT82868784861,2026-01-15T19:22:19Z,PORTE-A,R54824976,ABONNEMENT,OK
TKT54282886476,2026-01-15T19:22:19Z,PORTE-A,R57345297,UNITE,OK
TKT84389810772,2026-01-15T19:22:20Z,PORTE-C,R59653443,UNITE,OK
TKT75202394784,2026-01-15T19:22:20Z,PORTE-C,,UNITE,OK
TKT72252007667,2026-01-15T19:22:20Z,PORTE-C,R52660071,INVITATION,OK
TKT13857361703,2026-01-15T19:22:20Z,VIP-EST,R54329605,UNITE,OK
TKT30444318017,2026-01-15T19:22:20Z,PORTE-D,R52050672,UNITE,OK
TKT36926869441,2026-01-15T19:22:20Z,PORTE-B,,UNITE,OK
TKT34133118765,2026-01-15T19:22:20Z,PORTE-C,R58592685,UNITE,OK
TKT94319433885,2026-01-15T19:22:22Z,PORTE-C,R52562048,ABONNEMENT,OK
TKT22484684586,2026-01-15T19:22:22Z,PORTE-A,R57408704,UNITE,OK
TKT78292873927,2026-01-15T19:22:22Z,PORTE-C,,UNITE,OK
TKT86534111509,2026-01-15T19:22:23Z,VIP-EST,R55636789,ABONNEMENT,OK
TKT92310539226,2026-01-15T19:22:23Z,VIP-EST,R57543219,UNITE,OK
TKT16110950568,2026-01-15T19:22:23Z,PORTE-A,R57642123,UNITE,OK
TKT12213312245,2026-01-15T19:22:24Z,VIP-EST,R53323950,ABONNEMENT,REFUSE_DEJA_SCANNE
TKT30612651921,2026-01-15T19:22:24Z,PORTE-A,R56751836,UNITE,OK
TKT99265256829,2026-01-15T19:22:24Z,PORTE-B,R56194284,UNITE,OK
TKT97347799148,2026-01-15T19:22:24Z,VIP-EST,,UNITE,OK
TKT14815714141,2026-01-15T19:22:24Z,PORTE-D,,UNITE,OK
TKT77926477568,2026-01-15T19:22:25Z,PORTE-C,,UNITE,OK
TKT91845938412,2026-01-15T19:22:26Z,PORTE-C,R54836288,ABONNEMENT,OK
TKT91041907198,2026-01-15T19:22:26Z,PORTE-C,,GROUPE,OK
TKT98567712943,2026-01-15T19:22:26Z,PORTE-A,,UNITE,OK
TKT47222507410,2026-01-15T19:22:27Z,PORTE-B,,GROUPE,OK
TKT42498789998,2026-01-15T19:22:27Z,PORTE-D,R58412798,UNITE,OK
TKT76605314309,2026-01-15T19:22:27Z,PORTE-D,R52998581,UNITE,OK
TKT59442355606,2026-01-15T19:22:28Z,PORTE-B,R55834721,ABONNEMENT,OK
TKT12334317092,2026-01-15T19:22:28Z,PORTE-C,,GROUPE,REFUSE_DEJA_SCANNE
TKT53217035955,2026-01-15T19:22:28Z,PORTE-D,,UNITE,OK
TKT31096884561,2026-01-15T19:22:29Z,PORTE-A,,GROUPE,OK
TKT79939830956,2026-01-15T19:22:30Z,VIP-EST,R53102513,UNITE,REFUSE_DEJA_SCANNE
TKT22746746316,2026-01-15T19:22:30Z,PORTE-A,,UNITE,OK
TKT64054706027,2026-01-15T19:22:31Z,PORTE-C,,UNITE,OK
TKT97406341913,2026-01-15T19:22:32Z,PORTE-A,R55174865,ABONNEMENT,OK
TKT22928485344,2026-01-15T19:22:32Z,PORTE-C,R56188489,UNITE,OK
TKT76127104527,2026-01-15T19:22:32Z,PORTE-A,R58044251,UNITE,OK
TKT79792660498,2026-01-15T19:22:32Z,PORTE-D,R56810828,UNITE,OK
TKT25705680341,2026-01-15T19:22:34Z,VIP-EST,R51364926,UNITE,OK
TKT73130223645,2026-01-15T19:22:35Z,PORTE-D,R58958368,ABONNEMENT,OK
TKT58694464966,2026-01-15T19:22:35Z,VIP-EST,,VIP,OK
TKT23879211630,2026-01-15T19:22:35Z,PORTE-A,R56242510,UNITE,OK
TKT63904707658,2026-01-15T19:22:36Z,PORTE-D,,UNITE,OK
TKT41852242245,2026-01-15T19:22:36Z,PORTE-C,R56146192,UNITE,OK
TKT15765766288,2026-01-15T19:22:37Z,PORTE-C,R56460527,UNITE,OK
TKT75402425501,2026-01-15T19:22:37Z,PORTE-A,R59157047,UNITE,OK
TKT78632806364,2026-01-15T19:22:38Z,PORTE-B,R57665139,UNITE,OK
TKT88336516328,2026-01-15T19:22:38Z,VIP-EST,R57254496,UNITE,OK
TKT90152363758,2026-01-15T19:22:39Z,PORTE-C,R57804568,UNITE,OK
TKT55682732664,2026-01-15T19:22:39Z,PMR-NORD,,UNITE,OK
TKT17628923247,2026-01-15T19:22:39Z,VIP-EST,R58997198,INVITATION,OK
TKT59215944467,2026-01-15T19:22:40Z,PORTE-A,R59384604,UNITE,OK
TKT67988231704,2026-01-15T19:22:40Z,PORTE-B,R58240679,UNITE,OK
TKT33023265948,2026-01-15T19:22:41Z,PORTE-A,R59637917,ABONNEMENT,OK
TKT16210272670,2026-01-15T19:22:41Z,PORTE-D,R53889883,ABONNEMENT,OK
TKT20984134718,2026-01-15T19:22:41Z,PORTE-C,R57811311,ABONNEMENT,OK
TKT87052622462,2026-01-15T19:22:41Z,PORTE-C,R56751223,ABONNEMENT,OK
TKT69731236809,2026-01-15T19:22:41Z,PORTE-D,R54420262,UNITE,OK
TKT17316136576,2026-01-15T19:22:41Z,PORTE-B,,UNITE,OK
TKT11753882589,2026-01-15T19:22:41Z,PORTE-D,R54893900,UNITE,OK
TKT84968507856,2026-01-15T19:22:42Z,PORTE-A,R58089402,UNITE,OK
TKT80023133828,2026-01-15T19:22:42Z,PORTE-C,R59861250,UNITE,OK
TKT18489209647,2026-01-15T19:22:43Z,PORTE-C,R55909785,ABONNEMENT,REFUSE_DEJA_SCANNE
TKT88941982336,2026-01-15T19:22:43Z,VIP-EST,R53120290,ABONNEMENT,OK
TKT14238103160,2026-01-15T19:22:43Z,VIP-EST,R54442464,UNITE,OK
TKT60874592824,2026-01-15T19:22:43Z,PORTE-B,R52193166,UNITE,OK
TKT28778858776,2026-01-15T19:22:43Z,PORTE-C,R52973448,UNITE,OK
TKT83811533018,2026-01-15T19:22:44Z,PORTE-C,R55763412,UNITE,OK
TKT16142005627,2026-01-15T19:22:44Z,VIP-EST,R55826139,UNITE,OK
TKT98230193007,2026-01-15T19:22:44Z,PORTE-C,R57177057,UNITE,OK
TKT71267015655,2026-01-15T19:22:45Z,PORTE-C,R51272229,UNITE,OK
TKT54792321241,2026-01-15T19:22:45Z,PORTE-C,,UNITE,OK
TKT84764504878,2026-01-15T19:22:45Z,VIP-EST,R53430468,UNITE,OK
TKT26119466389,2026-01-15T19:22:46Z,PORTE-D,R57649412,ABONNEMENT,OK
TKT57268025208,2026-01-15T19:22:46Z,PORTE-D,R52502520,ABONNEMENT,OK
TKT49586829997,2026-01-15T19:22:46Z,PORTE-C,R53373459,UNITE,OK
TKT85417330193,2026-01-15T19:22:46Z,VIP-EST,R52580237,UNITE,OK
TKT92789757306,2026-01-15T19:22:46Z,PORTE-C,R53920322,UNITE,OK
TKT70752713507,2026-01-15T19:22:46Z,PORTE-C,,GROUPE,OK
TKT36199363955,2026-01-15T19:22:46Z,PORTE-D,R55406579,UNITE,OK
TKT44969327635,2026-01-15T19:22:47Z,PORTE-B,R58632798,UNITE,OK
TKT56479374155,2026-01-15T19:22:48Z,VIP-EST,,GROUPE,OK
TKT56846297638,2026-01-15T19:22:48Z,PORTE-C,R52278162,UNITE,OK
TKT33117240390,2026-01-15T19:22:48Z,VIP-EST,,UNITE,OK
TKT21916107520,2026-01-15T19:22:49Z,PORTE-C,R52509062,ABONNEMENT,OK
TKT87434651376,2026-01-15T19:22:49Z,PORTE-A,R56572706,VIP,OK
TKT59022171467,2026-01-15T19:22:49Z,VIP-EST,R59116254,UNITE,OK
TKT65436211506,2026-01-15T19:22:49Z,PORTE-A,R52061227,UNITE,OK
TKT16157328186,2026-01-15T19:22:49Z,PORTE-A,R59362335,UNITE,OK
TKT68011401864,2026-01-15T19:22:49Z,VIP-EST,R54517997,UNITE,OK
TKT46799786393,2026-01-15T19:22:50Z,PORTE-D,R53282946,ABONNEMENT,OK
TKT22214743232,2026-01-15T19:22:50Z,PORTE-A,R57699055,UNITE,OK
TKT36489038847,2026-01-15T19:22:51Z,VIP-EST,R56463937,ABONNEMENT,OK
TKT94533015177,2026-01-15T19:22:51Z,VIP-EST,,UNITE,OK
TKT20378942965,2026-01-15T19:22:51Z,PORTE-C,R52090527,UNITE,OK
TKT84371663093,2026-01-15T19:22:51Z,PORTE-B,R57938135,UNITE,OK
TKT54741376436,2026-01-15T19:22:51Z,PORTE-C,R58592407,UNITE,OK
TKT65085145170,2026-01-15T19:22:51Z,PORTE-C,,GROUPE,OK
TKT36551665113,2026-01-15T19:22:52Z,PORTE-C,,GROUPE,OK
TKT77170497434,2026-01-15T19:22:52Z,PORTE-C,R51825366,UNITE,OK
TKT53303999452,2026-01-15T19:22:52Z,PORTE-C,R54629774,UNITE,OK
TKT35811986142,2026-01-15T19:22:53Z,PORTE-C,R56391737,ABONNEMENT,OK
TKT23467529840,2026-01-15T19:22:53Z,PORTE-A,R58934049,UNITE,OK
TKT10688340551,2026-01-15T19:22:53Z,VIP-EST,,INVITATION,OK
TKT93228639441,2026-01-15T19:22:53Z,PORTE-A,R57053164,VIP,OK
TKT62647058199,2026-01-15T19:22:54Z,PORTE-D,R59547672,ABONNEMENT,OK
TKT90308067452,2026-01-15T19:22:55Z,PORTE-A,R52397218,UNITE,OK
TKT50828742815,2026-01-15T19:22:55Z,PORTE-C,R56358702,UNITE,OK
TKT40445026436,2026-01-15T19:22:55Z,PORTE-C,,GROUPE,OK
TKT83596812094,2026-01-15T19:22:56Z,PORTE-A,R57600573,UNITE,OK
TKT47321738323,2026-01-15T19:22:56Z,PORTE-C,R56475785,UNITE,OK
TKT67244289830,2026-01-15T19:22:56Z,PORTE-A,R52248125,UNITE,OK
TKT11007708082,2026-01-15T19:22:57Z,PORTE-B,R52286878,ABONNEMENT,OK
TKT77294071893,2026-01-15T19:22:58Z,PORTE-D,R57410064,GROUPE,OK
TKT83053604806,2026-01-15T19:22:58Z,PORTE-C,R51925754,UNITE,REFUSE_DEJA_SCANNE
TKT14243789007,2026-01-15T19:22:59Z,PORTE-A,R56033065,ABONNEMENT,OK
TKT10855789027,2026-01-15T19:22:59Z,PORTE-C,R58103645,UNITE,OK
TKT85596927427,2026-01-15T19:22:59Z,PORTE-C,R55005265,UNITE,OK
TKT72354240922,2026-01-15T19:23:00Z,PORTE-C,R58737889,UNITE,OK
TKT65205430888,2026-01-15T19:23:00Z,PORTE-D,,UNITE,OK
TKT26416553329,2026-01-15T19:23:00Z,PORTE-C,R59759291,UNITE,OK
TKT12866992854,2026-01-15T19:23:00Z,PORTE-A,R51971595,UNITE,OK
TKT23600768788,2026-01-15T19:23:00Z,PORTE-D,R55774312,UNITE,OK
TKT79811634758,2026-01-15T19:23:00Z,PORTE-D,,UNITE,OK
TKT26290599291,2026-01-15T19:23:00Z,PORTE-B,R56570465,INVITATION,OK
TKT87226044241,2026-01-15T19:23:00Z,PORTE-B,R54552459,UNITE,OK
TKT86940729508,2026-01-15T19:23:01Z,PORTE-C,R56732431,ABONNEMENT,OK
TKT78002299311,2026-01-15T19:23:01Z,PORTE-C,,UNITE,OK
TKT86615314816,2026-01-15T19:23:01Z,PORTE-A,R51485630,UNITE,OK
TKT79686687579,2026-01-15T19:23:01Z,PORTE-B,R56396976,UNITE,OK
TKT82971897609,2026-01-15T19:23:01Z,PORTE-A,R58696885,UNITE,OK
TKT11417738930,2026-01-15T19:23:02Z,PORTE-C,R51864943,UNITE,OK
TKT46600936211,2026-01-15T19:23:02Z,PORTE-D,R57635514,UNITE,OK
TKT33507275096,2026-01-15T19:23:02Z,PORTE-C,,GROUPE,REFUSE_DEJA_SCANNE
TKT37116611785,2026-01-15T19:23:03Z,VIP-EST,R53765377,ABONNEMENT,OK
TKT15155310487,2026-01-15T19:23:03Z,PORTE-C,,UNITE,OK
TKT49707749623,2026-01-15T19:23:04Z,PORTE-C,R51577513,ABONNEMENT,OK
TKT93332953466,2026-01-15T19:23:04Z,PORTE-D,R58577973,ABONNEMENT,OK
TKT70248265434,2026-01-15T19:23:04Z,PORTE-D,,GROUPE,OK
TKT26225633443,2026-01-15T19:23:04Z,PORTE-C,R51564295,UNITE,OK
TKT25810395954,2026-01-15T19:23:06Z,PORTE-A,R55448062,UNITE,OK
TKT61037414257,2026-01-15T19:23:07Z,PORTE-B,R59440119,ABONNEMENT,OK
TKT95362927568,2026-01-15T19:23:07Z,PORTE-A,,UNITE,OK
TKT44116111999,2026-01-15T19:23:07Z,PORTE-D,R55504391,UNITE,OK
TKT77666545780,2026-01-15T19:23:07Z,PORTE-A,,UNITE,OK
TKT19155273709,2026-01-15T19:23:07Z,PORTE-D,R59054954,UNITE,OK
TKT89375115533,2026-01-15T19:23:07Z,VIP-EST,,GROUPE,OK
TKT80109075287,2026-01-15T19:23:08Z,PORTE-C,,GROUPE,OK
TKT10642486292,2026-01-15T19:23:08Z,VIP-EST,R51211207,UNITE,OK
TKT63378717012,2026-01-15T19:23:08Z,PORTE-C,R57870695,UNITE,OK
TKT33008504811,2026-01-15T19:23:08Z,PORTE-C,R53397778,UNITE,OK
TKT51928130991,2026-01-15T19:23:08Z,VIP-EST,R52713392,VIP,OK
TKT77895094691,2026-01-15T19:23:09Z,VIP-EST,R57123324,ABONNEMENT,OK
TKT69232890242,2026-01-15T19:23:09Z,PORTE-C,R51389791,UNITE,OK
TKT20419842363,2026-01-15T19:23:09Z,VIP-EST,R53368354,UNITE,OK
TKT59184505440,2026-01-15T19:23:09Z,VIP-EST,R57757099,UNITE,OK
TKT41349267254,2026-01-15T19:23:10Z,PORTE-D,R55264641,ABONNEMENT,OK
TKT28937580751,2026-01-15T19:23:10Z,PORTE-D,R52873395,ABONNEMENT,OK
TKT37039841437,2026-01-15T19:23:11Z,PORTE-B,,UNITE,OK
TKT52033499138,2026-01-15T19:23:12Z,PORTE-C,R57192047,UNITE,OK
TKT57828373367,2026-01-15T19:23:12Z,PORTE-C,,UNITE,OK
TKT34128931315,2026-01-15T19:23:13Z,PORTE-B,R57603916,UNITE,OK
TKT73248473646,2026-01-15T19:23:14Z,PORTE-B,R52243777,ABONNEMENT,OK
TKT21798177929,2026-01-15T19:23:14Z,PORTE-C,R55425438,UNITE,OK
TKT84054072041,2026-01-15T19:23:14Z,PORTE-C,R59911238,UNITE,OK
TKT41466201250,2026-01-15T19:23:15Z,PORTE-B,R53372444,UNITE,OK
TKT34279706731,2026-01-15T19:23:15Z,PORTE-A,R54348953,UNITE,OK
TKT70646643999,2026-01-15T19:23:16Z,VIP-EST,R56653143,UNITE,REFUSE_DEJA_SCANNE
TKT79345561095,2026-01-15T19:23:17Z,PORTE-D,R58357906,ABONNEMENT,OK
TKT67963954051,2026-01-15T19:23:17Z,PORTE-C,R54816672,ABONNEMENT,OK
TKT16295552460,2026-01-15T19:23:17Z,PORTE-A,R51808882,ABONNEMENT,OK
TKT52737669308,2026-01-15T19:23:17Z,PORTE-B,R57432199,ABONNEMENT,OK
TKT79960052704,2026-01-15T19:23:17Z,PORTE-C,R52290700,UNITE,OK
TKT66636485128,2026-01-15T19:23:19Z,PORTE-C,,UNITE,OK
TKT51467190197,2026-01-15T19:23:19Z,PORTE-D,R57685512,UNITE,OK
TKT94785660981,2026-01-15T19:23:19Z,PORTE-A,R53631264,UNITE,OK
TKT86095844511,2026-01-15T19:23:19Z,VIP-EST,R54921629,UNITE,OK
TKT88178743586,2026-01-15T19:23:20Z,PORTE-D,R53853170,UNITE,OK
TKT49804792396,2026-01-15T19:23:20Z,PORTE-A,R51134103,UNITE,OK
TKT66967474076,2026-01-15T19:23:20Z,PORTE-A,,UNITE,OK
TKT58177432085,2026-01-15T19:23:20Z,PORTE-C,R52077989,UNITE,OK
TKT29785955697,2026-01-15T19:23:20Z,PORTE-A,,UNITE,OK
TKT18474376053,2026-01-15T19:23:20Z,PORTE-C,,GROUPE,OK
TKT69168635832,2026-01-15T19:23:21Z,PORTE-A,R56631487,UNITE,OK
TKT70249090594,2026-01-15T19:23:22Z,PORTE-C,R56374094,UNITE,OK
TKT15289623593,2026-01-15T19:23:22Z,PORTE-C,R59452848,UNITE,OK
TKT70148046557,2026-01-15T19:23:22Z,PORTE-D,,UNITE,OK
TKT99737403077,2026-01-15T19:23:23Z,PORTE-C,R58361105,ABONNEMENT,OK
TKT20920422535,2026-01-15T19:23:23Z,PORTE-C,R57197085,UNITE,OK
TKT24108395609,2026-01-15T19:23:23Z,PORTE-D,R54172744,UNITE,OK
TKT15537609956,2026-01-15T19:23:23Z,PORTE-C,R52959885,UNITE,OK
TKT29000409156,2026-01-15T19:23:24Z,VIP-EST,R55378170,UNITE,OK
TKT66699709829,2026-01-15T19:23:24Z,PORTE-C,,UNITE,OK
TKT66688142173,2026-01-15T19:23:24Z,PORTE-A,R57433157,UNITE,OK
TKT20015544038,2026-01-15T19:23:25Z,VIP-EST,R58388489,ABONNEMENT,OK
TKT58979131335,2026-01-15T19:23:25Z,PORTE-B,R53998317,INVITATION,OK
TKT60710242327,2026-01-15T19:23:25Z,VIP-EST,R59015645,UNITE,OK
TKT34265118279,2026-01-15T19:23:25Z,PORTE-A,R55280301,UNITE,OK
TKT98519669997,2026-01-15T19:23:25Z,PORTE-B,,UNITE,OK
TKT66804109342,2026-01-15T19:23:26Z,VIP-EST,R51479433,VIP,OK
TKT42262137685,2026-01-15T19:23:26Z,PORTE-B,,UNITE,OK
TKT32213059914,2026-01-15T19:23:27Z,PORTE-D,R56213565,GROUPE,OK
TKT28226215539,2026-01-15T19:23:27Z,PORTE-C,R58445153,UNITE,OK
TKT86900996997,2026-01-15T19:23:27Z,PORTE-A,,UNITE,OK
TKT66294720469,2026-01-15T19:23:27Z,PORTE-B,R59517625,UNITE,OK
TKT43528227890,2026-01-15T19:23:28Z,PMR-NORD,R59241162,UNITE,OK
TKT19117889651,2026-01-15T19:23:29Z,PORTE-C,R54869869,ABONNEMENT,OK
TKT91711575546,2026-01-15T19:23:29Z,PORTE-D,R57239583,UNITE,OK
TKT56600777305,2026-01-15T19:23:29Z,PORTE-C,R51763185,UNITE,OK
TKT46341194136,2026-01-15T19:23:29Z,PORTE-C,R57074485,UNITE,OK
TKT50934547986,2026-01-15T19:23:29Z,PORTE-C,R55966037,INVITATION,OK
TKT44104004898,2026-01-15T19:23:29Z,PORTE-C,R52379039,UNITE,OK
TKT54523437505,2026-01-15T19:23:30Z,PORTE-C,,GROUPE,OK
TKT92170504019,2026-01-15T19:23:30Z,PORTE-D,R57320978,UNITE,OK
TKT27552172447,2026-01-15T19:23:30Z,PORTE-A,R59244304,UNITE,OK
TKT92213692847,2026-01-15T19:23:31Z,PORTE-A,R54842753,ABONNEMENT,REFUSE_DEJA_SCANNE
TKT38698669855,2026-01-15T19:23:31Z,PORTE-A,R57956314,ABONNEMENT,OK
TKT52198599027,2026-01-15T19:23:31Z,PORTE-A,,GROUPE,OK
TKT45230854182,2026-01-15T19:23:31Z,PORTE-A,R54173156,UNITE,OK
TKT56346360601,2026-01-15T19:23:32Z,VIP-EST,R52790151,UNITE,OK
TKT83040694338,2026-01-15T19:23:32Z,PORTE-C,,UNITE,OK
TKT44721851803,2026-01-15T19:23:33Z,PORTE-C,R51732726,UNITE,OK
TKT19526415882,2026-01-15T19:23:33Z,PORTE-A,R52516073,UNITE,OK
TKT13935925888,2026-01-15T19:23:33Z,VIP-EST,,VIP,OK
TKT46370735671,2026-01-15T19:23:33Z,PORTE-B,R51535762,UNITE,OK
TKT42453698066,2026-01-15T19:23:34Z,PORTE-C,R58026206,UNITE,OK
TKT26781031038,2026-01-15T19:23:35Z,PORTE-C,R56061598,UNITE,OK
TKT90170500802,2026-01-15T19:23:35Z,PORTE-B,R56118885,UNITE,OK
TKT79311466469,2026-01-15T19:23:36Z,PORTE-A,R55674594,INVITATION,OK
TKT15816062129,2026-01-15T19:23:36Z,PORTE-A,R59666862,INVITATION,OK
TKT31482876011,2026-01-15T19:23:36Z,VIP-EST,R52977461,UNITE,OK
TKT30034710863,2026-01-15T19:23:37Z,PORTE-A,R54941245,UNITE,OK
TKT30903333796,2026-01-15T19:23:37Z,PORTE-D,R55849232,UNITE,OK
TKT11607978095,2026-01-15T19:23:37Z,PORTE-B,R52263584,UNITE,OK
TKT25252663910,2026-01-15T19:23:38Z,PORTE-C,R54418423,ABONNEMENT,OK
TKT73123501997,2026-01-15T19:23:38Z,PORTE-A,R59216709,UNITE,OK
TKT70049144916,2026-01-15T19:23:38Z,PORTE-A,,GROUPE,OK
TKT23215031993,2026-01-15T19:23:38Z,PORTE-C,R56335274,UNITE,OK
TKT12114905690,2026-01-15T19:23:38Z,PORTE-A,R58830117,UNITE,OK
TKT53342560911,2026-01-15T19:23:39Z,VIP-EST,R54655443,VIP,OK
TKT71431676494,2026-01-15T19:23:39Z,PORTE-D,R52090651,UNITE,OK
TKT17945531489,2026-01-15T19:23:39Z,PORTE-C,R54938103,UNITE,OK
TKT13116044397,2026-01-15T19:23:39Z,PORTE-C,R55616637,INVITATION,OK
TKT34300458144,2026-01-15T19:23:40Z,PORTE-D,R59885636,UNITE,OK
TKT78198505912,2026-01-15T19:23:40Z,VIP-EST,,UNITE,OK
TKT64716300792,2026-01-15T19:23:41Z,PORTE-D,R52782192,ABONNEMENT,OK
TKT38720045580,2026-01-15T19:23:41Z,PORTE-A,R52033508,UNITE,OK
TKT33563196916,2026-01-15T19:23:41Z,VIP-EST,,UNITE,OK
TKT52380159365,2026-01-15T19:23:41Z,PORTE-C,R52992384,UNITE,OK
TKT22878303544,2026-01-15T19:23:42Z,PORTE-C,R52409009,UNITE,OK
TKT75491547996,2026-01-15T19:23:43Z,VIP-EST,R52362967,ABONNEMENT,OK
TKT61057446315,2026-01-15T19:23:43Z,PORTE-A,R53839751,ABONNEMENT,OK
TKT43161937327,2026-01-15T19:23:43Z,PORTE-A,R57429479,UNITE,OK
TKT83163423265,2026-01-15T19:23:44Z,PORTE-C,,GROUPE,OK
TKT27591267563,2026-01-15T19:23:44Z,PORTE-A,R52352412,UNITE,OK
TKT79742548112,2026-01-15T19:23:44Z,PORTE-C,R54833079,UNITE,OK
TKT52373472622,2026-01-15T19:23:44Z,PORTE-C,R51927258,UNITE,OK
TKT62030773977,2026-01-15T19:23:45Z,PORTE-C,R56097229,ABONNEMENT,OK
TKT52726829297,2026-01-15T19:23:45Z,PORTE-C,R52331570,UNITE,OK
TKT50554919210,2026-01-15T19:23:46Z,PORTE-C,R59976695,ABONNEMENT,OK
TKT73697232846,2026-01-15T19:23:46Z,PORTE-C,,UNITE,OK
TKT32472775830,2026-01-15T19:23:46Z,PORTE-C,R55666836,UNITE,OK
TKT79958259553,2026-01-15T19:23:47Z,PORTE-C,R57018558,ABONNEMENT,OK
TKT27096124547,2026-01-15T19:23:47Z,PORTE-D,R58246943,UNITE,OK
TKT59985986341,2026-01-15T19:23:48Z,PORTE-A,R58919682,ABONNEMENT,OK
TKT20835887988,2026-01-15T19:23:48Z,PORTE-D,,UNITE,OK
TKT94030103595,2026-01-15T19:23:50Z,PORTE-D,R57174260,ABONNEMENT,OK
TKT24817206766,2026-01-15T19:23:50Z,VIP-EST,R53431359,UNITE,OK
TKT24083472998,2026-01-15T19:23:50Z,PORTE-A,R51139821,UNITE,OK
TKT23563490600,2026-01-15T19:23:50Z,PORTE-B,,GROUPE,OK
TKT51459058664,2026-01-15T19:23:50Z,VIP-EST,R51122322,UNITE,OK
TKT21994650002,2026-01-15T19:23:51Z,PORTE-C,R58461905,ABONNEMENT,OK
TKT95772338308,2026-01-15T19:23:52Z,PORTE-C,,UNITE,OK
TKT29306347598,2026-01-15T19:23:52Z,PORTE-A,R55424557,UNITE,OK
TKT28624203581,2026-01-15T19:23:53Z,PORTE-C,R57370430,UNITE,OK
TKT60779615577,2026-01-15T19:23:53Z,PORTE-A,R52684993,UNITE,OK
TKT56929153524,2026-01-15T19:23:53Z,PORTE-B,R59685865,UNITE,OK
TKT78408740517,2026-01-15T19:23:54Z,PORTE-D,R57261584,ABONNEMENT,OK
TKT62265137052,2026-01-15T19:23:54Z,PORTE-D,,UNITE,OK
TKT30458321629,2026-01-15T19:23:55Z,PORTE-D,R58839714,ABONNEMENT,OK
TKT58820178131,2026-01-15T19:23:56Z,PORTE-B,R51632951,ABONNEMENT,OK
TKT25240919832,2026-01-15T19:23:56Z,PORTE-C,R52872025,ABONNEMENT,OK
TKT14460215518,2026-01-15T19:23:56Z,PORTE-C,R51357647,UNITE,OK
TKT98890206208,2026-01-15T19:23:56Z,PORTE-C,R57109962,UNITE,OK
TKT62918630245,2026-01-15T19:23:56Z,PORTE-C,R58430575,UNITE,OK
TKT85061667173,2026-01-15T19:23:56Z,PORTE-D,R59362881,UNITE,OK
TKT71646857091,2026-01-15T19:23:56Z,PORTE-C,R53591218,UNITE,OK
TKT79001837410,2026-01-15T19:23:57Z,VIP-EST,R51792264,UNITE,OK
TKT46695346667,2026-01-15T19:23:57Z,VIP-EST,R51667624,UNITE,OK
TKT84051883578,2026-01-15T19:23:58Z,PORTE-A,,GROUPE,OK
TKT75564617322,2026-01-15T19:23:58Z,PORTE-A,R58305178,UNITE,OK
TKT74391558632,2026-01-15T19:23:59Z,PORTE-C,R57473960,ABONNEMENT,REFUSE_DEJA_SCANNE
TKT64257136296,2026-01-15T19:23:59Z,PORTE-C,R52997824,ABONNEMENT,OK
TKT94268184471,2026-01-15T19:23:59Z,PORTE-A,R59553936,UNITE,OK
TKT14016610312,2026-01-15T19:23:59Z,PORTE-C,R56229158,UNITE,OK
TKT73357538387,2026-01-15T19:24:00Z,PORTE-A,R55916729,UNITE,OK
TKT78495559822,2026-01-15T19:24:01Z,PORTE-A,R54180033,ABONNEMENT,OK
TKT54549516126,2026-01-15T19:24:01Z,PORTE-A,R56022845,UNITE,OK
TKT48427334784,2026-01-15T19:24:01Z,PORTE-C,R52544147,UNITE,OK
TKT33216803118,2026-01-15T19:24:01Z,VIP-EST,R54089031,INVITATION,OK
TKT72245426631,2026-01-15T19:24:02Z,PORTE-A,R56246791,ABONNEMENT,OK
TKT26296382488,2026-01-15T19:24:02Z,VIP-EST,R56005614,UNITE,OK
TKT47582687137,2026-01-15T19:24:02Z,PORTE-C,R55683588,UNITE,OK
TKT52718679138,2026-01-15T19:24:02Z,PORTE-C,R52797172,UNITE,OK
TKT90751024629,2026-01-15T19:24:03Z,PORTE-C,R55103613,INVITATION,OK
TKT63331699117,2026-01-15T19:24:03Z,PORTE-B,,UNITE,OK
TKT63473614446,2026-01-15T19:24:03Z,PORTE-B,,UNITE,OK
TKT64668845371,2026-01-15T19:24:04Z,PORTE-C,R53878025,ABONNEMENT,OK
TKT21797343594,2026-01-15T19:24:04Z,PORTE-B,R51980857,UNITE,OK
TKT72234747999,2026-01-15T19:24:04Z,PORTE-D,R51159102,UNITE,OK
TKT29846557888,2026-01-15T19:24:05Z,PORTE-C,R58182099,UNITE,OK
TKT91085860466,2026-01-15T19:24:05Z,PORTE-B,R59378685,UNITE,OK
TKT97035631383,2026-01-15T19:24:05Z,PORTE-C,R55551793,UNITE,OK
TKT68961214590,2026-01-15T19:24:05Z,PORTE-C,R58345646,UNITE,OK
TKT51607999808,2026-01-15T19:24:06Z,PORTE-D,R57323363,UNITE,OK
TKT35029536635,2026-01-15T19:24:07Z,PORTE-C,R53987819,UNITE,OK
TKT45653611977,2026-01-15T19:24:08Z,PORTE-B,R51470372,UNITE,OK
TKT49439199193,2026-01-15T19:24:08Z,PORTE-C,R58131699,UNITE,OK
TKT15036024305,2026-01-15T19:24:09Z,PORTE-C,R57591646,UNITE,OK
TKT33125090805,2026-01-15T19:24:09Z,PORTE-A,R58354161,UNITE,OK
TKT14750421941,2026-01-15T19:24:09Z,PORTE-D,R55883828,UNITE,OK
TKT46028888649,2026-01-15T19:24:09Z,PORTE-D,R55220093,UNITE,OK
TKT87587266062,2026-01-15T19:24:10Z,PORTE-A,R55672477,ABONNEMENT,OK
TKT66787467243,2026-01-15T19:24:10Z,PORTE-B,R52189220,UNITE,REFUSE_INVALIDE
TKT10407624057,2026-01-15T19:24:10Z,VIP-EST,R54705029,UNITE,OK
TKT13694426996,2026-01-15T19:24:10Z,PORTE-A,R51695276,UNITE,OK
TKT69706479211,2026-01-15T19:24:10Z,PORTE-D,R54769461,UNITE,OK
TKT76898773945,2026-01-15T19:24:11Z,PORTE-D,R57028979,ABONNEMENT,OK
TKT48526671462,2026-01-15T19:24:11Z,PORTE-A,R57216902,UNITE,OK
TKT11391351519,2026-01-15T19:24:11Z,PORTE-C,R55111515,UNITE,OK
TKT34989132952,2026-01-15T19:24:12Z,VIP-EST,R56556701,UNITE,OK
TKT34879518683,2026-01-15T19:24:12Z,PORTE-D,,GROUPE,OK
TKT11170363524,2026-01-15T19:24:12Z,PORTE-A,R53576295,UNITE,OK
TKT95861491521,2026-01-15T19:24:12Z,VIP-EST,,VIP,OK
TKT78993960981,2026-01-15T19:24:13Z,PORTE-C,R58570061,UNITE,OK
TKT24913476773,2026-01-15T19:24:13Z,PORTE-D,R57915722,UNITE,OK
TKT34127082300,2026-01-15T19:24:13Z,VIP-EST,,VIP,OK
TKT74850388139,2026-01-15T19:24:14Z,PORTE-C,R58550445,UNITE,OK
TKT77702332310,2026-01-15T19:24:14Z,PORTE-A,R57563448,UNITE,OK
TKT53494333629,2026-01-15T19:24:15Z,PORTE-B,R52872025,UNITE,OK
TKT25479887909,2026-01-15T19:24:15Z,VIP-EST,R59686947,UNITE,OK
TKT29182944691,2026-01-15T19:24:15Z,PORTE-B,R57624758,UNITE,OK
TKT10624405317,2026-01-15T19:24:16Z,PORTE-C,R51234903,UNITE,OK
TKT27348658875,2026-01-15T19:24:16Z,PORTE-C,R56139392,UNITE,OK
TKT42019559048,2026-01-15T19:24:16Z,PORTE-C,,UNITE,REFUSE_DEJA_SCANNE
TKT30029544850,2026-01-15T19:24:16Z,PORTE-C,R56256542,UNITE,OK
TKT81917545777,2026-01-15T19:24:17Z,VIP-EST,R53374283,ABONNEMENT,OK
TKT27297929955,2026-01-15T19:24:18Z,PORTE-C,R52054973,UNITE,OK
TKT96315575964,2026-01-15T19:24:18Z,VIP-EST,R54840847,UNITE,OK
TKT75293323100,2026-01-15T19:24:18Z,PORTE-D,R51573279,UNITE,OK
TKT67865070627,2026-01-15T19:24:18Z,PORTE-A,R55504927,UNITE,OK
TKT62586450563,2026-01-15T19:24:19Z,PORTE-D,R58921377,ABONNEMENT,OK
TKT40957122160,2026-01-15T19:24:19Z,PORTE-A,R58664128,UNITE,OK
TKT20008553200,2026-01-15T19:24:19Z,PORTE-A,R53290704,UNITE,OK
TKT52233681500,2026-01-15T19:24:19Z,PORTE-A,R53983059,UNITE,OK
TKT35500501878,2026-01-15T19:24:19Z,PORTE-C,R53864606,UNITE,OK
TKT66122828753,2026-01-15T19:24:19Z,PORTE-B,,GROUPE,OK
TKT43765844549,2026-01-15T19:24:20Z,PORTE-D,R52090651,UNITE,OK
TKT45893450856,2026-01-15T19:24:20Z,PORTE-A,R54579374,UNITE,OK
TKT17965041253,2026-01-15T19:24:20Z,PORTE-C,R52225109,UNITE,OK
TKT20498033555,2026-01-15T19:24:21Z,VIP-EST,R55704899,UNITE,OK
TKT39488367698,2026-01-15T19:24:21Z,VIP-EST,R52990334,UNITE,OK
TKT55616405361,2026-01-15T19:24:22Z,VIP-EST,R56012970,UNITE,OK
TKT74520691225,2026-01-15T19:24:22Z,PORTE-C,R52564376,UNITE,OK
TKT15055845324,2026-01-15T19:24:24Z,PORTE-C,R54877282,UNITE,OK
TKT12547546093,2026-01-15T19:24:24Z,PORTE-B,R54490613,UNITE,OK
TKT49144299456,2026-01-15T19:24:24Z,PORTE-B,R57613992,UNITE,OK
TKT80051475561,2026-01-15T19:24:25Z,PORTE-C,R59348849,UNITE,OK
TKT74047662357,2026-01-15T19:24:25Z,PORTE-C,,UNITE,OK
TKT75289165180,2026-01-15T19:24:26Z,PORTE-A,R59753084,UNITE,OK
TKT24441983290,2026-01-15T19:24:26Z,PORTE-C,R54189707,UNITE,OK
TKT40303517646,2026-01-15T19:24:26Z,PORTE-C,R52430253,UNITE,OK
TKT75270666458,2026-01-15T19:24:26Z,VIP-EST,R59714398,UNITE,OK
TKT16485424506,2026-01-15T19:24:26Z,PORTE-D,R59894151,UNITE,OK
TKT63267249734,2026-01-15T19:24:26Z,PORTE-C,R55262390,UNITE,OK
TKT93063938982,2026-01-15T19:24:26Z,PORTE-A,R51401639,UNITE,OK
TKT58188434905,2026-01-15T19:24:26Z,PORTE-C,,UNITE,OK
TKT84579918258,2026-01-15T19:24:26Z,PORTE-C,R52034533,UNITE,OK
TKT76910670071,2026-01-15T19:24:26Z,PORTE-A,R52524531,UNITE,OK
TKT66931810212,2026-01-15T19:24:27Z,VIP-EST,R59086485,ABONNEMENT,OK
TKT45073299946,2026-01-15T19:24:27Z,PORTE-A,,VIP,OK
TKT91431233987,2026-01-15T19:24:27Z,PORTE-B,R58733809,UNITE,OK
TKT62908984868,2026-01-15T19:24:27Z,VIP-EST,R57907418,UNITE,OK
TKT14966899630,2026-01-15T19:24:28Z,PORTE-A,R56373692,ABONNEMENT,OK
TKT40203115140,2026-01-15T19:24:28Z,PORTE-C,R51804524,ABONNEMENT,OK
TKT48170139941,2026-01-15T19:24:28Z,PORTE-A,R51332035,ABONNEMENT,OK
TKT57689446163,2026-01-15T19:24:28Z,VIP-EST,R56476877,UNITE,OK
TKT60872975969,2026-01-15T19:24:29Z,VIP-EST,R53631197,ABONNEMENT,OK
TKT15158343658,2026-01-15T19:24:29Z,PORTE-A,R52426240,ABONNEMENT,OK
TKT85332393260,2026-01-15T19:24:29Z,PORTE-A,R57949025,UNITE,OK
TKT45297344685,2026-01-15T19:24:30Z,PORTE-A,R59530230,UNITE,OK
TKT84402766393,2026-01-15T19:24:31Z,VIP-EST,R57084561,ABONNEMENT,OK
TKT48671958138,2026-01-15T19:24:31Z,PORTE-A,R59587517,UNITE,OK
TKT91206227711,2026-01-15T19:24:31Z,PORTE-C,,GROUPE,OK
TKT61127919013,2026-01-15T19:24:31Z,PORTE-D,,UNITE,REFUSE_DEJA_SCANNE
TKT78080315354,2026-01-15T19:24:31Z,VIP-EST,R56293322,UNITE,OK
TKT64625294993,2026-01-15T19:24:31Z,PORTE-D,R56667386,UNITE,OK
TKT51986339758,2026-01-15T19:24:32Z,PORTE-D,R56177321,ABONNEMENT,OK
TKT75331369401,2026-01-15T19:24:32Z,PORTE-C,R54264828,ABONNEMENT,OK
TKT86144059004,2026-01-15T19:24:32Z,VIP-EST,R54372036,UNITE,OK
TKT91213376506,2026-01-15T19:24:33Z,PORTE-C,R53670764,UNITE,REFUSE_INVALIDE
TKT65243773292,2026-01-15T19:24:33Z,PORTE-D,,UNITE,REFUSE_DEJA_SCANNE
TKT27511689113,2026-01-15T19:24:33Z,PORTE-C,R53876531,UNITE,REFUSE_DEJA_SCANNE
TKT89090546925,2026-01-15T19:24:35Z,PORTE-A,R53266452,ABONNEMENT,OK
TKT16717058789,2026-01-15T19:24:35Z,VIP-EST,,GROUPE,OK
TKT97582184731,2026-01-15T19:24:36Z,VIP-EST,R58700362,ABONNEMENT,OK
TKT27941737918,2026-01-15T19:24:36Z,PORTE-A,R59176050,ABONNEMENT,OK
TKT11538015261,2026-01-15T19:24:36Z,PORTE-C,R56808299,UNITE,OK
TKT82109185679,2026-01-15T19:24:36Z,PORTE-B,R54458737,UNITE,OK
TKT71676188013,2026-01-15T19:24:37Z,VIP-EST,R59891900,UNITE,OK
TKT15146897961,2026-01-15T19:24:37Z,PORTE-C,R58921320,UNITE,OK
TKT58477744604,2026-01-15T19:24:38Z,PORTE-D,R52185944,UNITE,OK
TKT23606185881,2026-01-15T19:24:39Z,PORTE-C,R57660245,UNITE,OK
TKT44752594156,2026-01-15T19:24:39Z,PORTE-B,,UNITE,OK
TKT53146099718,2026-01-15T19:24:40Z,PORTE-B,R58978932,UNITE,OK
TKT13739631374,2026-01-15T19:24:40Z,PORTE-A,R55569024,UNITE,OK
TKT41215028879,2026-01-15T19:24:40Z,PORTE-C,R54863662,UNITE,REFUSE_INVALIDE
TKT68775338297,2026-01-15T19:24:40Z,PORTE-D,,GROUPE,OK
TKT31741012480,2026-01-15T19:24:40Z,PORTE-C,,INVITATION,REFUSE_DEJA_SCANNE
TKT66377333737,2026-01-15T19:24:40Z,PORTE-C,R56920421,UNITE,OK
TKT91085284461,2026-01-15T19:24:41Z,PORTE-B,R59128916,ABONNEMENT,OK
TKT36387991735,2026-01-15T19:24:41Z,PORTE-A,R53959142,UNITE,OK
TKT58779135040,2026-01-15T19:24:41Z,PORTE-C,R56875940,UNITE,OK
TKT36988066628,2026-01-15T19:24:42Z,PORTE-B,R54111923,ABONNEMENT,OK
TKT79788806404,2026-01-15T19:24:42Z,PORTE-D,R57759618,INVITATION,OK
TKT59210974120,2026-01-15T19:24:42Z,PORTE-C,R58464290,UNITE,OK
TKT87483863924,2026-01-15T19:24:43Z,PORTE-B,R53558116,ABONNEMENT,OK
TKT30355102019,2026-01-15T19:24:43Z,VIP-EST,R55581686,ABONNEMENT,OK
TKT95187710546,2026-01-15T19:24:43Z,VIP-EST,R54864342,UNITE,OK
TKT35421207063,2026-01-15T19:24:43Z,PORTE-A,R57911565,UNITE,OK
TKT90723470014,2026-01-15T19:24:43Z,PORTE-A,,GROUPE,OK
TKT87270540353,2026-01-15T19:24:44Z,PORTE-A,,UNITE,OK
TKT58642006014,2026-01-15T19:24:44Z,PORTE-B,,UNITE,OK
TKT65254970740,2026-01-15T19:24:45Z,PORTE-C,R56601661,ABONNEMENT,OK
TKT66288561527,2026-01-15T19:24:45Z,PORTE-A,,VIP,OK
TKT63783023110,2026-01-15T19:24:46Z,PORTE-C,,GROUPE,OK
TKT43894921533,2026-01-15T19:24:46Z,PORTE-C,R51507966,UNITE,OK
TKT42241924374,2026-01-15T19:24:47Z,PORTE-B,R54138416,UNITE,OK
TKT20395609456,2026-01-15T19:24:48Z,PORTE-A,R53574868,UNITE,OK
TKT76178399559,2026-01-15T19:24:48Z,PORTE-D,R54998254,UNITE,OK
TKT70906778094,2026-01-15T19:24:49Z,PORTE-D,R59360429,ABONNEMENT,OK
TKT27530238560,2026-01-15T19:24:49Z,PORTE-A,,GROUPE,OK
TKT36177163741,2026-01-15T19:24:49Z,PORTE-C,R54214572,UNITE,REFUSE_INVALIDE
TKT87436814235,2026-01-15T19:24:50Z,PORTE-C,,GROUPE,OK
TKT10877801361,2026-01-15T19:24:51Z,PORTE-A,,UNITE,OK
TKT91125061089,2026-01-15T19:24:51Z,PORTE-A,R51709442,UNITE,OK
TKT34818103680,2026-01-15T19:24:51Z,PORTE-B,R56928179,UNITE,OK
TKT43672907828,2026-01-15T19:24:51Z,PORTE-D,R52761417,UNITE,OK
TKT27863315980,2026-01-15T19:24:52Z,PORTE-A,R55100347,UNITE,OK
TKT28831374204,2026-01-15T19:24:53Z,PORTE-C,R58943378,ABONNEMENT,OK
TKT57291611377,2026-01-15T19:24:53Z,PORTE-B,R54844458,UNITE,OK
TKT84400892129,2026-01-15T19:24:54Z,PORTE-B,R53600470,ABONNEMENT,OK
TKT70266063755,2026-01-15T19:24:54Z,PORTE-C,R57367087,UNITE,OK
TKT77438392216,2026-01-15T19:24:55Z,PORTE-C,R53668523,ABONNEMENT,OK
TKT69511817469,2026-01-15T19:24:55Z,PORTE-C,,UNITE,OK
TKT31604906617,2026-01-15T19:24:55Z,VIP-EST,R58530226,UNITE,OK
TKT91136584882,2026-01-15T19:24:56Z,PORTE-A,R51160673,ABONNEMENT,OK
TKT29510823351,2026-01-15T19:24:56Z,VIP-EST,R54171049,UNITE,OK
TKT72566249173,2026-01-15T19:24:56Z,PORTE-A,R59272224,UNITE,OK
TKT80037271421,2026-01-15T19:24:57Z,PORTE-C,R54462291,ABONNEMENT,OK
TKT93028433729,2026-01-15T19:24:57Z,PORTE-C,R54659399,UNITE,OK
TKT18266980490,2026-01-15T19:24:58Z,PORTE-D,R54289827,UNITE,OK
TKT53215367566,2026-01-15T19:24:59Z,PORTE-A,R54527269,UNITE,OK
TKT16071275292,2026-01-15T19:24:59Z,PORTE-D,R59959330,UNITE,OK
TKT26392340088,2026-01-15T19:25:00Z,PORTE-C,,UNITE,OK
TKT82810050238,2026-01-15T19:25:01Z,PORTE-D,R51621103,ABONNEMENT,OK
TKT25299111210,2026-01-15T19:25:01Z,PORTE-B,R54094625,UNITE,OK
TKT75338546082,2026-01-15T19:25:01Z,VIP-EST,R53558116,UNITE,OK
TKT89823577502,2026-01-15T19:25:01Z,PORTE-C,,UNITE,OK
TKT50664741018,2026-01-15T19:25:02Z,PORTE-B,R56592322,ABONNEMENT,OK
TKT88893610762,2026-01-15T19:25:02Z,PORTE-A,R58345368,UNITE,OK
TKT88874718919,2026-01-15T19:25:02Z,PORTE-C,R55265311,UNITE,OK
TKT82537717375,2026-01-15T19:25:02Z,VIP-EST,R58644378,UNITE,OK
TKT90734396863,2026-01-15T19:25:03Z,PORTE-C,,GROUPE,OK
TKT55779508820,2026-01-15T19:25:03Z,PORTE-B,,UNITE,OK
TKT33268651839,2026-01-15T19:25:03Z,VIP-EST,R56781950,UNITE,OK
TKT51291491939,2026-01-15T19:25:04Z,VIP-EST,R56333090,ABONNEMENT,OK
TKT84305290975,2026-01-15T19:25:04Z,PORTE-B,R57171262,ABONNEMENT,OK
TKT30198493368,2026-01-15T19:25:04Z,PORTE-A,R54151222,UNITE,OK
TKT76868319139,2026-01-15T19:25:04Z,PORTE-C,,GROUPE,OK
TKT96612523024,2026-01-15T19:25:05Z,PORTE-A,,GROUPE,OK
TKT58404008461,2026-01-15T19:25:06Z,PORTE-D,R55241960,ABONNEMENT,OK
TKT57146513763,2026-01-15T19:25:06Z,PORTE-C,,UNITE,OK
TKT12723265677,2026-01-15T19:25:06Z,PORTE-A,R52527519,UNITE,OK
TKT21236662443,2026-01-15T19:25:06Z,VIP-EST,R54736225,UNITE,OK
TKT10750948073,2026-01-15T19:25:06Z,PORTE-A,R53699307,UNITE,OK
TKT67561145575,2026-01-15T19:25:06Z,PORTE-C,R58386717,UNITE,OK
TKT75170762323,2026-01-15T19:25:07Z,PORTE-C,R58608010,UNITE,OK
TKT68346921721,2026-01-15T19:25:07Z,PORTE-A,R57998276,UNITE,OK
TKT77024923751,2026-01-15T19:25:10Z,PORTE-D,R56763761,ABONNEMENT,OK
TKT56212802929,2026-01-15T19:25:10Z,PORTE-A,R53466702,ABONNEMENT,OK
TKT94433110143,2026-01-15T19:25:10Z,PORTE-D,R58878333,UNITE,OK
TKT94388235257,2026-01-15T19:25:11Z,PORTE-A,R55457123,UNITE,OK
TKT30444986076,2026-01-15T19:25:11Z,PORTE-C,R52622400,UNITE,OK
TKT10127349387,2026-01-15T19:25:11Z,PORTE-C,R57153150,UNITE,OK
TKT13270847288,2026-01-15T19:25:11Z,PORTE-A,,UNITE,OK
TKT76897561323,2026-01-15T19:25:12Z,PORTE-C,R51824274,UNITE,OK
TKT22639826104,2026-01-15T19:25:13Z,VIP-EST,R51172856,ABONNEMENT,OK
TKT59768550204,2026-01-15T19:25:13Z,PORTE-A,R58124410,INVITATION,OK
TKT78993960981,2026-01-15T19:25:13Z,PORTE-C,R58570061,UNITE,REFUSE_DEJA_SCANNE
TKT65666490034,2026-01-15T19:25:13Z,PORTE-D,R58200422,UNITE,OK
TKT17377521609,2026-01-15T19:25:13Z,PORTE-A,R55696729,UNITE,OK
TKT93713086809,2026-01-15T19:25:13Z,PORTE-C,,UNITE,OK
TKT63802002724,2026-01-15T19:25:13Z,PORTE-D,,UNITE,OK
TKT79113410892,2026-01-15T19:25:14Z,PORTE-A,,GROUPE,OK
TKT35905319765,2026-01-15T19:25:14Z,PORTE-C,,UNITE,OK
TKT33718393650,2026-01-15T19:25:15Z,VIP-EST,R57391952,ABONNEMENT,OK
TKT34576927077,2026-01-15T19:25:15Z,PORTE-C,R57871308,ABONNEMENT,OK
TKT30248589171,2026-01-15T19:25:15Z,PORTE-C,R55739294,UNITE,OK
TKT76633632860,2026-01-15T19:25:16Z,PORTE-B,R52303640,UNITE,OK
TKT82441477265,2026-01-15T19:25:16Z,PORTE-D,,UNITE,OK
TKT18467642475,2026-01-15T19:25:16Z,PORTE-C,R58665287,UNITE,OK
TKT16763982102,2026-01-15T19:25:17Z,PORTE-D,R56297680,ABONNEMENT,OK
TKT89057327078,2026-01-15T19:25:17Z,PORTE-C,R54790926,UNITE,OK
TKT57270050121,2026-01-15T19:25:17Z,VIP-EST,R56820904,UNITE,OK
TKT94507200815,2026-01-15T19:25:17Z,PORTE-D,,INVITATION,OK
TKT48109848735,2026-01-15T19:25:17Z,PORTE-B,R59479284,UNITE,OK
TKT69077331474,2026-01-15T19:25:18Z,PORTE-C,R53947371,ABONNEMENT,OK
TKT37753039083,2026-01-15T19:25:18Z,PORTE-D,R55239977,UNITE,OK
TKT76753093652,2026-01-15T19:25:19Z,PORTE-A,R59370304,ABONNEMENT,OK
TKT83919141759,2026-01-15T19:25:19Z,PORTE-C,R52244447,ABONNEMENT,OK
TKT73892228564,2026-01-15T19:25:19Z,PORTE-A,R56212396,UNITE,OK
TKT23148831962,2026-01-15T19:25:20Z,PORTE-C,,UNITE,OK
TKT17865470521,2026-01-15T19:25:20Z,PORTE-D,R59843272,UNITE,OK
TKT53730432813,2026-01-15T19:25:21Z,PORTE-C,,GROUPE,OK
TKT93217430262,2026-01-15T19:25:21Z,PORTE-B,R54573713,UNITE,OK
TKT42252431559,2026-01-15T19:25:21Z,PORTE-C,,UNITE,OK
TKT54451872517,2026-01-15T19:25:21Z,PORTE-D,,UNITE,REFUSE_DEJA_SCANNE
TKT44349527037,2026-01-15T19:25:21Z,VIP-EST,R52309023,UNITE,OK
TKT63517442820,2026-01-15T19:25:22Z,PORTE-A,R55005064,VIP,OK
TKT43857032538,2026-01-15T19:25:22Z,PORTE-D,R55884853,UNITE,OK
TKT81656041884,2026-01-15T19:25:22Z,PORTE-C,R56395147,UNITE,OK
TKT95000117447,2026-01-15T19:25:23Z,PORTE-A,R54155925,UNITE,OK
TKT83969805734,2026-01-15T19:25:23Z,PORTE-C,,UNITE,OK
TKT64329798866,2026-01-15T19:25:24Z,PMR-NORD,R58899108,ABONNEMENT,OK
TKT25264756552,2026-01-15T19:25:24Z,PORTE-D,,UNITE,OK
TKT50801869530,2026-01-15T19:25:24Z,PORTE-D,,GROUPE,OK
TKT18774297885,2026-01-15T19:25:24Z,PORTE-C,R59439573,UNITE,OK
TKT80458601367,2026-01-15T19:25:24Z,PORTE-D,,UNITE,OK
TKT66407515111,2026-01-15T19:25:24Z,PORTE-A,R56329623,UNITE,OK
TKT42216049613,2026-01-15T19:25:24Z,PORTE-D,R53548231,UNITE,OK
TKT41328314289,2026-01-15T19:25:25Z,VIP-EST,R59365735,ABONNEMENT,OK
TKT75574670139,2026-01-15T19:25:25Z,PORTE-C,,UNITE,OK
TKT26341377720,2026-01-15T19:25:25Z,PORTE-A,R52118169,UNITE,OK
TKT64659581534,2026-01-15T19:25:25Z,PORTE-C,R56176976,UNITE,OK
TKT30598830235,2026-01-15T19:25:25Z,PORTE-B,R58308186,UNITE,OK
TKT24372378952,2026-01-15T19:25:25Z,PORTE-C,R58826439,UNITE,OK
TKT18193493432,2026-01-15T19:25:25Z,PORTE-A,R58238907,UNITE,OK
TKT77806010721,2026-01-15T19:25:25Z,PORTE-D,,GROUPE,OK
TKT42777655982,2026-01-15T19:25:25Z,PORTE-C,R57900330,UNITE,OK
TKT67996257731,2026-01-15T19:25:26Z,PORTE-D,R52104817,UNITE,OK
TKT19343084918,2026-01-15T19:25:26Z,PORTE-C,R58487316,UNITE,OK
TKT45692651581,2026-01-15T19:25:26Z,PORTE-C,R57543564,UNITE,OK
TKT26744592020,2026-01-15T19:25:27Z,PORTE-C,,UNITE,OK
TKT19760518565,2026-01-15T19:25:27Z,PORTE-A,R57339100,UNITE,OK
TKT41549649259,2026-01-15T19:25:27Z,PORTE-A,,UNITE,OK
TKT89820957786,2026-01-15T19:25:27Z,VIP-EST,R58155549,UNITE,OK
TKT22868127709,2026-01-15T19:25:27Z,PORTE-A,,UNITE,OK
TKT97016367017,2026-01-15T19:25:28Z,PORTE-D,R57491248,UNITE,OK
TKT66411131671,2026-01-15T19:25:29Z,PORTE-A,R56406047,ABONNEMENT,OK
TKT61726126441,2026-01-15T19:25:29Z,VIP-EST,R51622252,UNITE,OK
TKT75760843129,2026-01-15T19:25:31Z,PORTE-A,R54358071,ABONNEMENT,OK
TKT87152098108,2026-01-15T19:25:31Z,PORTE-B,,UNITE,OK
TKT62113507297,2026-01-15T19:25:31Z,VIP-EST,,UNITE,OK
TKT35401565079,2026-01-15T19:25:31Z,PORTE-D,R53851331,UNITE,OK
TKT26922435359,2026-01-15T19:25:31Z,PORTE-A,R57696536,INVITATION,OK
TKT75983490504,2026-01-15T19:25:31Z,PORTE-B,R54958131,UNITE,OK
TKT33026966361,2026-01-15T19:25:32Z,PORTE-D,R53198965,ABONNEMENT,OK
TKT62644303791,2026-01-15T19:25:32Z,PORTE-B,R55168601,UNITE,OK
TKT35476204462,2026-01-15T19:25:32Z,PORTE-C,,GROUPE,OK
TKT66188749765,2026-01-15T19:25:33Z,PORTE-C,R57734073,ABONNEMENT,OK
TKT68069645191,2026-01-15T19:25:33Z,PORTE-B,R53686233,UNITE,OK
TKT13352833633,2026-01-15T19:25:33Z,VIP-EST,R55928577,UNITE,OK
TKT73095969132,2026-01-15T19:25:33Z,PORTE-C,R54996817,UNITE,OK
TKT22806195105,2026-01-15T19:25:33Z,PORTE-D,R52075326,UNITE,OK
TKT44888448514,2026-01-15T19:25:33Z,PORTE-B,R56091635,UNITE,OK
TKT89330848761,2026-01-15T19:25:34Z,PORTE-D,R51188593,ABONNEMENT,OK
TKT48393178141,2026-01-15T19:25:34Z,PORTE-A,R59938823,ABONNEMENT,OK
TKT35819024445,2026-01-15T19:25:34Z,PORTE-D,,UNITE,OK
TKT92118252455,2026-01-15T19:25:34Z,PORTE-C,,UNITE,OK
TKT36259064289,2026-01-15T19:25:34Z,VIP-EST,R59079608,UNITE,OK
TKT90146616785,2026-01-15T19:25:35Z,PORTE-A,,VIP,OK
TKT25638665768,2026-01-15T19:25:35Z,PORTE-C,R57586196,UNITE,REFUSE_DEJA_SCANNE
TKT46905133160,2026-01-15T19:25:36Z,PORTE-C,R56113837,UNITE,OK
TKT92779968312,2026-01-15T19:25:36Z,VIP-EST,,VIP,OK
TKT36612087630,2026-01-15T19:25:36Z,PORTE-A,R58930649,UNITE,OK
TKT35836456679,2026-01-15T19:25:36Z,PORTE-C,,UNITE,OK
TKT70133511862,2026-01-15T19:25:37Z,PORTE-C,R57375468,ABONNEMENT,OK
TKT15048163245,2026-01-15T19:25:37Z,VIP-EST,,INVITATION,OK
TKT15243950670,2026-01-15T19:25:37Z,PORTE-C,R51558299,UNITE,OK
TKT44291438015,2026-01-15T19:25:37Z,PORTE-D,R52802967,UNITE,OK
TKT25750977650,2026-01-15T19:25:37Z,PORTE-B,R57139185,UNITE,REFUSE_INVALIDE
TKT53113142376,2026-01-15T19:25:37Z,PORTE-C,R55065205,UNITE,OK
TKT75685114825,2026-01-15T19:25:38Z,PORTE-D,R56958896,UNITE,OK
TKT52764876797,2026-01-15T19:25:38Z,PORTE-D,R58909606,UNITE,OK
TKT87648371013,2026-01-15T19:25:38Z,PORTE-A,R57935204,UNITE,OK
TKT50602136287,2026-01-15T19:25:38Z,PORTE-B,,UNITE,OK
TKT84390166634,2026-01-15T19:25:39Z,PORTE-D,R54256390,ABONNEMENT,OK
TKT63300374812,2026-01-15T19:25:39Z,PORTE-A,R56295218,ABONNEMENT,OK
TKT55121650389,2026-01-15T19:25:39Z,PORTE-C,,UNITE,OK
TKT46661384057,2026-01-15T19:25:39Z,PORTE-A,R56948609,UNITE,OK
TKT76641317234,2026-01-15T19:25:40Z,PORTE-C,R56502345,ABONNEMENT,OK
TKT30519794051,2026-01-15T19:25:40Z,PORTE-B,,GROUPE,OK
TKT66029869352,2026-01-15T19:25:40Z,PORTE-C,R51783682,UNITE,OK
TKT75688864004,2026-01-15T19:25:40Z,PORTE-A,R58546298,UNITE,OK
TKT56564665134,2026-01-15T19:25:41Z,PORTE-C,,GROUPE,OK
TKT91087342297,2026-01-15T19:25:42Z,PORTE-C,,UNITE,OK
TKT45108411352,2026-01-15T19:25:43Z,PORTE-A,R54198011,ABONNEMENT,OK
TKT89396779404,2026-01-15T19:25:43Z,PORTE-A,R54032089,UNITE,OK
TKT68332704873,2026-01-15T19:25:44Z,PORTE-B,R51648621,ABONNEMENT,OK
TKT24620430608,2026-01-15T19:25:44Z,PORTE-D,R58253073,ABONNEMENT,OK
TKT73489612008,2026-01-15T19:25:46Z,PORTE-D,R52298324,UNITE,OK
TKT26883715956,2026-01-15T19:25:47Z,PORTE-C,R51765081,ABONNEMENT,OK
TKT85234092621,2026-01-15T19:25:48Z,PORTE-B,R56005815,UNITE,OK
TKT83825361071,2026-01-15T19:25:48Z,PORTE-D,R57981993,UNITE,OK
TKT71361141440,2026-01-15T19:25:48Z,PORTE-C,,UNITE,OK
TKT68819339595,2026-01-15T19:25:49Z,PORTE-C,R51804591,ABONNEMENT,OK
TKT55001612812,2026-01-15T19:25:50Z,PORTE-B,R53145011,ABONNEMENT,OK
TKT47006295032,2026-01-15T19:25:50Z,PORTE-D,,GROUPE,OK
TKT96691316898,2026-01-15T19:25:50Z,VIP-EST,R56992266,UNITE,OK
TKT76755840142,2026-01-15T19:25:50Z,PORTE-D,,UNITE,OK
TKT79309349837,2026-01-15T19:25:50Z,VIP-EST,R56126174,UNITE,OK
TKT68982715052,2026-01-15T19:25:51Z,PORTE-C,R54931571,ABONNEMENT,OK
TKT53124094490,2026-01-15T19:25:51Z,PORTE-C,R52848396,UNITE,OK
TKT20676350456,2026-01-15T19:25:52Z,PORTE-D,R54632092,ABONNEMENT,OK
TKT55472415556,2026-01-15T19:25:52Z,VIP-EST,R51937545,ABONNEMENT,OK
TKT17640070664,2026-01-15T19:25:52Z,PORTE-C,R51618986,ABONNEMENT,OK
TKT37147715238,2026-01-15T19:25:52Z,PORTE-A,,INVITATION,OK
TKT47640421524,2026-01-15T19:25:52Z,PORTE-A,,UNITE,REFUSE_INVALIDE
TKT93548765575,2026-01-15T19:25:52Z,VIP-EST,R58073531,UNITE,OK
TKT31239506020,2026-01-15T19:25:52Z,PORTE-A,R59051889,UNITE,OK
TKT34064032933,2026-01-15T19:25:54Z,PORTE-A,R58385280,ABONNEMENT,OK
TKT19834473130,2026-01-15T19:25:54Z,PORTE-A,R57079044,ABONNEMENT,OK
TKT15808495179,2026-01-15T19:25:54Z,PORTE-A,R51580568,ABONNEMENT,OK
TKT19480543937,2026-01-15T19:25:54Z,PORTE-A,R57641366,ABONNEMENT,OK
TKT82820156706,2026-01-15T19:25:54Z,PORTE-D,,GROUPE,OK
TKT30895788942,2026-01-15T19:25:54Z,PORTE-D,,UNITE,OK
TKT73723671130,2026-01-15T19:25:55Z,PORTE-D,R57210839,UNITE,OK
TKT68169655381,2026-01-15T19:25:55Z,PORTE-C,R58705812,UNITE,OK
TKT53429889812,2026-01-15T19:25:56Z,PORTE-C,,UNITE,OK
TKT12557208534,2026-01-15T19:25:56Z,PORTE-D,R56745371,UNITE,OK
TKT78673136565,2026-01-15T19:25:56Z,PORTE-A,,GROUPE,OK
TKT62481784943,2026-01-15T19:25:56Z,PORTE-B,R56679579,UNITE,OK
TKT90433923972,2026-01-15T19:25:56Z,PORTE-A,,UNITE,OK
TKT34800869751,2026-01-15T19:25:57Z,PORTE-A,R55421023,ABONNEMENT,OK
TKT16271244554,2026-01-15T19:25:57Z,PORTE-C,R54014657,UNITE,OK
TKT30200516174,2026-01-15T19:25:57Z,PORTE-D,,UNITE,REFUSE_DEJA_SCANNE
TKT51141058513,2026-01-15T19:25:57Z,PORTE-C,R57005752,UNITE,OK
TKT99382670271,2026-01-15T19:25:58Z,PORTE-C,R54388051,UNITE,OK
TKT38748655692,2026-01-15T19:25:59Z,PORTE-A,R59807239,ABONNEMENT,OK
TKT94281133039,2026-01-15T19:25:59Z,PORTE-C,R56800129,ABONNEMENT,OK
TKT57790174066,2026-01-15T19:26:00Z,PORTE-A,R55519649,ABONNEMENT,OK
TKT60688782548,2026-01-15T19:26:00Z,PORTE-C,R54178472,ABONNEMENT,OK
TKT81287465379,2026-01-15T19:26:00Z,PORTE-B,R59445502,UNITE,OK
TKT66453648297,2026-01-15T19:26:00Z,PORTE-D,,GROUPE,OK
TKT57424969738,2026-01-15T19:26:00Z,VIP-EST,R55829070,UNITE,OK
TKT92917399245,2026-01-15T19:26:00Z,PORTE-C,,GROUPE,OK
TKT28447870240,2026-01-15T19:26:01Z,PORTE-B,R52671172,ABONNEMENT,OK
TKT70988413652,2026-01-15T19:26:01Z,PORTE-B,R51853832,ABONNEMENT,OK
TKT39543084010,2026-01-15T19:26:01Z,VIP-EST,R53160547,UNITE,OK
TKT25422165724,2026-01-15T19:26:01Z,PORTE-D,R55702246,UNITE,OK
TKT97995789786,2026-01-15T19:26:01Z,PMR-NORD,R59629268,UNITE,OK
TKT27133918942,2026-01-15T19:26:01Z,PORTE-D,R59312069,UNITE,OK
TKT70934402756,2026-01-15T19:26:01Z,PORTE-B,,UNITE,OK
TKT63030554677,2026-01-15T19:26:02Z,PORTE-C,R58274528,UNITE,OK
TKT27402858309,2026-01-15T19:26:02Z,PORTE-C,R58751452,UNITE,OK
TKT60834142458,2026-01-15T19:26:02Z,PORTE-A,R52185398,UNITE,OK
TKT72838176335,2026-01-15T19:26:03Z,VIP-EST,,UNITE,OK
TKT77598162793,2026-01-15T19:26:03Z,PORTE-D,R57970480,UNITE,OK
TKT36508788802,2026-01-15T19:26:03Z,VIP-EST,R57915042,UNITE,OK
TKT70959689783,2026-01-15T19:26:03Z,PORTE-C,R54930479,UNITE,OK
TKT34040483705,2026-01-15T19:26:03Z,PORTE-C,,UNITE,OK
TKT11946072085,2026-01-15T19:26:03Z,PORTE-C,R56560858,UNITE,REFUSE_DEJA_SCANNE
TKT56286631951,2026-01-15T19:26:04Z,PORTE-C,,GROUPE,OK
TKT21230620995,2026-01-15T19:26:04Z,VIP-EST,R52913642,VIP,OK
TKT57465957025,2026-01-15T19:26:04Z,PORTE-D,R53636647,UNITE,OK
TKT47320224492,2026-01-15T19:26:06Z,PORTE-C,R53728463,UNITE,OK
TKT84231118657,2026-01-15T19:26:06Z,PORTE-C,R59415877,UNITE,OK
TKT12496605442,2026-01-15T19:26:07Z,PORTE-B,R58871935,ABONNEMENT,OK
TKT16792486881,2026-01-15T19:26:07Z,PORTE-A,,UNITE,OK
TKT37247065762,2026-01-15T19:26:07Z,PORTE-D,R56053361,UNITE,OK
TKT10931898989,2026-01-15T19:26:07Z,PORTE-A,,UNITE,OK
TKT49995450008,2026-01-15T19:26:08Z,PORTE-B,R57999157,ABONNEMENT,OK
TKT12604969712,2026-01-15T19:26:08Z,PORTE-B,,GROUPE,OK
TKT64374835614,2026-01-15T19:26:08Z,PORTE-B,R59563399,UNITE,OK
TKT50499712918,2026-01-15T19:26:08Z,PORTE-D,R56935200,UNITE,OK
TKT32150297722,2026-01-15T19:26:09Z,PORTE-C,R54264359,ABONNEMENT,OK
TKT16698291569,2026-01-15T19:26:09Z,PORTE-D,R51760388,ABONNEMENT,OK
TKT67736076247,2026-01-15T19:26:09Z,PORTE-D,,UNITE,OK
TKT12679401407,2026-01-15T19:26:09Z,PORTE-B,R52434621,UNITE,OK
TKT58929391279,2026-01-15T19:26:09Z,PORTE-A,,UNITE,OK
TKT73189532181,2026-01-15T19:26:10Z,PORTE-D,,UNITE,OK
TKT35401456634,2026-01-15T19:26:11Z,PORTE-A,R56431448,ABONNEMENT,OK
TKT89055713545,2026-01-15T19:26:11Z,PORTE-C,R59509589,UNITE,OK
TKT59927789663,2026-01-15T19:26:11Z,PORTE-C,R56890652,INVITATION,OK
TKT90162406606,2026-01-15T19:26:11Z,VIP-EST,R55731747,UNITE,OK
TKT92382430877,2026-01-15T19:26:11Z,PORTE-C,,GROUPE,OK
TKT39021123373,2026-01-15T19:26:12Z,PORTE-D,R52211958,ABONNEMENT,OK
TKT72685651621,2026-01-15T19:26:12Z,PORTE-A,,UNITE,OK
TKT49994270307,2026-01-15T19:26:13Z,VIP-EST,R52384288,UNITE,OK
TKT92637816429,2026-01-15T19:26:13Z,VIP-EST,R57182172,VIP,OK
TKT16566101313,2026-01-15T19:26:13Z,PORTE-C,,UNITE,OK
TKT84124621098,2026-01-15T19:26:14Z,PORTE-B,R56058667,UNITE,OK
TKT44229714499,2026-01-15T19:26:14Z,VIP-EST,R55286843,UNITE,OK
TKT44434601354,2026-01-15T19:26:14Z,PORTE-D,R53604627,UNITE,OK
TKT39395693116,2026-01-15T19:26:14Z,PORTE-A,R59401912,UNITE,OK
TKT48245329797,2026-01-15T19:26:14Z,PORTE-D,R59668500,UNITE,OK
TKT67401046371,2026-01-15T19:26:15Z,PORTE-A,R53860928,ABONNEMENT,OK
TKT18670252667,2026-01-15T19:26:15Z,PORTE-C,R51720955,UNITE,OK
TKT14177140515,2026-01-15T19:26:16Z,PMR-NORD,R56789775,ABONNEMENT,OK
TKT87065035183,2026-01-15T19:26:16Z,VIP-EST,R55619625,UNITE,OK
TKT96974704289,2026-01-15T19:26:16Z,PORTE-B,R56118952,UNITE,OK
TKT63414335266,2026-01-15T19:26:17Z,PORTE-C,R52305690,UNITE,OK
TKT80324906232,2026-01-15T19:26:18Z,VIP-EST,R56705382,UNITE,OK
TKT64604890806,2026-01-15T19:26:18Z,PORTE-A,,UNITE,OK
TKT73501564680,2026-01-15T19:26:18Z,PORTE-A,R54650415,UNITE,OK
TKT40898900907,2026-01-15T19:26:18Z,PORTE-C,R56011888,UNITE,OK
TKT37043217810,2026-01-15T19:26:18Z,VIP-EST,R52569337,UNITE,OK
TKT22644355821,2026-01-15T19:26:19Z,PORTE-B,R59281151,UNITE,OK
TKT64708965980,2026-01-15T19:26:19Z,PORTE-C,,GROUPE,OK
TKT38169518642,2026-01-15T19:26:19Z,PORTE-A,,UNITE,OK
TKT16368219016,2026-01-15T19:26:19Z,PORTE-C,R51949192,UNITE,OK
TKT71865803249,2026-01-15T19:26:21Z,PORTE-C,,INVITATION,OK
TKT25798940624,2026-01-15T19:26:21Z,PORTE-A,R59028796,UNITE,OK
TKT28000534193,2026-01-15T19:26:23Z,PORTE-D,R52610475,UNITE,OK
TKT98547512386,2026-01-15T19:26:23Z,PORTE-D,R53118729,UNITE,OK
TKT39541956196,2026-01-15T19:26:23Z,PORTE-A,R58020813,UNITE,OK
TKT16024376294,2026-01-15T19:26:24Z,PORTE-D,R51240286,ABONNEMENT,OK
TKT99445250519,2026-01-15T19:26:24Z,PORTE-B,,GROUPE,OK
TKT35474221605,2026-01-15T19:26:25Z,PORTE-C,R54561932,UNITE,OK
TKT86853000423,2026-01-15T19:26:25Z,PORTE-A,,UNITE,OK
TKT25863723952,2026-01-15T19:26:25Z,PORTE-C,,UNITE,OK
TKT31563000253,2026-01-15T19:26:25Z,PORTE-C,,UNITE,OK
TKT22369112130,2026-01-15T19:26:26Z,PORTE-C,R59879841,UNITE,OK
TKT42251190229,2026-01-15T19:26:26Z,PORTE-D,R54364067,UNITE,OK
TKT42126682401,2026-01-15T19:26:26Z,PORTE-C,,UNITE,OK
TKT63189203523,2026-01-15T19:26:27Z,PORTE-C,R54874428,ABONNEMENT,OK
TKT96234644782,2026-01-15T19:26:27Z,PORTE-D,R51014290,ABONNEMENT,OK
TKT28281188082,2026-01-15T19:26:27Z,PORTE-D,R51896886,UNITE,OK
TKT17299195548,2026-01-15T19:26:27Z,PORTE-C,R57955711,UNITE,OK
TKT91332376732,2026-01-15T19:26:27Z,PORTE-B,,UNITE,OK
TKT99105949556,2026-01-15T19:26:28Z,PORTE-C,R51891359,ABONNEMENT,OK
TKT98196197446,2026-01-15T19:26:28Z,PORTE-C,R56501330,UNITE,OK
TKT46344048085,2026-01-15T19:26:28Z,PORTE-A,R54871095,UNITE,OK
TKT62568528862,2026-01-15T19:26:28Z,PORTE-D,R58622712,UNITE,OK
TKT17607580377,2026-01-15T19:26:29Z,PORTE-C,,UNITE,OK
TKT10473609070,2026-01-15T19:26:29Z,PORTE-A,,GROUPE,OK
TKT42512921563,2026-01-15T19:26:30Z,VIP-EST,R55158860,UNITE,OK
TKT46688194765,2026-01-15T19:26:30Z,PORTE-A,R53847653,UNITE,OK
TKT25989531537,2026-01-15T19:26:30Z,VIP-EST,R52124232,GROUPE,OK
TKT92291130766,2026-01-15T19:26:32Z,PORTE-D,R58300217,ABONNEMENT,OK
TKT96381203503,2026-01-15T19:26:32Z,PORTE-C,R52584183,ABONNEMENT,OK
TKT72696505136,2026-01-15T19:26:33Z,VIP-EST,R59579270,ABONNEMENT,OK
TKT45363705577,2026-01-15T19:26:33Z,VIP-EST,R51520772,UNITE,OK
TKT61578280556,2026-01-15T19:26:33Z,PORTE-C,R59906813,UNITE,OK
TKT38683099947,2026-01-15T19:26:33Z,PORTE-B,R57639872,UNITE,OK
TKT56150554383,2026-01-15T19:26:33Z,PORTE-D,R53493674,UNITE,OK
TKT35364280557,2026-01-15T19:26:33Z,PORTE-C,R59642131,UNITE,OK
TKT53673825996,2026-01-15T19:26:34Z,PORTE-D,R58109028,UNITE,OK
TKT94434304633,2026-01-15T19:26:35Z,PORTE-A,R57970212,ABONNEMENT,OK
TKT23513721104,2026-01-15T19:26:35Z,PORTE-C,R54057912,UNITE,OK
TKT34622554385,2026-01-15T19:26:35Z,PORTE-D,,UNITE,OK
TKT87995758756,2026-01-15T19:26:35Z,PORTE-A,R53583172,UNITE,OK
TKT88803015565,2026-01-15T19:26:35Z,PORTE-A,R52409354,INVITATION,OK
TKT74493997821,2026-01-15T19:26:35Z,PORTE-A,R58756758,UNITE,OK
TKT92101939804,2026-01-15T19:26:36Z,PORTE-C,R58133682,ABONNEMENT,OK
TKT76825638654,2026-01-15T19:26:36Z,PORTE-D,,UNITE,OK
TKT56041237119,2026-01-15T19:26:36Z,PORTE-D,R54683172,UNITE,OK
TKT13053291429,2026-01-15T19:26:36Z,PORTE-C,R52480184,UNITE,OK
TKT78937911385,2026-01-15T19:26:36Z,PORTE-B,R53868495,UNITE,OK
TKT91398164383,2026-01-15T19:26:36Z,PORTE-A,R56791892,UNITE,OK
TKT20909837384,2026-01-15T19:26:37Z,PORTE-C,R57177536,ABONNEMENT,OK
TKT13682428177,2026-01-15T19:26:37Z,VIP-EST,,GROUPE,OK
TKT52201084385,2026-01-15T19:26:37Z,VIP-EST,,UNITE,OK
TKT18498986059,2026-01-15T19:26:37Z,PORTE-A,R56347534,UNITE,OK
TKT66857075478,2026-01-15T19:26:38Z,VIP-EST,,UNITE,OK
TKT91365985759,2026-01-15T19:26:38Z,PORTE-D,,UNITE,OK
TKT35192734881,2026-01-15T19:26:39Z,VIP-EST,,UNITE,OK
TKT99940281806,2026-01-15T19:26:39Z,PORTE-A,,VIP,OK
TKT58762230234,2026-01-15T19:26:39Z,VIP-EST,,UNITE,OK
TKT33078378266,2026-01-15T19:26:40Z,PORTE-C,R53027794,UNITE,OK
TKT85304608057,2026-01-15T19:26:41Z,PORTE-D,R51017911,ABONNEMENT,OK
TKT75315652688,2026-01-15T19:26:41Z,PORTE-A,R56935736,UNITE,OK
TKT44291512149,2026-01-15T19:26:42Z,PORTE-C,R57837469,ABONNEMENT,OK
TKT69891893246,2026-01-15T19:26:43Z,PORTE-D,R59095335,UNITE,OK
TKT50571977456,2026-01-15T19:26:43Z,PORTE-A,,UNITE,OK
TKT92835048913,2026-01-15T19:26:44Z,PORTE-A,R52435914,ABONNEMENT,OK
TKT19175809303,2026-01-15T19:26:44Z,PORTE-C,,GROUPE,OK
TKT20982615640,2026-01-15T19:26:44Z,PORTE-A,R57946717,UNITE,OK
TKT73585877875,2026-01-15T19:26:44Z,PORTE-D,R56249923,UNITE,OK
TKT34475200937,2026-01-15T19:26:45Z,PORTE-D,R51148882,ABONNEMENT,OK
TKT70830441940,2026-01-15T19:26:45Z,PORTE-C,R58734345,ABONNEMENT,OK
TKT54878641656,2026-01-15T19:26:45Z,PORTE-A,R55259794,UNITE,OK
TKT36716501269,2026-01-15T19:26:45Z,PORTE-C,R54186498,UNITE,OK
TKT39875153517,2026-01-15T19:26:45Z,PORTE-D,R51742879,UNITE,OK
TKT39734301019,2026-01-15T19:26:46Z,VIP-EST,R57596282,UNITE,OK
TKT55566443691,2026-01-15T19:26:46Z,PORTE-C,R56996835,UNITE,OK
TKT29482353939,2026-01-15T19:26:47Z,PORTE-D,R52127709,UNITE,OK
TKT85198540012,2026-01-15T19:26:47Z,VIP-EST,R58605692,VIP,OK
TKT92753697129,2026-01-15T19:26:47Z,PORTE-A,R57146407,UNITE,OK
TKT93283460020,2026-01-15T19:26:48Z,PORTE-C,R52670425,UNITE,OK
TKT11829773176,2026-01-15T19:26:48Z,PORTE-C,,UNITE,OK
TKT28772253870,2026-01-15T19:26:49Z,PORTE-D,R56164046,UNITE,OK
TKT27837651305,2026-01-15T19:26:49Z,PORTE-C,R57477015,UNITE,OK
TKT71508193769,2026-01-15T19:26:50Z,PORTE-A,R57779502,UNITE,OK
TKT84106742041,2026-01-15T19:26:50Z,PORTE-C,R54762383,UNITE,OK
TKT75151375149,2026-01-15T19:26:51Z,PORTE-D,R52979300,UNITE,OK
TKT21609354077,2026-01-15T19:26:51Z,PORTE-D,R53268847,UNITE,OK
TKT95136511092,2026-01-15T19:26:51Z,VIP-EST,R59134634,VIP,OK
TKT94707845091,2026-01-15T19:26:52Z,PORTE-C,R53094889,UNITE,OK
TKT53134880343,2026-01-15T19:26:52Z,PORTE-C,R55302302,UNITE,OK
TKT87058619134,2026-01-15T19:26:53Z,PORTE-A,,UNITE,OK
TKT86551698025,2026-01-15T19:26:53Z,VIP-EST,R51233131,UNITE,OK
TKT18258461414,2026-01-15T19:26:54Z,PORTE-C,R51518186,INVITATION,OK
TKT86552383303,2026-01-15T19:26:54Z,PORTE-C,,UNITE,OK
TKT77715741488,2026-01-15T19:26:56Z,PORTE-C,,GROUPE,OK
TKT37481338259,2026-01-15T19:26:57Z,PORTE-C,R56175147,ABONNEMENT,OK
TKT78970599710,2026-01-15T19:26:57Z,PORTE-C,R59369356,UNITE,OK
TKT48439223808,2026-01-15T19:26:58Z,PORTE-B,R56512230,ABONNEMENT,OK
TKT89435202742,2026-01-15T19:26:58Z,PORTE-C,R52388579,UNITE,REFUSE_DEJA_SCANNE
TKT19276792383,2026-01-15T19:26:58Z,PORTE-D,R54058448,UNITE,OK
TKT76122399857,2026-01-15T19:26:58Z,VIP-EST,R53333892,UNITE,OK
TKT68483466571,2026-01-15T19:26:59Z,PORTE-C,R52288382,ABONNEMENT,OK
TKT10975737421,2026-01-15T19:26:59Z,PORTE-C,R58743406,UNITE,OK
TKT25734988472,2026-01-15T19:27:00Z,PORTE-B,R59695261,ABONNEMENT,OK
TKT93561847834,2026-01-15T19:27:00Z,PORTE-C,,UNITE,OK
TKT18815372995,2026-01-15T19:27:00Z,PORTE-B,,UNITE,OK
TKT79488740714,2026-01-15T19:27:00Z,PORTE-C,,UNITE,OK
TKT97430414247,2026-01-15T19:27:01Z,PORTE-D,,GROUPE,OK
TKT43211197987,2026-01-15T19:27:01Z,PORTE-A,R52925634,INVITATION,OK
TKT60009415048,2026-01-15T19:27:01Z,VIP-EST,,INVITATION,OK
TKT46901810497,2026-01-15T19:27:02Z,PORTE-C,,UNITE,OK
TKT60712118208,2026-01-15T19:27:03Z,PORTE-D,R52780353,ABONNEMENT,OK
TKT11692827262,2026-01-15T19:27:03Z,PORTE-C,R55571409,UNITE,OK
TKT73416948904,2026-01-15T19:27:04Z,VIP-EST,,UNITE,OK
TKT44862577688,2026-01-15T19:27:04Z,VIP-EST,R59588666,UNITE,OK
TKT50119539521,2026-01-15T19:27:04Z,PORTE-C,R57079657,UNITE,OK
TKT49172872377,2026-01-15T19:27:04Z,PORTE-D,R51382502,UNITE,OK
TKT55216464664,2026-01-15T19:27:05Z,PORTE-D,R52391845,ABONNEMENT,OK
TKT33346489739,2026-01-15T19:27:06Z,PORTE-C,R54208097,ABONNEMENT,OK
TKT91627612149,2026-01-15T19:27:06Z,VIP-EST,R57737272,GROUPE,OK
TKT24029960675,2026-01-15T19:27:06Z,PORTE-C,,UNITE,OK
TKT60063458450,2026-01-15T19:27:07Z,PORTE-C,,GROUPE,OK
TKT26424989482,2026-01-15T19:27:07Z,PORTE-A,,UNITE,OK
TKT85160395572,2026-01-15T19:27:07Z,PORTE-C,,GROUPE,OK
TKT28727432914,2026-01-15T19:27:07Z,PORTE-C,R56791748,UNITE,OK
TKT31286318752,2026-01-15T19:27:07Z,PORTE-C,R54650951,UNITE,OK
TKT50491318816,2026-01-15T19:27:08Z,PORTE-C,R51547543,UNITE,OK
TKT39200297933,2026-01-15T19:27:08Z,PORTE-D,R55438867,UNITE,OK
TKT52195275124,2026-01-15T19:27:09Z,PORTE-A,,UNITE,OK
TKT41683344352,2026-01-15T19:27:09Z,PORTE-A,R59074637,UNITE,OK
TKT21732445624,2026-01-15T19:27:10Z,PORTE-C,R51556182,UNITE,OK
TKT73279415460,2026-01-15T19:27:10Z,PORTE-D,R54237722,UNITE,OK
TKT57256049990,2026-01-15T19:27:10Z,VIP-EST,R57726037,UNITE,OK
TKT32929305322,2026-01-15T19:27:10Z,PORTE-C,,UNITE,OK
TKT15390860630,2026-01-15T19:27:10Z,PORTE-C,,GROUPE,OK
TKT33310176000,2026-01-15T19:27:11Z,PORTE-C,R59233059,ABONNEMENT,OK
TKT53435770588,2026-01-15T19:27:11Z,PORTE-D,R57457265,ABONNEMENT,OK
TKT74956529669,2026-01-15T19:27:11Z,VIP-EST,R57057857,ABONNEMENT,OK
TKT45262699888,2026-01-15T19:27:11Z,VIP-EST,R54032022,UNITE,OK
TKT24467751822,2026-01-15T19:27:11Z,PORTE-B,R56730046,UNITE,OK
TKT66509195282,2026-01-15T19:27:11Z,PORTE-C,,GROUPE,OK
TKT65486578530,2026-01-15T19:27:12Z,PORTE-B,,GROUPE,OK
TKT30795492721,2026-01-15T19:27:12Z,PORTE-C,R51344841,UNITE,OK
TKT14620073935,2026-01-15T19:27:13Z,PORTE-C,R56439618,UNITE,OK
TKT34560933843,2026-01-15T19:27:14Z,PORTE-C,R58871054,UNITE,OK
TKT25143693983,2026-01-15T19:27:15Z,PORTE-C,R57135239,UNITE,OK
TKT70680898302,2026-01-15T19:27:15Z,PORTE-A,,VIP,OK
TKT10017375563,2026-01-15T19:27:15Z,VIP-EST,R52062396,UNITE,OK
TKT49079854416,2026-01-15T19:27:16Z,PORTE-C,R52570640,ABONNEMENT,OK
TKT34190531568,2026-01-15T19:27:16Z,PORTE-B,R53267621,ABONNEMENT,OK
TKT76169366418,2026-01-15T19:27:16Z,PORTE-A,R53342196,UNITE,OK
TKT81802310533,2026-01-15T19:27:18Z,VIP-EST,,GROUPE,OK
TKT66014372651,2026-01-15T19:27:18Z,PORTE-C,R59670262,UNITE,OK
TKT92269795020,2026-01-15T19:27:19Z,PORTE-A,R53722869,UNITE,OK
TKT57054352577,2026-01-15T19:27:20Z,PORTE-A,R52755076,UNITE,OK
TKT35519250093,2026-01-15T19:27:20Z,PORTE-A,R54594354,VIP,OK
TKT60842442937,2026-01-15T19:27:21Z,PORTE-D,R59673327,ABONNEMENT,OK
TKT91340315248,2026-01-15T19:27:21Z,PORTE-D,R57689870,UNITE,OK
TKT25815788951,2026-01-15T19:27:21Z,PORTE-A,R59446517,UNITE,OK
TKT49821259852,2026-01-15T19:27:22Z,PORTE-A,R51933522,ABONNEMENT,OK
TKT27347646349,2026-01-15T19:27:22Z,VIP-EST,R51708484,INVITATION,OK
TKT31007005633,2026-01-15T19:27:22Z,VIP-EST,R54936820,UNITE,REFUSE_INVALIDE
TKT26287611468,2026-01-15T19:27:23Z,VIP-EST,R59102222,UNITE,OK
TKT22743368997,2026-01-15T19:27:23Z,VIP-EST,R51189340,UNITE,OK
TKT53083308183,2026-01-15T19:27:23Z,PORTE-C,,UNITE,OK
TKT46821320355,2026-01-15T19:27:23Z,PORTE-A,R58622578,UNITE,OK
TKT87228362339,2026-01-15T19:27:23Z,PORTE-C,,UNITE,OK
TKT25125249203,2026-01-15T19:27:23Z,PORTE-C,,UNITE,OK
TKT21302326642,2026-01-15T19:27:23Z,PORTE-A,R52911257,UNITE,OK
TKT29903151422,2026-01-15T19:27:24Z,PORTE-D,R57718470,ABONNEMENT,OK
TKT94718037624,2026-01-15T19:27:24Z,PORTE-B,,UNITE,OK
TKT58396842349,2026-01-15T19:27:25Z,VIP-EST,R55722207,UNITE,OK
TKT82436085671,2026-01-15T19:27:25Z,VIP-EST,,GROUPE,OK
TKT68328543004,2026-01-15T19:27:25Z,PORTE-A,R51111010,UNITE,OK
TKT36570297548,2026-01-15T19:27:26Z,PORTE-C,,GROUPE,OK
TKT54058543845,2026-01-15T19:27:26Z,PORTE-A,,UNITE,OK
TKT30631992820,2026-01-15T19:27:26Z,VIP-EST,R56401277,UNITE,OK
TKT54753081260,2026-01-15T19:27:26Z,PORTE-A,R57164318,UNITE,OK
TKT78293466493,2026-01-15T19:27:26Z,PORTE-A,R55840861,UNITE,OK
TKT49980259356,2026-01-15T19:27:27Z,PORTE-D,R51199081,UNITE,OK
TKT84944811282,2026-01-15T19:27:27Z,PORTE-C,R52938229,UNITE,OK
TKT57131162309,2026-01-15T19:27:27Z,PORTE-D,R53054163,UNITE,OK
TKT56325836610,2026-01-15T19:27:27Z,PORTE-C,R56802581,UNITE,OK
TKT31673246559,2026-01-15T19:27:27Z,PORTE-C,R52982097,UNITE,OK
TKT88928543347,2026-01-15T19:27:27Z,PORTE-B,R52319377,INVITATION,OK
TKT70999529052,2026-01-15T19:27:28Z,PORTE-C,R52994012,UNITE,OK
TKT38615160690,2026-01-15T19:27:28Z,VIP-EST,R53651215,VIP,OK
TKT58523405057,2026-01-15T19:27:29Z,PORTE-B,,GROUPE,OK
TKT29012395941,2026-01-15T19:27:29Z,PORTE-C,R56704846,UNITE,OK
TKT59623393590,2026-01-15T19:27:29Z,PORTE-C,R56549623,UNITE,OK
TKT81502579965,2026-01-15T19:27:29Z,PORTE-C,R56464205,UNITE,OK
TKT35681869694,2026-01-15T19:27:30Z,PORTE-C,R54085976,ABONNEMENT,OK
TKT92116836647,2026-01-15T19:27:30Z,PORTE-B,,INVITATION,OK
TKT44767198015,2026-01-15T19:27:30Z,PORTE-A,,INVITATION,OK
TKT93783304642,2026-01-15T19:27:31Z,PORTE-C,R53013628,ABONNEMENT,OK
TKT39236243479,2026-01-15T19:27:31Z,PORTE-C,R57407143,UNITE,OK
TKT82992118231,2026-01-15T19:27:31Z,PORTE-D,,UNITE,OK
TKT76993975478,2026-01-15T19:27:31Z,PORTE-A,R59906401,UNITE,OK
TKT75347182901,2026-01-15T19:27:31Z,PORTE-C,R53279134,UNITE,OK
TKT71376288802,2026-01-15T19:27:31Z,PORTE-D,R55196588,UNITE,OK
TKT94705586917,2026-01-15T19:27:32Z,PORTE-A,R59723727,VIP,OK
TKT15550750502,2026-01-15T19:27:32Z,PORTE-C,R54697750,UNITE,OK
TKT18317963554,2026-01-15T19:27:32Z,VIP-EST,,UNITE,OK
TKT82926271230,2026-01-15T19:27:32Z,PORTE-B,R58811459,UNITE,OK
TKT23211836241,2026-01-15T19:27:32Z,VIP-EST,R55627661,UNITE,OK
TKT76781844429,2026-01-15T19:27:32Z,PORTE-C,R54778110,UNITE,OK
TKT17091792133,2026-01-15T19:27:32Z,PORTE-C,R56986558,UNITE,OK
TKT96360768566,2026-01-15T19:27:33Z,PORTE-A,R56136796,UNITE,OK
TKT11926186842,2026-01-15T19:27:33Z,PORTE-D,R54271159,UNITE,OK
TKT42370200575,2026-01-15T19:27:33Z,PORTE-A,R51298732,UNITE,OK
TKT88171768161,2026-01-15T19:27:35Z,PORTE-B,,GROUPE,OK
TKT82608595685,2026-01-15T19:27:36Z,PORTE-A,R52696305,UNITE,OK
TKT89189051145,2026-01-15T19:27:36Z,VIP-EST,R56505889,UNITE,OK
TKT21492626185,2026-01-15T19:27:36Z,VIP-EST,R53844042,UNITE,OK
TKT11782462888,2026-01-15T19:27:37Z,PORTE-A,,UNITE,OK
TKT60414485188,2026-01-15T19:27:37Z,PORTE-A,R53434558,UNITE,OK
TKT56384595075,2026-01-15T19:27:37Z,PORTE-C,R54940555,UNITE,OK
TKT38928823615,2026-01-15T19:27:38Z,PORTE-D,R52674093,UNITE,OK
TKT91115114502,2026-01-15T19:27:38Z,PORTE-A,R59650656,UNITE,OK
TKT55682732664,2026-01-15T19:27:39Z,PMR-NORD,,UNITE,REFUSE_DEJA_SCANNE
TKT70421314374,2026-01-15T19:27:39Z,PORTE-A,R52838454,UNITE,OK
TKT46594980249,2026-01-15T19:27:40Z,VIP-EST,R59109233,UNITE,OK
TKT92095365263,2026-01-15T19:27:40Z,PMR-NORD,R53108854,UNITE,OK
TKT65238832295,2026-01-15T19:27:40Z,PORTE-C,R52984415,UNITE,OK
TKT89726552588,2026-01-15T19:27:40Z,PORTE-D,,UNITE,OK
TKT16285264434,2026-01-15T19:27:41Z,PORTE-A,R55696116,VIP,OK
TKT30832222105,2026-01-15T19:27:42Z,VIP-EST,R52653395,ABONNEMENT,OK
TKT15263979865,2026-01-15T19:27:42Z,PORTE-C,R52273191,ABONNEMENT,OK
TKT10836835999,2026-01-15T19:27:42Z,PORTE-B,,UNITE,OK
TKT39126661884,2026-01-15T19:27:42Z,PORTE-B,,INVITATION,OK
TKT74827161267,2026-01-15T19:27:42Z,VIP-EST,R54405205,UNITE,OK
TKT69759030197,2026-01-15T19:27:42Z,PORTE-C,R55484085,UNITE,OK
TKT76430416530,2026-01-15T19:27:43Z,PORTE-A,R54947777,ABONNEMENT,OK
TKT37610703446,2026-01-15T19:27:43Z,PORTE-C,,GROUPE,OK
TKT75807802273,2026-01-15T19:27:43Z,VIP-EST,,UNITE,OK
TKT96085614414,2026-01-15T19:27:43Z,PORTE-A,R51051080,VIP,OK
TKT91626080247,2026-01-15T19:27:43Z,PORTE-C,,GROUPE,OK
TKT81026827010,2026-01-15T19:27:44Z,PORTE-C,R53252832,UNITE,OK
TKT63650286569,2026-01-15T19:27:45Z,PORTE-B,R51771556,UNITE,OK
TKT32753795512,2026-01-15T19:27:45Z,PORTE-C,R57901355,UNITE,OK
TKT98468528116,2026-01-15T19:27:46Z,PORTE-C,R56085515,UNITE,OK
TKT42266430232,2026-01-15T19:27:46Z,PORTE-C,R51575875,GROUPE,OK
TKT62729343695,2026-01-15T19:27:47Z,PORTE-C,R57068154,UNITE,OK
TKT97979792991,2026-01-15T19:27:47Z,PORTE-C,R55357807,UNITE,OK
TKT78337179523,2026-01-15T19:27:47Z,PORTE-C,,UNITE,OK
TKT36436232045,2026-01-15T19:27:48Z,PORTE-C,R55344666,ABONNEMENT,OK
TKT28666351379,2026-01-15T19:27:48Z,PORTE-C,R52025616,INVITATION,REFUSE_DEJA_SCANNE
TKT75111166616,2026-01-15T19:27:48Z,PORTE-C,,UNITE,OK
TKT36263905678,2026-01-15T19:27:49Z,PORTE-A,,UNITE,OK
TKT10034194794,2026-01-15T19:27:50Z,PORTE-C,R56723437,ABONNEMENT,OK
TKT20102462897,2026-01-15T19:27:50Z,PORTE-D,R58970283,ABONNEMENT,OK
TKT57997126281,2026-01-15T19:27:50Z,PORTE-C,R58232375,UNITE,OK
TKT62736752212,2026-01-15T19:27:50Z,PORTE-A,R51065035,UNITE,OK
TKT82189270581,2026-01-15T19:27:50Z,PORTE-C,R52581396,INVITATION,OK
TKT59857177362,2026-01-15T19:27:51Z,PORTE-C,R56095045,UNITE,OK
TKT25998270337,2026-01-15T19:27:51Z,PORTE-D,,UNITE,OK
TKT78149415314,2026-01-15T19:27:51Z,VIP-EST,,GROUPE,OK
TKT86460540802,2026-01-15T19:27:51Z,PORTE-A,R53989936,VIP,REFUSE_INVALIDE
TKT65320649887,2026-01-15T19:27:52Z,PORTE-A,R58914098,VIP,OK
TKT83028092479,2026-01-15T19:27:52Z,PORTE-C,,GROUPE,OK
TKT52553444537,2026-01-15T19:27:52Z,PORTE-D,R54077183,INVITATION,OK
TKT71223392783,2026-01-15T19:27:52Z,PORTE-D,R55836694,UNITE,OK
TKT16801279440,2026-01-15T19:27:52Z,PORTE-B,,UNITE,OK
TKT27338632422,2026-01-15T19:27:53Z,PMR-NORD,R51971595,ABONNEMENT,OK
TKT58229223214,2026-01-15T19:27:53Z,PORTE-A,R58877107,UNITE,OK
TKT40509664246,2026-01-15T19:27:53Z,PORTE-C,R55600756,UNITE,OK
TKT30122073670,2026-01-15T19:27:53Z,PORTE-C,R55988795,UNITE,OK
TKT51319407643,2026-01-15T19:27:54Z,PORTE-C,R56285688,ABONNEMENT,OK
TKT19046027509,2026-01-15T19:27:54Z,PORTE-A,R58066242,UNITE,OK
TKT82809270362,2026-01-15T19:27:54Z,PORTE-D,R54147745,UNITE,OK
TKT23753615991,2026-01-15T19:27:54Z,PORTE-C,,UNITE,OK
TKT35326666115,2026-01-15T19:27:55Z,PORTE-C,R57146407,ABONNEMENT,OK
TKT52858137487,2026-01-15T19:27:55Z,PORTE-C,R56900048,UNITE,OK
TKT18254046077,2026-01-15T19:27:55Z,PORTE-A,R55010715,UNITE,OK
TKT63160937500,2026-01-15T19:27:55Z,PORTE-C,R56618547,UNITE,OK
TKT96213849876,2026-01-15T19:27:55Z,VIP-EST,,VIP,OK
TKT15233348454,2026-01-15T19:27:56Z,PORTE-D,R57894411,ABONNEMENT,OK
TKT33801473448,2026-01-15T19:27:56Z,PORTE-C,R59880387,ABONNEMENT,OK
TKT77041948224,2026-01-15T19:27:56Z,PORTE-C,R56016782,UNITE,OK
TKT89998628843,2026-01-15T19:27:56Z,PORTE-D,R53223073,UNITE,OK
TKT81027419073,2026-01-15T19:27:56Z,PORTE-C,R57631501,UNITE,OK
TKT50380904342,2026-01-15T19:27:57Z,PORTE-A,R54927960,ABONNEMENT,OK
TKT94179958643,2026-01-15T19:27:57Z,PORTE-C,R56425663,UNITE,OK
TKT43806493933,2026-01-15T19:27:58Z,PORTE-D,R52128456,UNITE,OK
TKT46906002745,2026-01-15T19:27:58Z,PORTE-C,R59168215,UNITE,OK
TKT82597384486,2026-01-15T19:27:58Z,PORTE-A,R59511639,UNITE,OK
TKT23015765198,2026-01-15T19:27:59Z,VIP-EST,R59381405,ABONNEMENT,OK
TKT81303805797,2026-01-15T19:27:59Z,PORTE-C,R52737242,UNITE,OK
TKT73350749045,2026-01-15T19:28:00Z,PORTE-C,R53529640,ABONNEMENT,OK
TKT91905362322,2026-01-15T19:28:00Z,PORTE-A,,VIP,OK
TKT90553018793,2026-01-15T19:28:00Z,PORTE-B,,UNITE,OK
TKT20200562108,2026-01-15T19:28:00Z,PORTE-C,R58670536,UNITE,OK
TKT21612577114,2026-01-15T19:28:01Z,PORTE-C,R59599087,UNITE,OK
TKT44576068659,2026-01-15T19:28:01Z,PORTE-D,R51027039,UNITE,OK
TKT11473388329,2026-01-15T19:28:02Z,PORTE-B,R58226925,ABONNEMENT,OK
TKT70237965233,2026-01-15T19:28:02Z,PORTE-D,R59617889,UNITE,OK
TKT15587240554,2026-01-15T19:28:02Z,PORTE-C,,GROUPE,OK
TKT67763200159,2026-01-15T19:28:02Z,PORTE-B,R51509738,UNITE,OK
TKT40483379274,2026-01-15T19:28:02Z,PORTE-A,R53654357,VIP,OK
TKT57473889994,2026-01-15T19:28:02Z,PORTE-A,R51405796,UNITE,OK
TKT57317883234,2026-01-15T19:28:03Z,PORTE-A,,UNITE,OK
TKT72502015933,2026-01-15T19:28:03Z,PORTE-A,,UNITE,OK
TKT80929002951,2026-01-15T19:28:03Z,PORTE-C,R51944010,UNITE,OK
TKT73764185458,2026-01-15T19:28:04Z,PORTE-C,R54293304,ABONNEMENT,OK
TKT86657730692,2026-01-15T19:28:04Z,VIP-EST,R56668535,VIP,OK
TKT44164475634,2026-01-15T19:28:04Z,PORTE-B,,UNITE,OK
TKT55290847218,2026-01-15T19:28:04Z,PORTE-D,R52108984,UNITE,OK
TKT73526194836,2026-01-15T19:28:04Z,PORTE-C,R52486381,UNITE,OK
TKT26811827143,2026-01-15T19:28:04Z,PORTE-B,,UNITE,OK
TKT13290424027,2026-01-15T19:28:05Z,PORTE-C,R57479477,UNITE,OK
TKT65594025815,2026-01-15T19:28:05Z,PORTE-A,R56526051,GROUPE,REFUSE_DEJA_SCANNE
TKT27212408809,2026-01-15T19:28:05Z,PORTE-D,R57502972,UNITE,OK
TKT57944874619,2026-01-15T19:28:06Z,PORTE-A,R53658035,UNITE,OK
TKT79411411073,2026-01-15T19:28:06Z,PORTE-A,R52323457,UNITE,OK
TKT41073060368,2026-01-15T19:28:07Z,VIP-EST,R56795570,UNITE,OK
TKT61433583470,2026-01-15T19:28:08Z,PORTE-C,R53912564,UNITE,OK
TKT13404104773,2026-01-15T19:28:08Z,PORTE-A,R52400906,UNITE,OK
TKT64019512079,2026-01-15T19:28:08Z,PORTE-A,,GROUPE,OK
TKT69057403149,2026-01-15T19:28:09Z,PORTE-C,R56967622,UNITE,OK
TKT86875301708,2026-01-15T19:28:09Z,PORTE-D,,UNITE,OK
TKT59778957871,2026-01-15T19:28:09Z,PORTE-A,R54512681,UNITE,OK
TKT25076648158,2026-01-15T19:28:09Z,PORTE-B,R56437645,UNITE,OK
TKT49584134382,2026-01-15T19:28:09Z,PORTE-C,R54746924,UNITE,OK
TKT91423179090,2026-01-15T19:28:10Z,PORTE-C,R55033530,UNITE,OK
TKT83169350830,2026-01-15T19:28:10Z,PORTE-C,,UNITE,OK
TKT54074888806,2026-01-15T19:28:10Z,PORTE-A,,GROUPE,OK
TKT30967029262,2026-01-15T19:28:10Z,PORTE-C,R57992146,UNITE,OK
TKT28648252099,2026-01-15T19:28:10Z,PORTE-C,,UNITE,OK
TKT19262596501,2026-01-15T19:28:11Z,PORTE-C,R53913780,ABONNEMENT,OK
TKT29072438127,2026-01-15T19:28:11Z,PORTE-A,R52078602,UNITE,OK
TKT64083024097,2026-01-15T19:28:11Z,PORTE-B,,GROUPE,OK
TKT94248910844,2026-01-15T19:28:11Z,PORTE-B,R55777846,UNITE,OK
TKT88074723999,2026-01-15T19:28:11Z,PORTE-A,R52301935,UNITE,OK
TKT35940185785,2026-01-15T19:28:11Z,PORTE-B,,UNITE,OK
TKT32846389672,2026-01-15T19:28:11Z,PORTE-C,R51182741,UNITE,OK
TKT39425025089,2026-01-15T19:28:12Z,PORTE-C,R57952636,ABONNEMENT,OK
TKT34989132952,2026-01-15T19:28:12Z,VIP-EST,R56556701,UNITE,REFUSE_DEJA_SCANNE
TKT48015219006,2026-01-15T19:28:12Z,PORTE-D,R59719168,UNITE,OK
TKT78605015969,2026-01-15T19:28:13Z,PORTE-B,R58736050,UNITE,REFUSE_DEJA_SCANNE
TKT82664660484,2026-01-15T19:28:13Z,PORTE-C,R53768576,UNITE,OK
TKT48226977844,2026-01-15T19:28:13Z,PORTE-C,,UNITE,OK
TKT69907758029,2026-01-15T19:28:14Z,VIP-EST,R56476532,UNITE,OK
TKT43083826911,2026-01-15T19:28:14Z,VIP-EST,,GROUPE,OK
TKT35107128683,2026-01-15T19:28:15Z,PORTE-D,,UNITE,OK
TKT43469367536,2026-01-15T19:28:15Z,PORTE-D,R58976011,INVITATION,OK
TKT23878064862,2026-01-15T19:28:15Z,VIP-EST,R52373857,INVITATION,OK
TKT39695902639,2026-01-15T19:28:15Z,PORTE-B,,UNITE,OK
TKT53056691148,2026-01-15T19:28:15Z,VIP-EST,R53689154,UNITE,OK
TKT55525770280,2026-01-15T19:28:16Z,VIP-EST,,UNITE,OK
TKT79217435065,2026-01-15T19:28:16Z,PORTE-C,R51890890,UNITE,OK
TKT11064568857,2026-01-15T19:28:16Z,PORTE-D,R54388654,UNITE,OK
TKT87351168587,2026-01-15T19:28:16Z,PORTE-A,R55585920,UNITE,OK
TKT65857299963,2026-01-15T19:28:17Z,PORTE-C,R51260247,UNITE,OK
TKT81826348952,2026-01-15T19:28:17Z,PORTE-A,R52807938,UNITE,OK
TKT60220113621,2026-01-15T19:28:18Z,PORTE-D,R58373355,ABONNEMENT,OK
TKT86695582518,2026-01-15T19:28:18Z,PORTE-C,,GROUPE,OK
TKT85007323927,2026-01-15T19:28:18Z,VIP-EST,R55971698,UNITE,OK
TKT92528205182,2026-01-15T19:28:18Z,PMR-NORD,,UNITE,OK
TKT35676841200,2026-01-15T19:28:19Z,PORTE-C,R52627371,UNITE,OK
TKT28087707699,2026-01-15T19:28:20Z,PORTE-D,R52260941,ABONNEMENT,OK
TKT16354277800,2026-01-15T19:28:20Z,PORTE-D,R52983802,UNITE,OK
TKT15638751745,2026-01-15T19:28:20Z,VIP-EST,,UNITE,OK
TKT21005357175,2026-01-15T19:28:20Z,PORTE-C,R51580568,UNITE,OK
TKT98442828803,2026-01-15T19:28:20Z,PORTE-B,R57080203,UNITE,OK
TKT68552631395,2026-01-15T19:28:20Z,PORTE-C,R56588721,UNITE,OK
TKT85151974209,2026-01-15T19:28:20Z,PORTE-C,R59689399,UNITE,OK
TKT43746407460,2026-01-15T19:28:20Z,PORTE-A,R54351884,UNITE,OK
TKT77434918569,2026-01-15T19:28:21Z,PORTE-C,,UNITE,OK
TKT73019291905,2026-01-15T19:28:21Z,PORTE-C,,UNITE,OK
TKT33096105040,2026-01-15T19:28:21Z,PORTE-D,,UNITE,OK
TKT41541690389,2026-01-15T19:28:21Z,PORTE-C,,UNITE,OK
TKT98619652659,2026-01-15T19:28:22Z,PORTE-C,R57390649,ABONNEMENT,OK
TKT50340315834,2026-01-15T19:28:22Z,VIP-EST,R53935647,VIP,OK
TKT92591417109,2026-01-15T19:28:22Z,PORTE-C,R51445775,UNITE,OK
TKT63723357279,2026-01-15T19:28:22Z,PORTE-C,R53675879,UNITE,OK
TKT11054323392,2026-01-15T19:28:22Z,VIP-EST,R59215148,VIP,OK
TKT81358228056,2026-01-15T19:28:22Z,PORTE-C,,GROUPE,OK
TKT13396405492,2026-01-15T19:28:23Z,PORTE-C,,UNITE,OK
TKT71478422621,2026-01-15T19:28:23Z,PORTE-C,,GROUPE,OK
TKT65866457563,2026-01-15T19:28:24Z,PORTE-C,R59014965,ABONNEMENT,OK
TKT30650830212,2026-01-15T19:28:24Z,PORTE-C,R59575525,UNITE,OK
TKT71328573591,2026-01-15T19:28:24Z,PORTE-D,,UNITE,OK
TKT90385563044,2026-01-15T19:28:25Z,PORTE-C,R55880897,INVITATION,OK
TKT64348312414,2026-01-15T19:28:25Z,PORTE-A,,UNITE,OK
TKT11192480415,2026-01-15T19:28:26Z,PORTE-C,R52960709,ABONNEMENT,OK
TKT36643884808,2026-01-15T19:28:26Z,PORTE-C,R58670593,UNITE,OK
TKT70993847749,2026-01-15T19:28:26Z,PORTE-C,R58473552,UNITE,OK
TKT50797808189,2026-01-15T19:28:26Z,PORTE-B,R56518427,UNITE,OK
TKT14954653002,2026-01-15T19:28:26Z,PORTE-B,,UNITE,OK
TKT43461945103,2026-01-15T19:28:27Z,PORTE-C,,GROUPE,OK
TKT92582441816,2026-01-15T19:28:27Z,PORTE-B,,INVITATION,OK
TKT56260350447,2026-01-15T19:28:28Z,PORTE-B,R54575820,INVITATION,OK
TKT18726442953,2026-01-15T19:28:28Z,PORTE-C,R58698456,UNITE,OK
TKT25234173204,2026-01-15T19:28:29Z,PORTE-C,R55824166,UNITE,OK
TKT87699029993,2026-01-15T19:28:29Z,PORTE-C,R58484854,UNITE,OK
TKT14088040677,2026-01-15T19:28:29Z,PORTE-C,,UNITE,OK
TKT26200100131,2026-01-15T19:28:29Z,PORTE-A,R58459041,UNITE,REFUSE_DEJA_SCANNE
TKT17856705999,2026-01-15T19:28:29Z,PORTE-A,,UNITE,OK
TKT15883114370,2026-01-15T19:28:29Z,VIP-EST,,UNITE,OK
TKT88131279188,2026-01-15T19:28:30Z,PORTE-A,R58922134,ABONNEMENT,OK
TKT88740172186,2026-01-15T19:28:30Z,VIP-EST,R59414651,INVITATION,OK
TKT31786496938,2026-01-15T19:28:30Z,PORTE-B,,UNITE,OK
TKT37559966649,2026-01-15T19:28:30Z,VIP-EST,R58195662,UNITE,OK
TKT42075298587,2026-01-15T19:28:31Z,PORTE-C,R54153473,ABONNEMENT,OK
TKT13119712637,2026-01-15T19:28:31Z,PORTE-D,R59625513,ABONNEMENT,OK
TKT60495823263,2026-01-15T19:28:31Z,VIP-EST,R57399231,UNITE,OK
TKT67934664451,2026-01-15T19:28:31Z,PORTE-A,R58942028,UNITE,OK
TKT31141779144,2026-01-15T19:28:31Z,PORTE-A,,UNITE,OK
TKT48770417221,2026-01-15T19:28:31Z,VIP-EST,R57909659,UNITE,OK
TKT83868240824,2026-01-15T19:28:32Z,PORTE-C,R57770776,ABONNEMENT,OK
TKT17799490228,2026-01-15T19:28:32Z,PORTE-B,R53925705,UNITE,OK
TKT49375784757,2026-01-15T19:28:32Z,PORTE-B,R54614248,UNITE,OK
TKT44151414236,2026-01-15T19:28:33Z,VIP-EST,R51232940,UNITE,OK
TKT67908260697,2026-01-15T19:28:34Z,PORTE-C,,INVITATION,OK
TKT50539941045,2026-01-15T19:28:34Z,PORTE-D,R58084977,UNITE,OK
TKT26301625194,2026-01-15T19:28:34Z,PORTE-C,R57291276,UNITE,OK
TKT55700219862,2026-01-15T19:28:34Z,PORTE-D,R54962020,UNITE,OK
TKT59295574446,2026-01-15T19:28:35Z,PORTE-C,,GROUPE,OK
TKT84508379560,2026-01-15T19:28:35Z,PORTE-D,R53657412,UNITE,OK
TKT99241768416,2026-01-15T19:28:35Z,PORTE-D,R52280212,GROUPE,OK
TKT82413726273,2026-01-15T19:28:36Z,PORTE-C,,UNITE,OK
TKT44779804698,2026-01-15T19:28:37Z,PORTE-A,R53610834,ABONNEMENT,OK
TKT76604554645,2026-01-15T19:28:37Z,VIP-EST,R51696291,VIP,OK
TKT70088459921,2026-01-15T19:28:38Z,PORTE-A,R54566501,UNITE,OK
TKT22172699803,2026-01-15T19:28:38Z,VIP-EST,,UNITE,OK
TKT99694212582,2026-01-15T19:28:39Z,PORTE-A,R53888178,ABONNEMENT,OK
TKT17835743677,2026-01-15T19:28:39Z,PORTE-A,R57630399,UNITE,OK
TKT96225309769,2026-01-15T19:28:40Z,PORTE-A,R52017580,ABONNEMENT,OK
TKT76669240718,2026-01-15T19:28:41Z,PORTE-D,R53054354,ABONNEMENT,OK
TKT84867879087,2026-01-15T19:28:41Z,PORTE-B,R59720394,UNITE,OK
TKT12117167459,2026-01-15T19:28:41Z,VIP-EST,R59172784,UNITE,OK
TKT38038007204,2026-01-15T19:28:42Z,PORTE-D,R55324906,ABONNEMENT,OK
TKT26002611041,2026-01-15T19:28:42Z,PORTE-B,R59307979,UNITE,OK
TKT23615843459,2026-01-15T19:28:42Z,PORTE-C,R52570228,UNITE,OK
TKT19643800831,2026-01-15T19:28:43Z,PORTE-A,R51246014,UNITE,OK
TKT96164236177,2026-01-15T19:28:43Z,PORTE-A,R57515845,UNITE,OK
TKT87989790754,2026-01-15T19:28:44Z,PORTE-D,R56644494,ABONNEMENT,OK
TKT79443105258,2026-01-15T19:28:44Z,PORTE-A,,UNITE,OK
TKT88509101040,2026-01-15T19:28:44Z,PORTE-B,R54654227,UNITE,OK
TKT53673075690,2026-01-15T19:28:45Z,PORTE-A,R58592742,UNITE,OK
TKT24988027677,2026-01-15T19:28:46Z,PORTE-C,R52470041,ABONNEMENT,OK
TKT12014026712,2026-01-15T19:28:46Z,PORTE-B,,UNITE,OK
TKT74866970119,2026-01-15T19:28:46Z,PORTE-A,R51394015,UNITE,OK
TKT71404977819,2026-01-15T19:28:46Z,PORTE-A,R59914715,UNITE,OK
TKT88391411940,2026-01-15T19:28:47Z,VIP-EST,R52726275,VIP,OK
TKT90762842941,2026-01-15T19:28:47Z,VIP-EST,R54640051,GROUPE,OK
TKT15288165041,2026-01-15T19:28:47Z,VIP-EST,R56855500,UNITE,OK
TKT52059021082,2026-01-15T19:28:48Z,PORTE-D,R53666952,ABONNEMENT,OK
TKT24488153909,2026-01-15T19:28:48Z,PORTE-A,R59778284,UNITE,OK
TKT26257988065,2026-01-15T19:28:48Z,PORTE-C,R59146971,UNITE,OK
TKT60764630378,2026-01-15T19:28:49Z,PORTE-A,,UNITE,OK
TKT69812790145,2026-01-15T19:28:49Z,PORTE-C,,UNITE,OK
TKT14420226296,2026-01-15T19:28:50Z,PORTE-C,R57024142,UNITE,OK
TKT25483758563,2026-01-15T19:28:50Z,PORTE-A,,UNITE,OK
TKT30930827857,2026-01-15T19:28:50Z,PORTE-B,R52668586,UNITE,OK
TKT11043201886,2026-01-15T19:28:50Z,PORTE-D,R54689225,UNITE,OK
TKT21190627374,2026-01-15T19:28:51Z,PORTE-C,R51790214,ABONNEMENT,OK
TKT53152039831,2026-01-15T19:28:51Z,PORTE-C,R55325328,UNITE,OK
TKT25039121739,2026-01-15T19:28:51Z,PORTE-A,R58235239,UNITE,OK
TKT39076471076,2026-01-15T19:28:51Z,VIP-EST,R58308866,VIP,OK
TKT62400452543,2026-01-15T19:28:52Z,PORTE-A,,VIP,OK
TKT16811814371,2026-01-15T19:28:52Z,PORTE-A,R57876011,UNITE,OK
TKT17244384497,2026-01-15T19:28:52Z,PORTE-A,R51276999,UNITE,OK
TKT60673272596,2026-01-15T19:28:53Z,VIP-EST,R53042650,ABONNEMENT,OK
TKT92343066665,2026-01-15T19:28:53Z,PORTE-D,R57411568,ABONNEMENT,OK
TKT90634625571,2026-01-15T19:28:53Z,PORTE-B,R57700971,ABONNEMENT,OK
TKT96815769078,2026-01-15T19:28:53Z,PORTE-C,R53454988,ABONNEMENT,OK
TKT96913744780,2026-01-15T19:28:53Z,PORTE-C,R59312682,UNITE,OK
TKT39864583682,2026-01-15T19:28:53Z,VIP-EST,R57797078,UNITE,OK
TKT53877388106,2026-01-15T19:28:54Z,PORTE-C,R56815665,ABONNEMENT,OK
TKT99851931020,2026-01-15T19:28:56Z,PORTE-C,R56502623,UNITE,OK
TKT74270679141,2026-01-15T19:28:56Z,PORTE-A,R57955299,INVITATION,OK
TKT71551931372,2026-01-15T19:28:57Z,PORTE-A,R51163058,UNITE,OK
TKT41827332722,2026-01-15T19:28:58Z,VIP-EST,R51994966,ABONNEMENT,OK
TKT45031451859,2026-01-15T19:28:58Z,PORTE-C,R52375428,UNITE,OK
TKT60504865607,2026-01-15T19:28:59Z,VIP-EST,R58323846,ABONNEMENT,OK
TKT97639636807,2026-01-15T19:28:59Z,PORTE-D,R55787041,UNITE,OK
TKT71437396317,2026-01-15T19:28:59Z,PORTE-C,,UNITE,OK
TKT46467359968,2026-01-15T19:29:00Z,PORTE-A,R56492949,UNITE,OK
TKT28209728183,2026-01-15T19:29:00Z,PORTE-C,R53970655,UNITE,OK
TKT58116120142,2026-01-15T19:29:01Z,PORTE-A,,VIP,OK
TKT44020228638,2026-01-15T19:29:01Z,VIP-EST,R57231882,VIP,OK
TKT35678411395,2026-01-15T19:29:01Z,PORTE-C,R58224674,UNITE,OK
TKT79905668421,2026-01-15T19:29:02Z,PORTE-B,R58333319,UNITE,OK
TKT51497626401,2026-01-15T19:29:02Z,PORTE-B,R51394293,UNITE,OK
TKT15018778741,2026-01-15T19:29:02Z,PORTE-C,R55716010,UNITE,OK
TKT98597523586,2026-01-15T19:29:02Z,PORTE-D,R54250930,UNITE,OK
TKT78717733741,2026-01-15T19:29:02Z,VIP-EST,R55116975,VIP,OK
TKT75794355731,2026-01-15T19:29:02Z,VIP-EST,R54562143,INVITATION,OK
TKT69236070788,2026-01-15T19:29:02Z,PORTE-A,R55252371,UNITE,OK
TKT82777366458,2026-01-15T19:29:03Z,PORTE-A,R58664329,UNITE,OK
TKT50506521943,2026-01-15T19:29:03Z,PORTE-A,R54603961,UNITE,OK
TKT40332415248,2026-01-15T19:29:03Z,PORTE-C,R53695629,UNITE,OK
TKT46143068328,2026-01-15T19:29:03Z,VIP-EST,R52697531,UNITE,OK
TKT47289089106,2026-01-15T19:29:04Z,PORTE-A,,UNITE,OK
TKT43079279696,2026-01-15T19:29:04Z,PORTE-D,R56714242,UNITE,OK
TKT50330099648,2026-01-15T19:29:04Z,VIP-EST,R58791086,UNITE,OK
TKT76894318655,2026-01-15T19:29:04Z,PORTE-C,R53057084,UNITE,OK
TKT74555868986,2026-01-15T19:29:05Z,PORTE-B,R56688774,ABONNEMENT,OK
TKT17134577177,2026-01-15T19:29:05Z,PORTE-B,R57075567,ABONNEMENT,OK
TKT40532513172,2026-01-15T19:29:05Z,PORTE-C,R59251660,UNITE,OK
TKT16158326889,2026-01-15T19:29:05Z,VIP-EST,R53787301,VIP,OK
TKT13026192371,2026-01-15T19:29:06Z,PORTE-C,R52192898,UNITE,OK
TKT26560394799,2026-01-15T19:29:06Z,PORTE-D,R58104938,UNITE,OK
TKT31139389590,2026-01-15T19:29:07Z,PORTE-A,R58601870,UNITE,OK
TKT74034157213,2026-01-15T19:29:07Z,PORTE-A,R52752289,UNITE,OK
TKT46368699533,2026-01-15T19:29:08Z,VIP-EST,R57965586,ABONNEMENT,OK
TKT60784288919,2026-01-15T19:29:08Z,PORTE-C,R56081214,ABONNEMENT,OK
TKT78602414737,2026-01-15T19:29:08Z,PORTE-D,,UNITE,OK
TKT14336819093,2026-01-15T19:29:08Z,VIP-EST,,VIP,OK
TKT63164707742,2026-01-15T19:29:09Z,PORTE-D,R59567010,ABONNEMENT,REFUSE_DEJA_SCANNE
TKT81582043135,2026-01-15T19:29:09Z,VIP-EST,,UNITE,OK
TKT33798511928,2026-01-15T19:29:09Z,PORTE-B,R52335995,UNITE,OK
TKT79084940668,2026-01-15T19:29:09Z,PORTE-C,R53696510,UNITE,OK
TKT32659311440,2026-01-15T19:29:09Z,VIP-EST,R56660298,UNITE,OK
TKT61898990358,2026-01-15T19:29:10Z,PORTE-B,,INVITATION,OK
TKT87715841343,2026-01-15T19:29:11Z,PORTE-A,R51514709,ABONNEMENT,OK
TKT54751044431,2026-01-15T19:29:11Z,PORTE-C,R52259025,UNITE,OK
TKT11859011794,2026-01-15T19:29:11Z,PORTE-B,R56731473,UNITE,OK
TKT99774943336,2026-01-15T19:29:12Z,PORTE-B,R51626007,ABONNEMENT,OK
TKT58146272273,2026-01-15T19:29:12Z,PORTE-A,,VIP,OK
TKT60171274279,2026-01-15T19:29:13Z,PORTE-D,R55805910,ABONNEMENT,OK
TKT24525622166,2026-01-15T19:29:13Z,PORTE-C,,UNITE,OK
TKT76130405453,2026-01-15T19:29:13Z,PORTE-A,R58974517,UNITE,OK
TKT24231850251,2026-01-15T19:29:13Z,VIP-EST,R54029446,UNITE,OK
TKT69692549880,2026-01-15T19:29:14Z,PORTE-B,,UNITE,OK
TKT32405146761,2026-01-15T19:29:14Z,PORTE-C,R53670295,UNITE,OK
TKT72708731290,2026-01-15T19:29:14Z,PORTE-C,,UNITE,OK
TKT37851581933,2026-01-15T19:29:14Z,PORTE-A,,VIP,OK
TKT34595846050,2026-01-15T19:29:15Z,PORTE-C,R55856320,UNITE,OK
TKT52570925701,2026-01-15T19:29:15Z,PORTE-C,,UNITE,OK
TKT93733261483,2026-01-15T19:29:15Z,VIP-EST,R56130877,UNITE,OK
TKT80861128615,2026-01-15T19:29:15Z,PORTE-C,R52582009,UNITE,OK
TKT76011462984,2026-01-15T19:29:16Z,PORTE-C,R53348058,ABONNEMENT,OK
TKT13798841526,2026-01-15T19:29:16Z,PORTE-D,,GROUPE,OK
TKT66908245385,2026-01-15T19:29:16Z,PORTE-B,,UNITE,OK
TKT98704188893,2026-01-15T19:29:16Z,PORTE-B,R55002267,UNITE,OK
TKT41503370214,2026-01-15T19:29:16Z,PORTE-D,R53640315,UNITE,OK
TKT72861216375,2026-01-15T19:29:16Z,PORTE-C,R56875662,UNITE,OK
TKT43172071932,2026-01-15T19:29:18Z,PORTE-D,R54049129,ABONNEMENT,OK
TKT74328870813,2026-01-15T19:29:18Z,PORTE-B,,UNITE,OK
TKT89354871039,2026-01-15T19:29:18Z,PORTE-B,,UNITE,OK
TKT37318519358,2026-01-15T19:29:18Z,PORTE-C,,INVITATION,OK
TKT31798103442,2026-01-15T19:29:18Z,PORTE-A,R56909722,UNITE,OK
TKT88195574923,2026-01-15T19:29:19Z,PORTE-D,R55929257,ABONNEMENT,OK
TKT38849584447,2026-01-15T19:29:19Z,VIP-EST,R58168144,UNITE,OK
TKT43489134587,2026-01-15T19:29:19Z,VIP-EST,R53390623,UNITE,OK
TKT25096014269,2026-01-15T19:29:19Z,PORTE-C,,UNITE,OK
TKT31702822727,2026-01-15T19:29:20Z,PORTE-C,R51958186,ABONNEMENT,OK
TKT58458115587,2026-01-15T19:29:20Z,PORTE-C,R55825727,ABONNEMENT,OK
TKT56736153681,2026-01-15T19:29:20Z,PORTE-C,R52107959,UNITE,OK
TKT15119375874,2026-01-15T19:29:21Z,PORTE-D,R59352182,ABONNEMENT,OK
TKT91055635387,2026-01-15T19:29:21Z,VIP-EST,R54046667,VIP,OK
TKT26232204805,2026-01-15T19:29:21Z,VIP-EST,R53375509,UNITE,OK
TKT54820629870,2026-01-15T19:29:21Z,PORTE-D,R58683265,UNITE,OK
TKT56046316599,2026-01-15T19:29:22Z,PORTE-A,R55947657,ABONNEMENT,OK
TKT32008997054,2026-01-15T19:29:22Z,PORTE-B,,UNITE,OK
TKT94082190622,2026-01-15T19:29:22Z,VIP-EST,R52549319,UNITE,OK
TKT30287105763,2026-01-15T19:29:22Z,PORTE-C,R54107354,UNITE,OK
TKT44055837246,2026-01-15T19:29:23Z,VIP-EST,,UNITE,OK
TKT33501637229,2026-01-15T19:29:23Z,PORTE-C,R58706090,UNITE,OK
TKT12116221502,2026-01-15T19:29:23Z,PORTE-C,R52690098,UNITE,OK
TKT12250225285,2026-01-15T19:29:23Z,VIP-EST,R59086083,UNITE,OK
TKT74808056752,2026-01-15T19:29:23Z,PORTE-A,R57875408,UNITE,OK
TKT81759963221,2026-01-15T19:29:24Z,PORTE-D,R54597697,ABONNEMENT,REFUSE_DEJA_SCANNE
TKT20043422728,2026-01-15T19:29:24Z,PORTE-B,R55313058,ABONNEMENT,OK
TKT35207187516,2026-01-15T19:29:24Z,PORTE-D,R51455861,INVITATION,OK
TKT22185692506,2026-01-15T19:29:25Z,PORTE-A,,UNITE,OK
TKT62107101648,2026-01-15T19:29:25Z,VIP-EST,,VIP,OK
TKT72495845080,2026-01-15T19:29:25Z,PORTE-C,R57986974,UNITE,OK
TKT54379628916,2026-01-15T19:29:26Z,PORTE-D,R57349310,ABONNEMENT,OK
TKT39543205790,2026-01-15T19:29:27Z,PORTE-D,R51313578,UNITE,OK
TKT76605314309,2026-01-15T19:29:27Z,PORTE-D,R52998581,UNITE,REFUSE_DEJA_SCANNE
TKT73992907553,2026-01-15T19:29:27Z,PORTE-C,,GROUPE,OK
TKT98832175970,2026-01-15T19:29:28Z,PORTE-A,,UNITE,OK
TKT22548007676,2026-01-15T19:29:28Z,PORTE-B,,UNITE,OK
TKT95877548203,2026-01-15T19:29:28Z,PORTE-C,R59016948,UNITE,OK
TKT36094486919,2026-01-15T19:29:29Z,PORTE-D,R58358586,ABONNEMENT,OK
TKT70763251446,2026-01-15T19:29:29Z,PORTE-C,R55696260,UNITE,OK
TKT45238811152,2026-01-15T19:29:29Z,PORTE-C,R58834820,UNITE,OK
TKT14275732165,2026-01-15T19:29:29Z,PORTE-C,R54978772,UNITE,OK
TKT95720403498,2026-01-15T19:29:29Z,PORTE-B,,GROUPE,OK
TKT21423740625,2026-01-15T19:29:30Z,PORTE-C,R59281074,INVITATION,OK
TKT77564243566,2026-01-15T19:29:30Z,VIP-EST,R54789556,UNITE,OK
TKT51694063261,2026-01-15T19:29:31Z,PORTE-D,R52279532,UNITE,OK
TKT41214611983,2026-01-15T19:29:31Z,PORTE-C,R55350049,UNITE,OK
TKT82926271230,2026-01-15T19:29:32Z,PORTE-B,R58811459,UNITE,REFUSE_DEJA_SCANNE
TKT29859195385,2026-01-15T19:29:32Z,VIP-EST,R56235824,UNITE,OK
TKT67236739230,2026-01-15T19:29:33Z,PORTE-D,R55767291,ABONNEMENT,OK
TKT35889180939,2026-01-15T19:29:33Z,PORTE-D,R59542078,UNITE,OK
TKT50672493302,2026-01-15T19:29:33Z,PORTE-D,R58292372,UNITE,OK
TKT83181594897,2026-01-15T19:29:34Z,PORTE-D,R52940336,UNITE,OK
TKT60530301210,2026-01-15T19:29:35Z,PORTE-C,R52843415,UNITE,OK
TKT58300976081,2026-01-15T19:29:35Z,VIP-EST,,GROUPE,OK
TKT52018722402,2026-01-15T19:29:35Z,VIP-EST,R56098043,UNITE,OK
TKT14895890227,2026-01-15T19:29:35Z,PORTE-D,R52992384,UNITE,OK
TKT31888874403,2026-01-15T19:29:36Z,PORTE-C,R55146600,UNITE,OK
TKT31918381268,2026-01-15T19:29:36Z,VIP-EST,R56461619,UNITE,OK
TKT80251384780,2026-01-15T19:29:36Z,PORTE-A,R53624253,UNITE,OK
TKT63077287178,2026-01-15T19:29:36Z,PORTE-C,,GROUPE,OK
TKT48900152610,2026-01-15T19:29:36Z,PORTE-C,R57393714,UNITE,OK
TKT63889878523,2026-01-15T19:29:36Z,PORTE-D,,GROUPE,OK
TKT17291517130,2026-01-15T19:29:37Z,PORTE-C,,UNITE,OK
TKT16910743898,2026-01-15T19:29:37Z,PORTE-B,R58985685,UNITE,OK
TKT61443714474,2026-01-15T19:29:38Z,VIP-EST,R53786688,ABONNEMENT,OK
TKT67488469715,2026-01-15T19:29:38Z,PORTE-B,,UNITE,OK
TKT99024792901,2026-01-15T19:29:38Z,PORTE-C,,UNITE,OK
TKT77140040793,2026-01-15T19:29:40Z,PORTE-C,R59984185,ABONNEMENT,OK
TKT75338481861,2026-01-15T19:29:40Z,VIP-EST,R59414105,UNITE,OK
TKT24283494941,2026-01-15T19:29:40Z,PORTE-A,R56237740,UNITE,OK
TKT34421152915,2026-01-15T19:29:40Z,VIP-EST,R51528597,UNITE,OK
TKT31561962454,2026-01-15T19:29:41Z,VIP-EST,R59056448,UNITE,OK
TKT98735113562,2026-01-15T19:29:41Z,PORTE-C,,GROUPE,OK
TKT40103363206,2026-01-15T19:29:41Z,PORTE-C,R52870330,UNITE,OK
TKT82317573221,2026-01-15T19:29:41Z,PORTE-B,,UNITE,OK
TKT99042687314,2026-01-15T19:29:41Z,PORTE-C,R54601710,UNITE,OK
TKT60910953555,2026-01-15T19:29:42Z,PORTE-B,R53031884,ABONNEMENT,OK
TKT81543648005,2026-01-15T19:29:42Z,VIP-EST,R59540996,INVITATION,OK
TKT87205103324,2026-01-15T19:29:42Z,PORTE-A,R53915351,UNITE,OK
TKT32136072917,2026-01-15T19:29:42Z,PORTE-A,,UNITE,OK
TKT11248621460,2026-01-15T19:29:42Z,PORTE-B,R59045414,UNITE,OK
TKT29542756603,2026-01-15T19:29:42Z,PORTE-B,R59235712,UNITE,OK
TKT38244128324,2026-01-15T19:29:43Z,PORTE-A,R59800084,ABONNEMENT,OK
TKT84817152816,2026-01-15T19:29:43Z,VIP-EST,R51248466,GROUPE,OK
TKT73454703521,2026-01-15T19:29:43Z,PORTE-A,,VIP,OK
TKT77743393244,2026-01-15T19:29:43Z,PORTE-C,,UNITE,OK
TKT92835048913,2026-01-15T19:29:44Z,PORTE-A,R52435914,ABONNEMENT,REFUSE_DEJA_SCANNE
TKT13196887802,2026-01-15T19:29:44Z,PORTE-D,R59679390,ABONNEMENT,OK
TKT21714501516,2026-01-15T19:29:44Z,PORTE-D,R53284028,UNITE,OK
TKT58379750379,2026-01-15T19:29:44Z,PORTE-C,R54144201,UNITE,OK
TKT34142471988,2026-01-15T19:29:44Z,PORTE-C,R59301236,UNITE,OK
TKT75417440729,2026-01-15T19:29:45Z,PORTE-B,R52204535,UNITE,OK
TKT93717206226,2026-01-15T19:29:45Z,PORTE-C,R51103721,UNITE,OK
TKT55985704287,2026-01-15T19:29:46Z,VIP-EST,R51703513,UNITE,OK
TKT17986034376,2026-01-15T19:29:46Z,PORTE-C,R51762763,UNITE,OK
TKT78839659883,2026-01-15T19:29:47Z,PORTE-B,R52255012,UNITE,OK
TKT81407220739,2026-01-15T19:29:47Z,VIP-EST,,VIP,OK
TKT61586785610,2026-01-15T19:29:47Z,PORTE-A,R57891336,UNITE,OK
TKT48565218716,2026-01-15T19:29:48Z,PORTE-C,R58312199,UNITE,OK
TKT70792228288,2026-01-15T19:29:48Z,PORTE-C,R57736247,UNITE,OK
TKT13980105514,2026-01-15T19:29:48Z,PORTE-C,R56765188,INVITATION,OK
TKT25580870209,2026-01-15T19:29:49Z,PORTE-C,R57322539,ABONNEMENT,OK
TKT43400661140,2026-01-15T19:29:49Z,PORTE-C,R51898169,UNITE,OK
TKT44660558207,2026-01-15T19:29:49Z,VIP-EST,,GROUPE,OK
TKT24355172691,2026-01-15T19:29:49Z,PORTE-B,R57819146,UNITE,OK
TKT24500625761,2026-01-15T19:29:49Z,PORTE-B,,UNITE,OK
TKT23275486112,2026-01-15T19:29:49Z,PORTE-A,R58510476,UNITE,OK
TKT50132314681,2026-01-15T19:29:49Z,VIP-EST,R55434231,UNITE,OK
TKT80663951421,2026-01-15T19:29:50Z,PORTE-D,R57981035,UNITE,OK
TKT76867365308,2026-01-15T19:29:50Z,PORTE-A,R57769962,INVITATION,OK
TKT73092910569,2026-01-15T19:29:50Z,PORTE-A,,UNITE,OK
TKT67769883448,2026-01-15T19:29:51Z,PORTE-B,R56920411,ABONNEMENT,OK
TKT59700750140,2026-01-15T19:29:51Z,PORTE-C,,GROUPE,OK
TKT59543434728,2026-01-15T19:29:51Z,PORTE-C,R58254979,UNITE,OK
TKT34553676250,2026-01-15T19:29:51Z,PORTE-D,R55466318,UNITE,OK
TKT52325992203,2026-01-15T19:29:51Z,PORTE-D,R53506614,UNITE,OK
TKT87860423423,2026-01-15T19:29:51Z,PORTE-B,R58883716,UNITE,OK
TKT10276803560,2026-01-15T19:29:51Z,PORTE-C,R57885407,UNITE,OK
TKT65970854855,2026-01-15T19:29:51Z,PORTE-A,R53690658,UNITE,OK
TKT78248518957,2026-01-15T19:29:52Z,PORTE-C,R54090123,ABONNEMENT,OK
TKT58659188389,2026-01-15T19:29:52Z,PORTE-B,R58247489,UNITE,OK
TKT48239719993,2026-01-15T19:29:52Z,PORTE-C,R54507653,UNITE,OK
TKT78951231934,2026-01-15T19:29:53Z,PORTE-A,R58077966,UNITE,OK
TKT85473197469,2026-01-15T19:29:53Z,VIP-EST,R58784554,UNITE,OK
TKT40019360209,2026-01-15T19:29:53Z,PORTE-D,R55959227,UNITE,OK
TKT58171259437,2026-01-15T19:29:54Z,PORTE-B,R58811037,GROUPE,OK
TKT28167328750,2026-01-15T19:29:54Z,PORTE-C,R57507675,UNITE,OK
TKT22908654786,2026-01-15T19:29:54Z,PORTE-A,R59440598,UNITE,OK
TKT88005170510,2026-01-15T19:29:55Z,PORTE-A,R58327390,ABONNEMENT,OK
TKT99825067279,2026-01-15T19:29:55Z,PORTE-C,R58286587,ABONNEMENT,OK
TKT35856209376,2026-01-15T19:29:55Z,PORTE-D,,UNITE,OK
TKT91841755814,2026-01-15T19:29:56Z,PORTE-C,R59564146,ABONNEMENT,OK
TKT76646927489,2026-01-15T19:29:56Z,PORTE-D,R55167365,ABONNEMENT,OK
TKT87260224469,2026-01-15T19:29:56Z,PORTE-D,,UNITE,OK
TKT36228417266,2026-01-15T19:29:56Z,VIP-EST,R56077479,VIP,OK
TKT57245850204,2026-01-15T19:29:56Z,PORTE-C,R57772826,INVITATION,OK
TKT88805823209,2026-01-15T19:29:56Z,PORTE-D,R55142242,UNITE,OK
TKT65773111870,2026-01-15T19:29:57Z,PORTE-C,,UNITE,OK
TKT73092896400,2026-01-15T19:29:57Z,VIP-EST,R57245301,INVITATION,OK
TKT49987997934,2026-01-15T19:29:57Z,PORTE-C,R58769976,UNITE,OK
TKT57909993633,2026-01-15T19:29:57Z,PORTE-A,,UNITE,OK
TKT56839046125,2026-01-15T19:29:57Z,PORTE-A,R56056081,UNITE,OK
TKT98242678934,2026-01-15T19:29:58Z,PORTE-C,R57026192,INVITATION,OK
TKT22796509751,2026-01-15T19:29:59Z,PORTE-A,R58808250,UNITE,OK
TKT10272484141,2026-01-15T19:29:59Z,PORTE-A,,UNITE,OK
TKT47393002686,2026-01-15T19:29:59Z,PORTE-B,R57864910,UNITE,OK
TKT61300434392,2026-01-15T19:29:59Z,VIP-EST,R56722278,INVITATION,OK
TKT50051725533,2026-01-15T19:30:00Z,PORTE-A,R53983394,UNITE,OK
TKT74511488420,2026-01-15T19:30:00Z,VIP-EST,R55810278,UNITE,OK
TKT65315800521,2026-01-15T19:30:00Z,VIP-EST,,GROUPE,OK
TKT31146802257,2026-01-15T19:30:01Z,PORTE-A,R52539846,UNITE,OK
TKT85883184518,2026-01-15T19:30:01Z,PORTE-D,R54918353,UNITE,OK
TKT79713763463,2026-01-15T19:30:01Z,PORTE-A,R52901104,UNITE,OK
TKT32088419620,2026-01-15T19:30:02Z,PORTE-A,R52330947,UNITE,OK
TKT71104947717,2026-01-15T19:30:03Z,PORTE-D,R58006245,UNITE,OK
TKT91853320478,2026-01-15T19:30:04Z,PORTE-C,,UNITE,OK
TKT27951817445,2026-01-15T19:30:05Z,PORTE-A,R56256053,ABONNEMENT,OK
TKT57758531200,2026-01-15T19:30:05Z,PORTE-D,R51416351,UNITE,OK
TKT57512084366,2026-01-15T19:30:05Z,PORTE-C,R58758262,INVITATION,OK
TKT85262452103,2026-01-15T19:30:05Z,VIP-EST,R52258891,UNITE,OK
TKT11568181109,2026-01-15T19:30:05Z,PORTE-C,R57485396,INVITATION,OK
TKT26975897791,2026-01-15T19:30:06Z,PORTE-C,R56811920,ABONNEMENT,OK
TKT16776708003,2026-01-15T19:30:06Z,PORTE-B,,GROUPE,OK
TKT59233521625,2026-01-15T19:30:06Z,PORTE-D,R53899001,UNITE,OK
TKT78819468358,2026-01-15T19:30:06Z,VIP-EST,R57385688,UNITE,OK
TKT89077988244,2026-01-15T19:30:06Z,PORTE-C,R54191134,UNITE,OK
TKT53550268909,2026-01-15T19:30:07Z,PORTE-C,R52478345,ABONNEMENT,OK
TKT27989630797,2026-01-15T19:30:07Z,PORTE-C,R59854775,ABONNEMENT,OK
TKT99756357258,2026-01-15T19:30:08Z,PORTE-A,R56676504,UNITE,OK
TKT32430299674,2026-01-15T19:30:08Z,PORTE-B,,UNITE,OK
TKT23462395405,2026-01-15T19:30:08Z,PORTE-C,,UNITE,OK
TKT99053466347,2026-01-15T19:30:09Z,VIP-EST,R59578379,UNITE,OK
TKT19685965549,2026-01-15T19:30:09Z,PORTE-A,R58300207,VIP,OK
TKT46596065545,2026-01-15T19:30:09Z,PORTE-B,R51088885,UNITE,OK
TKT56110242775,2026-01-15T19:30:10Z,PORTE-C,R57027830,ABONNEMENT,OK
TKT41200367159,2026-01-15T19:30:10Z,PORTE-C,R54992804,UNITE,OK
TKT89279247824,2026-01-15T19:30:10Z,PORTE-A,R59111417,UNITE,OK
TKT14695541803,2026-01-15T19:30:10Z,PORTE-B,,UNITE,OK
TKT95595157120,2026-01-15T19:30:12Z,PORTE-B,R58303473,ABONNEMENT,OK
TKT16202605958,2026-01-15T19:30:12Z,PORTE-A,,INVITATION,OK
TKT25187206206,2026-01-15T19:30:13Z,VIP-EST,R53963165,ABONNEMENT,OK
TKT45041463833,2026-01-15T19:30:13Z,PORTE-C,,UNITE,OK
TKT15385409562,2026-01-15T19:30:13Z,PORTE-C,,UNITE,OK
TKT10014179726,2026-01-15T19:30:14Z,PORTE-D,R58497737,UNITE,OK
TKT13679550042,2026-01-15T19:30:14Z,VIP-EST,R53418898,UNITE,OK
TKT32658325369,2026-01-15T19:30:14Z,PORTE-C,R58721338,UNITE,OK
TKT26398662380,2026-01-15T19:30:15Z,PORTE-B,R58021637,UNITE,OK
TKT91006902169,2026-01-15T19:30:15Z,PORTE-D,,UNITE,OK
TKT72242429619,2026-01-15T19:30:15Z,PORTE-A,R52415953,UNITE,OK
TKT65637367483,2026-01-15T19:30:15Z,PORTE-B,,GROUPE,OK
TKT69743559289,2026-01-15T19:30:16Z,VIP-EST,R57054591,VIP,OK
TKT17178732560,2026-01-15T19:30:16Z,PORTE-A,,UNITE,OK
TKT48883461930,2026-01-15T19:30:16Z,PORTE-C,R55003359,UNITE,OK
TKT12881658617,2026-01-15T19:30:16Z,PORTE-A,,INVITATION,OK
TKT30658853528,2026-01-15T19:30:16Z,PORTE-A,R55041777,UNITE,OK
TKT95853380864,2026-01-15T19:30:17Z,PORTE-A,R58124487,UNITE,OK
TKT77581948472,2026-01-15T19:30:17Z,PORTE-C,,UNITE,OK
TKT44632858161,2026-01-15T19:30:18Z,PORTE-C,R52486582,UNITE,OK
TKT43229341372,2026-01-15T19:30:18Z,PORTE-D,R58543233,UNITE,OK
TKT72105695685,2026-01-15T19:30:19Z,PORTE-A,R52194794,ABONNEMENT,OK
TKT24671175027,2026-01-15T19:30:19Z,PORTE-B,,GROUPE,OK
TKT98656436841,2026-01-15T19:30:19Z,PORTE-C,R51670823,UNITE,OK
TKT48931195196,2026-01-15T19:30:20Z,VIP-EST,R56755792,ABONNEMENT,OK
TKT43110467462,2026-01-15T19:30:20Z,VIP-EST,R51188382,UNITE,OK
TKT75235079204,2026-01-15T19:30:20Z,PMR-NORD,R59982969,UNITE,OK
TKT27848008229,2026-01-15T19:30:21Z,PORTE-C,R56788214,UNITE,OK
TKT48811406016,2026-01-15T19:30:21Z,PORTE-C,R53336267,INVITATION,OK
TKT81263798629,2026-01-15T19:30:21Z,PORTE-A,,GROUPE,OK
TKT74782774526,2026-01-15T19:30:21Z,PORTE-A,R53265772,UNITE,OK
TKT28027197235,2026-01-15T19:30:22Z,PORTE-B,R57232907,ABONNEMENT,OK
TKT71779728821,2026-01-15T19:30:22Z,PORTE-C,,GROUPE,OK
TKT41901393186,2026-01-15T19:30:22Z,PORTE-A,R52231517,UNITE,OK
TKT55178196974,2026-01-15T19:30:24Z,PORTE-A,R59075796,UNITE,OK
TKT49208463043,2026-01-15T19:30:24Z,PORTE-C,,UNITE,OK
TKT43901153577,2026-01-15T19:30:24Z,PORTE-C,,UNITE,OK
TKT49155401585,2026-01-15T19:30:24Z,PORTE-C,R59745460,UNITE,OK
TKT65740040431,2026-01-15T19:30:24Z,PORTE-B,R59391558,UNITE,OK
TKT36446055315,2026-01-15T19:30:24Z,PORTE-C,R56665001,UNITE,OK
TKT78032529028,2026-01-15T19:30:25Z,PORTE-A,R57606770,UNITE,OK
TKT36418390789,2026-01-15T19:30:25Z,PORTE-C,R58950188,UNITE,OK
TKT20756597730,2026-01-15T19:30:25Z,PORTE-C,,GROUPE,OK
TKT70570207495,2026-01-15T19:30:25Z,VIP-EST,R55614865,UNITE,OK
TKT40350276175,2026-01-15T19:30:26Z,PORTE-A,R53081872,ABONNEMENT,OK
TKT45782501009,2026-01-15T19:30:26Z,PORTE-D,,UNITE,OK
TKT43664600426,2026-01-15T19:30:26Z,VIP-EST,R53463034,UNITE,OK
TKT82252613643,2026-01-15T19:30:26Z,PORTE-D,R56743053,UNITE,OK
TKT44140752354,2026-01-15T19:30:27Z,PORTE-A,R58503311,UNITE,OK
TKT16093367639,2026-01-15T19:30:28Z,PORTE-B,R56019780,ABONNEMENT,OK
TKT84466986637,2026-01-15T19:30:28Z,PORTE-A,R58081711,UNITE,OK
TKT88458240272,2026-01-15T19:30:28Z,PORTE-A,R57453865,UNITE,OK
TKT23386292004,2026-01-15T19:30:28Z,PORTE-D,R53889883,UNITE,OK
TKT84490907339,2026-01-15T19:30:29Z,PORTE-D,R57854767,ABONNEMENT,OK
TKT15375238749,2026-01-15T19:30:29Z,PORTE-D,R51664961,ABONNEMENT,OK
TKT81146292408,2026-01-15T19:30:29Z,PORTE-C,R58653429,UNITE,OK
TKT50934045156,2026-01-15T19:30:29Z,PORTE-A,,UNITE,OK
TKT65901940354,2026-01-15T19:30:30Z,PORTE-A,R59710653,UNITE,OK
TKT67746301123,2026-01-15T19:30:31Z,PORTE-D,R55779072,ABONNEMENT,OK
TKT46988451600,2026-01-15T19:30:31Z,PORTE-A,,UNITE,OK
TKT60599456886,2026-01-15T19:30:31Z,PORTE-C,,UNITE,OK
TKT95193724082,2026-01-15T19:30:32Z,PORTE-C,,UNITE,OK
TKT98992223188,2026-01-15T19:30:32Z,PORTE-D,,GROUPE,OK
TKT37022377767,2026-01-15T19:30:32Z,PORTE-C,R59529205,UNITE,OK
TKT89660685258,2026-01-15T19:30:32Z,PORTE-C,R51765359,UNITE,OK
TKT17664229636,2026-01-15T19:30:33Z,PORTE-A,R51643161,ABONNEMENT,OK
TKT25280424044,2026-01-15T19:30:33Z,PORTE-B,R51190834,ABONNEMENT,OK
TKT39897225226,2026-01-15T19:30:33Z,PORTE-C,R56187541,UNITE,OK
TKT40141230821,2026-01-15T19:30:33Z,PORTE-C,R51526691,UNITE,OK
TKT90641827215,2026-01-15T19:30:33Z,PORTE-C,R53689221,UNITE,OK
TKT49044189271,2026-01-15T19:30:33Z,VIP-EST,R52466286,VIP,OK
TKT63063615459,2026-01-15T19:30:34Z,PORTE-C,R54099519,UNITE,OK
TKT54269497944,2026-01-15T19:30:35Z,PORTE-C,R53296968,ABONNEMENT,OK
TKT10234862915,2026-01-15T19:30:35Z,PORTE-D,R59164614,UNITE,OK
TKT33730545412,2026-01-15T19:30:35Z,VIP-EST,,UNITE,OK
TKT13613901936,2026-01-15T19:30:35Z,PORTE-B,R59661211,UNITE,OK
TKT39051343836,2026-01-15T19:30:35Z,VIP-EST,R53192011,UNITE,OK
TKT36719643134,2026-01-15T19:30:35Z,PORTE-B,R54890711,GROUPE,OK
TKT91822182766,2026-01-15T19:30:36Z,VIP-EST,,UNITE,OK
TKT77563326424,2026-01-15T19:30:36Z,PORTE-B,R55475570,UNITE,OK
TKT65776428606,2026-01-15T19:30:36Z,VIP-EST,R58464692,UNITE,OK
TKT18224531693,2026-01-15T19:30:37Z,PORTE-D,R54065814,UNITE,OK
TKT88250661931,2026-01-15T19:30:37Z,PORTE-A,R56280506,UNITE,OK
TKT96193475148,2026-01-15T19:30:37Z,VIP-EST,R53931500,UNITE,OK
TKT73854498843,2026-01-15T19:30:37Z,PORTE-D,R59554405,UNITE,OK
TKT50905012725,2026-01-15T19:30:37Z,PORTE-C,,UNITE,OK
TKT60731228253,2026-01-15T19:30:37Z,PORTE-C,R58078512,UNITE,OK
TKT93006321542,2026-01-15T19:30:37Z,PORTE-A,R53938578,UNITE,OK
TKT60076604005,2026-01-15T19:30:38Z,PORTE-B,R55959093,UNITE,OK
TKT11259700304,2026-01-15T19:30:38Z,PORTE-A,R59011488,UNITE,OK
TKT76960285583,2026-01-15T19:30:39Z,VIP-EST,R58941884,UNITE,OK
TKT52901919728,2026-01-15T19:30:39Z,PORTE-A,R58647376,UNITE,OK
TKT22105923272,2026-01-15T19:30:41Z,PORTE-C,R57276162,UNITE,OK
TKT53159711127,2026-01-15T19:30:41Z,PORTE-A,R54502193,UNITE,OK
TKT29103293983,2026-01-15T19:30:42Z,VIP-EST,R52991761,UNITE,OK
TKT24371299953,2026-01-15T19:30:43Z,VIP-EST,R51542696,ABONNEMENT,OK
TKT86057608884,2026-01-15T19:30:43Z,PORTE-A,R57082799,INVITATION,OK
TKT41818110377,2026-01-15T19:30:43Z,PORTE-A,R53665860,UNITE,OK
TKT88183945265,2026-01-15T19:30:43Z,VIP-EST,R57470215,UNITE,OK
TKT57732736314,2026-01-15T19:30:44Z,VIP-EST,R56657990,ABONNEMENT,OK
TKT33712513938,2026-01-15T19:30:44Z,PORTE-B,R56741358,ABONNEMENT,OK
TKT16672729062,2026-01-15T19:30:44Z,PORTE-B,,UNITE,OK
TKT53085939493,2026-01-15T19:30:44Z,PORTE-A,R57576800,VIP,OK
TKT97702110481,2026-01-15T19:30:44Z,PORTE-D,R53885247,UNITE,OK
TKT96899203713,2026-01-15T19:30:44Z,PORTE-A,,GROUPE,OK
TKT48474669499,2026-01-15T19:30:45Z,PORTE-A,R51184704,INVITATION,OK
TKT53842299135,2026-01-15T19:30:45Z,PORTE-B,,GROUPE,OK
TKT77888674760,2026-01-15T19:30:46Z,PORTE-C,,UNITE,OK
TKT71645597032,2026-01-15T19:30:46Z,VIP-EST,,VIP,OK
TKT70901565860,2026-01-15T19:30:46Z,VIP-EST,,GROUPE,OK
TKT33813297272,2026-01-15T19:30:47Z,PORTE-D,R54862369,UNITE,OK
TKT73910954102,2026-01-15T19:30:47Z,PORTE-C,R56567457,UNITE,OK
TKT42186998599,2026-01-15T19:30:47Z,PORTE-C,R51626620,UNITE,OK
TKT97324572381,2026-01-15T19:30:48Z,PORTE-A,R59354500,UNITE,OK
TKT38492698553,2026-01-15T19:30:48Z,VIP-EST,R54446966,UNITE,OK
TKT31870599918,2026-01-15T19:30:49Z,PORTE-A,R51317045,ABONNEMENT,OK
TKT64163243785,2026-01-15T19:30:49Z,PORTE-B,R58083071,UNITE,OK
TKT50086099869,2026-01-15T19:30:49Z,PORTE-A,R57908912,GROUPE,OK
TKT54370453558,2026-01-15T19:30:49Z,PORTE-C,R57252801,UNITE,OK
TKT89968882406,2026-01-15T19:30:49Z,PORTE-D,R54625406,UNITE,OK
TKT90841517659,2026-01-15T19:30:50Z,PORTE-D,R58742381,UNITE,OK
TKT10982200248,2026-01-15T19:30:50Z,PORTE-C,R52370112,UNITE,OK
TKT33183202121,2026-01-15T19:30:50Z,PORTE-A,,UNITE,OK
TKT80489384445,2026-01-15T19:30:51Z,PORTE-C,R57911230,UNITE,OK
TKT68940821770,2026-01-15T19:30:51Z,PORTE-C,R56564814,UNITE,OK
TKT25998270337,2026-01-15T19:30:51Z,PORTE-D,,UNITE,REFUSE_DEJA_SCANNE
TKT89443218706,2026-01-15T19:30:51Z,VIP-EST,,VIP,OK
TKT63379776517,2026-01-15T19:30:51Z,PORTE-B,R56884110,UNITE,OK
TKT97396124140,2026-01-15T19:30:51Z,PORTE-D,R52206652,UNITE,OK
TKT56874252988,2026-01-15T19:30:51Z,VIP-EST,R55371571,UNITE,OK
TKT49449355388,2026-01-15T19:30:52Z,PORTE-A,R56667175,UNITE,OK
TKT27384671482,2026-01-15T19:30:52Z,PORTE-C,R51980857,UNITE,OK
TKT22573995581,2026-01-15T19:30:53Z,PORTE-B,R56536127,UNITE,OK
TKT26827659361,2026-01-15T19:30:53Z,VIP-EST,R55608668,UNITE,OK
TKT73692719547,2026-01-15T19:30:53Z,PORTE-D,,UNITE,OK
TKT54970010715,2026-01-15T19:30:54Z,PORTE-C,R55953988,ABONNEMENT,OK
TKT76018344311,2026-01-15T19:30:54Z,VIP-EST,R53649108,UNITE,OK
TKT47735375929,2026-01-15T19:30:54Z,PORTE-B,R55660217,UNITE,OK
TKT72467070206,2026-01-15T19:30:54Z,PORTE-D,R53334639,UNITE,OK
TKT11839369553,2026-01-15T19:30:55Z,VIP-EST,R54309510,ABONNEMENT,OK
TKT93131282639,2026-01-15T19:30:55Z,PORTE-A,R57887189,INVITATION,OK
TKT30385352111,2026-01-15T19:30:56Z,VIP-EST,R55419864,UNITE,OK
TKT97933497323,2026-01-15T19:30:56Z,VIP-EST,R52861815,VIP,OK
TKT88127689772,2026-01-15T19:30:56Z,PORTE-B,R54294185,UNITE,OK
TKT24003600643,2026-01-15T19:30:56Z,PORTE-D,R52600121,UNITE,OK
TKT28786096586,2026-01-15T19:30:57Z,PORTE-A,R56882951,ABONNEMENT,OK
TKT85007341383,2026-01-15T19:30:57Z,PORTE-A,R56419111,ABONNEMENT,OK
TKT28248139584,2026-01-15T19:30:57Z,PORTE-C,,UNITE,OK
TKT93072931147,2026-01-15T19:30:58Z,PORTE-C,R52703996,ABONNEMENT,OK
TKT11984076636,2026-01-15T19:30:58Z,PORTE-C,,UNITE,REFUSE_DEJA_SCANNE
TKT40942411343,2026-01-15T19:30:59Z,PORTE-D,,GROUPE,OK
TKT44767133297,2026-01-15T19:30:59Z,PORTE-C,R57237744,UNITE,REFUSE_INVALIDE
TKT16599020820,2026-01-15T19:30:59Z,PORTE-A,R54015404,UNITE,OK
TKT28726860627,2026-01-15T19:31:00Z,PORTE-B,R53096651,ABONNEMENT,OK
TKT47712622600,2026-01-15T19:31:00Z,PORTE-C,,UNITE,OK
TKT51908500722,2026-01-15T19:31:01Z,PORTE-C,R53834090,INVITATION,OK
TKT80050559227,2026-01-15T19:31:01Z,PORTE-C,R57682581,UNITE,OK
TKT51066528346,2026-01-15T19:31:01Z,PORTE-C,,UNITE,OK
TKT53358214351,2026-01-15T19:31:02Z,PORTE-B,R58112016,UNITE,OK
TKT13368659780,2026-01-15T19:31:02Z,PORTE-B,R53450764,UNITE,OK
TKT24440349572,2026-01-15T19:31:02Z,PORTE-C,,UNITE,OK
TKT40912572647,2026-01-15T19:31:02Z,PORTE-A,R53788537,UNITE,OK
TKT22603929241,2026-01-15T19:31:03Z,PORTE-A,R54942739,ABONNEMENT,OK
TKT11889670730,2026-01-15T19:31:03Z,VIP-EST,,UNITE,OK
TKT26224408876,2026-01-15T19:31:03Z,PORTE-C,R56114115,UNITE,OK
TKT13668274199,2026-01-15T19:31:03Z,VIP-EST,,VIP,OK
TKT64851944141,2026-01-15T19:31:04Z,VIP-EST,R54896841,ABONNEMENT,OK
TKT93486308272,2026-01-15T19:31:04Z,PORTE-A,,UNITE,OK
TKT36229325352,2026-01-15T19:31:05Z,PORTE-A,R53397634,UNITE,OK
TKT50792475459,2026-01-15T19:31:05Z,PORTE-B,,UNITE,OK
TKT85022805487,2026-01-15T19:31:05Z,PORTE-A,R55681203,UNITE,OK
TKT68154253230,2026-01-15T19:31:06Z,PORTE-A,R51579285,UNITE,OK
TKT97253451340,2026-01-15T19:31:06Z,PORTE-C,,UNITE,OK
TKT93635820474,2026-01-15T19:31:06Z,PORTE-C,R54408893,UNITE,OK
TKT32416994415,2026-01-15T19:31:07Z,PORTE-C,R53624454,UNITE,OK
TKT99180789585,2026-01-15T19:31:07Z,PORTE-D,R59540919,UNITE,OK
TKT60351566000,2026-01-15T19:31:08Z,PORTE-A,R57036268,ABONNEMENT,OK
TKT26784467665,2026-01-15T19:31:08Z,PORTE-C,R57595401,UNITE,OK
TKT15787917804,2026-01-15T19:31:09Z,PORTE-C,R53145701,ABONNEMENT,OK
TKT63975677604,2026-01-15T19:31:09Z,VIP-EST,R54287442,ABONNEMENT,OK
TKT67997765374,2026-01-15T19:31:09Z,PORTE-A,R57196328,UNITE,OK
TKT19486762212,2026-01-15T19:31:09Z,PORTE-C,R53756316,UNITE,OK
TKT56256521826,2026-01-15T19:31:09Z,VIP-EST,R56284251,UNITE,REFUSE_INVALIDE
TKT98835015643,2026-01-15T19:31:10Z,PORTE-A,R51145405,ABONNEMENT,OK
TKT21732445624,2026-01-15T19:31:10Z,PORTE-C,R51556182,UNITE,REFUSE_DEJA_SCANNE
TKT37470585120,2026-01-15T19:31:10Z,VIP-EST,R56191085,UNITE,OK
TKT68767270789,2026-01-15T19:31:10Z,PORTE-A,R54249024,UNITE,OK
TKT25318163230,2026-01-15T19:31:10Z,PORTE-D,,UNITE,OK
TKT12051466378,2026-01-15T19:31:10Z,PORTE-C,R54292279,UNITE,OK
TKT70189280170,2026-01-15T19:31:11Z,VIP-EST,R53560558,UNITE,OK
TKT55314681443,2026-01-15T19:31:11Z,PORTE-A,R55170239,VIP,OK
TKT30888099635,2026-01-15T19:31:11Z,PORTE-C,R59399393,UNITE,OK
TKT76291181738,2026-01-15T19:31:12Z,PORTE-B,R57624614,ABONNEMENT,OK
TKT56877681386,2026-01-15T19:31:12Z,VIP-EST,,UNITE,OK
TKT81605276602,2026-01-15T19:31:13Z,PORTE-B,R51627434,UNITE,OK
TKT37781916380,2026-01-15T19:31:13Z,VIP-EST,,GROUPE,OK
TKT44398905192,2026-01-15T19:31:13Z,PORTE-D,,UNITE,OK
TKT22987437151,2026-01-15T19:31:14Z,PORTE-B,,UNITE,OK
TKT48867087029,2026-01-15T19:31:14Z,PORTE-D,R51906081,UNITE,OK
TKT88635300274,2026-01-15T19:31:15Z,PORTE-C,,UNITE,OK
TKT54268125357,2026-01-15T19:31:15Z,PORTE-A,,GROUPE,OK
TKT41718945063,2026-01-15T19:31:15Z,PORTE-C,R52369442,UNITE,OK
TKT91802197861,2026-01-15T19:31:15Z,VIP-EST,R53329055,UNITE,OK
TKT26595222767,2026-01-15T19:31:15Z,PORTE-D,R57701172,UNITE,OK
TKT34125237728,2026-01-15T19:31:16Z,PORTE-C,,UNITE,OK
TKT33412544578,2026-01-15T19:31:17Z,PMR-NORD,R53821294,UNITE,OK
TKT59131600469,2026-01-15T19:31:18Z,PORTE-A,R52900367,UNITE,OK
TKT32598008705,2026-01-15T19:31:18Z,PORTE-C,,GROUPE,OK
TKT86097079389,2026-01-15T19:31:18Z,PORTE-A,,UNITE,OK
TKT26558072582,2026-01-15T19:31:18Z,PORTE-C,R59458988,UNITE,OK
TKT79201322959,2026-01-15T19:31:19Z,VIP-EST,R57691699,ABONNEMENT,OK
TKT91088288016,2026-01-15T19:31:19Z,PORTE-C,R56636190,UNITE,OK
TKT77966544501,2026-01-15T19:31:19Z,PORTE-C,,UNITE,OK
TKT37989231145,2026-01-15T19:31:19Z,PORTE-B,,GROUPE,OK
TKT38716192689,2026-01-15T19:31:20Z,PORTE-B,,GROUPE,OK
TKT61463654567,2026-01-15T19:31:20Z,VIP-EST,R57453185,UNITE,OK
TKT20948375670,2026-01-15T19:31:20Z,PORTE-C,R53387156,UNITE,OK
TKT15056592181,2026-01-15T19:31:20Z,PORTE-C,,UNITE,OK
TKT77111605479,2026-01-15T19:31:20Z,PORTE-B,R51727822,UNITE,OK
TKT31400674175,2026-01-15T19:31:21Z,PORTE-A,R51017164,ABONNEMENT,OK
TKT11036813434,2026-01-15T19:31:21Z,VIP-EST,R54252367,ABONNEMENT,OK
TKT90704206880,2026-01-15T19:31:21Z,VIP-EST,,VIP,OK
TKT19085279159,2026-01-15T19:31:21Z,PORTE-A,,UNITE,OK
TKT22727452195,2026-01-15T19:31:22Z,PORTE-B,R54863662,UNITE,OK
TKT43631050165,2026-01-15T19:31:23Z,PORTE-A,R54322517,ABONNEMENT,OK
TKT90154052439,2026-01-15T19:31:23Z,VIP-EST,R58004540,UNITE,OK
TKT61754220625,2026-01-15T19:31:23Z,PORTE-C,R57471029,UNITE,OK
TKT33990514464,2026-01-15T19:31:24Z,PORTE-C,,UNITE,OK
TKT85600944049,2026-01-15T19:31:24Z,PORTE-A,R56157360,UNITE,OK
TKT13054340032,2026-01-15T19:31:25Z,PORTE-C,R51235660,UNITE,OK
TKT31146794029,2026-01-15T19:31:25Z,PORTE-A,,UNITE,OK
TKT28288853701,2026-01-15T19:31:25Z,PORTE-C,R58613249,UNITE,OK
TKT84798282316,2026-01-15T19:31:26Z,PORTE-B,,GROUPE,OK
TKT15760571165,2026-01-15T19:31:27Z,PORTE-B,R51027920,UNITE,OK
TKT86426614355,2026-01-15T19:31:27Z,VIP-EST,R53825987,UNITE,OK
TKT96922854736,2026-01-15T19:31:27Z,PORTE-A,R57562356,UNITE,OK
TKT49420943746,2026-01-15T19:31:27Z,PORTE-B,R52586233,UNITE,OK
TKT54652166832,2026-01-15T19:31:27Z,PORTE-C,,UNITE,OK
TKT94619708576,2026-01-15T19:31:28Z,PORTE-C,R59025118,UNITE,OK
TKT20833636607,2026-01-15T19:31:28Z,PORTE-C,R54039857,UNITE,OK
TKT23660760595,2026-01-15T19:31:28Z,PORTE-C,,UNITE,OK
TKT34312560337,2026-01-15T19:31:28Z,PORTE-C,R55207210,UNITE,OK
TKT30718416951,2026-01-15T19:31:28Z,PORTE-B,R54148904,UNITE,OK
TKT64196290753,2026-01-15T19:31:28Z,PORTE-C,R51380874,UNITE,OK
TKT88569068183,2026-01-15T19:31:29Z,PORTE-A,R59139605,ABONNEMENT,OK
TKT59044549035,2026-01-15T19:31:29Z,PORTE-D,R57227735,UNITE,OK
TKT92303629052,2026-01-15T19:31:29Z,PORTE-D,R54181393,UNITE,OK
TKT89160769140,2026-01-15T19:31:29Z,PORTE-A,,UNITE,OK
TKT87044391138,2026-01-15T19:31:29Z,PORTE-A,R53523309,UNITE,OK
TKT24682280351,2026-01-15T19:31:30Z,PORTE-C,R55309514,ABONNEMENT,OK
TKT30779092793,2026-01-15T19:31:30Z,PORTE-D,R57998812,UNITE,OK
TKT91296790328,2026-01-15T19:31:30Z,PORTE-C,,GROUPE,OK
TKT35013624282,2026-01-15T19:31:30Z,PORTE-B,R56054309,UNITE,OK
TKT24528207450,2026-01-15T19:31:31Z,PORTE-C,,UNITE,OK
TKT59269971513,2026-01-15T19:31:31Z,VIP-EST,R52976982,VIP,OK
TKT48186051768,2026-01-15T19:31:31Z,PORTE-A,R56990360,INVITATION,OK
TKT27099492761,2026-01-15T19:31:31Z,PORTE-C,R55682898,UNITE,OK
TKT74955676783,2026-01-15T19:31:32Z,PORTE-D,R51458926,ABONNEMENT,OK
TKT98832662656,2026-01-15T19:31:32Z,VIP-EST,R54797257,UNITE,OK
TKT82879580802,2026-01-15T19:31:32Z,PORTE-B,R52918077,UNITE,OK
TKT96745365018,2026-01-15T19:31:33Z,VIP-EST,R51367656,GROUPE,OK
TKT40766838812,2026-01-15T19:31:33Z,PORTE-C,R54754759,UNITE,OK
TKT43013111105,2026-01-15T19:31:33Z,PORTE-A,R59600457,UNITE,OK
TKT84837268570,2026-01-15T19:31:34Z,PORTE-C,R55885533,UNITE,OK
TKT52141270245,2026-01-15T19:31:35Z,PORTE-D,R52673145,ABONNEMENT,OK
TKT42809335535,2026-01-15T19:31:35Z,PORTE-A,R52390619,UNITE,OK
TKT36869327060,2026-01-15T19:31:36Z,PORTE-C,,GROUPE,OK
TKT10320466896,2026-01-15T19:31:36Z,PORTE-C,,UNITE,OK
TKT20158300202,2026-01-15T19:31:36Z,PORTE-A,,GROUPE,OK
TKT53399567454,2026-01-15T19:31:37Z,PORTE-D,R51978482,ABONNEMENT,OK
TKT13645232050,2026-01-15T19:31:37Z,VIP-EST,,VIP,OK
TKT77267548642,2026-01-15T19:31:38Z,PORTE-A,R51021177,UNITE,OK
TKT54328274000,2026-01-15T19:31:38Z,PORTE-C,R59894151,UNITE,OK
TKT41597999196,2026-01-15T19:31:38Z,PORTE-B,,UNITE,OK
TKT59836586229,2026-01-15T19:31:38Z,PORTE-A,,UNITE,OK
TKT47696151577,2026-01-15T19:31:38Z,PORTE-A,,UNITE,OK
TKT13807563117,2026-01-15T19:31:39Z,VIP-EST,,VIP,OK
TKT82305424079,2026-01-15T19:31:39Z,PORTE-C,R59297424,UNITE,OK
TKT15428895362,2026-01-15T19:31:39Z,VIP-EST,R53351468,INVITATION,OK
TKT40596757569,2026-01-15T19:31:40Z,PORTE-C,R58482345,ABONNEMENT,OK
TKT62849115091,2026-01-15T19:31:40Z,VIP-EST,R55726967,UNITE,OK
TKT44004299336,2026-01-15T19:31:41Z,PORTE-C,,UNITE,OK
TKT85872264499,2026-01-15T19:31:41Z,PORTE-A,R57071209,UNITE,OK
TKT87729968105,2026-01-15T19:31:42Z,PORTE-C,R58775962,ABONNEMENT,OK
TKT34853655749,2026-01-15T19:31:42Z,PORTE-C,R56336232,UNITE,OK
TKT28187264971,2026-01-15T19:31:43Z,PORTE-B,R57370899,ABONNEMENT,OK
TKT59023503549,2026-01-15T19:31:43Z,PORTE-C,,UNITE,OK
TKT41842954081,2026-01-15T19:31:43Z,PORTE-D,R53970253,UNITE,OK
TKT86145335080,2026-01-15T19:31:43Z,PORTE-A,R51707871,UNITE,OK
TKT19175809303,2026-01-15T19:31:44Z,PORTE-C,,GROUPE,REFUSE_DEJA_SCANNE
TKT51544576488,2026-01-15T19:31:44Z,PORTE-C,,GROUPE,OK
TKT12396379563,2026-01-15T19:31:44Z,PORTE-C,R58621486,UNITE,OK
TKT94966329330,2026-01-15T19:31:44Z,PORTE-C,R57794492,UNITE,OK
TKT52636631377,2026-01-15T19:31:44Z,PORTE-A,R58844963,INVITATION,OK
TKT65039858473,2026-01-15T19:31:45Z,VIP-EST,R52844641,UNITE,OK
TKT46425590908,2026-01-15T19:31:45Z,PORTE-C,R58066386,UNITE,OK
TKT83318292555,2026-01-15T19:31:46Z,PORTE-D,,GROUPE,OK
TKT22151450385,2026-01-15T19:31:46Z,PORTE-B,R55721939,UNITE,OK
TKT33896825677,2026-01-15T19:31:46Z,PORTE-D,R52147191,UNITE,OK
TKT97028788154,2026-01-15T19:31:47Z,VIP-EST,R57983631,UNITE,OK
TKT75131659248,2026-01-15T19:31:48Z,PORTE-B,R52360860,UNITE,OK
TKT67048573611,2026-01-15T19:31:48Z,PORTE-C,,UNITE,OK
TKT66354545591,2026-01-15T19:31:48Z,PORTE-B,R59123610,UNITE,OK
TKT71209812301,2026-01-15T19:31:48Z,PORTE-A,R53320262,VIP,OK
TKT59780985582,2026-01-15T19:31:48Z,PORTE-A,,UNITE,OK
TKT46439820279,2026-01-15T19:31:48Z,PORTE-B,,UNITE,OK
TKT95418501859,2026-01-15T19:31:49Z,PORTE-A,,GROUPE,OK
TKT51876921543,2026-01-15T19:31:49Z,VIP-EST,R56040833,UNITE,OK
TKT48610192305,2026-01-15T19:31:49Z,VIP-EST,,UNITE,OK
TKT13421099988,2026-01-15T19:31:49Z,PORTE-C,R51808671,UNITE,OK
TKT71113612633,2026-01-15T19:31:50Z,PORTE-C,,INVITATION,OK
TKT51664286950,2026-01-15T19:31:51Z,PORTE-D,R57715137,ABONNEMENT,OK
TKT72014265114,2026-01-15T19:31:51Z,VIP-EST,R56408566,UNITE,OK
TKT71133407708,2026-01-15T19:31:51Z,PORTE-D,R58228496,INVITATION,OK
TKT83906909438,2026-01-15T19:31:51Z,VIP-EST,,VIP,OK
TKT60687106454,2026-01-15T19:31:52Z,PORTE-D,R59456258,UNITE,OK
TKT32230721851,2026-01-15T19:31:52Z,PORTE-B,,UNITE,OK
TKT68099130975,2026-01-15T19:31:52Z,PORTE-A,R58001475,UNITE,OK
TKT12496646743,2026-01-15T19:31:53Z,PORTE-C,R58282095,UNITE,OK
TKT49354276689,2026-01-15T19:31:54Z,PORTE-C,R56610923,UNITE,REFUSE_INVALIDE
TKT37775956819,2026-01-15T19:31:54Z,PORTE-B,R54917884,UNITE,OK
TKT39794266679,2026-01-15T19:31:55Z,PORTE-A,R51720543,UNITE,OK
TKT58357591212,2026-01-15T19:31:56Z,PORTE-D,R51697594,ABONNEMENT,REFUSE_DEJA_SCANNE
TKT46452351030,2026-01-15T19:31:56Z,PORTE-C,R58084163,ABONNEMENT,OK
TKT81251822800,2026-01-15T19:31:56Z,PORTE-B,,UNITE,OK
TKT45456549233,2026-01-15T19:31:57Z,PORTE-C,R53952677,ABONNEMENT,OK
TKT45801746992,2026-01-15T19:31:57Z,PORTE-C,,GROUPE,OK
TKT92185021588,2026-01-15T19:31:57Z,PORTE-B,,UNITE,OK
TKT14775419091,2026-01-15T19:31:58Z,VIP-EST,R52300374,UNITE,OK
TKT77434617828,2026-01-15T19:31:58Z,PORTE-D,R54052941,UNITE,OK
TKT27725960870,2026-01-15T19:31:58Z,PORTE-B,R59914993,UNITE,OK
TKT65100200846,2026-01-15T19:31:59Z,PORTE-C,R52271630,UNITE,OK
TKT59342731427,2026-01-15T19:32:00Z,PORTE-D,,UNITE,OK
TKT23434261258,2026-01-15T19:32:00Z,VIP-EST,,GROUPE,OK
TKT70582845514,2026-01-15T19:32:00Z,PORTE-B,R57793189,UNITE,OK
TKT70036640046,2026-01-15T19:32:01Z,PORTE-C,R53909700,ABONNEMENT,OK
TKT29726276940,2026-01-15T19:32:01Z,PORTE-C,,UNITE,OK
TKT76842884039,2026-01-15T19:32:01Z,PMR-NORD,R58373355,UNITE,OK
TKT85224430499,2026-01-15T19:32:01Z,PORTE-C,R59828761,UNITE,OK
TKT76997102431,2026-01-15T19:32:01Z,PORTE-C,R52420311,UNITE,OK
TKT66425186341,2026-01-15T19:32:02Z,PORTE-C,R53687114,UNITE,OK
TKT52278279081,2026-01-15T19:32:03Z,PORTE-C,,UNITE,OK
TKT90531268304,2026-01-15T19:32:03Z,PORTE-D,R59420436,UNITE,OK
TKT27264547372,2026-01-15T19:32:03Z,VIP-EST,,UNITE,OK
TKT32185010925,2026-01-15T19:32:04Z,PORTE-A,R59310029,ABONNEMENT,OK
TKT76993967546,2026-01-15T19:32:04Z,PORTE-C,R55234594,UNITE,OK
TKT87110863032,2026-01-15T19:32:04Z,PORTE-A,R54999959,UNITE,OK
TKT11404857077,2026-01-15T19:32:04Z,PORTE-A,,UNITE,OK
TKT78380687090,2026-01-15T19:32:05Z,PORTE-C,,GROUPE,OK
TKT25731660750,2026-01-15T19:32:05Z,VIP-EST,R57361982,UNITE,OK
TKT79869798028,2026-01-15T19:32:05Z,PORTE-C,R53832117,UNITE,OK
TKT92643041031,2026-01-15T19:32:06Z,PORTE-C,R51408258,UNITE,OK
TKT71304327578,2026-01-15T19:32:06Z,PORTE-D,,GROUPE,OK
TKT52894936523,2026-01-15T19:32:06Z,PORTE-C,R57911642,UNITE,OK
TKT36393741999,2026-01-15T19:32:06Z,PORTE-A,R59166721,UNITE,OK
TKT70799467005,2026-01-15T19:32:06Z,PORTE-A,R57912992,UNITE,OK
TKT63777339980,2026-01-15T19:32:06Z,PORTE-B,,UNITE,OK
TKT79727615536,2026-01-15T19:32:07Z,PORTE-C,R51589907,ABONNEMENT,OK
TKT82096168510,2026-01-15T19:32:07Z,PORTE-C,R57814855,UNITE,OK
TKT27668458188,2026-01-15T19:32:07Z,PORTE-C,R56625903,UNITE,OK
TKT85339435968,2026-01-15T19:32:07Z,PORTE-C,R53839473,UNITE,OK
TKT66586804684,2026-01-15T19:32:07Z,PORTE-C,R58774133,UNITE,OK
TKT96209466891,2026-01-15T19:32:07Z,PORTE-C,R58704241,UNITE,OK
TKT52562437359,2026-01-15T19:32:09Z,PORTE-C,R53703330,ABONNEMENT,OK
TKT70896092668,2026-01-15T19:32:09Z,PORTE-B,R53474403,UNITE,OK
TKT28756504173,2026-01-15T19:32:09Z,PORTE-B,,UNITE,OK
TKT33125090805,2026-01-15T19:32:09Z,PORTE-A,R58354161,UNITE,REFUSE_DEJA_SCANNE
TKT75785806621,2026-01-15T19:32:09Z,PORTE-A,R58138452,UNITE,OK
TKT57965575268,2026-01-15T19:32:09Z,PORTE-D,,UNITE,OK
TKT85337732067,2026-01-15T19:32:10Z,PORTE-B,R52537739,UNITE,OK
TKT81765301816,2026-01-15T19:32:10Z,PORTE-B,R58626601,UNITE,OK
TKT95554751052,2026-01-15T19:32:10Z,PORTE-D,R55736229,UNITE,OK
TKT16970420855,2026-01-15T19:32:11Z,PORTE-A,R57996973,VIP,OK
TKT57958986330,2026-01-15T19:32:11Z,PORTE-C,R56078092,UNITE,OK
TKT27032014267,2026-01-15T19:32:11Z,PORTE-A,,UNITE,OK
TKT53253375390,2026-01-15T19:32:11Z,PORTE-C,R54554643,UNITE,OK
TKT43122604541,2026-01-15T19:32:12Z,PORTE-A,R51460353,UNITE,OK
TKT92276493248,2026-01-15T19:32:12Z,PORTE-A,R57608341,UNITE,OK
TKT34023733850,2026-01-15T19:32:12Z,PORTE-C,R56098321,UNITE,OK
TKT99417719279,2026-01-15T19:32:12Z,PORTE-C,,UNITE,OK
TKT91183770620,2026-01-15T19:32:12Z,PORTE-C,,UNITE,OK
TKT61285537118,2026-01-15T19:32:13Z,PORTE-B,R54799987,ABONNEMENT,OK
TKT67965435412,2026-01-15T19:32:13Z,PORTE-A,,UNITE,OK
TKT48226977844,2026-01-15T19:32:13Z,PORTE-C,,UNITE,REFUSE_DEJA_SCANNE
TKT98980688095,2026-01-15T19:32:13Z,PORTE-C,R51433927,UNITE,OK
TKT95483492331,2026-01-15T19:32:13Z,PORTE-D,R54418289,UNITE,OK
TKT61515962081,2026-01-15T19:32:14Z,PORTE-D,R56759135,UNITE,OK
TKT83517917387,2026-01-15T19:32:15Z,VIP-EST,R52221287,UNITE,OK
TKT71620009583,2026-01-15T19:32:15Z,PORTE-C,R51542840,GROUPE,OK
TKT60712698973,2026-01-15T19:32:15Z,PORTE-C,R56477969,UNITE,OK
TKT72356568114,2026-01-15T19:32:16Z,PORTE-A,R59091791,ABONNEMENT,OK
TKT24852008723,2026-01-15T19:32:16Z,PORTE-C,R58756969,UNITE,OK
TKT97074552604,2026-01-15T19:32:16Z,PORTE-D,,UNITE,OK
TKT69738677144,2026-01-15T19:32:17Z,PORTE-B,R55682841,UNITE,OK
TKT63933529458,2026-01-15T19:32:18Z,PORTE-A,R55289017,UNITE,OK
TKT80392710068,2026-01-15T19:32:18Z,PORTE-C,R54735200,UNITE,OK
TKT99823951628,2026-01-15T19:32:18Z,PORTE-C,R51187166,UNITE,OK
TKT42820446658,2026-01-15T19:32:18Z,PORTE-C,R55759456,UNITE,OK
TKT17812653035,2026-01-15T19:32:19Z,PORTE-D,R56476398,UNITE,OK
TKT76777384319,2026-01-15T19:32:19Z,PORTE-B,R55284113,UNITE,OK
TKT22782081992,2026-01-15T19:32:19Z,PORTE-B,R53432786,UNITE,OK
TKT90176526340,2026-01-15T19:32:19Z,PORTE-B,,UNITE,OK
TKT45409342702,2026-01-15T19:32:20Z,PORTE-D,R54569633,ABONNEMENT,OK
TKT28575881404,2026-01-15T19:32:20Z,PORTE-C,R53685543,ABONNEMENT,OK
TKT29785955697,2026-01-15T19:32:20Z,PORTE-A,,UNITE,REFUSE_DEJA_SCANNE
TKT44732395145,2026-01-15T19:32:20Z,PORTE-C,,UNITE,OK
TKT26870319827,2026-01-15T19:32:21Z,PORTE-B,R58750839,ABONNEMENT,OK
TKT99256901988,2026-01-15T19:32:21Z,PORTE-B,,UNITE,OK
TKT93941095857,2026-01-15T19:32:21Z,PORTE-B,,UNITE,OK
TKT98313974785,2026-01-15T19:32:21Z,VIP-EST,R56535993,UNITE,OK
TKT65447496445,2026-01-15T19:32:21Z,PORTE-A,,UNITE,OK
TKT49748843197,2026-01-15T19:32:21Z,VIP-EST,,UNITE,OK
TKT37091372469,2026-01-15T19:32:21Z,PMR-NORD,R57492350,UNITE,OK
TKT82114951400,2026-01-15T19:32:21Z,PORTE-C,R58970216,UNITE,OK
TKT37345577900,2026-01-15T19:32:21Z,PORTE-D,R59033968,UNITE,OK
TKT58830387415,2026-01-15T19:32:22Z,PORTE-C,R59779999,UNITE,OK
TKT73906164071,2026-01-15T19:32:22Z,PORTE-C,R59333189,UNITE,OK
TKT88809674910,2026-01-15T19:32:22Z,PORTE-A,,UNITE,OK
TKT65359089399,2026-01-15T19:32:23Z,PORTE-C,R53842682,UNITE,OK
TKT54154105365,2026-01-15T19:32:24Z,PORTE-D,R53784246,ABONNEMENT,OK
TKT77310232042,2026-01-15T19:32:24Z,PORTE-D,R52542978,UNITE,OK
TKT82335729485,2026-01-15T19:32:25Z,PORTE-C,R55446769,ABONNEMENT,OK
TKT98949970894,2026-01-15T19:32:25Z,PORTE-C,R52310929,ABONNEMENT,OK
TKT58142200990,2026-01-15T19:32:25Z,VIP-EST,,GROUPE,OK
TKT80493144646,2026-01-15T19:32:25Z,PORTE-A,R59282980,VIP,OK
TKT64616924534,2026-01-15T19:32:25Z,PORTE-A,R52299004,UNITE,OK
TKT76107163032,2026-01-15T19:32:25Z,VIP-EST,R56954260,UNITE,OK
TKT46885329079,2026-01-15T19:32:26Z,PORTE-C,R58755867,UNITE,OK
TKT53548261426,2026-01-15T19:32:26Z,PORTE-C,R51847635,UNITE,OK
TKT92729303710,2026-01-15T19:32:27Z,PORTE-D,R53669270,ABONNEMENT,OK
TKT99523576475,2026-01-15T19:32:27Z,PORTE-C,R58526883,INVITATION,OK
TKT99202127871,2026-01-15T19:32:27Z,VIP-EST,R58094996,UNITE,OK
TKT57803506155,2026-01-15T19:32:27Z,VIP-EST,R59358111,UNITE,OK
TKT89750721803,2026-01-15T19:32:27Z,PORTE-C,R55500569,UNITE,OK
TKT16003967871,2026-01-15T19:32:27Z,PORTE-C,R58194168,UNITE,OK
TKT54497081016,2026-01-15T19:32:28Z,PORTE-C,,UNITE,OK
TKT53030908128,2026-01-15T19:32:28Z,PORTE-C,,UNITE,OK
TKT32552778485,2026-01-15T19:32:28Z,PORTE-B,R54996817,UNITE,OK
TKT60872975969,2026-01-15T19:32:29Z,VIP-EST,R53631197,ABONNEMENT,REFUSE_DEJA_SCANNE
TKT52480420173,2026-01-15T19:32:29Z,PORTE-A,,UNITE,OK
TKT19984372056,2026-01-15T19:32:29Z,PORTE-A,R52105306,UNITE,OK
TKT69650963284,2026-01-15T19:32:31Z,PORTE-C,,UNITE,OK
TKT20985060193,2026-01-15T19:32:31Z,PORTE-C,R54395742,UNITE,OK
TKT10693885028,2026-01-15T19:32:31Z,PORTE-A,,UNITE,OK
TKT17102768159,2026-01-15T19:32:32Z,PORTE-A,R55456500,UNITE,OK
TKT70415944977,2026-01-15T19:32:32Z,PORTE-C,R58412051,UNITE,OK
TKT33918293855,2026-01-15T19:32:32Z,VIP-EST,R59069599,UNITE,OK
TKT76504885647,2026-01-15T19:32:33Z,PORTE-B,R53239624,ABONNEMENT,OK
TKT83094563819,2026-01-15T19:32:33Z,PORTE-C,R51876168,ABONNEMENT,OK
TKT36042947421,2026-01-15T19:32:33Z,VIP-EST,R51453677,UNITE,OK
TKT49504503474,2026-01-15T19:32:33Z,PORTE-B,R58855863,UNITE,OK
TKT75235530737,2026-01-15T19:32:33Z,PORTE-C,R55956162,UNITE,OK
TKT73003572362,2026-01-15T19:32:33Z,PORTE-A,R56169429,UNITE,OK
TKT11388272596,2026-01-15T19:32:33Z,PORTE-D,R54418011,UNITE,OK
TKT50958592043,2026-01-15T19:32:33Z,PORTE-D,R58329765,UNITE,OK
TKT58252828892,2026-01-15T19:32:33Z,PORTE-D,R59191787,UNITE,OK
TKT38699925719,2026-01-15T19:32:34Z,PORTE-C,R51302544,ABONNEMENT,OK
TKT72158205743,2026-01-15T19:32:34Z,VIP-EST,R59714063,UNITE,OK
TKT84962045793,2026-01-15T19:32:34Z,PORTE-C,R55188897,UNITE,OK
TKT96276741689,2026-01-15T19:32:34Z,PORTE-B,R57775278,INVITATION,OK
TKT10076417609,2026-01-15T19:32:34Z,PORTE-A,R54413720,UNITE,OK
TKT24695893457,2026-01-15T19:32:35Z,PORTE-A,,UNITE,OK
TKT16486240098,2026-01-15T19:32:35Z,PORTE-C,R52257866,UNITE,OK
TKT53060251499,2026-01-15T19:32:35Z,PORTE-C,R53293846,INVITATION,OK
TKT10280429115,2026-01-15T19:32:36Z,VIP-EST,R59529282,ABONNEMENT,OK
TKT56041237119,2026-01-15T19:32:36Z,PORTE-D,R54683172,UNITE,REFUSE_DEJA_SCANNE
TKT32402436604,2026-01-15T19:32:37Z,PORTE-D,R55467735,UNITE,OK
TKT45370430388,2026-01-15T19:32:37Z,PORTE-B,R56392896,UNITE,OK
TKT46969179866,2026-01-15T19:32:38Z,PORTE-B,R53396284,ABONNEMENT,OK
TKT27715892450,2026-01-15T19:32:38Z,PORTE-C,R51676943,ABONNEMENT,OK
TKT28448013983,2026-01-15T19:32:38Z,PORTE-C,R58496501,UNITE,OK
TKT52788147858,2026-01-15T19:32:38Z,PORTE-A,R59864037,UNITE,OK
TKT30051753372,2026-01-15T19:32:38Z,PORTE-A,R58875680,UNITE,OK
TKT76056075062,2026-01-15T19:32:38Z,PORTE-C,R59537519,UNITE,OK
TKT76183697951,2026-01-15T19:32:38Z,VIP-EST,,UNITE,OK
TKT58967456113,2026-01-15T19:32:40Z,VIP-EST,,UNITE,OK
TKT24614915974,2026-01-15T19:32:40Z,VIP-EST,R57027964,UNITE,OK
TKT86791004919,2026-01-15T19:32:40Z,PORTE-D,,GROUPE,OK
TKT61791761518,2026-01-15T19:32:41Z,PORTE-C,R56529461,UNITE,OK
TKT94571044306,2026-01-15T19:32:41Z,PORTE-A,R55710560,UNITE,OK
TKT13174545047,2026-01-15T19:32:42Z,VIP-EST,R54962422,UNITE,OK
TKT49640764874,2026-01-15T19:32:42Z,PORTE-C,R51236608,UNITE,OK
TKT79926889438,2026-01-15T19:32:42Z,PORTE-C,R59571914,UNITE,OK
TKT46656256975,2026-01-15T19:32:42Z,PORTE-D,R52083305,UNITE,OK
TKT25435050637,2026-01-15T19:32:42Z,PORTE-A,R51580089,UNITE,OK
TKT38552006526,2026-01-15T19:32:43Z,PORTE-A,R51507075,ABONNEMENT,OK
TKT54526040764,2026-01-15T19:32:44Z,PORTE-C,R58106087,ABONNEMENT,OK
TKT85260146986,2026-01-15T19:32:44Z,PORTE-A,R57350134,UNITE,OK
TKT72409120919,2026-01-15T19:32:44Z,PORTE-C,R52688326,UNITE,OK
TKT55574204356,2026-01-15T19:32:44Z,PORTE-A,,UNITE,OK
TKT25361482192,2026-01-15T19:32:44Z,PORTE-C,R57376962,UNITE,OK
TKT92536325377,2026-01-15T19:32:44Z,PORTE-C,R51554688,UNITE,OK
TKT18342281669,2026-01-15T19:32:45Z,PORTE-A,R57240742,UNITE,OK
TKT49265087921,2026-01-15T19:32:46Z,PORTE-C,R55300597,UNITE,OK
TKT89028520285,2026-01-15T19:32:47Z,PORTE-C,R51029548,UNITE,OK
TKT47809775322,2026-01-15T19:32:47Z,PORTE-A,R56670518,UNITE,OK
TKT89766545787,2026-01-15T19:32:48Z,PORTE-B,R53469911,UNITE,OK
TKT72018821570,2026-01-15T19:32:48Z,PORTE-C,R54635224,UNITE,OK
TKT80082954081,2026-01-15T19:32:50Z,PORTE-C,R57245780,UNITE,OK
TKT95250988636,2026-01-15T19:32:50Z,VIP-EST,R58423621,UNITE,OK
TKT40364562094,2026-01-15T19:32:50Z,PORTE-C,R55629165,UNITE,OK
TKT39747037904,2026-01-15T19:32:51Z,PORTE-A,R57163849,ABONNEMENT,OK
TKT40940751766,2026-01-15T19:32:51Z,PORTE-C,R53169129,ABONNEMENT,OK
TKT40790426785,2026-01-15T19:32:52Z,PORTE-B,R53085014,UNITE,OK
TKT75390779413,2026-01-15T19:32:52Z,PORTE-C,R58203353,UNITE,OK
TKT95529289596,2026-01-15T19:32:53Z,PORTE-D,R57232639,ABONNEMENT,OK
TKT50707521889,2026-01-15T19:32:53Z,PORTE-C,R51915266,UNITE,OK
TKT49737781603,2026-01-15T19:32:53Z,PORTE-A,R51978549,UNITE,OK
TKT58583065697,2026-01-15T19:32:53Z,PORTE-A,,UNITE,OK
TKT71000399605,2026-01-15T19:32:53Z,VIP-EST,R57522655,UNITE,OK
TKT93337438163,2026-01-15T19:32:54Z,VIP-EST,R57465167,UNITE,OK
TKT15059245884,2026-01-15T19:32:54Z,PORTE-A,,UNITE,OK
TKT28406673779,2026-01-15T19:32:54Z,VIP-EST,R53433878,VIP,OK
TKT33014076986,2026-01-15T19:32:54Z,PORTE-A,R52880818,UNITE,OK
TKT57805188003,2026-01-15T19:32:55Z,PORTE-C,R55898617,UNITE,OK
TKT65398039811,2026-01-15T19:32:55Z,VIP-EST,R55412709,UNITE,OK
TKT58675331238,2026-01-15T19:32:57Z,PORTE-C,,GROUPE,OK
TKT68064931656,2026-01-15T19:32:57Z,PORTE-A,,UNITE,OK
TKT42596370901,2026-01-15T19:32:57Z,PORTE-D,R51026483,UNITE,OK
TKT33454122763,2026-01-15T19:32:57Z,VIP-EST,R56900872,UNITE,OK
TKT34838903519,2026-01-15T19:32:58Z,PORTE-D,R52669735,UNITE,OK
TKT53490261962,2026-01-15T19:32:59Z,PORTE-D,,GROUPE,OK
TKT69023937540,2026-01-15T19:32:59Z,VIP-EST,,UNITE,OK
TKT92036286507,2026-01-15T19:32:59Z,PORTE-C,R52011986,UNITE,OK
TKT93691830435,2026-01-15T19:32:59Z,PORTE-C,R57915109,GROUPE,OK
TKT60588406074,2026-01-15T19:32:59Z,PORTE-A,R57995077,UNITE,OK
TKT91497786201,2026-01-15T19:32:59Z,PORTE-C,R52881632,UNITE,OK
TKT96217912507,2026-01-15T19:33:00Z,PORTE-D,R59315613,UNITE,OK
TKT99588700898,2026-01-15T19:33:00Z,PORTE-A,,UNITE,OK
TKT78124309804,2026-01-15T19:33:00Z,PORTE-B,,UNITE,OK
TKT25523208057,2026-01-15T19:33:01Z,PORTE-C,R54399075,ABONNEMENT,OK
TKT15587240554,2026-01-15T19:33:02Z,PORTE-C,,GROUPE,REFUSE_DEJA_SCANNE
TKT49058903558,2026-01-15T19:33:02Z,PORTE-C,,UNITE,OK
TKT29872706457,2026-01-15T19:33:02Z,PORTE-A,R57502158,UNITE,OK
TKT89544437616,2026-01-15T19:33:02Z,PORTE-D,,INVITATION,OK
TKT51125546346,2026-01-15T19:33:03Z,PMR-NORD,R52325229,UNITE,OK
TKT15733667084,2026-01-15T19:33:03Z,PORTE-A,R59263920,VIP,OK
TKT16598431433,2026-01-15T19:33:03Z,PORTE-C,R53092303,UNITE,OK
TKT39992783339,2026-01-15T19:33:03Z,PORTE-D,,UNITE,OK
TKT53643742995,2026-01-15T19:33:05Z,PORTE-C,R54844793,ABONNEMENT,OK
TKT18250473953,2026-01-15T19:33:05Z,PORTE-C,R58617406,UNITE,OK
TKT45325458841,2026-01-15T19:33:05Z,PORTE-B,R54771032,UNITE,OK
TKT15468712186,2026-01-15T19:33:06Z,VIP-EST,,UNITE,OK
TKT87593581037,2026-01-15T19:33:07Z,PORTE-D,R55497705,ABONNEMENT,OK
TKT26978245698,2026-01-15T19:33:07Z,PORTE-D,R55987502,GROUPE,OK
TKT39211014001,2026-01-15T19:33:08Z,PORTE-D,R51830126,UNITE,REFUSE_DEJA_SCANNE
TKT33202034675,2026-01-15T19:33:08Z,PORTE-C,R59390255,UNITE,OK
TKT35323981935,2026-01-15T19:33:08Z,VIP-EST,R55213484,INVITATION,OK
TKT15291372605,2026-01-15T19:33:09Z,PORTE-C,R51137503,ABONNEMENT,OK
TKT46024684834,2026-01-15T19:33:09Z,PORTE-B,R51665708,UNITE,OK
TKT89980042940,2026-01-15T19:33:09Z,PORTE-C,R57656423,UNITE,OK
TKT53453428092,2026-01-15T19:33:09Z,PORTE-C,R56334393,UNITE,OK
TKT78273832160,2026-01-15T19:33:09Z,PORTE-D,R51145884,UNITE,OK
TKT56649755542,2026-01-15T19:33:10Z,PORTE-A,R55780777,ABONNEMENT,OK
TKT24073435394,2026-01-15T19:33:10Z,PORTE-D,R53591620,UNITE,OK
TKT60355898375,2026-01-15T19:33:10Z,PORTE-A,R53796707,UNITE,OK
TKT25791425398,2026-01-15T19:33:10Z,PORTE-B,R52392046,UNITE,OK
TKT28949852214,2026-01-15T19:33:11Z,PORTE-D,R51675995,ABONNEMENT,OK
TKT42104369138,2026-01-15T19:33:11Z,VIP-EST,R56948609,ABONNEMENT,OK
TKT19836962596,2026-01-15T19:33:11Z,PORTE-C,R51896129,UNITE,OK
TKT86363733998,2026-01-15T19:33:11Z,PORTE-C,R56518896,UNITE,OK
TKT32859693961,2026-01-15T19:33:11Z,PORTE-D,R55167375,UNITE,OK
TKT89067722321,2026-01-15T19:33:12Z,PORTE-D,R59515997,UNITE,OK
TKT11571821920,2026-01-15T19:33:12Z,PORTE-C,R53413438,UNITE,OK
TKT35890036642,2026-01-15T19:33:12Z,PORTE-A,R57785354,UNITE,OK
TKT60409569483,2026-01-15T19:33:13Z,PORTE-C,R51382090,UNITE,OK
TKT67561612590,2026-01-15T19:33:13Z,PORTE-D,,UNITE,OK
TKT28645170858,2026-01-15T19:33:13Z,PORTE-D,R57015493,UNITE,OK
TKT67483724595,2026-01-15T19:33:14Z,VIP-EST,R54549126,ABONNEMENT,OK
TKT90454821804,2026-01-15T19:33:14Z,PORTE-C,R58484854,ABONNEMENT,OK
TKT26687419487,2026-01-15T19:33:14Z,PORTE-A,,UNITE,OK
TKT29270237346,2026-01-15T19:33:15Z,PORTE-D,R55189912,UNITE,OK
TKT27877373121,2026-01-15T19:33:15Z,PORTE-A,,UNITE,OK
TKT21657224684,2026-01-15T19:33:15Z,PORTE-C,R57614270,UNITE,OK
TKT59614394472,2026-01-15T19:33:16Z,PORTE-C,R53063626,ABONNEMENT,OK
TKT53064192725,2026-01-15T19:33:16Z,PORTE-C,R54186029,UNITE,OK
TKT81053340582,2026-01-15T19:33:18Z,PORTE-D,R52451574,ABONNEMENT,OK
TKT97132069946,2026-01-15T19:33:18Z,PORTE-D,R55411138,ABONNEMENT,OK
TKT31978227338,2026-01-15T19:33:18Z,PORTE-C,R58907278,ABONNEMENT,OK
TKT33317169598,2026-01-15T19:33:18Z,PORTE-C,R52106120,UNITE,OK
TKT73876720669,2026-01-15T19:33:19Z,PORTE-A,R56609074,UNITE,OK
TKT23840286792,2026-01-15T19:33:19Z,VIP-EST,R56544709,VIP,OK
TKT23801542154,2026-01-15T19:33:19Z,VIP-EST,,UNITE,OK
TKT56848033085,2026-01-15T19:33:20Z,VIP-EST,R53993346,ABONNEMENT,OK
TKT59886083105,2026-01-15T19:33:20Z,PORTE-C,R57173379,UNITE,OK
TKT56770143288,2026-01-15T19:33:20Z,PORTE-B,R58973291,UNITE,OK
TKT34465503223,2026-01-15T19:33:21Z,PMR-NORD,R55155048,UNITE,OK
TKT83343775537,2026-01-15T19:33:21Z,PORTE-C,,GROUPE,OK
TKT21815022025,2026-01-15T19:33:22Z,PORTE-A,R56985935,ABONNEMENT,OK
TKT73359271539,2026-01-15T19:33:22Z,PORTE-A,R58749737,VIP,OK
TKT36781446895,2026-01-15T19:33:23Z,VIP-EST,R59067827,ABONNEMENT,OK
TKT53974106023,2026-01-15T19:33:23Z,PORTE-D,R56041915,ABONNEMENT,OK
TKT36775294948,2026-01-15T19:33:23Z,PORTE-C,R56957938,ABONNEMENT,OK
TKT73328672003,2026-01-15T19:33:23Z,PORTE-C,R51794572,UNITE,OK
TKT10167175342,2026-01-15T19:33:23Z,PORTE-A,,UNITE,OK
TKT22984846279,2026-01-15T19:33:23Z,PORTE-C,R51324267,UNITE,OK
TKT62813758109,2026-01-15T19:33:23Z,PORTE-D,R55512293,UNITE,OK
TKT81932570930,2026-01-15T19:33:24Z,PORTE-B,R51203640,ABONNEMENT,OK
TKT80297569673,2026-01-15T19:33:24Z,PORTE-C,R55583391,UNITE,OK
TKT87379686431,2026-01-15T19:33:24Z,PORTE-C,R53301403,UNITE,OK
TKT87296085708,2026-01-15T19:33:24Z,PORTE-C,,UNITE,OK
TKT85795890005,2026-01-15T19:33:25Z,PORTE-B,,UNITE,OK
TKT57933750559,2026-01-15T19:33:25Z,PORTE-D,R55975376,UNITE,OK
TKT98004613949,2026-01-15T19:33:26Z,VIP-EST,R54793100,VIP,OK
TKT62013632592,2026-01-15T19:33:26Z,PORTE-C,R54413998,UNITE,OK
TKT12665304120,2026-01-15T19:33:27Z,PORTE-C,R54263535,UNITE,OK
TKT33513963813,2026-01-15T19:33:27Z,PORTE-D,R58094316,UNITE,OK
TKT61700516337,2026-01-15T19:33:28Z,VIP-EST,R56555743,UNITE,OK
TKT79994850716,2026-01-15T19:33:28Z,PORTE-B,R52148273,UNITE,OK
TKT17669056333,2026-01-15T19:33:29Z,PORTE-D,,UNITE,OK
TKT88817243473,2026-01-15T19:33:29Z,PORTE-D,R54443958,UNITE,OK
TKT22929197146,2026-01-15T19:33:29Z,PORTE-A,,VIP,OK
TKT48656679560,2026-01-15T19:33:29Z,VIP-EST,R59821750,UNITE,OK
TKT74342225311,2026-01-15T19:33:30Z,VIP-EST,R57066516,ABONNEMENT,OK
TKT33226253634,2026-01-15T19:33:30Z,PORTE-A,R59806080,UNITE,OK
TKT80269981564,2026-01-15T19:33:30Z,PORTE-A,R57570325,GROUPE,OK
TKT90888674369,2026-01-15T19:33:30Z,PORTE-A,,VIP,OK
TKT18434275590,2026-01-15T19:33:30Z,PORTE-C,R52698278,UNITE,OK
TKT66204292638,2026-01-15T19:33:31Z,PORTE-A,R58139812,ABONNEMENT,OK
TKT44909355284,2026-01-15T19:33:31Z,PORTE-A,R51279384,UNITE,OK
TKT25264438749,2026-01-15T19:33:31Z,PORTE-C,,GROUPE,OK
TKT76767480261,2026-01-15T19:33:31Z,PORTE-C,R56156134,UNITE,OK
TKT53027785433,2026-01-15T19:33:31Z,PORTE-A,R55302503,UNITE,OK
TKT57445586635,2026-01-15T19:33:32Z,VIP-EST,R59249332,ABONNEMENT,OK
TKT95735143690,2026-01-15T19:33:33Z,PORTE-D,,UNITE,OK
TKT38401031578,2026-01-15T19:33:35Z,VIP-EST,R53580184,ABONNEMENT,OK
TKT63708108622,2026-01-15T19:33:35Z,PORTE-A,R53417863,UNITE,OK
TKT19450340927,2026-01-15T19:33:36Z,PORTE-D,R58414369,ABONNEMENT,OK
TKT63289947209,2026-01-15T19:33:37Z,PORTE-B,R55901126,ABONNEMENT,OK
TKT54241641819,2026-01-15T19:33:37Z,PORTE-D,R58219090,UNITE,OK
TKT98852532281,2026-01-15T19:33:37Z,VIP-EST,R52214966,UNITE,OK
TKT46663237738,2026-01-15T19:33:37Z,PORTE-A,R55566304,UNITE,OK
TKT89049780978,2026-01-15T19:33:37Z,PORTE-D,R54457990,UNITE,OK
TKT10780947355,2026-01-15T19:33:38Z,PORTE-D,R55758843,UNITE,OK
TKT28718235862,2026-01-15T19:33:38Z,PORTE-C,,UNITE,OK
TKT17514434274,2026-01-15T19:33:38Z,PORTE-C,R59589279,UNITE,OK
TKT37665438481,2026-01-15T19:33:39Z,PORTE-C,R51602914,ABONNEMENT,OK
TKT99694212582,2026-01-15T19:33:39Z,PORTE-A,R53888178,ABONNEMENT,REFUSE_DEJA_SCANNE
TKT46783103829,2026-01-15T19:33:39Z,PORTE-D,R51021646,ABONNEMENT,OK
TKT91000447911,2026-01-15T19:33:39Z,PORTE-C,,UNITE,OK
TKT81535022428,2026-01-15T19:33:40Z,VIP-EST,R58308243,UNITE,OK
TKT73186628919,2026-01-15T19:33:40Z,PORTE-A,R51289604,UNITE,OK
TKT28260961050,2026-01-15T19:33:41Z,PORTE-B,R53287840,ABONNEMENT,OK
TKT11176116330,2026-01-15T19:33:41Z,PORTE-C,,UNITE,OK
TKT47622167180,2026-01-15T19:33:42Z,PORTE-D,R52850158,UNITE,OK
TKT80572406646,2026-01-15T19:33:43Z,PORTE-C,R57078776,ABONNEMENT,OK
TKT61816661895,2026-01-15T19:33:43Z,PORTE-A,R57620323,ABONNEMENT,OK
TKT48962306501,2026-01-15T19:33:44Z,PORTE-A,R57318804,ABONNEMENT,OK
TKT46624174504,2026-01-15T19:33:44Z,PORTE-A,R53267209,UNITE,OK
TKT76801004483,2026-01-15T19:33:45Z,PORTE-A,R56699195,UNITE,OK
TKT83021801877,2026-01-15T19:33:45Z,PORTE-B,R56053907,UNITE,OK
TKT28291699063,2026-01-15T19:33:46Z,PORTE-A,R54201756,UNITE,OK
TKT31657850217,2026-01-15T19:33:46Z,VIP-EST,R53054230,UNITE,OK
TKT62809277309,2026-01-15T19:33:46Z,VIP-EST,R54342478,VIP,OK
TKT10549743043,2026-01-15T19:33:46Z,PORTE-C,R59523152,UNITE,OK
TKT99886243081,2026-01-15T19:33:47Z,PORTE-D,R52140860,ABONNEMENT,OK
TKT60143395135,2026-01-15T19:33:47Z,PORTE-A,R52547001,UNITE,OK
TKT38987593952,2026-01-15T19:33:47Z,PORTE-B,R51538817,UNITE,OK
TKT31364780795,2026-01-15T19:33:47Z,PORTE-C,R54814900,UNITE,OK
TKT80957255466,2026-01-15T19:33:47Z,PORTE-D,R52635062,UNITE,OK
TKT94516311070,2026-01-15T19:33:47Z,PORTE-A,,UNITE,OK
TKT65926834562,2026-01-15T19:33:48Z,VIP-EST,R56756060,UNITE,OK
TKT39300088777,2026-01-15T19:33:48Z,PORTE-C,R55545529,UNITE,OK
TKT17727913634,2026-01-15T19:33:48Z,PORTE-B,R54356644,UNITE,OK
TKT43283541826,2026-01-15T19:33:49Z,PORTE-A,R53805212,UNITE,OK
TKT33796010878,2026-01-15T19:33:50Z,VIP-EST,R54096665,VIP,OK
TKT86375278282,2026-01-15T19:33:51Z,PORTE-B,,GROUPE,OK
TKT88226810028,2026-01-15T19:33:51Z,PORTE-D,R51907307,UNITE,OK
TKT79964703145,2026-01-15T19:33:51Z,PORTE-A,R56940985,VIP,OK
TKT33948784398,2026-01-15T19:33:52Z,PORTE-C,,UNITE,OK
TKT43142726586,2026-01-15T19:33:52Z,PORTE-A,R51420853,UNITE,OK
TKT84627470571,2026-01-15T19:33:53Z,PORTE-A,R58430709,UNITE,OK
TKT74181238042,2026-01-15T19:33:54Z,PORTE-D,R52737232,UNITE,OK
TKT23625142095,2026-01-15T19:33:55Z,PORTE-B,,UNITE,OK
TKT92555592423,2026-01-15T19:33:55Z,PORTE-C,R51691588,UNITE,OK
TKT26687893188,2026-01-15T19:33:56Z,PORTE-C,R59277875,UNITE,OK
TKT33502490250,2026-01-15T19:33:56Z,PORTE-D,R55797807,UNITE,OK
TKT90873317697,2026-01-15T19:33:57Z,PORTE-C,R55393371,UNITE,OK
TKT80332316456,2026-01-15T19:33:58Z,PORTE-B,R58037163,ABONNEMENT,OK
TKT68418311363,2026-01-15T19:33:58Z,PORTE-A,R53948252,UNITE,OK
TKT38835449495,2026-01-15T19:33:58Z,PORTE-B,R57399509,UNITE,OK
TKT26074271808,2026-01-15T19:33:58Z,VIP-EST,R53561382,UNITE,OK
TKT93383729760,2026-01-15T19:33:59Z,PORTE-C,,UNITE,OK
TKT93432801499,2026-01-15T19:34:00Z,VIP-EST,R58632798,ABONNEMENT,OK
TKT90553018793,2026-01-15T19:34:00Z,PORTE-B,,UNITE,REFUSE_DEJA_SCANNE
TKT69070515526,2026-01-15T19:34:01Z,VIP-EST,,UNITE,OK
TKT15915295902,2026-01-15T19:34:01Z,PORTE-C,R55704085,UNITE,OK
TKT28286838728,2026-01-15T19:34:01Z,PORTE-C,R52414315,UNITE,OK
TKT45686613837,2026-01-15T19:34:01Z,PORTE-D,,UNITE,OK
TKT14770649989,2026-01-15T19:34:02Z,VIP-EST,R59048747,ABONNEMENT,OK
TKT73625038723,2026-01-15T19:34:02Z,PORTE-B,R52107959,UNITE,OK
TKT82010328297,2026-01-15T19:34:03Z,VIP-EST,R55402700,ABONNEMENT,OK
TKT66068141094,2026-01-15T19:34:03Z,PORTE-C,R56113713,UNITE,OK
TKT58398364529,2026-01-15T19:34:04Z,PORTE-C,R51926846,INVITATION,OK
TKT25683756312,2026-01-15T19:34:05Z,PORTE-D,R53304880,ABONNEMENT,OK
TKT56418071864,2026-01-15T19:34:05Z,PORTE-A,R52246832,UNITE,OK
TKT49821905524,2026-01-15T19:34:05Z,PORTE-B,R51018581,UNITE,OK
TKT11325199325,2026-01-15T19:34:05Z,VIP-EST,R57977223,UNITE,OK
TKT92888285429,2026-01-15T19:34:06Z,PORTE-A,R52457637,UNITE,OK
TKT60789914831,2026-01-15T19:34:06Z,PORTE-D,R57923222,UNITE,OK
TKT42896243795,2026-01-15T19:34:06Z,PORTE-D,R57655944,UNITE,OK
TKT74763415379,2026-01-15T19:34:06Z,PORTE-C,,UNITE,OK
TKT49272186325,2026-01-15T19:34:07Z,PORTE-A,R55568076,UNITE,OK
TKT63087603733,2026-01-15T19:34:07Z,PORTE-A,R51883601,UNITE,OK
TKT21820851963,2026-01-15T19:34:07Z,PORTE-C,R54484694,INVITATION,OK
TKT36396462270,2026-01-15T19:34:09Z,VIP-EST,,UNITE,OK
TKT88949514291,2026-01-15T19:34:09Z,PORTE-A,R52762988,UNITE,OK
TKT40521079304,2026-01-15T19:34:09Z,PORTE-B,,UNITE,OK
TKT98017922825,2026-01-15T19:34:10Z,PORTE-A,R54404726,ABONNEMENT,OK
TKT30388698130,2026-01-15T19:34:10Z,PORTE-C,R58748923,UNITE,OK
TKT28906358201,2026-01-15T19:34:10Z,PORTE-A,R57633943,UNITE,OK
TKT99339167203,2026-01-15T19:34:10Z,PORTE-A,,GROUPE,OK
TKT43426881997,2026-01-15T19:34:11Z,VIP-EST,R52488354,UNITE,OK
TKT27902038289,2026-01-15T19:34:11Z,PORTE-D,R54733361,UNITE,OK
TKT31086484557,2026-01-15T19:34:12Z,PORTE-D,,UNITE,OK
TKT24243778643,2026-01-15T19:34:12Z,PORTE-C,R54282950,UNITE,OK
TKT11643755346,2026-01-15T19:34:13Z,PORTE-B,,UNITE,OK
TKT95873337900,2026-01-15T19:34:14Z,PORTE-B,R52381625,ABONNEMENT,OK
TKT81086282410,2026-01-15T19:34:14Z,PORTE-C,,GROUPE,OK
TKT59817435525,2026-01-15T19:34:14Z,PORTE-A,R52030376,UNITE,OK
TKT91945519966,2026-01-15T19:34:15Z,PORTE-D,,UNITE,OK
TKT29190699749,2026-01-15T19:34:15Z,PORTE-C,,GROUPE,OK
TKT97226987695,2026-01-15T19:34:15Z,PORTE-C,R53466300,UNITE,OK
TKT42924065062,2026-01-15T19:34:17Z,PORTE-B,R54529654,UNITE,OK
TKT94711182451,2026-01-15T19:34:17Z,PORTE-C,R54184123,UNITE,OK
TKT34308811347,2026-01-15T19:34:17Z,PORTE-A,,VIP,OK
TKT61781275459,2026-01-15T19:34:18Z,PORTE-D,R55295626,UNITE,OK
TKT28654575440,2026-01-15T19:34:19Z,PORTE-C,R54975707,UNITE,OK
TKT55924900041,2026-01-15T19:34:19Z,PORTE-D,R58690487,UNITE,OK
TKT78761238395,2026-01-15T19:34:19Z,PORTE-C,R55915225,UNITE,OK
TKT76948495835,2026-01-15T19:34:19Z,PORTE-C,,UNITE,OK
TKT38018166633,2026-01-15T19:34:19Z,VIP-EST,R53017306,UNITE,OK
TKT60688807962,2026-01-15T19:34:20Z,PORTE-C,R58022317,UNITE,OK
TKT67722087444,2026-01-15T19:34:20Z,PORTE-B,R57815401,UNITE,OK
TKT15732271752,2026-01-15T19:34:20Z,VIP-EST,,VIP,OK
TKT21702861144,2026-01-15T19:34:21Z,PORTE-A,R58960686,UNITE,OK
TKT37968354895,2026-01-15T19:34:22Z,VIP-EST,,VIP,OK
TKT27494825917,2026-01-15T19:34:22Z,PORTE-B,R53936337,UNITE,OK
TKT65425432907,2026-01-15T19:34:23Z,PORTE-A,R59039351,UNITE,OK
TKT78097756445,2026-01-15T19:34:23Z,VIP-EST,R53573709,UNITE,OK
TKT33560632164,2026-01-15T19:34:23Z,PORTE-C,R56579794,UNITE,OK
TKT10273767699,2026-01-15T19:34:24Z,PORTE-C,R54325659,INVITATION,OK
TKT95814494090,2026-01-15T19:34:25Z,PORTE-C,,UNITE,OK
TKT66488922225,2026-01-15T19:34:26Z,PORTE-A,R54028076,ABONNEMENT,OK
TKT52675621313,2026-01-15T19:34:26Z,PORTE-D,,GROUPE,OK
TKT48973758253,2026-01-15T19:34:26Z,PORTE-B,,GROUPE,OK
TKT66922356386,2026-01-15T19:34:26Z,PORTE-B,R53515206,UNITE,OK
TKT69996156683,2026-01-15T19:34:26Z,VIP-EST,,UNITE,OK
TKT76359539561,2026-01-15T19:34:26Z,PORTE-C,R52863108,UNITE,OK
TKT86375057517,2026-01-15T19:34:27Z,PORTE-B,R58765608,ABONNEMENT,OK
TKT30903513245,2026-01-15T19:34:27Z,PORTE-D,R58133337,UNITE,OK
TKT15660383397,2026-01-15T19:34:27Z,VIP-EST,,UNITE,OK
TKT22877773631,2026-01-15T19:34:27Z,PORTE-A,R57687207,UNITE,OK
TKT63635472411,2026-01-15T19:34:28Z,PORTE-D,R51973712,ABONNEMENT,OK
TKT44056895014,2026-01-15T19:34:28Z,PORTE-D,,UNITE,OK
TKT51779915087,2026-01-15T19:34:28Z,PORTE-C,R56279692,UNITE,OK
TKT83774210662,2026-01-15T19:34:29Z,PORTE-D,R56541108,UNITE,OK
TKT21268805115,2026-01-15T19:34:31Z,PORTE-D,R58626524,UNITE,REFUSE_INVALIDE
TKT27320824116,2026-01-15T19:34:32Z,VIP-EST,R53436531,ABONNEMENT,OK
TKT28021808083,2026-01-15T19:34:34Z,PORTE-B,R59709092,ABONNEMENT,OK
TKT25658001044,2026-01-15T19:34:34Z,PORTE-C,R58675028,UNITE,OK
TKT27875400613,2026-01-15T19:34:35Z,PORTE-C,R51844168,ABONNEMENT,OK
TKT89601379868,2026-01-15T19:34:35Z,VIP-EST,R51466004,UNITE,OK
TKT39656326376,2026-01-15T19:34:36Z,PORTE-B,R58107735,ABONNEMENT,OK
TKT32451201836,2026-01-15T19:34:37Z,PORTE-D,R58759756,UNITE,OK
TKT70249586353,2026-01-15T19:34:37Z,PORTE-C,R54129901,UNITE,OK
TKT36840833589,2026-01-15T19:34:37Z,PORTE-C,,UNITE,OK
TKT79702010997,2026-01-15T19:34:38Z,PORTE-D,R52636834,UNITE,OK
TKT15793396531,2026-01-15T19:34:38Z,PORTE-B,R55576581,UNITE,OK
TKT98893557854,2026-01-15T19:34:38Z,VIP-EST,,VIP,OK
TKT13344893673,2026-01-15T19:34:40Z,PORTE-D,R56755926,ABONNEMENT,OK
TKT40047986167,2026-01-15T19:34:40Z,PORTE-C,R58686876,UNITE,OK
TKT25501577856,2026-01-15T19:34:41Z,PORTE-B,,UNITE,OK
TKT61907490083,2026-01-15T19:34:41Z,PORTE-C,R54425635,UNITE,OK
TKT61376376056,2026-01-15T19:34:41Z,PORTE-A,R54763609,UNITE,OK
TKT80194392476,2026-01-15T19:34:42Z,PORTE-C,R59210043,UNITE,OK
TKT17057384182,2026-01-15T19:34:44Z,PORTE-A,,UNITE,OK
TKT17567541420,2026-01-15T19:34:45Z,PORTE-B,R53653121,ABONNEMENT,OK
TKT57192560470,2026-01-15T19:34:45Z,PORTE-D,R57977836,ABONNEMENT,OK
TKT63891537556,2026-01-15T19:34:45Z,PORTE-C,R54231180,UNITE,OK
TKT65470910571,2026-01-15T19:34:47Z,PORTE-C,R53726279,ABONNEMENT,OK
TKT76168688351,2026-01-15T19:34:47Z,PORTE-C,,UNITE,OK
TKT11208604203,2026-01-15T19:34:48Z,PORTE-D,R53909298,UNITE,OK
TKT97596545646,2026-01-15T19:34:48Z,VIP-EST,R56187474,VIP,OK
TKT70911888165,2026-01-15T19:34:48Z,PORTE-C,R53568058,UNITE,OK
TKT90785500066,2026-01-15T19:34:48Z,PORTE-D,R57195246,UNITE,OK
TKT34951489955,2026-01-15T19:34:48Z,VIP-EST,R56318177,UNITE,OK
TKT76978542998,2026-01-15T19:34:49Z,VIP-EST,R57566590,VIP,OK
TKT77990451267,2026-01-15T19:34:49Z,PORTE-C,,UNITE,OK
TKT11913156763,2026-01-15T19:34:49Z,PORTE-A,,UNITE,OK
TKT91338444124,2026-01-15T19:34:50Z,PORTE-D,R56305371,UNITE,OK
TKT81413668257,2026-01-15T19:34:50Z,PORTE-A,R58941750,UNITE,OK
TKT22883347228,2026-01-15T19:34:51Z,PORTE-C,R58635384,UNITE,OK
TKT47292090765,2026-01-15T19:34:51Z,PORTE-A,,UNITE,OK
TKT54624648960,2026-01-15T19:34:53Z,PORTE-C,R52136837,ABONNEMENT,OK
TKT63484884266,2026-01-15T19:34:53Z,VIP-EST,,GROUPE,OK
TKT49427371844,2026-01-15T19:34:53Z,PORTE-D,,UNITE,OK
TKT41135864913,2026-01-15T19:34:53Z,PORTE-C,R51482632,UNITE,OK
TKT58035924529,2026-01-15T19:34:53Z,PORTE-C,R57450599,UNITE,OK
TKT34759574785,2026-01-15T19:34:54Z,PORTE-A,,GROUPE,OK
TKT10522286278,2026-01-15T19:34:54Z,PORTE-C,R51738521,UNITE,OK
TKT13099435019,2026-01-15T19:34:55Z,PORTE-A,R54151222,ABONNEMENT,OK
TKT95708581973,2026-01-15T19:34:55Z,PORTE-C,R52275308,UNITE,OK
TKT11747402153,2026-01-15T19:34:55Z,PORTE-C,R56548052,UNITE,OK
TKT42862095859,2026-01-15T19:34:56Z,PORTE-A,R51704672,UNITE,OK
TKT47785152683,2026-01-15T19:34:56Z,PORTE-A,R53912976,UNITE,OK
TKT27984217725,2026-01-15T19:34:56Z,PORTE-D,,UNITE,OK
TKT55738186718,2026-01-15T19:34:56Z,PORTE-A,R58927440,VIP,REFUSE_INVALIDE
TKT10506468993,2026-01-15T19:34:56Z,PORTE-D,,UNITE,OK
TKT79964494665,2026-01-15T19:34:57Z,PORTE-B,R56901006,ABONNEMENT,OK
TKT32235946767,2026-01-15T19:34:57Z,PORTE-B,,UNITE,OK
TKT16690314378,2026-01-15T19:34:57Z,PORTE-A,R57196395,UNITE,OK
TKT23184037564,2026-01-15T19:34:57Z,PORTE-A,,UNITE,OK
TKT62845431133,2026-01-15T19:34:58Z,PORTE-A,R57195782,UNITE,OK
TKT16526037416,2026-01-15T19:34:59Z,PORTE-A,R53833286,UNITE,OK
TKT46720641419,2026-01-15T19:35:00Z,PORTE-A,R54755295,ABONNEMENT,OK
TKT78576409486,2026-01-15T19:35:00Z,PORTE-C,R58679664,INVITATION,OK
TKT80386303371,2026-01-15T19:35:00Z,PORTE-A,R55499688,UNITE,OK
TKT31226851256,2026-01-15T19:35:00Z,VIP-EST,R57927704,UNITE,OK
TKT45027085685,2026-01-15T19:35:00Z,PORTE-C,,UNITE,OK
TKT25531289287,2026-01-15T19:35:01Z,PORTE-A,R54939262,UNITE,OK
TKT19684107401,2026-01-15T19:35:02Z,PORTE-A,R53157271,UNITE,OK
TKT36228749426,2026-01-15T19:35:02Z,PORTE-B,R57604653,UNITE,OK
TKT15344995829,2026-01-15T19:35:03Z,PORTE-A,R55164032,UNITE,OK
TKT17146903721,2026-01-15T19:35:04Z,PORTE-A,,INVITATION,OK
TKT16880171674,2026-01-15T19:35:04Z,PORTE-A,,GROUPE,OK
TKT90814321150,2026-01-15T19:35:04Z,PORTE-D,R54564585,UNITE,OK
TKT57555178055,2026-01-15T19:35:05Z,VIP-EST,R56995274,ABONNEMENT,OK
TKT52132561578,2026-01-15T19:35:05Z,VIP-EST,R52471602,UNITE,OK
TKT38769323027,2026-01-15T19:35:06Z,PORTE-D,R55100280,UNITE,OK
TKT88354185796,2026-01-15T19:35:06Z,PORTE-A,R53872585,UNITE,OK
TKT58193355814,2026-01-15T19:35:06Z,PORTE-C,R53821763,INVITATION,OK
TKT97412986440,2026-01-15T19:35:07Z,PORTE-D,R58529057,ABONNEMENT,OK
TKT76242214190,2026-01-15T19:35:07Z,PORTE-C,R54354192,UNITE,OK
TKT62627645094,2026-01-15T19:35:07Z,PORTE-B,R56917279,UNITE,OK
TKT34121649698,2026-01-15T19:35:07Z,PORTE-A,R52296083,INVITATION,OK
TKT10472872991,2026-01-15T19:35:07Z,VIP-EST,,VIP,OK
TKT58270581413,2026-01-15T19:35:07Z,PORTE-C,,UNITE,OK
TKT54783875358,2026-01-15T19:35:08Z,PORTE-D,R59087098,UNITE,OK
TKT40140049445,2026-01-15T19:35:08Z,PORTE-C,R59390121,UNITE,OK
TKT25548534177,2026-01-15T19:35:08Z,PORTE-D,R55875246,UNITE,OK
TKT65037398615,2026-01-15T19:35:08Z,PORTE-C,,UNITE,OK
TKT77710219797,2026-01-15T19:35:09Z,PORTE-B,R52673001,ABONNEMENT,OK
TKT36751604981,2026-01-15T19:35:09Z,PORTE-A,R56660566,VIP,OK
TKT76970333516,2026-01-15T19:35:09Z,PORTE-A,R55318920,UNITE,OK
TKT18348559265,2026-01-15T19:35:09Z,PORTE-D,,UNITE,OK
TKT23836901432,2026-01-15T19:35:10Z,PORTE-C,,UNITE,OK
TKT25009883183,2026-01-15T19:35:10Z,VIP-EST,R51689615,UNITE,OK
TKT16774731733,2026-01-15T19:35:11Z,PORTE-D,R56612216,UNITE,OK
TKT12406768495,2026-01-15T19:35:11Z,PORTE-C,R53294794,UNITE,OK
TKT28423831718,2026-01-15T19:35:12Z,PORTE-A,,UNITE,OK
TKT34159123618,2026-01-15T19:35:12Z,PORTE-A,R51024309,UNITE,OK
TKT59933142081,2026-01-15T19:35:12Z,PORTE-D,R53248474,UNITE,OK
TKT47825284944,2026-01-15T19:35:13Z,PORTE-D,,UNITE,OK
TKT35198229416,2026-01-15T19:35:13Z,VIP-EST,R57731410,UNITE,OK
TKT90215507593,2026-01-15T19:35:14Z,PORTE-A,,UNITE,OK
TKT97271405498,2026-01-15T19:35:14Z,PORTE-A,R55965501,UNITE,OK
TKT46612154761,2026-01-15T19:35:15Z,PORTE-C,R59649018,ABONNEMENT,OK
TKT23416222349,2026-01-15T19:35:15Z,PORTE-C,,UNITE,OK
TKT85958081276,2026-01-15T19:35:16Z,PORTE-C,R57996025,INVITATION,OK
TKT36772685515,2026-01-15T19:35:16Z,PORTE-A,R59506802,UNITE,OK
TKT59100093045,2026-01-15T19:35:17Z,VIP-EST,R59843272,GROUPE,OK
TKT56825523565,2026-01-15T19:35:17Z,PORTE-C,,GROUPE,OK
TKT63374601369,2026-01-15T19:35:17Z,VIP-EST,,UNITE,OK
TKT59769382111,2026-01-15T19:35:17Z,PORTE-C,R53645363,UNITE,OK
TKT52114595612,2026-01-15T19:35:18Z,PORTE-C,R58586478,ABONNEMENT,OK
TKT83263027020,2026-01-15T19:35:18Z,PORTE-C,,GROUPE,OK
TKT38022024529,2026-01-15T19:35:18Z,PORTE-D,R51664961,UNITE,OK
TKT71091627096,2026-01-15T19:35:18Z,PORTE-C,,GROUPE,OK
TKT66956861522,2026-01-15T19:35:19Z,PORTE-B,R54958131,ABONNEMENT,OK
TKT84868189524,2026-01-15T19:35:19Z,PORTE-C,,UNITE,OK
TKT31089161133,2026-01-15T19:35:20Z,PORTE-A,R59609039,UNITE,OK
TKT78446198414,2026-01-15T19:35:20Z,PORTE-C,R59173320,UNITE,OK
TKT16270394524,2026-01-15T19:35:20Z,PORTE-A,R57157163,UNITE,OK
TKT48185852364,2026-01-15T19:35:21Z,PORTE-C,R54030940,UNITE,OK
TKT26584432293,2026-01-15T19:35:21Z,PORTE-C,,UNITE,OK
TKT55656265663,2026-01-15T19:35:22Z,VIP-EST,R51615787,ABONNEMENT,OK
TKT39293909731,2026-01-15T19:35:22Z,PORTE-A,R57304829,VIP,OK
TKT11835378393,2026-01-15T19:35:22Z,PORTE-A,R57454277,UNITE,REFUSE_INVALIDE
TKT50551544903,2026-01-15T19:35:23Z,PORTE-C,R58389906,GROUPE,OK
TKT36903778675,2026-01-15T19:35:23Z,PORTE-A,,UNITE,OK
TKT33815457248,2026-01-15T19:35:23Z,PORTE-D,R57637621,UNITE,OK
TKT48822038392,2026-01-15T19:35:24Z,PORTE-B,,UNITE,OK
TKT74934410657,2026-01-15T19:35:25Z,VIP-EST,R52018260,UNITE,OK
TKT99563613277,2026-01-15T19:35:25Z,PORTE-A,R52801396,UNITE,OK
TKT34769073124,2026-01-15T19:35:25Z,PORTE-B,R56595655,UNITE,OK
TKT19509531281,2026-01-15T19:35:26Z,PMR-NORD,R58847080,ABONNEMENT,OK
TKT48256039453,2026-01-15T19:35:27Z,PORTE-C,R52228519,UNITE,OK
TKT25001425817,2026-01-15T19:35:27Z,VIP-EST,R55259861,GROUPE,OK
TKT16498057157,2026-01-15T19:35:27Z,PORTE-B,R56753675,UNITE,OK
TKT79842753239,2026-01-15T19:35:28Z,PORTE-D,R55413667,UNITE,OK
TKT54161305729,2026-01-15T19:35:30Z,PORTE-C,R56645385,UNITE,OK
TKT51163205152,2026-01-15T19:35:30Z,PORTE-C,R59113256,UNITE,OK
TKT41088678707,2026-01-15T19:35:30Z,PORTE-D,R58568634,UNITE,OK
TKT28070618458,2026-01-15T19:35:31Z,PORTE-A,R53358814,UNITE,OK
TKT72960952089,2026-01-15T19:35:32Z,VIP-EST,R57119033,ABONNEMENT,OK
TKT50779744387,2026-01-15T19:35:32Z,PORTE-A,,UNITE,OK
TKT35447235977,2026-01-15T19:35:32Z,PORTE-C,R54939751,UNITE,OK
TKT43554035005,2026-01-15T19:35:32Z,PORTE-B,R54377821,UNITE,OK
TKT87538071437,2026-01-15T19:35:33Z,PORTE-A,R58322955,UNITE,OK
TKT32260184507,2026-01-15T19:35:33Z,PORTE-D,R55111793,UNITE,OK
TKT60669597471,2026-01-15T19:35:34Z,VIP-EST,R59259552,UNITE,OK
TKT86386940060,2026-01-15T19:35:35Z,VIP-EST,,VIP,OK
TKT55835053510,2026-01-15T19:35:35Z,VIP-EST,R53392328,UNITE,OK
TKT74458715463,2026-01-15T19:35:35Z,PORTE-D,,UNITE,OK
TKT42053970010,2026-01-15T19:35:36Z,PORTE-B,R53632758,ABONNEMENT,OK
TKT12697945537,2026-01-15T19:35:36Z,PORTE-C,R51610538,UNITE,OK
TKT81246709900,2026-01-15T19:35:37Z,PORTE-B,R55945607,ABONNEMENT,OK
TKT60198404686,2026-01-15T19:35:37Z,PORTE-A,R54093265,UNITE,OK
TKT60593766212,2026-01-15T19:35:37Z,PORTE-D,R58340062,UNITE,OK
TKT99078037460,2026-01-15T19:35:37Z,PORTE-C,R57648655,UNITE,OK
TKT30903333796,2026-01-15T19:35:37Z,PORTE-D,R55849232,UNITE,REFUSE_DEJA_SCANNE
TKT28923505950,2026-01-15T19:35:37Z,PORTE-B,,UNITE,OK
TKT92909353006,2026-01-15T19:35:38Z,VIP-EST,,UNITE,OK
TKT22736159110,2026-01-15T19:35:38Z,PORTE-C,R51146775,UNITE,OK
TKT36413770961,2026-01-15T19:35:38Z,VIP-EST,,VIP,OK
TKT92907780724,2026-01-15T19:35:38Z,PORTE-B,,GROUPE,OK
TKT35103764142,2026-01-15T19:35:39Z,PORTE-A,R53515273,VIP,OK
TKT16564599933,2026-01-15T19:35:40Z,PORTE-D,,UNITE,OK
TKT17939945466,2026-01-15T19:35:40Z,PORTE-B,,UNITE,OK
TKT44895782902,2026-01-15T19:35:41Z,VIP-EST,R55910733,ABONNEMENT,OK
TKT60496609683,2026-01-15T19:35:41Z,PMR-NORD,,UNITE,OK
TKT76175060454,2026-01-15T19:35:41Z,VIP-EST,R57245301,UNITE,OK
TKT51264411121,2026-01-15T19:35:42Z,PORTE-C,,UNITE,OK
TKT21294875731,2026-01-15T19:35:43Z,PORTE-C,R59345238,UNITE,OK
TKT17008727584,2026-01-15T19:35:43Z,PORTE-A,R51172722,UNITE,OK
TKT30274178822,2026-01-15T19:35:43Z,PORTE-C,R57807767,UNITE,OK
TKT35098671353,2026-01-15T19:35:44Z,PORTE-D,R54073103,ABONNEMENT,OK
TKT87603023697,2026-01-15T19:35:44Z,PORTE-C,,GROUPE,OK
TKT49340072243,2026-01-15T19:35:45Z,PORTE-A,R55975721,UNITE,OK
TKT85884169150,2026-01-15T19:35:45Z,PORTE-C,R59424727,UNITE,OK
TKT98153715598,2026-01-15T19:35:46Z,PORTE-B,,GROUPE,OK
TKT74653930461,2026-01-15T19:35:46Z,PORTE-A,R58758530,UNITE,OK
TKT43603115618,2026-01-15T19:35:46Z,PORTE-A,R54536598,VIP,OK
TKT82148730797,2026-01-15T19:35:47Z,VIP-EST,R52951370,ABONNEMENT,OK
TKT57921633971,2026-01-15T19:35:47Z,PORTE-C,R53157961,UNITE,OK
TKT98510978028,2026-01-15T19:35:47Z,PORTE-B,R56243937,UNITE,OK
TKT82649883511,2026-01-15T19:35:47Z,PORTE-A,R53925226,UNITE,OK
TKT23639969301,2026-01-15T19:35:49Z,PORTE-A,R54872445,UNITE,OK
TKT77828795862,2026-01-15T19:35:49Z,PORTE-B,R54389267,UNITE,OK
TKT43360519253,2026-01-15T19:35:50Z,VIP-EST,R54361270,UNITE,OK
TKT71133407708,2026-01-15T19:35:51Z,PORTE-D,R58228496,INVITATION,REFUSE_DEJA_SCANNE
TKT15531553151,2026-01-15T19:35:51Z,VIP-EST,R55124465,UNITE,OK
TKT41187742207,2026-01-15T19:35:51Z,PORTE-D,R59579002,UNITE,OK
TKT15064707035,2026-01-15T19:35:51Z,PORTE-C,R57516659,UNITE,OK
TKT19445470371,2026-01-15T19:35:52Z,PORTE-C,R52207878,ABONNEMENT,OK
TKT48644374992,2026-01-15T19:35:52Z,PORTE-A,R54838462,ABONNEMENT,OK
TKT59505871042,2026-01-15T19:35:52Z,PORTE-C,R59839115,UNITE,OK
TKT50572151843,2026-01-15T19:35:52Z,PORTE-C,,UNITE,OK
TKT34813603232,2026-01-15T19:35:53Z,PORTE-C,R59831625,ABONNEMENT,OK
TKT31273790801,2026-01-15T19:35:53Z,PORTE-B,R52770267,UNITE,OK
TKT39054558412,2026-01-15T19:35:54Z,VIP-EST,R51487325,UNITE,OK
TKT47239881031,2026-01-15T19:35:55Z,PORTE-A,,UNITE,OK
TKT34877233089,2026-01-15T19:35:55Z,VIP-EST,R57058892,UNITE,OK
TKT45549157388,2026-01-15T19:35:56Z,PORTE-A,R55924018,ABONNEMENT,OK
TKT28998638357,2026-01-15T19:35:56Z,PORTE-C,R52218778,UNITE,OK
TKT11904361351,2026-01-15T19:35:56Z,PMR-NORD,R55569158,UNITE,OK
TKT35436694955,2026-01-15T19:35:56Z,PORTE-B,R55629845,UNITE,OK
TKT53617310219,2026-01-15T19:35:56Z,PORTE-D,R53542992,UNITE,OK
TKT20600326713,2026-01-15T19:35:57Z,PORTE-D,R51852137,ABONNEMENT,OK
TKT25505823774,2026-01-15T19:35:58Z,PORTE-D,R59771618,ABONNEMENT,OK
TKT14988071176,2026-01-15T19:35:58Z,PORTE-A,R52421202,ABONNEMENT,OK
TKT17289157188,2026-01-15T19:35:58Z,PORTE-C,R52777087,UNITE,OK
TKT63953685571,2026-01-15T19:35:59Z,VIP-EST,,INVITATION,OK
TKT38740002039,2026-01-15T19:35:59Z,PORTE-A,R52864736,UNITE,OK
TKT71187798307,2026-01-15T19:35:59Z,PORTE-A,,GROUPE,OK
TKT38776950315,2026-01-15T19:35:59Z,PORTE-C,,GROUPE,OK
TKT91788339408,2026-01-15T19:36:00Z,PORTE-B,R52583570,ABONNEMENT,OK
TKT91537329212,2026-01-15T19:36:00Z,PORTE-B,R51919356,UNITE,OK
TKT51011038214,2026-01-15T19:36:01Z,VIP-EST,R59787345,UNITE,OK
TKT34616163431,2026-01-15T19:36:01Z,PORTE-A,R53188199,UNITE,OK
TKT55565907499,2026-01-15T19:36:01Z,PORTE-C,R51116939,UNITE,OK
TKT45152976312,2026-01-15T19:36:01Z,VIP-EST,,UNITE,OK
TKT83180432511,2026-01-15T19:36:02Z,VIP-EST,R52139490,UNITE,OK
TKT58551042083,2026-01-15T19:36:02Z,PORTE-D,,UNITE,OK
TKT25810316775,2026-01-15T19:36:02Z,PORTE-C,R59277607,UNITE,OK
TKT66116479234,2026-01-15T19:36:03Z,PORTE-D,R55853724,UNITE,OK
TKT90421835814,2026-01-15T19:36:03Z,PORTE-C,,UNITE,OK
TKT58265520640,2026-01-15T19:36:03Z,PORTE-C,R56636659,UNITE,OK
TKT99871366243,2026-01-15T19:36:03Z,PORTE-A,R57165075,UNITE,OK
TKT42519008987,2026-01-15T19:36:03Z,PORTE-A,R51414043,UNITE,OK
TKT70273505751,2026-01-15T19:36:04Z,PORTE-B,R56335686,UNITE,OK
TKT43287152405,2026-01-15T19:36:05Z,PORTE-C,,GROUPE,OK
TKT82111433064,2026-01-15T19:36:05Z,PORTE-A,R55116975,UNITE,OK
TKT35036442383,2026-01-15T19:36:05Z,PORTE-A,R57531371,INVITATION,OK
TKT11091224837,2026-01-15T19:36:06Z,PORTE-B,,UNITE,OK
TKT24983998277,2026-01-15T19:36:06Z,PORTE-C,R54453364,UNITE,OK
TKT37365952232,2026-01-15T19:36:06Z,VIP-EST,R59846605,UNITE,OK
TKT83288855416,2026-01-15T19:36:07Z,PORTE-C,R51568519,INVITATION,OK
TKT43520695433,2026-01-15T19:36:07Z,PORTE-C,R54579776,UNITE,OK
TKT54348878654,2026-01-15T19:36:07Z,PORTE-D,R55771170,UNITE,OK
TKT50341879157,2026-01-15T19:36:08Z,VIP-EST,R52446201,ABONNEMENT,OK
TKT48337163269,2026-01-15T19:36:08Z,PORTE-D,R56693735,ABONNEMENT,OK
TKT78602414737,2026-01-15T19:36:08Z,PORTE-D,,UNITE,REFUSE_DEJA_SCANNE
TKT10408903020,2026-01-15T19:36:09Z,VIP-EST,R55156542,ABONNEMENT,OK
TKT21580446407,2026-01-15T19:36:09Z,PORTE-C,R57898280,ABONNEMENT,OK
TKT98669844686,2026-01-15T19:36:09Z,PORTE-A,R57139731,UNITE,OK
TKT12424724167,2026-01-15T19:36:09Z,PORTE-C,,UNITE,OK
TKT22619190743,2026-01-15T19:36:10Z,PORTE-B,R56140752,UNITE,OK
TKT71344649728,2026-01-15T19:36:10Z,PORTE-C,R53943415,UNITE,OK
TKT42732870794,2026-01-15T19:36:10Z,PORTE-D,R57332759,UNITE,OK
TKT48399119186,2026-01-15T19:36:10Z,PORTE-C,R59302941,UNITE,OK
TKT75652562859,2026-01-15T19:36:10Z,PORTE-A,R58446034,UNITE,OK
TKT70284100127,2026-01-15T19:36:11Z,VIP-EST,R58615567,ABONNEMENT,OK
TKT61287985848,2026-01-15T19:36:11Z,PORTE-A,R52255826,ABONNEMENT,OK
TKT18429274262,2026-01-15T19:36:11Z,VIP-EST,R57038720,ABONNEMENT,OK
TKT68402584193,2026-01-15T19:36:11Z,PORTE-C,R52673959,UNITE,OK
TKT54084868872,2026-01-15T19:36:12Z,PORTE-C,R55751430,ABONNEMENT,OK
TKT73074575130,2026-01-15T19:36:12Z,PORTE-A,R57415169,ABONNEMENT,OK
TKT17639074004,2026-01-15T19:36:12Z,PORTE-D,R58463878,UNITE,OK
TKT11471557641,2026-01-15T19:36:13Z,PORTE-C,R51979229,UNITE,OK
TKT55562046923,2026-01-15T19:36:13Z,PORTE-C,R57087224,UNITE,OK
TKT33335639663,2026-01-15T19:36:13Z,PORTE-A,R54369105,UNITE,OK
TKT16571886832,2026-01-15T19:36:13Z,VIP-EST,R57575172,UNITE,OK
TKT62367185257,2026-01-15T19:36:14Z,PORTE-C,R52278708,UNITE,OK
TKT29613912089,2026-01-15T19:36:14Z,PORTE-C,,UNITE,OK
TKT25083118609,2026-01-15T19:36:16Z,PORTE-A,R52197926,UNITE,OK
TKT65000612327,2026-01-15T19:36:17Z,PORTE-C,R57560182,ABONNEMENT,OK
TKT75915255282,2026-01-15T19:36:17Z,PORTE-C,R53850584,UNITE,OK
TKT77047273908,2026-01-15T19:36:17Z,PORTE-D,R53477870,UNITE,OK
TKT47418037692,2026-01-15T19:36:17Z,PORTE-A,R58254577,UNITE,OK
TKT19313766973,2026-01-15T19:36:17Z,PORTE-D,R57232907,UNITE,OK
TKT88515233464,2026-01-15T19:36:19Z,VIP-EST,R54977278,ABONNEMENT,OK
TKT20935056853,2026-01-15T19:36:19Z,PORTE-D,,UNITE,OK
TKT70977491103,2026-01-15T19:36:21Z,PORTE-D,R58418727,UNITE,OK
TKT86708059038,2026-01-15T19:36:21Z,PORTE-A,R57712886,UNITE,OK
TKT24081552472,2026-01-15T19:36:21Z,PMR-NORD,R55968154,UNITE,OK
TKT99846379765,2026-01-15T19:36:21Z,PORTE-D,R57235627,UNITE,OK
TKT40595877388,2026-01-15T19:36:22Z,VIP-EST,R53757877,ABONNEMENT,OK
TKT70671357181,2026-01-15T19:36:22Z,PORTE-B,R58537639,UNITE,OK
TKT49565291411,2026-01-15T19:36:22Z,PORTE-A,R55397384,UNITE,OK
TKT52628342399,2026-01-15T19:36:23Z,PORTE-A,R54067174,ABONNEMENT,OK
TKT34994836792,2026-01-15T19:36:23Z,PORTE-B,R56943782,UNITE,OK
TKT32797043878,2026-01-15T19:36:23Z,PORTE-C,,GROUPE,OK
TKT59987626609,2026-01-15T19:36:23Z,PORTE-C,,UNITE,OK
TKT72998594680,2026-01-15T19:36:23Z,PORTE-C,R55770423,UNITE,OK
TKT65866457563,2026-01-15T19:36:24Z,PORTE-C,R59014965,ABONNEMENT,REFUSE_DEJA_SCANNE
TKT33022781660,2026-01-15T19:36:24Z,PORTE-D,R53475763,INVITATION,OK
TKT80826577193,2026-01-15T19:36:25Z,VIP-EST,R56693132,UNITE,OK
TKT43662086157,2026-01-15T19:36:25Z,PORTE-C,,UNITE,OK
TKT93852394286,2026-01-15T19:36:25Z,VIP-EST,R52984348,UNITE,OK
TKT65898236674,2026-01-15T19:36:25Z,PORTE-A,R52185944,UNITE,OK
TKT32052318407,2026-01-15T19:36:26Z,PORTE-C,,UNITE,OK
TKT31663377912,2026-01-15T19:36:27Z,PORTE-C,R58305255,ABONNEMENT,OK
TKT98023838443,2026-01-15T19:36:27Z,PORTE-C,R52679610,UNITE,OK
TKT70377607081,2026-01-15T19:36:28Z,PORTE-B,R56642521,ABONNEMENT,OK
TKT73483339212,2026-01-15T19:36:28Z,PORTE-C,R57862056,UNITE,OK
TKT43149873996,2026-01-15T19:36:28Z,PORTE-C,R58823374,UNITE,OK
TKT26671409252,2026-01-15T19:36:29Z,PORTE-C,,UNITE,OK
TKT63900609300,2026-01-15T19:36:29Z,PORTE-B,,GROUPE,OK
TKT19521264204,2026-01-15T19:36:29Z,PORTE-A,R52285461,INVITATION,OK
TKT73113443231,2026-01-15T19:36:30Z,PORTE-D,R58674817,UNITE,OK
TKT30776552997,2026-01-15T19:36:31Z,PORTE-C,R55194893,ABONNEMENT,OK
TKT66566013224,2026-01-15T19:36:31Z,PORTE-C,R52774759,UNITE,OK
TKT30931344719,2026-01-15T19:36:31Z,PORTE-A,R57761514,UNITE,OK
TKT58333344298,2026-01-15T19:36:31Z,PORTE-D,R54368904,UNITE,OK
TKT70172395964,2026-01-15T19:36:32Z,VIP-EST,,UNITE,OK
TKT89309938517,2026-01-15T19:36:32Z,PORTE-C,R52264820,UNITE,OK
TKT37424044198,2026-01-15T19:36:32Z,PORTE-B,R51459204,UNITE,OK
TKT73129303940,2026-01-15T19:36:32Z,VIP-EST,R51563749,UNITE,OK
TKT18661716878,2026-01-15T19:36:32Z,PORTE-C,,UNITE,OK
TKT81820471933,2026-01-15T19:36:33Z,PORTE-B,R55897860,UNITE,OK
TKT39447412471,2026-01-15T19:36:33Z,VIP-EST,R55624539,UNITE,OK
TKT13898164551,2026-01-15T19:36:33Z,PORTE-C,R54843098,UNITE,OK
TKT18474120708,2026-01-15T19:36:34Z,PORTE-D,R58378872,UNITE,OK
TKT92118252455,2026-01-15T19:36:34Z,PORTE-C,,UNITE,REFUSE_DEJA_SCANNE
TKT56956225835,2026-01-15T19:36:34Z,PORTE-A,R53814273,UNITE,OK
TKT98629063190,2026-01-15T19:36:35Z,VIP-EST,R53906836,VIP,OK
TKT51201561890,2026-01-15T19:36:35Z,PORTE-D,R53718166,UNITE,OK
TKT35238010301,2026-01-15T19:36:36Z,PORTE-C,R56636592,UNITE,OK
TKT19389240902,2026-01-15T19:36:36Z,PORTE-C,,UNITE,OK
TKT43552347128,2026-01-15T19:36:36Z,PORTE-C,R59915127,UNITE,OK
TKT72783299029,2026-01-15T19:36:36Z,PORTE-A,R51249079,UNITE,OK
TKT85713953922,2026-01-15T19:36:37Z,PORTE-C,R55947523,UNITE,OK
TKT29364354508,2026-01-15T19:36:37Z,PORTE-A,R51938158,UNITE,OK
TKT47239700197,2026-01-15T19:36:37Z,VIP-EST,,UNITE,OK
TKT35374161725,2026-01-15T19:36:38Z,VIP-EST,R58069451,VIP,OK
TKT66917404468,2026-01-15T19:36:38Z,PORTE-A,,UNITE,OK
TKT79812017030,2026-01-15T19:36:38Z,PORTE-B,,GROUPE,OK
TKT16301268181,2026-01-15T19:36:39Z,PORTE-C,R58081165,UNITE,OK
TKT51307966141,2026-01-15T19:36:40Z,PORTE-A,R59585946,INVITATION,OK
TKT23858703862,2026-01-15T19:36:41Z,PORTE-C,R51529699,ABONNEMENT,OK
TKT82452702930,2026-01-15T19:36:41Z,PORTE-A,R53695562,UNITE,OK
TKT55647223620,2026-01-15T19:36:41Z,PORTE-C,,UNITE,OK
TKT95816925975,2026-01-15T19:36:42Z,PORTE-B,R58797762,UNITE,OK
TKT43904450816,2026-01-15T19:36:43Z,PORTE-A,,GROUPE,OK
TKT30857022386,2026-01-15T19:36:43Z,PORTE-C,,UNITE,OK
TKT67702979930,2026-01-15T19:36:45Z,PORTE-C,,UNITE,OK
TKT77602073771,2026-01-15T19:36:46Z,PORTE-D,R59895032,UNITE,OK
TKT50669620475,2026-01-15T19:36:46Z,PORTE-A,,UNITE,OK
TKT66188934699,2026-01-15T19:36:46Z,PORTE-A,R51652835,UNITE,OK
TKT69432057995,2026-01-15T19:36:47Z,VIP-EST,R51903964,UNITE,OK
TKT16055845257,2026-01-15T19:36:48Z,PORTE-D,R53757130,ABONNEMENT,OK
TKT22026047146,2026-01-15T19:36:48Z,VIP-EST,R53853706,ABONNEMENT,OK
TKT40257134163,2026-01-15T19:36:48Z,PORTE-D,,UNITE,OK
TKT93718270141,2026-01-15T19:36:49Z,PORTE-C,R53930877,ABONNEMENT,OK
TKT30034078820,2026-01-15T19:36:49Z,PORTE-D,R56114048,UNITE,OK
TKT98131593185,2026-01-15T19:36:49Z,PORTE-C,R52791923,UNITE,OK
TKT14329384747,2026-01-15T19:36:50Z,PMR-NORD,R53484546,ABONNEMENT,OK
TKT98139211769,2026-01-15T19:36:50Z,PORTE-C,R56037212,ABONNEMENT,OK
TKT60831009913,2026-01-15T19:36:50Z,VIP-EST,,INVITATION,OK
TKT71854144782,2026-01-15T19:36:50Z,PORTE-B,R54852283,UNITE,OK
TKT19625097825,2026-01-15T19:36:50Z,PORTE-D,R54399075,UNITE,OK
TKT69627124076,2026-01-15T19:36:51Z,PORTE-C,R54592237,UNITE,OK
TKT36009996946,2026-01-15T19:36:51Z,PMR-NORD,R52337566,UNITE,OK
TKT28546716898,2026-01-15T19:36:51Z,VIP-EST,,UNITE,OK
TKT35337614386,2026-01-15T19:36:52Z,PORTE-A,R52296485,UNITE,REFUSE_INVALIDE
TKT46470718768,2026-01-15T19:36:52Z,VIP-EST,,UNITE,OK
TKT11528104662,2026-01-15T19:36:52Z,PORTE-A,R55394654,UNITE,OK
TKT41385902202,2026-01-15T19:36:53Z,PORTE-D,R51577034,ABONNEMENT,OK
TKT60080503251,2026-01-15T19:36:54Z,PORTE-A,R52145007,UNITE,OK
TKT26848672577,2026-01-15T19:36:54Z,PORTE-D,R51366708,UNITE,OK
TKT59214865675,2026-01-15T19:36:55Z,PORTE-A,R58274528,UNITE,OK
TKT15880356817,2026-01-15T19:36:55Z,PORTE-C,,UNITE,OK
TKT33449211019,2026-01-15T19:36:55Z,PORTE-C,R55067791,UNITE,OK
TKT57009926932,2026-01-15T19:36:56Z,VIP-EST,R57183867,VIP,OK
TKT19790436988,2026-01-15T19:36:56Z,VIP-EST,,UNITE,OK
TKT52236029968,2026-01-15T19:36:56Z,PORTE-D,,GROUPE,OK
TKT45687100841,2026-01-15T19:36:57Z,PORTE-C,R53916845,UNITE,OK
TKT81812132356,2026-01-15T19:36:57Z,PORTE-D,,GROUPE,OK
TKT18500931844,2026-01-15T19:36:57Z,PORTE-C,R59284752,UNITE,OK
TKT77316673739,2026-01-15T19:36:58Z,PORTE-D,R55169683,UNITE,OK
TKT93859743169,2026-01-15T19:37:00Z,PORTE-C,R53388995,UNITE,OK
TKT12561333144,2026-01-15T19:37:00Z,PORTE-D,R51922833,UNITE,OK
TKT26670569951,2026-01-15T19:37:00Z,PORTE-C,R56572026,UNITE,OK
TKT99133963193,2026-01-15T19:37:01Z,PORTE-D,R54328925,ABONNEMENT,OK
TKT14770649989,2026-01-15T19:37:02Z,VIP-EST,R59048747,ABONNEMENT,REFUSE_DEJA_SCANNE
TKT71266217578,2026-01-15T19:37:02Z,PORTE-A,R55216750,UNITE,OK
TKT54785061272,2026-01-15T19:37:03Z,PORTE-C,R52801741,UNITE,OK
TKT80671581524,2026-01-15T19:37:03Z,PORTE-A,,GROUPE,REFUSE_INVALIDE
TKT95145708947,2026-01-15T19:37:03Z,PORTE-A,R54025346,UNITE,OK
TKT91962259113,2026-01-15T19:37:04Z,PORTE-C,R52693163,ABONNEMENT,OK
TKT10577181271,2026-01-15T19:37:04Z,VIP-EST,,GROUPE,OK
TKT41765574825,2026-01-15T19:37:04Z,PORTE-A,R56730525,UNITE,OK
TKT84582091817,2026-01-15T19:37:04Z,PORTE-B,R53412346,UNITE,OK
TKT68266897015,2026-01-15T19:37:05Z,PORTE-C,R57168619,UNITE,OK
TKT32549055697,2026-01-15T19:37:05Z,VIP-EST,R56077536,UNITE,OK
TKT80470853251,2026-01-15T19:37:06Z,PORTE-D,R52901114,ABONNEMENT,OK
TKT81166258345,2026-01-15T19:37:06Z,PORTE-C,R53747734,ABONNEMENT,OK
TKT64747711918,2026-01-15T19:37:06Z,PORTE-B,R51964929,UNITE,OK
TKT33301205754,2026-01-15T19:37:06Z,VIP-EST,R51190777,VIP,OK
TKT45229911430,2026-01-15T19:37:06Z,PORTE-D,R51259567,UNITE,OK
TKT49608750273,2026-01-15T19:37:06Z,PORTE-C,R51067832,UNITE,OK
TKT62761662341,2026-01-15T19:37:07Z,PORTE-D,R56911226,ABONNEMENT,OK
TKT75705178130,2026-01-15T19:37:07Z,PORTE-C,R58054193,ABONNEMENT,OK
TKT48600205656,2026-01-15T19:37:07Z,VIP-EST,R56244885,UNITE,OK
TKT52111186426,2026-01-15T19:37:08Z,PORTE-A,,UNITE,OK
TKT71344212562,2026-01-15T19:37:08Z,PORTE-D,R53128738,UNITE,OK
TKT29449646275,2026-01-15T19:37:08Z,PORTE-C,R59337202,UNITE,OK
TKT54135774472,2026-01-15T19:37:08Z,PORTE-A,R58274538,UNITE,OK
TKT81371502373,2026-01-15T19:37:08Z,PORTE-B,R52349414,UNITE,OK
TKT46266851057,2026-01-15T19:37:08Z,PORTE-C,R56547037,UNITE,OK
TKT22959012884,2026-01-15T19:37:09Z,PORTE-D,,UNITE,OK
TKT42958098684,2026-01-15T19:37:09Z,PORTE-C,R58934662,UNITE,OK
TKT96222703282,2026-01-15T19:37:11Z,PORTE-C,R57196261,UNITE,OK
TKT91363830427,2026-01-15T19:37:11Z,PORTE-D,R53243436,UNITE,OK
TKT59108517161,2026-01-15T19:37:11Z,PORTE-C,,UNITE,OK
TKT13433659058,2026-01-15T19:37:11Z,PORTE-C,R57935271,UNITE,OK
TKT94823900138,2026-01-15T19:37:11Z,PORTE-A,R56829831,UNITE,OK
TKT61697225712,2026-01-15T19:37:12Z,PORTE-A,R54678680,ABONNEMENT,OK
TKT77497130287,2026-01-15T19:37:12Z,PORTE-C,R59084512,UNITE,OK
TKT49954897966,2026-01-15T19:37:12Z,PORTE-B,R57981035,UNITE,OK
TKT70796640179,2026-01-15T19:37:12Z,PORTE-C,R59169987,UNITE,OK
TKT46099810531,2026-01-15T19:37:13Z,PORTE-A,R52463499,UNITE,OK
TKT43140337871,2026-01-15T19:37:13Z,PORTE-A,R53891990,GROUPE,OK
TKT63686501409,2026-01-15T19:37:13Z,PORTE-C,R52769922,UNITE,OK
TKT66309495684,2026-01-15T19:37:13Z,VIP-EST,R56405290,UNITE,OK
TKT54774540212,2026-01-15T19:37:14Z,PORTE-C,R55941728,UNITE,OK
TKT88552094350,2026-01-15T19:37:14Z,PORTE-C,R59050529,UNITE,OK
TKT48598890463,2026-01-15T19:37:14Z,PORTE-C,,UNITE,OK
TKT64259624599,2026-01-15T19:37:14Z,PORTE-A,R52588963,UNITE,OK
TKT43341830350,2026-01-15T19:37:14Z,VIP-EST,R52725652,UNITE,OK
TKT79710986060,2026-01-15T19:37:14Z,PORTE-C,,GROUPE,OK
TKT56841404117,2026-01-15T19:37:15Z,PORTE-D,R54660347,UNITE,OK
TKT44137712414,2026-01-15T19:37:16Z,VIP-EST,R57236049,ABONNEMENT,OK
TKT19803887955,2026-01-15T19:37:16Z,VIP-EST,R54005673,UNITE,OK
TKT69842542128,2026-01-15T19:37:17Z,PORTE-C,R53117704,UNITE,OK
TKT26817014834,2026-01-15T19:37:18Z,VIP-EST,R51512669,ABONNEMENT,OK
TKT57113533572,2026-01-15T19:37:18Z,PORTE-C,R57371033,ABONNEMENT,OK
TKT30102641970,2026-01-15T19:37:18Z,PORTE-C,R52596376,UNITE,OK
TKT60767405909,2026-01-15T19:37:19Z,PORTE-D,R59674630,ABONNEMENT,OK
TKT86076612376,2026-01-15T19:37:19Z,PORTE-C,R57606358,ABONNEMENT,OK
TKT12994849574,2026-01-15T19:37:19Z,PORTE-C,R52209104,UNITE,OK
TKT18524183648,2026-01-15T19:37:19Z,VIP-EST,,VIP,OK
TKT27904482628,2026-01-15T19:37:20Z,PORTE-C,R57657716,UNITE,OK
TKT36398801339,2026-01-15T19:37:20Z,PORTE-D,,UNITE,OK
TKT67354403023,2026-01-15T19:37:20Z,PORTE-A,R59566119,VIP,OK
TKT49139477947,2026-01-15T19:37:20Z,PORTE-A,R54569221,UNITE,OK
TKT82472024497,2026-01-15T19:37:21Z,PORTE-A,R52181452,UNITE,OK
TKT16514645001,2026-01-15T19:37:21Z,PORTE-A,,UNITE,OK
TKT42242594150,2026-01-15T19:37:22Z,PORTE-C,R58042958,ABONNEMENT,OK
TKT27984966314,2026-01-15T19:37:22Z,PORTE-B,R53810260,UNITE,OK
TKT53974106023,2026-01-15T19:37:23Z,PORTE-D,R56041915,ABONNEMENT,REFUSE_DEJA_SCANNE
TKT19653486699,2026-01-15T19:37:23Z,PORTE-C,R57152681,UNITE,OK
TKT73343713287,2026-01-15T19:37:24Z,PORTE-D,R53655985,ABONNEMENT,OK
TKT50248545367,2026-01-15T19:37:24Z,PORTE-C,,UNITE,OK
TKT94092541735,2026-01-15T19:37:24Z,PORTE-A,R56763081,UNITE,OK
TKT96218165647,2026-01-15T19:37:25Z,VIP-EST,R54385522,ABONNEMENT,OK
TKT68829046579,2026-01-15T19:37:26Z,PORTE-C,R54526043,ABONNEMENT,OK
TKT84415126536,2026-01-15T19:37:26Z,VIP-EST,R51213448,ABONNEMENT,OK
TKT44407688494,2026-01-15T19:37:26Z,PORTE-C,,UNITE,OK
TKT62515094562,2026-01-15T19:37:26Z,PORTE-C,R53895256,UNITE,OK
TKT36007449051,2026-01-15T19:37:26Z,PORTE-B,R54858959,UNITE,OK
TKT63275836531,2026-01-15T19:37:27Z,VIP-EST,R55228608,ABONNEMENT,OK
TKT51246915849,2026-01-15T19:37:28Z,PORTE-A,R57572921,UNITE,OK
TKT43376136985,2026-01-15T19:37:28Z,VIP-EST,R58825213,UNITE,OK
TKT12870501674,2026-01-15T19:37:28Z,PORTE-D,,UNITE,OK
TKT92081118822,2026-01-15T19:37:29Z,PORTE-C,,UNITE,OK
TKT69494646317,2026-01-15T19:37:30Z,PORTE-C,,UNITE,OK
TKT26065571469,2026-01-15T19:37:31Z,PORTE-C,R57900541,ABONNEMENT,OK
TKT12756986067,2026-01-15T19:37:31Z,PORTE-D,,GROUPE,OK
TKT41973606581,2026-01-15T19:37:31Z,PORTE-C,,GROUPE,OK
TKT41214611983,2026-01-15T19:37:31Z,PORTE-C,R55350049,UNITE,REFUSE_DEJA_SCANNE
TKT69251024322,2026-01-15T19:37:32Z,PORTE-A,R53636101,UNITE,OK
TKT15202092211,2026-01-15T19:37:32Z,PORTE-B,,UNITE,OK
TKT27396840618,2026-01-15T19:37:32Z,PORTE-D,,INVITATION,OK
TKT33851282809,2026-01-15T19:37:33Z,PORTE-B,R55909373,UNITE,OK
TKT77386636241,2026-01-15T19:37:33Z,PORTE-C,,INVITATION,OK
TKT62975634059,2026-01-15T19:37:34Z,PORTE-D,R59895233,UNITE,OK
TKT85474813641,2026-01-15T19:37:34Z,PORTE-A,R51621438,UNITE,OK
TKT78475542966,2026-01-15T19:37:34Z,PORTE-C,R58930505,INVITATION,OK
TKT52943276349,2026-01-15T19:37:35Z,PORTE-A,R52741255,ABONNEMENT,OK
TKT10320256482,2026-01-15T19:37:35Z,PORTE-A,R59390255,ABONNEMENT,OK
TKT52195003957,2026-01-15T19:37:35Z,PORTE-C,R55779216,UNITE,OK
TKT64468384816,2026-01-15T19:37:35Z,PORTE-D,,UNITE,OK
TKT26989462445,2026-01-15T19:37:35Z,PORTE-A,R52707396,UNITE,OK
TKT67383735802,2026-01-15T19:37:35Z,PORTE-A,R54334576,VIP,OK
TKT97227443133,2026-01-15T19:37:36Z,PORTE-C,R57035186,UNITE,OK
TKT82871789627,2026-01-15T19:37:36Z,PORTE-C,,UNITE,OK
TKT65634410257,2026-01-15T19:37:36Z,VIP-EST,,VIP,OK
TKT58247088332,2026-01-15T19:37:36Z,PORTE-C,R52283622,UNITE,OK
TKT23305933412,2026-01-15T19:37:36Z,PORTE-B,R57640073,UNITE,OK
TKT10509717431,2026-01-15T19:37:37Z,PORTE-C,R52807124,UNITE,OK
TKT76313890887,2026-01-15T19:37:38Z,PORTE-A,R56453995,ABONNEMENT,OK
TKT80951055175,2026-01-15T19:37:38Z,PORTE-C,R55101305,ABONNEMENT,OK
TKT27328017839,2026-01-15T19:37:38Z,PORTE-A,R56566442,UNITE,OK
TKT72544196111,2026-01-15T19:37:39Z,PORTE-A,R51176266,INVITATION,OK
TKT80816048100,2026-01-15T19:37:39Z,PORTE-B,,GROUPE,OK
TKT30216721683,2026-01-15T19:37:39Z,PORTE-C,R59057272,UNITE,OK
TKT12069123430,2026-01-15T19:37:40Z,VIP-EST,R59447274,INVITATION,OK
TKT66479722744,2026-01-15T19:37:40Z,PORTE-C,R54787114,UNITE,OK
TKT12494240437,2026-01-15T19:37:41Z,PORTE-C,,UNITE,OK
TKT16285264434,2026-01-15T19:37:41Z,PORTE-A,R55696116,VIP,REFUSE_DEJA_SCANNE
TKT11679261697,2026-01-15T19:37:41Z,PORTE-A,,UNITE,OK
TKT89138540437,2026-01-15T19:37:41Z,VIP-EST,,UNITE,OK
TKT40960745447,2026-01-15T19:37:42Z,PORTE-C,R59997681,ABONNEMENT,OK
TKT66685296611,2026-01-15T19:37:42Z,PORTE-C,R54634611,ABONNEMENT,OK
TKT78526047419,2026-01-15T19:37:42Z,PORTE-B,R56694013,UNITE,OK
TKT72857952441,2026-01-15T19:37:42Z,PORTE-C,R51734431,INVITATION,OK
TKT72307228515,2026-01-15T19:37:43Z,PORTE-A,R59844488,UNITE,OK
TKT33216265018,2026-01-15T19:37:43Z,VIP-EST,R57462313,VIP,OK
TKT74589968329,2026-01-15T19:37:45Z,PORTE-C,R51353969,UNITE,OK
TKT80325777535,2026-01-15T19:37:45Z,VIP-EST,R59914715,UNITE,OK
TKT89950390819,2026-01-15T19:37:46Z,PORTE-B,R59260098,ABONNEMENT,OK
TKT76771826305,2026-01-15T19:37:46Z,PORTE-A,R55067322,GROUPE,OK
TKT38514239287,2026-01-15T19:37:46Z,PORTE-D,,UNITE,OK
TKT87446709824,2026-01-15T19:37:46Z,PORTE-C,R53343700,UNITE,OK
TKT53337878006,2026-01-15T19:37:47Z,PORTE-A,,INVITATION,OK
TKT19530439518,2026-01-15T19:37:47Z,PORTE-C,,UNITE,OK
TKT89333357318,2026-01-15T19:37:47Z,PORTE-D,R57972798,UNITE,OK
TKT82226635022,2026-01-15T19:37:47Z,PORTE-B,R52533381,UNITE,OK
TKT62094374492,2026-01-15T19:37:47Z,PORTE-C,,UNITE,OK
TKT30115239730,2026-01-15T19:37:48Z,PORTE-C,R59969818,ABONNEMENT,OK
TKT10908753207,2026-01-15T19:37:48Z,PORTE-C,R55403313,UNITE,OK
TKT61381249402,2026-01-15T19:37:48Z,PORTE-C,R55727034,UNITE,OK
TKT46949678115,2026-01-15T19:37:49Z,VIP-EST,,INVITATION,OK
TKT95567909146,2026-01-15T19:37:50Z,PORTE-B,R54678814,ABONNEMENT,OK
TKT29136084182,2026-01-15T19:37:50Z,PORTE-D,R59736811,UNITE,OK
TKT93149937322,2026-01-15T19:37:50Z,PORTE-B,R58807905,UNITE,OK
TKT25645402604,2026-01-15T19:37:50Z,PORTE-C,,UNITE,OK
TKT46599995137,2026-01-15T19:37:51Z,PORTE-A,R52371750,UNITE,OK
TKT39581152033,2026-01-15T19:37:51Z,VIP-EST,,UNITE,OK
TKT57101334903,2026-01-15T19:37:51Z,PORTE-B,R55935263,UNITE,OK
TKT59828369148,2026-01-15T19:37:51Z,PORTE-C,R58315810,UNITE,OK
TKT27849113657,2026-01-15T19:37:51Z,PORTE-C,R54936676,UNITE,OK
TKT13499745550,2026-01-15T19:37:51Z,PORTE-B,,GROUPE,OK
TKT12264255116,2026-01-15T19:37:51Z,PORTE-A,R55451184,UNITE,OK
TKT98002858920,2026-01-15T19:37:52Z,PORTE-C,R54228192,UNITE,OK
TKT35814282301,2026-01-15T19:37:52Z,PORTE-C,R59440598,UNITE,OK
TKT64540512832,2026-01-15T19:37:53Z,PORTE-A,R55581686,UNITE,OK
TKT12918685018,2026-01-15T19:37:53Z,VIP-EST,R59124769,UNITE,OK
TKT18165827909,2026-01-15T19:37:54Z,PORTE-D,R57156761,ABONNEMENT,OK
TKT34039282423,2026-01-15T19:37:54Z,PORTE-A,R55200477,UNITE,OK
TKT11775228218,2026-01-15T19:37:54Z,PORTE-C,,INVITATION,OK
TKT54983351467,2026-01-15T19:37:55Z,PORTE-D,R54167907,ABONNEMENT,OK
TKT44403724075,2026-01-15T19:37:55Z,PORTE-C,,UNITE,OK
TKT69003144650,2026-01-15T19:37:56Z,PORTE-C,R55105462,ABONNEMENT,OK
TKT99851931020,2026-01-15T19:37:56Z,PORTE-C,R56502623,UNITE,REFUSE_DEJA_SCANNE
TKT39286078760,2026-01-15T19:37:57Z,PORTE-C,,GROUPE,OK
TKT50412416520,2026-01-15T19:37:57Z,PORTE-D,R58853612,UNITE,OK
TKT41352874148,2026-01-15T19:37:59Z,PORTE-D,R57174538,UNITE,OK
TKT41984823130,2026-01-15T19:38:00Z,PORTE-D,R56251638,ABONNEMENT,OK
TKT26206820359,2026-01-15T19:38:00Z,PORTE-C,R54104902,UNITE,OK
TKT28772268236,2026-01-15T19:38:00Z,PORTE-B,R58562102,UNITE,OK
TKT67711971093,2026-01-15T19:38:01Z,PORTE-D,R54319184,ABONNEMENT,OK
TKT47636487878,2026-01-15T19:38:01Z,PORTE-D,,GROUPE,OK
TKT41774100311,2026-01-15T19:38:01Z,PORTE-D,,UNITE,OK
TKT79107674503,2026-01-15T19:38:02Z,VIP-EST,R57687006,UNITE,OK
TKT32474874330,2026-01-15T19:38:03Z,PORTE-C,R56928514,ABONNEMENT,OK
TKT22272529640,2026-01-15T19:38:03Z,PORTE-B,R53990683,UNITE,OK
TKT41045081329,2026-01-15T19:38:03Z,PORTE-C,,GROUPE,OK
TKT10193205183,2026-01-15T19:38:03Z,VIP-EST,R54573177,UNITE,OK
TKT53998783358,2026-01-15T19:38:04Z,PORTE-D,R51392933,ABONNEMENT,OK
TKT35611399555,2026-01-15T19:38:05Z,PORTE-A,,UNITE,OK
TKT65388173159,2026-01-15T19:38:05Z,PORTE-B,R52313103,UNITE,OK
TKT11382143217,2026-01-15T19:38:05Z,PORTE-D,,UNITE,OK
TKT95847665160,2026-01-15T19:38:05Z,PORTE-C,,UNITE,OK
TKT26410495447,2026-01-15T19:38:05Z,PORTE-A,R51313980,INVITATION,OK
TKT51306435676,2026-01-15T19:38:06Z,PORTE-C,R51101614,ABONNEMENT,OK
TKT57537538652,2026-01-15T19:38:06Z,PORTE-A,R59209219,ABONNEMENT,OK
TKT92950570293,2026-01-15T19:38:06Z,VIP-EST,R52246363,UNITE,OK
TKT11971550232,2026-01-15T19:38:06Z,PORTE-B,,UNITE,OK
TKT97171168615,2026-01-15T19:38:07Z,PORTE-C,R57740883,UNITE,OK
TKT97679616135,2026-01-15T19:38:07Z,PORTE-A,R53172462,UNITE,OK
TKT88223335740,2026-01-15T19:38:08Z,PORTE-C,R59842860,UNITE,OK
TKT11573871854,2026-01-15T19:38:10Z,VIP-EST,R59865675,UNITE,OK
TKT47538220725,2026-01-15T19:38:10Z,PORTE-D,R57652544,INVITATION,OK
TKT70456834905,2026-01-15T19:38:11Z,PORTE-A,R52275040,ABONNEMENT,OK
TKT54827560966,2026-01-15T19:38:11Z,PORTE-C,R59907014,UNITE,OK
TKT24014248898,2026-01-15T19:38:11Z,PORTE-B,R52310450,UNITE,OK
TKT81920398953,2026-01-15T19:38:12Z,PORTE-C,R59733411,UNITE,OK
TKT97076739531,2026-01-15T19:38:13Z,PORTE-A,R51232049,ABONNEMENT,OK
TKT18936480465,2026-01-15T19:38:13Z,VIP-EST,,UNITE,OK
TKT27218865301,2026-01-15T19:38:13Z,VIP-EST,R57882141,VIP,OK
TKT38234248614,2026-01-15T19:38:13Z,PORTE-B,R59858530,UNITE,OK
TKT32098780127,2026-01-15T19:38:13Z,PORTE-A,R53053617,UNITE,OK
TKT20575419926,2026-01-15T19:38:14Z,PORTE-B,R51000804,UNITE,OK
TKT31343385202,2026-01-15T19:38:15Z,PORTE-C,R52955738,UNITE,OK
TKT78004737142,2026-01-15T19:38:15Z,PORTE-D,,UNITE,OK
TKT65613489316,2026-01-15T19:38:16Z,PORTE-D,R53784303,UNITE,OK
TKT97594639336,2026-01-15T19:38:17Z,PORTE-C,R56559900,ABONNEMENT,OK
TKT48506905885,2026-01-15T19:38:17Z,VIP-EST,,UNITE,OK
TKT65367062801,2026-01-15T19:38:17Z,VIP-EST,,INVITATION,OK
TKT20572906270,2026-01-15T19:38:17Z,VIP-EST,R51415537,VIP,OK
TKT32608432066,2026-01-15T19:38:17Z,VIP-EST,,UNITE,OK
TKT23758468589,2026-01-15T19:38:18Z,PORTE-C,R55243990,UNITE,OK
TKT10221183206,2026-01-15T19:38:18Z,PORTE-A,R56270631,UNITE,OK
TKT82393681587,2026-01-15T19:38:18Z,PORTE-C,R58473284,UNITE,OK
TKT86798189025,2026-01-15T19:38:18Z,PORTE-B,,UNITE,OK
TKT40939793643,2026-01-15T19:38:19Z,PORTE-D,R53420114,ABONNEMENT,OK
TKT71701968767,2026-01-15T19:38:19Z,PORTE-A,R59674764,UNITE,OK
TKT59886083105,2026-01-15T19:38:20Z,PORTE-C,R57173379,UNITE,REFUSE_DEJA_SCANNE
TKT54939223113,2026-01-15T19:38:20Z,VIP-EST,R54088485,UNITE,OK
TKT41143455407,2026-01-15T19:38:20Z,PORTE-D,R57505970,UNITE,OK
TKT77739227542,2026-01-15T19:38:20Z,PORTE-A,,UNITE,OK
TKT60842442937,2026-01-15T19:38:21Z,PORTE-D,R59673327,ABONNEMENT,REFUSE_DEJA_SCANNE
TKT20875726973,2026-01-15T19:38:21Z,PORTE-A,,UNITE,OK
TKT54779961135,2026-01-15T19:38:22Z,PORTE-A,R51763989,UNITE,OK
TKT78658399384,2026-01-15T19:38:22Z,PORTE-C,R54619286,UNITE,OK
TKT66261084449,2026-01-15T19:38:23Z,PORTE-D,R55705723,ABONNEMENT,OK
TKT94374187877,2026-01-15T19:38:23Z,VIP-EST,R59219707,UNITE,OK
TKT29580241366,2026-01-15T19:38:23Z,PORTE-D,R53274153,UNITE,OK
TKT19753520374,2026-01-15T19:38:24Z,PORTE-A,,UNITE,OK
TKT50569145241,2026-01-15T19:38:24Z,PORTE-A,,UNITE,OK
TKT72872265726,2026-01-15T19:38:24Z,PORTE-A,R59453873,UNITE,OK
TKT78217863522,2026-01-15T19:38:26Z,PORTE-A,R55880907,ABONNEMENT,OK
TKT88317087013,2026-01-15T19:38:26Z,PORTE-C,R59868673,UNITE,OK
TKT22573049695,2026-01-15T19:38:26Z,PORTE-C,R53366582,UNITE,OK
TKT62775035340,2026-01-15T19:38:27Z,PORTE-C,,GROUPE,OK
TKT12896591956,2026-01-15T19:38:27Z,PORTE-A,R52157880,UNITE,OK
TKT31390893077,2026-01-15T19:38:27Z,VIP-EST,R57824720,UNITE,OK
TKT30247363708,2026-01-15T19:38:27Z,PORTE-C,R59099358,UNITE,OK
TKT51059748270,2026-01-15T19:38:28Z,PORTE-C,R52071514,UNITE,OK
TKT78252255065,2026-01-15T19:38:29Z,PORTE-C,R57702398,ABONNEMENT,OK
TKT18551044376,2026-01-15T19:38:29Z,PORTE-C,,UNITE,OK
TKT55572004318,2026-01-15T19:38:29Z,VIP-EST,,VIP,OK
TKT89261812523,2026-01-15T19:38:30Z,PORTE-A,R56327985,UNITE,OK
TKT91137398382,2026-01-15T19:38:30Z,PORTE-B,R59668557,UNITE,OK
TKT63837937360,2026-01-15T19:38:31Z,PORTE-D,R55796179,UNITE,OK
TKT20742662839,2026-01-15T19:38:33Z,VIP-EST,R51372838,ABONNEMENT,OK
TKT37970025948,2026-01-15T19:38:33Z,PORTE-A,,UNITE,OK
TKT96006797907,2026-01-15T19:38:33Z,PORTE-A,R59913968,UNITE,OK
TKT61479070518,2026-01-15T19:38:33Z,PORTE-C,R52666258,UNITE,OK
TKT12404785210,2026-01-15T19:38:34Z,PORTE-C,R52825102,ABONNEMENT,OK
TKT51781754875,2026-01-15T19:38:34Z,VIP-EST,R58332495,UNITE,OK
TKT71843003553,2026-01-15T19:38:34Z,PORTE-A,R55699660,UNITE,OK
TKT62036234160,2026-01-15T19:38:35Z,PORTE-C,R55570595,ABONNEMENT,OK
TKT62705892939,2026-01-15T19:38:35Z,PORTE-C,R56137141,UNITE,OK
TKT32276566968,2026-01-15T19:38:35Z,PORTE-C,R52497616,UNITE,OK
TKT46293757095,2026-01-15T19:38:35Z,PORTE-A,R54654093,UNITE,OK
TKT20307500772,2026-01-15T19:38:35Z,PORTE-A,R54324490,UNITE,OK
TKT77861788275,2026-01-15T19:38:36Z,PORTE-A,R57758593,ABONNEMENT,OK
TKT71188717314,2026-01-15T19:38:36Z,PORTE-B,R53327082,GROUPE,OK
TKT25745643028,2026-01-15T19:38:36Z,PORTE-C,R56471427,UNITE,OK
TKT20791748397,2026-01-15T19:38:36Z,PORTE-A,R59546034,UNITE,OK
TKT66969653046,2026-01-15T19:38:37Z,PORTE-D,R56766615,UNITE,REFUSE_INVALIDE
TKT61708586530,2026-01-15T19:38:37Z,VIP-EST,R56948341,UNITE,OK
TKT65610940799,2026-01-15T19:38:37Z,PORTE-A,R57053097,UNITE,OK
TKT17685651991,2026-01-15T19:38:37Z,PORTE-C,,UNITE,OK
TKT23239387205,2026-01-15T19:38:37Z,PORTE-A,R58165347,UNITE,OK
TKT45444427195,2026-01-15T19:38:38Z,PORTE-C,,UNITE,OK
TKT94272165741,2026-01-15T19:38:39Z,PORTE-C,R55071402,UNITE,OK
TKT88731544053,2026-01-15T19:38:39Z,PORTE-C,,UNITE,OK
TKT85579682709,2026-01-15T19:38:40Z,PORTE-A,R54164775,ABONNEMENT,OK
TKT40100200711,2026-01-15T19:38:40Z,VIP-EST,R52688192,ABONNEMENT,OK
TKT68116975167,2026-01-15T19:38:40Z,VIP-EST,,VIP,OK
TKT56904444738,2026-01-15T19:38:40Z,PORTE-C,R56326548,UNITE,OK
TKT23657396513,2026-01-15T19:38:41Z,PORTE-C,R53600949,ABONNEMENT,OK
TKT39238364640,2026-01-15T19:38:41Z,VIP-EST,R56231610,UNITE,OK
TKT96077590512,2026-01-15T19:38:42Z,PORTE-B,R55341457,ABONNEMENT,OK
TKT97625231259,2026-01-15T19:38:42Z,PORTE-D,R52121780,UNITE,OK
TKT30908224827,2026-01-15T19:38:43Z,PORTE-C,R55148027,ABONNEMENT,OK
TKT93500736397,2026-01-15T19:38:43Z,PORTE-C,R57829567,UNITE,OK
TKT34404776870,2026-01-15T19:38:45Z,VIP-EST,R57470339,UNITE,OK
TKT48954682664,2026-01-15T19:38:45Z,PORTE-C,R58657864,UNITE,OK
TKT77902145701,2026-01-15T19:38:46Z,PORTE-A,,INVITATION,OK
TKT35398016485,2026-01-15T19:38:47Z,PORTE-C,R58008218,UNITE,OK
TKT69126442724,2026-01-15T19:38:47Z,PORTE-D,,UNITE,OK
TKT87253835338,2026-01-15T19:38:47Z,PORTE-C,R51436178,UNITE,OK
TKT23934295430,2026-01-15T19:38:47Z,PORTE-B,,UNITE,OK
TKT19962364610,2026-01-15T19:38:48Z,PORTE-C,R54896898,UNITE,OK
TKT32996621605,2026-01-15T19:38:48Z,PORTE-A,,UNITE,OK
TKT84239320330,2026-01-15T19:38:49Z,VIP-EST,,UNITE,OK
TKT34781270362,2026-01-15T19:38:49Z,PORTE-D,R52370869,UNITE,OK
TKT30958295798,2026-01-15T19:38:49Z,VIP-EST,R51843143,UNITE,OK
TKT36984087260,2026-01-15T19:38:49Z,VIP-EST,,VIP,OK
TKT54715920239,2026-01-15T19:38:49Z,PORTE-D,R55846914,UNITE,OK
TKT73650760627,2026-01-15T19:38:50Z,VIP-EST,R57464765,UNITE,OK
TKT93125947728,2026-01-15T19:38:51Z,PORTE-A,R56184754,UNITE,OK
TKT11116678383,2026-01-15T19:38:51Z,PORTE-C,R59762145,INVITATION,OK
TKT74142363574,2026-01-15T19:38:51Z,PORTE-C,R55697754,UNITE,OK
TKT50233895080,2026-01-15T19:38:51Z,PORTE-C,,UNITE,OK
TKT98158185537,2026-01-15T19:38:51Z,VIP-EST,R58515303,VIP,OK
TKT48522113579,2026-01-15T19:38:52Z,PORTE-B,R56034693,ABONNEMENT,OK
TKT93553112331,2026-01-15T19:38:52Z,PORTE-C,R58472805,UNITE,OK
TKT37334831231,2026-01-15T19:38:52Z,PORTE-C,R58077276,UNITE,OK
TKT36136364172,2026-01-15T19:38:53Z,PORTE-B,R53763059,UNITE,OK
TKT20504773801,2026-01-15T19:38:53Z,VIP-EST,,UNITE,OK
TKT23554059283,2026-01-15T19:38:53Z,PORTE-C,R52618856,UNITE,OK
TKT16044590436,2026-01-15T19:38:53Z,PORTE-B,,UNITE,OK
TKT97522860190,2026-01-15T19:38:54Z,PORTE-C,R52699226,UNITE,OK
TKT10073348166,2026-01-15T19:38:54Z,PORTE-B,R52381625,UNITE,OK
TKT47500547343,2026-01-15T19:38:54Z,PORTE-A,,GROUPE,OK
TKT44499172952,2026-01-15T19:38:54Z,PORTE-A,R57079925,VIP,OK
TKT22777179964,2026-01-15T19:38:55Z,PORTE-A,R52966025,UNITE,OK
TKT75686437053,2026-01-15T19:38:55Z,PORTE-C,R52585074,UNITE,OK
TKT29143070556,2026-01-15T19:38:55Z,PORTE-D,R58407549,UNITE,OK
TKT40318969159,2026-01-15T19:38:55Z,PORTE-C,R57181070,UNITE,OK
TKT86603576387,2026-01-15T19:38:56Z,PORTE-B,R57383983,INVITATION,OK
TKT13881839088,2026-01-15T19:38:56Z,PORTE-D,,GROUPE,OK
TKT63099305552,2026-01-15T19:38:57Z,PORTE-C,R54826346,UNITE,OK
TKT77054565974,2026-01-15T19:38:57Z,PORTE-C,R58529948,UNITE,OK
TKT91285780357,2026-01-15T19:38:57Z,VIP-EST,R59598819,UNITE,OK
TKT75931144799,2026-01-15T19:38:58Z,PORTE-A,,GROUPE,OK
TKT24940876435,2026-01-15T19:38:58Z,PORTE-C,,GROUPE,OK
TKT41200444408,2026-01-15T19:38:58Z,PORTE-B,R57781063,UNITE,OK
TKT88754169607,2026-01-15T19:38:58Z,PORTE-B,,GROUPE,OK
TKT34888048255,2026-01-15T19:38:59Z,VIP-EST,R58893869,ABONNEMENT,OK
TKT40691848398,2026-01-15T19:38:59Z,PORTE-C,R53051902,ABONNEMENT,OK
TKT95315295470,2026-01-15T19:38:59Z,PORTE-D,,UNITE,OK
TKT41654402312,2026-01-15T19:39:00Z,PORTE-A,,UNITE,OK
TKT70863687410,2026-01-15T19:39:01Z,VIP-EST,R52369432,VIP,OK
TKT68695556170,2026-01-15T19:39:01Z,PORTE-B,R57748507,UNITE,OK
TKT11567284117,2026-01-15T19:39:01Z,VIP-EST,R56823634,UNITE,OK
TKT79792789300,2026-01-15T19:39:02Z,PORTE-D,R52436872,ABONNEMENT,OK
TKT94874860945,2026-01-15T19:39:02Z,PORTE-B,R51806152,ABONNEMENT,OK
TKT93564263542,2026-01-15T19:39:02Z,PORTE-A,R59589557,UNITE,OK
TKT52867277465,2026-01-15T19:39:02Z,PORTE-C,,UNITE,OK
TKT93460863342,2026-01-15T19:39:03Z,PORTE-A,R55045378,ABONNEMENT,OK
TKT90814321150,2026-01-15T19:39:04Z,PORTE-D,R54564585,UNITE,REFUSE_DEJA_SCANNE
TKT26838691833,2026-01-15T19:39:06Z,PORTE-C,,GROUPE,OK
TKT92582948463,2026-01-15T19:39:06Z,PORTE-C,,UNITE,OK
TKT66177607748,2026-01-15T19:39:07Z,PORTE-C,R56939759,UNITE,OK
TKT59754590728,2026-01-15T19:39:07Z,PORTE-A,R58119985,UNITE,OK
TKT52047479691,2026-01-15T19:39:09Z,PORTE-A,,UNITE,OK
TKT55122540170,2026-01-15T19:39:09Z,PORTE-A,,UNITE,OK
TKT30240229609,2026-01-15T19:39:09Z,VIP-EST,R56362715,UNITE,OK
TKT50346837938,2026-01-15T19:39:09Z,PORTE-C,R53992800,UNITE,OK
TKT47490984586,2026-01-15T19:39:10Z,PORTE-C,R57586206,UNITE,OK
TKT30701663326,2026-01-15T19:39:10Z,PORTE-A,R52901449,UNITE,OK
TKT65066677918,2026-01-15T19:39:10Z,PORTE-B,,UNITE,OK
TKT91604820220,2026-01-15T19:39:10Z,PORTE-C,,INVITATION,OK
TKT65188922022,2026-01-15T19:39:10Z,PORTE-C,R52530048,UNITE,OK
TKT55814529030,2026-01-15T19:39:11Z,PORTE-D,R58410691,UNITE,OK
TKT89260296826,2026-01-15T19:39:11Z,PORTE-B,R56562697,UNITE,OK
TKT29752080394,2026-01-15T19:39:12Z,VIP-EST,R51414512,ABONNEMENT,OK
TKT73011897928,2026-01-15T19:39:12Z,PORTE-A,R54158099,UNITE,OK
TKT68775512170,2026-01-15T19:39:12Z,PORTE-D,,UNITE,OK
TKT30310355700,2026-01-15T19:39:13Z,VIP-EST,R59930385,UNITE,OK
TKT61149496318,2026-01-15T19:39:13Z,PORTE-A,R59320249,UNITE,OK
TKT36901121502,2026-01-15T19:39:13Z,VIP-EST,,UNITE,OK
TKT98742741933,2026-01-15T19:39:14Z,PORTE-A,R58019654,UNITE,OK
TKT49326888755,2026-01-15T19:39:14Z,PORTE-C,,INVITATION,OK
TKT57489856792,2026-01-15T19:39:15Z,PORTE-A,R58814591,UNITE,REFUSE_INVALIDE
TKT62752078901,2026-01-15T19:39:15Z,PORTE-A,R57035521,UNITE,OK
TKT13670535387,2026-01-15T19:39:15Z,VIP-EST,R52041822,UNITE,OK
TKT19925593522,2026-01-15T19:39:16Z,PORTE-D,R57357078,UNITE,OK
TKT54710994861,2026-01-15T19:39:16Z,PORTE-C,,GROUPE,OK
TKT53373541840,2026-01-15T19:39:18Z,PORTE-A,R59372354,ABONNEMENT,OK
TKT87029034517,2026-01-15T19:39:18Z,PORTE-A,,GROUPE,OK
TKT37412136384,2026-01-15T19:39:19Z,PORTE-A,R52749013,UNITE,OK
TKT22948269696,2026-01-15T19:39:20Z,PORTE-B,R53416647,INVITATION,OK
TKT80978894847,2026-01-15T19:39:21Z,PORTE-C,R57708116,UNITE,OK
TKT35279379154,2026-01-15T19:39:21Z,VIP-EST,R57703969,GROUPE,OK
TKT25086158654,2026-01-15T19:39:23Z,VIP-EST,R55939956,UNITE,OK
TKT87432942502,2026-01-15T19:39:23Z,PORTE-A,,UNITE,OK
TKT60693917681,2026-01-15T19:39:24Z,PORTE-B,R57430360,ABONNEMENT,OK
TKT37955252568,2026-01-15T19:39:24Z,PORTE-C,,UNITE,OK
TKT58585940793,2026-01-15T19:39:26Z,PORTE-D,R57181070,UNITE,OK
TKT10506239603,2026-01-15T19:39:27Z,PORTE-A,R55003771,UNITE,OK
TKT79397215606,2026-01-15T19:39:28Z,PORTE-C,R57461824,UNITE,OK
TKT89614828894,2026-01-15T19:39:29Z,PORTE-A,R55099121,ABONNEMENT,OK
TKT67277553980,2026-01-15T19:39:29Z,PORTE-A,,UNITE,OK
TKT68255507666,2026-01-15T19:39:29Z,PORTE-C,R58068972,UNITE,OK
TKT13643762843,2026-01-15T19:39:29Z,PORTE-D,R51512190,UNITE,OK
TKT53777565915,2026-01-15T19:39:30Z,PORTE-C,,UNITE,OK
TKT41844794288,2026-01-15T19:39:30Z,PORTE-B,R58261042,UNITE,OK
TKT90195937530,2026-01-15T19:39:30Z,PORTE-C,,UNITE,OK
TKT51246665448,2026-01-15T19:39:30Z,PORTE-C,R58855250,UNITE,OK
TKT94446469652,2026-01-15T19:39:31Z,PORTE-C,R51400902,UNITE,OK
TKT88455675934,2026-01-15T19:39:32Z,PORTE-A,,GROUPE,OK
TKT68089235721,2026-01-15T19:39:33Z,PORTE-C,R56619428,ABONNEMENT,OK
TKT38558506913,2026-01-15T19:39:33Z,VIP-EST,,UNITE,OK
TKT39447412471,2026-01-15T19:39:33Z,VIP-EST,R55624539,UNITE,REFUSE_DEJA_SCANNE
TKT49044189271,2026-01-15T19:39:33Z,VIP-EST,R52466286,VIP,REFUSE_DEJA_SCANNE
TKT45766994557,2026-01-15T19:39:34Z,PORTE-B,R54150331,UNITE,OK
TKT81626538022,2026-01-15T19:39:34Z,PORTE-A,R55736105,UNITE,OK
TKT59364772894,2026-01-15T19:39:34Z,PORTE-D,R56315390,UNITE,OK
TKT95568287962,2026-01-15T19:39:35Z,PORTE-A,R52734445,ABONNEMENT,OK
TKT75202495931,2026-01-15T19:39:35Z,PORTE-D,R58807024,ABONNEMENT,OK
TKT29326123176,2026-01-15T19:39:35Z,PORTE-A,R52708220,UNITE,REFUSE_INVALIDE
TKT87278451600,2026-01-15T19:39:35Z,PORTE-C,R57107309,UNITE,OK
TKT81305042183,2026-01-15T19:39:35Z,PORTE-D,R57721133,UNITE,OK
TKT25645036708,2026-01-15T19:39:36Z,PORTE-A,,UNITE,OK
TKT80378680302,2026-01-15T19:39:36Z,VIP-EST,R53202298,UNITE,OK
TKT50023452218,2026-01-15T19:39:37Z,PORTE-B,R55564187,ABONNEMENT,OK
TKT24299858257,2026-01-15T19:39:37Z,PORTE-A,R56916676,UNITE,OK
TKT60636098322,2026-01-15T19:39:37Z,VIP-EST,,UNITE,OK
TKT33548399034,2026-01-15T19:39:37Z,PORTE-C,R51005105,INVITATION,OK
TKT62200387853,2026-01-15T19:39:38Z,PORTE-A,R56410060,UNITE,OK
TKT70088459921,2026-01-15T19:39:38Z,PORTE-A,R54566501,UNITE,REFUSE_DEJA_SCANNE
TKT81264386805,2026-01-15T19:39:39Z,PORTE-C,R59703987,ABONNEMENT,OK
TKT23929927668,2026-01-15T19:39:39Z,PORTE-B,R55166216,ABONNEMENT,OK
TKT40094457356,2026-01-15T19:39:39Z,PORTE-C,,UNITE,OK
TKT67399230118,2026-01-15T19:39:39Z,PMR-NORD,,UNITE,OK
TKT40479541059,2026-01-15T19:39:40Z,PORTE-D,R55737321,UNITE,OK
TKT93893071535,2026-01-15T19:39:40Z,PORTE-A,,UNITE,OK
TKT98861248196,2026-01-15T19:39:40Z,PORTE-A,R56355637,UNITE,OK
TKT18438398276,2026-01-15T19:39:40Z,PORTE-C,R57030828,UNITE,OK
TKT94642053255,2026-01-15T19:39:41Z,PORTE-C,R51235516,ABONNEMENT,OK
TKT10942632152,2026-01-15T19:39:41Z,PORTE-C,R53699652,UNITE,OK
TKT23734281538,2026-01-15T19:39:41Z,PORTE-D,,UNITE,OK
TKT52700309039,2026-01-15T19:39:41Z,PORTE-A,,UNITE,REFUSE_INVALIDE
TKT47159157003,2026-01-15T19:39:41Z,PORTE-C,R57871318,UNITE,OK
TKT31230262767,2026-01-15T19:39:42Z,PORTE-D,R53321967,ABONNEMENT,OK
TKT31513017867,2026-01-15T19:39:42Z,VIP-EST,R57920013,GROUPE,OK
TKT65481608923,2026-01-15T19:39:43Z,PORTE-C,R51978750,UNITE,OK
TKT92160151784,2026-01-15T19:39:43Z,PORTE-B,,GROUPE,OK
TKT66805513245,2026-01-15T19:39:44Z,VIP-EST,R57836176,ABONNEMENT,OK
TKT53730452678,2026-01-15T19:39:45Z,PORTE-D,R57516870,ABONNEMENT,OK
TKT32209661746,2026-01-15T19:39:45Z,VIP-EST,R56167992,UNITE,OK
TKT15879629575,2026-01-15T19:39:45Z,PORTE-B,R56536673,UNITE,OK
TKT22188504450,2026-01-15T19:39:45Z,VIP-EST,,UNITE,OK
TKT87686790897,2026-01-15T19:39:47Z,PORTE-D,R55895954,UNITE,OK
TKT97335223672,2026-01-15T19:39:48Z,PORTE-A,R53576707,ABONNEMENT,OK
TKT14469582945,2026-01-15T19:39:48Z,PORTE-A,R59134500,ABONNEMENT,OK
TKT85439809374,2026-01-15T19:39:48Z,VIP-EST,,UNITE,OK
TKT55081330238,2026-01-15T19:39:48Z,PORTE-D,R57478921,UNITE,OK
TKT84338594884,2026-01-15T19:39:48Z,PORTE-B,R54341731,UNITE,OK
TKT59294322829,2026-01-15T19:39:49Z,PORTE-C,R51002375,ABONNEMENT,OK
TKT54199126069,2026-01-15T19:39:49Z,VIP-EST,,UNITE,OK
TKT22682252720,2026-01-15T19:39:49Z,VIP-EST,R55715186,UNITE,OK
TKT45537830844,2026-01-15T19:39:49Z,PORTE-D,R54548446,UNITE,OK
TKT24173749341,2026-01-15T19:39:51Z,PORTE-D,R55853935,ABONNEMENT,OK
TKT93737082217,2026-01-15T19:39:51Z,PORTE-A,R57307961,ABONNEMENT,OK
TKT72014265114,2026-01-15T19:39:51Z,VIP-EST,R56408566,UNITE,REFUSE_DEJA_SCANNE
TKT70449390239,2026-01-15T19:39:51Z,PORTE-C,,UNITE,OK
TKT68362109208,2026-01-15T19:39:52Z,PORTE-D,R55753882,ABONNEMENT,OK
TKT32230721851,2026-01-15T19:39:52Z,PORTE-B,,UNITE,REFUSE_DEJA_SCANNE
TKT22892778658,2026-01-15T19:39:52Z,VIP-EST,,UNITE,OK
TKT51258553868,2026-01-15T19:39:52Z,PORTE-B,R58877653,UNITE,OK
TKT78520185346,2026-01-15T19:39:54Z,PORTE-A,R52145764,ABONNEMENT,OK
TKT33487382810,2026-01-15T19:39:54Z,PORTE-C,R53458187,UNITE,OK
TKT34496767192,2026-01-15T19:39:54Z,PORTE-B,R51018179,INVITATION,OK
TKT78456116576,2026-01-15T19:39:54Z,VIP-EST,R54610014,UNITE,OK
TKT33841620011,2026-01-15T19:39:54Z,PORTE-D,R51079278,UNITE,OK
TKT59596969103,2026-01-15T19:39:54Z,PORTE-A,R58002768,UNITE,OK
TKT80157165317,2026-01-15T19:39:54Z,VIP-EST,,UNITE,OK
TKT25954392471,2026-01-15T19:39:55Z,PORTE-C,R55447171,UNITE,OK
TKT98561276816,2026-01-15T19:39:55Z,VIP-EST,R52304521,GROUPE,OK
TKT79845623738,2026-01-15T19:39:56Z,PORTE-C,R55977071,ABONNEMENT,OK
TKT21603131730,2026-01-15T19:39:56Z,PORTE-B,R55609415,UNITE,OK
TKT83995315610,2026-01-15T19:39:56Z,PORTE-C,,UNITE,OK
TKT76221160431,2026-01-15T19:39:57Z,VIP-EST,,UNITE,OK
TKT22091638012,2026-01-15T19:39:57Z,PORTE-C,R53824493,UNITE,OK
TKT23267131625,2026-01-15T19:39:58Z,VIP-EST,R55521612,INVITATION,OK
TKT50410217859,2026-01-15T19:39:58Z,PORTE-A,R54114164,UNITE,OK
TKT76854265019,2026-01-15T19:39:59Z,PORTE-D,,UNITE,OK
TKT16102104787,2026-01-15T19:39:59Z,PORTE-C,R51724422,UNITE,OK
TKT92080469594,2026-01-15T19:40:00Z,PORTE-C,R59994616,UNITE,OK
TKT22639342115,2026-01-15T19:40:00Z,VIP-EST,,UNITE,OK
TKT50127777404,2026-01-15T19:40:00Z,PORTE-C,R52500279,UNITE,OK
TKT74417460286,2026-01-15T19:40:00Z,PORTE-C,,GROUPE,OK
TKT32392844073,2026-01-15T19:40:01Z,VIP-EST,R59137019,UNITE,OK
TKT65355060490,2026-01-15T19:40:01Z,VIP-EST,,VIP,OK
TKT27006390095,2026-01-15T19:40:02Z,PORTE-C,R58370712,UNITE,OK
TKT17685560397,2026-01-15T19:40:02Z,PORTE-A,R54339202,UNITE,OK
TKT89592393244,2026-01-15T19:40:02Z,PORTE-C,R54101368,UNITE,OK
TKT86957811478,2026-01-15T19:40:03Z,PORTE-D,R54668805,ABONNEMENT,OK
TKT61372080337,2026-01-15T19:40:03Z,PORTE-A,R56521693,UNITE,OK
TKT83111065337,2026-01-15T19:40:03Z,PORTE-D,,UNITE,OK
TKT16000102205,2026-01-15T19:40:03Z,VIP-EST,R55892353,UNITE,OK
TKT93809886573,2026-01-15T19:40:03Z,VIP-EST,R59505432,UNITE,OK
TKT21147672474,2026-01-15T19:40:03Z,PORTE-A,R53874347,UNITE,OK
TKT18826596429,2026-01-15T19:40:03Z,VIP-EST,R58842578,UNITE,OK
TKT63071146727,2026-01-15T19:40:04Z,PORTE-D,R53740234,UNITE,OK
TKT22717060223,2026-01-15T19:40:04Z,PORTE-C,R59680204,UNITE,OK
TKT41311399638,2026-01-15T19:40:05Z,PORTE-A,R58468246,UNITE,OK
TKT16953013509,2026-01-15T19:40:05Z,PORTE-A,,GROUPE,OK
TKT59743054453,2026-01-15T19:40:05Z,PORTE-C,R59059647,INVITATION,OK
TKT59716815425,2026-01-15T19:40:05Z,PORTE-D,R59197984,UNITE,OK
TKT73043020923,2026-01-15T19:40:06Z,PORTE-C,,GROUPE,OK
TKT19106787001,2026-01-15T19:40:06Z,PORTE-D,,UNITE,OK
TKT95648239350,2026-01-15T19:40:07Z,VIP-EST,,UNITE,OK
TKT91778453022,2026-01-15T19:40:07Z,PORTE-C,,UNITE,OK
TKT94002533044,2026-01-15T19:40:07Z,PORTE-D,R58129994,UNITE,OK
TKT32137043002,2026-01-15T19:40:08Z,PORTE-B,R57179164,ABONNEMENT,OK
TKT55595991976,2026-01-15T19:40:08Z,PORTE-C,,UNITE,OK
TKT50139269643,2026-01-15T19:40:09Z,VIP-EST,,UNITE,OK
TKT55710702401,2026-01-15T19:40:10Z,VIP-EST,R58633612,UNITE,OK
TKT72453399822,2026-01-15T19:40:11Z,PORTE-B,R55337310,UNITE,OK
TKT80668963088,2026-01-15T19:40:12Z,PORTE-B,R54294865,ABONNEMENT,OK
TKT68078535469,2026-01-15T19:40:13Z,PORTE-B,R52412553,UNITE,OK
TKT76995782505,2026-01-15T19:40:14Z,PORTE-C,R54084127,UNITE,OK
TKT37007967734,2026-01-15T19:40:15Z,PORTE-A,R56958216,ABONNEMENT,OK
TKT18882879437,2026-01-15T19:40:15Z,PORTE-C,R51208487,UNITE,OK
TKT13092508269,2026-01-15T19:40:16Z,VIP-EST,R59321331,UNITE,OK
TKT50207408777,2026-01-15T19:40:16Z,PORTE-C,R53815777,UNITE,OK
TKT54107886689,2026-01-15T19:40:16Z,PORTE-D,R54104021,UNITE,OK
TKT20178609838,2026-01-15T19:40:17Z,VIP-EST,R57312798,UNITE,OK
TKT98570324514,2026-01-15T19:40:18Z,PORTE-A,R57612354,UNITE,OK
TKT98234587601,2026-01-15T19:40:18Z,PORTE-A,R51087237,UNITE,OK
TKT85516592598,2026-01-15T19:40:19Z,VIP-EST,R54889274,UNITE,OK
TKT98584596280,2026-01-15T19:40:19Z,PORTE-A,R59067683,VIP,OK
TKT20197453926,2026-01-15T19:40:19Z,VIP-EST,R57652467,UNITE,OK
TKT36770440851,2026-01-15T19:40:20Z,PORTE-C,R52956485,ABONNEMENT,OK
TKT16582943358,2026-01-15T19:40:20Z,PORTE-D,R54063496,UNITE,OK
TKT95028079746,2026-01-15T19:40:20Z,PORTE-D,R54983609,INVITATION,OK
TKT49684570303,2026-01-15T19:40:20Z,VIP-EST,,VIP,OK
TKT58091224653,2026-01-15T19:40:20Z,VIP-EST,,UNITE,OK
TKT20461925700,2026-01-15T19:40:21Z,PORTE-D,R59978333,UNITE,OK
TKT67588920530,2026-01-15T19:40:21Z,VIP-EST,R53202164,UNITE,OK
TKT61713183553,2026-01-15T19:40:22Z,PORTE-D,R52014505,ABONNEMENT,OK
TKT28117433859,2026-01-15T19:40:22Z,PORTE-D,R55143669,UNITE,OK
TKT55515328327,2026-01-15T19:40:22Z,PORTE-A,R57191223,VIP,OK
TKT80518319641,2026-01-15T19:40:22Z,PORTE-C,R54430070,UNITE,OK
TKT11589522585,2026-01-15T19:40:22Z,PORTE-D,R59036008,UNITE,OK
TKT12348263959,2026-01-15T19:40:24Z,PORTE-C,,UNITE,OK
TKT61767705700,2026-01-15T19:40:24Z,VIP-EST,,UNITE,OK
TKT33949403925,2026-01-15T19:40:26Z,PORTE-D,,GROUPE,OK
TKT95162474505,2026-01-15T19:40:26Z,PORTE-C,R54249369,UNITE,OK
TKT78788216451,2026-01-15T19:40:27Z,PORTE-A,R56986558,ABONNEMENT,OK
TKT77009636351,2026-01-15T19:40:27Z,PORTE-A,R56272614,UNITE,OK
TKT12417329382,2026-01-15T19:40:27Z,PORTE-C,R53312226,UNITE,OK
TKT46574462669,2026-01-15T19:40:27Z,PORTE-C,R51284700,UNITE,OK
TKT92549051174,2026-01-15T19:40:28Z,PORTE-A,R58403201,UNITE,OK
TKT82336828293,2026-01-15T19:40:28Z,PORTE-C,R54431564,UNITE,OK
TKT94087848370,2026-01-15T19:40:29Z,PORTE-A,R51968051,INVITATION,OK
TKT31841222891,2026-01-15T19:40:30Z,PORTE-A,R56561260,UNITE,OK
TKT26151621056,2026-01-15T19:40:31Z,PORTE-C,R55424634,ABONNEMENT,OK
TKT49271391439,2026-01-15T19:40:31Z,PORTE-C,R54287921,UNITE,OK
TKT29755597069,2026-01-15T19:40:32Z,PORTE-C,R52696640,UNITE,OK
TKT30975954843,2026-01-15T19:40:33Z,PORTE-A,R57901690,UNITE,OK
TKT39669350338,2026-01-15T19:40:33Z,VIP-EST,R56731885,UNITE,OK
TKT85447881956,2026-01-15T19:40:33Z,PORTE-A,,GROUPE,OK
TKT32175920992,2026-01-15T19:40:34Z,PORTE-B,R52744186,UNITE,OK
TKT20638554320,2026-01-15T19:40:34Z,PORTE-D,R58207098,UNITE,OK
TKT17850972936,2026-01-15T19:40:35Z,PORTE-C,R55069975,ABONNEMENT,OK
TKT82826060188,2026-01-15T19:40:35Z,PORTE-C,R51804792,ABONNEMENT,OK
TKT20574772872,2026-01-15T19:40:35Z,PORTE-D,R52065585,ABONNEMENT,OK
TKT82584021157,2026-01-15T19:40:35Z,PORTE-B,R59341905,UNITE,OK
TKT21014905292,2026-01-15T19:40:36Z,PORTE-D,R56283849,UNITE,OK
TKT13607393390,2026-01-15T19:40:36Z,PORTE-B,R59920443,UNITE,OK
TKT24782571719,2026-01-15T19:40:37Z,PORTE-A,R52405331,UNITE,OK
TKT66838789898,2026-01-15T19:40:37Z,VIP-EST,,UNITE,OK
TKT27911023258,2026-01-15T19:40:37Z,VIP-EST,R53047343,UNITE,OK
TKT66787801311,2026-01-15T19:40:38Z,VIP-EST,R58206696,UNITE,OK
TKT98893557854,2026-01-15T19:40:38Z,VIP-EST,,VIP,REFUSE_DEJA_SCANNE
TKT91363593034,2026-01-15T19:40:38Z,VIP-EST,R59209018,UNITE,OK
TKT32377707013,2026-01-15T19:40:38Z,PORTE-B,,UNITE,OK
TKT63945219996,2026-01-15T19:40:40Z,PORTE-B,R53377137,UNITE,OK
TKT82166085464,2026-01-15T19:40:41Z,PORTE-B,,UNITE,OK
TKT82732654822,2026-01-15T19:40:41Z,PORTE-C,R54188893,INVITATION,OK
TKT50707221647,2026-01-15T19:40:41Z,PORTE-B,,UNITE,OK
TKT20702229625,2026-01-15T19:40:42Z,PORTE-C,R56425385,ABONNEMENT,OK
TKT44983049053,2026-01-15T19:40:42Z,PORTE-B,R56545466,UNITE,OK
TKT93145986981,2026-01-15T19:40:44Z,PORTE-D,R54057222,UNITE,OK
TKT13406318160,2026-01-15T19:40:44Z,PORTE-C,R55604511,INVITATION,OK
TKT46667237257,2026-01-15T19:40:44Z,PORTE-C,R51957630,UNITE,OK
TKT78242766774,2026-01-15T19:40:44Z,PORTE-A,R56562017,UNITE,OK
TKT62243025936,2026-01-15T19:40:44Z,PORTE-A,R53089171,UNITE,OK
TKT18406902505,2026-01-15T19:40:44Z,VIP-EST,R59113189,UNITE,OK
TKT31643716168,2026-01-15T19:40:45Z,PORTE-A,R54337296,ABONNEMENT,OK
TKT69615808333,2026-01-15T19:40:45Z,PORTE-C,,UNITE,OK
TKT74691061792,2026-01-15T19:40:45Z,PORTE-C,R54410722,UNITE,OK
TKT30940488459,2026-01-15T19:40:45Z,PORTE-C,,UNITE,OK
TKT77293823167,2026-01-15T19:40:45Z,PORTE-A,R56844466,UNITE,OK
TKT16265564059,2026-01-15T19:40:46Z,PORTE-A,R59551963,ABONNEMENT,OK
TKT42095354636,2026-01-15T19:40:46Z,PORTE-C,,GROUPE,OK
TKT21264791780,2026-01-15T19:40:46Z,PORTE-C,R56973541,UNITE,OK
TKT67414679327,2026-01-15T19:40:46Z,PORTE-C,R58811459,UNITE,OK
TKT34852588385,2026-01-15T19:40:47Z,PORTE-D,R52994424,UNITE,OK
TKT57048614992,2026-01-15T19:40:47Z,PORTE-B,R53411264,INVITATION,OK
TKT14841144885,2026-01-15T19:40:48Z,PORTE-C,R58915793,UNITE,OK
TKT24355172691,2026-01-15T19:40:49Z,PORTE-B,R57819146,UNITE,REFUSE_DEJA_SCANNE
TKT68006756546,2026-01-15T19:40:49Z,PORTE-A,R51715840,UNITE,OK
TKT37512397792,2026-01-15T19:40:49Z,PORTE-C,R57404547,UNITE,OK
TKT22819769915,2026-01-15T19:40:50Z,PORTE-C,,UNITE,OK
TKT19091384868,2026-01-15T19:40:50Z,VIP-EST,R52663260,UNITE,OK
TKT39417780830,2026-01-15T19:40:51Z,PORTE-C,R57001404,UNITE,OK
TKT41336639654,2026-01-15T19:40:52Z,PORTE-B,,UNITE,OK
TKT16172448216,2026-01-15T19:40:52Z,PORTE-A,R51127561,GROUPE,OK
TKT93434428372,2026-01-15T19:40:52Z,PORTE-C,R53354456,UNITE,OK
TKT44250267560,2026-01-15T19:40:52Z,PORTE-A,R55499420,UNITE,OK
TKT76323016133,2026-01-15T19:40:53Z,PORTE-A,,GROUPE,OK
TKT43124104236,2026-01-15T19:40:53Z,PORTE-A,R53509133,UNITE,OK
TKT19805828977,2026-01-15T19:40:54Z,VIP-EST,R55999819,UNITE,OK
TKT98502476179,2026-01-15T19:40:54Z,PORTE-B,R54387093,UNITE,OK
TKT91516092963,2026-01-15T19:40:54Z,PORTE-C,,UNITE,OK
TKT76865744649,2026-01-15T19:40:54Z,PORTE-D,R59707588,UNITE,OK
TKT72025057801,2026-01-15T19:40:55Z,PORTE-D,R52606060,ABONNEMENT,OK
TKT31032452724,2026-01-15T19:40:55Z,PORTE-B,R56545801,UNITE,OK
TKT66514920461,2026-01-15T19:40:56Z,VIP-EST,R56394802,UNITE,OK
TKT10718818896,2026-01-15T19:40:57Z,VIP-EST,,UNITE,OK
TKT78721866047,2026-01-15T19:40:57Z,PORTE-A,R56028094,INVITATION,OK
TKT22091638012,2026-01-15T19:40:57Z,PORTE-C,R53824493,UNITE,REFUSE_DEJA_SCANNE
TKT93990086964,2026-01-15T19:40:58Z,PORTE-C,R55129168,UNITE,OK
TKT46364731649,2026-01-15T19:40:59Z,PORTE-C,R51600328,UNITE,OK
TKT51061405059,2026-01-15T19:40:59Z,PORTE-C,R53186159,UNITE,OK
TKT92229482117,2026-01-15T19:40:59Z,PORTE-C,R54502337,UNITE,OK
TKT52333433242,2026-01-15T19:41:00Z,PORTE-D,R52719589,ABONNEMENT,OK
TKT48372766399,2026-01-15T19:41:00Z,PORTE-C,,UNITE,OK
TKT35919476957,2026-01-15T19:41:00Z,PORTE-A,R54181058,UNITE,OK
TKT75530539223,2026-01-15T19:41:00Z,PORTE-D,R59960901,UNITE,OK
TKT88302778185,2026-01-15T19:41:01Z,PORTE-C,R56439273,ABONNEMENT,OK
TKT58268994186,2026-01-15T19:41:01Z,PORTE-C,,UNITE,OK
TKT71656294948,2026-01-15T19:41:02Z,PORTE-C,,UNITE,OK
TKT35330152239,2026-01-15T19:41:03Z,VIP-EST,R54817486,UNITE,OK
TKT66603109178,2026-01-15T19:41:03Z,PORTE-C,R54905413,UNITE,OK
TKT60321473901,2026-01-15T19:41:04Z,PORTE-A,R53499670,GROUPE,OK
TKT46113312839,2026-01-15T19:41:04Z,PORTE-A,R55266480,UNITE,OK
TKT11501856673,2026-01-15T19:41:05Z,PORTE-B,R58613249,ABONNEMENT,OK
TKT51403477609,2026-01-15T19:41:05Z,VIP-EST,R54399142,UNITE,OK
TKT14903645791,2026-01-15T19:41:06Z,VIP-EST,R56236447,UNITE,OK
TKT64625489958,2026-01-15T19:41:06Z,PORTE-D,R55001051,UNITE,OK
TKT12325886440,2026-01-15T19:41:08Z,PORTE-B,,UNITE,OK
TKT50122607091,2026-01-15T19:41:08Z,PORTE-C,,UNITE,OK
TKT67455935723,2026-01-15T19:41:08Z,PMR-NORD,R53960177,UNITE,OK
TKT59926929970,2026-01-15T19:41:08Z,PORTE-C,R52992384,UNITE,OK
TKT79664887283,2026-01-15T19:41:09Z,PORTE-C,R57390448,UNITE,OK
TKT26970574437,2026-01-15T19:41:09Z,PORTE-C,R54503908,UNITE,OK
TKT62482408288,2026-01-15T19:41:09Z,PORTE-C,R57640753,UNITE,OK
TKT22383213044,2026-01-15T19:41:10Z,PORTE-A,R56221869,INVITATION,OK
TKT97401674018,2026-01-15T19:41:11Z,PORTE-C,R52315354,UNITE,OK
TKT85267774177,2026-01-15T19:41:11Z,PORTE-C,R52563619,UNITE,OK
TKT69247853554,2026-01-15T19:41:12Z,PORTE-D,R53748759,ABONNEMENT,OK
TKT59937139563,2026-01-15T19:41:12Z,PORTE-C,R57082387,ABONNEMENT,OK
TKT69235158537,2026-01-15T19:41:12Z,PORTE-A,R57112960,ABONNEMENT,OK
TKT31688833589,2026-01-15T19:41:12Z,VIP-EST,R51621103,UNITE,OK
TKT16631019410,2026-01-15T19:41:13Z,PORTE-D,R53953089,INVITATION,OK
TKT52486021496,2026-01-15T19:41:13Z,PORTE-D,R54650415,UNITE,OK
TKT51940313119,2026-01-15T19:41:13Z,VIP-EST,R53245486,UNITE,OK
TKT66309495684,2026-01-15T19:41:13Z,VIP-EST,R56405290,UNITE,REFUSE_DEJA_SCANNE
TKT61110115977,2026-01-15T19:41:14Z,PORTE-C,R57726037,ABONNEMENT,OK
TKT55612736178,2026-01-15T19:41:14Z,VIP-EST,R55087819,ABONNEMENT,OK
TKT46068973800,2026-01-15T19:41:14Z,PORTE-D,R53565673,UNITE,OK
TKT28783007147,2026-01-15T19:41:14Z,PORTE-B,R55211511,UNITE,OK
TKT86641646252,2026-01-15T19:41:14Z,VIP-EST,,UNITE,OK
TKT26213852013,2026-01-15T19:41:15Z,PORTE-C,R53588287,UNITE,OK
TKT45268447295,2026-01-15T19:41:15Z,PORTE-C,R54276686,UNITE,OK
TKT12266088619,2026-01-15T19:41:16Z,PORTE-A,,GROUPE,OK
TKT53912572750,2026-01-15T19:41:16Z,PORTE-C,R58514010,GROUPE,OK
TKT86477158824,2026-01-15T19:41:17Z,PORTE-A,R58362599,UNITE,OK
TKT25888425373,2026-01-15T19:41:18Z,PORTE-B,R58473083,ABONNEMENT,OK
TKT90384167570,2026-01-15T19:41:18Z,PORTE-A,R51542629,UNITE,OK
TKT86726605178,2026-01-15T19:41:19Z,PORTE-B,R54708851,UNITE,OK
TKT57746163826,2026-01-15T19:41:19Z,PORTE-C,R57783649,UNITE,OK
TKT16425054247,2026-01-15T19:41:20Z,PORTE-D,R56222760,UNITE,OK
TKT35375089380,2026-01-15T19:41:20Z,PORTE-D,,INVITATION,OK
TKT75028003138,2026-01-15T19:41:20Z,PORTE-C,R59657456,UNITE,OK
TKT78060829339,2026-01-15T19:41:22Z,PORTE-A,R57613379,UNITE,OK
TKT27000401050,2026-01-15T19:41:23Z,PORTE-C,R51217136,UNITE,OK
TKT27108062641,2026-01-15T19:41:24Z,PORTE-C,R53794935,UNITE,OK
TKT21163590969,2026-01-15T19:41:24Z,PORTE-D,R59145400,UNITE,OK
TKT48503845389,2026-01-15T19:41:24Z,PORTE-A,,UNITE,OK
TKT15783319637,2026-01-15T19:41:25Z,PORTE-D,R52757595,ABONNEMENT,OK
TKT25826769492,2026-01-15T19:41:26Z,PORTE-C,R52405609,UNITE,OK
TKT57216760263,2026-01-15T19:41:26Z,PORTE-C,R52996052,UNITE,OK
TKT51381504642,2026-01-15T19:41:26Z,PORTE-C,R57394739,UNITE,OK
TKT16303063655,2026-01-15T19:41:26Z,PORTE-D,,UNITE,OK
TKT68564209482,2026-01-15T19:41:26Z,VIP-EST,R58148250,UNITE,OK
TKT61106084272,2026-01-15T19:41:26Z,PORTE-B,R55664384,UNITE,OK
TKT17050187018,2026-01-15T19:41:26Z,PORTE-D,,UNITE,OK
TKT36168789498,2026-01-15T19:41:26Z,PORTE-A,R54485652,UNITE,OK
TKT49511909112,2026-01-15T19:41:26Z,VIP-EST,R52162305,UNITE,OK
TKT21761400314,2026-01-15T19:41:27Z,PORTE-C,R57088306,UNITE,OK
TKT58974624155,2026-01-15T19:41:28Z,VIP-EST,,VIP,OK
TKT80066439005,2026-01-15T19:41:29Z,PORTE-C,R51607061,UNITE,OK
TKT47256665416,2026-01-15T19:41:29Z,PORTE-C,,UNITE,OK
TKT31031584744,2026-01-15T19:41:30Z,PORTE-A,R54843510,ABONNEMENT,OK
TKT66043566038,2026-01-15T19:41:30Z,PORTE-A,R56173720,UNITE,OK
TKT51291277622,2026-01-15T19:41:30Z,PORTE-C,R55625008,UNITE,OK
TKT56603356913,2026-01-15T19:41:30Z,VIP-EST,,UNITE,OK
TKT33084811389,2026-01-15T19:41:30Z,PORTE-B,R51484394,UNITE,OK
TKT21536911915,2026-01-15T19:41:31Z,PORTE-C,R54436267,ABONNEMENT,OK
TKT22846995473,2026-01-15T19:41:31Z,PORTE-C,R57126044,UNITE,OK
TKT84364926287,2026-01-15T19:41:32Z,PORTE-C,R51176678,UNITE,OK
TKT39959679222,2026-01-15T19:41:33Z,PORTE-C,R58181764,ABONNEMENT,OK
TKT85734061441,2026-01-15T19:41:33Z,VIP-EST,R57565421,UNITE,OK
TKT57624478467,2026-01-15T19:41:33Z,PORTE-C,,UNITE,OK
TKT19046991678,2026-01-15T19:41:33Z,PORTE-C,,UNITE,OK
TKT44241181933,2026-01-15T19:41:34Z,PORTE-D,R53829876,ABONNEMENT,OK
TKT52228902790,2026-01-15T19:41:34Z,PORTE-B,,UNITE,OK
TKT59028544970,2026-01-15T19:41:34Z,VIP-EST,R53105176,UNITE,OK
TKT11254817926,2026-01-15T19:41:34Z,PORTE-A,,VIP,OK
TKT32380399387,2026-01-15T19:41:34Z,PORTE-A,R53031884,UNITE,OK
TKT97765209219,2026-01-15T19:41:36Z,PORTE-C,R59382698,INVITATION,OK
TKT94904767640,2026-01-15T19:41:36Z,VIP-EST,R54081742,UNITE,OK
TKT24658107056,2026-01-15T19:41:36Z,PORTE-A,,UNITE,OK
TKT43519776707,2026-01-15T19:41:38Z,VIP-EST,R57619844,ABONNEMENT,OK
TKT94178231527,2026-01-15T19:41:38Z,PORTE-A,R59800965,VIP,OK
TKT52828129106,2026-01-15T19:41:38Z,PORTE-C,R55998459,UNITE,OK
TKT18056045161,2026-01-15T19:41:38Z,PORTE-D,,UNITE,OK
TKT34188079119,2026-01-15T19:41:40Z,VIP-EST,,GROUPE,OK
TKT76749311457,2026-01-15T19:41:40Z,VIP-EST,R53373804,UNITE,OK
TKT71056184774,2026-01-15T19:41:40Z,PORTE-A,R53217144,INVITATION,OK
TKT74499896362,2026-01-15T19:41:40Z,PORTE-D,R56478103,UNITE,OK
TKT83628851115,2026-01-15T19:41:40Z,PORTE-C,R54656602,UNITE,OK
TKT48738705308,2026-01-15T19:41:42Z,PORTE-C,R56214369,UNITE,OK
TKT61645510682,2026-01-15T19:41:43Z,PORTE-C,R57695933,ABONNEMENT,OK
TKT42291532149,2026-01-15T19:41:43Z,VIP-EST,,VIP,OK
TKT19491884077,2026-01-15T19:41:43Z,PORTE-C,R57072167,INVITATION,OK
TKT85856114820,2026-01-15T19:41:44Z,PORTE-D,R58617061,UNITE,OK
TKT19610734063,2026-01-15T19:41:44Z,PORTE-D,R58150712,UNITE,OK
TKT23619153232,2026-01-15T19:41:44Z,PORTE-B,R55203676,UNITE,OK
TKT92573989188,2026-01-15T19:41:45Z,VIP-EST,R56552678,VIP,OK
TKT45726787144,2026-01-15T19:41:46Z,PORTE-A,R58689050,UNITE,OK
TKT73739844323,2026-01-15T19:41:46Z,PORTE-D,R57770508,UNITE,OK
TKT83445303893,2026-01-15T19:41:46Z,PORTE-C,R51139764,UNITE,OK
TKT72525114744,2026-01-15T19:41:46Z,PORTE-C,R53323950,UNITE,OK
TKT80718971280,2026-01-15T19:41:46Z,VIP-EST,R53830757,UNITE,OK
TKT69951350380,2026-01-15T19:41:46Z,PORTE-D,R58538128,UNITE,OK
TKT96961721456,2026-01-15T19:41:47Z,PORTE-A,R51780818,UNITE,OK
TKT49126616598,2026-01-15T19:41:47Z,PORTE-D,R55701566,UNITE,OK
TKT19488736977,2026-01-15T19:41:48Z,PORTE-B,,UNITE,OK
TKT46742181566,2026-01-15T19:41:48Z,PORTE-C,,UNITE,OK
TKT65754338280,2026-01-15T19:41:49Z,PORTE-A,R56660298,UNITE,OK
TKT54141866317,2026-01-15T19:41:50Z,PORTE-C,R59299541,ABONNEMENT,OK
TKT53090289358,2026-01-15T19:41:51Z,VIP-EST,R59242455,ABONNEMENT,OK
TKT25914195646,2026-01-15T19:41:51Z,PORTE-A,R51572666,ABONNEMENT,OK
TKT29864191451,2026-01-15T19:41:51Z,PORTE-C,R55699995,UNITE,OK
TKT14498582350,2026-01-15T19:41:51Z,PORTE-B,R59907014,INVITATION,OK
TKT97556092016,2026-01-15T19:41:51Z,PORTE-D,R58988271,UNITE,OK
TKT30715135546,2026-01-15T19:41:51Z,PORTE-A,R57537166,UNITE,OK
TKT90483844693,2026-01-15T19:41:52Z,PORTE-D,R52044341,UNITE,OK
TKT23918467725,2026-01-15T19:41:53Z,VIP-EST,R51162100,UNITE,OK
TKT27044101364,2026-01-15T19:41:53Z,PORTE-D,R52617975,UNITE,OK
TKT71827259493,2026-01-15T19:41:53Z,VIP-EST,,VIP,OK
TKT40526354448,2026-01-15T19:41:53Z,VIP-EST,R59529885,UNITE,OK
TKT45688594329,2026-01-15T19:41:53Z,PORTE-A,R57317089,UNITE,OK
TKT17543559838,2026-01-15T19:41:54Z,VIP-EST,R51422692,UNITE,OK
TKT46547874877,2026-01-15T19:41:54Z,PORTE-C,R51487124,UNITE,OK
TKT44780071397,2026-01-15T19:41:55Z,PORTE-C,R55749715,UNITE,OK
TKT19365472352,2026-01-15T19:41:55Z,PORTE-C,,UNITE,OK
TKT49615222492,2026-01-15T19:41:56Z,PORTE-A,R51564295,ABONNEMENT,OK
TKT63367427125,2026-01-15T19:41:56Z,PORTE-B,R52675185,UNITE,OK
TKT65282407945,2026-01-15T19:41:56Z,PORTE-A,R56702940,UNITE,OK
TKT74444828610,2026-01-15T19:41:56Z,PORTE-C,,GROUPE,OK
TKT94175938039,2026-01-15T19:41:57Z,PORTE-B,,UNITE,OK
TKT53883045046,2026-01-15T19:41:57Z,PORTE-D,R53582760,UNITE,OK
TKT99910829801,2026-01-15T19:41:57Z,PORTE-D,R57388274,UNITE,OK
TKT77505435744,2026-01-15T19:41:57Z,PORTE-A,,UNITE,OK
TKT42596370901,2026-01-15T19:41:57Z,PORTE-D,R51026483,UNITE,REFUSE_DEJA_SCANNE
TKT93094352655,2026-01-15T19:41:58Z,PORTE-D,,UNITE,OK
TKT43077340043,2026-01-15T19:42:00Z,PORTE-C,R53768844,ABONNEMENT,OK
TKT97680890976,2026-01-15T19:42:00Z,PORTE-C,,UNITE,OK
TKT17583981224,2026-01-15T19:42:00Z,PORTE-C,,GROUPE,OK
TKT70964805947,2026-01-15T19:42:01Z,PORTE-B,R58552294,UNITE,OK
TKT52990458515,2026-01-15T19:42:01Z,PORTE-C,,UNITE,OK
TKT14369120950,2026-01-15T19:42:01Z,PORTE-C,R58305111,INVITATION,OK
TKT29971060072,2026-01-15T19:42:02Z,PORTE-C,,GROUPE,OK
TKT62738002424,2026-01-15T19:42:03Z,PORTE-D,,UNITE,OK
TKT27431185669,2026-01-15T19:42:04Z,PORTE-A,,UNITE,OK
TKT19259778802,2026-01-15T19:42:04Z,PORTE-C,R58482345,UNITE,OK
TKT17707809591,2026-01-15T19:42:05Z,PORTE-D,R55208302,UNITE,OK
TKT98616407598,2026-01-15T19:42:05Z,PORTE-C,R55533805,UNITE,OK
TKT86549997387,2026-01-15T19:42:05Z,PORTE-D,,GROUPE,OK
TKT73461896454,2026-01-15T19:42:06Z,VIP-EST,R58564477,ABONNEMENT,OK
TKT40310261202,2026-01-15T19:42:06Z,VIP-EST,R57264036,UNITE,OK
TKT33111171999,2026-01-15T19:42:07Z,VIP-EST,R58447873,ABONNEMENT,OK
TKT16476580788,2026-01-15T19:42:07Z,PORTE-A,R52710605,UNITE,OK
TKT17876104521,2026-01-15T19:42:07Z,PORTE-C,R52494015,UNITE,OK
TKT86802671011,2026-01-15T19:42:08Z,PORTE-C,R55017391,UNITE,OK
TKT49233143004,2026-01-15T19:42:08Z,VIP-EST,R57734887,UNITE,OK
TKT51832168803,2026-01-15T19:42:08Z,PORTE-D,R52278440,INVITATION,OK
TKT99764093606,2026-01-15T19:42:09Z,VIP-EST,,GROUPE,OK
TKT81632443592,2026-01-15T19:42:10Z,PORTE-C,R52512338,ABONNEMENT,OK
TKT48492002590,2026-01-15T19:42:10Z,PORTE-C,R53004500,ABONNEMENT,OK
TKT19079726814,2026-01-15T19:42:11Z,PORTE-C,,UNITE,OK
TKT49452510505,2026-01-15T19:42:11Z,PORTE-D,,UNITE,OK
TKT62830704045,2026-01-15T19:42:11Z,PORTE-A,,UNITE,OK
TKT75515345231,2026-01-15T19:42:13Z,PORTE-B,R58821391,UNITE,OK
TKT69512115914,2026-01-15T19:42:13Z,PORTE-A,R54827696,UNITE,OK
TKT59676184743,2026-01-15T19:42:13Z,VIP-EST,,UNITE,OK
TKT33090568920,2026-01-15T19:42:13Z,PORTE-D,,UNITE,OK
TKT93444134532,2026-01-15T19:42:14Z,PORTE-C,,UNITE,OK
TKT23460562048,2026-01-15T19:42:14Z,PORTE-C,R56324786,UNITE,OK
TKT49911217096,2026-01-15T19:42:15Z,PORTE-B,,GROUPE,OK
TKT27196632701,2026-01-15T19:42:15Z,PORTE-C,R54393625,UNITE,OK
TKT80176545236,2026-01-15T19:42:15Z,PORTE-A,,GROUPE,OK
TKT82950598276,2026-01-15T19:42:17Z,VIP-EST,R56919118,UNITE,OK
TKT19104260879,2026-01-15T19:42:18Z,PORTE-B,,GROUPE,OK
TKT59155039491,2026-01-15T19:42:18Z,VIP-EST,,UNITE,OK
TKT24371614247,2026-01-15T19:42:21Z,PORTE-C,R55740865,ABONNEMENT,OK
TKT27608465885,2026-01-15T19:42:21Z,PORTE-B,,UNITE,OK
TKT20517625634,2026-01-15T19:42:21Z,PORTE-D,R57923011,UNITE,OK
TKT38359556316,2026-01-15T19:42:22Z,PORTE-C,R54194333,UNITE,OK
TKT19958204537,2026-01-15T19:42:22Z,PORTE-B,R59374116,UNITE,OK
TKT69634717233,2026-01-15T19:42:23Z,PORTE-C,,UNITE,OK
TKT92619667258,2026-01-15T19:42:23Z,PORTE-A,R53108911,UNITE,OK
TKT29693351419,2026-01-15T19:42:23Z,PORTE-B,,GROUPE,OK
TKT30414262308,2026-01-15T19:42:23Z,PORTE-D,R59716237,UNITE,OK
TKT71921321117,2026-01-15T19:42:24Z,PORTE-B,R56034080,UNITE,OK
TKT69632533044,2026-01-15T19:42:24Z,PORTE-A,,UNITE,OK
TKT45316694637,2026-01-15T19:42:25Z,PORTE-A,R58652826,ABONNEMENT,OK
TKT55098362650,2026-01-15T19:42:25Z,VIP-EST,R58689606,ABONNEMENT,OK
TKT64373850795,2026-01-15T19:42:25Z,PORTE-C,R57476958,UNITE,OK
TKT20086847565,2026-01-15T19:42:25Z,PORTE-A,R52820198,UNITE,OK
TKT54574627056,2026-01-15T19:42:27Z,PORTE-C,R54704359,ABONNEMENT,OK
TKT48734791453,2026-01-15T19:42:27Z,PORTE-D,R56260076,UNITE,OK
TKT78647999425,2026-01-15T19:42:28Z,PORTE-B,R55378046,UNITE,OK
TKT44013006616,2026-01-15T19:42:28Z,PORTE-D,R56438536,UNITE,OK
TKT75516900813,2026-01-15T19:42:28Z,PORTE-C,,GROUPE,OK
TKT46889720658,2026-01-15T19:42:29Z,PORTE-C,R58415863,UNITE,OK
TKT83042770325,2026-01-15T19:42:30Z,PORTE-C,R59926027,UNITE,OK
TKT39103018766,2026-01-15T19:42:30Z,VIP-EST,,UNITE,OK
TKT27273190591,2026-01-15T19:42:30Z,PORTE-C,R55266480,UNITE,OK
TKT59983312653,2026-01-15T19:42:32Z,PORTE-C,R58541394,UNITE,OK
TKT33874308144,2026-01-15T19:42:33Z,PORTE-C,R59273048,ABONNEMENT,OK
TKT41870759821,2026-01-15T19:42:33Z,PORTE-A,R59839584,UNITE,OK
TKT62844532361,2026-01-15T19:42:34Z,PORTE-C,R54679226,UNITE,OK
TKT84623858335,2026-01-15T19:42:34Z,PORTE-C,R56701982,UNITE,OK
TKT85029471954,2026-01-15T19:42:34Z,PORTE-B,R59558907,UNITE,OK
TKT39781836855,2026-01-15T19:42:34Z,PORTE-C,R55083260,UNITE,OK
TKT99171094055,2026-01-15T19:42:36Z,PORTE-C,R54545103,ABONNEMENT,OK
TKT72196936890,2026-01-15T19:42:36Z,PORTE-B,R55977550,UNITE,OK
TKT99409305959,2026-01-15T19:42:36Z,PORTE-C,R54507375,UNITE,OK
TKT75359788661,2026-01-15T19:42:36Z,VIP-EST,R57090969,UNITE,OK
TKT20202174368,2026-01-15T19:42:37Z,PORTE-D,R56937719,UNITE,OK
TKT17326282640,2026-01-15T19:42:38Z,VIP-EST,R56587897,ABONNEMENT,OK
TKT10909070974,2026-01-15T19:42:38Z,VIP-EST,R52423108,UNITE,OK
TKT93090571507,2026-01-15T19:42:40Z,PORTE-A,R57191223,UNITE,OK
TKT44274201269,2026-01-15T19:42:41Z,PORTE-B,R52370792,UNITE,OK
TKT21726536576,2026-01-15T19:42:41Z,PORTE-D,R59425139,UNITE,OK
TKT21663757995,2026-01-15T19:42:41Z,PORTE-D,R56512565,UNITE,OK
TKT73935840580,2026-01-15T19:42:41Z,PORTE-A,R58367838,UNITE,OK
TKT86974525574,2026-01-15T19:42:42Z,PORTE-D,R54697127,ABONNEMENT,OK
TKT90733972389,2026-01-15T19:42:42Z,VIP-EST,,UNITE,OK
TKT14560224454,2026-01-15T19:42:43Z,PORTE-C,,INVITATION,OK
TKT22082985134,2026-01-15T19:42:43Z,PORTE-C,R57556102,UNITE,OK
TKT42432466369,2026-01-15T19:42:43Z,PORTE-C,R51048628,UNITE,OK
TKT56517389303,2026-01-15T19:42:45Z,PORTE-B,R59820313,ABONNEMENT,OK
TKT12649008990,2026-01-15T19:42:45Z,PORTE-C,,GROUPE,OK
TKT85398983899,2026-01-15T19:42:46Z,VIP-EST,R57405361,ABONNEMENT,OK
TKT98576877788,2026-01-15T19:42:46Z,PORTE-B,,UNITE,OK
TKT46187728449,2026-01-15T19:42:46Z,PORTE-A,R58533626,UNITE,OK
TKT64275987841,2026-01-15T19:42:47Z,VIP-EST,,UNITE,OK
TKT18946329326,2026-01-15T19:42:47Z,PORTE-C,,UNITE,OK
TKT95371410758,2026-01-15T19:42:48Z,PORTE-B,R54200664,UNITE,OK
TKT96889799763,2026-01-15T19:42:48Z,PORTE-D,,UNITE,OK
TKT20727939537,2026-01-15T19:42:49Z,PORTE-B,R53978356,UNITE,OK
TKT56775234350,2026-01-15T19:42:49Z,PORTE-A,R58798653,UNITE,OK
TKT45402207607,2026-01-15T19:42:50Z,PORTE-B,,GROUPE,OK
TKT96580065968,2026-01-15T19:42:50Z,PORTE-C,R56499414,UNITE,OK
TKT97697601972,2026-01-15T19:42:51Z,PORTE-C,R56539135,UNITE,OK
TKT61216738046,2026-01-15T19:42:53Z,PORTE-C,R51556393,UNITE,OK
TKT23050957568,2026-01-15T19:42:53Z,PORTE-C,,UNITE,OK
TKT74192274353,2026-01-15T19:42:53Z,PORTE-A,R58837741,UNITE,OK
TKT59578143859,2026-01-15T19:42:54Z,PORTE-A,R54475231,UNITE,OK
TKT36616842146,2026-01-15T19:42:55Z,PORTE-A,R54308830,ABONNEMENT,OK
TKT66538426589,2026-01-15T19:42:55Z,PORTE-A,R58052756,UNITE,OK
TKT58159124444,2026-01-15T19:42:55Z,PORTE-B,,GROUPE,OK
TKT33803730780,2026-01-15T19:42:56Z,PORTE-D,R55903655,ABONNEMENT,OK
TKT27831861008,2026-01-15T19:42:57Z,PORTE-B,R52883193,UNITE,OK
TKT69944521761,2026-01-15T19:42:58Z,PORTE-A,R54920192,UNITE,OK
TKT44904537360,2026-01-15T19:42:58Z,VIP-EST,R55556218,INVITATION,OK
TKT41240202490,2026-01-15T19:42:58Z,VIP-EST,R58896857,UNITE,OK
TKT71434694149,2026-01-15T19:42:58Z,PORTE-A,R56234742,UNITE,OK
TKT72380165870,2026-01-15T19:42:59Z,PORTE-C,R54374009,UNITE,OK
TKT36717193978,2026-01-15T19:42:59Z,PORTE-D,R57859326,UNITE,OK
TKT63067532382,2026-01-15T19:43:00Z,PORTE-C,,GROUPE,OK
TKT53579709981,2026-01-15T19:43:00Z,PORTE-C,R54240988,UNITE,OK
TKT43428892416,2026-01-15T19:43:01Z,PORTE-D,R59824125,ABONNEMENT,OK
TKT88282552824,2026-01-15T19:43:02Z,VIP-EST,R51356488,ABONNEMENT,OK
TKT52498864773,2026-01-15T19:43:03Z,PORTE-A,R52046860,ABONNEMENT,OK
TKT58453747700,2026-01-15T19:43:03Z,PORTE-C,R51889530,UNITE,OK
TKT26533193031,2026-01-15T19:43:03Z,VIP-EST,R53257401,UNITE,OK
TKT70014465761,2026-01-15T19:43:04Z,PORTE-A,,UNITE,OK
TKT87345317759,2026-01-15T19:43:04Z,PORTE-C,R56981108,UNITE,OK
TKT87607701801,2026-01-15T19:43:04Z,PORTE-C,R58786527,UNITE,OK
TKT87110863032,2026-01-15T19:43:04Z,PORTE-A,R54999959,UNITE,REFUSE_DEJA_SCANNE
TKT66007360075,2026-01-15T19:43:04Z,PORTE-C,R56356384,UNITE,OK
TKT59730744912,2026-01-15T19:43:05Z,PORTE-D,R57962444,ABONNEMENT,OK
TKT64519366146,2026-01-15T19:43:05Z,VIP-EST,R53619818,UNITE,OK
TKT34540484401,2026-01-15T19:43:06Z,PORTE-C,R56403384,ABONNEMENT,OK
TKT37167724099,2026-01-15T19:43:06Z,PORTE-D,R53353987,UNITE,OK
TKT65776864857,2026-01-15T19:43:06Z,PORTE-C,R52747586,UNITE,OK
TKT93781059169,2026-01-15T19:43:06Z,VIP-EST,R53481548,VIP,OK
TKT63733598312,2026-01-15T19:43:06Z,VIP-EST,R57197085,UNITE,OK
TKT50341879157,2026-01-15T19:43:08Z,VIP-EST,R52446201,ABONNEMENT,REFUSE_DEJA_SCANNE
TKT25914793287,2026-01-15T19:43:08Z,PORTE-A,R53282055,UNITE,OK
TKT47333022596,2026-01-15T19:43:08Z,VIP-EST,R58818604,UNITE,OK
TKT26220439216,2026-01-15T19:43:09Z,PORTE-C,R55101238,UNITE,OK
TKT56532654159,2026-01-15T19:43:10Z,VIP-EST,R55560710,ABONNEMENT,OK
TKT86329663695,2026-01-15T19:43:10Z,PORTE-C,,UNITE,OK
TKT19126651711,2026-01-15T19:43:11Z,PORTE-D,R52820121,UNITE,OK
TKT73934285567,2026-01-15T19:43:12Z,PORTE-D,R52596999,ABONNEMENT,OK
TKT43402092631,2026-01-15T19:43:13Z,PORTE-C,R54136644,UNITE,OK
TKT94469863058,2026-01-15T19:43:13Z,PORTE-A,,UNITE,OK
TKT48549768782,2026-01-15T19:43:14Z,PORTE-C,,UNITE,OK
TKT57240698707,2026-01-15T19:43:14Z,PORTE-A,R57905033,UNITE,OK
TKT99552279376,2026-01-15T19:43:15Z,PORTE-C,R59881000,UNITE,OK
TKT37430023917,2026-01-15T19:43:15Z,PORTE-C,R58679721,UNITE,OK
TKT27931867893,2026-01-15T19:43:16Z,PORTE-A,R58469740,UNITE,OK
TKT59373506198,2026-01-15T19:43:16Z,PORTE-A,R57608753,UNITE,OK
TKT10195417532,2026-01-15T19:43:17Z,VIP-EST,R53243091,UNITE,OK
TKT45810827396,2026-01-15T19:43:18Z,PORTE-A,R53289076,UNITE,OK
TKT96757807458,2026-01-15T19:43:19Z,PORTE-A,,UNITE,OK
TKT21463324889,2026-01-15T19:43:19Z,PORTE-B,R59967845,UNITE,OK
TKT80307489405,2026-01-15T19:43:20Z,PORTE-D,R58835433,UNITE,OK
TKT74142469667,2026-01-15T19:43:21Z,PORTE-D,,UNITE,OK
TKT38193049448,2026-01-15T19:43:21Z,PORTE-D,R59324607,UNITE,OK
TKT80756548007,2026-01-15T19:43:21Z,PORTE-C,R55424634,UNITE,OK
TKT37696776405,2026-01-15T19:43:21Z,PORTE-D,,UNITE,OK
TKT21555843178,2026-01-15T19:43:23Z,PORTE-C,,GROUPE,OK
TKT52413620205,2026-01-15T19:43:24Z,PORTE-A,R59875962,UNITE,OK
TKT51387064616,2026-01-15T19:43:24Z,PORTE-B,R54162802,UNITE,OK
TKT72120937977,2026-01-15T19:43:24Z,PORTE-A,R56189313,UNITE,OK
TKT65852857804,2026-01-15T19:43:25Z,PORTE-C,R51704739,UNITE,OK
TKT52312787388,2026-01-15T19:43:25Z,PORTE-A,R58242451,UNITE,OK
TKT33681819734,2026-01-15T19:43:25Z,PORTE-C,R54503218,UNITE,OK
TKT18750404680,2026-01-15T19:43:26Z,PORTE-C,R51430393,ABONNEMENT,OK
TKT96624111695,2026-01-15T19:43:27Z,PORTE-C,R53354255,ABONNEMENT,OK
TKT14747457425,2026-01-15T19:43:28Z,PORTE-A,R54725335,UNITE,OK
TKT36424684361,2026-01-15T19:43:28Z,VIP-EST,R59743554,UNITE,OK
TKT45480858738,2026-01-15T19:43:28Z,PORTE-B,,UNITE,OK
TKT40474079868,2026-01-15T19:43:28Z,PORTE-A,,GROUPE,OK
TKT33724642278,2026-01-15T19:43:30Z,PORTE-C,R58562715,ABONNEMENT,OK
TKT34890764874,2026-01-15T19:43:30Z,VIP-EST,,VIP,OK
TKT53716482568,2026-01-15T19:43:30Z,PORTE-C,R54255700,UNITE,OK
TKT11750217928,2026-01-15T19:43:31Z,PORTE-B,R57271325,UNITE,OK
TKT22275801815,2026-01-15T19:43:32Z,PORTE-A,R59767662,UNITE,OK
TKT68199397106,2026-01-15T19:43:33Z,PORTE-A,R54008671,ABONNEMENT,OK
TKT54973215032,2026-01-15T19:43:33Z,PORTE-D,R53853371,UNITE,OK
TKT33744723961,2026-01-15T19:43:35Z,PORTE-A,R52341991,VIP,OK
TKT17835590463,2026-01-15T19:43:35Z,PORTE-A,,VIP,OK
TKT80327627783,2026-01-15T19:43:35Z,VIP-EST,R53442192,UNITE,OK
TKT10376888707,2026-01-15T19:43:35Z,PORTE-D,R51657136,INVITATION,OK
TKT72549984422,2026-01-15T19:43:36Z,PORTE-C,R55757014,UNITE,OK
TKT43410766378,2026-01-15T19:43:36Z,VIP-EST,R55458349,VIP,OK
TKT40287723791,2026-01-15T19:43:38Z,PORTE-D,R55702447,UNITE,OK
TKT93492169275,2026-01-15T19:43:39Z,VIP-EST,R55739505,UNITE,OK
TKT78618500681,2026-01-15T19:43:39Z,PORTE-C,R56832484,UNITE,OK
TKT69039415170,2026-01-15T19:43:40Z,PORTE-D,R52221153,ABONNEMENT,OK
TKT14348046611,2026-01-15T19:43:40Z,PORTE-D,R57676930,UNITE,OK
TKT51492197310,2026-01-15T19:43:40Z,PORTE-D,R51354515,UNITE,OK
TKT80256233895,2026-01-15T19:43:40Z,PORTE-C,R54649380,UNITE,OK
TKT57455986853,2026-01-15T19:43:40Z,PMR-NORD,R54635224,UNITE,OK
TKT99912947830,2026-01-15T19:43:41Z,PORTE-A,R51603862,VIP,OK
TKT74650469106,2026-01-15T19:43:44Z,PORTE-D,,GROUPE,OK
TKT42755902241,2026-01-15T19:43:45Z,PORTE-C,R51979152,UNITE,OK
TKT22827226498,2026-01-15T19:43:46Z,PORTE-C,R51494413,UNITE,OK
TKT12116277975,2026-01-15T19:43:47Z,PORTE-A,R51290964,VIP,OK
TKT51301629235,2026-01-15T19:43:47Z,PORTE-D,R51782379,UNITE,OK
TKT60015039938,2026-01-15T19:43:47Z,VIP-EST,,UNITE,OK
TKT30062820163,2026-01-15T19:43:47Z,PORTE-C,,UNITE,OK
TKT11902625126,2026-01-15T19:43:48Z,PORTE-C,R55716489,ABONNEMENT,OK
TKT15314944786,2026-01-15T19:43:48Z,PORTE-C,R53655851,ABONNEMENT,OK
TKT75961719484,2026-01-15T19:43:48Z,PORTE-C,,UNITE,OK
TKT81679846744,2026-01-15T19:43:48Z,PORTE-D,R51041061,UNITE,OK
TKT12164980750,2026-01-15T19:43:49Z,PORTE-C,,UNITE,OK
TKT32609536793,2026-01-15T19:43:50Z,PORTE-B,,UNITE,OK
TKT81259459764,2026-01-15T19:43:50Z,PORTE-A,R52948717,UNITE,OK
TKT49508392492,2026-01-15T19:43:50Z,VIP-EST,R54745631,UNITE,OK
TKT46994912389,2026-01-15T19:43:51Z,VIP-EST,,VIP,OK
TKT95427066352,2026-01-15T19:43:51Z,PORTE-A,R59350209,UNITE,OK
TKT26872277558,2026-01-15T19:43:51Z,PORTE-C,R54325515,INVITATION,OK
TKT48375158808,2026-01-15T19:43:51Z,PORTE-C,,UNITE,OK
TKT62667601605,2026-01-15T19:43:52Z,PORTE-B,R58838622,ABONNEMENT,OK
TKT86998750332,2026-01-15T19:43:52Z,VIP-EST,R51399197,UNITE,OK
TKT22082190054,2026-01-15T19:43:52Z,PORTE-C,R52238317,UNITE,OK
TKT21899269287,2026-01-15T19:43:53Z,PORTE-D,R56171603,ABONNEMENT,OK
TKT65102218746,2026-01-15T19:43:53Z,VIP-EST,R51101145,UNITE,OK
TKT31660018910,2026-01-15T19:43:54Z,PORTE-D,R52658768,UNITE,OK
TKT95679505772,2026-01-15T19:43:55Z,PORTE-A,R57969934,UNITE,OK
TKT29583844430,2026-01-15T19:43:57Z,PORTE-A,,UNITE,OK
TKT38078537373,2026-01-15T19:43:59Z,PORTE-C,R59231833,UNITE,OK
TKT47746978014,2026-01-15T19:43:59Z,VIP-EST,R54325994,UNITE,OK
TKT24251271667,2026-01-15T19:43:59Z,PORTE-C,R56546280,UNITE,OK
TKT52405811838,2026-01-15T19:44:00Z,PORTE-C,,UNITE,OK
TKT63363795263,2026-01-15T19:44:01Z,PORTE-B,R59992777,ABONNEMENT,OK
TKT85492269978,2026-01-15T19:44:01Z,PORTE-D,R58098195,ABONNEMENT,OK
TKT92850004294,2026-01-15T19:44:01Z,VIP-EST,R54228805,UNITE,OK
TKT67495985032,2026-01-15T19:44:01Z,PORTE-D,R57463596,UNITE,OK
TKT49746734448,2026-01-15T19:44:02Z,PORTE-C,R57091237,ABONNEMENT,OK
TKT99477521436,2026-01-15T19:44:02Z,PORTE-B,R56676514,UNITE,OK
TKT76817551115,2026-01-15T19:44:02Z,PORTE-C,R51118433,UNITE,OK
TKT95303533029,2026-01-15T19:44:02Z,PORTE-C,R57871308,UNITE,OK
TKT86449528551,2026-01-15T19:44:02Z,PORTE-D,R57306534,UNITE,OK
TKT72414299539,2026-01-15T19:44:03Z,VIP-EST,,VIP,OK
TKT52887646880,2026-01-15T19:44:04Z,PORTE-B,,GROUPE,OK
TKT18975933750,2026-01-15T19:44:04Z,PORTE-D,R57534091,UNITE,OK
TKT34386076549,2026-01-15T19:44:04Z,PORTE-C,R51174695,INVITATION,OK
TKT28373321076,2026-01-15T19:44:04Z,VIP-EST,,VIP,OK
TKT60211236697,2026-01-15T19:44:04Z,PORTE-D,R58473083,UNITE,OK
TKT31935909145,2026-01-15T19:44:05Z,PORTE-A,R51369294,UNITE,OK
TKT11402330807,2026-01-15T19:44:05Z,PORTE-D,R56685632,UNITE,OK
TKT91698462530,2026-01-15T19:44:07Z,PORTE-D,R51155826,ABONNEMENT,OK
TKT86018683757,2026-01-15T19:44:07Z,PORTE-D,R56445681,UNITE,OK
TKT69402275768,2026-01-15T19:44:07Z,PORTE-C,R54455672,UNITE,OK
TKT96083409304,2026-01-15T19:44:08Z,VIP-EST,R57909659,UNITE,OK
TKT31190022474,2026-01-15T19:44:08Z,PORTE-D,R59656575,UNITE,OK
TKT88398819536,2026-01-15T19:44:08Z,PORTE-C,R58029673,UNITE,OK
TKT70025648892,2026-01-15T19:44:08Z,PORTE-B,R54052184,UNITE,OK
TKT65367423490,2026-01-15T19:44:09Z,PORTE-A,,GROUPE,OK
TKT27890814208,2026-01-15T19:44:10Z,VIP-EST,R53062467,UNITE,OK
TKT46707750032,2026-01-15T19:44:10Z,PORTE-A,,GROUPE,OK
TKT63528708951,2026-01-15T19:44:11Z,PORTE-C,,UNITE,OK
TKT14795850354,2026-01-15T19:44:11Z,PORTE-C,R57913538,UNITE,OK
TKT74277872030,2026-01-15T19:44:12Z,PORTE-D,,UNITE,OK
TKT16496695549,2026-01-15T19:44:14Z,PORTE-C,R59224688,UNITE,OK
TKT21931408233,2026-01-15T19:44:16Z,PORTE-D,R59515307,UNITE,OK
TKT88298859643,2026-01-15T19:44:16Z,PORTE-A,R52007772,UNITE,OK
TKT34518545764,2026-01-15T19:44:17Z,PORTE-C,R51386927,ABONNEMENT,OK
TKT56825523565,2026-01-15T19:44:17Z,PORTE-C,,GROUPE,REFUSE_DEJA_SCANNE
TKT11669474281,2026-01-15T19:44:18Z,PORTE-A,,GROUPE,OK
TKT97416436061,2026-01-15T19:44:18Z,PORTE-A,R56679234,UNITE,OK
TKT32339379332,2026-01-15T19:44:19Z,PORTE-D,R52655234,ABONNEMENT,OK
TKT30244140607,2026-01-15T19:44:19Z,PORTE-C,R58923628,UNITE,OK
TKT54317545002,2026-01-15T19:44:19Z,PORTE-A,R54861478,UNITE,OK
TKT38052116383,2026-01-15T19:44:19Z,PORTE-C,R55374981,UNITE,OK
TKT87497130835,2026-01-15T19:44:19Z,PORTE-A,R55992473,UNITE,OK
TKT45912919642,2026-01-15T19:44:20Z,PORTE-C,R54122622,UNITE,OK
TKT76411161653,2026-01-15T19:44:21Z,PORTE-B,R55146389,ABONNEMENT,OK
TKT26706682785,2026-01-15T19:44:21Z,PORTE-C,R55240044,INVITATION,OK
TKT50244064414,2026-01-15T19:44:21Z,PORTE-C,R58735983,UNITE,OK
TKT70685156690,2026-01-15T19:44:22Z,PORTE-A,R53064095,ABONNEMENT,OK
TKT25272774446,2026-01-15T19:44:22Z,PORTE-A,,UNITE,OK
TKT91571220109,2026-01-15T19:44:22Z,PORTE-C,R59535479,UNITE,OK
TKT35146625070,2026-01-15T19:44:22Z,PORTE-B,R51960092,UNITE,OK
TKT72275340147,2026-01-15T19:44:22Z,PORTE-C,,UNITE,OK
TKT24028936142,2026-01-15T19:44:23Z,PORTE-D,R56464473,UNITE,OK
TKT30270443917,2026-01-15T19:44:23Z,PORTE-A,R54023383,UNITE,OK
TKT52426174126,2026-01-15T19:44:24Z,PORTE-C,R55539533,ABONNEMENT,OK
TKT53824264980,2026-01-15T19:44:24Z,PORTE-C,,GROUPE,OK
TKT41447905927,2026-01-15T19:44:24Z,PORTE-D,R54347248,UNITE,OK
TKT20008883802,2026-01-15T19:44:25Z,PORTE-B,R53146994,UNITE,OK
TKT19509531281,2026-01-15T19:44:26Z,PMR-NORD,R58847080,ABONNEMENT,REFUSE_DEJA_SCANNE
TKT44722116172,2026-01-15T19:44:26Z,PORTE-C,R55484018,UNITE,OK
TKT14711505852,2026-01-15T19:44:26Z,PORTE-B,R51946874,UNITE,OK
TKT90417325256,2026-01-15T19:44:27Z,PORTE-B,R58106576,UNITE,OK
TKT33931708111,2026-01-15T19:44:28Z,PORTE-D,R59789395,UNITE,OK
TKT48334521264,2026-01-15T19:44:28Z,PORTE-A,,UNITE,OK
TKT84494691434,2026-01-15T19:44:29Z,PORTE-D,,GROUPE,OK
TKT93786773274,2026-01-15T19:44:31Z,PORTE-D,,UNITE,OK
TKT79872114072,2026-01-15T19:44:31Z,PORTE-A,,GROUPE,OK
TKT69981841604,2026-01-15T19:44:31Z,PORTE-A,R55026931,VIP,OK
TKT23127308414,2026-01-15T19:44:32Z,PORTE-B,R52289675,ABONNEMENT,OK
TKT61640531939,2026-01-15T19:44:33Z,VIP-EST,R54891458,UNITE,OK
TKT15042725097,2026-01-15T19:44:34Z,PORTE-C,,GROUPE,OK
TKT66964235817,2026-01-15T19:44:34Z,PORTE-D,,GROUPE,OK
TKT19335364907,2026-01-15T19:44:35Z,PORTE-D,R55870898,UNITE,OK
TKT40028910576,2026-01-15T19:44:36Z,PORTE-A,R51164341,UNITE,OK
TKT54175707473,2026-01-15T19:44:37Z,PORTE-C,R51627022,UNITE,OK
TKT39018501923,2026-01-15T19:44:37Z,PORTE-A,R55237180,UNITE,OK
TKT18856223430,2026-01-15T19:44:38Z,VIP-EST,R55446893,UNITE,OK
TKT20658927832,2026-01-15T19:44:39Z,PORTE-D,R56157303,ABONNEMENT,OK
TKT89158007348,2026-01-15T19:44:39Z,VIP-EST,R57509983,ABONNEMENT,OK
TKT32296024970,2026-01-15T19:44:39Z,VIP-EST,R55097761,UNITE,OK
TKT33986488341,2026-01-15T19:44:39Z,PORTE-A,R58949106,UNITE,OK
TKT70092855295,2026-01-15T19:44:40Z,PORTE-A,,UNITE,OK
TKT82527527837,2026-01-15T19:44:41Z,PORTE-C,R58447605,UNITE,OK
TKT86570699791,2026-01-15T19:44:42Z,PORTE-C,R59144998,ABONNEMENT,OK
TKT78318532925,2026-01-15T19:44:42Z,PORTE-D,R51475812,ABONNEMENT,OK
TKT49683901098,2026-01-15T19:44:42Z,PORTE-C,R53566487,UNITE,OK
TKT61816661895,2026-01-15T19:44:43Z,PORTE-A,R57620323,ABONNEMENT,REFUSE_DEJA_SCANNE
TKT83990267330,2026-01-15T19:44:43Z,PORTE-A,R59191442,UNITE,OK
TKT52340809387,2026-01-15T19:44:43Z,VIP-EST,R56368711,INVITATION,OK
TKT44116877236,2026-01-15T19:44:44Z,PORTE-B,R54929119,UNITE,OK
TKT56881985911,2026-01-15T19:44:45Z,PORTE-B,,GROUPE,OK
TKT12965765528,2026-01-15T19:44:45Z,PORTE-A,R52051764,UNITE,OK
TKT12443778766,2026-01-15T19:44:46Z,PORTE-C,R52291035,INVITATION,OK
TKT31863065172,2026-01-15T19:44:47Z,PORTE-A,R51636629,ABONNEMENT,OK
TKT49091180575,2026-01-15T19:44:47Z,PORTE-C,R58006312,UNITE,OK
TKT53515619430,2026-01-15T19:44:47Z,VIP-EST,R51354438,GROUPE,OK
TKT52269672367,2026-01-15T19:44:47Z,PORTE-C,R59236938,UNITE,OK
TKT20060476472,2026-01-15T19:44:48Z,PORTE-A,R59555028,UNITE,OK
TKT11908218364,2026-01-15T19:44:48Z,PORTE-A,R52723066,UNITE,OK
TKT99105277191,2026-01-15T19:44:49Z,PORTE-C,R56429609,UNITE,OK
TKT19633638000,2026-01-15T19:44:50Z,PORTE-C,R54536052,ABONNEMENT,OK
TKT41651254843,2026-01-15T19:44:50Z,VIP-EST,,UNITE,OK
TKT65107832315,2026-01-15T19:44:50Z,PORTE-A,R59489025,UNITE,OK
TKT31558143107,2026-01-15T19:44:50Z,PORTE-A,R51642615,UNITE,OK
TKT99091568408,2026-01-15T19:44:52Z,PORTE-D,R56716014,ABONNEMENT,OK
TKT20938648492,2026-01-15T19:44:52Z,PORTE-A,R55213072,UNITE,OK
TKT41176377180,2026-01-15T19:44:53Z,PORTE-B,R54138282,UNITE,OK
TKT42350490677,2026-01-15T19:44:54Z,PORTE-A,R52736006,UNITE,OK
TKT33273568732,2026-01-15T19:44:56Z,VIP-EST,R58636744,UNITE,OK
TKT60507973072,2026-01-15T19:44:57Z,PORTE-A,R51995301,ABONNEMENT,OK
TKT88292741683,2026-01-15T19:44:57Z,PORTE-A,,UNITE,OK
TKT69478870336,2026-01-15T19:44:57Z,PORTE-C,R55603084,UNITE,OK
TKT80026615118,2026-01-15T19:44:58Z,PORTE-C,R59747433,UNITE,OK
TKT58980112227,2026-01-15T19:44:58Z,VIP-EST,,UNITE,OK
TKT33494990305,2026-01-15T19:44:59Z,PORTE-A,,GROUPE,REFUSE_INVALIDE
TKT20571461357,2026-01-15T19:45:00Z,VIP-EST,,UNITE,OK
TKT26000914475,2026-01-15T19:45:01Z,PORTE-C,R58776853,ABONNEMENT,OK
TKT18646289028,2026-01-15T19:45:01Z,PORTE-A,R56355302,UNITE,OK
TKT86827567681,2026-01-15T19:45:02Z,PORTE-B,R59064417,ABONNEMENT,OK
TKT34981410377,2026-01-15T19:45:02Z,PORTE-A,R55058596,UNITE,OK
TKT91491480500,2026-01-15T19:45:02Z,PORTE-C,,GROUPE,OK
TKT27202658227,2026-01-15T19:45:02Z,PORTE-A,R57037159,UNITE,OK
TKT48708598255,2026-01-15T19:45:03Z,PORTE-A,R56209887,VIP,OK
TKT90385980219,2026-01-15T19:45:03Z,PORTE-D,R55658455,UNITE,OK
TKT57509338732,2026-01-15T19:45:03Z,PORTE-D,R51857165,UNITE,OK
TKT65138728571,2026-01-15T19:45:03Z,PORTE-D,R56725276,UNITE,OK
TKT27776346373,2026-01-15T19:45:06Z,VIP-EST,R59277875,ABONNEMENT,OK
TKT73461896454,2026-01-15T19:45:06Z,VIP-EST,R58564477,ABONNEMENT,REFUSE_DEJA_SCANNE
TKT96317209068,2026-01-15T19:45:06Z,PORTE-C,R55432258,UNITE,OK
TKT46252833702,2026-01-15T19:45:06Z,VIP-EST,,UNITE,OK
TKT43937222105,2026-01-15T19:45:07Z,PORTE-A,R56067058,ABONNEMENT,OK
TKT74522564657,2026-01-15T19:45:07Z,PORTE-A,R51372359,ABONNEMENT,OK
TKT36482408927,2026-01-15T19:45:07Z,PORTE-A,R57731755,UNITE,OK
TKT52859579113,2026-01-15T19:45:07Z,PORTE-C,,UNITE,OK
TKT77082092226,2026-01-15T19:45:08Z,PORTE-D,R55600019,UNITE,OK
TKT47883354961,2026-01-15T19:45:08Z,PORTE-C,R55825114,UNITE,OK
TKT83925584628,2026-01-15T19:45:08Z,VIP-EST,R52734301,UNITE,OK
TKT37822682202,2026-01-15T19:45:09Z,PORTE-A,R54576309,ABONNEMENT,OK
TKT90754018459,2026-01-15T19:45:09Z,PMR-NORD,R56147150,ABONNEMENT,OK
TKT61792783809,2026-01-15T19:45:09Z,PORTE-C,,UNITE,OK
TKT62535968217,2026-01-15T19:45:09Z,PORTE-C,R54984567,UNITE,OK
TKT49122295741,2026-01-15T19:45:11Z,PORTE-C,R51118366,UNITE,OK
TKT39103697943,2026-01-15T19:45:11Z,PORTE-A,,UNITE,OK
TKT27268038747,2026-01-15T19:45:11Z,PORTE-C,R57693136,UNITE,OK
TKT65942955291,2026-01-15T19:45:12Z,PORTE-B,R53255696,ABONNEMENT,OK
TKT41595289556,2026-01-15T19:45:12Z,PORTE-A,R54627255,UNITE,OK
TKT71959292628,2026-01-15T19:45:12Z,PORTE-D,R59885425,UNITE,OK
TKT27655128385,2026-01-15T19:45:13Z,PORTE-A,R54692501,UNITE,OK
TKT70358940582,2026-01-15T19:45:13Z,PORTE-C,,UNITE,OK
TKT53611278017,2026-01-15T19:45:14Z,PORTE-A,R54955746,ABONNEMENT,OK
TKT11294722082,2026-01-15T19:45:14Z,PORTE-A,R56512565,UNITE,OK
TKT26157985468,2026-01-15T19:45:15Z,PORTE-D,R56245441,UNITE,OK
TKT14934536230,2026-01-15T19:45:15Z,PORTE-A,,UNITE,OK
TKT75499797682,2026-01-15T19:45:15Z,VIP-EST,R56673583,UNITE,OK
TKT47192096716,2026-01-15T19:45:16Z,VIP-EST,R54309309,VIP,OK
TKT45577112483,2026-01-15T19:45:17Z,VIP-EST,R54815848,ABONNEMENT,OK
TKT28767957485,2026-01-15T19:45:17Z,PORTE-B,,UNITE,OK
TKT44720072380,2026-01-15T19:45:17Z,PORTE-B,R55192977,INVITATION,OK
TKT94411452575,2026-01-15T19:45:17Z,VIP-EST,R58607464,UNITE,OK
TKT43317852720,2026-01-15T19:45:19Z,PORTE-D,,UNITE,OK
TKT99185546285,2026-01-15T19:45:20Z,PORTE-C,,GROUPE,OK
TKT34814893510,2026-01-15T19:45:21Z,PORTE-C,R52369097,ABONNEMENT,OK
TKT84047148003,2026-01-15T19:45:21Z,PORTE-A,R53544218,UNITE,OK
TKT22541466572,2026-01-15T19:45:21Z,PORTE-D,R57341006,UNITE,OK
TKT90472287296,2026-01-15T19:45:23Z,PORTE-C,R54693248,UNITE,OK
TKT87627250721,2026-01-15T19:45:24Z,PORTE-A,R58707651,ABONNEMENT,OK
TKT82429995338,2026-01-15T19:45:24Z,VIP-EST,R57660302,ABONNEMENT,OK
TKT77626953549,2026-01-15T19:45:24Z,PORTE-D,R55241002,UNITE,OK
TKT72560746016,2026-01-15T19:45:24Z,PORTE-A,R55436750,UNITE,OK
TKT55029129570,2026-01-15T19:45:24Z,PORTE-C,R56157437,UNITE,OK
TKT63697509399,2026-01-15T19:45:25Z,PORTE-A,R53737859,UNITE,OK
TKT98212916180,2026-01-15T19:45:26Z,PORTE-B,R51548826,UNITE,OK
TKT90146751890,2026-01-15T19:45:26Z,PORTE-B,R51527649,UNITE,OK
TKT48450631482,2026-01-15T19:45:27Z,PORTE-A,R56723772,UNITE,OK
TKT49009918479,2026-01-15T19:45:28Z,PORTE-C,R51181850,UNITE,OK
TKT88508839489,2026-01-15T19:45:28Z,PORTE-C,R53514593,UNITE,OK
TKT91830818754,2026-01-15T19:45:29Z,PORTE-A,R59694313,ABONNEMENT,OK
TKT53654134100,2026-01-15T19:45:29Z,PORTE-C,R58749536,ABONNEMENT,OK
TKT93038854348,2026-01-15T19:45:29Z,PORTE-C,R55205170,UNITE,OK
TKT63851891456,2026-01-15T19:45:30Z,PORTE-D,,UNITE,OK
TKT27271628947,2026-01-15T19:45:31Z,PORTE-D,,UNITE,OK
TKT62435208588,2026-01-15T19:45:32Z,PORTE-A,R59426432,ABONNEMENT,OK
TKT44586168502,2026-01-15T19:45:32Z,PORTE-C,R52647667,UNITE,OK
TKT91277166367,2026-01-15T19:45:32Z,PORTE-A,R51681991,UNITE,OK
TKT94063149217,2026-01-15T19:45:32Z,PORTE-B,R58254711,UNITE,OK
TKT58671724213,2026-01-15T19:45:33Z,PORTE-C,R59534310,ABONNEMENT,OK
TKT45874431694,2026-01-15T19:45:33Z,PORTE-C,R54479857,INVITATION,OK
TKT70237030923,2026-01-15T19:45:33Z,PORTE-A,R54822457,UNITE,OK
TKT44016984190,2026-01-15T19:45:34Z,PORTE-C,R55398878,ABONNEMENT,OK
TKT60409278651,2026-01-15T19:45:34Z,PORTE-A,R54544557,UNITE,OK
TKT25269948949,2026-01-15T19:45:34Z,PORTE-A,R57903060,UNITE,OK
TKT29352750602,2026-01-15T19:45:35Z,VIP-EST,,UNITE,OK
TKT33679393949,2026-01-15T19:45:35Z,PORTE-D,,UNITE,OK
TKT56752013878,2026-01-15T19:45:35Z,PORTE-D,R51847635,UNITE,OK
TKT71332820961,2026-01-15T19:45:36Z,PORTE-C,R55266001,ABONNEMENT,OK
TKT72851794817,2026-01-15T19:45:37Z,PORTE-D,,UNITE,OK
TKT79810144348,2026-01-15T19:45:37Z,VIP-EST,R57063719,GROUPE,OK
TKT75281422111,2026-01-15T19:45:37Z,PORTE-D,,UNITE,OK
TKT11638082964,2026-01-15T19:45:38Z,PORTE-D,R58405375,UNITE,OK
TKT73562262656,2026-01-15T19:45:38Z,PORTE-C,R57755049,UNITE,OK
TKT41189655989,2026-01-15T19:45:38Z,PORTE-A,R57489687,UNITE,OK
TKT55000268995,2026-01-15T19:45:38Z,PORTE-D,,UNITE,OK
TKT41716921359,2026-01-15T19:45:39Z,PORTE-D,R58028514,ABONNEMENT,OK
TKT36538501095,2026-01-15T19:45:39Z,PORTE-A,R52307797,UNITE,OK
TKT98915629968,2026-01-15T19:45:39Z,VIP-EST,R56802169,UNITE,OK
TKT57221555020,2026-01-15T19:45:40Z,PMR-NORD,R52942654,UNITE,OK
TKT93090571507,2026-01-15T19:45:40Z,PORTE-A,R57191223,UNITE,REFUSE_DEJA_SCANNE
TKT40570436807,2026-01-15T19:45:42Z,VIP-EST,R55074668,ABONNEMENT,OK
TKT56935622729,2026-01-15T19:45:42Z,PORTE-A,R59992499,UNITE,OK
TKT40368103159,2026-01-15T19:45:42Z,PORTE-B,R54584067,UNITE,OK
TKT87074374177,2026-01-15T19:45:43Z,PORTE-C,R53165853,ABONNEMENT,OK
TKT94230683518,2026-01-15T19:45:43Z,PORTE-C,R53010362,UNITE,OK
TKT28328929371,2026-01-15T19:45:44Z,PORTE-C,R51121230,UNITE,OK
TKT22519169084,2026-01-15T19:45:44Z,PORTE-B,R53867671,UNITE,OK
TKT83532374352,2026-01-15T19:45:45Z,PORTE-C,R57761725,UNITE,OK
TKT20453132812,2026-01-15T19:45:47Z,PORTE-A,R56430356,INVITATION,OK
TKT61635239611,2026-01-15T19:45:47Z,PORTE-C,,GROUPE,OK
TKT93834009896,2026-01-15T19:45:49Z,PORTE-B,R59920376,UNITE,OK
TKT89005532166,2026-01-15T19:45:49Z,PORTE-C,R56808299,UNITE,OK
TKT78556499405,2026-01-15T19:45:49Z,PORTE-C,R59021574,UNITE,OK
TKT90104791991,2026-01-15T19:45:50Z,PORTE-D,R52804873,UNITE,OK
TKT48240671842,2026-01-15T19:45:50Z,VIP-EST,,VIP,OK
TKT29557446201,2026-01-15T19:45:51Z,PORTE-C,,GROUPE,OK
TKT18769341950,2026-01-15T19:45:51Z,PORTE-A,,UNITE,OK
TKT36965579658,2026-01-15T19:45:51Z,PORTE-A,R57321112,UNITE,OK
TKT64068875551,2026-01-15T19:45:51Z,VIP-EST,R58556642,UNITE,OK
TKT87012685362,2026-01-15T19:45:51Z,PORTE-C,,UNITE,OK
TKT83778441265,2026-01-15T19:45:52Z,PORTE-A,R55517944,ABONNEMENT,OK
TKT65658730948,2026-01-15T19:45:52Z,PORTE-C,,UNITE,OK
TKT61673702649,2026-01-15T19:45:52Z,PORTE-A,R57871864,UNITE,OK
TKT54083691664,2026-01-15T19:45:53Z,PORTE-D,R52561378,UNITE,OK
TKT90421500014,2026-01-15T19:45:53Z,PORTE-C,R52126148,UNITE,OK
TKT92678152533,2026-01-15T19:45:53Z,PORTE-D,R56263007,UNITE,OK
TKT41172177034,2026-01-15T19:45:54Z,PORTE-C,R56536951,ABONNEMENT,OK
TKT54597725552,2026-01-15T19:45:54Z,VIP-EST,,UNITE,OK
TKT25954392471,2026-01-15T19:45:55Z,PORTE-C,R55447171,UNITE,REFUSE_DEJA_SCANNE
TKT16835315345,2026-01-15T19:45:56Z,PORTE-D,R51498704,UNITE,OK
TKT90387686288,2026-01-15T19:45:57Z,PORTE-D,R58484787,ABONNEMENT,OK
TKT27258153816,2026-01-15T19:45:57Z,PORTE-A,R57845706,UNITE,OK
TKT86994541966,2026-01-15T19:45:57Z,PORTE-C,R52567508,UNITE,OK
TKT65435510951,2026-01-15T19:45:57Z,PORTE-C,,UNITE,OK
TKT21282455556,2026-01-15T19:45:58Z,VIP-EST,R58726721,UNITE,OK
TKT83093700259,2026-01-15T19:45:59Z,PORTE-D,R51701808,UNITE,OK
TKT74294427168,2026-01-15T19:45:59Z,PORTE-D,R56035996,UNITE,OK
TKT50435946474,2026-01-15T19:46:00Z,VIP-EST,,INVITATION,OK
TKT96937294629,2026-01-15T19:46:00Z,PORTE-A,R52095019,UNITE,OK
TKT66883586090,2026-01-15T19:46:01Z,PORTE-D,R55735415,ABONNEMENT,OK
TKT55800097875,2026-01-15T19:46:01Z,PORTE-B,R59553524,UNITE,OK
TKT14378355346,2026-01-15T19:46:02Z,PORTE-A,R51222097,UNITE,OK
TKT76317230511,2026-01-15T19:46:02Z,PORTE-C,R54902693,UNITE,OK
TKT46059198652,2026-01-15T19:46:03Z,PORTE-D,R57018568,ABONNEMENT,OK
TKT52651083871,2026-01-15T19:46:04Z,PORTE-D,,UNITE,OK
TKT41802190193,2026-01-15T19:46:04Z,VIP-EST,R57404135,VIP,OK
TKT94951981295,2026-01-15T19:46:04Z,PORTE-C,R58639129,UNITE,OK
TKT30411215893,2026-01-15T19:46:05Z,VIP-EST,R55235887,ABONNEMENT,OK
TKT51460117853,2026-01-15T19:46:05Z,VIP-EST,R56247002,UNITE,OK
TKT25811228216,2026-01-15T19:46:05Z,VIP-EST,R59638453,UNITE,OK
TKT83780524879,2026-01-15T19:46:06Z,VIP-EST,,UNITE,OK
TKT73121142125,2026-01-15T19:46:07Z,PORTE-B,R56631899,INVITATION,OK
TKT68367526148,2026-01-15T19:46:08Z,PORTE-A,R58567207,ABONNEMENT,OK
TKT55410927476,2026-01-15T19:46:09Z,PORTE-B,R54038564,UNITE,OK
TKT29497767575,2026-01-15T19:46:09Z,PORTE-C,R53362770,UNITE,OK
TKT12476887226,2026-01-15T19:46:10Z,PORTE-C,R52003337,ABONNEMENT,OK
TKT15031088112,2026-01-15T19:46:11Z,VIP-EST,,VIP,OK
TKT73331726309,2026-01-15T19:46:11Z,PORTE-D,,GROUPE,OK
TKT47315775702,2026-01-15T19:46:11Z,PORTE-B,R53082629,UNITE,OK
TKT15607661836,2026-01-15T19:46:12Z,PORTE-A,,UNITE,OK
TKT86202581667,2026-01-15T19:46:12Z,PORTE-C,R54034953,UNITE,OK
TKT57248151185,2026-01-15T19:46:12Z,VIP-EST,R57111265,INVITATION,OK
TKT91361233687,2026-01-15T19:46:13Z,PORTE-B,R58481186,UNITE,OK
TKT38234248614,2026-01-15T19:46:13Z,PORTE-B,R59858530,UNITE,REFUSE_DEJA_SCANNE
TKT30063636135,2026-01-15T19:46:13Z,VIP-EST,,UNITE,OK
TKT96623063654,2026-01-15T19:46:15Z,PORTE-C,R51438697,UNITE,OK
TKT32942049142,2026-01-15T19:46:15Z,PORTE-C,R51255199,UNITE,OK
TKT22644761598,2026-01-15T19:46:16Z,PORTE-C,R59452044,UNITE,OK
TKT99154701146,2026-01-15T19:46:17Z,PORTE-D,R58267105,UNITE,OK
TKT58740641831,2026-01-15T19:46:18Z,PORTE-D,R59288507,UNITE,OK
TKT46535051514,2026-01-15T19:46:18Z,VIP-EST,R52767882,VIP,OK
TKT86726605178,2026-01-15T19:46:19Z,PORTE-B,R54708851,UNITE,REFUSE_DEJA_SCANNE
TKT56898678434,2026-01-15T19:46:20Z,PORTE-C,R52640790,UNITE,OK
TKT54217323155,2026-01-15T19:46:21Z,VIP-EST,R56751357,ABONNEMENT,OK
TKT89225633198,2026-01-15T19:46:21Z,PORTE-C,R58678572,UNITE,OK
TKT90125488519,2026-01-15T19:46:22Z,PORTE-D,,UNITE,OK
TKT75366832141,2026-01-15T19:46:22Z,PORTE-C,,UNITE,OK
TKT18843822067,2026-01-15T19:46:23Z,PORTE-C,R59980373,UNITE,OK
TKT33977165847,2026-01-15T19:46:25Z,PORTE-B,R55127865,UNITE,OK
TKT31020214173,2026-01-15T19:46:26Z,PORTE-A,R57555479,GROUPE,OK
TKT88085900100,2026-01-15T19:46:26Z,PORTE-B,R57263145,UNITE,OK
TKT49285209482,2026-01-15T19:46:27Z,VIP-EST,R56138223,ABONNEMENT,OK
TKT97945886878,2026-01-15T19:46:27Z,PORTE-C,R54590676,GROUPE,OK
TKT75688479864,2026-01-15T19:46:27Z,PORTE-B,,UNITE,OK
TKT67521133838,2026-01-15T19:46:27Z,PORTE-A,,INVITATION,OK
TKT52332965202,2026-01-15T19:46:28Z,PORTE-A,R51139764,ABONNEMENT,OK
TKT73483339212,2026-01-15T19:46:28Z,PORTE-C,R57862056,UNITE,REFUSE_DEJA_SCANNE
TKT46337065418,2026-01-15T19:46:29Z,PORTE-C,R59075796,ABONNEMENT,OK
TKT21553977322,2026-01-15T19:46:29Z,PORTE-A,R53297102,ABONNEMENT,OK
TKT74209687334,2026-01-15T19:46:29Z,PORTE-C,R59463212,UNITE,OK
TKT46284402644,2026-01-15T19:46:29Z,PORTE-A,R57925195,UNITE,OK
TKT87880647737,2026-01-15T19:46:30Z,PORTE-C,R52481343,ABONNEMENT,OK
TKT35164887845,2026-01-15T19:46:30Z,PORTE-C,,UNITE,OK
TKT66286819412,2026-01-15T19:46:30Z,PORTE-C,R51331968,UNITE,OK
TKT53854325484,2026-01-15T19:46:30Z,VIP-EST,R55650352,UNITE,OK
TKT66588246290,2026-01-15T19:46:32Z,PORTE-D,,GROUPE,OK
TKT39366883379,2026-01-15T19:46:32Z,PORTE-C,R59336589,UNITE,OK
TKT78311772424,2026-01-15T19:46:33Z,PORTE-A,R51534191,UNITE,OK
TKT66246736597,2026-01-15T19:46:33Z,PORTE-C,,INVITATION,OK
TKT62909652791,2026-01-15T19:46:33Z,PORTE-A,R54239628,UNITE,OK
TKT12994742670,2026-01-15T19:46:33Z,VIP-EST,,UNITE,OK
TKT59879573324,2026-01-15T19:46:34Z,VIP-EST,R58511836,ABONNEMENT,OK
TKT10702000800,2026-01-15T19:46:35Z,PORTE-C,R53539247,ABONNEMENT,OK
TKT73468552045,2026-01-15T19:46:35Z,PORTE-C,R52479437,UNITE,OK
TKT74608518267,2026-01-15T19:46:36Z,PORTE-C,R56274386,UNITE,OK
TKT69716047909,2026-01-15T19:46:36Z,VIP-EST,,GROUPE,OK
TKT91755278390,2026-01-15T19:46:36Z,VIP-EST,R53766047,UNITE,OK
TKT86514232790,2026-01-15T19:46:37Z,VIP-EST,R53037066,ABONNEMENT,OK
TKT76334100901,2026-01-15T19:46:37Z,PORTE-D,R52466487,UNITE,OK
TKT97680403854,2026-01-15T19:46:38Z,PORTE-C,R55101784,ABONNEMENT,OK
TKT35374161725,2026-01-15T19:46:38Z,VIP-EST,R58069451,VIP,REFUSE_DEJA_SCANNE
TKT59394402519,2026-01-15T19:46:38Z,PORTE-A,,GROUPE,OK
TKT67474142726,2026-01-15T19:46:38Z,VIP-EST,,VIP,OK
TKT43535784623,2026-01-15T19:46:38Z,VIP-EST,,UNITE,OK
TKT21953032126,2026-01-15T19:46:39Z,PORTE-C,R51510763,UNITE,OK
TKT62603797635,2026-01-15T19:46:40Z,PORTE-D,R51323731,UNITE,OK
TKT15635681334,2026-01-15T19:46:41Z,VIP-EST,R52616615,ABONNEMENT,OK
TKT85934403964,2026-01-15T19:46:41Z,VIP-EST,R54874160,UNITE,OK
TKT27749631540,2026-01-15T19:46:42Z,PORTE-B,,GROUPE,OK
TKT91207296529,2026-01-15T19:46:42Z,PORTE-D,R55666213,UNITE,OK
TKT47376245405,2026-01-15T19:46:42Z,PORTE-B,R53911060,UNITE,OK
TKT64365189882,2026-01-15T19:46:43Z,PORTE-C,R56579717,ABONNEMENT,OK
TKT57031301339,2026-01-15T19:46:43Z,PORTE-A,R52511102,UNITE,OK
TKT33438870894,2026-01-15T19:46:44Z,PORTE-C,R55151226,ABONNEMENT,OK
TKT42254175648,2026-01-15T19:46:44Z,PORTE-A,R55746583,ABONNEMENT,OK
TKT64585576604,2026-01-15T19:46:45Z,PORTE-A,,UNITE,OK
TKT29201264088,2026-01-15T19:46:45Z,PORTE-B,R53860248,UNITE,OK
TKT97986962373,2026-01-15T19:46:46Z,PORTE-D,,GROUPE,OK
TKT87977281107,2026-01-15T19:46:46Z,PORTE-A,R51217203,UNITE,OK
TKT26161809403,2026-01-15T19:46:46Z,VIP-EST,,GROUPE,OK
TKT64185695290,2026-01-15T19:46:46Z,VIP-EST,R57873224,UNITE,OK
TKT76244593047,2026-01-15T19:46:47Z,PORTE-B,,UNITE,OK
TKT41342627869,2026-01-15T19:46:47Z,VIP-EST,R55962158,VIP,OK
TKT93205484845,2026-01-15T19:46:48Z,PORTE-A,,UNITE,OK
TKT22872890423,2026-01-15T19:46:48Z,PORTE-A,R51101145,GROUPE,OK
TKT99215958953,2026-01-15T19:46:48Z,PORTE-A,R59937875,UNITE,OK
TKT63066652639,2026-01-15T19:46:49Z,PORTE-C,R57291899,UNITE,OK
TKT81714621012,2026-01-15T19:46:49Z,PORTE-A,R51276587,UNITE,OK
TKT46599995137,2026-01-15T19:46:51Z,PORTE-A,R52371750,UNITE,REFUSE_DEJA_SCANNE
TKT84290635808,2026-01-15T19:46:51Z,PORTE-A,R59932080,UNITE,OK
TKT47275487537,2026-01-15T19:46:51Z,VIP-EST,R55892420,UNITE,OK
TKT64333665121,2026-01-15T19:46:52Z,PORTE-C,R55493481,UNITE,OK
TKT56226428260,2026-01-15T19:46:53Z,PORTE-D,R56513389,ABONNEMENT,OK
TKT32899346501,2026-01-15T19:46:53Z,PORTE-C,R58199263,ABONNEMENT,OK
TKT29638741139,2026-01-15T19:46:54Z,PORTE-A,,GROUPE,OK
TKT65153677140,2026-01-15T19:46:54Z,PORTE-C,R52549664,UNITE,OK
TKT33907117823,2026-01-15T19:46:55Z,PORTE-B,R52966293,UNITE,OK
TKT30744464204,2026-01-15T19:46:55Z,PORTE-B,R52784634,INVITATION,OK
TKT82154947726,2026-01-15T19:46:56Z,VIP-EST,R51240698,ABONNEMENT,OK
TKT66872259534,2026-01-15T19:46:56Z,PORTE-D,R52418472,UNITE,OK
TKT46883757962,2026-01-15T19:46:57Z,PORTE-B,R56450384,UNITE,OK
TKT49703209713,2026-01-15T19:46:58Z,PORTE-C,R51008103,ABONNEMENT,OK
TKT15712368537,2026-01-15T19:46:58Z,PORTE-A,R57445896,UNITE,OK
TKT34107613129,2026-01-15T19:46:59Z,PORTE-B,R59312960,UNITE,OK
TKT19780703433,2026-01-15T19:46:59Z,PORTE-A,R59027982,UNITE,OK
TKT58430747362,2026-01-15T19:47:01Z,PORTE-C,R52809432,UNITE,OK
TKT70062250701,2026-01-15T19:47:02Z,PORTE-C,R55004039,ABONNEMENT,OK
TKT55696529992,2026-01-15T19:47:02Z,PORTE-C,R58507468,UNITE,OK
TKT27469295308,2026-01-15T19:47:02Z,PORTE-A,,UNITE,OK
TKT50433237202,2026-01-15T19:47:02Z,PORTE-A,R51084728,UNITE,OK
TKT63320705206,2026-01-15T19:47:06Z,VIP-EST,R58122102,ABONNEMENT,OK
TKT60799623772,2026-01-15T19:47:06Z,PORTE-C,R54687262,UNITE,OK
TKT47511908238,2026-01-15T19:47:07Z,PORTE-C,R51028935,ABONNEMENT,OK
TKT67326004489,2026-01-15T19:47:07Z,PORTE-C,R55230648,UNITE,OK
TKT87048555594,2026-01-15T19:47:07Z,PORTE-B,,UNITE,OK
TKT32273935594,2026-01-15T19:47:09Z,VIP-EST,,UNITE,OK
TKT69200826708,2026-01-15T19:47:10Z,PORTE-C,,UNITE,OK
TKT31752122376,2026-01-15T19:47:10Z,VIP-EST,R54265307,UNITE,OK
TKT32623292542,2026-01-15T19:47:11Z,PORTE-A,R53648428,UNITE,OK
TKT73595077082,2026-01-15T19:47:11Z,PORTE-D,R55931585,UNITE,OK
TKT32995810202,2026-01-15T19:47:11Z,PORTE-D,R58807168,UNITE,OK
TKT98604033249,2026-01-15T19:47:12Z,PORTE-A,R57657180,ABONNEMENT,OK
TKT87734448369,2026-01-15T19:47:12Z,PORTE-C,R55799445,ABONNEMENT,OK
TKT69191965289,2026-01-15T19:47:12Z,PORTE-C,R52817334,ABONNEMENT,OK
TKT17928504082,2026-01-15T19:47:12Z,PORTE-A,R54124652,ABONNEMENT,OK
TKT53619883198,2026-01-15T19:47:12Z,PORTE-C,R51242058,UNITE,OK
TKT76684225286,2026-01-15T19:47:12Z,PORTE-B,R54361816,UNITE,OK
TKT48833889951,2026-01-15T19:47:12Z,PORTE-C,,UNITE,OK
TKT81880227737,2026-01-15T19:47:13Z,PORTE-C,R51076816,UNITE,OK
TKT13881392169,2026-01-15T19:47:13Z,PORTE-A,,GROUPE,REFUSE_INVALIDE
TKT57827822371,2026-01-15T19:47:13Z,PORTE-B,R56663564,UNITE,OK
TKT90516999995,2026-01-15T19:47:13Z,PORTE-D,R59771206,INVITATION,OK
TKT69344587696,2026-01-15T19:47:14Z,PORTE-C,R56592667,UNITE,OK
TKT92089578971,2026-01-15T19:47:15Z,VIP-EST,R54548044,UNITE,OK
TKT56333983347,2026-01-15T19:47:16Z,PORTE-B,R55035714,UNITE,OK
TKT90655418144,2026-01-15T19:47:17Z,VIP-EST,R55075224,UNITE,OK
TKT58956745143,2026-01-15T19:47:17Z,VIP-EST,,VIP,OK
TKT84904394828,2026-01-15T19:47:18Z,PORTE-C,R52576425,ABONNEMENT,OK
TKT34401136931,2026-01-15T19:47:18Z,PORTE-C,R56643680,UNITE,OK
TKT95503503710,2026-01-15T19:47:18Z,PORTE-D,R56141365,UNITE,OK
TKT77335441622,2026-01-15T19:47:19Z,PORTE-C,R53471616,UNITE,OK
TKT41224240488,2026-01-15T19:47:20Z,VIP-EST,R51324813,ABONNEMENT,OK
TKT33711066028,2026-01-15T19:47:20Z,PORTE-A,R58757438,ABONNEMENT,OK
TKT26573382327,2026-01-15T19:47:21Z,PORTE-B,R57117807,UNITE,OK
TKT14220668065,2026-01-15T19:47:24Z,VIP-EST,R51254797,UNITE,OK
TKT97504418958,2026-01-15T19:47:24Z,PORTE-C,R52088678,UNITE,OK
TKT53722216544,2026-01-15T19:47:24Z,VIP-EST,R52956418,UNITE,OK
TKT34557953912,2026-01-15T19:47:25Z,PORTE-C,R55172413,UNITE,OK
TKT41529830324,2026-01-15T19:47:25Z,PORTE-A,R51388642,VIP,OK
TKT84245276696,2026-01-15T19:47:25Z,PORTE-A,R56843116,UNITE,OK
TKT99802436299,2026-01-15T19:47:25Z,PORTE-B,,INVITATION,OK
TKT64062291048,2026-01-15T19:47:25Z,PORTE-B,,UNITE,OK
TKT16029057435,2026-01-15T19:47:26Z,PORTE-D,,GROUPE,OK
TKT22624683829,2026-01-15T19:47:26Z,PORTE-D,R59427514,UNITE,OK
TKT30009030778,2026-01-15T19:47:26Z,PORTE-C,R56507115,UNITE,OK
TKT32852625899,2026-01-15T19:47:27Z,VIP-EST,R54342267,UNITE,OK
TKT37249283170,2026-01-15T19:47:27Z,VIP-EST,R57446499,UNITE,OK
TKT12136872923,2026-01-15T19:47:28Z,PORTE-C,R52886881,UNITE,OK
TKT10038200010,2026-01-15T19:47:28Z,PORTE-D,R55684670,UNITE,OK
TKT30247933246,2026-01-15T19:47:29Z,PORTE-A,R59037790,UNITE,OK
TKT49815007764,2026-01-15T19:47:30Z,PORTE-A,R54207139,UNITE,OK
TKT55157770686,2026-01-15T19:47:30Z,PORTE-C,,GROUPE,OK
TKT42050075717,2026-01-15T19:47:32Z,VIP-EST,R55320558,UNITE,OK
TKT30146058050,2026-01-15T19:47:32Z,PORTE-C,R59227274,UNITE,OK
TKT57156795037,2026-01-15T19:47:34Z,PORTE-C,R56621334,ABONNEMENT,OK
TKT19700638810,2026-01-15T19:47:34Z,PORTE-B,R57240541,UNITE,OK
TKT17004822085,2026-01-15T19:47:35Z,PORTE-C,R53046117,UNITE,OK
TKT77415826504,2026-01-15T19:47:35Z,PORTE-D,R58727066,UNITE,OK
TKT80327627783,2026-01-15T19:47:35Z,VIP-EST,R53442192,UNITE,REFUSE_DEJA_SCANNE
TKT64867238561,2026-01-15T19:47:37Z,PORTE-C,R55699258,INVITATION,OK
TKT15914912722,2026-01-15T19:47:38Z,PORTE-D,R59319358,ABONNEMENT,OK
TKT43298900910,2026-01-15T19:47:38Z,PORTE-D,,UNITE,OK
TKT46212239011,2026-01-15T19:47:39Z,PORTE-A,R55728471,UNITE,OK
TKT33541098210,2026-01-15T19:47:40Z,PORTE-D,R57630275,UNITE,OK
TKT41389348810,2026-01-15T19:47:41Z,PORTE-D,R59105890,UNITE,OK
TKT80134736931,2026-01-15T19:47:42Z,PORTE-B,R57071832,UNITE,OK
TKT94230133296,2026-01-15T19:47:42Z,PORTE-C,,UNITE,OK
TKT12390306910,2026-01-15T19:47:42Z,PORTE-C,R59141866,UNITE,OK
TKT11239447507,2026-01-15T19:47:44Z,PORTE-C,R59526887,ABONNEMENT,OK
TKT89227446586,2026-01-15T19:47:44Z,PORTE-D,R52578063,UNITE,OK
TKT28595519261,2026-01-15T19:47:44Z,PORTE-D,R57985738,UNITE,OK
TKT56881985911,2026-01-15T19:47:45Z,PORTE-B,,GROUPE,REFUSE_DEJA_SCANNE
TKT76434369671,2026-01-15T19:47:45Z,PORTE-C,,UNITE,OK
TKT40672650185,2026-01-15T19:47:45Z,PORTE-C,R55564254,UNITE,OK
TKT79372357233,2026-01-15T19:47:46Z,PORTE-A,R54910049,UNITE,OK
TKT31315398409,2026-01-15T19:47:46Z,PORTE-C,,UNITE,OK
TKT83584321695,2026-01-15T19:47:47Z,VIP-EST,R57730194,UNITE,OK
TKT71598593919,2026-01-15T19:47:48Z,PORTE-C,R55495196,ABONNEMENT,OK
TKT51186414579,2026-01-15T19:47:49Z,VIP-EST,R59498555,ABONNEMENT,OK
TKT38933769290,2026-01-15T19:47:51Z,PORTE-A,,GROUPE,OK
TKT73181285830,2026-01-15T19:47:51Z,PORTE-A,R54041428,INVITATION,OK
TKT40633329304,2026-01-15T19:47:51Z,PORTE-C,R57287196,UNITE,OK
TKT28546716898,2026-01-15T19:47:51Z,VIP-EST,,UNITE,REFUSE_DEJA_SCANNE
TKT59828369148,2026-01-15T19:47:51Z,PORTE-C,R58315810,UNITE,REFUSE_DEJA_SCANNE
TKT72821347319,2026-01-15T19:47:51Z,PORTE-D,R52923862,UNITE,OK
TKT65255441459,2026-01-15T19:47:51Z,PORTE-D,R55461203,UNITE,OK
TKT14820468452,2026-01-15T19:47:52Z,PORTE-A,R55659815,UNITE,OK
TKT56306642110,2026-01-15T19:47:52Z,VIP-EST,R57342845,UNITE,OK
TKT49486663404,2026-01-15T19:47:52Z,PORTE-D,R56133999,INVITATION,OK
TKT48119533787,2026-01-15T19:47:53Z,PORTE-A,,GROUPE,OK
TKT35392158802,2026-01-15T19:47:55Z,PORTE-C,,UNITE,OK
TKT80263352559,2026-01-15T19:47:58Z,PORTE-A,R58068292,UNITE,OK
TKT27002972924,2026-01-15T19:48:00Z,PORTE-D,R57863282,UNITE,OK
TKT30363464376,2026-01-15T19:48:00Z,PORTE-B,,UNITE,OK
TKT46432498048,2026-01-15T19:48:01Z,PORTE-C,R52011507,UNITE,OK
TKT64394492805,2026-01-15T19:48:01Z,PORTE-B,R59816836,UNITE,OK
TKT34228559775,2026-01-15T19:48:01Z,PORTE-C,R55176426,UNITE,OK
TKT30384411948,2026-01-15T19:48:01Z,PORTE-B,R58765072,UNITE,OK
TKT63394323071,2026-01-15T19:48:02Z,PORTE-B,,GROUPE,OK
TKT90739674608,2026-01-15T19:48:02Z,PORTE-B,,UNITE,OK
TKT93142868291,2026-01-15T19:48:02Z,PORTE-A,R51684510,UNITE,OK
TKT90011491184,2026-01-15T19:48:03Z,VIP-EST,R51420029,UNITE,OK
TKT52953125455,2026-01-15T19:48:03Z,VIP-EST,R53274900,UNITE,OK
TKT99155479976,2026-01-15T19:48:04Z,PORTE-C,R51128653,UNITE,OK
TKT10760682701,2026-01-15T19:48:05Z,PORTE-A,R52465338,ABONNEMENT,OK
TKT62687433072,2026-01-15T19:48:06Z,PORTE-C,R56807964,UNITE,OK
TKT35761931854,2026-01-15T19:48:07Z,PORTE-C,R57091994,UNITE,OK
TKT76597644709,2026-01-15T19:48:07Z,PORTE-C,R58298378,UNITE,OK
TKT90580358400,2026-01-15T19:48:08Z,PORTE-B,R58796057,ABONNEMENT,OK
TKT20934255265,2026-01-15T19:48:09Z,VIP-EST,R58466464,UNITE,OK
TKT14810695189,2026-01-15T19:48:09Z,PORTE-C,R52148350,UNITE,OK
TKT52634909143,2026-01-15T19:48:09Z,PORTE-C,R57118008,UNITE,OK
TKT11830966591,2026-01-15T19:48:10Z,VIP-EST,R51135942,UNITE,OK
TKT71521345205,2026-01-15T19:48:10Z,PORTE-C,,UNITE,OK
TKT12541512043,2026-01-15T19:48:11Z,PORTE-D,R51854033,ABONNEMENT,OK
TKT92970452996,2026-01-15T19:48:11Z,PORTE-D,,UNITE,OK
TKT32906111021,2026-01-15T19:48:11Z,PORTE-A,R57709553,UNITE,OK
TKT60626489190,2026-01-15T19:48:11Z,VIP-EST,R54013431,UNITE,OK
TKT65650102905,2026-01-15T19:48:11Z,PORTE-C,R53283616,UNITE,OK
TKT17694485366,2026-01-15T19:48:12Z,PORTE-A,R59725710,UNITE,OK
TKT30857849806,2026-01-15T19:48:12Z,PORTE-C,,GROUPE,OK
TKT63550673263,2026-01-15T19:48:13Z,PORTE-A,R53891377,UNITE,OK
TKT88576154287,2026-01-15T19:48:13Z,PORTE-C,R54007512,UNITE,OK
TKT63001726137,2026-01-15T19:48:16Z,PORTE-D,R55946900,UNITE,OK
TKT33086872415,2026-01-15T19:48:16Z,PORTE-B,R59879841,UNITE,OK
TKT43076021524,2026-01-15T19:48:17Z,VIP-EST,,UNITE,OK
TKT89248508865,2026-01-15T19:48:17Z,PORTE-B,R56122496,UNITE,OK
TKT21509335170,2026-01-15T19:48:17Z,PORTE-D,R51996460,UNITE,OK
TKT91803801073,2026-01-15T19:48:17Z,PORTE-C,R59502099,UNITE,OK
TKT54923383159,2026-01-15T19:48:18Z,PORTE-D,,UNITE,OK
TKT51847478996,2026-01-15T19:48:18Z,PORTE-A,R53584475,UNITE,OK
TKT23039937414,2026-01-15T19:48:18Z,PORTE-B,R57259400,UNITE,OK
TKT99640932147,2026-01-15T19:48:18Z,PORTE-C,R52914868,UNITE,OK
TKT21307814001,2026-01-15T19:48:19Z,PORTE-B,R51481339,UNITE,OK
TKT53005667281,2026-01-15T19:48:19Z,VIP-EST,R57526122,UNITE,OK
TKT91425906211,2026-01-15T19:48:19Z,PORTE-A,R54922654,UNITE,OK
TKT71269967300,2026-01-15T19:48:20Z,PORTE-B,R57584300,UNITE,OK
TKT55180319110,2026-01-15T19:48:21Z,VIP-EST,R54530468,UNITE,OK
TKT68363367693,2026-01-15T19:48:21Z,VIP-EST,R55110366,UNITE,OK
TKT24007734387,2026-01-15T19:48:23Z,PORTE-C,R57598399,UNITE,OK
TKT12000658849,2026-01-15T19:48:23Z,PORTE-C,R59558294,UNITE,OK
TKT29386996753,2026-01-15T19:48:25Z,VIP-EST,R57535806,UNITE,OK
TKT68818373161,2026-01-15T19:48:26Z,PORTE-A,R56072029,UNITE,OK
TKT62441507306,2026-01-15T19:48:27Z,PORTE-C,R54840713,ABONNEMENT,OK
TKT58237986100,2026-01-15T19:48:27Z,PORTE-C,,GROUPE,OK
TKT31762342125,2026-01-15T19:48:27Z,PORTE-D,R51259423,UNITE,OK
TKT88895930716,2026-01-15T19:48:27Z,PORTE-B,,UNITE,OK
TKT53544556530,2026-01-15T19:48:27Z,PORTE-D,,UNITE,OK
TKT37396190586,2026-01-15T19:48:27Z,PORTE-B,R52154336,UNITE,OK
TKT29564832360,2026-01-15T19:48:28Z,PORTE-A,,GROUPE,OK
TKT55837923990,2026-01-15T19:48:29Z,PORTE-A,R56980428,ABONNEMENT,OK
TKT52301166036,2026-01-15T19:48:29Z,PORTE-D,R57437180,UNITE,OK
TKT58348886815,2026-01-15T19:48:29Z,VIP-EST,,UNITE,OK
TKT29126498030,2026-01-15T19:48:29Z,PORTE-D,R51660258,UNITE,OK
TKT70214776092,2026-01-15T19:48:30Z,PORTE-D,R52597880,ABONNEMENT,OK
TKT64910369328,2026-01-15T19:48:30Z,PORTE-A,,GROUPE,OK
TKT20724343144,2026-01-15T19:48:32Z,PORTE-A,R54708573,ABONNEMENT,OK
TKT95948299817,2026-01-15T19:48:32Z,PORTE-A,R58230603,UNITE,OK
TKT57678802564,2026-01-15T19:48:32Z,PORTE-A,R51067430,UNITE,OK
TKT24612482245,2026-01-15T19:48:32Z,PORTE-A,,UNITE,OK
TKT57874520820,2026-01-15T19:48:32Z,PORTE-B,R57371646,UNITE,OK
TKT53185604041,2026-01-15T19:48:33Z,PORTE-C,,GROUPE,OK
TKT50975132391,2026-01-15T19:48:33Z,PORTE-C,R58166707,UNITE,OK
TKT44676879386,2026-01-15T19:48:33Z,PORTE-D,,GROUPE,OK
TKT91193587281,2026-01-15T19:48:34Z,PORTE-B,R58919069,UNITE,OK
TKT20696007654,2026-01-15T19:48:34Z,PORTE-C,R55337511,UNITE,OK
TKT76859628892,2026-01-15T19:48:34Z,PORTE-B,R51262287,UNITE,OK
TKT81615216795,2026-01-15T19:48:35Z,PORTE-B,R51440402,UNITE,OK
TKT49802511762,2026-01-15T19:48:35Z,PORTE-C,,GROUPE,OK
TKT68844424973,2026-01-15T19:48:36Z,PORTE-C,R51427328,INVITATION,OK
TKT22706108332,2026-01-15T19:48:38Z,VIP-EST,R58570071,UNITE,OK
TKT39303303283,2026-01-15T19:48:38Z,VIP-EST,,UNITE,OK
TKT39751771538,2026-01-15T19:48:39Z,PORTE-D,,UNITE,OK
TKT84062076075,2026-01-15T19:48:39Z,PORTE-A,R58779094,UNITE,OK
TKT83515242879,2026-01-15T19:48:39Z,PORTE-A,R54857398,UNITE,OK
TKT43552239821,2026-01-15T19:48:40Z,PORTE-C,R55896222,ABONNEMENT,OK
TKT11414368655,2026-01-15T19:48:40Z,PORTE-A,R59337681,UNITE,OK
TKT13776211327,2026-01-15T19:48:42Z,PORTE-D,R59498488,ABONNEMENT,OK
TKT87980264511,2026-01-15T19:48:42Z,PORTE-B,R59506112,UNITE,OK
TKT86965711529,2026-01-15T19:48:43Z,PORTE-C,R59821060,INVITATION,OK
TKT16140878072,2026-01-15T19:48:43Z,PORTE-D,R57266833,UNITE,OK
TKT76284461429,2026-01-15T19:48:43Z,PORTE-D,R56488313,UNITE,OK
TKT74563164873,2026-01-15T19:48:44Z,PORTE-D,R56278744,UNITE,OK
TKT83705827944,2026-01-15T19:48:45Z,PORTE-D,R53335999,ABONNEMENT,OK
TKT17186049445,2026-01-15T19:48:45Z,PORTE-A,R57407679,UNITE,OK
TKT93381682325,2026-01-15T19:48:46Z,PORTE-D,R58504959,ABONNEMENT,OK
TKT94362321495,2026-01-15T19:48:46Z,PORTE-A,R53088146,UNITE,OK
TKT16586950295,2026-01-15T19:48:47Z,VIP-EST,,UNITE,OK
TKT25129155360,2026-01-15T19:48:49Z,PORTE-A,R58928120,VIP,OK
TKT49555984359,2026-01-15T19:48:50Z,PORTE-D,R57226164,ABONNEMENT,OK
TKT77628032577,2026-01-15T19:48:50Z,PORTE-C,R57554876,UNITE,OK
TKT44950646003,2026-01-15T19:48:50Z,PORTE-C,,UNITE,OK
TKT94649889370,2026-01-15T19:48:51Z,PORTE-D,R58854436,ABONNEMENT,OK
TKT92430031304,2026-01-15T19:48:51Z,PORTE-D,,UNITE,OK
TKT52408558243,2026-01-15T19:48:51Z,PORTE-C,R59303219,UNITE,OK
TKT13266313533,2026-01-15T19:48:53Z,PORTE-A,R54900653,ABONNEMENT,OK
TKT38106833062,2026-01-15T19:48:53Z,PORTE-C,R57933365,UNITE,OK
TKT99661258438,2026-01-15T19:48:53Z,PORTE-C,,GROUPE,OK
TKT19259887978,2026-01-15T19:48:54Z,PORTE-D,R53113624,ABONNEMENT,OK
TKT81071378573,2026-01-15T19:48:54Z,VIP-EST,R52782527,UNITE,OK
TKT55504244341,2026-01-15T19:48:54Z,PORTE-A,R52560085,UNITE,OK
TKT82810366598,2026-01-15T19:48:54Z,PORTE-A,R58235507,VIP,OK
TKT17964062514,2026-01-15T19:48:54Z,PORTE-C,R53969372,UNITE,OK
TKT34099124677,2026-01-15T19:48:54Z,PORTE-D,R56542123,UNITE,OK
TKT10139446745,2026-01-15T19:48:55Z,PORTE-C,R57983085,UNITE,OK
TKT36760791003,2026-01-15T19:48:55Z,PORTE-B,R52070221,UNITE,OK
TKT97691597256,2026-01-15T19:48:57Z,PORTE-D,R54455548,UNITE,OK
TKT54543151206,2026-01-15T19:48:57Z,PORTE-C,,GROUPE,OK
TKT44269540643,2026-01-15T19:48:58Z,PORTE-C,R54808157,ABONNEMENT,OK
TKT51817271551,2026-01-15T19:48:58Z,VIP-EST,R56722757,UNITE,OK
TKT86473743651,2026-01-15T19:48:58Z,PORTE-C,R59749952,UNITE,OK
TKT92011108973,2026-01-15T19:48:58Z,PORTE-C,R56803951,GROUPE,OK
TKT91701351773,2026-01-15T19:48:58Z,PORTE-C,R53522418,UNITE,OK
TKT84977117425,2026-01-15T19:48:58Z,PORTE-A,R53513367,UNITE,OK
TKT17562411606,2026-01-15T19:48:59Z,PORTE-A,R53460716,VIP,OK
TKT62471061052,2026-01-15T19:48:59Z,PORTE-C,,UNITE,OK
TKT67248703055,2026-01-15T19:48:59Z,PORTE-A,R56602274,UNITE,OK
TKT31327073996,2026-01-15T19:49:01Z,PORTE-C,R52652437,UNITE,OK
TKT10425362517,2026-01-15T19:49:01Z,PORTE-B,,UNITE,OK
TKT24023302652,2026-01-15T19:49:02Z,PORTE-C,R55834587,ABONNEMENT,OK
TKT37949403530,2026-01-15T19:49:02Z,PORTE-B,R52060959,UNITE,OK
TKT69780772130,2026-01-15T19:49:05Z,PORTE-C,,UNITE,OK
TKT65449067306,2026-01-15T19:49:06Z,PORTE-D,R52419708,UNITE,OK
TKT32634609534,2026-01-15T19:49:07Z,VIP-EST,R56709673,UNITE,OK
TKT40611231313,2026-01-15T19:49:08Z,PORTE-B,R51656647,ABONNEMENT,OK
TKT41374553846,2026-01-15T19:49:08Z,PORTE-A,,UNITE,OK
TKT20947341809,2026-01-15T19:49:08Z,PORTE-B,,UNITE,OK
TKT26540878375,2026-01-15T19:49:08Z,VIP-EST,R58335225,VIP,OK
TKT33653108685,2026-01-15T19:49:09Z,PORTE-C,R56403106,ABONNEMENT,OK
TKT62550156568,2026-01-15T19:49:09Z,VIP-EST,R59206231,VIP,OK
TKT28246079138,2026-01-15T19:49:09Z,PORTE-C,,GROUPE,OK
TKT11491144893,2026-01-15T19:49:09Z,PORTE-A,,INVITATION,OK
TKT75024383504,2026-01-15T19:49:10Z,PORTE-D,,GROUPE,OK
TKT10670754651,2026-01-15T19:49:10Z,PORTE-A,R57078642,VIP,OK
TKT68349657092,2026-01-15T19:49:10Z,PORTE-A,,UNITE,OK
TKT69993111091,2026-01-15T19:49:12Z,PORTE-A,,UNITE,OK
TKT72498824212,2026-01-15T19:49:12Z,PORTE-B,R55899431,UNITE,OK
TKT27254510852,2026-01-15T19:49:13Z,PORTE-C,R54586864,UNITE,OK
TKT56172830754,2026-01-15T19:49:15Z,PORTE-A,R54239839,UNITE,OK
TKT99723566820,2026-01-15T19:49:16Z,PORTE-D,R56493093,ABONNEMENT,OK
TKT68180603802,2026-01-15T19:49:16Z,VIP-EST,R52861135,ABONNEMENT,OK
TKT44325499609,2026-01-15T19:49:16Z,PORTE-C,,UNITE,OK
TKT93531243083,2026-01-15T19:49:17Z,VIP-EST,R55113421,UNITE,OK
TKT29872231510,2026-01-15T19:49:18Z,PORTE-A,,UNITE,OK
TKT45688861453,2026-01-15T19:49:18Z,PMR-NORD,R55735482,UNITE,OK
TKT77601596118,2026-01-15T19:49:18Z,PORTE-B,R55789369,UNITE,OK
TKT35376780635,2026-01-15T19:49:19Z,VIP-EST,R51910496,UNITE,OK
TKT25270923162,2026-01-15T19:49:21Z,PORTE-B,R58950600,ABONNEMENT,OK
TKT90198632897,2026-01-15T19:49:22Z,PORTE-C,,UNITE,OK
TKT27984966314,2026-01-15T19:49:22Z,PORTE-B,R53810260,UNITE,REFUSE_DEJA_SCANNE
TKT24543322912,2026-01-15T19:49:23Z,PORTE-C,R58215010,ABONNEMENT,OK
TKT31714133023,2026-01-15T19:49:23Z,PORTE-C,R51970446,GROUPE,OK
TKT93366527668,2026-01-15T19:49:24Z,PORTE-C,R59231498,UNITE,OK
TKT63106665040,2026-01-15T19:49:25Z,PORTE-B,,GROUPE,OK
TKT26458688182,2026-01-15T19:49:26Z,PORTE-D,R51249960,UNITE,OK
TKT80205950655,2026-01-15T19:49:27Z,PORTE-C,R55675552,UNITE,OK
TKT21114950055,2026-01-15T19:49:27Z,PORTE-C,R53237852,UNITE,OK
TKT78252255065,2026-01-15T19:49:29Z,PORTE-C,R57702398,ABONNEMENT,REFUSE_DEJA_SCANNE
TKT67782499030,2026-01-15T19:49:29Z,PORTE-D,R51647385,UNITE,OK
TKT18557162227,2026-01-15T19:49:29Z,PORTE-A,R55219336,UNITE,OK
TKT97006243320,2026-01-15T19:49:30Z,PORTE-A,R57070539,UNITE,OK
TKT31424095052,2026-01-15T19:49:31Z,PORTE-A,R56868249,ABONNEMENT,OK
TKT11171522063,2026-01-15T19:49:31Z,VIP-EST,,UNITE,OK
TKT21650740376,2026-01-15T19:49:31Z,PORTE-C,R54064377,INVITATION,OK
TKT18690741185,2026-01-15T19:49:32Z,VIP-EST,R53476587,UNITE,OK
TKT88547254031,2026-01-15T19:49:32Z,PORTE-C,R53712046,UNITE,OK
TKT62145498110,2026-01-15T19:49:32Z,PORTE-B,,GROUPE,OK
TKT61635467612,2026-01-15T19:49:33Z,PORTE-D,R58469596,ABONNEMENT,OK
TKT18079670175,2026-01-15T19:49:34Z,PORTE-D,R52548840,ABONNEMENT,OK
TKT29611842787,2026-01-15T19:49:34Z,PORTE-A,,UNITE,OK
TKT94270935477,2026-01-15T19:49:34Z,PORTE-C,R57855715,UNITE,OK
TKT50627004052,2026-01-15T19:49:34Z,PORTE-B,R54391039,UNITE,OK
TKT22948209563,2026-01-15T19:49:35Z,PORTE-C,R57828408,UNITE,OK
TKT76978174136,2026-01-15T19:49:35Z,VIP-EST,R53336756,INVITATION,OK
TKT11802039561,2026-01-15T19:49:36Z,VIP-EST,,UNITE,OK
TKT25418738732,2026-01-15T19:49:36Z,PORTE-C,R53841456,UNITE,OK
TKT55883399143,2026-01-15T19:49:36Z,PORTE-D,R54185895,UNITE,OK
TKT61949369895,2026-01-15T19:49:36Z,PORTE-B,R54739769,UNITE,OK
TKT93461721712,2026-01-15T19:49:37Z,PORTE-D,R56675824,UNITE,OK
TKT90491332812,2026-01-15T19:49:37Z,PORTE-C,R59699150,UNITE,OK
TKT51936183294,2026-01-15T19:49:37Z,PORTE-D,R51755896,UNITE,OK
TKT62124322140,2026-01-15T19:49:38Z,PORTE-C,R52345391,GROUPE,OK
TKT98738468323,2026-01-15T19:49:38Z,PORTE-C,,GROUPE,OK
TKT90380093946,2026-01-15T19:49:38Z,PORTE-D,R51670411,UNITE,OK
TKT38070938180,2026-01-15T19:49:38Z,VIP-EST,R59398713,UNITE,OK
TKT82756664641,2026-01-15T19:49:40Z,PORTE-A,R53548643,ABONNEMENT,OK
TKT62060391094,2026-01-15T19:49:40Z,VIP-EST,R51051961,ABONNEMENT,OK
TKT64899824386,2026-01-15T19:49:41Z,PORTE-A,R52195541,UNITE,OK
TKT39530928136,2026-01-15T19:49:41Z,PORTE-C,,GROUPE,OK
TKT76909774190,2026-01-15T19:49:42Z,PORTE-A,R59098534,ABONNEMENT,OK
TKT81034066849,2026-01-15T19:49:42Z,PORTE-A,R54420262,UNITE,OK
TKT89505902023,2026-01-15T19:49:43Z,PORTE-C,R58598882,ABONNEMENT,OK
TKT86308600336,2026-01-15T19:49:43Z,PORTE-C,R53839205,ABONNEMENT,OK
TKT49539150616,2026-01-15T19:49:44Z,PORTE-C,R54261294,UNITE,OK
TKT86877906590,2026-01-15T19:49:44Z,PORTE-D,R55151159,UNITE,OK
TKT51004144943,2026-01-15T19:49:45Z,VIP-EST,R57113037,VIP,OK
TKT49080727545,2026-01-15T19:49:45Z,PORTE-C,R57274390,UNITE,OK
TKT92336278776,2026-01-15T19:49:46Z,VIP-EST,R52262847,UNITE,OK
TKT22742788909,2026-01-15T19:49:46Z,VIP-EST,R53569964,UNITE,OK
TKT51422758203,2026-01-15T19:49:47Z,PORTE-C,R51504834,UNITE,OK
TKT70968604476,2026-01-15T19:49:47Z,PORTE-D,R51196217,UNITE,OK
TKT71519480705,2026-01-15T19:49:48Z,PORTE-D,R55670437,UNITE,OK
TKT98879531663,2026-01-15T19:49:48Z,PMR-NORD,R57211117,UNITE,OK
TKT82633041276,2026-01-15T19:49:48Z,PORTE-C,,UNITE,OK
TKT59930693277,2026-01-15T19:49:49Z,PORTE-C,R59291639,UNITE,OK
TKT45402207607,2026-01-15T19:49:50Z,PORTE-B,,GROUPE,REFUSE_DEJA_SCANNE
TKT24329379633,2026-01-15T19:49:50Z,PORTE-A,R52045979,UNITE,REFUSE_INVALIDE
TKT26092732454,2026-01-15T19:49:50Z,PORTE-C,R55542253,UNITE,OK
TKT36890402444,2026-01-15T19:49:51Z,PORTE-C,R57901690,UNITE,OK
TKT92312366667,2026-01-15T19:49:51Z,VIP-EST,R56260076,UNITE,OK
TKT91476411682,2026-01-15T19:49:51Z,PORTE-C,R55062073,UNITE,OK
TKT61821195056,2026-01-15T19:49:52Z,PORTE-B,R52590179,ABONNEMENT,OK
TKT31001076458,2026-01-15T19:49:52Z,PORTE-C,,UNITE,OK
TKT20179726690,2026-01-15T19:49:53Z,PORTE-A,R58760024,UNITE,OK
TKT26493066431,2026-01-15T19:49:54Z,PORTE-C,,GROUPE,OK
TKT20367546029,2026-01-15T19:49:54Z,PORTE-D,,UNITE,OK
TKT77630257526,2026-01-15T19:49:54Z,PORTE-C,R53688886,UNITE,OK
TKT44709135529,2026-01-15T19:49:54Z,PORTE-C,R58929892,INVITATION,OK
TKT39367477436,2026-01-15T19:49:54Z,VIP-EST,,UNITE,OK
TKT35730913453,2026-01-15T19:49:54Z,PORTE-D,,UNITE,OK
TKT85828116586,2026-01-15T19:49:57Z,VIP-EST,,UNITE,OK
TKT40503918210,2026-01-15T19:49:58Z,PORTE-B,R54363521,ABONNEMENT,OK
TKT55431426871,2026-01-15T19:49:58Z,PORTE-A,R52014706,UNITE,OK
TKT24184158415,2026-01-15T19:49:59Z,PORTE-D,R55805987,UNITE,OK
TKT70908962278,2026-01-15T19:49:59Z,PORTE-A,R53024662,UNITE,OK
TKT81345214841,2026-01-15T19:50:00Z,PORTE-B,R57038050,UNITE,OK
TKT64444708048,2026-01-15T19:50:00Z,PORTE-D,,UNITE,OK
TKT65553363433,2026-01-15T19:50:00Z,PORTE-C,,UNITE,OK
TKT28244720342,2026-01-15T19:50:00Z,PORTE-B,R57262599,UNITE,OK
TKT34735590048,2026-01-15T19:50:00Z,VIP-EST,,VIP,OK
TKT18646289028,2026-01-15T19:50:01Z,PORTE-A,R56355302,UNITE,REFUSE_DEJA_SCANNE
TKT55823603563,2026-01-15T19:50:01Z,PORTE-C,R51532275,UNITE,OK
TKT99165821275,2026-01-15T19:50:02Z,PORTE-A,,GROUPE,OK
TKT26599248380,2026-01-15T19:50:02Z,PORTE-D,,UNITE,OK
TKT49056483798,2026-01-15T19:50:02Z,PORTE-D,R59910625,UNITE,OK
TKT77082496483,2026-01-15T19:50:02Z,PORTE-C,R57821598,UNITE,OK
TKT18214836083,2026-01-15T19:50:02Z,PORTE-C,R53689298,INVITATION,OK
TKT78649887744,2026-01-15T19:50:02Z,PORTE-C,R54903718,INVITATION,OK
TKT10985375126,2026-01-15T19:50:03Z,PORTE-D,R55137874,ABONNEMENT,OK
TKT15933340914,2026-01-15T19:50:04Z,PORTE-D,,GROUPE,OK
TKT80575901038,2026-01-15T19:50:04Z,PORTE-B,,GROUPE,OK
TKT92765442647,2026-01-15T19:50:05Z,PORTE-D,R56319336,ABONNEMENT,OK
TKT31952228340,2026-01-15T19:50:05Z,PORTE-B,,GROUPE,OK
TKT20951990678,2026-01-15T19:50:05Z,PORTE-C,R58807503,UNITE,OK
TKT37154153104,2026-01-15T19:50:05Z,PORTE-D,R54257060,UNITE,OK
TKT15964508579,2026-01-15T19:50:06Z,PORTE-C,R59886929,ABONNEMENT,OK
TKT37654972411,2026-01-15T19:50:07Z,PORTE-A,R58174408,UNITE,OK
TKT21204602727,2026-01-15T19:50:07Z,VIP-EST,R54127727,UNITE,OK
TKT93746554486,2026-01-15T19:50:07Z,PORTE-C,R59669716,UNITE,OK
TKT64592877101,2026-01-15T19:50:07Z,PORTE-B,R53344993,UNITE,OK
TKT46624239094,2026-01-15T19:50:08Z,PORTE-D,R53493674,ABONNEMENT,OK
TKT72112433999,2026-01-15T19:50:09Z,PORTE-D,R53458532,ABONNEMENT,OK
TKT87343232843,2026-01-15T19:50:10Z,PORTE-C,R58405375,ABONNEMENT,OK
TKT93319853006,2026-01-15T19:50:10Z,PORTE-A,R56174323,UNITE,OK
TKT95094110537,2026-01-15T19:50:11Z,PORTE-D,R53283281,ABONNEMENT,OK
TKT34316006877,2026-01-15T19:50:11Z,PORTE-D,,GROUPE,OK
TKT46746264129,2026-01-15T19:50:11Z,PORTE-A,R55438187,UNITE,OK
TKT84844169590,2026-01-15T19:50:11Z,PORTE-C,R57581704,UNITE,OK
TKT46927795704,2026-01-15T19:50:12Z,PORTE-C,,UNITE,OK
TKT35581723560,2026-01-15T19:50:12Z,PORTE-A,R55420879,UNITE,OK
TKT43964068094,2026-01-15T19:50:14Z,PORTE-C,,GROUPE,OK
TKT18590062311,2026-01-15T19:50:15Z,PORTE-D,R56381728,UNITE,OK
TKT87074704119,2026-01-15T19:50:15Z,VIP-EST,R59873175,UNITE,OK
TKT26885958151,2026-01-15T19:50:15Z,PORTE-C,R57475722,UNITE,OK
TKT16733523627,2026-01-15T19:50:15Z,PORTE-C,,UNITE,OK
TKT27361292364,2026-01-15T19:50:16Z,PORTE-C,,UNITE,OK
TKT86061626020,2026-01-15T19:50:17Z,PORTE-A,R57712685,UNITE,OK
TKT47573461381,2026-01-15T19:50:17Z,PORTE-A,R56568214,UNITE,OK
TKT43164455698,2026-01-15T19:50:18Z,VIP-EST,R55383553,UNITE,OK
TKT44395386962,2026-01-15T19:50:18Z,PORTE-C,R58134630,UNITE,OK
TKT77470916235,2026-01-15T19:50:19Z,PORTE-C,R53205698,ABONNEMENT,OK
TKT10200872982,2026-01-15T19:50:20Z,PORTE-C,R55760759,UNITE,OK
TKT29634902659,2026-01-15T19:50:20Z,PORTE-C,R51888160,UNITE,OK
TKT95989028927,2026-01-15T19:50:21Z,PORTE-C,R55598381,ABONNEMENT,OK
TKT93739946981,2026-01-15T19:50:21Z,PORTE-B,R55733720,UNITE,OK
TKT16794747462,2026-01-15T19:50:22Z,VIP-EST,,GROUPE,OK
TKT25974301803,2026-01-15T19:50:24Z,PORTE-D,R55422795,ABONNEMENT,OK
TKT69641342748,2026-01-15T19:50:24Z,PORTE-C,,UNITE,OK
TKT12182847175,2026-01-15T19:50:25Z,PORTE-B,R54544021,ABONNEMENT,OK
TKT26937447483,2026-01-15T19:50:25Z,PORTE-A,,UNITE,OK
TKT85612273987,2026-01-15T19:50:25Z,PORTE-C,,UNITE,OK
TKT63590944090,2026-01-15T19:50:26Z,PORTE-C,R58737889,UNITE,OK
TKT98991343407,2026-01-15T19:50:26Z,VIP-EST,R57245924,UNITE,OK
TKT81605466028,2026-01-15T19:50:27Z,PORTE-C,,UNITE,OK
TKT71982648285,2026-01-15T19:50:27Z,PORTE-B,R53797454,UNITE,OK
TKT92883886975,2026-01-15T19:50:28Z,PORTE-C,R52664295,ABONNEMENT,OK
TKT12140147864,2026-01-15T19:50:28Z,VIP-EST,R52630570,INVITATION,OK
TKT15955199788,2026-01-15T19:50:28Z,PORTE-A,R55158582,UNITE,OK
TKT53581498659,2026-01-15T19:50:29Z,PORTE-B,R54953304,ABONNEMENT,OK
TKT58465911397,2026-01-15T19:50:30Z,PORTE-C,R54775390,ABONNEMENT,OK
TKT44594906011,2026-01-15T19:50:30Z,PORTE-D,R56583817,UNITE,OK
TKT11082099258,2026-01-15T19:50:30Z,PORTE-A,R51259567,UNITE,OK
TKT19046421551,2026-01-15T19:50:32Z,VIP-EST,R51360635,ABONNEMENT,OK
TKT15751272776,2026-01-15T19:50:32Z,PORTE-B,,UNITE,OK
TKT25612170175,2026-01-15T19:50:32Z,PORTE-C,,GROUPE,OK
TKT32093104494,2026-01-15T19:50:33Z,VIP-EST,R55764226,UNITE,OK
TKT62181521373,2026-01-15T19:50:35Z,PORTE-C,R58294901,UNITE,OK
TKT59484672184,2026-01-15T19:50:36Z,PORTE-B,R57400467,UNITE,OK
TKT94384540141,2026-01-15T19:50:36Z,PORTE-C,R54509549,UNITE,OK
TKT64867238561,2026-01-15T19:50:37Z,PORTE-C,R55699258,INVITATION,REFUSE_DEJA_SCANNE
TKT13683542948,2026-01-15T19:50:37Z,PORTE-A,R59017283,VIP,OK
TKT46818063920,2026-01-15T19:50:37Z,PORTE-B,R52586712,UNITE,OK
TKT81373483990,2026-01-15T19:50:37Z,PORTE-D,R56101510,UNITE,OK
TKT43358289521,2026-01-15T19:50:37Z,PORTE-B,R52435914,INVITATION,OK
TKT11737710051,2026-01-15T19:50:38Z,PORTE-D,R51809294,ABONNEMENT,OK
TKT34974872748,2026-01-15T19:50:38Z,PORTE-B,R52303985,UNITE,OK
TKT29364223561,2026-01-15T19:50:38Z,PORTE-C,R52635886,UNITE,OK
TKT64300754167,2026-01-15T19:50:39Z,VIP-EST,R51648889,VIP,OK
TKT88146582667,2026-01-15T19:50:39Z,PORTE-D,R58246062,UNITE,OK
TKT10675076487,2026-01-15T19:50:40Z,VIP-EST,,VIP,OK
TKT81741893278,2026-01-15T19:50:41Z,VIP-EST,R56680661,ABONNEMENT,OK
TKT41165765355,2026-01-15T19:50:42Z,PORTE-A,R56962651,ABONNEMENT,OK
TKT68686385882,2026-01-15T19:50:42Z,PORTE-C,R55716010,UNITE,OK
TKT41959279853,2026-01-15T19:50:44Z,PORTE-C,R53962696,ABONNEMENT,OK
TKT69801033994,2026-01-15T19:50:44Z,PORTE-A,R54971617,UNITE,OK
TKT31769649387,2026-01-15T19:50:45Z,PORTE-A,R52561100,UNITE,OK
TKT86549715535,2026-01-15T19:50:45Z,PORTE-C,R55658934,UNITE,OK
TKT20394089078,2026-01-15T19:50:46Z,PORTE-B,R54102460,UNITE,OK
TKT27273866688,2026-01-15T19:50:46Z,VIP-EST,R51497957,VIP,OK
TKT98229671210,2026-01-15T19:50:46Z,PORTE-A,,GROUPE,OK
TKT93969396381,2026-01-15T19:50:47Z,PORTE-D,R51512257,UNITE,OK
TKT96163856321,2026-01-15T19:50:48Z,PORTE-C,,UNITE,OK
TKT72516522182,2026-01-15T19:50:49Z,PORTE-B,R57664526,UNITE,OK
TKT42461560373,2026-01-15T19:50:50Z,PORTE-C,,UNITE,OK
TKT52430588469,2026-01-15T19:50:50Z,PORTE-A,,VIP,OK
TKT52768603244,2026-01-15T19:50:50Z,VIP-EST,R59469131,VIP,OK
TKT24308085235,2026-01-15T19:50:50Z,PORTE-C,R54430750,UNITE,OK
TKT18838479478,2026-01-15T19:50:52Z,PORTE-C,,UNITE,OK
TKT43690446739,2026-01-15T19:50:53Z,PORTE-A,R56609754,ABONNEMENT,OK
TKT54613623993,2026-01-15T19:50:53Z,PORTE-C,R51612444,UNITE,OK
TKT38128574568,2026-01-15T19:50:53Z,VIP-EST,R59498009,UNITE,OK
TKT97734130945,2026-01-15T19:50:53Z,PORTE-D,,UNITE,OK
TKT90025057941,2026-01-15T19:50:53Z,PORTE-A,R51947765,UNITE,OK
TKT20552565623,2026-01-15T19:50:54Z,VIP-EST,R58627750,ABONNEMENT,OK
TKT87198330438,2026-01-15T19:50:56Z,PORTE-A,R52174498,UNITE,OK
TKT38709416876,2026-01-15T19:50:56Z,PORTE-C,R55977282,UNITE,OK
TKT59740999407,2026-01-15T19:50:56Z,PORTE-A,R54441851,UNITE,OK
TKT63505177174,2026-01-15T19:50:59Z,VIP-EST,,UNITE,OK
TKT58314666837,2026-01-15T19:51:00Z,PORTE-C,R56332343,UNITE,OK
TKT43058251928,2026-01-15T19:51:00Z,PORTE-C,,GROUPE,OK
TKT55274284842,2026-01-15T19:51:01Z,PORTE-B,R56135771,UNITE,OK
TKT58188678758,2026-01-15T19:51:01Z,VIP-EST,R58230670,UNITE,OK
TKT31575956126,2026-01-15T19:51:01Z,PORTE-C,R52556943,UNITE,OK
TKT84299157809,2026-01-15T19:51:02Z,PORTE-C,R57677476,ABONNEMENT,OK
TKT42939152335,2026-01-15T19:51:02Z,PORTE-D,R57244765,ABONNEMENT,OK
TKT50189573677,2026-01-15T19:51:02Z,PORTE-A,,VIP,OK
TKT49301183501,2026-01-15T19:51:03Z,PORTE-C,,UNITE,OK
TKT92046267442,2026-01-15T19:51:03Z,PORTE-D,R53762513,UNITE,OK
TKT25229342708,2026-01-15T19:51:03Z,PORTE-C,,GROUPE,OK
TKT92809370507,2026-01-15T19:51:03Z,PORTE-C,,GROUPE,OK
TKT70121449375,2026-01-15T19:51:04Z,VIP-EST,R55867622,ABONNEMENT,OK
TKT79696587350,2026-01-15T19:51:05Z,PORTE-B,R53242823,UNITE,OK
TKT30673041520,2026-01-15T19:51:05Z,PORTE-A,R52874065,UNITE,OK
TKT97563928494,2026-01-15T19:51:06Z,PORTE-D,R51755896,ABONNEMENT,OK
TKT44647497755,2026-01-15T19:51:07Z,VIP-EST,R54293984,VIP,OK
TKT77374627108,2026-01-15T19:51:08Z,PORTE-A,R51161966,ABONNEMENT,OK
TKT63029262722,2026-01-15T19:51:10Z,PORTE-C,R55340030,INVITATION,OK
TKT41370417798,2026-01-15T19:51:10Z,PORTE-C,R54417666,UNITE,OK
TKT21825231187,2026-01-15T19:51:11Z,VIP-EST,R54341118,UNITE,OK
TKT68116056309,2026-01-15T19:51:13Z,PORTE-B,R51630355,UNITE,OK
TKT18974180363,2026-01-15T19:51:15Z,PORTE-D,R57177670,UNITE,OK
TKT17380074744,2026-01-15T19:51:15Z,PORTE-C,,GROUPE,OK
TKT43194999250,2026-01-15T19:51:15Z,PORTE-A,R55990155,UNITE,OK
TKT45875067107,2026-01-15T19:51:16Z,VIP-EST,R54067241,UNITE,OK
TKT77547537680,2026-01-15T19:51:17Z,PORTE-B,R51370999,UNITE,OK
TKT63371911544,2026-01-15T19:51:17Z,PORTE-A,R51287688,UNITE,OK
TKT52157676604,2026-01-15T19:51:18Z,PORTE-C,,GROUPE,OK
TKT60360612777,2026-01-15T19:51:19Z,VIP-EST,R51118232,UNITE,OK
TKT52317816821,2026-01-15T19:51:19Z,PORTE-A,,GROUPE,OK
TKT24486373412,2026-01-15T19:51:19Z,PORTE-C,R59273661,UNITE,OK
TKT21375196581,2026-01-15T19:51:19Z,PORTE-C,R53849904,INVITATION,OK
TKT93122547424,2026-01-15T19:51:20Z,VIP-EST,R54550831,UNITE,OK
TKT87829080784,2026-01-15T19:51:21Z,VIP-EST,R51915611,UNITE,OK
TKT55233871475,2026-01-15T19:51:22Z,VIP-EST,R59579615,UNITE,OK
TKT47033956408,2026-01-15T19:51:22Z,PORTE-C,R57400189,UNITE,OK
TKT69722568671,2026-01-15T19:51:23Z,PORTE-D,R51843210,UNITE,OK
TKT29458417897,2026-01-15T19:51:23Z,PORTE-C,,UNITE,OK
TKT73584809795,2026-01-15T19:51:23Z,PORTE-A,R52470031,UNITE,OK
TKT14554391712,2026-01-15T19:51:25Z,PORTE-A,R51827205,ABONNEMENT,OK
TKT23221675274,2026-01-15T19:51:25Z,PORTE-A,,UNITE,OK
TKT65154047971,2026-01-15T19:51:26Z,VIP-EST,R54371567,UNITE,OK
TKT37250293073,2026-01-15T19:51:26Z,VIP-EST,R57233731,UNITE,OK
TKT88172207018,2026-01-15T19:51:26Z,PORTE-C,,UNITE,OK
TKT25056550184,2026-01-15T19:51:27Z,PORTE-C,R56002693,ABONNEMENT,OK
TKT64592679625,2026-01-15T19:51:27Z,VIP-EST,,UNITE,OK
TKT84158669706,2026-01-15T19:51:28Z,PORTE-A,,UNITE,OK
TKT76663828379,2026-01-15T19:51:28Z,PORTE-C,R52303573,UNITE,OK
TKT68624244276,2026-01-15T19:51:29Z,PORTE-C,R52008385,ABONNEMENT,OK
TKT74209687334,2026-01-15T19:51:29Z,PORTE-C,R59463212,UNITE,REFUSE_DEJA_SCANNE
TKT70476668593,2026-01-15T19:51:29Z,PORTE-C,R55713414,UNITE,OK
TKT38756197237,2026-01-15T19:51:29Z,PORTE-B,,UNITE,OK
TKT16093819976,2026-01-15T19:51:30Z,PORTE-D,R56311712,UNITE,OK
TKT15798846502,2026-01-15T19:51:31Z,PORTE-B,R51337006,ABONNEMENT,OK
TKT79057043473,2026-01-15T19:51:31Z,VIP-EST,,UNITE,OK
TKT43643801889,2026-01-15T19:51:33Z,PORTE-C,,UNITE,OK
TKT13830701546,2026-01-15T19:51:34Z,PORTE-A,R51331623,ABONNEMENT,OK
TKT88565291469,2026-01-15T19:51:35Z,PORTE-C,R54955545,UNITE,OK
TKT53371557450,2026-01-15T19:51:35Z,PORTE-B,,UNITE,OK
TKT60381544681,2026-01-15T19:51:36Z,PORTE-D,R59379221,ABONNEMENT,OK
TKT47640994910,2026-01-15T19:51:36Z,PORTE-C,,INVITATION,OK
TKT16275556749,2026-01-15T19:51:37Z,PORTE-B,R53115185,ABONNEMENT,OK
TKT10679390477,2026-01-15T19:51:39Z,PORTE-C,R56934309,ABONNEMENT,OK
TKT35434863117,2026-01-15T19:51:39Z,PORTE-A,,GROUPE,OK
TKT67459369749,2026-01-15T19:51:39Z,PORTE-C,R53447086,UNITE,OK
TKT57433917888,2026-01-15T19:51:39Z,PORTE-C,R57956592,UNITE,OK
TKT66210538192,2026-01-15T19:51:40Z,PORTE-C,R58085667,UNITE,OK
TKT72309819880,2026-01-15T19:51:40Z,PORTE-C,R57634221,UNITE,OK
TKT67983775819,2026-01-15T19:51:41Z,PORTE-C,R52034600,UNITE,OK
TKT98371560472,2026-01-15T19:51:41Z,PORTE-B,R58975743,UNITE,OK
TKT74564496263,2026-01-15T19:51:42Z,VIP-EST,R58715007,INVITATION,OK
TKT69673211198,2026-01-15T19:51:43Z,PORTE-B,R51011225,ABONNEMENT,OK
TKT99277134398,2026-01-15T19:51:43Z,PORTE-B,R56299988,UNITE,OK
TKT74182562379,2026-01-15T19:51:43Z,PORTE-D,R54083179,UNITE,REFUSE_INVALIDE
TKT29305887625,2026-01-15T19:51:45Z,VIP-EST,,UNITE,OK
TKT29824462316,2026-01-15T19:51:45Z,PORTE-A,R55538575,UNITE,OK
TKT25516057186,2026-01-15T19:51:46Z,PORTE-C,R58014003,UNITE,OK
TKT44242218491,2026-01-15T19:51:48Z,PORTE-D,R51020966,ABONNEMENT,OK
TKT40932577169,2026-01-15T19:51:48Z,VIP-EST,R57652467,UNITE,OK
TKT22390970306,2026-01-15T19:51:49Z,PORTE-C,R53134188,ABONNEMENT,OK
TKT72516522182,2026-01-15T19:51:49Z,PORTE-B,R57664526,UNITE,REFUSE_DEJA_SCANNE
TKT78030231031,2026-01-15T19:51:49Z,PORTE-B,R52325229,UNITE,OK
TKT34488977996,2026-01-15T19:51:49Z,PORTE-B,,GROUPE,OK
TKT45708902369,2026-01-15T19:51:51Z,PORTE-C,R54991300,ABONNEMENT,OK
TKT90868093856,2026-01-15T19:51:51Z,PORTE-A,R55547971,UNITE,OK
TKT74197678060,2026-01-15T19:51:51Z,VIP-EST,R51951098,UNITE,OK
TKT91216875152,2026-01-15T19:51:52Z,VIP-EST,,GROUPE,OK
TKT48602304559,2026-01-15T19:51:52Z,PORTE-A,R57181281,UNITE,OK
TKT68220805351,2026-01-15T19:51:52Z,VIP-EST,R51953483,UNITE,OK
TKT96169597243,2026-01-15T19:51:53Z,PORTE-B,R55884853,INVITATION,OK
TKT75807379991,2026-01-15T19:51:54Z,PORTE-D,R56956243,UNITE,OK
TKT17009857105,2026-01-15T19:51:55Z,PORTE-A,R56890652,INVITATION,OK
TKT98774560604,2026-01-15T19:51:55Z,PORTE-A,R53131190,UNITE,OK
TKT60949590496,2026-01-15T19:51:56Z,PORTE-C,R52790362,UNITE,OK
TKT21354679446,2026-01-15T19:51:57Z,PORTE-A,R57074217,UNITE,OK
TKT78245994037,2026-01-15T19:51:58Z,PORTE-A,R51663189,UNITE,OK
TKT78404405252,2026-01-15T19:51:59Z,PORTE-A,R54288745,UNITE,OK
TKT76983853333,2026-01-15T19:51:59Z,PORTE-C,,UNITE,OK
TKT62062075728,2026-01-15T19:51:59Z,PORTE-C,R57302387,UNITE,OK
TKT11151573100,2026-01-15T19:51:59Z,VIP-EST,R57188570,UNITE,OK
TKT57559447389,2026-01-15T19:52:00Z,PORTE-D,R53477870,UNITE,OK
TKT40700690942,2026-01-15T19:52:00Z,PORTE-D,,UNITE,OK
TKT48317329162,2026-01-15T19:52:01Z,VIP-EST,R59556934,GROUPE,OK
TKT93668171707,2026-01-15T19:52:01Z,PORTE-C,,GROUPE,OK
TKT27653921203,2026-01-15T19:52:01Z,PORTE-D,,UNITE,OK
TKT24023302652,2026-01-15T19:52:02Z,PORTE-C,R55834587,ABONNEMENT,REFUSE_DEJA_SCANNE
TKT53520216707,2026-01-15T19:52:02Z,PORTE-C,R57559837,UNITE,OK
TKT58654010516,2026-01-15T19:52:02Z,PORTE-A,R53391380,UNITE,OK
TKT20563620059,2026-01-15T19:52:02Z,VIP-EST,R58416543,VIP,OK
TKT96476436607,2026-01-15T19:52:03Z,PORTE-C,R54373540,ABONNEMENT,OK
TKT75443268204,2026-01-15T19:52:04Z,PORTE-B,R54169880,UNITE,OK
TKT54802579625,2026-01-15T19:52:05Z,PORTE-C,R52221632,UNITE,OK
TKT71014588916,2026-01-15T19:52:07Z,PORTE-A,R59964713,ABONNEMENT,OK
TKT48836684173,2026-01-15T19:52:07Z,VIP-EST,R54247597,VIP,OK
TKT49489652237,2026-01-15T19:52:07Z,PORTE-C,R52693920,UNITE,OK
TKT88398819536,2026-01-15T19:52:08Z,PORTE-C,R58029673,UNITE,REFUSE_DEJA_SCANNE
TKT69526722142,2026-01-15T19:52:10Z,PORTE-D,R55616637,UNITE,OK
TKT99767084382,2026-01-15T19:52:10Z,PORTE-D,R53864549,UNITE,OK
TKT31151686477,2026-01-15T19:52:10Z,VIP-EST,R53510704,UNITE,OK
TKT23216516636,2026-01-15T19:52:11Z,PORTE-C,R59251593,UNITE,OK
TKT98733768848,2026-01-15T19:52:11Z,PORTE-C,R54769528,UNITE,OK
TKT14144295505,2026-01-15T19:52:12Z,PORTE-A,R59318946,VIP,OK
TKT36073764629,2026-01-15T19:52:13Z,PORTE-B,R59844900,ABONNEMENT,OK
TKT46271642510,2026-01-15T19:52:14Z,PORTE-B,R55890715,UNITE,OK
TKT31901103904,2026-01-15T19:52:15Z,PORTE-C,R51260716,UNITE,OK
TKT94515376647,2026-01-15T19:52:15Z,PORTE-B,R58522870,UNITE,OK
TKT64411113727,2026-01-15T19:52:16Z,PORTE-B,R52452810,UNITE,OK
TKT47056426840,2026-01-15T19:52:17Z,PORTE-A,R56422042,UNITE,OK
TKT13142147795,2026-01-15T19:52:21Z,PORTE-A,R57722426,UNITE,OK
TKT12076978227,2026-01-15T19:52:21Z,PORTE-C,R58102409,UNITE,OK
TKT90609714663,2026-01-15T19:52:21Z,VIP-EST,R52485366,UNITE,OK
TKT35704046707,2026-01-15T19:52:22Z,PORTE-C,,GROUPE,OK
TKT81978472197,2026-01-15T19:52:23Z,PORTE-A,,VIP,OK
TKT39939639846,2026-01-15T19:52:24Z,PORTE-D,R52644066,UNITE,OK
TKT89106066323,2026-01-15T19:52:24Z,PORTE-C,R55310740,UNITE,OK
TKT62333592419,2026-01-15T19:52:25Z,PORTE-D,,UNITE,OK
TKT21951599557,2026-01-15T19:52:25Z,PORTE-C,,UNITE,OK
TKT25692633839,2026-01-15T19:52:25Z,VIP-EST,R54746847,UNITE,OK
TKT39849365714,2026-01-15T19:52:25Z,PORTE-C,,GROUPE,OK
TKT65154047971,2026-01-15T19:52:26Z,VIP-EST,R54371567,UNITE,REFUSE_DEJA_SCANNE
TKT81638129006,2026-01-15T19:52:26Z,PORTE-C,,UNITE,OK
TKT26870846039,2026-01-15T19:52:27Z,PORTE-D,R52309358,ABONNEMENT,OK
TKT30513682372,2026-01-15T19:52:30Z,VIP-EST,R55978843,UNITE,OK
TKT23654273341,2026-01-15T19:52:31Z,PORTE-C,R57002486,UNITE,OK
TKT96455082494,2026-01-15T19:52:31Z,PORTE-D,R54628069,UNITE,OK
TKT84733437032,2026-01-15T19:52:31Z,PORTE-A,,UNITE,OK
TKT60907449534,2026-01-15T19:52:32Z,PORTE-D,R55991247,ABONNEMENT,OK
TKT44981373119,2026-01-15T19:52:32Z,VIP-EST,R57231959,ABONNEMENT,OK
TKT36065464534,2026-01-15T19:52:32Z,PORTE-D,R55810680,UNITE,OK
TKT39574859267,2026-01-15T19:52:32Z,PORTE-C,R58364773,GROUPE,OK
TKT39176316387,2026-01-15T19:52:34Z,PORTE-C,R51235593,UNITE,OK
TKT11322165189,2026-01-15T19:52:35Z,VIP-EST,R55459096,INVITATION,OK
TKT71041927582,2026-01-15T19:52:36Z,PORTE-D,,UNITE,OK
TKT31243673904,2026-01-15T19:52:37Z,PORTE-B,R57802451,ABONNEMENT,OK
TKT36153373107,2026-01-15T19:52:37Z,PORTE-A,,UNITE,OK
TKT45187867654,2026-01-15T19:52:38Z,VIP-EST,R57616789,ABONNEMENT,OK
TKT72014772796,2026-01-15T19:52:38Z,PORTE-B,R56725822,UNITE,OK
TKT90939257933,2026-01-15T19:52:39Z,PORTE-C,R59585802,UNITE,OK
TKT60271341662,2026-01-15T19:52:40Z,PORTE-C,R59460817,ABONNEMENT,OK
TKT53536934805,2026-01-15T19:52:40Z,PORTE-B,,UNITE,OK
TKT61216830237,2026-01-15T19:52:43Z,VIP-EST,R54175742,ABONNEMENT,OK
TKT74848189240,2026-01-15T19:52:45Z,PORTE-C,R54877349,UNITE,OK
TKT75196094855,2026-01-15T19:52:46Z,PORTE-C,R53890429,ABONNEMENT,OK
TKT99733711897,2026-01-15T19:52:46Z,PORTE-C,R58650374,UNITE,OK
TKT25179778817,2026-01-15T19:52:48Z,PORTE-B,,UNITE,OK
TKT28666990720,2026-01-15T19:52:49Z,PORTE-B,R58256138,UNITE,OK
TKT33117133300,2026-01-15T19:52:50Z,PORTE-A,R53409224,ABONNEMENT,OK
TKT26694219334,2026-01-15T19:52:52Z,VIP-EST,,GROUPE,OK
TKT67007416643,2026-01-15T19:52:55Z,PORTE-A,R55724659,ABONNEMENT,OK
TKT38713867774,2026-01-15T19:52:57Z,PORTE-A,R51131316,ABONNEMENT,OK
TKT39639960146,2026-01-15T19:52:58Z,PORTE-C,R57112836,UNITE,OK
TKT93769119643,2026-01-15T19:52:59Z,PORTE-D,R55762052,ABONNEMENT,OK
TKT72227160195,2026-01-15T19:53:00Z,PORTE-B,R52765631,ABONNEMENT,OK
TKT41880265139,2026-01-15T19:53:00Z,PORTE-C,R57139396,UNITE,OK
TKT94552332869,2026-01-15T19:53:01Z,PORTE-A,R53491567,UNITE,OK
TKT88140061084,2026-01-15T19:53:01Z,PORTE-A,R52143580,UNITE,OK
TKT85283538790,2026-01-15T19:53:02Z,PORTE-D,R54395464,ABONNEMENT,OK
TKT41114846214,2026-01-15T19:53:05Z,PORTE-C,R53870133,UNITE,OK
TKT48304686307,2026-01-15T19:53:05Z,PORTE-C,R51063196,UNITE,OK
TKT62591678122,2026-01-15T19:53:06Z,PORTE-A,R52353025,ABONNEMENT,OK
TKT48994351138,2026-01-15T19:53:06Z,PORTE-D,,GROUPE,OK
TKT65611697908,2026-01-15T19:53:06Z,PORTE-A,R56611057,UNITE,OK
TKT41124227300,2026-01-15T19:53:06Z,PORTE-B,,UNITE,OK
TKT87464217132,2026-01-15T19:53:06Z,PORTE-C,,UNITE,OK
TKT75759547331,2026-01-15T19:53:07Z,PORTE-B,R53201953,ABONNEMENT,OK
TKT71411361126,2026-01-15T19:53:07Z,PORTE-C,,UNITE,OK
TKT85667720937,2026-01-15T19:53:07Z,VIP-EST,R54444102,UNITE,OK
TKT32853545339,2026-01-15T19:53:07Z,PORTE-C,,UNITE,OK
TKT43903311718,2026-01-15T19:53:09Z,PORTE-C,R53622203,UNITE,OK
TKT54181479265,2026-01-15T19:53:09Z,PORTE-A,R54617715,UNITE,OK
TKT86712940209,2026-01-15T19:53:10Z,PORTE-C,R55925455,UNITE,OK
TKT83203499379,2026-01-15T19:53:11Z,PORTE-C,R55991448,UNITE,OK
TKT97277247464,2026-01-15T19:53:11Z,PORTE-C,R51026560,UNITE,OK
TKT58928754685,2026-01-15T19:53:12Z,PORTE-A,R57184145,UNITE,OK
TKT46959091619,2026-01-15T19:53:14Z,PORTE-A,R53449548,UNITE,OK
TKT97434161211,2026-01-15T19:53:14Z,VIP-EST,R55360805,UNITE,OK
TKT38940543869,2026-01-15T19:53:15Z,PORTE-B,R55360949,UNITE,OK
TKT77946990564,2026-01-15T19:53:16Z,PORTE-D,R57760566,ABONNEMENT,OK
TKT71050910244,2026-01-15T19:53:16Z,PORTE-A,,GROUPE,OK
TKT70808357925,2026-01-15T19:53:16Z,PORTE-A,,GROUPE,OK
TKT13496196695,2026-01-15T19:53:17Z,PORTE-A,R56644839,UNITE,OK
TKT40601062115,2026-01-15T19:53:17Z,PORTE-A,R58027901,UNITE,OK
TKT52408541633,2026-01-15T19:53:19Z,PORTE-C,R57920013,ABONNEMENT,OK
TKT96504739746,2026-01-15T19:53:19Z,PORTE-A,,UNITE,OK
TKT37345680189,2026-01-15T19:53:19Z,PORTE-D,R59255941,UNITE,OK
TKT53186809856,2026-01-15T19:53:19Z,PORTE-C,R53799973,UNITE,OK
TKT50125341393,2026-01-15T19:53:20Z,PORTE-A,R51016551,UNITE,OK
TKT91500444208,2026-01-15T19:53:21Z,PORTE-C,R54364335,UNITE,OK
TKT83634921910,2026-01-15T19:53:23Z,PORTE-D,R52754597,UNITE,OK
TKT53546082523,2026-01-15T19:53:24Z,PORTE-C,,UNITE,OK
TKT50298803785,2026-01-15T19:53:25Z,PORTE-C,R53423256,UNITE,OK
TKT29451095682,2026-01-15T19:53:25Z,PORTE-C,R57338420,UNITE,OK
TKT14396202068,2026-01-15T19:53:25Z,PORTE-C,,UNITE,OK
TKT76203412956,2026-01-15T19:53:25Z,PORTE-B,,UNITE,OK
TKT33414776292,2026-01-15T19:53:25Z,PORTE-C,,UNITE,OK
TKT69073572584,2026-01-15T19:53:26Z,PORTE-C,,GROUPE,OK
TKT36713104021,2026-01-15T19:53:26Z,PORTE-A,R52953899,UNITE,OK
TKT31954254529,2026-01-15T19:53:26Z,PORTE-C,R58806689,INVITATION,OK
TKT34340478342,2026-01-15T19:53:27Z,PORTE-C,R57383916,INVITATION,OK
TKT35098300267,2026-01-15T19:53:27Z,PORTE-C,R54951254,UNITE,OK
TKT31769537113,2026-01-15T19:53:27Z,VIP-EST,,UNITE,OK
TKT86456073267,2026-01-15T19:53:29Z,PORTE-D,R58265544,UNITE,OK
TKT10244492482,2026-01-15T19:53:30Z,PORTE-C,,UNITE,OK
TKT48537229750,2026-01-15T19:53:31Z,PORTE-C,R55433206,ABONNEMENT,OK
TKT17705506133,2026-01-15T19:53:31Z,VIP-EST,R59995775,UNITE,OK
TKT57825753179,2026-01-15T19:53:32Z,PORTE-B,R58299795,ABONNEMENT,OK
TKT49919628026,2026-01-15T19:53:33Z,PORTE-C,,UNITE,OK
TKT48134890259,2026-01-15T19:53:35Z,PORTE-C,,GROUPE,OK
TKT68975965632,2026-01-15T19:53:36Z,VIP-EST,R54426670,UNITE,OK
TKT86870810084,2026-01-15T19:53:37Z,PORTE-A,R52893135,UNITE,OK
TKT19275057790,2026-01-15T19:53:38Z,PORTE-C,R54699656,UNITE,OK
TKT38271280165,2026-01-15T19:53:38Z,PORTE-D,,UNITE,OK
TKT98137482730,2026-01-15T19:53:39Z,PORTE-C,R56602877,UNITE,OK
TKT22417291958,2026-01-15T19:53:40Z,PORTE-A,R59866432,UNITE,OK
TKT18343335989,2026-01-15T19:53:40Z,PORTE-B,R54504176,UNITE,OK
TKT85861443248,2026-01-15T19:53:41Z,VIP-EST,R58624685,ABONNEMENT,OK
TKT97530851346,2026-01-15T19:53:42Z,PORTE-B,,GROUPE,OK
TKT15902091634,2026-01-15T19:53:42Z,PORTE-A,R55076239,UNITE,OK
TKT80636534123,2026-01-15T19:53:42Z,PORTE-A,,UNITE,OK
TKT65849161144,2026-01-15T19:53:43Z,PORTE-A,R53739420,UNITE,OK
TKT63036231943,2026-01-15T19:53:44Z,PORTE-D,R59230339,ABONNEMENT,OK
TKT36300326136,2026-01-15T19:53:44Z,PORTE-C,R59075796,UNITE,OK
TKT20637404205,2026-01-15T19:53:45Z,PORTE-C,R57749465,ABONNEMENT,OK
TKT20491312587,2026-01-15T19:53:45Z,PORTE-A,R56294883,VIP,OK
TKT16566803031,2026-01-15T19:53:45Z,PORTE-D,R55595862,UNITE,OK
TKT97580341152,2026-01-15T19:53:47Z,PORTE-C,R55632508,UNITE,OK
TKT18720119316,2026-01-15T19:53:48Z,PORTE-B,R59824269,ABONNEMENT,OK
TKT39505834740,2026-01-15T19:53:48Z,PORTE-A,,UNITE,OK
TKT96818749953,2026-01-15T19:53:49Z,PORTE-C,,UNITE,OK
TKT22248356191,2026-01-15T19:53:50Z,PORTE-B,,UNITE,OK
TKT25573379146,2026-01-15T19:53:51Z,PORTE-B,,GROUPE,OK
TKT69245955549,2026-01-15T19:53:51Z,VIP-EST,,GROUPE,OK
TKT40234881526,2026-01-15T19:53:51Z,PORTE-C,R54909369,UNITE,OK
TKT95251485662,2026-01-15T19:53:51Z,PORTE-A,R59322892,UNITE,OK
TKT13170621439,2026-01-15T19:53:54Z,PORTE-C,,UNITE,OK
TKT55545314444,2026-01-15T19:53:55Z,PORTE-C,R52862964,ABONNEMENT,OK
TKT82326164298,2026-01-15T19:53:55Z,PORTE-C,,UNITE,OK
TKT71315127909,2026-01-15T19:53:55Z,VIP-EST,R59637639,UNITE,OK
TKT83279428978,2026-01-15T19:53:58Z,PORTE-C,R53250514,ABONNEMENT,OK
TKT80026615118,2026-01-15T19:53:58Z,PORTE-C,R59747433,UNITE,REFUSE_DEJA_SCANNE
TKT97716545022,2026-01-15T19:53:58Z,VIP-EST,,UNITE,OK
TKT84442412277,2026-01-15T19:53:59Z,PORTE-A,R57073527,VIP,OK
TKT74572827614,2026-01-15T19:53:59Z,VIP-EST,R56862454,UNITE,OK
TKT40786214662,2026-01-15T19:54:00Z,VIP-EST,R52661421,VIP,OK
TKT15343176154,2026-01-15T19:54:03Z,PORTE-C,R58356680,UNITE,OK
TKT68763583379,2026-01-15T19:54:04Z,PORTE-C,R52965747,UNITE,OK
TKT27950241496,2026-01-15T19:54:06Z,PORTE-B,,GROUPE,OK
TKT32947171764,2026-01-15T19:54:06Z,VIP-EST,,INVITATION,OK
TKT87631792184,2026-01-15T19:54:07Z,PORTE-D,,INVITATION,OK
TKT15866189705,2026-01-15T19:54:07Z,PORTE-A,R59849536,UNITE,OK
TKT24411047277,2026-01-15T19:54:07Z,PORTE-C,,UNITE,OK
TKT73959531091,2026-01-15T19:54:10Z,PORTE-C,R56692308,ABONNEMENT,OK
TKT19357622927,2026-01-15T19:54:10Z,PORTE-A,,UNITE,OK
TKT76331023921,2026-01-15T19:54:11Z,PORTE-A,,UNITE,OK
TKT25814704149,2026-01-15T19:54:12Z,PORTE-C,,GROUPE,OK
TKT62647962182,2026-01-15T19:54:12Z,PORTE-C,R56193192,UNITE,OK
TKT43402092631,2026-01-15T19:54:13Z,PORTE-C,R54136644,UNITE,REFUSE_DEJA_SCANNE
TKT93386792048,2026-01-15T19:54:13Z,PORTE-B,,UNITE,OK
TKT50687000677,2026-01-15T19:54:14Z,PORTE-C,R52476228,UNITE,OK
TKT54643795651,2026-01-15T19:54:15Z,PORTE-C,R58466608,INVITATION,OK
TKT76060399673,2026-01-15T19:54:15Z,PORTE-C,R56488926,UNITE,OK
TKT70608695449,2026-01-15T19:54:17Z,PORTE-C,,GROUPE,OK
TKT44720072380,2026-01-15T19:54:17Z,PORTE-B,R55192977,INVITATION,REFUSE_DEJA_SCANNE
TKT18902952538,2026-01-15T19:54:19Z,PORTE-C,,GROUPE,OK
TKT53257251751,2026-01-15T19:54:20Z,PORTE-C,R59127891,UNITE,OK
TKT35245449654,2026-01-15T19:54:23Z,PORTE-A,,GROUPE,OK
TKT59912460651,2026-01-15T19:54:23Z,VIP-EST,R53989122,UNITE,OK
TKT28893405797,2026-01-15T19:54:24Z,PORTE-B,R54844113,ABONNEMENT,OK
TKT88831066889,2026-01-15T19:54:25Z,PORTE-A,R56405089,ABONNEMENT,OK
TKT72623737958,2026-01-15T19:54:25Z,VIP-EST,R55217574,UNITE,OK
TKT11060909724,2026-01-15T19:54:25Z,PORTE-D,,GROUPE,OK
TKT43852820441,2026-01-15T19:54:25Z,PORTE-C,,UNITE,OK
TKT96039229394,2026-01-15T19:54:27Z,PORTE-D,R59464974,ABONNEMENT,OK
TKT77659212574,2026-01-15T19:54:27Z,PORTE-A,R53151218,UNITE,OK
TKT72413960988,2026-01-15T19:54:27Z,PORTE-C,R54728256,UNITE,OK
TKT20511849488,2026-01-15T19:54:28Z,PORTE-A,R51833402,UNITE,OK
TKT23033059821,2026-01-15T19:54:28Z,VIP-EST,,VIP,OK
TKT33724642278,2026-01-15T19:54:30Z,PORTE-C,R58562715,ABONNEMENT,REFUSE_DEJA_SCANNE
TKT31912021259,2026-01-15T19:54:30Z,VIP-EST,R54184123,ABONNEMENT,OK
TKT77709221527,2026-01-15T19:54:30Z,PORTE-B,R57435398,UNITE,OK
TKT36773041466,2026-01-15T19:54:30Z,PORTE-C,,UNITE,OK
TKT76597538913,2026-01-15T19:54:31Z,PORTE-C,R51276386,UNITE,OK
TKT85569707075,2026-01-15T19:54:32Z,VIP-EST,R51610749,ABONNEMENT,OK
TKT10994498838,2026-01-15T19:54:32Z,PORTE-C,R53113624,UNITE,OK
TKT81209830403,2026-01-15T19:54:33Z,VIP-EST,R55146399,ABONNEMENT,OK
TKT88771437399,2026-01-15T19:54:34Z,PORTE-C,R52473039,UNITE,OK
TKT90200830951,2026-01-15T19:54:34Z,PORTE-A,R53707132,UNITE,OK
TKT77447238918,2026-01-15T19:54:35Z,PORTE-A,R56115207,ABONNEMENT,OK
TKT20543312890,2026-01-15T19:54:35Z,VIP-EST,R56495200,INVITATION,OK
TKT50734341794,2026-01-15T19:54:37Z,VIP-EST,R52222178,UNITE,OK
TKT49998077099,2026-01-15T19:54:38Z,PORTE-B,,UNITE,OK
TKT20629061566,2026-01-15T19:54:39Z,VIP-EST,R56233171,UNITE,OK
TKT85242268593,2026-01-15T19:54:39Z,PORTE-D,,UNITE,OK
TKT15679582080,2026-01-15T19:54:41Z,PORTE-C,,UNITE,OK
TKT98322558455,2026-01-15T19:54:41Z,PORTE-B,R58000795,UNITE,OK
TKT92315421209,2026-01-15T19:54:41Z,PORTE-C,R59834556,UNITE,OK
TKT35863101134,2026-01-15T19:54:42Z,PORTE-C,R52972145,UNITE,OK
TKT39860437643,2026-01-15T19:54:42Z,PORTE-C,R55026864,UNITE,OK
TKT47007970171,2026-01-15T19:54:42Z,PORTE-A,R52325373,UNITE,OK
TKT86426617515,2026-01-15T19:54:43Z,PORTE-C,R54503429,UNITE,OK
TKT35799518488,2026-01-15T19:54:43Z,PORTE-B,R51110943,UNITE,OK
TKT85827822591,2026-01-15T19:54:44Z,PORTE-A,,UNITE,OK
TKT52241652143,2026-01-15T19:54:44Z,PORTE-D,R55175880,UNITE,OK
TKT65579052610,2026-01-15T19:54:45Z,PORTE-D,R55728193,UNITE,OK
TKT82414682739,2026-01-15T19:54:46Z,VIP-EST,R53660956,UNITE,OK
TKT19932183308,2026-01-15T19:54:48Z,PORTE-B,R51704739,UNITE,OK
TKT25318573802,2026-01-15T19:54:48Z,VIP-EST,R55459431,UNITE,OK
TKT33363540801,2026-01-15T19:54:49Z,PORTE-C,R51995100,UNITE,OK
TKT83624945791,2026-01-15T19:54:50Z,VIP-EST,R59612784,UNITE,OK
TKT36231323237,2026-01-15T19:54:52Z,VIP-EST,R51937545,UNITE,OK
TKT11368674064,2026-01-15T19:54:55Z,PORTE-C,R53142425,INVITATION,OK
TKT32692772599,2026-01-15T19:54:56Z,PORTE-D,R54936877,UNITE,OK
TKT72481908243,2026-01-15T19:54:56Z,VIP-EST,,UNITE,OK
TKT49377533675,2026-01-15T19:54:56Z,PORTE-A,R51754526,UNITE,OK
TKT43930105703,2026-01-15T19:54:57Z,PORTE-C,R57791427,INVITATION,OK
TKT94475612132,2026-01-15T19:54:57Z,PORTE-C,,UNITE,OK
TKT57187995555,2026-01-15T19:54:58Z,VIP-EST,R51721012,UNITE,OK
TKT39658689026,2026-01-15T19:54:58Z,PORTE-D,R55864490,UNITE,OK
TKT90385167025,2026-01-15T19:54:58Z,PORTE-A,R59458298,UNITE,OK
TKT84335328181,2026-01-15T19:55:00Z,PORTE-C,R57441739,ABONNEMENT,OK
TKT85425582328,2026-01-15T19:55:00Z,PORTE-C,,UNITE,OK
TKT14522446911,2026-01-15T19:55:00Z,PORTE-D,R51542696,INVITATION,OK
TKT52549506122,2026-01-15T19:55:00Z,PORTE-C,R51214272,UNITE,OK
TKT25219989839,2026-01-15T19:55:04Z,PORTE-A,R59898030,UNITE,OK
TKT43141274995,2026-01-15T19:55:05Z,PORTE-C,R56307277,ABONNEMENT,OK
TKT50517503810,2026-01-15T19:55:06Z,PORTE-C,R53402270,ABONNEMENT,OK
TKT15127666132,2026-01-15T19:55:08Z,PORTE-C,R57180467,UNITE,OK
TKT23927239781,2026-01-15T19:55:08Z,PORTE-A,R51252345,VIP,OK
TKT39466373466,2026-01-15T19:55:08Z,VIP-EST,R51297161,UNITE,OK
TKT96080223516,2026-01-15T19:55:09Z,PORTE-A,R58475592,VIP,OK
TKT31539404381,2026-01-15T19:55:09Z,PORTE-B,R57781887,UNITE,OK
TKT30774383874,2026-01-15T19:55:10Z,PORTE-C,R58886925,UNITE,OK
TKT29695688326,2026-01-15T19:55:11Z,VIP-EST,R51316988,UNITE,OK
TKT72932266862,2026-01-15T19:55:12Z,VIP-EST,R56606287,UNITE,OK
TKT88246327226,2026-01-15T19:55:12Z,PORTE-D,R57706143,UNITE,OK
TKT33952407361,2026-01-15T19:55:12Z,PORTE-A,R58215958,UNITE,OK
TKT55238010807,2026-01-15T19:55:13Z,PORTE-D,R54136232,UNITE,OK
TKT24015529867,2026-01-15T19:55:16Z,PORTE-D,,UNITE,OK
TKT90743042194,2026-01-15T19:55:16Z,PORTE-D,,UNITE,OK
TKT86129653391,2026-01-15T19:55:16Z,PORTE-A,R54276954,UNITE,OK
TKT76712754905,2026-01-15T19:55:19Z,PORTE-A,R54456151,ABONNEMENT,OK
TKT64047898024,2026-01-15T19:55:19Z,PORTE-C,,UNITE,OK
TKT60360612777,2026-01-15T19:55:19Z,VIP-EST,R51118232,UNITE,REFUSE_DEJA_SCANNE
TKT94218996705,2026-01-15T19:55:20Z,PORTE-B,,UNITE,OK
TKT66907820898,2026-01-15T19:55:20Z,PORTE-A,R57713231,UNITE,OK
TKT37707086268,2026-01-15T19:55:23Z,PORTE-C,,UNITE,OK
TKT84483253189,2026-01-15T19:55:23Z,PORTE-A,R56818663,UNITE,OK
TKT64621705136,2026-01-15T19:55:23Z,PORTE-A,,UNITE,OK
TKT77883734162,2026-01-15T19:55:24Z,PORTE-B,,INVITATION,OK
TKT15772861183,2026-01-15T19:55:24Z,PORTE-D,R51288646,UNITE,OK
TKT40395635507,2026-01-15T19:55:25Z,VIP-EST,R56463123,VIP,OK
TKT23221675274,2026-01-15T19:55:25Z,PORTE-A,,UNITE,REFUSE_DEJA_SCANNE
TKT51380389806,2026-01-15T19:55:27Z,PORTE-A,R52022551,UNITE,OK
TKT91328168153,2026-01-15T19:55:28Z,PORTE-D,R59533496,UNITE,OK
TKT27195603965,2026-01-15T19:55:29Z,PORTE-C,R59621912,UNITE,OK
TKT95698676117,2026-01-15T19:55:30Z,PORTE-D,R59586626,ABONNEMENT,OK
TKT52174165238,2026-01-15T19:55:30Z,PORTE-B,R55000505,UNITE,OK
TKT86084909407,2026-01-15T19:55:32Z,PORTE-C,R56373069,UNITE,OK
TKT56271250455,2026-01-15T19:55:32Z,PORTE-B,R54190253,UNITE,OK
TKT41906135343,2026-01-15T19:55:34Z,PORTE-C,,UNITE,OK
TKT15640709317,2026-01-15T19:55:34Z,PORTE-C,R54480269,UNITE,OK
TKT59506916093,2026-01-15T19:55:35Z,PORTE-D,R58236120,ABONNEMENT,OK
TKT81347118734,2026-01-15T19:55:35Z,PORTE-D,R58412530,UNITE,OK
TKT72080725925,2026-01-15T19:55:36Z,PORTE-A,R56168873,VIP,OK
TKT91937479419,2026-01-15T19:55:38Z,PORTE-C,R52979578,ABONNEMENT,OK
TKT68656479261,2026-01-15T19:55:39Z,PORTE-A,R53023235,ABONNEMENT,OK
TKT90839696285,2026-01-15T19:55:39Z,PORTE-C,,UNITE,OK
TKT54933697527,2026-01-15T19:55:40Z,VIP-EST,R58105283,UNITE,OK
TKT74834536028,2026-01-15T19:55:41Z,PORTE-C,R59597392,ABONNEMENT,OK
TKT26257854175,2026-01-15T19:55:42Z,VIP-EST,R53097475,UNITE,OK
TKT86308600336,2026-01-15T19:55:43Z,PORTE-C,R53839205,ABONNEMENT,REFUSE_DEJA_SCANNE
TKT13432796515,2026-01-15T19:55:43Z,PORTE-D,R54165043,ABONNEMENT,OK
TKT33717601293,2026-01-15T19:55:44Z,PORTE-C,R56470814,UNITE,OK
TKT78001255771,2026-01-15T19:55:45Z,PORTE-C,R52509876,UNITE,OK
TKT57627662248,2026-01-15T19:55:46Z,PORTE-A,R59318132,ABONNEMENT,OK
TKT83721534827,2026-01-15T19:55:46Z,PORTE-C,,GROUPE,OK
TKT28115908324,2026-01-15T19:55:47Z,PORTE-C,R56610176,UNITE,OK
TKT97064152755,2026-01-15T19:55:48Z,PORTE-A,,VIP,OK
TKT35485930529,2026-01-15T19:55:49Z,PORTE-D,,UNITE,OK
TKT16359822762,2026-01-15T19:55:49Z,PORTE-C,R57381943,UNITE,OK
TKT38301158177,2026-01-15T19:55:50Z,PORTE-A,R55085233,UNITE,REFUSE_INVALIDE
TKT41529922913,2026-01-15T19:55:50Z,PORTE-A,,UNITE,OK
TKT82217320899,2026-01-15T19:55:51Z,PORTE-A,R56593069,ABONNEMENT,OK
TKT88719099649,2026-01-15T19:55:51Z,PORTE-C,R57800890,UNITE,OK
TKT38771706415,2026-01-15T19:55:51Z,VIP-EST,,GROUPE,OK
TKT96877144829,2026-01-15T19:55:52Z,VIP-EST,R53255294,UNITE,OK
TKT26488281264,2026-01-15T19:55:53Z,PORTE-A,,UNITE,OK
TKT45946222522,2026-01-15T19:55:54Z,PORTE-C,R54678536,ABONNEMENT,OK
TKT96001536673,2026-01-15T19:55:54Z,PORTE-D,R54815647,UNITE,OK
TKT28592071502,2026-01-15T19:55:54Z,VIP-EST,R58775905,VIP,OK
TKT41061918612,2026-01-15T19:55:55Z,PORTE-A,R56826153,ABONNEMENT,OK
TKT11161215186,2026-01-15T19:55:55Z,PORTE-A,,UNITE,OK
TKT69864077771,2026-01-15T19:55:55Z,PORTE-C,,UNITE,OK
TKT55261482960,2026-01-15T19:55:55Z,PORTE-B,R52275844,UNITE,OK
TKT90860274107,2026-01-15T19:55:56Z,PORTE-C,R54211229,ABONNEMENT,OK
TKT94747441600,2026-01-15T19:55:56Z,PORTE-A,R53773212,INVITATION,OK
TKT98731107438,2026-01-15T19:55:57Z,PORTE-C,,UNITE,OK
TKT31633095165,2026-01-15T19:55:58Z,PORTE-C,,GROUPE,OK
TKT45971663700,2026-01-15T19:55:59Z,VIP-EST,R55171934,ABONNEMENT,OK
TKT53589547203,2026-01-15T19:55:59Z,PORTE-B,R56853604,UNITE,OK
TKT16881998988,2026-01-15T19:56:00Z,PORTE-C,,GROUPE,OK
TKT55367078760,2026-01-15T19:56:00Z,PORTE-C,R56776912,UNITE,OK
TKT26118870555,2026-01-15T19:56:02Z,PORTE-D,R53200114,UNITE,OK
TKT98186473558,2026-01-15T19:56:05Z,PORTE-B,,GROUPE,OK
TKT69211895736,2026-01-15T19:56:07Z,PORTE-C,,UNITE,OK
TKT76696525003,2026-01-15T19:56:09Z,PORTE-C,R58235842,ABONNEMENT,OK
TKT12837740931,2026-01-15T19:56:09Z,PORTE-C,R57291286,UNITE,OK
TKT63004553183,2026-01-15T19:56:10Z,PORTE-D,R54334710,UNITE,OK
TKT92417472730,2026-01-15T19:56:11Z,PORTE-A,R55589109,ABONNEMENT,OK
TKT14282317889,2026-01-15T19:56:12Z,PORTE-A,R54265920,ABONNEMENT,OK
TKT61245350190,2026-01-15T19:56:12Z,PORTE-D,R53391916,ABONNEMENT,OK
TKT84085942580,2026-01-15T19:56:12Z,PORTE-C,,UNITE,OK
TKT36249301709,2026-01-15T19:56:14Z,PORTE-C,R58376296,UNITE,OK
TKT69143663983,2026-01-15T19:56:14Z,PORTE-A,R54245279,UNITE,OK
TKT12671075799,2026-01-15T19:56:18Z,PORTE-C,R56731607,UNITE,OK
TKT51749248295,2026-01-15T19:56:18Z,PORTE-A,R56665413,UNITE,OK
TKT24942056288,2026-01-15T19:56:19Z,PORTE-C,R53324074,UNITE,OK
TKT41202093211,2026-01-15T19:56:21Z,PORTE-B,R54433604,UNITE,OK
TKT28107393979,2026-01-15T19:56:22Z,PORTE-A,R54337296,UNITE,OK
TKT95442826794,2026-01-15T19:56:24Z,PORTE-A,R52776876,ABONNEMENT,OK
TKT14857585690,2026-01-15T19:56:24Z,PORTE-C,R57085375,UNITE,OK
TKT99872059083,2026-01-15T19:56:25Z,VIP-EST,R59477790,VIP,OK
TKT89781223238,2026-01-15T19:56:26Z,PORTE-D,R56029732,UNITE,OK
TKT85301447124,2026-01-15T19:56:27Z,PORTE-C,R53461319,UNITE,OK
TKT34394242576,2026-01-15T19:56:27Z,PORTE-D,,UNITE,OK
TKT78666036469,2026-01-15T19:56:28Z,PORTE-D,,UNITE,OK
TKT18891347052,2026-01-15T19:56:28Z,PMR-NORD,R55564455,UNITE,OK
TKT16036033996,2026-01-15T19:56:29Z,PORTE-A,R55354809,INVITATION,OK
TKT77709221527,2026-01-15T19:56:30Z,PORTE-B,R57435398,UNITE,REFUSE_DEJA_SCANNE
TKT14614743592,2026-01-15T19:56:30Z,PORTE-D,R56590962,UNITE,OK
TKT38568009290,2026-01-15T19:56:34Z,PORTE-A,R52848942,UNITE,OK
TKT62044561267,2026-01-15T19:56:34Z,PORTE-B,R53816859,UNITE,OK
TKT33563001190,2026-01-15T19:56:35Z,PORTE-A,R56004934,ABONNEMENT,OK
TKT33031238954,2026-01-15T19:56:36Z,PORTE-D,R53546804,ABONNEMENT,OK
TKT79616170357,2026-01-15T19:56:38Z,PORTE-C,,GROUPE,OK
TKT57787854884,2026-01-15T19:56:38Z,PORTE-C,,GROUPE,OK
TKT10679390477,2026-01-15T19:56:39Z,PORTE-C,R56934309,ABONNEMENT,REFUSE_DEJA_SCANNE
TKT36433070810,2026-01-15T19:56:40Z,PORTE-D,R55095788,UNITE,OK
TKT95114059855,2026-01-15T19:56:41Z,PORTE-A,,UNITE,OK
TKT12509911242,2026-01-15T19:56:42Z,PORTE-A,R53655027,ABONNEMENT,OK
TKT53092868164,2026-01-15T19:56:44Z,PORTE-C,,UNITE,REFUSE_INVALIDE
TKT26569692939,2026-01-15T19:56:44Z,VIP-EST,,UNITE,OK
TKT59356074200,2026-01-15T19:56:46Z,PORTE-C,R54668249,UNITE,OK
TKT91078419082,2026-01-15T19:56:47Z,PORTE-C,R56409380,ABONNEMENT,OK
TKT17925710407,2026-01-15T19:56:47Z,PORTE-A,,UNITE,OK
TKT76302784400,2026-01-15T19:56:49Z,PORTE-C,R52181931,UNITE,OK
TKT73948087553,2026-01-15T19:56:49Z,PORTE-D,R58781623,UNITE,OK
TKT16478612403,2026-01-15T19:56:49Z,PORTE-C,R52813445,UNITE,OK
TKT46194403814,2026-01-15T19:56:51Z,PORTE-D,R53997148,INVITATION,OK
TKT56357704322,2026-01-15T19:56:51Z,PORTE-B,R59739397,UNITE,OK
TKT25915987764,2026-01-15T19:56:55Z,PORTE-C,,UNITE,OK
TKT50733354522,2026-01-15T19:56:56Z,PORTE-C,R51763185,ABONNEMENT,OK
TKT29550878945,2026-01-15T19:56:56Z,PORTE-C,,UNITE,OK
TKT61136704644,2026-01-15T19:56:57Z,PORTE-C,R56888535,UNITE,OK
TKT46926960831,2026-01-15T19:56:57Z,PORTE-A,R52793159,UNITE,OK
TKT43417936266,2026-01-15T19:56:57Z,VIP-EST,R55018818,UNITE,OK
TKT60761431273,2026-01-15T19:56:57Z,PORTE-C,R54493065,UNITE,OK
TKT51840837516,2026-01-15T19:56:57Z,PORTE-C,R57872956,UNITE,OK
TKT38089271823,2026-01-15T19:56:59Z,PORTE-A,R53678331,UNITE,OK
TKT34779215255,2026-01-15T19:57:00Z,PORTE-A,R58737889,UNITE,OK
TKT54575480658,2026-01-15T19:57:01Z,PORTE-D,,UNITE,OK
TKT18717695885,2026-01-15T19:57:03Z,PORTE-D,,UNITE,OK
TKT15933340914,2026-01-15T19:57:04Z,PORTE-D,,GROUPE,REFUSE_DEJA_SCANNE
TKT16566210689,2026-01-15T19:57:04Z,PORTE-C,R52204947,UNITE,OK
TKT45790199735,2026-01-15T19:57:05Z,VIP-EST,R57010120,ABONNEMENT,OK
TKT54108324427,2026-01-15T19:57:05Z,PORTE-B,,UNITE,OK
TKT67891139980,2026-01-15T19:57:05Z,PORTE-B,R57517272,UNITE,OK
TKT51779790262,2026-01-15T19:57:07Z,PORTE-D,R53043253,UNITE,OK
TKT71010882163,2026-01-15T19:57:08Z,PORTE-A,R53219462,UNITE,OK
TKT37315297009,2026-01-15T19:57:10Z,PORTE-A,R58638928,UNITE,OK
TKT72608058825,2026-01-15T19:57:10Z,PORTE-A,R55132424,VIP,OK
TKT70362584421,2026-01-15T19:57:11Z,PORTE-C,,GROUPE,OK
TKT81330271240,2026-01-15T19:57:11Z,PORTE-C,R57422401,UNITE,OK
TKT28727186701,2026-01-15T19:57:11Z,PORTE-A,R59585534,UNITE,OK
TKT76673805237,2026-01-15T19:57:11Z,PORTE-A,R51453476,UNITE,OK
TKT96934259210,2026-01-15T19:57:12Z,PORTE-A,R55961957,ABONNEMENT,OK
TKT29723810807,2026-01-15T19:57:13Z,PORTE-D,R58167876,ABONNEMENT,OK
TKT35272845289,2026-01-15T19:57:17Z,PORTE-B,R51777753,UNITE,OK
TKT46209369393,2026-01-15T19:57:18Z,PORTE-D,R51547064,UNITE,OK
TKT23589958683,2026-01-15T19:57:18Z,VIP-EST,R55269056,UNITE,OK
TKT30415328606,2026-01-15T19:57:19Z,PORTE-A,R57040502,ABONNEMENT,OK
TKT30131242032,2026-01-15T19:57:20Z,PORTE-A,R58064547,UNITE,OK
TKT93662997472,2026-01-15T19:57:24Z,PORTE-A,R53406159,UNITE,OK
TKT92749508447,2026-01-15T19:57:24Z,PORTE-C,R53255016,UNITE,OK
TKT23132560998,2026-01-15T19:57:25Z,PORTE-A,R53164426,UNITE,OK
TKT18366131602,2026-01-15T19:57:26Z,PORTE-A,R57165688,ABONNEMENT,OK
TKT32635549595,2026-01-15T19:57:26Z,PORTE-C,R57431251,UNITE,OK
TKT50705915517,2026-01-15T19:57:26Z,PORTE-C,,UNITE,OK
TKT16591986482,2026-01-15T19:57:26Z,PORTE-A,,UNITE,OK
TKT22499075922,2026-01-15T19:57:27Z,PORTE-C,R51723876,ABONNEMENT,OK
TKT13368451184,2026-01-15T19:57:28Z,PORTE-D,R51516682,ABONNEMENT,OK
TKT78365698774,2026-01-15T19:57:28Z,PORTE-C,R54843088,ABONNEMENT,OK
TKT78021816261,2026-01-15T19:57:28Z,PORTE-C,R57847277,UNITE,OK
TKT14115731175,2026-01-15T19:57:30Z,PORTE-B,,UNITE,OK
TKT34967281955,2026-01-15T19:57:30Z,PORTE-B,R58674817,UNITE,OK
TKT88724048978,2026-01-15T19:57:31Z,PORTE-D,R53990405,UNITE,OK
TKT87301332876,2026-01-15T19:57:32Z,PORTE-C,R55884441,ABONNEMENT,OK
TKT95605302322,2026-01-15T19:57:32Z,PORTE-A,,UNITE,OK
TKT16515449588,2026-01-15T19:57:35Z,PORTE-D,R51443323,UNITE,OK
TKT48278160189,2026-01-15T19:57:35Z,PORTE-C,R51934614,UNITE,OK
TKT95103429895,2026-01-15T19:57:36Z,PORTE-C,,UNITE,OK
TKT12522367317,2026-01-15T19:57:37Z,VIP-EST,R58849589,UNITE,OK
TKT19451063834,2026-01-15T19:57:37Z,VIP-EST,R56340379,UNITE,OK
TKT53458793576,2026-01-15T19:57:37Z,PORTE-C,R52470778,UNITE,OK
TKT41404205143,2026-01-15T19:57:37Z,PORTE-C,R55593889,UNITE,OK
TKT93716346312,2026-01-15T19:57:38Z,PORTE-C,R53306642,UNITE,OK
TKT36091555433,2026-01-15T19:57:40Z,VIP-EST,,GROUPE,OK
TKT41470285930,2026-01-15T19:57:40Z,PORTE-B,R57745519,UNITE,OK
TKT10052536263,2026-01-15T19:57:42Z,PORTE-A,R57758315,ABONNEMENT,OK
TKT80173453922,2026-01-15T19:57:42Z,PORTE-D,,UNITE,OK
TKT70394103126,2026-01-15T19:57:43Z,PORTE-C,R57591656,UNITE,OK
TKT57676894261,2026-01-15T19:57:44Z,PORTE-D,R52764884,UNITE,OK
TKT67113598960,2026-01-15T19:57:44Z,VIP-EST,R55967196,UNITE,OK
TKT97064711662,2026-01-15T19:57:44Z,PORTE-C,R52411528,UNITE,OK
TKT28115803716,2026-01-15T19:57:45Z,PORTE-C,R57191501,UNITE,OK
TKT39067441160,2026-01-15T19:57:46Z,PORTE-A,R57557529,UNITE,OK
TKT47183647729,2026-01-15T19:57:47Z,PORTE-C,R58294489,UNITE,OK
TKT59155421682,2026-01-15T19:57:47Z,PORTE-D,,GROUPE,OK
TKT98879531663,2026-01-15T19:57:48Z,PMR-NORD,R57211117,UNITE,REFUSE_DEJA_SCANNE
TKT43220251316,2026-01-15T19:57:49Z,VIP-EST,,GROUPE,OK
TKT11395221659,2026-01-15T19:57:49Z,VIP-EST,R57631625,UNITE,OK
TKT47561926602,2026-01-15T19:57:49Z,PORTE-A,R59071294,UNITE,OK
TKT99193311487,2026-01-15T19:57:54Z,VIP-EST,R54122210,ABONNEMENT,OK
TKT46857018373,2026-01-15T19:57:56Z,PORTE-B,R58540235,UNITE,OK
TKT50485188557,2026-01-15T19:57:56Z,PORTE-C,R58268475,UNITE,OK
TKT69983975544,2026-01-15T19:57:56Z,PORTE-C,,GROUPE,OK
TKT85844145069,2026-01-15T19:57:57Z,PORTE-C,R55467946,ABONNEMENT,OK
TKT60987899646,2026-01-15T19:57:58Z,PORTE-B,,UNITE,OK
TKT91161916524,2026-01-15T19:58:00Z,PORTE-C,R51481885,UNITE,OK
TKT94511158176,2026-01-15T19:58:00Z,PORTE-C,R59930040,UNITE,OK
TKT61773332973,2026-01-15T19:58:02Z,VIP-EST,R56762947,VIP,OK
TKT68012419414,2026-01-15T19:58:02Z,VIP-EST,R55375383,UNITE,OK
TKT81824926028,2026-01-15T19:58:02Z,PORTE-C,R51638870,UNITE,OK
TKT97171501922,2026-01-15T19:58:02Z,PORTE-D,R51365137,UNITE,OK
TKT64533531670,2026-01-15T19:58:04Z,PORTE-C,R59827947,ABONNEMENT,OK
TKT53472552919,2026-01-15T19:58:04Z,PORTE-A,R56085103,UNITE,OK
TKT96315770612,2026-01-15T19:58:05Z,PORTE-C,R55796859,UNITE,OK
TKT50640776909,2026-01-15T19:58:05Z,PORTE-B,R56162207,UNITE,OK
TKT16068823669,2026-01-15T19:58:08Z,VIP-EST,R52932377,ABONNEMENT,OK
TKT89233127200,2026-01-15T19:58:08Z,PORTE-C,R53473522,UNITE,OK
TKT31744271917,2026-01-15T19:58:08Z,PORTE-B,R56563655,UNITE,OK
TKT74761542600,2026-01-15T19:58:08Z,PORTE-C,R52209027,UNITE,OK
TKT51742281461,2026-01-15T19:58:09Z,PORTE-A,,UNITE,OK
TKT45718140494,2026-01-15T19:58:11Z,PORTE-A,,INVITATION,OK
TKT22403368636,2026-01-15T19:58:11Z,PORTE-C,,GROUPE,OK
TKT23549335070,2026-01-15T19:58:11Z,VIP-EST,,UNITE,OK
TKT76536706258,2026-01-15T19:58:12Z,PORTE-C,R52247110,ABONNEMENT,OK
TKT40832021070,2026-01-15T19:58:12Z,PORTE-C,R56287661,UNITE,OK
TKT21848304742,2026-01-15T19:58:12Z,PORTE-B,R59988409,UNITE,OK
TKT56871472640,2026-01-15T19:58:13Z,PORTE-C,R52124577,ABONNEMENT,OK
TKT67476398574,2026-01-15T19:58:14Z,PORTE-D,R58032336,UNITE,OK
TKT86499191137,2026-01-15T19:58:15Z,PORTE-C,R55010859,UNITE,OK
TKT72074594578,2026-01-15T19:58:16Z,VIP-EST,R51811401,ABONNEMENT,OK
TKT46419497257,2026-01-15T19:58:16Z,PORTE-D,,GROUPE,OK
TKT53205140496,2026-01-15T19:58:17Z,PORTE-A,R51904845,VIP,OK
TKT47485442130,2026-01-15T19:58:18Z,PORTE-C,,UNITE,OK
TKT73080830270,2026-01-15T19:58:20Z,PORTE-D,R56824515,ABONNEMENT,OK
TKT47571631951,2026-01-15T19:58:20Z,PORTE-C,R56046005,UNITE,OK
TKT75249958638,2026-01-15T19:58:20Z,PORTE-D,R56084289,UNITE,OK
TKT12987748413,2026-01-15T19:58:22Z,PORTE-C,R51391908,ABONNEMENT,OK
TKT30911607580,2026-01-15T19:58:22Z,PORTE-C,R57733728,UNITE,OK
TKT74641377865,2026-01-15T19:58:23Z,PORTE-D,R59462053,UNITE,OK
TKT58530060361,2026-01-15T19:58:24Z,PORTE-D,R58820510,UNITE,OK
TKT44416002295,2026-01-15T19:58:25Z,VIP-EST,,VIP,OK
TKT51586845244,2026-01-15T19:58:25Z,PORTE-B,R59176050,UNITE,OK
TKT78879367429,2026-01-15T19:58:26Z,PORTE-C,R59119788,UNITE,OK
TKT59449410714,2026-01-15T19:58:27Z,PORTE-D,R56694348,UNITE,OK
TKT77123533478,2026-01-15T19:58:28Z,PORTE-A,R52696295,ABONNEMENT,OK
TKT75101673691,2026-01-15T19:58:28Z,PORTE-C,,UNITE,OK
TKT91471296649,2026-01-15T19:58:33Z,PORTE-D,R56021083,UNITE,OK
TKT29923633800,2026-01-15T19:58:34Z,PORTE-C,R51264672,UNITE,OK
TKT56179877945,2026-01-15T19:58:35Z,PORTE-C,R59129874,ABONNEMENT,OK
TKT63349249281,2026-01-15T19:58:35Z,PORTE-D,R53594953,ABONNEMENT,OK
TKT20543312890,2026-01-15T19:58:35Z,VIP-EST,R56495200,INVITATION,REFUSE_DEJA_SCANNE
TKT63305184139,2026-01-15T19:58:36Z,VIP-EST,,GROUPE,OK
TKT19573905047,2026-01-15T19:58:37Z,PORTE-C,,GROUPE,OK
TKT80261969509,2026-01-15T19:58:37Z,PORTE-C,R51407099,UNITE,OK
TKT13759291595,2026-01-15T19:58:38Z,PORTE-C,R58901225,UNITE,OK
TKT50017091906,2026-01-15T19:58:39Z,PORTE-C,R57119646,UNITE,OK
TKT18579202925,2026-01-15T19:58:40Z,VIP-EST,R57727062,UNITE,OK
TKT56315322189,2026-01-15T19:58:40Z,PORTE-C,R51011915,UNITE,OK
TKT18843748211,2026-01-15T19:58:40Z,VIP-EST,R51528942,INVITATION,OK
TKT52359251283,2026-01-15T19:58:40Z,PORTE-B,,UNITE,OK
TKT39990187254,2026-01-15T19:58:40Z,PORTE-C,R55294869,UNITE,OK
TKT46783532086,2026-01-15T19:58:40Z,VIP-EST,R52709101,UNITE,OK
TKT40760768620,2026-01-15T19:58:40Z,PORTE-C,R51668371,INVITATION,OK
TKT43163235357,2026-01-15T19:58:41Z,PORTE-C,R58311107,UNITE,OK
TKT20384551129,2026-01-15T19:58:42Z,PORTE-C,,UNITE,OK
TKT72113276839,2026-01-15T19:58:43Z,PORTE-A,R58061894,VIP,OK
TKT49144482272,2026-01-15T19:58:43Z,PORTE-D,R59715011,UNITE,OK
TKT88668326123,2026-01-15T19:58:44Z,PORTE-A,R59061563,UNITE,OK
TKT48879881820,2026-01-15T19:58:46Z,PORTE-A,R55929813,UNITE,OK
TKT20783491633,2026-01-15T19:58:47Z,PORTE-C,R59087912,UNITE,OK
TKT42822098236,2026-01-15T19:58:48Z,PORTE-A,R59740278,UNITE,OK
TKT14706918178,2026-01-15T19:58:48Z,PORTE-C,R58507267,UNITE,OK
TKT31096562904,2026-01-15T19:58:48Z,PORTE-C,R58588317,UNITE,OK
TKT66129478444,2026-01-15T19:58:49Z,PORTE-C,R59846605,UNITE,OK
TKT41668472550,2026-01-15T19:58:50Z,PORTE-C,,UNITE,OK
TKT20629579016,2026-01-15T19:58:51Z,PORTE-C,R53240304,UNITE,OK
TKT44889203431,2026-01-15T19:58:52Z,PORTE-A,R53724229,ABONNEMENT,OK
TKT96350346328,2026-01-15T19:58:53Z,VIP-EST,R53252842,INVITATION,OK
TKT96927422857,2026-01-15T19:58:54Z,VIP-EST,R58104861,UNITE,OK
TKT24435144649,2026-01-15T19:58:56Z,PORTE-D,R53056270,UNITE,OK
TKT68705538997,2026-01-15T19:58:57Z,PORTE-C,R57907897,UNITE,OK
TKT14235580517,2026-01-15T19:58:57Z,PORTE-C,,GROUPE,OK
TKT24636650927,2026-01-15T19:58:59Z,PORTE-C,,UNITE,OK
TKT73963602682,2026-01-15T19:58:59Z,PORTE-D,,UNITE,OK
TKT36823913667,2026-01-15T19:59:00Z,PORTE-A,R59731093,INVITATION,OK
TKT86932094975,2026-01-15T19:59:01Z,VIP-EST,R53262104,UNITE,OK
TKT57733239870,2026-01-15T19:59:02Z,PORTE-B,R57056497,UNITE,OK
TKT56222874724,2026-01-15T19:59:03Z,PORTE-C,R51887279,ABONNEMENT,OK
TKT28786555480,2026-01-15T19:59:03Z,VIP-EST,R52430531,UNITE,OK
TKT76368860730,2026-01-15T19:59:03Z,PORTE-B,R56579248,UNITE,OK
TKT99529916714,2026-01-15T19:59:04Z,PORTE-A,R53168784,ABONNEMENT,OK
TKT98385866984,2026-01-15T19:59:04Z,PORTE-A,R54235270,UNITE,OK
TKT21130583859,2026-01-15T19:59:04Z,PORTE-A,R52816108,UNITE,OK
TKT21086115457,2026-01-15T19:59:05Z,PORTE-A,R56227798,ABONNEMENT,OK
TKT29837076473,2026-01-15T19:59:05Z,VIP-EST,R58756758,ABONNEMENT,OK
TKT72218172898,2026-01-15T19:59:06Z,PORTE-D,R53465610,ABONNEMENT,OK
TKT14952680216,2026-01-15T19:59:06Z,VIP-EST,R57811110,UNITE,OK
TKT62713492525,2026-01-15T19:59:08Z,PORTE-B,R57186999,UNITE,OK
TKT24805640458,2026-01-15T19:59:10Z,VIP-EST,R55801150,UNITE,OK
TKT11721897389,2026-01-15T19:59:12Z,PORTE-C,,GROUPE,OK
TKT64937726182,2026-01-15T19:59:12Z,PORTE-C,,UNITE,OK
TKT11659012654,2026-01-15T19:59:13Z,PORTE-D,R56607781,UNITE,OK
TKT86808629665,2026-01-15T19:59:13Z,VIP-EST,R59969416,UNITE,OK
TKT57689772925,2026-01-15T19:59:14Z,PORTE-C,R56929817,UNITE,OK
TKT24278885606,2026-01-15T19:59:14Z,PORTE-B,,UNITE,OK
TKT87431643192,2026-01-15T19:59:14Z,PORTE-C,,UNITE,OK
TKT46903449393,2026-01-15T19:59:15Z,PORTE-B,R55546477,UNITE,OK
TKT40944815888,2026-01-15T19:59:15Z,PORTE-D,R53247660,UNITE,OK
TKT26405445274,2026-01-15T19:59:15Z,PORTE-C,,GROUPE,OK
TKT51665064802,2026-01-15T19:59:17Z,PORTE-A,R57244075,ABONNEMENT,OK
TKT44930260700,2026-01-15T19:59:17Z,PORTE-C,R51998031,GROUPE,OK
TKT36658654752,2026-01-15T19:59:20Z,PORTE-A,R52109118,UNITE,OK
TKT47284137770,2026-01-15T19:59:20Z,PORTE-D,R56035785,UNITE,REFUSE_INVALIDE
TKT75957929768,2026-01-15T19:59:20Z,PORTE-C,R57258864,INVITATION,OK
TKT48900573301,2026-01-15T19:59:21Z,PORTE-C,R58492086,UNITE,OK
TKT60138345256,2026-01-15T19:59:22Z,PORTE-B,R56308637,UNITE,OK
TKT51921771085,2026-01-15T19:59:22Z,PORTE-C,R55724927,UNITE,OK
TKT87663109655,2026-01-15T19:59:23Z,VIP-EST,R54652723,UNITE,OK
TKT28322956566,2026-01-15T19:59:26Z,PMR-NORD,R52893547,UNITE,OK
TKT98103957088,2026-01-15T19:59:27Z,PORTE-A,R57526812,UNITE,OK
TKT95747894460,2026-01-15T19:59:29Z,PORTE-C,R51921674,UNITE,OK
TKT62934228735,2026-01-15T19:59:29Z,VIP-EST,,UNITE,OK
TKT38286847867,2026-01-15T19:59:31Z,PORTE-C,R58623804,UNITE,OK
TKT81375989513,2026-01-15T19:59:32Z,PORTE-A,R51051616,UNITE,OK
TKT56877074838,2026-01-15T19:59:32Z,VIP-EST,R52177429,UNITE,OK
TKT79385596439,2026-01-15T19:59:32Z,PORTE-D,R51169801,UNITE,OK
TKT25692241110,2026-01-15T19:59:34Z,PORTE-C,,UNITE,OK
TKT10187351913,2026-01-15T19:59:34Z,PORTE-A,R53362770,UNITE,OK
TKT23456800704,2026-01-15T19:59:34Z,PORTE-C,R54261351,INVITATION,OK
TKT86463910432,2026-01-15T19:59:34Z,PORTE-A,,UNITE,OK
TKT13705567546,2026-01-15T19:59:35Z,PORTE-A,,GROUPE,OK
TKT17739320379,2026-01-15T19:59:36Z,PORTE-B,R57443300,UNITE,OK
TKT16646074792,2026-01-15T19:59:37Z,VIP-EST,R55184462,ABONNEMENT,OK
TKT37168876178,2026-01-15T19:59:37Z,PORTE-A,R51635882,UNITE,OK
TKT71192105492,2026-01-15T19:59:38Z,PORTE-D,R52061773,UNITE,OK
TKT24194141490,2026-01-15T19:59:39Z,PORTE-C,R53048569,UNITE,OK
TKT60271341662,2026-01-15T19:59:40Z,PORTE-C,R59460817,ABONNEMENT,REFUSE_DEJA_SCANNE
TKT32462682322,2026-01-15T19:59:40Z,PORTE-C,,UNITE,OK
TKT52209145569,2026-01-15T19:59:40Z,PORTE-A,R53784035,UNITE,OK
TKT76312406357,2026-01-15T19:59:43Z,PORTE-B,R56194619,UNITE,OK
TKT94648056042,2026-01-15T19:59:45Z,PORTE-C,R55157155,UNITE,OK
TKT36457317772,2026-01-15T19:59:49Z,PORTE-D,R52229946,UNITE,OK
TKT67685727288,2026-01-15T19:59:49Z,PORTE-C,,UNITE,OK
TKT45272124424,2026-01-15T19:59:49Z,PORTE-B,R56322746,UNITE,OK
TKT49357199751,2026-01-15T19:59:49Z,PORTE-D,,GROUPE,OK
TKT25574749345,2026-01-15T19:59:50Z,PORTE-C,,UNITE,OK
TKT57748278114,2026-01-15T19:59:53Z,PORTE-C,R53017038,UNITE,OK
TKT53969697116,2026-01-15T19:59:55Z,VIP-EST,R57845026,UNITE,OK
TKT77983673522,2026-01-15T19:59:56Z,PORTE-B,,GROUPE,OK
TKT15162299992,2026-01-15T19:59:57Z,PORTE-A,,UNITE,OK
TKT76808260594,2026-01-15T19:59:57Z,PORTE-A,R57089877,UNITE,OK
TKT28623646718,2026-01-15T19:59:58Z,VIP-EST,R55066833,VIP,OK
TKT65463785713,2026-01-15T20:00:00Z,PORTE-A,R52005109,ABONNEMENT,OK
TKT96560322171,2026-01-15T20:00:02Z,VIP-EST,R53014452,ABONNEMENT,OK
TKT74039431616,2026-01-15T20:00:02Z,PORTE-C,R55903243,ABONNEMENT,OK
TKT88019472322,2026-01-15T20:00:02Z,PORTE-C,R57670934,UNITE,OK
TKT27410181287,2026-01-15T20:00:02Z,PORTE-C,,UNITE,OK
TKT64209241932,2026-01-15T20:00:03Z,PORTE-A,R52861068,ABONNEMENT,OK
TKT45850545489,2026-01-15T20:00:03Z,PORTE-A,R53365701,UNITE,OK
TKT67280380901,2026-01-15T20:00:04Z,PORTE-C,R56125963,UNITE,OK
TKT29245796894,2026-01-15T20:00:05Z,PORTE-A,,INVITATION,OK
TKT23215225426,2026-01-15T20:00:06Z,PORTE-A,R51560895,UNITE,OK
TKT22916771084,2026-01-15T20:00:09Z,PORTE-C,R59791646,UNITE,OK
TKT25140724159,2026-01-15T20:00:10Z,PORTE-C,,UNITE,OK
TKT29479956866,2026-01-15T20:00:10Z,PORTE-D,R56897874,UNITE,OK
TKT91477169408,2026-01-15T20:00:11Z,PORTE-C,R52373110,ABONNEMENT,OK
TKT69490950257,2026-01-15T20:00:11Z,VIP-EST,R52176615,UNITE,OK
TKT81233936635,2026-01-15T20:00:12Z,PORTE-C,,UNITE,OK
TKT95073725871,2026-01-15T20:00:12Z,PORTE-C,R55362031,UNITE,OK
TKT84910719181,2026-01-15T20:00:14Z,PORTE-D,,UNITE,OK
TKT14223123684,2026-01-15T20:00:15Z,PORTE-C,,UNITE,OK
TKT54643795651,2026-01-15T20:00:15Z,PORTE-C,R58466608,INVITATION,REFUSE_DEJA_SCANNE
TKT18974180363,2026-01-15T20:00:15Z,PORTE-D,R57177670,UNITE,REFUSE_DEJA_SCANNE
TKT24015529867,2026-01-15T20:00:16Z,PORTE-D,,UNITE,REFUSE_DEJA_SCANNE
TKT21982490141,2026-01-15T20:00:16Z,PORTE-D,R57860140,UNITE,OK
TKT96471361512,2026-01-15T20:00:19Z,PORTE-A,R56398212,UNITE,OK
TKT39310850832,2026-01-15T20:00:20Z,PMR-NORD,R56355637,UNITE,OK
TKT60821262062,2026-01-15T20:00:22Z,PORTE-C,R54123704,UNITE,OK
TKT77276939483,2026-01-15T20:00:23Z,VIP-EST,R53468072,UNITE,OK
TKT45848498890,2026-01-15T20:00:23Z,PORTE-D,R53816189,UNITE,OK
TKT98086124405,2026-01-15T20:00:24Z,PORTE-C,R58474912,UNITE,OK
TKT62445114372,2026-01-15T20:00:24Z,PORTE-D,,UNITE,OK
TKT65930514301,2026-01-15T20:00:25Z,PORTE-D,R54081139,ABONNEMENT,OK
TKT47033858393,2026-01-15T20:00:25Z,PORTE-A,R53944373,UNITE,OK
TKT86543511282,2026-01-15T20:00:25Z,PORTE-A,R57783247,UNITE,OK
TKT68818373161,2026-01-15T20:00:26Z,PORTE-A,R56072029,UNITE,REFUSE_DEJA_SCANNE
TKT85016298739,2026-01-15T20:00:27Z,PORTE-D,,INVITATION,OK
TKT33498638327,2026-01-15T20:00:30Z,VIP-EST,R51741241,UNITE,OK
TKT15481258494,2026-01-15T20:00:32Z,PORTE-B,R58370903,INVITATION,OK
TKT52231872785,2026-01-15T20:00:33Z,PORTE-D,R57037906,ABONNEMENT,OK
TKT54882114291,2026-01-15T20:00:34Z,VIP-EST,R54064588,ABONNEMENT,OK
TKT98099959206,2026-01-15T20:00:35Z,PORTE-B,R51121096,ABONNEMENT,OK
TKT13493993583,2026-01-15T20:00:39Z,PORTE-A,R51004760,ABONNEMENT,OK
TKT32538979365,2026-01-15T20:00:40Z,VIP-EST,R51143576,VIP,OK
TKT78898557360,2026-01-15T20:00:41Z,PORTE-A,R51699701,UNITE,OK
TKT64857615545,2026-01-15T20:00:42Z,PORTE-A,R56867425,UNITE,OK
TKT12823573826,2026-01-15T20:00:43Z,VIP-EST,R54440826,ABONNEMENT,OK
TKT78415463066,2026-01-15T20:00:43Z,PORTE-C,R57306199,UNITE,OK
TKT69490312576,2026-01-15T20:00:43Z,PORTE-C,R54853854,UNITE,REFUSE_INVALIDE
TKT53529472291,2026-01-15T20:00:44Z,PORTE-B,,GROUPE,OK
TKT15296968590,2026-01-15T20:00:44Z,PORTE-A,R57413206,UNITE,OK
TKT72953936808,2026-01-15T20:00:46Z,PORTE-A,R54456898,VIP,OK
TKT25692650390,2026-01-15T20:00:47Z,PORTE-A,R57299992,ABONNEMENT,OK
TKT74789555061,2026-01-15T20:00:47Z,PORTE-C,,UNITE,OK
TKT10370771968,2026-01-15T20:00:49Z,VIP-EST,R57312185,ABONNEMENT,OK
TKT79950212006,2026-01-15T20:00:49Z,PORTE-C,,UNITE,OK
TKT12580824850,2026-01-15T20:00:49Z,PORTE-D,R51876168,UNITE,OK
TKT58648931903,2026-01-15T20:00:50Z,PORTE-A,R56958762,UNITE,OK
TKT98083411390,2026-01-15T20:00:51Z,PORTE-C,R59214334,UNITE,OK
TKT88802837530,2026-01-15T20:00:54Z,PORTE-A,,GROUPE,OK
TKT43830630830,2026-01-15T20:00:54Z,VIP-EST,R51121096,UNITE,OK
TKT15217617722,2026-01-15T20:00:55Z,PORTE-D,R53705169,UNITE,OK
TKT23075350991,2026-01-15T20:00:55Z,PORTE-A,R54236563,UNITE,OK
TKT64375024367,2026-01-15T20:01:01Z,PORTE-B,R58012576,INVITATION,OK
TKT55832856413,2026-01-15T20:01:03Z,PORTE-C,,GROUPE,OK
TKT82788964513,2026-01-15T20:01:05Z,VIP-EST,,UNITE,OK
TKT24909765629,2026-01-15T20:01:05Z,PORTE-A,,GROUPE,OK
TKT29027544826,2026-01-15T20:01:06Z,PORTE-C,R59467024,UNITE,OK
TKT29693733047,2026-01-15T20:01:06Z,PORTE-A,R55591983,UNITE,OK
TKT75188997733,2026-01-15T20:01:08Z,PORTE-D,R55702524,ABONNEMENT,OK
TKT27375251883,2026-01-15T20:01:08Z,PORTE-A,,UNITE,OK
TKT75256571497,2026-01-15T20:01:10Z,PORTE-D,,GROUPE,OK
TKT31110346133,2026-01-15T20:01:16Z,PORTE-C,R51593652,UNITE,OK
TKT51741145359,2026-01-15T20:01:16Z,PORTE-C,R51903083,UNITE,OK
TKT12782938129,2026-01-15T20:01:19Z,PORTE-C,R53640794,UNITE,OK
TKT33178328887,2026-01-15T20:01:20Z,PORTE-D,R53004510,ABONNEMENT,OK
TKT26902910511,2026-01-15T20:01:21Z,PORTE-A,R57854700,UNITE,OK
TKT71980619594,2026-01-15T20:01:23Z,PORTE-C,R56041034,ABONNEMENT,OK
TKT89057435924,2026-01-15T20:01:23Z,VIP-EST,R59383723,UNITE,OK
TKT16591221118,2026-01-15T20:01:23Z,PORTE-B,R54805628,UNITE,OK
TKT47715965426,2026-01-15T20:01:24Z,PORTE-C,R51947889,UNITE,OK
TKT72934426322,2026-01-15T20:01:25Z,VIP-EST,R52795678,UNITE,OK
TKT63116063541,2026-01-15T20:01:26Z,PORTE-C,R54772124,UNITE,OK
TKT59699041926,2026-01-15T20:01:27Z,PORTE-C,R57212266,UNITE,OK
TKT52379296470,2026-01-15T20:01:28Z,PORTE-C,R52108428,ABONNEMENT,OK
TKT11255213480,2026-01-15T20:01:28Z,PORTE-C,,GROUPE,OK
TKT13810750196,2026-01-15T20:01:29Z,VIP-EST,,GROUPE,OK
TKT10549232837,2026-01-15T20:01:32Z,PORTE-D,,UNITE,OK
TKT47041891105,2026-01-15T20:01:32Z,PORTE-D,R53864683,UNITE,OK
TKT69559350813,2026-01-15T20:01:33Z,PORTE-A,,UNITE,OK
TKT42739047174,2026-01-15T20:01:34Z,PORTE-C,R56914971,INVITATION,OK
TKT27597979534,2026-01-15T20:01:34Z,PORTE-D,R54205377,UNITE,OK
TKT37617168359,2026-01-15T20:01:36Z,PORTE-C,R56118128,ABONNEMENT,OK
TKT13907086867,2026-01-15T20:01:36Z,PORTE-B,R57301362,UNITE,OK
TKT31701127285,2026-01-15T20:01:36Z,VIP-EST,R54900653,UNITE,OK
TKT14586817312,2026-01-15T20:01:38Z,VIP-EST,R58573538,ABONNEMENT,OK
TKT64539003940,2026-01-15T20:01:38Z,VIP-EST,R57154721,UNITE,OK
TKT47709471970,2026-01-15T20:01:39Z,PORTE-C,R59942444,ABONNEMENT,OK
TKT10433583839,2026-01-15T20:01:39Z,PORTE-C,,GROUPE,OK
TKT60047985910,2026-01-15T20:01:39Z,PORTE-C,,UNITE,OK
TKT98638875328,2026-01-15T20:01:40Z,PORTE-C,R54041897,ABONNEMENT,OK
TKT97017270922,2026-01-15T20:01:40Z,PORTE-A,R56879206,INVITATION,OK
TKT93307102199,2026-01-15T20:01:43Z,PORTE-C,R57332079,ABONNEMENT,OK
TKT47716818282,2026-01-15T20:01:47Z,PORTE-C,R54503908,ABONNEMENT,OK
TKT14977476360,2026-01-15T20:01:47Z,VIP-EST,R58016465,UNITE,OK
TKT39479343079,2026-01-15T20:01:47Z,PORTE-A,R54116003,UNITE,OK
TKT56360183324,2026-01-15T20:01:47Z,PORTE-A,,UNITE,OK
TKT95854896021,2026-01-15T20:01:48Z,PORTE-C,,INVITATION,OK
TKT63300644250,2026-01-15T20:01:49Z,PORTE-A,R56848623,ABONNEMENT,OK
TKT57397701591,2026-01-15T20:01:49Z,PORTE-C,R57923212,ABONNEMENT,OK
TKT59902796255,2026-01-15T20:01:49Z,PORTE-C,,UNITE,OK
TKT37262012288,2026-01-15T20:01:49Z,PORTE-C,,GROUPE,OK
TKT95053693722,2026-01-15T20:01:49Z,PORTE-C,R51689069,UNITE,OK
TKT42305198405,2026-01-15T20:01:50Z,PORTE-C,R54194065,ABONNEMENT,OK
TKT55016300535,2026-01-15T20:01:52Z,PORTE-A,R54515478,ABONNEMENT,OK
TKT16738208721,2026-01-15T20:01:53Z,PORTE-A,R52851662,ABONNEMENT,OK
TKT21901608975,2026-01-15T20:01:54Z,PORTE-C,R51812905,UNITE,OK
TKT92398815766,2026-01-15T20:01:55Z,PORTE-D,R52017235,ABONNEMENT,OK
TKT92810612548,2026-01-15T20:01:55Z,PORTE-A,R59248652,UNITE,OK
TKT88595501486,2026-01-15T20:01:58Z,PORTE-C,R51926166,ABONNEMENT,OK
TKT21795346449,2026-01-15T20:02:00Z,PORTE-B,R55041710,UNITE,OK
TKT51935886726,2026-01-15T20:02:00Z,PORTE-A,R59218414,UNITE,OK
TKT67895458164,2026-01-15T20:02:02Z,PORTE-D,R59111407,UNITE,OK
TKT30760634496,2026-01-15T20:02:03Z,PORTE-C,R53026089,ABONNEMENT,OK
TKT91637026763,2026-01-15T20:02:03Z,PORTE-A,R58345435,UNITE,OK
TKT83811841880,2026-01-15T20:02:03Z,PORTE-A,R53081748,UNITE,OK
TKT33028120712,2026-01-15T20:02:04Z,PORTE-B,R56246791,INVITATION,OK
TKT14030971832,2026-01-15T20:02:04Z,VIP-EST,R51232796,UNITE,OK
TKT56795090620,2026-01-15T20:02:06Z,PORTE-A,R53533107,UNITE,OK
TKT68696842165,2026-01-15T20:02:08Z,PORTE-A,R51067152,ABONNEMENT,OK
TKT77869727043,2026-01-15T20:02:09Z,PORTE-D,R53951729,ABONNEMENT,OK
TKT34577557448,2026-01-15T20:02:12Z,PORTE-B,R58275208,UNITE,OK
TKT13125194896,2026-01-15T20:02:13Z,PORTE-D,R56452012,ABONNEMENT,OK
TKT96936340865,2026-01-15T20:02:13Z,VIP-EST,R51800156,UNITE,OK
TKT21477882185,2026-01-15T20:02:15Z,PORTE-A,R59828627,UNITE,OK
TKT61740734202,2026-01-15T20:02:16Z,PORTE-C,,UNITE,OK
TKT49608901029,2026-01-15T20:02:16Z,PORTE-D,,UNITE,OK
TKT81315168408,2026-01-15T20:02:16Z,VIP-EST,,VIP,OK
TKT96046510794,2026-01-15T20:02:16Z,VIP-EST,R51585472,VIP,OK
TKT23488225677,2026-01-15T20:02:18Z,VIP-EST,R53041424,UNITE,OK
TKT59999569928,2026-01-15T20:02:20Z,PORTE-C,R56976740,UNITE,OK
TKT75807433291,2026-01-15T20:02:21Z,PORTE-A,R52985574,ABONNEMENT,OK
TKT24790606866,2026-01-15T20:02:22Z,PORTE-A,,GROUPE,OK
TKT74086057503,2026-01-15T20:02:22Z,PORTE-A,,UNITE,OK
TKT30270597930,2026-01-15T20:02:22Z,PORTE-D,,UNITE,OK
TKT14162610415,2026-01-15T20:02:23Z,PORTE-C,R54685547,UNITE,OK
TKT19392064451,2026-01-15T20:02:24Z,PORTE-D,R51248054,ABONNEMENT,OK
TKT75883965035,2026-01-15T20:02:24Z,PORTE-A,,UNITE,OK
TKT25275084451,2026-01-15T20:02:26Z,VIP-EST,R53796774,UNITE,OK
TKT37131727365,2026-01-15T20:02:26Z,PORTE-C,R59525671,UNITE,OK
TKT16721681057,2026-01-15T20:02:27Z,PORTE-C,R51231982,ABONNEMENT,OK
TKT54084420819,2026-01-15T20:02:28Z,PORTE-A,R59086552,UNITE,OK
TKT16093819976,2026-01-15T20:02:30Z,PORTE-D,R56311712,UNITE,REFUSE_DEJA_SCANNE
TKT44747894909,2026-01-15T20:02:30Z,VIP-EST,R55258166,UNITE,OK
TKT54720459324,2026-01-15T20:02:31Z,PORTE-A,R57477082,UNITE,OK
TKT72121316166,2026-01-15T20:02:33Z,PORTE-D,R54448661,UNITE,OK
TKT75067354877,2026-01-15T20:02:33Z,VIP-EST,R54179018,UNITE,OK
TKT25417050579,2026-01-15T20:02:33Z,PORTE-A,R57601933,UNITE,OK
TKT62883940658,2026-01-15T20:02:35Z,PORTE-B,R56784871,UNITE,OK
TKT40819212197,2026-01-15T20:02:35Z,PORTE-C,R55218321,UNITE,OK
TKT55246533791,2026-01-15T20:02:35Z,PORTE-D,R51762495,UNITE,OK
TKT23039996942,2026-01-15T20:02:37Z,PORTE-D,R54699244,UNITE,OK
TKT62626975073,2026-01-15T20:02:41Z,VIP-EST,R51512525,VIP,OK
TKT14711946201,2026-01-15T20:02:42Z,PORTE-A,R51378144,VIP,OK
TKT50686790106,2026-01-15T20:02:43Z,PORTE-C,,UNITE,OK
TKT71762910646,2026-01-15T20:02:43Z,PORTE-C,R55899431,UNITE,OK
TKT14773283881,2026-01-15T20:02:43Z,PORTE-B,,UNITE,OK
TKT57616726581,2026-01-15T20:02:44Z,PORTE-D,,UNITE,OK
TKT73933306862,2026-01-15T20:02:46Z,PORTE-A,,UNITE,OK
TKT56336755187,2026-01-15T20:02:46Z,PORTE-C,,GROUPE,OK
TKT31473314452,2026-01-15T20:02:51Z,PORTE-C,R51360578,INVITATION,OK
TKT49800216638,2026-01-15T20:02:53Z,VIP-EST,R54365437,UNITE,OK
TKT23705277849,2026-01-15T20:02:55Z,PORTE-D,R52812095,UNITE,OK
TKT41275197023,2026-01-15T20:03:01Z,VIP-EST,R53530588,UNITE,OK
TKT91801567953,2026-01-15T20:03:02Z,PORTE-A,R56548119,UNITE,OK
TKT91784258375,2026-01-15T20:03:05Z,PORTE-A,R55277025,ABONNEMENT,OK
TKT72049641041,2026-01-15T20:03:07Z,PORTE-C,R51747036,UNITE,OK
TKT85667720937,2026-01-15T20:03:07Z,VIP-EST,R54444102,UNITE,REFUSE_DEJA_SCANNE
TKT23506658437,2026-01-15T20:03:10Z,PORTE-D,R57247083,UNITE,OK
TKT66138884153,2026-01-15T20:03:15Z,PORTE-C,R53483320,UNITE,OK
TKT30432009762,2026-01-15T20:03:17Z,PORTE-A,R57976141,ABONNEMENT,OK
TKT11396834685,2026-01-15T20:03:18Z,PORTE-A,,UNITE,OK
TKT84389828144,2026-01-15T20:03:19Z,PORTE-D,R51534804,UNITE,OK
TKT90754369926,2026-01-15T20:03:20Z,PORTE-A,,UNITE,OK
TKT70766511652,2026-01-15T20:03:20Z,PORTE-C,R59428817,UNITE,OK
TKT32807215088,2026-01-15T20:03:21Z,PORTE-A,R59444142,UNITE,OK
TKT52320328350,2026-01-15T20:03:27Z,PORTE-C,,UNITE,OK
TKT99656464119,2026-01-15T20:03:27Z,PORTE-C,R55592184,UNITE,OK
TKT67967708584,2026-01-15T20:03:32Z,PORTE-A,,INVITATION,OK
TKT84040687078,2026-01-15T20:03:32Z,VIP-EST,,VIP,OK
TKT35063164667,2026-01-15T20:03:33Z,VIP-EST,R55716958,UNITE,OK
TKT66562254886,2026-01-15T20:03:37Z,PORTE-D,,GROUPE,OK
TKT64149226647,2026-01-15T20:03:38Z,PORTE-D,,UNITE,OK
TKT80506884933,2026-01-15T20:03:38Z,PORTE-C,,GROUPE,OK
TKT82805456096,2026-01-15T20:03:39Z,PORTE-A,R52064982,VIP,OK
TKT76290115777,2026-01-15T20:03:39Z,PORTE-D,,GROUPE,OK
TKT51208174836,2026-01-15T20:03:42Z,PORTE-A,R53085617,ABONNEMENT,OK
TKT47133312717,2026-01-15T20:03:43Z,PORTE-D,R57520749,UNITE,OK
TKT91151164590,2026-01-15T20:03:45Z,PORTE-C,R51484126,ABONNEMENT,OK
TKT39097029201,2026-01-15T20:03:49Z,PORTE-C,,UNITE,OK
TKT86046707320,2026-01-15T20:03:49Z,PORTE-C,R53532025,UNITE,OK
TKT44748396770,2026-01-15T20:03:51Z,PORTE-A,R55916930,ABONNEMENT,OK
TKT85952074524,2026-01-15T20:03:51Z,PORTE-A,R57686326,VIP,OK
TKT97839716146,2026-01-15T20:03:51Z,PORTE-D,,GROUPE,OK
TKT23940009286,2026-01-15T20:03:53Z,PORTE-A,R52121780,UNITE,OK
TKT95764003157,2026-01-15T20:03:54Z,PORTE-C,R51961519,UNITE,OK
TKT13507394505,2026-01-15T20:04:02Z,PORTE-D,R51357848,UNITE,OK
TKT60031665787,2026-01-15T20:04:04Z,PORTE-C,R59413348,ABONNEMENT,OK
TKT73392117685,2026-01-15T20:04:04Z,PORTE-A,R56512699,UNITE,OK
TKT63571896761,2026-01-15T20:04:05Z,PORTE-C,R57293805,ABONNEMENT,OK
TKT85100864452,2026-01-15T20:04:05Z,PORTE-C,,INVITATION,OK
TKT87176950991,2026-01-15T20:04:07Z,PORTE-D,,UNITE,OK
TKT43008070911,2026-01-15T20:04:08Z,VIP-EST,R58486569,UNITE,OK
TKT18830580454,2026-01-15T20:04:11Z,PORTE-C,R56490095,ABONNEMENT,OK
TKT60227986015,2026-01-15T20:04:16Z,VIP-EST,R54130926,UNITE,OK
TKT41040179787,2026-01-15T20:04:17Z,PORTE-A,,VIP,OK
TKT37988637610,2026-01-15T20:04:18Z,PORTE-A,R58851984,INVITATION,OK
TKT91275532358,2026-01-15T20:04:18Z,VIP-EST,R52975766,UNITE,OK
TKT51199000113,2026-01-15T20:04:19Z,PORTE-A,R55587615,UNITE,OK
TKT39054853137,2026-01-15T20:04:22Z,VIP-EST,R52149030,UNITE,OK
TKT71980619594,2026-01-15T20:04:23Z,PORTE-C,R56041034,ABONNEMENT,REFUSE_DEJA_SCANNE
TKT20408344299,2026-01-15T20:04:24Z,PORTE-D,,UNITE,OK
TKT72623737958,2026-01-15T20:04:25Z,VIP-EST,R55217574,UNITE,REFUSE_DEJA_SCANNE
TKT80236168555,2026-01-15T20:04:25Z,PORTE-C,R57233664,INVITATION,OK
TKT55633902292,2026-01-15T20:04:25Z,PORTE-A,R58971375,UNITE,OK
TKT76332907593,2026-01-15T20:04:27Z,PORTE-B,,UNITE,OK
TKT87612680614,2026-01-15T20:04:29Z,VIP-EST,R52493881,ABONNEMENT,OK
TKT84130008130,2026-01-15T20:04:29Z,VIP-EST,R57502838,VIP,OK
TKT75093487839,2026-01-15T20:04:31Z,PORTE-A,R59968314,ABONNEMENT,OK
TKT29775227737,2026-01-15T20:04:35Z,PORTE-A,R54680509,UNITE,OK
TKT13473715027,2026-01-15T20:04:36Z,PORTE-C,R55255436,ABONNEMENT,OK
TKT92121240751,2026-01-15T20:04:38Z,PORTE-A,R59524378,UNITE,OK
TKT47709471970,2026-01-15T20:04:39Z,PORTE-C,R59942444,ABONNEMENT,REFUSE_DEJA_SCANNE
TKT73627469196,2026-01-15T20:04:40Z,VIP-EST,R54486945,VIP,OK
TKT79094955927,2026-01-15T20:04:42Z,PORTE-A,R56787802,ABONNEMENT,OK
TKT28983252510,2026-01-15T20:04:43Z,PORTE-C,,GROUPE,OK
TKT29928953645,2026-01-15T20:04:44Z,PORTE-B,R51609446,UNITE,OK
TKT27354993856,2026-01-15T20:04:46Z,PORTE-C,R59023212,ABONNEMENT,OK
TKT79924401188,2026-01-15T20:04:49Z,PORTE-C,R58065294,UNITE,OK
TKT39845172150,2026-01-15T20:04:49Z,PORTE-D,R55754763,UNITE,OK
TKT18545977503,2026-01-15T20:04:52Z,PORTE-C,R53400364,UNITE,OK
TKT19062411338,2026-01-15T20:04:55Z,PORTE-C,R59218759,ABONNEMENT,OK
TKT50185971230,2026-01-15T20:04:57Z,PORTE-C,R54801002,INVITATION,OK
TKT56924583830,2026-01-15T20:04:59Z,PORTE-C,,UNITE,OK
TKT15968773952,2026-01-15T20:05:00Z,PORTE-D,R55767981,UNITE,OK
TKT51508456176,2026-01-15T20:05:03Z,PORTE-C,R55752857,UNITE,OK
TKT69387951057,2026-01-15T20:05:03Z,PORTE-B,,UNITE,OK
TKT95989637802,2026-01-15T20:05:04Z,PORTE-B,R58798854,GROUPE,OK
TKT23285714119,2026-01-15T20:05:05Z,PORTE-A,R53096038,UNITE,OK
TKT72357414809,2026-01-15T20:05:06Z,PORTE-C,,GROUPE,OK
TKT32776706635,2026-01-15T20:05:07Z,PORTE-A,R57137825,UNITE,OK
TKT83360926505,2026-01-15T20:05:10Z,PORTE-A,R56147629,INVITATION,OK
TKT26360129154,2026-01-15T20:05:11Z,PORTE-A,R52555784,VIP,OK
TKT18895813423,2026-01-15T20:05:12Z,PORTE-C,,UNITE,OK
TKT62382756744,2026-01-15T20:05:12Z,VIP-EST,R59461239,UNITE,OK
TKT76697755536,2026-01-15T20:05:12Z,PORTE-C,,GROUPE,OK
TKT73986419950,2026-01-15T20:05:13Z,PORTE-B,R55343296,UNITE,OK
TKT24994038959,2026-01-15T20:05:16Z,PORTE-A,R52989999,UNITE,OK
TKT50207001135,2026-01-15T20:05:16Z,PORTE-C,R59762145,UNITE,OK
TKT41043864690,2026-01-15T20:05:20Z,VIP-EST,R59421049,GROUPE,OK
TKT74737816519,2026-01-15T20:05:22Z,VIP-EST,R59476420,UNITE,OK
TKT52463410627,2026-01-15T20:05:23Z,PORTE-A,R52467857,ABONNEMENT,OK
TKT83419712007,2026-01-15T20:05:25Z,VIP-EST,R59714810,UNITE,OK
TKT31142623393,2026-01-15T20:05:25Z,PORTE-A,,UNITE,OK
TKT36366623426,2026-01-15T20:05:26Z,PORTE-A,R58722564,UNITE,OK
TKT92885875787,2026-01-15T20:05:28Z,PORTE-A,R52239275,UNITE,OK
TKT14113259959,2026-01-15T20:05:30Z,PORTE-B,R51879166,ABONNEMENT,OK
TKT71802093226,2026-01-15T20:05:30Z,PORTE-C,R55805776,UNITE,OK
TKT53967137169,2026-01-15T20:05:31Z,VIP-EST,R53627308,UNITE,OK
TKT22095135127,2026-01-15T20:05:34Z,PORTE-A,R52095565,UNITE,OK
TKT20564983402,2026-01-15T20:05:35Z,PORTE-A,R58164466,ABONNEMENT,OK
TKT80182072589,2026-01-15T20:05:36Z,PORTE-A,R56792850,UNITE,OK
TKT42557700940,2026-01-15T20:05:36Z,PORTE-D,R57943652,UNITE,OK
TKT43713027665,2026-01-15T20:05:39Z,PORTE-A,R59936381,UNITE,OK
TKT32878752355,2026-01-15T20:05:39Z,PORTE-C,R53607012,UNITE,OK
TKT12789992465,2026-01-15T20:05:39Z,PORTE-A,,UNITE,OK
TKT21768832689,2026-01-15T20:05:42Z,PORTE-B,R59358111,ABONNEMENT,OK
TKT47252260729,2026-01-15T20:05:42Z,PORTE-A,R54750458,UNITE,OK
TKT18122169050,2026-01-15T20:05:44Z,PORTE-B,R52875837,UNITE,OK
TKT64212005917,2026-01-15T20:05:45Z,PORTE-D,,UNITE,OK
TKT20500063181,2026-01-15T20:05:47Z,PORTE-A,R59472062,INVITATION,OK
TKT24222051001,2026-01-15T20:05:47Z,PORTE-C,R52767135,UNITE,OK
TKT10357226899,2026-01-15T20:05:50Z,PORTE-D,,UNITE,OK
TKT13497985754,2026-01-15T20:05:53Z,PORTE-C,R59343265,INVITATION,OK
TKT60651154436,2026-01-15T20:05:55Z,PORTE-B,,GROUPE,OK
TKT96811342023,2026-01-15T20:05:55Z,PORTE-A,R59894151,UNITE,OK
TKT61411302529,2026-01-15T20:05:57Z,PORTE-C,R52063689,UNITE,OK
TKT76018502463,2026-01-15T20:06:00Z,PORTE-C,,GROUPE,OK
TKT96359679047,2026-01-15T20:06:03Z,PORTE-C,R58905583,UNITE,OK
TKT33220279309,2026-01-15T20:06:09Z,PORTE-D,R51269844,INVITATION,OK
TKT46937957072,2026-01-15T20:06:11Z,PORTE-A,R53900170,ABONNEMENT,OK
TKT66255252990,2026-01-15T20:06:12Z,PORTE-D,R55092579,UNITE,OK
TKT46903449393,2026-01-15T20:06:15Z,PORTE-B,R55546477,UNITE,REFUSE_DEJA_SCANNE
TKT27928475688,2026-01-15T20:06:16Z,PORTE-A,,UNITE,OK
TKT40928564536,2026-01-15T20:06:16Z,PORTE-C,R53096517,UNITE,OK
TKT47837787306,2026-01-15T20:06:17Z,PORTE-C,R54797257,ABONNEMENT,OK
TKT39072587681,2026-01-15T20:06:17Z,PORTE-C,R56005748,UNITE,OK
TKT84635243185,2026-01-15T20:06:18Z,PORTE-C,,UNITE,OK
TKT97312380102,2026-01-15T20:06:18Z,VIP-EST,R53295819,UNITE,OK
TKT40782245613,2026-01-15T20:06:19Z,PORTE-C,R54899896,UNITE,OK
TKT94546455188,2026-01-15T20:06:21Z,PORTE-A,R51956203,UNITE,OK
TKT67224858109,2026-01-15T20:06:26Z,PORTE-A,R56503025,ABONNEMENT,OK
TKT15459609128,2026-01-15T20:06:29Z,PORTE-C,,GROUPE,OK
TKT41896318763,2026-01-15T20:06:29Z,PORTE-C,R52657676,UNITE,OK
TKT40442058039,2026-01-15T20:06:31Z,PORTE-C,R52733564,UNITE,OK
TKT26532948630,2026-01-15T20:06:33Z,PORTE-C,R58856332,UNITE,OK
TKT90793549415,2026-01-15T20:06:34Z,VIP-EST,R51724221,UNITE,OK
TKT55338532390,2026-01-15T20:06:35Z,PORTE-A,R51908466,ABONNEMENT,OK
TKT53929118790,2026-01-15T20:06:36Z,PORTE-C,R55966037,ABONNEMENT,OK
TKT90103100743,2026-01-15T20:06:36Z,VIP-EST,R57424987,UNITE,OK
TKT62527112825,2026-01-15T20:06:38Z,PORTE-B,R55308901,UNITE,OK
TKT69591350463,2026-01-15T20:06:41Z,PORTE-C,R58784678,ABONNEMENT,OK
TKT42444556655,2026-01-15T20:06:41Z,PORTE-C,R53509066,UNITE,OK
TKT95617398589,2026-01-15T20:06:43Z,PORTE-C,R56572294,UNITE,OK
TKT99392876040,2026-01-15T20:06:44Z,PORTE-C,,UNITE,OK
TKT71706707989,2026-01-15T20:06:44Z,PORTE-D,R52929791,UNITE,OK
TKT38395418769,2026-01-15T20:06:46Z,PORTE-D,,UNITE,OK
TKT53427825780,2026-01-15T20:06:48Z,PORTE-D,R56680326,ABONNEMENT,OK
TKT78577507148,2026-01-15T20:06:51Z,PORTE-C,,UNITE,OK
TKT45873587466,2026-01-15T20:06:52Z,PORTE-A,R53999878,UNITE,OK
TKT51480554744,2026-01-15T20:06:55Z,PORTE-D,R56025498,UNITE,OK
TKT78346275756,2026-01-15T20:06:55Z,VIP-EST,R54874629,UNITE,OK
TKT91702410923,2026-01-15T20:06:56Z,PORTE-C,,UNITE,OK
TKT67641712726,2026-01-15T20:06:59Z,PORTE-C,R51805271,ABONNEMENT,OK
TKT70049320050,2026-01-15T20:06:59Z,PORTE-C,R51247843,UNITE,OK
TKT64854605471,2026-01-15T20:07:03Z,PORTE-C,R59709494,ABONNEMENT,OK
TKT94886118918,2026-01-15T20:07:03Z,PORTE-B,R56052413,UNITE,OK
TKT95291304841,2026-01-15T20:07:07Z,PORTE-C,R56519854,UNITE,OK
TKT31450964944,2026-01-15T20:07:08Z,PORTE-B,R52687646,UNITE,OK
TKT67364417013,2026-01-15T20:07:09Z,PORTE-A,R54401125,UNITE,OK
TKT79967192220,2026-01-15T20:07:11Z,PORTE-C,R56070247,INVITATION,OK
TKT21638677572,2026-01-15T20:07:11Z,PORTE-B,,UNITE,OK
TKT76536706258,2026-01-15T20:07:12Z,PORTE-C,R52247110,ABONNEMENT,REFUSE_DEJA_SCANNE
TKT81761613231,2026-01-15T20:07:12Z,PORTE-C,R55120174,UNITE,OK
TKT59746697135,2026-01-15T20:07:16Z,PORTE-C,R51023428,UNITE,OK
TKT60766006507,2026-01-15T20:07:17Z,PORTE-D,R53821562,ABONNEMENT,OK
TKT54211030479,2026-01-15T20:07:17Z,PORTE-D,R58061214,UNITE,OK
TKT25870149491,2026-01-15T20:07:17Z,PORTE-A,,VIP,OK
TKT72933819402,2026-01-15T20:07:24Z,VIP-EST,R57346513,UNITE,OK
TKT28143045223,2026-01-15T20:07:24Z,PORTE-D,R52975766,UNITE,OK
TKT20242843393,2026-01-15T20:07:33Z,PORTE-A,R51046099,UNITE,OK
TKT22165157675,2026-01-15T20:07:33Z,PORTE-C,,UNITE,OK
TKT44626993109,2026-01-15T20:07:34Z,PORTE-C,R54841192,ABONNEMENT,OK
TKT17190689824,2026-01-15T20:07:40Z,PORTE-C,,UNITE,OK
TKT51032766891,2026-01-15T20:07:41Z,PORTE-D,R55510511,UNITE,OK
TKT28983252510,2026-01-15T20:07:43Z,PORTE-C,,GROUPE,REFUSE_DEJA_SCANNE
TKT83137395026,2026-01-15T20:07:43Z,PORTE-D,R56748158,UNITE,OK
TKT35188291175,2026-01-15T20:07:48Z,PORTE-D,R58305255,UNITE,OK
TKT24779288624,2026-01-15T20:07:49Z,PORTE-A,R51889185,ABONNEMENT,OK
TKT18898794241,2026-01-15T20:07:50Z,PORTE-D,R52055375,UNITE,OK
TKT82774587760,2026-01-15T20:07:59Z,PORTE-C,R51857108,UNITE,OK
TKT95371209212,2026-01-15T20:07:59Z,PORTE-A,R58581028,VIP,OK
TKT44582908646,2026-01-15T20:08:00Z,PORTE-A,R57530480,UNITE,OK
TKT40862440921,2026-01-15T20:08:03Z,PORTE-A,R53502802,UNITE,OK
TKT14922356240,2026-01-15T20:08:09Z,PORTE-B,R57755183,ABONNEMENT,OK
TKT10167745481,2026-01-15T20:08:09Z,PORTE-C,R55071335,UNITE,OK
TKT31146298784,2026-01-15T20:08:18Z,PORTE-A,R56346097,UNITE,OK
TKT41161409292,2026-01-15T20:08:20Z,PORTE-D,R58615768,UNITE,OK
TKT23608192027,2026-01-15T20:08:24Z,PORTE-A,R54586854,UNITE,OK
TKT97736822032,2026-01-15T20:08:30Z,PORTE-A,R54018747,UNITE,OK
TKT65747348372,2026-01-15T20:08:33Z,PORTE-C,R56805301,UNITE,OK
TKT89011822335,2026-01-15T20:08:37Z,VIP-EST,R51858391,GROUPE,OK
TKT74471449418,2026-01-15T20:08:38Z,PORTE-B,R59640704,UNITE,OK
TKT21760317342,2026-01-15T20:08:41Z,PORTE-B,R51044538,UNITE,OK
TKT28025967846,2026-01-15T20:08:42Z,PORTE-B,R55899833,UNITE,OK
TKT92666631414,2026-01-15T20:08:44Z,PORTE-B,R56882616,UNITE,OK
TKT15908897053,2026-01-15T20:08:44Z,VIP-EST,,UNITE,OK
TKT54151464481,2026-01-15T20:08:45Z,PORTE-A,,UNITE,OK
TKT46617182541,2026-01-15T20:08:51Z,PORTE-C,R59408588,UNITE,OK
TKT97663635461,2026-01-15T20:08:52Z,PORTE-C,,UNITE,OK
TKT66266531214,2026-01-15T20:08:53Z,PORTE-C,R55569503,UNITE,OK
TKT68134517109,2026-01-15T20:08:55Z,VIP-EST,R53219673,UNITE,OK
TKT14705508816,2026-01-15T20:08:57Z,PORTE-C,R57037705,UNITE,OK
TKT69390915920,2026-01-15T20:08:58Z,PORTE-A,R57695856,UNITE,OK
TKT90928912351,2026-01-15T20:09:04Z,PORTE-C,R58277124,UNITE,OK
TKT68843404160,2026-01-15T20:09:05Z,PORTE-C,R54572420,ABONNEMENT,OK
TKT46066847188,2026-01-15T20:09:05Z,PORTE-A,,UNITE,OK
TKT19875432761,2026-01-15T20:09:14Z,PORTE-D,R59238174,ABONNEMENT,OK
TKT21915717007,2026-01-15T20:09:15Z,PORTE-A,R59376846,UNITE,OK
TKT44181072401,2026-01-15T20:09:17Z,PORTE-B,R55169827,UNITE,OK
TKT35196611133,2026-01-15T20:09:22Z,PORTE-C,,UNITE,OK
TKT29499534134,2026-01-15T20:09:26Z,PORTE-A,,GROUPE,OK
TKT99546383578,2026-01-15T20:09:27Z,PORTE-A,,UNITE,OK
TKT40283281745,2026-01-15T20:09:27Z,PORTE-A,R56777113,UNITE,OK
TKT30971688192,2026-01-15T20:09:30Z,PORTE-C,R54861478,UNITE,REFUSE_INVALIDE
TKT49953651281,2026-01-15T20:09:34Z,PORTE-D,R54785811,ABONNEMENT,OK
TKT92011838239,2026-01-15T20:09:39Z,PORTE-D,R58541806,ABONNEMENT,OK
TKT28542284278,2026-01-15T20:09:39Z,PORTE-C,,GROUPE,OK
TKT35162292562,2026-01-15T20:09:40Z,PORTE-C,R54595101,UNITE,OK
TKT31089516182,2026-01-15T20:09:46Z,PORTE-A,R54180301,UNITE,OK
TKT98519530062,2026-01-15T20:09:49Z,VIP-EST,,GROUPE,OK
TKT79506583899,2026-01-15T20:09:51Z,PORTE-C,R52369576,UNITE,OK
TKT76018502463,2026-01-15T20:10:00Z,PORTE-C,,GROUPE,REFUSE_DEJA_SCANNE
TKT93828668865,2026-01-15T20:10:06Z,VIP-EST,R53812444,UNITE,OK
TKT88953170059,2026-01-15T20:10:12Z,PORTE-C,R58408105,UNITE,OK
TKT93509075107,2026-01-15T20:10:14Z,PORTE-C,R59401500,UNITE,OK
TKT78536293620,2026-01-15T20:10:14Z,PORTE-C,R55763345,UNITE,OK
TKT36282560447,2026-01-15T20:10:15Z,PORTE-C,R51139275,ABONNEMENT,OK
TKT82145021826,2026-01-15T20:10:16Z,PORTE-A,,UNITE,OK
TKT42372549514,2026-01-15T20:10:37Z,PORTE-C,R58261722,ABONNEMENT,OK
TKT44126611675,2026-01-15T20:10:42Z,PORTE-D,R55320146,UNITE,OK
TKT44302113276,2026-01-15T20:10:43Z,PORTE-C,R56369602,UNITE,OK
TKT14773283881,2026-01-15T20:10:43Z,PORTE-B,,UNITE,REFUSE_DEJA_SCANNE
TKT30646370013,2026-01-15T20:10:50Z,PORTE-D,R54113829,GROUPE,OK
TKT50744755041,2026-01-15T20:10:53Z,PORTE-C,R51270457,UNITE,OK
TKT18831810289,2026-01-15T20:10:54Z,PORTE-D,,UNITE,OK
TKT36215050890,2026-01-15T20:10:54Z,PORTE-B,R58982754,UNITE,OK
TKT61691913821,2026-01-15T20:11:12Z,PORTE-D,R57347739,UNITE,OK
TKT39310850832,2026-01-15T20:11:20Z,PMR-NORD,R56355637,UNITE,REFUSE_DEJA_SCANNE
TKT76913667561,2026-01-15T20:11:38Z,PORTE-D,R59036420,UNITE,OK
TKT99338367789,2026-01-15T20:11:43Z,PORTE-C,R52302749,UNITE,OK
TKT70044077441,2026-01-15T20:11:52Z,PORTE-C,,GROUPE,OK
TKT31429534894,2026-01-15T20:11:52Z,PORTE-C,R53503214,UNITE,OK
TKT48764448487,2026-01-15T20:12:02Z,PORTE-C,,GROUPE,OK
TKT59411118163,2026-01-15T20:12:12Z,PORTE-C,R55032438,UNITE,OK
TKT72934426322,2026-01-15T20:12:25Z,VIP-EST,R52795678,UNITE,REFUSE_DEJA_SCANNE
TKT86513921892,2026-01-15T20:12:28Z,PORTE-B,,INVITATION,OK
TKT90072071899,2026-01-15T20:12:30Z,PORTE-D,R52451986,UNITE,OK
TKT49953651281,2026-01-15T20:12:34Z,PORTE-D,R54785811,ABONNEMENT,REFUSE_DEJA_SCANNE
TKT98921091447,2026-01-15T20:12:35Z,PORTE-A,,VIP,OK
TKT79490957968,2026-01-15T20:12:44Z,PORTE-A,R53695552,UNITE,OK
TKT96470722445,2026-01-15T20:12:46Z,PORTE-D,R56060171,ABONNEMENT,OK
TKT52012303592,2026-01-15T20:12:47Z,PORTE-D,R51808547,ABONNEMENT,OK
TKT94476853824,2026-01-15T20:12:54Z,PORTE-B,R55397585,UNITE,OK
TKT59832159057,2026-01-15T20:12:55Z,PORTE-C,R52792067,UNITE,OK
TKT18430639437,2026-01-15T20:13:00Z,VIP-EST,R55823208,UNITE,OK
TKT80110973463,2026-01-15T20:13:17Z,PORTE-B,R58321461,ABONNEMENT,OK
TKT54211030479,2026-01-15T20:13:17Z,PORTE-D,R58061214,UNITE,REFUSE_DEJA_SCANNE
TKT13573038140,2026-01-15T20:13:20Z,PORTE-C,R55390373,UNITE,OK
TKT37859192161,2026-01-15T20:13:21Z,PORTE-D,,UNITE,OK
TKT81590826202,2026-01-15T20:13:22Z,PORTE-B,R52398320,UNITE,OK
TKT57542932482,2026-01-15T20:13:24Z,PORTE-D,R54363722,UNITE,OK
TKT54890219753,2026-01-15T20:13:26Z,PMR-NORD,R52387487,UNITE,OK
TKT59500170411,2026-01-15T20:13:28Z,PORTE-A,,UNITE,OK
TKT34324485751,2026-01-15T20:13:34Z,PORTE-C,R54214294,UNITE,OK
TKT42374118482,2026-01-15T20:13:37Z,PORTE-A,,UNITE,OK
TKT49429835123,2026-01-15T20:13:38Z,PORTE-C,R53369369,ABONNEMENT,OK
TKT66073451727,2026-01-15T20:13:39Z,PORTE-C,R59497875,UNITE,OK
TKT82446977462,2026-01-15T20:13:39Z,PORTE-A,,UNITE,OK
TKT75236037189,2026-01-15T20:13:39Z,PORTE-C,R56565216,UNITE,OK
TKT82077268099,2026-01-15T20:13:41Z,PORTE-C,,UNITE,OK
TKT26272909149,2026-01-15T20:13:43Z,PORTE-C,R52614297,ABONNEMENT,OK
TKT48291661351,2026-01-15T20:13:43Z,PORTE-C,,UNITE,OK
TKT13353116298,2026-01-15T20:13:46Z,PORTE-C,R57085586,UNITE,OK
TKT42429476435,2026-01-15T20:13:49Z,PORTE-B,R51475266,UNITE,OK
TKT31608833104,2026-01-15T20:13:58Z,PORTE-D,R51821544,INVITATION,OK
TKT10977699064,2026-01-15T20:14:00Z,PORTE-B,R52835935,UNITE,OK
TKT52405608580,2026-01-15T20:14:06Z,PORTE-C,,UNITE,OK
TKT74887103321,2026-01-15T20:14:09Z,PORTE-B,R59233873,UNITE,OK
TKT79065768975,2026-01-15T20:14:13Z,VIP-EST,R55466040,UNITE,OK
TKT35597105939,2026-01-15T20:14:15Z,PORTE-C,R58390184,ABONNEMENT,OK
TKT90236045969,2026-01-15T20:14:15Z,VIP-EST,,UNITE,OK
TKT99932958593,2026-01-15T20:14:21Z,PORTE-D,R58894003,UNITE,OK
TKT91887974346,2026-01-15T20:14:34Z,PORTE-C,R51856083,UNITE,OK
TKT11854356147,2026-01-15T20:14:37Z,PORTE-A,R57349722,VIP,OK
TKT41871878652,2026-01-15T20:14:41Z,PORTE-D,R52856767,UNITE,OK
TKT29207520590,2026-01-15T20:14:45Z,VIP-EST,,UNITE,OK
TKT25383245036,2026-01-15T20:14:52Z,PORTE-B,R57119157,UNITE,OK
TKT13072063846,2026-01-15T20:14:59Z,VIP-EST,R52255347,UNITE,OK
TKT18430639437,2026-01-15T20:15:00Z,VIP-EST,R55823208,UNITE,REFUSE_DEJA_SCANNE
TKT19767596677,2026-01-15T20:15:05Z,PORTE-B,R59800563,UNITE,OK
TKT45768695939,2026-01-15T20:15:13Z,VIP-EST,R57743804,ABONNEMENT,OK
TKT13402548801,2026-01-15T20:15:26Z,PORTE-B,,GROUPE,OK
TKT20657172488,2026-01-15T20:15:34Z,VIP-EST,R58932890,ABONNEMENT,OK
TKT36000151032,2026-01-15T20:15:53Z,VIP-EST,R55760826,UNITE,OK
TKT36130529339,2026-01-15T20:15:56Z,PORTE-C,R59985890,UNITE,OK
TKT89696445085,2026-01-15T20:16:09Z,PORTE-D,R59238164,UNITE,OK
TKT68124077318,2026-01-15T20:16:21Z,PORTE-A,R51937890,UNITE,OK
TKT62791189718,2026-01-15T20:16:26Z,PORTE-C,R58622779,ABONNEMENT,OK
TKT13910042869,2026-01-15T20:16:46Z,VIP-EST,,INVITATION,OK
TKT95152630505,2026-01-15T20:16:47Z,PORTE-A,R52741121,UNITE,OK
TKT41762736733,2026-01-15T20:16:51Z,PORTE-D,R56603222,UNITE,OK
TKT23440702295,2026-01-15T20:17:08Z,PORTE-C,R51010277,UNITE,OK
TKT25736970435,2026-01-15T20:17:16Z,VIP-EST,R59635331,UNITE,OK
TKT66113255756,2026-01-15T20:17:20Z,PORTE-C,R56765801,UNITE,OK
TKT69381193138,2026-01-15T20:17:27Z,PORTE-D,R59771139,INVITATION,OK
TKT11499055971,2026-01-15T20:17:33Z,PORTE-C,,UNITE,OK
TKT19565947141,2026-01-15T20:17:41Z,VIP-EST,R54825388,UNITE,OK
TKT31295751493,2026-01-15T20:18:09Z,PORTE-D,R56841267,UNITE,OK
TKT96952480602,2026-01-15T20:18:21Z,PORTE-A,R52963027,UNITE,OK
TKT24184551242,2026-01-15T20:18:51Z,PORTE-A,R58605012,UNITE,OK
TKT75113963737,2026-01-15T20:19:10Z,PORTE-B,R54949415,UNITE,OK
TKT33668013040,2026-01-15T20:19:52Z,PORTE-C,R52300374,ABONNEMENT,OK
TKT56860658249,2026-01-15T20:22:48Z,VIP-EST,R59176395,UNITE,OK
TKT24184551242,2026-01-15T20:22:51Z,PORTE-A,R58605012,UNITE,REFUSE_DEJA_SCANNE
