barcode,scan_ts_utc,portique,ext_id,type_billet,resultat
TKT23152863432,2025-11-06T18:30:00Z,PORTE-D,R51409484,UNITE,OK
TKT15656300739,2025-11-06T18:30:04Z,VIP-EST,R55562626,UNITE,OK
TKT84251839313,2025-11-06T18:30:07Z,PORTE-A,R57021422,UNITE,OK
TKT26205129386,2025-11-06T18:30:09Z,PORTE-C,R52400705,UNITE,OK
TKT66969947612,2025-11-06T18:30:10Z,PORTE-C,R59799002,ABONNEMENT,OK
TKT80097319134,2025-11-06T18:30:15Z,PORTE-C,R53941164,ABONNEMENT,OK
TKT94217140082,2025-11-06T18:30:15Z,PORTE-A,R54955746,ABONNEMENT,OK
TKT99910829694,2025-11-06T18:30:15Z,PORTE-A,R54337296,ABONNEMENT,OK
TKT84316684260,2025-11-06T18:30:19Z,PORTE-A,R55237860,UNITE,OK
TKT29657248230,2025-11-06T18:30:22Z,PORTE-D,,GROUPE,OK
TKT73722411231,2025-11-06T18:30:23Z,PORTE-C,R55255436,ABONNEMENT,OK
TKT91209383829,2025-11-06T18:30:26Z,PORTE-C,R54081742,ABONNEMENT,OK
TKT19041567259,2025-11-06T18:30:26Z,VIP-EST,R54681735,UNITE,OK
TKT33575199026,2025-11-06T18:30:27Z,PORTE-C,R56495123,ABONNEMENT,OK
TKT59262160074,2025-11-06T18:30:28Z,VIP-EST,R51673821,UNITE,OK
TKT37893055728,2025-11-06T18:30:31Z,VIP-EST,R58907010,ABONNEMENT,OK
TKT63245267822,2025-11-06T18:30:35Z,PORTE-A,R57147777,UNITE,OK
TKT81852504851,2025-11-06T18:30:37Z,PORTE-A,R54151222,ABONNEMENT,OK
TKT67095709531,2025-11-06T18:30:38Z,PORTE-A,R59998763,UNITE,OK
TKT19942171137,2025-11-06T18:30:38Z,VIP-EST,R57414154,UNITE,OK
TKT35361719344,2025-11-06T18:30:39Z,VIP-EST,R59026143,ABONNEMENT,OK
TKT76153152629,2025-11-06T18:30:40Z,PORTE-D,R53006138,ABONNEMENT,OK
TKT60965246750,2025-11-06T18:30:40Z,PORTE-D,R54983398,ABONNEMENT,OK
TKT56513177820,2025-11-06T18:30:40Z,PORTE-C,,GROUPE,OK
TKT52279793731,2025-11-06T18:30:44Z,PORTE-D,R58577973,ABONNEMENT,OK
TKT49380577353,2025-11-06T18:30:46Z,VIP-EST,,UNITE,OK
TKT75146256124,2025-11-06T18:30:47Z,PORTE-C,R57775144,UNITE,OK
TKT23637840895,2025-11-06T18:30:51Z,PORTE-A,R55871300,UNITE,OK
TKT69147762454,2025-11-06T18:31:02Z,VIP-EST,,GROUPE,OK
TKT37062831646,2025-11-06T18:31:08Z,PORTE-C,R53063626,ABONNEMENT,OK
TKT87621213694,2025-11-06T18:31:10Z,VIP-EST,R52405532,ABONNEMENT,OK
TKT96715466817,2025-11-06T18:31:11Z,PORTE-D,R51458926,ABONNEMENT,OK
TKT51274545190,2025-11-06T18:31:11Z,VIP-EST,,UNITE,OK
TKT25349655208,2025-11-06T18:31:13Z,PORTE-D,R52079828,ABONNEMENT,OK
TKT22817874672,2025-11-06T18:31:13Z,PORTE-C,,UNITE,OK
TKT59937102609,2025-11-06T18:31:15Z,PORTE-A,R58244089,ABONNEMENT,OK
TKT43426044037,2025-11-06T18:31:15Z,PORTE-D,R52834900,UNITE,OK
TKT71225393104,2025-11-06T18:31:16Z,PORTE-A,R57274591,UNITE,OK
TKT60110485481,2025-11-06T18:31:17Z,PORTE-B,R55313058,ABONNEMENT,OK
TKT75750994617,2025-11-06T18:31:17Z,PORTE-A,R55550356,UNITE,OK
TKT83598935289,2025-11-06T18:31:18Z,PORTE-B,,UNITE,OK
TKT42438314878,2025-11-06T18:31:18Z,PORTE-A,R51644598,UNITE,OK
TKT32981868625,2025-11-06T18:31:19Z,PORTE-C,R53523644,ABONNEMENT,OK
TKT16653398114,2025-11-06T18:31:19Z,PORTE-C,,UNITE,OK
TKT49261733986,2025-11-06T18:31:21Z,PORTE-D,R52003136,ABONNEMENT,OK
TKT27215359169,2025-11-06T18:31:21Z,VIP-EST,R57413809,UNITE,OK
TKT66756205524,2025-11-06T18:31:25Z,PORTE-C,R55281383,UNITE,OK
TKT77556715764,2025-11-06T18:31:26Z,PORTE-C,R53887498,UNITE,OK
TKT38536526418,2025-11-06T18:31:27Z,PORTE-B,R59408511,UNITE,OK
TKT99689978243,2025-11-06T18:31:27Z,PORTE-C,,UNITE,OK
TKT64728157962,2025-11-06T18:31:28Z,VIP-EST,R59036219,UNITE,OK
TKT34557343894,2025-11-06T18:31:30Z,PORTE-A,,UNITE,OK
TKT75055647045,2025-11-06T18:31:34Z,PORTE-B,R55344254,ABONNEMENT,OK
TKT11182976573,2025-11-06T18:31:37Z,PORTE-C,R56336634,UNITE,OK
TKT41107863969,2025-11-06T18:31:41Z,PORTE-A,R59421595,UNITE,OK
TKT46765327808,2025-11-06T18:31:43Z,PORTE-C,,UNITE,OK
TKT16933211240,2025-11-06T18:31:45Z,PORTE-A,R59340679,UNITE,OK
TKT93396296980,2025-11-06T18:31:45Z,VIP-EST,R55093882,VIP,OK
TKT97233407373,2025-11-06T18:31:51Z,PORTE-A,R56866534,UNITE,OK
TKT85599947636,2025-11-06T18:31:52Z,VIP-EST,R56751357,ABONNEMENT,OK
TKT32765209739,2025-11-06T18:31:54Z,PORTE-C,R53291863,UNITE,OK
TKT26118363729,2025-11-06T18:31:57Z,PORTE-C,R55799445,ABONNEMENT,OK
TKT79365454236,2025-11-06T18:31:59Z,PORTE-C,R52360850,UNITE,OK
TKT27239942444,2025-11-06T18:32:02Z,VIP-EST,R53786688,ABONNEMENT,OK
TKT69354381061,2025-11-06T18:32:03Z,PORTE-A,R52196432,UNITE,OK
TKT76404241742,2025-11-06T18:32:05Z,PORTE-C,R58674348,ABONNEMENT,OK
TKT87286531985,2025-11-06T18:32:06Z,PORTE-A,R52194794,ABONNEMENT,OK
TKT47568404051,2025-11-06T18:32:09Z,PORTE-C,R57652065,UNITE,OK
TKT91278119546,2025-11-06T18:32:10Z,VIP-EST,R57010120,ABONNEMENT,OK
TKT94470614759,2025-11-06T18:32:17Z,PORTE-C,R52214966,ABONNEMENT,OK
TKT53550262125,2025-11-06T18:32:20Z,PORTE-C,R51734431,UNITE,OK
TKT59686984210,2025-11-06T18:32:29Z,PORTE-C,R51025937,UNITE,OK
TKT71498197558,2025-11-06T18:32:29Z,PORTE-C,R55735549,UNITE,OK
TKT28069936184,2025-11-06T18:32:31Z,PORTE-B,R54424285,ABONNEMENT,OK
TKT20289951233,2025-11-06T18:32:32Z,PORTE-B,,UNITE,OK
TKT96894085218,2025-11-06T18:32:34Z,PORTE-C,R52403492,UNITE,OK
TKT33885662664,2025-11-06T18:32:35Z,PORTE-B,R51879166,ABONNEMENT,OK
TKT79818815711,2025-11-06T18:32:38Z,PORTE-C,R55834587,ABONNEMENT,OK
TKT54945100196,2025-11-06T18:32:39Z,PORTE-C,R51076146,UNITE,OK
TKT80544933187,2025-11-06T18:32:40Z,PORTE-B,R52819307,UNITE,OK
TKT11549091718,2025-11-06T18:32:41Z,PORTE-D,R59996656,ABONNEMENT,OK
TKT21966385575,2025-11-06T18:32:45Z,PORTE-C,R58733263,ABONNEMENT,OK
TKT80939427525,2025-11-06T18:32:45Z,PORTE-C,R57652889,UNITE,OK
TKT71123785923,2025-11-06T18:32:47Z,VIP-EST,R53776133,UNITE,OK
TKT20765104821,2025-11-06T18:32:50Z,PORTE-C,R59571914,ABONNEMENT,OK
TKT79664016046,2025-11-06T18:32:53Z,PORTE-C,R51897499,ABONNEMENT,OK
TKT98475836937,2025-11-06T18:32:54Z,PORTE-B,,UNITE,OK
TKT88851401722,2025-11-06T18:32:55Z,PORTE-A,R58237825,ABONNEMENT,OK
TKT63320653091,2025-11-06T18:32:56Z,PORTE-A,R56171938,ABONNEMENT,OK
TKT26595159490,2025-11-06T18:32:56Z,PORTE-D,R59191442,UNITE,OK
TKT42445555094,2025-11-06T18:32:57Z,PORTE-A,R59968314,ABONNEMENT,OK
TKT89921892853,2025-11-06T18:32:58Z,PORTE-C,R55887449,UNITE,OK
TKT83912155816,2025-11-06T18:32:59Z,VIP-EST,,UNITE,OK
TKT60674800518,2025-11-06T18:33:00Z,PORTE-D,R55331994,ABONNEMENT,OK
TKT54710442102,2025-11-06T18:33:01Z,PORTE-D,,UNITE,OK
TKT27992668427,2025-11-06T18:33:08Z,VIP-EST,R57762616,VIP,OK
TKT25656414020,2025-11-06T18:33:08Z,PORTE-A,,UNITE,OK
TKT23635303565,2025-11-06T18:33:13Z,PORTE-B,R53354590,ABONNEMENT,OK
TKT73371819504,2025-11-06T18:33:15Z,PORTE-C,R53252497,ABONNEMENT,OK
TKT65810106845,2025-11-06T18:33:16Z,PORTE-A,R55183926,ABONNEMENT,OK
TKT28059063495,2025-11-06T18:33:25Z,PORTE-C,R59592622,UNITE,OK
TKT62711346056,2025-11-06T18:33:27Z,PORTE-C,,GROUPE,OK
TKT22130718394,2025-11-06T18:33:30Z,VIP-EST,R56587897,ABONNEMENT,OK
TKT35139539542,2025-11-06T18:33:30Z,PORTE-A,R55550902,ABONNEMENT,OK
TKT68058516054,2025-11-06T18:33:30Z,PORTE-A,R52551225,UNITE,OK
TKT43209675734,2025-11-06T18:33:31Z,PORTE-A,R56521214,ABONNEMENT,OK
TKT74702833762,2025-11-06T18:33:31Z,PORTE-A,R59658146,UNITE,OK
TKT62591867616,2025-11-06T18:33:32Z,PORTE-B,R57223913,UNITE,OK
TKT48432303028,2025-11-06T18:33:47Z,PORTE-A,,UNITE,OK
TKT99330492299,2025-11-06T18:33:49Z,PORTE-C,R57038797,ABONNEMENT,OK
TKT72408000353,2025-11-06T18:33:49Z,PORTE-B,R57238702,ABONNEMENT,OK
TKT84715716434,2025-11-06T18:33:50Z,VIP-EST,R57619844,ABONNEMENT,OK
TKT60344527282,2025-11-06T18:33:52Z,PORTE-A,R55267907,ABONNEMENT,OK
TKT19177963538,2025-11-06T18:33:53Z,PORTE-A,R54900653,ABONNEMENT,OK
TKT75322615933,2025-11-06T18:33:54Z,VIP-EST,R58833316,VIP,OK
TKT83634211616,2025-11-06T18:33:54Z,PORTE-B,R52489657,GROUPE,OK
TKT45289768669,2025-11-06T18:33:56Z,VIP-EST,R55376130,ABONNEMENT,OK
TKT49456852669,2025-11-06T18:33:57Z,VIP-EST,,UNITE,OK
TKT51549622093,2025-11-06T18:33:57Z,PORTE-B,R53441090,UNITE,OK
TKT48774687183,2025-11-06T18:33:57Z,PORTE-C,R55099878,UNITE,OK
TKT73951427250,2025-11-06T18:34:02Z,PORTE-C,R57012840,ABONNEMENT,OK
TKT47630249091,2025-11-06T18:34:02Z,PORTE-C,R57308038,UNITE,OK
TKT57230234223,2025-11-06T18:34:04Z,PORTE-D,R54199036,UNITE,OK
TKT58678179464,2025-11-06T18:34:05Z,PORTE-A,R55780777,ABONNEMENT,OK
TKT53372883430,2025-11-06T18:34:05Z,PORTE-A,R58428324,ABONNEMENT,OK
TKT93052717199,2025-11-06T18:34:08Z,PORTE-C,R52926716,UNITE,OK
TKT46802437718,2025-11-06T18:34:10Z,PORTE-C,R56520735,UNITE,OK
TKT99085592219,2025-11-06T18:34:16Z,PORTE-D,R51393747,ABONNEMENT,OK
TKT91350297042,2025-11-06T18:34:16Z,PORTE-B,R56784871,ABONNEMENT,OK
TKT58484129543,2025-11-06T18:34:20Z,PORTE-D,R58059432,UNITE,OK
TKT98223013977,2025-11-06T18:34:27Z,PORTE-C,R52817334,ABONNEMENT,OK
TKT47734711256,2025-11-06T18:34:28Z,PORTE-A,R52167832,UNITE,OK
TKT62108529507,2025-11-06T18:34:29Z,PORTE-C,R51197453,UNITE,OK
TKT44441923053,2025-11-06T18:34:36Z,PORTE-C,R54259177,UNITE,OK
TKT79098835769,2025-11-06T18:34:43Z,VIP-EST,R52703527,UNITE,OK
TKT51337972053,2025-11-06T18:34:45Z,VIP-EST,R59339932,ABONNEMENT,OK
TKT72194592264,2025-11-06T18:34:49Z,PORTE-C,R52747519,ABONNEMENT,OK
TKT48517615536,2025-11-06T18:34:51Z,PORTE-C,R58930917,ABONNEMENT,OK
TKT66101539552,2025-11-06T18:34:57Z,PORTE-D,,GROUPE,OK
TKT57162554173,2025-11-06T18:34:57Z,PORTE-B,R59129874,UNITE,OK
TKT90009724289,2025-11-06T18:34:58Z,PORTE-A,,GROUPE,OK
TKT61641439976,2025-11-06T18:34:58Z,PORTE-A,R56608739,UNITE,OK
TKT35299936986,2025-11-06T18:35:03Z,PORTE-D,R53054354,ABONNEMENT,OK
TKT13841626993,2025-11-06T18:35:13Z,PORTE-B,R59934609,ABONNEMENT,OK
TKT71322114649,2025-11-06T18:35:17Z,PORTE-C,R56619428,ABONNEMENT,OK
TKT87258494980,2025-11-06T18:35:18Z,PORTE-A,,UNITE,OK
TKT48418169378,2025-11-06T18:35:19Z,PORTE-D,R52854516,UNITE,OK
TKT64109019348,2025-11-06T18:35:21Z,PORTE-C,,INVITATION,OK
TKT23456004314,2025-11-06T18:35:23Z,PORTE-C,R52639085,ABONNEMENT,OK
TKT72695251188,2025-11-06T18:35:25Z,PORTE-A,R51332035,ABONNEMENT,OK
TKT53410827066,2025-11-06T18:35:31Z,PORTE-A,R57957205,ABONNEMENT,OK
TKT25095613300,2025-11-06T18:35:31Z,PORTE-C,,GROUPE,OK
TKT99949394777,2025-11-06T18:35:32Z,PORTE-B,R57954341,ABONNEMENT,OK
TKT51793264923,2025-11-06T18:35:33Z,PORTE-A,R56297268,ABONNEMENT,OK
TKT45027787817,2025-11-06T18:35:35Z,VIP-EST,R59006393,VIP,OK
TKT16540521442,2025-11-06T18:35:37Z,PORTE-C,R52324415,UNITE,OK
TKT83664729387,2025-11-06T18:35:41Z,PORTE-A,,UNITE,OK
TKT41384118077,2025-11-06T18:35:43Z,PORTE-A,R53858955,UNITE,OK
TKT59727165200,2025-11-06T18:35:44Z,PORTE-A,R55099121,ABONNEMENT,OK
TKT13718259737,2025-11-06T18:35:46Z,VIP-EST,R51808269,UNITE,OK
TKT86021650091,2025-11-06T18:35:53Z,VIP-EST,R55074668,ABONNEMENT,OK
TKT30857807852,2025-11-06T18:36:01Z,PORTE-A,,GROUPE,OK
TKT57966080470,2025-11-06T18:36:04Z,PORTE-C,R51101825,GROUPE,OK
TKT40363373355,2025-11-06T18:36:04Z,PORTE-D,R53112388,UNITE,OK
TKT86674431217,2025-11-06T18:36:05Z,PMR-NORD,R56890853,ABONNEMENT,OK
TKT78273764843,2025-11-06T18:36:09Z,PORTE-D,R52986244,ABONNEMENT,OK
TKT38945619729,2025-11-06T18:36:14Z,PORTE-D,R52140860,ABONNEMENT,OK
TKT35698792147,2025-11-06T18:36:15Z,PORTE-C,R53744257,ABONNEMENT,OK
TKT23247411346,2025-11-06T18:36:15Z,PORTE-B,,UNITE,OK
TKT44442330424,2025-11-06T18:36:18Z,PORTE-D,R51976576,ABONNEMENT,OK
TKT15578041768,2025-11-06T18:36:18Z,PORTE-A,R53577387,UNITE,OK
TKT64929673787,2025-11-06T18:36:23Z,PORTE-A,R58454693,UNITE,OK
TKT83735671455,2025-11-06T18:36:24Z,PORTE-A,R54443489,ABONNEMENT,OK
TKT72242633466,2025-11-06T18:36:26Z,PORTE-D,R55687122,UNITE,OK
TKT12518833008,2025-11-06T18:36:28Z,PORTE-A,R51053455,ABONNEMENT,OK
TKT22619427114,2025-11-06T18:36:29Z,VIP-EST,R56500573,UNITE,OK
TKT85704580929,2025-11-06T18:36:30Z,PORTE-D,,UNITE,OK
TKT69686203394,2025-11-06T18:36:32Z,PORTE-C,,GROUPE,OK
TKT38955345297,2025-11-06T18:36:33Z,PORTE-C,R53089985,ABONNEMENT,OK
TKT89742743101,2025-11-06T18:36:33Z,PORTE-A,R55016165,UNITE,OK
TKT87084693901,2025-11-06T18:36:37Z,VIP-EST,R59068976,UNITE,OK
TKT71430450491,2025-11-06T18:36:38Z,PORTE-C,R58687144,INVITATION,OK
TKT49516779148,2025-11-06T18:36:40Z,PORTE-A,R53064095,ABONNEMENT,OK
TKT28134922830,2025-11-06T18:36:43Z,VIP-EST,R54358071,VIP,OK
TKT24803276228,2025-11-06T18:36:46Z,VIP-EST,,VIP,OK
TKT47079172862,2025-11-06T18:36:49Z,PORTE-C,,UNITE,OK
TKT52177599363,2025-11-06T18:36:50Z,PORTE-B,R55466998,GROUPE,OK
TKT72408635947,2025-11-06T18:36:50Z,PORTE-A,,UNITE,OK
TKT38207711351,2025-11-06T18:36:51Z,VIP-EST,R59470769,GROUPE,OK
TKT69805080338,2025-11-06T18:36:57Z,PORTE-A,R53162788,VIP,OK
TKT77869983651,2025-11-06T18:37:01Z,PORTE-A,R56882070,UNITE,OK
TKT87978096557,2025-11-06T18:37:04Z,VIP-EST,R56159132,UNITE,OK
TKT41910227203,2025-11-06T18:37:04Z,PORTE-A,,UNITE,OK
TKT30666870396,2025-11-06T18:37:06Z,PORTE-D,R53048837,UNITE,OK
TKT70093555452,2025-11-06T18:37:07Z,VIP-EST,R55476116,ABONNEMENT,OK
TKT10873124918,2025-11-06T18:37:07Z,PORTE-B,R53600470,ABONNEMENT,OK
TKT20151823277,2025-11-06T18:37:09Z,VIP-EST,,UNITE,OK
TKT26113456563,2025-11-06T18:37:12Z,VIP-EST,R52835935,UNITE,OK
TKT38681431746,2025-11-06T18:37:13Z,PORTE-D,,GROUPE,OK
TKT20878164330,2025-11-06T18:37:15Z,VIP-EST,R58447873,ABONNEMENT,OK
TKT51798077910,2025-11-06T18:37:18Z,VIP-EST,R57094503,UNITE,OK
TKT35017155562,2025-11-06T18:37:20Z,PORTE-C,,GROUPE,OK
TKT43220469622,2025-11-06T18:37:21Z,PORTE-B,R53027459,UNITE,OK
TKT42437347077,2025-11-06T18:37:21Z,PORTE-A,,INVITATION,OK
TKT43565927276,2025-11-06T18:37:23Z,PORTE-C,R59023212,ABONNEMENT,OK
TKT58851840009,2025-11-06T18:37:23Z,PORTE-C,R59068976,UNITE,OK
TKT47349527741,2025-11-06T18:37:24Z,PORTE-C,,UNITE,OK
TKT26095457892,2025-11-06T18:37:25Z,PORTE-C,R56957402,UNITE,OK
TKT50864282717,2025-11-06T18:37:28Z,PORTE-B,R56784938,ABONNEMENT,OK
TKT77923190990,2025-11-06T18:37:28Z,PORTE-C,R53264556,UNITE,OK
TKT48722632789,2025-11-06T18:37:28Z,PORTE-D,R54061111,UNITE,OK
TKT37762144004,2025-11-06T18:37:30Z,PORTE-C,R56897596,UNITE,OK
TKT62199993632,2025-11-06T18:37:31Z,PORTE-A,R58513809,INVITATION,OK
TKT17888884088,2025-11-06T18:37:40Z,PORTE-D,R58807024,ABONNEMENT,OK
TKT62050213918,2025-11-06T18:37:43Z,PORTE-A,R55898617,UNITE,OK
TKT17060109500,2025-11-06T18:37:45Z,PORTE-B,R53802760,UNITE,OK
TKT80865345978,2025-11-06T18:37:49Z,PORTE-D,R52652571,UNITE,OK
TKT92347678420,2025-11-06T18:37:49Z,PORTE-B,,INVITATION,OK
TKT33813881589,2025-11-06T18:37:51Z,PORTE-C,R59238030,UNITE,OK
TKT89800840438,2025-11-06T18:37:54Z,PORTE-C,R54580044,UNITE,OK
TKT10534555997,2025-11-06T18:37:56Z,PORTE-C,R51510284,ABONNEMENT,OK
TKT59790929339,2025-11-06T18:37:56Z,PORTE-B,R54454523,UNITE,OK
TKT94839154595,2025-11-06T18:37:58Z,PORTE-A,R55815651,VIP,OK
TKT62131451172,2025-11-06T18:37:58Z,PORTE-C,,UNITE,OK
TKT22963353186,2025-11-06T18:38:01Z,PORTE-D,R57837526,ABONNEMENT,OK
TKT41384118077,2025-11-06T18:38:43Z,PORTE-A,R53858955,UNITE,REFUSE_DEJA_SCANNE
TKT53367153415,2025-11-06T18:38:45Z,PORTE-C,R53709862,UNITE,OK
TKT36070166862,2025-11-06T18:39:08Z,PORTE-C,R57330719,UNITE,OK
TKT64915335110,2025-11-06T18:39:08Z,PORTE-C,R55823620,UNITE,OK
TKT22497171457,2025-11-06T18:39:10Z,PORTE-A,R54704349,ABONNEMENT,OK
TKT69737015102,2025-11-06T18:39:36Z,PORTE-C,R52509062,ABONNEMENT,OK
TKT87198470619,2025-11-06T18:39:37Z,PORTE-C,R55305568,UNITE,OK
TKT38545876674,2025-11-06T18:39:39Z,PORTE-A,R53169809,ABONNEMENT,OK
TKT11907210935,2025-11-06T18:39:45Z,VIP-EST,,GROUPE,OK
TKT70090980954,2025-11-06T18:39:47Z,PORTE-C,,UNITE,OK
TKT52224432347,2025-11-06T18:39:48Z,PORTE-C,R59629268,UNITE,OK
TKT34238497016,2025-11-06T18:39:49Z,PORTE-D,R59348236,UNITE,OK
TKT17363017500,2025-11-06T18:39:51Z,PORTE-C,,GROUPE,OK
TKT59583866461,2025-11-06T18:39:59Z,VIP-EST,R51096164,UNITE,OK
TKT82973684103,2025-11-06T18:40:02Z,PORTE-C,R58188718,UNITE,OK
TKT62290294965,2025-11-06T18:40:04Z,PORTE-C,R59746686,UNITE,OK
TKT26097352999,2025-11-06T18:40:05Z,PORTE-D,R53335999,ABONNEMENT,OK
TKT27198662345,2025-11-06T18:40:06Z,PORTE-D,R59903825,UNITE,OK
TKT22497171457,2025-11-06T18:40:10Z,PORTE-A,R54704349,ABONNEMENT,REFUSE_DEJA_SCANNE
TKT35527013029,2025-11-06T18:40:17Z,PORTE-A,R52109319,UNITE,OK
TKT68589832971,2025-11-06T18:40:46Z,PORTE-A,R52867945,UNITE,OK
TKT43703654572,2025-11-06T18:40:53Z,PORTE-A,R57887591,ABONNEMENT,OK
TKT85914262554,2025-11-06T18:41:06Z,PORTE-C,R54264359,ABONNEMENT,OK
TKT45962610231,2025-11-06T18:41:12Z,PORTE-C,R56989690,UNITE,OK
TKT15499724081,2025-11-06T18:41:15Z,PORTE-D,R53655985,ABONNEMENT,OK
TKT57875143126,2025-11-06T18:41:33Z,PORTE-D,R51188593,ABONNEMENT,OK
TKT69978903643,2025-11-06T18:41:34Z,PORTE-C,R57945357,UNITE,OK
TKT72095522854,2025-11-06T18:41:41Z,PORTE-D,R55735415,ABONNEMENT,OK
TKT97255743148,2025-11-06T18:41:41Z,VIP-EST,,GROUPE,OK
TKT92822986641,2025-11-06T18:41:54Z,PORTE-A,R53680304,UNITE,OK
TKT36242228283,2025-11-06T18:41:55Z,PORTE-C,R56726914,UNITE,OK
TKT99704631530,2025-11-06T18:41:58Z,PORTE-C,,UNITE,OK
TKT86843805024,2025-11-06T18:42:07Z,PORTE-A,R56373692,ABONNEMENT,OK
TKT98424747450,2025-11-06T18:42:12Z,PORTE-D,R56610233,ABONNEMENT,OK
TKT31499755633,2025-11-06T18:42:14Z,PORTE-C,R58580415,ABONNEMENT,OK
TKT27781479795,2025-11-06T18:42:28Z,VIP-EST,R53970933,ABONNEMENT,OK
TKT33299611139,2025-11-06T18:42:35Z,PORTE-A,R55182566,ABONNEMENT,OK
TKT42404708732,2025-11-06T18:42:43Z,PORTE-B,R55949084,UNITE,OK
TKT13330269495,2025-11-06T18:42:44Z,VIP-EST,R54440826,ABONNEMENT,OK
TKT82247606522,2025-11-06T18:42:54Z,PORTE-D,R57457265,ABONNEMENT,OK
TKT47952960759,2025-11-06T18:43:02Z,PORTE-D,R53412346,UNITE,OK
TKT64906877105,2025-11-06T18:43:04Z,PORTE-B,R58800003,ABONNEMENT,OK
TKT90846626767,2025-11-06T18:43:09Z,PORTE-B,R59128916,ABONNEMENT,OK
TKT86522290356,2025-11-06T18:43:17Z,PORTE-A,R54979720,ABONNEMENT,OK
TKT62824145470,2025-11-06T18:43:23Z,VIP-EST,R56274932,UNITE,OK
TKT59677235733,2025-11-06T18:43:25Z,PORTE-A,R57596962,UNITE,OK
TKT20940161451,2025-11-06T18:43:27Z,VIP-EST,R53296365,UNITE,OK
TKT67270956705,2025-11-06T18:43:28Z,PORTE-B,,UNITE,OK
TKT30339952776,2025-11-06T18:43:32Z,VIP-EST,,UNITE,OK
TKT59735304215,2025-11-06T18:43:49Z,PORTE-C,R55398878,ABONNEMENT,OK
TKT69880657992,2025-11-06T18:43:49Z,PORTE-D,R53462421,UNITE,OK
TKT84587158881,2025-11-06T18:43:50Z,PORTE-C,R57044103,UNITE,OK
TKT62187307726,2025-11-06T18:43:56Z,PORTE-C,R58411974,UNITE,OK
TKT22262992542,2025-11-06T18:43:57Z,PORTE-A,R56360206,ABONNEMENT,OK
TKT11453378207,2025-11-06T18:44:02Z,PORTE-C,R51612990,ABONNEMENT,OK
TKT77257136808,2025-11-06T18:44:12Z,VIP-EST,R52171165,UNITE,OK
TKT44648973787,2025-11-06T18:44:12Z,VIP-EST,R59875694,VIP,OK
TKT21223504957,2025-11-06T18:44:16Z,PORTE-B,,GROUPE,OK
TKT23178478601,2025-11-06T18:44:17Z,PORTE-B,R59611280,INVITATION,OK
TKT18123096975,2025-11-06T18:44:18Z,PORTE-C,R58872615,UNITE,OK
TKT89298449618,2025-11-06T18:44:21Z,PORTE-C,,UNITE,OK
TKT95504670810,2025-11-06T18:44:34Z,PORTE-D,R59907637,ABONNEMENT,OK
TKT54593865208,2025-11-06T18:44:37Z,PORTE-A,R53663552,UNITE,OK
TKT22718361931,2025-11-06T18:44:46Z,PORTE-C,R54990074,UNITE,OK
TKT98543167327,2025-11-06T18:44:52Z,PORTE-C,R57792509,UNITE,OK
TKT45856347866,2025-11-06T18:44:53Z,PORTE-C,,GROUPE,OK
TKT72622953120,2025-11-06T18:44:56Z,PORTE-A,R51507075,ABONNEMENT,OK
TKT53079672831,2025-11-06T18:45:00Z,PORTE-C,,UNITE,OK
TKT92148113404,2025-11-06T18:45:12Z,PORTE-B,R57910617,ABONNEMENT,OK
TKT78941080820,2025-11-06T18:45:16Z,PORTE-C,R51112035,UNITE,OK
TKT32475451252,2025-11-06T18:45:18Z,PORTE-C,R51916837,UNITE,OK
TKT54310429701,2025-11-06T18:45:20Z,PORTE-A,R52878500,UNITE,OK
TKT35484179172,2025-11-06T18:45:30Z,PORTE-C,R59703987,ABONNEMENT,OK
TKT52154392085,2025-11-06T18:45:37Z,PORTE-D,R57109158,ABONNEMENT,OK
TKT26648328063,2025-11-06T18:45:44Z,PORTE-A,R59426432,ABONNEMENT,OK
TKT60833621987,2025-11-06T18:45:46Z,PORTE-A,R58652826,ABONNEMENT,OK
TKT18936269820,2025-11-06T18:45:57Z,PORTE-C,,GROUPE,OK
TKT77923376452,2025-11-06T18:45:57Z,PORTE-A,R58592608,VIP,OK
TKT85130937816,2025-11-06T18:45:57Z,PORTE-A,,GROUPE,OK
TKT32199090269,2025-11-06T18:46:01Z,PORTE-D,R54403443,UNITE,OK
TKT60308331664,2025-11-06T18:46:02Z,PORTE-C,,UNITE,OK
TKT79065397594,2025-11-06T18:46:07Z,VIP-EST,R56845146,UNITE,OK
TKT14103669972,2025-11-06T18:46:11Z,PORTE-D,R55902295,ABONNEMENT,OK
TKT24863582342,2025-11-06T18:46:17Z,PORTE-B,R52289675,ABONNEMENT,OK
TKT37967856560,2025-11-06T18:46:17Z,PORTE-D,R58352724,UNITE,OK
TKT47378755656,2025-11-06T18:46:22Z,VIP-EST,R59532481,UNITE,OK
TKT72916398826,2025-11-06T18:46:24Z,VIP-EST,R51274279,INVITATION,OK
TKT11553294045,2025-11-06T18:46:26Z,PORTE-A,,VIP,OK
TKT19612793186,2025-11-06T18:46:39Z,VIP-EST,R57680464,UNITE,OK
TKT66828967814,2025-11-06T18:46:41Z,PORTE-C,R56066569,UNITE,OK
TKT34126747546,2025-11-06T18:46:42Z,PORTE-A,R58618019,ABONNEMENT,OK
TKT83826518427,2025-11-06T18:46:42Z,PORTE-B,,GROUPE,OK
TKT46304055109,2025-11-06T18:46:45Z,PORTE-C,R51653659,UNITE,OK
TKT85992117064,2025-11-06T18:46:49Z,PORTE-B,R57013108,INVITATION,OK
TKT80421118093,2025-11-06T18:46:51Z,PORTE-C,R58386717,UNITE,OK
TKT33144898595,2025-11-06T18:46:52Z,PORTE-B,R55869729,ABONNEMENT,OK
TKT10477783469,2025-11-06T18:46:52Z,PORTE-D,R59253623,UNITE,OK
TKT30711865993,2025-11-06T18:46:53Z,PORTE-A,R51169111,UNITE,OK
TKT18477297239,2025-11-06T18:47:04Z,VIP-EST,R56437099,VIP,OK
TKT94215283828,2025-11-06T18:47:05Z,PORTE-A,R59306763,ABONNEMENT,OK
TKT45947861544,2025-11-06T18:47:06Z,PORTE-B,R58608958,UNITE,OK
TKT52208209452,2025-11-06T18:47:08Z,PORTE-C,R51933254,UNITE,OK
TKT77244240003,2025-11-06T18:47:16Z,PORTE-A,,GROUPE,OK
TKT51774321524,2025-11-06T18:47:19Z,PORTE-C,R56614869,UNITE,OK
TKT20849468688,2025-11-06T18:47:20Z,PORTE-B,R56619160,ABONNEMENT,OK
TKT71801547785,2025-11-06T18:47:20Z,PORTE-A,,UNITE,OK
TKT59965442457,2025-11-06T18:47:22Z,PORTE-B,,UNITE,OK
TKT71240540572,2025-11-06T18:47:23Z,PORTE-C,R51915822,UNITE,OK
TKT70190657385,2025-11-06T18:47:28Z,PORTE-C,R59008299,UNITE,OK
TKT63391065676,2025-11-06T18:47:31Z,PORTE-A,R53863792,ABONNEMENT,OK
TKT20270753417,2025-11-06T18:47:40Z,PORTE-C,R52960709,ABONNEMENT,OK
TKT11406310803,2025-11-06T18:47:42Z,VIP-EST,R55798621,UNITE,OK
TKT41145729730,2025-11-06T18:47:50Z,PORTE-A,R55432660,UNITE,OK
TKT20964579502,2025-11-06T18:47:56Z,PORTE-A,R53813181,UNITE,OK
TKT63352299987,2025-11-06T18:47:58Z,PORTE-C,R51675660,UNITE,OK
TKT48936313707,2025-11-06T18:47:59Z,VIP-EST,R59579270,ABONNEMENT,OK
TKT19906695403,2025-11-06T18:48:13Z,PORTE-D,R52840226,ABONNEMENT,OK
TKT96698700035,2025-11-06T18:48:19Z,PORTE-C,R51887279,ABONNEMENT,OK
TKT47194915525,2025-11-06T18:48:20Z,VIP-EST,R54444514,UNITE,OK
TKT52614859722,2025-11-06T18:48:24Z,PORTE-D,,GROUPE,OK
TKT32146983082,2025-11-06T18:48:28Z,PORTE-A,R52453413,ABONNEMENT,OK
TKT54258221959,2025-11-06T18:48:31Z,PORTE-C,R53157894,UNITE,OK
TKT60075025521,2025-11-06T18:48:34Z,PORTE-C,R59794500,ABONNEMENT,OK
TKT41987990316,2025-11-06T18:48:34Z,VIP-EST,,UNITE,OK
TKT35332537140,2025-11-06T18:48:44Z,PORTE-D,R51634790,UNITE,OK
TKT17751371292,2025-11-06T18:48:45Z,PORTE-A,,GROUPE,OK
TKT13836811325,2025-11-06T18:48:50Z,VIP-EST,R54831250,ABONNEMENT,OK
TKT38473633927,2025-11-06T18:48:50Z,PORTE-B,R51642002,ABONNEMENT,OK
TKT51886482375,2025-11-06T18:48:53Z,PORTE-B,R52820265,ABONNEMENT,OK
TKT93254152277,2025-11-06T18:48:54Z,PORTE-C,R56710775,UNITE,OK
TKT56655680756,2025-11-06T18:49:00Z,PORTE-D,R59117882,ABONNEMENT,OK
TKT60340926168,2025-11-06T18:49:01Z,VIP-EST,,UNITE,OK
TKT22602663837,2025-11-06T18:49:03Z,VIP-EST,R59267588,UNITE,OK
TKT48501509452,2025-11-06T18:49:03Z,PORTE-C,R57459794,UNITE,OK
TKT78080800831,2025-11-06T18:49:09Z,PORTE-D,R58821880,UNITE,OK
TKT48436918584,2025-11-06T18:49:10Z,PORTE-A,R51603795,UNITE,OK
TKT37048824787,2025-11-06T18:49:12Z,PORTE-A,R54858356,UNITE,OK
TKT37967856560,2025-11-06T18:49:17Z,PORTE-D,R58352724,UNITE,REFUSE_DEJA_SCANNE
TKT23899947236,2025-11-06T18:49:27Z,PORTE-D,R57436835,UNITE,OK
TKT77413634184,2025-11-06T18:49:30Z,PORTE-C,R57624202,UNITE,OK
TKT79330236823,2025-11-06T18:49:31Z,PORTE-C,R59897082,ABONNEMENT,OK
TKT97098015112,2025-11-06T18:49:35Z,PORTE-B,R51884961,ABONNEMENT,OK
TKT99929924380,2025-11-06T18:49:35Z,PORTE-C,R56130944,UNITE,OK
TKT46949718830,2025-11-06T18:49:38Z,PORTE-C,,INVITATION,REFUSE_INVALIDE
TKT69384029357,2025-11-06T18:49:39Z,PORTE-C,R57439632,UNITE,OK
TKT21507927373,2025-11-06T18:49:40Z,PORTE-B,,UNITE,OK
TKT88880904539,2025-11-06T18:49:45Z,PORTE-C,R57558621,UNITE,OK
TKT65067315475,2025-11-06T18:49:47Z,PORTE-C,R52640455,UNITE,OK
TKT69718124122,2025-11-06T18:49:49Z,VIP-EST,R54679226,ABONNEMENT,OK
TKT46037943180,2025-11-06T18:49:57Z,PORTE-C,R58703082,INVITATION,OK
TKT71570987213,2025-11-06T18:49:57Z,PORTE-A,,UNITE,OK
TKT50430693690,2025-11-06T18:49:58Z,VIP-EST,R51527649,ABONNEMENT,OK
TKT37788874122,2025-11-06T18:49:59Z,PORTE-B,R51153920,ABONNEMENT,OK
TKT41199599138,2025-11-06T18:50:02Z,PORTE-D,R58358586,ABONNEMENT,OK
TKT72983660931,2025-11-06T18:50:03Z,PORTE-B,R56428785,ABONNEMENT,OK
TKT82981047746,2025-11-06T18:50:09Z,PORTE-D,R52447216,UNITE,OK
TKT88290040498,2025-11-06T18:50:11Z,PORTE-C,R53768844,ABONNEMENT,OK
TKT48813432569,2025-11-06T18:50:12Z,PORTE-C,R55716489,ABONNEMENT,OK
TKT14084296354,2025-11-06T18:50:15Z,PORTE-D,R59891766,UNITE,OK
TKT39364165276,2025-11-06T18:50:16Z,PORTE-C,R56002693,ABONNEMENT,OK
TKT74851309145,2025-11-06T18:50:18Z,PORTE-C,R55224240,ABONNEMENT,OK
TKT41214018518,2025-11-06T18:50:20Z,PORTE-A,R56341873,UNITE,OK
TKT27019273858,2025-11-06T18:50:20Z,PORTE-D,R59371329,UNITE,OK
TKT26488230522,2025-11-06T18:50:23Z,PORTE-A,R54446353,UNITE,OK
TKT53563015268,2025-11-06T18:50:25Z,PORTE-A,R54157151,UNITE,OK
TKT45526655995,2025-11-06T18:50:25Z,PORTE-C,R57606981,UNITE,OK
TKT59678206986,2025-11-06T18:50:33Z,PORTE-A,R53203323,UNITE,OK
TKT41179892028,2025-11-06T18:50:34Z,PORTE-C,R54127583,ABONNEMENT,OK
TKT68362600717,2025-11-06T18:50:36Z,PORTE-C,R52528132,ABONNEMENT,OK
TKT80132412015,2025-11-06T18:50:36Z,PORTE-D,R53201474,UNITE,OK
TKT10922513330,2025-11-06T18:50:37Z,PORTE-C,R59804921,ABONNEMENT,OK
TKT72399300971,2025-11-06T18:50:38Z,PORTE-A,R52145764,ABONNEMENT,OK
TKT43503498454,2025-11-06T18:50:39Z,VIP-EST,R59002370,UNITE,OK
TKT15032364986,2025-11-06T18:50:45Z,PORTE-A,R54198011,ABONNEMENT,OK
TKT14657063819,2025-11-06T18:50:45Z,PORTE-A,,UNITE,OK
TKT52585422471,2025-11-06T18:50:48Z,PORTE-A,R54610014,UNITE,OK
TKT42693024127,2025-11-06T18:50:52Z,PORTE-D,R55805910,ABONNEMENT,OK
TKT11341449352,2025-11-06T18:50:54Z,PORTE-A,R57038787,UNITE,OK
TKT15059596177,2025-11-06T18:50:55Z,PORTE-C,R52267262,ABONNEMENT,OK
TKT65777012675,2025-11-06T18:50:56Z,PORTE-C,R59351167,UNITE,OK
TKT31192922415,2025-11-06T18:50:58Z,PORTE-C,R54797257,ABONNEMENT,OK
TKT29839332285,2025-11-06T18:51:02Z,PORTE-A,R58574563,ABONNEMENT,OK
TKT97636307068,2025-11-06T18:51:02Z,PORTE-A,R53894509,ABONNEMENT,OK
TKT81443847803,2025-11-06T18:51:04Z,VIP-EST,R58843258,UNITE,OK
TKT53321090708,2025-11-06T18:51:04Z,PORTE-A,R53409904,UNITE,OK
TKT85967187025,2025-11-06T18:51:07Z,PORTE-C,R57204230,ABONNEMENT,OK
TKT75811021048,2025-11-06T18:51:07Z,PORTE-A,R51972553,UNITE,OK
TKT43704459458,2025-11-06T18:51:17Z,PORTE-C,R54393079,UNITE,OK
TKT32810897751,2025-11-06T18:51:17Z,PORTE-C,,UNITE,OK
TKT88407784608,2025-11-06T18:51:20Z,PORTE-D,R53196570,UNITE,OK
TKT56202259102,2025-11-06T18:51:22Z,PORTE-B,R55682630,ABONNEMENT,OK
TKT91403435116,2025-11-06T18:51:22Z,PORTE-A,R54971282,UNITE,OK
TKT14821247652,2025-11-06T18:51:26Z,PORTE-C,R56502345,ABONNEMENT,OK
TKT40338208200,2025-11-06T18:51:31Z,PORTE-A,R59143149,ABONNEMENT,OK
TKT37891877923,2025-11-06T18:51:35Z,PORTE-C,R58257843,UNITE,OK
TKT45638989257,2025-11-06T18:51:42Z,PORTE-C,,UNITE,OK
TKT22527518633,2025-11-06T18:51:44Z,PORTE-C,R59613387,ABONNEMENT,OK
TKT15810641691,2025-11-06T18:51:47Z,PORTE-C,R53004500,ABONNEMENT,OK
TKT35977625958,2025-11-06T18:51:50Z,VIP-EST,R56680661,ABONNEMENT,OK
TKT26485263478,2025-11-06T18:51:51Z,PORTE-D,R53948530,UNITE,OK
TKT97836391722,2025-11-06T18:51:53Z,PORTE-C,R57375468,ABONNEMENT,OK
TKT13194311579,2025-11-06T18:51:53Z,PORTE-D,R52580438,ABONNEMENT,OK
TKT72943989194,2025-11-06T18:51:54Z,PORTE-C,,GROUPE,OK
TKT29172609308,2025-11-06T18:51:57Z,PORTE-C,R52039571,ABONNEMENT,OK
TKT43043914641,2025-11-06T18:52:00Z,PORTE-C,R54404793,UNITE,OK
TKT53483026658,2025-11-06T18:52:02Z,PORTE-D,R56962038,ABONNEMENT,OK
TKT48210231494,2025-11-06T18:52:06Z,PORTE-C,R54428365,UNITE,OK
TKT26883580237,2025-11-06T18:52:06Z,PORTE-B,,UNITE,OK
TKT67482706512,2025-11-06T18:52:08Z,VIP-EST,R58702958,UNITE,OK
TKT95903579542,2025-11-06T18:52:09Z,PORTE-B,,UNITE,OK
TKT35179204264,2025-11-06T18:52:11Z,PORTE-C,R56273495,ABONNEMENT,OK
TKT98654782904,2025-11-06T18:52:13Z,PORTE-C,,UNITE,OK
TKT39268036681,2025-11-06T18:52:15Z,PORTE-C,,UNITE,OK
TKT34919902076,2025-11-06T18:52:15Z,PORTE-A,,UNITE,OK
TKT14054084216,2025-11-06T18:52:18Z,PORTE-D,R56950994,ABONNEMENT,OK
TKT17449370171,2025-11-06T18:52:18Z,VIP-EST,R51968741,UNITE,OK
TKT57074480091,2025-11-06T18:52:23Z,PORTE-C,R54704359,ABONNEMENT,OK
TKT81426420419,2025-11-06T18:52:24Z,PORTE-C,R55722140,ABONNEMENT,OK
TKT87058216722,2025-11-06T18:52:25Z,PORTE-C,,UNITE,OK
TKT37988865569,2025-11-06T18:52:27Z,PORTE-D,R51420240,ABONNEMENT,OK
TKT10443920853,2025-11-06T18:52:27Z,PORTE-C,,GROUPE,OK
TKT85493274246,2025-11-06T18:52:32Z,PORTE-B,R51385155,ABONNEMENT,OK
TKT20658120162,2025-11-06T18:52:35Z,PORTE-D,R55264641,ABONNEMENT,OK
TKT46515820478,2025-11-06T18:52:35Z,PORTE-B,R55945607,ABONNEMENT,OK
TKT15132104573,2025-11-06T18:52:46Z,PORTE-D,R59464974,ABONNEMENT,OK
TKT42151691738,2025-11-06T18:52:47Z,VIP-EST,,GROUPE,OK
TKT19762187317,2025-11-06T18:52:47Z,VIP-EST,R52448308,UNITE,OK
TKT80360314097,2025-11-06T18:52:49Z,PORTE-B,R53321565,ABONNEMENT,OK
TKT12792795691,2025-11-06T18:52:51Z,PORTE-C,,GROUPE,OK
TKT67796933116,2025-11-06T18:52:58Z,PORTE-A,R54894590,INVITATION,OK
TKT27861826799,2025-11-06T18:53:00Z,PORTE-D,R52237024,UNITE,OK
TKT27245290543,2025-11-06T18:53:02Z,PORTE-A,R51636629,ABONNEMENT,OK
TKT76093610053,2025-11-06T18:53:02Z,PORTE-D,R51028667,UNITE,OK
TKT75894272722,2025-11-06T18:53:04Z,PORTE-C,,UNITE,OK
TKT11506952799,2025-11-06T18:53:05Z,PORTE-D,R52861135,UNITE,OK
TKT51176508074,2025-11-06T18:53:08Z,PORTE-D,R51328022,INVITATION,OK
TKT37567968266,2025-11-06T18:53:10Z,PORTE-D,R56268256,UNITE,OK
TKT20144277241,2025-11-06T18:53:16Z,PORTE-A,R55045378,ABONNEMENT,OK
TKT82060989605,2025-11-06T18:53:18Z,VIP-EST,R53858409,UNITE,OK
TKT63349294421,2025-11-06T18:53:19Z,PORTE-C,R58775962,ABONNEMENT,OK
TKT18625331882,2025-11-06T18:53:19Z,PORTE-C,,GROUPE,OK
TKT61175625627,2025-11-06T18:53:19Z,VIP-EST,R59747577,UNITE,OK
TKT73488408097,2025-11-06T18:53:21Z,PORTE-D,R54787516,UNITE,OK
TKT63916891378,2025-11-06T18:53:22Z,PORTE-A,R55413657,ABONNEMENT,OK
TKT12902261783,2025-11-06T18:53:24Z,PORTE-C,R59412802,ABONNEMENT,OK
TKT38334842223,2025-11-06T18:53:24Z,VIP-EST,R57508278,UNITE,OK
TKT67518830383,2025-11-06T18:53:24Z,PORTE-A,,UNITE,OK
TKT94235053259,2025-11-06T18:53:25Z,PORTE-D,R56850050,ABONNEMENT,OK
TKT41102314661,2025-11-06T18:53:25Z,PORTE-B,,UNITE,OK
TKT15638653648,2025-11-06T18:53:25Z,PORTE-A,R54847992,INVITATION,OK
TKT96112957023,2025-11-06T18:53:26Z,PORTE-A,R51769851,UNITE,OK
TKT35367651608,2025-11-06T18:53:27Z,PORTE-C,,UNITE,OK
TKT90033941701,2025-11-06T18:53:28Z,VIP-EST,R56354545,ABONNEMENT,OK
TKT78624525343,2025-11-06T18:53:31Z,PORTE-C,R57757712,ABONNEMENT,OK
TKT99281985702,2025-11-06T18:53:32Z,PORTE-C,R52559596,ABONNEMENT,OK
TKT46769758301,2025-11-06T18:53:36Z,PORTE-C,R52576425,ABONNEMENT,OK
TKT68864031294,2025-11-06T18:53:37Z,PORTE-B,R56207559,UNITE,OK
TKT14167291511,2025-11-06T18:53:40Z,PORTE-C,R59129874,UNITE,OK
TKT48721367461,2025-11-06T18:53:41Z,PORTE-D,R58529057,ABONNEMENT,OK
TKT34330740117,2025-11-06T18:53:42Z,PORTE-D,R58955849,UNITE,OK
TKT91115594234,2025-11-06T18:53:45Z,PORTE-D,R55728136,ABONNEMENT,OK
TKT66047338707,2025-11-06T18:53:45Z,PORTE-D,R59378752,ABONNEMENT,OK
TKT28030665088,2025-11-06T18:53:45Z,VIP-EST,R51603862,UNITE,OK
TKT47843338310,2025-11-06T18:53:45Z,PORTE-A,,INVITATION,OK
TKT53256313374,2025-11-06T18:53:48Z,PORTE-C,R53116756,ABONNEMENT,OK
TKT24060091652,2025-11-06T18:53:48Z,PORTE-D,R54884705,UNITE,OK
TKT50636201939,2025-11-06T18:53:48Z,PORTE-C,,UNITE,OK
TKT94487185878,2025-11-06T18:53:49Z,VIP-EST,R56755993,ABONNEMENT,OK
TKT87266551805,2025-11-06T18:53:57Z,PORTE-C,R56370483,ABONNEMENT,OK
TKT19652849163,2025-11-06T18:54:01Z,PORTE-C,R59215828,UNITE,OK
TKT20825321357,2025-11-06T18:54:01Z,VIP-EST,R57081084,INVITATION,OK
TKT95354875124,2025-11-06T18:54:05Z,PORTE-D,R53596323,ABONNEMENT,OK
TKT57587779216,2025-11-06T18:54:09Z,PORTE-D,R57546495,ABONNEMENT,OK
TKT23104715338,2025-11-06T18:54:10Z,PORTE-D,R51856361,ABONNEMENT,OK
TKT31011770698,2025-11-06T18:54:12Z,PORTE-A,,GROUPE,OK
TKT31887263463,2025-11-06T18:54:15Z,PORTE-C,R57484649,UNITE,OK
TKT43536928638,2025-11-06T18:54:16Z,PORTE-A,R56341883,VIP,OK
TKT45510121128,2025-11-06T18:54:20Z,VIP-EST,R53373737,UNITE,OK
TKT38254657362,2025-11-06T18:54:22Z,PORTE-A,,UNITE,OK
TKT19255723733,2025-11-06T18:54:22Z,PORTE-C,,GROUPE,OK
TKT45971059738,2025-11-06T18:54:22Z,PORTE-B,R54520727,UNITE,OK
TKT58072601297,2025-11-06T18:54:24Z,PORTE-C,R54153473,ABONNEMENT,OK
TKT51115977438,2025-11-06T18:54:24Z,VIP-EST,R58165347,UNITE,OK
TKT93149304024,2025-11-06T18:54:25Z,PORTE-C,R56650356,UNITE,OK
TKT41396442772,2025-11-06T18:54:26Z,PORTE-A,R59176050,ABONNEMENT,OK
TKT14725729223,2025-11-06T18:54:26Z,PORTE-B,R56317286,ABONNEMENT,OK
TKT11779509495,2025-11-06T18:54:31Z,PORTE-D,R57547309,UNITE,OK
TKT34573155461,2025-11-06T18:54:31Z,PORTE-B,R53714431,UNITE,OK
TKT17357930636,2025-11-06T18:54:32Z,PORTE-D,R52745891,ABONNEMENT,OK
TKT79347166974,2025-11-06T18:54:34Z,PORTE-C,R55233579,ABONNEMENT,OK
TKT28879159871,2025-11-06T18:54:36Z,PORTE-C,R58657452,UNITE,OK
TKT86991630695,2025-11-06T18:54:36Z,PORTE-C,,UNITE,OK
TKT13732873070,2025-11-06T18:54:37Z,PORTE-C,,UNITE,OK
TKT49924678545,2025-11-06T18:54:40Z,PORTE-D,R51976164,ABONNEMENT,OK
TKT98756161189,2025-11-06T18:54:40Z,PORTE-B,R51612444,ABONNEMENT,OK
TKT73654888000,2025-11-06T18:54:41Z,PORTE-D,R56578635,ABONNEMENT,OK
TKT92781576790,2025-11-06T18:54:42Z,PORTE-C,R56901964,UNITE,OK
TKT51585392572,2025-11-06T18:54:45Z,VIP-EST,R53920332,ABONNEMENT,OK
TKT37889253474,2025-11-06T18:54:47Z,PORTE-A,R59365678,ABONNEMENT,OK
TKT28485747829,2025-11-06T18:54:47Z,PORTE-A,R58014348,UNITE,OK
TKT22946021359,2025-11-06T18:54:48Z,PORTE-C,R53927477,UNITE,OK
TKT70972133835,2025-11-06T18:54:49Z,PORTE-B,R57754369,ABONNEMENT,OK
TKT10271635770,2025-11-06T18:54:49Z,PORTE-C,R57057656,UNITE,OK
TKT73379909591,2025-11-06T18:54:49Z,PORTE-C,R59042684,UNITE,OK
TKT18574250384,2025-11-06T18:54:49Z,PORTE-C,R55352434,GROUPE,OK
TKT55754880836,2025-11-06T18:54:52Z,PORTE-C,R59890473,UNITE,OK
TKT20515968674,2025-11-06T18:54:53Z,PORTE-B,,GROUPE,OK
TKT15053236038,2025-11-06T18:54:54Z,PORTE-D,R54165043,ABONNEMENT,OK
TKT91867320039,2025-11-06T18:54:55Z,PORTE-C,R54664715,ABONNEMENT,OK
TKT24647953027,2025-11-06T18:54:57Z,PORTE-A,R53692966,ABONNEMENT,OK
TKT50876561263,2025-11-06T18:54:57Z,PORTE-D,,GROUPE,OK
TKT76142612147,2025-11-06T18:54:58Z,PORTE-C,R53410517,UNITE,OK
TKT51990376873,2025-11-06T18:54:59Z,PORTE-B,R57339636,ABONNEMENT,OK
TKT29720035787,2025-11-06T18:54:59Z,PORTE-D,R58779372,UNITE,OK
TKT91317460956,2025-11-06T18:55:04Z,PORTE-C,R51147867,ABONNEMENT,OK
TKT73795645149,2025-11-06T18:55:04Z,PORTE-D,R54213001,ABONNEMENT,OK
TKT46449416936,2025-11-06T18:55:06Z,PORTE-C,R59858453,UNITE,OK
TKT49117918842,2025-11-06T18:55:08Z,PORTE-D,R58530896,ABONNEMENT,OK
TKT88295307979,2025-11-06T18:55:08Z,PORTE-C,,GROUPE,OK
TKT29026567182,2025-11-06T18:55:12Z,PORTE-C,R54425501,UNITE,OK
TKT62754566577,2025-11-06T18:55:15Z,PORTE-C,,UNITE,OK
TKT41816664625,2025-11-06T18:55:16Z,PORTE-A,R51840624,UNITE,OK
TKT84367401618,2025-11-06T18:55:26Z,PORTE-A,R52338102,ABONNEMENT,OK
TKT93764907047,2025-11-06T18:55:27Z,PORTE-B,R54843634,UNITE,OK
TKT63766431313,2025-11-06T18:55:27Z,VIP-EST,R54377687,UNITE,OK
TKT57716937288,2025-11-06T18:55:27Z,VIP-EST,R52577718,VIP,OK
TKT24546308715,2025-11-06T18:55:29Z,VIP-EST,R54445529,ABONNEMENT,OK
TKT39460402012,2025-11-06T18:55:31Z,PORTE-A,R57401214,ABONNEMENT,OK
TKT57626928954,2025-11-06T18:55:33Z,PORTE-D,R55440160,INVITATION,OK
TKT41872085297,2025-11-06T18:55:34Z,PORTE-C,R52975766,ABONNEMENT,OK
TKT63019922704,2025-11-06T18:55:34Z,PORTE-A,R55645448,ABONNEMENT,OK
TKT38238862262,2025-11-06T18:55:34Z,PORTE-A,R57852238,ABONNEMENT,OK
TKT70845503006,2025-11-06T18:55:34Z,VIP-EST,,UNITE,OK
TKT68534208266,2025-11-06T18:55:34Z,PORTE-A,R59043843,UNITE,OK
TKT32869264093,2025-11-06T18:55:35Z,PORTE-B,,UNITE,OK
TKT61698917429,2025-11-06T18:55:36Z,PORTE-C,R59632735,UNITE,OK
TKT53618002670,2025-11-06T18:55:36Z,PORTE-C,R55332808,UNITE,OK
TKT50822858218,2025-11-06T18:55:37Z,PORTE-C,,UNITE,OK
TKT98052770357,2025-11-06T18:55:37Z,PORTE-D,R58107457,UNITE,OK
TKT35476495368,2025-11-06T18:55:41Z,PORTE-B,,UNITE,OK
TKT88157795560,2025-11-06T18:55:45Z,PORTE-C,R55013914,UNITE,OK
TKT50367479728,2025-11-06T18:55:48Z,PORTE-C,R57221471,ABONNEMENT,OK
TKT45613725298,2025-11-06T18:55:49Z,VIP-EST,R58772351,ABONNEMENT,OK
TKT98663044758,2025-11-06T18:55:51Z,PORTE-B,R56139382,UNITE,OK
TKT54285512702,2025-11-06T18:55:55Z,VIP-EST,R57122155,ABONNEMENT,OK
TKT55923359840,2025-11-06T18:55:56Z,PORTE-C,R56937719,ABONNEMENT,OK
TKT65488979373,2025-11-06T18:55:56Z,VIP-EST,R51017777,UNITE,OK
TKT30529065129,2025-11-06T18:55:58Z,PORTE-D,R52097059,ABONNEMENT,OK
TKT61572614708,2025-11-06T18:55:59Z,PORTE-B,R58683955,ABONNEMENT,OK
TKT74969438746,2025-11-06T18:55:59Z,PORTE-C,R57696268,UNITE,OK
TKT32933205401,2025-11-06T18:56:00Z,PORTE-A,R54519156,UNITE,OK
TKT49056285327,2025-11-06T18:56:02Z,PORTE-D,R58373355,ABONNEMENT,OK
TKT31847163793,2025-11-06T18:56:03Z,VIP-EST,R52592152,ABONNEMENT,OK
TKT97970888939,2025-11-06T18:56:03Z,PORTE-C,,UNITE,OK
TKT26018039335,2025-11-06T18:56:05Z,PORTE-C,R57836779,ABONNEMENT,OK
TKT13242323363,2025-11-06T18:56:05Z,PORTE-D,R53857662,UNITE,OK
TKT23298964855,2025-11-06T18:56:08Z,PORTE-C,R58741155,UNITE,OK
TKT29631710079,2025-11-06T18:56:08Z,PORTE-C,R56142581,UNITE,OK
TKT21382450074,2025-11-06T18:56:11Z,PORTE-A,R54537345,UNITE,OK
TKT47823674428,2025-11-06T18:56:12Z,PORTE-B,R56237194,UNITE,OK
TKT60058058358,2025-11-06T18:56:14Z,PORTE-D,R55468904,UNITE,OK
TKT99864636760,2025-11-06T18:56:18Z,PORTE-D,R57256881,ABONNEMENT,OK
TKT50798893153,2025-11-06T18:56:19Z,VIP-EST,R52992786,ABONNEMENT,OK
TKT67702894886,2025-11-06T18:56:20Z,PORTE-C,R58202127,UNITE,OK
TKT39703574742,2025-11-06T18:56:24Z,PORTE-D,,UNITE,OK
TKT22543403698,2025-11-06T18:56:27Z,PORTE-D,R54557708,UNITE,OK
TKT55638501571,2025-11-06T18:56:36Z,PORTE-D,R58444473,UNITE,OK
TKT80132412015,2025-11-06T18:56:36Z,PORTE-D,R53201474,UNITE,REFUSE_DEJA_SCANNE
TKT80880445370,2025-11-06T18:56:40Z,PORTE-B,,GROUPE,OK
TKT45638989257,2025-11-06T18:56:42Z,PORTE-C,,UNITE,REFUSE_DEJA_SCANNE
TKT25858121409,2025-11-06T18:56:44Z,PORTE-C,R55992406,UNITE,OK
TKT83559427434,2025-11-06T18:56:45Z,PORTE-B,R54773015,UNITE,OK
TKT17986714974,2025-11-06T18:56:49Z,PORTE-A,R51481339,ABONNEMENT,OK
TKT33258386857,2025-11-06T18:56:49Z,PORTE-B,R58871935,ABONNEMENT,OK
TKT74336901421,2025-11-06T18:56:54Z,PORTE-A,R58782638,INVITATION,OK
TKT14824173950,2025-11-06T18:56:55Z,PORTE-B,R54323686,UNITE,OK
TKT93113007273,2025-11-06T18:56:55Z,PORTE-D,R55175267,UNITE,OK
TKT26951741393,2025-11-06T18:56:56Z,PORTE-C,R51011024,ABONNEMENT,OK
TKT75184673099,2025-11-06T18:56:58Z,VIP-EST,R56212396,ABONNEMENT,OK
TKT35851104744,2025-11-06T18:56:59Z,PORTE-C,R57402919,UNITE,OK
TKT19510135198,2025-11-06T18:56:59Z,PORTE-C,R55369598,GROUPE,OK
TKT85440614181,2025-11-06T18:57:02Z,PORTE-A,R56863948,ABONNEMENT,OK
TKT67746344945,2025-11-06T18:57:02Z,VIP-EST,R55298758,UNITE,OK
TKT17418230154,2025-11-06T18:57:04Z,PORTE-C,R52456823,INVITATION,OK
TKT71201350566,2025-11-06T18:57:04Z,PORTE-C,R51305264,UNITE,OK
TKT82028257138,2025-11-06T18:57:05Z,PORTE-C,,UNITE,OK
TKT13056094037,2025-11-06T18:57:05Z,PORTE-A,R59390255,UNITE,OK
TKT27480423173,2025-11-06T18:57:07Z,PORTE-A,R59964713,ABONNEMENT,OK
TKT82552663880,2025-11-06T18:57:07Z,PORTE-D,R58376152,ABONNEMENT,OK
TKT55783457877,2025-11-06T18:57:08Z,PORTE-A,R54618941,UNITE,OK
TKT43861583839,2025-11-06T18:57:10Z,VIP-EST,R58689807,ABONNEMENT,OK
TKT74837150716,2025-11-06T18:57:10Z,PORTE-A,R54220079,ABONNEMENT,OK
TKT94780122244,2025-11-06T18:57:13Z,PORTE-D,R57079523,UNITE,OK
TKT52137643685,2025-11-06T18:57:18Z,PORTE-C,R59168292,ABONNEMENT,OK
TKT88480441120,2025-11-06T18:57:23Z,PORTE-C,R56682577,UNITE,OK
TKT93490312903,2025-11-06T18:57:24Z,PORTE-B,,UNITE,OK
TKT65190387497,2025-11-06T18:57:24Z,PORTE-D,R51420240,UNITE,OK
TKT31413161843,2025-11-06T18:57:27Z,PORTE-D,,INVITATION,OK
TKT30248995722,2025-11-06T18:57:31Z,PORTE-B,R59763036,ABONNEMENT,OK
TKT42378853268,2025-11-06T18:57:32Z,VIP-EST,R57594922,ABONNEMENT,OK
TKT67487020009,2025-11-06T18:57:32Z,VIP-EST,R53772321,VIP,OK
TKT32471022208,2025-11-06T18:57:35Z,PORTE-A,R51232049,ABONNEMENT,OK
TKT37828671000,2025-11-06T18:57:35Z,PORTE-C,R59222638,ABONNEMENT,OK
TKT13861269962,2025-11-06T18:57:35Z,PORTE-C,R56448478,UNITE,OK
TKT56910878401,2025-11-06T18:57:35Z,PORTE-D,,UNITE,OK
TKT47180596033,2025-11-06T18:57:35Z,PORTE-C,R58872883,UNITE,OK
TKT86971656128,2025-11-06T18:57:35Z,PORTE-A,R57145392,UNITE,OK
TKT42431581117,2025-11-06T18:57:40Z,VIP-EST,R52085623,ABONNEMENT,OK
TKT97243464416,2025-11-06T18:57:41Z,PORTE-C,R51413286,UNITE,OK
TKT91678577611,2025-11-06T18:57:41Z,PORTE-C,,UNITE,OK
TKT65295984747,2025-11-06T18:57:42Z,PMR-NORD,R59741380,ABONNEMENT,OK
TKT63934054453,2025-11-06T18:57:42Z,PORTE-C,R52392257,ABONNEMENT,OK
TKT24653511883,2025-11-06T18:57:43Z,PORTE-B,R55234604,UNITE,OK
TKT19187324768,2025-11-06T18:57:44Z,VIP-EST,R51301251,ABONNEMENT,OK
TKT30951374645,2025-11-06T18:57:47Z,PORTE-D,R53778384,UNITE,OK
TKT29375212485,2025-11-06T18:57:47Z,PORTE-C,R53574456,INVITATION,OK
TKT10341787229,2025-11-06T18:57:50Z,PORTE-A,R53722668,INVITATION,OK
TKT50197187414,2025-11-06T18:57:53Z,PORTE-C,R53267142,UNITE,OK
TKT45623227789,2025-11-06T18:57:53Z,PORTE-C,,UNITE,OK
TKT18474526156,2025-11-06T18:57:55Z,PORTE-A,R58707651,ABONNEMENT,OK
TKT55155739312,2025-11-06T18:57:55Z,PORTE-D,R53757130,ABONNEMENT,OK
TKT94739040944,2025-11-06T18:57:58Z,PORTE-C,,GROUPE,OK
TKT76048647035,2025-11-06T18:58:00Z,PORTE-A,R57496095,UNITE,OK
TKT21016463235,2025-11-06T18:58:00Z,VIP-EST,R53257066,UNITE,OK
TKT41192539160,2025-11-06T18:58:03Z,VIP-EST,,UNITE,OK
TKT22824106866,2025-11-06T18:58:03Z,PORTE-C,R51052708,UNITE,OK
TKT63247359280,2025-11-06T18:58:04Z,VIP-EST,,VIP,OK
TKT47803978349,2025-11-06T18:58:09Z,PORTE-C,,GROUPE,OK
TKT14259234395,2025-11-06T18:58:11Z,PORTE-C,R57328803,ABONNEMENT,OK
TKT58578729961,2025-11-06T18:58:14Z,PORTE-A,R58139333,UNITE,OK
TKT66876687039,2025-11-06T18:58:16Z,PORTE-A,R59894151,ABONNEMENT,OK
TKT31790480455,2025-11-06T18:58:17Z,PORTE-C,R57959111,UNITE,OK
TKT88338519026,2025-11-06T18:58:18Z,PORTE-C,R58857290,UNITE,OK
TKT91025939817,2025-11-06T18:58:20Z,PORTE-C,,INVITATION,OK
TKT69963287100,2025-11-06T18:58:21Z,PORTE-C,R54801069,ABONNEMENT,OK
TKT66634600698,2025-11-06T18:58:23Z,PORTE-B,R59572728,ABONNEMENT,OK
TKT19026128432,2025-11-06T18:58:23Z,PORTE-C,R54467252,UNITE,OK
TKT80545517799,2025-11-06T18:58:25Z,PORTE-C,R58921521,UNITE,OK
TKT73810716928,2025-11-06T18:58:25Z,VIP-EST,,UNITE,OK
TKT94906171734,2025-11-06T18:58:25Z,PORTE-C,,UNITE,OK
TKT39875201072,2025-11-06T18:58:26Z,VIP-EST,R56579861,ABONNEMENT,OK
TKT11460947159,2025-11-06T18:58:27Z,PORTE-A,R54628538,ABONNEMENT,OK
TKT97662492456,2025-11-06T18:58:28Z,PORTE-A,R58137159,ABONNEMENT,OK
TKT56684323040,2025-11-06T18:58:28Z,PORTE-C,,UNITE,OK
TKT91025064691,2025-11-06T18:58:29Z,PORTE-A,R57208454,ABONNEMENT,OK
TKT11618287027,2025-11-06T18:58:32Z,VIP-EST,R54252367,ABONNEMENT,OK
TKT78252894445,2025-11-06T18:58:34Z,PORTE-C,R57144089,UNITE,OK
TKT16812102075,2025-11-06T18:58:35Z,VIP-EST,,UNITE,OK
TKT93130739780,2025-11-06T18:58:36Z,PMR-NORD,R58705477,UNITE,OK
TKT75284548340,2025-11-06T18:58:43Z,PORTE-C,R56556289,ABONNEMENT,OK
TKT73020585740,2025-11-06T18:58:49Z,PORTE-B,R59833387,ABONNEMENT,OK
TKT67988859652,2025-11-06T18:58:54Z,PORTE-D,R54073103,ABONNEMENT,OK
TKT57819299095,2025-11-06T18:58:59Z,PORTE-A,R53869453,UNITE,OK
TKT10888991995,2025-11-06T18:59:01Z,PORTE-C,R59619594,ABONNEMENT,OK
TKT48446858304,2025-11-06T18:59:02Z,PORTE-C,R59757442,UNITE,OK
TKT97716879783,2025-11-06T18:59:03Z,PORTE-C,R53519698,ABONNEMENT,OK
TKT65777457474,2025-11-06T18:59:04Z,PORTE-C,R54591088,UNITE,OK
TKT48468227709,2025-11-06T18:59:06Z,PORTE-B,R52706783,ABONNEMENT,OK
TKT72324429565,2025-11-06T18:59:06Z,PORTE-D,R51736136,UNITE,OK
TKT75007850189,2025-11-06T18:59:06Z,PORTE-C,R58048408,UNITE,OK
TKT45132237479,2025-11-06T18:59:08Z,PORTE-A,R56373893,UNITE,OK
TKT18192142327,2025-11-06T18:59:10Z,VIP-EST,,UNITE,OK
TKT71174295473,2025-11-06T18:59:11Z,PORTE-C,R53668523,ABONNEMENT,OK
TKT37405487793,2025-11-06T18:59:11Z,PORTE-C,R57391875,UNITE,OK
TKT32690830401,2025-11-06T18:59:13Z,PORTE-C,R53977197,UNITE,OK
TKT11297899161,2025-11-06T18:59:15Z,VIP-EST,R57312185,ABONNEMENT,OK
TKT50872275988,2025-11-06T18:59:15Z,PORTE-C,R55288682,UNITE,OK
TKT81252768436,2025-11-06T18:59:16Z,PORTE-B,R51337006,ABONNEMENT,OK
TKT96155547576,2025-11-06T18:59:18Z,PORTE-A,R59621289,ABONNEMENT,OK
TKT64693383275,2025-11-06T18:59:19Z,PORTE-A,R56256053,ABONNEMENT,OK
TKT77515068092,2025-11-06T18:59:19Z,VIP-EST,,VIP,OK
TKT84311430865,2025-11-06T18:59:20Z,PORTE-A,R52788858,VIP,OK
TKT18367753257,2025-11-06T18:59:20Z,PORTE-A,R58935141,UNITE,OK
TKT28992942104,2025-11-06T18:59:21Z,VIP-EST,R59092826,UNITE,OK
TKT58868785377,2025-11-06T18:59:21Z,PORTE-C,R59731572,UNITE,OK
TKT92725646586,2025-11-06T18:59:22Z,PORTE-C,R55880284,UNITE,OK
TKT37755453249,2025-11-06T18:59:25Z,PORTE-A,R56518839,UNITE,OK
TKT37035654360,2025-11-06T18:59:28Z,PORTE-D,R59230339,ABONNEMENT,OK
TKT13517894524,2025-11-06T18:59:28Z,PORTE-A,R54265920,ABONNEMENT,OK
TKT40922247609,2025-11-06T18:59:30Z,PORTE-C,R56930832,UNITE,OK
TKT34758021614,2025-11-06T18:59:31Z,PORTE-C,R55787999,UNITE,OK
TKT23575131664,2025-11-06T18:59:32Z,PORTE-D,,UNITE,OK
TKT81952831637,2025-11-06T18:59:32Z,VIP-EST,,VIP,OK
TKT40546037956,2025-11-06T18:59:34Z,PORTE-C,R57781475,UNITE,OK
TKT37336710592,2025-11-06T18:59:36Z,PORTE-A,R59856135,UNITE,OK
TKT21488683765,2025-11-06T18:59:38Z,PORTE-C,R54941379,ABONNEMENT,OK
TKT28814863465,2025-11-06T18:59:39Z,PORTE-D,R52606060,ABONNEMENT,OK
TKT37384567413,2025-11-06T18:59:40Z,VIP-EST,R52285518,ABONNEMENT,OK
TKT62644067178,2025-11-06T18:59:44Z,PORTE-B,R54936820,ABONNEMENT,OK
TKT58158605176,2025-11-06T18:59:44Z,PORTE-C,,UNITE,OK
TKT63046766243,2025-11-06T18:59:44Z,PORTE-A,,UNITE,OK
TKT33127530150,2025-11-06T18:59:46Z,PORTE-D,R58469596,ABONNEMENT,OK
TKT60595267224,2025-11-06T18:59:47Z,PORTE-D,R55906586,ABONNEMENT,OK
TKT90177028098,2025-11-06T18:59:47Z,PORTE-C,R56066636,ABONNEMENT,OK
TKT71097094164,2025-11-06T18:59:49Z,PORTE-C,R58844695,UNITE,OK
TKT36024768857,2025-11-06T18:59:50Z,PORTE-A,,UNITE,OK
TKT44343822733,2025-11-06T18:59:51Z,PORTE-C,R54776827,UNITE,OK
TKT94095598952,2025-11-06T18:59:52Z,PORTE-B,R51892528,INVITATION,OK
TKT64963297872,2025-11-06T18:59:53Z,PORTE-B,R52775171,UNITE,OK
TKT50575885693,2025-11-06T18:59:53Z,PORTE-C,R52149566,UNITE,OK
TKT23288616625,2025-11-06T18:59:54Z,PORTE-C,R57440379,ABONNEMENT,OK
TKT78608148522,2025-11-06T18:59:54Z,PORTE-B,R54790380,UNITE,OK
TKT46923764980,2025-11-06T18:59:55Z,PORTE-A,R54164775,ABONNEMENT,OK
TKT31206488070,2025-11-06T18:59:55Z,PORTE-C,R55192987,UNITE,OK
TKT93054732739,2025-11-06T18:59:57Z,PORTE-C,R51144591,ABONNEMENT,OK
TKT24413584667,2025-11-06T19:00:00Z,PORTE-C,R52114022,ABONNEMENT,OK
TKT13220569817,2025-11-06T19:00:01Z,PORTE-C,R55977560,UNITE,OK
TKT54744649350,2025-11-06T19:00:02Z,PORTE-D,R51618095,ABONNEMENT,OK
TKT36253048561,2025-11-06T19:00:02Z,PORTE-C,R54518074,UNITE,OK
TKT81473268914,2025-11-06T19:00:02Z,PORTE-C,,UNITE,OK
TKT35176486276,2025-11-06T19:00:03Z,PORTE-C,R56057786,UNITE,OK
TKT25252722997,2025-11-06T19:00:04Z,PORTE-A,R57657180,ABONNEMENT,OK
TKT88454713019,2025-11-06T19:00:04Z,PORTE-A,R54114107,VIP,OK
TKT20910841626,2025-11-06T19:00:06Z,PORTE-B,R54974213,UNITE,OK
TKT53538783567,2025-11-06T19:00:09Z,PORTE-D,R57915042,ABONNEMENT,OK
TKT54933770723,2025-11-06T19:00:09Z,PORTE-B,R59538199,INVITATION,OK
TKT74003846484,2025-11-06T19:00:09Z,PORTE-A,R56788137,UNITE,OK
TKT32927113728,2025-11-06T19:00:13Z,PORTE-A,R52044820,UNITE,OK
TKT16876286602,2025-11-06T19:00:13Z,PORTE-A,R51961998,UNITE,OK
TKT67182462594,2025-11-06T19:00:13Z,VIP-EST,R57078508,UNITE,OK
TKT13403646637,2025-11-06T19:00:14Z,PORTE-A,R52385380,UNITE,OK
TKT54142417455,2025-11-06T19:00:16Z,PORTE-C,R54041897,ABONNEMENT,OK
TKT65899764109,2025-11-06T19:00:17Z,PORTE-A,R53792272,UNITE,OK
TKT82605801826,2025-11-06T19:00:18Z,PORTE-C,R58199263,ABONNEMENT,OK
TKT97405085842,2025-11-06T19:00:18Z,PMR-NORD,,UNITE,OK
TKT75256594218,2025-11-06T19:00:19Z,PORTE-B,R56387168,GROUPE,OK
TKT71855763404,2025-11-06T19:00:20Z,PORTE-C,R54749443,ABONNEMENT,OK
TKT60652443852,2025-11-06T19:00:20Z,PORTE-D,R52699705,UNITE,OK
TKT38499863453,2025-11-06T19:00:23Z,PORTE-B,R59368810,UNITE,OK
TKT55012405701,2025-11-06T19:00:23Z,PORTE-A,R51464989,UNITE,OK
TKT82106954444,2025-11-06T19:00:24Z,VIP-EST,R54138215,UNITE,OK
TKT35746304225,2025-11-06T19:00:27Z,PORTE-D,R56774316,ABONNEMENT,OK
TKT94371186144,2025-11-06T19:00:30Z,PORTE-C,R53655851,ABONNEMENT,OK
TKT39652902009,2025-11-06T19:00:31Z,PORTE-A,R56986558,ABONNEMENT,OK
TKT16758229374,2025-11-06T19:00:33Z,PORTE-C,R58814591,UNITE,OK
TKT66072160123,2025-11-06T19:00:35Z,PORTE-A,R59694313,ABONNEMENT,OK
TKT23374307306,2025-11-06T19:00:36Z,PORTE-A,R58901637,ABONNEMENT,OK
TKT94665556745,2025-11-06T19:00:36Z,PORTE-C,R57652544,ABONNEMENT,OK
TKT32663990068,2025-11-06T19:00:36Z,PORTE-B,R53239624,ABONNEMENT,OK
TKT82268538477,2025-11-06T19:00:37Z,PORTE-C,R58759545,UNITE,OK
TKT81322156901,2025-11-06T19:00:41Z,PORTE-A,,UNITE,OK
TKT86032171332,2025-11-06T19:00:43Z,PORTE-C,R53454988,ABONNEMENT,OK
TKT83906933993,2025-11-06T19:00:44Z,PORTE-A,R53732754,UNITE,OK
TKT86360273760,2025-11-06T19:00:48Z,PORTE-C,R55622633,UNITE,OK
TKT45195196000,2025-11-06T19:00:53Z,PORTE-D,R54132621,UNITE,OK
TKT80935271534,2025-11-06T19:01:00Z,PORTE-C,,GROUPE,OK
TKT86848725966,2025-11-06T19:01:02Z,VIP-EST,R56849313,ABONNEMENT,OK
TKT65022673705,2025-11-06T19:01:02Z,PMR-NORD,R58520073,ABONNEMENT,OK
TKT64105818773,2025-11-06T19:01:03Z,PORTE-C,R56772745,UNITE,OK
TKT53430070345,2025-11-06T19:01:05Z,PORTE-B,R58796057,ABONNEMENT,OK
TKT62347013355,2025-11-06T19:01:06Z,PORTE-D,R59679390,ABONNEMENT,OK
TKT18807144503,2025-11-06T19:01:08Z,PORTE-A,R55455351,UNITE,OK
TKT34853104497,2025-11-06T19:01:09Z,PORTE-B,R56462634,GROUPE,OK
TKT95407538835,2025-11-06T19:01:09Z,PORTE-C,,UNITE,OK
TKT44777328985,2025-11-06T19:01:09Z,PORTE-C,,GROUPE,OK
TKT54629405367,2025-11-06T19:01:10Z,PORTE-B,,UNITE,OK
TKT61867759042,2025-11-06T19:01:12Z,PORTE-A,R57840457,ABONNEMENT,OK
TKT34708142569,2025-11-06T19:01:12Z,PORTE-A,R56863469,ABONNEMENT,OK
TKT91869592300,2025-11-06T19:01:13Z,PORTE-B,R55627537,ABONNEMENT,OK
TKT94607485062,2025-11-06T19:01:13Z,VIP-EST,R56577888,ABONNEMENT,OK
TKT86920729535,2025-11-06T19:01:14Z,PORTE-C,R52614297,ABONNEMENT,OK
TKT86663991568,2025-11-06T19:01:14Z,PORTE-C,,UNITE,OK
TKT97840686911,2025-11-06T19:01:15Z,VIP-EST,R54372314,UNITE,OK
TKT67965592725,2025-11-06T19:01:15Z,PORTE-A,R57574482,INVITATION,OK
TKT16271252888,2025-11-06T19:01:16Z,PORTE-A,R56962651,ABONNEMENT,OK
TKT99381794000,2025-11-06T19:01:16Z,PORTE-C,R58394676,UNITE,OK
TKT91817092046,2025-11-06T19:01:17Z,PORTE-B,R58838622,ABONNEMENT,OK
TKT82060989605,2025-11-06T19:01:18Z,VIP-EST,R53858409,UNITE,REFUSE_DEJA_SCANNE
TKT76779456950,2025-11-06T19:01:21Z,VIP-EST,R51937545,ABONNEMENT,OK
TKT82091032428,2025-11-06T19:01:23Z,VIP-EST,R51003065,ABONNEMENT,OK
TKT40635964615,2025-11-06T19:01:23Z,VIP-EST,,ABONNEMENT,REFUSE_INVALIDE
TKT22350359523,2025-11-06T19:01:23Z,VIP-EST,,ABONNEMENT,REFUSE_INVALIDE
TKT74288107589,2025-11-06T19:01:23Z,VIP-EST,,ABONNEMENT,REFUSE_INVALIDE
TKT35042888711,2025-11-06T19:01:23Z,VIP-EST,,ABONNEMENT,REFUSE_INVALIDE
TKT73982773342,2025-11-06T19:01:23Z,VIP-EST,,ABONNEMENT,REFUSE_INVALIDE
TKT53436897372,2025-11-06T19:01:23Z,VIP-EST,,ABONNEMENT,REFUSE_INVALIDE
TKT18257760759,2025-11-06T19:01:23Z,VIP-EST,,ABONNEMENT,REFUSE_INVALIDE
TKT69147586121,2025-11-06T19:01:23Z,VIP-EST,,ABONNEMENT,REFUSE_INVALIDE
TKT31933226615,2025-11-06T19:01:23Z,VIP-EST,,ABONNEMENT,REFUSE_INVALIDE
TKT27427279954,2025-11-06T19:01:23Z,VIP-EST,,ABONNEMENT,REFUSE_INVALIDE
TKT43484539003,2025-11-06T19:01:23Z,VIP-EST,,ABONNEMENT,REFUSE_INVALIDE
TKT66472082578,2025-11-06T19:01:23Z,VIP-EST,,ABONNEMENT,REFUSE_INVALIDE
TKT86164351480,2025-11-06T19:01:23Z,VIP-EST,,ABONNEMENT,REFUSE_INVALIDE
TKT77908311754,2025-11-06T19:01:23Z,VIP-EST,,ABONNEMENT,REFUSE_INVALIDE
TKT42075796555,2025-11-06T19:01:23Z,VIP-EST,,ABONNEMENT,REFUSE_INVALIDE
TKT70179723735,2025-11-06T19:01:23Z,VIP-EST,,ABONNEMENT,REFUSE_INVALIDE
TKT12147282428,2025-11-06T19:01:23Z,VIP-EST,,ABONNEMENT,REFUSE_INVALIDE
TKT40087393196,2025-11-06T19:01:23Z,VIP-EST,,ABONNEMENT,REFUSE_INVALIDE
TKT92172311116,2025-11-06T19:01:23Z,VIP-EST,,ABONNEMENT,REFUSE_INVALIDE
TKT36674828747,2025-11-06T19:01:23Z,VIP-EST,,ABONNEMENT,REFUSE_INVALIDE
TKT96420368165,2025-11-06T19:01:23Z,VIP-EST,,ABONNEMENT,REFUSE_INVALIDE
TKT94164869622,2025-11-06T19:01:23Z,VIP-EST,,ABONNEMENT,REFUSE_INVALIDE
TKT64787877481,2025-11-06T19:01:23Z,VIP-EST,,ABONNEMENT,REFUSE_INVALIDE
TKT37158853485,2025-11-06T19:01:25Z,PMR-NORD,R59973841,ABONNEMENT,OK
TKT78358507527,2025-11-06T19:01:28Z,PORTE-A,,GROUPE,OK
TKT35726029763,2025-11-06T19:01:29Z,PORTE-C,R58054193,ABONNEMENT,OK
TKT24948264587,2025-11-06T19:01:30Z,PORTE-C,,UNITE,OK
TKT62583516463,2025-11-06T19:01:31Z,VIP-EST,R52548227,ABONNEMENT,OK
TKT35435010729,2025-11-06T19:01:32Z,VIP-EST,,GROUPE,OK
TKT12487918782,2025-11-06T19:01:35Z,PORTE-C,R53736767,ABONNEMENT,OK
TKT88167460610,2025-11-06T19:01:35Z,PORTE-B,,UNITE,OK
TKT53226513263,2025-11-06T19:01:35Z,PORTE-A,R59072865,VIP,OK
TKT23038830759,2025-11-06T19:01:37Z,PORTE-B,R57851702,ABONNEMENT,OK
TKT97665869226,2025-11-06T19:01:38Z,PORTE-C,R51245803,ABONNEMENT,OK
TKT80012419755,2025-11-06T19:01:38Z,PORTE-D,,UNITE,OK
TKT19145526024,2025-11-06T19:01:39Z,PORTE-A,R51181850,ABONNEMENT,OK
TKT78331977558,2025-11-06T19:01:41Z,PORTE-D,R52436872,ABONNEMENT,OK
TKT30297143943,2025-11-06T19:01:41Z,PORTE-B,,UNITE,OK
TKT73940098810,2025-11-06T19:01:43Z,VIP-EST,,UNITE,OK
TKT19394654034,2025-11-06T19:01:43Z,PORTE-B,R52746638,UNITE,OK
TKT87258332665,2025-11-06T19:01:44Z,PORTE-C,R58622779,ABONNEMENT,OK
TKT79465052988,2025-11-06T19:01:44Z,PORTE-A,R52704207,UNITE,OK
TKT79765442790,2025-11-06T19:01:44Z,PORTE-A,R58782839,UNITE,OK
TKT57156902640,2025-11-06T19:01:44Z,PORTE-C,R54029513,UNITE,OK
TKT18532403184,2025-11-06T19:01:45Z,VIP-EST,R58996709,VIP,OK
TKT91550046071,2025-11-06T19:01:46Z,PORTE-C,R54754816,ABONNEMENT,OK
TKT68852878613,2025-11-06T19:01:47Z,PORTE-D,R58373365,ABONNEMENT,OK
TKT72922634290,2025-11-06T19:01:47Z,PORTE-D,R57142394,UNITE,OK
TKT40403037244,2025-11-06T19:01:51Z,PORTE-C,R51738253,UNITE,OK
TKT76260968677,2025-11-06T19:01:54Z,PORTE-A,R52426240,ABONNEMENT,OK
TKT46679655127,2025-11-06T19:01:54Z,PORTE-C,R52431546,UNITE,OK
TKT86032465204,2025-11-06T19:01:56Z,PORTE-B,R57091505,UNITE,OK
TKT70152827927,2025-11-06T19:01:59Z,PORTE-B,R53302897,ABONNEMENT,OK
TKT37875865639,2025-11-06T19:02:02Z,PORTE-C,R59988553,UNITE,OK
TKT43814437574,2025-11-06T19:02:02Z,PORTE-A,R51467776,INVITATION,OK
TKT95460228113,2025-11-06T19:02:03Z,PORTE-C,R52635005,UNITE,OK
TKT21098496481,2025-11-06T19:02:05Z,PORTE-C,R58108482,ABONNEMENT,OK
TKT29315465519,2025-11-06T19:02:05Z,PORTE-C,R58734345,ABONNEMENT,OK
TKT80063967409,2025-11-06T19:02:09Z,PORTE-B,,UNITE,OK
TKT90452695898,2025-11-06T19:02:14Z,VIP-EST,,UNITE,OK
TKT59285782624,2025-11-06T19:02:14Z,PORTE-C,R54109816,UNITE,OK
TKT94135821052,2025-11-06T19:02:15Z,VIP-EST,R55672276,ABONNEMENT,OK
TKT54276740668,2025-11-06T19:02:15Z,PORTE-B,R54425846,UNITE,OK
TKT81244804359,2025-11-06T19:02:16Z,PORTE-B,R59389652,ABONNEMENT,OK
TKT65047985734,2025-11-06T19:02:17Z,PORTE-B,R52273201,UNITE,OK
TKT90729607620,2025-11-06T19:02:18Z,PORTE-B,R57239104,UNITE,OK
TKT45408999071,2025-11-06T19:02:19Z,PORTE-B,R57080816,UNITE,OK
TKT64976803288,2025-11-06T19:02:20Z,PORTE-A,,UNITE,OK
TKT35472813516,2025-11-06T19:02:24Z,PORTE-C,,UNITE,OK
TKT13708313305,2025-11-06T19:02:25Z,PORTE-C,,UNITE,OK
TKT39760869968,2025-11-06T19:02:26Z,PORTE-D,R51895995,UNITE,OK
TKT78685726255,2025-11-06T19:02:29Z,PORTE-C,R51344017,UNITE,OK
TKT31277250938,2025-11-06T19:02:30Z,PORTE-D,R55863599,ABONNEMENT,OK
TKT50550209363,2025-11-06T19:02:30Z,VIP-EST,R51373384,UNITE,OK
TKT10781765184,2025-11-06T19:02:32Z,PORTE-C,R56809525,ABONNEMENT,OK
TKT63954675308,2025-11-06T19:02:32Z,PORTE-A,R59139605,ABONNEMENT,OK
TKT84995049820,2025-11-06T19:02:33Z,PORTE-B,R53405402,UNITE,OK
TKT78078723657,2025-11-06T19:02:33Z,PORTE-C,R57198723,UNITE,OK
TKT93943276577,2025-11-06T19:02:34Z,PORTE-A,R59691382,ABONNEMENT,OK
TKT96302050027,2025-11-06T19:02:35Z,PORTE-D,R55961545,ABONNEMENT,OK
TKT88136283862,2025-11-06T19:02:36Z,VIP-EST,R55868714,ABONNEMENT,OK
TKT93591384698,2025-11-06T19:02:36Z,PORTE-C,R59962740,INVITATION,OK
TKT10354768757,2025-11-06T19:02:37Z,PORTE-A,R59209219,ABONNEMENT,OK
TKT65206447501,2025-11-06T19:02:37Z,VIP-EST,,UNITE,OK
TKT95227955856,2025-11-06T19:02:37Z,PORTE-C,R53826121,UNITE,OK
TKT54521391138,2025-11-06T19:02:37Z,VIP-EST,,UNITE,OK
TKT37332189182,2025-11-06T19:02:39Z,PORTE-A,R54576309,ABONNEMENT,OK
TKT81506701308,2025-11-06T19:02:39Z,PORTE-D,R53458532,ABONNEMENT,OK
TKT45676181585,2025-11-06T19:02:39Z,PORTE-A,R58122638,INVITATION,OK
TKT56073598258,2025-11-06T19:02:40Z,VIP-EST,,UNITE,OK
TKT97122322339,2025-11-06T19:02:40Z,PORTE-C,R58124276,UNITE,OK
TKT42228330847,2025-11-06T19:02:41Z,PORTE-C,R52592095,ABONNEMENT,OK
TKT41333789470,2025-11-06T19:02:41Z,PORTE-C,R55943289,ABONNEMENT,OK
TKT50229332905,2025-11-06T19:02:42Z,VIP-EST,R54750458,VIP,OK
TKT19752747450,2025-11-06T19:02:42Z,PORTE-D,R55573650,UNITE,OK
TKT99953652563,2025-11-06T19:02:43Z,PORTE-B,,UNITE,OK
TKT73616807239,2025-11-06T19:02:45Z,VIP-EST,R54024398,UNITE,OK
TKT58387150129,2025-11-06T19:02:50Z,PORTE-D,R51234223,UNITE,OK
TKT73580817853,2025-11-06T19:02:51Z,PORTE-A,R55050091,UNITE,OK
TKT58196598466,2025-11-06T19:02:53Z,PORTE-A,,UNITE,OK
TKT87656535350,2025-11-06T19:02:54Z,PORTE-C,R51698676,ABONNEMENT,OK
TKT41951084278,2025-11-06T19:02:57Z,PORTE-D,,GROUPE,OK
TKT48117873914,2025-11-06T19:02:57Z,PORTE-B,R57962454,UNITE,OK
TKT41605782164,2025-11-06T19:02:58Z,PORTE-C,R53663485,ABONNEMENT,OK
TKT91392883672,2025-11-06T19:03:01Z,VIP-EST,,UNITE,OK
TKT37875865639,2025-11-06T19:03:02Z,PORTE-C,R59988553,UNITE,REFUSE_DEJA_SCANNE
TKT74311968900,2025-11-06T19:03:02Z,PORTE-A,R56970342,UNITE,OK
TKT62809309879,2025-11-06T19:03:04Z,PORTE-A,,GROUPE,OK
TKT62820632037,2025-11-06T19:03:05Z,PORTE-C,R51718972,ABONNEMENT,OK
TKT48218687947,2025-11-06T19:03:05Z,VIP-EST,,UNITE,OK
TKT83526372919,2025-11-06T19:03:07Z,VIP-EST,,UNITE,OK
TKT97175192356,2025-11-06T19:03:08Z,PORTE-A,R58353203,ABONNEMENT,OK
TKT72091452885,2025-11-06T19:03:11Z,PORTE-C,R58976011,UNITE,OK
TKT31894382973,2025-11-06T19:03:16Z,PORTE-B,R58299795,ABONNEMENT,OK
TKT14863998224,2025-11-06T19:03:19Z,PORTE-A,R59372354,ABONNEMENT,OK
TKT39315954062,2025-11-06T19:03:19Z,PORTE-C,,GROUPE,OK
TKT53342343327,2025-11-06T19:03:20Z,PORTE-A,R51847903,ABONNEMENT,OK
TKT68881649639,2025-11-06T19:03:21Z,PORTE-C,R55365173,INVITATION,OK
TKT13568644583,2025-11-06T19:03:25Z,VIP-EST,R54844937,UNITE,OK
TKT57470239499,2025-11-06T19:03:26Z,PORTE-A,R52059934,ABONNEMENT,OK
TKT54704300285,2025-11-06T19:03:26Z,PORTE-A,R53672268,UNITE,OK
TKT48445359567,2025-11-06T19:03:29Z,PORTE-B,R52009601,UNITE,OK
TKT91946295178,2025-11-06T19:03:33Z,VIP-EST,R53304803,ABONNEMENT,OK
TKT30622593311,2025-11-06T19:03:35Z,PORTE-C,R59222571,ABONNEMENT,OK
TKT24685356942,2025-11-06T19:03:35Z,PORTE-C,R52954847,UNITE,OK
TKT67536922142,2025-11-06T19:03:37Z,PORTE-C,R52257866,ABONNEMENT,OK
TKT13103076650,2025-11-06T19:03:37Z,PORTE-C,R54664983,UNITE,OK
TKT42571475142,2025-11-06T19:03:38Z,PORTE-A,R58105474,UNITE,OK
TKT73960254646,2025-11-06T19:03:38Z,VIP-EST,R52554146,UNITE,OK
TKT25292886631,2025-11-06T19:03:39Z,PORTE-C,R54841192,ABONNEMENT,OK
TKT20286751117,2025-11-06T19:03:39Z,PORTE-C,R59413348,ABONNEMENT,OK
TKT81991237309,2025-11-06T19:03:40Z,PORTE-C,R54293304,ABONNEMENT,OK
TKT10847913563,2025-11-06T19:03:42Z,PORTE-B,R57155133,UNITE,OK
TKT96054348994,2025-11-06T19:03:45Z,PORTE-A,,UNITE,OK
TKT75628130985,2025-11-06T19:03:46Z,VIP-EST,R58052766,ABONNEMENT,OK
TKT89583406657,2025-11-06T19:03:46Z,PORTE-C,R53931289,INVITATION,OK
TKT99695561790,2025-11-06T19:03:48Z,PORTE-C,R59844488,UNITE,OK
TKT50687597999,2025-11-06T19:03:48Z,PORTE-D,R53849693,UNITE,OK
TKT58462986907,2025-11-06T19:03:49Z,PORTE-A,R57999981,UNITE,OK
TKT27405018698,2025-11-06T19:03:52Z,PORTE-A,R59789117,UNITE,OK
TKT36717386968,2025-11-06T19:03:57Z,PORTE-A,R58111202,UNITE,OK
TKT71358086037,2025-11-06T19:03:58Z,PORTE-D,R56644561,UNITE,OK
TKT23873969043,2025-11-06T19:04:01Z,PORTE-A,R58596420,UNITE,OK
TKT11659773824,2025-11-06T19:04:04Z,PORTE-D,,UNITE,OK
TKT72089360485,2025-11-06T19:04:04Z,PORTE-C,R57466939,UNITE,OK
TKT10283122943,2025-11-06T19:04:05Z,PORTE-A,R54493008,UNITE,OK
TKT62255308686,2025-11-06T19:04:06Z,PORTE-B,R56662415,GROUPE,OK
TKT24606316155,2025-11-06T19:04:07Z,PORTE-C,R54392533,UNITE,OK
TKT78388009604,2025-11-06T19:04:08Z,PORTE-A,R52255826,ABONNEMENT,OK
TKT83034057089,2025-11-06T19:04:09Z,PORTE-A,R53369647,INVITATION,OK
TKT21050461638,2025-11-06T19:04:12Z,PORTE-A,R57239650,VIP,OK
TKT90307022022,2025-11-06T19:04:13Z,VIP-EST,R51974861,UNITE,OK
TKT39662903689,2025-11-06T19:04:14Z,PORTE-C,R59649018,ABONNEMENT,OK
TKT42736863683,2025-11-06T19:04:14Z,PORTE-A,R53888178,ABONNEMENT,OK
TKT16759004895,2025-11-06T19:04:15Z,PORTE-C,,UNITE,OK
TKT36909981652,2025-11-06T19:04:15Z,VIP-EST,,INVITATION,OK
TKT47089333211,2025-11-06T19:04:15Z,PORTE-C,R54913794,UNITE,OK
TKT57343206233,2025-11-06T19:04:16Z,PORTE-A,R54008671,ABONNEMENT,OK
TKT40449757355,2025-11-06T19:04:16Z,VIP-EST,R55146399,ABONNEMENT,OK
TKT30771013344,2025-11-06T19:04:16Z,PORTE-B,R57624614,UNITE,OK
TKT56155623608,2025-11-06T19:04:17Z,PORTE-B,R56545399,ABONNEMENT,OK
TKT71579488147,2025-11-06T19:04:18Z,PORTE-A,R55916930,ABONNEMENT,OK
TKT25021849876,2025-11-06T19:04:19Z,VIP-EST,,UNITE,OK
TKT98933599239,2025-11-06T19:04:19Z,PORTE-B,R57509916,UNITE,OK
TKT98195678154,2025-11-06T19:04:22Z,PORTE-A,R55919181,UNITE,OK
TKT70117113068,2025-11-06T19:04:26Z,PORTE-C,R53500896,ABONNEMENT,OK
TKT22778329530,2025-11-06T19:04:27Z,PORTE-A,,GROUPE,OK
TKT17135629293,2025-11-06T19:04:28Z,PORTE-C,R57238568,UNITE,OK
TKT43464918141,2025-11-06T19:04:30Z,PORTE-B,R54565811,UNITE,OK
TKT66970394190,2025-11-06T19:04:30Z,VIP-EST,R57477015,UNITE,OK
TKT77257198556,2025-11-06T19:04:32Z,PORTE-B,R52403358,ABONNEMENT,OK
TKT65690607144,2025-11-06T19:04:32Z,PMR-NORD,R56684004,ABONNEMENT,OK
TKT35441564939,2025-11-06T19:04:33Z,PORTE-A,,UNITE,OK
TKT37214094325,2025-11-06T19:04:33Z,PORTE-A,,GROUPE,OK
TKT70144492875,2025-11-06T19:04:35Z,VIP-EST,R54309510,ABONNEMENT,OK
TKT22952162703,2025-11-06T19:04:36Z,PORTE-B,R59847285,ABONNEMENT,OK
TKT85328458039,2025-11-06T19:04:36Z,PORTE-D,,GROUPE,OK
TKT81624663586,2025-11-06T19:04:36Z,PORTE-D,,GROUPE,OK
TKT32155802747,2025-11-06T19:04:37Z,PORTE-B,R54607974,ABONNEMENT,OK
TKT87902091082,2025-11-06T19:04:38Z,PORTE-C,,UNITE,OK
TKT81823778629,2025-11-06T19:04:39Z,PORTE-D,,UNITE,OK
TKT15022670336,2025-11-06T19:04:40Z,VIP-EST,R56256063,ABONNEMENT,OK
TKT45469352325,2025-11-06T19:04:40Z,PORTE-A,R57445005,UNITE,OK
TKT40828722080,2025-11-06T19:04:42Z,PORTE-B,R55893703,ABONNEMENT,OK
TKT10032833103,2025-11-06T19:04:42Z,PORTE-C,R59553859,UNITE,OK
TKT88430736098,2025-11-06T19:04:43Z,PORTE-D,R56563578,ABONNEMENT,OK
TKT87610212104,2025-11-06T19:04:44Z,PORTE-D,R58986844,ABONNEMENT,OK
TKT23109879403,2025-11-06T19:04:44Z,VIP-EST,R52559596,UNITE,OK
TKT12152035891,2025-11-06T19:04:45Z,PORTE-C,R58396180,UNITE,OK
TKT32872193053,2025-11-06T19:04:45Z,VIP-EST,R57059093,UNITE,OK
TKT66467566418,2025-11-06T19:04:46Z,PORTE-C,R53362770,UNITE,OK
TKT91129693163,2025-11-06T19:04:47Z,PMR-NORD,,UNITE,OK
TKT48276987360,2025-11-06T19:04:49Z,PORTE-D,,UNITE,OK
TKT47927327084,2025-11-06T19:04:53Z,PORTE-D,R57486900,ABONNEMENT,OK
TKT28937437354,2025-11-06T19:04:54Z,PORTE-C,R52646039,ABONNEMENT,OK
TKT12755788450,2025-11-06T19:04:59Z,PORTE-D,R57391128,UNITE,OK
TKT87937920184,2025-11-06T19:05:00Z,PORTE-B,R57010455,UNITE,OK
TKT66091269924,2025-11-06T19:05:01Z,PORTE-C,R53585701,INVITATION,OK
TKT22716668969,2025-11-06T19:05:02Z,PORTE-B,R56901006,ABONNEMENT,OK
TKT61238857267,2025-11-06T19:05:05Z,PORTE-C,R51398651,UNITE,OK
TKT26271305739,2025-11-06T19:05:05Z,PORTE-C,R56620108,UNITE,OK
TKT31963929564,2025-11-06T19:05:05Z,PORTE-D,R54012751,INVITATION,OK
TKT97947867398,2025-11-06T19:05:07Z,PORTE-D,R58303349,UNITE,OK
TKT86769505441,2025-11-06T19:05:09Z,VIP-EST,R53676080,VIP,OK
TKT11136828496,2025-11-06T19:05:10Z,PORTE-D,R54167907,ABONNEMENT,OK
TKT26485913975,2025-11-06T19:05:11Z,PORTE-C,R59822909,ABONNEMENT,OK
TKT96579770958,2025-11-06T19:05:11Z,PORTE-A,R55983412,ABONNEMENT,OK
TKT16222625386,2025-11-06T19:05:11Z,PORTE-D,R57103219,UNITE,OK
TKT72777375581,2025-11-06T19:05:12Z,PORTE-B,R52003471,UNITE,OK
TKT71579488147,2025-11-06T19:05:18Z,PORTE-A,R55916930,ABONNEMENT,REFUSE_DEJA_SCANNE
TKT55872997521,2025-11-06T19:05:18Z,VIP-EST,R59785583,UNITE,OK
TKT50798893153,2025-11-06T19:05:19Z,VIP-EST,R52992786,ABONNEMENT,REFUSE_DEJA_SCANNE
TKT90749297491,2025-11-06T19:05:19Z,PORTE-B,R51404848,UNITE,OK
TKT71098739815,2025-11-06T19:05:21Z,VIP-EST,R55722743,UNITE,OK
TKT80411593292,2025-11-06T19:05:24Z,PORTE-B,R52461114,ABONNEMENT,OK
TKT39337386526,2025-11-06T19:05:30Z,PORTE-A,R55812385,UNITE,OK
TKT82095032140,2025-11-06T19:05:30Z,PORTE-C,R56213565,INVITATION,OK
TKT42751513560,2025-11-06T19:05:32Z,PORTE-C,R55873819,ABONNEMENT,OK
TKT18469593883,2025-11-06T19:05:32Z,PORTE-C,R52617898,UNITE,OK
TKT45288964771,2025-11-06T19:05:32Z,PORTE-D,R52685874,UNITE,OK
TKT83085862732,2025-11-06T19:05:32Z,PORTE-C,,GROUPE,OK
TKT96669562392,2025-11-06T19:05:34Z,PORTE-C,R51618986,ABONNEMENT,OK
TKT55023709304,2025-11-06T19:05:34Z,PORTE-C,R51909213,UNITE,OK
TKT37701253762,2025-11-06T19:05:34Z,PORTE-C,R54507375,UNITE,OK
TKT84051363057,2025-11-06T19:05:35Z,PORTE-D,R57260090,ABONNEMENT,OK
TKT89021584770,2025-11-06T19:05:36Z,VIP-EST,R54820350,UNITE,OK
TKT24377749484,2025-11-06T19:05:37Z,PORTE-A,R54635971,ABONNEMENT,OK
TKT28284120701,2025-11-06T19:05:39Z,PORTE-C,R58470219,UNITE,OK
TKT92721939480,2025-11-06T19:05:41Z,PORTE-A,R55749591,ABONNEMENT,OK
TKT87179776560,2025-11-06T19:05:41Z,PORTE-A,R56003430,ABONNEMENT,OK
TKT11475044889,2025-11-06T19:05:41Z,PORTE-D,R57106830,UNITE,OK
TKT83906933993,2025-11-06T19:05:44Z,PORTE-A,R53732754,UNITE,REFUSE_DEJA_SCANNE
TKT65720154217,2025-11-06T19:05:44Z,PORTE-A,R55251691,UNITE,OK
TKT57260470556,2025-11-06T19:05:45Z,PORTE-C,,GROUPE,OK
TKT78986833019,2025-11-06T19:05:45Z,PORTE-A,R57216011,UNITE,OK
TKT82823988572,2025-11-06T19:05:46Z,PORTE-C,R52481343,ABONNEMENT,OK
TKT70666607950,2025-11-06T19:05:47Z,VIP-EST,R55087819,ABONNEMENT,OK
TKT36874406911,2025-11-06T19:05:47Z,PORTE-A,R59318266,UNITE,OK
TKT77156201626,2025-11-06T19:05:48Z,VIP-EST,R54097958,ABONNEMENT,OK
TKT42370236690,2025-11-06T19:05:48Z,PORTE-B,R56188489,GROUPE,OK
TKT40864343011,2025-11-06T19:05:49Z,PORTE-B,R55701633,ABONNEMENT,OK
TKT61624956154,2025-11-06T19:05:49Z,PORTE-C,R51130291,UNITE,OK
TKT44861364172,2025-11-06T19:05:50Z,PORTE-A,R51229865,ABONNEMENT,OK
TKT56300942795,2025-11-06T19:05:52Z,PORTE-C,R58885689,ABONNEMENT,OK
TKT68693356026,2025-11-06T19:05:54Z,PORTE-C,R53241252,ABONNEMENT,OK
TKT46679655127,2025-11-06T19:05:54Z,PORTE-C,R52431546,UNITE,REFUSE_DEJA_SCANNE
TKT34471840541,2025-11-06T19:05:54Z,PORTE-B,R59981187,UNITE,OK
TKT66763850774,2025-11-06T19:05:59Z,PORTE-A,R55004240,ABONNEMENT,OK
TKT47552401887,2025-11-06T19:05:59Z,PORTE-A,,UNITE,OK
TKT47945476628,2025-11-06T19:05:59Z,VIP-EST,R59457005,UNITE,OK
TKT50460509828,2025-11-06T19:05:59Z,PORTE-C,,UNITE,OK
TKT74126885519,2025-11-06T19:06:03Z,VIP-EST,R51935974,UNITE,OK
TKT57263385435,2025-11-06T19:06:03Z,PORTE-C,R55575422,UNITE,OK
TKT43221075476,2025-11-06T19:06:04Z,PORTE-B,R56102746,UNITE,OK
TKT42651060779,2025-11-06T19:06:07Z,PORTE-C,R56392149,UNITE,OK
TKT94076310919,2025-11-06T19:06:07Z,PORTE-D,R54557641,INVITATION,OK
TKT12346583460,2025-11-06T19:06:08Z,PORTE-D,R57174260,ABONNEMENT,OK
TKT62015876867,2025-11-06T19:06:11Z,PORTE-D,R54650817,UNITE,OK
TKT93019466968,2025-11-06T19:06:12Z,VIP-EST,R59098065,UNITE,OK
TKT98591575638,2025-11-06T19:06:13Z,PORTE-B,R58336997,ABONNEMENT,OK
TKT37885001394,2025-11-06T19:06:13Z,VIP-EST,R56598998,UNITE,OK
TKT15429115921,2025-11-06T19:06:16Z,VIP-EST,R57890321,ABONNEMENT,OK
TKT63422443463,2025-11-06T19:06:16Z,PORTE-D,R56176976,UNITE,OK
TKT83776964483,2025-11-06T19:06:16Z,PORTE-D,,UNITE,OK
TKT63842002922,2025-11-06T19:06:18Z,PORTE-B,R56148031,ABONNEMENT,OK
TKT87376740178,2025-11-06T19:06:22Z,PORTE-C,,UNITE,OK
TKT19752652903,2025-11-06T19:06:24Z,VIP-EST,R53455946,ABONNEMENT,OK
TKT18937245470,2025-11-06T19:06:24Z,VIP-EST,R57008281,UNITE,OK
TKT27264425700,2025-11-06T19:06:25Z,PORTE-A,R57179164,UNITE,OK
TKT96486253473,2025-11-06T19:06:26Z,PORTE-A,R55319265,UNITE,OK
TKT99450436334,2025-11-06T19:06:27Z,VIP-EST,R51910161,UNITE,OK
TKT72834686731,2025-11-06T19:06:27Z,VIP-EST,,VIP,OK
TKT89712655548,2025-11-06T19:06:27Z,PORTE-C,R59487253,UNITE,OK
TKT40945591001,2025-11-06T19:06:28Z,PORTE-B,,GROUPE,OK
TKT85897365330,2025-11-06T19:06:32Z,PORTE-C,,UNITE,OK
TKT62110956063,2025-11-06T19:06:33Z,PORTE-B,R52534674,ABONNEMENT,OK
TKT96706088353,2025-11-06T19:06:33Z,PORTE-A,R51004760,ABONNEMENT,OK
TKT58576791190,2025-11-06T19:06:33Z,PORTE-C,R51558031,UNITE,OK
TKT38010821545,2025-11-06T19:06:34Z,PMR-NORD,,UNITE,OK
TKT14244666306,2025-11-06T19:06:35Z,PORTE-C,R57648387,ABONNEMENT,OK
TKT83337177326,2025-11-06T19:06:36Z,PORTE-C,,UNITE,OK
TKT65869491579,2025-11-06T19:06:37Z,PORTE-B,,GROUPE,OK
TKT68489461284,2025-11-06T19:06:38Z,PORTE-C,R55894805,UNITE,OK
TKT79474296755,2025-11-06T19:06:38Z,PORTE-A,R57071152,UNITE,OK
TKT83962917225,2025-11-06T19:06:40Z,VIP-EST,R55187259,UNITE,OK
TKT97208105349,2025-11-06T19:06:40Z,PORTE-C,R57490032,UNITE,OK
TKT32763122513,2025-11-06T19:06:41Z,PORTE-A,R56369458,ABONNEMENT,OK
TKT21574400578,2025-11-06T19:06:41Z,PORTE-C,R58898016,UNITE,OK
TKT84987692461,2025-11-06T19:06:43Z,PORTE-C,R51788720,UNITE,OK
TKT38528051348,2025-11-06T19:06:47Z,PORTE-C,R59129874,ABONNEMENT,OK
TKT51517049625,2025-11-06T19:06:49Z,VIP-EST,,GROUPE,OK
TKT51115032632,2025-11-06T19:06:50Z,VIP-EST,R53494287,ABONNEMENT,OK
TKT66010891299,2025-11-06T19:06:50Z,PORTE-B,R54439878,UNITE,OK
TKT48150801684,2025-11-06T19:06:51Z,PORTE-C,R52979578,ABONNEMENT,OK
TKT10639768783,2025-11-06T19:06:51Z,PORTE-C,,UNITE,OK
TKT31467486530,2025-11-06T19:06:53Z,PORTE-C,R54462291,ABONNEMENT,OK
TKT87686887554,2025-11-06T19:06:54Z,PORTE-B,R56517402,ABONNEMENT,OK
TKT68161314736,2025-11-06T19:06:57Z,PORTE-C,R51808470,UNITE,OK
TKT40302561341,2025-11-06T19:06:58Z,PORTE-C,,UNITE,OK
TKT92477983143,2025-11-06T19:06:59Z,PORTE-C,R58143624,ABONNEMENT,OK
TKT73739559151,2025-11-06T19:07:00Z,PORTE-C,R53848668,ABONNEMENT,OK
TKT43369152713,2025-11-06T19:07:00Z,VIP-EST,R55593889,UNITE,OK
TKT47349516679,2025-11-06T19:07:01Z,PORTE-A,R52906152,UNITE,OK
TKT24325179012,2025-11-06T19:07:02Z,PORTE-C,R53257066,ABONNEMENT,OK
TKT85216271468,2025-11-06T19:07:03Z,VIP-EST,R54958610,UNITE,OK
TKT60516495103,2025-11-06T19:07:03Z,PORTE-C,,UNITE,OK
TKT55911964788,2025-11-06T19:07:03Z,PORTE-A,,UNITE,OK
TKT58852920821,2025-11-06T19:07:04Z,PORTE-A,R54707079,ABONNEMENT,OK
TKT30408662099,2025-11-06T19:07:05Z,VIP-EST,R58687144,UNITE,OK
TKT11471466075,2025-11-06T19:07:05Z,PORTE-B,,UNITE,OK
TKT34006323652,2025-11-06T19:07:06Z,PORTE-B,R53384148,UNITE,OK
TKT85838777643,2025-11-06T19:07:07Z,PORTE-B,R56536127,UNITE,OK
TKT40108631082,2025-11-06T19:07:09Z,PORTE-C,R59172573,UNITE,OK
TKT19814650134,2025-11-06T19:07:10Z,PORTE-A,,UNITE,OK
TKT84626331660,2025-11-06T19:07:11Z,PORTE-A,R58919481,UNITE,OK
TKT72091452885,2025-11-06T19:07:11Z,PORTE-C,R58976011,UNITE,REFUSE_DEJA_SCANNE
TKT79715963344,2025-11-06T19:07:13Z,PORTE-D,R52565113,ABONNEMENT,OK
TKT58578729961,2025-11-06T19:07:14Z,PORTE-A,R58139333,UNITE,REFUSE_DEJA_SCANNE
TKT10960904689,2025-11-06T19:07:17Z,PORTE-A,R57303948,ABONNEMENT,OK
TKT71873586161,2025-11-06T19:07:19Z,PORTE-A,R59093017,ABONNEMENT,OK
TKT36816761131,2025-11-06T19:07:20Z,PORTE-C,R55433206,ABONNEMENT,OK
TKT61610449695,2025-11-06T19:07:20Z,PORTE-A,R55556352,UNITE,OK
TKT58883594236,2025-11-06T19:07:21Z,VIP-EST,,UNITE,OK
TKT14377319498,2025-11-06T19:07:21Z,PORTE-A,R53346755,UNITE,OK
TKT28836960414,2025-11-06T19:07:23Z,PORTE-C,R57940922,ABONNEMENT,OK
TKT45493416356,2025-11-06T19:07:23Z,PORTE-B,R55550356,UNITE,OK
TKT74014009611,2025-11-06T19:07:26Z,PORTE-A,R53324553,UNITE,OK
TKT28929542262,2025-11-06T19:07:28Z,PORTE-B,,UNITE,OK
TKT57663094778,2025-11-06T19:07:29Z,PORTE-A,R51087649,UNITE,OK
TKT60591775535,2025-11-06T19:07:30Z,PORTE-C,,GROUPE,OK
TKT61164162097,2025-11-06T19:07:31Z,PORTE-C,,INVITATION,OK
TKT68716126392,2025-11-06T19:07:35Z,PORTE-A,R51827205,ABONNEMENT,OK
TKT29331103617,2025-11-06T19:07:35Z,PORTE-D,R59611481,ABONNEMENT,OK
TKT82160050916,2025-11-06T19:07:35Z,PORTE-C,R59691382,UNITE,OK
TKT49974708604,2025-11-06T19:07:36Z,PORTE-D,R51713733,ABONNEMENT,OK
TKT14288730457,2025-11-06T19:07:36Z,PORTE-C,R55331113,ABONNEMENT,OK
TKT89424141247,2025-11-06T19:07:36Z,PORTE-C,,UNITE,OK
TKT57293926178,2025-11-06T19:07:37Z,PORTE-A,R51139764,ABONNEMENT,OK
TKT72056752267,2025-11-06T19:07:37Z,PORTE-A,R52666737,UNITE,OK
TKT81968124876,2025-11-06T19:07:38Z,PORTE-A,R57695856,UNITE,OK
TKT95973476551,2025-11-06T19:07:39Z,PORTE-A,R51098070,ABONNEMENT,OK
TKT26307290276,2025-11-06T19:07:41Z,PORTE-B,R51088473,UNITE,OK
TKT40630470527,2025-11-06T19:07:41Z,PORTE-C,,UNITE,OK
TKT77281745524,2025-11-06T19:07:42Z,PORTE-B,,UNITE,OK
TKT65568587949,2025-11-06T19:07:44Z,PORTE-C,R58012375,ABONNEMENT,OK
TKT61902981735,2025-11-06T19:07:44Z,VIP-EST,R55867622,ABONNEMENT,OK
TKT56620273745,2025-11-06T19:07:44Z,PORTE-A,R54476936,UNITE,OK
TKT47176043034,2025-11-06T19:07:45Z,PORTE-C,R55919181,UNITE,OK
TKT59432726094,2025-11-06T19:07:46Z,PORTE-B,R55408964,UNITE,OK
TKT44787982267,2025-11-06T19:07:47Z,PORTE-B,R56472787,UNITE,OK
TKT15288627551,2025-11-06T19:07:50Z,PORTE-B,R57302923,UNITE,OK
TKT56738051402,2025-11-06T19:07:51Z,PORTE-D,,UNITE,OK
TKT18137587677,2025-11-06T19:07:53Z,PORTE-B,R55876606,UNITE,OK
TKT73477510559,2025-11-06T19:07:55Z,PORTE-C,R56307277,ABONNEMENT,OK
TKT16189640837,2025-11-06T19:07:56Z,PORTE-D,R54081139,ABONNEMENT,OK
TKT13415436485,2025-11-06T19:07:57Z,PORTE-D,R51242269,ABONNEMENT,OK
TKT45834769844,2025-11-06T19:07:57Z,PORTE-C,R54382668,UNITE,OK
TKT37527292816,2025-11-06T19:07:58Z,PORTE-D,R56493093,ABONNEMENT,OK
TKT35570094214,2025-11-06T19:07:58Z,PORTE-C,,UNITE,OK
TKT65586397271,2025-11-06T19:07:59Z,PORTE-A,R55703683,ABONNEMENT,OK
TKT29944494591,2025-11-06T19:07:59Z,PORTE-D,R58897269,UNITE,OK
TKT55736403354,2025-11-06T19:07:59Z,PORTE-D,,UNITE,OK
TKT79073321681,2025-11-06T19:08:00Z,PORTE-C,,UNITE,OK
TKT84604447572,2025-11-06T19:08:01Z,PORTE-D,R59691794,ABONNEMENT,OK
TKT45053730028,2025-11-06T19:08:03Z,PORTE-D,R58006034,ABONNEMENT,OK
TKT40001637401,2025-11-06T19:08:03Z,VIP-EST,R59040175,UNITE,OK
TKT88584412138,2025-11-06T19:08:04Z,PORTE-C,R51199905,UNITE,OK
TKT86408873037,2025-11-06T19:08:07Z,PORTE-A,,UNITE,OK
TKT94211627737,2025-11-06T19:08:07Z,PORTE-B,R52584327,UNITE,OK
TKT56446059363,2025-11-06T19:08:07Z,PORTE-C,,GROUPE,OK
TKT57387635572,2025-11-06T19:08:08Z,PORTE-C,R55165938,ABONNEMENT,OK
TKT51283597829,2025-11-06T19:08:12Z,PORTE-A,R55277025,ABONNEMENT,OK
TKT36979390720,2025-11-06T19:08:14Z,PORTE-A,R59469811,ABONNEMENT,OK
TKT71669756121,2025-11-06T19:08:14Z,PORTE-A,R51847223,ABONNEMENT,OK
TKT64982264321,2025-11-06T19:08:16Z,VIP-EST,R56407340,UNITE,OK
TKT76345609660,2025-11-06T19:08:16Z,PORTE-B,,UNITE,OK
TKT91725242670,2025-11-06T19:08:17Z,PORTE-A,R56386421,ABONNEMENT,OK
TKT87173244629,2025-11-06T19:08:17Z,VIP-EST,R51496319,UNITE,OK
TKT51636322146,2025-11-06T19:08:18Z,VIP-EST,R57509983,ABONNEMENT,OK
TKT71320329021,2025-11-06T19:08:18Z,PORTE-D,R55037821,ABONNEMENT,OK
TKT59140439917,2025-11-06T19:08:19Z,VIP-EST,R54137669,ABONNEMENT,OK
TKT97474296355,2025-11-06T19:08:19Z,PORTE-D,,UNITE,OK
TKT63393308702,2025-11-06T19:08:20Z,PORTE-C,R53947371,ABONNEMENT,OK
TKT31670656261,2025-11-06T19:08:20Z,PORTE-D,R54315506,UNITE,OK
TKT49520304753,2025-11-06T19:08:21Z,PORTE-C,R52124577,ABONNEMENT,OK
TKT88623434721,2025-11-06T19:08:21Z,PORTE-C,,UNITE,OK
TKT34415129635,2025-11-06T19:08:21Z,PORTE-B,,GROUPE,OK
TKT48153368175,2025-11-06T19:08:22Z,PORTE-C,R54594766,UNITE,OK
TKT84220129551,2025-11-06T19:08:22Z,PORTE-C,R51112236,UNITE,OK
TKT69977825338,2025-11-06T19:08:24Z,PORTE-D,R58504959,ABONNEMENT,OK
TKT67469571120,2025-11-06T19:08:24Z,PORTE-A,R59106446,INVITATION,OK
TKT47179896429,2025-11-06T19:08:25Z,PORTE-D,R54617715,ABONNEMENT,OK
TKT39306440613,2025-11-06T19:08:27Z,PORTE-C,R51391908,ABONNEMENT,OK
TKT47498766107,2025-11-06T19:08:30Z,PORTE-D,R55312378,UNITE,OK
TKT74747085832,2025-11-06T19:08:30Z,PORTE-A,,UNITE,OK
TKT18176876924,2025-11-06T19:08:33Z,PORTE-D,R53789150,ABONNEMENT,OK
TKT39265739412,2025-11-06T19:08:33Z,PORTE-B,R54201756,UNITE,OK
TKT45808831498,2025-11-06T19:08:33Z,PORTE-C,R59339721,UNITE,OK
TKT57323674378,2025-11-06T19:08:35Z,PORTE-C,R55861157,UNITE,OK
TKT53703701636,2025-11-06T19:08:37Z,PORTE-B,R51121096,ABONNEMENT,OK
TKT20332888475,2025-11-06T19:08:37Z,PORTE-B,R56314700,UNITE,OK
TKT88213004358,2025-11-06T19:08:38Z,PORTE-D,R55853935,ABONNEMENT,OK
TKT94908508233,2025-11-06T19:08:38Z,PMR-NORD,R51339190,UNITE,OK
TKT62232752018,2025-11-06T19:08:38Z,PORTE-D,R51038676,UNITE,OK
TKT56557691456,2025-11-06T19:08:42Z,PORTE-A,,GROUPE,OK
TKT92718001405,2025-11-06T19:08:43Z,VIP-EST,R53014452,ABONNEMENT,OK
TKT27744967795,2025-11-06T19:08:44Z,PORTE-A,R52580582,UNITE,OK
TKT20354354749,2025-11-06T19:08:44Z,PORTE-C,R52209027,UNITE,OK
TKT89039958423,2025-11-06T19:08:45Z,PORTE-C,R53752427,UNITE,OK
TKT96246002950,2025-11-06T19:08:46Z,PORTE-D,R56911226,ABONNEMENT,OK
TKT14612627843,2025-11-06T19:08:46Z,VIP-EST,R59737903,ABONNEMENT,OK
TKT73961682501,2025-11-06T19:08:46Z,PORTE-C,R57606358,ABONNEMENT,OK
TKT13650863683,2025-11-06T19:08:46Z,PORTE-C,R58188306,UNITE,OK
TKT51061853967,2025-11-06T19:08:47Z,PORTE-C,,UNITE,OK
TKT39084439867,2025-11-06T19:08:48Z,VIP-EST,R55171934,ABONNEMENT,OK
TKT99289475433,2025-11-06T19:08:48Z,VIP-EST,,UNITE,OK
TKT63969495357,2025-11-06T19:08:48Z,PORTE-C,R51843076,UNITE,OK
TKT72692113478,2025-11-06T19:08:50Z,PORTE-A,R52861068,ABONNEMENT,OK
TKT22339132349,2025-11-06T19:08:50Z,VIP-EST,R54392878,ABONNEMENT,OK
TKT56318202950,2025-11-06T19:08:50Z,PORTE-A,R51692067,UNITE,OK
TKT85186204107,2025-11-06T19:08:50Z,PORTE-B,R56865040,INVITATION,OK
TKT64974222780,2025-11-06T19:08:52Z,PORTE-B,R51496520,UNITE,OK
TKT87793486427,2025-11-06T19:08:53Z,PORTE-C,R54996271,ABONNEMENT,OK
TKT15547193551,2025-11-06T19:08:55Z,PORTE-A,R58712756,UNITE,OK
TKT64764712538,2025-11-06T19:08:56Z,PORTE-C,R51043245,ABONNEMENT,OK
TKT28006498042,2025-11-06T19:08:57Z,PORTE-C,R57871308,ABONNEMENT,OK
TKT91889490341,2025-11-06T19:08:58Z,PORTE-D,R58484787,ABONNEMENT,OK
TKT51301857072,2025-11-06T19:08:59Z,VIP-EST,R55156542,ABONNEMENT,OK
TKT82001794633,2025-11-06T19:08:59Z,PORTE-A,R56127132,INVITATION,OK
TKT98753676093,2025-11-06T19:09:00Z,PORTE-C,R53237440,UNITE,OK
TKT66429933499,2025-11-06T19:09:01Z,PORTE-B,R53963031,UNITE,OK
TKT87934282553,2025-11-06T19:09:03Z,PORTE-D,R52440550,ABONNEMENT,OK
TKT87907716553,2025-11-06T19:09:03Z,PORTE-B,R54226276,ABONNEMENT,OK
TKT43316617392,2025-11-06T19:09:04Z,PORTE-B,,GROUPE,OK
TKT92264340080,2025-11-06T19:09:04Z,PORTE-A,R56022376,INVITATION,OK
TKT63162264265,2025-11-06T19:09:05Z,PORTE-C,R53558384,GROUPE,OK
TKT64509908522,2025-11-06T19:09:06Z,PORTE-C,,UNITE,OK
TKT45775072929,2025-11-06T19:09:07Z,PORTE-A,R54947777,ABONNEMENT,OK
TKT43419575779,2025-11-06T19:09:09Z,PORTE-C,R58230258,UNITE,OK
TKT13383194381,2025-11-06T19:09:10Z,PORTE-B,R59487655,UNITE,OK
TKT84448069250,2025-11-06T19:09:11Z,PORTE-B,R56919396,ABONNEMENT,OK
TKT39607804545,2025-11-06T19:09:11Z,PORTE-C,R52105909,ABONNEMENT,OK
TKT38051788889,2025-11-06T19:09:11Z,PORTE-C,,UNITE,OK
TKT15071079618,2025-11-06T19:09:11Z,PORTE-C,R58784621,UNITE,OK
TKT42633134775,2025-11-06T19:09:12Z,PORTE-C,R55978364,ABONNEMENT,OK
TKT13771332516,2025-11-06T19:09:12Z,PORTE-A,,VIP,OK
TKT25683003054,2025-11-06T19:09:12Z,PORTE-B,R53830824,UNITE,OK
TKT37901283381,2025-11-06T19:09:13Z,VIP-EST,R53693579,ABONNEMENT,OK
TKT72440328532,2025-11-06T19:09:13Z,PORTE-A,R59121292,UNITE,OK
TKT40884848644,2025-11-06T19:09:14Z,PORTE-B,R57890589,ABONNEMENT,OK
TKT68471851262,2025-11-06T19:09:15Z,PORTE-A,R54180033,ABONNEMENT,OK
TKT18447301996,2025-11-06T19:09:18Z,PORTE-C,R53859501,UNITE,OK
TKT38868736369,2025-11-06T19:09:20Z,PORTE-A,R57163849,ABONNEMENT,OK
TKT66494656267,2025-11-06T19:09:20Z,PORTE-B,,UNITE,OK
TKT13320690351,2025-11-06T19:09:21Z,PORTE-C,R52634392,ABONNEMENT,OK
TKT98440691574,2025-11-06T19:09:21Z,PORTE-D,R55702524,ABONNEMENT,OK
TKT97172848760,2025-11-06T19:09:22Z,VIP-EST,,GROUPE,OK
TKT81760813396,2025-11-06T19:09:23Z,VIP-EST,R57231758,UNITE,OK
TKT30364191195,2025-11-06T19:09:26Z,PORTE-A,R53085493,ABONNEMENT,OK
TKT85992352709,2025-11-06T19:09:26Z,PORTE-D,R51213793,ABONNEMENT,OK
TKT98605010748,2025-11-06T19:09:27Z,PORTE-D,R52478067,ABONNEMENT,OK
TKT10340839318,2025-11-06T19:09:27Z,PORTE-D,,UNITE,OK
TKT11768748295,2025-11-06T19:09:28Z,PORTE-D,,UNITE,OK
TKT93391532165,2025-11-06T19:09:29Z,PORTE-C,R51529699,ABONNEMENT,OK
TKT50397806674,2025-11-06T19:09:29Z,PORTE-D,R55844606,ABONNEMENT,OK
TKT49194812718,2025-11-06T19:09:29Z,PORTE-C,R57747827,UNITE,OK
TKT72670488800,2025-11-06T19:09:30Z,PORTE-A,,UNITE,OK
TKT77226941321,2025-11-06T19:09:30Z,PORTE-C,,UNITE,OK
TKT80501998695,2025-11-06T19:09:31Z,PORTE-C,R57888482,ABONNEMENT,OK
TKT73403364644,2025-11-06T19:09:31Z,PORTE-A,,UNITE,OK
TKT93344419454,2025-11-06T19:09:32Z,PORTE-C,R56403106,ABONNEMENT,OK
TKT91217491961,2025-11-06T19:09:33Z,PORTE-C,R56169429,UNITE,OK
TKT70605119982,2025-11-06T19:09:35Z,PORTE-C,R57659632,ABONNEMENT,OK
TKT39082287851,2025-11-06T19:09:35Z,VIP-EST,R54122210,ABONNEMENT,OK
TKT79929777299,2025-11-06T19:09:35Z,PORTE-C,R57848570,UNITE,OK
TKT62487821150,2025-11-06T19:09:37Z,PORTE-A,R57758315,ABONNEMENT,OK
TKT26352508507,2025-11-06T19:09:37Z,PORTE-B,,UNITE,OK
TKT20286751117,2025-11-06T19:09:39Z,PORTE-C,R59413348,ABONNEMENT,REFUSE_DEJA_SCANNE
TKT69933530046,2025-11-06T19:09:41Z,VIP-EST,R56232759,UNITE,OK
TKT11622304822,2025-11-06T19:09:42Z,PORTE-D,R51697594,ABONNEMENT,OK
TKT76537697977,2025-11-06T19:09:42Z,PORTE-B,R53663408,UNITE,OK
TKT79302355100,2025-11-06T19:09:43Z,PORTE-B,R57823772,ABONNEMENT,OK
TKT67375520832,2025-11-06T19:09:45Z,PORTE-A,R56082373,ABONNEMENT,OK
TKT33418728920,2025-11-06T19:09:45Z,PORTE-A,,GROUPE,OK
TKT17406796984,2025-11-06T19:09:45Z,PORTE-C,R54816729,UNITE,OK
TKT35625588731,2025-11-06T19:09:46Z,PORTE-A,R57477839,UNITE,OK
TKT39563509597,2025-11-06T19:09:47Z,PORTE-D,R59733411,ABONNEMENT,OK
TKT62716780882,2025-11-06T19:09:47Z,PORTE-C,,UNITE,OK
TKT35494704169,2025-11-06T19:09:50Z,PORTE-D,R53358948,ABONNEMENT,OK
TKT52813688354,2025-11-06T19:09:50Z,PORTE-A,R54224102,UNITE,OK
TKT91165005076,2025-11-06T19:09:52Z,PORTE-D,R55025092,UNITE,OK
TKT37333631782,2025-11-06T19:09:53Z,PORTE-B,R56797543,ABONNEMENT,OK
TKT72033276792,2025-11-06T19:09:53Z,PORTE-A,R54838462,ABONNEMENT,OK
TKT79625383358,2025-11-06T19:09:53Z,PORTE-A,,GROUPE,OK
TKT84213374094,2025-11-06T19:09:56Z,PORTE-C,R52733286,UNITE,OK
TKT40110213987,2025-11-06T19:09:57Z,VIP-EST,R54853452,VIP,OK
TKT84200184042,2025-11-06T19:09:57Z,PORTE-C,,UNITE,OK
TKT63830681337,2025-11-06T19:09:58Z,PORTE-C,R56549000,UNITE,OK
TKT93294247281,2025-11-06T19:09:59Z,PORTE-B,,UNITE,OK
TKT83927089022,2025-11-06T19:10:00Z,PORTE-C,R59082328,ABONNEMENT,OK
TKT28785082046,2025-11-06T19:10:02Z,PORTE-C,R53523299,ABONNEMENT,OK
TKT84232441625,2025-11-06T19:10:03Z,PMR-NORD,R56147150,ABONNEMENT,OK
TKT95998202806,2025-11-06T19:10:03Z,VIP-EST,R54385522,ABONNEMENT,OK
TKT31941673225,2025-11-06T19:10:03Z,PMR-NORD,R51684510,UNITE,OK
TKT99402182334,2025-11-06T19:10:04Z,PORTE-D,R58709212,ABONNEMENT,OK
TKT80619076191,2025-11-06T19:10:05Z,VIP-EST,R59166788,ABONNEMENT,OK
TKT53166508901,2025-11-06T19:10:05Z,PORTE-D,,GROUPE,OK
TKT13246284828,2025-11-06T19:10:05Z,PORTE-C,R53205631,UNITE,OK
TKT26740074838,2025-11-06T19:10:05Z,PORTE-C,R59221747,UNITE,OK
TKT48468227709,2025-11-06T19:10:06Z,PORTE-B,R52706783,ABONNEMENT,REFUSE_DEJA_SCANNE
TKT62255308686,2025-11-06T19:10:06Z,PORTE-B,R56662415,GROUPE,REFUSE_DEJA_SCANNE
TKT24737045409,2025-11-06T19:10:07Z,PORTE-C,R52775650,ABONNEMENT,OK
TKT60205604124,2025-11-06T19:10:08Z,PORTE-A,R58895641,UNITE,OK
TKT89346214407,2025-11-06T19:10:10Z,PORTE-D,R54467329,UNITE,OK
TKT64243439036,2025-11-06T19:10:10Z,PORTE-C,,GROUPE,OK
TKT23878766521,2025-11-06T19:10:12Z,VIP-EST,R57057857,ABONNEMENT,OK
TKT72297714716,2025-11-06T19:10:13Z,PORTE-C,R56909310,GROUPE,OK
TKT12649995171,2025-11-06T19:10:14Z,PORTE-D,R51621103,ABONNEMENT,OK
TKT98320341366,2025-11-06T19:10:14Z,PORTE-C,R53890429,ABONNEMENT,OK
TKT46338615607,2025-11-06T19:10:14Z,PORTE-C,R51146095,UNITE,OK
TKT75286130257,2025-11-06T19:10:16Z,PORTE-D,R59312270,UNITE,OK
TKT77286467819,2025-11-06T19:10:17Z,PORTE-C,R55309514,ABONNEMENT,OK
TKT51796667471,2025-11-06T19:10:17Z,PORTE-C,,GROUPE,OK
TKT65992616748,2025-11-06T19:10:17Z,VIP-EST,,UNITE,OK
TKT11757707587,2025-11-06T19:10:18Z,PORTE-C,R59449592,UNITE,OK
TKT41497698982,2025-11-06T19:10:18Z,PORTE-C,R56317842,UNITE,OK
TKT63315290013,2025-11-06T19:10:19Z,PORTE-C,R52352134,UNITE,OK
TKT27800429271,2025-11-06T19:10:19Z,PORTE-C,,GROUPE,OK
TKT29352475152,2025-11-06T19:10:19Z,PORTE-A,R56239368,UNITE,OK
TKT10720170784,2025-11-06T19:10:21Z,PORTE-C,R51804792,ABONNEMENT,OK
TKT45216629872,2025-11-06T19:10:21Z,VIP-EST,R57238424,VIP,OK
TKT60588194725,2025-11-06T19:10:21Z,PORTE-B,R55245762,UNITE,OK
TKT49379325859,2025-11-06T19:10:22Z,VIP-EST,R54202925,UNITE,OK
TKT39856317414,2025-11-06T19:10:22Z,PORTE-D,R51367790,UNITE,OK
TKT39222042302,2025-11-06T19:10:24Z,VIP-EST,R56620798,UNITE,OK
TKT46766700673,2025-11-06T19:10:26Z,PORTE-C,R58890258,UNITE,OK
TKT89458487891,2025-11-06T19:10:26Z,PORTE-B,R57305452,UNITE,OK
TKT51339554521,2025-11-06T19:10:30Z,VIP-EST,,GROUPE,OK
TKT79310572859,2025-11-06T19:10:30Z,PORTE-B,R55404405,INVITATION,OK
TKT55462566115,2025-11-06T19:10:32Z,PORTE-C,R53634061,ABONNEMENT,OK
TKT45300265929,2025-11-06T19:10:32Z,PORTE-A,R57759886,ABONNEMENT,OK
TKT78326985351,2025-11-06T19:10:33Z,PORTE-A,,UNITE,OK
TKT57073748494,2025-11-06T19:10:35Z,PORTE-A,R58275553,ABONNEMENT,OK
TKT49045111563,2025-11-06T19:10:36Z,PORTE-C,,UNITE,OK
TKT69049326341,2025-11-06T19:10:37Z,PORTE-C,R51856083,ABONNEMENT,OK
TKT15640649994,2025-11-06T19:10:37Z,PORTE-D,R51155826,ABONNEMENT,OK
TKT43231413024,2025-11-06T19:10:38Z,PORTE-D,R57839576,UNITE,OK
TKT87654678429,2025-11-06T19:10:39Z,VIP-EST,R55713491,ABONNEMENT,OK
TKT11132235639,2025-11-06T19:10:42Z,PORTE-C,R54323264,UNITE,OK
TKT50229332905,2025-11-06T19:10:42Z,VIP-EST,R54750458,VIP,REFUSE_DEJA_SCANNE
TKT13394351525,2025-11-06T19:10:43Z,PORTE-D,R55137874,ABONNEMENT,OK
TKT75086079338,2025-11-06T19:10:45Z,PORTE-A,R52997690,UNITE,OK
TKT32749057843,2025-11-06T19:10:45Z,PORTE-C,,GROUPE,OK
TKT69211418256,2025-11-06T19:10:46Z,PORTE-B,R59252819,ABONNEMENT,OK
TKT11376046584,2025-11-06T19:10:46Z,PORTE-C,,GROUPE,OK
TKT22578794708,2025-11-06T19:10:48Z,PORTE-B,R53770204,UNITE,OK
TKT97201799953,2025-11-06T19:10:48Z,PORTE-C,R53047343,UNITE,OK
TKT47774119856,2025-11-06T19:10:48Z,VIP-EST,,UNITE,OK
TKT55704186620,2025-11-06T19:10:49Z,PORTE-C,R56308034,ABONNEMENT,OK
TKT56354530579,2025-11-06T19:10:50Z,PORTE-C,,UNITE,OK
TKT46476949550,2025-11-06T19:10:51Z,PORTE-C,R51512257,ABONNEMENT,OK
TKT84865571707,2025-11-06T19:10:53Z,PORTE-B,R55410056,ABONNEMENT,OK
TKT51088112184,2025-11-06T19:10:53Z,PORTE-C,R56061052,UNITE,OK
TKT65450834282,2025-11-06T19:10:54Z,PORTE-D,R51854033,ABONNEMENT,OK
TKT19192684102,2025-11-06T19:10:54Z,PORTE-C,R55403370,UNITE,OK
TKT30381613979,2025-11-06T19:10:54Z,PORTE-C,R58803078,UNITE,OK
TKT20272616639,2025-11-06T19:10:55Z,PORTE-B,,GROUPE,OK
TKT84791255841,2025-11-06T19:10:55Z,PORTE-C,,UNITE,OK
TKT47588774172,2025-11-06T19:10:57Z,PORTE-A,R56550169,UNITE,OK
TKT89160196038,2025-11-06T19:10:58Z,PORTE-A,R56431448,ABONNEMENT,OK
TKT75699848281,2025-11-06T19:10:59Z,PORTE-A,R51674635,ABONNEMENT,OK
TKT14847652536,2025-11-06T19:11:02Z,PORTE-C,R59882504,ABONNEMENT,OK
TKT87927739780,2025-11-06T19:11:05Z,PORTE-B,R55459843,ABONNEMENT,OK
TKT59064954174,2025-11-06T19:11:05Z,PORTE-B,,GROUPE,OK
TKT20499533469,2025-11-06T19:11:06Z,PORTE-A,,UNITE,OK
TKT26816495896,2025-11-06T19:11:07Z,PORTE-B,R55646396,UNITE,OK
TKT44401359561,2025-11-06T19:11:07Z,PORTE-A,R51740092,UNITE,OK
TKT35101832284,2025-11-06T19:11:09Z,VIP-EST,R52238863,UNITE,OK
TKT40771044377,2025-11-06T19:11:09Z,PORTE-C,R54122689,UNITE,OK
TKT91710036633,2025-11-06T19:11:10Z,VIP-EST,R59529282,ABONNEMENT,OK
TKT40264087558,2025-11-06T19:11:11Z,PORTE-C,R59340679,UNITE,OK
TKT67492907056,2025-11-06T19:11:12Z,PORTE-D,R55829951,ABONNEMENT,OK
TKT91658247995,2025-11-06T19:11:12Z,VIP-EST,R53301949,UNITE,OK
TKT56862140830,2025-11-06T19:11:13Z,PORTE-C,,UNITE,OK
TKT13930752548,2025-11-06T19:11:16Z,VIP-EST,R58564477,ABONNEMENT,OK
TKT11942802004,2025-11-06T19:11:17Z,VIP-EST,R55210285,UNITE,OK
TKT87484353952,2025-11-06T19:11:18Z,PORTE-C,,GROUPE,OK
TKT86172202818,2025-11-06T19:11:19Z,PORTE-B,R56916599,INVITATION,OK
TKT76031736739,2025-11-06T19:11:20Z,PORTE-C,R56889972,UNITE,OK
TKT55564128307,2025-11-06T19:11:22Z,VIP-EST,R54458469,UNITE,OK
TKT47929674763,2025-11-06T19:11:22Z,PORTE-A,R53040332,UNITE,OK
TKT54810562436,2025-11-06T19:11:23Z,PORTE-A,R58115905,ABONNEMENT,OK
TKT52542818880,2025-11-06T19:11:23Z,VIP-EST,R54426727,UNITE,OK
TKT58272332481,2025-11-06T19:11:23Z,PORTE-D,R55895887,UNITE,OK
TKT40593966115,2025-11-06T19:11:24Z,VIP-EST,R51054078,ABONNEMENT,OK
TKT92053693943,2025-11-06T19:11:24Z,VIP-EST,R51557686,ABONNEMENT,OK
TKT33592564777,2025-11-06T19:11:25Z,PORTE-A,R56060851,UNITE,OK
TKT60522371472,2025-11-06T19:11:26Z,VIP-EST,R54480403,UNITE,OK
TKT73520166778,2025-11-06T19:11:27Z,PORTE-C,R57377853,UNITE,OK
TKT14616619400,2025-11-06T19:11:28Z,PORTE-C,R58508493,UNITE,OK
TKT10043688608,2025-11-06T19:11:29Z,PORTE-B,R58675708,UNITE,OK
TKT81873007776,2025-11-06T19:11:29Z,PORTE-D,,GROUPE,OK
TKT90466938663,2025-11-06T19:11:30Z,PORTE-D,R56185223,ABONNEMENT,OK
TKT48652828265,2025-11-06T19:11:30Z,PORTE-A,R53050063,ABONNEMENT,OK
TKT25911780144,2025-11-06T19:11:30Z,PORTE-D,,UNITE,OK
TKT69372746935,2025-11-06T19:11:31Z,VIP-EST,R51821755,ABONNEMENT,OK
TKT83281196378,2025-11-06T19:11:31Z,PORTE-C,R52244447,ABONNEMENT,OK
TKT33515835183,2025-11-06T19:11:32Z,PORTE-C,,UNITE,OK
TKT99105636827,2025-11-06T19:11:33Z,PORTE-C,,UNITE,OK
TKT53158163538,2025-11-06T19:11:34Z,PORTE-C,R58305255,ABONNEMENT,OK
TKT19227020712,2025-11-06T19:11:34Z,PORTE-C,R54232540,UNITE,OK
TKT19972423334,2025-11-06T19:11:35Z,PORTE-D,,UNITE,OK
TKT40375650583,2025-11-06T19:11:36Z,VIP-EST,,UNITE,OK
TKT14380336791,2025-11-06T19:11:37Z,PORTE-A,R58482000,ABONNEMENT,OK
TKT35877664640,2025-11-06T19:11:37Z,PORTE-C,R55138152,UNITE,OK
TKT60546936015,2025-11-06T19:11:39Z,PORTE-B,R55794541,ABONNEMENT,OK
TKT17216629827,2025-11-06T19:11:39Z,PORTE-C,,GROUPE,OK
TKT67966702460,2025-11-06T19:11:40Z,VIP-EST,R54293706,ABONNEMENT,OK
TKT88311910225,2025-11-06T19:11:40Z,PORTE-B,R55824367,UNITE,OK
TKT72738076092,2025-11-06T19:11:40Z,PORTE-A,,UNITE,OK
TKT63937860088,2025-11-06T19:11:41Z,PORTE-C,R55362721,UNITE,OK
TKT11079662858,2025-11-06T19:11:42Z,PORTE-C,,UNITE,OK
TKT36604433070,2025-11-06T19:11:43Z,PORTE-C,R54945469,ABONNEMENT,OK
TKT32923143892,2025-11-06T19:11:43Z,PORTE-C,R53616552,UNITE,OK
TKT87676107072,2025-11-06T19:11:44Z,PORTE-D,R55225409,ABONNEMENT,OK
TKT10215872860,2025-11-06T19:11:44Z,VIP-EST,R58388489,ABONNEMENT,OK
TKT40542658439,2025-11-06T19:11:44Z,VIP-EST,R58989219,ABONNEMENT,OK
TKT53971796415,2025-11-06T19:11:45Z,PORTE-C,R58223046,ABONNEMENT,OK
TKT25338955496,2025-11-06T19:11:46Z,PORTE-B,R56510391,ABONNEMENT,OK
TKT50892737696,2025-11-06T19:11:46Z,PORTE-A,R59816223,UNITE,OK
TKT33434354823,2025-11-06T19:11:46Z,PORTE-A,,GROUPE,OK
TKT81770957867,2025-11-06T19:11:48Z,PORTE-D,R52909629,UNITE,OK
TKT41161225172,2025-11-06T19:11:48Z,PORTE-C,,UNITE,OK
TKT79938629256,2025-11-06T19:11:49Z,PORTE-B,R59686277,UNITE,OK
TKT53476019034,2025-11-06T19:11:50Z,PORTE-C,,UNITE,OK
TKT58374459348,2025-11-06T19:11:56Z,PORTE-C,R52169661,ABONNEMENT,OK
TKT15401654174,2025-11-06T19:11:57Z,VIP-EST,R58486569,ABONNEMENT,OK
TKT34590477668,2025-11-06T19:11:57Z,PORTE-C,R53723147,ABONNEMENT,OK
TKT19580567922,2025-11-06T19:11:57Z,PORTE-B,R51955245,ABONNEMENT,OK
TKT18887099825,2025-11-06T19:11:57Z,PORTE-C,,UNITE,REFUSE_INVALIDE
TKT65668000941,2025-11-06T19:11:57Z,PORTE-C,R52008452,GROUPE,OK
TKT11870578626,2025-11-06T19:12:02Z,PORTE-B,R51011225,ABONNEMENT,OK
TKT59955753059,2025-11-06T19:12:02Z,PORTE-D,R52641537,UNITE,OK
TKT33179941436,2025-11-06T19:12:03Z,PORTE-A,R59390255,UNITE,OK
TKT91416486474,2025-11-06T19:12:05Z,VIP-EST,,GROUPE,OK
TKT83457117297,2025-11-06T19:12:05Z,PORTE-B,,UNITE,OK
TKT76365677180,2025-11-06T19:12:07Z,PORTE-D,R54580590,ABONNEMENT,OK
TKT64466469189,2025-11-06T19:12:08Z,VIP-EST,R54409774,ABONNEMENT,OK
TKT93085830922,2025-11-06T19:12:11Z,VIP-EST,R59103438,ABONNEMENT,OK
TKT98372062176,2025-11-06T19:12:11Z,PORTE-C,R58616448,UNITE,OK
TKT29660347547,2025-11-06T19:12:12Z,PMR-NORD,R55655591,UNITE,OK
TKT48104142792,2025-11-06T19:12:12Z,PORTE-A,R52118246,UNITE,OK
TKT89232101022,2025-11-06T19:12:13Z,PORTE-B,R57737885,ABONNEMENT,OK
TKT69955114350,2025-11-06T19:12:13Z,PORTE-C,,UNITE,OK
TKT41349738273,2025-11-06T19:12:15Z,PORTE-C,R59585467,UNITE,OK
TKT67965592725,2025-11-06T19:12:15Z,PORTE-A,R57574482,INVITATION,REFUSE_DEJA_SCANNE
TKT41010483283,2025-11-06T19:12:16Z,PORTE-A,R54583598,ABONNEMENT,OK
TKT81036328503,2025-11-06T19:12:16Z,VIP-EST,R57344607,UNITE,OK
TKT37262320604,2025-11-06T19:12:16Z,PORTE-C,R54787727,UNITE,OK
TKT81369211821,2025-11-06T19:12:17Z,PORTE-B,R59415944,UNITE,OK
TKT80681618867,2025-11-06T19:12:17Z,PORTE-C,,UNITE,OK
TKT12992962465,2025-11-06T19:12:19Z,PORTE-B,,GROUPE,OK
TKT88652743679,2025-11-06T19:12:21Z,PORTE-C,R59011833,UNITE,OK
TKT45214718430,2025-11-06T19:12:22Z,PORTE-C,R52300374,ABONNEMENT,OK
TKT62755345317,2025-11-06T19:12:22Z,PORTE-C,R56391737,ABONNEMENT,OK
TKT57175061573,2025-11-06T19:12:22Z,PORTE-D,R54206459,UNITE,OK
TKT12195831800,2025-11-06T19:12:23Z,PORTE-B,R55643053,UNITE,OK
TKT23933575710,2025-11-06T19:12:24Z,PORTE-B,R58488465,ABONNEMENT,OK
TKT56804034387,2025-11-06T19:12:24Z,PORTE-C,R52962481,UNITE,OK
TKT71353132343,2025-11-06T19:12:27Z,PORTE-B,,UNITE,OK
TKT72547119708,2025-11-06T19:12:27Z,PORTE-B,R58876015,UNITE,OK
TKT25667601001,2025-11-06T19:12:27Z,PORTE-A,R57485808,UNITE,OK
TKT76688147906,2025-11-06T19:12:28Z,VIP-EST,R57878463,UNITE,OK
TKT96301346305,2025-11-06T19:12:29Z,PORTE-A,R54580111,ABONNEMENT,OK
TKT82631820751,2025-11-06T19:12:29Z,PORTE-C,R59193827,UNITE,OK
TKT98368810047,2025-11-06T19:12:29Z,PORTE-C,,UNITE,OK
TKT78323072439,2025-11-06T19:12:30Z,PORTE-A,R58240133,UNITE,OK
TKT61336966519,2025-11-06T19:12:32Z,PORTE-B,R53405412,ABONNEMENT,OK
TKT28088031034,2025-11-06T19:12:32Z,PORTE-D,R56148041,UNITE,OK
TKT60357310355,2025-11-06T19:12:33Z,VIP-EST,R58780186,ABONNEMENT,OK
TKT18476357051,2025-11-06T19:12:34Z,PORTE-B,R55758173,ABONNEMENT,OK
TKT10888297083,2025-11-06T19:12:35Z,PORTE-A,R57970212,ABONNEMENT,OK
TKT33127879393,2025-11-06T19:12:35Z,PORTE-A,R56958216,ABONNEMENT,OK
TKT91615438645,2025-11-06T19:12:35Z,PORTE-D,R54684053,ABONNEMENT,OK
TKT56357517463,2025-11-06T19:12:35Z,PORTE-A,R51481406,UNITE,OK
TKT53019495490,2025-11-06T19:12:36Z,PORTE-C,R55903243,ABONNEMENT,OK
TKT92010366479,2025-11-06T19:12:36Z,PORTE-A,R57658875,ABONNEMENT,OK
TKT41085730400,2025-11-06T19:12:36Z,VIP-EST,R54644141,UNITE,OK
TKT25610167729,2025-11-06T19:12:38Z,PORTE-C,R56995954,UNITE,OK
TKT34898611949,2025-11-06T19:12:40Z,VIP-EST,,UNITE,OK
TKT10165937918,2025-11-06T19:12:41Z,PORTE-C,,UNITE,OK
TKT11763823171,2025-11-06T19:12:43Z,PORTE-A,R58206016,UNITE,OK
TKT98058643534,2025-11-06T19:12:43Z,PORTE-B,,GROUPE,OK
TKT82879927226,2025-11-06T19:12:44Z,PORTE-C,R54124796,ABONNEMENT,OK
TKT29386193627,2025-11-06T19:12:44Z,PORTE-D,R58921377,ABONNEMENT,OK
TKT82009650157,2025-11-06T19:12:45Z,PORTE-A,,UNITE,OK
TKT50659437717,2025-11-06T19:12:48Z,PORTE-A,,GROUPE,OK
TKT11923813680,2025-11-06T19:12:49Z,VIP-EST,R56851832,ABONNEMENT,OK
TKT49803647371,2025-11-06T19:12:49Z,PORTE-C,R57504121,ABONNEMENT,OK
TKT26313241515,2025-11-06T19:12:51Z,PORTE-A,,UNITE,OK
TKT42540017428,2025-11-06T19:12:52Z,PORTE-B,R56427492,UNITE,OK
TKT14189901429,2025-11-06T19:12:54Z,PORTE-D,R53475974,UNITE,OK
TKT48964853465,2025-11-06T19:12:55Z,PORTE-B,R54451525,UNITE,OK
TKT30752439080,2025-11-06T19:12:56Z,PORTE-A,R52334424,UNITE,OK
TKT25966358502,2025-11-06T19:12:56Z,VIP-EST,R56778128,UNITE,OK
TKT77319657448,2025-11-06T19:12:57Z,PORTE-C,R59075796,ABONNEMENT,OK
TKT31823052167,2025-11-06T19:12:58Z,PORTE-D,R56765389,UNITE,OK
TKT68565251957,2025-11-06T19:13:01Z,PORTE-C,R55843102,ABONNEMENT,OK
TKT62709179710,2025-11-06T19:13:02Z,PORTE-A,R56003363,UNITE,OK
TKT95817151257,2025-11-06T19:13:02Z,PORTE-B,R59359059,UNITE,OK
TKT18250669879,2025-11-06T19:13:03Z,PORTE-D,R51516682,ABONNEMENT,OK
TKT92032775783,2025-11-06T19:13:05Z,VIP-EST,R58932890,ABONNEMENT,OK
TKT76911693763,2025-11-06T19:13:05Z,PORTE-B,R57226509,UNITE,OK
TKT69397236363,2025-11-06T19:13:06Z,PORTE-D,R55422795,ABONNEMENT,OK
TKT63620734745,2025-11-06T19:13:06Z,PORTE-A,,GROUPE,OK
TKT72399244278,2025-11-06T19:13:07Z,PORTE-D,R57832565,INVITATION,OK
TKT54616536249,2025-11-06T19:13:08Z,PORTE-A,R57112960,ABONNEMENT,OK
TKT17547392382,2025-11-06T19:13:08Z,PORTE-C,R55938998,UNITE,OK
TKT98828702644,2025-11-06T19:13:09Z,PORTE-C,R52959148,ABONNEMENT,OK
TKT29148212105,2025-11-06T19:13:10Z,PORTE-A,R51572666,ABONNEMENT,OK
TKT90657480174,2025-11-06T19:13:11Z,PORTE-D,R52500691,ABONNEMENT,OK
TKT28645417781,2025-11-06T19:13:11Z,VIP-EST,R52586032,UNITE,OK
TKT22653520734,2025-11-06T19:13:11Z,VIP-EST,R54816662,UNITE,OK
TKT84765917819,2025-11-06T19:13:11Z,PORTE-B,R51611841,UNITE,OK
TKT55073145594,2025-11-06T19:13:15Z,PORTE-D,R56529394,UNITE,OK
TKT27891114326,2025-11-06T19:13:17Z,PORTE-A,R58898093,ABONNEMENT,OK
TKT55806920689,2025-11-06T19:13:18Z,PORTE-C,R54863394,ABONNEMENT,OK
TKT55477005108,2025-11-06T19:13:18Z,PORTE-D,R53309851,UNITE,OK
TKT88200041705,2025-11-06T19:13:18Z,PORTE-D,,UNITE,OK
TKT43550584351,2025-11-06T19:13:18Z,PORTE-C,R55870476,UNITE,OK
TKT64036132876,2025-11-06T19:13:19Z,PORTE-B,R56657913,ABONNEMENT,OK
TKT69101123922,2025-11-06T19:13:22Z,PORTE-C,,UNITE,OK
TKT18559237166,2025-11-06T19:13:23Z,PORTE-C,R55197881,ABONNEMENT,OK
TKT54858422815,2025-11-06T19:13:23Z,PORTE-C,R57584568,UNITE,OK
TKT91854517445,2025-11-06T19:13:23Z,PORTE-C,R54682559,UNITE,OK
TKT31362668723,2025-11-06T19:13:24Z,PORTE-C,R53354255,ABONNEMENT,OK
TKT86867011464,2025-11-06T19:13:26Z,PORTE-C,R52273191,ABONNEMENT,OK
TKT89853377140,2025-11-06T19:13:28Z,VIP-EST,R54579910,UNITE,OK
TKT40472448683,2025-11-06T19:13:28Z,PORTE-B,R59382152,UNITE,OK
TKT11358930740,2025-11-06T19:13:29Z,PORTE-A,,UNITE,OK
TKT15457241145,2025-11-06T19:13:29Z,VIP-EST,R52187237,UNITE,OK
TKT47204039886,2025-11-06T19:13:30Z,PORTE-C,R57091237,ABONNEMENT,OK
TKT23043453379,2025-11-06T19:13:31Z,PORTE-C,R58071146,UNITE,OK
TKT53338523348,2025-11-06T19:13:32Z,PORTE-C,R53284028,UNITE,OK
TKT22525428335,2025-11-06T19:13:33Z,VIP-EST,R59437332,UNITE,OK
TKT34554083076,2025-11-06T19:13:34Z,PORTE-C,R57695933,ABONNEMENT,OK
TKT28067728246,2025-11-06T19:13:34Z,PORTE-C,R53529094,UNITE,OK
TKT10441396517,2025-11-06T19:13:34Z,PORTE-A,,UNITE,OK
TKT97310971742,2025-11-06T19:13:35Z,PORTE-C,R57441739,ABONNEMENT,OK
TKT63589610597,2025-11-06T19:13:35Z,PORTE-C,R51548156,UNITE,OK
TKT95493663518,2025-11-06T19:13:37Z,PORTE-A,R57777663,ABONNEMENT,OK
TKT96806860751,2025-11-06T19:13:38Z,PORTE-A,R52785736,ABONNEMENT,OK
TKT64584217117,2025-11-06T19:13:38Z,PORTE-C,R56662338,ABONNEMENT,OK
TKT66878765396,2025-11-06T19:13:38Z,PORTE-A,R54432187,UNITE,OK
TKT63512523315,2025-11-06T19:13:39Z,PORTE-C,R54727164,UNITE,OK
TKT30730131369,2025-11-06T19:13:39Z,VIP-EST,,GROUPE,OK
TKT61659027000,2025-11-06T19:13:40Z,PORTE-C,R55359110,UNITE,OK
TKT11446751335,2025-11-06T19:13:42Z,VIP-EST,R59193281,ABONNEMENT,OK
TKT80744759993,2025-11-06T19:13:42Z,VIP-EST,R55179223,UNITE,OK
TKT95570065598,2025-11-06T19:13:43Z,PORTE-B,R56590962,UNITE,OK
TKT53012200230,2025-11-06T19:13:44Z,VIP-EST,R56665413,ABONNEMENT,OK
TKT72722340223,2025-11-06T19:13:44Z,PORTE-D,,UNITE,OK
TKT60891107340,2025-11-06T19:13:46Z,PORTE-C,R59827947,ABONNEMENT,OK
TKT82908194783,2025-11-06T19:13:46Z,PORTE-A,R52354921,UNITE,OK
TKT92070524609,2025-11-06T19:13:46Z,VIP-EST,R56467270,UNITE,OK
TKT89267808287,2025-11-06T19:13:48Z,PORTE-C,R56097229,ABONNEMENT,OK
TKT83877732017,2025-11-06T19:13:48Z,PORTE-A,R57942560,UNITE,OK
TKT85795097145,2025-11-06T19:13:49Z,PORTE-C,R55151226,ABONNEMENT,OK
TKT61029907856,2025-11-06T19:13:50Z,PORTE-B,R55864624,UNITE,OK
TKT25767733186,2025-11-06T19:13:50Z,PORTE-A,R54345811,UNITE,OK
TKT17374504322,2025-11-06T19:13:51Z,PORTE-A,R56544709,UNITE,OK
TKT24526735142,2025-11-06T19:13:52Z,PORTE-A,,UNITE,OK
TKT81942874064,2025-11-06T19:13:52Z,PORTE-A,R51324679,UNITE,OK
TKT31353161121,2025-11-06T19:13:52Z,PORTE-C,R56150617,UNITE,OK
TKT72053162384,2025-11-06T19:13:54Z,PORTE-D,R52927885,ABONNEMENT,OK
TKT58901874847,2025-11-06T19:13:54Z,VIP-EST,R51159102,UNITE,OK
TKT65755755591,2025-11-06T19:13:56Z,PORTE-C,R55260551,UNITE,OK
TKT54748284388,2025-11-06T19:13:56Z,PORTE-C,R52313649,UNITE,OK
TKT32988954190,2025-11-06T19:13:57Z,PORTE-C,R53319247,UNITE,OK
TKT49330164380,2025-11-06T19:13:58Z,VIP-EST,R58141239,ABONNEMENT,OK
TKT71613752395,2025-11-06T19:13:59Z,VIP-EST,,UNITE,OK
TKT74902301540,2025-11-06T19:14:00Z,PORTE-D,R58208880,ABONNEMENT,OK
TKT58304774562,2025-11-06T19:14:00Z,PMR-NORD,R55694555,UNITE,OK
TKT28634278288,2025-11-06T19:14:02Z,PORTE-D,R57075165,UNITE,OK
TKT88248770417,2025-11-06T19:14:03Z,PORTE-B,R55901126,ABONNEMENT,OK
TKT99897648750,2025-11-06T19:14:04Z,VIP-EST,,VIP,OK
TKT17037555458,2025-11-06T19:14:05Z,PORTE-D,R57749264,ABONNEMENT,OK
TKT70457354195,2025-11-06T19:14:05Z,VIP-EST,R51950619,UNITE,OK
TKT12799837774,2025-11-06T19:14:05Z,VIP-EST,R57999358,UNITE,OK
TKT10270738552,2025-11-06T19:14:08Z,PORTE-D,R53400163,ABONNEMENT,OK
TKT18155475739,2025-11-06T19:14:08Z,PORTE-B,R51645000,UNITE,OK
TKT19116295442,2025-11-06T19:14:09Z,VIP-EST,R53389330,UNITE,OK
TKT43721401638,2025-11-06T19:14:11Z,VIP-EST,R55546008,ABONNEMENT,OK
TKT81505806968,2025-11-06T19:14:12Z,VIP-EST,,GROUPE,OK
TKT36558402737,2025-11-06T19:14:13Z,PORTE-A,R51094124,ABONNEMENT,OK
TKT53338009394,2025-11-06T19:14:14Z,PORTE-A,R59219985,ABONNEMENT,OK
TKT72560671552,2025-11-06T19:14:15Z,VIP-EST,,VIP,OK
TKT98092001528,2025-11-06T19:14:18Z,PORTE-A,,UNITE,OK
TKT28379392519,2025-11-06T19:14:18Z,VIP-EST,R58767524,UNITE,OK
TKT34294695253,2025-11-06T19:14:18Z,PORTE-C,R52239888,UNITE,OK
TKT98941754083,2025-11-06T19:14:19Z,PORTE-A,R56746118,ABONNEMENT,OK
TKT20363609583,2025-11-06T19:14:19Z,VIP-EST,R59093573,UNITE,OK
TKT55444012922,2025-11-06T19:14:21Z,PORTE-B,R56330102,UNITE,OK
TKT97175008816,2025-11-06T19:14:22Z,PORTE-B,R53114907,UNITE,OK
TKT57700574743,2025-11-06T19:14:23Z,VIP-EST,R54394784,ABONNEMENT,OK
TKT32454956542,2025-11-06T19:14:23Z,PORTE-D,R59883318,UNITE,OK
TKT26506011229,2025-11-06T19:14:25Z,VIP-EST,,VIP,OK
TKT16722816027,2025-11-06T19:14:26Z,PORTE-C,R57509025,ABONNEMENT,OK
TKT37757744492,2025-11-06T19:14:26Z,VIP-EST,R52004707,UNITE,OK
TKT70733806353,2025-11-06T19:14:26Z,PORTE-C,,UNITE,OK
TKT44230917407,2025-11-06T19:14:27Z,PORTE-C,R58391822,ABONNEMENT,OK
TKT35862241789,2025-11-06T19:14:27Z,PORTE-D,R58406668,UNITE,OK
TKT40290493862,2025-11-06T19:14:28Z,PORTE-D,R56909387,ABONNEMENT,OK
TKT63327790433,2025-11-06T19:14:28Z,PORTE-C,R55560576,ABONNEMENT,OK
TKT81827002547,2025-11-06T19:14:28Z,PORTE-C,,GROUPE,OK
TKT77253057088,2025-11-06T19:14:28Z,PORTE-C,R55059343,GROUPE,OK
TKT91458642947,2025-11-06T19:14:30Z,VIP-EST,R52710270,VIP,OK
TKT98808215419,2025-11-06T19:14:30Z,PORTE-A,R57594376,INVITATION,OK
TKT19258192302,2025-11-06T19:14:32Z,PORTE-C,R52452254,ABONNEMENT,OK
TKT51566780752,2025-11-06T19:14:33Z,PORTE-D,R57866893,ABONNEMENT,OK
TKT29995388957,2025-11-06T19:14:34Z,PORTE-C,R56895010,UNITE,OK
TKT50141209543,2025-11-06T19:14:35Z,VIP-EST,R54707347,ABONNEMENT,OK
TKT20926137050,2025-11-06T19:14:35Z,PORTE-C,R57038787,ABONNEMENT,OK
TKT41604399993,2025-11-06T19:14:37Z,PORTE-A,R57476948,UNITE,REFUSE_INVALIDE
TKT50667641113,2025-11-06T19:14:38Z,PORTE-D,R53576161,ABONNEMENT,OK
TKT77197303031,2025-11-06T19:14:40Z,PORTE-A,R58663247,UNITE,OK
TKT13648496817,2025-11-06T19:14:41Z,PORTE-C,R54085976,ABONNEMENT,OK
TKT84719576497,2025-11-06T19:14:42Z,PORTE-D,R58620873,ABONNEMENT,OK
TKT36682517122,2025-11-06T19:14:43Z,PORTE-D,R58839714,ABONNEMENT,OK
TKT42183086707,2025-11-06T19:14:43Z,PORTE-A,R51740082,ABONNEMENT,OK
TKT69975606817,2025-11-06T19:14:44Z,PORTE-A,R53655027,ABONNEMENT,OK
TKT51618543644,2025-11-06T19:14:44Z,PORTE-B,,UNITE,OK
TKT87820517056,2025-11-06T19:14:44Z,VIP-EST,R56408010,UNITE,OK
TKT30983295999,2025-11-06T19:14:45Z,PORTE-C,R59346809,INVITATION,OK
TKT19791994933,2025-11-06T19:14:45Z,PORTE-B,R54502873,UNITE,OK
TKT92850834037,2025-11-06T19:14:47Z,PORTE-A,R58384878,ABONNEMENT,OK
TKT16422724166,2025-11-06T19:14:50Z,PORTE-D,R58279643,UNITE,OK
TKT79415170288,2025-11-06T19:14:51Z,PORTE-B,R57585114,UNITE,OK
TKT82387255715,2025-11-06T19:14:54Z,PORTE-A,R57069035,INVITATION,OK
TKT14916836180,2025-11-06T19:14:55Z,PORTE-A,R55961957,ABONNEMENT,OK
TKT36318576213,2025-11-06T19:14:56Z,PORTE-B,R57867563,ABONNEMENT,OK
TKT73972366654,2025-11-06T19:14:56Z,PORTE-C,,GROUPE,OK
TKT25413326264,2025-11-06T19:14:57Z,PORTE-C,R58303885,UNITE,OK
TKT79834675151,2025-11-06T19:14:58Z,PMR-NORD,,UNITE,OK
TKT12850626747,2025-11-06T19:14:58Z,VIP-EST,R54202034,UNITE,OK
TKT71840481603,2025-11-06T19:14:59Z,VIP-EST,R58809687,ABONNEMENT,OK
TKT63639848856,2025-11-06T19:15:01Z,VIP-EST,R59086485,ABONNEMENT,OK
TKT89073780958,2025-11-06T19:15:01Z,PORTE-C,R58949307,ABONNEMENT,OK
TKT30609866974,2025-11-06T19:15:02Z,PORTE-D,R55023176,UNITE,OK
TKT22971133062,2025-11-06T19:15:03Z,PORTE-D,R59087098,ABONNEMENT,OK
TKT51374254517,2025-11-06T19:15:05Z,VIP-EST,R55665600,VIP,OK
TKT85052121824,2025-11-06T19:15:06Z,PORTE-A,R54843510,ABONNEMENT,OK
TKT91797191737,2025-11-06T19:15:06Z,PORTE-A,,INVITATION,OK
TKT39685331564,2025-11-06T19:15:07Z,PORTE-C,R54187801,UNITE,OK
TKT35866851436,2025-11-06T19:15:08Z,PORTE-C,R52447906,ABONNEMENT,OK
TKT74432897602,2025-11-06T19:15:08Z,PORTE-D,,UNITE,OK
TKT30524541469,2025-11-06T19:15:10Z,PORTE-C,R56049683,ABONNEMENT,OK
TKT30413166779,2025-11-06T19:15:10Z,PORTE-C,R51039299,UNITE,OK
TKT30253887536,2025-11-06T19:15:11Z,PORTE-A,R52110411,UNITE,OK
TKT47726079691,2025-11-06T19:15:13Z,PORTE-B,R55341457,ABONNEMENT,OK
TKT55049262568,2025-11-06T19:15:14Z,PORTE-C,R52707396,UNITE,OK
TKT87676835983,2025-11-06T19:15:15Z,PORTE-D,R58941606,ABONNEMENT,OK
TKT67386013830,2025-11-06T19:15:17Z,PORTE-C,R54331109,ABONNEMENT,OK
TKT97442118220,2025-11-06T19:15:17Z,VIP-EST,R56217511,ABONNEMENT,OK
TKT99165031817,2025-11-06T19:15:17Z,PORTE-A,R58166372,UNITE,OK
TKT13596628216,2025-11-06T19:15:18Z,PORTE-D,,UNITE,OK
TKT56212062670,2025-11-06T19:15:19Z,PORTE-D,R52391845,ABONNEMENT,OK
TKT10275924821,2025-11-06T19:15:20Z,PORTE-C,,UNITE,OK
TKT41338081175,2025-11-06T19:15:21Z,PORTE-D,R59860302,INVITATION,OK
TKT94583730413,2025-11-06T19:15:21Z,PORTE-B,,GROUPE,OK
TKT27035779765,2025-11-06T19:15:22Z,PORTE-B,R56429475,UNITE,OK
TKT79084272759,2025-11-06T19:15:22Z,PORTE-D,,GROUPE,OK
TKT38362513672,2025-11-06T19:15:22Z,PORTE-B,R59285921,UNITE,OK
TKT57271405671,2025-11-06T19:15:23Z,VIP-EST,R54549126,ABONNEMENT,OK
TKT44922068199,2025-11-06T19:15:23Z,PORTE-C,R55748700,UNITE,OK
TKT87243621463,2025-11-06T19:15:24Z,VIP-EST,R53420938,ABONNEMENT,OK
TKT56328874721,2025-11-06T19:15:26Z,PORTE-D,R55625008,UNITE,OK
TKT86424766985,2025-11-06T19:15:29Z,PORTE-C,,UNITE,OK
TKT26465772969,2025-11-06T19:15:29Z,PORTE-A,,UNITE,OK
TKT13047655581,2025-11-06T19:15:31Z,PORTE-C,R56571212,UNITE,OK
TKT30533362120,2025-11-06T19:15:32Z,PORTE-C,R56490095,ABONNEMENT,OK
TKT97848230986,2025-11-06T19:15:32Z,PORTE-C,R56594238,UNITE,OK
TKT28686188289,2025-11-06T19:15:33Z,PORTE-C,R57801158,UNITE,OK
TKT59181772344,2025-11-06T19:15:33Z,PORTE-C,R55717437,UNITE,OK
TKT89560949950,2025-11-06T19:15:37Z,PORTE-C,,GROUPE,OK
TKT17431241257,2025-11-06T19:15:39Z,PORTE-B,R57005082,UNITE,OK
TKT84236605674,2025-11-06T19:15:40Z,PORTE-C,R54204141,UNITE,OK
TKT72667039915,2025-11-06T19:15:41Z,PORTE-A,R55952350,VIP,OK
TKT22766790907,2025-11-06T19:15:44Z,PMR-NORD,R51248878,UNITE,OK
TKT47545873905,2025-11-06T19:15:44Z,PORTE-C,,GROUPE,OK
TKT16294331163,2025-11-06T19:15:44Z,PORTE-C,R52227149,UNITE,OK
TKT90136835801,2025-11-06T19:15:45Z,PORTE-C,R54816672,ABONNEMENT,OK
TKT82407379988,2025-11-06T19:15:45Z,PORTE-A,R51372359,ABONNEMENT,OK
TKT84989819032,2025-11-06T19:15:45Z,PORTE-D,R58253073,ABONNEMENT,OK
TKT75783694559,2025-11-06T19:15:45Z,PORTE-C,,INVITATION,OK
TKT67955830915,2025-11-06T19:15:47Z,PORTE-D,R59669716,UNITE,OK
TKT21944323983,2025-11-06T19:15:48Z,PORTE-D,,UNITE,OK
TKT48613623974,2025-11-06T19:15:48Z,VIP-EST,R56234196,UNITE,OK
TKT28979342816,2025-11-06T19:15:50Z,VIP-EST,,UNITE,OK
TKT60610274163,2025-11-06T19:15:50Z,PMR-NORD,R52777901,UNITE,OK
TKT38061030599,2025-11-06T19:15:51Z,PORTE-C,R53976450,ABONNEMENT,OK
TKT23375385407,2025-11-06T19:15:51Z,PORTE-C,R56638297,ABONNEMENT,OK
TKT81934704930,2025-11-06T19:15:51Z,PORTE-C,,UNITE,OK
TKT11765110274,2025-11-06T19:15:52Z,PORTE-C,R52295882,UNITE,OK
TKT52330387347,2025-11-06T19:15:53Z,PORTE-D,R59779520,ABONNEMENT,OK
TKT26833193870,2025-11-06T19:15:53Z,PORTE-C,,UNITE,OK
TKT57198114128,2025-11-06T19:15:53Z,PORTE-C,R54370743,UNITE,OK
TKT69059340045,2025-11-06T19:15:54Z,PORTE-B,,UNITE,OK
TKT42687528940,2025-11-06T19:15:54Z,PORTE-C,R57852516,UNITE,OK
TKT11683298564,2025-11-06T19:15:55Z,VIP-EST,,VIP,OK
TKT18949795659,2025-11-06T19:15:56Z,VIP-EST,R53527523,ABONNEMENT,OK
TKT33510148138,2025-11-06T19:15:56Z,PORTE-A,R57314168,UNITE,OK
TKT22483205673,2025-11-06T19:15:57Z,PORTE-C,R53070781,ABONNEMENT,OK
TKT80542873128,2025-11-06T19:15:57Z,PORTE-D,R54328925,ABONNEMENT,OK
TKT34414428863,2025-11-06T19:15:57Z,PORTE-D,R53916721,UNITE,OK
TKT58507301999,2025-11-06T19:15:57Z,PORTE-A,R51951031,UNITE,OK
TKT62319439154,2025-11-06T19:15:59Z,PORTE-A,R55532043,ABONNEMENT,OK
TKT49096002208,2025-11-06T19:16:00Z,PORTE-C,R53566075,UNITE,OK
TKT51849355097,2025-11-06T19:16:02Z,PORTE-C,R56324039,ABONNEMENT,OK
TKT80130021422,2025-11-06T19:16:02Z,PORTE-C,,UNITE,OK
TKT53366998712,2025-11-06T19:16:06Z,VIP-EST,R52704475,UNITE,OK
TKT88614397400,2025-11-06T19:16:07Z,PORTE-C,R56470948,ABONNEMENT,OK
TKT19232143904,2025-11-06T19:16:09Z,PORTE-A,,UNITE,OK
TKT84474922445,2025-11-06T19:16:09Z,PORTE-C,R53802837,UNITE,OK
TKT51370157964,2025-11-06T19:16:12Z,PORTE-B,R52176414,UNITE,OK
TKT27410420891,2025-11-06T19:16:12Z,PORTE-C,R52065183,UNITE,OK
TKT68458065514,2025-11-06T19:16:13Z,PORTE-D,R55878043,ABONNEMENT,OK
TKT20377678143,2025-11-06T19:16:13Z,PORTE-C,R57543152,UNITE,OK
TKT96134627290,2025-11-06T19:16:13Z,VIP-EST,R54463852,UNITE,OK
TKT15045827614,2025-11-06T19:16:14Z,PMR-NORD,R51365338,UNITE,OK
TKT31305832155,2025-11-06T19:16:16Z,PORTE-C,R52644880,UNITE,OK
TKT71851139559,2025-11-06T19:16:17Z,PORTE-C,R55049669,UNITE,OK
TKT21232581186,2025-11-06T19:16:19Z,PORTE-D,R53124658,ABONNEMENT,OK
TKT68958634220,2025-11-06T19:16:20Z,PORTE-B,R53267621,ABONNEMENT,OK
TKT76235831732,2025-11-06T19:16:20Z,PORTE-C,,GROUPE,OK
TKT57464295521,2025-11-06T19:16:22Z,PMR-NORD,R53484546,ABONNEMENT,OK
TKT47398577497,2025-11-06T19:16:22Z,PORTE-B,,UNITE,OK
TKT35942391368,2025-11-06T19:16:24Z,PORTE-C,,GROUPE,OK
TKT33443087530,2025-11-06T19:16:25Z,PORTE-A,R57741084,ABONNEMENT,OK
TKT70354367204,2025-11-06T19:16:25Z,PORTE-A,R53132004,ABONNEMENT,OK
TKT86588877238,2025-11-06T19:16:26Z,PORTE-C,R52725250,UNITE,OK
TKT71095461804,2025-11-06T19:16:27Z,VIP-EST,R58554535,ABONNEMENT,OK
TKT97675738883,2025-11-06T19:16:29Z,PORTE-D,R59795860,ABONNEMENT,OK
TKT36308069982,2025-11-06T19:16:30Z,PORTE-C,R51175519,ABONNEMENT,OK
TKT63884885975,2025-11-06T19:16:30Z,PORTE-C,R51883601,ABONNEMENT,OK
TKT64239120786,2025-11-06T19:16:31Z,VIP-EST,R59608282,ABONNEMENT,OK
TKT60594433784,2025-11-06T19:16:31Z,PORTE-D,,UNITE,OK
TKT40923185875,2025-11-06T19:16:31Z,VIP-EST,R58425939,VIP,OK
TKT39988781217,2025-11-06T19:16:32Z,PORTE-A,R56406861,INVITATION,OK
TKT21137040140,2025-11-06T19:16:33Z,PORTE-C,,UNITE,OK
TKT88388909092,2025-11-06T19:16:35Z,PORTE-C,,UNITE,OK
TKT20071006176,2025-11-06T19:16:37Z,PORTE-C,R55873139,UNITE,OK
TKT73905492810,2025-11-06T19:16:39Z,VIP-EST,R53084535,UNITE,OK
TKT90280185507,2025-11-06T19:16:40Z,PORTE-A,R53900170,ABONNEMENT,OK
TKT73926564991,2025-11-06T19:16:40Z,VIP-EST,,INVITATION,OK
TKT62796916244,2025-11-06T19:16:41Z,PORTE-D,R56688362,UNITE,OK
TKT37318755443,2025-11-06T19:16:43Z,PORTE-D,,UNITE,OK
TKT47985038160,2025-11-06T19:16:43Z,PORTE-C,R53641407,UNITE,OK
TKT51715602437,2025-11-06T19:16:43Z,PORTE-A,R52932511,UNITE,OK
TKT14152122308,2025-11-06T19:16:44Z,PORTE-C,,GROUPE,OK
TKT17059348518,2025-11-06T19:16:45Z,PORTE-B,R56741358,ABONNEMENT,OK
TKT12389062962,2025-11-06T19:16:45Z,PORTE-D,R58760369,ABONNEMENT,OK
TKT51175507780,2025-11-06T19:16:45Z,PORTE-C,R58424378,UNITE,OK
TKT98931567966,2025-11-06T19:16:45Z,PORTE-A,R59604748,UNITE,OK
TKT35709059759,2025-11-06T19:16:47Z,PORTE-A,R59761398,UNITE,OK
TKT89440402974,2025-11-06T19:16:48Z,PORTE-C,,GROUPE,OK
TKT82545976236,2025-11-06T19:16:48Z,PORTE-C,R56585790,UNITE,OK
TKT26641477064,2025-11-06T19:16:49Z,PORTE-D,R52793149,ABONNEMENT,OK
TKT93527044817,2025-11-06T19:16:50Z,PORTE-C,,UNITE,OK
TKT34015615148,2025-11-06T19:16:51Z,PORTE-B,R54463038,ABONNEMENT,OK
TKT36445591210,2025-11-06T19:16:51Z,PORTE-A,,UNITE,OK
TKT85662120030,2025-11-06T19:16:51Z,PORTE-A,R52516552,UNITE,OK
TKT63011254262,2025-11-06T19:16:52Z,PORTE-C,R52708967,ABONNEMENT,OK
TKT10100397498,2025-11-06T19:16:54Z,PORTE-C,R58240143,UNITE,OK
TKT12378892367,2025-11-06T19:16:56Z,PORTE-D,R52596999,ABONNEMENT,OK
TKT89625498322,2025-11-06T19:16:57Z,PORTE-D,,GROUPE,OK
TKT62133960011,2025-11-06T19:16:58Z,PORTE-B,R52081121,UNITE,OK
TKT84946820912,2025-11-06T19:16:59Z,PORTE-C,,INVITATION,OK
TKT61113774270,2025-11-06T19:17:00Z,PORTE-D,R54358627,ABONNEMENT,OK
TKT74446634565,2025-11-06T19:17:01Z,VIP-EST,R51711003,UNITE,OK
TKT68745705758,2025-11-06T19:17:02Z,PORTE-D,,GROUPE,OK
TKT28595587000,2025-11-06T19:17:02Z,PORTE-C,R54543954,UNITE,OK
TKT55700517338,2025-11-06T19:17:03Z,PORTE-C,R54673900,ABONNEMENT,OK
TKT51773347390,2025-11-06T19:17:03Z,PORTE-C,R56197895,UNITE,OK
TKT47736098446,2025-11-06T19:17:03Z,PORTE-C,,GROUPE,OK
TKT31736213805,2025-11-06T19:17:05Z,PORTE-B,R53317197,ABONNEMENT,OK
TKT14115238644,2025-11-06T19:17:07Z,PORTE-B,R58534105,UNITE,OK
TKT65269546016,2025-11-06T19:17:07Z,PORTE-D,R55273836,UNITE,OK
TKT28101760730,2025-11-06T19:17:08Z,PORTE-A,R51933522,ABONNEMENT,OK
TKT19547130333,2025-11-06T19:17:08Z,PORTE-A,,UNITE,OK
TKT72641428189,2025-11-06T19:17:10Z,PORTE-D,R59255606,UNITE,OK
TKT88727567969,2025-11-06T19:17:11Z,PORTE-C,,GROUPE,OK
TKT19901075094,2025-11-06T19:17:12Z,PORTE-D,R58917575,ABONNEMENT,OK
TKT57969687225,2025-11-06T19:17:13Z,PORTE-C,R59624297,UNITE,OK
TKT78530771092,2025-11-06T19:17:14Z,PORTE-A,R52831165,ABONNEMENT,OK
TKT60042622827,2025-11-06T19:17:14Z,PORTE-C,R51142752,ABONNEMENT,OK
TKT56157404017,2025-11-06T19:17:15Z,VIP-EST,,UNITE,OK
TKT72153592815,2025-11-06T19:17:16Z,PORTE-D,R58595683,ABONNEMENT,OK
TKT96251164902,2025-11-06T19:17:16Z,PORTE-D,R51405806,UNITE,OK
TKT88316528718,2025-11-06T19:17:16Z,PORTE-B,R56578769,UNITE,OK
TKT54242092348,2025-11-06T19:17:17Z,PORTE-B,R57802451,ABONNEMENT,OK
TKT69680013815,2025-11-06T19:17:21Z,PORTE-C,R58765618,UNITE,OK
TKT40927111431,2025-11-06T19:17:22Z,PORTE-B,R55745424,ABONNEMENT,OK
TKT46033445971,2025-11-06T19:17:23Z,PORTE-A,R54415827,ABONNEMENT,OK
TKT32257352757,2025-11-06T19:17:24Z,PORTE-A,R56794880,UNITE,OK
TKT86381489015,2025-11-06T19:17:27Z,PORTE-A,R56812657,UNITE,OK
TKT48177014200,2025-11-06T19:17:27Z,PORTE-C,R52136904,UNITE,OK
TKT77325173514,2025-11-06T19:17:29Z,PORTE-C,R55048999,ABONNEMENT,OK
TKT20917275531,2025-11-06T19:17:30Z,PORTE-C,R54415837,UNITE,OK
TKT47566405594,2025-11-06T19:17:31Z,VIP-EST,,GROUPE,OK
TKT94184904535,2025-11-06T19:17:31Z,PORTE-A,R58810903,UNITE,OK
TKT30250207610,2025-11-06T19:17:32Z,PORTE-A,R56115207,ABONNEMENT,OK
TKT49133709518,2025-11-06T19:17:32Z,VIP-EST,R58610117,VIP,OK
TKT62622054998,2025-11-06T19:17:32Z,PORTE-C,R58057737,UNITE,OK
TKT20870782759,2025-11-06T19:17:33Z,PORTE-B,R56208450,UNITE,OK
TKT99663837669,2025-11-06T19:17:34Z,PORTE-B,R53182203,ABONNEMENT,OK
TKT30682966016,2025-11-06T19:17:35Z,PORTE-D,R55212603,UNITE,OK
TKT45024337906,2025-11-06T19:17:37Z,PORTE-D,,UNITE,OK
TKT60350206675,2025-11-06T19:17:38Z,PORTE-C,R58519862,UNITE,OK
TKT97826375467,2025-11-06T19:17:38Z,PORTE-D,,GROUPE,OK
TKT29284094848,2025-11-06T19:17:39Z,PORTE-A,,UNITE,OK
TKT69976042280,2025-11-06T19:17:40Z,VIP-EST,,UNITE,OK
TKT44826588944,2025-11-06T19:17:40Z,PORTE-C,R56631075,UNITE,OK
TKT69668553889,2025-11-06T19:17:42Z,PORTE-B,R51032077,ABONNEMENT,OK
TKT18192958243,2025-11-06T19:17:43Z,PORTE-A,R58564477,UNITE,OK
TKT59640648994,2025-11-06T19:17:44Z,PORTE-D,R53748759,ABONNEMENT,OK
TKT19325886480,2025-11-06T19:17:44Z,PORTE-C,R59182381,ABONNEMENT,OK
TKT25461449672,2025-11-06T19:17:44Z,PORTE-C,R55599339,UNITE,OK
TKT69975871854,2025-11-06T19:17:46Z,PORTE-B,R54844113,ABONNEMENT,OK
TKT59238187907,2025-11-06T19:17:47Z,PORTE-A,R53150672,INVITATION,OK
TKT94341260458,2025-11-06T19:17:50Z,PORTE-D,R56680527,ABONNEMENT,OK
TKT37262719531,2025-11-06T19:17:50Z,PORTE-A,R58715409,UNITE,OK
TKT76367549286,2025-11-06T19:17:50Z,PORTE-D,R55377356,UNITE,OK
TKT82016720434,2025-11-06T19:17:51Z,PORTE-B,R53308280,ABONNEMENT,OK
TKT90374198042,2025-11-06T19:17:53Z,PORTE-A,R51067152,ABONNEMENT,OK
TKT85275236210,2025-11-06T19:17:53Z,PORTE-A,R55905695,ABONNEMENT,OK
TKT19057871866,2025-11-06T19:17:54Z,PORTE-D,R54350035,ABONNEMENT,OK
TKT27832934688,2025-11-06T19:17:54Z,PORTE-C,R51176879,UNITE,OK
TKT73089905772,2025-11-06T19:17:55Z,PORTE-A,R58589074,UNITE,OK
TKT10337865831,2025-11-06T19:17:56Z,PORTE-C,R59723727,UNITE,OK
TKT70305365084,2025-11-06T19:17:57Z,PORTE-A,,UNITE,OK
TKT16350290826,2025-11-06T19:17:57Z,PORTE-C,R53378708,UNITE,OK
TKT34374013937,2025-11-06T19:17:57Z,VIP-EST,R59679524,VIP,OK
TKT40667490312,2025-11-06T19:17:59Z,PORTE-A,R56406047,ABONNEMENT,OK
TKT63281391905,2025-11-06T19:17:59Z,PORTE-C,R52074043,ABONNEMENT,OK
TKT20501891745,2025-11-06T19:17:59Z,VIP-EST,,GROUPE,OK
TKT23751950224,2025-11-06T19:17:59Z,PORTE-D,R52533716,UNITE,OK
TKT90456999843,2025-11-06T19:18:01Z,PORTE-B,R56317842,ABONNEMENT,OK
TKT46622902585,2025-11-06T19:18:01Z,PORTE-B,R57393714,ABONNEMENT,OK
TKT20730910604,2025-11-06T19:18:01Z,PORTE-D,R52585965,UNITE,OK
TKT46041969435,2025-11-06T19:18:03Z,PORTE-A,R53422844,ABONNEMENT,OK
TKT36231197681,2025-11-06T19:18:03Z,PORTE-D,,UNITE,OK
TKT15163591438,2025-11-06T19:18:06Z,PORTE-C,R58341623,UNITE,OK
TKT76689515363,2025-11-06T19:18:06Z,PORTE-A,R52620082,UNITE,OK
TKT45340312504,2025-11-06T19:18:06Z,PORTE-C,,UNITE,OK
TKT10844597710,2025-11-06T19:18:07Z,VIP-EST,R56463937,ABONNEMENT,OK
TKT26831125528,2025-11-06T19:18:07Z,VIP-EST,R57956592,UNITE,OK
TKT37121451609,2025-11-06T19:18:08Z,PORTE-B,,UNITE,OK
TKT21971191052,2025-11-06T19:18:08Z,PORTE-D,R58500189,UNITE,OK
TKT52526369140,2025-11-06T19:18:09Z,PORTE-A,,UNITE,OK
TKT47278347213,2025-11-06T19:18:10Z,PORTE-D,R58037776,ABONNEMENT,OK
TKT94193958835,2025-11-06T19:18:10Z,PORTE-C,R59265069,UNITE,OK
TKT38852843469,2025-11-06T19:18:11Z,PORTE-C,R51723876,ABONNEMENT,OK
TKT78196804727,2025-11-06T19:18:13Z,VIP-EST,R55520329,UNITE,OK
TKT72086668685,2025-11-06T19:18:14Z,PORTE-C,R56118061,ABONNEMENT,OK
TKT99491665900,2025-11-06T19:18:14Z,PORTE-D,R56003641,UNITE,OK
TKT25407733476,2025-11-06T19:18:17Z,PORTE-A,R56915574,ABONNEMENT,OK
TKT14412400739,2025-11-06T19:18:17Z,VIP-EST,R51759631,UNITE,OK
TKT19483383631,2025-11-06T19:18:18Z,PORTE-C,R53188477,UNITE,OK
TKT90482379938,2025-11-06T19:18:20Z,PORTE-A,R52690577,ABONNEMENT,OK
TKT99081963463,2025-11-06T19:18:20Z,PORTE-D,,UNITE,OK
TKT54264388698,2025-11-06T19:18:20Z,PORTE-C,R51026483,UNITE,OK
TKT56724396967,2025-11-06T19:18:20Z,VIP-EST,R58034376,UNITE,OK
TKT81836438817,2025-11-06T19:18:22Z,PORTE-D,R53004510,ABONNEMENT,OK
TKT23802015653,2025-11-06T19:18:22Z,PORTE-A,R53085617,ABONNEMENT,OK
TKT78831516805,2025-11-06T19:18:22Z,PORTE-A,R54030116,UNITE,OK
TKT85413363698,2025-11-06T19:18:23Z,PORTE-D,R51052708,ABONNEMENT,OK
TKT86132846619,2025-11-06T19:18:23Z,PORTE-C,R56315859,UNITE,OK
TKT46441202712,2025-11-06T19:18:23Z,PORTE-A,R52347642,VIP,OK
TKT77562299860,2025-11-06T19:18:24Z,PORTE-B,R58993175,ABONNEMENT,OK
TKT60724409358,2025-11-06T19:18:24Z,PORTE-C,R54727097,UNITE,OK
TKT87274872105,2025-11-06T19:18:24Z,VIP-EST,,GROUPE,OK
TKT82316895786,2025-11-06T19:18:24Z,PORTE-A,R53138211,UNITE,OK
TKT43369087351,2025-11-06T19:18:25Z,PORTE-B,R56840865,UNITE,OK
TKT97347287057,2025-11-06T19:18:27Z,PORTE-C,R58562715,ABONNEMENT,OK
TKT15253540215,2025-11-06T19:18:27Z,PORTE-D,R59245051,ABONNEMENT,OK
TKT41745918146,2025-11-06T19:18:28Z,PORTE-C,R55753202,ABONNEMENT,OK
TKT33196053696,2025-11-06T19:18:28Z,VIP-EST,R54545582,UNITE,OK
TKT91800797385,2025-11-06T19:18:29Z,PORTE-C,R55025628,ABONNEMENT,OK
TKT97574480432,2025-11-06T19:18:29Z,PORTE-D,,GROUPE,OK
TKT81519867422,2025-11-06T19:18:29Z,PORTE-A,R58974986,UNITE,OK
TKT43002823772,2025-11-06T19:18:30Z,PORTE-A,R52734445,ABONNEMENT,OK
TKT71016241965,2025-11-06T19:18:31Z,PORTE-B,R56313273,UNITE,OK
TKT94498082679,2025-11-06T19:18:32Z,PORTE-A,R57461221,ABONNEMENT,OK
TKT59989750194,2025-11-06T19:18:32Z,PORTE-C,R54931571,ABONNEMENT,OK
TKT58858747772,2025-11-06T19:18:33Z,PORTE-B,R54785476,ABONNEMENT,OK
TKT68393305885,2025-11-06T19:18:34Z,VIP-EST,R55762186,UNITE,OK
TKT56684807961,2025-11-06T19:18:34Z,PORTE-D,R52904715,UNITE,OK
TKT80010511208,2025-11-06T19:18:36Z,PORTE-C,R55570595,ABONNEMENT,OK
TKT66584823362,2025-11-06T19:18:37Z,PORTE-C,R54461745,ABONNEMENT,OK
TKT91612779109,2025-11-06T19:18:37Z,PORTE-C,R53972226,ABONNEMENT,OK
TKT53552438212,2025-11-06T19:18:37Z,PORTE-C,R58055630,UNITE,OK
TKT93161415362,2025-11-06T19:18:38Z,VIP-EST,R59375543,ABONNEMENT,OK
TKT30362920678,2025-11-06T19:18:38Z,PORTE-C,R51430929,UNITE,OK
TKT42887673327,2025-11-06T19:18:40Z,PORTE-D,R57649412,ABONNEMENT,OK
TKT35518266372,2025-11-06T19:18:41Z,VIP-EST,R54420674,ABONNEMENT,OK
TKT93150456738,2025-11-06T19:18:41Z,PORTE-D,R57554933,ABONNEMENT,OK
TKT81661311009,2025-11-06T19:18:41Z,VIP-EST,R59898643,UNITE,OK
TKT24353625780,2025-11-06T19:18:42Z,PORTE-A,R57836099,UNITE,OK
TKT88409475232,2025-11-06T19:18:42Z,PORTE-C,,UNITE,OK
TKT57071844435,2025-11-06T19:18:44Z,PORTE-B,R53583306,UNITE,OK
TKT40568657344,2025-11-06T19:18:44Z,PORTE-C,,GROUPE,OK
TKT96914726940,2025-11-06T19:18:44Z,VIP-EST,R57339100,UNITE,OK
TKT40520752542,2025-11-06T19:18:45Z,PORTE-B,R56184821,ABONNEMENT,OK
TKT50913640770,2025-11-06T19:18:45Z,PORTE-D,R51805482,UNITE,OK
TKT97779422982,2025-11-06T19:18:46Z,PMR-NORD,R53037736,ABONNEMENT,OK
TKT20644119458,2025-11-06T19:18:47Z,PORTE-C,R52825102,ABONNEMENT,OK
TKT99513467122,2025-11-06T19:18:47Z,PORTE-C,R57580066,UNITE,OK
TKT55447995942,2025-11-06T19:18:48Z,PORTE-B,R59182793,ABONNEMENT,OK
TKT31635522025,2025-11-06T19:18:48Z,PORTE-A,R54404726,ABONNEMENT,OK
TKT97326879014,2025-11-06T19:18:49Z,PORTE-B,,UNITE,OK
TKT58549625940,2025-11-06T19:18:50Z,PORTE-D,R54799096,ABONNEMENT,OK
TKT11631383530,2025-11-06T19:18:51Z,VIP-EST,R59144586,VIP,OK
TKT92055653079,2025-11-06T19:18:51Z,PORTE-D,R53583795,UNITE,OK
TKT74611673061,2025-11-06T19:18:51Z,PORTE-C,R57692322,UNITE,OK
TKT56333862098,2025-11-06T19:18:51Z,VIP-EST,,UNITE,OK
TKT73242791983,2025-11-06T19:18:52Z,PORTE-C,R52113399,UNITE,OK
TKT44499988046,2025-11-06T19:18:53Z,PORTE-D,R52029763,ABONNEMENT,OK
TKT15852394577,2025-11-06T19:18:54Z,PORTE-B,,UNITE,OK
TKT97611185618,2025-11-06T19:18:56Z,PORTE-C,R59960901,ABONNEMENT,OK
TKT97908892913,2025-11-06T19:18:58Z,PORTE-C,,INVITATION,OK
TKT99040397861,2025-11-06T19:18:58Z,VIP-EST,R54854065,UNITE,OK
TKT79909195004,2025-11-06T19:18:59Z,PORTE-A,R59215761,INVITATION,OK
TKT79582134991,2025-11-06T19:19:00Z,VIP-EST,R54378990,ABONNEMENT,OK
TKT41839464266,2025-11-06T19:19:00Z,PORTE-D,R51534392,UNITE,OK
TKT86247371415,2025-11-06T19:19:01Z,PORTE-C,R52870397,ABONNEMENT,OK
TKT22752575389,2025-11-06T19:19:01Z,VIP-EST,R52688192,ABONNEMENT,OK
TKT15949502799,2025-11-06T19:19:01Z,PORTE-B,R52670482,UNITE,OK
TKT45064516014,2025-11-06T19:19:01Z,PORTE-C,R53405134,UNITE,OK
TKT63894044220,2025-11-06T19:19:02Z,PORTE-A,R53328298,UNITE,OK
TKT36169668402,2025-11-06T19:19:03Z,PORTE-C,,UNITE,OK
TKT82035212738,2025-11-06T19:19:04Z,PORTE-A,R52411796,UNITE,OK
TKT26849407968,2025-11-06T19:19:05Z,PORTE-C,R56060851,UNITE,OK
TKT22446528935,2025-11-06T19:19:05Z,PORTE-A,R54982862,UNITE,OK
TKT66797084643,2025-11-06T19:19:06Z,PORTE-A,R52366712,UNITE,OK
TKT24737045409,2025-11-06T19:19:07Z,PORTE-C,R52775650,ABONNEMENT,REFUSE_DEJA_SCANNE
TKT20096562826,2025-11-06T19:19:07Z,PORTE-A,R58278886,ABONNEMENT,OK
TKT17427765363,2025-11-06T19:19:09Z,PORTE-D,R52221153,ABONNEMENT,OK
TKT19071094683,2025-11-06T19:19:09Z,PORTE-C,R55151973,UNITE,OK
TKT16222966175,2025-11-06T19:19:11Z,PORTE-A,R53407385,UNITE,OK
TKT74469996650,2025-11-06T19:19:13Z,VIP-EST,R54611585,UNITE,OK
TKT84414682060,2025-11-06T19:19:16Z,PORTE-B,R56920411,ABONNEMENT,OK
TKT24292921556,2025-11-06T19:19:16Z,PORTE-D,R54810609,UNITE,OK
TKT17863128571,2025-11-06T19:19:16Z,PORTE-B,,UNITE,OK
TKT32856330156,2025-11-06T19:19:16Z,PORTE-A,,UNITE,OK
TKT99522827402,2025-11-06T19:19:16Z,VIP-EST,R51732602,UNITE,OK
TKT73022052132,2025-11-06T19:19:17Z,PORTE-B,R56546548,UNITE,OK
TKT19298410259,2025-11-06T19:19:17Z,PORTE-C,R57478854,UNITE,OK
TKT74190515434,2025-11-06T19:19:18Z,PORTE-B,R59824269,ABONNEMENT,OK
TKT68778322793,2025-11-06T19:19:18Z,VIP-EST,R54934224,ABONNEMENT,OK
TKT52548380383,2025-11-06T19:19:18Z,VIP-EST,R53412346,UNITE,OK
TKT31719344270,2025-11-06T19:19:19Z,VIP-EST,R58387732,UNITE,OK
TKT55954691792,2025-11-06T19:19:20Z,VIP-EST,R53257267,UNITE,OK
TKT31325510149,2025-11-06T19:19:21Z,PORTE-A,R51748195,UNITE,OK
TKT78331521895,2025-11-06T19:19:23Z,PMR-NORD,R57524762,ABONNEMENT,OK
TKT65012965400,2025-11-06T19:19:24Z,VIP-EST,R58106576,UNITE,OK
TKT97657781820,2025-11-06T19:19:25Z,PORTE-C,R56179093,ABONNEMENT,OK
TKT36465736879,2025-11-06T19:19:25Z,VIP-EST,,UNITE,OK
TKT56108205819,2025-11-06T19:19:27Z,PORTE-A,R56826153,ABONNEMENT,OK
TKT80749629002,2025-11-06T19:19:27Z,PORTE-D,,GROUPE,OK
TKT94349793583,2025-11-06T19:19:27Z,PORTE-C,R53003954,UNITE,OK
TKT80561940937,2025-11-06T19:19:28Z,PORTE-D,R58295648,UNITE,OK
TKT80497538294,2025-11-06T19:19:29Z,PORTE-B,R54444715,ABONNEMENT,OK
TKT12427740917,2025-11-06T19:19:29Z,PORTE-C,,UNITE,OK
TKT28697558618,2025-11-06T19:19:31Z,PORTE-D,R59889103,ABONNEMENT,OK
TKT60010679527,2025-11-06T19:19:31Z,PORTE-C,,GROUPE,OK
TKT10683047182,2025-11-06T19:19:33Z,PORTE-A,R53710743,UNITE,OK
TKT57681079737,2025-11-06T19:19:36Z,PORTE-C,,UNITE,OK
TKT53531110802,2025-11-06T19:19:36Z,PORTE-A,R54145293,UNITE,OK
TKT88984687499,2025-11-06T19:19:37Z,PORTE-C,R55705857,UNITE,OK
TKT88213004358,2025-11-06T19:19:38Z,PORTE-D,R55853935,ABONNEMENT,REFUSE_DEJA_SCANNE
TKT19492357152,2025-11-06T19:19:38Z,PORTE-B,R56594228,UNITE,OK
TKT47785116822,2025-11-06T19:19:38Z,PORTE-A,R57637564,UNITE,OK
TKT53289964221,2025-11-06T19:19:38Z,PORTE-C,R59931611,UNITE,OK
TKT81658088500,2025-11-06T19:19:38Z,PORTE-A,,UNITE,OK
TKT88873385992,2025-11-06T19:19:40Z,PORTE-C,R53493540,UNITE,OK
TKT61223148478,2025-11-06T19:19:41Z,PORTE-C,R57314915,ABONNEMENT,OK
TKT81943820580,2025-11-06T19:19:41Z,PORTE-B,,GROUPE,OK
TKT43624314001,2025-11-06T19:19:43Z,PORTE-B,R53134657,ABONNEMENT,OK
TKT64037918263,2025-11-06T19:19:48Z,PORTE-D,R59586626,ABONNEMENT,OK
TKT93456021485,2025-11-06T19:19:48Z,PORTE-B,R58551815,UNITE,OK
TKT14143526063,2025-11-06T19:19:50Z,PORTE-B,,UNITE,OK
TKT86428183886,2025-11-06T19:19:51Z,PORTE-A,R56251628,ABONNEMENT,OK
TKT89787887848,2025-11-06T19:19:54Z,PORTE-A,R58500246,ABONNEMENT,OK
TKT92311929705,2025-11-06T19:19:56Z,PORTE-C,R54232004,UNITE,OK
TKT63435825073,2025-11-06T19:19:56Z,PORTE-C,,UNITE,OK
TKT65982153157,2025-11-06T19:19:58Z,PORTE-B,R56672079,ABONNEMENT,OK
TKT40528554326,2025-11-06T19:19:58Z,VIP-EST,R58593221,ABONNEMENT,OK
TKT39010466440,2025-11-06T19:19:58Z,PORTE-C,R58261722,ABONNEMENT,OK
TKT52446963960,2025-11-06T19:20:00Z,VIP-EST,R56666160,UNITE,OK
TKT58635947993,2025-11-06T19:20:02Z,PORTE-C,R59567556,ABONNEMENT,OK
TKT23214913529,2025-11-06T19:20:02Z,PORTE-D,R56177321,ABONNEMENT,OK
TKT38245729843,2025-11-06T19:20:03Z,PORTE-C,R54573991,ABONNEMENT,OK
TKT44040362721,2025-11-06T19:20:04Z,PORTE-B,R59695261,ABONNEMENT,OK
TKT30098997761,2025-11-06T19:20:04Z,PORTE-A,R52048900,UNITE,OK
TKT83101690912,2025-11-06T19:20:07Z,PORTE-A,R54880625,UNITE,OK
TKT55121851987,2025-11-06T19:20:07Z,PORTE-C,R54223968,UNITE,OK
TKT34531209625,2025-11-06T19:20:07Z,PORTE-A,R57806206,UNITE,OK
TKT16872988132,2025-11-06T19:20:07Z,PORTE-D,,GROUPE,OK
TKT99458105832,2025-11-06T19:20:08Z,PORTE-C,R55880160,ABONNEMENT,OK
TKT25770931094,2025-11-06T19:20:08Z,PORTE-B,R56688774,ABONNEMENT,OK
TKT74323363007,2025-11-06T19:20:09Z,PORTE-C,R51137503,ABONNEMENT,OK
TKT73732673821,2025-11-06T19:20:09Z,VIP-EST,R52345257,UNITE,OK
TKT21051909969,2025-11-06T19:20:12Z,PORTE-B,R53486117,UNITE,OK
TKT95867521629,2025-11-06T19:20:13Z,PORTE-A,R56848623,ABONNEMENT,OK
TKT24288814315,2025-11-06T19:20:13Z,PORTE-B,R53176830,UNITE,OK
TKT85373836517,2025-11-06T19:20:13Z,PORTE-C,,UNITE,OK
TKT14411947547,2025-11-06T19:20:13Z,PORTE-C,R56590483,UNITE,OK
TKT47914512385,2025-11-06T19:20:13Z,VIP-EST,R54498180,VIP,OK
TKT54424657315,2025-11-06T19:20:14Z,PORTE-C,,UNITE,OK
TKT81039409850,2025-11-06T19:20:15Z,PORTE-C,R52956485,ABONNEMENT,OK
TKT80726272095,2025-11-06T19:20:15Z,PORTE-C,R58059365,UNITE,OK
TKT68242212413,2025-11-06T19:20:15Z,PORTE-C,R58733062,UNITE,OK
TKT65642032323,2025-11-06T19:20:15Z,VIP-EST,,VIP,OK
TKT45490421762,2025-11-06T19:20:18Z,PORTE-D,R52286955,ABONNEMENT,OK
TKT10001361078,2025-11-06T19:20:19Z,PORTE-C,R52588896,ABONNEMENT,OK
TKT69617917378,2025-11-06T19:20:19Z,PORTE-D,R57942225,UNITE,OK
TKT48686508339,2025-11-06T19:20:19Z,PORTE-C,R53486385,INVITATION,OK
TKT77972061290,2025-11-06T19:20:19Z,PORTE-C,R52912751,UNITE,OK
TKT32270910964,2025-11-06T19:20:20Z,VIP-EST,,GROUPE,OK
TKT97219343889,2025-11-06T19:20:20Z,PORTE-A,R51061300,UNITE,OK
TKT32030389548,2025-11-06T19:20:20Z,PORTE-C,,GROUPE,OK
TKT57392876048,2025-11-06T19:20:20Z,PORTE-C,,INVITATION,OK
TKT93517474450,2025-11-06T19:20:21Z,PORTE-C,,GROUPE,OK
TKT72233248657,2025-11-06T19:20:22Z,VIP-EST,R58756758,ABONNEMENT,OK
TKT53444498014,2025-11-06T19:20:22Z,PORTE-D,R55257687,UNITE,OK
TKT61836484403,2025-11-06T19:20:22Z,PORTE-C,R59656096,UNITE,OK
TKT33253287896,2025-11-06T19:20:22Z,PORTE-A,R59375074,UNITE,OK
TKT90612258293,2025-11-06T19:20:23Z,PORTE-C,R56616497,UNITE,OK
TKT12417678184,2025-11-06T19:20:23Z,PORTE-C,,UNITE,OK
TKT84438108782,2025-11-06T19:20:23Z,VIP-EST,,VIP,OK
TKT41509978168,2025-11-06T19:20:23Z,PORTE-C,R54057768,UNITE,OK
TKT77051408246,2025-11-06T19:20:25Z,PORTE-D,R57298910,ABONNEMENT,OK
TKT50632220125,2025-11-06T19:20:27Z,PORTE-C,R51805271,ABONNEMENT,OK
TKT29338903746,2025-11-06T19:20:27Z,PORTE-A,R53832251,UNITE,OK
TKT67942122044,2025-11-06T19:20:27Z,VIP-EST,R55158860,UNITE,OK
TKT39301672468,2025-11-06T19:20:27Z,PORTE-B,R56050162,UNITE,OK
TKT39978316894,2025-11-06T19:20:28Z,PORTE-D,R57411568,ABONNEMENT,OK
TKT34683914943,2025-11-06T19:20:31Z,PORTE-C,R53847921,UNITE,OK
TKT76909882129,2025-11-06T19:20:31Z,PORTE-C,R51091806,UNITE,OK
TKT53233050361,2025-11-06T19:20:32Z,PORTE-A,R59499580,UNITE,OK
TKT18947783677,2025-11-06T19:20:32Z,PORTE-B,R57610994,UNITE,OK
TKT75405076727,2025-11-06T19:20:33Z,PORTE-D,R51424464,ABONNEMENT,OK
TKT81255696535,2025-11-06T19:20:34Z,PORTE-C,R56381517,UNITE,OK
TKT78158540153,2025-11-06T19:20:35Z,PORTE-D,R56716838,ABONNEMENT,OK
TKT79966424000,2025-11-06T19:20:35Z,PORTE-B,R55645582,UNITE,OK
TKT90672299727,2025-11-06T19:20:36Z,PORTE-C,R56651247,UNITE,OK
TKT28487100347,2025-11-06T19:20:37Z,VIP-EST,R56228612,UNITE,OK
TKT23701466976,2025-11-06T19:20:38Z,VIP-EST,R54326741,VIP,OK
TKT12708206448,2025-11-06T19:20:39Z,PORTE-A,R52899878,ABONNEMENT,OK
TKT36917410843,2025-11-06T19:20:39Z,PORTE-C,R53877489,UNITE,OK
TKT33299343479,2025-11-06T19:20:39Z,PORTE-C,R59111417,UNITE,OK
TKT25035185877,2025-11-06T19:20:40Z,PORTE-C,R58905315,UNITE,OK
TKT35181176231,2025-11-06T19:20:41Z,VIP-EST,R58632798,ABONNEMENT,OK
TKT43432735068,2025-11-06T19:20:42Z,VIP-EST,R59558907,ABONNEMENT,OK
TKT53274229941,2025-11-06T19:20:42Z,PORTE-A,R59934465,ABONNEMENT,OK
TKT60199712254,2025-11-06T19:20:42Z,PORTE-C,R51091461,UNITE,OK
TKT27460989520,2025-11-06T19:20:43Z,PORTE-B,R55050091,UNITE,OK
TKT79523187058,2025-11-06T19:20:45Z,PORTE-C,R56120456,UNITE,OK
TKT66892207439,2025-11-06T19:20:46Z,VIP-EST,,VIP,OK
TKT91542183413,2025-11-06T19:20:47Z,PORTE-D,R54489387,ABONNEMENT,OK
TKT97665894687,2025-11-06T19:20:47Z,PORTE-C,R54371021,UNITE,OK
TKT86659844535,2025-11-06T19:20:48Z,PORTE-C,,UNITE,OK
TKT35608078192,2025-11-06T19:20:48Z,PORTE-C,R54994365,UNITE,OK
TKT21682775895,2025-11-06T19:20:49Z,PORTE-C,R54722806,ABONNEMENT,OK
TKT47025571408,2025-11-06T19:20:51Z,PORTE-C,R58416208,UNITE,OK
TKT77104167436,2025-11-06T19:20:51Z,PORTE-B,R55801150,UNITE,OK
TKT72869926293,2025-11-06T19:20:53Z,PORTE-C,R51980656,INVITATION,OK
TKT11034079216,2025-11-06T19:20:54Z,PORTE-C,R57608341,UNITE,OK
TKT64413896359,2025-11-06T19:20:56Z,PORTE-A,R54515478,ABONNEMENT,OK
TKT98235767853,2025-11-06T19:20:56Z,PORTE-C,R57018558,ABONNEMENT,OK
TKT53545736858,2025-11-06T19:20:56Z,PORTE-C,R55520252,UNITE,OK
TKT21993634619,2025-11-06T19:20:56Z,PORTE-B,,GROUPE,OK
TKT38931175462,2025-11-06T19:20:57Z,PORTE-C,R53962696,ABONNEMENT,OK
TKT79631933171,2025-11-06T19:20:57Z,PORTE-C,,UNITE,OK
TKT65028370325,2025-11-06T19:20:58Z,PORTE-A,R51559046,ABONNEMENT,OK
TKT35786769355,2025-11-06T19:20:58Z,VIP-EST,R53853706,ABONNEMENT,OK
TKT66355453775,2025-11-06T19:20:58Z,PORTE-C,,UNITE,OK
TKT82699881356,2025-11-06T19:20:58Z,PORTE-A,R54337986,UNITE,OK
TKT86141010150,2025-11-06T19:20:58Z,PORTE-A,,UNITE,OK
TKT28903262743,2025-11-06T19:20:59Z,PORTE-D,R53938789,UNITE,OK
TKT63256597204,2025-11-06T19:21:00Z,PORTE-D,R58848028,UNITE,OK
TKT39655358851,2025-11-06T19:21:01Z,PORTE-C,R51771623,UNITE,OK
TKT29124279978,2025-11-06T19:21:01Z,PORTE-A,,UNITE,OK
TKT49698804886,2025-11-06T19:21:02Z,PORTE-A,R52355611,INVITATION,OK
TKT30992867735,2025-11-06T19:21:04Z,PORTE-C,,UNITE,OK
TKT42327791827,2025-11-06T19:21:04Z,PORTE-B,R56778329,UNITE,OK
TKT19952605818,2025-11-06T19:21:05Z,VIP-EST,R58323846,ABONNEMENT,OK
TKT33408217708,2025-11-06T19:21:06Z,PORTE-A,R58454827,ABONNEMENT,OK
TKT36602421954,2025-11-06T19:21:06Z,PORTE-D,R52068928,ABONNEMENT,OK
TKT39993054412,2025-11-06T19:21:07Z,PORTE-C,R51275160,UNITE,OK
TKT39468666127,2025-11-06T19:21:07Z,PORTE-B,,UNITE,OK
TKT26306184112,2025-11-06T19:21:07Z,PORTE-D,R52186835,UNITE,OK
TKT55746634597,2025-11-06T19:21:10Z,PORTE-D,R53113624,ABONNEMENT,OK
TKT88563913959,2025-11-06T19:21:11Z,VIP-EST,R53618736,UNITE,OK
TKT39144840295,2025-11-06T19:21:12Z,PORTE-C,R51231982,ABONNEMENT,OK
TKT55553260341,2025-11-06T19:21:13Z,PORTE-C,R58133682,ABONNEMENT,OK
TKT57961896516,2025-11-06T19:21:13Z,PORTE-D,R55419730,UNITE,OK
TKT56939293571,2025-11-06T19:21:15Z,PORTE-D,R53951729,ABONNEMENT,OK
TKT56580246438,2025-11-06T19:21:15Z,PORTE-A,R51736203,UNITE,OK
TKT88820243680,2025-11-06T19:21:16Z,PORTE-D,R58016599,ABONNEMENT,OK
TKT42661427176,2025-11-06T19:21:16Z,PORTE-D,R54569767,UNITE,OK
TKT24401726433,2025-11-06T19:21:17Z,PORTE-A,,UNITE,OK
TKT96120244885,2025-11-06T19:21:18Z,VIP-EST,R57405361,ABONNEMENT,OK
TKT91581827434,2025-11-06T19:21:18Z,PORTE-C,R53351468,UNITE,OK
TKT58859256040,2025-11-06T19:21:20Z,VIP-EST,R59873242,UNITE,OK
TKT51167376388,2025-11-06T19:21:21Z,PMR-NORD,R55994791,UNITE,OK
TKT55659180363,2025-11-06T19:21:21Z,PORTE-C,,UNITE,OK
TKT66145014689,2025-11-06T19:21:25Z,PORTE-C,,GROUPE,OK
TKT15846162774,2025-11-06T19:21:25Z,PORTE-A,R52009946,UNITE,OK
TKT58124548179,2025-11-06T19:21:26Z,PORTE-D,R57052005,UNITE,OK
TKT31250778108,2025-11-06T19:21:26Z,VIP-EST,R55614118,UNITE,OK
TKT75147973477,2025-11-06T19:21:29Z,PORTE-A,R51790425,ABONNEMENT,OK
TKT82924955600,2025-11-06T19:21:31Z,PORTE-D,R51462805,ABONNEMENT,OK
TKT79904409858,2025-11-06T19:21:33Z,PORTE-D,R55262869,UNITE,OK
TKT87662411934,2025-11-06T19:21:34Z,VIP-EST,,GROUPE,REFUSE_INVALIDE
TKT93102361378,2025-11-06T19:21:35Z,PORTE-B,,GROUPE,OK
TKT82310303377,2025-11-06T19:21:36Z,VIP-EST,,UNITE,OK
TKT83262396456,2025-11-06T19:21:36Z,PORTE-C,R51754727,UNITE,OK
TKT65977322812,2025-11-06T19:21:36Z,PORTE-B,R56042260,UNITE,OK
TKT66358409699,2025-11-06T19:21:37Z,PORTE-A,R53243024,ABONNEMENT,OK
TKT18243324954,2025-11-06T19:21:37Z,PORTE-D,R55834865,UNITE,OK
TKT91499180041,2025-11-06T19:21:38Z,VIP-EST,R54496753,UNITE,OK
TKT79886207862,2025-11-06T19:21:39Z,PORTE-C,R57266622,ABONNEMENT,OK
TKT50972739215,2025-11-06T19:21:39Z,PORTE-B,R57069447,UNITE,OK
TKT73679854509,2025-11-06T19:21:40Z,VIP-EST,,GROUPE,OK
TKT77606807693,2025-11-06T19:21:40Z,PORTE-C,,INVITATION,OK
TKT63193095127,2025-11-06T19:21:41Z,VIP-EST,R56832551,UNITE,OK
TKT74963490954,2025-11-06T19:21:41Z,VIP-EST,R55766956,UNITE,OK
TKT58420719829,2025-11-06T19:21:43Z,PORTE-A,,GROUPE,OK
TKT21821042107,2025-11-06T19:21:44Z,PORTE-B,R58827387,UNITE,OK
TKT36261886398,2025-11-06T19:21:45Z,PORTE-C,R52262847,ABONNEMENT,OK
TKT93758394691,2025-11-06T19:21:45Z,PORTE-C,R53667287,UNITE,OK
TKT61750514827,2025-11-06T19:21:46Z,VIP-EST,R59497607,UNITE,OK
TKT55764741745,2025-11-06T19:21:46Z,PORTE-C,R51683217,UNITE,OK
TKT84558081390,2025-11-06T19:21:47Z,PORTE-C,R56815665,ABONNEMENT,OK
TKT62193355859,2025-11-06T19:21:47Z,PORTE-A,R58913351,ABONNEMENT,OK
TKT23056673023,2025-11-06T19:21:47Z,VIP-EST,R58930505,VIP,OK
TKT55010058832,2025-11-06T19:21:48Z,VIP-EST,R54521139,ABONNEMENT,OK
TKT23513439210,2025-11-06T19:21:48Z,PORTE-C,,GROUPE,OK
TKT90420604295,2025-11-06T19:21:49Z,PORTE-D,R58344688,ABONNEMENT,OK
TKT14340488660,2025-11-06T19:21:49Z,PORTE-D,R57750413,ABONNEMENT,OK
TKT83445197381,2025-11-06T19:21:49Z,PORTE-A,R57855715,INVITATION,OK
TKT47624176258,2025-11-06T19:21:50Z,PORTE-D,R51675995,ABONNEMENT,OK
TKT10978913830,2025-11-06T19:21:51Z,PORTE-B,R52583570,ABONNEMENT,OK
TKT10693380213,2025-11-06T19:21:51Z,PORTE-A,R58613996,UNITE,OK
TKT96796057683,2025-11-06T19:21:53Z,VIP-EST,R52665243,UNITE,OK
TKT91331297753,2025-11-06T19:21:53Z,VIP-EST,R56738417,UNITE,OK
TKT78426828237,2025-11-06T19:21:53Z,PORTE-D,R56452558,UNITE,OK
TKT18842727760,2025-11-06T19:21:54Z,PORTE-C,R52372708,UNITE,OK
TKT34265817577,2025-11-06T19:21:55Z,PORTE-A,R59013327,ABONNEMENT,OK
TKT90496934067,2025-11-06T19:21:55Z,PMR-NORD,R59156769,UNITE,OK
TKT52665755877,2025-11-06T19:21:55Z,PORTE-C,,UNITE,OK
TKT66370598055,2025-11-06T19:21:55Z,PORTE-B,,UNITE,OK
TKT88087274483,2025-11-06T19:21:57Z,PORTE-A,,UNITE,OK
TKT30613042676,2025-11-06T19:21:58Z,PORTE-A,R58377244,UNITE,OK
TKT44660555159,2025-11-06T19:21:58Z,PORTE-C,,UNITE,OK
TKT24406886286,2025-11-06T19:21:58Z,VIP-EST,R55502609,UNITE,OK
TKT79749526149,2025-11-06T19:21:59Z,PORTE-D,,UNITE,OK
TKT22497971372,2025-11-06T19:21:59Z,PORTE-C,,GROUPE,OK
TKT86810906179,2025-11-06T19:22:00Z,PORTE-A,R54942739,ABONNEMENT,OK
TKT78378205915,2025-11-06T19:22:00Z,PORTE-C,R57116581,UNITE,OK
TKT93038321335,2025-11-06T19:22:00Z,VIP-EST,,UNITE,OK
TKT63630100122,2025-11-06T19:22:00Z,PORTE-A,R58623871,UNITE,OK
TKT87906939012,2025-11-06T19:22:00Z,PORTE-C,R59575391,UNITE,OK
TKT71535115259,2025-11-06T19:22:01Z,PORTE-A,R55400114,GROUPE,OK
TKT11445831242,2025-11-06T19:22:01Z,PORTE-C,,UNITE,OK
TKT62646869052,2025-11-06T19:22:03Z,PORTE-D,R51607406,UNITE,OK
TKT80999619378,2025-11-06T19:22:04Z,PORTE-C,R51423774,ABONNEMENT,OK
TKT77121971830,2025-11-06T19:22:05Z,PORTE-B,R59260098,ABONNEMENT,OK
TKT76412639381,2025-11-06T19:22:06Z,PORTE-A,,UNITE,OK
TKT84631085169,2025-11-06T19:22:07Z,VIP-EST,R52142143,VIP,OK
TKT53286116871,2025-11-06T19:22:08Z,PORTE-C,R59415944,UNITE,OK
TKT17551319686,2025-11-06T19:22:08Z,PORTE-A,R53200047,UNITE,OK
TKT63504496061,2025-11-06T19:22:09Z,PORTE-C,R57198924,ABONNEMENT,OK
TKT96041426884,2025-11-06T19:22:09Z,PORTE-C,R51125387,UNITE,OK
TKT33701709857,2025-11-06T19:22:09Z,PORTE-A,R57377709,UNITE,OK
TKT72316116018,2025-11-06T19:22:10Z,PORTE-C,R54210549,ABONNEMENT,OK
TKT81281886668,2025-11-06T19:22:10Z,PORTE-D,R58863755,UNITE,OK
TKT53569580563,2025-11-06T19:22:10Z,PORTE-D,R58122102,UNITE,OK
TKT10337266369,2025-11-06T19:22:12Z,PORTE-C,R57426481,ABONNEMENT,OK
TKT35551721075,2025-11-06T19:22:12Z,PORTE-C,,UNITE,OK
TKT13941783275,2025-11-06T19:22:14Z,PORTE-B,R51607483,UNITE,OK
TKT35516695747,2025-11-06T19:22:15Z,PORTE-A,R52353025,ABONNEMENT,OK
TKT29514456970,2025-11-06T19:22:15Z,PORTE-C,R58581172,UNITE,OK
TKT95918645267,2025-11-06T19:22:16Z,VIP-EST,R56767104,UNITE,OK
TKT64226863663,2025-11-06T19:22:17Z,PORTE-C,R55961076,ABONNEMENT,OK
TKT53307888529,2025-11-06T19:22:17Z,PORTE-D,R53420114,ABONNEMENT,OK
TKT84673488805,2025-11-06T19:22:18Z,PORTE-A,R52849756,ABONNEMENT,OK
TKT35782467005,2025-11-06T19:22:18Z,PORTE-D,R58454003,ABONNEMENT,OK
TKT42998142862,2025-11-06T19:22:19Z,PORTE-B,R54799987,ABONNEMENT,OK
TKT67060436223,2025-11-06T19:22:19Z,PORTE-C,R52585898,ABONNEMENT,OK
TKT14429300842,2025-11-06T19:22:19Z,PORTE-C,R51008103,ABONNEMENT,OK
TKT91421675098,2025-11-06T19:22:21Z,PORTE-C,R54939607,UNITE,OK
TKT39264682176,2025-11-06T19:22:22Z,PORTE-C,,UNITE,OK
TKT15856358916,2025-11-06T19:22:22Z,PORTE-D,,UNITE,OK
TKT32333332987,2025-11-06T19:22:23Z,PORTE-C,R59534310,ABONNEMENT,OK
TKT52301124801,2025-11-06T19:22:24Z,PORTE-D,R53282946,ABONNEMENT,OK
TKT10626876832,2025-11-06T19:22:26Z,PORTE-D,R56763081,ABONNEMENT,OK
TKT42809480449,2025-11-06T19:22:26Z,PORTE-C,R52897637,UNITE,OK
TKT41938286924,2025-11-06T19:22:28Z,VIP-EST,R55884997,ABONNEMENT,OK
TKT98174257863,2025-11-06T19:22:29Z,VIP-EST,R58195049,ABONNEMENT,OK
TKT56262383058,2025-11-06T19:22:31Z,PORTE-D,R57516870,ABONNEMENT,OK
TKT36980025751,2025-11-06T19:22:31Z,PORTE-B,,GROUPE,OK
TKT76893083059,2025-11-06T19:22:31Z,PMR-NORD,R58722631,UNITE,OK
TKT51624598300,2025-11-06T19:22:32Z,PORTE-B,R53525004,UNITE,OK
TKT44495069477,2025-11-06T19:22:34Z,PORTE-C,R54451592,ABONNEMENT,OK
TKT19088146489,2025-11-06T19:22:34Z,PORTE-A,,GROUPE,OK
TKT15770071808,2025-11-06T19:22:34Z,VIP-EST,R52566272,VIP,OK
TKT65419653209,2025-11-06T19:22:35Z,PORTE-A,R51371334,UNITE,OK
TKT29602908891,2025-11-06T19:22:36Z,VIP-EST,R56237060,UNITE,OK
TKT85080014620,2025-11-06T19:22:37Z,VIP-EST,R51508780,ABONNEMENT,OK
TKT99880250441,2025-11-06T19:22:38Z,VIP-EST,R53718099,ABONNEMENT,OK
TKT34909654078,2025-11-06T19:22:39Z,VIP-EST,R55440016,ABONNEMENT,OK
TKT45605585366,2025-11-06T19:22:41Z,PORTE-C,R56562362,UNITE,OK
TKT84258878816,2025-11-06T19:22:41Z,PORTE-B,,GROUPE,OK
TKT27666385461,2025-11-06T19:22:43Z,PORTE-C,R58532946,ABONNEMENT,OK
TKT32210786498,2025-11-06T19:22:43Z,PORTE-A,R57030895,UNITE,OK
TKT94515933573,2025-11-06T19:22:44Z,PORTE-B,R57815123,ABONNEMENT,OK
TKT17260811539,2025-11-06T19:22:44Z,PORTE-C,R56378596,UNITE,OK
TKT31168973066,2025-11-06T19:22:44Z,PORTE-A,R59259552,UNITE,OK
TKT41177366253,2025-11-06T19:22:44Z,PORTE-C,R52781780,UNITE,OK
TKT17237194950,2025-11-06T19:22:45Z,PORTE-D,R52731926,ABONNEMENT,OK
TKT93789180136,2025-11-06T19:22:45Z,PORTE-B,R58217050,ABONNEMENT,OK
TKT69472502524,2025-11-06T19:22:45Z,PORTE-C,R53597405,UNITE,OK
TKT38669139198,2025-11-06T19:22:45Z,PORTE-C,R51226867,UNITE,OK
TKT50520163809,2025-11-06T19:22:46Z,VIP-EST,R51901512,UNITE,OK
TKT75798846965,2025-11-06T19:22:47Z,PORTE-C,R57262063,ABONNEMENT,OK
TKT37038504173,2025-11-06T19:22:48Z,PORTE-C,R58494260,ABONNEMENT,OK
TKT42845253152,2025-11-06T19:22:49Z,PORTE-B,R57530413,UNITE,OK
TKT81222902811,2025-11-06T19:22:49Z,VIP-EST,R53506691,INVITATION,OK
TKT56944335221,2025-11-06T19:22:50Z,PORTE-C,R53811342,ABONNEMENT,OK
TKT27334820105,2025-11-06T19:22:50Z,PORTE-A,R59795860,UNITE,OK
TKT90591069333,2025-11-06T19:22:50Z,PORTE-C,,GROUPE,OK
TKT74221397231,2025-11-06T19:22:50Z,PORTE-A,R59431671,UNITE,OK
TKT65182749642,2025-11-06T19:22:51Z,PORTE-C,R52687244,UNITE,OK
TKT58886531725,2025-11-06T19:22:51Z,PORTE-B,,UNITE,OK
TKT97959264777,2025-11-06T19:22:52Z,PORTE-A,R57203416,UNITE,OK
TKT31499526753,2025-11-06T19:22:53Z,PORTE-C,R51643171,ABONNEMENT,OK
TKT31184738697,2025-11-06T19:22:53Z,PORTE-C,R59200292,UNITE,OK
TKT13136176056,2025-11-06T19:22:54Z,PORTE-C,R54259110,ABONNEMENT,OK
TKT65390113398,2025-11-06T19:22:54Z,PORTE-C,R51734987,UNITE,OK
TKT60897582878,2025-11-06T19:22:54Z,PORTE-B,R59888634,UNITE,OK
TKT79384426165,2025-11-06T19:22:54Z,PORTE-C,,UNITE,OK
TKT40145894792,2025-11-06T19:22:55Z,PORTE-D,R54897310,ABONNEMENT,OK
TKT54639245977,2025-11-06T19:22:55Z,PORTE-B,,UNITE,OK
TKT89269684316,2025-11-06T19:22:57Z,PORTE-C,R59038259,UNITE,OK
TKT13913454024,2025-11-06T19:22:58Z,PORTE-A,R56111194,ABONNEMENT,OK
TKT46433069630,2025-11-06T19:22:58Z,PORTE-B,R56681418,ABONNEMENT,OK
TKT98603223736,2025-11-06T19:22:59Z,PORTE-A,R58310092,ABONNEMENT,OK
TKT74106881285,2025-11-06T19:23:00Z,VIP-EST,R55599942,ABONNEMENT,OK
TKT52363978928,2025-11-06T19:23:00Z,PORTE-C,,UNITE,OK
TKT23407455039,2025-11-06T19:23:00Z,PORTE-C,R56246188,UNITE,OK
TKT44603908874,2025-11-06T19:23:00Z,VIP-EST,,UNITE,OK
TKT68718610046,2025-11-06T19:23:01Z,PORTE-C,,UNITE,OK
TKT46348375500,2025-11-06T19:23:02Z,PORTE-C,R59218759,ABONNEMENT,OK
TKT22064205238,2025-11-06T19:23:02Z,PORTE-C,R51353969,UNITE,OK
TKT91892075335,2025-11-06T19:23:03Z,PORTE-C,R52140381,UNITE,OK
TKT81415684216,2025-11-06T19:23:03Z,PORTE-A,R53172529,UNITE,OK
TKT22774584759,2025-11-06T19:23:03Z,PORTE-D,R56203268,UNITE,OK
TKT26524060048,2025-11-06T19:23:04Z,PMR-NORD,,UNITE,OK
TKT35199754615,2025-11-06T19:23:06Z,PORTE-D,R59040175,ABONNEMENT,OK
TKT73286585891,2025-11-06T19:23:07Z,PORTE-C,R52591338,ABONNEMENT,OK
TKT19532558659,2025-11-06T19:23:07Z,VIP-EST,R58257441,UNITE,OK
TKT10565231151,2025-11-06T19:23:08Z,PORTE-A,R55902362,UNITE,OK
TKT89400985142,2025-11-06T19:23:08Z,PORTE-C,,GROUPE,OK
TKT49952263568,2025-11-06T19:23:09Z,PORTE-A,R56523743,UNITE,OK
TKT23759606649,2025-11-06T19:23:09Z,VIP-EST,,VIP,OK
TKT79840820647,2025-11-06T19:23:10Z,PORTE-B,R53026578,UNITE,OK
TKT15504284676,2025-11-06T19:23:10Z,PORTE-A,R59839862,INVITATION,OK
TKT70916544476,2025-11-06T19:23:10Z,PORTE-C,R53004088,UNITE,OK
TKT50482562262,2025-11-06T19:23:11Z,PORTE-C,R56701915,ABONNEMENT,OK
TKT12590501820,2025-11-06T19:23:11Z,VIP-EST,R51392933,UNITE,OK
TKT86071782283,2025-11-06T19:23:11Z,PORTE-B,R52837563,UNITE,OK
TKT12207682785,2025-11-06T19:23:13Z,PORTE-A,R52438222,INVITATION,OK
TKT88609584174,2025-11-06T19:23:15Z,PORTE-C,R59690635,ABONNEMENT,OK
TKT14401015655,2025-11-06T19:23:15Z,PORTE-B,R52586032,ABONNEMENT,OK
TKT46936852567,2025-11-06T19:23:15Z,PORTE-A,R56092593,UNITE,OK
TKT47630821432,2025-11-06T19:23:16Z,PORTE-C,R53454241,ABONNEMENT,OK
TKT44911113891,2025-11-06T19:23:16Z,PORTE-C,R52997824,ABONNEMENT,OK
TKT51539633363,2025-11-06T19:23:16Z,PORTE-C,R59546446,UNITE,OK
TKT38595428792,2025-11-06T19:23:17Z,PORTE-A,R53074516,ABONNEMENT,OK
TKT59087282012,2025-11-06T19:23:17Z,PORTE-A,R55598994,UNITE,OK
TKT17825523744,2025-11-06T19:23:17Z,PORTE-C,R55837987,UNITE,OK
TKT48656256162,2025-11-06T19:23:18Z,PORTE-A,R55517944,ABONNEMENT,OK
TKT81629713737,2025-11-06T19:23:18Z,PORTE-C,R56723437,ABONNEMENT,OK
TKT39525042079,2025-11-06T19:23:18Z,PORTE-B,R52039169,UNITE,OK
TKT77008809912,2025-11-06T19:23:18Z,PORTE-B,R56672156,UNITE,OK
TKT15656253578,2025-11-06T19:23:18Z,PORTE-C,R59342106,UNITE,OK
TKT14429300842,2025-11-06T19:23:19Z,PORTE-C,R51008103,ABONNEMENT,REFUSE_DEJA_SCANNE
TKT18967128596,2025-11-06T19:23:19Z,PORTE-C,R54090123,ABONNEMENT,OK
TKT80646484900,2025-11-06T19:23:19Z,PORTE-D,R54166336,ABONNEMENT,OK
TKT35763788672,2025-11-06T19:23:19Z,PORTE-C,R56302440,UNITE,OK
TKT36595313856,2025-11-06T19:23:20Z,PORTE-B,R54635214,ABONNEMENT,OK
TKT91023079892,2025-11-06T19:23:21Z,PORTE-C,R55365575,UNITE,OK
TKT69779569899,2025-11-06T19:23:22Z,PORTE-D,R53715791,UNITE,OK
TKT20296135184,2025-11-06T19:23:23Z,PORTE-D,R59771618,ABONNEMENT,OK
TKT21215323148,2025-11-06T19:23:23Z,VIP-EST,R59168215,ABONNEMENT,OK
TKT86481961248,2025-11-06T19:23:23Z,PORTE-B,R51656647,ABONNEMENT,OK
TKT39016452598,2025-11-06T19:23:23Z,PORTE-C,R59956064,UNITE,OK
TKT21055358269,2025-11-06T19:23:25Z,PORTE-D,,UNITE,OK
TKT86333244723,2025-11-06T19:23:26Z,PORTE-C,R55148027,ABONNEMENT,OK
TKT74190097972,2025-11-06T19:23:26Z,PORTE-A,R53744525,UNITE,OK
TKT22021588654,2025-11-06T19:23:26Z,VIP-EST,,GROUPE,OK
TKT84252205689,2025-11-06T19:23:27Z,PORTE-A,R56636458,ABONNEMENT,OK
TKT29549440270,2025-11-06T19:23:27Z,PORTE-D,R52235118,UNITE,OK
TKT65951210473,2025-11-06T19:23:27Z,PORTE-C,,UNITE,OK
TKT64210872471,2025-11-06T19:23:29Z,PORTE-C,R53047209,UNITE,OK
TKT27420839476,2025-11-06T19:23:29Z,PORTE-C,,GROUPE,OK
TKT94959904312,2025-11-06T19:23:30Z,PORTE-D,R59691928,ABONNEMENT,OK
TKT65097332411,2025-11-06T19:23:32Z,PORTE-C,R55864557,ABONNEMENT,OK
TKT44760835818,2025-11-06T19:23:32Z,VIP-EST,R56761175,UNITE,OK
TKT73723877930,2025-11-06T19:23:36Z,PORTE-A,R51535762,ABONNEMENT,OK
TKT43680908020,2025-11-06T19:23:36Z,PORTE-D,R55313882,UNITE,OK
TKT42112702385,2025-11-06T19:23:36Z,PORTE-B,R55087819,UNITE,OK
TKT90274826313,2025-11-06T19:23:37Z,PORTE-D,R52048297,UNITE,OK
TKT71750674365,2025-11-06T19:23:37Z,PORTE-C,R56382877,UNITE,OK
TKT92907915519,2025-11-06T19:23:39Z,PORTE-C,R56542334,INVITATION,OK
TKT43513103982,2025-11-06T19:23:39Z,PORTE-C,R59033978,UNITE,OK
TKT37736104376,2025-11-06T19:23:39Z,PORTE-C,,UNITE,OK
TKT37576838388,2025-11-06T19:23:40Z,PMR-NORD,R58899108,ABONNEMENT,OK
TKT45318120796,2025-11-06T19:23:43Z,PORTE-A,R55833572,UNITE,OK
TKT47352381275,2025-11-06T19:23:45Z,VIP-EST,R51512669,ABONNEMENT,OK
TKT71209561733,2025-11-06T19:23:45Z,VIP-EST,R54489397,UNITE,OK
TKT56383559726,2025-11-06T19:23:46Z,PORTE-A,R55559005,ABONNEMENT,OK
TKT21468780408,2025-11-06T19:23:46Z,PORTE-A,R56836229,UNITE,OK
TKT77531607656,2025-11-06T19:23:46Z,PORTE-A,,UNITE,OK
TKT92798468114,2025-11-06T19:23:47Z,PORTE-C,,UNITE,OK
TKT59781721015,2025-11-06T19:23:49Z,PORTE-B,R58651600,UNITE,OK
TKT18407042547,2025-11-06T19:23:51Z,VIP-EST,R56054309,UNITE,OK
TKT94755812908,2025-11-06T19:23:51Z,VIP-EST,R55622556,UNITE,OK
TKT32564718371,2025-11-06T19:23:52Z,PORTE-C,,UNITE,OK
TKT45914969172,2025-11-06T19:23:53Z,PORTE-A,R52615111,ABONNEMENT,OK
TKT98981247919,2025-11-06T19:23:53Z,VIP-EST,R51034931,ABONNEMENT,OK
TKT76348373605,2025-11-06T19:23:53Z,PORTE-B,,UNITE,OK
TKT64288470487,2025-11-06T19:23:53Z,PORTE-B,R53937620,UNITE,OK
TKT75110995965,2025-11-06T19:23:55Z,PORTE-C,R57608207,ABONNEMENT,OK
TKT72862942801,2025-11-06T19:23:55Z,PORTE-C,R54808157,ABONNEMENT,OK
TKT36725210319,2025-11-06T19:23:55Z,PORTE-A,,UNITE,OK
TKT43631011583,2025-11-06T19:23:56Z,PORTE-B,R52673001,ABONNEMENT,OK
TKT60873628177,2025-11-06T19:23:56Z,PORTE-D,R58843124,UNITE,OK
TKT32128468236,2025-11-06T19:23:57Z,PORTE-D,R59673327,ABONNEMENT,OK
TKT76107571073,2025-11-06T19:23:57Z,PORTE-C,,UNITE,OK
TKT54155877438,2025-11-06T19:23:58Z,VIP-EST,R51323654,UNITE,OK
TKT69985228425,2025-11-06T19:23:58Z,PORTE-C,R53055389,UNITE,OK
TKT76303270226,2025-11-06T19:23:59Z,PORTE-C,R57290673,ABONNEMENT,OK
TKT67591325616,2025-11-06T19:23:59Z,PORTE-A,R56349440,ABONNEMENT,OK
TKT84858278170,2025-11-06T19:24:00Z,PORTE-C,R51876168,ABONNEMENT,OK
TKT94437415330,2025-11-06T19:24:00Z,PORTE-C,R59637706,UNITE,OK
TKT61627319983,2025-11-06T19:24:00Z,PORTE-B,,GROUPE,OK
TKT80992023624,2025-11-06T19:24:03Z,PORTE-D,R54344595,ABONNEMENT,OK
TKT28996342949,2025-11-06T19:24:04Z,PORTE-A,R56115619,ABONNEMENT,OK
TKT78489418022,2025-11-06T19:24:04Z,PORTE-C,R58568778,INVITATION,OK
TKT28109686339,2025-11-06T19:24:07Z,PORTE-C,,UNITE,OK
TKT24601654691,2025-11-06T19:24:07Z,PORTE-B,R59988620,UNITE,OK
TKT40241807601,2025-11-06T19:24:07Z,PORTE-A,R52204736,UNITE,OK
TKT20457281250,2025-11-06T19:24:08Z,PORTE-A,R59558093,ABONNEMENT,OK
TKT57913352561,2025-11-06T19:24:08Z,PORTE-D,R52200991,ABONNEMENT,OK
TKT98092906946,2025-11-06T19:24:08Z,PORTE-D,R56103081,UNITE,OK
TKT63724706065,2025-11-06T19:24:12Z,PORTE-A,R55228464,ABONNEMENT,OK
TKT55000870827,2025-11-06T19:24:12Z,PORTE-C,R53103404,UNITE,OK
TKT88135601767,2025-11-06T19:24:13Z,PORTE-B,,UNITE,OK
TKT80117083247,2025-11-06T19:24:13Z,VIP-EST,R51045084,UNITE,OK
TKT24311032574,2025-11-06T19:24:14Z,PORTE-C,R58749536,ABONNEMENT,OK
TKT67409326721,2025-11-06T19:24:16Z,PORTE-C,R56393241,ABONNEMENT,OK
TKT52114122360,2025-11-06T19:24:16Z,PORTE-C,R53878025,ABONNEMENT,OK
TKT87664713561,2025-11-06T19:24:16Z,PORTE-C,R57457945,UNITE,OK
TKT41783842610,2025-11-06T19:24:16Z,PORTE-A,R54380206,UNITE,OK
TKT75118414522,2025-11-06T19:24:19Z,PORTE-C,R54623577,ABONNEMENT,OK
TKT42900892510,2025-11-06T19:24:19Z,PORTE-A,R53157271,ABONNEMENT,OK
TKT50860509798,2025-11-06T19:24:19Z,PORTE-A,R54294865,UNITE,OK
TKT36055743497,2025-11-06T19:24:20Z,VIP-EST,R56264779,UNITE,OK
TKT72925683445,2025-11-06T19:24:20Z,VIP-EST,R52575199,UNITE,OK
TKT21464322413,2025-11-06T19:24:21Z,PORTE-A,R53404253,UNITE,OK
TKT62626453856,2025-11-06T19:24:21Z,PMR-NORD,R54814890,INVITATION,OK
TKT25932345802,2025-11-06T19:24:22Z,PORTE-A,R53409224,ABONNEMENT,OK
TKT75620903362,2025-11-06T19:24:22Z,PORTE-C,,UNITE,OK
TKT95626491812,2025-11-06T19:24:22Z,PORTE-B,,GROUPE,OK
TKT68215500958,2025-11-06T19:24:22Z,PORTE-B,,GROUPE,OK
TKT52934294193,2025-11-06T19:24:23Z,PORTE-D,R58525178,GROUPE,OK
TKT35628720340,2025-11-06T19:24:24Z,PORTE-C,,UNITE,OK
TKT27190216939,2025-11-06T19:24:25Z,PORTE-D,R57741965,UNITE,OK
TKT46557674531,2025-11-06T19:24:27Z,PORTE-B,R53502869,UNITE,OK
TKT96583859070,2025-11-06T19:24:28Z,PORTE-D,R56630472,ABONNEMENT,OK
TKT72370251947,2025-11-06T19:24:28Z,PORTE-C,R59969818,ABONNEMENT,OK
TKT93122717038,2025-11-06T19:24:29Z,PORTE-B,R51154543,ABONNEMENT,OK
TKT37668708751,2025-11-06T19:24:29Z,VIP-EST,R54710211,UNITE,OK
TKT75244896762,2025-11-06T19:24:30Z,PORTE-A,R59774003,UNITE,OK
TKT75628420229,2025-11-06T19:24:31Z,PORTE-C,R55342482,ABONNEMENT,OK
TKT28815007282,2025-11-06T19:24:32Z,PORTE-B,R59404900,ABONNEMENT,OK
TKT90051517896,2025-11-06T19:24:34Z,PORTE-C,R54587410,ABONNEMENT,OK
TKT97760771170,2025-11-06T19:24:34Z,PORTE-A,R53860928,ABONNEMENT,OK
TKT56500214643,2025-11-06T19:24:36Z,PORTE-D,R52755900,UNITE,OK
TKT70789758646,2025-11-06T19:24:37Z,PORTE-C,R59201997,ABONNEMENT,OK
TKT81664699332,2025-11-06T19:24:37Z,PORTE-C,R58234817,UNITE,OK
TKT93161415362,2025-11-06T19:24:38Z,VIP-EST,R59375543,ABONNEMENT,REFUSE_DEJA_SCANNE
TKT99320817399,2025-11-06T19:24:38Z,VIP-EST,R57046967,UNITE,OK
TKT26944653696,2025-11-06T19:24:38Z,VIP-EST,,UNITE,OK
TKT54173948446,2025-11-06T19:24:39Z,PORTE-C,R51360511,ABONNEMENT,OK
TKT24482937863,2025-11-06T19:24:39Z,VIP-EST,R51008773,GROUPE,OK
TKT13917531424,2025-11-06T19:24:39Z,PORTE-D,R56846238,UNITE,OK
TKT38449096397,2025-11-06T19:24:40Z,PORTE-D,R58791843,UNITE,OK
TKT81055459039,2025-11-06T19:24:40Z,PORTE-B,R57741774,UNITE,OK
TKT47329188317,2025-11-06T19:24:40Z,PORTE-D,R52740230,UNITE,OK
TKT73902052778,2025-11-06T19:24:40Z,PORTE-C,R51122255,UNITE,OK
TKT78312670504,2025-11-06T19:24:41Z,PORTE-C,R54476323,UNITE,OK
TKT16805287570,2025-11-06T19:24:42Z,PORTE-A,R56980428,ABONNEMENT,OK
TKT11667199621,2025-11-06T19:24:42Z,PORTE-D,R55066364,ABONNEMENT,OK
TKT97349953760,2025-11-06T19:24:42Z,PORTE-B,R57487379,UNITE,OK
TKT55975449184,2025-11-06T19:24:42Z,PORTE-D,,GROUPE,OK
TKT10973513439,2025-11-06T19:24:45Z,PORTE-C,R53685543,ABONNEMENT,OK
TKT74257032366,2025-11-06T19:24:45Z,PORTE-A,,INVITATION,OK
TKT28045615610,2025-11-06T19:24:45Z,PORTE-C,,GROUPE,OK
TKT14234425058,2025-11-06T19:24:49Z,PORTE-A,R51111700,ABONNEMENT,OK
TKT72520357435,2025-11-06T19:24:50Z,PORTE-C,R53393899,ABONNEMENT,OK
TKT47835448110,2025-11-06T19:24:50Z,VIP-EST,R56987774,ABONNEMENT,OK
TKT23793425435,2025-11-06T19:24:50Z,PORTE-C,R54844793,ABONNEMENT,OK
TKT92609374331,2025-11-06T19:24:50Z,PORTE-C,R52804049,UNITE,OK
TKT30118756959,2025-11-06T19:24:51Z,PORTE-C,R56751223,ABONNEMENT,OK
TKT28033786741,2025-11-06T19:24:52Z,PORTE-C,R55069975,ABONNEMENT,OK
TKT68956654734,2025-11-06T19:24:52Z,VIP-EST,R51176467,UNITE,OK
TKT72895453262,2025-11-06T19:24:52Z,PORTE-C,R51128117,UNITE,OK
TKT18207941206,2025-11-06T19:24:52Z,PORTE-A,R55451328,UNITE,OK
TKT93697986594,2025-11-06T19:24:53Z,PORTE-D,R57037906,ABONNEMENT,OK
TKT54813563727,2025-11-06T19:24:53Z,PORTE-B,,UNITE,OK
TKT85064401857,2025-11-06T19:24:54Z,PORTE-D,R54110965,ABONNEMENT,OK
TKT66068465673,2025-11-06T19:24:55Z,PORTE-C,R51909002,UNITE,REFUSE_INVALIDE
TKT69603793605,2025-11-06T19:24:55Z,PORTE-A,R51365884,UNITE,OK
TKT97210326673,2025-11-06T19:24:55Z,VIP-EST,,UNITE,OK
TKT49165870937,2025-11-06T19:24:57Z,PORTE-B,R54937289,UNITE,OK
TKT59537599020,2025-11-06T19:24:57Z,VIP-EST,R59054810,UNITE,OK
TKT15138375132,2025-11-06T19:24:58Z,PORTE-D,R59498488,ABONNEMENT,OK
TKT16003283674,2025-11-06T19:24:58Z,PORTE-A,R56629926,UNITE,OK
TKT55272342578,2025-11-06T19:24:58Z,PORTE-C,,INVITATION,OK
TKT26504370476,2025-11-06T19:24:59Z,PORTE-D,R54662062,ABONNEMENT,OK
TKT41231179338,2025-11-06T19:25:00Z,PORTE-B,R54524817,ABONNEMENT,OK
TKT57936604521,2025-11-06T19:25:00Z,PORTE-A,,UNITE,OK
TKT16007174956,2025-11-06T19:25:01Z,PORTE-C,R57726037,ABONNEMENT,OK
TKT75950744331,2025-11-06T19:25:01Z,PORTE-C,R53952677,ABONNEMENT,OK
TKT58872922163,2025-11-06T19:25:02Z,VIP-EST,R58615567,ABONNEMENT,OK
TKT57476933062,2025-11-06T19:25:03Z,PORTE-C,,UNITE,OK
TKT28507304512,2025-11-06T19:25:05Z,PORTE-A,,GROUPE,OK
TKT26721378444,2025-11-06T19:25:07Z,PORTE-B,,UNITE,OK
TKT50950375166,2025-11-06T19:25:07Z,PORTE-C,R55836771,UNITE,OK
TKT82596839338,2025-11-06T19:25:08Z,PORTE-A,R57006442,UNITE,OK
TKT66202536510,2025-11-06T19:25:09Z,VIP-EST,R53985779,ABONNEMENT,OK
TKT39821168196,2025-11-06T19:25:10Z,PORTE-B,R59580841,ABONNEMENT,OK
TKT46031775817,2025-11-06T19:25:10Z,PORTE-D,R58034309,ABONNEMENT,OK
TKT54872602447,2025-11-06T19:25:11Z,PORTE-D,R57892706,ABONNEMENT,OK
TKT48116860860,2025-11-06T19:25:11Z,PORTE-C,,INVITATION,OK
TKT74516268935,2025-11-06T19:25:12Z,PORTE-C,R54874428,ABONNEMENT,OK
TKT64561905203,2025-11-06T19:25:12Z,PMR-NORD,R59274130,ABONNEMENT,OK
TKT85906761322,2025-11-06T19:25:12Z,VIP-EST,,VIP,OK
TKT38688466594,2025-11-06T19:25:13Z,PORTE-C,R54284521,UNITE,OK
TKT92952184480,2025-11-06T19:25:14Z,PORTE-B,R51093032,ABONNEMENT,OK
TKT37443740048,2025-11-06T19:25:14Z,PORTE-D,R53846762,ABONNEMENT,OK
TKT20211680115,2025-11-06T19:25:14Z,VIP-EST,R57314436,UNITE,OK
TKT60957023354,2025-11-06T19:25:14Z,VIP-EST,R57541380,UNITE,OK
TKT86760983518,2025-11-06T19:25:14Z,VIP-EST,R54586864,UNITE,OK
TKT71522390340,2025-11-06T19:25:15Z,PORTE-A,R51888371,UNITE,OK
TKT12579066008,2025-11-06T19:25:16Z,PORTE-C,R57228147,ABONNEMENT,OK
TKT18404444365,2025-11-06T19:25:16Z,PORTE-C,R53395393,ABONNEMENT,OK
TKT94190526389,2025-11-06T19:25:17Z,VIP-EST,R52362967,ABONNEMENT,OK
TKT92942185917,2025-11-06T19:25:17Z,VIP-EST,R57038720,ABONNEMENT,OK
TKT71740914201,2025-11-06T19:25:17Z,PORTE-A,,UNITE,OK
TKT35977184059,2025-11-06T19:25:18Z,PORTE-B,R55146389,ABONNEMENT,OK
TKT52413199292,2025-11-06T19:25:18Z,PORTE-B,,UNITE,OK
TKT95778012696,2025-11-06T19:25:18Z,PORTE-C,R56738082,UNITE,OK
TKT72696644598,2025-11-06T19:25:19Z,PORTE-C,R58242116,INVITATION,OK
TKT99982946761,2025-11-06T19:25:20Z,PORTE-A,,UNITE,OK
TKT98198368179,2025-11-06T19:25:20Z,PORTE-C,,UNITE,OK
TKT57599792156,2025-11-06T19:25:21Z,PORTE-D,R54390627,UNITE,OK
TKT77693460632,2025-11-06T19:25:21Z,PORTE-C,R52772518,UNITE,OK
TKT61067401525,2025-11-06T19:25:22Z,PORTE-B,R59590103,GROUPE,OK
TKT56426683486,2025-11-06T19:25:23Z,PORTE-C,R55266001,ABONNEMENT,OK
TKT11831099735,2025-11-06T19:25:23Z,PORTE-B,R58037163,ABONNEMENT,OK
TKT34028810262,2025-11-06T19:25:23Z,PORTE-B,,UNITE,OK
TKT72780090624,2025-11-06T19:25:24Z,PORTE-B,R58473083,ABONNEMENT,OK
TKT97535180015,2025-11-06T19:25:25Z,PORTE-D,R57057321,ABONNEMENT,OK
TKT40071020555,2025-11-06T19:25:25Z,PORTE-C,,UNITE,OK
TKT77655748526,2025-11-06T19:25:26Z,PORTE-C,R57006442,ABONNEMENT,OK
TKT61510480006,2025-11-06T19:25:26Z,PORTE-C,R57078776,ABONNEMENT,OK
TKT73421595113,2025-11-06T19:25:27Z,VIP-EST,R58611276,ABONNEMENT,OK
TKT89552556072,2025-11-06T19:25:28Z,PORTE-D,R51809294,ABONNEMENT,OK
TKT61864557095,2025-11-06T19:25:29Z,PORTE-B,R52243777,ABONNEMENT,OK
TKT23339260428,2025-11-06T19:25:30Z,PORTE-A,R58146421,ABONNEMENT,OK
TKT51488721135,2025-11-06T19:25:30Z,PORTE-C,R57177536,ABONNEMENT,OK
TKT83171091722,2025-11-06T19:25:30Z,PORTE-C,R58455641,ABONNEMENT,OK
TKT77252659656,2025-11-06T19:25:31Z,PORTE-D,R56693735,ABONNEMENT,OK
TKT17649024623,2025-11-06T19:25:31Z,PORTE-C,R55455341,UNITE,OK
TKT76723079082,2025-11-06T19:25:32Z,PORTE-D,R51852137,ABONNEMENT,OK
TKT39265007613,2025-11-06T19:25:34Z,PORTE-C,R55896222,ABONNEMENT,OK
TKT94061821744,2025-11-06T19:25:35Z,PORTE-A,,UNITE,OK
TKT26863058484,2025-11-06T19:25:35Z,PORTE-C,R56653143,UNITE,OK
TKT10470665974,2025-11-06T19:25:36Z,PORTE-B,R51632951,ABONNEMENT,OK
TKT10182440818,2025-11-06T19:25:36Z,PORTE-A,R57037159,UNITE,OK
TKT47685184084,2025-11-06T19:25:38Z,PORTE-C,,UNITE,OK
TKT39608130464,2025-11-06T19:25:38Z,PORTE-C,R52024390,UNITE,OK
TKT86704517919,2025-11-06T19:25:40Z,PORTE-C,R52037397,UNITE,OK
TKT12320752005,2025-11-06T19:25:41Z,PORTE-D,,UNITE,OK
TKT61449782802,2025-11-06T19:25:41Z,VIP-EST,R56044913,INVITATION,OK
TKT26014211519,2025-11-06T19:25:42Z,VIP-EST,R59837276,ABONNEMENT,OK
TKT23848111847,2025-11-06T19:25:43Z,PORTE-C,R58945217,ABONNEMENT,OK
TKT94674260992,2025-11-06T19:25:43Z,PORTE-C,R54566357,UNITE,OK
TKT53315300405,2025-11-06T19:25:43Z,PORTE-D,,UNITE,OK
TKT92529597967,2025-11-06T19:25:46Z,VIP-EST,R53837778,ABONNEMENT,OK
TKT23377278837,2025-11-06T19:25:46Z,PORTE-C,R58749737,INVITATION,OK
TKT54654199032,2025-11-06T19:25:46Z,VIP-EST,,UNITE,REFUSE_INVALIDE
TKT51756700340,2025-11-06T19:25:46Z,VIP-EST,R57817230,UNITE,OK
TKT17156195357,2025-11-06T19:25:47Z,PORTE-A,R55280713,ABONNEMENT,OK
TKT59866942895,2025-11-06T19:25:47Z,PORTE-D,,GROUPE,OK
TKT79335281127,2025-11-06T19:25:47Z,PORTE-A,R58077420,UNITE,OK
TKT69312544796,2025-11-06T19:25:48Z,VIP-EST,R51458725,ABONNEMENT,OK
TKT41660697289,2025-11-06T19:25:48Z,PORTE-A,R51580568,ABONNEMENT,OK
TKT80909792938,2025-11-06T19:25:48Z,VIP-EST,,UNITE,OK
TKT63196075663,2025-11-06T19:25:48Z,PORTE-A,R55393371,UNITE,OK
TKT45416165353,2025-11-06T19:25:51Z,VIP-EST,R51548635,UNITE,OK
TKT21280897525,2025-11-06T19:25:51Z,PORTE-C,R57518699,UNITE,OK
TKT93044772771,2025-11-06T19:25:53Z,VIP-EST,R57391952,ABONNEMENT,OK
TKT93118826257,2025-11-06T19:25:53Z,PORTE-A,R58233400,UNITE,OK
TKT16366522117,2025-11-06T19:25:54Z,PORTE-C,R52664295,ABONNEMENT,OK
TKT27995591038,2025-11-06T19:25:54Z,PORTE-A,R51145405,ABONNEMENT,OK
TKT42509225777,2025-11-06T19:25:54Z,PORTE-A,R51672317,UNITE,OK
TKT39779680950,2025-11-06T19:25:56Z,PORTE-D,R54650817,ABONNEMENT,OK
TKT33510148138,2025-11-06T19:25:56Z,PORTE-A,R57314168,UNITE,REFUSE_DEJA_SCANNE
TKT58620642216,2025-11-06T19:25:57Z,PORTE-C,R58936099,ABONNEMENT,OK
TKT45412404991,2025-11-06T19:25:57Z,PORTE-D,R59058076,ABONNEMENT,OK
TKT71833680267,2025-11-06T19:25:58Z,PORTE-C,R56663430,ABONNEMENT,OK
TKT18457276396,2025-11-06T19:25:58Z,PORTE-A,R58550177,UNITE,OK
TKT79236123265,2025-11-06T19:25:59Z,PORTE-C,R59110593,ABONNEMENT,OK
TKT38191186156,2025-11-06T19:26:00Z,PORTE-C,R59075662,UNITE,OK
TKT63630100122,2025-11-06T19:26:00Z,PORTE-A,R58623871,UNITE,REFUSE_DEJA_SCANNE
TKT57426129664,2025-11-06T19:26:01Z,PORTE-A,R51981269,INVITATION,OK
TKT40945392984,2025-11-06T19:26:02Z,PORTE-C,R59666996,UNITE,OK
TKT25582544238,2025-11-06T19:26:02Z,PORTE-C,R54657771,UNITE,OK
TKT86922735301,2025-11-06T19:26:02Z,PORTE-B,,GROUPE,OK
TKT69301297692,2025-11-06T19:26:03Z,PORTE-B,R51648621,ABONNEMENT,OK
TKT50859769585,2025-11-06T19:26:03Z,PORTE-C,R52016689,ABONNEMENT,OK
TKT93293879536,2025-11-06T19:26:03Z,PORTE-C,R54338934,UNITE,OK
TKT40449466266,2025-11-06T19:26:04Z,PORTE-A,R51433927,ABONNEMENT,OK
TKT21987568898,2025-11-06T19:26:05Z,PORTE-C,R55088566,UNITE,OK
TKT87744869747,2025-11-06T19:26:05Z,PORTE-C,,GROUPE,OK
TKT77693597574,2025-11-06T19:26:06Z,PORTE-B,R52383541,UNITE,OK
TKT35227605591,2025-11-06T19:26:07Z,PORTE-C,R52562048,ABONNEMENT,OK
TKT97219275529,2025-11-06T19:26:08Z,PORTE-C,R58267651,UNITE,OK
TKT80732621036,2025-11-06T19:26:10Z,PORTE-B,R58358452,ABONNEMENT,OK
TKT70134395605,2025-11-06T19:26:11Z,PORTE-B,R58950600,ABONNEMENT,OK
TKT94321592976,2025-11-06T19:26:12Z,PORTE-B,R54814890,UNITE,OK
TKT19311598557,2025-11-06T19:26:13Z,PORTE-C,R58795032,ABONNEMENT,OK
TKT80379341784,2025-11-06T19:26:13Z,VIP-EST,R52853913,UNITE,OK
TKT97713173851,2025-11-06T19:26:13Z,PORTE-C,R54311426,UNITE,OK
TKT17839577799,2025-11-06T19:26:13Z,PORTE-D,,GROUPE,OK
TKT98381004989,2025-11-06T19:26:14Z,PORTE-D,R58268331,ABONNEMENT,OK
TKT32170369096,2025-11-06T19:26:15Z,PORTE-D,R53487688,ABONNEMENT,OK
TKT74502176072,2025-11-06T19:26:15Z,VIP-EST,R59958918,UNITE,OK
TKT25913584323,2025-11-06T19:26:15Z,PORTE-C,R54784240,UNITE,OK
TKT38110753200,2025-11-06T19:26:16Z,VIP-EST,R51390069,ABONNEMENT,OK
TKT32467374738,2025-11-06T19:26:16Z,PORTE-B,R53629971,ABONNEMENT,OK
TKT30309189523,2025-11-06T19:26:16Z,PORTE-C,R54013096,UNITE,OK
TKT67301169282,2025-11-06T19:26:17Z,PORTE-A,R51312697,ABONNEMENT,OK
TKT24270619170,2025-11-06T19:26:17Z,PORTE-A,R51435421,ABONNEMENT,OK
TKT71578828071,2025-11-06T19:26:17Z,PORTE-C,R56354133,UNITE,REFUSE_INVALIDE
TKT24882552738,2025-11-06T19:26:18Z,VIP-EST,R51367254,ABONNEMENT,OK
TKT42723131273,2025-11-06T19:26:18Z,PORTE-B,R59105076,UNITE,OK
TKT33764921354,2025-11-06T19:26:19Z,PORTE-D,R58970283,ABONNEMENT,OK
TKT49538542991,2025-11-06T19:26:19Z,PORTE-A,R55908013,INVITATION,OK
TKT73236391180,2025-11-06T19:26:20Z,PORTE-C,,UNITE,OK
TKT49687234137,2025-11-06T19:26:21Z,PORTE-B,R58321461,ABONNEMENT,OK
TKT47402297359,2025-11-06T19:26:21Z,PORTE-D,R56383969,ABONNEMENT,OK
TKT22494979157,2025-11-06T19:26:23Z,PORTE-C,R57665350,ABONNEMENT,OK
TKT56984446563,2025-11-06T19:26:23Z,PORTE-D,R54381911,ABONNEMENT,OK
TKT95634800266,2025-11-06T19:26:26Z,PORTE-C,R51276530,ABONNEMENT,OK
TKT24725428961,2025-11-06T19:26:26Z,PORTE-C,R51238591,UNITE,OK
TKT35319142774,2025-11-06T19:26:26Z,VIP-EST,R54572420,UNITE,OK
TKT21774806773,2025-11-06T19:26:27Z,VIP-EST,R54045173,UNITE,OK
TKT58366575966,2025-11-06T19:26:27Z,PORTE-A,,UNITE,OK
TKT78538758749,2025-11-06T19:26:28Z,PORTE-A,R57046632,ABONNEMENT,OK
TKT17936345551,2025-11-06T19:26:28Z,PORTE-A,R53122129,UNITE,OK
TKT22171859404,2025-11-06T19:26:28Z,PORTE-A,,UNITE,OK
TKT73786201371,2025-11-06T19:26:29Z,PORTE-C,R56361365,ABONNEMENT,OK
TKT84614129466,2025-11-06T19:26:30Z,PORTE-D,,GROUPE,OK
TKT62758867868,2025-11-06T19:26:31Z,PORTE-C,R55495196,ABONNEMENT,OK
TKT64239120786,2025-11-06T19:26:31Z,VIP-EST,R59608282,ABONNEMENT,REFUSE_DEJA_SCANNE
TKT60517025683,2025-11-06T19:26:31Z,PORTE-B,R57482542,UNITE,OK
TKT40357908424,2025-11-06T19:26:31Z,PORTE-D,R54076436,UNITE,OK
TKT16324091293,2025-11-06T19:26:32Z,PORTE-A,R55359713,UNITE,OK
TKT19670739914,2025-11-06T19:26:32Z,VIP-EST,R55808228,UNITE,OK
TKT70607822666,2025-11-06T19:26:33Z,PORTE-D,R58236120,ABONNEMENT,OK
TKT20494259250,2025-11-06T19:26:35Z,PORTE-C,R52407984,UNITE,OK
TKT33750059047,2025-11-06T19:26:38Z,PORTE-C,R55286230,UNITE,OK
TKT27477830193,2025-11-06T19:26:39Z,PORTE-C,R52129950,ABONNEMENT,OK
TKT21703479054,2025-11-06T19:26:41Z,PORTE-C,R51017901,UNITE,OK
TKT58081598188,2025-11-06T19:26:41Z,PORTE-A,R57240474,UNITE,OK
TKT16235216209,2025-11-06T19:26:42Z,PORTE-C,R59723603,ABONNEMENT,OK
TKT51204539932,2025-11-06T19:26:42Z,PORTE-B,R55015140,ABONNEMENT,OK
TKT63670408991,2025-11-06T19:26:42Z,PORTE-A,R57956314,ABONNEMENT,OK
TKT69419097917,2025-11-06T19:26:43Z,PORTE-C,R54840713,ABONNEMENT,OK
TKT18007354432,2025-11-06T19:26:43Z,PORTE-C,,UNITE,OK
TKT13309239044,2025-11-06T19:26:44Z,PORTE-D,,UNITE,OK
TKT51590224794,2025-11-06T19:26:45Z,PORTE-A,R51893945,ABONNEMENT,OK
TKT92529597967,2025-11-06T19:26:46Z,VIP-EST,R53837778,ABONNEMENT,REFUSE_DEJA_SCANNE
TKT63558839282,2025-11-06T19:26:46Z,PORTE-D,,UNITE,OK
TKT37564646057,2025-11-06T19:26:47Z,PORTE-C,R54224849,ABONNEMENT,OK
TKT44831245142,2025-11-06T19:26:47Z,PORTE-A,R53923732,UNITE,OK
TKT73026832263,2025-11-06T19:26:47Z,PORTE-A,R53526508,UNITE,OK
TKT80751249743,2025-11-06T19:26:47Z,PORTE-B,,GROUPE,OK
TKT30697076886,2025-11-06T19:26:49Z,PORTE-B,R57861165,ABONNEMENT,OK
TKT30665143565,2025-11-06T19:26:49Z,PORTE-A,R54561798,UNITE,OK
TKT74446173685,2025-11-06T19:26:50Z,PORTE-A,R57454612,UNITE,OK
TKT59463122331,2025-11-06T19:26:50Z,VIP-EST,R52824211,INVITATION,OK
TKT98109917439,2025-11-06T19:26:51Z,PORTE-C,R51577513,ABONNEMENT,OK
TKT95617921115,2025-11-06T19:26:51Z,PORTE-C,R56207559,UNITE,OK
TKT39130675775,2025-11-06T19:26:51Z,PORTE-A,R53940628,INVITATION,OK
TKT45504039533,2025-11-06T19:26:51Z,PORTE-D,R51617492,UNITE,OK
TKT21689015863,2025-11-06T19:26:51Z,PORTE-D,R54231736,UNITE,OK
TKT83918399224,2025-11-06T19:26:52Z,PORTE-A,R54046265,ABONNEMENT,OK
TKT41961433518,2025-11-06T19:26:52Z,PORTE-D,,GROUPE,OK
TKT37323545357,2025-11-06T19:26:53Z,PORTE-C,R58722430,ABONNEMENT,OK
TKT33802443660,2025-11-06T19:26:54Z,PORTE-A,R54678680,ABONNEMENT,OK
TKT46711359297,2025-11-06T19:26:54Z,PORTE-B,R59568437,UNITE,OK
TKT65480763879,2025-11-06T19:26:55Z,PORTE-C,R56656218,UNITE,OK
TKT46429675926,2025-11-06T19:26:56Z,PORTE-C,R59936850,ABONNEMENT,OK
TKT97378894340,2025-11-06T19:26:56Z,PORTE-B,R53806850,UNITE,OK
TKT69514674111,2025-11-06T19:26:57Z,PORTE-D,R52278162,ABONNEMENT,OK
TKT86053283601,2025-11-06T19:26:57Z,VIP-EST,R57691699,ABONNEMENT,OK
TKT54246606024,2025-11-06T19:27:00Z,PORTE-D,R51973712,ABONNEMENT,OK
TKT30675538833,2025-11-06T19:27:00Z,PORTE-A,R56718744,UNITE,OK
TKT87724243678,2025-11-06T19:27:01Z,PORTE-C,R52247110,ABONNEMENT,OK
TKT50932008409,2025-11-06T19:27:01Z,VIP-EST,R59277875,ABONNEMENT,OK
TKT60906799494,2025-11-06T19:27:01Z,VIP-EST,R57049151,UNITE,OK
TKT19278915810,2025-11-06T19:27:01Z,PORTE-B,R59794299,GROUPE,OK
TKT12898199934,2025-11-06T19:27:01Z,PORTE-C,R57178149,UNITE,OK
TKT43885697382,2025-11-06T19:27:02Z,PORTE-A,,GROUPE,OK
TKT53233296793,2025-11-06T19:27:02Z,PORTE-C,R56563990,UNITE,OK
TKT46643842056,2025-11-06T19:27:04Z,PORTE-A,R52776876,ABONNEMENT,OK
TKT77546535040,2025-11-06T19:27:04Z,PORTE-B,R57765470,UNITE,OK
TKT33867321449,2025-11-06T19:27:05Z,PORTE-B,R52590179,ABONNEMENT,OK
TKT44130737584,2025-11-06T19:27:07Z,PORTE-D,R55326410,ABONNEMENT,OK
TKT67409222836,2025-11-06T19:27:07Z,PORTE-B,R59605016,UNITE,OK
TKT42171066039,2025-11-06T19:27:08Z,PORTE-C,R51414857,ABONNEMENT,OK
TKT73202806973,2025-11-06T19:27:10Z,PORTE-C,R53603602,ABONNEMENT,OK
TKT14084100660,2025-11-06T19:27:10Z,PORTE-A,,GROUPE,OK
TKT72682530474,2025-11-06T19:27:11Z,PORTE-A,R53494421,INVITATION,OK
TKT69816271209,2025-11-06T19:27:11Z,PORTE-C,,GROUPE,OK
TKT92702441613,2025-11-06T19:27:14Z,PORTE-A,R56391603,ABONNEMENT,OK
TKT29810799919,2025-11-06T19:27:15Z,VIP-EST,R53963165,ABONNEMENT,OK
TKT82948050317,2025-11-06T19:27:16Z,VIP-EST,R59746284,ABONNEMENT,OK
TKT89882993829,2025-11-06T19:27:16Z,PORTE-D,R53282055,ABONNEMENT,OK
TKT82748527345,2025-11-06T19:27:16Z,PORTE-C,R59233059,ABONNEMENT,OK
TKT51164502423,2025-11-06T19:27:17Z,PORTE-C,R58752668,ABONNEMENT,OK
TKT39659960478,2025-11-06T19:27:17Z,PORTE-A,R52307720,ABONNEMENT,OK
TKT13964116271,2025-11-06T19:27:18Z,PORTE-A,R57758593,ABONNEMENT,OK
TKT28158826965,2025-11-06T19:27:18Z,PORTE-B,R53464595,UNITE,OK
TKT86583938034,2025-11-06T19:27:19Z,PORTE-C,R53733089,ABONNEMENT,OK
TKT57210934088,2025-11-06T19:27:19Z,PORTE-C,R56420826,UNITE,OK
TKT58229429714,2025-11-06T19:27:20Z,PORTE-D,R52597880,ABONNEMENT,OK
TKT67033951613,2025-11-06T19:27:22Z,PORTE-C,R59880387,ABONNEMENT,OK
TKT46284309143,2025-11-06T19:27:23Z,PORTE-D,R58474366,ABONNEMENT,OK
TKT14015415865,2025-11-06T19:27:26Z,PORTE-C,,UNITE,OK
TKT73055547275,2025-11-06T19:27:27Z,PORTE-D,R52852888,UNITE,OK
TKT44860114193,2025-11-06T19:27:28Z,PORTE-A,R51531595,UNITE,OK
TKT62604069288,2025-11-06T19:27:29Z,PORTE-B,R58500112,UNITE,OK
TKT60578660074,2025-11-06T19:27:29Z,PORTE-A,R56536338,UNITE,OK
TKT40382555925,2025-11-06T19:27:30Z,PORTE-C,,GROUPE,OK
TKT60761166597,2025-11-06T19:27:30Z,PORTE-D,,UNITE,OK
TKT86802742942,2025-11-06T19:27:30Z,PORTE-C,R56557525,GROUPE,OK
TKT73529181986,2025-11-06T19:27:33Z,PORTE-C,,UNITE,OK
TKT78409332552,2025-11-06T19:27:33Z,VIP-EST,,UNITE,OK
TKT49886236883,2025-11-06T19:27:33Z,VIP-EST,R53159177,UNITE,OK
TKT20403589958,2025-11-06T19:27:33Z,PORTE-C,R56153079,UNITE,OK
TKT45327587350,2025-11-06T19:27:34Z,PORTE-D,R59886728,ABONNEMENT,OK
TKT76205710992,2025-11-06T19:27:34Z,PORTE-B,R58467087,ABONNEMENT,OK
TKT15660820563,2025-11-06T19:27:34Z,PORTE-C,R55658455,ABONNEMENT,OK
TKT78599429209,2025-11-06T19:27:35Z,PORTE-C,R51374399,UNITE,OK
TKT80794631812,2025-11-06T19:27:35Z,VIP-EST,,GROUPE,OK
TKT50694253787,2025-11-06T19:27:35Z,PORTE-A,,UNITE,OK
TKT75617613843,2025-11-06T19:27:36Z,PORTE-C,R54503908,ABONNEMENT,OK
TKT22986860413,2025-11-06T19:27:37Z,PORTE-C,R53479652,ABONNEMENT,OK
TKT61158762456,2025-11-06T19:27:37Z,VIP-EST,R55562559,UNITE,OK
TKT51707726932,2025-11-06T19:27:38Z,PORTE-A,R53136372,ABONNEMENT,OK
TKT99429248963,2025-11-06T19:27:38Z,PORTE-A,R59339108,ABONNEMENT,OK
TKT68737739939,2025-11-06T19:27:38Z,VIP-EST,R56518963,UNITE,OK
TKT81511823796,2025-11-06T19:27:40Z,PORTE-B,R58810424,ABONNEMENT,OK
TKT24546181044,2025-11-06T19:27:40Z,PORTE-B,,UNITE,OK
TKT33483731509,2025-11-06T19:27:40Z,PORTE-C,,GROUPE,OK
TKT16162300381,2025-11-06T19:27:41Z,PORTE-D,R56587763,ABONNEMENT,OK
TKT62430562621,2025-11-06T19:27:41Z,PORTE-C,R57784751,UNITE,OK
TKT52841281674,2025-11-06T19:27:42Z,PORTE-B,R52149432,ABONNEMENT,OK
TKT57931418876,2025-11-06T19:27:42Z,PORTE-B,R55865994,UNITE,OK
TKT47041571770,2025-11-06T19:27:42Z,PMR-NORD,R55092244,UNITE,OK
TKT32358372127,2025-11-06T19:27:42Z,PORTE-C,R56957402,UNITE,OK
TKT15488938908,2025-11-06T19:27:43Z,PORTE-D,R57879143,ABONNEMENT,OK
TKT42913203336,2025-11-06T19:27:44Z,PORTE-C,R58847415,UNITE,OK
TKT27303833270,2025-11-06T19:27:45Z,PORTE-C,R57037705,ABONNEMENT,OK
TKT24198849043,2025-11-06T19:27:45Z,PORTE-C,R58015162,ABONNEMENT,OK
TKT70307657698,2025-11-06T19:27:45Z,PORTE-C,R54983877,UNITE,OK
TKT99204261135,2025-11-06T19:27:46Z,PORTE-C,R54651229,UNITE,OK
TKT89434920252,2025-11-06T19:27:47Z,VIP-EST,,UNITE,OK
TKT54711672725,2025-11-06T19:27:48Z,PORTE-A,R59847084,ABONNEMENT,OK
TKT33469159199,2025-11-06T19:27:48Z,PORTE-B,R51029548,UNITE,OK
TKT84982083338,2025-11-06T19:27:48Z,VIP-EST,R53418275,UNITE,OK
TKT22211904766,2025-11-06T19:27:48Z,PORTE-B,R59339319,UNITE,OK
TKT52988687018,2025-11-06T19:27:49Z,PORTE-B,R51378556,UNITE,OK
TKT64097982601,2025-11-06T19:27:50Z,PORTE-A,R56049338,VIP,OK
TKT27091835796,2025-11-06T19:27:51Z,PORTE-A,R57423349,UNITE,OK
TKT30960122693,2025-11-06T19:27:52Z,PORTE-D,R56720717,ABONNEMENT,OK
TKT30954299252,2025-11-06T19:27:52Z,PORTE-C,R53310588,ABONNEMENT,OK
TKT87726590589,2025-11-06T19:27:53Z,PORTE-D,R59352182,ABONNEMENT,OK
TKT19362441329,2025-11-06T19:27:53Z,PORTE-D,,UNITE,OK
TKT77343878992,2025-11-06T19:27:53Z,PORTE-C,R51530781,UNITE,OK
TKT97021727030,2025-11-06T19:27:53Z,PMR-NORD,R57509370,UNITE,OK
TKT33149628314,2025-11-06T19:27:54Z,PORTE-D,R57264917,ABONNEMENT,OK
TKT94512497889,2025-11-06T19:27:54Z,PORTE-D,R57462849,UNITE,OK
TKT13090002806,2025-11-06T19:27:54Z,VIP-EST,R58469127,VIP,OK
TKT21215499584,2025-11-06T19:27:55Z,PORTE-C,R57932005,ABONNEMENT,OK
TKT92092392691,2025-11-06T19:27:55Z,PORTE-A,R55389884,ABONNEMENT,OK
TKT59071713797,2025-11-06T19:27:56Z,PORTE-A,R59134500,ABONNEMENT,OK
TKT69227507257,2025-11-06T19:27:59Z,PORTE-B,R59064417,ABONNEMENT,OK
TKT84892372792,2025-11-06T19:27:59Z,PORTE-C,R54668249,ABONNEMENT,OK
TKT98902379384,2025-11-06T19:27:59Z,PORTE-C,R56301961,ABONNEMENT,OK
TKT51514612323,2025-11-06T19:27:59Z,VIP-EST,,GROUPE,OK
TKT60437194070,2025-11-06T19:27:59Z,VIP-EST,R52848664,UNITE,OK
TKT63851637819,2025-11-06T19:27:59Z,PORTE-D,R51348998,UNITE,OK
TKT62071414988,2025-11-06T19:27:59Z,PORTE-B,R56386555,UNITE,OK
TKT49789349060,2025-11-06T19:28:00Z,PORTE-D,,GROUPE,OK
TKT44215128051,2025-11-06T19:28:01Z,PORTE-C,R57406865,UNITE,OK
TKT56616800163,2025-11-06T19:28:01Z,VIP-EST,,UNITE,OK
TKT18076085353,2025-11-06T19:28:02Z,VIP-EST,R56048869,ABONNEMENT,OK
TKT71899024615,2025-11-06T19:28:03Z,PORTE-C,R58119985,GROUPE,OK
TKT87472291603,2025-11-06T19:28:04Z,PORTE-D,R53937352,UNITE,OK
TKT96888454378,2025-11-06T19:28:05Z,VIP-EST,R51084728,UNITE,OK
TKT79642828743,2025-11-06T19:28:05Z,PORTE-D,R55331726,UNITE,OK
TKT22366477251,2025-11-06T19:28:07Z,PORTE-C,R56692720,ABONNEMENT,OK
TKT75344732436,2025-11-06T19:28:07Z,PORTE-D,R54690729,ABONNEMENT,OK
TKT73080374605,2025-11-06T19:28:07Z,PORTE-B,R58133471,ABONNEMENT,OK
TKT13195164973,2025-11-06T19:28:08Z,PORTE-C,R54536052,ABONNEMENT,OK
TKT79048696445,2025-11-06T19:28:08Z,PORTE-A,,UNITE,OK
TKT86230893001,2025-11-06T19:28:09Z,PORTE-D,R53300378,ABONNEMENT,OK
TKT92168200353,2025-11-06T19:28:09Z,PORTE-D,R52364873,UNITE,OK
TKT84140741921,2025-11-06T19:28:10Z,PORTE-B,R51286807,UNITE,OK
TKT16511972810,2025-11-06T19:28:11Z,PORTE-D,R56811709,ABONNEMENT,OK
TKT44090170653,2025-11-06T19:28:12Z,PORTE-A,R57345287,UNITE,OK
TKT30422835749,2025-11-06T19:28:13Z,PORTE-D,,UNITE,OK
TKT45564749425,2025-11-06T19:28:14Z,PORTE-C,R52561167,ABONNEMENT,OK
TKT14456678984,2025-11-06T19:28:14Z,PORTE-D,R59835437,UNITE,OK
TKT32433630965,2025-11-06T19:28:15Z,VIP-EST,,GROUPE,OK
TKT29703118205,2025-11-06T19:28:16Z,VIP-EST,R57262676,VIP,OK
TKT95097109770,2025-11-06T19:28:16Z,PORTE-B,,UNITE,OK
TKT63768731863,2025-11-06T19:28:20Z,PORTE-C,R55756257,INVITATION,OK
TKT78868860119,2025-11-06T19:28:20Z,PORTE-B,R57228549,UNITE,OK
TKT25332697999,2025-11-06T19:28:22Z,PORTE-C,R57332079,ABONNEMENT,OK
TKT22764143474,2025-11-06T19:28:22Z,VIP-EST,,UNITE,OK
TKT95988173346,2025-11-06T19:28:25Z,PORTE-C,R53029087,ABONNEMENT,OK
TKT81385422636,2025-11-06T19:28:25Z,PORTE-B,R56319336,UNITE,OK
TKT27131684057,2025-11-06T19:28:25Z,PORTE-D,R52040596,UNITE,OK
TKT90959012903,2025-11-06T19:28:26Z,PORTE-C,R53738338,ABONNEMENT,OK
TKT94244739975,2025-11-06T19:28:26Z,PORTE-C,R55601992,INVITATION,OK
TKT50214936518,2025-11-06T19:28:26Z,PORTE-B,,UNITE,OK
TKT39673970166,2025-11-06T19:28:26Z,PORTE-D,R52666747,UNITE,OK
TKT17733002543,2025-11-06T19:28:27Z,PORTE-A,R52872715,ABONNEMENT,OK
TKT75849372903,2025-11-06T19:28:27Z,PORTE-B,R51496319,UNITE,OK
TKT29549440270,2025-11-06T19:28:27Z,PORTE-D,R52235118,UNITE,REFUSE_DEJA_SCANNE
TKT44872548442,2025-11-06T19:28:28Z,PORTE-C,R51449396,ABONNEMENT,OK
TKT15970752964,2025-11-06T19:28:28Z,PORTE-C,R56149200,UNITE,OK
TKT97676714597,2025-11-06T19:28:29Z,PORTE-C,R51284154,ABONNEMENT,OK
TKT77963598096,2025-11-06T19:28:30Z,PORTE-D,R53493674,ABONNEMENT,OK
TKT91552344264,2025-11-06T19:28:31Z,PORTE-B,R53505254,UNITE,OK
TKT81988977553,2025-11-06T19:28:33Z,PORTE-D,R55399357,UNITE,OK
TKT67242211321,2025-11-06T19:28:34Z,VIP-EST,R59473020,ABONNEMENT,OK
TKT30153036784,2025-11-06T19:28:35Z,PORTE-D,R51639972,UNITE,OK
TKT70134710419,2025-11-06T19:28:36Z,PORTE-C,R53982915,ABONNEMENT,OK
TKT17225320517,2025-11-06T19:28:37Z,PORTE-C,R57385410,ABONNEMENT,OK
TKT29020627334,2025-11-06T19:28:38Z,VIP-EST,R54016975,UNITE,OK
TKT11113517298,2025-11-06T19:28:38Z,PMR-NORD,,UNITE,OK
TKT17585720239,2025-11-06T19:28:38Z,PORTE-A,R51786057,UNITE,OK
TKT80299823377,2025-11-06T19:28:39Z,PORTE-B,R53280427,ABONNEMENT,OK
TKT46693365891,2025-11-06T19:28:39Z,PORTE-B,R53294861,UNITE,OK
TKT54840940729,2025-11-06T19:28:40Z,PORTE-D,R57688644,INVITATION,OK
TKT14515568265,2025-11-06T19:28:41Z,PORTE-C,R58784678,ABONNEMENT,OK
TKT56272617680,2025-11-06T19:28:42Z,PORTE-D,R57261584,ABONNEMENT,OK
TKT41200997573,2025-11-06T19:28:42Z,PORTE-B,R58227404,UNITE,OK
TKT12833813872,2025-11-06T19:28:42Z,PORTE-B,R58331001,UNITE,OK
TKT61312792763,2025-11-06T19:28:42Z,PORTE-A,R51597186,UNITE,OK
TKT87958181580,2025-11-06T19:28:43Z,PORTE-D,R51306500,ABONNEMENT,OK
TKT67009346459,2025-11-06T19:28:43Z,PORTE-C,R54824574,ABONNEMENT,OK
TKT49084528349,2025-11-06T19:28:43Z,PORTE-D,R57278336,ABONNEMENT,OK
TKT79034101123,2025-11-06T19:28:43Z,PORTE-D,R51442643,UNITE,OK
TKT28852485118,2025-11-06T19:28:44Z,PORTE-A,R54543609,UNITE,OK
TKT64661716762,2025-11-06T19:28:46Z,PORTE-C,R55952829,ABONNEMENT,OK
TKT72100900096,2025-11-06T19:28:46Z,PORTE-B,R58976758,UNITE,OK
TKT21895762703,2025-11-06T19:28:48Z,VIP-EST,R54064588,ABONNEMENT,OK
TKT48796074001,2025-11-06T19:28:48Z,PORTE-A,R52522270,INVITATION,OK
TKT50890365468,2025-11-06T19:28:48Z,PORTE-B,R57180467,UNITE,OK
TKT34707067002,2025-11-06T19:28:49Z,VIP-EST,R54459963,ABONNEMENT,OK
TKT49116241760,2025-11-06T19:28:50Z,VIP-EST,R53881636,ABONNEMENT,OK
TKT42064782439,2025-11-06T19:28:50Z,PORTE-D,R55481834,UNITE,OK
TKT63346307879,2025-11-06T19:28:51Z,VIP-EST,R59882159,ABONNEMENT,OK
TKT49305112847,2025-11-06T19:28:52Z,PORTE-C,R56709472,UNITE,OK
TKT61069765874,2025-11-06T19:28:54Z,PORTE-D,R55953174,ABONNEMENT,OK
TKT96454316134,2025-11-06T19:28:54Z,PORTE-D,R55903655,ABONNEMENT,OK
TKT29194669505,2025-11-06T19:28:54Z,PORTE-C,,UNITE,OK
TKT12276744811,2025-11-06T19:28:54Z,PORTE-C,,UNITE,OK
TKT84083500145,2025-11-06T19:28:54Z,PORTE-C,R58899041,UNITE,OK
TKT32784369908,2025-11-06T19:28:55Z,PORTE-C,R56830856,UNITE,OK
TKT38075417770,2025-11-06T19:28:55Z,PORTE-C,,GROUPE,OK
TKT38931175462,2025-11-06T19:28:57Z,PORTE-C,R53962696,ABONNEMENT,REFUSE_DEJA_SCANNE
TKT23176516930,2025-11-06T19:28:58Z,PORTE-A,R51974392,INVITATION,OK
TKT33416218496,2025-11-06T19:29:00Z,PORTE-B,R55465082,ABONNEMENT,OK
TKT57207796558,2025-11-06T19:29:01Z,PORTE-C,,GROUPE,OK
TKT66213754048,2025-11-06T19:29:02Z,VIP-EST,R51484260,UNITE,OK
TKT63274797744,2025-11-06T19:29:03Z,PORTE-C,R59154806,ABONNEMENT,OK
TKT71851701783,2025-11-06T19:29:03Z,PORTE-C,R53169129,ABONNEMENT,OK
TKT51773347390,2025-11-06T19:29:03Z,PORTE-C,R56197895,UNITE,REFUSE_DEJA_SCANNE
TKT35288932499,2025-11-06T19:29:03Z,PORTE-C,,INVITATION,OK
TKT32942323556,2025-11-06T19:29:03Z,VIP-EST,R57823092,VIP,OK
TKT36453212375,2025-11-06T19:29:04Z,PORTE-D,R57442352,ABONNEMENT,OK
TKT35363909616,2025-11-06T19:29:04Z,PORTE-C,R52017714,UNITE,OK
TKT74222285265,2025-11-06T19:29:04Z,PORTE-C,,UNITE,OK
TKT55756103459,2025-11-06T19:29:05Z,PORTE-C,R51408526,UNITE,OK
TKT87626857618,2025-11-06T19:29:07Z,PORTE-D,R53304880,ABONNEMENT,OK
TKT97187274892,2025-11-06T19:29:07Z,PORTE-B,R51652289,GROUPE,OK
TKT25058830241,2025-11-06T19:29:08Z,PORTE-C,R54877694,UNITE,OK
TKT50223214959,2025-11-06T19:29:10Z,VIP-EST,R51213448,ABONNEMENT,OK
TKT29929367777,2025-11-06T19:29:11Z,VIP-EST,R51672652,ABONNEMENT,OK
TKT41442107750,2025-11-06T19:29:12Z,PORTE-C,R53039307,ABONNEMENT,OK
TKT59980147969,2025-11-06T19:29:12Z,PORTE-A,R57298977,UNITE,OK
TKT66266059736,2025-11-06T19:29:12Z,PORTE-C,R52663739,INVITATION,OK
TKT35895449201,2025-11-06T19:29:13Z,PORTE-B,,GROUPE,OK
TKT85107818804,2025-11-06T19:29:14Z,PORTE-C,R56635778,ABONNEMENT,OK
TKT72871419813,2025-11-06T19:29:16Z,PORTE-C,R52862964,ABONNEMENT,OK
TKT42493417902,2025-11-06T19:29:17Z,PORTE-D,,UNITE,OK
TKT18332993957,2025-11-06T19:29:18Z,PORTE-C,R54773762,UNITE,OK
TKT82190042969,2025-11-06T19:29:19Z,PORTE-D,R57903060,UNITE,OK
TKT56642030859,2025-11-06T19:29:19Z,PORTE-A,R59439238,UNITE,OK
TKT43486807711,2025-11-06T19:29:20Z,PORTE-D,R59348648,ABONNEMENT,OK
TKT75366474227,2025-11-06T19:29:20Z,PORTE-B,R51022336,UNITE,OK
TKT35309172033,2025-11-06T19:29:20Z,PORTE-D,R55629031,UNITE,OK
TKT43967204615,2025-11-06T19:29:21Z,PORTE-D,R56303599,ABONNEMENT,OK
TKT29309884707,2025-11-06T19:29:21Z,PORTE-B,R57314503,ABONNEMENT,OK
TKT86706130448,2025-11-06T19:29:21Z,PORTE-A,R54618941,UNITE,OK
TKT26883468132,2025-11-06T19:29:22Z,PORTE-D,R54632092,ABONNEMENT,OK
TKT38817008603,2025-11-06T19:29:22Z,PORTE-A,R56246791,ABONNEMENT,OK
TKT76298713785,2025-11-06T19:29:22Z,PORTE-D,R57904353,UNITE,OK
TKT40044014421,2025-11-06T19:29:22Z,PORTE-C,R52908671,UNITE,OK
TKT37793719479,2025-11-06T19:29:23Z,PORTE-B,R58839178,UNITE,OK
TKT38884399043,2025-11-06T19:29:24Z,PORTE-A,R54766473,VIP,OK
TKT92032731477,2025-11-06T19:29:25Z,PORTE-B,R56765801,UNITE,OK
TKT50544977443,2025-11-06T19:29:25Z,PMR-NORD,R55558268,UNITE,OK
TKT87879645037,2025-11-06T19:29:26Z,VIP-EST,R56948609,ABONNEMENT,OK
TKT23387060613,2025-11-06T19:29:27Z,PORTE-C,R55096679,ABONNEMENT,OK
TKT69582562215,2025-11-06T19:29:27Z,PORTE-D,,UNITE,OK
TKT83000122361,2025-11-06T19:29:28Z,PORTE-D,R54280833,ABONNEMENT,OK
TKT67007143212,2025-11-06T19:29:28Z,PORTE-D,R54318782,UNITE,OK
TKT38078822509,2025-11-06T19:29:28Z,PORTE-B,R55604377,UNITE,OK
TKT67279566791,2025-11-06T19:29:28Z,PORTE-D,R52554089,UNITE,OK
TKT11992044951,2025-11-06T19:29:28Z,PORTE-A,,UNITE,OK
TKT41128803702,2025-11-06T19:29:30Z,PORTE-D,R58551748,UNITE,OK
TKT93381386326,2025-11-06T19:29:31Z,PORTE-C,R54745554,UNITE,OK
TKT30143243205,2025-11-06T19:29:32Z,PORTE-C,R59709494,ABONNEMENT,OK
TKT48213487805,2025-11-06T19:29:34Z,VIP-EST,R52999941,ABONNEMENT,OK
TKT51117674856,2025-11-06T19:29:35Z,VIP-EST,R54087058,VIP,OK
TKT90649117179,2025-11-06T19:29:38Z,PORTE-A,R55421023,ABONNEMENT,OK
TKT54840940729,2025-11-06T19:29:40Z,PORTE-D,R57688644,INVITATION,REFUSE_DEJA_SCANNE
TKT99441144613,2025-11-06T19:29:40Z,PORTE-B,R53021195,UNITE,OK
TKT15423752627,2025-11-06T19:29:40Z,PORTE-A,R55249383,UNITE,OK
TKT42948019861,2025-11-06T19:29:40Z,PORTE-D,,GROUPE,OK
TKT71013875292,2025-11-06T19:29:41Z,PORTE-D,R52040462,UNITE,OK
TKT49394718096,2025-11-06T19:29:41Z,VIP-EST,,GROUPE,OK
TKT91339486225,2025-11-06T19:29:41Z,PORTE-C,R51218429,UNITE,OK
TKT98325440047,2025-11-06T19:29:42Z,PORTE-B,R59444477,ABONNEMENT,OK
TKT40133036439,2025-11-06T19:29:42Z,PORTE-D,R56644494,ABONNEMENT,OK
TKT60123163220,2025-11-06T19:29:43Z,PORTE-D,,UNITE,OK
TKT37381105345,2025-11-06T19:29:44Z,VIP-EST,R54752776,ABONNEMENT,OK
TKT64093808022,2025-11-06T19:29:45Z,PORTE-A,R51174896,ABONNEMENT,OK
TKT57942002080,2025-11-06T19:29:45Z,PORTE-A,R58580827,UNITE,OK
TKT13125438435,2025-11-06T19:29:45Z,PORTE-C,R59705136,UNITE,OK
TKT53721701410,2025-11-06T19:29:46Z,PORTE-C,R52669199,ABONNEMENT,OK
TKT57926462157,2025-11-06T19:29:46Z,PORTE-C,,GROUPE,OK
TKT79760558632,2025-11-06T19:29:47Z,PORTE-C,R59460817,ABONNEMENT,OK
TKT72472735009,2025-11-06T19:29:48Z,PORTE-C,R51400624,ABONNEMENT,OK
TKT22259992255,2025-11-06T19:29:48Z,PORTE-B,R59884065,ABONNEMENT,OK
TKT44768937536,2025-11-06T19:29:48Z,VIP-EST,R54799910,ABONNEMENT,OK
TKT14976928839,2025-11-06T19:29:48Z,PORTE-C,R56713428,UNITE,OK
TKT31883463841,2025-11-06T19:29:49Z,PORTE-D,R57190131,UNITE,OK
TKT49864853074,2025-11-06T19:29:50Z,PORTE-D,R58989085,ABONNEMENT,OK
TKT15592148123,2025-11-06T19:29:51Z,PORTE-C,R54835464,ABONNEMENT,OK
TKT23445744661,2025-11-06T19:29:52Z,VIP-EST,R52713948,UNITE,OK
TKT14636480190,2025-11-06T19:29:54Z,PORTE-D,R51760388,ABONNEMENT,OK
TKT94098296659,2025-11-06T19:29:54Z,PORTE-A,R56259664,UNITE,OK
TKT18360370879,2025-11-06T19:29:54Z,PORTE-C,R53227431,UNITE,OK
TKT80164809154,2025-11-06T19:29:54Z,PORTE-D,R56550236,UNITE,OK
TKT30138661029,2025-11-06T19:29:55Z,PORTE-A,R51797570,ABONNEMENT,OK
TKT66791867489,2025-11-06T19:29:55Z,PORTE-C,R51810577,ABONNEMENT,OK
TKT38659292156,2025-11-06T19:29:58Z,PORTE-B,R57171262,ABONNEMENT,OK
TKT48239510452,2025-11-06T19:29:59Z,PORTE-B,R56538512,ABONNEMENT,OK
TKT56369220609,2025-11-06T19:29:59Z,PORTE-C,R56599745,UNITE,OK
TKT62078252501,2025-11-06T19:30:00Z,PORTE-C,R59178033,UNITE,OK
TKT71923366058,2025-11-06T19:30:01Z,PORTE-D,R59817794,ABONNEMENT,OK
TKT44985268560,2025-11-06T19:30:01Z,PORTE-D,R52597880,UNITE,OK
TKT47782045860,2025-11-06T19:30:01Z,PORTE-B,R59149758,UNITE,OK
TKT39461304036,2025-11-06T19:30:01Z,PORTE-B,R57437180,UNITE,OK
TKT42967662337,2025-11-06T19:30:02Z,PORTE-C,R57243673,ABONNEMENT,OK
TKT52468020087,2025-11-06T19:30:02Z,PORTE-D,R59603244,UNITE,OK
TKT43362478533,2025-11-06T19:30:02Z,PORTE-A,,UNITE,OK
TKT62358694576,2025-11-06T19:30:03Z,PORTE-A,R53911137,ABONNEMENT,OK
TKT40478676779,2025-11-06T19:30:03Z,PORTE-C,R53806170,ABONNEMENT,OK
TKT43612458892,2025-11-06T19:30:03Z,PORTE-D,R59443184,GROUPE,OK
TKT51888571748,2025-11-06T19:30:03Z,PORTE-C,R57137691,UNITE,OK
TKT46268325553,2025-11-06T19:30:05Z,PORTE-D,R55753882,ABONNEMENT,OK
TKT93152232448,2025-11-06T19:30:05Z,PORTE-A,,UNITE,OK
TKT91809605018,2025-11-06T19:30:06Z,PORTE-C,R51040046,ABONNEMENT,OK
TKT86401277380,2025-11-06T19:30:06Z,PORTE-A,R54721590,UNITE,OK
TKT38809542728,2025-11-06T19:30:08Z,PORTE-A,R57870226,ABONNEMENT,OK
TKT17068969084,2025-11-06T19:30:09Z,PORTE-B,R56479597,UNITE,OK
TKT82781443218,2025-11-06T19:30:11Z,VIP-EST,R51240698,ABONNEMENT,OK
TKT90286775023,2025-11-06T19:30:11Z,PORTE-A,R53266452,ABONNEMENT,OK
TKT52674830075,2025-11-06T19:30:12Z,VIP-EST,R52932377,ABONNEMENT,OK
TKT68481867197,2025-11-06T19:30:12Z,PORTE-B,R58303473,ABONNEMENT,OK
TKT26325976946,2025-11-06T19:30:12Z,PORTE-B,R55256193,UNITE,OK
TKT39256280765,2025-11-06T19:30:13Z,PORTE-C,R59976695,ABONNEMENT,OK
TKT18335086377,2025-11-06T19:30:13Z,PORTE-A,R59191710,UNITE,OK
TKT87999034538,2025-11-06T19:30:14Z,PORTE-B,R57270233,UNITE,OK
TKT20545677180,2025-11-06T19:30:15Z,PORTE-B,R59268824,ABONNEMENT,OK
TKT25269019313,2025-11-06T19:30:15Z,PORTE-D,,GROUPE,OK
TKT74716752285,2025-11-06T19:30:15Z,PORTE-A,,UNITE,OK
TKT72290106539,2025-11-06T19:30:15Z,VIP-EST,R59177611,UNITE,OK
TKT17660052340,2025-11-06T19:30:16Z,PORTE-A,R57516927,UNITE,OK
TKT81933240924,2025-11-06T19:30:17Z,PORTE-C,R52470041,ABONNEMENT,OK
TKT47669078113,2025-11-06T19:30:17Z,VIP-EST,R54228805,UNITE,OK
TKT54759385658,2025-11-06T19:30:18Z,PORTE-D,R51090791,ABONNEMENT,OK
TKT16484575883,2025-11-06T19:30:19Z,PORTE-C,R53526776,UNITE,OK
TKT73811392586,2025-11-06T19:30:20Z,PORTE-B,R52381625,ABONNEMENT,OK
TKT42389252350,2025-11-06T19:30:21Z,PORTE-D,R58515916,ABONNEMENT,OK
TKT71002421774,2025-11-06T19:30:21Z,PORTE-B,,UNITE,OK
TKT87593025985,2025-11-06T19:30:23Z,PORTE-B,R52101005,UNITE,OK
TKT36602857646,2025-11-06T19:30:23Z,VIP-EST,,GROUPE,OK
TKT32494306331,2025-11-06T19:30:25Z,VIP-EST,R51523224,ABONNEMENT,OK
TKT40706876026,2025-11-06T19:30:26Z,PORTE-C,R58652136,UNITE,OK
TKT38468748270,2025-11-06T19:30:26Z,VIP-EST,R56517067,UNITE,OK
TKT19467573863,2025-11-06T19:30:29Z,PORTE-C,,UNITE,OK
TKT31261702293,2025-11-06T19:30:30Z,PORTE-D,R53870190,ABONNEMENT,OK
TKT99694455159,2025-11-06T19:30:30Z,PORTE-A,R59541264,UNITE,OK
TKT57974855149,2025-11-06T19:30:31Z,PORTE-A,R51643161,ABONNEMENT,OK
TKT33307546351,2025-11-06T19:30:32Z,PORTE-C,R53913780,ABONNEMENT,OK
TKT78261570461,2025-11-06T19:30:32Z,PORTE-C,R52696295,UNITE,OK
TKT83071581545,2025-11-06T19:30:33Z,PORTE-A,R54835263,ABONNEMENT,OK
TKT42677376408,2025-11-06T19:30:33Z,PORTE-A,R52218634,ABONNEMENT,OK
TKT57790278923,2025-11-06T19:30:33Z,PORTE-C,R51545627,UNITE,OK
TKT49387218747,2025-11-06T19:30:33Z,PMR-NORD,,UNITE,OK
TKT59133453995,2025-11-06T19:30:34Z,VIP-EST,,VIP,OK
TKT98999891794,2025-11-06T19:30:34Z,PORTE-C,,UNITE,OK
TKT12468564754,2025-11-06T19:30:36Z,PORTE-C,R52012599,ABONNEMENT,OK
TKT25625650321,2025-11-06T19:30:37Z,PORTE-C,R52557824,UNITE,OK
TKT23935028401,2025-11-06T19:30:39Z,PORTE-C,R56478850,UNITE,OK
TKT23784904954,2025-11-06T19:30:39Z,VIP-EST,,UNITE,OK
TKT16857155426,2025-11-06T19:30:40Z,PORTE-C,R56213699,ABONNEMENT,OK
TKT54804069694,2025-11-06T19:30:41Z,PORTE-D,R57548669,ABONNEMENT,OK
TKT64558997494,2025-11-06T19:30:42Z,PORTE-D,R52782192,ABONNEMENT,OK
TKT54568343544,2025-11-06T19:30:43Z,PORTE-A,R59505499,INVITATION,OK
TKT81658703153,2025-11-06T19:30:43Z,PORTE-B,,GROUPE,OK
TKT28832509643,2025-11-06T19:30:44Z,PORTE-B,,UNITE,OK
TKT35845711711,2025-11-06T19:30:45Z,PORTE-D,R57059495,ABONNEMENT,OK
TKT54710384936,2025-11-06T19:30:45Z,PORTE-A,,UNITE,OK
TKT99828249992,2025-11-06T19:30:46Z,PORTE-D,R56755926,ABONNEMENT,OK
TKT20777355127,2025-11-06T19:30:48Z,PORTE-C,R56078839,UNITE,OK
TKT19246923635,2025-11-06T19:30:48Z,VIP-EST,R55963116,UNITE,OK
TKT23625737945,2025-11-06T19:30:48Z,PORTE-A,R55177039,UNITE,OK
TKT13108927252,2025-11-06T19:30:50Z,PORTE-A,R58864445,ABONNEMENT,OK
TKT33105232279,2025-11-06T19:30:50Z,PORTE-A,,GROUPE,OK
TKT74911538942,2025-11-06T19:30:50Z,VIP-EST,R54931571,UNITE,OK
TKT79482946155,2025-11-06T19:30:52Z,PORTE-C,R53473522,ABONNEMENT,OK
TKT21893406884,2025-11-06T19:30:52Z,PORTE-C,R58482345,ABONNEMENT,OK
TKT25654750832,2025-11-06T19:30:53Z,PORTE-C,R54481294,ABONNEMENT,OK
TKT53562005260,2025-11-06T19:30:53Z,VIP-EST,R51382502,ABONNEMENT,OK
TKT42476702030,2025-11-06T19:30:54Z,PORTE-A,R59571914,UNITE,OK
TKT27721518753,2025-11-06T19:30:55Z,PORTE-D,R57633675,ABONNEMENT,OK
TKT94399112067,2025-11-06T19:30:55Z,PORTE-C,,UNITE,REFUSE_INVALIDE
TKT86059860391,2025-11-06T19:30:56Z,PORTE-B,R53057764,UNITE,OK
TKT33343338786,2025-11-06T19:30:57Z,VIP-EST,,VIP,OK
TKT52152387362,2025-11-06T19:30:57Z,PORTE-D,R51994621,UNITE,OK
TKT11696193908,2025-11-06T19:30:58Z,PORTE-C,,UNITE,OK
TKT19225476857,2025-11-06T19:30:59Z,PORTE-D,R55062140,ABONNEMENT,OK
TKT10977588428,2025-11-06T19:30:59Z,PORTE-D,R51255477,ABONNEMENT,OK
TKT83690870249,2025-11-06T19:30:59Z,PORTE-A,R54165656,ABONNEMENT,OK
TKT30534872595,2025-11-06T19:30:59Z,VIP-EST,R54815168,UNITE,OK
TKT92836906603,2025-11-06T19:31:00Z,PORTE-C,R52148273,UNITE,OK
TKT43852054070,2025-11-06T19:31:01Z,PORTE-C,R51893821,UNITE,OK
TKT35529527059,2025-11-06T19:31:03Z,PORTE-D,R58923561,UNITE,OK
TKT69596037159,2025-11-06T19:31:04Z,VIP-EST,R58698935,UNITE,OK
TKT57091034646,2025-11-06T19:31:05Z,PORTE-C,R53603133,UNITE,OK
TKT92409140789,2025-11-06T19:31:06Z,VIP-EST,R55899297,ABONNEMENT,OK
TKT54950454489,2025-11-06T19:31:06Z,VIP-EST,R53710609,VIP,OK
TKT77665810549,2025-11-06T19:31:06Z,PORTE-B,R52793025,UNITE,OK
TKT95689179504,2025-11-06T19:31:07Z,VIP-EST,R55128066,UNITE,OK
TKT25415637459,2025-11-06T19:31:07Z,PORTE-B,R51629139,UNITE,OK
TKT84542398879,2025-11-06T19:31:08Z,PORTE-A,R59938823,ABONNEMENT,OK
TKT19852860745,2025-11-06T19:31:08Z,PORTE-B,R58197846,UNITE,OK
TKT90793300892,2025-11-06T19:31:09Z,PORTE-D,R54867551,UNITE,OK
TKT24361193022,2025-11-06T19:31:10Z,PORTE-B,R54953304,ABONNEMENT,OK
TKT73105624947,2025-11-06T19:31:12Z,PORTE-B,R59174489,ABONNEMENT,OK
TKT54855691556,2025-11-06T19:31:13Z,PORTE-C,R59757653,ABONNEMENT,OK
TKT63985703327,2025-11-06T19:31:13Z,VIP-EST,R59048747,ABONNEMENT,OK
TKT26497130735,2025-11-06T19:31:13Z,PORTE-C,R52108428,ABONNEMENT,OK
TKT11016467473,2025-11-06T19:31:13Z,PORTE-C,R57413330,ABONNEMENT,OK
TKT44516268736,2025-11-06T19:31:13Z,PORTE-B,R52184651,UNITE,OK
TKT34092376295,2025-11-06T19:31:15Z,PORTE-D,R52260941,ABONNEMENT,OK
TKT82768917371,2025-11-06T19:31:15Z,PORTE-C,R52764549,ABONNEMENT,OK
TKT24620561063,2025-11-06T19:31:15Z,VIP-EST,R59709159,UNITE,OK
TKT33461578335,2025-11-06T19:31:16Z,PORTE-B,R56389496,ABONNEMENT,OK
TKT17226196357,2025-11-06T19:31:16Z,PORTE-A,R51331623,ABONNEMENT,OK
TKT74116739313,2025-11-06T19:31:16Z,PORTE-A,R56794746,ABONNEMENT,OK
TKT13863149375,2025-11-06T19:31:17Z,VIP-EST,,UNITE,OK
TKT14612525815,2025-11-06T19:31:17Z,PORTE-D,R53026434,UNITE,OK
TKT75118414522,2025-11-06T19:31:19Z,PORTE-C,R54623577,ABONNEMENT,REFUSE_DEJA_SCANNE
TKT55929919052,2025-11-06T19:31:20Z,PORTE-D,,UNITE,OK
TKT84082290307,2025-11-06T19:31:21Z,PORTE-A,,UNITE,OK
TKT87115462884,2025-11-06T19:31:21Z,PORTE-C,R54868432,UNITE,OK
TKT31273963547,2025-11-06T19:31:21Z,PORTE-A,R57179442,UNITE,OK
TKT20829194926,2025-11-06T19:31:23Z,PORTE-B,R55659269,UNITE,OK
TKT76221333205,2025-11-06T19:31:24Z,PORTE-C,R55128066,UNITE,OK
TKT60682768193,2025-11-06T19:31:24Z,PORTE-C,,UNITE,OK
TKT31541904246,2025-11-06T19:31:26Z,PORTE-C,R57659900,ABONNEMENT,OK
TKT82640910527,2025-11-06T19:31:26Z,PORTE-A,,GROUPE,OK
TKT26251832699,2025-11-06T19:31:27Z,PORTE-B,R52886670,UNITE,OK
TKT81990961672,2025-11-06T19:31:28Z,PORTE-A,R52933191,ABONNEMENT,OK
TKT39634562128,2025-11-06T19:31:28Z,PORTE-C,R55007104,ABONNEMENT,OK
TKT18510551207,2025-11-06T19:31:29Z,VIP-EST,R59062856,UNITE,OK
TKT28252844514,2025-11-06T19:31:30Z,PORTE-D,,GROUPE,OK
TKT38184516901,2025-11-06T19:31:30Z,PORTE-D,R54711293,INVITATION,OK
TKT37287162286,2025-11-06T19:31:31Z,PORTE-C,R59255328,INVITATION,OK
TKT73647185475,2025-11-06T19:31:32Z,PORTE-C,R52141061,ABONNEMENT,OK
TKT83176977291,2025-11-06T19:31:32Z,PORTE-C,R58981595,UNITE,OK
TKT43858773149,2025-11-06T19:31:32Z,PORTE-C,R51278905,UNITE,OK
TKT12266243927,2025-11-06T19:31:32Z,PORTE-D,R52634382,UNITE,OK
TKT78029413599,2025-11-06T19:31:33Z,PORTE-A,R58492555,ABONNEMENT,OK
TKT95420121900,2025-11-06T19:31:33Z,VIP-EST,R54773963,UNITE,OK
TKT78517637962,2025-11-06T19:31:33Z,PORTE-A,R52326934,UNITE,OK
TKT22355990503,2025-11-06T19:31:34Z,PORTE-C,,UNITE,OK
TKT59861023351,2025-11-06T19:31:34Z,PORTE-B,,UNITE,OK
TKT36546632610,2025-11-06T19:31:34Z,PORTE-B,R59663050,UNITE,OK
TKT43844211915,2025-11-06T19:31:36Z,PORTE-C,R57095049,ABONNEMENT,OK
TKT41742769927,2025-11-06T19:31:36Z,PORTE-C,R52871556,UNITE,REFUSE_INVALIDE
TKT19601196618,2025-11-06T19:31:37Z,PORTE-C,R51484126,ABONNEMENT,OK
TKT39716939496,2025-11-06T19:31:37Z,VIP-EST,R55907601,UNITE,OK
TKT50808544025,2025-11-06T19:31:39Z,PORTE-C,R52981072,UNITE,OK
TKT46052981390,2025-11-06T19:31:39Z,PORTE-C,R56233516,UNITE,OK
TKT92476571219,2025-11-06T19:31:40Z,PORTE-A,R51735322,ABONNEMENT,OK
TKT34332030691,2025-11-06T19:31:41Z,PORTE-C,R56573453,UNITE,OK
TKT77643659578,2025-11-06T19:31:42Z,PORTE-C,R53071796,UNITE,OK
TKT55104974564,2025-11-06T19:31:42Z,VIP-EST,R55858226,VIP,OK
TKT23998400698,2025-11-06T19:31:43Z,PORTE-B,R51820874,ABONNEMENT,OK
TKT36822495808,2025-11-06T19:31:43Z,PORTE-C,R53994773,UNITE,OK
TKT83915826392,2025-11-06T19:31:44Z,PORTE-C,R53703330,ABONNEMENT,OK
TKT32425498001,2025-11-06T19:31:44Z,PORTE-B,R51754047,ABONNEMENT,OK
TKT51813447455,2025-11-06T19:31:44Z,PORTE-B,R56536472,UNITE,OK
TKT19591352387,2025-11-06T19:31:44Z,PORTE-A,R51921952,UNITE,OK
TKT77588886297,2025-11-06T19:31:44Z,PORTE-C,R56159611,UNITE,OK
TKT77544978601,2025-11-06T19:31:45Z,PORTE-C,R57854020,UNITE,OK
TKT46016813306,2025-11-06T19:31:46Z,PORTE-B,R52444965,ABONNEMENT,OK
TKT79899948639,2025-11-06T19:31:46Z,PORTE-A,R52185944,UNITE,OK
TKT28753200268,2025-11-06T19:31:46Z,PORTE-C,,GROUPE,OK
TKT28936208072,2025-11-06T19:31:47Z,PORTE-C,,UNITE,OK
TKT62336229858,2025-11-06T19:31:47Z,PORTE-A,R55763134,UNITE,OK
TKT66006334026,2025-11-06T19:31:50Z,PORTE-C,R51386927,ABONNEMENT,OK
TKT81513273386,2025-11-06T19:31:50Z,VIP-EST,R51414512,ABONNEMENT,OK
TKT75435795349,2025-11-06T19:31:50Z,PORTE-D,R57968641,UNITE,OK
TKT49239193568,2025-11-06T19:31:52Z,PORTE-C,R55598381,ABONNEMENT,OK
TKT12031435546,2025-11-06T19:31:53Z,PORTE-A,R59465999,UNITE,OK
TKT52629963643,2025-11-06T19:31:54Z,VIP-EST,R55505138,ABONNEMENT,OK
TKT59497105994,2025-11-06T19:31:57Z,PORTE-C,R53483799,INVITATION,OK
TKT39784192623,2025-11-06T19:31:59Z,VIP-EST,R51315005,UNITE,OK
TKT50427792348,2025-11-06T19:32:04Z,PORTE-C,R55700340,ABONNEMENT,OK
TKT98117621970,2025-11-06T19:32:04Z,PORTE-D,R55828179,ABONNEMENT,OK
TKT91831026435,2025-11-06T19:32:06Z,VIP-EST,R59439094,GROUPE,OK
TKT80939164791,2025-11-06T19:32:06Z,VIP-EST,R58756490,UNITE,OK
TKT98852448345,2025-11-06T19:32:07Z,PORTE-C,,GROUPE,OK
TKT39716878040,2025-11-06T19:32:08Z,VIP-EST,,UNITE,OK
TKT56698412919,2025-11-06T19:32:11Z,VIP-EST,R54748619,ABONNEMENT,OK
TKT18663548177,2025-11-06T19:32:12Z,PORTE-C,R56156144,ABONNEMENT,OK
TKT59838514760,2025-11-06T19:32:12Z,VIP-EST,,VIP,OK
TKT97560201156,2025-11-06T19:32:13Z,PORTE-D,R53391916,ABONNEMENT,OK
TKT27974131321,2025-11-06T19:32:14Z,PORTE-C,R59171759,ABONNEMENT,OK
TKT59908770653,2025-11-06T19:32:14Z,PORTE-C,R58299604,UNITE,OK
TKT68982492681,2025-11-06T19:32:14Z,PORTE-C,,GROUPE,OK
TKT23695284784,2025-11-06T19:32:16Z,PORTE-B,R56290726,GROUPE,OK
TKT44723555692,2025-11-06T19:32:16Z,PORTE-A,R52269111,UNITE,REFUSE_INVALIDE
TKT19056449837,2025-11-06T19:32:17Z,PORTE-C,R52568935,UNITE,OK
TKT93822815080,2025-11-06T19:32:18Z,PORTE-C,R59685654,ABONNEMENT,OK
TKT54418935088,2025-11-06T19:32:18Z,VIP-EST,R52917665,UNITE,OK
TKT87257717613,2025-11-06T19:32:20Z,PORTE-D,R55601791,ABONNEMENT,OK
TKT68144645802,2025-11-06T19:32:20Z,PORTE-A,R55724659,ABONNEMENT,OK
TKT85381294838,2025-11-06T19:32:20Z,PORTE-C,R54458469,ABONNEMENT,OK
TKT89840767656,2025-11-06T19:32:20Z,PORTE-A,R54214093,UNITE,OK
TKT10290794283,2025-11-06T19:32:20Z,PORTE-B,,UNITE,OK
TKT57967200645,2025-11-06T19:32:21Z,PORTE-A,R53900160,UNITE,OK
TKT62372065972,2025-11-06T19:32:22Z,PORTE-B,R55564187,ABONNEMENT,OK
TKT90656388072,2025-11-06T19:32:22Z,VIP-EST,,UNITE,OK
TKT63166597421,2025-11-06T19:32:22Z,PORTE-A,R55447315,UNITE,OK
TKT66003961035,2025-11-06T19:32:24Z,PORTE-D,R56987640,ABONNEMENT,OK
TKT76916432683,2025-11-06T19:32:24Z,PORTE-C,R59094119,UNITE,OK
TKT91764608613,2025-11-06T19:32:26Z,PORTE-C,,GROUPE,OK
TKT99763018517,2025-11-06T19:32:26Z,VIP-EST,R56460460,UNITE,OK
TKT20248519478,2025-11-06T19:32:26Z,VIP-EST,R54051102,UNITE,OK
TKT46239702712,2025-11-06T19:32:27Z,VIP-EST,R54555256,ABONNEMENT,OK
TKT25559244702,2025-11-06T19:32:27Z,PORTE-A,R59207591,UNITE,OK
TKT42431111053,2025-11-06T19:32:28Z,VIP-EST,R55356591,VIP,OK
TKT81941795972,2025-11-06T19:32:29Z,VIP-EST,R54711906,ABONNEMENT,OK
TKT86288455959,2025-11-06T19:32:29Z,PORTE-C,R54641009,UNITE,OK
TKT15839293487,2025-11-06T19:32:29Z,PORTE-C,R53880487,UNITE,OK
TKT30657864624,2025-11-06T19:32:29Z,PORTE-D,,GROUPE,OK
TKT16546739953,2025-11-06T19:32:30Z,PORTE-C,R54173156,UNITE,OK
TKT33898780527,2025-11-06T19:32:31Z,PORTE-B,R57465579,UNITE,OK
TKT11434907602,2025-11-06T19:32:31Z,PORTE-C,R55544571,UNITE,OK
TKT60581178091,2025-11-06T19:32:32Z,PORTE-D,R56943102,ABONNEMENT,OK
TKT76357409415,2025-11-06T19:32:32Z,VIP-EST,R52296217,ABONNEMENT,OK
TKT12732955248,2025-11-06T19:32:32Z,PORTE-C,,UNITE,OK
TKT80439792321,2025-11-06T19:32:32Z,VIP-EST,R55982119,UNITE,OK
TKT83033353577,2025-11-06T19:32:33Z,PORTE-C,R55467946,ABONNEMENT,OK
TKT20052294848,2025-11-06T19:32:33Z,VIP-EST,R58019654,UNITE,OK
TKT45455924165,2025-11-06T19:32:37Z,PORTE-C,R58319756,UNITE,OK
TKT79970312120,2025-11-06T19:32:37Z,VIP-EST,R54675404,UNITE,OK
TKT30093702763,2025-11-06T19:32:38Z,PORTE-C,R59523152,ABONNEMENT,OK
TKT64906461345,2025-11-06T19:32:38Z,VIP-EST,R51520772,UNITE,OK
TKT45751852315,2025-11-06T19:32:40Z,PORTE-C,R59843751,UNITE,OK
TKT57950256453,2025-11-06T19:32:41Z,PORTE-C,R59831625,ABONNEMENT,OK
TKT41117145520,2025-11-06T19:32:41Z,PORTE-D,R59697713,UNITE,OK
TKT65926629579,2025-11-06T19:32:42Z,PORTE-A,R59551963,ABONNEMENT,OK
TKT89049197529,2025-11-06T19:32:42Z,PORTE-D,R52891919,UNITE,OK
TKT87765981982,2025-11-06T19:32:44Z,PORTE-D,R58180883,ABONNEMENT,OK
TKT95993211922,2025-11-06T19:32:44Z,PORTE-B,,UNITE,OK
TKT36979172024,2025-11-06T19:32:44Z,PORTE-C,R55074668,UNITE,OK
TKT60431494515,2025-11-06T19:32:45Z,PORTE-A,,UNITE,OK
TKT37564646057,2025-11-06T19:32:47Z,PORTE-C,R54224849,ABONNEMENT,REFUSE_DEJA_SCANNE
TKT72834994097,2025-11-06T19:32:47Z,PORTE-C,R53639156,UNITE,OK
TKT16914113639,2025-11-06T19:32:47Z,PORTE-C,R56856659,UNITE,OK
TKT46832746235,2025-11-06T19:32:48Z,PORTE-D,R55431846,UNITE,OK
TKT58642782996,2025-11-06T19:32:48Z,PORTE-C,,UNITE,OK
TKT45686436621,2025-11-06T19:32:48Z,PORTE-C,,UNITE,OK
TKT31223263986,2025-11-06T19:32:50Z,PORTE-A,R58027355,UNITE,OK
TKT17699068258,2025-11-06T19:32:50Z,PORTE-A,,GROUPE,OK
TKT21816022579,2025-11-06T19:32:51Z,PORTE-B,R58592407,UNITE,OK
TKT79106635284,2025-11-06T19:32:52Z,PORTE-D,R54946963,ABONNEMENT,OK
TKT61917115719,2025-11-06T19:32:53Z,PORTE-B,R52330277,ABONNEMENT,OK
TKT48415407410,2025-11-06T19:32:53Z,PORTE-A,R57696268,ABONNEMENT,OK
TKT80546443520,2025-11-06T19:32:53Z,PORTE-D,R52449802,UNITE,OK
TKT44160976303,2025-11-06T19:32:53Z,VIP-EST,R58561278,UNITE,OK
TKT88623010215,2025-11-06T19:32:54Z,PORTE-B,R55800939,ABONNEMENT,OK
TKT53016891503,2025-11-06T19:32:55Z,PORTE-C,R57350881,UNITE,OK
TKT65586124202,2025-11-06T19:32:55Z,PORTE-A,R54997095,UNITE,OK
TKT29996330178,2025-11-06T19:32:55Z,PORTE-D,R52687033,UNITE,OK
TKT75996621832,2025-11-06T19:32:56Z,PORTE-B,R53967121,UNITE,OK
TKT47435596889,2025-11-06T19:32:57Z,PORTE-C,R57900541,ABONNEMENT,OK
TKT65070141523,2025-11-06T19:32:59Z,VIP-EST,R58166372,ABONNEMENT,OK
TKT85772360458,2025-11-06T19:32:59Z,PORTE-C,R58452298,ABONNEMENT,OK
TKT57947643226,2025-11-06T19:32:59Z,PORTE-C,,INVITATION,OK
TKT44531392036,2025-11-06T19:33:00Z,PORTE-C,R56275545,ABONNEMENT,OK
TKT89661747076,2025-11-06T19:33:02Z,PORTE-C,R58742860,UNITE,OK
TKT25363927815,2025-11-06T19:33:02Z,PORTE-B,R55906586,UNITE,OK
TKT77871699390,2025-11-06T19:33:03Z,PORTE-C,,UNITE,OK
TKT77121971830,2025-11-06T19:33:05Z,PORTE-B,R59260098,ABONNEMENT,REFUSE_DEJA_SCANNE
TKT72219572797,2025-11-06T19:33:05Z,PORTE-C,R56745773,ABONNEMENT,OK
TKT73874974472,2025-11-06T19:33:05Z,PORTE-A,,UNITE,OK
TKT99571936860,2025-11-06T19:33:05Z,PORTE-A,R59309952,UNITE,OK
TKT63663340118,2025-11-06T19:33:06Z,PORTE-C,R57785967,ABONNEMENT,OK
TKT12074521977,2025-11-06T19:33:06Z,PORTE-C,R59367785,UNITE,OK
TKT13547163609,2025-11-06T19:33:08Z,PORTE-C,R55105462,ABONNEMENT,OK
TKT99238292480,2025-11-06T19:33:09Z,PORTE-C,R54869869,ABONNEMENT,OK
TKT65333462570,2025-11-06T19:33:09Z,PORTE-A,R59865273,ABONNEMENT,OK
TKT45573788520,2025-11-06T19:33:09Z,PORTE-C,R57920013,ABONNEMENT,OK
TKT28737469017,2025-11-06T19:33:10Z,PORTE-C,R57461824,UNITE,OK
TKT43870536992,2025-11-06T19:33:10Z,VIP-EST,,UNITE,OK
TKT26776076036,2025-11-06T19:33:10Z,PORTE-C,R52141473,UNITE,OK
TKT48496878342,2025-11-06T19:33:11Z,PORTE-D,R51392933,ABONNEMENT,OK
TKT59770176930,2025-11-06T19:33:12Z,PORTE-D,R58584840,ABONNEMENT,OK
TKT55979955504,2025-11-06T19:33:12Z,PORTE-A,R57565153,INVITATION,OK
TKT35131642928,2025-11-06T19:33:13Z,PORTE-D,R57288757,ABONNEMENT,OK
TKT50106285819,2025-11-06T19:33:13Z,PORTE-A,R58596487,UNITE,OK
TKT70326277083,2025-11-06T19:33:13Z,PORTE-A,R54931916,UNITE,OK
TKT83905104015,2025-11-06T19:33:13Z,PORTE-C,R56383021,UNITE,OK
TKT71796179415,2025-11-06T19:33:14Z,PORTE-A,R52777288,UNITE,OK
TKT81752100042,2025-11-06T19:33:15Z,PORTE-B,R57999157,ABONNEMENT,OK
TKT47612744943,2025-11-06T19:33:16Z,PORTE-C,R59039552,UNITE,OK
TKT98938948867,2025-11-06T19:33:17Z,VIP-EST,,VIP,OK
TKT21468026129,2025-11-06T19:33:18Z,PORTE-C,R53890419,ABONNEMENT,OK
TKT68398598401,2025-11-06T19:33:21Z,PORTE-C,R56418977,ABONNEMENT,OK
TKT86102665003,2025-11-06T19:33:21Z,VIP-EST,R51360635,ABONNEMENT,OK
TKT87269615703,2025-11-06T19:33:21Z,PORTE-D,R54850042,UNITE,OK
TKT49939960680,2025-11-06T19:33:24Z,PORTE-D,R51681780,ABONNEMENT,OK
TKT66929687571,2025-11-06T19:33:24Z,PORTE-C,,UNITE,OK
TKT73841462859,2025-11-06T19:33:24Z,PORTE-A,R52062932,UNITE,OK
TKT92685027288,2025-11-06T19:33:24Z,PORTE-C,,UNITE,OK
TKT73964424103,2025-11-06T19:33:25Z,PORTE-C,R57125910,UNITE,OK
TKT88058230771,2025-11-06T19:33:25Z,PORTE-C,R51505447,UNITE,OK
TKT62725165660,2025-11-06T19:33:26Z,PORTE-D,R58744833,UNITE,OK
TKT58802135479,2025-11-06T19:33:26Z,PORTE-C,R59086964,UNITE,OK
TKT19989058181,2025-11-06T19:33:27Z,PORTE-D,R55839769,ABONNEMENT,OK
TKT18845839679,2025-11-06T19:33:27Z,PORTE-C,R57734073,ABONNEMENT,OK
TKT56565465324,2025-11-06T19:33:27Z,PORTE-C,,INVITATION,OK
TKT50045500704,2025-11-06T19:33:28Z,PORTE-C,R53773202,ABONNEMENT,OK
TKT35157066635,2025-11-06T19:33:28Z,PORTE-D,R54799096,UNITE,OK
TKT70820630947,2025-11-06T19:33:28Z,PORTE-C,R57447601,UNITE,OK
TKT25702619281,2025-11-06T19:33:29Z,PORTE-C,R57041105,ABONNEMENT,OK
TKT78196135939,2025-11-06T19:33:29Z,PORTE-C,R57611272,UNITE,OK
TKT56338687683,2025-11-06T19:33:29Z,PORTE-A,,VIP,OK
TKT53672119725,2025-11-06T19:33:31Z,PORTE-C,R56692308,ABONNEMENT,OK
TKT90806215578,2025-11-06T19:33:32Z,PORTE-D,R59540852,ABONNEMENT,OK
TKT74314913439,2025-11-06T19:33:33Z,PORTE-C,,UNITE,OK
TKT89791923038,2025-11-06T19:33:33Z,PORTE-B,R58934327,UNITE,OK
TKT79201932060,2025-11-06T19:33:34Z,PORTE-A,R54927960,ABONNEMENT,OK
TKT15966897987,2025-11-06T19:33:34Z,PORTE-A,R57161531,UNITE,OK
TKT24868160212,2025-11-06T19:33:35Z,PORTE-D,R53198965,ABONNEMENT,OK
TKT49138767879,2025-11-06T19:33:37Z,PORTE-D,,GROUPE,OK
TKT25397115019,2025-11-06T19:33:37Z,PORTE-A,R57447055,UNITE,OK
TKT93703916397,2025-11-06T19:33:38Z,PORTE-C,R51757122,ABONNEMENT,OK
TKT55895594785,2025-11-06T19:33:38Z,PORTE-D,R58029261,ABONNEMENT,OK
TKT77691101564,2025-11-06T19:33:40Z,PORTE-C,,UNITE,OK
TKT97971688671,2025-11-06T19:33:41Z,PORTE-D,R56265047,UNITE,OK
TKT67000595095,2025-11-06T19:33:42Z,PORTE-C,,UNITE,OK
TKT28224312442,2025-11-06T19:33:43Z,PORTE-D,R57447122,UNITE,OK
TKT12778215996,2025-11-06T19:33:43Z,PORTE-C,,UNITE,OK
TKT50148259399,2025-11-06T19:33:45Z,PORTE-C,R54320822,UNITE,OK
TKT89079320501,2025-11-06T19:33:45Z,PORTE-C,,UNITE,OK
TKT18296935611,2025-11-06T19:33:45Z,PORTE-C,,UNITE,OK
TKT54929265395,2025-11-06T19:33:49Z,PORTE-B,R57956381,UNITE,OK
TKT24749406421,2025-11-06T19:33:49Z,VIP-EST,R55600076,UNITE,OK
TKT31671591145,2025-11-06T19:33:51Z,PORTE-C,R57427429,INVITATION,OK
TKT59106664726,2025-11-06T19:33:51Z,VIP-EST,R55179223,UNITE,OK
TKT55749400607,2025-11-06T19:33:52Z,PORTE-B,R57755183,ABONNEMENT,OK
TKT72895453262,2025-11-06T19:33:52Z,PORTE-C,R51128117,UNITE,REFUSE_DEJA_SCANNE
TKT25522360107,2025-11-06T19:33:52Z,VIP-EST,R58066654,UNITE,OK
TKT73792423715,2025-11-06T19:33:55Z,PORTE-C,R56772621,ABONNEMENT,OK
TKT40666148659,2025-11-06T19:33:56Z,PORTE-D,R58604466,UNITE,OK
TKT71049100538,2025-11-06T19:33:57Z,PORTE-A,R51808882,ABONNEMENT,OK
TKT21679830306,2025-11-06T19:33:57Z,PORTE-A,R58414091,ABONNEMENT,OK
TKT66866595002,2025-11-06T19:33:57Z,PORTE-C,R54247597,ABONNEMENT,OK
TKT76864494965,2025-11-06T19:33:57Z,PORTE-B,R59844900,ABONNEMENT,OK
TKT12315473070,2025-11-06T19:33:57Z,PORTE-D,R56594228,ABONNEMENT,OK
TKT91844688725,2025-11-06T19:33:57Z,PORTE-A,R51496865,UNITE,OK
TKT82905045247,2025-11-06T19:33:57Z,VIP-EST,,UNITE,OK
TKT16286376863,2025-11-06T19:33:57Z,PORTE-A,R51670411,UNITE,OK
TKT89802138717,2025-11-06T19:33:58Z,PORTE-D,R54664705,UNITE,OK
TKT53480409643,2025-11-06T19:33:59Z,PORTE-A,R55174865,ABONNEMENT,OK
TKT71782590677,2025-11-06T19:33:59Z,PORTE-C,R56516856,UNITE,OK
TKT66574743071,2025-11-06T19:34:04Z,VIP-EST,R59743832,ABONNEMENT,OK
TKT35447508574,2025-11-06T19:34:04Z,VIP-EST,R58061549,ABONNEMENT,OK
TKT91310807903,2025-11-06T19:34:07Z,PORTE-A,R57029736,UNITE,OK
TKT65231197209,2025-11-06T19:34:08Z,PORTE-B,R51564161,ABONNEMENT,OK
TKT85058494469,2025-11-06T19:34:08Z,PORTE-A,R51710055,ABONNEMENT,OK
TKT11567901159,2025-11-06T19:34:08Z,PORTE-B,R55168189,UNITE,OK
TKT75384185901,2025-11-06T19:34:09Z,PORTE-D,R59487042,UNITE,OK
TKT62536734499,2025-11-06T19:34:09Z,PORTE-B,R59041391,GROUPE,OK
TKT64122265725,2025-11-06T19:34:10Z,PORTE-B,R54877081,UNITE,OK
TKT38688610125,2025-11-06T19:34:12Z,PORTE-C,R56957938,ABONNEMENT,OK
TKT10620214582,2025-11-06T19:34:14Z,PORTE-C,R58769229,UNITE,OK
TKT71077149494,2025-11-06T19:34:17Z,PORTE-D,R51690908,UNITE,OK
TKT41174634559,2025-11-06T19:34:18Z,PORTE-A,,UNITE,OK
TKT84395570051,2025-11-06T19:34:19Z,PORTE-A,R55696260,UNITE,OK
TKT72770392896,2025-11-06T19:34:19Z,PORTE-C,R53901329,UNITE,OK
TKT75930349771,2025-11-06T19:34:19Z,PORTE-C,R58712220,UNITE,OK
TKT46988129884,2025-11-06T19:34:19Z,VIP-EST,R54441918,VIP,OK
TKT42661005218,2025-11-06T19:34:20Z,PORTE-C,R54685011,ABONNEMENT,OK
TKT44464718593,2025-11-06T19:34:20Z,PORTE-C,R51642960,UNITE,OK
TKT57515842414,2025-11-06T19:34:21Z,VIP-EST,R53464595,ABONNEMENT,OK
TKT71302677414,2025-11-06T19:34:21Z,PORTE-A,R57728901,UNITE,OK
TKT86309930589,2025-11-06T19:34:22Z,PORTE-D,R51020966,ABONNEMENT,OK
TKT55143655387,2025-11-06T19:34:23Z,PORTE-D,R51577034,ABONNEMENT,OK
TKT26589636579,2025-11-06T19:34:23Z,PORTE-A,R55528298,UNITE,OK
TKT58584793272,2025-11-06T19:34:24Z,PORTE-C,,GROUPE,OK
TKT51723674219,2025-11-06T19:34:26Z,PORTE-C,R55101784,ABONNEMENT,OK
TKT81502958119,2025-11-06T19:34:26Z,PORTE-D,R55779072,ABONNEMENT,OK
TKT58483273611,2025-11-06T19:34:26Z,PORTE-C,R54939751,UNITE,OK
TKT87522454404,2025-11-06T19:34:29Z,PORTE-B,R56883976,UNITE,OK
TKT40880774902,2025-11-06T19:34:29Z,VIP-EST,R52145141,UNITE,OK
TKT39367317915,2025-11-06T19:34:30Z,PORTE-A,R57040502,ABONNEMENT,OK
TKT46608260055,2025-11-06T19:34:30Z,PORTE-D,,GROUPE,OK
TKT90852570469,2025-11-06T19:34:32Z,PORTE-A,R52792201,ABONNEMENT,OK
TKT70006045064,2025-11-06T19:34:32Z,PORTE-A,R58116106,UNITE,OK
TKT61328268799,2025-11-06T19:34:33Z,PORTE-A,R51618095,UNITE,OK
TKT85797337272,2025-11-06T19:34:35Z,PORTE-A,R55785413,UNITE,OK
TKT63080358227,2025-11-06T19:34:35Z,VIP-EST,R55567252,VIP,OK
TKT90670540934,2025-11-06T19:34:37Z,PORTE-D,R53109946,UNITE,OK
TKT98333408477,2025-11-06T19:34:38Z,PORTE-D,R53234998,ABONNEMENT,OK
TKT98158467518,2025-11-06T19:34:38Z,PORTE-A,R52203922,UNITE,OK
TKT95339640596,2025-11-06T19:34:39Z,PORTE-C,R55941527,UNITE,OK
TKT58587739916,2025-11-06T19:34:39Z,PORTE-B,,GROUPE,OK
TKT68325419725,2025-11-06T19:34:40Z,VIP-EST,,UNITE,OK
TKT14515568265,2025-11-06T19:34:41Z,PORTE-C,R58784678,ABONNEMENT,REFUSE_DEJA_SCANNE
TKT59184491610,2025-11-06T19:34:41Z,VIP-EST,R53109323,UNITE,OK
TKT41342337509,2025-11-06T19:34:42Z,PORTE-C,R57679439,ABONNEMENT,OK
TKT48036952021,2025-11-06T19:34:43Z,PORTE-D,R53327005,ABONNEMENT,OK
TKT75038709839,2025-11-06T19:34:43Z,VIP-EST,,VIP,OK
TKT94247733542,2025-11-06T19:34:44Z,PORTE-A,R57307961,ABONNEMENT,OK
TKT95361657890,2025-11-06T19:34:44Z,PORTE-C,R57248778,UNITE,OK
TKT87297943044,2025-11-06T19:34:45Z,VIP-EST,R57671346,ABONNEMENT,OK
TKT12914156718,2025-11-06T19:34:45Z,PORTE-C,,UNITE,OK
TKT81063380458,2025-11-06T19:34:45Z,PORTE-A,,UNITE,OK
TKT14901065652,2025-11-06T19:34:45Z,PORTE-A,R59572192,UNITE,OK
TKT86548576512,2025-11-06T19:34:45Z,PORTE-C,,INVITATION,OK
TKT72667177229,2025-11-06T19:34:46Z,PORTE-B,R53905955,INVITATION,OK
TKT21468780408,2025-11-06T19:34:46Z,PORTE-A,R56836229,UNITE,REFUSE_DEJA_SCANNE
TKT18540842060,2025-11-06T19:34:46Z,VIP-EST,R54033047,UNITE,OK
TKT30040593858,2025-11-06T19:34:48Z,PORTE-C,R56915306,ABONNEMENT,OK
TKT10785850795,2025-11-06T19:34:48Z,PORTE-A,,GROUPE,OK
TKT63876354901,2025-11-06T19:34:49Z,PORTE-B,R54939262,GROUPE,OK
TKT50400608746,2025-11-06T19:34:49Z,PORTE-C,R51160673,UNITE,OK
TKT51616182436,2025-11-06T19:34:51Z,VIP-EST,R51841572,UNITE,OK
TKT96971278188,2025-11-06T19:34:51Z,PORTE-D,R52295326,UNITE,OK
TKT69122780095,2025-11-06T19:34:52Z,PORTE-C,R56309806,ABONNEMENT,OK
TKT17438382174,2025-11-06T19:34:52Z,PORTE-C,R56637828,ABONNEMENT,OK
TKT49047582781,2025-11-06T19:34:52Z,PORTE-D,R58530561,GROUPE,OK
TKT76615857357,2025-11-06T19:34:54Z,PORTE-D,,UNITE,OK
TKT73795785207,2025-11-06T19:34:55Z,PORTE-C,R53187308,UNITE,OK
TKT50496988782,2025-11-06T19:34:55Z,PORTE-C,R56164448,UNITE,OK
TKT73257279727,2025-11-06T19:34:56Z,PORTE-A,R51169935,UNITE,OK
TKT95626294463,2025-11-06T19:34:56Z,VIP-EST,,GROUPE,OK
TKT30431015470,2025-11-06T19:34:57Z,PORTE-A,R56607848,ABONNEMENT,OK
TKT15348738844,2025-11-06T19:34:58Z,VIP-EST,R57870082,ABONNEMENT,OK
TKT24850720741,2025-11-06T19:34:58Z,PORTE-A,R53131123,UNITE,OK
TKT21616939601,2025-11-06T19:34:58Z,PORTE-D,R54418011,INVITATION,OK
TKT87434721400,2025-11-06T19:35:05Z,PORTE-D,,GROUPE,OK
TKT52715770244,2025-11-06T19:35:06Z,PORTE-C,R51319564,UNITE,OK
TKT50788845968,2025-11-06T19:35:07Z,PORTE-B,R55698434,UNITE,OK
TKT12647005263,2025-11-06T19:35:08Z,PORTE-A,R53289076,ABONNEMENT,OK
TKT79710222804,2025-11-06T19:35:08Z,VIP-EST,R56853671,ABONNEMENT,OK
TKT37692773325,2025-11-06T19:35:08Z,PORTE-A,R58139812,ABONNEMENT,OK
TKT62102953933,2025-11-06T19:35:09Z,PORTE-A,R56227798,ABONNEMENT,OK
TKT24208116677,2025-11-06T19:35:09Z,PORTE-C,R57082387,ABONNEMENT,OK
TKT36589101882,2025-11-06T19:35:09Z,PORTE-C,R54539797,INVITATION,OK
TKT56043874191,2025-11-06T19:35:09Z,VIP-EST,R52735403,UNITE,OK
TKT38396777823,2025-11-06T19:35:11Z,PORTE-A,R54358071,ABONNEMENT,OK
TKT12534225726,2025-11-06T19:35:13Z,PORTE-C,R58390184,ABONNEMENT,OK
TKT91226862415,2025-11-06T19:35:13Z,PORTE-A,R57381253,UNITE,OK
TKT74638446737,2025-11-06T19:35:13Z,PORTE-D,,UNITE,OK
TKT54448842853,2025-11-06T19:35:14Z,PORTE-A,R58185164,ABONNEMENT,OK
TKT37334397181,2025-11-06T19:35:14Z,PORTE-D,R53842883,UNITE,OK
TKT87531489386,2025-11-06T19:35:15Z,PORTE-D,,GROUPE,OK
TKT67915850149,2025-11-06T19:35:15Z,PORTE-A,R51731232,UNITE,OK
TKT85705184125,2025-11-06T19:35:16Z,PORTE-D,R56824515,ABONNEMENT,OK
TKT78016035148,2025-11-06T19:35:16Z,PORTE-B,,GROUPE,OK
TKT14140376232,2025-11-06T19:35:17Z,PORTE-B,R51919500,INVITATION,OK
TKT16015530560,2025-11-06T19:35:17Z,PORTE-A,R59215627,GROUPE,OK
TKT89220198561,2025-11-06T19:35:19Z,PORTE-C,R59477579,ABONNEMENT,OK
TKT30564502382,2025-11-06T19:35:19Z,PORTE-C,R56633661,ABONNEMENT,OK
TKT87400243809,2025-11-06T19:35:19Z,PORTE-C,R58238840,UNITE,OK
TKT43615726023,2025-11-06T19:35:20Z,PORTE-C,R59942444,ABONNEMENT,OK
TKT15305052920,2025-11-06T19:35:21Z,PORTE-B,R57232907,ABONNEMENT,OK
TKT30662691530,2025-11-06T19:35:21Z,PORTE-C,R56419111,UNITE,OK
TKT41022248016,2025-11-06T19:35:23Z,PORTE-C,R52371271,ABONNEMENT,OK
TKT24526111965,2025-11-06T19:35:24Z,PORTE-D,R57962444,ABONNEMENT,OK
TKT21167012126,2025-11-06T19:35:25Z,PORTE-C,R54477683,ABONNEMENT,OK
TKT25544068637,2025-11-06T19:35:26Z,PORTE-C,R56034492,ABONNEMENT,OK
TKT38497883486,2025-11-06T19:35:27Z,PORTE-C,R51790214,ABONNEMENT,OK
TKT94328389336,2025-11-06T19:35:27Z,PORTE-A,R53849281,UNITE,OK
TKT42677750261,2025-11-06T19:35:28Z,PORTE-B,R57616789,UNITE,OK
TKT49282026833,2025-11-06T19:35:29Z,PORTE-C,R57869546,UNITE,OK
TKT49898631324,2025-11-06T19:35:30Z,PORTE-C,R57322539,ABONNEMENT,OK
TKT51472867282,2025-11-06T19:35:30Z,PORTE-A,R54225529,INVITATION,OK
TKT25725937449,2025-11-06T19:35:31Z,PORTE-C,R55104571,ABONNEMENT,OK
TKT97624155028,2025-11-06T19:35:31Z,PORTE-C,R53363306,ABONNEMENT,OK
TKT30075077053,2025-11-06T19:35:32Z,PORTE-B,R54198222,UNITE,OK
TKT83950125127,2025-11-06T19:35:34Z,PORTE-A,R54630799,UNITE,OK
TKT38379130364,2025-11-06T19:35:34Z,PORTE-C,,UNITE,OK
TKT81224711462,2025-11-06T19:35:35Z,VIP-EST,R53291394,ABONNEMENT,OK
TKT73696873268,2025-11-06T19:35:35Z,VIP-EST,R56640548,UNITE,OK
TKT72674379742,2025-11-06T19:35:35Z,PORTE-C,R55916796,UNITE,OK
TKT63782818012,2025-11-06T19:35:36Z,PORTE-C,R54572420,ABONNEMENT,OK
TKT63492839297,2025-11-06T19:35:37Z,PORTE-C,R53134188,ABONNEMENT,OK
TKT97971282608,2025-11-06T19:35:37Z,PORTE-D,R56829620,UNITE,OK
TKT46267404563,2025-11-06T19:35:39Z,PORTE-A,R53640248,UNITE,OK
TKT40684295995,2025-11-06T19:35:40Z,PORTE-C,R55027467,UNITE,OK
TKT55950051036,2025-11-06T19:35:42Z,PORTE-B,,UNITE,OK
TKT51979966534,2025-11-06T19:35:42Z,PORTE-B,R52419631,UNITE,OK
TKT70516350779,2025-11-06T19:35:43Z,PORTE-D,R53997771,UNITE,OK
TKT59694522127,2025-11-06T19:35:45Z,PORTE-A,R53161629,UNITE,OK
TKT92056293670,2025-11-06T19:35:45Z,PORTE-C,R51751049,UNITE,OK
TKT19838357546,2025-11-06T19:35:46Z,VIP-EST,,UNITE,OK
TKT97769713624,2025-11-06T19:35:46Z,PORTE-A,,GROUPE,OK
TKT55838584884,2025-11-06T19:35:46Z,PORTE-A,,UNITE,OK
TKT77272201905,2025-11-06T19:35:46Z,PORTE-A,R52401040,UNITE,OK
TKT66124654460,2025-11-06T19:35:47Z,PORTE-A,R58417913,ABONNEMENT,OK
TKT72212784858,2025-11-06T19:35:47Z,VIP-EST,R55345145,ABONNEMENT,OK
TKT42438503436,2025-11-06T19:35:48Z,PORTE-A,R54067174,ABONNEMENT,OK
TKT51866355104,2025-11-06T19:35:48Z,PORTE-B,R59760105,ABONNEMENT,OK
TKT71864493236,2025-11-06T19:35:49Z,PORTE-A,R59959330,ABONNEMENT,OK
TKT29802139599,2025-11-06T19:35:50Z,PORTE-B,R52671172,ABONNEMENT,OK
TKT32708963637,2025-11-06T19:35:50Z,PORTE-C,R55277370,ABONNEMENT,OK
TKT18819278482,2025-11-06T19:35:50Z,VIP-EST,,GROUPE,OK
TKT18268443632,2025-11-06T19:35:53Z,PORTE-C,R59176596,ABONNEMENT,OK
TKT58785586316,2025-11-06T19:35:54Z,PORTE-B,R52088276,ABONNEMENT,OK
TKT63862680245,2025-11-06T19:35:54Z,PORTE-A,R54521263,UNITE,OK
TKT75613553401,2025-11-06T19:35:56Z,PORTE-A,R57394270,ABONNEMENT,OK
TKT89181293466,2025-11-06T19:35:56Z,PORTE-B,R57558554,GROUPE,OK
TKT71811511144,2025-11-06T19:35:57Z,VIP-EST,R54724444,UNITE,OK
TKT98227969318,2025-11-06T19:35:57Z,VIP-EST,R59494743,VIP,OK
TKT92091457097,2025-11-06T19:36:00Z,PORTE-D,R59563734,UNITE,OK
TKT41282779401,2025-11-06T19:36:00Z,PORTE-C,R55623447,UNITE,OK
TKT37978378766,2025-11-06T19:36:01Z,PORTE-D,,GROUPE,OK
TKT84321302834,2025-11-06T19:36:01Z,PORTE-D,,GROUPE,OK
TKT86641970190,2025-11-06T19:36:02Z,PORTE-C,,UNITE,OK
TKT91144140514,2025-11-06T19:36:03Z,PORTE-D,R58334679,ABONNEMENT,OK
TKT75274351518,2025-11-06T19:36:03Z,PORTE-A,R51054413,UNITE,OK
TKT88291073058,2025-11-06T19:36:03Z,PORTE-A,R55608390,UNITE,OK
TKT43897246345,2025-11-06T19:36:04Z,PORTE-C,R57390649,ABONNEMENT,OK
TKT89431645115,2025-11-06T19:36:04Z,PORTE-C,R58239520,UNITE,OK
TKT53419213493,2025-11-06T19:36:04Z,VIP-EST,R53809503,UNITE,OK
TKT58962575742,2025-11-06T19:36:07Z,PORTE-D,R56452012,ABONNEMENT,OK
TKT53767103500,2025-11-06T19:36:07Z,VIP-EST,,UNITE,OK
TKT65781188994,2025-11-06T19:36:08Z,PORTE-D,R59319358,ABONNEMENT,OK
TKT19342393971,2025-11-06T19:36:09Z,VIP-EST,R51514987,ABONNEMENT,OK
TKT54153334897,2025-11-06T19:36:10Z,PORTE-B,R57179164,ABONNEMENT,OK
TKT59307550881,2025-11-06T19:36:10Z,PORTE-C,R52405800,ABONNEMENT,OK
TKT60530303812,2025-11-06T19:36:10Z,PORTE-A,R54537690,UNITE,OK
TKT52813063353,2025-11-06T19:36:11Z,PORTE-C,R53831303,ABONNEMENT,OK
TKT38741665233,2025-11-06T19:36:11Z,PORTE-C,R53101498,UNITE,OK
TKT54212123658,2025-11-06T19:36:11Z,PORTE-A,,GROUPE,OK
TKT75760481495,2025-11-06T19:36:11Z,PORTE-C,R53297380,UNITE,REFUSE_INVALIDE
TKT72356353552,2025-11-06T19:36:12Z,PORTE-B,R52606673,UNITE,OK
TKT85712626578,2025-11-06T19:36:14Z,PORTE-B,R59286936,ABONNEMENT,OK
TKT62063781510,2025-11-06T19:36:15Z,PORTE-B,R59293746,UNITE,OK
TKT57327045417,2025-11-06T19:36:16Z,PORTE-A,R57545748,ABONNEMENT,OK
TKT82493529760,2025-11-06T19:36:16Z,VIP-EST,R58264720,UNITE,OK
TKT36277175262,2025-11-06T19:36:16Z,VIP-EST,R55800738,UNITE,OK
TKT96068069152,2025-11-06T19:36:17Z,PORTE-B,R56640136,ABONNEMENT,OK
TKT88196008881,2025-11-06T19:36:18Z,PORTE-C,R56716838,UNITE,OK
TKT19332121820,2025-11-06T19:36:19Z,PORTE-B,R51956950,UNITE,OK
TKT13142390755,2025-11-06T19:36:19Z,PORTE-D,R53496749,UNITE,OK
TKT88418908236,2025-11-06T19:36:21Z,VIP-EST,R51765704,UNITE,OK
TKT82594260235,2025-11-06T19:36:21Z,PORTE-C,R54535161,UNITE,OK
TKT61689700779,2025-11-06T19:36:21Z,PORTE-C,R57803687,UNITE,OK
TKT63039255901,2025-11-06T19:36:21Z,PORTE-D,R57345019,UNITE,OK
TKT63606747208,2025-11-06T19:36:23Z,PORTE-C,R54712328,GROUPE,OK
TKT41618437551,2025-11-06T19:36:24Z,PORTE-B,R56184811,UNITE,OK
TKT54039292116,2025-11-06T19:36:24Z,PORTE-D,R56702260,UNITE,OK
TKT86406401121,2025-11-06T19:36:25Z,PORTE-C,R57837469,ABONNEMENT,OK
TKT69067129752,2025-11-06T19:36:25Z,VIP-EST,R56996356,VIP,OK
TKT44560510299,2025-11-06T19:36:26Z,PORTE-C,R56186104,UNITE,OK
TKT15992630824,2025-11-06T19:36:26Z,PORTE-C,R51854033,UNITE,OK
TKT68209270167,2025-11-06T19:36:27Z,PORTE-C,R59122384,ABONNEMENT,OK
TKT73385396992,2025-11-06T19:36:27Z,PORTE-C,R57518220,UNITE,OK
TKT68726571684,2025-11-06T19:36:27Z,PORTE-A,R56455288,UNITE,OK
TKT31921374546,2025-11-06T19:36:28Z,PORTE-B,R56795972,GROUPE,OK
TKT54155399211,2025-11-06T19:36:29Z,PORTE-C,R58982955,ABONNEMENT,OK
TKT84965778437,2025-11-06T19:36:29Z,PORTE-D,R52005320,UNITE,OK
TKT51607337998,2025-11-06T19:36:29Z,PORTE-D,R52738535,UNITE,OK
TKT98832916454,2025-11-06T19:36:30Z,VIP-EST,,GROUPE,OK
TKT45408073725,2025-11-06T19:36:32Z,PORTE-C,R52288382,ABONNEMENT,OK
TKT96847346633,2025-11-06T19:36:33Z,PORTE-D,R56171603,ABONNEMENT,OK
TKT60999210304,2025-11-06T19:36:33Z,PORTE-A,R58922134,ABONNEMENT,OK
TKT42706001832,2025-11-06T19:36:34Z,PORTE-B,R58107735,ABONNEMENT,OK
TKT45333312751,2025-11-06T19:36:35Z,PORTE-C,R56003842,UNITE,OK
TKT32143986788,2025-11-06T19:36:35Z,VIP-EST,R57437927,UNITE,OK
TKT16464634256,2025-11-06T19:36:35Z,PORTE-A,R54818779,UNITE,OK
TKT94143064129,2025-11-06T19:36:35Z,PORTE-C,,GROUPE,OK
TKT27059014426,2025-11-06T19:36:41Z,PORTE-D,R54794192,UNITE,OK
TKT35548629504,2025-11-06T19:36:41Z,PORTE-C,,UNITE,OK
TKT24239067337,2025-11-06T19:36:42Z,PORTE-B,R52326934,UNITE,OK
TKT36498070975,2025-11-06T19:36:43Z,VIP-EST,R53422767,ABONNEMENT,OK
TKT36381122148,2025-11-06T19:36:44Z,VIP-EST,R52128657,UNITE,OK
TKT32689790240,2025-11-06T19:36:46Z,VIP-EST,,VIP,OK
TKT11578255245,2025-11-06T19:36:47Z,PMR-NORD,R58847080,ABONNEMENT,OK
TKT80147273274,2025-11-06T19:36:47Z,PORTE-D,R59355803,UNITE,OK
TKT83671934978,2025-11-06T19:36:47Z,PORTE-A,R51694663,UNITE,OK
TKT96327806959,2025-11-06T19:36:48Z,PORTE-A,R56453995,ABONNEMENT,OK
TKT69674664006,2025-11-06T19:36:48Z,VIP-EST,R55687400,UNITE,OK
TKT32788663694,2025-11-06T19:36:50Z,PORTE-D,R54589316,ABONNEMENT,OK
TKT39306185119,2025-11-06T19:36:50Z,PORTE-D,R59390188,ABONNEMENT,OK
TKT89140447906,2025-11-06T19:36:50Z,PORTE-C,R54799096,UNITE,OK
TKT44119652907,2025-11-06T19:36:51Z,PORTE-C,R59160256,UNITE,OK
TKT92080325075,2025-11-06T19:36:51Z,PORTE-C,,GROUPE,OK
TKT61123078443,2025-11-06T19:36:52Z,PORTE-A,R57600640,UNITE,OK
TKT93533330574,2025-11-06T19:36:52Z,PORTE-C,R52126684,UNITE,OK
TKT51476952825,2025-11-06T19:36:53Z,PORTE-C,R51043111,ABONNEMENT,OK
TKT22155107919,2025-11-06T19:36:53Z,PORTE-D,R59012379,ABONNEMENT,OK
TKT70262076808,2025-11-06T19:36:53Z,PORTE-C,R58144170,UNITE,OK
TKT94279126497,2025-11-06T19:36:55Z,PORTE-C,R55670638,INVITATION,OK
TKT89754767994,2025-11-06T19:36:56Z,PORTE-C,R57371033,ABONNEMENT,OK
TKT11208906976,2025-11-06T19:36:56Z,PORTE-C,R58300552,UNITE,OK
TKT58855149120,2025-11-06T19:36:59Z,PORTE-A,R58196074,ABONNEMENT,OK
TKT75207217781,2025-11-06T19:36:59Z,PORTE-C,,UNITE,OK
TKT35152512685,2025-11-06T19:36:59Z,PORTE-D,R51899539,UNITE,OK
TKT75308171150,2025-11-06T19:36:59Z,PORTE-C,,UNITE,OK
TKT41282779401,2025-11-06T19:37:00Z,PORTE-C,R55623447,UNITE,REFUSE_DEJA_SCANNE
TKT84364672755,2025-11-06T19:37:00Z,PORTE-B,R56191075,UNITE,OK
TKT55382622265,2025-11-06T19:37:01Z,PORTE-C,R56732431,ABONNEMENT,OK
TKT25953384569,2025-11-06T19:37:02Z,PORTE-C,R56482049,ABONNEMENT,OK
TKT56378958331,2025-11-06T19:37:04Z,PORTE-B,R54046811,UNITE,OK
TKT51663763448,2025-11-06T19:37:05Z,PORTE-D,R55241960,ABONNEMENT,OK
TKT42978381492,2025-11-06T19:37:05Z,VIP-EST,R58439492,UNITE,OK
TKT37793400954,2025-11-06T19:37:06Z,PORTE-C,R56705727,UNITE,OK
TKT86353820788,2025-11-06T19:37:06Z,PORTE-A,R51239951,VIP,OK
TKT79487768420,2025-11-06T19:37:06Z,VIP-EST,R55332540,UNITE,OK
TKT47744406615,2025-11-06T19:37:06Z,PORTE-B,,GROUPE,OK
TKT26721378444,2025-11-06T19:37:07Z,PORTE-B,,UNITE,REFUSE_DEJA_SCANNE
TKT15904933027,2025-11-06T19:37:07Z,PORTE-C,R52941639,UNITE,OK
TKT76454489737,2025-11-06T19:37:07Z,PORTE-A,R59040175,INVITATION,OK
TKT16079225302,2025-11-06T19:37:08Z,PORTE-A,R53318433,UNITE,OK
TKT62028298138,2025-11-06T19:37:08Z,VIP-EST,,UNITE,OK
TKT49221299248,2025-11-06T19:37:09Z,PORTE-C,R53198965,UNITE,OK
TKT55005327791,2025-11-06T19:37:10Z,PORTE-C,R56262605,ABONNEMENT,OK
TKT22045899411,2025-11-06T19:37:10Z,PORTE-C,R53863380,ABONNEMENT,OK
TKT44524714014,2025-11-06T19:37:10Z,PORTE-D,R59115574,UNITE,OK
TKT11251266584,2025-11-06T19:37:10Z,VIP-EST,R53179962,UNITE,OK
TKT65872029702,2025-11-06T19:37:10Z,PORTE-A,R59021095,UNITE,OK
TKT19823738061,2025-11-06T19:37:11Z,PORTE-A,,UNITE,OK
TKT15138308208,2025-11-06T19:37:12Z,PORTE-D,R59963420,ABONNEMENT,OK
TKT18034807603,2025-11-06T19:37:12Z,PORTE-C,R51778701,ABONNEMENT,OK
TKT65271308760,2025-11-06T19:37:13Z,PORTE-C,R57487982,ABONNEMENT,OK
TKT79572879638,2025-11-06T19:37:14Z,VIP-EST,R54162189,UNITE,OK
TKT35298089907,2025-11-06T19:37:17Z,PORTE-D,R53139504,ABONNEMENT,OK
TKT79217505963,2025-11-06T19:37:17Z,VIP-EST,R58413746,UNITE,OK
TKT28395437203,2025-11-06T19:37:17Z,PORTE-C,R57743000,UNITE,OK
TKT35860027444,2025-11-06T19:37:18Z,PORTE-C,R54850789,UNITE,OK
TKT64972219165,2025-11-06T19:37:20Z,PORTE-A,R59670885,ABONNEMENT,OK
TKT29154422951,2025-11-06T19:37:20Z,PORTE-A,R56553569,ABONNEMENT,OK
TKT95102881992,2025-11-06T19:37:20Z,PORTE-B,R56365311,UNITE,OK
TKT49464484491,2025-11-06T19:37:20Z,PORTE-A,R51275093,UNITE,OK
TKT36395727850,2025-11-06T19:37:21Z,PORTE-C,R56539135,ABONNEMENT,OK
TKT49964088086,2025-11-06T19:37:21Z,PORTE-D,R52573705,UNITE,OK
TKT44818620831,2025-11-06T19:37:22Z,PORTE-C,R59736811,ABONNEMENT,OK
TKT48019989272,2025-11-06T19:37:22Z,PORTE-D,R51763721,ABONNEMENT,OK
TKT43284393916,2025-11-06T19:37:22Z,PORTE-B,R51241713,UNITE,OK
TKT84442728047,2025-11-06T19:37:23Z,PORTE-C,,GROUPE,OK
TKT35415786965,2025-11-06T19:37:26Z,PORTE-A,R52275040,ABONNEMENT,OK
TKT89084972372,2025-11-06T19:37:26Z,PORTE-C,R52509474,UNITE,OK
TKT12518009922,2025-11-06T19:37:26Z,PORTE-A,R57405227,UNITE,OK
TKT21774806773,2025-11-06T19:37:27Z,VIP-EST,R54045173,UNITE,REFUSE_DEJA_SCANNE
TKT61637214098,2025-11-06T19:37:28Z,PORTE-B,,UNITE,OK
TKT84783698967,2025-11-06T19:37:30Z,PORTE-B,R59669314,UNITE,OK
TKT63303924099,2025-11-06T19:37:30Z,PORTE-C,R59010138,UNITE,OK
TKT84839809770,2025-11-06T19:37:31Z,PORTE-C,R56283581,ABONNEMENT,OK
TKT47072035085,2025-11-06T19:37:31Z,PORTE-B,R54727097,INVITATION,OK
TKT12290928147,2025-11-06T19:37:32Z,PORTE-B,R59709092,ABONNEMENT,OK
TKT26115424111,2025-11-06T19:37:33Z,PORTE-A,R52656383,UNITE,OK
TKT14654203654,2025-11-06T19:37:33Z,PORTE-A,R52085211,UNITE,OK
TKT18620748985,2025-11-06T19:37:35Z,VIP-EST,R58708542,UNITE,OK
TKT73117671774,2025-11-06T19:37:36Z,VIP-EST,R54630588,UNITE,OK
TKT58963198567,2025-11-06T19:37:37Z,PORTE-A,R53855354,UNITE,OK
TKT41002694233,2025-11-06T19:37:38Z,PORTE-A,R55880907,ABONNEMENT,OK
TKT16487184341,2025-11-06T19:37:38Z,PORTE-C,R51804524,ABONNEMENT,OK
TKT53263308814,2025-11-06T19:37:38Z,PORTE-B,R55863666,GROUPE,OK
TKT43914075002,2025-11-06T19:37:38Z,PORTE-C,,GROUPE,OK
TKT95421677285,2025-11-06T19:37:38Z,PORTE-A,R59071984,UNITE,OK
TKT69929263567,2025-11-06T19:37:38Z,PORTE-C,R58858382,UNITE,OK
TKT22051419585,2025-11-06T19:37:40Z,PORTE-C,R52524933,UNITE,OK
TKT33502858835,2025-11-06T19:37:40Z,PORTE-C,,INVITATION,OK
TKT58429518401,2025-11-06T19:37:40Z,PORTE-C,R58964766,UNITE,OK
TKT76689589016,2025-11-06T19:37:40Z,PORTE-C,R58433305,UNITE,OK
TKT55364307182,2025-11-06T19:37:41Z,PORTE-C,R55981985,UNITE,OK
TKT58081598188,2025-11-06T19:37:41Z,PORTE-A,R57240474,UNITE,REFUSE_DEJA_SCANNE
TKT14607523710,2025-11-06T19:37:42Z,VIP-EST,R57182229,ABONNEMENT,OK
TKT17659340350,2025-11-06T19:37:42Z,VIP-EST,R53173276,VIP,OK
TKT76991645650,2025-11-06T19:37:43Z,PORTE-C,R56934309,ABONNEMENT,OK
TKT30557775549,2025-11-06T19:37:43Z,VIP-EST,,UNITE,OK
TKT56440626256,2025-11-06T19:37:45Z,PORTE-A,R52696295,ABONNEMENT,OK
TKT50887887463,2025-11-06T19:37:45Z,PORTE-C,R58278072,UNITE,OK
TKT55821857273,2025-11-06T19:37:46Z,PORTE-A,R52446536,ABONNEMENT,OK
TKT65656150942,2025-11-06T19:37:46Z,PORTE-A,R58224674,INVITATION,OK
TKT29769483901,2025-11-06T19:37:46Z,PORTE-D,,UNITE,OK
TKT32464734209,2025-11-06T19:37:47Z,PORTE-A,R51998299,UNITE,OK
TKT81097781736,2025-11-06T19:37:47Z,VIP-EST,,UNITE,OK
TKT35661857063,2025-11-06T19:37:47Z,PORTE-C,R57879143,UNITE,OK
TKT82186258517,2025-11-06T19:37:48Z,PORTE-D,R57562634,ABONNEMENT,OK
TKT34518934156,2025-11-06T19:37:48Z,PORTE-C,R52995382,UNITE,OK
TKT13534373395,2025-11-06T19:37:49Z,VIP-EST,R52788925,ABONNEMENT,OK
TKT34414597105,2025-11-06T19:37:49Z,PORTE-C,,UNITE,OK
TKT92134540572,2025-11-06T19:37:50Z,PORTE-D,R57174538,ABONNEMENT,OK
TKT72749870885,2025-11-06T19:37:50Z,PORTE-D,R53950503,UNITE,OK
TKT18433522886,2025-11-06T19:37:50Z,PORTE-D,R55587136,UNITE,OK
TKT92563941132,2025-11-06T19:37:51Z,PORTE-B,R54165800,UNITE,OK
TKT31117866968,2025-11-06T19:37:54Z,PORTE-C,R52448576,ABONNEMENT,OK
TKT84421218195,2025-11-06T19:37:54Z,PORTE-C,R53485983,UNITE,OK
TKT53387487776,2025-11-06T19:37:55Z,PORTE-C,R59014965,ABONNEMENT,OK
TKT27769824563,2025-11-06T19:37:57Z,VIP-EST,,UNITE,OK
TKT82264639911,2025-11-06T19:37:57Z,PORTE-C,,GROUPE,OK
TKT16412900315,2025-11-06T19:37:58Z,PORTE-C,R55847259,ABONNEMENT,OK
TKT79544515322,2025-11-06T19:37:58Z,PORTE-C,R56041034,ABONNEMENT,OK
TKT67945203144,2025-11-06T19:37:58Z,PORTE-C,R54339202,UNITE,OK
TKT68567550474,2025-11-06T19:37:59Z,PORTE-C,R52695960,INVITATION,OK
TKT39063857176,2025-11-06T19:38:00Z,PORTE-C,,UNITE,OK
TKT12123293014,2025-11-06T19:38:01Z,VIP-EST,R57342711,INVITATION,OK
TKT78401524287,2025-11-06T19:38:04Z,PORTE-B,R51422692,ABONNEMENT,OK
TKT64614618393,2025-11-06T19:38:04Z,PORTE-A,R58220996,ABONNEMENT,OK
TKT57465949817,2025-11-06T19:38:05Z,PORTE-C,R57745519,ABONNEMENT,OK
TKT16103927811,2025-11-06T19:38:07Z,PORTE-A,R56148108,UNITE,REFUSE_INVALIDE
TKT87352687850,2025-11-06T19:38:08Z,PORTE-C,R52323936,UNITE,OK
TKT62837203592,2025-11-06T19:38:09Z,PORTE-A,R55482112,ABONNEMENT,OK
TKT63824656554,2025-11-06T19:38:12Z,PORTE-A,R52363034,UNITE,OK
TKT93634545996,2025-11-06T19:38:13Z,PORTE-C,R55746593,ABONNEMENT,OK
TKT58029616695,2025-11-06T19:38:14Z,PORTE-A,R59742596,UNITE,OK
TKT27042168719,2025-11-06T19:38:14Z,VIP-EST,R56095591,UNITE,OK
TKT90479820697,2025-11-06T19:38:15Z,PORTE-A,R57909659,UNITE,OK
TKT43902761346,2025-11-06T19:38:16Z,PORTE-C,R51799486,INVITATION,OK
TKT13476214174,2025-11-06T19:38:17Z,VIP-EST,R55446558,ABONNEMENT,OK
TKT32997762526,2025-11-06T19:38:17Z,PORTE-B,R51557274,ABONNEMENT,OK
TKT58116192902,2025-11-06T19:38:17Z,PORTE-C,R54470997,ABONNEMENT,OK
TKT36139339648,2025-11-06T19:38:20Z,PORTE-D,R55636866,ABONNEMENT,OK
TKT94520002974,2025-11-06T19:38:20Z,PORTE-D,R57693816,ABONNEMENT,OK
TKT29975660177,2025-11-06T19:38:20Z,PORTE-A,R51849206,UNITE,OK
TKT89011485220,2025-11-06T19:38:21Z,PORTE-C,R55474823,UNITE,OK
TKT75901576654,2025-11-06T19:38:22Z,PORTE-B,R57038864,ABONNEMENT,OK
TKT22661921420,2025-11-06T19:38:22Z,PORTE-A,R54048027,ABONNEMENT,OK
TKT25581732481,2025-11-06T19:38:23Z,PORTE-C,R56606900,UNITE,OK
TKT50087622435,2025-11-06T19:38:23Z,PORTE-B,R56290803,UNITE,OK
TKT79608793168,2025-11-06T19:38:24Z,PORTE-C,R59218491,UNITE,OK
TKT40102698301,2025-11-06T19:38:25Z,PORTE-C,R59095268,UNITE,OK
TKT60391099775,2025-11-06T19:38:26Z,PORTE-A,R53610834,ABONNEMENT,OK
TKT98710373706,2025-11-06T19:38:26Z,PORTE-C,R57682581,UNITE,OK
TKT55224913529,2025-11-06T19:38:27Z,VIP-EST,R52956274,VIP,OK
TKT42431111053,2025-11-06T19:38:28Z,VIP-EST,R55356591,VIP,REFUSE_DEJA_SCANNE
TKT70782460062,2025-11-06T19:38:30Z,PORTE-D,R58931674,ABONNEMENT,OK
TKT62464698890,2025-11-06T19:38:30Z,PORTE-D,R59787422,ABONNEMENT,OK
TKT89941020473,2025-11-06T19:38:30Z,PORTE-C,R55853724,UNITE,OK
TKT14032929590,2025-11-06T19:38:30Z,PORTE-C,R57291688,INVITATION,OK
TKT36529367010,2025-11-06T19:38:31Z,PORTE-C,,UNITE,OK
TKT13054834800,2025-11-06T19:38:33Z,PORTE-B,R53351123,ABONNEMENT,OK
TKT71573345774,2025-11-06T19:38:33Z,PORTE-C,R57067474,UNITE,OK
TKT12250860785,2025-11-06T19:38:33Z,PORTE-C,,GROUPE,OK
TKT55014681365,2025-11-06T19:38:33Z,VIP-EST,R53171380,VIP,OK
TKT15002624198,2025-11-06T19:38:33Z,PORTE-A,R51633430,UNITE,OK
TKT74795227378,2025-11-06T19:38:34Z,PORTE-A,R56565829,ABONNEMENT,OK
TKT66610056421,2025-11-06T19:38:34Z,PORTE-B,R52362967,UNITE,OK
TKT43328426353,2025-11-06T19:38:35Z,PORTE-D,R58541806,ABONNEMENT,OK
TKT21740902679,2025-11-06T19:38:35Z,PORTE-C,R58943378,ABONNEMENT,OK
TKT50417348463,2025-11-06T19:38:35Z,PORTE-C,R54757757,UNITE,OK
TKT21964181689,2025-11-06T19:38:37Z,PORTE-C,R57392967,ABONNEMENT,OK
TKT97839555478,2025-11-06T19:38:37Z,VIP-EST,R53422231,UNITE,OK
TKT78005851361,2025-11-06T19:38:38Z,PORTE-C,R58075782,UNITE,OK
TKT70788516569,2025-11-06T19:38:38Z,PORTE-B,R51989449,UNITE,OK
TKT88776061562,2025-11-06T19:38:39Z,VIP-EST,R56370828,VIP,OK
TKT37175003867,2025-11-06T19:38:41Z,PORTE-B,R56671476,ABONNEMENT,OK
TKT76552156735,2025-11-06T19:38:43Z,PORTE-D,R53611437,ABONNEMENT,OK
TKT95616254528,2025-11-06T19:38:43Z,PORTE-C,R57626041,ABONNEMENT,OK
TKT26864436544,2025-11-06T19:38:44Z,VIP-EST,R57172632,ABONNEMENT,OK
TKT23560887526,2025-11-06T19:38:44Z,PORTE-D,R56993770,ABONNEMENT,OK
TKT98658400237,2025-11-06T19:38:44Z,PORTE-C,R53121650,ABONNEMENT,OK
TKT74893671337,2025-11-06T19:38:44Z,PORTE-A,R55948672,UNITE,OK
TKT70510673307,2025-11-06T19:38:46Z,PORTE-C,R59528726,ABONNEMENT,OK
TKT75495863759,2025-11-06T19:38:46Z,PORTE-C,R53988499,UNITE,OK
TKT59924139004,2025-11-06T19:38:47Z,PORTE-D,R59371185,UNITE,OK
TKT99120128588,2025-11-06T19:38:48Z,VIP-EST,R51644263,UNITE,OK
TKT69674664006,2025-11-06T19:38:48Z,VIP-EST,R55687400,UNITE,REFUSE_DEJA_SCANNE
TKT16195719191,2025-11-06T19:38:49Z,PORTE-A,R53466702,ABONNEMENT,OK
TKT17179611769,2025-11-06T19:38:49Z,PORTE-C,R53316038,UNITE,OK
TKT75383218631,2025-11-06T19:38:49Z,PORTE-C,R58511280,UNITE,OK
TKT26720166513,2025-11-06T19:38:50Z,VIP-EST,R56434781,UNITE,OK
TKT78716820082,2025-11-06T19:38:51Z,VIP-EST,R56680182,ABONNEMENT,OK
TKT42512439425,2025-11-06T19:38:51Z,PORTE-A,R55634682,UNITE,OK
TKT13960455098,2025-11-06T19:38:52Z,PORTE-C,,UNITE,OK
TKT50043864560,2025-11-06T19:38:52Z,PORTE-B,,UNITE,OK
TKT61683657750,2025-11-06T19:38:53Z,VIP-EST,R53605987,ABONNEMENT,OK
TKT73978328001,2025-11-06T19:38:53Z,PORTE-A,,UNITE,OK
TKT77981767732,2025-11-06T19:38:54Z,PORTE-D,R53111775,ABONNEMENT,OK
TKT93045640030,2025-11-06T19:38:54Z,PORTE-C,R53780903,UNITE,OK
TKT42682783516,2025-11-06T19:38:57Z,PORTE-C,R52074378,UNITE,OK
TKT84419043431,2025-11-06T19:38:57Z,PORTE-A,R58571699,INVITATION,OK
TKT14852272927,2025-11-06T19:38:58Z,PORTE-D,,UNITE,OK
TKT24241683719,2025-11-06T19:38:59Z,VIP-EST,R55891740,UNITE,OK
TKT29422257462,2025-11-06T19:39:00Z,PORTE-A,R56269482,ABONNEMENT,OK
TKT32736722397,2025-11-06T19:39:01Z,PORTE-C,R57779435,UNITE,OK
TKT10822424119,2025-11-06T19:39:02Z,PORTE-A,R54378444,ABONNEMENT,OK
TKT50077014908,2025-11-06T19:39:02Z,VIP-EST,R51904845,ABONNEMENT,OK
TKT64500450027,2025-11-06T19:39:04Z,PORTE-D,R57977836,ABONNEMENT,OK
TKT26475343379,2025-11-06T19:39:06Z,PORTE-D,R52246842,ABONNEMENT,OK
TKT47744406615,2025-11-06T19:39:06Z,PORTE-B,,GROUPE,REFUSE_DEJA_SCANNE
TKT84177047231,2025-11-06T19:39:07Z,PORTE-A,R51604542,ABONNEMENT,OK
TKT59636170902,2025-11-06T19:39:09Z,PORTE-C,R56344201,UNITE,OK
TKT46676074659,2025-11-06T19:39:09Z,PORTE-C,R54518064,UNITE,OK
TKT63116559204,2025-11-06T19:39:09Z,PORTE-C,,INVITATION,OK
TKT60139724043,2025-11-06T19:39:11Z,PORTE-D,R52211958,ABONNEMENT,OK
TKT78758542715,2025-11-06T19:39:11Z,PORTE-C,R55966037,ABONNEMENT,OK
TKT11307313867,2025-11-06T19:39:11Z,PORTE-C,R52213529,UNITE,OK
TKT89199306120,2025-11-06T19:39:11Z,VIP-EST,,GROUPE,OK
TKT35838360827,2025-11-06T19:39:11Z,PORTE-C,R55160833,UNITE,OK
TKT88892004947,2025-11-06T19:39:11Z,PORTE-C,R53753586,UNITE,OK
TKT55884529326,2025-11-06T19:39:11Z,VIP-EST,,UNITE,OK
TKT57639839913,2025-11-06T19:39:11Z,PORTE-B,R57213569,UNITE,OK
TKT30006464646,2025-11-06T19:39:12Z,PORTE-A,R52653462,INVITATION,OK
TKT27361386764,2025-11-06T19:39:13Z,PORTE-B,R53600403,ABONNEMENT,OK
TKT43813968581,2025-11-06T19:39:14Z,PORTE-D,R56962641,UNITE,OK
TKT97191495409,2025-11-06T19:39:16Z,PORTE-D,R53669270,ABONNEMENT,OK
TKT83918845742,2025-11-06T19:39:16Z,PORTE-C,R56188489,ABONNEMENT,OK
TKT75104029319,2025-11-06T19:39:16Z,PORTE-C,R51178239,UNITE,OK
TKT30307378363,2025-11-06T19:39:18Z,PORTE-D,R52489446,ABONNEMENT,OK
TKT48854620202,2025-11-06T19:39:21Z,PORTE-A,R54448115,UNITE,OK
TKT60308688281,2025-11-06T19:39:21Z,PORTE-D,R59065432,UNITE,OK
TKT65304434426,2025-11-06T19:39:24Z,PORTE-D,R57641979,ABONNEMENT,OK
TKT99989094457,2025-11-06T19:39:24Z,PORTE-C,R59449103,UNITE,OK
TKT97528347718,2025-11-06T19:39:24Z,VIP-EST,R55796179,UNITE,OK
TKT49080461542,2025-11-06T19:39:25Z,PORTE-A,R53704479,UNITE,OK
TKT67634053719,2025-11-06T19:39:25Z,VIP-EST,R59168292,UNITE,OK
TKT71557773687,2025-11-06T19:39:25Z,PORTE-C,,UNITE,OK
TKT53631365709,2025-11-06T19:39:26Z,PORTE-C,R56555073,ABONNEMENT,OK
TKT54108859196,2025-11-06T19:39:27Z,PORTE-B,R57309187,ABONNEMENT,OK
TKT76836137228,2025-11-06T19:39:28Z,PORTE-C,R53055513,UNITE,OK
TKT83023471160,2025-11-06T19:39:29Z,PORTE-C,R53013628,ABONNEMENT,OK
TKT51125427735,2025-11-06T19:39:29Z,VIP-EST,R58876427,VIP,OK
TKT78374192023,2025-11-06T19:39:30Z,PORTE-C,R56151240,ABONNEMENT,OK
TKT26774248092,2025-11-06T19:39:30Z,PORTE-D,R55257275,INVITATION,OK
TKT79921491916,2025-11-06T19:39:31Z,PORTE-C,R57110853,ABONNEMENT,OK
TKT91838544026,2025-11-06T19:39:31Z,PORTE-D,R58028514,ABONNEMENT,OK
TKT27070654332,2025-11-06T19:39:31Z,PORTE-C,R53930877,ABONNEMENT,OK
TKT58092683065,2025-11-06T19:39:32Z,PORTE-B,R51485084,ABONNEMENT,OK
TKT57907356437,2025-11-06T19:39:32Z,PORTE-A,R55399290,ABONNEMENT,OK
TKT35133346581,2025-11-06T19:39:32Z,PORTE-B,R51525264,UNITE,OK
TKT77974130043,2025-11-06T19:39:32Z,PORTE-B,R57441672,UNITE,OK
TKT34131159471,2025-11-06T19:39:32Z,PORTE-A,R59023413,UNITE,OK
TKT82292458544,2025-11-06T19:39:34Z,VIP-EST,R55042802,ABONNEMENT,OK
TKT22852443891,2025-11-06T19:39:34Z,VIP-EST,R57719629,ABONNEMENT,OK
TKT86065135617,2025-11-06T19:39:34Z,VIP-EST,R51256569,INVITATION,OK
TKT14739704629,2025-11-06T19:39:34Z,VIP-EST,,UNITE,OK
TKT69088658166,2025-11-06T19:39:35Z,PORTE-D,,GROUPE,OK
TKT23745084900,2025-11-06T19:39:36Z,VIP-EST,R53283559,ABONNEMENT,OK
TKT68496968147,2025-11-06T19:39:37Z,VIP-EST,R57680196,ABONNEMENT,OK
TKT79327062329,2025-11-06T19:39:37Z,VIP-EST,R54494904,ABONNEMENT,OK
TKT85636689948,2025-11-06T19:39:38Z,PORTE-A,R51889185,ABONNEMENT,OK
TKT80468033777,2025-11-06T19:39:38Z,PORTE-C,,UNITE,OK
TKT28722068122,2025-11-06T19:39:39Z,PORTE-C,R57000178,ABONNEMENT,OK
TKT12791610532,2025-11-06T19:39:39Z,PORTE-C,R59536015,UNITE,OK
TKT55231765208,2025-11-06T19:39:39Z,PORTE-D,R54064243,UNITE,OK
TKT36547470056,2025-11-06T19:39:40Z,PORTE-D,R57499428,ABONNEMENT,OK
TKT63229771053,2025-11-06T19:39:40Z,PORTE-D,R51213592,INVITATION,OK
TKT22992375640,2025-11-06T19:39:40Z,PORTE-C,R51610069,UNITE,OK
TKT39273255568,2025-11-06T19:39:42Z,PORTE-C,R51926166,ABONNEMENT,OK
TKT15169155783,2025-11-06T19:39:43Z,PORTE-A,R54735890,UNITE,OK
TKT16035699335,2025-11-06T19:39:44Z,PORTE-D,R56407397,ABONNEMENT,OK
TKT12155594791,2025-11-06T19:39:44Z,PORTE-A,,UNITE,OK
TKT60851428726,2025-11-06T19:39:45Z,PORTE-B,R58925477,ABONNEMENT,OK
TKT60814103623,2025-11-06T19:39:45Z,PORTE-D,R57783649,UNITE,OK
TKT24147131610,2025-11-06T19:39:46Z,PORTE-D,R55402556,ABONNEMENT,OK
TKT91917608281,2025-11-06T19:39:46Z,PORTE-C,R53784437,UNITE,OK
TKT11914702953,2025-11-06T19:39:46Z,PORTE-B,,UNITE,OK
TKT85567139192,2025-11-06T19:39:47Z,PORTE-C,R52024524,ABONNEMENT,OK
TKT72540338896,2025-11-06T19:39:47Z,PORTE-D,R52719589,ABONNEMENT,OK
TKT54438421303,2025-11-06T19:39:47Z,PORTE-C,,GROUPE,OK
TKT77136161301,2025-11-06T19:39:49Z,PORTE-D,,INVITATION,OK
TKT84692402342,2025-11-06T19:39:50Z,PORTE-A,R58385280,ABONNEMENT,OK
TKT49864853074,2025-11-06T19:39:50Z,PORTE-D,R58989085,ABONNEMENT,REFUSE_DEJA_SCANNE
TKT85393378274,2025-11-06T19:39:50Z,PORTE-D,R58555148,ABONNEMENT,OK
TKT58907265167,2025-11-06T19:39:50Z,VIP-EST,R55184462,ABONNEMENT,OK
TKT27737230966,2025-11-06T19:39:51Z,PORTE-C,R53844310,ABONNEMENT,OK
TKT69936784444,2025-11-06T19:39:51Z,PORTE-C,R51871686,UNITE,OK
TKT80651999472,2025-11-06T19:39:51Z,PORTE-D,,UNITE,OK
TKT87991754758,2025-11-06T19:39:51Z,PORTE-A,,INVITATION,OK
TKT65615245839,2025-11-06T19:39:52Z,VIP-EST,R54480403,UNITE,OK
TKT40384287950,2025-11-06T19:39:52Z,PMR-NORD,R53409971,UNITE,OK
TKT10973283252,2025-11-06T19:39:53Z,PORTE-D,R57020809,ABONNEMENT,OK
TKT80230901929,2025-11-06T19:39:53Z,PORTE-A,R53297102,ABONNEMENT,OK
TKT85370316193,2025-11-06T19:39:53Z,PORTE-B,R53620632,UNITE,OK
TKT33929070480,2025-11-06T19:39:54Z,VIP-EST,R52557968,ABONNEMENT,OK
TKT64215143103,2025-11-06T19:39:56Z,VIP-EST,R53722457,UNITE,OK
TKT98141523822,2025-11-06T19:39:56Z,PORTE-C,R59903001,UNITE,OK
TKT57285741446,2025-11-06T19:39:57Z,PORTE-A,R51161966,ABONNEMENT,OK
TKT79873321138,2025-11-06T19:39:57Z,PORTE-A,R53158909,INVITATION,OK
TKT74699805475,2025-11-06T19:39:57Z,PORTE-B,,UNITE,OK
TKT16630930189,2025-11-06T19:39:57Z,VIP-EST,,UNITE,OK
TKT35672347493,2025-11-06T19:39:58Z,PORTE-C,R54229887,ABONNEMENT,OK
TKT64330130714,2025-11-06T19:39:58Z,PORTE-C,R59205608,ABONNEMENT,OK
TKT21361635585,2025-11-06T19:39:58Z,VIP-EST,,UNITE,OK
TKT74552749233,2025-11-06T19:39:58Z,PORTE-B,,UNITE,OK
TKT45474787602,2025-11-06T19:39:59Z,PORTE-C,,UNITE,OK
TKT60901836612,2025-11-06T19:39:59Z,PORTE-C,R54398127,INVITATION,OK
TKT50836048148,2025-11-06T19:40:01Z,PORTE-A,R54000769,ABONNEMENT,OK
TKT51777285548,2025-11-06T19:40:01Z,PORTE-A,R56556423,ABONNEMENT,OK
TKT57021467052,2025-11-06T19:40:01Z,PORTE-C,R52391845,UNITE,OK
TKT75124912908,2025-11-06T19:40:02Z,PORTE-A,R56419111,ABONNEMENT,OK
TKT19889922380,2025-11-06T19:40:02Z,PORTE-A,R59318946,UNITE,OK
TKT52647663830,2025-11-06T19:40:02Z,PORTE-D,R51482220,UNITE,OK
TKT74918229254,2025-11-06T19:40:02Z,PORTE-C,,INVITATION,OK
TKT89330106097,2025-11-06T19:40:03Z,PORTE-B,R58149476,UNITE,OK
TKT45657964777,2025-11-06T19:40:03Z,PORTE-D,R54649323,UNITE,OK
TKT27441490569,2025-11-06T19:40:04Z,PORTE-A,,UNITE,OK
TKT95867618805,2025-11-06T19:40:05Z,VIP-EST,R53042650,ABONNEMENT,OK
TKT82588865081,2025-11-06T19:40:05Z,VIP-EST,R53396820,ABONNEMENT,OK
TKT36058649556,2025-11-06T19:40:05Z,PORTE-D,R59040912,UNITE,OK
TKT34792736320,2025-11-06T19:40:06Z,PORTE-D,R52769798,UNITE,OK
TKT48350814362,2025-11-06T19:40:06Z,PORTE-C,,UNITE,OK
TKT65425391708,2025-11-06T19:40:08Z,PORTE-B,R57396109,UNITE,OK
TKT82155750075,2025-11-06T19:40:10Z,PORTE-B,R56575024,ABONNEMENT,OK
TKT41564203190,2025-11-06T19:40:12Z,VIP-EST,R58893869,ABONNEMENT,OK
TKT41795680639,2025-11-06T19:40:12Z,PORTE-C,R58239999,UNITE,OK
TKT70316594432,2025-11-06T19:40:12Z,PORTE-A,R51270869,UNITE,OK
TKT43561451223,2025-11-06T19:40:12Z,PORTE-D,R56648105,UNITE,OK
TKT66233008287,2025-11-06T19:40:13Z,PORTE-D,R51021646,ABONNEMENT,OK
TKT61431579603,2025-11-06T19:40:14Z,PORTE-C,R53070235,UNITE,OK
TKT36749828688,2025-11-06T19:40:14Z,PORTE-A,R53621590,UNITE,OK
TKT30311412055,2025-11-06T19:40:16Z,VIP-EST,R55854883,ABONNEMENT,OK
TKT53873027196,2025-11-06T19:40:16Z,PORTE-B,R58006245,UNITE,OK
TKT57151376162,2025-11-06T19:40:17Z,PORTE-D,R59666316,UNITE,OK
TKT62082313725,2025-11-06T19:40:19Z,PORTE-D,R56545878,ABONNEMENT,OK
TKT47039254775,2025-11-06T19:40:20Z,PORTE-C,R52763725,ABONNEMENT,OK
TKT56741494854,2025-11-06T19:40:22Z,PORTE-C,R52905405,UNITE,OK
TKT24936252403,2025-11-06T19:40:23Z,PORTE-D,R57494045,ABONNEMENT,OK
TKT47305165255,2025-11-06T19:40:24Z,PORTE-A,R56403106,UNITE,OK
TKT27932823850,2025-11-06T19:40:25Z,PORTE-C,R51597062,ABONNEMENT,OK
TKT20610553108,2025-11-06T19:40:27Z,PORTE-C,R53961403,ABONNEMENT,OK
TKT45116419912,2025-11-06T19:40:27Z,PORTE-B,,UNITE,OK
TKT43690609599,2025-11-06T19:40:27Z,PORTE-D,R54188404,UNITE,OK
TKT19024105023,2025-11-06T19:40:28Z,PORTE-A,R58919682,ABONNEMENT,OK
TKT95422337568,2025-11-06T19:40:29Z,PORTE-A,,GROUPE,OK
TKT31517015806,2025-11-06T19:40:29Z,VIP-EST,,UNITE,OK
TKT46469673234,2025-11-06T19:40:32Z,PORTE-D,R55010447,UNITE,OK
TKT59754206647,2025-11-06T19:40:33Z,VIP-EST,R58548951,ABONNEMENT,OK
TKT10992103776,2025-11-06T19:40:34Z,PORTE-C,R57963057,ABONNEMENT,OK
TKT92817368065,2025-11-06T19:40:34Z,PORTE-A,,UNITE,OK
TKT63256088939,2025-11-06T19:40:36Z,PORTE-D,R54425779,ABONNEMENT,OK
TKT99460296253,2025-11-06T19:40:36Z,PORTE-D,R56716014,ABONNEMENT,OK
TKT93703916397,2025-11-06T19:40:38Z,PORTE-C,R51757122,ABONNEMENT,REFUSE_DEJA_SCANNE
TKT16672511512,2025-11-06T19:40:39Z,PORTE-B,R53796975,UNITE,OK
TKT53579782436,2025-11-06T19:40:40Z,VIP-EST,,UNITE,OK
TKT72620077487,2025-11-06T19:40:41Z,PORTE-C,,UNITE,OK
TKT41132691968,2025-11-06T19:40:41Z,PORTE-C,R52754674,UNITE,OK
TKT71825904005,2025-11-06T19:40:42Z,VIP-EST,R55889479,VIP,OK
TKT62504519718,2025-11-06T19:40:42Z,PORTE-C,,UNITE,OK
TKT59804093778,2025-11-06T19:40:43Z,VIP-EST,R56378596,ABONNEMENT,OK
TKT15137491032,2025-11-06T19:40:43Z,PORTE-A,,GROUPE,OK
TKT24847808742,2025-11-06T19:40:43Z,PORTE-B,,UNITE,OK
TKT47896814423,2025-11-06T19:40:44Z,PORTE-A,R56439072,ABONNEMENT,OK
TKT78834139407,2025-11-06T19:40:44Z,PORTE-C,,UNITE,OK
TKT16401692599,2025-11-06T19:40:48Z,PORTE-C,R53840642,ABONNEMENT,OK
TKT58986215001,2025-11-06T19:40:48Z,PORTE-C,R57615419,ABONNEMENT,OK
TKT52696513283,2025-11-06T19:40:48Z,PORTE-C,R59911238,ABONNEMENT,OK
TKT15536602857,2025-11-06T19:40:48Z,PORTE-B,R53845613,UNITE,OK
TKT74224980907,2025-11-06T19:40:48Z,PORTE-A,R56617656,UNITE,OK
TKT45854477057,2025-11-06T19:40:49Z,PORTE-C,,GROUPE,OK
TKT63515636087,2025-11-06T19:40:50Z,PORTE-D,R53546804,ABONNEMENT,OK
TKT30224094242,2025-11-06T19:40:51Z,PORTE-B,R56385329,UNITE,OK
TKT43752472636,2025-11-06T19:40:52Z,VIP-EST,,GROUPE,OK
TKT37460024921,2025-11-06T19:40:53Z,PORTE-D,R54912166,ABONNEMENT,OK
TKT89548653075,2025-11-06T19:40:53Z,PORTE-C,R57713231,UNITE,OK
TKT78065805915,2025-11-06T19:40:53Z,PORTE-A,R57076324,VIP,OK
TKT99817092245,2025-11-06T19:40:54Z,VIP-EST,,GROUPE,OK
TKT45447924174,2025-11-06T19:40:55Z,VIP-EST,,UNITE,OK
TKT44056059123,2025-11-06T19:40:55Z,PORTE-A,R51070763,UNITE,OK
TKT98024620079,2025-11-06T19:40:56Z,VIP-EST,,UNITE,OK
TKT93484079402,2025-11-06T19:40:56Z,PORTE-C,R53476098,UNITE,OK
TKT24212191848,2025-11-06T19:40:57Z,PORTE-B,,UNITE,OK
TKT21231091430,2025-11-06T19:40:57Z,VIP-EST,,INVITATION,OK
TKT82801606950,2025-11-06T19:40:58Z,PORTE-A,R53041347,ABONNEMENT,OK
TKT16868971990,2025-11-06T19:40:58Z,PORTE-C,R57499639,UNITE,OK
TKT45257955782,2025-11-06T19:40:58Z,VIP-EST,R54733170,UNITE,OK
TKT71726584744,2025-11-06T19:41:00Z,VIP-EST,R51356488,ABONNEMENT,OK
TKT84736539878,2025-11-06T19:41:02Z,VIP-EST,R53086853,ABONNEMENT,OK
TKT53916949039,2025-11-06T19:41:02Z,PORTE-C,R54866459,UNITE,OK
TKT81915112077,2025-11-06T19:41:03Z,PORTE-C,R55768862,ABONNEMENT,OK
TKT61680630541,2025-11-06T19:41:03Z,PORTE-D,R53306642,UNITE,OK
TKT94375009874,2025-11-06T19:41:03Z,PORTE-A,R55069764,UNITE,OK
TKT95642796510,2025-11-06T19:41:04Z,PORTE-A,R52172525,UNITE,OK
TKT39695813679,2025-11-06T19:41:04Z,PORTE-C,R57817508,UNITE,OK
TKT42312450284,2025-11-06T19:41:05Z,PORTE-A,R51369361,ABONNEMENT,OK
TKT41924160231,2025-11-06T19:41:05Z,PORTE-C,,GROUPE,OK
TKT88828778208,2025-11-06T19:41:06Z,PORTE-C,R57120594,UNITE,OK
TKT11991773525,2025-11-06T19:41:07Z,VIP-EST,,UNITE,OK
TKT67945656808,2025-11-06T19:41:07Z,PORTE-C,,GROUPE,OK
TKT27881981765,2025-11-06T19:41:08Z,VIP-EST,R51906751,UNITE,OK
TKT98531976602,2025-11-06T19:41:09Z,PORTE-A,R56051723,ABONNEMENT,OK
TKT29662504654,2025-11-06T19:41:09Z,PORTE-C,,GROUPE,OK
TKT92186945657,2025-11-06T19:41:10Z,PORTE-D,R58314996,UNITE,OK
TKT93137139387,2025-11-06T19:41:12Z,PORTE-C,R51974670,ABONNEMENT,OK
TKT80283052332,2025-11-06T19:41:12Z,PORTE-A,R59637917,ABONNEMENT,OK
TKT18337260691,2025-11-06T19:41:12Z,PORTE-B,R57438540,UNITE,OK
TKT91482202209,2025-11-06T19:41:12Z,VIP-EST,,VIP,OK
TKT44540420568,2025-11-06T19:41:12Z,PORTE-C,R59084579,UNITE,OK
TKT34160377288,2025-11-06T19:41:13Z,PORTE-D,R57369070,ABONNEMENT,OK
TKT65939164920,2025-11-06T19:41:14Z,PORTE-D,R59382152,ABONNEMENT,OK
TKT60618861598,2025-11-06T19:41:16Z,PORTE-B,R59670128,ABONNEMENT,OK
TKT67340628836,2025-11-06T19:41:19Z,PORTE-D,R57403254,ABONNEMENT,OK
TKT40740576543,2025-11-06T19:41:19Z,PORTE-A,R57036268,ABONNEMENT,OK
TKT55909670323,2025-11-06T19:41:20Z,PORTE-B,R58750839,ABONNEMENT,OK
TKT82234927715,2025-11-06T19:41:21Z,PORTE-B,R52765631,ABONNEMENT,OK
TKT84007596257,2025-11-06T19:41:21Z,PORTE-C,R54708851,INVITATION,OK
TKT54340989137,2025-11-06T19:41:23Z,PORTE-B,R51144802,ABONNEMENT,OK
TKT73970091270,2025-11-06T19:41:23Z,VIP-EST,R51046645,ABONNEMENT,OK
TKT57119392204,2025-11-06T19:41:23Z,PORTE-A,R51118031,INVITATION,OK
TKT37624057845,2025-11-06T19:41:24Z,PORTE-C,R57800344,ABONNEMENT,OK
TKT31889593770,2025-11-06T19:41:24Z,PORTE-C,,GROUPE,OK
TKT69461841114,2025-11-06T19:41:26Z,PMR-NORD,R53462210,UNITE,OK
TKT91158719007,2025-11-06T19:41:26Z,PORTE-D,,GROUPE,OK
TKT80148659999,2025-11-06T19:41:28Z,VIP-EST,R59365735,ABONNEMENT,OK
TKT18310194809,2025-11-06T19:41:29Z,PORTE-A,R59483029,ABONNEMENT,OK
TKT45055350212,2025-11-06T19:41:31Z,PORTE-C,R59824805,UNITE,OK
TKT67207196497,2025-11-06T19:41:31Z,VIP-EST,,GROUPE,OK
TKT78546673819,2025-11-06T19:41:31Z,PORTE-C,R58567954,UNITE,OK
TKT93064040058,2025-11-06T19:41:32Z,PORTE-D,R54992057,ABONNEMENT,OK
TKT78003540435,2025-11-06T19:41:32Z,VIP-EST,R51295322,ABONNEMENT,OK
TKT52591357867,2025-11-06T19:41:32Z,VIP-EST,R55331036,UNITE,OK
TKT19223064415,2025-11-06T19:41:33Z,PORTE-C,R52888710,ABONNEMENT,OK
TKT34371644503,2025-11-06T19:41:34Z,PORTE-C,,INVITATION,OK
TKT94509754039,2025-11-06T19:41:34Z,VIP-EST,R55953097,VIP,OK
TKT28183715124,2025-11-06T19:41:34Z,PORTE-C,R58044663,UNITE,OK
TKT17048896743,2025-11-06T19:41:35Z,PORTE-C,R52303640,UNITE,OK
TKT43868776950,2025-11-06T19:41:36Z,VIP-EST,R51051961,ABONNEMENT,OK
TKT38510514733,2025-11-06T19:41:36Z,PORTE-C,,UNITE,OK
TKT95008777542,2025-11-06T19:41:38Z,PORTE-B,R56273428,UNITE,OK
TKT65927651563,2025-11-06T19:41:38Z,VIP-EST,,UNITE,OK
TKT12122276792,2025-11-06T19:41:40Z,PORTE-C,R59450607,UNITE,OK
TKT70631359703,2025-11-06T19:41:41Z,VIP-EST,R56571825,ABONNEMENT,OK
TKT60976904801,2025-11-06T19:41:41Z,PORTE-B,R57990719,UNITE,OK
TKT70940531319,2025-11-06T19:41:42Z,PORTE-C,R56793453,UNITE,OK
TKT75625462317,2025-11-06T19:41:42Z,VIP-EST,R51685334,UNITE,OK
TKT50842035838,2025-11-06T19:41:43Z,VIP-EST,R56823011,ABONNEMENT,OK
TKT89912455483,2025-11-06T19:41:43Z,PORTE-C,R52074378,UNITE,OK
TKT15117598293,2025-11-06T19:41:44Z,PORTE-B,R51494547,ABONNEMENT,OK
TKT21319250623,2025-11-06T19:41:44Z,PORTE-A,R53168784,ABONNEMENT,OK
TKT27334726983,2025-11-06T19:41:44Z,VIP-EST,R55257965,UNITE,OK
TKT51560738889,2025-11-06T19:41:46Z,PORTE-C,R56658593,ABONNEMENT,OK
TKT69718869965,2025-11-06T19:41:46Z,PORTE-A,,UNITE,OK
TKT13161377828,2025-11-06T19:41:47Z,PORTE-A,R57516927,UNITE,OK
TKT74265967542,2025-11-06T19:41:48Z,PORTE-D,R51821544,ABONNEMENT,OK
TKT89328997041,2025-11-06T19:41:49Z,PORTE-B,R58517353,INVITATION,OK
TKT93007870484,2025-11-06T19:41:51Z,VIP-EST,R56011399,ABONNEMENT,OK
TKT97080979821,2025-11-06T19:41:51Z,PORTE-C,,UNITE,OK
TKT85953820909,2025-11-06T19:41:52Z,VIP-EST,R51722315,UNITE,OK
TKT18623686774,2025-11-06T19:41:54Z,PORTE-A,R51791383,UNITE,OK
TKT69527724780,2025-11-06T19:41:55Z,PORTE-D,R52509397,UNITE,OK
TKT23538270527,2025-11-06T19:41:56Z,PORTE-A,,GROUPE,OK
TKT56345659235,2025-11-06T19:41:56Z,PORTE-C,,GROUPE,OK
TKT85466881180,2025-11-06T19:41:57Z,PORTE-C,R52703996,ABONNEMENT,OK
TKT61888375267,2025-11-06T19:41:57Z,PORTE-C,R53165853,ABONNEMENT,OK
TKT16630930189,2025-11-06T19:41:57Z,VIP-EST,,UNITE,REFUSE_DEJA_SCANNE
TKT38339948834,2025-11-06T19:41:57Z,VIP-EST,R53062122,UNITE,OK
TKT61051040868,2025-11-06T19:41:58Z,PORTE-C,R58461905,ABONNEMENT,OK
TKT84696484334,2025-11-06T19:41:59Z,PORTE-D,R56732766,UNITE,OK
TKT61074793013,2025-11-06T19:42:00Z,PORTE-A,R56995331,UNITE,OK
TKT94543033034,2025-11-06T19:42:01Z,PORTE-D,R58149486,UNITE,OK
TKT68153919293,2025-11-06T19:42:02Z,PORTE-A,R55567932,ABONNEMENT,OK
TKT79040170820,2025-11-06T19:42:02Z,PORTE-C,,GROUPE,OK
TKT79504791748,2025-11-06T19:42:03Z,PORTE-C,R56799660,ABONNEMENT,OK
TKT70854549247,2025-11-06T19:42:03Z,PORTE-B,R56642521,ABONNEMENT,OK
TKT18475109437,2025-11-06T19:42:04Z,PORTE-B,R59925414,ABONNEMENT,OK
TKT42784348460,2025-11-06T19:42:04Z,PORTE-D,R53781851,ABONNEMENT,OK
TKT85451712233,2025-11-06T19:42:04Z,PORTE-A,R57509571,ABONNEMENT,OK
TKT28836636416,2025-11-06T19:42:05Z,VIP-EST,R54789355,UNITE,OK
TKT62256846068,2025-11-06T19:42:05Z,PORTE-C,R59033020,UNITE,OK
TKT37688148935,2025-11-06T19:42:06Z,PORTE-C,R52497616,ABONNEMENT,OK
TKT11392511437,2025-11-06T19:42:06Z,PORTE-D,R55347530,UNITE,OK
TKT66452463482,2025-11-06T19:42:06Z,PORTE-A,R56932949,UNITE,OK
TKT64796525727,2025-11-06T19:42:07Z,PORTE-C,R52498909,UNITE,OK
TKT12233204766,2025-11-06T19:42:08Z,PORTE-D,R59649353,UNITE,OK
TKT63859444994,2025-11-06T19:42:09Z,PORTE-D,,UNITE,OK
TKT53459040266,2025-11-06T19:42:10Z,PORTE-A,R57893520,INVITATION,OK
TKT80191493946,2025-11-06T19:42:11Z,PORTE-C,,INVITATION,OK
TKT55328054060,2025-11-06T19:42:11Z,PORTE-A,,UNITE,OK
TKT74112205144,2025-11-06T19:42:11Z,VIP-EST,R57662888,UNITE,OK
TKT86648448683,2025-11-06T19:42:12Z,PORTE-D,R57398082,ABONNEMENT,OK
TKT74629879579,2025-11-06T19:42:13Z,PORTE-D,R52018662,UNITE,OK
TKT18079287951,2025-11-06T19:42:14Z,VIP-EST,R57495137,VIP,OK
TKT10091247434,2025-11-06T19:42:14Z,PORTE-C,R52902943,UNITE,OK
TKT72576224686,2025-11-06T19:42:15Z,PORTE-D,R52065585,ABONNEMENT,OK
TKT83424160414,2025-11-06T19:42:16Z,PORTE-A,R57620323,ABONNEMENT,OK
TKT93395012569,2025-11-06T19:42:17Z,PORTE-C,,GROUPE,OK
TKT35332641646,2025-11-06T19:42:19Z,PORTE-C,R55619769,ABONNEMENT,OK
TKT21990519527,2025-11-06T19:42:20Z,PORTE-D,R55632297,ABONNEMENT,OK
TKT79761388957,2025-11-06T19:42:20Z,PORTE-C,R55694545,UNITE,OK
TKT81080849082,2025-11-06T19:42:22Z,VIP-EST,R52674773,ABONNEMENT,OK
TKT63615017794,2025-11-06T19:42:22Z,PORTE-B,R51755350,UNITE,OK
TKT48361779622,2025-11-06T19:42:24Z,PMR-NORD,R55577807,ABONNEMENT,OK
TKT36970866642,2025-11-06T19:42:24Z,PORTE-A,R57483222,UNITE,OK
TKT88323137909,2025-11-06T19:42:25Z,PORTE-C,R53801745,UNITE,OK
TKT73213864309,2025-11-06T19:42:26Z,PORTE-A,R51159849,ABONNEMENT,OK
TKT47879182812,2025-11-06T19:42:26Z,VIP-EST,,INVITATION,OK
TKT44560510299,2025-11-06T19:42:26Z,PORTE-C,R56186104,UNITE,REFUSE_DEJA_SCANNE
TKT67209923797,2025-11-06T19:42:27Z,PORTE-A,R54204486,GROUPE,OK
TKT40659133258,2025-11-06T19:42:27Z,PORTE-A,R56079040,UNITE,OK
TKT26345886706,2025-11-06T19:42:28Z,VIP-EST,R52809576,UNITE,OK
TKT48989986983,2025-11-06T19:42:29Z,PORTE-C,,INVITATION,OK
TKT72586728620,2025-11-06T19:42:30Z,VIP-EST,R51028935,VIP,OK
TKT90377300773,2025-11-06T19:42:31Z,PORTE-D,R58644110,ABONNEMENT,OK
TKT55829180185,2025-11-06T19:42:31Z,VIP-EST,R55129225,UNITE,OK
TKT13360198859,2025-11-06T19:42:31Z,PORTE-C,,UNITE,OK
TKT28600596963,2025-11-06T19:42:32Z,PORTE-C,R58540647,ABONNEMENT,OK
TKT98478302102,2025-11-06T19:42:32Z,PORTE-A,R51043245,UNITE,OK
TKT51636880946,2025-11-06T19:42:32Z,PORTE-C,,GROUPE,OK
TKT80558095198,2025-11-06T19:42:33Z,PORTE-C,R59273048,ABONNEMENT,OK
TKT73476633624,2025-11-06T19:42:33Z,PORTE-B,R53709517,ABONNEMENT,OK
TKT89606731322,2025-11-06T19:42:33Z,PORTE-D,R56799593,UNITE,OK
TKT95189425625,2025-11-06T19:42:33Z,PORTE-C,R57044850,UNITE,OK
TKT45332653071,2025-11-06T19:42:34Z,PORTE-C,R53278377,ABONNEMENT,OK
TKT13049559463,2025-11-06T19:42:35Z,PORTE-C,R57287531,ABONNEMENT,OK
TKT29057901469,2025-11-06T19:42:35Z,PORTE-B,R55902841,GROUPE,OK
TKT96559390503,2025-11-06T19:42:35Z,VIP-EST,,UNITE,OK
TKT93345587662,2025-11-06T19:42:36Z,PORTE-C,,UNITE,OK
TKT68704621018,2025-11-06T19:42:37Z,PORTE-C,R52254734,UNITE,OK
TKT79169678560,2025-11-06T19:42:38Z,PORTE-D,R57258308,ABONNEMENT,OK
TKT54395655660,2025-11-06T19:42:40Z,VIP-EST,,UNITE,OK
TKT11960214585,2025-11-06T19:42:41Z,PORTE-C,R51882988,UNITE,OK
TKT49002971286,2025-11-06T19:42:42Z,PORTE-B,R54908488,ABONNEMENT,OK
TKT86386946249,2025-11-06T19:42:42Z,PORTE-C,R57720453,UNITE,OK
TKT60217247395,2025-11-06T19:42:43Z,PORTE-D,R56319336,ABONNEMENT,OK
TKT11885175029,2025-11-06T19:42:43Z,PORTE-D,R51729460,UNITE,OK
TKT95245622125,2025-11-06T19:42:44Z,PORTE-C,R53802904,UNITE,OK
TKT56378583409,2025-11-06T19:42:45Z,PORTE-C,R52386127,UNITE,OK
TKT74807954590,2025-11-06T19:42:46Z,PORTE-B,R53115185,ABONNEMENT,OK
TKT20038422717,2025-11-06T19:42:46Z,PORTE-C,R55915714,UNITE,OK
TKT75940444079,2025-11-06T19:42:48Z,PORTE-A,R55291134,UNITE,OK
TKT37526587551,2025-11-06T19:42:49Z,PORTE-A,,UNITE,OK
TKT37026196681,2025-11-06T19:42:50Z,VIP-EST,R58153978,VIP,OK
TKT42607397867,2025-11-06T19:42:50Z,PORTE-A,R56305515,UNITE,OK
TKT46021831752,2025-11-06T19:42:50Z,PORTE-C,,UNITE,OK
TKT88809058271,2025-11-06T19:42:51Z,PORTE-C,R59309004,UNITE,OK
TKT58661314528,2025-11-06T19:42:53Z,PORTE-A,R56746262,ABONNEMENT,OK
TKT21877611129,2025-11-06T19:42:53Z,PORTE-C,R55638293,ABONNEMENT,OK
TKT68593193398,2025-11-06T19:42:54Z,PORTE-D,R52233145,ABONNEMENT,OK
TKT53092355916,2025-11-06T19:42:54Z,PORTE-C,R53159934,UNITE,OK
TKT63993714528,2025-11-06T19:42:55Z,PORTE-C,,GROUPE,OK
TKT48508665731,2025-11-06T19:42:56Z,PORTE-C,R54649936,UNITE,OK
TKT32161912798,2025-11-06T19:42:57Z,PORTE-D,R51240286,ABONNEMENT,OK
TKT99516467449,2025-11-06T19:42:57Z,VIP-EST,R58389092,UNITE,OK
TKT29996583351,2025-11-06T19:42:58Z,PORTE-B,R51616055,UNITE,OK
TKT82165995201,2025-11-06T19:42:59Z,PORTE-C,R53073635,ABONNEMENT,OK
TKT92781345276,2025-11-06T19:42:59Z,PORTE-C,R54264828,ABONNEMENT,OK
TKT85772360458,2025-11-06T19:42:59Z,PORTE-C,R58452298,ABONNEMENT,REFUSE_DEJA_SCANNE
TKT84734267278,2025-11-06T19:43:01Z,PORTE-B,R59544128,UNITE,OK
TKT29426438206,2025-11-06T19:43:03Z,PORTE-B,R58102898,ABONNEMENT,OK
TKT63725325987,2025-11-06T19:43:03Z,PORTE-C,R57610381,UNITE,OK
TKT77217199033,2025-11-06T19:43:03Z,PORTE-D,,INVITATION,OK
TKT91312970474,2025-11-06T19:43:03Z,PORTE-D,R57492963,UNITE,OK
TKT47069360801,2025-11-06T19:43:04Z,PORTE-C,R51496041,ABONNEMENT,OK
TKT67560039574,2025-11-06T19:43:04Z,PORTE-C,,UNITE,OK
TKT37726388054,2025-11-06T19:43:05Z,PORTE-C,R56875461,UNITE,OK
TKT69111625104,2025-11-06T19:43:05Z,PORTE-A,,UNITE,OK
TKT32515594063,2025-11-06T19:43:06Z,PORTE-C,R58215010,ABONNEMENT,OK
TKT40354130436,2025-11-06T19:43:07Z,PORTE-A,R53645976,UNITE,OK
TKT71868790750,2025-11-06T19:43:08Z,PORTE-A,R56270229,ABONNEMENT,OK
TKT98857115280,2025-11-06T19:43:08Z,PORTE-A,R57601320,ABONNEMENT,OK
TKT35784578217,2025-11-06T19:43:08Z,PORTE-C,R51877806,UNITE,OK
TKT20210645531,2025-11-06T19:43:08Z,PORTE-D,,GROUPE,OK
TKT69618925125,2025-11-06T19:43:09Z,PORTE-B,R52971398,UNITE,OK
TKT76129558280,2025-11-06T19:43:09Z,PORTE-D,R55768594,UNITE,OK
TKT68257008902,2025-11-06T19:43:10Z,PORTE-A,R58452576,ABONNEMENT,OK
TKT69124844362,2025-11-06T19:43:11Z,PORTE-A,R55519649,ABONNEMENT,OK
TKT49222228674,2025-11-06T19:43:11Z,PORTE-C,R54733706,UNITE,OK
TKT76301840595,2025-11-06T19:43:12Z,PORTE-D,R55903387,ABONNEMENT,OK
TKT79055890769,2025-11-06T19:43:14Z,PORTE-D,R56491522,ABONNEMENT,OK
TKT24755900986,2025-11-06T19:43:17Z,PORTE-A,,UNITE,OK
TKT44148819205,2025-11-06T19:43:18Z,PORTE-C,R59799883,UNITE,OK
TKT67491618472,2025-11-06T19:43:19Z,PORTE-A,R51116259,UNITE,OK
TKT86074513944,2025-11-06T19:43:20Z,VIP-EST,,GROUPE,OK
TKT52451729090,2025-11-06T19:43:20Z,VIP-EST,R53457986,UNITE,OK
TKT93447490521,2025-11-06T19:43:20Z,VIP-EST,R56186928,UNITE,OK
TKT64118926996,2025-11-06T19:43:21Z,PORTE-A,R59638051,ABONNEMENT,OK
TKT49888790801,2025-11-06T19:43:22Z,PORTE-C,R51594131,ABONNEMENT,OK
TKT45858564513,2025-11-06T19:43:23Z,VIP-EST,,UNITE,OK
TKT68695421485,2025-11-06T19:43:25Z,PORTE-A,R53808957,UNITE,OK
TKT38836291384,2025-11-06T19:43:25Z,PORTE-C,,UNITE,OK
TKT62395281555,2025-11-06T19:43:26Z,VIP-EST,R56840999,ABONNEMENT,OK
TKT30898980874,2025-11-06T19:43:26Z,PORTE-C,R52470031,ABONNEMENT,OK
TKT13604108259,2025-11-06T19:43:29Z,VIP-EST,R57303067,ABONNEMENT,OK
TKT77448645256,2025-11-06T19:43:29Z,PORTE-D,R55048654,ABONNEMENT,OK
TKT21775791254,2025-11-06T19:43:30Z,PORTE-D,R53131803,ABONNEMENT,OK
TKT77276811426,2025-11-06T19:43:30Z,VIP-EST,R53130855,UNITE,OK
TKT91281150684,2025-11-06T19:43:30Z,PORTE-D,R56875059,UNITE,OK
TKT82803202249,2025-11-06T19:43:30Z,PORTE-C,R53954047,INVITATION,OK
TKT75331962652,2025-11-06T19:43:31Z,PORTE-C,R53330683,ABONNEMENT,OK
TKT40693302453,2025-11-06T19:43:32Z,PORTE-C,R52512338,ABONNEMENT,OK
TKT42464561121,2025-11-06T19:43:32Z,PORTE-D,R58262958,UNITE,OK
TKT50675758745,2025-11-06T19:43:34Z,PORTE-A,R51671503,ABONNEMENT,OK
TKT10098591834,2025-11-06T19:43:34Z,PORTE-C,R57979062,UNITE,OK
TKT35484391328,2025-11-06T19:43:35Z,PORTE-C,,GROUPE,OK
TKT14565185845,2025-11-06T19:43:35Z,PORTE-C,,UNITE,OK
TKT23322485378,2025-11-06T19:43:37Z,VIP-EST,,UNITE,OK
TKT30665846950,2025-11-06T19:43:38Z,PORTE-C,,UNITE,OK
TKT18091761317,2025-11-06T19:43:40Z,PORTE-C,R57276574,ABONNEMENT,OK
TKT69207070616,2025-11-06T19:43:41Z,PORTE-C,R58890459,ABONNEMENT,OK
TKT12199529565,2025-11-06T19:43:42Z,PORTE-A,R53962820,UNITE,OK
TKT69163630535,2025-11-06T19:43:43Z,PORTE-B,,GROUPE,OK
TKT34531078012,2025-11-06T19:43:44Z,PORTE-C,,UNITE,OK
TKT48164597396,2025-11-06T19:43:45Z,PORTE-C,R54576644,ABONNEMENT,OK
TKT37798792493,2025-11-06T19:43:46Z,PORTE-C,,UNITE,OK
TKT69671575159,2025-11-06T19:43:47Z,PORTE-A,R56569028,ABONNEMENT,OK
TKT11283894824,2025-11-06T19:43:47Z,PORTE-A,R54975094,UNITE,OK
TKT57202116978,2025-11-06T19:43:48Z,VIP-EST,R51728100,ABONNEMENT,OK
TKT16524040007,2025-11-06T19:43:48Z,PORTE-D,R54679226,UNITE,OK
TKT35712457832,2025-11-06T19:43:48Z,PORTE-B,,UNITE,OK
TKT32286581879,2025-11-06T19:43:49Z,PORTE-A,R57791283,UNITE,OK
TKT10889788122,2025-11-06T19:43:52Z,PORTE-C,,UNITE,OK
TKT40425932017,2025-11-06T19:43:53Z,PORTE-C,R57231068,ABONNEMENT,OK
TKT59713011106,2025-11-06T19:43:54Z,PORTE-A,R57943029,ABONNEMENT,OK
TKT94836837862,2025-11-06T19:43:54Z,PORTE-C,R56048246,UNITE,OK
TKT10312552348,2025-11-06T19:43:56Z,PORTE-C,R59661479,ABONNEMENT,OK
TKT91423792816,2025-11-06T19:43:56Z,PORTE-C,R51348921,ABONNEMENT,OK
TKT79748268574,2025-11-06T19:43:57Z,PORTE-A,R58576747,ABONNEMENT,OK
TKT71907970432,2025-11-06T19:43:58Z,PORTE-C,R58064346,UNITE,OK
TKT29891354489,2025-11-06T19:43:58Z,PORTE-D,R53125271,UNITE,OK
TKT91681451451,2025-11-06T19:44:00Z,PORTE-C,,UNITE,OK
TKT46524498295,2025-11-06T19:44:01Z,PORTE-C,R52008385,ABONNEMENT,OK
TKT81131116768,2025-11-06T19:44:01Z,PORTE-C,,UNITE,OK
TKT84815648952,2025-11-06T19:44:01Z,PORTE-C,R57836645,UNITE,OK
TKT40172795013,2025-11-06T19:44:02Z,PORTE-C,R51908466,INVITATION,OK
TKT35033826693,2025-11-06T19:44:02Z,PORTE-A,R58462116,UNITE,OK
TKT34513000199,2025-11-06T19:44:04Z,PORTE-C,R54268851,ABONNEMENT,OK
TKT15103984487,2025-11-06T19:44:04Z,PORTE-C,R59533027,UNITE,OK
TKT16519194531,2025-11-06T19:44:04Z,PORTE-A,R58986844,UNITE,OK
TKT48794424344,2025-11-06T19:44:05Z,PORTE-B,R54958131,ABONNEMENT,OK
TKT83679517474,2025-11-06T19:44:05Z,VIP-EST,,VIP,OK
TKT13884588141,2025-11-06T19:44:05Z,VIP-EST,R59597660,UNITE,OK
TKT45609358523,2025-11-06T19:44:06Z,PORTE-B,R54561453,UNITE,OK
TKT21304386473,2025-11-06T19:44:06Z,VIP-EST,R54929521,UNITE,OK
TKT79433556486,2025-11-06T19:44:06Z,PORTE-B,,UNITE,OK
TKT80431087440,2025-11-06T19:44:07Z,PORTE-D,R53908129,UNITE,OK
TKT87288091878,2025-11-06T19:44:08Z,PORTE-C,R56295496,UNITE,OK
TKT29816752252,2025-11-06T19:44:10Z,PORTE-A,,VIP,OK
TKT17164311836,2025-11-06T19:44:11Z,PORTE-D,R55353727,ABONNEMENT,OK
TKT16675493946,2025-11-06T19:44:11Z,PORTE-A,R51097524,UNITE,OK
TKT64650484091,2025-11-06T19:44:12Z,VIP-EST,R52308209,UNITE,OK
TKT26669351529,2025-11-06T19:44:13Z,PORTE-B,R53455400,ABONNEMENT,OK
TKT89976754512,2025-11-06T19:44:13Z,PORTE-C,R55268041,ABONNEMENT,OK
TKT55560901813,2025-11-06T19:44:14Z,PORTE-D,R58638650,UNITE,OK
TKT53857537253,2025-11-06T19:44:16Z,PORTE-C,R54078620,ABONNEMENT,OK
TKT42763198393,2025-11-06T19:44:16Z,PORTE-D,,UNITE,OK
TKT97039558366,2025-11-06T19:44:18Z,PORTE-B,R51604073,ABONNEMENT,OK
TKT35817926674,2025-11-06T19:44:18Z,VIP-EST,R55699928,UNITE,OK
TKT75296051678,2025-11-06T19:44:19Z,PORTE-C,R51143978,ABONNEMENT,OK
TKT23555186386,2025-11-06T19:44:20Z,VIP-EST,,VIP,OK
TKT55761754698,2025-11-06T19:44:21Z,VIP-EST,R59020348,UNITE,OK
TKT40185645327,2025-11-06T19:44:22Z,PORTE-D,,GROUPE,OK
TKT93325953177,2025-11-06T19:44:22Z,PORTE-A,R58940859,UNITE,OK
TKT25052385175,2025-11-06T19:44:23Z,VIP-EST,R57189863,UNITE,OK
TKT58531637640,2025-11-06T19:44:25Z,PORTE-A,R55951201,UNITE,OK
TKT55192336517,2025-11-06T19:44:25Z,PORTE-C,R57161263,GROUPE,OK
TKT45619367973,2025-11-06T19:44:27Z,PORTE-C,R52937961,ABONNEMENT,OK
TKT10179486456,2025-11-06T19:44:27Z,VIP-EST,R52951370,ABONNEMENT,OK
TKT67352510841,2025-11-06T19:44:27Z,PORTE-A,R56143194,UNITE,OK
TKT49754658616,2025-11-06T19:44:28Z,PORTE-A,R53367128,UNITE,OK
TKT29071217602,2025-11-06T19:44:30Z,VIP-EST,R58504614,ABONNEMENT,OK
TKT62368544951,2025-11-06T19:44:30Z,PORTE-A,R51480314,UNITE,OK
TKT93081415108,2025-11-06T19:44:31Z,PORTE-A,R53164905,UNITE,OK
TKT43421213453,2025-11-06T19:44:32Z,PORTE-A,R53548643,ABONNEMENT,OK
TKT56332155315,2025-11-06T19:44:32Z,PORTE-C,R58705946,ABONNEMENT,OK
TKT34366326814,2025-11-06T19:44:32Z,PORTE-D,R59919897,UNITE,OK
TKT44940571027,2025-11-06T19:44:32Z,PORTE-C,R53207949,UNITE,OK
TKT64716855141,2025-11-06T19:44:35Z,PORTE-A,R56067058,ABONNEMENT,OK
TKT36318346109,2025-11-06T19:44:35Z,PORTE-A,R57011202,UNITE,OK
TKT30282398901,2025-11-06T19:44:36Z,PORTE-C,R56081214,ABONNEMENT,OK
TKT18229404422,2025-11-06T19:44:37Z,PORTE-A,R51432778,ABONNEMENT,OK
TKT82224597431,2025-11-06T19:44:38Z,PORTE-C,R53766593,UNITE,OK
TKT12172867262,2025-11-06T19:44:40Z,PORTE-D,R52765229,ABONNEMENT,OK
TKT80055503654,2025-11-06T19:44:40Z,PORTE-A,R51845394,UNITE,OK
TKT21546118250,2025-11-06T19:44:41Z,PORTE-D,R51364926,ABONNEMENT,OK
TKT21282029887,2025-11-06T19:44:41Z,PORTE-C,R56037212,ABONNEMENT,OK
TKT25481766800,2025-11-06T19:44:42Z,VIP-EST,R52710883,UNITE,OK
TKT29159072148,2025-11-06T19:44:43Z,PORTE-D,R51034050,UNITE,OK
TKT10393796163,2025-11-06T19:44:44Z,PORTE-C,R51002375,ABONNEMENT,OK
TKT60806534186,2025-11-06T19:44:47Z,PORTE-D,R55737599,ABONNEMENT,OK
TKT56470504810,2025-11-06T19:44:47Z,PORTE-A,R52717281,UNITE,OK
TKT12023458943,2025-11-06T19:44:48Z,PORTE-D,R56680326,ABONNEMENT,OK
TKT43648330922,2025-11-06T19:44:48Z,PORTE-D,R52771694,UNITE,OK
TKT87998265990,2025-11-06T19:44:51Z,PORTE-C,,UNITE,OK
TKT75024150186,2025-11-06T19:44:51Z,VIP-EST,R57784818,UNITE,OK
TKT30180976201,2025-11-06T19:44:51Z,VIP-EST,R54671860,VIP,OK
TKT33932995917,2025-11-06T19:44:53Z,PORTE-C,,GROUPE,OK
TKT29669864217,2025-11-06T19:44:53Z,PORTE-A,R51836802,UNITE,OK
TKT67367139037,2025-11-06T19:44:54Z,PORTE-C,R53160001,UNITE,OK
TKT79023201520,2025-11-06T19:44:56Z,PORTE-C,R54418423,ABONNEMENT,OK
TKT86820750773,2025-11-06T19:44:58Z,PORTE-B,R58765608,ABONNEMENT,OK
TKT44503254009,2025-11-06T19:44:58Z,PORTE-D,,GROUPE,OK
TKT92076398773,2025-11-06T19:44:59Z,PORTE-D,R57951611,ABONNEMENT,OK
TKT27038732580,2025-11-06T19:45:00Z,VIP-EST,R57066516,ABONNEMENT,OK
TKT71871778101,2025-11-06T19:45:00Z,PORTE-C,,UNITE,OK
TKT73334428891,2025-11-06T19:45:01Z,PORTE-A,R54714847,UNITE,OK
TKT30283656276,2025-11-06T19:45:03Z,PORTE-D,R58885086,UNITE,OK
TKT13666591855,2025-11-06T19:45:06Z,VIP-EST,R58119851,UNITE,OK
TKT96906880022,2025-11-06T19:45:06Z,PORTE-A,,UNITE,OK
TKT63310389509,2025-11-06T19:45:07Z,PORTE-D,R55287992,UNITE,OK
TKT66859700605,2025-11-06T19:45:08Z,PORTE-D,R54278324,ABONNEMENT,OK
TKT84655446216,2025-11-06T19:45:08Z,PORTE-A,R51995301,ABONNEMENT,OK
TKT14952720954,2025-11-06T19:45:08Z,PORTE-D,,UNITE,OK
TKT80108514146,2025-11-06T19:45:08Z,PORTE-C,R52021593,UNITE,OK
TKT77903848355,2025-11-06T19:45:08Z,PORTE-C,R57224804,UNITE,OK
TKT98660984060,2025-11-06T19:45:09Z,PORTE-D,,UNITE,OK
TKT74201965163,2025-11-06T19:45:11Z,VIP-EST,R54305420,UNITE,OK
TKT35966484232,2025-11-06T19:45:14Z,PORTE-D,R52234783,ABONNEMENT,OK
TKT45867767680,2025-11-06T19:45:14Z,PORTE-A,R52421202,ABONNEMENT,OK
TKT64526984083,2025-11-06T19:45:14Z,VIP-EST,R56327985,ABONNEMENT,OK
TKT53019584364,2025-11-06T19:45:14Z,PORTE-C,R58803480,UNITE,OK
TKT57629977316,2025-11-06T19:45:15Z,PORTE-C,R59299541,ABONNEMENT,OK
TKT37585777235,2025-11-06T19:45:15Z,PORTE-D,R51159571,UNITE,OK
TKT71170978285,2025-11-06T19:45:16Z,PORTE-D,R57349310,ABONNEMENT,OK
TKT71481635559,2025-11-06T19:45:17Z,VIP-EST,R52446201,ABONNEMENT,OK
TKT32060675616,2025-11-06T19:45:17Z,PORTE-B,,UNITE,OK
TKT13554232282,2025-11-06T19:45:20Z,PORTE-B,,GROUPE,OK
TKT69876541562,2025-11-06T19:45:21Z,PORTE-D,R59750096,ABONNEMENT,OK
TKT53940820844,2025-11-06T19:45:21Z,PORTE-C,R59564146,ABONNEMENT,OK
TKT62874236974,2025-11-06T19:45:21Z,PORTE-C,R56512766,UNITE,OK
TKT64517706503,2025-11-06T19:45:21Z,PORTE-D,R52924887,UNITE,OK
TKT20868990900,2025-11-06T19:45:22Z,PORTE-A,,UNITE,OK
TKT64362475075,2025-11-06T19:45:23Z,PORTE-A,R59810304,ABONNEMENT,OK
TKT55167517358,2025-11-06T19:45:23Z,PORTE-A,R58392023,ABONNEMENT,OK
TKT60472143891,2025-11-06T19:45:23Z,PORTE-A,R54246371,INVITATION,OK
TKT87892595517,2025-11-06T19:45:23Z,PORTE-B,,UNITE,OK
TKT91288905758,2025-11-06T19:45:25Z,PORTE-A,R53817683,UNITE,OK
TKT41153829322,2025-11-06T19:45:26Z,PORTE-C,,GROUPE,OK
TKT82988550764,2025-11-06T19:45:26Z,PORTE-A,R51005105,UNITE,OK
TKT28526875618,2025-11-06T19:45:26Z,PORTE-A,,UNITE,OK
TKT47929621886,2025-11-06T19:45:27Z,VIP-EST,R56333090,ABONNEMENT,OK
TKT46028449170,2025-11-06T19:45:27Z,PORTE-C,R59526887,ABONNEMENT,OK
TKT10857769804,2025-11-06T19:45:28Z,VIP-EST,R55507178,UNITE,OK
TKT18310194809,2025-11-06T19:45:29Z,PORTE-A,R59483029,ABONNEMENT,REFUSE_DEJA_SCANNE
TKT29839500948,2025-11-06T19:45:30Z,PORTE-B,R59820313,ABONNEMENT,OK
TKT86799882897,2025-11-06T19:45:31Z,PORTE-B,R55611867,UNITE,OK
TKT74664274796,2025-11-06T19:45:33Z,PORTE-C,R57798294,ABONNEMENT,OK
TKT70639668974,2025-11-06T19:45:33Z,PORTE-C,R58924385,UNITE,OK
TKT22818054871,2025-11-06T19:45:34Z,PORTE-C,R52559529,ABONNEMENT,OK
TKT41357509376,2025-11-06T19:45:34Z,PORTE-D,R51136421,UNITE,OK
TKT25702767741,2025-11-06T19:45:35Z,PORTE-C,R52768505,ABONNEMENT,OK
TKT78628587996,2025-11-06T19:45:35Z,PORTE-C,R52892455,ABONNEMENT,OK
TKT89575924404,2025-11-06T19:45:36Z,PORTE-C,R53586036,ABONNEMENT,OK
TKT69338719658,2025-11-06T19:45:36Z,PORTE-C,,UNITE,OK
TKT15350426384,2025-11-06T19:45:37Z,PORTE-D,R58147101,UNITE,OK
TKT62672470167,2025-11-06T19:45:38Z,PORTE-C,R52663873,UNITE,OK
TKT58491987132,2025-11-06T19:45:38Z,VIP-EST,R53504909,UNITE,OK
TKT37527920213,2025-11-06T19:45:40Z,PORTE-C,R56936014,UNITE,OK
TKT98247875804,2025-11-06T19:45:40Z,PORTE-C,R57440647,UNITE,OK
TKT90861590144,2025-11-06T19:45:41Z,PORTE-A,R59807239,ABONNEMENT,OK
TKT66810099928,2025-11-06T19:45:41Z,PORTE-A,R52055576,UNITE,OK
TKT25286574016,2025-11-06T19:45:42Z,PORTE-A,R53941509,ABONNEMENT,OK
TKT93209276514,2025-11-06T19:45:42Z,PORTE-A,R51514709,ABONNEMENT,OK
TKT92141424369,2025-11-06T19:45:43Z,PORTE-C,R55550021,ABONNEMENT,OK
TKT96493874676,2025-11-06T19:45:43Z,PORTE-A,R59020693,UNITE,OK
TKT57741847863,2025-11-06T19:45:44Z,VIP-EST,R52094329,ABONNEMENT,OK
TKT12155594791,2025-11-06T19:45:44Z,PORTE-A,,UNITE,REFUSE_DEJA_SCANNE
TKT93654229757,2025-11-06T19:45:45Z,VIP-EST,R51716788,UNITE,OK
TKT22442829418,2025-11-06T19:45:46Z,PORTE-C,,GROUPE,OK
TKT94243889879,2025-11-06T19:45:47Z,PORTE-C,R57408771,UNITE,OK
TKT10459099489,2025-11-06T19:45:48Z,PORTE-D,R58886513,UNITE,OK
TKT45298091293,2025-11-06T19:45:49Z,PORTE-C,R55904680,ABONNEMENT,OK
TKT71316415862,2025-11-06T19:45:49Z,PORTE-C,R52470309,ABONNEMENT,OK
TKT88346294792,2025-11-06T19:45:49Z,PORTE-D,R57531371,UNITE,OK
TKT35700714223,2025-11-06T19:45:51Z,PORTE-C,R52980871,ABONNEMENT,OK
TKT23051786493,2025-11-06T19:45:51Z,PORTE-C,R58971375,ABONNEMENT,OK
TKT32662460862,2025-11-06T19:45:51Z,PMR-NORD,,UNITE,OK
TKT83591401267,2025-11-06T19:45:52Z,PORTE-D,R53176830,ABONNEMENT,OK
TKT83533121077,2025-11-06T19:45:52Z,PORTE-C,,UNITE,OK
TKT19015219173,2025-11-06T19:45:52Z,PORTE-A,R54980410,UNITE,OK
TKT28524168826,2025-11-06T19:45:53Z,PORTE-C,R51171831,UNITE,OK
TKT36973449290,2025-11-06T19:45:54Z,VIP-EST,R59800831,UNITE,OK
TKT88521737322,2025-11-06T19:45:56Z,PORTE-D,R54012416,UNITE,OK
TKT39747983943,2025-11-06T19:45:57Z,PORTE-C,R57368648,UNITE,OK
TKT31592940257,2025-11-06T19:46:00Z,PORTE-A,R59048747,UNITE,OK
TKT43108550137,2025-11-06T19:46:00Z,PORTE-D,,UNITE,OK
TKT80673665662,2025-11-06T19:46:01Z,PORTE-C,R53301403,ABONNEMENT,OK
TKT31380568486,2025-11-06T19:46:01Z,VIP-EST,R55490282,ABONNEMENT,OK
TKT91778504537,2025-11-06T19:46:02Z,VIP-EST,,UNITE,OK
TKT93179780404,2025-11-06T19:46:02Z,PORTE-A,R55178945,UNITE,OK
TKT32484605892,2025-11-06T19:46:03Z,PORTE-D,R57981035,ABONNEMENT,OK
TKT51112456062,2025-11-06T19:46:04Z,VIP-EST,,UNITE,OK
TKT49081338814,2025-11-06T19:46:04Z,PORTE-C,R53192289,UNITE,REFUSE_INVALIDE
TKT97219977274,2025-11-06T19:46:05Z,VIP-EST,R51644263,UNITE,OK
TKT93380319544,2025-11-06T19:46:07Z,PORTE-B,R57430360,ABONNEMENT,OK
TKT65944234034,2025-11-06T19:46:07Z,PORTE-A,,UNITE,OK
TKT69743147622,2025-11-06T19:46:08Z,PORTE-B,R57085375,UNITE,OK
TKT11273337584,2025-11-06T19:46:09Z,PORTE-A,R57812403,ABONNEMENT,OK
TKT56392120921,2025-11-06T19:46:09Z,PORTE-D,,UNITE,OK
TKT19823738061,2025-11-06T19:46:11Z,PORTE-A,,UNITE,REFUSE_DEJA_SCANNE
TKT72631611339,2025-11-06T19:46:11Z,PORTE-C,R55440974,UNITE,OK
TKT72812133674,2025-11-06T19:46:11Z,PORTE-D,R59041803,UNITE,OK
TKT32360945824,2025-11-06T19:46:12Z,PORTE-D,R51808547,ABONNEMENT,OK
TKT56717169198,2025-11-06T19:46:13Z,PORTE-A,R56293992,UNITE,OK
TKT98851665477,2025-11-06T19:46:13Z,PORTE-D,,UNITE,OK
TKT56256017995,2025-11-06T19:46:14Z,PORTE-D,R57005551,ABONNEMENT,OK
TKT43268162485,2025-11-06T19:46:14Z,PORTE-D,R54224782,INVITATION,OK
TKT38030608390,2025-11-06T19:46:16Z,PORTE-B,R59172851,UNITE,OK
TKT62131112548,2025-11-06T19:46:18Z,PORTE-C,R58971988,UNITE,OK
TKT98791253472,2025-11-06T19:46:18Z,VIP-EST,R51405940,UNITE,OK
TKT16550404856,2025-11-06T19:46:19Z,PORTE-C,R53227833,ABONNEMENT,OK
TKT23684036816,2025-11-06T19:46:20Z,PORTE-C,R57067943,ABONNEMENT,OK
TKT62883374009,2025-11-06T19:46:20Z,PORTE-B,,UNITE,OK
TKT30154182283,2025-11-06T19:46:22Z,PORTE-A,R56431716,ABONNEMENT,OK
TKT88727044251,2025-11-06T19:46:22Z,PORTE-C,R57952636,ABONNEMENT,OK
TKT37898899397,2025-11-06T19:46:25Z,PORTE-C,R53897718,ABONNEMENT,OK
TKT47525507053,2025-11-06T19:46:25Z,PORTE-B,,UNITE,OK
TKT32361931496,2025-11-06T19:46:26Z,PORTE-A,R53541699,ABONNEMENT,OK
TKT93727750827,2025-11-06T19:46:26Z,PORTE-A,R57299992,ABONNEMENT,OK
TKT58929426131,2025-11-06T19:46:26Z,PORTE-A,R56590560,VIP,OK
TKT10762483336,2025-11-06T19:46:28Z,PORTE-C,,UNITE,OK
TKT68987332513,2025-11-06T19:46:30Z,PORTE-C,R52195963,ABONNEMENT,OK
TKT89847928077,2025-11-06T19:46:30Z,PORTE-C,R55896031,ABONNEMENT,OK
TKT62189297202,2025-11-06T19:46:30Z,PORTE-D,R54075411,UNITE,OK
TKT79560260812,2025-11-06T19:46:31Z,PORTE-A,R57730194,UNITE,OK
TKT99869158926,2025-11-06T19:46:32Z,PORTE-A,R53678934,UNITE,OK
TKT14072058700,2025-11-06T19:46:32Z,PORTE-D,,GROUPE,OK
TKT16012390362,2025-11-06T19:46:33Z,VIP-EST,R56138223,ABONNEMENT,OK
TKT58947058939,2025-11-06T19:46:35Z,PORTE-B,R55326611,ABONNEMENT,OK
TKT85894051624,2025-11-06T19:46:35Z,PORTE-C,R55259794,UNITE,OK
TKT92505124352,2025-11-06T19:46:36Z,PORTE-A,R53088826,UNITE,REFUSE_INVALIDE
TKT87897421808,2025-11-06T19:46:36Z,PORTE-C,R55993220,UNITE,OK
TKT22262284907,2025-11-06T19:46:38Z,PORTE-D,R55603821,UNITE,OK
TKT35781776746,2025-11-06T19:46:39Z,PORTE-C,R57400869,UNITE,OK
TKT19341928787,2025-11-06T19:46:40Z,PORTE-C,R53286691,ABONNEMENT,OK
TKT74398250880,2025-11-06T19:46:40Z,PORTE-B,R59188645,UNITE,OK
TKT11862843749,2025-11-06T19:46:40Z,PORTE-B,R53687794,GROUPE,OK
TKT28811510208,2025-11-06T19:46:45Z,VIP-EST,R57687552,INVITATION,OK
TKT21407422451,2025-11-06T19:46:45Z,PORTE-D,R53881569,UNITE,OK
TKT59973341676,2025-11-06T19:46:45Z,PORTE-C,R55361006,UNITE,OK
TKT50737239844,2025-11-06T19:46:46Z,PORTE-C,R54316330,UNITE,OK
TKT39717098983,2025-11-06T19:46:47Z,PORTE-A,,UNITE,OK
TKT15677079264,2025-11-06T19:46:47Z,PORTE-D,R55400114,UNITE,OK
TKT74754836187,2025-11-06T19:46:48Z,PORTE-A,R59753017,UNITE,OK
TKT32286581879,2025-11-06T19:46:49Z,PORTE-A,R57791283,UNITE,REFUSE_DEJA_SCANNE
TKT88104128087,2025-11-06T19:46:50Z,PORTE-C,,GROUPE,OK
TKT97767209737,2025-11-06T19:46:50Z,PORTE-C,R52326455,GROUPE,OK
TKT77914070501,2025-11-06T19:46:51Z,PORTE-B,R55893770,ABONNEMENT,OK
TKT81991792578,2025-11-06T19:46:52Z,PORTE-B,R52735805,ABONNEMENT,OK
TKT58563395336,2025-11-06T19:46:52Z,PORTE-B,R53031884,ABONNEMENT,OK
TKT17986975616,2025-11-06T19:46:52Z,PORTE-C,,UNITE,OK
TKT65778662075,2025-11-06T19:46:54Z,PORTE-D,R59057262,ABONNEMENT,OK
TKT55506838449,2025-11-06T19:46:54Z,PORTE-D,R54372783,ABONNEMENT,OK
TKT64921660540,2025-11-06T19:46:56Z,PORTE-C,,GROUPE,OK
TKT49009148084,2025-11-06T19:46:57Z,VIP-EST,R54592314,ABONNEMENT,OK
TKT21231091430,2025-11-06T19:46:57Z,VIP-EST,,INVITATION,REFUSE_DEJA_SCANNE
TKT99790673277,2025-11-06T19:47:00Z,PORTE-C,R55050158,UNITE,OK
TKT63861973785,2025-11-06T19:47:01Z,PORTE-C,R52965268,UNITE,OK
TKT92016266083,2025-11-06T19:47:01Z,PORTE-A,R55538853,UNITE,OK
TKT82958466512,2025-11-06T19:47:02Z,VIP-EST,R58466742,ABONNEMENT,OK
TKT93975221654,2025-11-06T19:47:02Z,PORTE-A,R54880357,UNITE,OK
TKT86601234858,2025-11-06T19:47:02Z,PORTE-C,R51653448,UNITE,OK
TKT57904086808,2025-11-06T19:47:04Z,PORTE-D,,GROUPE,OK
TKT96181609629,2025-11-06T19:47:07Z,PORTE-C,,UNITE,OK
TKT96031185996,2025-11-06T19:47:07Z,PORTE-C,R55388256,UNITE,OK
TKT68849573163,2025-11-06T19:47:08Z,PORTE-C,R51283819,ABONNEMENT,OK
TKT15361894185,2025-11-06T19:47:08Z,PORTE-D,R57028299,ABONNEMENT,OK
TKT37017507656,2025-11-06T19:47:08Z,PORTE-B,,UNITE,OK
TKT79109827124,2025-11-06T19:47:10Z,PORTE-C,R55732494,ABONNEMENT,OK
TKT18375226503,2025-11-06T19:47:11Z,PORTE-C,R52116876,UNITE,OK
TKT89895317144,2025-11-06T19:47:11Z,PORTE-A,R55359043,UNITE,OK
TKT80191493946,2025-11-06T19:47:11Z,PORTE-C,,INVITATION,REFUSE_DEJA_SCANNE
TKT19220956998,2025-11-06T19:47:12Z,PORTE-B,R55728126,UNITE,OK
TKT82813776619,2025-11-06T19:47:13Z,PORTE-D,R53630574,UNITE,OK
TKT51803962222,2025-11-06T19:47:14Z,PORTE-D,R54934234,ABONNEMENT,OK
TKT83080945203,2025-11-06T19:47:14Z,PORTE-D,,UNITE,OK
TKT70435746117,2025-11-06T19:47:15Z,VIP-EST,R53211905,ABONNEMENT,OK
TKT83882729086,2025-11-06T19:47:15Z,VIP-EST,,VIP,OK
TKT95444124583,2025-11-06T19:47:16Z,VIP-EST,R57678146,ABONNEMENT,OK
TKT88800936875,2025-11-06T19:47:16Z,PORTE-B,R57902437,UNITE,OK
TKT52422117807,2025-11-06T19:47:17Z,PORTE-D,R53105990,ABONNEMENT,OK
TKT82020516309,2025-11-06T19:47:19Z,VIP-EST,R58729039,UNITE,OK
TKT70368525229,2025-11-06T19:47:20Z,PORTE-A,R57388274,ABONNEMENT,OK
TKT62085899000,2025-11-06T19:47:20Z,PORTE-B,R56345283,UNITE,OK
TKT49570576063,2025-11-06T19:47:20Z,VIP-EST,R57176655,UNITE,OK
TKT39165560631,2025-11-06T19:47:22Z,PORTE-B,R57768200,ABONNEMENT,OK
TKT18483454381,2025-11-06T19:47:22Z,PORTE-C,R56800129,ABONNEMENT,OK
TKT93536560031,2025-11-06T19:47:22Z,PORTE-A,R57323976,UNITE,OK
TKT96119981438,2025-11-06T19:47:22Z,PORTE-A,R56236782,UNITE,OK
TKT88533645837,2025-11-06T19:47:23Z,PORTE-D,R58355511,ABONNEMENT,OK
TKT66983880257,2025-11-06T19:47:23Z,VIP-EST,R55977416,UNITE,OK
TKT83167901082,2025-11-06T19:47:23Z,PORTE-C,,GROUPE,OK
TKT70049342653,2025-11-06T19:47:24Z,PORTE-D,R54319184,ABONNEMENT,OK
TKT77546772334,2025-11-06T19:47:24Z,PORTE-A,R52079560,UNITE,OK
TKT94969271786,2025-11-06T19:47:25Z,PORTE-B,R59992777,ABONNEMENT,OK
TKT58017339941,2025-11-06T19:47:27Z,PORTE-A,R54322517,ABONNEMENT,OK
TKT83284750586,2025-11-06T19:47:27Z,PORTE-D,R53640248,UNITE,OK
TKT16263828804,2025-11-06T19:47:29Z,PORTE-A,R57556648,UNITE,OK
TKT59404806218,2025-11-06T19:47:31Z,PORTE-D,R57042743,UNITE,OK
TKT31372916898,2025-11-06T19:47:33Z,PORTE-D,R51352877,UNITE,OK
TKT68071397968,2025-11-06T19:47:33Z,PORTE-C,R58002768,UNITE,OK
TKT70417457269,2025-11-06T19:47:34Z,PORTE-B,,INVITATION,REFUSE_INVALIDE
TKT37750000186,2025-11-06T19:47:35Z,PORTE-D,R58436906,ABONNEMENT,OK
TKT80307107774,2025-11-06T19:47:36Z,VIP-EST,R51426035,VIP,OK
TKT20937132596,2025-11-06T19:47:36Z,PORTE-D,R51863985,UNITE,OK
TKT24880364966,2025-11-06T19:47:37Z,PORTE-C,R54702989,INVITATION,OK
TKT73199652848,2025-11-06T19:47:38Z,PORTE-A,R57434795,UNITE,OK
TKT43710818167,2025-11-06T19:47:40Z,PORTE-C,R52164767,ABONNEMENT,OK
TKT21409142202,2025-11-06T19:47:40Z,PORTE-C,,UNITE,OK
TKT65982493359,2025-11-06T19:47:41Z,PORTE-A,R56868249,ABONNEMENT,OK
TKT66780404918,2025-11-06T19:47:42Z,PORTE-C,R53799561,ABONNEMENT,OK
TKT19057227981,2025-11-06T19:47:43Z,PORTE-D,R54485575,UNITE,OK
TKT95966038622,2025-11-06T19:47:45Z,VIP-EST,R57955165,UNITE,OK
TKT50160278536,2025-11-06T19:47:45Z,PORTE-C,,GROUPE,OK
TKT29001278886,2025-11-06T19:47:45Z,PORTE-C,,GROUPE,OK
TKT58698260704,2025-11-06T19:47:46Z,PORTE-B,R51626007,ABONNEMENT,OK
TKT81431672073,2025-11-06T19:47:46Z,PORTE-D,,UNITE,OK
TKT51130357648,2025-11-06T19:47:48Z,VIP-EST,R55880217,UNITE,OK
TKT12950463890,2025-11-06T19:47:51Z,PORTE-C,R52778581,UNITE,OK
TKT39874638714,2025-11-06T19:47:51Z,PORTE-C,,GROUPE,OK
TKT84702128960,2025-11-06T19:47:52Z,PORTE-D,R53465610,ABONNEMENT,OK
TKT39489279243,2025-11-06T19:47:52Z,PORTE-C,R53978768,UNITE,OK
TKT23191773394,2025-11-06T19:47:54Z,PORTE-A,R55441654,VIP,OK
TKT52987510463,2025-11-06T19:47:55Z,PORTE-A,R56650289,UNITE,OK
TKT65628206063,2025-11-06T19:47:56Z,PORTE-C,R59659707,ABONNEMENT,OK
TKT64649030806,2025-11-06T19:47:57Z,VIP-EST,R53436531,ABONNEMENT,OK
TKT50659993233,2025-11-06T19:47:57Z,PORTE-B,R54294865,ABONNEMENT,OK
TKT28811982676,2025-11-06T19:47:58Z,PORTE-C,R55092512,ABONNEMENT,OK
TKT64597658121,2025-11-06T19:47:58Z,PORTE-D,,INVITATION,OK
TKT28229724955,2025-11-06T19:47:59Z,PORTE-A,R55947657,ABONNEMENT,OK
TKT63974360787,2025-11-06T19:47:59Z,PORTE-C,R58042891,UNITE,OK
TKT79532367010,2025-11-06T19:48:02Z,PORTE-C,R57886911,ABONNEMENT,OK
TKT52346866458,2025-11-06T19:48:02Z,PORTE-C,R55555059,GROUPE,OK
TKT33719441450,2025-11-06T19:48:04Z,PORTE-A,R59256765,UNITE,OK
TKT59036440835,2025-11-06T19:48:04Z,VIP-EST,,UNITE,OK
TKT11002457344,2025-11-06T19:48:05Z,PORTE-C,R59997681,ABONNEMENT,OK
TKT61871277628,2025-11-06T19:48:06Z,PORTE-D,R59547672,ABONNEMENT,OK
TKT16270571814,2025-11-06T19:48:06Z,PORTE-A,R57641366,ABONNEMENT,OK
TKT17043837313,2025-11-06T19:48:06Z,PORTE-C,R56182493,UNITE,OK
TKT63446480936,2025-11-06T19:48:06Z,PORTE-D,R58837540,UNITE,OK
TKT97587182874,2025-11-06T19:48:07Z,PORTE-D,R52780353,ABONNEMENT,OK
TKT40625259978,2025-11-06T19:48:07Z,PORTE-C,R58776853,ABONNEMENT,OK
TKT76737127044,2025-11-06T19:48:08Z,PORTE-C,R55201636,UNITE,OK
TKT74450470986,2025-11-06T19:48:09Z,PORTE-C,R56624888,ABONNEMENT,OK
TKT97817416163,2025-11-06T19:48:10Z,PORTE-A,R52028269,ABONNEMENT,OK
TKT79903587372,2025-11-06T19:48:10Z,VIP-EST,R56836028,ABONNEMENT,OK
TKT20394855407,2025-11-06T19:48:10Z,PORTE-A,R56033065,ABONNEMENT,OK
TKT83946979192,2025-11-06T19:48:11Z,PORTE-A,R52220004,UNITE,OK
TKT54810877375,2025-11-06T19:48:12Z,PORTE-B,,GROUPE,OK
TKT12686054949,2025-11-06T19:48:13Z,VIP-EST,R51316308,ABONNEMENT,OK
TKT87704751843,2025-11-06T19:48:13Z,PORTE-C,R57260291,ABONNEMENT,OK
TKT89515089391,2025-11-06T19:48:18Z,PORTE-D,R58435613,UNITE,OK
TKT82020516309,2025-11-06T19:48:19Z,VIP-EST,R58729039,UNITE,REFUSE_DEJA_SCANNE
TKT20274445757,2025-11-06T19:48:20Z,PORTE-B,R53213533,UNITE,OK
TKT76266374481,2025-11-06T19:48:21Z,PORTE-C,R54786558,ABONNEMENT,OK
TKT16301881747,2025-11-06T19:48:23Z,VIP-EST,R52365965,UNITE,OK
TKT77924864712,2025-11-06T19:48:24Z,PORTE-A,R56649063,ABONNEMENT,OK
TKT10827134994,2025-11-06T19:48:24Z,VIP-EST,R58573538,ABONNEMENT,OK
TKT30014196297,2025-11-06T19:48:24Z,PORTE-C,R54725871,ABONNEMENT,OK
TKT88141343465,2025-11-06T19:48:24Z,PORTE-C,,UNITE,OK
TKT60330620016,2025-11-06T19:48:26Z,PORTE-C,R52373110,ABONNEMENT,OK
TKT86769818256,2025-11-06T19:48:27Z,PORTE-D,R54075143,UNITE,OK
TKT95302759091,2025-11-06T19:48:27Z,PORTE-C,,GROUPE,OK
TKT29185998305,2025-11-06T19:48:28Z,PORTE-C,,UNITE,OK
TKT89415583818,2025-11-06T19:48:29Z,PORTE-B,,GROUPE,OK
TKT85916304739,2025-11-06T19:48:30Z,PORTE-B,R57973009,ABONNEMENT,OK
TKT23967003947,2025-11-06T19:48:30Z,PORTE-A,,UNITE,OK
TKT73143939143,2025-11-06T19:48:31Z,PORTE-D,R53410383,ABONNEMENT,OK
TKT55135347545,2025-11-06T19:48:31Z,PORTE-B,R55001865,ABONNEMENT,OK
TKT41430038639,2025-11-06T19:48:31Z,PORTE-C,R53726279,ABONNEMENT,OK
TKT65074200140,2025-11-06T19:48:32Z,PORTE-A,R52771359,ABONNEMENT,OK
TKT91179265392,2025-11-06T19:48:32Z,PORTE-C,R56895958,UNITE,OK
TKT53569469752,2025-11-06T19:48:33Z,PORTE-C,R56429810,UNITE,OK
TKT18264427797,2025-11-06T19:48:35Z,VIP-EST,,UNITE,OK
TKT39839082191,2025-11-06T19:48:35Z,PORTE-C,R53556890,UNITE,OK
TKT18987745285,2025-11-06T19:48:36Z,PORTE-A,R51017164,ABONNEMENT,OK
TKT82985044969,2025-11-06T19:48:36Z,VIP-EST,R55765596,UNITE,OK
TKT23831620437,2025-11-06T19:48:38Z,PORTE-D,R59379154,UNITE,OK
TKT69006269320,2025-11-06T19:48:39Z,VIP-EST,R58489289,UNITE,OK
TKT10434817900,2025-11-06T19:48:43Z,PORTE-C,R53250514,ABONNEMENT,OK
TKT39258692118,2025-11-06T19:48:43Z,PORTE-B,R53729612,UNITE,OK
TKT69482048780,2025-11-06T19:48:44Z,PORTE-B,R58681426,UNITE,OK
TKT99427502324,2025-11-06T19:48:44Z,PORTE-A,,UNITE,OK
TKT66879416123,2025-11-06T19:48:46Z,PORTE-D,R57678625,ABONNEMENT,OK
TKT85091233728,2025-11-06T19:48:47Z,PORTE-C,R52174364,UNITE,OK
TKT64846081183,2025-11-06T19:48:48Z,PORTE-D,R51248054,ABONNEMENT,OK
TKT26638630292,2025-11-06T19:48:49Z,PORTE-B,,GROUPE,OK
TKT36568948649,2025-11-06T19:48:51Z,PORTE-D,R56157303,ABONNEMENT,OK
TKT78903665128,2025-11-06T19:48:52Z,PORTE-A,R58035257,ABONNEMENT,OK
TKT31961910603,2025-11-06T19:48:53Z,PORTE-A,R58800482,UNITE,OK
TKT25126302062,2025-11-06T19:48:54Z,PORTE-C,R54525564,UNITE,OK
TKT99936974134,2025-11-06T19:48:56Z,VIP-EST,R57965586,ABONNEMENT,OK
TKT91113769606,2025-11-06T19:48:57Z,PORTE-A,R58550177,UNITE,OK
TKT22743160602,2025-11-06T19:48:58Z,PORTE-D,R57038730,UNITE,OK
TKT16993989364,2025-11-06T19:48:58Z,PORTE-D,R59955652,UNITE,OK
TKT66261240311,2025-11-06T19:49:00Z,VIP-EST,,UNITE,OK
TKT54058182434,2025-11-06T19:49:01Z,PORTE-D,R59625513,ABONNEMENT,OK
TKT40299475994,2025-11-06T19:49:02Z,VIP-EST,R58689606,ABONNEMENT,OK
TKT17352668597,2025-11-06T19:49:03Z,VIP-EST,,VIP,OK
TKT56171817844,2025-11-06T19:49:04Z,PORTE-C,R57594175,UNITE,OK
TKT90468561097,2025-11-06T19:49:04Z,PORTE-D,,INVITATION,OK
TKT53239985793,2025-11-06T19:49:04Z,PORTE-C,R56868651,UNITE,OK
TKT81027997838,2025-11-06T19:49:05Z,PORTE-C,R53666004,ABONNEMENT,OK
TKT64667058585,2025-11-06T19:49:07Z,VIP-EST,R56864561,UNITE,OK
TKT12663234111,2025-11-06T19:49:08Z,PORTE-D,R51740571,UNITE,OK
TKT39149768809,2025-11-06T19:49:08Z,PORTE-D,,GROUPE,OK
TKT90938300692,2025-11-06T19:49:09Z,PORTE-C,R51334219,UNITE,OK
TKT21398997808,2025-11-06T19:49:10Z,PORTE-D,R54500632,UNITE,OK
TKT78890054139,2025-11-06T19:49:10Z,VIP-EST,R55421023,UNITE,OK
TKT70004033721,2025-11-06T19:49:11Z,PORTE-C,,UNITE,OK
TKT13875418138,2025-11-06T19:49:13Z,PORTE-C,R58499231,ABONNEMENT,OK
TKT64321544607,2025-11-06T19:49:13Z,PORTE-D,,GROUPE,OK
TKT91725564675,2025-11-06T19:49:14Z,VIP-EST,R53927879,UNITE,OK
TKT97004845701,2025-11-06T19:49:14Z,VIP-EST,R56939012,VIP,OK
TKT15344922817,2025-11-06T19:49:15Z,PORTE-C,,UNITE,OK
TKT39871372421,2025-11-06T19:49:20Z,PORTE-B,R52452810,ABONNEMENT,OK
TKT78647766053,2025-11-06T19:49:20Z,PORTE-C,R51117150,ABONNEMENT,OK
TKT19414549707,2025-11-06T19:49:20Z,PORTE-A,R56004934,ABONNEMENT,OK
TKT86651534097,2025-11-06T19:49:20Z,PORTE-D,R56079931,UNITE,OK
TKT93348225777,2025-11-06T19:49:21Z,VIP-EST,R53256376,UNITE,OK
TKT31069514304,2025-11-06T19:49:22Z,PORTE-C,R59108352,UNITE,OK
TKT73724236705,2025-11-06T19:49:25Z,PORTE-D,R58311586,ABONNEMENT,OK
TKT15327558997,2025-11-06T19:49:25Z,PORTE-B,R58937248,ABONNEMENT,OK
TKT82360341155,2025-11-06T19:49:25Z,VIP-EST,R52559740,UNITE,OK
TKT74847881590,2025-11-06T19:49:25Z,PORTE-C,R58690832,UNITE,OK
TKT25751687555,2025-11-06T19:49:26Z,VIP-EST,,UNITE,OK
TKT18516886466,2025-11-06T19:49:27Z,PORTE-A,R52537528,UNITE,OK
TKT57877138064,2025-11-06T19:49:28Z,PORTE-D,R59238174,ABONNEMENT,OK
TKT23422444276,2025-11-06T19:49:29Z,PORTE-A,R58058829,UNITE,OK
TKT78604617140,2025-11-06T19:49:30Z,PORTE-D,R57145593,UNITE,OK
TKT33506212845,2025-11-06T19:49:31Z,VIP-EST,R55228608,ABONNEMENT,OK
TKT31160147943,2025-11-06T19:49:33Z,PORTE-D,R57601933,INVITATION,OK
TKT45180508240,2025-11-06T19:49:34Z,PORTE-D,R56307344,ABONNEMENT,OK
TKT29469188023,2025-11-06T19:49:36Z,PORTE-A,R59721486,UNITE,OK
TKT90250197201,2025-11-06T19:49:36Z,VIP-EST,,UNITE,OK
TKT93712515801,2025-11-06T19:49:37Z,PORTE-A,,GROUPE,OK
TKT68218172593,2025-11-06T19:49:38Z,PORTE-A,R55589109,ABONNEMENT,OK
TKT10107967805,2025-11-06T19:49:39Z,VIP-EST,,UNITE,OK
TKT84685919137,2025-11-06T19:49:41Z,PORTE-C,,UNITE,OK
TKT71459439784,2025-11-06T19:49:42Z,PORTE-C,R51804591,ABONNEMENT,OK
TKT16239594608,2025-11-06T19:49:42Z,PORTE-A,R58490036,ABONNEMENT,OK
TKT90162693565,2025-11-06T19:49:43Z,PORTE-C,R53816524,ABONNEMENT,OK
TKT55050064132,2025-11-06T19:49:43Z,PORTE-C,R52636087,UNITE,OK
TKT92981984159,2025-11-06T19:49:43Z,VIP-EST,R58198315,UNITE,OK
TKT43680353286,2025-11-06T19:49:44Z,PORTE-A,R54568541,ABONNEMENT,OK
TKT59559744497,2025-11-06T19:49:45Z,PORTE-B,R53396284,ABONNEMENT,OK
TKT31821510501,2025-11-06T19:49:45Z,PORTE-C,R58387531,ABONNEMENT,OK
TKT17308215346,2025-11-06T19:49:45Z,PORTE-C,R58181764,ABONNEMENT,OK
TKT44636387087,2025-11-06T19:49:45Z,PORTE-C,R53046864,ABONNEMENT,OK
TKT70788776662,2025-11-06T19:49:45Z,PORTE-C,R58931674,UNITE,OK
TKT92079318034,2025-11-06T19:49:45Z,PORTE-B,,UNITE,OK
TKT88503510632,2025-11-06T19:49:46Z,PORTE-A,R55100481,UNITE,OK
TKT86833053855,2025-11-06T19:49:47Z,PORTE-D,,UNITE,OK
TKT21592553607,2025-11-06T19:49:48Z,PORTE-C,,UNITE,OK
TKT52540005884,2025-11-06T19:49:48Z,PORTE-A,,UNITE,OK
TKT48250969065,2025-11-06T19:49:52Z,PORTE-C,R54553216,ABONNEMENT,OK
TKT80773087152,2025-11-06T19:49:52Z,PORTE-B,R55406368,UNITE,OK
TKT97904173730,2025-11-06T19:49:54Z,PORTE-C,R54178472,ABONNEMENT,OK
TKT28822353532,2025-11-06T19:49:56Z,PORTE-C,R52274896,UNITE,OK
TKT50227331804,2025-11-06T19:49:57Z,PORTE-D,R56793999,ABONNEMENT,OK
TKT24670852689,2025-11-06T19:49:58Z,PORTE-A,R51564295,ABONNEMENT,OK
TKT57837142739,2025-11-06T19:49:58Z,PORTE-D,R51603939,UNITE,OK
TKT63521044233,2025-11-06T19:49:59Z,PORTE-C,R59246890,ABONNEMENT,OK
TKT31625235298,2025-11-06T19:49:59Z,VIP-EST,R54632025,UNITE,OK
TKT81388917854,2025-11-06T19:49:59Z,VIP-EST,R55606551,UNITE,OK
TKT13226608960,2025-11-06T19:50:02Z,PORTE-B,R53078472,UNITE,OK
TKT59036440835,2025-11-06T19:50:04Z,VIP-EST,,UNITE,REFUSE_DEJA_SCANNE
TKT61951723514,2025-11-06T19:50:06Z,PORTE-C,R59144998,ABONNEMENT,OK
TKT87976111029,2025-11-06T19:50:06Z,PORTE-A,R56914281,UNITE,OK
TKT35665825016,2025-11-06T19:50:07Z,PORTE-C,,GROUPE,OK
TKT37277079849,2025-11-06T19:50:07Z,VIP-EST,R53686635,UNITE,OK
TKT18556204053,2025-11-06T19:50:09Z,PORTE-B,R55338191,ABONNEMENT,OK
TKT91400467504,2025-11-06T19:50:09Z,PORTE-C,R54601710,UNITE,OK
TKT10658954871,2025-11-06T19:50:10Z,VIP-EST,R57231959,ABONNEMENT,OK
TKT59335013681,2025-11-06T19:50:10Z,PORTE-C,R56203891,UNITE,OK
TKT31922351626,2025-11-06T19:50:11Z,VIP-EST,R52233825,ABONNEMENT,OK
TKT44184572370,2025-11-06T19:50:11Z,PORTE-C,R51235516,ABONNEMENT,OK
TKT49692690062,2025-11-06T19:50:11Z,PORTE-C,R59170466,UNITE,OK
TKT89976754512,2025-11-06T19:50:13Z,PORTE-C,R55268041,ABONNEMENT,REFUSE_DEJA_SCANNE
TKT15151276856,2025-11-06T19:50:14Z,PORTE-C,R53085694,ABONNEMENT,OK
TKT99950270128,2025-11-06T19:50:14Z,PORTE-A,R52198003,UNITE,OK
TKT27132903461,2025-11-06T19:50:15Z,VIP-EST,R53037066,ABONNEMENT,OK
TKT98627036295,2025-11-06T19:50:15Z,PORTE-C,R56467203,UNITE,OK
TKT39443797971,2025-11-06T19:50:17Z,PORTE-A,R57415169,ABONNEMENT,OK
TKT64671435044,2025-11-06T19:50:17Z,PORTE-C,R57955778,UNITE,OK
TKT80298869218,2025-11-06T19:50:17Z,VIP-EST,,UNITE,OK
TKT38624584842,2025-11-06T19:50:18Z,PORTE-A,R52065662,UNITE,OK
TKT67732795115,2025-11-06T19:50:18Z,PORTE-A,,UNITE,OK
TKT99900866882,2025-11-06T19:50:19Z,PORTE-B,R53906434,UNITE,OK
TKT56415212603,2025-11-06T19:50:20Z,PORTE-D,R53840086,ABONNEMENT,OK
TKT97816079304,2025-11-06T19:50:20Z,PORTE-A,R58218477,UNITE,OK
TKT38618270959,2025-11-06T19:50:20Z,PORTE-C,,GROUPE,OK
TKT82439829515,2025-11-06T19:50:21Z,PORTE-D,,UNITE,OK
TKT32922478383,2025-11-06T19:50:21Z,PORTE-C,R58070677,GROUPE,OK
TKT79133808046,2025-11-06T19:50:22Z,PORTE-D,R55548460,ABONNEMENT,OK
TKT98178063239,2025-11-06T19:50:22Z,VIP-EST,R58112706,UNITE,OK
TKT57112872829,2025-11-06T19:50:22Z,PORTE-C,R54563503,UNITE,OK
TKT92314307494,2025-11-06T19:50:23Z,VIP-EST,R59299474,ABONNEMENT,OK
TKT66673558311,2025-11-06T19:50:23Z,PORTE-C,R53600949,ABONNEMENT,OK
TKT16943658229,2025-11-06T19:50:24Z,PORTE-A,R57558956,UNITE,OK
TKT42218801710,2025-11-06T19:50:25Z,PORTE-D,R54695844,ABONNEMENT,OK
TKT63917110077,2025-11-06T19:50:25Z,PORTE-A,R59092893,ABONNEMENT,OK
TKT22076066851,2025-11-06T19:50:25Z,PORTE-D,R54861411,ABONNEMENT,OK
TKT88181500055,2025-11-06T19:50:26Z,PORTE-A,R54344652,UNITE,OK
TKT49044716266,2025-11-06T19:50:27Z,PORTE-D,R58986231,ABONNEMENT,OK
TKT15401307214,2025-11-06T19:50:27Z,VIP-EST,,GROUPE,OK
TKT61695386944,2025-11-06T19:50:28Z,PORTE-C,R55199050,ABONNEMENT,OK
TKT80146664933,2025-11-06T19:50:28Z,PORTE-A,R59370304,ABONNEMENT,OK
TKT39547642971,2025-11-06T19:50:28Z,PORTE-B,R54744807,ABONNEMENT,OK
TKT97189581660,2025-11-06T19:50:29Z,PORTE-C,R54445127,UNITE,OK
TKT58269503783,2025-11-06T19:50:29Z,PORTE-A,R58656293,UNITE,OK
TKT48539513423,2025-11-06T19:50:29Z,PORTE-C,R53447019,UNITE,OK
TKT71491133792,2025-11-06T19:50:29Z,PORTE-C,R54850789,UNITE,OK
TKT76646291182,2025-11-06T19:50:32Z,PORTE-B,R54683172,ABONNEMENT,OK
TKT52015721890,2025-11-06T19:50:32Z,PORTE-C,R57749465,ABONNEMENT,OK
TKT15499786295,2025-11-06T19:50:32Z,PORTE-A,,UNITE,OK
TKT86648850356,2025-11-06T19:50:36Z,PORTE-B,R59280538,ABONNEMENT,OK
TKT57421815999,2025-11-06T19:50:36Z,VIP-EST,R53596112,UNITE,OK
TKT31045145074,2025-11-06T19:50:37Z,PORTE-B,R59553859,ABONNEMENT,OK
TKT69379944556,2025-11-06T19:50:37Z,PORTE-C,R55507245,UNITE,OK
TKT70839174548,2025-11-06T19:50:37Z,PORTE-A,R53061576,UNITE,OK
TKT46138071458,2025-11-06T19:50:38Z,PORTE-B,,UNITE,OK
TKT31695686424,2025-11-06T19:50:39Z,VIP-EST,R51531327,UNITE,OK
TKT57514134672,2025-11-06T19:50:39Z,PORTE-C,R53919910,UNITE,OK
TKT13602997707,2025-11-06T19:50:39Z,PORTE-C,R52523975,UNITE,OK
TKT10508596330,2025-11-06T19:50:39Z,PORTE-C,R56587763,INVITATION,OK
TKT73409260293,2025-11-06T19:50:40Z,PORTE-D,R56763761,ABONNEMENT,OK
TKT50431940654,2025-11-06T19:50:40Z,VIP-EST,,UNITE,OK
TKT68874907935,2025-11-06T19:50:41Z,PORTE-D,R54605867,ABONNEMENT,OK
TKT93418381399,2025-11-06T19:50:41Z,PORTE-D,R53636982,ABONNEMENT,OK
TKT44876784689,2025-11-06T19:50:41Z,PORTE-A,R56615693,UNITE,OK
TKT82840804787,2025-11-06T19:50:41Z,PORTE-A,,UNITE,OK
TKT39273255568,2025-11-06T19:50:42Z,PORTE-C,R51926166,ABONNEMENT,REFUSE_DEJA_SCANNE
TKT42228697342,2025-11-06T19:50:42Z,VIP-EST,R55465494,UNITE,OK
TKT51803857433,2025-11-06T19:50:43Z,PORTE-D,R52520575,UNITE,OK
TKT70874019596,2025-11-06T19:50:44Z,PORTE-D,R54697127,ABONNEMENT,OK
TKT86840325226,2025-11-06T19:50:45Z,PORTE-B,R58435479,ABONNEMENT,OK
TKT84362069009,2025-11-06T19:50:46Z,VIP-EST,R53790510,VIP,OK
TKT68383894189,2025-11-06T19:50:47Z,PORTE-D,R55330232,ABONNEMENT,OK
TKT19679239447,2025-11-06T19:50:47Z,PORTE-D,R53829876,ABONNEMENT,OK
TKT56951754231,2025-11-06T19:50:47Z,PORTE-D,R54917261,INVITATION,OK
TKT48935157652,2025-11-06T19:50:48Z,PORTE-D,R54347248,UNITE,OK
TKT25314537382,2025-11-06T19:50:51Z,PORTE-D,R53656052,ABONNEMENT,OK
TKT90455745970,2025-11-06T19:50:52Z,PORTE-B,R59087778,ABONNEMENT,OK
TKT69267753914,2025-11-06T19:50:52Z,VIP-EST,R53688541,UNITE,OK
TKT79976216840,2025-11-06T19:50:54Z,VIP-EST,R55194548,ABONNEMENT,OK
TKT68839899706,2025-11-06T19:50:55Z,PORTE-C,R53227163,UNITE,OK
TKT36561362934,2025-11-06T19:50:55Z,VIP-EST,,UNITE,OK
TKT72814327869,2025-11-06T19:51:00Z,PORTE-D,R53784246,ABONNEMENT,OK
TKT50300494108,2025-11-06T19:51:00Z,PORTE-D,R52017235,ABONNEMENT,OK
TKT52346866458,2025-11-06T19:51:02Z,PORTE-C,R55555059,GROUPE,REFUSE_DEJA_SCANNE
TKT59493272133,2025-11-06T19:51:03Z,PORTE-C,R57384663,UNITE,OK
TKT25657870438,2025-11-06T19:51:05Z,PORTE-C,R57429891,UNITE,OK
TKT35316727493,2025-11-06T19:51:05Z,VIP-EST,R58136335,UNITE,OK
TKT87097851442,2025-11-06T19:51:07Z,PORTE-C,R55005466,INVITATION,OK
TKT30575427628,2025-11-06T19:51:09Z,PORTE-C,R58586478,ABONNEMENT,OK
TKT21870244262,2025-11-06T19:51:12Z,PORTE-C,R55825727,ABONNEMENT,OK
TKT36006997658,2025-11-06T19:51:13Z,PORTE-C,R57450522,UNITE,OK
TKT50835519140,2025-11-06T19:51:14Z,PORTE-C,R53145701,ABONNEMENT,OK
TKT25084477748,2025-11-06T19:51:15Z,PORTE-C,R52599585,UNITE,OK
TKT46656236414,2025-11-06T19:51:15Z,PORTE-A,R55788746,UNITE,OK
TKT90760866471,2025-11-06T19:51:16Z,PORTE-D,R52935365,ABONNEMENT,OK
TKT60096685963,2025-11-06T19:51:16Z,PORTE-A,,UNITE,OK
TKT34633582119,2025-11-06T19:51:17Z,PORTE-C,R52137728,ABONNEMENT,OK
TKT73444217971,2025-11-06T19:51:18Z,PORTE-D,R52858127,UNITE,OK
TKT61089072590,2025-11-06T19:51:20Z,VIP-EST,R56193949,ABONNEMENT,OK
TKT75624730525,2025-11-06T19:51:20Z,PORTE-A,R56278744,UNITE,OK
TKT91917426736,2025-11-06T19:51:22Z,PORTE-C,R54991300,ABONNEMENT,OK
TKT76420276157,2025-11-06T19:51:24Z,VIP-EST,R52587871,ABONNEMENT,OK
TKT47368169434,2025-11-06T19:51:25Z,PORTE-D,R54224035,ABONNEMENT,OK
TKT55860700290,2025-11-06T19:51:25Z,PORTE-A,R52343964,UNITE,OK
TKT27544709265,2025-11-06T19:51:28Z,VIP-EST,R59242455,ABONNEMENT,OK
TKT27767858754,2025-11-06T19:51:28Z,PORTE-D,R55686720,UNITE,OK
TKT13000903574,2025-11-06T19:51:29Z,VIP-EST,R52701956,ABONNEMENT,OK
TKT71704608525,2025-11-06T19:51:30Z,PORTE-A,R53890486,UNITE,OK
TKT84457555189,2025-11-06T19:51:31Z,PORTE-B,R58411984,ABONNEMENT,OK
TKT38018494320,2025-11-06T19:51:31Z,PORTE-C,R52310929,ABONNEMENT,OK
TKT19308545073,2025-11-06T19:51:33Z,PORTE-D,R51126000,ABONNEMENT,OK
TKT59243852453,2025-11-06T19:51:33Z,PORTE-A,R56897730,ABONNEMENT,OK
TKT87698910498,2025-11-06T19:51:34Z,PORTE-B,R56019780,ABONNEMENT,OK
TKT54381281063,2025-11-06T19:51:35Z,PORTE-C,R52217073,ABONNEMENT,OK
TKT63466306947,2025-11-06T19:51:36Z,PORTE-B,R51598824,UNITE,OK
TKT21879836118,2025-11-06T19:51:37Z,PORTE-B,R52377200,ABONNEMENT,OK
TKT73917933360,2025-11-06T19:51:40Z,PORTE-C,R58479270,ABONNEMENT,OK
TKT27911549182,2025-11-06T19:51:40Z,PORTE-A,R52359624,UNITE,OK
TKT99573074194,2025-11-06T19:51:41Z,PORTE-C,R56536951,ABONNEMENT,OK
TKT97940691083,2025-11-06T19:51:43Z,PMR-NORD,R51230488,INVITATION,OK
TKT40838805960,2025-11-06T19:51:43Z,PORTE-C,R54959089,UNITE,OK
TKT64852875969,2025-11-06T19:51:44Z,VIP-EST,R52784021,VIP,OK
TKT39263823008,2025-11-06T19:51:44Z,VIP-EST,R54286896,UNITE,OK
TKT18576875928,2025-11-06T19:51:45Z,PORTE-C,R53041970,UNITE,OK
TKT90589399486,2025-11-06T19:51:45Z,PORTE-C,R51580712,UNITE,OK
TKT19259407096,2025-11-06T19:51:46Z,VIP-EST,R57084561,ABONNEMENT,OK
TKT11247846097,2025-11-06T19:51:46Z,PORTE-C,,UNITE,OK
TKT67819942127,2025-11-06T19:51:46Z,PORTE-C,,INVITATION,OK
TKT10741895224,2025-11-06T19:51:47Z,PORTE-A,,UNITE,OK
TKT25844288277,2025-11-06T19:51:48Z,PORTE-D,,GROUPE,OK
TKT18107094667,2025-11-06T19:51:49Z,PORTE-A,R56684473,UNITE,OK
TKT49908178428,2025-11-06T19:51:50Z,PORTE-C,R55634682,ABONNEMENT,OK
TKT51965974985,2025-11-06T19:51:50Z,VIP-EST,R53968893,UNITE,OK
TKT74718266098,2025-11-06T19:51:51Z,PORTE-A,,UNITE,OK
TKT60863981209,2025-11-06T19:51:52Z,PORTE-D,R57334876,UNITE,OK
TKT23332857529,2025-11-06T19:51:52Z,PORTE-A,R54537077,UNITE,OK
TKT97316493283,2025-11-06T19:51:53Z,PORTE-A,,UNITE,OK
TKT61715458318,2025-11-06T19:51:56Z,PORTE-C,R58598882,ABONNEMENT,OK
TKT27612436847,2025-11-06T19:51:56Z,PORTE-C,R53971134,ABONNEMENT,OK
TKT39115128557,2025-11-06T19:51:56Z,PORTE-C,R53881904,UNITE,OK
TKT79557681961,2025-11-06T19:51:56Z,PORTE-C,R59868405,UNITE,OK
TKT29693537458,2025-11-06T19:51:56Z,PORTE-C,,UNITE,OK
TKT23708434912,2025-11-06T19:51:57Z,VIP-EST,R51133835,ABONNEMENT,OK
TKT23739939553,2025-11-06T19:51:58Z,PORTE-B,R58341345,ABONNEMENT,OK
TKT93496482265,2025-11-06T19:52:01Z,PORTE-D,R55460255,ABONNEMENT,OK
TKT64280807597,2025-11-06T19:52:01Z,PORTE-C,R53513903,ABONNEMENT,OK
TKT30786833647,2025-11-06T19:52:02Z,PORTE-C,,UNITE,OK
TKT30127211207,2025-11-06T19:52:05Z,PORTE-C,,UNITE,OK
TKT68884709403,2025-11-06T19:52:06Z,VIP-EST,R59392161,VIP,OK
TKT21897873726,2025-11-06T19:52:07Z,VIP-EST,R55324638,ABONNEMENT,OK
TKT55170571150,2025-11-06T19:52:08Z,PORTE-A,R56882951,ABONNEMENT,OK
TKT77023353454,2025-11-06T19:52:09Z,PORTE-D,R56698515,ABONNEMENT,OK
TKT85148939967,2025-11-06T19:52:10Z,PORTE-D,R54853308,UNITE,OK
TKT54612837667,2025-11-06T19:52:10Z,PORTE-C,R59144998,UNITE,OK
TKT99352760491,2025-11-06T19:52:10Z,PORTE-C,R52354251,UNITE,OK
TKT28760093716,2025-11-06T19:52:12Z,PORTE-A,R53795347,ABONNEMENT,OK
TKT77561798841,2025-11-06T19:52:12Z,PORTE-C,R58361105,ABONNEMENT,OK
TKT16476542741,2025-11-06T19:52:12Z,PORTE-D,R58749747,ABONNEMENT,OK
TKT58808792513,2025-11-06T19:52:12Z,PORTE-C,R58084163,ABONNEMENT,OK
TKT98051171123,2025-11-06T19:52:12Z,PORTE-B,R51203640,ABONNEMENT,OK
TKT86088345103,2025-11-06T19:52:14Z,PORTE-C,,GROUPE,OK
TKT19482697598,2025-11-06T19:52:14Z,PORTE-D,,GROUPE,OK
TKT78338799190,2025-11-06T19:52:15Z,PORTE-A,,UNITE,OK
TKT18328353042,2025-11-06T19:52:16Z,PORTE-C,R51605222,ABONNEMENT,OK
TKT12475682801,2025-11-06T19:52:16Z,PORTE-B,R59745182,UNITE,OK
TKT94443593994,2025-11-06T19:52:16Z,PORTE-C,,GROUPE,OK
TKT33242242774,2025-11-06T19:52:18Z,PORTE-C,R51760733,UNITE,OK
TKT85767219821,2025-11-06T19:52:20Z,PORTE-D,R53228925,ABONNEMENT,OK
TKT13376478958,2025-11-06T19:52:20Z,PORTE-C,,UNITE,OK
TKT82642156526,2025-11-06T19:52:20Z,PORTE-D,R53296968,UNITE,OK
TKT99421558761,2025-11-06T19:52:21Z,VIP-EST,R59590706,ABONNEMENT,OK
TKT22481026108,2025-11-06T19:52:22Z,PORTE-C,,UNITE,OK
TKT61599473520,2025-11-06T19:52:23Z,PORTE-D,R57760566,ABONNEMENT,OK
TKT74678543971,2025-11-06T19:52:24Z,PORTE-C,R56804487,UNITE,OK
TKT37235711715,2025-11-06T19:52:24Z,PORTE-C,,UNITE,OK
TKT48313426874,2025-11-06T19:52:25Z,PORTE-C,R59578523,ABONNEMENT,OK
TKT76944197447,2025-11-06T19:52:25Z,PORTE-A,R54564729,UNITE,OK
TKT17938582708,2025-11-06T19:52:27Z,VIP-EST,,UNITE,OK
TKT99007613721,2025-11-06T19:52:28Z,PORTE-B,R59720394,ABONNEMENT,OK
TKT10723498953,2025-11-06T19:52:29Z,PORTE-A,,GROUPE,OK
TKT62079690586,2025-11-06T19:52:29Z,PORTE-B,R59311054,UNITE,OK
TKT12634960649,2025-11-06T19:52:30Z,PORTE-B,R54246850,UNITE,OK
TKT54542142563,2025-11-06T19:52:31Z,PORTE-C,R55628954,GROUPE,OK
TKT42877678143,2025-11-06T19:52:32Z,PORTE-A,R57086611,UNITE,OK
TKT80358789908,2025-11-06T19:52:32Z,PORTE-D,R55569637,UNITE,OK
TKT60247922509,2025-11-06T19:52:36Z,PORTE-C,R52362086,ABONNEMENT,OK
TKT41583736019,2025-11-06T19:52:38Z,PORTE-C,R59874535,UNITE,OK
TKT34218291942,2025-11-06T19:52:39Z,VIP-EST,R52493881,ABONNEMENT,OK
TKT57096199072,2025-11-06T19:52:39Z,VIP-EST,R55782616,UNITE,OK
TKT90132230844,2025-11-06T19:52:40Z,VIP-EST,R55235887,ABONNEMENT,OK
TKT69923027395,2025-11-06T19:52:41Z,VIP-EST,R51854445,VIP,OK
TKT75583239005,2025-11-06T19:52:42Z,VIP-EST,R53030658,ABONNEMENT,OK
TKT43226584670,2025-11-06T19:52:43Z,PORTE-D,R53337225,ABONNEMENT,OK
TKT78263140026,2025-11-06T19:52:44Z,PORTE-B,R55166216,ABONNEMENT,OK
TKT22538521491,2025-11-06T19:52:45Z,PORTE-C,R58609025,ABONNEMENT,OK
TKT35692015206,2025-11-06T19:52:45Z,VIP-EST,R58779027,VIP,OK
TKT26149671026,2025-11-06T19:52:47Z,PORTE-C,,GROUPE,OK
TKT74109187032,2025-11-06T19:52:49Z,PORTE-A,R53108787,UNITE,OK
TKT43570835011,2025-11-06T19:52:50Z,PORTE-C,R57905033,ABONNEMENT,OK
TKT35423672394,2025-11-06T19:52:50Z,VIP-EST,R54858078,UNITE,OK
TKT97122632039,2025-11-06T19:52:58Z,VIP-EST,R57108200,ABONNEMENT,OK
TKT46355008337,2025-11-06T19:52:58Z,PORTE-C,R53205698,ABONNEMENT,OK
TKT73647782928,2025-11-06T19:52:58Z,PORTE-C,,UNITE,OK
TKT83781159035,2025-11-06T19:53:00Z,VIP-EST,R53318634,UNITE,OK
TKT12931555792,2025-11-06T19:53:00Z,PORTE-C,R53666540,UNITE,OK
TKT46940795841,2025-11-06T19:53:03Z,PORTE-D,R58330254,ABONNEMENT,OK
TKT10907614393,2025-11-06T19:53:03Z,PORTE-A,R59334951,UNITE,OK
TKT32515594063,2025-11-06T19:53:06Z,PORTE-C,R58215010,ABONNEMENT,REFUSE_DEJA_SCANNE
TKT96997267383,2025-11-06T19:53:07Z,VIP-EST,R57859604,VIP,OK
TKT33687475095,2025-11-06T19:53:08Z,PORTE-C,,UNITE,OK
TKT40897528302,2025-11-06T19:53:10Z,VIP-EST,R59238164,VIP,OK
TKT71818228653,2025-11-06T19:53:10Z,PORTE-A,,GROUPE,OK
TKT86807843866,2025-11-06T19:53:11Z,VIP-EST,R55505339,UNITE,OK
TKT51313877575,2025-11-06T19:53:12Z,PORTE-D,R51971806,ABONNEMENT,OK
TKT58460928056,2025-11-06T19:53:12Z,PORTE-C,,UNITE,OK
TKT56650662750,2025-11-06T19:53:13Z,PORTE-C,R51317534,ABONNEMENT,OK
TKT92134046018,2025-11-06T19:53:13Z,PORTE-A,R58591449,ABONNEMENT,OK
TKT52363391593,2025-11-06T19:53:14Z,PORTE-D,R55617930,ABONNEMENT,OK
TKT37654338503,2025-11-06T19:53:14Z,PORTE-A,R54144412,UNITE,OK
TKT76900019699,2025-11-06T19:53:14Z,VIP-EST,,UNITE,OK
TKT59173632909,2025-11-06T19:53:15Z,PORTE-D,R56053562,ABONNEMENT,OK
TKT25344161707,2025-11-06T19:53:15Z,PORTE-D,R57629585,ABONNEMENT,OK
TKT86827394881,2025-11-06T19:53:15Z,VIP-EST,R54158645,UNITE,OK
TKT31867287317,2025-11-06T19:53:15Z,PORTE-D,R57198713,UNITE,OK
TKT69195196917,2025-11-06T19:53:16Z,PORTE-C,R54208097,ABONNEMENT,OK
TKT14523891942,2025-11-06T19:53:16Z,PORTE-A,R57079044,ABONNEMENT,OK
TKT91975253775,2025-11-06T19:53:16Z,VIP-EST,,GROUPE,OK
TKT56002387300,2025-11-06T19:53:18Z,PORTE-D,R57226164,ABONNEMENT,OK
TKT29241809730,2025-11-06T19:53:18Z,PORTE-A,R56064127,UNITE,OK
TKT34907696202,2025-11-06T19:53:19Z,PORTE-C,R54194065,ABONNEMENT,OK
TKT71295966760,2025-11-06T19:53:19Z,PORTE-C,R55747062,UNITE,OK
TKT61796010935,2025-11-06T19:53:19Z,PORTE-B,R51094124,UNITE,OK
TKT44537710798,2025-11-06T19:53:21Z,VIP-EST,R55471959,UNITE,OK
TKT59235483883,2025-11-06T19:53:21Z,PORTE-A,R59876240,UNITE,OK
TKT88777604838,2025-11-06T19:53:24Z,PORTE-D,R53504306,ABONNEMENT,OK
TKT61742376689,2025-11-06T19:53:24Z,PORTE-D,R58929691,ABONNEMENT,OK
TKT67227731930,2025-11-06T19:53:24Z,PORTE-C,R58004808,INVITATION,OK
TKT93024168612,2025-11-06T19:53:25Z,PORTE-C,R57448338,ABONNEMENT,OK
TKT96781545950,2025-11-06T19:53:27Z,PORTE-C,R59551072,ABONNEMENT,OK
TKT37879646664,2025-11-06T19:53:27Z,PORTE-C,,UNITE,OK
TKT56166306771,2025-11-06T19:53:27Z,PORTE-C,R55609137,UNITE,OK
TKT20150162721,2025-11-06T19:53:28Z,PORTE-C,R58907278,ABONNEMENT,OK
TKT45668574021,2025-11-06T19:53:29Z,PORTE-C,R56579717,ABONNEMENT,OK
TKT46168943149,2025-11-06T19:53:30Z,PORTE-C,R56811920,ABONNEMENT,OK
TKT78265119391,2025-11-06T19:53:31Z,PORTE-C,,UNITE,OK
TKT12794854449,2025-11-06T19:53:31Z,PORTE-C,R52914466,UNITE,OK
TKT19284032899,2025-11-06T19:53:32Z,PORTE-D,R53290091,ABONNEMENT,OK
TKT59077657192,2025-11-06T19:53:32Z,PORTE-A,R56149870,ABONNEMENT,OK
TKT77500917579,2025-11-06T19:53:33Z,PORTE-C,R56276895,UNITE,OK
TKT17986637476,2025-11-06T19:53:33Z,PORTE-A,R59010808,UNITE,OK
TKT95738928754,2025-11-06T19:53:34Z,PORTE-A,R57140756,ABONNEMENT,OK
TKT82862515126,2025-11-06T19:53:35Z,PORTE-B,,UNITE,OK
TKT12361891463,2025-11-06T19:53:36Z,PORTE-C,R54215108,ABONNEMENT,OK
TKT43568931219,2025-11-06T19:53:37Z,PORTE-C,R57974158,ABONNEMENT,OK
TKT78581296774,2025-11-06T19:53:38Z,PORTE-A,R52195484,ABONNEMENT,OK
TKT72008678793,2025-11-06T19:53:38Z,PORTE-A,R54037137,ABONNEMENT,OK
TKT36733646204,2025-11-06T19:53:39Z,PORTE-A,R58722631,UNITE,OK
TKT94762355110,2025-11-06T19:53:40Z,PORTE-B,R53255696,ABONNEMENT,OK
TKT63537054916,2025-11-06T19:53:41Z,PORTE-B,R56023669,UNITE,OK
TKT20016164422,2025-11-06T19:53:43Z,PORTE-B,,UNITE,OK
TKT61851850418,2025-11-06T19:53:44Z,VIP-EST,R53120290,ABONNEMENT,OK
TKT91100674797,2025-11-06T19:53:44Z,PORTE-A,,INVITATION,OK
TKT51543373148,2025-11-06T19:53:44Z,VIP-EST,,VIP,OK
TKT13332760805,2025-11-06T19:53:46Z,VIP-EST,R57123324,ABONNEMENT,OK
TKT83782633150,2025-11-06T19:53:46Z,PORTE-C,R55221932,ABONNEMENT,OK
TKT99192467874,2025-11-06T19:53:46Z,PORTE-D,R58335158,UNITE,OK
TKT53310485160,2025-11-06T19:53:47Z,PORTE-A,R56538522,ABONNEMENT,OK
TKT60879575372,2025-11-06T19:53:47Z,PORTE-D,R51978482,ABONNEMENT,OK
TKT73154597022,2025-11-06T19:53:47Z,VIP-EST,R53103404,ABONNEMENT,OK
TKT52759107267,2025-11-06T19:53:47Z,PORTE-C,,UNITE,OK
TKT17141229023,2025-11-06T19:53:47Z,VIP-EST,R58844695,UNITE,OK
TKT81593526150,2025-11-06T19:53:48Z,VIP-EST,R56998406,UNITE,OK
TKT11945959070,2025-11-06T19:53:50Z,PORTE-C,R52136837,ABONNEMENT,OK
TKT54039237041,2025-11-06T19:53:50Z,PORTE-C,R56928514,ABONNEMENT,OK
TKT90790863804,2025-11-06T19:53:51Z,PORTE-C,R57146407,ABONNEMENT,OK
TKT49894723734,2025-11-06T19:53:51Z,PORTE-A,R57164864,UNITE,OK
TKT26532046495,2025-11-06T19:53:53Z,PORTE-C,R58405375,ABONNEMENT,OK
TKT70725876267,2025-11-06T19:53:53Z,VIP-EST,R52279532,UNITE,OK
TKT81356298050,2025-11-06T19:53:55Z,PORTE-A,R54683239,UNITE,OK
TKT69039612621,2025-11-06T19:53:56Z,PORTE-D,,UNITE,OK
TKT32743159817,2025-11-06T19:54:00Z,PORTE-D,R52580994,ABONNEMENT,OK
TKT95983263380,2025-11-06T19:54:01Z,PORTE-D,R53957303,ABONNEMENT,OK
TKT35208002582,2025-11-06T19:54:01Z,PORTE-C,,UNITE,REFUSE_INVALIDE
TKT91394011307,2025-11-06T19:54:02Z,PORTE-C,R52174364,ABONNEMENT,OK
TKT43472422773,2025-11-06T19:54:02Z,VIP-EST,R56688774,UNITE,OK
TKT45043117699,2025-11-06T19:54:03Z,PORTE-D,,UNITE,OK
TKT78429606502,2025-11-06T19:54:04Z,VIP-EST,R51671704,ABONNEMENT,OK
TKT26460759620,2025-11-06T19:54:04Z,PORTE-D,,UNITE,OK
TKT99174562592,2025-11-06T19:54:05Z,PMR-NORD,R58465238,UNITE,OK
TKT45956477124,2025-11-06T19:54:07Z,VIP-EST,R53014998,ABONNEMENT,OK
TKT93051355028,2025-11-06T19:54:09Z,PORTE-C,R51929576,UNITE,OK
TKT46178894433,2025-11-06T19:54:10Z,PORTE-C,,UNITE,OK
TKT60769695825,2025-11-06T19:54:12Z,VIP-EST,R55168400,ABONNEMENT,OK
TKT77216310774,2025-11-06T19:54:12Z,PORTE-A,R51563404,UNITE,OK
TKT75398291187,2025-11-06T19:54:13Z,PORTE-C,R52848262,UNITE,OK
TKT80840240366,2025-11-06T19:54:14Z,PORTE-B,R59044523,UNITE,OK
TKT81015533566,2025-11-06T19:54:15Z,PORTE-D,R53064708,ABONNEMENT,OK
TKT55703336627,2025-11-06T19:54:15Z,PORTE-A,R54169210,UNITE,OK
TKT19983794912,2025-11-06T19:54:19Z,PORTE-C,R54775390,ABONNEMENT,OK
TKT53342930507,2025-11-06T19:54:20Z,PORTE-B,R54926054,UNITE,OK
TKT46439202669,2025-11-06T19:54:20Z,PORTE-B,,UNITE,OK
TKT16796922117,2025-11-06T19:54:20Z,PORTE-C,,UNITE,OK
TKT94846526434,2025-11-06T19:54:21Z,PORTE-D,R54437225,ABONNEMENT,OK
TKT36982365923,2025-11-06T19:54:21Z,PORTE-A,R58882155,UNITE,OK
TKT49561847308,2025-11-06T19:54:23Z,PORTE-C,R56900738,ABONNEMENT,OK
TKT92466440647,2025-11-06T19:54:23Z,PORTE-C,R55883014,UNITE,OK
TKT20361117673,2025-11-06T19:54:29Z,PORTE-D,R58958368,ABONNEMENT,OK
TKT36208505434,2025-11-06T19:54:30Z,PORTE-A,R58710448,ABONNEMENT,OK
TKT77976802693,2025-11-06T19:54:30Z,PORTE-A,R56093551,UNITE,OK
TKT59304384543,2025-11-06T19:54:31Z,PORTE-D,R51348184,ABONNEMENT,OK
TKT45405393191,2025-11-06T19:54:31Z,PORTE-C,R54454446,ABONNEMENT,OK
TKT41148014146,2025-11-06T19:54:31Z,PORTE-B,,UNITE,OK
TKT69959123395,2025-11-06T19:54:32Z,PORTE-C,R55822940,INVITATION,OK
TKT28646623177,2025-11-06T19:54:33Z,PORTE-D,R55017391,UNITE,OK
TKT27278901252,2025-11-06T19:54:35Z,PORTE-D,R52025003,INVITATION,OK
TKT66697032126,2025-11-06T19:54:36Z,VIP-EST,R55107100,UNITE,OK
TKT39741225083,2025-11-06T19:54:36Z,PORTE-D,,GROUPE,OK
TKT12411196814,2025-11-06T19:54:37Z,VIP-EST,R52030922,UNITE,OK
TKT20494069844,2025-11-06T19:54:38Z,VIP-EST,R58057124,ABONNEMENT,OK
TKT98789049152,2025-11-06T19:54:39Z,PORTE-D,R51249893,ABONNEMENT,OK
TKT16610909214,2025-11-06T19:54:39Z,PORTE-C,R58744019,ABONNEMENT,OK
TKT99390909187,2025-11-06T19:54:39Z,VIP-EST,R59589413,UNITE,OK
TKT50896805243,2025-11-06T19:54:39Z,PORTE-D,R53348527,UNITE,OK
TKT79368212558,2025-11-06T19:54:40Z,PORTE-C,R58446446,UNITE,OK
TKT21546118250,2025-11-06T19:54:41Z,PORTE-D,R51364926,ABONNEMENT,REFUSE_DEJA_SCANNE
TKT35199675221,2025-11-06T19:54:41Z,VIP-EST,R55505004,UNITE,OK
TKT44852896648,2025-11-06T19:54:41Z,PORTE-D,R57373418,UNITE,OK
TKT49591931729,2025-11-06T19:54:42Z,PORTE-C,R52468336,ABONNEMENT,OK
TKT96493874676,2025-11-06T19:54:43Z,PORTE-A,R59020693,UNITE,REFUSE_DEJA_SCANNE
TKT17428273160,2025-11-06T19:54:44Z,PORTE-C,R54116894,ABONNEMENT,OK
TKT25005290163,2025-11-06T19:54:45Z,VIP-EST,,UNITE,OK
TKT75318202909,2025-11-06T19:54:46Z,PORTE-C,R55136591,ABONNEMENT,OK
TKT51555133099,2025-11-06T19:54:47Z,PORTE-D,R54597697,ABONNEMENT,OK
TKT29436941562,2025-11-06T19:54:47Z,PORTE-C,R59478671,UNITE,OK
TKT69159189162,2025-11-06T19:54:47Z,VIP-EST,R53155097,UNITE,OK
TKT83676681945,2025-11-06T19:54:48Z,VIP-EST,R59067827,ABONNEMENT,OK
TKT12019104349,2025-11-06T19:54:48Z,VIP-EST,R57769560,UNITE,OK
TKT85110845795,2025-11-06T19:54:50Z,PORTE-D,R55100481,ABONNEMENT,OK
TKT61778338715,2025-11-06T19:54:51Z,PORTE-C,,UNITE,OK
TKT75024150186,2025-11-06T19:54:51Z,VIP-EST,R57784818,UNITE,REFUSE_DEJA_SCANNE
TKT14454714925,2025-11-06T19:54:52Z,VIP-EST,,UNITE,OK
TKT46101045254,2025-11-06T19:54:52Z,PORTE-D,R57848905,UNITE,OK
TKT58661314528,2025-11-06T19:54:53Z,PORTE-A,R56746262,ABONNEMENT,REFUSE_DEJA_SCANNE
TKT65237037080,2025-11-06T19:54:55Z,VIP-EST,R57718815,UNITE,OK
TKT59360086839,2025-11-06T19:54:55Z,PORTE-C,,UNITE,OK
TKT54199458484,2025-11-06T19:54:56Z,PORTE-C,,UNITE,OK
TKT31625235298,2025-11-06T19:54:59Z,VIP-EST,R54632025,UNITE,REFUSE_DEJA_SCANNE
TKT55002284738,2025-11-06T19:54:59Z,PORTE-B,R51923992,UNITE,OK
TKT25104931310,2025-11-06T19:55:00Z,PORTE-D,R52346349,ABONNEMENT,OK
TKT34230710019,2025-11-06T19:55:00Z,PORTE-B,R56751223,UNITE,OK
TKT62469137587,2025-11-06T19:55:01Z,PORTE-B,R58613249,ABONNEMENT,OK
TKT52268946958,2025-11-06T19:55:01Z,PORTE-C,R56819132,ABONNEMENT,OK
TKT90879103483,2025-11-06T19:55:05Z,PORTE-C,R55344666,ABONNEMENT,OK
TKT32722912863,2025-11-06T19:55:06Z,PORTE-C,R57701038,ABONNEMENT,OK
TKT75444007404,2025-11-06T19:55:06Z,PORTE-C,R56343377,UNITE,OK
TKT45956477124,2025-11-06T19:55:07Z,VIP-EST,R53014998,ABONNEMENT,REFUSE_DEJA_SCANNE
TKT46705308955,2025-11-06T19:55:07Z,PORTE-C,R55042802,UNITE,OK
TKT27763779113,2025-11-06T19:55:07Z,PORTE-A,R58978731,UNITE,OK
TKT67715329744,2025-11-06T19:55:08Z,PORTE-C,R51093367,ABONNEMENT,OK
TKT24767058087,2025-11-06T19:55:09Z,PORTE-B,,INVITATION,OK
TKT73201390284,2025-11-06T19:55:10Z,PORTE-C,R53881023,UNITE,OK
TKT68760799627,2025-11-06T19:55:11Z,PORTE-A,R51232796,ABONNEMENT,OK
TKT16675493946,2025-11-06T19:55:11Z,PORTE-A,R51097524,UNITE,REFUSE_DEJA_SCANNE
TKT12498958664,2025-11-06T19:55:11Z,VIP-EST,R59223452,UNITE,OK
TKT93420299306,2025-11-06T19:55:13Z,VIP-EST,R55504391,ABONNEMENT,OK
TKT20357805429,2025-11-06T19:55:14Z,PORTE-C,R53546938,ABONNEMENT,OK
TKT35479306673,2025-11-06T19:55:17Z,PORTE-C,R54186565,UNITE,OK
TKT95548603465,2025-11-06T19:55:18Z,PORTE-D,R59708067,ABONNEMENT,OK
TKT20274445757,2025-11-06T19:55:20Z,PORTE-B,R53213533,UNITE,REFUSE_DEJA_SCANNE
TKT14854611715,2025-11-06T19:55:20Z,PORTE-A,R57675694,UNITE,OK
TKT11721458459,2025-11-06T19:55:21Z,PORTE-C,R55332540,UNITE,OK
TKT73694863484,2025-11-06T19:55:26Z,PMR-NORD,R59570889,UNITE,OK
TKT34034000762,2025-11-06T19:55:26Z,VIP-EST,R53959085,UNITE,OK
TKT25682173422,2025-11-06T19:55:26Z,PORTE-C,R51100934,UNITE,OK
TKT11317832094,2025-11-06T19:55:28Z,PORTE-A,R54039857,UNITE,OK
TKT95157788974,2025-11-06T19:55:30Z,PORTE-A,R58164466,ABONNEMENT,OK
TKT70111333042,2025-11-06T19:55:30Z,PORTE-C,R55818237,UNITE,OK
TKT83135947924,2025-11-06T19:55:31Z,VIP-EST,R53580184,ABONNEMENT,OK
TKT64070248003,2025-11-06T19:55:31Z,PORTE-A,R52238997,ABONNEMENT,OK
TKT64861345098,2025-11-06T19:55:31Z,PORTE-A,R59866288,UNITE,OK
TKT19600754701,2025-11-06T19:55:32Z,PORTE-D,R51755896,ABONNEMENT,OK
TKT30248217442,2025-11-06T19:55:32Z,PORTE-C,R54001928,UNITE,OK
TKT32755955263,2025-11-06T19:55:33Z,PORTE-C,R57139051,ABONNEMENT,OK
TKT69578329040,2025-11-06T19:55:34Z,PORTE-D,R56222760,ABONNEMENT,OK
TKT38712385725,2025-11-06T19:55:34Z,PORTE-A,R59310029,ABONNEMENT,OK
TKT96446958782,2025-11-06T19:55:34Z,PORTE-C,R51085331,ABONNEMENT,OK
TKT67145271819,2025-11-06T19:55:34Z,VIP-EST,R52834498,UNITE,OK
TKT69549501712,2025-11-06T19:55:36Z,PORTE-C,R55395612,UNITE,OK
TKT39771357340,2025-11-06T19:55:36Z,PORTE-A,R51264260,UNITE,OK
TKT17665438464,2025-11-06T19:55:38Z,VIP-EST,R52821223,UNITE,OK
TKT79411089930,2025-11-06T19:55:39Z,VIP-EST,R55910733,ABONNEMENT,OK
TKT80155389255,2025-11-06T19:55:39Z,PORTE-C,R59570621,UNITE,OK
TKT24624535847,2025-11-06T19:55:40Z,VIP-EST,R58522525,UNITE,OK
TKT39474495767,2025-11-06T19:55:41Z,PORTE-D,,GROUPE,OK
TKT55001293075,2025-11-06T19:55:43Z,PORTE-C,R53296968,ABONNEMENT,OK
TKT22516727446,2025-11-06T19:55:47Z,PORTE-D,R52873395,ABONNEMENT,OK
TKT59002673099,2025-11-06T19:55:47Z,PORTE-A,R53174368,UNITE,OK
TKT96237834829,2025-11-06T19:55:48Z,VIP-EST,,UNITE,OK
TKT91331854739,2025-11-06T19:55:48Z,VIP-EST,,UNITE,OK
TKT66418172307,2025-11-06T19:55:50Z,VIP-EST,R56816000,ABONNEMENT,OK
TKT11117386814,2025-11-06T19:55:50Z,PORTE-C,R51765081,ABONNEMENT,OK
TKT17613058326,2025-11-06T19:55:50Z,PORTE-A,,UNITE,OK
TKT65180814747,2025-11-06T19:55:51Z,PORTE-B,R59358111,ABONNEMENT,OK
TKT24136178643,2025-11-06T19:55:51Z,VIP-EST,R58719576,UNITE,OK
TKT51818270297,2025-11-06T19:55:53Z,PORTE-D,,UNITE,OK
TKT93223517604,2025-11-06T19:55:54Z,PORTE-C,R56014062,UNITE,OK
TKT21244229982,2025-11-06T19:55:55Z,PORTE-C,R56559900,ABONNEMENT,OK
TKT84296670882,2025-11-06T19:55:55Z,VIP-EST,R58067746,UNITE,OK
TKT36437110590,2025-11-06T19:55:56Z,PORTE-B,R56283638,UNITE,OK
TKT77306989317,2025-11-06T19:55:57Z,VIP-EST,R55147960,ABONNEMENT,OK
TKT66600382582,2025-11-06T19:55:57Z,PORTE-A,R54908555,UNITE,OK
TKT39104967244,2025-11-06T19:55:58Z,PORTE-C,R59936649,UNITE,OK
TKT29533298914,2025-11-06T19:55:59Z,PORTE-C,,GROUPE,OK
TKT66492537086,2025-11-06T19:56:00Z,PORTE-B,R54209869,ABONNEMENT,OK
TKT48338409668,2025-11-06T19:56:02Z,PORTE-C,R53124246,UNITE,OK
TKT86626715017,2025-11-06T19:56:02Z,PORTE-D,,UNITE,OK
TKT59377055165,2025-11-06T19:56:02Z,PORTE-C,R53382932,UNITE,OK
TKT34100676592,2025-11-06T19:56:02Z,PORTE-D,R57433559,UNITE,OK
TKT78887704822,2025-11-06T19:56:02Z,VIP-EST,,GROUPE,OK
TKT46379907398,2025-11-06T19:56:04Z,PORTE-C,R51112916,ABONNEMENT,OK
TKT47871106403,2025-11-06T19:56:05Z,VIP-EST,R54430204,UNITE,OK
TKT76437738886,2025-11-06T19:56:06Z,PORTE-D,R55124455,UNITE,OK
TKT37724952446,2025-11-06T19:56:07Z,PORTE-B,R58906742,UNITE,OK
TKT95349947093,2025-11-06T19:56:07Z,VIP-EST,R52087864,UNITE,OK
TKT97034941852,2025-11-06T19:56:09Z,PORTE-C,R59116311,UNITE,OK
TKT84382561806,2025-11-06T19:56:10Z,PORTE-C,,GROUPE,OK
TKT97055867411,2025-11-06T19:56:12Z,PORTE-A,R57278202,UNITE,OK
TKT23942648909,2025-11-06T19:56:13Z,PORTE-C,R51302544,ABONNEMENT,OK
TKT28149536745,2025-11-06T19:56:13Z,PORTE-A,R55524553,UNITE,OK
TKT66879528260,2025-11-06T19:56:14Z,PORTE-C,R55751430,ABONNEMENT,OK
TKT83223769340,2025-11-06T19:56:15Z,VIP-EST,R52916908,ABONNEMENT,OK
TKT73533113168,2025-11-06T19:56:15Z,PORTE-C,R52238049,UNITE,OK
TKT62888000020,2025-11-06T19:56:16Z,PORTE-C,R53255294,UNITE,OK
TKT23788607139,2025-11-06T19:56:17Z,PORTE-C,R57923212,ABONNEMENT,OK
TKT21616526456,2025-11-06T19:56:17Z,PORTE-D,R51475812,ABONNEMENT,OK
TKT40667647801,2025-11-06T19:56:20Z,VIP-EST,,VIP,OK
TKT98105723230,2025-11-06T19:56:21Z,PORTE-D,R58116997,UNITE,OK
TKT80668972657,2025-11-06T19:56:22Z,VIP-EST,,GROUPE,OK
TKT19499877631,2025-11-06T19:56:23Z,PORTE-A,,INVITATION,OK
TKT99899616164,2025-11-06T19:56:24Z,PORTE-C,R56175147,ABONNEMENT,OK
TKT54982814457,2025-11-06T19:56:25Z,PORTE-A,R59669448,UNITE,OK
TKT53724737207,2025-11-06T19:56:27Z,PORTE-A,R59787556,ABONNEMENT,OK
TKT21758371769,2025-11-06T19:56:28Z,PORTE-B,R55812174,UNITE,OK
TKT21344912403,2025-11-06T19:56:28Z,PORTE-A,R57961764,UNITE,OK
TKT97987872775,2025-11-06T19:56:31Z,PORTE-A,R55749246,UNITE,OK
TKT37206870952,2025-11-06T19:56:31Z,VIP-EST,R53768844,UNITE,OK
TKT35274540744,2025-11-06T19:56:33Z,PORTE-C,R59854775,ABONNEMENT,OK
TKT74073043854,2025-11-06T19:56:34Z,PORTE-D,R52579758,ABONNEMENT,OK
TKT67572998647,2025-11-06T19:56:36Z,PORTE-D,R54775467,UNITE,OK
TKT42940195015,2025-11-06T19:56:36Z,PORTE-C,R55620928,UNITE,OK
TKT86384100578,2025-11-06T19:56:37Z,PORTE-C,R54213815,INVITATION,OK
TKT69940945556,2025-11-06T19:56:38Z,PORTE-C,R59558294,UNITE,OK
TKT39575849118,2025-11-06T19:56:40Z,PORTE-A,,UNITE,OK
TKT71728302590,2025-11-06T19:56:43Z,PORTE-C,R55960587,ABONNEMENT,OK
TKT90890014430,2025-11-06T19:56:47Z,PORTE-C,R56285688,ABONNEMENT,OK
TKT13525882828,2025-11-06T19:56:49Z,PORTE-B,R52768629,ABONNEMENT,OK
TKT51330904326,2025-11-06T19:56:49Z,PORTE-A,R58216571,UNITE,OK
TKT44536713689,2025-11-06T19:56:50Z,PORTE-D,R58618086,ABONNEMENT,OK
TKT78752200728,2025-11-06T19:56:50Z,PORTE-A,R59149758,UNITE,OK
TKT80382576732,2025-11-06T19:56:52Z,PORTE-A,R57165688,ABONNEMENT,OK
TKT25048310550,2025-11-06T19:56:52Z,PORTE-C,,UNITE,OK
TKT28971424829,2025-11-06T19:56:52Z,PORTE-C,R56136863,UNITE,OK
TKT65964724294,2025-11-06T19:56:53Z,PORTE-C,R56621334,ABONNEMENT,OK
TKT96117496366,2025-11-06T19:56:54Z,PORTE-B,R59979971,ABONNEMENT,OK
TKT65241486661,2025-11-06T19:56:54Z,PORTE-B,,UNITE,OK
TKT57700406966,2025-11-06T19:56:54Z,VIP-EST,R53436464,UNITE,OK
TKT78519083945,2025-11-06T19:56:56Z,PORTE-C,R58709691,UNITE,OK
TKT33701375158,2025-11-06T19:56:56Z,PORTE-B,R58842511,UNITE,OK
TKT34969815005,2025-11-06T19:56:57Z,PORTE-C,R54526043,ABONNEMENT,OK
TKT68820957600,2025-11-06T19:56:57Z,VIP-EST,R59357230,ABONNEMENT,OK
TKT25694364234,2025-11-06T19:56:57Z,PORTE-C,R54843644,UNITE,OK
TKT40185651804,2025-11-06T19:56:58Z,VIP-EST,R54269531,ABONNEMENT,OK
TKT95014124672,2025-11-06T19:56:58Z,PORTE-C,R55242084,ABONNEMENT,OK
TKT76467661096,2025-11-06T19:56:59Z,PORTE-C,,UNITE,OK
TKT81417552314,2025-11-06T19:57:01Z,PORTE-C,R52466430,ABONNEMENT,OK
TKT91250599196,2025-11-06T19:57:01Z,VIP-EST,R58168891,UNITE,OK
TKT47253449618,2025-11-06T19:57:02Z,PORTE-D,R59992767,UNITE,OK
TKT86601234858,2025-11-06T19:57:02Z,PORTE-C,R51653448,UNITE,REFUSE_DEJA_SCANNE
TKT28919973275,2025-11-06T19:57:04Z,PORTE-C,R54843088,ABONNEMENT,OK
TKT72907303709,2025-11-06T19:57:04Z,PORTE-A,R57623666,VIP,OK
TKT19902676809,2025-11-06T19:57:05Z,PORTE-C,R52130563,ABONNEMENT,OK
TKT92408433265,2025-11-06T19:57:05Z,PORTE-D,R55167365,ABONNEMENT,OK
TKT55391137374,2025-11-06T19:57:07Z,PORTE-C,R53494019,ABONNEMENT,OK
TKT43139556988,2025-11-06T19:57:07Z,PORTE-C,R56247136,UNITE,OK
TKT10085568750,2025-11-06T19:57:09Z,PORTE-C,R53694671,UNITE,OK
TKT86297311239,2025-11-06T19:57:10Z,VIP-EST,R57165678,UNITE,OK
TKT72364538665,2025-11-06T19:57:11Z,VIP-EST,,GROUPE,OK
TKT27407642535,2025-11-06T19:57:12Z,VIP-EST,,VIP,OK
TKT14352981036,2025-11-06T19:57:14Z,PORTE-C,,GROUPE,OK
TKT95444124583,2025-11-06T19:57:16Z,VIP-EST,R57678146,ABONNEMENT,REFUSE_DEJA_SCANNE
TKT24495219217,2025-11-06T19:57:16Z,VIP-EST,R52282865,VIP,OK
TKT78049532542,2025-11-06T19:57:17Z,PORTE-B,R52121512,INVITATION,OK
TKT36475784161,2025-11-06T19:57:18Z,PORTE-D,R59379221,ABONNEMENT,OK
TKT68597523544,2025-11-06T19:57:19Z,PORTE-B,R56829218,UNITE,REFUSE_INVALIDE
TKT30337271152,2025-11-06T19:57:20Z,PORTE-C,R56826153,UNITE,OK
TKT46418679301,2025-11-06T19:57:21Z,PORTE-B,R54891994,UNITE,OK
TKT67922397738,2025-11-06T19:57:23Z,PORTE-B,R51853832,ABONNEMENT,OK
TKT19190634456,2025-11-06T19:57:24Z,PORTE-B,R59311178,UNITE,OK
TKT48313426874,2025-11-06T19:57:25Z,PORTE-C,R59578523,ABONNEMENT,REFUSE_DEJA_SCANNE
TKT91220506932,2025-11-06T19:57:25Z,PORTE-A,R56382753,UNITE,OK
TKT19562763370,2025-11-06T19:57:26Z,PORTE-C,R56399505,UNITE,OK
TKT30340385249,2025-11-06T19:57:30Z,PORTE-B,R59440119,ABONNEMENT,OK
TKT72637383583,2025-11-06T19:57:30Z,PORTE-C,,UNITE,OK
TKT37255613240,2025-11-06T19:57:33Z,PORTE-C,R55874777,ABONNEMENT,OK
TKT92557850852,2025-11-06T19:57:33Z,PORTE-A,R59007073,UNITE,OK
TKT29791181460,2025-11-06T19:57:34Z,PORTE-C,R52961724,UNITE,OK
TKT57817031383,2025-11-06T19:57:35Z,PORTE-A,R59795046,ABONNEMENT,OK
TKT34974793211,2025-11-06T19:57:35Z,PORTE-C,R53938913,UNITE,OK
TKT49121328861,2025-11-06T19:57:35Z,PORTE-C,R54041428,UNITE,OK
TKT87968074988,2025-11-06T19:57:37Z,VIP-EST,R51854110,ABONNEMENT,OK
TKT63437959785,2025-11-06T19:57:37Z,PORTE-D,R55105385,ABONNEMENT,OK
TKT66461812410,2025-11-06T19:57:37Z,PORTE-A,R55683588,UNITE,OK
TKT93104441726,2025-11-06T19:57:39Z,PORTE-D,,UNITE,OK
TKT68665147095,2025-11-06T19:57:42Z,PORTE-D,R51426370,ABONNEMENT,OK
TKT66294870124,2025-11-06T19:57:42Z,PORTE-D,R53944641,ABONNEMENT,OK
TKT38791325718,2025-11-06T19:57:43Z,PORTE-A,R51493599,ABONNEMENT,OK
TKT23250828421,2025-11-06T19:57:43Z,PORTE-B,R54361816,ABONNEMENT,OK
TKT57795819172,2025-11-06T19:57:43Z,PORTE-A,R55558881,UNITE,OK
TKT99375828483,2025-11-06T19:57:45Z,PORTE-A,R53832395,UNITE,OK
TKT87546931553,2025-11-06T19:57:47Z,VIP-EST,,GROUPE,OK
TKT44690936084,2025-11-06T19:57:49Z,PORTE-D,R57002630,UNITE,OK
TKT33217055161,2025-11-06T19:57:50Z,PORTE-A,R58152062,UNITE,OK
TKT60026694319,2025-11-06T19:57:52Z,PORTE-B,R57261929,ABONNEMENT,OK
TKT34312038418,2025-11-06T19:57:53Z,PMR-NORD,R55385737,ABONNEMENT,OK
TKT78993432702,2025-11-06T19:57:54Z,PORTE-C,,UNITE,REFUSE_INVALIDE
TKT90921568563,2025-11-06T19:57:56Z,PORTE-C,R57954006,UNITE,OK
TKT53558499657,2025-11-06T19:57:57Z,VIP-EST,,UNITE,OK
TKT77848088033,2025-11-06T19:57:57Z,VIP-EST,,GROUPE,REFUSE_INVALIDE
TKT58603353712,2025-11-06T19:57:58Z,VIP-EST,,GROUPE,OK
TKT37842880883,2025-11-06T19:57:59Z,PORTE-D,R54049129,ABONNEMENT,OK
TKT83117945281,2025-11-06T19:57:59Z,PORTE-A,R58215144,ABONNEMENT,OK
TKT45264643934,2025-11-06T19:57:59Z,PORTE-C,R59753640,UNITE,OK
TKT34144678652,2025-11-06T19:58:00Z,PORTE-C,R57027830,ABONNEMENT,OK
TKT43108550137,2025-11-06T19:58:00Z,PORTE-D,,UNITE,REFUSE_DEJA_SCANNE
TKT28975187336,2025-11-06T19:58:01Z,PORTE-D,R54411335,ABONNEMENT,OK
TKT77869882490,2025-11-06T19:58:04Z,PORTE-D,R51188382,UNITE,OK
TKT67809120189,2025-11-06T19:58:05Z,PORTE-B,R51672997,GROUPE,OK
TKT87007936942,2025-11-06T19:58:07Z,VIP-EST,R55473530,UNITE,OK
TKT10514937456,2025-11-06T19:58:08Z,VIP-EST,R53423802,ABONNEMENT,OK
TKT73518029160,2025-11-06T19:58:09Z,PORTE-C,R54836288,ABONNEMENT,OK
TKT50365240476,2025-11-06T19:58:09Z,PORTE-C,R52296485,ABONNEMENT,OK
TKT62112554550,2025-11-06T19:58:12Z,VIP-EST,R51465257,ABONNEMENT,OK
TKT81030737779,2025-11-06T19:58:12Z,PORTE-C,R58565569,UNITE,OK
TKT11106683785,2025-11-06T19:58:12Z,PORTE-A,,UNITE,OK
TKT75755005829,2025-11-06T19:58:13Z,PORTE-B,R55879336,UNITE,OK
TKT92169569806,2025-11-06T19:58:14Z,PORTE-B,,UNITE,OK
TKT48097973317,2025-11-06T19:58:14Z,PORTE-C,,UNITE,OK
TKT80033408959,2025-11-06T19:58:15Z,PORTE-C,R58276990,ABONNEMENT,OK
TKT63752656854,2025-11-06T19:58:15Z,PORTE-B,R53201953,ABONNEMENT,OK
TKT15926903140,2025-11-06T19:58:15Z,PORTE-C,,INVITATION,OK
TKT10564964412,2025-11-06T19:58:16Z,PORTE-C,,GROUPE,OK
TKT19769815900,2025-11-06T19:58:17Z,VIP-EST,R55560710,ABONNEMENT,OK
TKT35794983968,2025-11-06T19:58:21Z,PORTE-D,R51744182,ABONNEMENT,OK
TKT19097532642,2025-11-06T19:58:21Z,PORTE-C,,UNITE,OK
TKT92905496822,2025-11-06T19:58:21Z,PORTE-A,,GROUPE,OK
TKT43877615039,2025-11-06T19:58:25Z,PORTE-D,R58756969,UNITE,OK
TKT84251020941,2025-11-06T19:58:28Z,PORTE-C,R55520386,ABONNEMENT,OK
TKT14123042404,2025-11-06T19:58:28Z,PORTE-C,R58426619,ABONNEMENT,OK
TKT63007660274,2025-11-06T19:58:31Z,PORTE-D,,GROUPE,OK
TKT91108755931,2025-11-06T19:58:32Z,PORTE-B,,UNITE,OK
TKT93086786783,2025-11-06T19:58:33Z,PORTE-B,,UNITE,OK
TKT72182843580,2025-11-06T19:58:34Z,PORTE-C,R51176745,ABONNEMENT,OK
TKT52606700216,2025-11-06T19:58:34Z,PORTE-D,,UNITE,OK
TKT75116087665,2025-11-06T19:58:34Z,PORTE-A,R54693392,UNITE,OK
TKT78386760792,2025-11-06T19:58:35Z,VIP-EST,,VIP,OK
TKT76067569463,2025-11-06T19:58:35Z,PORTE-A,R54256045,UNITE,OK
TKT92114333033,2025-11-06T19:58:36Z,PORTE-A,,UNITE,OK
TKT57532777177,2025-11-06T19:58:37Z,PORTE-C,,UNITE,OK
TKT14494869617,2025-11-06T19:58:41Z,VIP-EST,R53460773,UNITE,OK
TKT74504037265,2025-11-06T19:58:43Z,PORTE-C,R53134523,ABONNEMENT,OK
TKT55001293075,2025-11-06T19:58:43Z,PORTE-C,R53296968,ABONNEMENT,REFUSE_DEJA_SCANNE
TKT31074885920,2025-11-06T19:58:43Z,VIP-EST,,UNITE,OK
TKT65095381211,2025-11-06T19:58:43Z,PORTE-A,R57569243,UNITE,OK
TKT39820888143,2025-11-06T19:58:45Z,PORTE-C,R51589907,ABONNEMENT,OK
TKT11295451351,2025-11-06T19:58:46Z,PORTE-A,,UNITE,OK
TKT10404862372,2025-11-06T19:58:47Z,PORTE-C,R52551081,ABONNEMENT,OK
TKT70286321383,2025-11-06T19:58:47Z,PORTE-D,R54698085,UNITE,OK
TKT78771403047,2025-11-06T19:58:48Z,PORTE-C,,GROUPE,OK
TKT45044733955,2025-11-06T19:58:52Z,PORTE-C,R58484854,ABONNEMENT,OK
TKT83551823170,2025-11-06T19:58:54Z,PORTE-D,,GROUPE,OK
TKT22471268847,2025-11-06T19:58:56Z,PORTE-A,R58037230,ABONNEMENT,OK
TKT49672665758,2025-11-06T19:58:56Z,PORTE-A,R59148676,UNITE,OK
TKT48418960893,2025-11-06T19:58:57Z,PORTE-C,R57000791,ABONNEMENT,OK
TKT33200310342,2025-11-06T19:58:57Z,PORTE-D,R53424606,ABONNEMENT,OK
TKT67064680247,2025-11-06T19:58:59Z,PORTE-C,R51634723,UNITE,OK
TKT48093152576,2025-11-06T19:59:01Z,PORTE-D,R57718470,ABONNEMENT,OK
TKT58401709371,2025-11-06T19:59:01Z,PORTE-A,R52315354,UNITE,OK
TKT59599407061,2025-11-06T19:59:02Z,PORTE-A,R52741255,ABONNEMENT,OK
TKT83939205068,2025-11-06T19:59:02Z,PORTE-C,R58762074,UNITE,OK
TKT78399643541,2025-11-06T19:59:02Z,PORTE-A,R55402968,INVITATION,OK
TKT27241289891,2025-11-06T19:59:06Z,VIP-EST,R56782553,ABONNEMENT,OK
TKT33571048733,2025-11-06T19:59:08Z,PORTE-C,R51116259,UNITE,OK
TKT72890935566,2025-11-06T19:59:13Z,PORTE-D,R56786509,ABONNEMENT,OK
TKT18735665318,2025-11-06T19:59:14Z,VIP-EST,R51959747,ABONNEMENT,OK
TKT66586206061,2025-11-06T19:59:15Z,PORTE-D,R51337207,UNITE,OK
TKT71822213050,2025-11-06T19:59:16Z,PORTE-A,R55288538,UNITE,OK
TKT76428996012,2025-11-06T19:59:17Z,VIP-EST,R56304969,ABONNEMENT,OK
TKT42225438006,2025-11-06T19:59:17Z,PORTE-C,R58191304,ABONNEMENT,OK
TKT57790079530,2025-11-06T19:59:17Z,PORTE-A,R51321068,ABONNEMENT,OK
TKT42305094127,2025-11-06T19:59:17Z,PORTE-B,R53616274,UNITE,REFUSE_INVALIDE
TKT60516403040,2025-11-06T19:59:18Z,PORTE-A,R52241938,ABONNEMENT,OK
TKT60755061595,2025-11-06T19:59:19Z,PORTE-C,,UNITE,OK
TKT51464298199,2025-11-06T19:59:20Z,PORTE-A,R55600086,ABONNEMENT,OK
TKT44254386158,2025-11-06T19:59:20Z,PORTE-B,R59834077,ABONNEMENT,OK
TKT98470523395,2025-11-06T19:59:20Z,PORTE-A,R51997552,UNITE,OK
TKT62730240620,2025-11-06T19:59:21Z,VIP-EST,R51832109,UNITE,OK
TKT48030079167,2025-11-06T19:59:22Z,VIP-EST,R58457346,ABONNEMENT,OK
TKT84613903936,2025-11-06T19:59:22Z,PORTE-B,,UNITE,OK
TKT73275387663,2025-11-06T19:59:24Z,PORTE-D,R58508838,UNITE,OK
TKT93278222338,2025-11-06T19:59:24Z,PORTE-C,R52085623,UNITE,OK
TKT50733266106,2025-11-06T19:59:25Z,PORTE-A,R59091791,ABONNEMENT,OK
TKT74141444998,2025-11-06T19:59:26Z,PORTE-C,,UNITE,OK
TKT73561209664,2025-11-06T19:59:27Z,PORTE-D,R58069585,ABONNEMENT,OK
TKT38634212462,2025-11-06T19:59:28Z,PORTE-B,R59960211,ABONNEMENT,OK
TKT64765130262,2025-11-06T19:59:28Z,PORTE-C,,GROUPE,OK
TKT79383612453,2025-11-06T19:59:29Z,VIP-EST,R54175742,ABONNEMENT,OK
TKT89280841234,2025-11-06T19:59:29Z,PORTE-D,R58889099,ABONNEMENT,OK
TKT49285071616,2025-11-06T19:59:29Z,PORTE-D,R51664961,ABONNEMENT,OK
TKT32318539567,2025-11-06T19:59:30Z,PORTE-C,R55037141,UNITE,OK
TKT47160811291,2025-11-06T19:59:30Z,PORTE-C,R52881019,UNITE,OK
TKT27247924661,2025-11-06T19:59:31Z,PORTE-B,R53145011,ABONNEMENT,OK
TKT45405393191,2025-11-06T19:59:31Z,PORTE-C,R54454446,ABONNEMENT,REFUSE_DEJA_SCANNE
TKT50107324303,2025-11-06T19:59:31Z,VIP-EST,,UNITE,OK
TKT43366344816,2025-11-06T19:59:32Z,PORTE-D,R55888263,ABONNEMENT,OK
TKT68391710293,2025-11-06T19:59:38Z,PORTE-A,R57795574,UNITE,OK
TKT49528353764,2025-11-06T19:59:39Z,PORTE-D,R56998875,ABONNEMENT,OK
TKT23480793900,2025-11-06T19:59:41Z,PORTE-C,R52753314,UNITE,OK
TKT55325169776,2025-11-06T19:59:42Z,PORTE-B,R54958332,UNITE,OK
TKT57976288861,2025-11-06T19:59:44Z,PORTE-D,R56362859,ABONNEMENT,OK
TKT71060102479,2025-11-06T19:59:44Z,PORTE-D,R57779502,ABONNEMENT,OK
TKT11223411488,2025-11-06T19:59:46Z,PORTE-D,R54184391,UNITE,OK
TKT57789926671,2025-11-06T19:59:48Z,PORTE-C,R59597392,ABONNEMENT,OK
TKT88476271131,2025-11-06T19:59:48Z,PORTE-D,R57680397,ABONNEMENT,OK
TKT81008235692,2025-11-06T19:59:49Z,PORTE-A,R56813682,UNITE,OK
TKT95671609198,2025-11-06T19:59:50Z,PORTE-C,R55399635,ABONNEMENT,OK
TKT18964854322,2025-11-06T19:59:50Z,PORTE-C,R57898280,ABONNEMENT,OK
TKT58453337820,2025-11-06T19:59:51Z,PORTE-B,R59719312,ABONNEMENT,OK
TKT27735529785,2025-11-06T19:59:51Z,PORTE-B,R57455225,GROUPE,OK
TKT74948106389,2025-11-06T19:59:52Z,VIP-EST,R57660302,ABONNEMENT,OK
TKT71118984998,2025-11-06T19:59:52Z,PORTE-A,R58021359,UNITE,OK
TKT98650095797,2025-11-06T19:59:52Z,VIP-EST,,VIP,OK
TKT99531009261,2025-11-06T19:59:54Z,PORTE-A,R56859389,UNITE,OK
TKT40303567582,2025-11-06T19:59:54Z,PORTE-B,R58226791,UNITE,OK
TKT77085541330,2025-11-06T19:59:55Z,PORTE-C,R52087998,UNITE,OK
TKT26296543162,2025-11-06T19:59:58Z,PORTE-C,R59395983,UNITE,OK
TKT85117279530,2025-11-06T19:59:59Z,PORTE-B,R51806152,ABONNEMENT,OK
TKT71919319954,2025-11-06T19:59:59Z,PORTE-A,R57874172,VIP,OK
TKT96975642946,2025-11-06T19:59:59Z,PORTE-C,R58215623,UNITE,OK
TKT58799226868,2025-11-06T20:00:01Z,PORTE-D,R59674630,ABONNEMENT,OK
TKT64978356669,2025-11-06T20:00:02Z,VIP-EST,,UNITE,OK
TKT32357429926,2025-11-06T20:00:02Z,PORTE-C,,UNITE,OK
TKT38375325886,2025-11-06T20:00:03Z,PORTE-C,R59806013,ABONNEMENT,OK
TKT46328127230,2025-11-06T20:00:03Z,PORTE-D,R52014505,ABONNEMENT,OK
TKT23075667834,2025-11-06T20:00:04Z,PORTE-B,R53558116,ABONNEMENT,OK
TKT76365344826,2025-11-06T20:00:04Z,PORTE-B,,UNITE,OK
TKT56839711101,2025-11-06T20:00:08Z,VIP-EST,R51610749,ABONNEMENT,OK
TKT99912446388,2025-11-06T20:00:08Z,PORTE-D,,UNITE,OK
TKT45547367926,2025-11-06T20:00:08Z,PORTE-C,R59704255,UNITE,OK
TKT52493344318,2025-11-06T20:00:08Z,PORTE-A,R58932210,UNITE,OK
TKT28632265180,2025-11-06T20:00:09Z,PORTE-C,R57753890,UNITE,OK
TKT16983320810,2025-11-06T20:00:10Z,PORTE-C,,GROUPE,OK
TKT22418133221,2025-11-06T20:00:10Z,PORTE-C,,UNITE,OK
TKT87291888680,2025-11-06T20:00:12Z,PORTE-A,R52467857,ABONNEMENT,OK
TKT30598736617,2025-11-06T20:00:13Z,PORTE-D,R53360385,INVITATION,OK
TKT19454230075,2025-11-06T20:00:16Z,PORTE-A,R51718704,ABONNEMENT,OK
TKT58165361706,2025-11-06T20:00:17Z,PORTE-C,R55609147,ABONNEMENT,OK
TKT49507386459,2025-11-06T20:00:17Z,VIP-EST,R57263212,VIP,OK
TKT94594328887,2025-11-06T20:00:19Z,PORTE-A,R56973742,ABONNEMENT,OK
TKT91878549087,2025-11-06T20:00:21Z,PMR-NORD,R56851286,ABONNEMENT,OK
TKT68873374526,2025-11-06T20:00:21Z,PORTE-C,R52840963,ABONNEMENT,OK
TKT99656618429,2025-11-06T20:00:21Z,PORTE-C,R56750744,ABONNEMENT,OK
TKT34259969271,2025-11-06T20:00:21Z,PORTE-A,R51649770,UNITE,OK
TKT19165973222,2025-11-06T20:00:22Z,PORTE-C,R56409380,ABONNEMENT,OK
TKT82507636725,2025-11-06T20:00:22Z,PORTE-C,R54051303,UNITE,OK
TKT29671962724,2025-11-06T20:00:24Z,VIP-EST,,INVITATION,OK
TKT64599667632,2025-11-06T20:00:24Z,PORTE-C,R56912787,UNITE,OK
TKT31204586262,2025-11-06T20:00:25Z,PORTE-A,R51061913,INVITATION,OK
TKT38844895792,2025-11-06T20:00:25Z,PORTE-A,R51962065,UNITE,OK
TKT32475619272,2025-11-06T20:00:27Z,VIP-EST,R52872849,INVITATION,OK
TKT44036120272,2025-11-06T20:00:29Z,PORTE-C,R57700214,ABONNEMENT,OK
TKT84003095764,2025-11-06T20:00:32Z,VIP-EST,R53631197,ABONNEMENT,OK
TKT69471974949,2025-11-06T20:00:32Z,PORTE-D,R52194191,UNITE,OK
TKT81353555818,2025-11-06T20:00:34Z,VIP-EST,R56633460,UNITE,OK
TKT43199584397,2025-11-06T20:00:35Z,PORTE-C,R55004039,ABONNEMENT,OK
TKT64378117626,2025-11-06T20:00:36Z,PORTE-C,R56727115,UNITE,OK
TKT46388598107,2025-11-06T20:00:38Z,VIP-EST,R59009515,UNITE,OK
TKT82540433031,2025-11-06T20:00:42Z,PORTE-B,R54817218,UNITE,OK
TKT32227522344,2025-11-06T20:00:45Z,PORTE-D,R53283281,ABONNEMENT,OK
TKT16362273931,2025-11-06T20:00:45Z,PORTE-C,R58828680,ABONNEMENT,OK
TKT86410701123,2025-11-06T20:00:45Z,PORTE-C,,UNITE,OK
TKT82434583931,2025-11-06T20:00:46Z,VIP-EST,R57498614,ABONNEMENT,OK
TKT22046090635,2025-11-06T20:00:46Z,PORTE-C,R51086500,UNITE,OK
TKT20556911981,2025-11-06T20:00:46Z,PORTE-A,R59220866,UNITE,OK
TKT89687028565,2025-11-06T20:00:50Z,PORTE-C,R56363673,UNITE,OK
TKT60684118597,2025-11-06T20:00:50Z,PORTE-B,R58256081,GROUPE,OK
TKT39838886557,2025-11-06T20:00:51Z,VIP-EST,R55270148,ABONNEMENT,OK
TKT27735529785,2025-11-06T20:00:51Z,PORTE-B,R57455225,GROUPE,REFUSE_DEJA_SCANNE
TKT55725403423,2025-11-06T20:00:52Z,PORTE-D,R51817119,UNITE,OK
TKT72549205754,2025-11-06T20:00:52Z,PORTE-A,R57618005,UNITE,OK
TKT71891076993,2025-11-06T20:00:54Z,PORTE-A,R58839657,ABONNEMENT,OK
TKT39498425114,2025-11-06T20:00:54Z,VIP-EST,R55951201,UNITE,OK
TKT61117840728,2025-11-06T20:00:55Z,PORTE-A,R51737573,UNITE,OK
TKT34054637512,2025-11-06T20:00:55Z,PORTE-A,R54681869,UNITE,OK
TKT98710790229,2025-11-06T20:00:55Z,PORTE-D,R55924296,UNITE,OK
TKT61169887140,2025-11-06T20:00:59Z,PORTE-B,R56200002,UNITE,OK
TKT18583377022,2025-11-06T20:01:00Z,PORTE-C,,UNITE,OK
TKT83071348134,2025-11-06T20:01:03Z,PORTE-C,R59729110,ABONNEMENT,OK
TKT60748608794,2025-11-06T20:01:04Z,PORTE-A,R59618368,ABONNEMENT,OK
TKT63721156887,2025-11-06T20:01:04Z,PORTE-B,R59411710,ABONNEMENT,OK
TKT28617291456,2025-11-06T20:01:04Z,PORTE-C,R54917673,UNITE,OK
TKT64428438397,2025-11-06T20:01:05Z,PORTE-A,R51280265,ABONNEMENT,OK
TKT74690780952,2025-11-06T20:01:05Z,VIP-EST,R57880781,UNITE,OK
TKT64313977873,2025-11-06T20:01:05Z,PORTE-D,R54935517,UNITE,OK
TKT57883720153,2025-11-06T20:01:05Z,VIP-EST,R53504440,UNITE,OK
TKT48179920878,2025-11-06T20:01:06Z,PORTE-C,R55569838,UNITE,OK
TKT15122140595,2025-11-06T20:01:07Z,PORTE-C,R59353073,UNITE,OK
TKT63846515432,2025-11-06T20:01:08Z,PORTE-C,R55128555,ABONNEMENT,OK
TKT48353829775,2025-11-06T20:01:08Z,PORTE-C,R53747734,ABONNEMENT,OK
TKT74637304268,2025-11-06T20:01:08Z,PORTE-D,R53149446,UNITE,OK
TKT92419516731,2025-11-06T20:01:08Z,PORTE-A,,GROUPE,OK
TKT39485426563,2025-11-06T20:01:11Z,PORTE-B,,UNITE,OK
TKT87452018415,2025-11-06T20:01:13Z,PORTE-D,,UNITE,OK
TKT75265080244,2025-11-06T20:01:13Z,PORTE-C,,UNITE,OK
TKT87329047965,2025-11-06T20:01:14Z,VIP-EST,,GROUPE,OK
TKT51957150805,2025-11-06T20:01:16Z,PORTE-C,R59342518,UNITE,OK
TKT19456466999,2025-11-06T20:01:17Z,PORTE-D,R58251857,ABONNEMENT,OK
TKT71287156301,2025-11-06T20:01:17Z,PORTE-D,R58357906,ABONNEMENT,OK
TKT20781395064,2025-11-06T20:01:18Z,PORTE-A,R52851662,ABONNEMENT,OK
TKT18954158655,2025-11-06T20:01:19Z,PORTE-C,R59359682,UNITE,OK
TKT44131939746,2025-11-06T20:01:21Z,PORTE-A,R57962310,ABONNEMENT,OK
TKT25369597613,2025-11-06T20:01:21Z,PORTE-A,,UNITE,OK
TKT70277484111,2025-11-06T20:01:22Z,PORTE-A,R57073393,UNITE,OK
TKT19525356931,2025-11-06T20:01:24Z,PORTE-C,R58465315,ABONNEMENT,OK
TKT74653418240,2025-11-06T20:01:24Z,PMR-NORD,R57386224,UNITE,OK
TKT54982814457,2025-11-06T20:01:25Z,PORTE-A,R59669448,UNITE,REFUSE_DEJA_SCANNE
TKT65320156364,2025-11-06T20:01:27Z,PORTE-C,R59635331,ABONNEMENT,OK
TKT90282546575,2025-11-06T20:01:27Z,PORTE-C,,UNITE,OK
TKT79507445186,2025-11-06T20:01:27Z,PORTE-C,,GROUPE,OK
TKT34901559869,2025-11-06T20:01:28Z,PORTE-D,R57722349,ABONNEMENT,OK
TKT59367198673,2025-11-06T20:01:29Z,PORTE-C,R57608341,UNITE,OK
TKT96629663206,2025-11-06T20:01:30Z,PORTE-B,R57370899,ABONNEMENT,OK
TKT52199442045,2025-11-06T20:01:32Z,PORTE-A,R51638947,UNITE,OK
TKT10925013087,2025-11-06T20:01:32Z,VIP-EST,,VIP,OK
TKT97459634882,2025-11-06T20:01:33Z,PORTE-C,R55539533,ABONNEMENT,OK
TKT83484009599,2025-11-06T20:01:33Z,PORTE-C,R59661345,ABONNEMENT,OK
TKT62762473417,2025-11-06T20:01:33Z,VIP-EST,R53847921,UNITE,OK
TKT42260103131,2025-11-06T20:01:34Z,PORTE-A,R56066033,INVITATION,OK
TKT13248195921,2025-11-06T20:01:37Z,PORTE-B,R52860646,ABONNEMENT,OK
TKT71137130537,2025-11-06T20:01:38Z,PORTE-D,R52279398,ABONNEMENT,OK
TKT99725453512,2025-11-06T20:01:38Z,PORTE-C,R52225444,ABONNEMENT,OK
TKT70587823911,2025-11-06T20:01:38Z,VIP-EST,R54638212,ABONNEMENT,OK
TKT17900604848,2025-11-06T20:01:38Z,PORTE-C,R51414723,UNITE,OK
TKT80685685834,2025-11-06T20:01:39Z,PORTE-D,R57462916,ABONNEMENT,OK
TKT66625503550,2025-11-06T20:01:39Z,PORTE-A,R59402582,UNITE,OK
TKT48914401306,2025-11-06T20:01:42Z,PORTE-D,R57337807,UNITE,OK
TKT34272382340,2025-11-06T20:01:44Z,PORTE-C,R56346643,ABONNEMENT,OK
TKT59900237450,2025-11-06T20:01:45Z,PORTE-D,R55705723,ABONNEMENT,OK
TKT80321273056,2025-11-06T20:01:45Z,PORTE-C,R51759296,UNITE,OK
TKT56939653115,2025-11-06T20:01:46Z,PORTE-B,R57460263,UNITE,OK
TKT20054812532,2025-11-06T20:01:48Z,PORTE-C,R58663860,ABONNEMENT,OK
TKT87142594846,2025-11-06T20:01:48Z,PORTE-C,R57636194,UNITE,OK
TKT97359715314,2025-11-06T20:01:48Z,PORTE-C,R52014706,UNITE,OK
TKT83012172435,2025-11-06T20:01:49Z,PORTE-A,R53906156,UNITE,OK
TKT63917706668,2025-11-06T20:01:49Z,PORTE-C,R58688993,UNITE,OK
TKT11397849844,2025-11-06T20:01:51Z,PORTE-D,R52039169,UNITE,OK
TKT38808469499,2025-11-06T20:01:52Z,PORTE-D,,UNITE,OK
TKT93631480560,2025-11-06T20:01:53Z,PORTE-C,R51160673,UNITE,REFUSE_INVALIDE
TKT72154112893,2025-11-06T20:01:56Z,VIP-EST,R55850391,INVITATION,OK
TKT84864677326,2025-11-06T20:01:58Z,PORTE-A,R58297209,UNITE,OK
TKT50672748569,2025-11-06T20:02:00Z,PORTE-C,R58031177,ABONNEMENT,OK
TKT92129757600,2025-11-06T20:02:02Z,PORTE-C,R51261942,UNITE,OK
TKT13791979276,2025-11-06T20:02:03Z,PORTE-C,R54158779,UNITE,OK
TKT35043565712,2025-11-06T20:02:04Z,PORTE-C,R52307251,UNITE,OK
TKT26725286371,2025-11-06T20:02:05Z,PORTE-D,R58035401,ABONNEMENT,OK
TKT44024650466,2025-11-06T20:02:05Z,VIP-EST,R55462218,UNITE,OK
TKT56150140027,2025-11-06T20:02:06Z,PORTE-B,,GROUPE,OK
TKT29256151885,2025-11-06T20:02:08Z,PORTE-C,R51365549,UNITE,OK
TKT25260283960,2025-11-06T20:02:09Z,PORTE-C,R57770776,ABONNEMENT,OK
TKT20960803771,2025-11-06T20:02:09Z,PORTE-C,R55838945,UNITE,OK
TKT86025757124,2025-11-06T20:02:10Z,VIP-EST,R54323686,UNITE,OK
TKT32051032780,2025-11-06T20:02:12Z,PORTE-C,R55684670,ABONNEMENT,OK
TKT23255434459,2025-11-06T20:02:13Z,VIP-EST,R56753005,VIP,OK
TKT44687510300,2025-11-06T20:02:13Z,PORTE-D,R59168081,UNITE,OK
TKT87216348658,2025-11-06T20:02:14Z,PORTE-C,R53673628,ABONNEMENT,OK
TKT30836152328,2025-11-06T20:02:14Z,PORTE-C,R57214584,UNITE,OK
TKT98370900990,2025-11-06T20:02:16Z,PORTE-C,R54856651,ABONNEMENT,OK
TKT47738456372,2025-11-06T20:02:18Z,VIP-EST,R52440751,UNITE,OK
TKT63615414323,2025-11-06T20:02:21Z,PORTE-A,R52005109,ABONNEMENT,OK
TKT32179221172,2025-11-06T20:02:21Z,PORTE-D,R59330938,UNITE,OK
TKT93443807096,2025-11-06T20:02:21Z,PORTE-C,R54538973,UNITE,OK
TKT85596972299,2025-11-06T20:02:23Z,PORTE-D,R52827420,ABONNEMENT,OK
TKT55696524304,2025-11-06T20:02:23Z,VIP-EST,,UNITE,OK
TKT48594673335,2025-11-06T20:02:24Z,VIP-EST,R55168601,UNITE,OK
TKT86234958738,2025-11-06T20:02:25Z,PORTE-C,R52207878,ABONNEMENT,OK
TKT50221839733,2025-11-06T20:02:25Z,PORTE-A,R56503025,ABONNEMENT,OK
TKT98835657797,2025-11-06T20:02:25Z,PORTE-C,R55239776,INVITATION,OK
TKT58283588834,2025-11-06T20:02:27Z,PORTE-A,R57244075,ABONNEMENT,OK
TKT44130926746,2025-11-06T20:02:27Z,PORTE-D,R53594953,ABONNEMENT,OK
TKT75210582177,2025-11-06T20:02:27Z,PORTE-D,R59086820,ABONNEMENT,OK
TKT94110504501,2025-11-06T20:02:29Z,PORTE-C,R58158882,ABONNEMENT,OK
TKT73449556296,2025-11-06T20:02:30Z,PORTE-B,R56325744,UNITE,OK
TKT99926320628,2025-11-06T20:02:31Z,PORTE-D,R55991247,ABONNEMENT,OK
TKT73258933887,2025-11-06T20:02:31Z,PORTE-B,R57127471,UNITE,OK
TKT13694492081,2025-11-06T20:02:33Z,VIP-EST,R55646530,VIP,OK
TKT85118769872,2025-11-06T20:02:33Z,PORTE-C,R56671610,UNITE,OK
TKT48103743326,2025-11-06T20:02:35Z,PORTE-D,R54898804,UNITE,OK
TKT43317685391,2025-11-06T20:02:36Z,PORTE-C,R52711285,INVITATION,OK
TKT44597041532,2025-11-06T20:02:36Z,PORTE-B,R54675548,UNITE,OK
TKT27620224324,2025-11-06T20:02:39Z,PORTE-C,R57935405,UNITE,OK
TKT72022775912,2025-11-06T20:02:40Z,PORTE-A,R56111395,ABONNEMENT,OK
TKT32207120431,2025-11-06T20:02:41Z,PORTE-B,R58098875,UNITE,OK
TKT60083945968,2025-11-06T20:02:43Z,PORTE-C,R51628593,INVITATION,OK
TKT44051320964,2025-11-06T20:02:45Z,VIP-EST,R59854162,INVITATION,OK
TKT55075659488,2025-11-06T20:02:50Z,PORTE-D,,GROUPE,OK
TKT41319323542,2025-11-06T20:02:51Z,PORTE-C,R57702398,ABONNEMENT,OK
TKT89222664762,2025-11-06T20:02:51Z,PORTE-D,R51896129,UNITE,OK
TKT64638365703,2025-11-06T20:02:53Z,PORTE-D,R51099306,UNITE,OK
TKT73836678965,2025-11-06T20:02:54Z,PORTE-A,R54842274,UNITE,OK
TKT37707008903,2025-11-06T20:02:55Z,PORTE-C,,UNITE,OK
TKT12007908279,2025-11-06T20:02:59Z,PORTE-A,R57875542,UNITE,OK
TKT74415654637,2025-11-06T20:03:02Z,PORTE-A,R57836578,ABONNEMENT,OK
TKT49271201388,2025-11-06T20:03:05Z,VIP-EST,R52616615,ABONNEMENT,OK
TKT63121906493,2025-11-06T20:03:05Z,VIP-EST,R56389285,VIP,OK
TKT45543302300,2025-11-06T20:03:06Z,PORTE-C,,UNITE,OK
TKT62154620938,2025-11-06T20:03:07Z,PORTE-B,R57700971,ABONNEMENT,OK
TKT36365628319,2025-11-06T20:03:07Z,PORTE-A,R52046860,ABONNEMENT,OK
TKT48477336215,2025-11-06T20:03:07Z,PORTE-C,R55797127,UNITE,OK
TKT13867259547,2025-11-06T20:03:09Z,PORTE-C,R53726959,ABONNEMENT,OK
TKT61023902928,2025-11-06T20:03:10Z,VIP-EST,R51941079,UNITE,OK
TKT64408759753,2025-11-06T20:03:12Z,PORTE-C,R51676943,ABONNEMENT,OK
TKT50880275127,2025-11-06T20:03:12Z,VIP-EST,,GROUPE,OK
TKT22475595058,2025-11-06T20:03:12Z,PORTE-A,R56282834,UNITE,OK
TKT68241107044,2025-11-06T20:03:13Z,PORTE-C,R55840248,UNITE,OK
TKT60405233799,2025-11-06T20:03:18Z,PORTE-B,,UNITE,OK
TKT43887543425,2025-11-06T20:03:23Z,VIP-EST,R56068418,INVITATION,OK
TKT26899473636,2025-11-06T20:03:28Z,PORTE-C,R58344353,UNITE,OK
TKT85112938456,2025-11-06T20:03:30Z,PORTE-C,R54299156,UNITE,OK
TKT32345222312,2025-11-06T20:03:33Z,PORTE-A,,UNITE,OK
TKT69532739603,2025-11-06T20:03:34Z,PORTE-D,R51646437,UNITE,OK
TKT49611486019,2025-11-06T20:03:37Z,PORTE-A,R53839751,ABONNEMENT,OK
TKT46164923958,2025-11-06T20:03:37Z,PORTE-A,R59844488,ABONNEMENT,OK
TKT27801668571,2025-11-06T20:03:39Z,PORTE-C,R57941468,UNITE,OK
TKT16157424210,2025-11-06T20:03:42Z,PORTE-B,R59190762,UNITE,OK
TKT40661313786,2025-11-06T20:03:44Z,PORTE-D,R58147915,ABONNEMENT,OK
TKT79720952891,2025-11-06T20:03:45Z,PORTE-C,R55956028,UNITE,OK
TKT78533627670,2025-11-06T20:03:46Z,PORTE-A,R57893185,ABONNEMENT,OK
TKT30254937588,2025-11-06T20:03:46Z,PORTE-B,R52296562,UNITE,OK
TKT57062238073,2025-11-06T20:03:47Z,PORTE-C,R51628660,ABONNEMENT,OK
TKT13448466863,2025-11-06T20:03:48Z,PORTE-A,,VIP,OK
TKT53900781795,2025-11-06T20:03:49Z,PORTE-C,R51844168,ABONNEMENT,OK
TKT73144353503,2025-11-06T20:03:50Z,PORTE-B,R58382014,UNITE,OK
TKT78689250464,2025-11-06T20:03:51Z,PORTE-B,R57046143,UNITE,OK
TKT62190490102,2025-11-06T20:03:53Z,PORTE-D,R56759125,UNITE,OK
TKT82813993359,2025-11-06T20:03:54Z,PORTE-C,R53839205,ABONNEMENT,OK
TKT59233040162,2025-11-06T20:03:55Z,PORTE-B,R57167383,ABONNEMENT,OK
TKT39142271866,2025-11-06T20:03:55Z,PORTE-B,,UNITE,OK
TKT99981295858,2025-11-06T20:03:55Z,PORTE-D,R51347427,UNITE,OK
TKT83849952783,2025-11-06T20:03:55Z,PORTE-C,R57851635,UNITE,OK
TKT29714109830,2025-11-06T20:03:56Z,PORTE-D,R58564420,ABONNEMENT,OK
TKT37642657612,2025-11-06T20:03:56Z,VIP-EST,R52444017,UNITE,OK
TKT74583196817,2025-11-06T20:03:57Z,PORTE-C,R58087094,UNITE,OK
TKT22233397471,2025-11-06T20:03:59Z,VIP-EST,R54263679,ABONNEMENT,OK
TKT15782529426,2025-11-06T20:03:59Z,PORTE-B,R59981187,ABONNEMENT,OK
TKT46557696816,2025-11-06T20:03:59Z,PORTE-D,R55381915,UNITE,OK
TKT73422425628,2025-11-06T20:04:01Z,PORTE-A,R54273755,ABONNEMENT,OK
TKT75418987459,2025-11-06T20:04:01Z,VIP-EST,R59577776,VIP,OK
TKT72692015506,2025-11-06T20:04:04Z,VIP-EST,R57708528,UNITE,OK
TKT33846408265,2025-11-06T20:04:04Z,PORTE-C,R55636866,UNITE,OK
TKT75461725336,2025-11-06T20:04:05Z,PORTE-A,R53586860,UNITE,OK
TKT77638024269,2025-11-06T20:04:06Z,VIP-EST,R58783529,UNITE,OK
TKT95087669837,2025-11-06T20:04:08Z,PORTE-D,R58368327,ABONNEMENT,OK
TKT24767058087,2025-11-06T20:04:09Z,PORTE-B,,INVITATION,REFUSE_DEJA_SCANNE
TKT87379725127,2025-11-06T20:04:11Z,PORTE-C,R51896819,UNITE,OK
TKT63470714938,2025-11-06T20:04:13Z,PORTE-C,,UNITE,OK
TKT92949502599,2025-11-06T20:04:14Z,PORTE-D,,GROUPE,OK
TKT28412380721,2025-11-06T20:04:16Z,VIP-EST,R56258438,INVITATION,OK
TKT47508045473,2025-11-06T20:04:17Z,PORTE-C,R56734950,UNITE,OK
TKT46325776995,2025-11-06T20:04:18Z,PORTE-D,R51664214,UNITE,OK
TKT83404252250,2025-11-06T20:04:18Z,VIP-EST,R54726417,UNITE,OK
TKT99895872634,2025-11-06T20:04:18Z,PORTE-C,R55378448,UNITE,OK
TKT95849797039,2025-11-06T20:04:20Z,PORTE-B,R51858602,UNITE,OK
TKT89578884962,2025-11-06T20:04:21Z,PORTE-C,R52396270,ABONNEMENT,OK
TKT97093306943,2025-11-06T20:04:21Z,PORTE-A,R55902898,ABONNEMENT,OK
TKT28473866755,2025-11-06T20:04:21Z,PORTE-C,R55691356,UNITE,OK
TKT58371752316,2025-11-06T20:04:22Z,PORTE-C,R55880696,ABONNEMENT,OK
TKT77361280764,2025-11-06T20:04:23Z,PORTE-C,R53658849,UNITE,OK
TKT86877052424,2025-11-06T20:04:24Z,PORTE-C,R58653707,UNITE,OK
TKT50733266106,2025-11-06T20:04:25Z,PORTE-A,R59091791,ABONNEMENT,REFUSE_DEJA_SCANNE
TKT57306400550,2025-11-06T20:04:26Z,PORTE-C,R54870472,ABONNEMENT,OK
TKT29119508440,2025-11-06T20:04:27Z,PORTE-C,R53227977,UNITE,OK
TKT79672271822,2025-11-06T20:04:28Z,PORTE-C,R55421837,ABONNEMENT,OK
TKT74269757177,2025-11-06T20:04:28Z,PORTE-B,R52431355,UNITE,OK
TKT20882701206,2025-11-06T20:04:31Z,PORTE-A,R51689213,ABONNEMENT,OK
TKT60989452571,2025-11-06T20:04:32Z,PORTE-C,R59319425,ABONNEMENT,OK
TKT48521327289,2025-11-06T20:04:32Z,PORTE-B,R54871219,GROUPE,OK
TKT49528353764,2025-11-06T20:04:39Z,PORTE-D,R56998875,ABONNEMENT,REFUSE_DEJA_SCANNE
TKT61038407935,2025-11-06T20:04:41Z,PORTE-C,,INVITATION,OK
TKT57329043697,2025-11-06T20:04:43Z,PORTE-D,,GROUPE,OK
TKT71768739613,2025-11-06T20:04:44Z,PORTE-C,R52861202,ABONNEMENT,OK
TKT17041352408,2025-11-06T20:04:45Z,VIP-EST,R53169809,UNITE,OK
TKT94606230323,2025-11-06T20:04:45Z,VIP-EST,,UNITE,OK
TKT31454623099,2025-11-06T20:04:46Z,PORTE-A,R55570997,ABONNEMENT,OK
TKT44332763573,2025-11-06T20:04:47Z,PORTE-C,R59076955,UNITE,OK
TKT52097672902,2025-11-06T20:04:48Z,PORTE-A,R55550912,UNITE,OK
TKT45976808888,2025-11-06T20:04:48Z,PORTE-C,R58731156,UNITE,OK
TKT28215339887,2025-11-06T20:04:49Z,PORTE-C,R52957778,ABONNEMENT,OK
TKT14508330902,2025-11-06T20:04:50Z,PORTE-C,R52014649,ABONNEMENT,OK
TKT70872962692,2025-11-06T20:04:50Z,PORTE-D,R54569633,ABONNEMENT,OK
TKT98046814110,2025-11-06T20:04:51Z,PORTE-B,R56368577,UNITE,OK
TKT15420503890,2025-11-06T20:04:54Z,PORTE-D,R51694318,UNITE,OK
TKT24452266414,2025-11-06T20:04:55Z,PORTE-C,R54992804,UNITE,OK
TKT75628787015,2025-11-06T20:04:55Z,PORTE-A,R56655873,INVITATION,OK
TKT71506096633,2025-11-06T20:04:56Z,PORTE-A,R55598994,UNITE,OK
TKT12579428158,2025-11-06T20:04:57Z,PORTE-C,R51602914,ABONNEMENT,OK
TKT66700316887,2025-11-06T20:04:59Z,PORTE-C,R59459323,UNITE,OK
TKT84546097867,2025-11-06T20:05:01Z,PORTE-C,R55496422,ABONNEMENT,OK
TKT34302046497,2025-11-06T20:05:02Z,VIP-EST,R58226724,ABONNEMENT,OK
TKT44607290081,2025-11-06T20:05:02Z,PORTE-C,R58002299,UNITE,OK
TKT41150572401,2025-11-06T20:05:04Z,PORTE-D,,UNITE,OK
TKT22933486782,2025-11-06T20:05:06Z,PORTE-A,R51369907,UNITE,OK
TKT63045515233,2025-11-06T20:05:08Z,VIP-EST,R59754253,UNITE,OK
TKT62803680355,2025-11-06T20:05:08Z,PORTE-C,R57156761,UNITE,OK
TKT22992854508,2025-11-06T20:05:09Z,PORTE-D,R53504986,UNITE,OK
TKT76800963350,2025-11-06T20:05:10Z,PORTE-D,R59492358,ABONNEMENT,OK
TKT62205473753,2025-11-06T20:05:11Z,VIP-EST,R54220826,UNITE,OK
TKT53709276686,2025-11-06T20:05:11Z,PORTE-A,,UNITE,OK
TKT27635916573,2025-11-06T20:05:16Z,PORTE-D,,UNITE,OK
TKT80668234283,2025-11-06T20:05:17Z,PORTE-A,R58330656,ABONNEMENT,OK
TKT38580328992,2025-11-06T20:05:18Z,PORTE-C,,UNITE,OK
TKT27803068059,2025-11-06T20:05:23Z,PORTE-A,R57844346,UNITE,OK
TKT22933495814,2025-11-06T20:05:24Z,PORTE-B,R52641537,UNITE,OK
TKT84360287614,2025-11-06T20:05:30Z,PORTE-A,R58610797,ABONNEMENT,OK
TKT76411682243,2025-11-06T20:05:32Z,PORTE-C,,UNITE,OK
TKT18192402440,2025-11-06T20:05:34Z,PORTE-A,,GROUPE,OK
TKT37489238799,2025-11-06T20:05:35Z,VIP-EST,R57449986,VIP,OK
TKT53580317295,2025-11-06T20:05:38Z,PORTE-D,R57857832,UNITE,OK
TKT98645295252,2025-11-06T20:05:38Z,PORTE-A,R54212522,UNITE,OK
TKT84524068251,2025-11-06T20:05:38Z,PORTE-B,,UNITE,OK
TKT35881390651,2025-11-06T20:05:39Z,PORTE-B,R57052551,UNITE,OK
TKT88746046873,2025-11-06T20:05:40Z,VIP-EST,R52523573,ABONNEMENT,OK
TKT24192902213,2025-11-06T20:05:41Z,PORTE-C,R52869161,UNITE,OK
TKT10022673368,2025-11-06T20:05:43Z,PORTE-D,,UNITE,OK
TKT21102606484,2025-11-06T20:05:45Z,VIP-EST,R52725719,ABONNEMENT,OK
TKT85111760976,2025-11-06T20:05:45Z,VIP-EST,,GROUPE,OK
TKT10380843270,2025-11-06T20:05:46Z,PORTE-A,R57970001,UNITE,OK
TKT48770202363,2025-11-06T20:05:47Z,PORTE-B,R56034693,ABONNEMENT,OK
TKT38194624903,2025-11-06T20:05:48Z,PORTE-B,R53991229,UNITE,OK
TKT43862054029,2025-11-06T20:05:48Z,PORTE-A,R52192898,INVITATION,OK
TKT51652227131,2025-11-06T20:05:49Z,VIP-EST,R55402700,ABONNEMENT,OK
TKT12842481890,2025-11-06T20:05:49Z,PORTE-D,R51231091,UNITE,OK
TKT19584461943,2025-11-06T20:05:49Z,PORTE-B,,GROUPE,OK
TKT62167704257,2025-11-06T20:05:51Z,PORTE-B,R56216553,UNITE,OK
TKT22452511071,2025-11-06T20:05:52Z,PORTE-D,R58191984,ABONNEMENT,OK
TKT53531087763,2025-11-06T20:05:52Z,PORTE-C,R59835504,UNITE,OK
TKT96331903253,2025-11-06T20:05:53Z,PORTE-A,R57525653,UNITE,OK
TKT49158349869,2025-11-06T20:05:54Z,PORTE-D,R56784670,ABONNEMENT,OK
TKT75250388333,2025-11-06T20:05:55Z,VIP-EST,R57349856,UNITE,OK
TKT28358566285,2025-11-06T20:05:56Z,PORTE-D,R51714001,ABONNEMENT,OK
TKT30249722067,2025-11-06T20:05:58Z,PORTE-A,R56337391,UNITE,OK
TKT87310067154,2025-11-06T20:05:58Z,PORTE-A,,UNITE,OK
TKT53647910975,2025-11-06T20:05:59Z,PORTE-B,R53780568,ABONNEMENT,OK
TKT57071181462,2025-11-06T20:06:00Z,PORTE-C,R57186319,ABONNEMENT,OK
TKT78500157571,2025-11-06T20:06:00Z,PORTE-C,R59804988,UNITE,OK
TKT93177876673,2025-11-06T20:06:01Z,PORTE-C,,UNITE,OK
TKT83777257050,2025-11-06T20:06:04Z,PORTE-A,R59292041,ABONNEMENT,OK
TKT75947970749,2025-11-06T20:06:05Z,PORTE-C,R57456853,UNITE,OK
TKT99956109193,2025-11-06T20:06:05Z,PORTE-D,R52742893,UNITE,OK
TKT64922891590,2025-11-06T20:06:06Z,VIP-EST,R53374283,ABONNEMENT,OK
TKT48655579489,2025-11-06T20:06:07Z,PORTE-D,R52995583,ABONNEMENT,OK
TKT69591645378,2025-11-06T20:06:07Z,VIP-EST,R53757877,ABONNEMENT,OK
TKT68501883954,2025-11-06T20:06:13Z,PORTE-D,R54336147,ABONNEMENT,OK
TKT88102537966,2025-11-06T20:06:13Z,PORTE-B,R51562590,UNITE,OK
TKT65677978912,2025-11-06T20:06:15Z,PORTE-C,R52007360,UNITE,OK
TKT40054754435,2025-11-06T20:06:15Z,PORTE-C,,GROUPE,OK
TKT88471763881,2025-11-06T20:06:18Z,PORTE-A,R57646136,VIP,OK
TKT94594328887,2025-11-06T20:06:19Z,PORTE-A,R56973742,ABONNEMENT,REFUSE_DEJA_SCANNE
TKT65064136414,2025-11-06T20:06:20Z,VIP-EST,R59733746,ABONNEMENT,OK
TKT96972341335,2025-11-06T20:06:23Z,PORTE-A,R53982647,UNITE,OK
TKT29684488567,2025-11-06T20:06:24Z,PORTE-D,R57232639,ABONNEMENT,OK
TKT97762019280,2025-11-06T20:06:26Z,PORTE-A,R53023235,ABONNEMENT,OK
TKT34316452912,2025-11-06T20:06:27Z,PORTE-C,,UNITE,OK
TKT97440357081,2025-11-06T20:06:31Z,PORTE-D,R58167876,ABONNEMENT,OK
TKT23842508506,2025-11-06T20:06:31Z,PORTE-C,R58120330,UNITE,OK
TKT53188869482,2025-11-06T20:06:32Z,VIP-EST,R58673122,UNITE,OK
TKT46097008032,2025-11-06T20:06:32Z,PORTE-B,R58103444,UNITE,OK
TKT62973043351,2025-11-06T20:06:33Z,VIP-EST,R52119462,UNITE,OK
TKT88540930579,2025-11-06T20:06:34Z,PORTE-C,R57796331,ABONNEMENT,OK
TKT82169195354,2025-11-06T20:06:40Z,PORTE-A,R58422874,UNITE,OK
TKT79419980086,2025-11-06T20:06:41Z,PORTE-B,R53853371,ABONNEMENT,OK
TKT10760119612,2025-11-06T20:06:43Z,PMR-NORD,R51971595,ABONNEMENT,OK
TKT21729201309,2025-11-06T20:06:44Z,VIP-EST,R57616789,ABONNEMENT,OK
TKT39714225460,2025-11-06T20:06:44Z,PORTE-C,R55909785,ABONNEMENT,OK
TKT57885694857,2025-11-06T20:06:45Z,VIP-EST,R54814143,ABONNEMENT,OK
TKT54672077755,2025-11-06T20:06:45Z,PORTE-A,R55746583,ABONNEMENT,OK
TKT94332548328,2025-11-06T20:06:48Z,PORTE-C,,UNITE,OK
TKT84193903776,2025-11-06T20:06:50Z,VIP-EST,R54762450,ABONNEMENT,OK
TKT17070920625,2025-11-06T20:06:53Z,PORTE-A,R58876025,ABONNEMENT,OK
TKT89562516372,2025-11-06T20:06:55Z,PORTE-D,R56168471,UNITE,OK
TKT37056698311,2025-11-06T20:06:58Z,PORTE-D,R51017911,ABONNEMENT,OK
TKT71205088002,2025-11-06T20:06:58Z,PORTE-D,R55298969,GROUPE,OK
TKT14668246106,2025-11-06T20:06:59Z,PORTE-D,R58152541,UNITE,OK
TKT45473969872,2025-11-06T20:07:03Z,PORTE-A,,UNITE,OK
TKT53026235491,2025-11-06T20:07:07Z,PORTE-C,R59078315,UNITE,OK
TKT29415177907,2025-11-06T20:07:08Z,PORTE-D,R56541309,ABONNEMENT,OK
TKT37618595493,2025-11-06T20:07:08Z,PORTE-B,R58974306,ABONNEMENT,OK
TKT80194072973,2025-11-06T20:07:09Z,PORTE-B,R52646039,UNITE,OK
TKT23364587709,2025-11-06T20:07:10Z,PORTE-C,R55101305,ABONNEMENT,OK
TKT55021281324,2025-11-06T20:07:12Z,PORTE-D,R53803584,ABONNEMENT,OK
TKT86574928991,2025-11-06T20:07:12Z,PORTE-C,R53295819,UNITE,OK
TKT59555451359,2025-11-06T20:07:13Z,PORTE-A,R51218352,ABONNEMENT,OK
TKT64085917102,2025-11-06T20:07:13Z,PORTE-C,R52220885,UNITE,OK
TKT69568705979,2025-11-06T20:07:15Z,PORTE-C,R56166833,ABONNEMENT,OK
TKT15128365065,2025-11-06T20:07:15Z,PORTE-B,,GROUPE,OK
TKT73533113168,2025-11-06T20:07:15Z,PORTE-C,R52238049,UNITE,REFUSE_DEJA_SCANNE
TKT59766566912,2025-11-06T20:07:22Z,PORTE-B,R52372842,ABONNEMENT,OK
TKT56017612334,2025-11-06T20:07:27Z,PORTE-B,R53632758,ABONNEMENT,OK
TKT43776009657,2025-11-06T20:07:27Z,PORTE-A,,UNITE,OK
TKT41642607975,2025-11-06T20:07:29Z,PORTE-D,R53769323,ABONNEMENT,OK
TKT74280750921,2025-11-06T20:07:31Z,PORTE-C,R54186163,ABONNEMENT,OK
TKT24928225182,2025-11-06T20:07:35Z,PORTE-A,R52435914,ABONNEMENT,OK
TKT12141132453,2025-11-06T20:07:35Z,PORTE-A,,UNITE,OK
TKT38871972004,2025-11-06T20:07:37Z,VIP-EST,R52653395,ABONNEMENT,OK
TKT63149689629,2025-11-06T20:07:38Z,VIP-EST,R54287442,ABONNEMENT,OK
TKT81122270579,2025-11-06T20:07:39Z,PORTE-A,R52338102,UNITE,OK
TKT10009525768,2025-11-06T20:07:40Z,VIP-EST,R53868227,UNITE,OK
TKT73657123367,2025-11-06T20:07:42Z,PORTE-A,R57088038,ABONNEMENT,OK
TKT96032106161,2025-11-06T20:07:46Z,PORTE-D,R57854767,ABONNEMENT,OK
TKT97990588686,2025-11-06T20:07:47Z,PORTE-D,R54956302,ABONNEMENT,OK
TKT39631300043,2025-11-06T20:07:47Z,VIP-EST,R57469190,UNITE,OK
TKT84193903776,2025-11-06T20:07:50Z,VIP-EST,R54762450,ABONNEMENT,REFUSE_DEJA_SCANNE
TKT65534617124,2025-11-06T20:07:52Z,PORTE-B,R56512230,ABONNEMENT,OK
TKT71345498816,2025-11-06T20:07:53Z,PORTE-D,R54752776,UNITE,OK
TKT32355892475,2025-11-06T20:07:53Z,PORTE-D,R55730990,UNITE,OK
TKT60581840375,2025-11-06T20:07:54Z,PORTE-C,,GROUPE,OK
TKT39191888631,2025-11-06T20:07:54Z,PORTE-B,R52258489,UNITE,OK
TKT59249417975,2025-11-06T20:07:55Z,VIP-EST,R54283831,UNITE,OK
TKT53570402325,2025-11-06T20:07:57Z,VIP-EST,R58627750,ABONNEMENT,OK
TKT55650900838,2025-11-06T20:08:03Z,VIP-EST,R51615787,ABONNEMENT,OK
TKT50852487692,2025-11-06T20:08:03Z,PORTE-C,R54172945,INVITATION,OK
TKT99261690315,2025-11-06T20:08:04Z,PORTE-D,R55871367,UNITE,OK
TKT35258717413,2025-11-06T20:08:04Z,VIP-EST,R54724444,UNITE,OK
TKT99820419875,2025-11-06T20:08:06Z,PORTE-C,R53026089,ABONNEMENT,OK
TKT33207026021,2025-11-06T20:08:09Z,PORTE-C,R52732606,UNITE,OK
TKT34762952735,2025-11-06T20:08:11Z,PORTE-C,R59665837,ABONNEMENT,OK
TKT25441092713,2025-11-06T20:08:13Z,PORTE-C,R57124674,ABONNEMENT,OK
TKT14291301602,2025-11-06T20:08:14Z,PORTE-A,R51497267,INVITATION,OK
TKT13576884975,2025-11-06T20:08:16Z,PORTE-C,R55884441,ABONNEMENT,OK
TKT72124564558,2025-11-06T20:08:18Z,PORTE-A,R54032645,ABONNEMENT,OK
TKT97461077212,2025-11-06T20:08:19Z,PORTE-A,R51443189,UNITE,OK
TKT12025019553,2025-11-06T20:08:20Z,PORTE-A,R55617729,UNITE,OK
TKT84789251720,2025-11-06T20:08:23Z,PORTE-C,R58209282,UNITE,OK
TKT40479584376,2025-11-06T20:08:24Z,PORTE-B,R53653121,ABONNEMENT,OK
TKT26918715289,2025-11-06T20:08:24Z,PORTE-A,R54962422,INVITATION,OK
TKT91617966840,2025-11-06T20:08:25Z,PORTE-C,R52523496,UNITE,OK
TKT17676025278,2025-11-06T20:08:28Z,PORTE-B,R57158868,UNITE,OK
TKT51130893600,2025-11-06T20:08:29Z,PORTE-C,R58251991,UNITE,OK
TKT66884807249,2025-11-06T20:08:29Z,PORTE-C,,UNITE,OK
TKT17543038908,2025-11-06T20:08:30Z,PORTE-C,R57389155,ABONNEMENT,OK
TKT56788180420,2025-11-06T20:08:34Z,PORTE-A,,UNITE,OK
TKT67095311858,2025-11-06T20:08:35Z,VIP-EST,R51511232,UNITE,OK
TKT53578537690,2025-11-06T20:08:37Z,PORTE-B,R59468451,ABONNEMENT,OK
TKT65521170588,2025-11-06T20:08:38Z,PORTE-A,R51295121,ABONNEMENT,OK
TKT68574042028,2025-11-06T20:08:38Z,PORTE-C,,UNITE,OK
TKT99347100065,2025-11-06T20:08:41Z,PORTE-A,,UNITE,OK
TKT98085416435,2025-11-06T20:08:42Z,PORTE-D,R54528217,ABONNEMENT,OK
TKT31191586387,2025-11-06T20:08:44Z,VIP-EST,,GROUPE,OK
TKT38146371073,2025-11-06T20:08:46Z,PORTE-A,R54576510,ABONNEMENT,OK
TKT33384627062,2025-11-06T20:08:47Z,PORTE-B,R53349753,ABONNEMENT,OK
TKT74398907972,2025-11-06T20:08:47Z,PORTE-C,,GROUPE,OK
TKT55078156691,2025-11-06T20:08:49Z,PORTE-C,R58856332,UNITE,OK
TKT23815039259,2025-11-06T20:08:49Z,PORTE-A,R55146399,UNITE,OK
TKT33508323588,2025-11-06T20:08:52Z,PORTE-C,,GROUPE,OK
TKT25718775131,2025-11-06T20:08:53Z,PORTE-D,R55411138,ABONNEMENT,OK
TKT52976769057,2025-11-06T20:08:53Z,PORTE-C,R52693163,ABONNEMENT,OK
TKT31135919687,2025-11-06T20:08:54Z,PORTE-C,R54436267,ABONNEMENT,OK
TKT19753561605,2025-11-06T20:08:54Z,PORTE-A,,GROUPE,OK
TKT85856304559,2025-11-06T20:08:55Z,PORTE-D,R57020129,ABONNEMENT,OK
TKT66549339457,2025-11-06T20:08:57Z,PMR-NORD,R54310324,ABONNEMENT,OK
TKT42531738695,2025-11-06T20:08:59Z,VIP-EST,R54626498,ABONNEMENT,OK
TKT87239477053,2025-11-06T20:09:02Z,PORTE-A,R55063711,VIP,OK
TKT74946257200,2025-11-06T20:09:05Z,PORTE-C,R54293984,INVITATION,OK
TKT69995052407,2025-11-06T20:09:06Z,PORTE-C,R52369097,ABONNEMENT,OK
TKT67189658795,2025-11-06T20:09:06Z,VIP-EST,R51491281,UNITE,OK
TKT76032456523,2025-11-06T20:09:07Z,VIP-EST,R53289411,UNITE,OK
TKT12539353330,2025-11-06T20:09:09Z,VIP-EST,R57390046,ABONNEMENT,OK
TKT96729245543,2025-11-06T20:09:09Z,VIP-EST,,GROUPE,OK
TKT64951198275,2025-11-06T20:09:10Z,PORTE-A,R54458814,ABONNEMENT,OK
TKT79420827159,2025-11-06T20:09:12Z,VIP-EST,R55549954,UNITE,OK
TKT49484890267,2025-11-06T20:09:13Z,PORTE-A,R53442996,UNITE,OK
TKT53629313609,2025-11-06T20:09:15Z,PORTE-A,,UNITE,OK
TKT66532042215,2025-11-06T20:09:17Z,PORTE-A,,GROUPE,OK
TKT94980269576,2025-11-06T20:09:18Z,PORTE-A,R56604237,UNITE,OK
TKT72334836746,2025-11-06T20:09:19Z,PORTE-C,R53325243,ABONNEMENT,OK
TKT22189482678,2025-11-06T20:09:24Z,PORTE-C,R53956221,GROUPE,OK
TKT95572657069,2025-11-06T20:09:29Z,PORTE-A,R55802912,UNITE,OK
TKT73935657752,2025-11-06T20:09:37Z,PORTE-C,R56990025,UNITE,OK
TKT98349016849,2025-11-06T20:09:40Z,PORTE-D,R59993926,ABONNEMENT,OK
TKT30694548231,2025-11-06T20:09:40Z,PORTE-D,R53283616,ABONNEMENT,OK
TKT37836836316,2025-11-06T20:09:42Z,PORTE-C,R54399075,ABONNEMENT,OK
TKT92070995081,2025-11-06T20:09:52Z,PORTE-B,,UNITE,OK
TKT91012742932,2025-11-06T20:09:52Z,PORTE-A,R57296726,UNITE,OK
TKT97918304318,2025-11-06T20:09:54Z,PORTE-C,R57560182,ABONNEMENT,OK
TKT42088846811,2025-11-06T20:09:56Z,PORTE-C,R51027575,UNITE,OK
TKT28252347970,2025-11-06T20:09:57Z,PORTE-C,R56403384,ABONNEMENT,OK
TKT46585491097,2025-11-06T20:10:02Z,PORTE-D,R59865675,ABONNEMENT,OK
TKT70253352941,2025-11-06T20:10:04Z,PORTE-C,,GROUPE,OK
TKT37812570590,2025-11-06T20:10:06Z,PORTE-B,R54739424,UNITE,OK
TKT71862921747,2025-11-06T20:10:06Z,PORTE-C,R52457101,UNITE,OK
TKT42139378587,2025-11-06T20:10:07Z,PORTE-D,R57378734,ABONNEMENT,OK
TKT68006179855,2025-11-06T20:10:07Z,PORTE-B,R52145275,UNITE,OK
TKT47095673984,2025-11-06T20:10:07Z,PORTE-D,R56562697,UNITE,OK
TKT36185554379,2025-11-06T20:10:08Z,PORTE-A,R58435479,UNITE,OK
TKT17474037118,2025-11-06T20:10:09Z,PORTE-D,R58949997,UNITE,OK
TKT81907962264,2025-11-06T20:10:14Z,VIP-EST,R58122102,ABONNEMENT,OK
TKT27188832545,2025-11-06T20:10:14Z,VIP-EST,R51413765,UNITE,OK
TKT44192194158,2025-11-06T20:10:15Z,PORTE-C,R53889538,ABONNEMENT,OK
TKT47839729047,2025-11-06T20:10:15Z,PORTE-A,R56858431,ABONNEMENT,OK
TKT16411482654,2025-11-06T20:10:16Z,VIP-EST,R58710850,ABONNEMENT,OK
TKT29699298332,2025-11-06T20:10:20Z,PORTE-C,R55128612,ABONNEMENT,OK
TKT32903194423,2025-11-06T20:10:23Z,PORTE-B,R52907656,UNITE,OK
TKT39941845949,2025-11-06T20:10:26Z,VIP-EST,R53308548,INVITATION,OK
TKT61713885139,2025-11-06T20:10:26Z,PORTE-C,R56788281,UNITE,OK
TKT26296436774,2025-11-06T20:10:31Z,PORTE-C,,UNITE,OK
TKT42490085158,2025-11-06T20:10:32Z,PORTE-C,R57092875,UNITE,OK
TKT77650238395,2025-11-06T20:10:33Z,VIP-EST,,UNITE,OK
TKT77141216192,2025-11-06T20:10:35Z,PORTE-B,R54829813,GROUPE,OK
TKT37770229317,2025-11-06T20:10:36Z,PORTE-C,R55852029,ABONNEMENT,OK
TKT46666225638,2025-11-06T20:10:36Z,PORTE-A,R54755295,ABONNEMENT,OK
TKT25523854162,2025-11-06T20:10:39Z,PORTE-C,R53691673,UNITE,OK
TKT71303847716,2025-11-06T20:10:40Z,PORTE-C,R57677476,ABONNEMENT,OK
TKT36164016878,2025-11-06T20:10:40Z,PORTE-A,R54234935,ABONNEMENT,OK
TKT23115637516,2025-11-06T20:10:41Z,PORTE-D,R52901114,ABONNEMENT,OK
TKT59844765195,2025-11-06T20:10:41Z,PORTE-D,R55989542,ABONNEMENT,OK
TKT25749700662,2025-11-06T20:10:44Z,PORTE-D,R58414369,ABONNEMENT,OK
TKT82245537270,2025-11-06T20:10:46Z,PORTE-B,R52031602,UNITE,OK
TKT65476204037,2025-11-06T20:10:46Z,PORTE-D,,UNITE,OK
TKT53119811005,2025-11-06T20:10:47Z,PORTE-C,R55733643,ABONNEMENT,OK
TKT73201909656,2025-11-06T20:10:51Z,PORTE-C,R55004518,UNITE,OK
TKT68738894409,2025-11-06T20:10:52Z,VIP-EST,R57442898,UNITE,OK
TKT71834783910,2025-11-06T20:10:53Z,PORTE-C,R59326570,ABONNEMENT,OK
TKT69957915363,2025-11-06T20:10:55Z,PORTE-C,,GROUPE,OK
TKT52045966023,2025-11-06T20:11:00Z,PORTE-A,R52405053,VIP,OK
TKT12539608517,2025-11-06T20:11:04Z,PORTE-C,,UNITE,OK
TKT15923585006,2025-11-06T20:11:07Z,PORTE-A,R52647054,ABONNEMENT,OK
TKT79256638312,2025-11-06T20:11:09Z,PORTE-D,R57572787,UNITE,OK
TKT84784247858,2025-11-06T20:11:19Z,PORTE-C,,UNITE,OK
TKT84026684533,2025-11-06T20:11:22Z,VIP-EST,R55756669,ABONNEMENT,OK
TKT89507921883,2025-11-06T20:11:23Z,PORTE-B,R56781806,UNITE,OK
TKT55696524304,2025-11-06T20:11:23Z,VIP-EST,,UNITE,REFUSE_DEJA_SCANNE
TKT49660281001,2025-11-06T20:11:26Z,PORTE-D,R52548016,UNITE,OK
TKT39572175429,2025-11-06T20:11:27Z,PORTE-C,R58073541,UNITE,OK
TKT38341083477,2025-11-06T20:11:28Z,PORTE-C,R51685669,UNITE,OK
TKT66341576332,2025-11-06T20:11:29Z,PORTE-D,R55762052,ABONNEMENT,OK
TKT22672126431,2025-11-06T20:11:31Z,PORTE-D,R59567010,ABONNEMENT,OK
TKT90894298786,2025-11-06T20:11:31Z,PORTE-A,,UNITE,OK
TKT97726380888,2025-11-06T20:11:32Z,PORTE-A,R59098534,ABONNEMENT,OK
TKT76849735376,2025-11-06T20:11:34Z,VIP-EST,R54896841,ABONNEMENT,OK
TKT10342076666,2025-11-06T20:11:34Z,PORTE-B,R54451592,UNITE,OK
TKT98976975001,2025-11-06T20:11:37Z,VIP-EST,R59076878,UNITE,OK
TKT78181134279,2025-11-06T20:11:39Z,PORTE-A,,GROUPE,OK
TKT82459310701,2025-11-06T20:11:40Z,VIP-EST,R55539600,UNITE,OK
TKT16836938256,2025-11-06T20:11:41Z,PORTE-C,R55477543,UNITE,OK
TKT61410593359,2025-11-06T20:11:42Z,VIP-EST,R52947702,ABONNEMENT,OK
TKT93889693473,2025-11-06T20:11:42Z,PORTE-C,R58284413,UNITE,OK
TKT44131903707,2025-11-06T20:11:42Z,PORTE-A,R56355369,UNITE,OK
TKT42238255753,2025-11-06T20:11:46Z,PORTE-C,,UNITE,OK
TKT15494491332,2025-11-06T20:11:52Z,PORTE-C,R57623867,UNITE,OK
TKT58572447275,2025-11-06T20:11:55Z,PORTE-C,R53032430,ABONNEMENT,OK
TKT74583196817,2025-11-06T20:11:57Z,PORTE-C,R58087094,UNITE,REFUSE_DEJA_SCANNE
TKT61066326579,2025-11-06T20:11:57Z,PORTE-C,,INVITATION,OK
TKT64918531271,2025-11-06T20:11:58Z,VIP-EST,R53964803,INVITATION,OK
TKT78789161851,2025-11-06T20:11:59Z,PORTE-D,,UNITE,OK
TKT65275682270,2025-11-06T20:12:01Z,VIP-EST,R51468399,UNITE,OK
TKT46440468773,2025-11-06T20:12:02Z,VIP-EST,R55728538,ABONNEMENT,OK
TKT83071348134,2025-11-06T20:12:03Z,PORTE-C,R59729110,ABONNEMENT,REFUSE_DEJA_SCANNE
TKT46074283279,2025-11-06T20:12:08Z,PORTE-A,R59318132,ABONNEMENT,OK
TKT22847452503,2025-11-06T20:12:09Z,PORTE-C,R52003337,ABONNEMENT,OK
TKT19937084598,2025-11-06T20:12:09Z,PORTE-D,R53399473,ABONNEMENT,OK
TKT73699397526,2025-11-06T20:12:14Z,PORTE-B,R53306307,UNITE,OK
TKT36926755598,2025-11-06T20:12:21Z,PMR-NORD,,UNITE,OK
TKT37942537399,2025-11-06T20:12:21Z,VIP-EST,,UNITE,OK
TKT78554305089,2025-11-06T20:12:22Z,PORTE-A,R59824872,ABONNEMENT,OK
TKT42589514542,2025-11-06T20:12:22Z,PORTE-C,R59435550,UNITE,OK
TKT47760610009,2025-11-06T20:12:22Z,VIP-EST,R57820429,UNITE,OK
TKT92478450307,2025-11-06T20:12:24Z,PORTE-A,R58474989,UNITE,OK
TKT72056152464,2025-11-06T20:12:24Z,PORTE-C,R57966400,UNITE,OK
TKT44745952594,2025-11-06T20:12:25Z,PORTE-B,R51038609,UNITE,OK
TKT25996435749,2025-11-06T20:12:27Z,VIP-EST,R59491889,UNITE,OK
TKT30659286847,2025-11-06T20:12:30Z,PORTE-D,R56513389,ABONNEMENT,OK
TKT25576259825,2025-11-06T20:12:31Z,PORTE-D,,GROUPE,OK
TKT74418157415,2025-11-06T20:12:32Z,PORTE-C,R55593276,UNITE,OK
TKT26929672675,2025-11-06T20:12:34Z,PORTE-D,R52508995,UNITE,OK
TKT15630679626,2025-11-06T20:12:40Z,PORTE-A,,UNITE,OK
TKT83294900063,2025-11-06T20:12:42Z,PORTE-B,R57119033,UNITE,OK
TKT16814925765,2025-11-06T20:12:49Z,VIP-EST,R51612655,UNITE,OK
TKT93629332459,2025-11-06T20:12:51Z,PORTE-B,R56638364,ABONNEMENT,OK
TKT57831404911,2025-11-06T20:12:53Z,PORTE-C,R53771028,UNITE,OK
TKT41364094327,2025-11-06T20:12:57Z,PORTE-C,R55942887,UNITE,REFUSE_INVALIDE
TKT82771515425,2025-11-06T20:13:00Z,VIP-EST,R59211125,UNITE,OK
TKT31496154540,2025-11-06T20:13:00Z,PORTE-C,,UNITE,OK
TKT39657066217,2025-11-06T20:13:01Z,VIP-EST,R55557310,UNITE,OK
TKT29042316750,2025-11-06T20:13:02Z,PORTE-A,R51840490,UNITE,OK
TKT20673564298,2025-11-06T20:13:03Z,PMR-NORD,R55722552,ABONNEMENT,OK
TKT69658452121,2025-11-06T20:13:04Z,PORTE-A,R56787802,ABONNEMENT,OK
TKT76542344037,2025-11-06T20:13:10Z,PORTE-C,R58387464,ABONNEMENT,OK
TKT83173294175,2025-11-06T20:13:10Z,PORTE-C,R52214956,UNITE,OK
TKT92147003275,2025-11-06T20:13:12Z,PORTE-C,R56997314,ABONNEMENT,OK
TKT19455808098,2025-11-06T20:13:13Z,PORTE-D,R53964458,ABONNEMENT,OK
TKT41293163948,2025-11-06T20:13:18Z,VIP-EST,R52019342,ABONNEMENT,OK
TKT79134922395,2025-11-06T20:13:24Z,PORTE-D,R56467682,UNITE,OK
TKT25831075582,2025-11-06T20:13:24Z,PORTE-C,R56978445,UNITE,OK
TKT57618156712,2025-11-06T20:13:28Z,PORTE-A,R53678331,ABONNEMENT,OK
TKT78770231968,2025-11-06T20:13:35Z,PORTE-B,R52755143,UNITE,OK
TKT75068692242,2025-11-06T20:13:36Z,VIP-EST,R51167885,ABONNEMENT,OK
TKT41744045446,2025-11-06T20:13:37Z,VIP-EST,R51324813,ABONNEMENT,OK
TKT81706861310,2025-11-06T20:13:41Z,PORTE-A,R54409563,UNITE,OK
TKT33434751232,2025-11-06T20:13:43Z,PORTE-C,R53753653,ABONNEMENT,OK
TKT86631034505,2025-11-06T20:13:53Z,PORTE-D,R58300217,ABONNEMENT,OK
TKT52023567419,2025-11-06T20:13:56Z,PORTE-B,,UNITE,OK
TKT81564694579,2025-11-06T20:13:56Z,PORTE-A,,GROUPE,OK
TKT43876755082,2025-11-06T20:13:57Z,PORTE-D,R59402860,UNITE,OK
TKT35819719148,2025-11-06T20:13:58Z,PORTE-C,R57081630,UNITE,OK
TKT27369451278,2025-11-06T20:14:00Z,PORTE-A,R55479593,UNITE,OK
TKT37297368740,2025-11-06T20:14:02Z,PORTE-B,R53684049,UNITE,OK
TKT60013626917,2025-11-06T20:14:20Z,PORTE-B,,UNITE,OK
TKT60063436533,2025-11-06T20:14:23Z,PORTE-A,R53580931,UNITE,OK
TKT75116057000,2025-11-06T20:14:24Z,PORTE-C,R58750015,UNITE,OK
TKT19080919827,2025-11-06T20:14:25Z,PORTE-C,R55519036,ABONNEMENT,OK
TKT33090664310,2025-11-06T20:14:29Z,VIP-EST,R58564544,VIP,OK
TKT59046142931,2025-11-06T20:14:31Z,VIP-EST,,UNITE,OK
TKT90899380154,2025-11-06T20:14:45Z,PORTE-B,R59858664,UNITE,OK
TKT50275970495,2025-11-06T20:15:02Z,PORTE-D,R58013735,ABONNEMENT,OK
TKT49665847710,2025-11-06T20:15:03Z,PMR-NORD,R56789775,ABONNEMENT,OK
TKT19227824247,2025-11-06T20:15:03Z,VIP-EST,,UNITE,OK
TKT99691837468,2025-11-06T20:15:05Z,VIP-EST,R57651241,ABONNEMENT,OK
TKT51576348831,2025-11-06T20:15:06Z,PORTE-D,R51148882,ABONNEMENT,OK
TKT41032862240,2025-11-06T20:15:06Z,PORTE-B,,GROUPE,OK
TKT93364046271,2025-11-06T20:15:06Z,PORTE-A,R56816345,UNITE,OK
TKT35705144477,2025-11-06T20:15:11Z,PORTE-A,R51136689,UNITE,OK
TKT81899244372,2025-11-06T20:15:19Z,PORTE-C,R57164519,ABONNEMENT,OK
TKT23556213191,2025-11-06T20:15:19Z,PORTE-C,,UNITE,OK
TKT83410574528,2025-11-06T20:15:26Z,PORTE-A,R59406605,UNITE,OK
TKT69584689466,2025-11-06T20:15:28Z,PORTE-D,R55792903,UNITE,OK
TKT64218177435,2025-11-06T20:15:40Z,PORTE-C,R58630825,UNITE,OK
TKT48748769743,2025-11-06T20:15:42Z,PORTE-A,,UNITE,OK
TKT31756691271,2025-11-06T20:15:48Z,VIP-EST,R57737885,UNITE,OK
TKT64111988958,2025-11-06T20:15:50Z,VIP-EST,R54077461,ABONNEMENT,OK
TKT67926474930,2025-11-06T20:15:55Z,PORTE-A,,UNITE,OK
TKT54399980785,2025-11-06T20:16:07Z,PORTE-B,R56086865,UNITE,OK
TKT64383395464,2025-11-06T20:16:09Z,PORTE-D,R52923182,UNITE,OK
TKT68501883954,2025-11-06T20:16:13Z,PORTE-D,R54336147,ABONNEMENT,REFUSE_DEJA_SCANNE
TKT86923767766,2025-11-06T20:16:15Z,PORTE-A,R59800084,ABONNEMENT,OK
TKT98115959999,2025-11-06T20:16:16Z,PORTE-A,R58188718,ABONNEMENT,OK
TKT29635646735,2025-11-06T20:16:17Z,PORTE-C,,UNITE,OK
TKT27083737736,2025-11-06T20:16:20Z,PORTE-C,R54067921,UNITE,OK
TKT57557506295,2025-11-06T20:16:25Z,PORTE-C,R52943880,UNITE,OK
TKT43140859988,2025-11-06T20:16:26Z,PORTE-B,R52003538,INVITATION,OK
TKT66486685162,2025-11-06T20:16:27Z,PORTE-B,R55656683,UNITE,OK
TKT83506799903,2025-11-06T20:16:28Z,PORTE-A,R56496349,ABONNEMENT,OK
TKT27104625072,2025-11-06T20:16:28Z,PORTE-B,R51735667,UNITE,OK
TKT67342817439,2025-11-06T20:16:29Z,PORTE-A,R57613446,UNITE,OK
TKT11365248251,2025-11-06T20:16:32Z,PORTE-D,R53821562,ABONNEMENT,OK
TKT42217120046,2025-11-06T20:16:33Z,PORTE-C,R52370390,UNITE,OK
TKT10979384656,2025-11-06T20:16:35Z,PORTE-C,R55194893,ABONNEMENT,OK
TKT32801307360,2025-11-06T20:16:37Z,PORTE-D,R57244765,ABONNEMENT,OK
TKT75279784371,2025-11-06T20:16:39Z,PORTE-B,,UNITE,OK
TKT22939882593,2025-11-06T20:16:40Z,PORTE-B,R53287840,ABONNEMENT,OK
TKT12451224359,2025-11-06T20:16:40Z,PORTE-C,R56121059,INVITATION,OK
TKT10003648500,2025-11-06T20:16:45Z,PORTE-B,,UNITE,OK
TKT52010401814,2025-11-06T20:16:48Z,PORTE-C,R57800344,UNITE,OK
TKT16661064232,2025-11-06T20:17:05Z,PORTE-A,R57076592,UNITE,OK
TKT21182316476,2025-11-06T20:17:10Z,PORTE-B,R58226925,ABONNEMENT,OK
TKT60825615425,2025-11-06T20:17:11Z,PORTE-C,,GROUPE,OK
TKT53716708137,2025-11-06T20:17:15Z,VIP-EST,R54428643,UNITE,OK
TKT36389468532,2025-11-06T20:17:17Z,PORTE-C,R54702644,UNITE,OK
TKT48871078805,2025-11-06T20:17:24Z,PORTE-B,R56620108,UNITE,OK
TKT67218776662,2025-11-06T20:17:29Z,VIP-EST,R59150371,UNITE,OK
TKT38107383740,2025-11-06T20:17:31Z,PORTE-C,R59654803,ABONNEMENT,OK
TKT13517942955,2025-11-06T20:17:32Z,PORTE-C,R53051835,UNITE,OK
TKT43042577909,2025-11-06T20:17:33Z,PORTE-C,R52326522,UNITE,OK
TKT64153803597,2025-11-06T20:17:36Z,VIP-EST,R55385670,VIP,OK
TKT78220339607,2025-11-06T20:17:36Z,PORTE-A,R53705638,UNITE,OK
TKT23968284802,2025-11-06T20:17:37Z,PORTE-A,R53710877,UNITE,OK
TKT64924936424,2025-11-06T20:17:40Z,PORTE-A,R55451529,UNITE,OK
TKT58871526573,2025-11-06T20:17:44Z,PORTE-D,R57362518,UNITE,OK
TKT70019019904,2025-11-06T20:17:45Z,PORTE-C,R55447171,INVITATION,OK
TKT75250388333,2025-11-06T20:17:55Z,VIP-EST,R57349856,UNITE,REFUSE_DEJA_SCANNE
TKT58446078046,2025-11-06T20:18:00Z,PORTE-D,R59268278,UNITE,OK
TKT49171385938,2025-11-06T20:18:02Z,PORTE-B,R52891919,UNITE,OK
TKT36356962161,2025-11-06T20:18:03Z,PORTE-D,R55874154,ABONNEMENT,OK
TKT85343415939,2025-11-06T20:18:05Z,PORTE-C,R52570640,ABONNEMENT,OK
TKT88856005087,2025-11-06T20:18:06Z,PORTE-B,R56803261,UNITE,OK
TKT69887914718,2025-11-06T20:18:09Z,PORTE-A,R58234070,UNITE,OK
TKT64330037637,2025-11-06T20:18:14Z,PORTE-B,R58397061,UNITE,OK
TKT73613879653,2025-11-06T20:18:18Z,PORTE-A,R58327390,ABONNEMENT,OK
TKT94230545921,2025-11-06T20:18:33Z,PORTE-B,R59734972,ABONNEMENT,OK
TKT83102507869,2025-11-06T20:18:35Z,PORTE-C,R55946354,UNITE,OK
TKT35469945060,2025-11-06T20:18:40Z,PORTE-C,R51128653,ABONNEMENT,OK
TKT39733231611,2025-11-06T20:18:49Z,PORTE-A,R58332696,UNITE,OK
TKT86425987535,2025-11-06T20:18:51Z,PORTE-B,R54544021,ABONNEMENT,OK
TKT58027162006,2025-11-06T20:18:51Z,PORTE-D,R59010406,UNITE,OK
TKT18708468618,2025-11-06T20:18:59Z,PORTE-A,R54824976,ABONNEMENT,OK
TKT69957167509,2025-11-06T20:18:59Z,VIP-EST,R52830418,UNITE,OK
TKT50906218397,2025-11-06T20:19:02Z,PORTE-A,R51317045,ABONNEMENT,OK
TKT99978375408,2025-11-06T20:19:07Z,VIP-EST,R55593477,UNITE,OK
TKT93454835197,2025-11-06T20:19:12Z,PORTE-C,R54028143,ABONNEMENT,OK
TKT45589871668,2025-11-06T20:19:12Z,VIP-EST,R54564173,VIP,OK
TKT18710515106,2025-11-06T20:19:14Z,PORTE-A,R57377508,UNITE,OK
TKT83505732383,2025-11-06T20:19:19Z,PORTE-A,R59621299,ABONNEMENT,OK
TKT62381386344,2025-11-06T20:19:24Z,PORTE-B,R56592322,ABONNEMENT,OK
TKT98666243834,2025-11-06T20:19:30Z,PORTE-C,,UNITE,OK
TKT35549655945,2025-11-06T20:19:34Z,VIP-EST,R54977278,ABONNEMENT,OK
TKT62357889285,2025-11-06T20:19:34Z,VIP-EST,R59249332,ABONNEMENT,OK
TKT80073211708,2025-11-06T20:19:36Z,VIP-EST,R52578063,UNITE,OK
TKT27196404520,2025-11-06T20:19:39Z,PORTE-D,R53321967,ABONNEMENT,OK
TKT39818737807,2025-11-06T20:19:41Z,PORTE-C,R57473960,ABONNEMENT,OK
TKT36527649033,2025-11-06T20:19:42Z,PORTE-B,R56738082,ABONNEMENT,OK
TKT27932598663,2025-11-06T20:19:42Z,PORTE-D,R51148614,UNITE,OK
TKT78077482488,2025-11-06T20:19:47Z,PORTE-A,R59172439,ABONNEMENT,OK
TKT58900351328,2025-11-06T20:19:56Z,PORTE-C,R57326351,UNITE,OK
TKT21645520627,2025-11-06T20:19:56Z,PORTE-D,R57737885,INVITATION,OK
TKT35998574074,2025-11-06T20:19:58Z,PORTE-D,R55303595,ABONNEMENT,OK
TKT24762225345,2025-11-06T20:19:59Z,PORTE-A,R53724229,ABONNEMENT,OK
TKT20673564298,2025-11-06T20:20:03Z,PMR-NORD,R55722552,ABONNEMENT,REFUSE_DEJA_SCANNE
TKT92430696456,2025-11-06T20:20:05Z,VIP-EST,R59034792,UNITE,OK
TKT17628174334,2025-11-06T20:20:06Z,PORTE-B,,UNITE,OK
TKT89754986601,2025-11-06T20:20:13Z,PORTE-D,R56689253,ABONNEMENT,OK
TKT31665116411,2025-11-06T20:20:13Z,PORTE-C,R55805096,ABONNEMENT,OK
TKT80361573144,2025-11-06T20:20:16Z,PORTE-D,R54074808,ABONNEMENT,OK
TKT50055476869,2025-11-06T20:20:17Z,PORTE-A,,UNITE,OK
TKT57649849064,2025-11-06T20:20:24Z,PORTE-C,R54144201,ABONNEMENT,OK
TKT13695980662,2025-11-06T20:20:26Z,PORTE-B,R56927432,UNITE,OK
TKT51077324035,2025-11-06T20:20:37Z,PORTE-C,R58390050,ABONNEMENT,OK
TKT55148622493,2025-11-06T20:20:38Z,PORTE-A,R55540625,ABONNEMENT,OK
TKT22510200844,2025-11-06T20:20:42Z,PORTE-C,R56680805,INVITATION,OK
TKT72688474687,2025-11-06T20:20:50Z,PORTE-A,R52017235,UNITE,OK
TKT44352354774,2025-11-06T20:20:53Z,PORTE-C,R52573082,UNITE,OK
TKT73778335398,2025-11-06T20:21:02Z,PORTE-C,R54962566,ABONNEMENT,OK
TKT45179407244,2025-11-06T20:21:02Z,VIP-EST,R58624685,ABONNEMENT,OK
TKT69927834139,2025-11-06T20:21:04Z,VIP-EST,R51811401,ABONNEMENT,OK
TKT47850251867,2025-11-06T20:21:04Z,PORTE-B,,GROUPE,OK
TKT13356127965,2025-11-06T20:21:08Z,PORTE-C,R53620699,UNITE,OK
TKT93877462017,2025-11-06T20:21:12Z,PORTE-C,R59657188,ABONNEMENT,OK
TKT61738589416,2025-11-06T20:21:18Z,VIP-EST,,GROUPE,OK
TKT51318940886,2025-11-06T20:21:38Z,PORTE-D,R52667829,ABONNEMENT,OK
TKT71554786734,2025-11-06T20:21:40Z,PORTE-D,,GROUPE,OK
TKT85667233130,2025-11-06T20:21:44Z,PORTE-A,R51322016,UNITE,OK
TKT33528346157,2025-11-06T20:21:48Z,PORTE-D,R53552254,ABONNEMENT,OK
TKT99102046461,2025-11-06T20:21:53Z,PORTE-C,R52693096,UNITE,OK
TKT49932769011,2025-11-06T20:21:55Z,PORTE-B,R57986418,ABONNEMENT,OK
TKT86254867360,2025-11-06T20:21:56Z,PORTE-C,R55000093,UNITE,OK
TKT38511040667,2025-11-06T20:22:06Z,PORTE-C,,GROUPE,OK
TKT94455188003,2025-11-06T20:22:23Z,PORTE-D,,GROUPE,OK
TKT44348038356,2025-11-06T20:22:29Z,PORTE-D,R59520623,UNITE,OK
TKT93952239849,2025-11-06T20:22:30Z,PORTE-A,,GROUPE,OK
TKT99017741712,2025-11-06T20:22:31Z,PORTE-C,R53051902,ABONNEMENT,OK
TKT75842477592,2025-11-06T20:22:32Z,PORTE-C,,GROUPE,OK
TKT18742163538,2025-11-06T20:22:39Z,PORTE-A,R58932411,UNITE,OK
TKT66908940376,2025-11-06T20:22:42Z,PORTE-C,R53828995,UNITE,OK
TKT58795433477,2025-11-06T20:22:53Z,PORTE-C,,UNITE,OK
TKT47143038704,2025-11-06T20:22:59Z,PORTE-C,R55082771,UNITE,OK
TKT60568687428,2025-11-06T20:23:01Z,PORTE-C,R53511451,UNITE,OK
TKT40921847753,2025-11-06T20:23:12Z,PORTE-D,R53107561,UNITE,OK
TKT36545454638,2025-11-06T20:23:14Z,VIP-EST,R54748686,UNITE,OK
TKT85472750371,2025-11-06T20:23:18Z,PORTE-C,R55589933,ABONNEMENT,OK
TKT13837129891,2025-11-06T20:23:19Z,PORTE-A,R56897807,UNITE,OK
TKT45297979287,2025-11-06T20:23:21Z,VIP-EST,,UNITE,OK
TKT18287715720,2025-11-06T20:23:29Z,PORTE-B,,GROUPE,OK
TKT55239434548,2025-11-06T20:23:33Z,PORTE-C,R53228111,UNITE,OK
TKT62042153090,2025-11-06T20:23:38Z,PORTE-C,R56772889,UNITE,OK
TKT66900017998,2025-11-06T20:23:38Z,PORTE-C,R59042962,INVITATION,OK
TKT55311592297,2025-11-06T20:23:40Z,PORTE-C,,GROUPE,OK
TKT72722452498,2025-11-06T20:23:42Z,VIP-EST,R53499057,ABONNEMENT,OK
TKT79431543568,2025-11-06T20:23:43Z,VIP-EST,,VIP,OK
TKT11393674637,2025-11-06T20:23:47Z,PORTE-C,R52332039,UNITE,OK
TKT24995246312,2025-11-06T20:23:49Z,PORTE-D,R52655234,ABONNEMENT,OK
TKT23668815600,2025-11-06T20:23:57Z,VIP-EST,R51159380,UNITE,OK
TKT35898227753,2025-11-06T20:24:11Z,PORTE-A,R53540607,ABONNEMENT,OK
TKT54482671376,2025-11-06T20:24:25Z,VIP-EST,R56928323,ABONNEMENT,OK
TKT24245514533,2025-11-06T20:24:25Z,VIP-EST,,UNITE,OK
TKT65485279004,2025-11-06T20:24:29Z,VIP-EST,R59342374,UNITE,OK
TKT25480103531,2025-11-06T20:24:32Z,PORTE-A,R55677592,ABONNEMENT,OK
TKT73184410681,2025-11-06T20:24:33Z,VIP-EST,R53642087,UNITE,OK
TKT67689549211,2025-11-06T20:24:39Z,PORTE-C,R51028935,ABONNEMENT,OK
TKT13086663092,2025-11-06T20:24:49Z,PORTE-D,R54668805,ABONNEMENT,OK
TKT65273696295,2025-11-06T20:25:00Z,PORTE-C,R58088722,ABONNEMENT,OK
TKT16494765100,2025-11-06T20:25:00Z,PORTE-B,R53132627,UNITE,OK
TKT88044125637,2025-11-06T20:25:11Z,VIP-EST,R51101614,INVITATION,OK
TKT98832121171,2025-11-06T20:25:11Z,VIP-EST,R53105990,UNITE,OK
TKT80058777414,2025-11-06T20:25:13Z,PORTE-C,,GROUPE,OK
TKT97225156958,2025-11-06T20:25:21Z,PORTE-A,R56405089,ABONNEMENT,OK
TKT50366155336,2025-11-06T20:25:31Z,PORTE-C,R58505428,ABONNEMENT,OK
TKT42917396670,2025-11-06T20:25:32Z,PORTE-A,,UNITE,OK
TKT46577995308,2025-11-06T20:25:40Z,VIP-EST,R54181058,UNITE,OK
TKT66990961982,2025-11-06T20:25:53Z,PORTE-D,,UNITE,OK
TKT20136764908,2025-11-06T20:26:04Z,PORTE-C,R55623380,ABONNEMENT,OK
TKT47140779577,2025-11-06T20:26:05Z,VIP-EST,R58489825,UNITE,OK
TKT40248115841,2025-11-06T20:26:13Z,PORTE-D,R57075711,ABONNEMENT,OK
TKT90691757761,2025-11-06T20:26:16Z,PORTE-C,,GROUPE,OK
TKT66929964994,2025-11-06T20:26:18Z,VIP-EST,R52663682,UNITE,OK
TKT79948728262,2025-11-06T20:26:26Z,PORTE-C,,UNITE,OK
TKT23001614207,2025-11-06T20:26:45Z,PORTE-C,R58958713,ABONNEMENT,OK
TKT36639779253,2025-11-06T20:26:48Z,VIP-EST,R57743804,ABONNEMENT,OK
TKT16177508174,2025-11-06T20:27:13Z,PORTE-C,R58529201,UNITE,OK
TKT70947238374,2025-11-06T20:27:33Z,PORTE-C,R59761465,UNITE,OK
TKT13861846595,2025-11-06T20:27:36Z,PORTE-C,R55030063,UNITE,OK
TKT20297562899,2025-11-06T20:27:38Z,PORTE-C,R54224236,UNITE,OK
TKT56148806732,2025-11-06T20:27:44Z,PORTE-D,R55028080,UNITE,OK
TKT90750871161,2025-11-06T20:27:48Z,PORTE-D,R54052931,ABONNEMENT,OK
TKT52350485067,2025-11-06T20:28:33Z,VIP-EST,R55033463,UNITE,OK
TKT72845898711,2025-11-06T20:28:37Z,VIP-EST,,UNITE,OK
TKT66900017998,2025-11-06T20:28:38Z,PORTE-C,R59042962,INVITATION,REFUSE_DEJA_SCANNE
TKT11080494738,2025-11-06T20:28:47Z,PORTE-C,R51385165,ABONNEMENT,OK
TKT11709737006,2025-11-06T20:29:13Z,PORTE-D,R55004853,UNITE,OK
TKT37108875209,2025-11-06T20:29:16Z,PORTE-A,R52465338,ABONNEMENT,OK
TKT18601426461,2025-11-06T20:29:29Z,PORTE-C,R58965724,UNITE,OK
TKT63720732054,2025-11-06T20:29:32Z,PORTE-C,R55847326,ABONNEMENT,OK
TKT91789867160,2025-11-06T20:29:35Z,PORTE-D,R53973318,UNITE,OK
TKT65899093139,2025-11-06T20:29:39Z,PORTE-C,R59576004,UNITE,OK
TKT58795433477,2025-11-06T20:29:53Z,PORTE-C,,UNITE,REFUSE_DEJA_SCANNE
TKT36364421458,2025-11-06T20:30:05Z,PORTE-B,,GROUPE,OK
TKT24995246312,2025-11-06T20:31:49Z,PORTE-D,R52655234,ABONNEMENT,REFUSE_DEJA_SCANNE
TKT48542537577,2025-11-06T20:32:44Z,PORTE-C,R55411349,UNITE,OK
TKT86334073789,2025-11-06T20:33:23Z,PORTE-D,R54395464,ABONNEMENT,OK
TKT89928325408,2025-11-06T20:34:34Z,PORTE-B,R54575897,GROUPE,OK
TKT17262173554,2025-11-06T20:35:32Z,PORTE-C,R55500502,ABONNEMENT,OK
TKT22542532585,2025-11-06T20:36:04Z,PORTE-C,R58572590,UNITE,OK
