barcode,scan_ts_utc,portique,ext_id,type_billet,resultat
TKT98844300478,2026-05-16T13:30:00Z,PORTE-A,R56067058,ABONNEMENT,OK
TKT57147656982,2026-05-16T13:30:00Z,PORTE-C,R59613387,ABONNEMENT,OK
TKT97413031968,2026-05-16T13:30:01Z,PORTE-D,R58382416,UNITE,OK
TKT31718320326,2026-05-16T13:30:02Z,PORTE-C,R58982955,ABONNEMENT,OK
TKT69383829242,2026-05-16T13:30:06Z,PORTE-D,R56632847,UNITE,OK
TKT10693882141,2026-05-16T13:30:11Z,PORTE-D,R54662062,ABONNEMENT,OK
TKT93391904237,2026-05-16T13:30:14Z,PORTE-A,R51899328,UNITE,OK
TKT97418586635,2026-05-16T13:30:14Z,PMR-NORD,R52278507,UNITE,OK
TKT14078007348,2026-05-16T13:30:18Z,PORTE-C,R53163401,UNITE,OK
TKT86779120333,2026-05-16T13:30:19Z,PORTE-C,R58088722,ABONNEMENT,OK
TKT26721374855,2026-05-16T13:30:22Z,PORTE-C,R53799561,ABONNEMENT,OK
TKT18757911099,2026-05-16T13:30:25Z,PORTE-D,R53777627,ABONNEMENT,OK
TKT74179016287,2026-05-16T13:30:29Z,VIP-EST,,GROUPE,OK
TKT39673564700,2026-05-16T13:30:31Z,VIP-EST,R56692519,ABONNEMENT,OK
TKT88365807889,2026-05-16T13:30:33Z,PORTE-A,R51131316,ABONNEMENT,OK
TKT32045286598,2026-05-16T13:30:34Z,VIP-EST,R55029306,UNITE,OK
TKT74565311299,2026-05-16T13:30:36Z,PORTE-D,R55497705,UNITE,OK
TKT58900528250,2026-05-16T13:30:41Z,PORTE-A,R59325967,UNITE,OK
TKT12451454021,2026-05-16T13:30:43Z,PORTE-D,R54141414,GROUPE,OK
TKT64632375602,2026-05-16T13:30:46Z,PORTE-C,R54776214,UNITE,OK
TKT85894826388,2026-05-16T13:30:48Z,PORTE-A,R59795046,ABONNEMENT,OK
TKT85437172625,2026-05-16T13:30:48Z,VIP-EST,,GROUPE,OK
TKT75607633144,2026-05-16T13:30:50Z,PORTE-B,R55465082,ABONNEMENT,OK
TKT16756525775,2026-05-16T13:30:50Z,PORTE-D,R55631483,UNITE,OK
TKT22429311506,2026-05-16T13:30:53Z,PORTE-D,R56328387,UNITE,OK
TKT18914527768,2026-05-16T13:30:53Z,PORTE-C,,UNITE,OK
TKT85084655541,2026-05-16T13:30:56Z,PORTE-D,R55613495,UNITE,OK
TKT33383119684,2026-05-16T13:30:57Z,PORTE-C,,UNITE,OK
TKT80537145825,2026-05-16T13:30:58Z,VIP-EST,R53307600,UNITE,OK
TKT30675364757,2026-05-16T13:31:00Z,PORTE-D,R59987193,ABONNEMENT,OK
TKT66889854697,2026-05-16T13:31:02Z,PORTE-D,R52039571,UNITE,OK
TKT58887825715,2026-05-16T13:31:04Z,PORTE-D,R51373441,UNITE,OK
TKT88637618480,2026-05-16T13:31:06Z,PORTE-B,,UNITE,OK
TKT76264618179,2026-05-16T13:31:07Z,PORTE-D,R59674630,ABONNEMENT,OK
TKT72340820568,2026-05-16T13:31:09Z,PORTE-C,R58946721,INVITATION,OK
TKT63431544227,2026-05-16T13:31:11Z,PORTE-C,,UNITE,OK
TKT62877919434,2026-05-16T13:31:12Z,PORTE-A,R55485522,INVITATION,OK
TKT67829901712,2026-05-16T13:31:13Z,VIP-EST,R51051961,ABONNEMENT,OK
TKT30738764102,2026-05-16T13:31:13Z,PORTE-C,R57796599,UNITE,OK
TKT18215998286,2026-05-16T13:31:20Z,PORTE-C,,UNITE,OK
TKT49649664494,2026-05-16T13:31:21Z,PORTE-D,R59779520,ABONNEMENT,OK
TKT86994798026,2026-05-16T13:31:22Z,PORTE-C,R51594131,ABONNEMENT,OK
TKT45393902284,2026-05-16T13:31:25Z,PORTE-A,R53063358,UNITE,OK
TKT79267078821,2026-05-16T13:31:29Z,PORTE-C,R53447086,UNITE,OK
TKT80723280555,2026-05-16T13:31:38Z,PORTE-C,R51348308,UNITE,OK
TKT61910466404,2026-05-16T13:31:47Z,PORTE-D,R51599303,UNITE,OK
TKT35440862356,2026-05-16T13:31:47Z,PORTE-C,R52383742,UNITE,OK
TKT15390174139,2026-05-16T13:32:01Z,PORTE-D,,UNITE,OK
TKT49565148298,2026-05-16T13:32:02Z,PORTE-C,R52926582,INVITATION,OK
TKT43355196181,2026-05-16T13:32:04Z,PORTE-A,R51039289,UNITE,OK
TKT24167106501,2026-05-16T13:32:13Z,PORTE-C,R52247110,ABONNEMENT,OK
TKT75853580270,2026-05-16T13:32:14Z,PORTE-C,R53387970,UNITE,OK
TKT65708968202,2026-05-16T13:32:20Z,PORTE-D,R55494918,UNITE,OK
TKT61941698678,2026-05-16T13:32:23Z,PORTE-D,R59344903,UNITE,OK
TKT90270083858,2026-05-16T13:32:24Z,PORTE-C,R51602914,ABONNEMENT,OK
TKT92764479608,2026-05-16T13:32:29Z,PORTE-C,,UNITE,OK
TKT44370193974,2026-05-16T13:32:31Z,PORTE-C,R52319300,UNITE,OK
TKT85202927273,2026-05-16T13:32:31Z,PORTE-D,R56319403,UNITE,OK
TKT94816787581,2026-05-16T13:32:33Z,PORTE-A,R51424119,VIP,OK
TKT65878855220,2026-05-16T13:32:34Z,PORTE-D,R59378752,ABONNEMENT,OK
TKT40729481741,2026-05-16T13:32:34Z,PORTE-B,R59140084,UNITE,OK
TKT54274831739,2026-05-16T13:32:35Z,PORTE-C,R51810577,ABONNEMENT,OK
TKT41966670817,2026-05-16T13:32:40Z,PORTE-D,,UNITE,OK
TKT27628913498,2026-05-16T13:32:41Z,PORTE-D,R53862154,UNITE,OK
TKT86736296563,2026-05-16T13:32:43Z,PORTE-D,R53139504,ABONNEMENT,OK
TKT36380572552,2026-05-16T13:32:43Z,PORTE-C,R59052569,UNITE,OK
TKT40959511109,2026-05-16T13:32:44Z,VIP-EST,,UNITE,OK
TKT25325465812,2026-05-16T13:32:45Z,PORTE-C,R55874777,ABONNEMENT,OK
TKT43587911531,2026-05-16T13:32:45Z,PORTE-D,,UNITE,OK
TKT16224442807,2026-05-16T13:32:46Z,PORTE-C,R58744019,ABONNEMENT,OK
TKT93414890873,2026-05-16T13:32:47Z,PORTE-C,R52653318,INVITATION,OK
TKT68392936320,2026-05-16T13:32:50Z,PORTE-B,,UNITE,OK
TKT51675390800,2026-05-16T13:32:50Z,PORTE-C,,UNITE,OK
TKT14358450130,2026-05-16T13:32:54Z,PORTE-C,R54467664,UNITE,OK
TKT60435284875,2026-05-16T13:32:56Z,PORTE-C,,UNITE,OK
TKT33687987303,2026-05-16T13:32:57Z,PORTE-C,R52817334,ABONNEMENT,OK
TKT64275041519,2026-05-16T13:32:57Z,PORTE-A,R56301214,GROUPE,OK
TKT45254075608,2026-05-16T13:32:59Z,PORTE-B,R51154543,ABONNEMENT,OK
TKT38272466543,2026-05-16T13:32:59Z,PORTE-D,R52396404,UNITE,OK
TKT47154472800,2026-05-16T13:33:00Z,VIP-EST,R51034931,ABONNEMENT,OK
TKT89516516528,2026-05-16T13:33:03Z,VIP-EST,R58122102,ABONNEMENT,OK
TKT73596290573,2026-05-16T13:33:03Z,PORTE-D,R51475812,ABONNEMENT,OK
TKT80788193747,2026-05-16T13:33:07Z,PORTE-D,R53234998,ABONNEMENT,OK
TKT78274202604,2026-05-16T13:33:07Z,PORTE-D,,GROUPE,OK
TKT74694855289,2026-05-16T13:33:09Z,PORTE-C,R54856651,ABONNEMENT,OK
TKT98668219722,2026-05-16T13:33:09Z,PORTE-D,R53408668,ABONNEMENT,OK
TKT48290536714,2026-05-16T13:33:09Z,PORTE-C,R55541094,UNITE,OK
TKT48555392485,2026-05-16T13:33:11Z,PORTE-B,R57890589,ABONNEMENT,OK
TKT24965960855,2026-05-16T13:33:11Z,PORTE-D,R56950994,ABONNEMENT,OK
TKT42959207776,2026-05-16T13:33:11Z,PORTE-B,,UNITE,OK
TKT28466772259,2026-05-16T13:33:15Z,PORTE-C,R57886911,ABONNEMENT,OK
TKT36067663379,2026-05-16T13:33:16Z,PORTE-C,R59976695,ABONNEMENT,OK
TKT65820071541,2026-05-16T13:33:16Z,PORTE-B,,UNITE,OK
TKT58729803747,2026-05-16T13:33:17Z,VIP-EST,R51615787,ABONNEMENT,OK
TKT10234608970,2026-05-16T13:33:17Z,PORTE-C,,INVITATION,OK
TKT50945863927,2026-05-16T13:33:20Z,PORTE-D,R59716247,UNITE,OK
TKT95008084852,2026-05-16T13:33:21Z,PORTE-B,,UNITE,OK
TKT49599720454,2026-05-16T13:33:22Z,PORTE-D,R54600149,UNITE,OK
TKT82405790043,2026-05-16T13:33:23Z,VIP-EST,R52421125,VIP,OK
TKT28851435002,2026-05-16T13:33:25Z,PORTE-D,,UNITE,OK
TKT47696806649,2026-05-16T13:33:26Z,PORTE-C,,UNITE,OK
TKT86426359599,2026-05-16T13:33:28Z,PORTE-B,R54463038,ABONNEMENT,OK
TKT20813119797,2026-05-16T13:33:28Z,PORTE-D,R54069482,UNITE,OK
TKT55487227604,2026-05-16T13:33:30Z,PORTE-A,R58905037,ABONNEMENT,OK
TKT31002584942,2026-05-16T13:33:31Z,PORTE-D,R58204311,UNITE,OK
TKT11828166356,2026-05-16T13:33:33Z,PORTE-A,R59968314,ABONNEMENT,OK
TKT18537543027,2026-05-16T13:33:41Z,PORTE-D,R54425779,ABONNEMENT,OK
TKT43008187816,2026-05-16T13:33:42Z,PORTE-D,R55819061,UNITE,OK
TKT23652066887,2026-05-16T13:33:43Z,PORTE-C,R58922814,UNITE,OK
TKT59679779710,2026-05-16T13:33:44Z,PORTE-A,R51312697,ABONNEMENT,OK
TKT19765954061,2026-05-16T13:33:45Z,PORTE-C,R58012375,ABONNEMENT,OK
TKT56834755360,2026-05-16T13:33:45Z,VIP-EST,R54403376,VIP,OK
TKT22217416940,2026-05-16T13:33:48Z,PORTE-D,R52266458,UNITE,OK
TKT74737308696,2026-05-16T13:33:49Z,PORTE-C,R51176745,ABONNEMENT,OK
TKT89139015937,2026-05-16T13:33:54Z,PORTE-D,R58916818,UNITE,OK
TKT93833668592,2026-05-16T13:33:55Z,PORTE-B,R54549337,UNITE,OK
TKT30169221898,2026-05-16T13:33:59Z,PORTE-C,R54116894,ABONNEMENT,OK
TKT65699051767,2026-05-16T13:34:00Z,PORTE-C,R52803647,UNITE,OK
TKT95948701146,2026-05-16T13:34:01Z,PORTE-C,,UNITE,OK
TKT80934991175,2026-05-16T13:34:02Z,PORTE-C,,UNITE,OK
TKT51726800099,2026-05-16T13:34:03Z,PORTE-A,R55844596,UNITE,OK
TKT95325086863,2026-05-16T13:34:06Z,PORTE-C,R52858951,UNITE,OK
TKT61668634514,2026-05-16T13:34:07Z,PORTE-C,R52861202,ABONNEMENT,OK
TKT34944966147,2026-05-16T13:34:07Z,PORTE-C,R53365145,UNITE,OK
TKT64104948215,2026-05-16T13:34:08Z,PORTE-C,R57139051,ABONNEMENT,OK
TKT95419888106,2026-05-16T13:34:09Z,PORTE-C,,UNITE,OK
TKT71082121939,2026-05-16T13:34:11Z,PORTE-C,R57951209,UNITE,OK
TKT86842168438,2026-05-16T13:34:13Z,PORTE-C,R52529636,UNITE,OK
TKT73337019788,2026-05-16T13:34:18Z,PORTE-C,R53134523,ABONNEMENT,OK
TKT90434220809,2026-05-16T13:34:19Z,PORTE-C,R57177536,ABONNEMENT,OK
TKT53052990137,2026-05-16T13:34:25Z,PORTE-D,,UNITE,OK
TKT64333151841,2026-05-16T13:34:26Z,VIP-EST,R53455946,ABONNEMENT,OK
TKT38469960588,2026-05-16T13:34:26Z,PORTE-C,R51376171,ABONNEMENT,OK
TKT23119573110,2026-05-16T13:34:29Z,PORTE-B,R53407040,ABONNEMENT,OK
TKT56305801712,2026-05-16T13:34:29Z,PORTE-C,R56619428,ABONNEMENT,OK
TKT53488873853,2026-05-16T13:34:33Z,PORTE-D,R59381884,UNITE,OK
TKT56750586518,2026-05-16T13:34:33Z,PORTE-A,R54002052,UNITE,OK
TKT61148675208,2026-05-16T13:34:35Z,PORTE-C,R52452254,ABONNEMENT,OK
TKT61887769122,2026-05-16T13:34:36Z,PORTE-A,R55399290,ABONNEMENT,OK
TKT55095378056,2026-05-16T13:34:36Z,PORTE-B,R58661475,UNITE,OK
TKT59269569809,2026-05-16T13:34:37Z,PORTE-C,,UNITE,OK
TKT94343764821,2026-05-16T13:34:37Z,PORTE-C,R58941137,UNITE,OK
TKT89311497255,2026-05-16T13:34:38Z,PORTE-D,R55532924,UNITE,OK
TKT64491908565,2026-05-16T13:34:42Z,PORTE-C,R56750744,ABONNEMENT,OK
TKT99502995202,2026-05-16T13:34:43Z,PORTE-A,,UNITE,OK
TKT33353687523,2026-05-16T13:34:44Z,PORTE-B,R59572728,ABONNEMENT,OK
TKT69500846330,2026-05-16T13:34:45Z,PORTE-C,R56110648,UNITE,OK
TKT17435234043,2026-05-16T13:34:46Z,PORTE-C,R57487982,ABONNEMENT,OK
TKT61024445763,2026-05-16T13:34:46Z,PORTE-A,R59065231,GROUPE,OK
TKT77386332322,2026-05-16T13:34:46Z,PORTE-D,R58086337,UNITE,OK
TKT76255969108,2026-05-16T13:34:48Z,PORTE-C,R59381683,ABONNEMENT,OK
TKT16756525775,2026-05-16T13:34:50Z,PORTE-D,R55631483,UNITE,REFUSE_DEJA_SCANNE
TKT97428044233,2026-05-16T13:34:53Z,PORTE-D,R54510095,UNITE,OK
TKT92083252501,2026-05-16T13:34:53Z,VIP-EST,,GROUPE,OK
TKT87001533621,2026-05-16T13:35:00Z,PORTE-D,R57260090,ABONNEMENT,OK
TKT77633804366,2026-05-16T13:35:00Z,PORTE-D,R54559959,UNITE,OK
TKT93545391759,2026-05-16T13:35:00Z,VIP-EST,R54236764,INVITATION,OK
TKT64075483213,2026-05-16T13:35:02Z,PORTE-C,R58936099,ABONNEMENT,OK
TKT38654930034,2026-05-16T13:35:02Z,PORTE-D,R54631814,UNITE,OK
TKT91043874607,2026-05-16T13:35:05Z,PORTE-C,R53523299,ABONNEMENT,OK
TKT37747743536,2026-05-16T13:35:06Z,PORTE-D,,GROUPE,OK
TKT98668219722,2026-05-16T13:35:09Z,PORTE-D,R53408668,ABONNEMENT,REFUSE_DEJA_SCANNE
TKT22288934686,2026-05-16T13:35:09Z,VIP-EST,,UNITE,OK
TKT29547230729,2026-05-16T13:35:10Z,PORTE-C,,UNITE,OK
TKT74750328220,2026-05-16T13:35:12Z,PORTE-A,R58618019,ABONNEMENT,OK
TKT77969677224,2026-05-16T13:35:12Z,PORTE-C,R51400624,ABONNEMENT,OK
TKT81806107072,2026-05-16T13:35:13Z,PORTE-C,R59483987,UNITE,OK
TKT95099576316,2026-05-16T13:35:14Z,PORTE-C,R52997824,ABONNEMENT,OK
TKT81763528086,2026-05-16T13:35:15Z,PORTE-B,R57602891,UNITE,OK
TKT65820071541,2026-05-16T13:35:16Z,PORTE-B,,UNITE,REFUSE_DEJA_SCANNE
TKT41685043551,2026-05-16T13:35:17Z,PORTE-B,R57038864,ABONNEMENT,OK
TKT96562962422,2026-05-16T13:35:18Z,VIP-EST,R55324638,ABONNEMENT,OK
TKT53266711032,2026-05-16T13:35:18Z,PORTE-D,R51919490,GROUPE,OK
TKT49137026966,2026-05-16T13:35:23Z,PORTE-D,,UNITE,OK
TKT72139217413,2026-05-16T13:35:23Z,VIP-EST,,UNITE,OK
TKT13175477944,2026-05-16T13:35:24Z,PORTE-A,R57545748,ABONNEMENT,OK
TKT97808170447,2026-05-16T13:35:24Z,PORTE-D,R54580590,ABONNEMENT,OK
TKT72891674583,2026-05-16T13:35:28Z,PORTE-D,R56850050,ABONNEMENT,OK
TKT52201001287,2026-05-16T13:35:28Z,PORTE-A,R55654643,UNITE,OK
TKT78106143499,2026-05-16T13:35:30Z,VIP-EST,R58061549,ABONNEMENT,OK
TKT54988264526,2026-05-16T13:35:32Z,PORTE-C,R53057563,UNITE,OK
TKT55411527915,2026-05-16T13:35:33Z,PORTE-B,R53832596,UNITE,OK
TKT63604361967,2026-05-16T13:35:33Z,VIP-EST,,VIP,OK
TKT19608990062,2026-05-16T13:35:33Z,VIP-EST,,UNITE,OK
TKT78476206940,2026-05-16T13:35:34Z,PORTE-A,,UNITE,OK
TKT97749212836,2026-05-16T13:35:39Z,PORTE-A,R54067174,ABONNEMENT,OK
TKT57114947098,2026-05-16T13:35:40Z,PORTE-C,R58452298,ABONNEMENT,OK
TKT30188835345,2026-05-16T13:35:46Z,PORTE-D,R56911226,ABONNEMENT,OK
TKT21586066072,2026-05-16T13:35:47Z,PORTE-C,R56370081,UNITE,OK
TKT89896800432,2026-05-16T13:35:48Z,PORTE-C,R57978047,UNITE,REFUSE_INVALIDE
TKT41870628796,2026-05-16T13:35:51Z,PORTE-A,R58998424,UNITE,OK
TKT47135308784,2026-05-16T13:35:52Z,PORTE-D,R53870190,ABONNEMENT,OK
TKT65713979328,2026-05-16T13:35:52Z,PORTE-D,,UNITE,OK
TKT93745255915,2026-05-16T13:35:55Z,VIP-EST,R52800371,VIP,OK
TKT10116178629,2026-05-16T13:35:59Z,PORTE-C,R56799717,UNITE,OK
TKT70365984593,2026-05-16T13:36:00Z,PORTE-A,R57100633,ABONNEMENT,OK
TKT30850447797,2026-05-16T13:36:05Z,PORTE-C,R56425385,ABONNEMENT,OK
TKT45222410376,2026-05-16T13:36:06Z,PORTE-D,R53067237,UNITE,OK
TKT19016245056,2026-05-16T13:36:08Z,PORTE-C,,UNITE,OK
TKT74824878814,2026-05-16T13:36:08Z,VIP-EST,,UNITE,OK
TKT62846745506,2026-05-16T13:36:09Z,PORTE-D,R58209081,UNITE,OK
TKT64791924996,2026-05-16T13:36:09Z,PORTE-C,R55659202,UNITE,OK
TKT94753081138,2026-05-16T13:36:10Z,VIP-EST,R53786688,ABONNEMENT,OK
TKT69370100620,2026-05-16T13:36:10Z,PORTE-B,R58488465,ABONNEMENT,OK
TKT80921531454,2026-05-16T13:36:10Z,PORTE-D,R59390188,ABONNEMENT,OK
TKT10961166957,2026-05-16T13:36:12Z,PORTE-D,R56962038,ABONNEMENT,OK
TKT41321941833,2026-05-16T13:36:12Z,PORTE-D,R55139100,UNITE,OK
TKT39995124642,2026-05-16T13:36:16Z,PORTE-A,R56228133,UNITE,OK
TKT49312466664,2026-05-16T13:36:16Z,PORTE-D,R53963366,UNITE,OK
TKT79042656453,2026-05-16T13:36:17Z,PORTE-A,R59209219,ABONNEMENT,OK
TKT95840860501,2026-05-16T13:36:17Z,PORTE-A,R58898629,ABONNEMENT,OK
TKT18757911099,2026-05-16T13:36:25Z,PORTE-D,R53777627,ABONNEMENT,REFUSE_DEJA_SCANNE
TKT74328320303,2026-05-16T13:36:26Z,PORTE-D,,UNITE,OK
TKT74468037077,2026-05-16T13:36:26Z,VIP-EST,R51654061,VIP,OK
TKT32991062186,2026-05-16T13:36:28Z,PORTE-C,R54126913,UNITE,OK
TKT69836941634,2026-05-16T13:36:29Z,PORTE-D,R53148143,UNITE,OK
TKT50780557136,2026-05-16T13:36:31Z,PORTE-D,R51821544,ABONNEMENT,OK
TKT47405670608,2026-05-16T13:36:33Z,PORTE-D,R56585311,UNITE,OK
TKT96943274227,2026-05-16T13:36:34Z,PORTE-B,R59709092,ABONNEMENT,OK
TKT16449581374,2026-05-16T13:36:40Z,PORTE-C,R52078123,UNITE,OK
TKT18198542554,2026-05-16T13:36:41Z,PORTE-B,R58411984,ABONNEMENT,OK
TKT79169179706,2026-05-16T13:36:42Z,PORTE-D,R57879143,ABONNEMENT,OK
TKT66940262113,2026-05-16T13:36:44Z,PORTE-B,R52673001,ABONNEMENT,OK
TKT47922571399,2026-05-16T13:36:45Z,PORTE-D,,UNITE,OK
TKT50828886176,2026-05-16T13:36:48Z,PORTE-B,R51190834,ABONNEMENT,OK
TKT47265391068,2026-05-16T13:36:52Z,PORTE-C,R56188489,ABONNEMENT,OK
TKT39476098459,2026-05-16T13:36:52Z,PORTE-C,R57415169,UNITE,OK
TKT20353445680,2026-05-16T13:36:52Z,PORTE-D,,GROUPE,OK
TKT84213122467,2026-05-16T13:36:53Z,PORTE-C,,UNITE,OK
TKT22678907748,2026-05-16T13:36:56Z,PORTE-A,R54234935,ABONNEMENT,OK
TKT73711486917,2026-05-16T13:36:56Z,PORTE-C,R52012599,ABONNEMENT,OK
TKT27722245783,2026-05-16T13:36:57Z,PORTE-C,R56822063,UNITE,OK
TKT98314883526,2026-05-16T13:36:57Z,PORTE-D,R57616789,UNITE,OK
TKT66548893121,2026-05-16T13:37:00Z,PORTE-C,R55284937,UNITE,OK
TKT33827816057,2026-05-16T13:37:02Z,VIP-EST,R57890321,ABONNEMENT,OK
TKT88694732079,2026-05-16T13:37:02Z,PORTE-A,R52901526,VIP,OK
TKT56776277037,2026-05-16T13:37:04Z,VIP-EST,,GROUPE,OK
TKT64929755801,2026-05-16T13:37:04Z,PORTE-D,R59968870,UNITE,OK
TKT42130087363,2026-05-16T13:37:05Z,PORTE-D,R56491522,UNITE,OK
TKT82821530062,2026-05-16T13:37:06Z,PORTE-C,,GROUPE,OK
TKT26002233370,2026-05-16T13:37:07Z,PORTE-C,R57095049,ABONNEMENT,OK
TKT54964317879,2026-05-16T13:37:08Z,PORTE-C,R57124674,ABONNEMENT,OK
TKT66387928920,2026-05-16T13:37:11Z,PORTE-A,R53132004,ABONNEMENT,OK
TKT44061579184,2026-05-16T13:37:12Z,PORTE-C,R56900738,ABONNEMENT,OK
TKT83047633510,2026-05-16T13:37:12Z,PORTE-C,R56704089,UNITE,OK
TKT81985051000,2026-05-16T13:37:12Z,PORTE-C,R58996642,UNITE,OK
TKT73285626869,2026-05-16T13:37:13Z,PORTE-D,,UNITE,OK
TKT91140367221,2026-05-16T13:37:14Z,VIP-EST,R53693579,ABONNEMENT,OK
TKT48882647500,2026-05-16T13:37:17Z,PORTE-D,R57962444,ABONNEMENT,OK
TKT36345120711,2026-05-16T13:37:17Z,PORTE-A,R56671476,UNITE,OK
TKT44026966665,2026-05-16T13:37:18Z,PORTE-C,R54491772,UNITE,OK
TKT28786139884,2026-05-16T13:37:18Z,PORTE-C,R53230697,UNITE,OK
TKT90293300499,2026-05-16T13:37:18Z,VIP-EST,,VIP,OK
TKT64463280137,2026-05-16T13:37:19Z,PORTE-D,,GROUPE,OK
TKT47561485747,2026-05-16T13:37:20Z,PORTE-D,R51020966,ABONNEMENT,OK
TKT66389567638,2026-05-16T13:37:20Z,PORTE-D,R57631223,UNITE,OK
TKT77978678054,2026-05-16T13:37:22Z,PORTE-C,R54824574,ABONNEMENT,OK
TKT78304859710,2026-05-16T13:37:22Z,PORTE-B,R59553859,ABONNEMENT,OK
TKT76804876426,2026-05-16T13:37:23Z,PORTE-B,R53280427,ABONNEMENT,OK
TKT29373929483,2026-05-16T13:37:23Z,VIP-EST,R55171934,ABONNEMENT,OK
TKT63404057973,2026-05-16T13:37:23Z,PORTE-D,R54627801,UNITE,OK
TKT25213807557,2026-05-16T13:37:23Z,PORTE-D,R51725370,UNITE,OK
TKT51781395203,2026-05-16T13:37:24Z,PORTE-D,,UNITE,OK
TKT91904334006,2026-05-16T13:37:25Z,PORTE-D,R52667829,ABONNEMENT,OK
TKT80521833635,2026-05-16T13:37:25Z,PORTE-D,R56622972,UNITE,OK
TKT13948161336,2026-05-16T13:37:27Z,VIP-EST,R55389080,UNITE,OK
TKT25822359541,2026-05-16T13:37:28Z,PORTE-C,R53032430,ABONNEMENT,OK
TKT85359710748,2026-05-16T13:37:30Z,PORTE-D,R54040671,ABONNEMENT,OK
TKT24200491799,2026-05-16T13:37:30Z,VIP-EST,R56007185,VIP,OK
TKT60042880881,2026-05-16T13:37:31Z,PORTE-A,R51515054,UNITE,OK
TKT72563799790,2026-05-16T13:37:33Z,PORTE-C,R52768505,ABONNEMENT,OK
TKT86365600844,2026-05-16T13:37:33Z,PORTE-C,R58192329,UNITE,OK
TKT50942059970,2026-05-16T13:37:34Z,PORTE-D,R58821803,UNITE,OK
TKT66183404236,2026-05-16T13:37:36Z,PORTE-C,R56555073,ABONNEMENT,OK
TKT27990500173,2026-05-16T13:37:42Z,PORTE-D,R58163508,UNITE,OK
TKT88499829878,2026-05-16T13:37:43Z,PORTE-D,R59012379,ABONNEMENT,OK
TKT26733017412,2026-05-16T13:37:44Z,PORTE-D,R51346469,UNITE,OK
TKT46878758388,2026-05-16T13:37:47Z,PORTE-A,R59269370,UNITE,OK
TKT73642565834,2026-05-16T13:37:47Z,PORTE-D,R58252192,GROUPE,OK
TKT50284634877,2026-05-16T13:37:49Z,PORTE-C,R53976450,ABONNEMENT,OK
TKT50650626993,2026-05-16T13:37:49Z,VIP-EST,R56327985,ABONNEMENT,OK
TKT69921985055,2026-05-16T13:37:52Z,PORTE-D,R56751836,UNITE,OK
TKT96413736578,2026-05-16T13:37:56Z,PORTE-C,R52286821,ABONNEMENT,OK
TKT10025235408,2026-05-16T13:37:57Z,PORTE-C,R55277370,ABONNEMENT,OK
TKT65005899529,2026-05-16T13:38:06Z,PORTE-B,,UNITE,OK
TKT44745618753,2026-05-16T13:38:08Z,PORTE-C,R53586036,ABONNEMENT,OK
TKT28410239028,2026-05-16T13:38:10Z,PORTE-D,,UNITE,OK
TKT66057792644,2026-05-16T13:38:12Z,PORTE-D,R59292865,UNITE,OK
TKT45012469285,2026-05-16T13:38:13Z,VIP-EST,R57625495,UNITE,OK
TKT34191816065,2026-05-16T13:38:21Z,PORTE-C,R52169661,ABONNEMENT,OK
TKT42409904875,2026-05-16T13:38:23Z,PORTE-D,,UNITE,OK
TKT15065530615,2026-05-16T13:38:24Z,PORTE-C,R59526887,ABONNEMENT,OK
TKT84636191232,2026-05-16T13:38:28Z,VIP-EST,R51266923,UNITE,OK
TKT46742301326,2026-05-16T13:38:30Z,PORTE-D,R56945611,UNITE,OK
TKT32734144786,2026-05-16T13:38:31Z,PORTE-A,R54628538,ABONNEMENT,OK
TKT33312976739,2026-05-16T13:38:33Z,VIP-EST,R54409774,ABONNEMENT,OK
TKT85080607440,2026-05-16T13:38:36Z,PORTE-D,,UNITE,OK
TKT17564851676,2026-05-16T13:38:40Z,PORTE-D,R52966293,UNITE,OK
TKT45930506563,2026-05-16T13:38:42Z,PORTE-C,R56198163,UNITE,OK
TKT56362946075,2026-05-16T13:38:46Z,PORTE-A,R59257857,UNITE,OK
TKT20067603217,2026-05-16T13:38:55Z,PORTE-A,R54172265,UNITE,OK
TKT44575788833,2026-05-16T13:38:56Z,PORTE-A,R54103207,UNITE,OK
TKT47401690177,2026-05-16T13:39:00Z,PORTE-D,R57562634,ABONNEMENT,OK
TKT99261883892,2026-05-16T13:39:01Z,PORTE-A,R56003430,ABONNEMENT,OK
TKT61340505007,2026-05-16T13:39:06Z,PORTE-D,R52440550,ABONNEMENT,OK
TKT54355229427,2026-05-16T13:39:10Z,PORTE-A,R53085617,ABONNEMENT,OK
TKT67259842392,2026-05-16T13:39:13Z,PORTE-C,R59023135,UNITE,OK
TKT81000662133,2026-05-16T13:39:15Z,PORTE-B,R52289675,UNITE,OK
TKT83320532994,2026-05-16T13:39:16Z,PORTE-C,,GROUPE,OK
TKT73337019788,2026-05-16T13:39:18Z,PORTE-C,R53134523,ABONNEMENT,REFUSE_DEJA_SCANNE
TKT39871069107,2026-05-16T13:39:20Z,PORTE-D,R51700726,UNITE,OK
TKT93586571387,2026-05-16T13:39:21Z,PORTE-D,R55768795,UNITE,OK
TKT99898073519,2026-05-16T13:39:24Z,PORTE-A,R51163058,UNITE,OK
TKT97230689394,2026-05-16T13:39:30Z,PORTE-C,R57082387,ABONNEMENT,OK
TKT27610484856,2026-05-16T13:39:32Z,PORTE-D,R53757130,ABONNEMENT,OK
TKT54629999240,2026-05-16T13:39:32Z,PORTE-D,R59713172,UNITE,OK
TKT45334650650,2026-05-16T13:39:39Z,PORTE-D,R57357490,UNITE,OK
TKT50279691209,2026-05-16T13:39:40Z,PORTE-C,R59873309,ABONNEMENT,OK
TKT77792178963,2026-05-16T13:39:42Z,PORTE-D,R53870200,UNITE,OK
TKT45054689427,2026-05-16T13:39:48Z,PORTE-A,,UNITE,OK
TKT11172929798,2026-05-16T13:39:48Z,VIP-EST,R58855796,UNITE,OK
TKT54464979391,2026-05-16T13:39:50Z,VIP-EST,R54467664,ABONNEMENT,OK
TKT74042856119,2026-05-16T13:39:50Z,PORTE-D,R51751327,UNITE,OK
TKT94986682302,2026-05-16T13:39:51Z,PORTE-C,R53601160,UNITE,OK
TKT31006652143,2026-05-16T13:39:54Z,PORTE-D,,UNITE,OK
TKT81991250130,2026-05-16T13:39:59Z,VIP-EST,,UNITE,OK
TKT43938279144,2026-05-16T13:40:01Z,PORTE-D,R55878043,ABONNEMENT,OK
TKT21181841108,2026-05-16T13:40:02Z,PORTE-C,R54816672,ABONNEMENT,OK
TKT52632915745,2026-05-16T13:40:02Z,PORTE-C,,UNITE,OK
TKT17922955341,2026-05-16T13:40:07Z,PORTE-B,R58871935,ABONNEMENT,OK
TKT32358321341,2026-05-16T13:40:08Z,PORTE-A,R55703683,ABONNEMENT,OK
TKT40071003322,2026-05-16T13:40:09Z,VIP-EST,R54263679,ABONNEMENT,OK
TKT16863837399,2026-05-16T13:40:11Z,VIP-EST,R55146935,UNITE,OK
TKT70935526377,2026-05-16T13:40:12Z,PORTE-C,R58461905,ABONNEMENT,OK
TKT39175845609,2026-05-16T13:40:17Z,PORTE-C,R54224849,ABONNEMENT,OK
TKT61242224517,2026-05-16T13:40:20Z,PMR-NORD,R53484546,ABONNEMENT,OK
TKT26721374855,2026-05-16T13:40:22Z,PORTE-C,R53799561,ABONNEMENT,REFUSE_DEJA_SCANNE
TKT29244529129,2026-05-16T13:40:23Z,PORTE-D,R57581838,UNITE,OK
TKT56683593693,2026-05-16T13:40:25Z,PORTE-B,,UNITE,OK
TKT90244453031,2026-05-16T13:40:26Z,VIP-EST,R59857917,VIP,OK
TKT43953360448,2026-05-16T13:40:29Z,PORTE-C,R51883601,ABONNEMENT,OK
TKT94858105014,2026-05-16T13:40:31Z,PORTE-C,R56403384,ABONNEMENT,OK
TKT56505684249,2026-05-16T13:40:35Z,PORTE-C,R53972226,ABONNEMENT,OK
TKT95568819265,2026-05-16T13:40:35Z,PORTE-C,R54259110,ABONNEMENT,OK
TKT27435069781,2026-05-16T13:40:36Z,VIP-EST,R55757962,VIP,OK
TKT30598478239,2026-05-16T13:40:37Z,PORTE-D,R52162583,UNITE,OK
TKT44229747280,2026-05-16T13:40:39Z,PORTE-C,R53310387,UNITE,OK
TKT31455496848,2026-05-16T13:40:49Z,PORTE-C,R52456066,UNITE,OK
TKT95979095548,2026-05-16T13:40:50Z,PORTE-D,R56987640,ABONNEMENT,OK
TKT39483737289,2026-05-16T13:40:50Z,PORTE-C,R56638297,ABONNEMENT,OK
TKT65781948649,2026-05-16T13:40:50Z,PORTE-D,R55100481,ABONNEMENT,OK
TKT84256530671,2026-05-16T13:40:50Z,PORTE-C,R58622779,ABONNEMENT,OK
TKT86885181208,2026-05-16T13:40:53Z,PORTE-A,R54032645,ABONNEMENT,OK
TKT57285973941,2026-05-16T13:40:53Z,PORTE-C,,GROUPE,OK
TKT24477853311,2026-05-16T13:40:54Z,PORTE-C,R54764222,UNITE,OK
TKT12518298770,2026-05-16T13:40:57Z,PORTE-C,R57606358,ABONNEMENT,OK
TKT17498472881,2026-05-16T13:40:57Z,PORTE-D,,UNITE,OK
TKT32321345748,2026-05-16T13:41:00Z,PORTE-D,,UNITE,OK
TKT17117593288,2026-05-16T13:41:04Z,VIP-EST,R53396820,ABONNEMENT,OK
TKT64469440520,2026-05-16T13:41:06Z,PORTE-A,,INVITATION,OK
TKT13531834569,2026-05-16T13:41:07Z,PORTE-C,,UNITE,OK
TKT85034572064,2026-05-16T13:41:08Z,PORTE-B,R53317197,ABONNEMENT,OK
TKT38649259703,2026-05-16T13:41:09Z,PORTE-D,R55840305,GROUPE,OK
TKT52400532415,2026-05-16T13:41:09Z,PORTE-C,R54687932,UNITE,OK
TKT58709887141,2026-05-16T13:41:11Z,PORTE-D,,UNITE,OK
TKT26110092154,2026-05-16T13:41:13Z,PORTE-C,R56658593,ABONNEMENT,OK
TKT28814558517,2026-05-16T13:41:13Z,PORTE-C,R56662338,ABONNEMENT,OK
TKT37205680082,2026-05-16T13:41:15Z,PORTE-C,R59116244,UNITE,OK
TKT46367605087,2026-05-16T13:41:16Z,PORTE-D,R53967523,ABONNEMENT,OK
TKT32312955752,2026-05-16T13:41:24Z,PORTE-C,R59685654,ABONNEMENT,OK
TKT45922796287,2026-05-16T13:41:25Z,PORTE-C,,UNITE,OK
TKT33332189806,2026-05-16T13:41:25Z,PORTE-A,,GROUPE,OK
TKT64502751947,2026-05-16T13:41:28Z,VIP-EST,R51352197,VIP,OK
TKT18752532814,2026-05-16T13:41:30Z,PORTE-C,R54220759,UNITE,OK
TKT50967046594,2026-05-16T13:41:32Z,PORTE-C,R51510284,ABONNEMENT,OK
TKT40242347372,2026-05-16T13:41:33Z,VIP-EST,R54097958,ABONNEMENT,OK
TKT36934521969,2026-05-16T13:41:39Z,PORTE-D,,UNITE,OK
TKT92561249122,2026-05-16T13:41:39Z,PORTE-D,R56579114,UNITE,OK
TKT82140660138,2026-05-16T13:41:43Z,VIP-EST,R52035548,UNITE,OK
TKT60711654239,2026-05-16T13:41:46Z,PORTE-C,R53863380,ABONNEMENT,OK
TKT76745789881,2026-05-16T13:41:47Z,PORTE-C,R52137728,ABONNEMENT,OK
TKT40042759482,2026-05-16T13:41:47Z,PORTE-B,R56638364,ABONNEMENT,OK
TKT19660863396,2026-05-16T13:41:52Z,PORTE-C,R59645139,ABONNEMENT,OK
TKT42582301514,2026-05-16T13:41:57Z,PORTE-C,R51701195,UNITE,OK
TKT26736302148,2026-05-16T13:41:58Z,PORTE-B,R58800003,ABONNEMENT,OK
TKT41578499187,2026-05-16T13:42:02Z,PORTE-D,R58627281,UNITE,OK
TKT25705276961,2026-05-16T13:42:05Z,PORTE-C,R56790599,GROUPE,OK
TKT92503169588,2026-05-16T13:42:07Z,PORTE-D,R58368327,ABONNEMENT,OK
TKT18194232565,2026-05-16T13:42:07Z,PORTE-C,R58107658,UNITE,OK
TKT71467514870,2026-05-16T13:42:08Z,PORTE-A,R59318132,ABONNEMENT,OK
TKT91128034465,2026-05-16T13:42:10Z,PORTE-C,R52423309,UNITE,OK
TKT79741848897,2026-05-16T13:42:11Z,PORTE-C,R52248671,UNITE,OK
TKT48271509972,2026-05-16T13:42:13Z,PORTE-B,,UNITE,OK
TKT81294688330,2026-05-16T13:42:14Z,PORTE-D,R58757649,UNITE,OK
TKT63519361396,2026-05-16T13:42:15Z,PORTE-D,R56483754,INVITATION,OK
TKT14230648942,2026-05-16T13:42:17Z,PORTE-C,R52164767,ABONNEMENT,OK
TKT95294813960,2026-05-16T13:42:17Z,VIP-EST,R58052766,ABONNEMENT,OK
TKT90458344338,2026-05-16T13:42:21Z,PORTE-D,R58994947,INVITATION,REFUSE_INVALIDE
TKT61373622245,2026-05-16T13:42:22Z,PORTE-D,R58753961,UNITE,OK
TKT13175477944,2026-05-16T13:42:24Z,PORTE-A,R57545748,ABONNEMENT,REFUSE_DEJA_SCANNE
TKT45837061159,2026-05-16T13:42:24Z,VIP-EST,R58710850,ABONNEMENT,OK
TKT19673227562,2026-05-16T13:42:25Z,PORTE-C,R59200369,UNITE,OK
TKT39733209967,2026-05-16T13:42:34Z,PORTE-D,R55866463,ABONNEMENT,OK
TKT33599607829,2026-05-16T13:42:39Z,PORTE-C,R57811311,ABONNEMENT,OK
TKT92893932114,2026-05-16T13:42:39Z,PORTE-C,R57560182,ABONNEMENT,OK
TKT81001908102,2026-05-16T13:42:39Z,PORTE-C,R58775962,ABONNEMENT,OK
TKT11019965534,2026-05-16T13:42:40Z,PORTE-B,R53879941,UNITE,OK
TKT76004065915,2026-05-16T13:42:42Z,PORTE-C,R53048167,UNITE,OK
TKT13630436261,2026-05-16T13:42:44Z,PORTE-C,R54536052,ABONNEMENT,OK
TKT68597759098,2026-05-16T13:42:44Z,PORTE-C,R56403106,ABONNEMENT,OK
TKT36365356897,2026-05-16T13:42:44Z,PORTE-D,R58545541,UNITE,OK
TKT26316595599,2026-05-16T13:42:47Z,PORTE-B,R51494547,ABONNEMENT,OK
TKT25752066596,2026-05-16T13:42:47Z,PORTE-C,R59205608,ABONNEMENT,OK
TKT19203771490,2026-05-16T13:42:47Z,VIP-EST,,VIP,OK
TKT41922461228,2026-05-16T13:42:47Z,PORTE-D,R56188623,INVITATION,OK
TKT61978014118,2026-05-16T13:42:51Z,PORTE-A,R53085493,ABONNEMENT,OK
TKT52236351749,2026-05-16T13:42:53Z,PORTE-A,R55183926,ABONNEMENT,OK
TKT16554292342,2026-05-16T13:42:54Z,PORTE-C,R51734096,UNITE,OK
TKT39006124552,2026-05-16T13:42:55Z,PORTE-C,R55825727,ABONNEMENT,OK
TKT49737569730,2026-05-16T13:42:56Z,PORTE-A,R53074516,ABONNEMENT,OK
TKT81593785750,2026-05-16T13:42:58Z,PORTE-D,R55894661,UNITE,OK
TKT83419010919,2026-05-16T13:42:59Z,PORTE-D,,UNITE,OK
TKT85463226616,2026-05-16T13:42:59Z,PORTE-C,R58452921,UNITE,OK
TKT41804125370,2026-05-16T13:42:59Z,PORTE-A,R54864486,UNITE,OK
TKT85207876128,2026-05-16T13:43:04Z,PORTE-C,,UNITE,OK
TKT71741410329,2026-05-16T13:43:10Z,PORTE-D,R56475584,UNITE,OK
TKT81868617932,2026-05-16T13:43:12Z,PORTE-C,,UNITE,OK
TKT56371109890,2026-05-16T13:43:13Z,PORTE-A,R51321068,ABONNEMENT,OK
TKT47558337838,2026-05-16T13:43:13Z,PORTE-D,,GROUPE,OK
TKT84192218444,2026-05-16T13:43:14Z,PORTE-D,R57857353,UNITE,OK
TKT80016876513,2026-05-16T13:43:15Z,PORTE-C,R53128738,UNITE,OK
TKT77118417470,2026-05-16T13:43:17Z,PORTE-C,R55960587,ABONNEMENT,OK
TKT13304882032,2026-05-16T13:43:18Z,PORTE-C,R54836556,UNITE,OK
TKT17996814483,2026-05-16T13:43:19Z,PORTE-C,,UNITE,OK
TKT86126041216,2026-05-16T13:43:19Z,PORTE-D,R57782299,UNITE,OK
TKT42230911216,2026-05-16T13:43:20Z,PORTE-D,,GROUPE,OK
TKT71367009130,2026-05-16T13:43:21Z,PORTE-C,R54762383,UNITE,OK
TKT93953915229,2026-05-16T13:43:23Z,PORTE-D,R54396422,UNITE,OK
TKT51091150203,2026-05-16T13:43:24Z,PORTE-D,R57739523,ABONNEMENT,OK
TKT94454509258,2026-05-16T13:43:24Z,PORTE-C,,UNITE,OK
TKT93326490873,2026-05-16T13:43:24Z,PORTE-D,R53247181,UNITE,OK
TKT87686207033,2026-05-16T13:43:26Z,PORTE-A,R59637917,ABONNEMENT,OK
TKT41313911308,2026-05-16T13:43:28Z,PORTE-D,R52946399,UNITE,OK
TKT22823914168,2026-05-16T13:43:30Z,PORTE-A,,GROUPE,OK
TKT19961848808,2026-05-16T13:43:31Z,PORTE-A,R52615111,ABONNEMENT,OK
TKT64270914202,2026-05-16T13:43:31Z,PORTE-C,R54668249,ABONNEMENT,OK
TKT39707658873,2026-05-16T13:43:33Z,PORTE-A,R59621299,ABONNEMENT,OK
TKT42135627181,2026-05-16T13:43:37Z,PORTE-A,R56127333,ABONNEMENT,OK
TKT13568110604,2026-05-16T13:43:38Z,VIP-EST,R55440016,ABONNEMENT,OK
TKT40544392621,2026-05-16T13:43:38Z,PORTE-A,,INVITATION,OK
TKT98010050482,2026-05-16T13:43:39Z,PORTE-D,R51852405,UNITE,OK
TKT79742107584,2026-05-16T13:43:41Z,PORTE-A,R57956314,ABONNEMENT,OK
TKT21536775116,2026-05-16T13:43:42Z,PORTE-D,R55105385,ABONNEMENT,OK
TKT31811209510,2026-05-16T13:43:42Z,PORTE-A,R54050824,UNITE,OK
TKT10059561683,2026-05-16T13:43:43Z,PORTE-C,R52396270,ABONNEMENT,OK
TKT29100986444,2026-05-16T13:43:45Z,PORTE-D,,UNITE,OK
TKT77793033614,2026-05-16T13:43:52Z,PORTE-B,R55744821,UNITE,OK
TKT21403860789,2026-05-16T13:43:53Z,PORTE-D,R52278162,ABONNEMENT,OK
TKT78077582593,2026-05-16T13:43:54Z,PORTE-D,,UNITE,OK
TKT63445102173,2026-05-16T13:43:55Z,PORTE-C,R53519698,ABONNEMENT,OK
TKT67541309900,2026-05-16T13:43:55Z,PORTE-C,R52665310,UNITE,OK
TKT34644966032,2026-05-16T13:43:55Z,PORTE-C,R52511926,INVITATION,OK
TKT66256056291,2026-05-16T13:43:56Z,VIP-EST,R54840569,ABONNEMENT,OK
TKT86799009369,2026-05-16T13:43:57Z,PORTE-C,R57763152,UNITE,OK
TKT41018070860,2026-05-16T13:44:00Z,VIP-EST,R57991801,INVITATION,OK
TKT32365539968,2026-05-16T13:44:01Z,PORTE-A,,UNITE,OK
TKT37712678575,2026-05-16T13:44:02Z,PORTE-C,R51385165,ABONNEMENT,OK
TKT24208669606,2026-05-16T13:44:03Z,PORTE-C,,UNITE,OK
TKT23683450565,2026-05-16T13:44:03Z,PORTE-A,R57739111,UNITE,OK
TKT24184934635,2026-05-16T13:44:04Z,PORTE-D,R53686357,ABONNEMENT,OK
TKT60639388216,2026-05-16T13:44:04Z,PORTE-C,R57602000,UNITE,REFUSE_INVALIDE
TKT32911917475,2026-05-16T13:44:04Z,PORTE-D,,UNITE,OK
TKT27550109214,2026-05-16T13:44:04Z,VIP-EST,R52277961,VIP,OK
TKT20116897934,2026-05-16T13:44:06Z,VIP-EST,R56759202,VIP,OK
TKT83932113062,2026-05-16T13:44:07Z,PORTE-A,R58509997,ABONNEMENT,OK
TKT50084190520,2026-05-16T13:44:07Z,PORTE-A,R51016953,UNITE,OK
TKT37994014075,2026-05-16T13:44:12Z,VIP-EST,R58593221,ABONNEMENT,OK
TKT14005652105,2026-05-16T13:44:13Z,PORTE-B,,UNITE,OK
TKT23539570569,2026-05-16T13:44:14Z,VIP-EST,,VIP,OK
TKT13724648774,2026-05-16T13:44:15Z,PORTE-D,,GROUPE,OK
TKT50565682159,2026-05-16T13:44:15Z,PORTE-C,,UNITE,OK
TKT67244079613,2026-05-16T13:44:16Z,PORTE-C,R59122652,UNITE,OK
TKT95105294464,2026-05-16T13:44:16Z,PORTE-C,R53891310,UNITE,OK
TKT92931517468,2026-05-16T13:44:19Z,PORTE-C,R58015162,ABONNEMENT,OK
TKT76405541388,2026-05-16T13:44:28Z,PORTE-D,,INVITATION,OK
TKT50846550881,2026-05-16T13:44:28Z,VIP-EST,R56527545,UNITE,OK
TKT58581815449,2026-05-16T13:44:30Z,PORTE-D,R57844413,GROUPE,OK
TKT55927733258,2026-05-16T13:44:31Z,VIP-EST,,UNITE,OK
TKT60125506937,2026-05-16T13:44:32Z,PORTE-C,R59168292,ABONNEMENT,OK
TKT23301454318,2026-05-16T13:44:32Z,VIP-EST,R57317099,UNITE,OK
TKT66183404236,2026-05-16T13:44:36Z,PORTE-C,R56555073,ABONNEMENT,REFUSE_DEJA_SCANNE
TKT93712215092,2026-05-16T13:44:36Z,PORTE-C,R58598882,ABONNEMENT,OK
TKT33381356139,2026-05-16T13:44:39Z,PORTE-D,R56955764,UNITE,OK
TKT17779343456,2026-05-16T13:44:40Z,PORTE-A,R51188047,UNITE,OK
TKT70596942110,2026-05-16T13:44:41Z,PORTE-B,R59820313,ABONNEMENT,OK
TKT46250541954,2026-05-16T13:44:41Z,PORTE-B,R53201953,ABONNEMENT,OK
TKT87998948725,2026-05-16T13:44:47Z,PORTE-B,R58363413,UNITE,OK
TKT79535536711,2026-05-16T13:44:47Z,PORTE-D,R56396574,GROUPE,OK
TKT58172339125,2026-05-16T13:44:49Z,PORTE-A,R55776007,UNITE,OK
TKT58212695961,2026-05-16T13:44:56Z,PORTE-C,R56601661,ABONNEMENT,OK
TKT48989534258,2026-05-16T13:44:59Z,PORTE-A,R52275040,ABONNEMENT,OK
TKT69340530076,2026-05-16T13:44:59Z,PORTE-D,R58662624,UNITE,OK
TKT72316842331,2026-05-16T13:45:02Z,PORTE-D,R59667197,UNITE,REFUSE_INVALIDE
TKT11680604331,2026-05-16T13:45:03Z,PORTE-C,R59568581,UNITE,OK
TKT12662750163,2026-05-16T13:45:03Z,PORTE-C,,UNITE,OK
TKT72508023172,2026-05-16T13:45:04Z,VIP-EST,R51759028,UNITE,OK
TKT27499829644,2026-05-16T13:45:08Z,PORTE-C,R54758303,UNITE,OK
TKT31320295872,2026-05-16T13:45:10Z,PORTE-D,,GROUPE,OK
TKT42865374094,2026-05-16T13:45:11Z,PMR-NORD,R59012590,UNITE,OK
TKT99733299341,2026-05-16T13:45:11Z,VIP-EST,R54154622,VIP,OK
TKT74750328220,2026-05-16T13:45:12Z,PORTE-A,R58618019,ABONNEMENT,REFUSE_DEJA_SCANNE
TKT26168863359,2026-05-16T13:45:13Z,PORTE-D,R56493093,ABONNEMENT,OK
TKT48505532007,2026-05-16T13:45:13Z,PORTE-B,,UNITE,OK
TKT28143917248,2026-05-16T13:45:14Z,PORTE-B,R54972910,INVITATION,OK
TKT43036040448,2026-05-16T13:45:14Z,VIP-EST,R59003395,VIP,OK
TKT23580899461,2026-05-16T13:45:15Z,PORTE-B,R51955245,ABONNEMENT,OK
TKT79250504178,2026-05-16T13:45:16Z,PORTE-B,R53287840,ABONNEMENT,OK
TKT23737241608,2026-05-16T13:45:16Z,VIP-EST,R52055097,UNITE,OK
TKT92681596462,2026-05-16T13:45:16Z,PORTE-D,R51303837,UNITE,OK
TKT29420328336,2026-05-16T13:45:22Z,PORTE-D,,GROUPE,OK
TKT60282765210,2026-05-16T13:45:24Z,PORTE-C,R55550021,ABONNEMENT,OK
TKT71608803884,2026-05-16T13:45:26Z,VIP-EST,R57619844,ABONNEMENT,OK
TKT95222670217,2026-05-16T13:45:28Z,PORTE-C,R57012840,ABONNEMENT,OK
TKT20291491636,2026-05-16T13:45:29Z,PORTE-D,,UNITE,OK
TKT36192487388,2026-05-16T13:45:30Z,PORTE-B,R53349753,ABONNEMENT,OK
TKT14924614066,2026-05-16T13:45:30Z,PORTE-D,R57341274,GROUPE,OK
TKT63980759476,2026-05-16T13:45:31Z,PORTE-A,,UNITE,OK
TKT58134890955,2026-05-16T13:45:32Z,PORTE-D,,UNITE,OK
TKT16570198349,2026-05-16T13:45:32Z,PORTE-D,,UNITE,OK
TKT27124572358,2026-05-16T13:45:35Z,PORTE-C,R51283819,ABONNEMENT,OK
TKT68957089643,2026-05-16T13:45:35Z,PORTE-C,R58031177,ABONNEMENT,OK
TKT84968499017,2026-05-16T13:45:35Z,PORTE-C,,INVITATION,OK
TKT44578004106,2026-05-16T13:45:36Z,PORTE-D,R58381401,UNITE,OK
TKT29032566068,2026-05-16T13:45:37Z,PORTE-D,R51812148,UNITE,OK
TKT79458844391,2026-05-16T13:45:38Z,PORTE-B,R53530186,UNITE,OK
TKT77174750626,2026-05-16T13:45:40Z,PORTE-D,R55538240,UNITE,OK
TKT39136205643,2026-05-16T13:45:41Z,PORTE-C,R51287286,INVITATION,OK
TKT93465053805,2026-05-16T13:45:42Z,PORTE-B,R51183555,UNITE,OK
TKT29201415288,2026-05-16T13:45:44Z,PORTE-C,,UNITE,OK
TKT53787120217,2026-05-16T13:45:45Z,PORTE-A,R56863469,ABONNEMENT,OK
TKT56598475907,2026-05-16T13:45:46Z,PORTE-A,R52078870,UNITE,OK
TKT59053643125,2026-05-16T13:45:48Z,VIP-EST,R56193949,ABONNEMENT,OK
TKT28184984714,2026-05-16T13:45:48Z,PORTE-D,R52544760,INVITATION,OK
TKT77112198984,2026-05-16T13:45:51Z,PORTE-D,R52500691,ABONNEMENT,OK
TKT36466313926,2026-05-16T13:45:51Z,PORTE-D,R54775045,UNITE,OK
TKT22328402340,2026-05-16T13:45:51Z,PORTE-B,R57844145,UNITE,OK
TKT40113381265,2026-05-16T13:45:52Z,PORTE-C,R55165938,ABONNEMENT,OK
TKT74136081039,2026-05-16T13:45:53Z,PORTE-C,,INVITATION,OK
TKT41852593722,2026-05-16T13:45:58Z,PORTE-C,R51299958,UNITE,OK
TKT79153670525,2026-05-16T13:45:59Z,PMR-NORD,R56147150,ABONNEMENT,OK
TKT72885653535,2026-05-16T13:46:04Z,PORTE-A,R52421202,ABONNEMENT,OK
TKT88416507566,2026-05-16T13:46:04Z,PORTE-D,R54913593,UNITE,OK
TKT57596031517,2026-05-16T13:46:04Z,PORTE-D,R57493911,UNITE,OK
TKT31107702948,2026-05-16T13:46:05Z,PORTE-D,R51217816,UNITE,OK
TKT62941608021,2026-05-16T13:46:08Z,PORTE-B,R55829951,UNITE,OK
TKT44790842046,2026-05-16T13:46:09Z,PORTE-D,R59348648,ABONNEMENT,OK
TKT94213129192,2026-05-16T13:46:10Z,PORTE-A,R56544652,UNITE,OK
TKT60852488998,2026-05-16T13:46:10Z,PORTE-D,R53380068,UNITE,OK
TKT75621985998,2026-05-16T13:46:11Z,PORTE-B,R54690384,UNITE,OK
TKT39044905919,2026-05-16T13:46:12Z,PORTE-C,R51920716,UNITE,OK
TKT27388610738,2026-05-16T13:46:13Z,PORTE-A,R58452576,ABONNEMENT,OK
TKT40791077754,2026-05-16T13:46:14Z,PORTE-C,,INVITATION,OK
TKT82511263660,2026-05-16T13:46:17Z,PORTE-C,R59997681,ABONNEMENT,OK
TKT58727297472,2026-05-16T13:46:17Z,PORTE-C,R51787829,UNITE,OK
TKT91477015290,2026-05-16T13:46:18Z,VIP-EST,R59036765,UNITE,OK
TKT31925454208,2026-05-16T13:46:19Z,PORTE-C,R52673892,UNITE,OK
TKT53166361598,2026-05-16T13:46:20Z,PORTE-C,R56273495,ABONNEMENT,OK
TKT70128721165,2026-05-16T13:46:21Z,PORTE-C,,UNITE,OK
TKT32072248358,2026-05-16T13:46:22Z,PORTE-C,R53227833,ABONNEMENT,OK
TKT45086354902,2026-05-16T13:46:23Z,PORTE-A,R52803714,GROUPE,OK
TKT31589495685,2026-05-16T13:46:23Z,PORTE-D,R53136094,UNITE,OK
TKT17472186306,2026-05-16T13:46:24Z,PORTE-D,R56962373,UNITE,OK
TKT63876636421,2026-05-16T13:46:24Z,PORTE-D,R54725201,UNITE,OK
TKT95382005790,2026-05-16T13:46:25Z,PORTE-D,R58760369,ABONNEMENT,OK
TKT27505942560,2026-05-16T13:46:28Z,PORTE-C,,UNITE,OK
TKT74626209822,2026-05-16T13:46:28Z,PORTE-D,R59614623,UNITE,OK
TKT74086423912,2026-05-16T13:46:29Z,VIP-EST,R54287442,ABONNEMENT,OK
TKT41248785615,2026-05-16T13:46:29Z,VIP-EST,,VIP,OK
TKT66930056359,2026-05-16T13:46:30Z,PORTE-D,R55816810,UNITE,OK
TKT55269630160,2026-05-16T13:46:31Z,PORTE-A,R51604542,ABONNEMENT,OK
TKT40393666419,2026-05-16T13:46:33Z,PORTE-A,R55004240,ABONNEMENT,OK
TKT94116327101,2026-05-16T13:46:34Z,PORTE-A,R54524740,VIP,OK
TKT54476849990,2026-05-16T13:46:35Z,PORTE-D,R53829876,ABONNEMENT,OK
TKT20328796845,2026-05-16T13:46:42Z,PORTE-C,R59657188,ABONNEMENT,OK
TKT83830144661,2026-05-16T13:46:42Z,PORTE-C,,UNITE,OK
TKT58798457109,2026-05-16T13:46:44Z,PORTE-C,R54418423,ABONNEMENT,OK
TKT84922423699,2026-05-16T13:46:45Z,PORTE-C,R52470041,ABONNEMENT,OK
TKT77820266540,2026-05-16T13:46:45Z,PORTE-D,R55819195,ABONNEMENT,OK
TKT78213638529,2026-05-16T13:46:45Z,PORTE-C,R55981707,UNITE,OK
TKT74223933776,2026-05-16T13:46:46Z,PORTE-D,R59057262,ABONNEMENT,OK
TKT67394437989,2026-05-16T13:46:48Z,PORTE-C,R54331109,ABONNEMENT,OK
TKT56746652430,2026-05-16T13:46:53Z,PORTE-A,R55677592,ABONNEMENT,OK
TKT18930724300,2026-05-16T13:46:53Z,PORTE-C,R59813771,UNITE,OK
TKT10059445573,2026-05-16T13:46:54Z,PORTE-C,R58704720,UNITE,OK
TKT15307592816,2026-05-16T13:46:55Z,VIP-EST,R57993094,VIP,OK
TKT12617675266,2026-05-16T13:46:55Z,VIP-EST,R56010719,UNITE,OK
TKT59427587198,2026-05-16T13:46:56Z,PORTE-B,R59411710,ABONNEMENT,OK
TKT61746438336,2026-05-16T13:46:57Z,PORTE-D,R52017235,ABONNEMENT,OK
TKT67122464725,2026-05-16T13:46:57Z,PORTE-D,R57718470,ABONNEMENT,OK
TKT82588106850,2026-05-16T13:46:58Z,PORTE-C,R51812349,UNITE,OK
TKT71792383573,2026-05-16T13:46:58Z,PORTE-C,R52926582,UNITE,OK
TKT89445036530,2026-05-16T13:46:58Z,PORTE-A,R52371750,UNITE,OK
TKT26758882766,2026-05-16T13:46:59Z,PORTE-D,R57186386,UNITE,OK
TKT91379417787,2026-05-16T13:47:01Z,PORTE-C,R53089985,ABONNEMENT,OK
TKT84525127035,2026-05-16T13:47:02Z,PORTE-D,R51713733,ABONNEMENT,OK
TKT86956147289,2026-05-16T13:47:04Z,PORTE-D,,UNITE,OK
TKT65059513560,2026-05-16T13:47:09Z,PORTE-D,R58098195,ABONNEMENT,OK
TKT16453084770,2026-05-16T13:47:09Z,PORTE-D,R52248748,UNITE,OK
TKT37268247706,2026-05-16T13:47:10Z,PORTE-D,R51176122,UNITE,OK
TKT34871642869,2026-05-16T13:47:11Z,PORTE-C,R54186163,ABONNEMENT,OK
TKT30993138210,2026-05-16T13:47:11Z,PORTE-A,R56677874,UNITE,OK
TKT29772765639,2026-05-16T13:47:12Z,PORTE-D,R52927885,ABONNEMENT,OK
TKT87571543957,2026-05-16T13:47:14Z,PORTE-C,R52551081,ABONNEMENT,OK
TKT49984902765,2026-05-16T13:47:15Z,PORTE-D,R59086820,ABONNEMENT,OK
TKT98583811987,2026-05-16T13:47:17Z,PORTE-C,R59144998,ABONNEMENT,OK
TKT86882453731,2026-05-16T13:47:17Z,PORTE-A,R58307228,UNITE,OK
TKT16916406031,2026-05-16T13:47:19Z,PORTE-A,R54378444,ABONNEMENT,OK
TKT19123485448,2026-05-16T13:47:19Z,PORTE-A,R58287612,UNITE,OK
TKT71000230084,2026-05-16T13:47:21Z,VIP-EST,R51846754,UNITE,OK
TKT64734237166,2026-05-16T13:47:22Z,PORTE-C,R56883430,UNITE,OK
TKT94561616762,2026-05-16T13:47:22Z,PORTE-D,R57638512,INVITATION,OK
TKT33776894215,2026-05-16T13:47:24Z,PORTE-D,R58236656,UNITE,OK
TKT65300951241,2026-05-16T13:47:25Z,PORTE-D,R52229132,UNITE,OK
TKT56431193961,2026-05-16T13:47:29Z,PORTE-C,,UNITE,OK
TKT15187996801,2026-05-16T13:47:30Z,PORTE-D,R51854033,ABONNEMENT,OK
TKT97585057890,2026-05-16T13:47:32Z,PORTE-D,R56769144,UNITE,OK
TKT56091032823,2026-05-16T13:47:32Z,PORTE-C,,GROUPE,OK
TKT71671045547,2026-05-16T13:47:33Z,VIP-EST,R57449842,UNITE,OK
TKT10079326152,2026-05-16T13:47:36Z,PORTE-D,R54680040,UNITE,OK
TKT28995115027,2026-05-16T13:47:36Z,VIP-EST,R57624882,UNITE,OK
TKT81338935775,2026-05-16T13:47:36Z,PORTE-D,,UNITE,OK
TKT50847928008,2026-05-16T13:47:37Z,PORTE-D,R52404852,UNITE,OK
TKT94904767886,2026-05-16T13:47:40Z,PORTE-B,R56335475,UNITE,OK
TKT96697339012,2026-05-16T13:47:43Z,PORTE-D,,GROUPE,OK
TKT57328523499,2026-05-16T13:47:45Z,PORTE-C,R51587043,UNITE,OK
TKT84442283777,2026-05-16T13:47:48Z,PORTE-C,R53259441,INVITATION,OK
TKT28298675992,2026-05-16T13:47:49Z,PORTE-C,R57871854,UNITE,OK
TKT66258537142,2026-05-16T13:47:50Z,PORTE-A,R56521214,ABONNEMENT,OK
TKT57380640318,2026-05-16T13:47:51Z,PORTE-C,R53871895,UNITE,OK
TKT69473778355,2026-05-16T13:47:52Z,PORTE-D,R54799096,ABONNEMENT,OK
TKT50535819783,2026-05-16T13:47:53Z,PORTE-D,R54165656,UNITE,OK
TKT98258420391,2026-05-16T13:47:55Z,PORTE-C,R51752965,UNITE,OK
TKT68757381307,2026-05-16T13:47:55Z,PORTE-D,R52278919,UNITE,OK
TKT47237229800,2026-05-16T13:47:59Z,PORTE-C,R56706139,ABONNEMENT,OK
TKT44056714640,2026-05-16T13:47:59Z,PORTE-D,R51185317,GROUPE,OK
TKT91856501012,2026-05-16T13:48:00Z,PORTE-D,R58479002,UNITE,OK
TKT23258833235,2026-05-16T13:48:01Z,PORTE-A,R56360206,ABONNEMENT,OK
TKT20448147159,2026-05-16T13:48:03Z,PORTE-C,R57825678,UNITE,OK
TKT43932347865,2026-05-16T13:48:05Z,PORTE-C,,UNITE,OK
TKT15511567563,2026-05-16T13:48:07Z,PORTE-D,,UNITE,OK
TKT29008618798,2026-05-16T13:48:08Z,PORTE-C,,UNITE,OK
TKT24216643086,2026-05-16T13:48:08Z,PORTE-D,R59066869,UNITE,OK
TKT35563126068,2026-05-16T13:48:08Z,PORTE-C,R58653640,UNITE,OK
TKT71587765257,2026-05-16T13:48:10Z,VIP-EST,R56107583,UNITE,OK
TKT22596072546,2026-05-16T13:48:11Z,VIP-EST,R53014452,ABONNEMENT,OK
TKT82956736242,2026-05-16T13:48:11Z,PORTE-C,R55777990,UNITE,OK
TKT44251475187,2026-05-16T13:48:12Z,PORTE-C,,UNITE,OK
TKT65569223787,2026-05-16T13:48:13Z,PORTE-C,R54041897,UNITE,OK
TKT72895306832,2026-05-16T13:48:14Z,PORTE-C,R59703987,ABONNEMENT,OK
TKT42553910273,2026-05-16T13:48:14Z,PORTE-C,R59792862,UNITE,OK
TKT92886353971,2026-05-16T13:48:17Z,PORTE-A,R54000769,ABONNEMENT,OK
TKT17213498092,2026-05-16T13:48:24Z,PORTE-C,R58833115,UNITE,OK
TKT12315560518,2026-05-16T13:48:24Z,PORTE-D,,GROUPE,OK
TKT92552475070,2026-05-16T13:48:26Z,PORTE-C,R52788121,UNITE,OK
TKT74447942371,2026-05-16T13:48:27Z,PORTE-D,R53590049,UNITE,OK
TKT70878750205,2026-05-16T13:48:29Z,PORTE-D,,GROUPE,OK
TKT96258300080,2026-05-16T13:48:30Z,PORTE-C,R55751430,ABONNEMENT,OK
TKT30027608575,2026-05-16T13:48:30Z,PORTE-D,R57270990,UNITE,OK
TKT53275297046,2026-05-16T13:48:30Z,PORTE-D,,GROUPE,OK
TKT60537910371,2026-05-16T13:48:31Z,PORTE-C,R58223046,ABONNEMENT,OK
TKT17867245744,2026-05-16T13:48:31Z,PORTE-D,R58529057,ABONNEMENT,OK
TKT10724680724,2026-05-16T13:48:32Z,PORTE-D,R58792590,UNITE,OK
TKT68626928615,2026-05-16T13:48:33Z,VIP-EST,R55489267,UNITE,OK
TKT55992652323,2026-05-16T13:48:33Z,PORTE-C,R57065089,UNITE,OK
TKT32282525612,2026-05-16T13:48:36Z,PORTE-D,R51466071,UNITE,OK
TKT33988211045,2026-05-16T13:48:36Z,PORTE-D,R59938488,UNITE,OK
TKT45675471539,2026-05-16T13:48:37Z,PORTE-A,R55227439,ABONNEMENT,OK
TKT19444353430,2026-05-16T13:48:37Z,PORTE-C,R54786635,UNITE,OK
TKT33173274414,2026-05-16T13:48:38Z,PORTE-C,R54874428,ABONNEMENT,OK
TKT36730084059,2026-05-16T13:48:39Z,PORTE-D,R58700094,UNITE,OK
TKT48757044372,2026-05-16T13:48:40Z,PORTE-C,R53917880,UNITE,OK
TKT98781692060,2026-05-16T13:48:41Z,PORTE-D,R59815409,UNITE,OK
TKT15077869573,2026-05-16T13:48:42Z,VIP-EST,R55194548,ABONNEMENT,OK
TKT40308400917,2026-05-16T13:48:42Z,PORTE-A,,UNITE,OK
TKT18038877905,2026-05-16T13:48:43Z,VIP-EST,R51302410,UNITE,OK
TKT35306522744,2026-05-16T13:48:48Z,VIP-EST,R58964833,ABONNEMENT,OK
TKT94876615278,2026-05-16T13:48:49Z,PORTE-D,R55710493,GROUPE,OK
TKT48786119522,2026-05-16T13:48:49Z,PORTE-D,R51555646,UNITE,OK
TKT20154700492,2026-05-16T13:48:53Z,PORTE-C,,UNITE,OK
TKT80504070979,2026-05-16T13:48:56Z,PORTE-D,R57366685,INVITATION,OK
TKT39351247896,2026-05-16T13:48:56Z,PORTE-B,R51272919,UNITE,OK
TKT72848368979,2026-05-16T13:48:56Z,PORTE-C,,UNITE,OK
TKT21141909144,2026-05-16T13:48:58Z,PORTE-D,R51568720,UNITE,OK
TKT49941111560,2026-05-16T13:49:00Z,PORTE-C,R51430393,ABONNEMENT,OK
TKT26354122722,2026-05-16T13:49:00Z,PORTE-D,,UNITE,OK
TKT25224647793,2026-05-16T13:49:01Z,PORTE-D,R53410383,ABONNEMENT,OK
TKT18760939617,2026-05-16T13:49:01Z,PORTE-B,R57768200,ABONNEMENT,OK
TKT60080354236,2026-05-16T13:49:02Z,PORTE-C,R54268851,ABONNEMENT,OK
TKT29010781768,2026-05-16T13:49:03Z,PORTE-D,R51364725,UNITE,OK
TKT32322675434,2026-05-16T13:49:03Z,PORTE-C,R54480125,UNITE,OK
TKT78281372423,2026-05-16T13:49:04Z,VIP-EST,R53527523,ABONNEMENT,OK
TKT91116220108,2026-05-16T13:49:04Z,PORTE-D,,UNITE,OK
TKT24610752137,2026-05-16T13:49:04Z,VIP-EST,R52504359,VIP,OK
TKT30415584976,2026-05-16T13:49:05Z,PORTE-A,R57820094,UNITE,OK
TKT92918302397,2026-05-16T13:49:05Z,PORTE-C,R56989067,UNITE,OK
TKT42273873174,2026-05-16T13:49:05Z,VIP-EST,,UNITE,OK
TKT98126518427,2026-05-16T13:49:05Z,PORTE-C,R57067742,UNITE,OK
TKT37163334292,2026-05-16T13:49:06Z,PORTE-A,R56292096,UNITE,OK
TKT43458352919,2026-05-16T13:49:07Z,PORTE-D,R56718332,UNITE,OK
TKT92551482870,2026-05-16T13:49:08Z,PORTE-C,R56049683,ABONNEMENT,OK
TKT23352443586,2026-05-16T13:49:09Z,PORTE-C,R57218607,ABONNEMENT,OK
TKT46182620217,2026-05-16T13:49:10Z,PORTE-B,R53455400,ABONNEMENT,OK
TKT23079344807,2026-05-16T13:49:12Z,PORTE-D,R58709212,ABONNEMENT,OK
TKT60468651856,2026-05-16T13:49:13Z,VIP-EST,R59381405,ABONNEMENT,OK
TKT30688833793,2026-05-16T13:49:14Z,PORTE-A,R51044806,UNITE,OK
TKT30530486410,2026-05-16T13:49:15Z,PORTE-C,R53008925,UNITE,OK
TKT53050543998,2026-05-16T13:49:15Z,PORTE-C,R52866508,UNITE,OK
TKT77851193454,2026-05-16T13:49:17Z,PORTE-D,R53300378,ABONNEMENT,OK
TKT10728021942,2026-05-16T13:49:18Z,PORTE-B,R51884961,ABONNEMENT,OK
TKT75724192649,2026-05-16T13:49:18Z,PORTE-C,R56138970,UNITE,OK
TKT84611733900,2026-05-16T13:49:21Z,PORTE-C,,UNITE,OK
TKT65098176923,2026-05-16T13:49:22Z,PORTE-B,R52860646,ABONNEMENT,OK
TKT51126821530,2026-05-16T13:49:22Z,PORTE-C,R57258308,UNITE,OK
TKT29992128939,2026-05-16T13:49:23Z,PORTE-D,R58191984,ABONNEMENT,OK
TKT77244037186,2026-05-16T13:49:25Z,PORTE-B,R59828148,UNITE,OK
TKT60060337250,2026-05-16T13:49:27Z,PORTE-D,R54073103,ABONNEMENT,OK
TKT24154559466,2026-05-16T13:49:27Z,PORTE-D,R53358948,ABONNEMENT,OK
TKT63711556511,2026-05-16T13:49:27Z,PORTE-C,R54821710,UNITE,OK
TKT53428712576,2026-05-16T13:49:29Z,PORTE-D,R51782801,ABONNEMENT,OK
TKT52238143118,2026-05-16T13:49:29Z,PORTE-C,R56393978,UNITE,OK
TKT50497205175,2026-05-16T13:49:29Z,PORTE-A,R53460649,UNITE,OK
TKT34603554872,2026-05-16T13:49:31Z,PORTE-D,R59801444,INVITATION,OK
TKT27071527163,2026-05-16T13:49:33Z,PORTE-D,R53004510,UNITE,OK
TKT77036416200,2026-05-16T13:49:35Z,PORTE-B,R54844113,ABONNEMENT,OK
TKT93928346743,2026-05-16T13:49:36Z,PORTE-D,R56586192,UNITE,OK
TKT74353959579,2026-05-16T13:49:36Z,PORTE-C,R52518592,UNITE,OK
TKT65316465980,2026-05-16T13:49:40Z,PORTE-C,R51284154,ABONNEMENT,OK
TKT83356491103,2026-05-16T13:49:41Z,PORTE-D,R59319358,ABONNEMENT,OK
TKT73639912386,2026-05-16T13:49:41Z,PORTE-C,R52475759,UNITE,OK
TKT26500839699,2026-05-16T13:49:43Z,PORTE-C,R58776853,ABONNEMENT,OK
TKT59093076865,2026-05-16T13:49:47Z,PORTE-B,R59064417,ABONNEMENT,OK
TKT67840708499,2026-05-16T13:49:47Z,PORTE-D,,GROUPE,OK
TKT85785616549,2026-05-16T13:49:48Z,PORTE-B,R57179164,ABONNEMENT,OK
TKT71873021293,2026-05-16T13:49:48Z,PORTE-C,R53718310,UNITE,OK
TKT37464846025,2026-05-16T13:49:51Z,PORTE-C,R54545103,ABONNEMENT,OK
TKT44701185218,2026-05-16T13:49:51Z,PORTE-A,,UNITE,OK
TKT62710896358,2026-05-16T13:49:52Z,VIP-EST,R51458725,ABONNEMENT,OK
TKT82375234192,2026-05-16T13:49:56Z,PORTE-A,R52194794,ABONNEMENT,OK
TKT59497214486,2026-05-16T13:49:58Z,PORTE-C,R53027526,UNITE,OK
TKT71107527624,2026-05-16T13:49:58Z,PORTE-C,R55205180,UNITE,OK
TKT99134897795,2026-05-16T13:49:58Z,PORTE-C,R59029888,UNITE,OK
TKT34958974272,2026-05-16T13:50:00Z,PORTE-A,R57887591,ABONNEMENT,OK
TKT91933874170,2026-05-16T13:50:01Z,PORTE-D,R51462192,UNITE,OK
TKT80716785794,2026-05-16T13:50:01Z,PORTE-D,R58111815,GROUPE,OK
TKT10935668806,2026-05-16T13:50:05Z,VIP-EST,R52493881,ABONNEMENT,OK
TKT14702796860,2026-05-16T13:50:07Z,PORTE-D,,UNITE,OK
TKT28300242389,2026-05-16T13:50:10Z,PORTE-D,R56541309,ABONNEMENT,OK
TKT72272703985,2026-05-16T13:50:10Z,PORTE-C,,UNITE,OK
TKT83748897416,2026-05-16T13:50:10Z,PORTE-C,R57509303,UNITE,OK
TKT12066638593,2026-05-16T13:50:12Z,PORTE-D,R54597697,ABONNEMENT,OK
TKT12299966107,2026-05-16T13:50:12Z,PORTE-C,R53487008,UNITE,OK
TKT93097690660,2026-05-16T13:50:12Z,PORTE-A,R58269969,VIP,OK
TKT74746360362,2026-05-16T13:50:12Z,PORTE-D,R56671332,UNITE,OK
TKT42813781945,2026-05-16T13:50:13Z,PORTE-D,R59351167,UNITE,OK
TKT30493898740,2026-05-16T13:50:14Z,PORTE-C,R53002058,UNITE,OK
TKT19036144203,2026-05-16T13:50:16Z,PORTE-C,,UNITE,OK
TKT24487485370,2026-05-16T13:50:20Z,PORTE-C,R52039571,ABONNEMENT,OK
TKT48745512009,2026-05-16T13:50:22Z,PORTE-C,,GROUPE,OK
TKT52910025282,2026-05-16T13:50:22Z,PORTE-D,R53227297,UNITE,OK
TKT54236019039,2026-05-16T13:50:24Z,PORTE-A,R52706046,UNITE,OK
TKT33624862012,2026-05-16T13:50:25Z,PORTE-C,R54704359,ABONNEMENT,OK
TKT53213853295,2026-05-16T13:50:27Z,PORTE-A,,UNITE,OK
TKT88553669976,2026-05-16T13:50:28Z,PORTE-D,R51648544,UNITE,OK
TKT41599239556,2026-05-16T13:50:29Z,PORTE-A,R52412821,ABONNEMENT,OK
TKT92502044671,2026-05-16T13:50:31Z,PORTE-C,R55638293,ABONNEMENT,OK
TKT17674330891,2026-05-16T13:50:31Z,VIP-EST,R58715275,UNITE,OK
TKT80023164992,2026-05-16T13:50:33Z,PORTE-D,R54491638,ABONNEMENT,OK
TKT43867669914,2026-05-16T13:50:33Z,PORTE-D,R59302539,UNITE,OK
TKT45461932048,2026-05-16T13:50:33Z,PORTE-C,,UNITE,OK
TKT87191303749,2026-05-16T13:50:35Z,PORTE-C,R53100741,UNITE,OK
TKT19233763847,2026-05-16T13:50:36Z,PORTE-D,R57284533,UNITE,OK
TKT97052184804,2026-05-16T13:50:37Z,PORTE-A,R53839751,ABONNEMENT,OK
TKT68137900106,2026-05-16T13:50:37Z,PORTE-D,R53636982,ABONNEMENT,OK
TKT43742013026,2026-05-16T13:50:38Z,PORTE-C,R56811920,ABONNEMENT,OK
TKT20210454969,2026-05-16T13:50:38Z,PORTE-C,R58099967,UNITE,OK
TKT49244445387,2026-05-16T13:50:38Z,PORTE-D,,UNITE,OK
TKT62326644825,2026-05-16T13:50:38Z,PORTE-D,R57757913,UNITE,OK
TKT53944787230,2026-05-16T13:50:39Z,PORTE-D,R52234783,ABONNEMENT,OK
TKT88852077214,2026-05-16T13:50:39Z,PORTE-C,R59999242,UNITE,OK
TKT31992209366,2026-05-16T13:50:40Z,PORTE-C,R56828806,UNITE,OK
TKT28665376657,2026-05-16T13:50:41Z,PORTE-A,R55570997,ABONNEMENT,OK
TKT83532631095,2026-05-16T13:50:42Z,PORTE-C,R52241047,UNITE,OK
TKT81216646097,2026-05-16T13:50:43Z,VIP-EST,R59277875,ABONNEMENT,OK
TKT21931926155,2026-05-16T13:50:43Z,VIP-EST,,VIP,OK
TKT29542937294,2026-05-16T13:50:46Z,VIP-EST,R56417684,UNITE,OK
TKT60244430995,2026-05-16T13:50:47Z,PORTE-D,,UNITE,OK
TKT48714449416,2026-05-16T13:50:49Z,PORTE-C,R59300824,UNITE,OK
TKT99795302021,2026-05-16T13:50:49Z,PORTE-C,R54059540,UNITE,OK
TKT15155851664,2026-05-16T13:50:49Z,PORTE-B,R54479522,UNITE,OK
TKT83231589689,2026-05-16T13:50:50Z,PORTE-B,R54294865,ABONNEMENT,OK
TKT70107140131,2026-05-16T13:50:53Z,PORTE-D,R52200589,UNITE,OK
TKT39433340305,2026-05-16T13:50:56Z,PORTE-C,,GROUPE,OK
TKT66365584442,2026-05-16T13:50:57Z,PMR-NORD,R59274130,ABONNEMENT,OK
TKT58523013492,2026-05-16T13:50:58Z,PORTE-D,R53781851,ABONNEMENT,OK
TKT56473818501,2026-05-16T13:51:01Z,PORTE-D,R57028299,ABONNEMENT,OK
TKT64440583526,2026-05-16T13:51:01Z,VIP-EST,,VIP,OK
TKT67979488416,2026-05-16T13:51:02Z,PORTE-D,,UNITE,OK
TKT83932708104,2026-05-16T13:51:02Z,PORTE-D,R54983609,GROUPE,OK
TKT24610752137,2026-05-16T13:51:04Z,VIP-EST,R52504359,VIP,REFUSE_DEJA_SCANNE
TKT39693352138,2026-05-16T13:51:07Z,PORTE-C,R59617621,ABONNEMENT,OK
TKT55710441686,2026-05-16T13:51:08Z,PORTE-C,R54673900,ABONNEMENT,OK
TKT46083312837,2026-05-16T13:51:08Z,VIP-EST,R54808425,UNITE,OK
TKT74650034250,2026-05-16T13:51:08Z,VIP-EST,R51121096,UNITE,OK
TKT63477196066,2026-05-16T13:51:12Z,PORTE-C,,INVITATION,OK
TKT33592311481,2026-05-16T13:51:14Z,PORTE-C,R56633661,ABONNEMENT,OK
TKT39058885136,2026-05-16T13:51:14Z,PORTE-A,R55102320,VIP,OK
TKT82452857807,2026-05-16T13:51:14Z,PORTE-C,,GROUPE,OK
TKT61253933983,2026-05-16T13:51:16Z,PORTE-B,R55341457,ABONNEMENT,OK
TKT12992700669,2026-05-16T13:51:16Z,PORTE-C,R56971846,UNITE,OK
TKT89835717751,2026-05-16T13:51:17Z,PORTE-B,R51632951,ABONNEMENT,OK
TKT72726322258,2026-05-16T13:51:18Z,PORTE-D,R58035401,ABONNEMENT,OK
TKT68835065847,2026-05-16T13:51:18Z,PORTE-C,R52014649,ABONNEMENT,OK
TKT84673450106,2026-05-16T13:51:19Z,PORTE-D,,UNITE,OK
TKT99824077533,2026-05-16T13:51:21Z,PORTE-A,R56980428,ABONNEMENT,OK
TKT63876636421,2026-05-16T13:51:24Z,PORTE-D,R54725201,UNITE,REFUSE_DEJA_SCANNE
TKT90630854931,2026-05-16T13:51:24Z,PORTE-C,R57229430,UNITE,OK
TKT24256442759,2026-05-16T13:51:25Z,VIP-EST,,GROUPE,OK
TKT37666236833,2026-05-16T13:51:27Z,PORTE-D,R56743187,UNITE,OK
TKT88612606198,2026-05-16T13:51:29Z,PORTE-C,R53393899,ABONNEMENT,OK
TKT95705660808,2026-05-16T13:51:31Z,PORTE-C,R54573991,ABONNEMENT,OK
TKT29230435896,2026-05-16T13:51:31Z,PORTE-B,R57075567,ABONNEMENT,OK
TKT80026724840,2026-05-16T13:51:31Z,PORTE-D,R55481710,UNITE,OK
TKT40565838682,2026-05-16T13:51:33Z,PORTE-A,R58146421,ABONNEMENT,OK
TKT84968499017,2026-05-16T13:51:35Z,PORTE-C,,INVITATION,REFUSE_DEJA_SCANNE
TKT63541082892,2026-05-16T13:51:36Z,PORTE-D,,UNITE,OK
TKT22200720958,2026-05-16T13:51:36Z,PORTE-D,R53812568,UNITE,OK
TKT50021719927,2026-05-16T13:51:36Z,PORTE-C,R54826959,UNITE,OK
TKT59628819451,2026-05-16T13:51:40Z,PORTE-D,R51630978,ABONNEMENT,OK
TKT43740704281,2026-05-16T13:51:40Z,PORTE-D,R52630235,UNITE,OK
TKT39930261617,2026-05-16T13:51:40Z,PORTE-D,,UNITE,OK
TKT66963814828,2026-05-16T13:51:41Z,PORTE-B,R53351123,ABONNEMENT,OK
TKT31930546791,2026-05-16T13:51:43Z,PORTE-C,R54896841,UNITE,OK
TKT64840595202,2026-05-16T13:51:45Z,PORTE-A,R51232796,ABONNEMENT,OK
TKT51598862993,2026-05-16T13:51:45Z,PORTE-C,R54284109,UNITE,OK
TKT98347238617,2026-05-16T13:51:47Z,PORTE-A,R57758315,ABONNEMENT,OK
TKT92647014082,2026-05-16T13:51:47Z,PORTE-C,,GROUPE,OK
TKT28184984714,2026-05-16T13:51:48Z,PORTE-D,R52544760,INVITATION,REFUSE_DEJA_SCANNE
TKT61038341115,2026-05-16T13:51:50Z,PORTE-C,R54144201,ABONNEMENT,OK
TKT11264848521,2026-05-16T13:51:50Z,PORTE-C,R59460817,ABONNEMENT,OK
TKT66778023028,2026-05-16T13:51:51Z,PORTE-C,R59282846,UNITE,OK
TKT55502616571,2026-05-16T13:51:52Z,PORTE-C,R54264359,ABONNEMENT,OK
TKT28363681563,2026-05-16T13:51:53Z,PORTE-C,R55004039,ABONNEMENT,OK
TKT32497286490,2026-05-16T13:51:53Z,PORTE-D,R53934220,UNITE,OK
TKT43081742415,2026-05-16T13:51:53Z,PORTE-D,R54778388,UNITE,OK
TKT58826972400,2026-05-16T13:51:55Z,PORTE-D,R56765322,UNITE,OK
TKT39005788901,2026-05-16T13:51:55Z,PORTE-D,R55379875,UNITE,OK
TKT32161239959,2026-05-16T13:51:56Z,VIP-EST,R54814143,ABONNEMENT,OK
TKT69163817686,2026-05-16T13:51:57Z,PORTE-D,R53376179,UNITE,OK
TKT91295056683,2026-05-16T13:51:57Z,PORTE-C,R53670898,UNITE,OK
TKT25857130832,2026-05-16T13:51:59Z,PORTE-C,R56745773,ABONNEMENT,OK
TKT56511173534,2026-05-16T13:51:59Z,VIP-EST,R53422767,ABONNEMENT,OK
TKT71689190786,2026-05-16T13:52:00Z,PORTE-D,R52782192,ABONNEMENT,OK
TKT59683563792,2026-05-16T13:52:01Z,PORTE-C,R59211192,UNITE,OK
TKT79559213483,2026-05-16T13:52:01Z,VIP-EST,,UNITE,OK
TKT31469622186,2026-05-16T13:52:01Z,PORTE-C,R56201496,UNITE,OK
TKT26015624218,2026-05-16T13:52:02Z,VIP-EST,,INVITATION,OK
TKT36650005396,2026-05-16T13:52:02Z,VIP-EST,R57444124,VIP,OK
TKT33984577664,2026-05-16T13:52:03Z,PORTE-D,R52568858,UNITE,OK
TKT16903992242,2026-05-16T13:52:03Z,PORTE-D,R56888401,UNITE,OK
TKT96688991797,2026-05-16T13:52:04Z,PORTE-D,R53233896,UNITE,OK
TKT37368575418,2026-05-16T13:52:05Z,PORTE-D,R51472479,UNITE,OK
TKT61951381969,2026-05-16T13:52:05Z,PORTE-A,R54649725,UNITE,OK
TKT63263855642,2026-05-16T13:52:06Z,PORTE-B,R58226925,ABONNEMENT,OK
TKT71609749639,2026-05-16T13:52:06Z,PORTE-A,,UNITE,OK
TKT17642937212,2026-05-16T13:52:07Z,VIP-EST,R58932890,ABONNEMENT,OK
TKT99796357065,2026-05-16T13:52:08Z,PORTE-D,R52229189,UNITE,OK
TKT25701144446,2026-05-16T13:52:09Z,PORTE-A,R53050063,ABONNEMENT,OK
TKT71272821966,2026-05-16T13:52:11Z,PORTE-B,R55834721,ABONNEMENT,OK
TKT33521886556,2026-05-16T13:52:12Z,PORTE-C,R53354255,ABONNEMENT,OK
TKT84890767775,2026-05-16T13:52:12Z,PMR-NORD,R56789775,ABONNEMENT,OK
TKT51473753244,2026-05-16T13:52:12Z,VIP-EST,,VIP,OK
TKT91322167373,2026-05-16T13:52:13Z,PORTE-D,R55562961,UNITE,OK
TKT26528226968,2026-05-16T13:52:14Z,PORTE-C,,UNITE,OK
TKT60135457097,2026-05-16T13:52:15Z,PORTE-C,R52571923,UNITE,OK
TKT81529466324,2026-05-16T13:52:15Z,VIP-EST,R59101408,VIP,OK
TKT62930678645,2026-05-16T13:52:18Z,VIP-EST,R53276883,UNITE,OK
TKT99217796445,2026-05-16T13:52:18Z,PORTE-B,R59689878,UNITE,OK
TKT81653493170,2026-05-16T13:52:19Z,PORTE-D,R56204571,UNITE,OK
TKT49196359013,2026-05-16T13:52:21Z,PORTE-D,R56231878,UNITE,OK
TKT48286197237,2026-05-16T13:52:22Z,PORTE-D,R57546495,ABONNEMENT,OK
TKT63670496989,2026-05-16T13:52:22Z,PORTE-D,R58626735,UNITE,OK
TKT54870597255,2026-05-16T13:52:22Z,PORTE-B,R59133485,UNITE,OK
TKT49262676501,2026-05-16T13:52:25Z,PMR-NORD,R56851286,ABONNEMENT,OK
TKT33248390176,2026-05-16T13:52:25Z,PORTE-B,R57030282,UNITE,OK
TKT95026363781,2026-05-16T13:52:26Z,PORTE-D,R56824515,ABONNEMENT,OK
TKT67684020426,2026-05-16T13:52:29Z,PORTE-B,R52765631,ABONNEMENT,OK
TKT80673475503,2026-05-16T13:52:29Z,VIP-EST,,VIP,OK
TKT59752274159,2026-05-16T13:52:30Z,PORTE-C,R52027378,UNITE,OK
TKT43223376548,2026-05-16T13:52:32Z,PORTE-A,R57307961,ABONNEMENT,OK
TKT67350183414,2026-05-16T13:52:33Z,PORTE-A,R51735322,ABONNEMENT,OK
TKT47693539685,2026-05-16T13:52:35Z,PORTE-D,,UNITE,OK
TKT33397690243,2026-05-16T13:52:36Z,PORTE-B,R53629971,ABONNEMENT,OK
TKT41285171890,2026-05-16T13:52:37Z,PORTE-D,,UNITE,OK
TKT27264862033,2026-05-16T13:52:37Z,PORTE-C,R56772544,UNITE,OK
TKT94175995104,2026-05-16T13:52:39Z,PORTE-A,,UNITE,OK
TKT26735790771,2026-05-16T13:52:40Z,PORTE-D,R58620873,ABONNEMENT,OK
TKT68216383983,2026-05-16T13:52:41Z,VIP-EST,R51821755,ABONNEMENT,OK
TKT95383344205,2026-05-16T13:52:41Z,PORTE-A,R56033065,ABONNEMENT,OK
TKT78346706261,2026-05-16T13:52:42Z,VIP-EST,R54638212,ABONNEMENT,OK
TKT63339985549,2026-05-16T13:52:42Z,VIP-EST,,GROUPE,OK
TKT77344673012,2026-05-16T13:52:43Z,VIP-EST,R56987774,ABONNEMENT,OK
TKT78909678456,2026-05-16T13:52:43Z,PORTE-A,R52127297,UNITE,OK
TKT31511197079,2026-05-16T13:52:43Z,PORTE-D,R58098607,UNITE,OK
TKT63144943277,2026-05-16T13:52:43Z,PORTE-D,R59525460,UNITE,OK
TKT32938846465,2026-05-16T13:52:45Z,PORTE-D,,GROUPE,OK
TKT47807143535,2026-05-16T13:52:45Z,PORTE-C,R56370416,UNITE,OK
TKT77082157962,2026-05-16T13:52:45Z,PORTE-B,R55087005,UNITE,OK
TKT36739987095,2026-05-16T13:52:46Z,VIP-EST,R54626498,ABONNEMENT,OK
TKT78047653745,2026-05-16T13:52:46Z,PORTE-A,R59363695,UNITE,OK
TKT21192259417,2026-05-16T13:52:46Z,VIP-EST,R55630123,VIP,OK
TKT44697758231,2026-05-16T13:52:47Z,PORTE-D,,UNITE,OK
TKT87553603079,2026-05-16T13:52:47Z,PORTE-D,R56782007,UNITE,OK
TKT19227265444,2026-05-16T13:52:48Z,PORTE-B,R54785476,ABONNEMENT,OK
TKT71752630773,2026-05-16T13:52:48Z,PORTE-B,R51754047,ABONNEMENT,OK
TKT56560560188,2026-05-16T13:52:48Z,PORTE-D,R58689663,UNITE,OK
TKT81341003091,2026-05-16T13:52:48Z,PORTE-D,R58074700,UNITE,OK
TKT65505131315,2026-05-16T13:52:53Z,PORTE-C,R53073635,ABONNEMENT,OK
TKT52337924871,2026-05-16T13:52:53Z,PORTE-D,R55605191,UNITE,OK
TKT12556166701,2026-05-16T13:52:54Z,PORTE-D,R55330232,ABONNEMENT,OK
TKT79199344441,2026-05-16T13:52:56Z,VIP-EST,R56162274,VIP,OK
TKT29673070363,2026-05-16T13:52:56Z,VIP-EST,,INVITATION,OK
TKT13412598644,2026-05-16T13:52:59Z,VIP-EST,,VIP,OK
TKT96820825580,2026-05-16T13:53:00Z,PORTE-D,,UNITE,OK
TKT83058101017,2026-05-16T13:53:03Z,PORTE-D,R56136394,UNITE,OK
TKT83981062906,2026-05-16T13:53:05Z,PORTE-D,R51681780,ABONNEMENT,OK
TKT35603261051,2026-05-16T13:53:05Z,PORTE-D,,UNITE,OK
TKT21949505112,2026-05-16T13:53:05Z,VIP-EST,R59770804,VIP,OK
TKT81641699569,2026-05-16T13:53:06Z,PORTE-C,R53515407,UNITE,OK
TKT61344367116,2026-05-16T13:53:08Z,PORTE-D,R56964691,UNITE,OK
TKT21479314999,2026-05-16T13:53:08Z,VIP-EST,R51012796,UNITE,OK
TKT72300324368,2026-05-16T13:53:08Z,PORTE-A,R56013114,UNITE,OK
TKT22852194672,2026-05-16T13:53:09Z,PORTE-A,R52159786,VIP,OK
TKT69262524449,2026-05-16T13:53:09Z,VIP-EST,,GROUPE,OK
TKT59817366049,2026-05-16T13:53:10Z,PORTE-D,,UNITE,OK
TKT89556464379,2026-05-16T13:53:12Z,VIP-EST,R56138223,ABONNEMENT,OK
TKT85978784783,2026-05-16T13:53:12Z,PORTE-B,,UNITE,OK
TKT17411859729,2026-05-16T13:53:12Z,PORTE-C,,UNITE,OK
TKT71635024955,2026-05-16T13:53:13Z,VIP-EST,,GROUPE,OK
TKT74332121481,2026-05-16T13:53:14Z,PORTE-C,,UNITE,OK
TKT33698753015,2026-05-16T13:53:14Z,PORTE-D,R52014639,UNITE,OK
TKT10696487704,2026-05-16T13:53:15Z,PORTE-D,R51101001,UNITE,OK
TKT51227171981,2026-05-16T13:53:16Z,PORTE-A,R56746262,ABONNEMENT,OK
TKT50369474748,2026-05-16T13:53:16Z,PORTE-C,,UNITE,OK
TKT65923332553,2026-05-16T13:53:16Z,PORTE-A,R54985783,VIP,OK
TKT46579207010,2026-05-16T13:53:18Z,PORTE-B,R54982038,UNITE,OK
TKT87675194838,2026-05-16T13:53:19Z,PORTE-C,R51804524,ABONNEMENT,OK
TKT66097016947,2026-05-16T13:53:20Z,PORTE-B,R56784871,ABONNEMENT,OK
TKT19902954285,2026-05-16T13:53:20Z,PORTE-D,R55158927,UNITE,OK
TKT85729832951,2026-05-16T13:53:21Z,PORTE-C,R51665440,INVITATION,OK
TKT93206573600,2026-05-16T13:53:21Z,VIP-EST,R51028389,UNITE,OK
TKT35395454693,2026-05-16T13:53:22Z,PORTE-C,R55221932,ABONNEMENT,OK
TKT46545035106,2026-05-16T13:53:22Z,PORTE-D,R51093578,INVITATION,OK
TKT73071998148,2026-05-16T13:53:24Z,PORTE-C,,UNITE,OK
TKT43172740898,2026-05-16T13:53:25Z,PORTE-D,R59403885,GROUPE,OK
TKT58458486043,2026-05-16T13:53:26Z,PORTE-A,R59376846,ABONNEMENT,OK
TKT91347341521,2026-05-16T13:53:26Z,PORTE-D,,GROUPE,OK
TKT56921725346,2026-05-16T13:53:27Z,PORTE-C,R59571914,ABONNEMENT,OK
TKT87677258320,2026-05-16T13:53:28Z,PORTE-D,R59551963,UNITE,OK
TKT52197133888,2026-05-16T13:53:29Z,PORTE-D,,UNITE,OK
TKT76937802989,2026-05-16T13:53:29Z,PORTE-C,,UNITE,OK
TKT90664834091,2026-05-16T13:53:29Z,PORTE-D,,GROUPE,OK
TKT37213525515,2026-05-16T13:53:30Z,PORTE-D,R59996656,ABONNEMENT,OK
TKT42073016698,2026-05-16T13:53:31Z,PORTE-C,R58349324,UNITE,OK
TKT95090855780,2026-05-16T13:53:31Z,PORTE-C,R56761175,UNITE,OK
TKT87389594981,2026-05-16T13:53:32Z,PORTE-B,R55794541,ABONNEMENT,OK
TKT69520650661,2026-05-16T13:53:32Z,PORTE-C,R53207269,UNITE,OK
TKT50120047395,2026-05-16T13:53:32Z,PORTE-C,R54667780,UNITE,OK
TKT72112832717,2026-05-16T13:53:33Z,PORTE-D,R56127936,UNITE,OK
TKT65255686095,2026-05-16T13:53:34Z,PORTE-D,R55078011,UNITE,OK
TKT59378961398,2026-05-16T13:53:34Z,PORTE-D,R51732525,INVITATION,OK
TKT78074461150,2026-05-16T13:53:35Z,PORTE-C,R56644015,UNITE,OK
TKT57372175718,2026-05-16T13:53:37Z,PORTE-D,R55953174,ABONNEMENT,OK
TKT79892597205,2026-05-16T13:53:37Z,PORTE-D,,UNITE,OK
TKT18662705639,2026-05-16T13:53:38Z,PORTE-C,,UNITE,OK
TKT11886178325,2026-05-16T13:53:40Z,PORTE-C,R51484126,ABONNEMENT,OK
TKT36233312246,2026-05-16T13:53:43Z,PORTE-B,R57825678,UNITE,OK
TKT21012866234,2026-05-16T13:53:43Z,PORTE-C,,UNITE,OK
TKT41644421255,2026-05-16T13:53:43Z,PORTE-D,R56186583,INVITATION,OK
TKT19906028057,2026-05-16T13:53:44Z,PORTE-C,R59273048,ABONNEMENT,OK
TKT74737682311,2026-05-16T13:53:44Z,PORTE-C,,UNITE,OK
TKT36004486962,2026-05-16T13:53:44Z,PORTE-B,R53019557,UNITE,OK
TKT42394248414,2026-05-16T13:53:46Z,PORTE-D,R54242827,INVITATION,OK
TKT59893711854,2026-05-16T13:53:46Z,PORTE-D,R51300437,GROUPE,OK
TKT70546562732,2026-05-16T13:53:47Z,PORTE-C,R51432222,UNITE,OK
TKT61388272761,2026-05-16T13:53:48Z,PMR-NORD,R55577807,ABONNEMENT,OK
TKT12544930845,2026-05-16T13:53:48Z,PORTE-B,R55828524,UNITE,OK
TKT70002611439,2026-05-16T13:53:49Z,PORTE-C,,GROUPE,OK
TKT45827380474,2026-05-16T13:53:50Z,PORTE-A,R52465338,ABONNEMENT,OK
TKT92499743779,2026-05-16T13:53:51Z,PORTE-D,,GROUPE,OK
TKT29655598602,2026-05-16T13:53:51Z,PORTE-B,R52638405,INVITATION,OK
TKT33341196934,2026-05-16T13:53:52Z,PORTE-C,R59154806,ABONNEMENT,OK
TKT46510862271,2026-05-16T13:53:54Z,PORTE-C,R59882504,ABONNEMENT,OK
TKT69584168844,2026-05-16T13:53:56Z,VIP-EST,R53853706,ABONNEMENT,OK
TKT89614801328,2026-05-16T13:53:56Z,PORTE-C,R58814658,UNITE,OK
TKT79904182854,2026-05-16T13:53:57Z,PORTE-B,R55468827,ABONNEMENT,OK
TKT70214845293,2026-05-16T13:53:59Z,PORTE-C,R58949307,ABONNEMENT,OK
TKT13115347360,2026-05-16T13:54:01Z,PORTE-D,R59250635,ABONNEMENT,OK
TKT73769426649,2026-05-16T13:54:01Z,PORTE-B,R55522704,UNITE,OK
TKT61868648567,2026-05-16T13:54:04Z,PORTE-B,R59654803,UNITE,OK
TKT96762534283,2026-05-16T13:54:05Z,PORTE-A,R59098534,ABONNEMENT,OK
TKT76732687495,2026-05-16T13:54:06Z,PORTE-A,,GROUPE,OK
TKT78244067715,2026-05-16T13:54:07Z,PORTE-B,R57754369,ABONNEMENT,OK
TKT55959378527,2026-05-16T13:54:11Z,PORTE-C,R54973389,UNITE,OK
TKT37802556755,2026-05-16T13:54:12Z,PORTE-C,R54705575,UNITE,OK
TKT60074120721,2026-05-16T13:54:12Z,PORTE-B,,UNITE,OK
TKT99725360967,2026-05-16T13:54:14Z,PORTE-A,,UNITE,OK
TKT68258241833,2026-05-16T13:54:17Z,PORTE-D,R58564420,ABONNEMENT,OK
TKT78125244890,2026-05-16T13:54:18Z,PORTE-C,R54067854,UNITE,OK
TKT23125604362,2026-05-16T13:54:18Z,PORTE-C,,UNITE,OK
TKT75342559662,2026-05-16T13:54:19Z,PORTE-C,,UNITE,OK
TKT73472105356,2026-05-16T13:54:19Z,PORTE-C,R58912125,UNITE,OK
TKT81391188987,2026-05-16T13:54:19Z,PORTE-C,R55190736,UNITE,OK
TKT22637998526,2026-05-16T13:54:20Z,PORTE-D,R52489446,ABONNEMENT,OK
TKT19884253738,2026-05-16T13:54:20Z,PORTE-C,R55727791,UNITE,OK
TKT79012515747,2026-05-16T13:54:20Z,PORTE-D,R57983286,UNITE,OK
TKT96306392513,2026-05-16T13:54:21Z,PORTE-C,R51128653,ABONNEMENT,OK
TKT20382394389,2026-05-16T13:54:21Z,PORTE-C,R51665229,UNITE,OK
TKT59588756947,2026-05-16T13:54:22Z,PORTE-C,R59881412,UNITE,OK
TKT94430187497,2026-05-16T13:54:24Z,PORTE-C,R59100795,UNITE,OK
TKT91836953006,2026-05-16T13:54:25Z,VIP-EST,R51811401,ABONNEMENT,OK
TKT38947255461,2026-05-16T13:54:25Z,VIP-EST,,VIP,OK
TKT33758073434,2026-05-16T13:54:26Z,PORTE-D,R53487688,ABONNEMENT,OK
TKT72441351119,2026-05-16T13:54:26Z,PORTE-C,R57701038,ABONNEMENT,OK
TKT34340859010,2026-05-16T13:54:26Z,PORTE-B,R57171262,ABONNEMENT,OK
TKT24221342119,2026-05-16T13:54:27Z,PORTE-A,R58392023,ABONNEMENT,OK
TKT37003101577,2026-05-16T13:54:27Z,PORTE-D,,UNITE,OK
TKT39079591858,2026-05-16T13:54:28Z,PORTE-A,R59265481,VIP,OK
TKT63847191162,2026-05-16T13:54:29Z,VIP-EST,R53295196,UNITE,OK
TKT26764948567,2026-05-16T13:54:30Z,PORTE-B,,UNITE,OK
TKT91219485381,2026-05-16T13:54:30Z,PORTE-C,,UNITE,OK
TKT41698119453,2026-05-16T13:54:31Z,PORTE-D,R58254922,UNITE,OK
TKT76857836995,2026-05-16T13:54:32Z,PORTE-D,R54213001,ABONNEMENT,OK
TKT50060195984,2026-05-16T13:54:32Z,PORTE-D,,UNITE,OK
TKT19476138687,2026-05-16T13:54:32Z,VIP-EST,R51536978,UNITE,OK
TKT95050641500,2026-05-16T13:54:32Z,PORTE-D,R59581588,UNITE,OK
TKT31428394854,2026-05-16T13:54:32Z,PORTE-B,R53957035,UNITE,OK
TKT90217624276,2026-05-16T13:54:33Z,PORTE-A,R52861068,ABONNEMENT,OK
TKT91585681170,2026-05-16T13:54:34Z,VIP-EST,R55728538,ABONNEMENT,OK
TKT54133688848,2026-05-16T13:54:35Z,PORTE-D,R59420905,UNITE,OK
TKT92289897647,2026-05-16T13:54:36Z,PORTE-C,R51175519,ABONNEMENT,OK
TKT49146934000,2026-05-16T13:54:36Z,PORTE-C,R55766678,UNITE,OK
TKT15727349944,2026-05-16T13:54:37Z,PORTE-A,R57870226,ABONNEMENT,OK
TKT82491973651,2026-05-16T13:54:37Z,PORTE-A,R57943029,ABONNEMENT,OK
TKT47211446663,2026-05-16T13:54:39Z,PORTE-A,R58876025,ABONNEMENT,OK
TKT50746831886,2026-05-16T13:54:39Z,PORTE-D,R51148882,ABONNEMENT,OK
TKT66565319485,2026-05-16T13:54:40Z,PORTE-D,,UNITE,OK
TKT72683285000,2026-05-16T13:54:44Z,VIP-EST,R53268368,VIP,OK
TKT39899031993,2026-05-16T13:54:44Z,PORTE-D,R52229132,UNITE,OK
TKT80550511403,2026-05-16T13:54:45Z,PORTE-D,R54983398,ABONNEMENT,OK
TKT53787120217,2026-05-16T13:54:45Z,PORTE-A,R56863469,ABONNEMENT,REFUSE_DEJA_SCANNE
TKT96865734283,2026-05-16T13:54:47Z,PORTE-D,R54937500,UNITE,OK
TKT24055241529,2026-05-16T13:54:47Z,PORTE-B,R56911293,UNITE,OK
TKT78960316700,2026-05-16T13:54:47Z,PORTE-C,,UNITE,OK
TKT16002894158,2026-05-16T13:54:48Z,PORTE-D,R56362859,ABONNEMENT,OK
TKT96176341160,2026-05-16T13:54:48Z,PORTE-A,R55311152,UNITE,OK
TKT77896789252,2026-05-16T13:54:48Z,PORTE-D,R51472747,UNITE,OK
TKT73809907035,2026-05-16T13:54:50Z,PORTE-C,R52008385,ABONNEMENT,OK
TKT22486082097,2026-05-16T13:54:50Z,PORTE-C,R59110593,ABONNEMENT,OK
TKT12861698347,2026-05-16T13:54:51Z,PORTE-C,R57260291,ABONNEMENT,OK
TKT85676411760,2026-05-16T13:54:51Z,VIP-EST,R54641488,VIP,OK
TKT38481648357,2026-05-16T13:54:51Z,PORTE-C,,GROUPE,OK
TKT54131258985,2026-05-16T13:54:51Z,PORTE-D,R55756401,INVITATION,OK
TKT56247988983,2026-05-16T13:54:52Z,PORTE-B,R55627537,ABONNEMENT,OK
TKT90690441650,2026-05-16T13:54:52Z,PORTE-B,R55339628,UNITE,OK
TKT66832803981,2026-05-16T13:54:53Z,PORTE-D,R58013735,ABONNEMENT,OK
TKT31874087801,2026-05-16T13:54:53Z,VIP-EST,R51414512,ABONNEMENT,OK
TKT63627586949,2026-05-16T13:54:53Z,VIP-EST,R55537895,VIP,OK
TKT86380123826,2026-05-16T13:54:55Z,VIP-EST,R55244603,UNITE,OK
TKT45583399031,2026-05-16T13:54:57Z,PORTE-C,R55805096,ABONNEMENT,OK
TKT50069694666,2026-05-16T13:54:57Z,PORTE-C,R51695956,UNITE,OK
TKT38978297043,2026-05-16T13:54:57Z,PORTE-B,,UNITE,OK
TKT40002091329,2026-05-16T13:54:57Z,VIP-EST,R52234170,UNITE,OK
TKT27748946511,2026-05-16T13:54:59Z,PORTE-C,R53070781,ABONNEMENT,OK
TKT56931328180,2026-05-16T13:55:00Z,PORTE-A,,VIP,OK
TKT42967400695,2026-05-16T13:55:01Z,PORTE-D,R56507316,UNITE,OK
TKT65382935903,2026-05-16T13:55:01Z,PORTE-C,,UNITE,OK
TKT44372339164,2026-05-16T13:55:02Z,PORTE-C,,UNITE,OK
TKT64068438330,2026-05-16T13:55:03Z,VIP-EST,R53211905,ABONNEMENT,OK
TKT20451487588,2026-05-16T13:55:04Z,PORTE-A,R59711678,ABONNEMENT,OK
TKT61497822999,2026-05-16T13:55:04Z,VIP-EST,,GROUPE,OK
TKT31126358251,2026-05-16T13:55:04Z,PORTE-A,R54580724,UNITE,OK
TKT22973624059,2026-05-16T13:55:06Z,PORTE-D,R54950363,UNITE,OK
TKT54860821440,2026-05-16T13:55:06Z,VIP-EST,,VIP,OK
TKT26241891918,2026-05-16T13:55:08Z,PORTE-C,R56964691,UNITE,OK
TKT60122856362,2026-05-16T13:55:09Z,VIP-EST,R53291394,ABONNEMENT,OK
TKT63398784508,2026-05-16T13:55:09Z,PORTE-A,R56556423,ABONNEMENT,OK
TKT27845637599,2026-05-16T13:55:10Z,PORTE-D,R57605879,UNITE,OK
TKT46633632841,2026-05-16T13:55:14Z,PORTE-D,R54250126,UNITE,OK
TKT32396355197,2026-05-16T13:55:15Z,PORTE-A,R54942739,ABONNEMENT,OK
TKT64348872469,2026-05-16T13:55:16Z,PORTE-A,R54180033,ABONNEMENT,OK
TKT77053762763,2026-05-16T13:55:16Z,PORTE-A,R51797570,ABONNEMENT,OK
TKT15354792502,2026-05-16T13:55:17Z,PORTE-C,R57202602,UNITE,OK
TKT20756199173,2026-05-16T13:55:19Z,VIP-EST,R53232747,VIP,OK
TKT81669300065,2026-05-16T13:55:19Z,PORTE-D,R55043472,UNITE,OK
TKT97193977079,2026-05-16T13:55:21Z,VIP-EST,R52900491,ABONNEMENT,OK
TKT12545445227,2026-05-16T13:55:21Z,PORTE-D,R53721710,UNITE,OK
TKT12926959267,2026-05-16T13:55:21Z,PORTE-C,R59424315,INVITATION,OK
TKT16130806411,2026-05-16T13:55:22Z,PORTE-C,R55609147,ABONNEMENT,OK
TKT96987302690,2026-05-16T13:55:22Z,PORTE-B,R59773256,UNITE,OK
TKT51793731584,2026-05-16T13:55:24Z,PORTE-A,R57696268,ABONNEMENT,OK
TKT77131036984,2026-05-16T13:55:25Z,PORTE-C,R52080297,UNITE,OK
TKT61967349118,2026-05-16T13:55:27Z,PORTE-B,R58608757,UNITE,OK
TKT40240752081,2026-05-16T13:55:27Z,PORTE-D,R57381464,UNITE,OK
TKT36357378618,2026-05-16T13:55:27Z,PORTE-D,R52519483,UNITE,OK
TKT82556168832,2026-05-16T13:55:27Z,PORTE-B,R54605254,UNITE,OK
TKT99559716049,2026-05-16T13:55:28Z,PORTE-C,R57195514,UNITE,OK
TKT27037911595,2026-05-16T13:55:28Z,PORTE-C,,UNITE,OK
TKT17826795577,2026-05-16T13:55:28Z,PORTE-D,,UNITE,OK
TKT41412333499,2026-05-16T13:55:29Z,PORTE-C,R52957778,ABONNEMENT,OK
TKT47445563849,2026-05-16T13:55:29Z,PORTE-A,,UNITE,OK
TKT45570172815,2026-05-16T13:55:29Z,PORTE-B,R54825924,UNITE,OK
TKT58458622945,2026-05-16T13:55:29Z,PORTE-D,,GROUPE,OK
TKT18507691055,2026-05-16T13:55:30Z,PORTE-C,R57006442,ABONNEMENT,OK
TKT51286771962,2026-05-16T13:55:32Z,PORTE-D,R53445381,UNITE,OK
TKT10838123235,2026-05-16T13:55:34Z,PORTE-D,R54074808,ABONNEMENT,OK
TKT15802434075,2026-05-16T13:55:34Z,PORTE-D,R51664961,ABONNEMENT,OK
TKT19743413804,2026-05-16T13:55:34Z,PORTE-D,,UNITE,OK
TKT80072557212,2026-05-16T13:55:35Z,PORTE-B,R56951808,UNITE,OK
TKT68011452033,2026-05-16T13:55:36Z,PORTE-D,R52628865,UNITE,OK
TKT55224647282,2026-05-16T13:55:37Z,PORTE-C,R56997314,ABONNEMENT,OK
TKT81993481721,2026-05-16T13:55:37Z,PORTE-C,R55565346,UNITE,OK
TKT49047012874,2026-05-16T13:55:37Z,PORTE-B,,UNITE,OK
TKT87437763556,2026-05-16T13:55:37Z,PORTE-A,,UNITE,OK
TKT53946398127,2026-05-16T13:55:38Z,PORTE-C,R52576425,ABONNEMENT,OK
TKT86734942998,2026-05-16T13:55:40Z,PORTE-D,R54294319,UNITE,OK
TKT51444795910,2026-05-16T13:55:41Z,PORTE-C,R54869869,ABONNEMENT,OK
TKT52563966995,2026-05-16T13:55:42Z,VIP-EST,,VIP,OK
TKT49898610521,2026-05-16T13:55:44Z,PORTE-D,R56589870,UNITE,OK
TKT24557671412,2026-05-16T13:55:46Z,PORTE-C,R53875985,ABONNEMENT,OK
TKT12693951323,2026-05-16T13:55:47Z,PORTE-C,R54941379,ABONNEMENT,OK
TKT10676871521,2026-05-16T13:55:48Z,PORTE-C,R53338173,UNITE,OK
TKT54903947727,2026-05-16T13:55:48Z,PORTE-D,R55103489,UNITE,OK
TKT13042927747,2026-05-16T13:55:50Z,PORTE-C,,UNITE,OK
TKT56247988983,2026-05-16T13:55:52Z,PORTE-B,R55627537,ABONNEMENT,REFUSE_DEJA_SCANNE
TKT35643148954,2026-05-16T13:55:53Z,PORTE-C,R51348921,ABONNEMENT,OK
TKT87180984394,2026-05-16T13:55:53Z,PORTE-D,,UNITE,OK
TKT83654948061,2026-05-16T13:55:55Z,PORTE-C,R53169129,ABONNEMENT,OK
TKT66548294275,2026-05-16T13:55:55Z,PORTE-D,R55767291,ABONNEMENT,OK
TKT98885507895,2026-05-16T13:55:57Z,PORTE-C,R51804591,ABONNEMENT,OK
TKT45583399031,2026-05-16T13:55:57Z,PORTE-C,R55805096,ABONNEMENT,REFUSE_DEJA_SCANNE
TKT72803852410,2026-05-16T13:55:59Z,PORTE-D,R59567010,ABONNEMENT,OK
TKT10849404482,2026-05-16T13:56:00Z,VIP-EST,R52861135,ABONNEMENT,OK
TKT56565892684,2026-05-16T13:56:00Z,PORTE-C,,UNITE,OK
TKT51586720683,2026-05-16T13:56:01Z,PORTE-A,R59793073,VIP,OK
TKT19779704482,2026-05-16T13:56:01Z,VIP-EST,R57536553,UNITE,OK
TKT57496968558,2026-05-16T13:56:02Z,PORTE-D,,GROUPE,OK
TKT24208669606,2026-05-16T13:56:03Z,PORTE-C,,UNITE,REFUSE_DEJA_SCANNE
TKT58538009615,2026-05-16T13:56:04Z,PORTE-A,R54972096,VIP,OK
TKT57647084182,2026-05-16T13:56:06Z,PORTE-D,R51604887,UNITE,OK
TKT74271134084,2026-05-16T13:56:07Z,PORTE-D,,INVITATION,OK
TKT88198274935,2026-05-16T13:56:08Z,PORTE-D,R54605867,ABONNEMENT,OK
TKT88665998938,2026-05-16T13:56:09Z,PORTE-C,R56390032,UNITE,OK
TKT42774552916,2026-05-16T13:56:10Z,PORTE-D,R54358627,ABONNEMENT,OK
TKT80168451726,2026-05-16T13:56:10Z,PORTE-C,R57000791,ABONNEMENT,OK
TKT73338983782,2026-05-16T13:56:11Z,PORTE-D,,UNITE,OK
TKT31176561991,2026-05-16T13:56:13Z,PORTE-C,R53764764,UNITE,OK
TKT87119658570,2026-05-16T13:56:13Z,PORTE-D,R55855151,UNITE,OK
TKT28628403618,2026-05-16T13:56:14Z,PORTE-B,R52546120,UNITE,OK
TKT75700035477,2026-05-16T13:56:14Z,VIP-EST,,VIP,OK
TKT43528765573,2026-05-16T13:56:16Z,PORTE-C,R59794500,ABONNEMENT,OK
TKT71803231596,2026-05-16T13:56:16Z,PORTE-C,R59575458,UNITE,OK
TKT82871099216,2026-05-16T13:56:17Z,PORTE-D,,GROUPE,OK
TKT33461973646,2026-05-16T13:56:21Z,PORTE-B,R51564161,ABONNEMENT,OK
TKT62759936511,2026-05-16T13:56:21Z,PORTE-A,,UNITE,OK
TKT13445064410,2026-05-16T13:56:21Z,PORTE-C,,UNITE,OK
TKT80427339925,2026-05-16T13:56:22Z,PORTE-D,R59625513,ABONNEMENT,OK
TKT44596072839,2026-05-16T13:56:22Z,PORTE-D,R55631885,UNITE,OK
TKT41796908653,2026-05-16T13:56:23Z,PORTE-B,R56538512,ABONNEMENT,OK
TKT34046936891,2026-05-16T13:56:24Z,PORTE-D,R55903655,ABONNEMENT,OK
TKT73817392259,2026-05-16T13:56:24Z,PORTE-D,R54063218,UNITE,OK
TKT15122163950,2026-05-16T13:56:25Z,PORTE-D,R57725893,UNITE,OK
TKT59697688183,2026-05-16T13:56:26Z,PORTE-A,,UNITE,OK
TKT82888809435,2026-05-16T13:56:27Z,PORTE-A,R51218352,ABONNEMENT,OK
TKT44774507857,2026-05-16T13:56:27Z,PORTE-C,R53038895,UNITE,OK
TKT22735100174,2026-05-16T13:56:29Z,PORTE-C,,UNITE,OK
TKT85776071213,2026-05-16T13:56:30Z,PORTE-B,R53249097,UNITE,OK
TKT44083110753,2026-05-16T13:56:31Z,PORTE-C,R52979578,ABONNEMENT,OK
TKT80552647609,2026-05-16T13:56:31Z,PORTE-B,R57861165,ABONNEMENT,OK
TKT65377945112,2026-05-16T13:56:31Z,PORTE-D,R51942248,UNITE,OK
TKT20302995988,2026-05-16T13:56:32Z,PORTE-C,R55952829,ABONNEMENT,OK
TKT27645240741,2026-05-16T13:56:33Z,PORTE-C,R55880696,ABONNEMENT,OK
TKT59194896083,2026-05-16T13:56:33Z,PORTE-D,R56449905,UNITE,OK
TKT86249062816,2026-05-16T13:56:33Z,PORTE-C,R59064283,UNITE,OK
TKT55330429746,2026-05-16T13:56:34Z,PORTE-D,,INVITATION,OK
TKT71335190370,2026-05-16T13:56:35Z,PORTE-C,,UNITE,OK
TKT85607635486,2026-05-16T13:56:35Z,PMR-NORD,R52929111,UNITE,OK
TKT26140962137,2026-05-16T13:56:36Z,PORTE-A,R52606395,VIP,OK
TKT67311834957,2026-05-16T13:56:39Z,PORTE-D,R57641979,ABONNEMENT,OK
TKT63540985135,2026-05-16T13:56:40Z,PORTE-A,R56746118,ABONNEMENT,OK
TKT76303700777,2026-05-16T13:56:40Z,PORTE-C,,GROUPE,OK
TKT83895659607,2026-05-16T13:56:40Z,PORTE-C,R57605879,UNITE,OK
TKT79552423417,2026-05-16T13:56:40Z,PORTE-C,R58472939,UNITE,OK
TKT84922423699,2026-05-16T13:56:45Z,PORTE-C,R52470041,ABONNEMENT,REFUSE_DEJA_SCANNE
TKT48465341812,2026-05-16T13:56:45Z,PORTE-C,R51043111,ABONNEMENT,OK
TKT60706525905,2026-05-16T13:56:45Z,PORTE-C,R55953988,ABONNEMENT,OK
TKT44623544028,2026-05-16T13:56:45Z,PMR-NORD,R52658979,UNITE,OK
TKT63604128445,2026-05-16T13:56:45Z,PORTE-C,R59325354,UNITE,OK
TKT16611860219,2026-05-16T13:56:46Z,PORTE-D,R53331842,UNITE,OK
TKT67868969417,2026-05-16T13:56:46Z,PORTE-C,R57215820,UNITE,OK
TKT63811370100,2026-05-16T13:56:47Z,PORTE-C,R58235842,ABONNEMENT,OK
TKT67396316907,2026-05-16T13:56:47Z,PORTE-A,R52899878,ABONNEMENT,OK
TKT67003629913,2026-05-16T13:56:48Z,PORTE-A,R51507075,ABONNEMENT,OK
TKT84069190259,2026-05-16T13:56:48Z,PORTE-C,R54290239,UNITE,OK
TKT59973065901,2026-05-16T13:56:48Z,PORTE-D,R57707714,UNITE,OK
TKT68901365144,2026-05-16T13:56:49Z,PORTE-C,R56166833,ABONNEMENT,OK
TKT72632584700,2026-05-16T13:56:50Z,PORTE-D,R57633675,ABONNEMENT,OK
TKT30671815893,2026-05-16T13:56:50Z,PORTE-D,,UNITE,OK
TKT76324207321,2026-05-16T13:56:50Z,PORTE-C,,GROUPE,OK
TKT63020843393,2026-05-16T13:56:50Z,PORTE-C,R51435019,UNITE,OK
TKT11122750989,2026-05-16T13:56:51Z,PORTE-C,R58870431,UNITE,OK
TKT99849251489,2026-05-16T13:56:53Z,PORTE-C,R53816524,ABONNEMENT,OK
TKT12928536682,2026-05-16T13:56:53Z,PORTE-D,R56156680,UNITE,OK
TKT80304473324,2026-05-16T13:56:55Z,PORTE-D,R59464974,ABONNEMENT,OK
TKT29260338903,2026-05-16T13:56:55Z,PORTE-A,R55790039,UNITE,OK
TKT80095170148,2026-05-16T13:56:55Z,PORTE-C,R59816501,UNITE,OK
TKT51226908998,2026-05-16T13:56:56Z,PORTE-A,R57318804,ABONNEMENT,OK
TKT30436504357,2026-05-16T13:56:56Z,PORTE-C,R55799445,ABONNEMENT,OK
TKT75358521246,2026-05-16T13:56:57Z,PORTE-C,R58864177,ABONNEMENT,OK
TKT85645766912,2026-05-16T13:56:58Z,PORTE-C,R57366685,ABONNEMENT,OK
TKT19970558731,2026-05-16T13:56:58Z,PORTE-D,R56621679,UNITE,OK
TKT67580886258,2026-05-16T13:56:58Z,VIP-EST,R56921771,VIP,OK
TKT99474012675,2026-05-16T13:56:59Z,PORTE-C,R54763877,UNITE,OK
TKT63938374073,2026-05-16T13:57:00Z,PORTE-B,R52566004,ABONNEMENT,OK
TKT20478305127,2026-05-16T13:57:01Z,PORTE-A,R55631406,UNITE,OK
TKT12296517783,2026-05-16T13:57:02Z,PORTE-C,R56730860,UNITE,OK
TKT58984772440,2026-05-16T13:57:03Z,PORTE-C,R55732494,ABONNEMENT,OK
TKT63970015598,2026-05-16T13:57:05Z,PORTE-C,,UNITE,OK
TKT10730134918,2026-05-16T13:57:05Z,PORTE-C,R56960256,UNITE,OK
TKT79367454687,2026-05-16T13:57:05Z,PORTE-C,R58593355,UNITE,OK
TKT10804546384,2026-05-16T13:57:07Z,PORTE-A,R59694313,ABONNEMENT,OK
TKT84786786265,2026-05-16T13:57:08Z,PORTE-D,,UNITE,OK
TKT49109606922,2026-05-16T13:57:09Z,PORTE-A,R57431797,GROUPE,OK
TKT37243744658,2026-05-16T13:57:14Z,PORTE-D,R54167907,ABONNEMENT,OK
TKT12805480568,2026-05-16T13:57:14Z,PORTE-C,R53167146,UNITE,OK
TKT44664382202,2026-05-16T13:57:14Z,PORTE-C,R56570522,UNITE,OK
TKT97965306820,2026-05-16T13:57:16Z,PORTE-D,R54297729,UNITE,OK
TKT78731197368,2026-05-16T13:57:16Z,PORTE-C,R53574054,UNITE,OK
TKT49924539540,2026-05-16T13:57:17Z,VIP-EST,R57553171,UNITE,OK
TKT81084438176,2026-05-16T13:57:18Z,PORTE-D,R55303595,ABONNEMENT,OK
TKT36794271212,2026-05-16T13:57:18Z,PORTE-C,,UNITE,OK
TKT34191185260,2026-05-16T13:57:19Z,PORTE-B,R56640136,ABONNEMENT,OK
TKT50775217590,2026-05-16T13:57:19Z,PORTE-B,R54388252,UNITE,OK
TKT27574942304,2026-05-16T13:57:20Z,VIP-EST,R58268331,UNITE,OK
TKT14402574101,2026-05-16T13:57:21Z,PORTE-D,R59886728,ABONNEMENT,OK
TKT28849883021,2026-05-16T13:57:22Z,VIP-EST,R54137669,ABONNEMENT,OK
TKT65536663929,2026-05-16T13:57:22Z,PORTE-C,R56809525,ABONNEMENT,OK
TKT39367322490,2026-05-16T13:57:22Z,PORTE-D,R57379548,GROUPE,OK
TKT22197961080,2026-05-16T13:57:23Z,PORTE-D,R58016599,ABONNEMENT,OK
TKT68835670374,2026-05-16T13:57:23Z,PORTE-C,R56878804,UNITE,OK
TKT72505422036,2026-05-16T13:57:23Z,PORTE-D,,UNITE,OK
TKT60282765210,2026-05-16T13:57:24Z,PORTE-C,R55550021,ABONNEMENT,REFUSE_DEJA_SCANNE
TKT63528570845,2026-05-16T13:57:25Z,PORTE-B,,UNITE,OK
TKT26270653254,2026-05-16T13:57:26Z,PORTE-D,R57201510,UNITE,OK
TKT65581258343,2026-05-16T13:57:27Z,PORTE-D,R52478067,ABONNEMENT,OK
TKT20716328700,2026-05-16T13:57:27Z,VIP-EST,R51360635,ABONNEMENT,OK
TKT22691197492,2026-05-16T13:57:27Z,PORTE-D,,UNITE,OK
TKT62740939252,2026-05-16T13:57:28Z,PORTE-D,R52957845,UNITE,OK
TKT90955529910,2026-05-16T13:57:29Z,PORTE-D,R52780353,ABONNEMENT,OK
TKT25054571152,2026-05-16T13:57:29Z,PORTE-C,,UNITE,OK
TKT91915884118,2026-05-16T13:57:32Z,PORTE-C,R58505428,ABONNEMENT,OK
TKT40059130694,2026-05-16T13:57:32Z,PORTE-D,R55735415,ABONNEMENT,OK
TKT10859969698,2026-05-16T13:57:32Z,PORTE-C,R58928063,UNITE,OK
TKT23244024869,2026-05-16T13:57:32Z,PORTE-A,R52655703,UNITE,OK
TKT99002169385,2026-05-16T13:57:34Z,PORTE-D,R54317690,UNITE,OK
TKT90485595114,2026-05-16T13:57:35Z,PORTE-C,R55489803,UNITE,OK
TKT55904733393,2026-05-16T13:57:35Z,PORTE-A,R55846435,UNITE,OK
TKT54133688848,2026-05-16T13:57:35Z,PORTE-D,R59420905,UNITE,REFUSE_DEJA_SCANNE
TKT68150108738,2026-05-16T13:57:37Z,PORTE-C,R59961437,UNITE,OK
TKT76647573591,2026-05-16T13:57:38Z,PORTE-D,R57592125,UNITE,OK
TKT94637976043,2026-05-16T13:57:40Z,PORTE-B,R53253455,INVITATION,OK
TKT27059634231,2026-05-16T13:57:42Z,PORTE-D,R58330254,ABONNEMENT,OK
TKT69484839563,2026-05-16T13:57:42Z,PORTE-B,,UNITE,OK
TKT59663974101,2026-05-16T13:57:43Z,PORTE-B,R54744807,ABONNEMENT,OK
TKT13321731550,2026-05-16T13:57:43Z,PORTE-C,,GROUPE,OK
TKT84189958326,2026-05-16T13:57:43Z,PORTE-B,,UNITE,OK
TKT86040178837,2026-05-16T13:57:44Z,PORTE-D,R57494045,ABONNEMENT,OK
TKT96491406699,2026-05-16T13:57:44Z,PORTE-B,R53653121,ABONNEMENT,OK
TKT73000909140,2026-05-16T13:57:44Z,PORTE-C,R57361982,INVITATION,OK
TKT23800222173,2026-05-16T13:57:45Z,PORTE-B,R59979971,ABONNEMENT,OK
TKT25851785651,2026-05-16T13:57:46Z,PORTE-B,R54363521,ABONNEMENT,OK
TKT49459512355,2026-05-16T13:57:46Z,VIP-EST,R56782553,ABONNEMENT,OK
TKT82985062511,2026-05-16T13:57:46Z,VIP-EST,,UNITE,OK
TKT14357907582,2026-05-16T13:57:46Z,PORTE-D,,UNITE,OK
TKT10108491336,2026-05-16T13:57:49Z,PORTE-D,,UNITE,OK
TKT95677385890,2026-05-16T13:57:50Z,PORTE-C,R52980871,ABONNEMENT,OK
TKT29437986946,2026-05-16T13:57:50Z,PORTE-C,R54454446,ABONNEMENT,OK
TKT33959179902,2026-05-16T13:57:50Z,PORTE-D,R53421206,UNITE,OK
TKT69874366490,2026-05-16T13:57:51Z,VIP-EST,R58057124,ABONNEMENT,OK
TKT21320951140,2026-05-16T13:57:51Z,PORTE-A,R51098070,ABONNEMENT,OK
TKT95746333443,2026-05-16T13:57:51Z,PORTE-D,,UNITE,OK
TKT90614656335,2026-05-16T13:57:52Z,PORTE-B,R55869729,ABONNEMENT,OK
TKT23342671575,2026-05-16T13:57:54Z,PORTE-D,R58414369,ABONNEMENT,OK
TKT38374258643,2026-05-16T13:57:55Z,PORTE-C,R53496203,UNITE,OK
TKT48735677542,2026-05-16T13:57:56Z,PORTE-A,R53466702,ABONNEMENT,OK
TKT58384176561,2026-05-16T13:57:56Z,PORTE-D,R56265670,UNITE,OK
TKT45238063158,2026-05-16T13:57:57Z,PORTE-C,R58391822,ABONNEMENT,OK
TKT51881667538,2026-05-16T13:57:57Z,PORTE-D,R53531881,UNITE,OK
TKT25844290772,2026-05-16T13:57:57Z,PORTE-D,,UNITE,OK
TKT90314770122,2026-05-16T13:57:58Z,PORTE-D,R57556169,UNITE,OK
TKT47856576513,2026-05-16T13:58:00Z,PORTE-D,R58454003,ABONNEMENT,OK
TKT96286873678,2026-05-16T13:58:01Z,PORTE-D,R51976164,ABONNEMENT,OK
TKT52147405177,2026-05-16T13:58:01Z,PORTE-D,R54930345,UNITE,OK
TKT27009048506,2026-05-16T13:58:02Z,PORTE-D,R58999506,ABONNEMENT,OK
TKT50612862615,2026-05-16T13:58:02Z,PORTE-A,R59013327,ABONNEMENT,OK
TKT39842780710,2026-05-16T13:58:02Z,PORTE-C,,UNITE,OK
TKT90083813339,2026-05-16T13:58:02Z,PORTE-D,R58966002,INVITATION,OK
TKT20959261305,2026-05-16T13:58:04Z,PORTE-D,R58541806,ABONNEMENT,OK
TKT17888731486,2026-05-16T13:58:05Z,PORTE-C,R56701915,ABONNEMENT,OK
TKT89925832695,2026-05-16T13:58:05Z,PORTE-A,,UNITE,OK
TKT23387434287,2026-05-16T13:58:07Z,PORTE-D,R54650817,ABONNEMENT,OK
TKT43674987945,2026-05-16T13:58:07Z,PORTE-C,,UNITE,OK
TKT84560674730,2026-05-16T13:58:08Z,PORTE-C,R51718972,ABONNEMENT,OK
TKT23243133995,2026-05-16T13:58:08Z,PORTE-C,R58947880,UNITE,OK
TKT90616473264,2026-05-16T13:58:09Z,PORTE-C,R59665837,ABONNEMENT,OK
TKT91570224849,2026-05-16T13:58:10Z,VIP-EST,R59320584,UNITE,OK
TKT70397453809,2026-05-16T13:58:11Z,PORTE-A,R53422844,ABONNEMENT,OK
TKT80916460408,2026-05-16T13:58:11Z,PORTE-C,,UNITE,OK
TKT84375380527,2026-05-16T13:58:12Z,PORTE-D,R58037776,ABONNEMENT,OK
TKT77183894079,2026-05-16T13:58:12Z,PORTE-C,R58541193,UNITE,OK
TKT98178070632,2026-05-16T13:58:12Z,PORTE-C,,UNITE,OK
TKT12825843433,2026-05-16T13:58:13Z,PORTE-C,R51139275,ABONNEMENT,OK
TKT81996620982,2026-05-16T13:58:13Z,PORTE-D,R58538731,UNITE,OK
TKT39804668953,2026-05-16T13:58:15Z,PORTE-A,R58872816,UNITE,OK
TKT28620917364,2026-05-16T13:58:15Z,PORTE-D,,GROUPE,OK
TKT72697002967,2026-05-16T13:58:16Z,VIP-EST,R51424943,VIP,OK
TKT71029104882,2026-05-16T13:58:17Z,PORTE-B,R59934609,ABONNEMENT,OK
TKT23391362172,2026-05-16T13:58:17Z,PORTE-C,R56247136,UNITE,OK
TKT93560197299,2026-05-16T13:58:17Z,PORTE-D,R53311690,UNITE,OK
TKT40508662148,2026-05-16T13:58:18Z,PORTE-B,R53396284,ABONNEMENT,OK
TKT10433656302,2026-05-16T13:58:18Z,PORTE-C,R55279621,UNITE,OK
TKT84271365432,2026-05-16T13:58:19Z,PORTE-C,R58869071,UNITE,OK
TKT14118387250,2026-05-16T13:58:20Z,PORTE-D,R56886495,UNITE,OK
TKT26502224266,2026-05-16T13:58:20Z,PORTE-C,R52834287,UNITE,OK
TKT91463584808,2026-05-16T13:58:20Z,PORTE-D,,UNITE,OK
TKT62067895649,2026-05-16T13:58:21Z,PORTE-D,R58489624,INVITATION,OK
TKT89309356422,2026-05-16T13:58:21Z,PORTE-D,R55650342,GROUPE,OK
TKT43787620327,2026-05-16T13:58:21Z,PORTE-A,R58507535,UNITE,OK
TKT53996505238,2026-05-16T13:58:21Z,PORTE-C,R53233226,UNITE,OK
TKT42178849597,2026-05-16T13:58:21Z,PORTE-C,R57615352,UNITE,OK
TKT21138850891,2026-05-16T13:58:22Z,PORTE-C,R59969818,ABONNEMENT,OK
TKT57240618169,2026-05-16T13:58:22Z,PORTE-D,R55643063,INVITATION,OK
TKT17269282065,2026-05-16T13:58:22Z,PORTE-A,,UNITE,OK
TKT49196656146,2026-05-16T13:58:22Z,VIP-EST,R59838157,UNITE,OK
TKT82839275455,2026-05-16T13:58:23Z,PORTE-C,R52664295,ABONNEMENT,OK
TKT34165112765,2026-05-16T13:58:23Z,PORTE-D,R53140050,UNITE,OK
TKT10313469684,2026-05-16T13:58:23Z,VIP-EST,,UNITE,OK
TKT51904797604,2026-05-16T13:58:23Z,VIP-EST,,UNITE,OK
TKT83889431357,2026-05-16T13:58:24Z,PORTE-C,,GROUPE,OK
TKT63137794990,2026-05-16T13:58:26Z,PORTE-B,R55758173,ABONNEMENT,OK
TKT56319253910,2026-05-16T13:58:26Z,PORTE-D,R56053562,ABONNEMENT,OK
TKT27221925623,2026-05-16T13:58:26Z,PORTE-B,R51557274,ABONNEMENT,OK
TKT31280279403,2026-05-16T13:58:27Z,PORTE-C,R51577513,ABONNEMENT,OK
TKT59111129852,2026-05-16T13:58:27Z,VIP-EST,R59473020,ABONNEMENT,OK
TKT72485961503,2026-05-16T13:58:28Z,PORTE-A,R59787556,ABONNEMENT,OK
TKT98815430082,2026-05-16T13:58:28Z,PORTE-D,R57715137,ABONNEMENT,OK
TKT83771160356,2026-05-16T13:58:28Z,PORTE-C,,UNITE,OK
TKT16142000699,2026-05-16T13:58:28Z,PORTE-C,,UNITE,OK
TKT25072736846,2026-05-16T13:58:29Z,PORTE-C,R51265965,UNITE,OK
TKT57846820099,2026-05-16T13:58:29Z,PORTE-D,,UNITE,OK
TKT67224945447,2026-05-16T13:58:31Z,PORTE-C,R55398878,ABONNEMENT,OK
TKT47637592300,2026-05-16T13:58:33Z,PORTE-D,R54633998,UNITE,OK
TKT69126309482,2026-05-16T13:58:34Z,PORTE-D,R59795860,ABONNEMENT,OK
TKT59612273910,2026-05-16T13:58:35Z,PORTE-B,R59320105,UNITE,OK
TKT64237546867,2026-05-16T13:58:36Z,PORTE-D,R58888754,INVITATION,OK
TKT92108364869,2026-05-16T13:58:36Z,PORTE-C,R52127029,INVITATION,OK
TKT35875055069,2026-05-16T13:58:36Z,PORTE-C,R52506677,UNITE,OK
TKT14251010443,2026-05-16T13:58:37Z,PORTE-D,R54620100,ABONNEMENT,OK
TKT30390071480,2026-05-16T13:58:37Z,PORTE-C,R52444419,UNITE,OK
TKT81164224958,2026-05-16T13:58:37Z,PORTE-D,,INVITATION,OK
TKT50618062121,2026-05-16T13:58:38Z,PORTE-B,R55630123,UNITE,OK
TKT38425155173,2026-05-16T13:58:38Z,PORTE-D,R52647188,UNITE,OK
TKT27296699446,2026-05-16T13:58:39Z,PORTE-D,R52246842,ABONNEMENT,OK
TKT29989863522,2026-05-16T13:58:39Z,PORTE-B,R53266529,UNITE,OK
TKT21986144848,2026-05-16T13:58:40Z,VIP-EST,R59929906,UNITE,OK
TKT38228893653,2026-05-16T13:58:41Z,PORTE-C,R52392257,ABONNEMENT,OK
TKT65778859882,2026-05-16T13:58:41Z,PORTE-B,R57339636,ABONNEMENT,OK
TKT86069423062,2026-05-16T13:58:44Z,VIP-EST,R51621783,ABONNEMENT,OK
TKT98816522861,2026-05-16T13:58:44Z,PORTE-A,R57388274,ABONNEMENT,OK
TKT75998942394,2026-05-16T13:58:44Z,PORTE-B,R53302897,ABONNEMENT,OK
TKT43823466924,2026-05-16T13:58:44Z,PORTE-D,R56307344,ABONNEMENT,OK
TKT94080312186,2026-05-16T13:58:44Z,PORTE-D,R51978482,UNITE,OK
TKT36159120116,2026-05-16T13:58:45Z,PORTE-D,R51176467,UNITE,OK
TKT87352795972,2026-05-16T13:58:46Z,PORTE-D,R54280833,ABONNEMENT,OK
TKT43980983925,2026-05-16T13:58:48Z,PORTE-D,R56698515,ABONNEMENT,OK
TKT73696747374,2026-05-16T13:58:48Z,PORTE-C,R58276990,ABONNEMENT,OK
TKT16172892148,2026-05-16T13:58:48Z,PORTE-C,R51088262,UNITE,OK
TKT32162121214,2026-05-16T13:58:49Z,PORTE-D,R58180883,ABONNEMENT,OK
TKT63866319190,2026-05-16T13:58:50Z,PORTE-C,R57524226,UNITE,OK
TKT83396775921,2026-05-16T13:58:51Z,PORTE-A,R54889619,ABONNEMENT,OK
TKT42489034479,2026-05-16T13:58:51Z,PORTE-C,R55233579,ABONNEMENT,OK
TKT24999627060,2026-05-16T13:58:52Z,PORTE-A,R53008657,GROUPE,OK
TKT20242477561,2026-05-16T13:58:52Z,PORTE-D,R58166707,UNITE,OK
TKT98384018111,2026-05-16T13:58:54Z,VIP-EST,R56577888,ABONNEMENT,OK
TKT50232250530,2026-05-16T13:58:55Z,VIP-EST,R57836176,ABONNEMENT,OK
TKT78249796120,2026-05-16T13:58:55Z,PORTE-D,R56156000,UNITE,OK
TKT53103747187,2026-05-16T13:58:56Z,PORTE-C,R55496422,ABONNEMENT,OK
TKT59412886593,2026-05-16T13:58:57Z,PORTE-D,R57037906,ABONNEMENT,OK
TKT62503352299,2026-05-16T13:58:58Z,PORTE-C,R51028399,ABONNEMENT,OK
TKT55632066977,2026-05-16T13:58:58Z,PORTE-C,R54294875,UNITE,OK
TKT41305467697,2026-05-16T13:58:59Z,PORTE-A,R56915574,ABONNEMENT,OK
TKT58214574144,2026-05-16T13:58:59Z,PORTE-D,R52639966,UNITE,OK
TKT47613089790,2026-05-16T13:59:01Z,PORTE-D,,UNITE,OK
TKT21463928286,2026-05-16T13:59:04Z,PORTE-C,R55599463,UNITE,OK
TKT65393393474,2026-05-16T13:59:04Z,PORTE-D,,UNITE,OK
TKT16898891984,2026-05-16T13:59:05Z,PORTE-D,R51188593,ABONNEMENT,OK
TKT32414764608,2026-05-16T13:59:05Z,PORTE-C,R52135879,UNITE,OK
TKT69309931995,2026-05-16T13:59:06Z,VIP-EST,R59498555,ABONNEMENT,OK
TKT13465587241,2026-05-16T13:59:06Z,PORTE-D,R59381127,UNITE,OK
TKT17583204759,2026-05-16T13:59:07Z,PORTE-D,R56720717,ABONNEMENT,OK
TKT14702796860,2026-05-16T13:59:07Z,PORTE-D,,UNITE,REFUSE_DEJA_SCANNE
TKT57847055157,2026-05-16T13:59:07Z,PORTE-C,R54473047,UNITE,OK
TKT92075191239,2026-05-16T13:59:09Z,PORTE-C,R51033782,UNITE,OK
TKT57014725493,2026-05-16T13:59:14Z,PORTE-D,R55805910,ABONNEMENT,OK
TKT84038877971,2026-05-16T13:59:14Z,PORTE-D,R54786089,UNITE,OK
TKT13476160996,2026-05-16T13:59:16Z,PORTE-D,R53897306,UNITE,OK
TKT28204286563,2026-05-16T13:59:17Z,PORTE-C,R57814098,UNITE,OK
TKT55236662739,2026-05-16T13:59:17Z,PORTE-D,R57770029,UNITE,OK
TKT96275044243,2026-05-16T13:59:17Z,PORTE-D,R51046712,UNITE,OK
TKT39672537528,2026-05-16T13:59:18Z,PORTE-C,R56344268,ABONNEMENT,OK
TKT53891546510,2026-05-16T13:59:18Z,PORTE-C,R58562715,ABONNEMENT,OK
TKT30295521714,2026-05-16T13:59:19Z,PORTE-C,R52226469,UNITE,OK
TKT66159625392,2026-05-16T13:59:20Z,VIP-EST,R52587871,ABONNEMENT,OK
TKT26479582972,2026-05-16T13:59:20Z,PORTE-B,R58810424,ABONNEMENT,OK
TKT72456124771,2026-05-16T13:59:20Z,PORTE-D,R57619844,UNITE,OK
TKT57146141269,2026-05-16T13:59:20Z,PORTE-A,R59012178,UNITE,OK
TKT45620007856,2026-05-16T13:59:21Z,PORTE-A,R59091791,ABONNEMENT,OK
TKT37750791427,2026-05-16T13:59:21Z,VIP-EST,R51462805,VIP,OK
TKT23335837884,2026-05-16T13:59:21Z,VIP-EST,R58702067,UNITE,OK
TKT70289428173,2026-05-16T13:59:23Z,PORTE-D,R52995583,UNITE,OK
TKT76775970427,2026-05-16T13:59:23Z,PORTE-C,R57480147,UNITE,OK
TKT93605304423,2026-05-16T13:59:24Z,PORTE-A,R52353025,ABONNEMENT,OK
TKT46020218635,2026-05-16T13:59:24Z,PORTE-D,,UNITE,OK
TKT23659197950,2026-05-16T13:59:25Z,PORTE-D,R52995583,ABONNEMENT,OK
TKT17236297827,2026-05-16T13:59:25Z,PORTE-C,,UNITE,OK
TKT79980844619,2026-05-16T13:59:26Z,PORTE-D,R51420240,INVITATION,OK
TKT12418804532,2026-05-16T13:59:27Z,PORTE-D,R54815781,UNITE,OK
TKT67450051703,2026-05-16T13:59:28Z,VIP-EST,R59382152,VIP,OK
TKT71785787817,2026-05-16T13:59:28Z,PORTE-D,R58732382,UNITE,OK
TKT96896630960,2026-05-16T13:59:29Z,PORTE-D,R56644494,ABONNEMENT,OK
TKT15558788295,2026-05-16T13:59:30Z,PORTE-A,R54046265,ABONNEMENT,OK
TKT19709406172,2026-05-16T13:59:31Z,VIP-EST,R53779878,ABONNEMENT,OK
TKT13828638353,2026-05-16T13:59:32Z,PORTE-C,R52362086,ABONNEMENT,OK
TKT23243317416,2026-05-16T13:59:34Z,PORTE-D,R57915042,ABONNEMENT,OK
TKT69195143115,2026-05-16T13:59:34Z,PORTE-B,R59286936,ABONNEMENT,OK
TKT58457120104,2026-05-16T13:59:34Z,PORTE-B,R56109968,UNITE,OK
TKT39105103933,2026-05-16T13:59:35Z,PORTE-D,R55109140,UNITE,OK
TKT59828015652,2026-05-16T13:59:39Z,PORTE-B,R58467087,ABONNEMENT,OK
TKT75172898997,2026-05-16T13:59:39Z,PORTE-B,R55166216,ABONNEMENT,OK
TKT79405023107,2026-05-16T13:59:39Z,PORTE-D,R57256881,UNITE,OK
TKT22217085785,2026-05-16T13:59:41Z,PORTE-C,R55904680,ABONNEMENT,OK
TKT50501439942,2026-05-16T13:59:41Z,PORTE-C,R56391737,ABONNEMENT,OK
TKT36286875757,2026-05-16T13:59:41Z,PORTE-C,R52840963,ABONNEMENT,OK
TKT47273325192,2026-05-16T13:59:41Z,PORTE-D,R54994432,UNITE,OK
TKT82643656214,2026-05-16T13:59:42Z,PORTE-C,R57201721,UNITE,OK
TKT12395442193,2026-05-16T13:59:43Z,PORTE-D,R59137910,UNITE,OK
TKT36793435197,2026-05-16T13:59:44Z,VIP-EST,R52523573,ABONNEMENT,OK
TKT95064822615,2026-05-16T13:59:44Z,PORTE-C,R55634682,ABONNEMENT,OK
TKT21072913955,2026-05-16T13:59:44Z,PORTE-D,R51847223,UNITE,OK
TKT13526972760,2026-05-16T13:59:44Z,PORTE-D,R56540495,UNITE,OK
TKT75181969757,2026-05-16T13:59:44Z,PORTE-A,R56050909,UNITE,OK
TKT41017105705,2026-05-16T13:59:44Z,PORTE-B,R58370367,UNITE,OK
TKT77559903177,2026-05-16T13:59:45Z,VIP-EST,R55884997,ABONNEMENT,OK
TKT24073970146,2026-05-16T13:59:45Z,PORTE-D,R58010191,INVITATION,OK
TKT35904533478,2026-05-16T13:59:46Z,PORTE-B,R57823772,ABONNEMENT,OK
TKT77607029115,2026-05-16T13:59:47Z,PORTE-C,R52763725,ABONNEMENT,OK
TKT82838421279,2026-05-16T13:59:48Z,VIP-EST,R51514987,ABONNEMENT,OK
TKT74626389315,2026-05-16T13:59:48Z,PORTE-C,R52646039,ABONNEMENT,OK
TKT55017885815,2026-05-16T13:59:48Z,PORTE-C,R58930917,ABONNEMENT,OK
TKT36742295343,2026-05-16T13:59:48Z,PORTE-C,R59405513,UNITE,OK
TKT55560002989,2026-05-16T13:59:49Z,PORTE-B,R53600403,ABONNEMENT,OK
TKT39560523554,2026-05-16T13:59:50Z,PORTE-B,R55513442,ABONNEMENT,OK
TKT86465237479,2026-05-16T13:59:50Z,PORTE-C,,UNITE,OK
TKT97747883431,2026-05-16T13:59:51Z,PORTE-C,R57796331,ABONNEMENT,OK
TKT97006970090,2026-05-16T13:59:52Z,VIP-EST,R59375543,ABONNEMENT,OK
TKT63964178243,2026-05-16T13:59:52Z,PORTE-C,,UNITE,OK
TKT72924002737,2026-05-16T13:59:53Z,PORTE-D,R56187129,UNITE,OK
TKT16431938827,2026-05-16T13:59:55Z,PORTE-C,R59117959,UNITE,OK
TKT56661532959,2026-05-16T13:59:57Z,PORTE-D,R57518776,UNITE,OK
TKT64788623997,2026-05-16T13:59:57Z,PORTE-C,R59002169,UNITE,OK
TKT44336853004,2026-05-16T13:59:57Z,PORTE-C,,GROUPE,OK
TKT12264564198,2026-05-16T13:59:58Z,PORTE-D,R58986844,ABONNEMENT,OK
TKT57065051608,2026-05-16T13:59:58Z,PORTE-D,R56242366,UNITE,OK
TKT34711541509,2026-05-16T13:59:58Z,PORTE-D,R53944373,UNITE,OK
TKT59933378812,2026-05-16T13:59:58Z,PORTE-B,R51507142,INVITATION,OK
TKT83061083164,2026-05-16T14:00:00Z,VIP-EST,R52999941,ABONNEMENT,OK
TKT68042324268,2026-05-16T14:00:00Z,PORTE-C,R58735849,UNITE,OK
TKT14486402829,2026-05-16T14:00:02Z,PORTE-D,R53546804,ABONNEMENT,OK
TKT23107717213,2026-05-16T14:00:03Z,PORTE-D,,UNITE,OK
TKT85128480259,2026-05-16T14:00:04Z,PORTE-C,R52288382,ABONNEMENT,OK
TKT82320310501,2026-05-16T14:00:06Z,PORTE-B,R52149432,ABONNEMENT,OK
TKT42168975350,2026-05-16T14:00:07Z,PORTE-C,R53063626,ABONNEMENT,OK
TKT63403055101,2026-05-16T14:00:07Z,PORTE-A,R54384986,UNITE,OK
TKT88065104888,2026-05-16T14:00:07Z,PORTE-D,R59694792,UNITE,OK
TKT97873812950,2026-05-16T14:00:08Z,PORTE-D,,UNITE,OK
TKT31690993432,2026-05-16T14:00:09Z,PORTE-C,R52588896,ABONNEMENT,OK
TKT39492926264,2026-05-16T14:00:11Z,PORTE-A,R56868249,ABONNEMENT,OK
TKT25112194281,2026-05-16T14:00:11Z,PORTE-C,R57441739,ABONNEMENT,OK
TKT93903239364,2026-05-16T14:00:11Z,PORTE-C,R58864445,UNITE,OK
TKT72087382009,2026-05-16T14:00:13Z,PORTE-C,R54210549,ABONNEMENT,OK
TKT20126222669,2026-05-16T14:00:15Z,PORTE-B,R51385155,ABONNEMENT,OK
TKT60135457097,2026-05-16T14:00:15Z,PORTE-C,R52571923,UNITE,REFUSE_DEJA_SCANNE
TKT83929529042,2026-05-16T14:00:16Z,PORTE-C,,UNITE,OK
TKT74203892935,2026-05-16T14:00:16Z,PORTE-D,,UNITE,OK
TKT21686453409,2026-05-16T14:00:19Z,PORTE-C,R52114022,ABONNEMENT,OK
TKT22416877025,2026-05-16T14:00:20Z,PORTE-C,R54991300,ABONNEMENT,OK
TKT65686580501,2026-05-16T14:00:20Z,PORTE-D,R52922636,INVITATION,OK
TKT30948906032,2026-05-16T14:00:20Z,PORTE-D,,UNITE,OK
TKT39724573376,2026-05-16T14:00:21Z,PORTE-D,R55264641,ABONNEMENT,OK
TKT95416602073,2026-05-16T14:00:21Z,PORTE-D,R56407397,ABONNEMENT,OK
TKT17575882330,2026-05-16T14:00:21Z,PORTE-D,R58321863,GROUPE,OK
TKT21146556446,2026-05-16T14:00:22Z,PORTE-C,R53454241,ABONNEMENT,OK
TKT35689034228,2026-05-16T14:00:23Z,PORTE-D,R59639622,INVITATION,OK
TKT55550240059,2026-05-16T14:00:23Z,PORTE-D,R57306266,UNITE,OK
TKT39211450800,2026-05-16T14:00:24Z,PORTE-A,R51481339,ABONNEMENT,OK
TKT71113029899,2026-05-16T14:00:24Z,PORTE-A,R59621289,ABONNEMENT,OK
TKT17488415572,2026-05-16T14:00:24Z,VIP-EST,R57405361,ABONNEMENT,OK
TKT24904870978,2026-05-16T14:00:24Z,PORTE-C,,UNITE,OK
TKT10503542963,2026-05-16T14:00:24Z,PORTE-A,R59125238,UNITE,OK
TKT27236746987,2026-05-16T14:00:26Z,VIP-EST,R56853671,ABONNEMENT,OK
TKT58447022975,2026-05-16T14:00:27Z,VIP-EST,R56840999,ABONNEMENT,OK
TKT86411659933,2026-05-16T14:00:27Z,PORTE-C,R57448338,ABONNEMENT,OK
TKT99740471698,2026-05-16T14:00:29Z,PORTE-D,R53430545,UNITE,OK
TKT22735100174,2026-05-16T14:00:29Z,PORTE-C,,UNITE,REFUSE_DEJA_SCANNE
TKT88626482140,2026-05-16T14:00:29Z,PORTE-B,R57225072,UNITE,OK
TKT19670909960,2026-05-16T14:00:30Z,PORTE-B,R56578903,UNITE,OK
TKT54617100440,2026-05-16T14:00:30Z,PORTE-D,,UNITE,OK
TKT62061835614,2026-05-16T14:00:31Z,PORTE-C,,UNITE,OK
TKT91230633603,2026-05-16T14:00:32Z,PORTE-D,R56855989,UNITE,OK
TKT47322900208,2026-05-16T14:00:32Z,PORTE-A,R51220871,UNITE,OK
TKT91701330365,2026-05-16T14:00:33Z,PORTE-C,R58650307,UNITE,OK
TKT29882536173,2026-05-16T14:00:35Z,PORTE-C,R58382828,UNITE,OK
TKT56809122027,2026-05-16T14:00:37Z,PORTE-A,R55574206,UNITE,OK
TKT47923671663,2026-05-16T14:00:38Z,PORTE-A,R58310092,ABONNEMENT,OK
TKT50890191392,2026-05-16T14:00:38Z,PORTE-D,R55606216,UNITE,OK
TKT64815194750,2026-05-16T14:00:38Z,PORTE-C,R51355741,UNITE,OK
TKT56035302458,2026-05-16T14:00:39Z,PORTE-D,R51675995,ABONNEMENT,OK
TKT77144383405,2026-05-16T14:00:39Z,PORTE-C,R53971134,ABONNEMENT,OK
TKT32200976159,2026-05-16T14:00:39Z,PORTE-C,R58583624,UNITE,OK
TKT66709991980,2026-05-16T14:00:40Z,PORTE-D,R53669270,ABONNEMENT,OK
TKT61571616995,2026-05-16T14:00:40Z,PORTE-C,R51628660,ABONNEMENT,OK
TKT52409104678,2026-05-16T14:00:40Z,PORTE-C,R57218607,UNITE,OK
TKT69108250988,2026-05-16T14:00:42Z,PORTE-D,R57369070,ABONNEMENT,OK
TKT85300892611,2026-05-16T14:00:42Z,PORTE-D,R54405205,UNITE,OK
TKT94090591804,2026-05-16T14:00:42Z,PORTE-B,R58997121,UNITE,OK
TKT84183942061,2026-05-16T14:00:44Z,PORTE-C,R53330683,ABONNEMENT,OK
TKT73325682813,2026-05-16T14:00:44Z,PORTE-A,R57371177,UNITE,OK
TKT82775543169,2026-05-16T14:00:48Z,PORTE-D,,GROUPE,OK
TKT69715383348,2026-05-16T14:00:48Z,PORTE-D,R54422992,UNITE,OK
TKT56740663751,2026-05-16T14:00:48Z,PORTE-B,,UNITE,OK
TKT37007955742,2026-05-16T14:00:48Z,VIP-EST,,INVITATION,OK
TKT13640975814,2026-05-16T14:00:49Z,PORTE-C,R59583494,ABONNEMENT,OK
TKT41673226171,2026-05-16T14:00:49Z,PORTE-A,,UNITE,OK
TKT59756428022,2026-05-16T14:00:52Z,PORTE-A,R57496909,UNITE,OK
TKT97543163103,2026-05-16T14:00:54Z,PORTE-D,R59865675,ABONNEMENT,OK
TKT19653347029,2026-05-16T14:00:54Z,PORTE-D,R53424606,ABONNEMENT,OK
TKT94969016849,2026-05-16T14:00:56Z,PORTE-D,R54263679,UNITE,OK
TKT11748364187,2026-05-16T14:00:58Z,PORTE-C,R55847259,ABONNEMENT,OK
TKT54985321835,2026-05-16T14:00:59Z,PORTE-B,R59847285,ABONNEMENT,OK
TKT58996291728,2026-05-16T14:01:00Z,PORTE-C,R58380654,ABONNEMENT,OK
TKT93964794101,2026-05-16T14:01:00Z,PORTE-C,R58899932,UNITE,OK
TKT65078971853,2026-05-16T14:01:03Z,PORTE-D,R56861506,UNITE,OK
TKT52695477334,2026-05-16T14:01:04Z,PORTE-A,R51718704,ABONNEMENT,OK
TKT59141351605,2026-05-16T14:01:04Z,PORTE-D,R58570684,UNITE,OK
TKT56264303571,2026-05-16T14:01:04Z,PORTE-B,R57136733,UNITE,OK
TKT43424089648,2026-05-16T14:01:05Z,PORTE-C,R57733259,UNITE,OK
TKT52084640022,2026-05-16T14:01:05Z,PORTE-C,R54446008,UNITE,OK
TKT86478048820,2026-05-16T14:01:07Z,PORTE-D,R57339780,UNITE,OK
TKT88065104888,2026-05-16T14:01:07Z,PORTE-D,R59694792,UNITE,REFUSE_DEJA_SCANNE
TKT15395090909,2026-05-16T14:01:08Z,PORTE-B,R51625183,UNITE,OK
TKT78381553599,2026-05-16T14:01:08Z,PORTE-C,,UNITE,OK
TKT18681804848,2026-05-16T14:01:09Z,PORTE-C,R59369011,UNITE,OK
TKT67549753254,2026-05-16T14:01:10Z,PORTE-D,R58167876,ABONNEMENT,OK
TKT55874112210,2026-05-16T14:01:10Z,PORTE-C,,UNITE,OK
TKT10343740782,2026-05-16T14:01:11Z,PORTE-C,R57038797,ABONNEMENT,OK
TKT58625194911,2026-05-16T14:01:11Z,PORTE-B,R59885492,UNITE,OK
TKT67734772354,2026-05-16T14:01:12Z,PORTE-C,R55864557,ABONNEMENT,OK
TKT51566624249,2026-05-16T14:01:12Z,PORTE-B,R59833387,ABONNEMENT,OK
TKT31609774852,2026-05-16T14:01:12Z,PORTE-C,,UNITE,OK
TKT62604753930,2026-05-16T14:01:13Z,PORTE-C,R51897499,ABONNEMENT,OK
TKT68484313046,2026-05-16T14:01:13Z,PORTE-D,,UNITE,OK
TKT73337878521,2026-05-16T14:01:13Z,PORTE-D,R57613513,UNITE,OK
TKT60342802327,2026-05-16T14:01:14Z,PORTE-C,R59015109,UNITE,OK
TKT39551162288,2026-05-16T14:01:16Z,PORTE-C,,UNITE,OK
TKT62148121961,2026-05-16T14:01:16Z,PORTE-D,R56477423,UNITE,OK
TKT88540388194,2026-05-16T14:01:17Z,PORTE-C,,UNITE,OK
TKT52369901957,2026-05-16T14:01:18Z,PORTE-D,R53387970,UNITE,OK
TKT65538164781,2026-05-16T14:01:18Z,PORTE-D,R56429810,UNITE,OK
TKT74621525301,2026-05-16T14:01:20Z,VIP-EST,R51854110,ABONNEMENT,OK
TKT42415789812,2026-05-16T14:01:20Z,PORTE-C,R55661376,UNITE,OK
TKT29133225081,2026-05-16T14:01:21Z,PORTE-D,R54395464,ABONNEMENT,OK
TKT79214242362,2026-05-16T14:01:22Z,PORTE-A,R54189094,VIP,OK
TKT74249524481,2026-05-16T14:01:22Z,PMR-NORD,R51107878,UNITE,OK
TKT84369361249,2026-05-16T14:01:23Z,PORTE-B,R55756401,UNITE,OK
TKT88628969198,2026-05-16T14:01:24Z,PORTE-B,R51121096,ABONNEMENT,OK
TKT76070166893,2026-05-16T14:01:24Z,PORTE-B,R57370899,ABONNEMENT,OK
TKT71764030660,2026-05-16T14:01:26Z,PORTE-A,R59310029,ABONNEMENT,OK
TKT17484072879,2026-05-16T14:01:26Z,PORTE-A,R56149870,ABONNEMENT,OK
TKT63612554947,2026-05-16T14:01:26Z,PORTE-A,R51740082,ABONNEMENT,OK
TKT72173365221,2026-05-16T14:01:26Z,PORTE-D,R57334742,INVITATION,OK
TKT62289673834,2026-05-16T14:01:27Z,VIP-EST,R53014998,ABONNEMENT,OK
TKT15118644305,2026-05-16T14:01:27Z,PORTE-A,R54708573,ABONNEMENT,OK
TKT95173753918,2026-05-16T14:01:28Z,PORTE-C,R55151226,ABONNEMENT,OK
TKT95064442075,2026-05-16T14:01:28Z,PORTE-A,R54360533,UNITE,OK
TKT61860596217,2026-05-16T14:01:30Z,PORTE-A,R51331623,ABONNEMENT,OK
TKT40791088280,2026-05-16T14:01:31Z,PORTE-D,R56630472,ABONNEMENT,OK
TKT31715157489,2026-05-16T14:01:31Z,VIP-EST,R53423457,UNITE,OK
TKT58515377352,2026-05-16T14:01:31Z,PORTE-D,R59293468,UNITE,OK
TKT58834745497,2026-05-16T14:01:32Z,PORTE-C,R59823857,UNITE,OK
TKT86756323250,2026-05-16T14:01:32Z,PORTE-D,R51499183,UNITE,OK
TKT83926123115,2026-05-16T14:01:32Z,PORTE-C,R53276136,UNITE,OK
TKT90141444073,2026-05-16T14:01:34Z,PORTE-B,R57999157,ABONNEMENT,OK
TKT99448284255,2026-05-16T14:01:34Z,PORTE-D,R51805472,UNITE,OK
TKT95988190012,2026-05-16T14:01:34Z,VIP-EST,R58082726,VIP,OK
TKT37064302561,2026-05-16T14:01:35Z,PORTE-A,R57046632,ABONNEMENT,OK
TKT89669456327,2026-05-16T14:01:35Z,PORTE-D,R58740408,UNITE,OK
TKT76952975317,2026-05-16T14:01:36Z,PORTE-A,R58490036,ABONNEMENT,OK
TKT92645032456,2026-05-16T14:01:36Z,PORTE-D,R59379221,ABONNEMENT,OK
TKT73893122447,2026-05-16T14:01:36Z,PORTE-C,R59052425,UNITE,OK
TKT80234503860,2026-05-16T14:01:37Z,PORTE-D,R57680397,ABONNEMENT,OK
TKT33710668023,2026-05-16T14:01:37Z,PORTE-D,R52919427,UNITE,OK
TKT20634328324,2026-05-16T14:01:37Z,PORTE-C,,GROUPE,OK
TKT85754732346,2026-05-16T14:01:37Z,PORTE-C,R56336232,UNITE,OK
TKT41879829652,2026-05-16T14:01:38Z,PORTE-A,R57359453,ABONNEMENT,OK
TKT26577958094,2026-05-16T14:01:39Z,VIP-EST,R59527567,UNITE,OK
TKT97346316866,2026-05-16T14:01:40Z,VIP-EST,R54592314,ABONNEMENT,OK
TKT86374302831,2026-05-16T14:01:40Z,PORTE-D,R51714001,ABONNEMENT,OK
TKT62086808725,2026-05-16T14:01:42Z,VIP-EST,R51044883,UNITE,OK
TKT33702201498,2026-05-16T14:01:42Z,VIP-EST,R52488354,UNITE,OK
TKT33035786230,2026-05-16T14:01:44Z,PORTE-A,R56985935,ABONNEMENT,OK
TKT22227359740,2026-05-16T14:01:44Z,PORTE-C,R55309514,ABONNEMENT,OK
TKT28891324396,2026-05-16T14:01:44Z,VIP-EST,R57422602,UNITE,OK
TKT38639366394,2026-05-16T14:01:45Z,PORTE-A,R55540625,ABONNEMENT,OK
TKT57401040665,2026-05-16T14:01:45Z,PORTE-C,,UNITE,OK
TKT78371338800,2026-05-16T14:01:47Z,PORTE-A,R55961957,ABONNEMENT,OK
TKT20359079807,2026-05-16T14:01:47Z,PORTE-D,R54335055,UNITE,OK
TKT53986205907,2026-05-16T14:01:47Z,PORTE-C,,UNITE,OK
TKT29050024984,2026-05-16T14:01:48Z,VIP-EST,R51382502,ABONNEMENT,OK
TKT23633942798,2026-05-16T14:01:50Z,PORTE-D,R51971806,ABONNEMENT,OK
TKT96911548847,2026-05-16T14:01:53Z,PORTE-C,R55977071,ABONNEMENT,OK
TKT57477356483,2026-05-16T14:01:54Z,PORTE-D,R51693973,UNITE,OK
TKT97925048029,2026-05-16T14:01:55Z,PORTE-B,R59306763,UNITE,OK
TKT16306376857,2026-05-16T14:01:56Z,PORTE-D,R52937137,UNITE,OK
TKT28623301356,2026-05-16T14:01:58Z,VIP-EST,R51763587,UNITE,OK
TKT75457868291,2026-05-16T14:01:58Z,VIP-EST,R59924322,UNITE,OK
TKT29971670384,2026-05-16T14:01:58Z,PORTE-B,R55518423,UNITE,OK
TKT23767039440,2026-05-16T14:01:59Z,VIP-EST,R54175742,ABONNEMENT,OK
TKT41826453580,2026-05-16T14:01:59Z,PORTE-C,R55795901,ABONNEMENT,OK
TKT97433180957,2026-05-16T14:01:59Z,PORTE-B,R55876472,UNITE,OK
TKT72482415527,2026-05-16T14:02:01Z,PMR-NORD,R58520073,ABONNEMENT,OK
TKT16784343899,2026-05-16T14:02:01Z,PORTE-C,R57785967,ABONNEMENT,OK
TKT49113314307,2026-05-16T14:02:02Z,PORTE-C,R51112916,ABONNEMENT,OK
TKT93866138606,2026-05-16T14:02:02Z,PORTE-A,R55665265,UNITE,OK
TKT62526457394,2026-05-16T14:02:03Z,PORTE-D,,GROUPE,OK
TKT73222972360,2026-05-16T14:02:06Z,PORTE-C,R58731156,ABONNEMENT,OK
TKT95369708375,2026-05-16T14:02:06Z,PORTE-C,R54587410,ABONNEMENT,OK
TKT13427229530,2026-05-16T14:02:06Z,PORTE-C,R56285688,ABONNEMENT,OK
TKT32832489706,2026-05-16T14:02:06Z,PORTE-C,R53310588,ABONNEMENT,OK
TKT60178135433,2026-05-16T14:02:06Z,PORTE-D,R55691557,UNITE,OK
TKT44410258160,2026-05-16T14:02:07Z,PORTE-D,R51084249,UNITE,OK
TKT65422058775,2026-05-16T14:02:09Z,PORTE-D,R59385974,UNITE,OK
TKT78387644074,2026-05-16T14:02:10Z,PORTE-A,R56958216,ABONNEMENT,OK
TKT56090122939,2026-05-16T14:02:10Z,PORTE-C,R57345776,UNITE,OK
TKT49945501538,2026-05-16T14:02:10Z,PORTE-A,R59272569,UNITE,OK
TKT72845740389,2026-05-16T14:02:11Z,PORTE-A,R57401281,UNITE,OK
TKT34486308075,2026-05-16T14:02:12Z,PORTE-D,R59676938,UNITE,OK
TKT77434170257,2026-05-16T14:02:12Z,PORTE-C,R53628122,UNITE,OK
TKT77055823916,2026-05-16T14:02:16Z,PORTE-D,R52079828,ABONNEMENT,OK
TKT94624793461,2026-05-16T14:02:16Z,PORTE-C,R59528726,ABONNEMENT,OK
TKT87280656848,2026-05-16T14:02:17Z,PORTE-A,R57573879,UNITE,OK
TKT68835065847,2026-05-16T14:02:18Z,PORTE-C,R52014649,ABONNEMENT,REFUSE_DEJA_SCANNE
TKT48678369478,2026-05-16T14:02:18Z,PORTE-D,R56241830,UNITE,OK
TKT83697040598,2026-05-16T14:02:18Z,PORTE-C,R52145965,UNITE,OK
TKT77673308116,2026-05-16T14:02:19Z,PORTE-C,R51720878,UNITE,OK
TKT14403044586,2026-05-16T14:02:19Z,PORTE-A,,UNITE,OK
TKT97711558574,2026-05-16T14:02:19Z,PORTE-D,R53349140,UNITE,OK
TKT59410132207,2026-05-16T14:02:20Z,PORTE-C,R51231982,ABONNEMENT,OK
TKT12248994757,2026-05-16T14:02:20Z,PORTE-D,,GROUPE,OK
TKT29513702948,2026-05-16T14:02:22Z,PORTE-C,R52108428,ABONNEMENT,OK
TKT57656471097,2026-05-16T14:02:22Z,PORTE-D,R53929718,UNITE,OK
TKT57426823158,2026-05-16T14:02:23Z,PORTE-C,R52895118,ABONNEMENT,OK
TKT65224553769,2026-05-16T14:02:23Z,PORTE-D,R53105990,ABONNEMENT,OK
TKT63401737982,2026-05-16T14:02:24Z,PORTE-C,R53665726,ABONNEMENT,OK
TKT95958013587,2026-05-16T14:02:25Z,VIP-EST,R55713491,ABONNEMENT,OK
TKT68450818934,2026-05-16T14:02:26Z,PORTE-C,R58387531,ABONNEMENT,OK
TKT88123486551,2026-05-16T14:02:26Z,PORTE-D,R53282055,ABONNEMENT,OK
TKT81690153403,2026-05-16T14:02:26Z,PORTE-D,R57502972,UNITE,OK
TKT27298320432,2026-05-16T14:02:26Z,PORTE-C,R59645206,UNITE,OK
TKT76519320276,2026-05-16T14:02:27Z,PORTE-A,R54842753,ABONNEMENT,OK
TKT81312093919,2026-05-16T14:02:28Z,PORTE-D,R55062140,ABONNEMENT,OK
TKT17781902289,2026-05-16T14:02:29Z,PORTE-A,R59087031,UNITE,OK
TKT73780580548,2026-05-16T14:02:30Z,VIP-EST,R54707347,ABONNEMENT,OK
TKT14376978846,2026-05-16T14:02:31Z,PORTE-C,R55486470,UNITE,OK
TKT72758378875,2026-05-16T14:02:31Z,PORTE-C,R57054591,UNITE,OK
TKT96673025597,2026-05-16T14:02:32Z,PORTE-C,R51391908,ABONNEMENT,OK
TKT61999671028,2026-05-16T14:02:32Z,PORTE-C,R52032962,UNITE,OK
TKT46653878576,2026-05-16T14:02:33Z,PORTE-D,R55779072,ABONNEMENT,OK
TKT32057899700,2026-05-16T14:02:33Z,VIP-EST,R57053643,UNITE,OK
TKT88920065998,2026-05-16T14:02:34Z,PORTE-C,,UNITE,OK
TKT87773924691,2026-05-16T14:02:35Z,PORTE-B,R53255696,ABONNEMENT,OK
TKT25079571668,2026-05-16T14:02:36Z,PORTE-C,R55104571,ABONNEMENT,OK
TKT12340228707,2026-05-16T14:02:37Z,PORTE-A,R57486354,UNITE,OK
TKT83079837763,2026-05-16T14:02:38Z,PORTE-C,R53673628,ABONNEMENT,OK
TKT75959331932,2026-05-16T14:02:38Z,PORTE-C,R57631223,INVITATION,OK
TKT37272456217,2026-05-16T14:02:38Z,PORTE-C,R53418419,UNITE,OK
TKT71174656865,2026-05-16T14:02:38Z,VIP-EST,R52802287,UNITE,OK
TKT97310773496,2026-05-16T14:02:38Z,PORTE-D,R58744776,UNITE,OK
TKT25111559853,2026-05-16T14:02:39Z,PORTE-D,R59058076,ABONNEMENT,OK
TKT14854982177,2026-05-16T14:02:40Z,PORTE-D,,UNITE,OK
TKT46960905421,2026-05-16T14:02:40Z,PORTE-B,R52510489,UNITE,OK
TKT97814992288,2026-05-16T14:02:41Z,PORTE-D,R58957276,UNITE,OK
TKT59043919535,2026-05-16T14:02:42Z,PORTE-C,R53250514,ABONNEMENT,OK
TKT77132834448,2026-05-16T14:02:42Z,PORTE-D,R53895601,UNITE,OK
TKT26027471079,2026-05-16T14:02:44Z,PORTE-A,,UNITE,OK
TKT96636497088,2026-05-16T14:02:44Z,PORTE-B,R52454649,UNITE,OK
TKT50120928757,2026-05-16T14:02:45Z,PORTE-D,,UNITE,OK
TKT54225318691,2026-05-16T14:02:45Z,PORTE-D,R58173594,UNITE,OK
TKT28748682275,2026-05-16T14:02:47Z,PORTE-D,R53420114,ABONNEMENT,OK
TKT92894207285,2026-05-16T14:02:47Z,PORTE-D,R55553421,UNITE,OK
TKT36884439963,2026-05-16T14:02:48Z,PORTE-A,R57976610,UNITE,OK
TKT73501008574,2026-05-16T14:02:49Z,PORTE-A,R51432778,ABONNEMENT,OK
TKT78093662920,2026-05-16T14:02:51Z,PORTE-A,R54979720,ABONNEMENT,OK
TKT36538012716,2026-05-16T14:02:51Z,PORTE-A,R54982517,UNITE,OK
TKT52319272317,2026-05-16T14:02:56Z,PORTE-C,R55424634,ABONNEMENT,OK
TKT92695554204,2026-05-16T14:02:56Z,PORTE-A,R56962651,ABONNEMENT,OK
TKT41811144874,2026-05-16T14:02:57Z,PORTE-A,R59426432,ABONNEMENT,OK
TKT74827754186,2026-05-16T14:02:57Z,PORTE-C,,UNITE,OK
TKT69614013697,2026-05-16T14:02:57Z,PORTE-B,R59660799,UNITE,OK
TKT37783296550,2026-05-16T14:02:57Z,PORTE-A,R56082584,UNITE,OK
TKT56860616396,2026-05-16T14:02:57Z,PORTE-A,R53422978,UNITE,OK
TKT65136164445,2026-05-16T14:02:58Z,PORTE-C,,UNITE,OK
TKT12445009190,2026-05-16T14:02:58Z,PORTE-A,R54287241,INVITATION,OK
TKT98827831002,2026-05-16T14:03:01Z,PORTE-C,R51676943,ABONNEMENT,OK
TKT24284131840,2026-05-16T14:03:02Z,PORTE-A,R52766934,ABONNEMENT,OK
TKT80130151605,2026-05-16T14:03:05Z,PORTE-D,R56716014,ABONNEMENT,OK
TKT16834879608,2026-05-16T14:03:05Z,PORTE-B,R51337006,ABONNEMENT,OK
TKT96690472910,2026-05-16T14:03:06Z,VIP-EST,R57719629,ABONNEMENT,OK
TKT20248042049,2026-05-16T14:03:07Z,PORTE-C,R54091215,UNITE,OK
TKT31953652761,2026-05-16T14:03:08Z,PORTE-C,R58228687,UNITE,OK
TKT90152981948,2026-05-16T14:03:09Z,PORTE-A,R52216393,UNITE,OK
TKT87595316356,2026-05-16T14:03:10Z,PORTE-D,R59090364,UNITE,OK
TKT11963723405,2026-05-16T14:03:11Z,PORTE-C,R56097229,ABONNEMENT,OK
TKT34173257507,2026-05-16T14:03:12Z,PORTE-A,R56573118,UNITE,OK
TKT31901436392,2026-05-16T14:03:13Z,PORTE-B,R58542419,UNITE,OK
TKT36744569316,2026-05-16T14:03:13Z,PORTE-A,R57082387,UNITE,OK
TKT23313625254,2026-05-16T14:03:15Z,PORTE-A,R52426240,ABONNEMENT,OK
TKT32126612517,2026-05-16T14:03:15Z,PORTE-D,,GROUPE,OK
TKT49017340795,2026-05-16T14:03:16Z,PORTE-C,R55598381,ABONNEMENT,OK
TKT24019198504,2026-05-16T14:03:16Z,PORTE-C,R55700340,ABONNEMENT,OK
TKT93200232601,2026-05-16T14:03:16Z,PORTE-C,R59247905,UNITE,OK
TKT62898147710,2026-05-16T14:03:19Z,PORTE-C,R53663485,ABONNEMENT,OK
TKT20726431267,2026-05-16T14:03:19Z,PORTE-D,R55863599,ABONNEMENT,OK
TKT60557753274,2026-05-16T14:03:20Z,VIP-EST,R53837778,ABONNEMENT,OK
TKT89417948932,2026-05-16T14:03:21Z,PORTE-B,R58765608,ABONNEMENT,OK
TKT32678859034,2026-05-16T14:03:22Z,VIP-EST,R58689606,ABONNEMENT,OK
TKT97137802677,2026-05-16T14:03:23Z,PORTE-B,R58925477,ABONNEMENT,OK
TKT49211060530,2026-05-16T14:03:23Z,PORTE-C,R53457708,ABONNEMENT,OK
TKT91830264057,2026-05-16T14:03:23Z,PORTE-D,,UNITE,OK
TKT38877981323,2026-05-16T14:03:23Z,PORTE-D,,UNITE,OK
TKT50460429438,2026-05-16T14:03:24Z,PORTE-D,R57456920,UNITE,OK
TKT20844355036,2026-05-16T14:03:25Z,PORTE-C,R59502367,UNITE,OK
TKT99911371199,2026-05-16T14:03:27Z,VIP-EST,R52768629,UNITE,OK
TKT43461936203,2026-05-16T14:03:28Z,PORTE-A,R58898093,ABONNEMENT,OK
TKT45732869194,2026-05-16T14:03:28Z,PORTE-D,R56185903,UNITE,OK
TKT64208348112,2026-05-16T14:03:28Z,PORTE-D,,UNITE,OK
TKT94837534061,2026-05-16T14:03:30Z,PORTE-C,R55416789,UNITE,OK
TKT37999692583,2026-05-16T14:03:30Z,PORTE-C,R57018568,UNITE,OK
TKT56695853032,2026-05-16T14:03:30Z,PORTE-C,R59470290,UNITE,OK
TKT13188969583,2026-05-16T14:03:31Z,PORTE-D,R58749747,ABONNEMENT,OK
TKT69158124411,2026-05-16T14:03:31Z,PORTE-D,R57298910,ABONNEMENT,OK
TKT11209289970,2026-05-16T14:03:31Z,PORTE-C,R57836779,ABONNEMENT,OK
TKT78695032004,2026-05-16T14:03:32Z,PORTE-B,R56575024,ABONNEMENT,OK
TKT28841344478,2026-05-16T14:03:34Z,PORTE-A,R55672477,ABONNEMENT,OK
TKT16529700256,2026-05-16T14:03:34Z,VIP-EST,,UNITE,OK
TKT75193170789,2026-05-16T14:03:34Z,PORTE-C,R57707513,UNITE,OK
TKT27702745339,2026-05-16T14:03:35Z,PORTE-B,R55991793,UNITE,OK
TKT52811122074,2026-05-16T14:03:35Z,PORTE-A,R55827566,UNITE,OK
TKT90277803115,2026-05-16T14:03:35Z,PORTE-C,R55139244,UNITE,OK
TKT42307404604,2026-05-16T14:03:37Z,VIP-EST,R55560710,ABONNEMENT,OK
TKT48485434215,2026-05-16T14:03:37Z,PORTE-B,R57034563,UNITE,OK
TKT51017015815,2026-05-16T14:03:37Z,PORTE-C,R52699159,UNITE,OK
TKT40211878567,2026-05-16T14:03:38Z,VIP-EST,R59193281,ABONNEMENT,OK
TKT32592586381,2026-05-16T14:03:38Z,PORTE-A,R56008200,ABONNEMENT,OK
TKT69785329446,2026-05-16T14:03:38Z,VIP-EST,,VIP,OK
TKT82389067092,2026-05-16T14:03:39Z,PORTE-C,R57332079,ABONNEMENT,OK
TKT27536234500,2026-05-16T14:03:39Z,PORTE-D,R58470008,UNITE,OK
TKT17387903674,2026-05-16T14:03:40Z,PORTE-A,R57641366,ABONNEMENT,OK
TKT56918037565,2026-05-16T14:03:40Z,PORTE-D,R59580017,UNITE,OK
TKT53824793711,2026-05-16T14:03:42Z,VIP-EST,R58700362,ABONNEMENT,OK
TKT31544247225,2026-05-16T14:03:42Z,PORTE-A,R58643688,VIP,OK
TKT76361312180,2026-05-16T14:03:43Z,PORTE-C,R53685543,ABONNEMENT,OK
TKT70396766581,2026-05-16T14:03:43Z,PORTE-C,R55387854,INVITATION,OK
TKT59757147487,2026-05-16T14:03:43Z,PORTE-D,R51082812,UNITE,OK
TKT25851785651,2026-05-16T14:03:46Z,PORTE-B,R54363521,ABONNEMENT,REFUSE_DEJA_SCANNE
TKT41633521324,2026-05-16T14:03:46Z,PORTE-B,R59085939,UNITE,OK
TKT21800158742,2026-05-16T14:03:47Z,PORTE-C,R51277066,UNITE,OK
TKT98116772242,2026-05-16T14:03:47Z,PORTE-C,,UNITE,OK
TKT69430144391,2026-05-16T14:03:48Z,PORTE-C,,UNITE,OK
TKT71503927973,2026-05-16T14:03:48Z,PORTE-D,R55499410,UNITE,OK
TKT51004300178,2026-05-16T14:03:48Z,PORTE-C,R53646790,INVITATION,OK
TKT14103847430,2026-05-16T14:03:49Z,VIP-EST,R52094329,ABONNEMENT,OK
TKT46000629908,2026-05-16T14:03:49Z,PORTE-D,,UNITE,OK
TKT43245619440,2026-05-16T14:03:50Z,PORTE-D,R58344688,ABONNEMENT,OK
TKT47219223771,2026-05-16T14:03:50Z,PORTE-D,R53275111,UNITE,OK
TKT39049476047,2026-05-16T14:03:50Z,PORTE-C,,UNITE,OK
TKT71004897306,2026-05-16T14:03:51Z,PORTE-D,,UNITE,OK
TKT26071684894,2026-05-16T14:03:52Z,VIP-EST,R53309774,VIP,OK
TKT89801789939,2026-05-16T14:03:52Z,VIP-EST,R53489316,UNITE,OK
TKT98549046249,2026-05-16T14:03:52Z,VIP-EST,R55511536,UNITE,OK
TKT76432735143,2026-05-16T14:03:53Z,PMR-NORD,R56890853,ABONNEMENT,OK
TKT44722403643,2026-05-16T14:03:53Z,PORTE-B,R58838622,ABONNEMENT,OK
TKT89296106950,2026-05-16T14:03:53Z,PORTE-A,R53490954,UNITE,OK
TKT19987898332,2026-05-16T14:03:54Z,VIP-EST,R59339443,ABONNEMENT,OK
TKT99561602127,2026-05-16T14:03:54Z,PORTE-A,R51646906,UNITE,OK
TKT38953539471,2026-05-16T14:03:55Z,VIP-EST,R52788925,ABONNEMENT,OK
TKT93362125474,2026-05-16T14:03:57Z,PORTE-D,R57442352,ABONNEMENT,OK
TKT19696673562,2026-05-16T14:03:57Z,PORTE-C,,GROUPE,OK
TKT62182233871,2026-05-16T14:03:58Z,VIP-EST,R53642710,VIP,OK
TKT62296545811,2026-05-16T14:03:59Z,PORTE-C,R54247597,ABONNEMENT,OK
TKT91772195687,2026-05-16T14:04:02Z,VIP-EST,R58344343,UNITE,OK
TKT37855087573,2026-05-16T14:04:02Z,PORTE-D,R53892737,UNITE,OK
TKT19305519548,2026-05-16T14:04:03Z,PORTE-C,R51997140,UNITE,OK
TKT12087784457,2026-05-16T14:04:03Z,PORTE-C,R54112938,UNITE,OK
TKT58769245403,2026-05-16T14:04:04Z,PORTE-D,,UNITE,OK
TKT78739250673,2026-05-16T14:04:05Z,PORTE-A,R57461221,ABONNEMENT,OK
TKT74935163573,2026-05-16T14:04:05Z,VIP-EST,R56646745,VIP,OK
TKT65335633671,2026-05-16T14:04:05Z,PORTE-A,R59113457,UNITE,OK
TKT76612603420,2026-05-16T14:04:06Z,PORTE-D,R52719589,ABONNEMENT,OK
TKT71906056650,2026-05-16T14:04:06Z,PORTE-A,,UNITE,OK
TKT29070352221,2026-05-16T14:04:07Z,VIP-EST,R56851832,ABONNEMENT,OK
TKT91172737370,2026-05-16T14:04:07Z,PORTE-A,R58220996,ABONNEMENT,OK
TKT12633131650,2026-05-16T14:04:07Z,PORTE-D,R57410811,GROUPE,OK
TKT32570424449,2026-05-16T14:04:07Z,PORTE-D,R53830489,UNITE,OK
TKT11720796438,2026-05-16T14:04:07Z,PORTE-C,,UNITE,OK
TKT22334247627,2026-05-16T14:04:08Z,PORTE-C,,UNITE,OK
TKT17191266923,2026-05-16T14:04:08Z,VIP-EST,,VIP,OK
TKT91754381489,2026-05-16T14:04:08Z,PORTE-D,,UNITE,OK
TKT13750114166,2026-05-16T14:04:09Z,PORTE-B,R59440119,ABONNEMENT,OK
TKT41546274780,2026-05-16T14:04:09Z,PORTE-C,R51926166,ABONNEMENT,OK
TKT78112299527,2026-05-16T14:04:10Z,VIP-EST,,GROUPE,OK
TKT76695692708,2026-05-16T14:04:10Z,PORTE-C,R51762495,UNITE,OK
TKT25755439161,2026-05-16T14:04:11Z,PORTE-D,R51558021,UNITE,OK
TKT26093422697,2026-05-16T14:04:11Z,VIP-EST,R54169947,UNITE,OK
TKT24670889693,2026-05-16T14:04:12Z,PORTE-C,R56654235,ABONNEMENT,OK
TKT95194064235,2026-05-16T14:04:12Z,PORTE-C,,UNITE,OK
TKT78959780956,2026-05-16T14:04:13Z,PORTE-D,R53002058,UNITE,OK
TKT46901356779,2026-05-16T14:04:13Z,PORTE-D,R59628856,UNITE,OK
TKT27371574191,2026-05-16T14:04:14Z,PORTE-D,R58618086,ABONNEMENT,OK
TKT59221133717,2026-05-16T14:04:14Z,PORTE-A,R55389884,ABONNEMENT,OK
TKT37087896923,2026-05-16T14:04:14Z,PMR-NORD,R51896809,UNITE,OK
TKT28577821476,2026-05-16T14:04:14Z,PORTE-A,,UNITE,OK
TKT81529466324,2026-05-16T14:04:15Z,VIP-EST,R59101408,VIP,REFUSE_DEJA_SCANNE
TKT97916582360,2026-05-16T14:04:16Z,VIP-EST,R59048747,ABONNEMENT,OK
TKT20976323503,2026-05-16T14:04:16Z,VIP-EST,,UNITE,OK
TKT13784151225,2026-05-16T14:04:17Z,PORTE-C,R57940922,ABONNEMENT,OK
TKT36049114032,2026-05-16T14:04:17Z,PORTE-C,,UNITE,OK
TKT30213732086,2026-05-16T14:04:17Z,PORTE-A,R52214410,INVITATION,OK
TKT32193926732,2026-05-16T14:04:17Z,PORTE-D,R56341404,UNITE,OK
TKT12965472486,2026-05-16T14:04:18Z,PORTE-D,,INVITATION,OK
TKT75232489823,2026-05-16T14:04:19Z,PORTE-C,R59597459,UNITE,OK
TKT74050229943,2026-05-16T14:04:19Z,PORTE-D,R53118997,INVITATION,OK
TKT66003107654,2026-05-16T14:04:20Z,PORTE-A,,UNITE,OK
TKT75295924125,2026-05-16T14:04:20Z,PORTE-A,R57914764,INVITATION,OK
TKT23812939964,2026-05-16T14:04:20Z,PORTE-A,R58863554,INVITATION,OK
TKT31908440074,2026-05-16T14:04:23Z,PORTE-D,R55665121,UNITE,OK
TKT27445442834,2026-05-16T14:04:24Z,PORTE-C,R59442092,UNITE,OK
TKT61025121118,2026-05-16T14:04:26Z,PORTE-A,R57394270,ABONNEMENT,OK
TKT66129907520,2026-05-16T14:04:26Z,PORTE-A,R55182422,UNITE,OK
TKT47159440970,2026-05-16T14:04:27Z,PORTE-C,R58054193,ABONNEMENT,OK
TKT38990593589,2026-05-16T14:04:28Z,PORTE-C,R58084163,ABONNEMENT,OK
TKT59832497214,2026-05-16T14:04:30Z,VIP-EST,R56755792,ABONNEMENT,OK
TKT26526131193,2026-05-16T14:04:31Z,PORTE-C,R57608207,ABONNEMENT,OK
TKT55844215863,2026-05-16T14:04:31Z,PORTE-C,,GROUPE,OK
TKT18162052102,2026-05-16T14:04:33Z,PORTE-C,R52567632,UNITE,OK
TKT90626285906,2026-05-16T14:04:34Z,PORTE-D,R52014505,ABONNEMENT,OK
TKT42230630187,2026-05-16T14:04:35Z,PORTE-D,R55753882,ABONNEMENT,OK
TKT72142667148,2026-05-16T14:04:36Z,PORTE-A,R58500246,ABONNEMENT,OK
TKT78676130136,2026-05-16T14:04:37Z,PORTE-A,,VIP,OK
TKT19462755566,2026-05-16T14:04:39Z,PORTE-D,R57854767,ABONNEMENT,OK
TKT12559654607,2026-05-16T14:04:39Z,PORTE-A,R54151222,ABONNEMENT,OK
TKT43740873257,2026-05-16T14:04:39Z,PORTE-B,R59358111,ABONNEMENT,OK
TKT61990532150,2026-05-16T14:04:39Z,PORTE-A,,UNITE,OK
TKT65169371086,2026-05-16T14:04:40Z,PORTE-C,R59247905,UNITE,OK
TKT30390346526,2026-05-16T14:04:40Z,PORTE-C,,UNITE,OK
TKT69915291506,2026-05-16T14:04:42Z,PORTE-A,R52435914,ABONNEMENT,OK
TKT85301432039,2026-05-16T14:04:42Z,PORTE-B,R59720394,ABONNEMENT,OK
TKT87130993033,2026-05-16T14:04:42Z,PORTE-B,R55745424,ABONNEMENT,OK
TKT73419762730,2026-05-16T14:04:43Z,PORTE-D,R53113624,ABONNEMENT,OK
TKT84071844815,2026-05-16T14:04:43Z,PORTE-B,R58170395,UNITE,OK
TKT48694612773,2026-05-16T14:04:44Z,PORTE-C,R58297276,UNITE,OK
TKT58842207499,2026-05-16T14:04:44Z,VIP-EST,R59799126,VIP,OK
TKT28880628719,2026-05-16T14:04:45Z,PORTE-A,R55624606,UNITE,OK
TKT65578145800,2026-05-16T14:04:45Z,PORTE-C,R51573356,UNITE,OK
TKT51688053805,2026-05-16T14:04:47Z,PORTE-C,R59911238,ABONNEMENT,OK
TKT32999644332,2026-05-16T14:04:47Z,PORTE-C,R56399227,UNITE,OK
TKT56846099464,2026-05-16T14:04:48Z,PORTE-A,R55519649,ABONNEMENT,OK
TKT69790195008,2026-05-16T14:04:48Z,PORTE-A,R51369361,ABONNEMENT,OK
TKT69784139464,2026-05-16T14:04:49Z,VIP-EST,,GROUPE,OK
TKT57021605994,2026-05-16T14:04:50Z,PORTE-A,R54576510,ABONNEMENT,OK
TKT15856583615,2026-05-16T14:04:51Z,VIP-EST,R53779399,VIP,OK
TKT47946970800,2026-05-16T14:04:52Z,PORTE-C,R54557430,UNITE,OK
TKT63606055703,2026-05-16T14:04:53Z,PORTE-D,R51919969,UNITE,OK
TKT41309248159,2026-05-16T14:04:53Z,PORTE-A,R51995512,UNITE,OK
TKT54239945262,2026-05-16T14:04:58Z,PORTE-D,R53230697,UNITE,OK
TKT49728133933,2026-05-16T14:05:01Z,PORTE-A,R52872715,ABONNEMENT,OK
TKT28932655751,2026-05-16T14:05:02Z,PORTE-C,,UNITE,OK
TKT31174680156,2026-05-16T14:05:02Z,PORTE-A,,UNITE,OK
TKT19879539075,2026-05-16T14:05:03Z,PORTE-A,R59483029,ABONNEMENT,OK
TKT13548750187,2026-05-16T14:05:04Z,VIP-EST,R53103404,ABONNEMENT,OK
TKT29574844882,2026-05-16T14:05:04Z,VIP-EST,R52362967,ABONNEMENT,OK
TKT13034689482,2026-05-16T14:05:04Z,PORTE-C,R58937047,UNITE,OK
TKT21596441621,2026-05-16T14:05:04Z,PORTE-D,R52678528,UNITE,OK
TKT50936840243,2026-05-16T14:05:05Z,PORTE-D,R58894894,UNITE,OK
TKT28900065160,2026-05-16T14:05:05Z,PORTE-D,R53280561,UNITE,OK
TKT76883348892,2026-05-16T14:05:06Z,PORTE-D,R52827420,ABONNEMENT,OK
TKT69412681213,2026-05-16T14:05:06Z,VIP-EST,,VIP,OK
TKT20033338999,2026-05-16T14:05:06Z,PORTE-D,R55903109,UNITE,OK
TKT99526889508,2026-05-16T14:05:07Z,PORTE-C,R51043245,ABONNEMENT,OK
TKT11320290215,2026-05-16T14:05:07Z,PORTE-A,R52792201,ABONNEMENT,OK
TKT45224505414,2026-05-16T14:05:07Z,PORTE-D,R53064708,ABONNEMENT,OK
TKT24822769235,2026-05-16T14:05:07Z,PORTE-C,R54447703,ABONNEMENT,OK
TKT85560841668,2026-05-16T14:05:07Z,PORTE-C,R55996017,UNITE,OK
TKT76929117506,2026-05-16T14:05:10Z,VIP-EST,R58624494,VIP,OK
TKT27773950123,2026-05-16T14:05:11Z,PORTE-C,R56357687,ABONNEMENT,OK
TKT95291328286,2026-05-16T14:05:12Z,PORTE-B,R59824269,ABONNEMENT,OK
TKT90805867122,2026-05-16T14:05:14Z,PORTE-D,R55225409,ABONNEMENT,OK
TKT59852591554,2026-05-16T14:05:14Z,PORTE-C,R54033804,ABONNEMENT,OK
TKT96022274822,2026-05-16T14:05:15Z,PORTE-B,R58435479,ABONNEMENT,OK
TKT32514898931,2026-05-16T14:05:15Z,PORTE-A,R51782111,UNITE,OK
TKT99975411636,2026-05-16T14:05:15Z,PORTE-A,R57250952,GROUPE,OK
TKT48789505485,2026-05-16T14:05:15Z,PORTE-A,R53814484,UNITE,OK
TKT76853038127,2026-05-16T14:05:16Z,PORTE-A,R51847903,ABONNEMENT,OK
TKT14847813831,2026-05-16T14:05:16Z,PORTE-D,R54489387,ABONNEMENT,OK
TKT75814390445,2026-05-16T14:05:16Z,PORTE-C,,UNITE,OK
TKT71342437319,2026-05-16T14:05:17Z,PORTE-B,R56741358,ABONNEMENT,OK
TKT40738241969,2026-05-16T14:05:17Z,PORTE-A,R52334156,VIP,OK
TKT83892635954,2026-05-16T14:05:17Z,PORTE-D,,UNITE,OK
TKT81672983562,2026-05-16T14:05:18Z,PORTE-D,R59032273,INVITATION,OK
TKT51314097152,2026-05-16T14:05:20Z,PORTE-D,R53631264,UNITE,OK
TKT26770225857,2026-05-16T14:05:21Z,PORTE-D,,UNITE,OK
TKT31346771767,2026-05-16T14:05:22Z,PORTE-C,R57729571,UNITE,OK
TKT59963345497,2026-05-16T14:05:23Z,PORTE-C,,UNITE,REFUSE_INVALIDE
TKT30873936508,2026-05-16T14:05:23Z,PORTE-D,,GROUPE,OK
TKT29859463724,2026-05-16T14:05:24Z,PORTE-C,,UNITE,OK
TKT76702344922,2026-05-16T14:05:25Z,PMR-NORD,R58899108,ABONNEMENT,OK
TKT74157605551,2026-05-16T14:05:25Z,PORTE-A,R52231584,UNITE,OK
TKT30241269720,2026-05-16T14:05:25Z,VIP-EST,R53871694,UNITE,OK
TKT79192988224,2026-05-16T14:05:26Z,PORTE-D,R51694653,UNITE,OK
TKT25231204017,2026-05-16T14:05:27Z,PORTE-C,R58494260,ABONNEMENT,OK
TKT67179235556,2026-05-16T14:05:27Z,PORTE-C,R57038787,ABONNEMENT,OK
TKT89312283015,2026-05-16T14:05:27Z,PORTE-B,R57309187,ABONNEMENT,OK
TKT90469407823,2026-05-16T14:05:27Z,PORTE-D,,UNITE,OK
TKT55176614893,2026-05-16T14:05:28Z,PORTE-B,R58937248,ABONNEMENT,OK
TKT31092908530,2026-05-16T14:05:30Z,PORTE-C,R59723804,UNITE,OK
TKT23167165680,2026-05-16T14:05:32Z,VIP-EST,R56836028,ABONNEMENT,OK
TKT67501744784,2026-05-16T14:05:32Z,PORTE-A,R53169809,ABONNEMENT,OK
TKT49824038398,2026-05-16T14:05:32Z,VIP-EST,R53120290,ABONNEMENT,OK
TKT43896987324,2026-05-16T14:05:32Z,PORTE-A,R54515478,ABONNEMENT,OK
TKT22502759501,2026-05-16T14:05:33Z,PORTE-D,R55726354,GROUPE,OK
TKT61292635511,2026-05-16T14:05:33Z,PORTE-D,,UNITE,OK
TKT56995979424,2026-05-16T14:05:33Z,VIP-EST,R58853679,VIP,OK
TKT27934818731,2026-05-16T14:05:35Z,VIP-EST,R51003065,ABONNEMENT,OK
TKT88945915307,2026-05-16T14:05:35Z,PORTE-A,R52849756,ABONNEMENT,OK
TKT35733876444,2026-05-16T14:05:35Z,PORTE-B,R57057934,UNITE,OK
TKT39738284861,2026-05-16T14:05:35Z,VIP-EST,,ABONNEMENT,REFUSE_INVALIDE
TKT73275146546,2026-05-16T14:05:35Z,VIP-EST,,ABONNEMENT,REFUSE_INVALIDE
TKT34415527168,2026-05-16T14:05:35Z,VIP-EST,,ABONNEMENT,REFUSE_INVALIDE
TKT75125373802,2026-05-16T14:05:35Z,VIP-EST,,ABONNEMENT,REFUSE_INVALIDE
TKT29839582620,2026-05-16T14:05:35Z,VIP-EST,,ABONNEMENT,REFUSE_INVALIDE
TKT22991526541,2026-05-16T14:05:35Z,VIP-EST,,ABONNEMENT,REFUSE_INVALIDE
TKT51838964349,2026-05-16T14:05:35Z,VIP-EST,,ABONNEMENT,REFUSE_INVALIDE
TKT19088530781,2026-05-16T14:05:35Z,VIP-EST,,ABONNEMENT,REFUSE_INVALIDE
TKT70333766055,2026-05-16T14:05:35Z,VIP-EST,,ABONNEMENT,REFUSE_INVALIDE
TKT32336006250,2026-05-16T14:05:35Z,VIP-EST,,ABONNEMENT,REFUSE_INVALIDE
TKT40978133423,2026-05-16T14:05:35Z,VIP-EST,,ABONNEMENT,REFUSE_INVALIDE
TKT17137077768,2026-05-16T14:05:35Z,VIP-EST,,ABONNEMENT,REFUSE_INVALIDE
TKT64891808165,2026-05-16T14:05:35Z,VIP-EST,,ABONNEMENT,REFUSE_INVALIDE
TKT89198899887,2026-05-16T14:05:35Z,VIP-EST,,ABONNEMENT,REFUSE_INVALIDE
TKT73400652191,2026-05-16T14:05:35Z,VIP-EST,,ABONNEMENT,REFUSE_INVALIDE
TKT46479729334,2026-05-16T14:05:35Z,VIP-EST,,ABONNEMENT,REFUSE_INVALIDE
TKT78289171435,2026-05-16T14:05:35Z,VIP-EST,,ABONNEMENT,REFUSE_INVALIDE
TKT78413144171,2026-05-16T14:05:35Z,VIP-EST,,ABONNEMENT,REFUSE_INVALIDE
TKT64521286610,2026-05-16T14:05:35Z,VIP-EST,,ABONNEMENT,REFUSE_INVALIDE
TKT50950001889,2026-05-16T14:05:35Z,VIP-EST,,ABONNEMENT,REFUSE_INVALIDE
TKT63263145495,2026-05-16T14:05:35Z,VIP-EST,,ABONNEMENT,REFUSE_INVALIDE
TKT32983626270,2026-05-16T14:05:35Z,VIP-EST,,ABONNEMENT,REFUSE_INVALIDE
TKT52246026463,2026-05-16T14:05:35Z,VIP-EST,,ABONNEMENT,REFUSE_INVALIDE
TKT27399721497,2026-05-16T14:05:36Z,PORTE-B,,UNITE,OK
TKT71308341251,2026-05-16T14:05:37Z,PORTE-D,R52216872,UNITE,OK
TKT92519830668,2026-05-16T14:05:39Z,PORTE-C,R59654803,ABONNEMENT,OK
TKT88872900694,2026-05-16T14:05:40Z,PORTE-A,,INVITATION,OK
TKT67580376625,2026-05-16T14:05:41Z,PORTE-D,R54100276,UNITE,OK
TKT18053392754,2026-05-16T14:05:43Z,PORTE-C,R53744257,ABONNEMENT,OK
TKT69357315795,2026-05-16T14:05:43Z,PORTE-C,R59322279,UNITE,OK
TKT69443858386,2026-05-16T14:05:43Z,PORTE-D,,GROUPE,OK
TKT51387989954,2026-05-16T14:05:44Z,PORTE-C,R58137226,INVITATION,OK
TKT91566349889,2026-05-16T14:05:44Z,VIP-EST,R52628875,UNITE,OK
TKT28259122358,2026-05-16T14:05:45Z,PORTE-D,R59196423,UNITE,OK
TKT25210374685,2026-05-16T14:05:45Z,VIP-EST,R59896191,UNITE,OK
TKT75436945046,2026-05-16T14:05:46Z,PORTE-D,R51021646,ABONNEMENT,OK
TKT46238940854,2026-05-16T14:05:47Z,PORTE-C,R52296485,ABONNEMENT,OK
TKT39225179996,2026-05-16T14:05:48Z,PORTE-D,R53124658,ABONNEMENT,OK
TKT85119049405,2026-05-16T14:05:48Z,PORTE-A,R56517000,ABONNEMENT,OK
TKT48787416840,2026-05-16T14:05:49Z,PORTE-A,R52238997,ABONNEMENT,OK
TKT62731728582,2026-05-16T14:05:49Z,PORTE-D,R55790729,UNITE,OK
TKT20652705898,2026-05-16T14:05:51Z,PORTE-A,R59865273,ABONNEMENT,OK
TKT74766726379,2026-05-16T14:05:51Z,PORTE-D,,GROUPE,OK
TKT52368955204,2026-05-16T14:05:51Z,VIP-EST,,UNITE,OK
TKT65196397863,2026-05-16T14:05:55Z,PORTE-B,R59992777,ABONNEMENT,OK
TKT84909495268,2026-05-16T14:05:55Z,PORTE-D,R51762495,UNITE,OK
TKT97811120903,2026-05-16T14:05:55Z,PORTE-C,R56149880,UNITE,OK
TKT20585838587,2026-05-16T14:05:56Z,VIP-EST,,VIP,OK
TKT39410805613,2026-05-16T14:05:56Z,PORTE-B,,UNITE,OK
TKT90550707020,2026-05-16T14:05:57Z,PORTE-D,R52580994,ABONNEMENT,OK
TKT86052680761,2026-05-16T14:05:57Z,PORTE-D,R54468689,UNITE,OK
TKT98886623512,2026-05-16T14:05:57Z,PORTE-A,R55710493,INVITATION,OK
TKT58093583627,2026-05-16T14:05:58Z,PORTE-C,R58663860,ABONNEMENT,OK
TKT99640064271,2026-05-16T14:05:58Z,PORTE-B,R52276333,UNITE,OK
TKT66212724777,2026-05-16T14:05:58Z,PORTE-D,R54684733,GROUPE,OK
TKT59401860051,2026-05-16T14:05:58Z,PORTE-C,,INVITATION,OK
TKT43033219090,2026-05-16T14:05:58Z,PORTE-D,R53129964,UNITE,OK
TKT37928053384,2026-05-16T14:06:00Z,PORTE-C,R52016689,ABONNEMENT,OK
TKT17001506192,2026-05-16T14:06:01Z,PORTE-C,R53145701,ABONNEMENT,OK
TKT92469867996,2026-05-16T14:06:01Z,VIP-EST,,GROUPE,OK
TKT64092373776,2026-05-16T14:06:01Z,PORTE-C,R57473203,UNITE,OK
TKT25821286107,2026-05-16T14:06:03Z,PORTE-C,R52936534,ABONNEMENT,OK
TKT22314622193,2026-05-16T14:06:03Z,PORTE-A,R56649063,ABONNEMENT,OK
TKT38471899939,2026-05-16T14:06:03Z,PORTE-B,R57737885,ABONNEMENT,OK
TKT21301245215,2026-05-16T14:06:03Z,PORTE-D,R53310387,UNITE,OK
TKT96816314123,2026-05-16T14:06:05Z,VIP-EST,R52446201,ABONNEMENT,OK
TKT89738248502,2026-05-16T14:06:05Z,PORTE-D,R59619249,ABONNEMENT,OK
TKT22830225760,2026-05-16T14:06:05Z,PORTE-B,R53194118,INVITATION,OK
TKT80565596378,2026-05-16T14:06:05Z,PORTE-C,R53204204,UNITE,OK
TKT31547895130,2026-05-16T14:06:06Z,PORTE-C,,UNITE,OK
TKT93234065756,2026-05-16T14:06:06Z,PORTE-D,R56904540,UNITE,OK
TKT57487368138,2026-05-16T14:06:06Z,PORTE-B,R56211113,UNITE,OK
TKT43538651079,2026-05-16T14:06:06Z,PORTE-C,R55983201,UNITE,OK
TKT97226040421,2026-05-16T14:06:08Z,PORTE-B,R51422692,ABONNEMENT,OK
TKT55430977429,2026-05-16T14:06:08Z,PORTE-B,R57802451,ABONNEMENT,OK
TKT97316927626,2026-05-16T14:06:08Z,PORTE-D,,UNITE,OK
TKT75409009412,2026-05-16T14:06:10Z,PORTE-C,,UNITE,OK
TKT11936376101,2026-05-16T14:06:11Z,PORTE-C,,UNITE,OK
TKT90782175703,2026-05-16T14:06:11Z,VIP-EST,R55675820,VIP,OK
TKT83426353560,2026-05-16T14:06:11Z,VIP-EST,R51292123,UNITE,OK
TKT87764803375,2026-05-16T14:06:12Z,PORTE-D,R54049129,ABONNEMENT,OK
TKT83613854856,2026-05-16T14:06:14Z,PORTE-C,R56275545,ABONNEMENT,OK
TKT10099798882,2026-05-16T14:06:14Z,PORTE-A,R54580111,ABONNEMENT,OK
TKT31696641769,2026-05-16T14:06:14Z,PORTE-C,R54335524,UNITE,OK
TKT82028837787,2026-05-16T14:06:15Z,PORTE-D,R52502520,ABONNEMENT,OK
TKT31725041885,2026-05-16T14:06:15Z,PORTE-A,R59143149,ABONNEMENT,OK
TKT71673404022,2026-05-16T14:06:15Z,PORTE-A,R51750101,UNITE,OK
TKT33121445863,2026-05-16T14:06:15Z,PORTE-A,R55592730,UNITE,OK
TKT36616394366,2026-05-16T14:06:15Z,PORTE-A,R57067196,INVITATION,OK
TKT18793797433,2026-05-16T14:06:16Z,VIP-EST,R56587897,ABONNEMENT,OK
TKT84787550284,2026-05-16T14:06:17Z,PORTE-A,R56862856,GROUPE,OK
TKT84984988009,2026-05-16T14:06:18Z,PORTE-C,R58674348,ABONNEMENT,OK
TKT70710378057,2026-05-16T14:06:18Z,PORTE-A,R57620323,ABONNEMENT,OK
TKT12449490787,2026-05-16T14:06:18Z,PORTE-D,R53546191,UNITE,OK
TKT12328320096,2026-05-16T14:06:18Z,PORTE-C,R58072248,UNITE,OK
TKT29237334901,2026-05-16T14:06:19Z,PORTE-D,,UNITE,OK
TKT87384916014,2026-05-16T14:06:20Z,PORTE-A,R58635049,ABONNEMENT,OK
TKT97129391918,2026-05-16T14:06:21Z,PORTE-C,R52470309,ABONNEMENT,OK
TKT15472428118,2026-05-16T14:06:21Z,PORTE-A,R59176050,ABONNEMENT,OK
TKT45166802711,2026-05-16T14:06:21Z,PORTE-D,,UNITE,OK
TKT24475354851,2026-05-16T14:06:22Z,VIP-EST,R52296217,ABONNEMENT,OK
TKT25564832884,2026-05-16T14:06:22Z,PORTE-A,R57303948,ABONNEMENT,OK
TKT66042379252,2026-05-16T14:06:22Z,PORTE-C,R51386927,ABONNEMENT,OK
TKT20045882329,2026-05-16T14:06:22Z,PORTE-C,R57683874,INVITATION,OK
TKT61739118479,2026-05-16T14:06:22Z,PORTE-D,R53172194,UNITE,OK
TKT59643163977,2026-05-16T14:06:23Z,PORTE-B,R54111923,ABONNEMENT,OK
TKT53025344478,2026-05-16T14:06:23Z,PORTE-D,R52615724,UNITE,OK
TKT37937646676,2026-05-16T14:06:23Z,PORTE-D,R54185215,UNITE,OK
TKT12577183338,2026-05-16T14:06:25Z,PORTE-D,R55402556,ABONNEMENT,OK
TKT70615841587,2026-05-16T14:06:26Z,PORTE-C,R52561167,ABONNEMENT,OK
TKT96069214472,2026-05-16T14:06:26Z,PORTE-C,R52724359,UNITE,OK
TKT57771770102,2026-05-16T14:06:26Z,VIP-EST,R54202915,UNITE,OK
TKT69088208114,2026-05-16T14:06:27Z,PORTE-C,R54503908,ABONNEMENT,OK
TKT92013155609,2026-05-16T14:06:28Z,PORTE-A,,UNITE,OK
TKT64405930203,2026-05-16T14:06:29Z,VIP-EST,R55154301,VIP,OK
TKT24852524223,2026-05-16T14:06:30Z,PORTE-C,R54945469,ABONNEMENT,OK
TKT51759285206,2026-05-16T14:06:30Z,PORTE-D,,GROUPE,OK
TKT25890537984,2026-05-16T14:06:30Z,PORTE-C,R57038787,UNITE,OK
TKT36960946160,2026-05-16T14:06:32Z,PORTE-A,R52338102,ABONNEMENT,OK
TKT61653583923,2026-05-16T14:06:33Z,PORTE-D,R52765229,ABONNEMENT,OK
TKT99383209109,2026-05-16T14:06:33Z,PORTE-D,,UNITE,OK
TKT54218306952,2026-05-16T14:06:34Z,PORTE-D,R55396560,UNITE,OK
TKT69112914547,2026-05-16T14:06:35Z,PORTE-D,R52065585,ABONNEMENT,OK
TKT28317234636,2026-05-16T14:06:36Z,PORTE-D,R58193478,UNITE,OK
TKT40299309238,2026-05-16T14:06:36Z,PORTE-A,R55079572,UNITE,OK
TKT65141658915,2026-05-16T14:06:37Z,PORTE-C,R55446769,ABONNEMENT,OK
TKT64159879901,2026-05-16T14:06:37Z,PORTE-C,R53252497,ABONNEMENT,OK
TKT79050335613,2026-05-16T14:06:39Z,PORTE-C,R54466036,UNITE,OK
TKT58695733434,2026-05-16T14:06:39Z,PORTE-D,R53280973,UNITE,OK
TKT70256283762,2026-05-16T14:06:40Z,PORTE-A,R53860928,ABONNEMENT,OK
TKT97867864589,2026-05-16T14:06:40Z,PORTE-C,R52584183,ABONNEMENT,OK
TKT61266451613,2026-05-16T14:06:40Z,PORTE-D,,UNITE,OK
TKT77185240595,2026-05-16T14:06:41Z,PORTE-D,R52060892,UNITE,OK
TKT69531558237,2026-05-16T14:06:42Z,PORTE-C,R55880160,ABONNEMENT,OK
TKT12505397518,2026-05-16T14:06:42Z,PORTE-A,R56553569,ABONNEMENT,OK
TKT49603597813,2026-05-16T14:06:43Z,VIP-EST,R54524817,UNITE,OK
TKT90382419078,2026-05-16T14:06:43Z,PORTE-C,R56908908,UNITE,OK
TKT94196295158,2026-05-16T14:06:44Z,PORTE-A,R59743142,UNITE,OK
TKT91398921802,2026-05-16T14:06:44Z,PORTE-B,R59233059,UNITE,OK
TKT90488457099,2026-05-16T14:06:45Z,VIP-EST,R57819079,UNITE,OK
TKT30127964389,2026-05-16T14:06:46Z,PORTE-D,,UNITE,OK
TKT76640172168,2026-05-16T14:06:46Z,VIP-EST,R56835894,UNITE,OK
TKT19660162159,2026-05-16T14:06:46Z,PORTE-C,R53993614,UNITE,OK
TKT65252252009,2026-05-16T14:06:47Z,PORTE-A,R57421242,ABONNEMENT,OK
TKT85427858015,2026-05-16T14:06:47Z,VIP-EST,R55183849,UNITE,OK
TKT65541521023,2026-05-16T14:06:47Z,VIP-EST,,UNITE,OK
TKT98118629935,2026-05-16T14:06:48Z,PORTE-C,R59942444,ABONNEMENT,OK
TKT57726430862,2026-05-16T14:06:49Z,PORTE-B,R51032077,ABONNEMENT,OK
TKT46445787003,2026-05-16T14:06:49Z,PORTE-D,R59409201,UNITE,OK
TKT22895470157,2026-05-16T14:06:50Z,PORTE-D,R58939154,UNITE,OK
TKT96866402326,2026-05-16T14:06:50Z,PORTE-B,R57955902,UNITE,OK
TKT27124199731,2026-05-16T14:06:51Z,PORTE-C,R54787516,ABONNEMENT,OK
TKT56433329274,2026-05-16T14:06:51Z,PORTE-B,R58918456,UNITE,OK
TKT19743533508,2026-05-16T14:06:52Z,PORTE-B,,UNITE,OK
TKT79840844407,2026-05-16T14:06:52Z,VIP-EST,R51216523,UNITE,OK
TKT46014511615,2026-05-16T14:06:54Z,PORTE-C,R54801069,ABONNEMENT,OK
TKT42685622407,2026-05-16T14:06:54Z,PORTE-A,R54354949,UNITE,OK
TKT20837899968,2026-05-16T14:06:54Z,PORTE-D,R55292149,UNITE,OK
TKT89327078533,2026-05-16T14:06:55Z,VIP-EST,R58096557,UNITE,OK
TKT22205461650,2026-05-16T14:06:59Z,PORTE-A,R57852238,ABONNEMENT,OK
TKT58287546080,2026-05-16T14:06:59Z,PORTE-C,R55163017,INVITATION,OK
TKT28018579928,2026-05-16T14:07:02Z,PORTE-C,R51117150,ABONNEMENT,OK
TKT61482125170,2026-05-16T14:07:02Z,PORTE-A,,GROUPE,OK
TKT50801817871,2026-05-16T14:07:04Z,VIP-EST,R54784116,UNITE,OK
TKT15735291187,2026-05-16T14:07:04Z,PORTE-D,R53682555,UNITE,OK
TKT89674185969,2026-05-16T14:07:04Z,VIP-EST,,UNITE,OK
TKT71430197582,2026-05-16T14:07:04Z,PORTE-D,R57813418,UNITE,OK
TKT14709419593,2026-05-16T14:07:05Z,PORTE-C,R59155754,UNITE,OK
TKT30118071869,2026-05-16T14:07:05Z,PORTE-D,R51922220,UNITE,OK
TKT36184991623,2026-05-16T14:07:06Z,PORTE-D,R57226164,ABONNEMENT,OK
TKT88255720782,2026-05-16T14:07:06Z,VIP-EST,R56916532,UNITE,OK
TKT17191266923,2026-05-16T14:07:08Z,VIP-EST,,VIP,REFUSE_DEJA_SCANNE
TKT89777267791,2026-05-16T14:07:08Z,PORTE-C,R54481562,UNITE,OK
TKT66947572768,2026-05-16T14:07:09Z,PORTE-C,,INVITATION,OK
TKT19006345969,2026-05-16T14:07:10Z,PORTE-C,R53479652,ABONNEMENT,OK
TKT33662878641,2026-05-16T14:07:10Z,PORTE-D,R53889883,ABONNEMENT,OK
TKT30089121745,2026-05-16T14:07:10Z,PORTE-C,R54722806,ABONNEMENT,OK
TKT69266809343,2026-05-16T14:07:11Z,PORTE-C,R55344666,ABONNEMENT,OK
TKT66825979685,2026-05-16T14:07:12Z,VIP-EST,R53530655,UNITE,OK
TKT64483848223,2026-05-16T14:07:13Z,PORTE-C,R56536951,ABONNEMENT,OK
TKT40734440305,2026-05-16T14:07:13Z,PORTE-C,R53530732,UNITE,OK
TKT89083901300,2026-05-16T14:07:13Z,PORTE-A,R55664240,UNITE,OK
TKT32455782219,2026-05-16T14:07:15Z,PORTE-C,R53982915,ABONNEMENT,OK
TKT66099719791,2026-05-16T14:07:16Z,PORTE-C,R57801915,UNITE,OK
TKT68494041993,2026-05-16T14:07:17Z,PORTE-C,R52195963,ABONNEMENT,OK
TKT24679540958,2026-05-16T14:07:17Z,PORTE-B,R51713110,UNITE,OK
TKT65001643975,2026-05-16T14:07:19Z,PORTE-D,R59087098,ABONNEMENT,OK
TKT21201126961,2026-05-16T14:07:19Z,PORTE-B,R57386502,UNITE,OK
TKT14277980535,2026-05-16T14:07:20Z,PORTE-C,R51974670,ABONNEMENT,OK
TKT33260940770,2026-05-16T14:07:20Z,PORTE-C,R52225444,ABONNEMENT,OK
TKT14524309384,2026-05-16T14:07:20Z,PORTE-C,R54843088,ABONNEMENT,OK
TKT82706533874,2026-05-16T14:07:21Z,PORTE-C,R52512338,ABONNEMENT,OK
TKT29526062030,2026-05-16T14:07:21Z,PORTE-D,,UNITE,OK
TKT50628673990,2026-05-16T14:07:22Z,PORTE-D,R53784246,ABONNEMENT,OK
TKT85776651922,2026-05-16T14:07:22Z,PORTE-D,R54721647,UNITE,OK
TKT31442841860,2026-05-16T14:07:23Z,PORTE-C,R52693163,ABONNEMENT,OK
TKT72728748124,2026-05-16T14:07:23Z,PORTE-D,R58357360,UNITE,OK
TKT44992098461,2026-05-16T14:07:23Z,PORTE-A,R55568143,UNITE,OK
TKT25548322627,2026-05-16T14:07:24Z,VIP-EST,R58615567,ABONNEMENT,OK
TKT59206462578,2026-05-16T14:07:24Z,PORTE-D,R56185223,ABONNEMENT,OK
TKT94044814425,2026-05-16T14:07:24Z,PORTE-D,R59763716,UNITE,OK
TKT41985362978,2026-05-16T14:07:25Z,PORTE-C,R51011024,ABONNEMENT,OK
TKT69962695266,2026-05-16T14:07:25Z,PORTE-D,R58917575,UNITE,OK
TKT24531011195,2026-05-16T14:07:26Z,PORTE-C,R54892071,UNITE,OK
TKT49021279141,2026-05-16T14:07:27Z,PORTE-D,R59177822,UNITE,OK
TKT53313526943,2026-05-16T14:07:28Z,PORTE-B,R57116025,ABONNEMENT,OK
TKT12346944951,2026-05-16T14:07:28Z,PORTE-D,,UNITE,OK
TKT83181390877,2026-05-16T14:07:30Z,PORTE-D,R54421766,UNITE,OK
TKT91654358068,2026-05-16T14:07:30Z,PORTE-C,,GROUPE,OK
TKT95632806735,2026-05-16T14:07:31Z,PORTE-C,R55148027,ABONNEMENT,OK
TKT54127281382,2026-05-16T14:07:32Z,PORTE-C,R59326570,UNITE,OK
TKT86813392598,2026-05-16T14:07:32Z,PORTE-D,R55072695,UNITE,OK
TKT33199324013,2026-05-16T14:07:33Z,VIP-EST,,VIP,OK
TKT90939008661,2026-05-16T14:07:34Z,PORTE-B,R58037163,ABONNEMENT,OK
TKT65617094054,2026-05-16T14:07:35Z,PORTE-D,R56755926,ABONNEMENT,OK
TKT71791072112,2026-05-16T14:07:36Z,PORTE-A,,UNITE,OK
TKT48735997748,2026-05-16T14:07:37Z,PORTE-C,R55634615,UNITE,OK
TKT59121184979,2026-05-16T14:07:38Z,PORTE-D,,GROUPE,OK
TKT70049929758,2026-05-16T14:07:38Z,PORTE-B,R55176637,UNITE,OK
TKT47358937356,2026-05-16T14:07:39Z,PORTE-D,R53611437,ABONNEMENT,OK
TKT59898144190,2026-05-16T14:07:39Z,PORTE-D,R56864494,UNITE,OK
TKT40194332846,2026-05-16T14:07:40Z,PORTE-B,R51626007,ABONNEMENT,OK
TKT88008014712,2026-05-16T14:07:40Z,PORTE-C,R55847326,ABONNEMENT,OK
TKT89707417254,2026-05-16T14:07:40Z,VIP-EST,R55854883,ABONNEMENT,OK
TKT85539676492,2026-05-16T14:07:41Z,PORTE-A,R53900170,ABONNEMENT,OK
TKT98017394912,2026-05-16T14:07:41Z,PORTE-D,R59353954,UNITE,OK
TKT30785348217,2026-05-16T14:07:41Z,PORTE-D,R54729549,UNITE,OK
TKT11416630663,2026-05-16T14:07:42Z,PORTE-B,R51093032,ABONNEMENT,OK
TKT49702619699,2026-05-16T14:07:42Z,PORTE-C,R51605222,ABONNEMENT,OK
TKT65533987984,2026-05-16T14:07:42Z,PORTE-D,R59553390,UNITE,OK
TKT26511542299,2026-05-16T14:07:43Z,PORTE-C,R57414767,UNITE,OK
TKT11132641037,2026-05-16T14:07:43Z,PORTE-D,R54192638,UNITE,OK
TKT81895064600,2026-05-16T14:07:44Z,PORTE-C,R59806013,ABONNEMENT,OK
TKT63317420513,2026-05-16T14:07:44Z,VIP-EST,R51324813,ABONNEMENT,OK
TKT32044913788,2026-05-16T14:07:45Z,VIP-EST,R54549126,ABONNEMENT,OK
TKT21725309087,2026-05-16T14:07:45Z,PORTE-C,R58890459,ABONNEMENT,OK
TKT75703538557,2026-05-16T14:07:45Z,PORTE-D,R58845442,UNITE,OK
TKT16611860219,2026-05-16T14:07:46Z,PORTE-D,R53331842,UNITE,REFUSE_DEJA_SCANNE
TKT98261156663,2026-05-16T14:07:48Z,PORTE-C,,UNITE,OK
TKT24056716985,2026-05-16T14:07:48Z,PORTE-B,,UNITE,OK
TKT85489679675,2026-05-16T14:07:48Z,PORTE-C,,GROUPE,OK
TKT50817373774,2026-05-16T14:07:48Z,PORTE-D,R51483044,INVITATION,REFUSE_INVALIDE
TKT15972341213,2026-05-16T14:07:49Z,PORTE-C,R54462291,ABONNEMENT,OK
TKT40539396982,2026-05-16T14:07:49Z,PORTE-C,R57390649,ABONNEMENT,OK
TKT97014138189,2026-05-16T14:07:49Z,PORTE-D,R59476085,UNITE,OK
TKT84128257396,2026-05-16T14:07:50Z,PORTE-D,R51517707,UNITE,OK
TKT74586928966,2026-05-16T14:07:51Z,PORTE-C,R51317534,ABONNEMENT,OK
TKT80779296196,2026-05-16T14:07:51Z,PORTE-D,,UNITE,OK
TKT30728656147,2026-05-16T14:07:51Z,PORTE-D,,UNITE,OK
TKT81300434201,2026-05-16T14:07:52Z,VIP-EST,R51372838,ABONNEMENT,OK
TKT56360906917,2026-05-16T14:07:52Z,PORTE-D,,GROUPE,OK
TKT79186278419,2026-05-16T14:07:53Z,PORTE-C,R54755362,UNITE,OK
TKT22403269169,2026-05-16T14:07:53Z,PORTE-A,,UNITE,OK
TKT10462572505,2026-05-16T14:07:53Z,PORTE-C,R52474868,UNITE,OK
TKT28388997629,2026-05-16T14:07:54Z,PORTE-A,R56403786,UNITE,OK
TKT29603027126,2026-05-16T14:07:55Z,PORTE-D,R57020809,ABONNEMENT,OK
TKT61075986568,2026-05-16T14:07:56Z,PORTE-D,R52097059,ABONNEMENT,OK
TKT12537435477,2026-05-16T14:07:56Z,PORTE-C,R57548190,UNITE,OK
TKT24521426290,2026-05-16T14:07:56Z,PORTE-C,R51675660,UNITE,OK
TKT95547353949,2026-05-16T14:07:57Z,PORTE-D,R51767131,INVITATION,OK
TKT40243185238,2026-05-16T14:07:57Z,PORTE-C,,UNITE,OK
TKT52090299759,2026-05-16T14:07:57Z,PORTE-C,R56923419,UNITE,OK
TKT84200506188,2026-05-16T14:07:57Z,PORTE-D,R53361333,UNITE,OK
TKT37813054605,2026-05-16T14:07:57Z,PORTE-D,R51150587,UNITE,OK
TKT77030261308,2026-05-16T14:07:59Z,PORTE-D,,UNITE,OK
TKT92839808156,2026-05-16T14:08:01Z,PORTE-D,R56545878,ABONNEMENT,OK
TKT78899314610,2026-05-16T14:08:01Z,PORTE-D,,GROUPE,OK
TKT89881242591,2026-05-16T14:08:02Z,VIP-EST,R53436531,ABONNEMENT,OK
TKT31501855247,2026-05-16T14:08:03Z,VIP-EST,R53881636,ABONNEMENT,OK
TKT89914176365,2026-05-16T14:08:06Z,PORTE-C,R55890504,UNITE,OK
TKT71349023853,2026-05-16T14:08:07Z,PORTE-C,R55884441,ABONNEMENT,OK
TKT35117296482,2026-05-16T14:08:07Z,PORTE-D,,UNITE,OK
TKT95067982697,2026-05-16T14:08:08Z,PORTE-A,R59638051,ABONNEMENT,OK
TKT98921920557,2026-05-16T14:08:08Z,PORTE-C,,UNITE,OK
TKT96499102336,2026-05-16T14:08:08Z,PORTE-A,R59444688,VIP,OK
TKT19018351756,2026-05-16T14:08:09Z,PORTE-D,R58530896,ABONNEMENT,OK
TKT88269202324,2026-05-16T14:08:10Z,PORTE-C,R59978132,UNITE,OK
TKT99253119158,2026-05-16T14:08:13Z,PORTE-A,R55482112,ABONNEMENT,OK
TKT50029975115,2026-05-16T14:08:14Z,PORTE-D,R58357906,ABONNEMENT,OK
TKT59993575678,2026-05-16T14:08:14Z,PORTE-A,R56754355,ABONNEMENT,OK
TKT11156127783,2026-05-16T14:08:14Z,PORTE-C,R52549175,UNITE,OK
TKT99147548603,2026-05-16T14:08:14Z,PORTE-D,R53371697,GROUPE,OK
TKT38693445465,2026-05-16T14:08:15Z,PORTE-D,R55490014,UNITE,OK
TKT21322577917,2026-05-16T14:08:16Z,PORTE-B,R56317286,ABONNEMENT,OK
TKT11213502159,2026-05-16T14:08:16Z,PORTE-D,R52934484,UNITE,OK
TKT61705533445,2026-05-16T14:08:17Z,PORTE-D,R55705723,ABONNEMENT,OK
TKT43855185865,2026-05-16T14:08:18Z,PORTE-C,R55903243,ABONNEMENT,OK
TKT65212650763,2026-05-16T14:08:18Z,PORTE-C,R52559529,ABONNEMENT,OK
TKT39017178744,2026-05-16T14:08:18Z,PORTE-D,,UNITE,OK
TKT49175973809,2026-05-16T14:08:19Z,PORTE-D,R55126917,UNITE,OK
TKT12104059147,2026-05-16T14:08:19Z,PORTE-D,R52410781,UNITE,OK
TKT67763448845,2026-05-16T14:08:19Z,PORTE-D,,GROUPE,OK
TKT39892085368,2026-05-16T14:08:19Z,PORTE-C,R58749536,UNITE,OK
TKT22565746428,2026-05-16T14:08:20Z,PORTE-D,,UNITE,OK
TKT76575219809,2026-05-16T14:08:20Z,VIP-EST,R53394847,UNITE,OK
TKT40177078521,2026-05-16T14:08:20Z,PORTE-C,,GROUPE,OK
TKT87230716386,2026-05-16T14:08:21Z,PORTE-C,R59349184,UNITE,OK
TKT37149041654,2026-05-16T14:08:24Z,PORTE-D,,UNITE,OK
TKT20536231089,2026-05-16T14:08:24Z,PORTE-D,R52129826,UNITE,OK
TKT92708012705,2026-05-16T14:08:25Z,PORTE-C,R52059599,UNITE,OK
TKT51024770349,2026-05-16T14:08:27Z,VIP-EST,R55755041,UNITE,OK
TKT11813590812,2026-05-16T14:08:28Z,PORTE-D,R55214844,ABONNEMENT,OK
TKT45360068708,2026-05-16T14:08:28Z,PORTE-D,R55496355,UNITE,OK
TKT45732869194,2026-05-16T14:08:28Z,PORTE-D,R56185903,UNITE,REFUSE_DEJA_SCANNE
TKT51567290095,2026-05-16T14:08:29Z,VIP-EST,R53993346,ABONNEMENT,OK
TKT61675805954,2026-05-16T14:08:30Z,VIP-EST,R52992786,ABONNEMENT,OK
TKT93067581059,2026-05-16T14:08:30Z,PORTE-A,R56386421,ABONNEMENT,OK
TKT43266348127,2026-05-16T14:08:31Z,PORTE-C,R53897718,ABONNEMENT,OK
TKT69843765456,2026-05-16T14:08:31Z,PORTE-D,R54585437,UNITE,OK
TKT47204950198,2026-05-16T14:08:32Z,PMR-NORD,R59741380,ABONNEMENT,OK
TKT94693057879,2026-05-16T14:08:32Z,VIP-EST,R56333090,ABONNEMENT,OK
TKT71957055869,2026-05-16T14:08:32Z,PORTE-D,R59210445,UNITE,OK
TKT63476774605,2026-05-16T14:08:33Z,PORTE-D,R56786509,ABONNEMENT,OK
TKT60066467086,2026-05-16T14:08:33Z,PORTE-B,R56659752,UNITE,OK
TKT67640336129,2026-05-16T14:08:34Z,PORTE-C,R53325243,ABONNEMENT,OK
TKT33599983657,2026-05-16T14:08:34Z,PORTE-D,,GROUPE,OK
TKT86442423908,2026-05-16T14:08:35Z,PORTE-A,R52145764,ABONNEMENT,OK
TKT96779954511,2026-05-16T14:08:35Z,PORTE-D,R59278632,UNITE,OK
TKT26446647569,2026-05-16T14:08:35Z,PORTE-B,R53212920,UNITE,OK
TKT74904157930,2026-05-16T14:08:35Z,PORTE-A,R56672213,UNITE,OK
TKT65587613084,2026-05-16T14:08:35Z,PORTE-D,R53071729,UNITE,OK
TKT58990295332,2026-05-16T14:08:36Z,PORTE-B,R51909893,UNITE,OK
TKT33263577450,2026-05-16T14:08:36Z,PORTE-C,R52550468,UNITE,OK
TKT33719400915,2026-05-16T14:08:36Z,PORTE-D,R55084553,UNITE,OK
TKT74052475912,2026-05-16T14:08:36Z,VIP-EST,R55420678,VIP,OK
TKT97465745637,2026-05-16T14:08:37Z,VIP-EST,,GROUPE,OK
TKT23127742685,2026-05-16T14:08:37Z,PORTE-C,R54320209,UNITE,OK
TKT44670179977,2026-05-16T14:08:38Z,PORTE-D,R51453131,UNITE,OK
TKT12038488471,2026-05-16T14:08:38Z,PORTE-B,,INVITATION,OK
TKT52811403259,2026-05-16T14:08:39Z,PORTE-B,R57867640,UNITE,OK
TKT31235050323,2026-05-16T14:08:39Z,PORTE-D,R51649971,UNITE,OK
TKT79037794640,2026-05-16T14:08:39Z,PORTE-C,R53925236,UNITE,OK
TKT45474520248,2026-05-16T14:08:40Z,PORTE-D,R55458885,UNITE,OK
TKT72632695441,2026-05-16T14:08:40Z,PORTE-C,R54767153,UNITE,OK
TKT34609666817,2026-05-16T14:08:40Z,PORTE-D,R54999547,UNITE,OK
TKT54572518023,2026-05-16T14:08:41Z,PORTE-C,R53890419,ABONNEMENT,OK
TKT67232870601,2026-05-16T14:08:41Z,PORTE-A,R57448338,UNITE,OK
TKT11978101303,2026-05-16T14:08:42Z,PORTE-D,R51014290,ABONNEMENT,OK
TKT27104921028,2026-05-16T14:08:43Z,PORTE-D,R53220554,UNITE,OK
TKT67744086799,2026-05-16T14:08:43Z,PORTE-C,R52005990,INVITATION,OK
TKT33072116685,2026-05-16T14:08:44Z,PORTE-D,,UNITE,OK
TKT11633501710,2026-05-16T14:08:45Z,PORTE-C,R57413330,ABONNEMENT,OK
TKT78253355969,2026-05-16T14:08:46Z,PORTE-C,R59619594,ABONNEMENT,OK
TKT48514511004,2026-05-16T14:08:46Z,PORTE-C,R58148930,UNITE,OK
TKT49971298872,2026-05-16T14:08:47Z,PORTE-D,R59782307,UNITE,OK
TKT59849282359,2026-05-16T14:08:48Z,PORTE-C,R52085412,UNITE,OK
TKT75947042016,2026-05-16T14:08:49Z,PORTE-C,R57770776,ABONNEMENT,OK
TKT68395702433,2026-05-16T14:08:49Z,VIP-EST,R57066372,VIP,OK
TKT96092453223,2026-05-16T14:08:51Z,PORTE-C,R55268041,ABONNEMENT,OK
TKT51364397485,2026-05-16T14:08:52Z,PORTE-C,R59564146,ABONNEMENT,OK
TKT13248274495,2026-05-16T14:08:52Z,PORTE-D,R53913043,UNITE,OK
TKT83656041058,2026-05-16T14:08:53Z,PORTE-C,,UNITE,OK
TKT78310336962,2026-05-16T14:08:54Z,PORTE-A,R59959330,ABONNEMENT,OK
TKT27877924941,2026-05-16T14:08:54Z,PORTE-B,R58974306,ABONNEMENT,OK
TKT68528441348,2026-05-16T14:08:54Z,PORTE-C,,UNITE,OK
TKT58144196261,2026-05-16T14:08:54Z,PORTE-D,R53152846,UNITE,OK
TKT52592831880,2026-05-16T14:08:55Z,PORTE-A,R58591449,ABONNEMENT,OK
TKT98804496363,2026-05-16T14:08:55Z,PORTE-A,R55718117,UNITE,OK
TKT81274248515,2026-05-16T14:08:57Z,PORTE-C,R51998021,UNITE,OK
TKT24613100007,2026-05-16T14:08:57Z,PORTE-D,,UNITE,REFUSE_INVALIDE
TKT64485047058,2026-05-16T14:08:57Z,PORTE-D,R53442795,UNITE,OK
TKT27104628226,2026-05-16T14:08:58Z,PORTE-C,R57624614,UNITE,OK
TKT62213631907,2026-05-16T14:08:59Z,PORTE-B,R51171831,ABONNEMENT,OK
TKT22889113253,2026-05-16T14:09:00Z,PORTE-D,R54956302,ABONNEMENT,OK
TKT10024177799,2026-05-16T14:09:00Z,VIP-EST,R56408767,UNITE,OK
TKT70779733404,2026-05-16T14:09:00Z,PORTE-A,,UNITE,OK
TKT11998503653,2026-05-16T14:09:01Z,PORTE-B,R55945607,ABONNEMENT,OK
TKT22188084289,2026-05-16T14:09:03Z,VIP-EST,R51254730,UNITE,OK
TKT49257702964,2026-05-16T14:09:03Z,PORTE-C,R53298817,UNITE,OK
TKT38976265595,2026-05-16T14:09:03Z,PORTE-B,R58494595,UNITE,OK
TKT79588203573,2026-05-16T14:09:04Z,PORTE-A,R58278886,ABONNEMENT,OK
TKT43970761264,2026-05-16T14:09:04Z,PORTE-D,R53159455,UNITE,OK
TKT76471440286,2026-05-16T14:09:05Z,PORTE-C,R52424535,UNITE,OK
TKT94890517051,2026-05-16T14:09:06Z,PORTE-C,R53539247,ABONNEMENT,OK
TKT61590817315,2026-05-16T14:09:06Z,VIP-EST,R56472921,ABONNEMENT,OK
TKT55200982821,2026-05-16T14:09:07Z,PORTE-C,R55281115,UNITE,OK
TKT43950342294,2026-05-16T14:09:09Z,PORTE-C,R59232168,UNITE,OK
TKT54248320110,2026-05-16T14:09:09Z,PORTE-D,R58880172,UNITE,OK
TKT97996504271,2026-05-16T14:09:10Z,PORTE-D,R53684461,UNITE,OK
TKT19958191968,2026-05-16T14:09:11Z,PORTE-A,R52026775,UNITE,OK
TKT59084533578,2026-05-16T14:09:11Z,PORTE-C,R52345525,UNITE,OK
TKT90561969807,2026-05-16T14:09:11Z,PORTE-C,R58979823,GROUPE,OK
TKT57502629451,2026-05-16T14:09:12Z,PORTE-D,R59790889,UNITE,OK
TKT78940931116,2026-05-16T14:09:12Z,PORTE-C,R58394475,UNITE,OK
TKT70238715260,2026-05-16T14:09:12Z,PORTE-D,R58706224,UNITE,OK
TKT27026151998,2026-05-16T14:09:13Z,PORTE-C,R51856083,ABONNEMENT,OK
TKT20167682423,2026-05-16T14:09:13Z,PORTE-A,,GROUPE,OK
TKT87626348700,2026-05-16T14:09:14Z,PORTE-C,R57919132,ABONNEMENT,OK
TKT55773119899,2026-05-16T14:09:15Z,PORTE-D,R51760388,ABONNEMENT,OK
TKT76878841421,2026-05-16T14:09:15Z,PORTE-D,R56667989,UNITE,OK
TKT42484410976,2026-05-16T14:09:17Z,PORTE-A,R54028076,ABONNEMENT,OK
TKT35870477912,2026-05-16T14:09:18Z,PORTE-D,R57859470,UNITE,OK
TKT86323923010,2026-05-16T14:09:18Z,PORTE-D,R51494413,UNITE,OK
TKT87867758524,2026-05-16T14:09:18Z,PORTE-D,,GROUPE,OK
TKT21100144598,2026-05-16T14:09:18Z,PORTE-B,R59572661,UNITE,OK
TKT33821908276,2026-05-16T14:09:18Z,PORTE-C,R55928520,UNITE,OK
TKT99469943307,2026-05-16T14:09:19Z,PORTE-A,R51905870,ABONNEMENT,OK
TKT54194222101,2026-05-16T14:09:21Z,PORTE-C,R53979793,INVITATION,OK
TKT80945468324,2026-05-16T14:09:22Z,PORTE-C,R52789203,UNITE,OK
TKT71696656406,2026-05-16T14:09:24Z,PORTE-D,,UNITE,OK
TKT65468474692,2026-05-16T14:09:24Z,PORTE-D,R57424642,UNITE,OK
TKT87221034005,2026-05-16T14:09:25Z,PORTE-C,R51040046,ABONNEMENT,OK
TKT53344546030,2026-05-16T14:09:25Z,VIP-EST,R51410020,VIP,OK
TKT66528026292,2026-05-16T14:09:26Z,PORTE-C,,UNITE,OK
TKT14317296837,2026-05-16T14:09:27Z,PORTE-C,,UNITE,OK
TKT98947218960,2026-05-16T14:09:28Z,PORTE-A,R58353203,ABONNEMENT,OK
TKT63702427548,2026-05-16T14:09:29Z,PORTE-C,R53962696,ABONNEMENT,OK
TKT42518585857,2026-05-16T14:09:33Z,PORTE-C,R55069975,ABONNEMENT,OK
TKT20093598044,2026-05-16T14:09:33Z,PORTE-C,,UNITE,OK
TKT40799049757,2026-05-16T14:09:34Z,PORTE-D,,GROUPE,OK
TKT22073215263,2026-05-16T14:09:35Z,PORTE-A,R59656029,UNITE,OK
TKT15398920956,2026-05-16T14:09:35Z,PORTE-D,R51330809,UNITE,OK
TKT92881766761,2026-05-16T14:09:35Z,PORTE-C,R56841133,UNITE,OK
TKT78237135920,2026-05-16T14:09:36Z,PORTE-C,R53026089,ABONNEMENT,OK
TKT18318438402,2026-05-16T14:09:37Z,PORTE-B,,UNITE,OK
TKT49443079189,2026-05-16T14:09:38Z,PORTE-D,R57992002,ABONNEMENT,OK
TKT70004957558,2026-05-16T14:09:39Z,PORTE-D,R53040332,UNITE,OK
TKT41535363141,2026-05-16T14:09:40Z,PORTE-C,R57287531,ABONNEMENT,OK
TKT10271040113,2026-05-16T14:09:40Z,PORTE-D,R57005561,UNITE,OK
TKT46579380575,2026-05-16T14:09:40Z,PMR-NORD,R54406364,UNITE,OK
TKT49267023346,2026-05-16T14:09:41Z,PORTE-C,R51543118,UNITE,OK
TKT99680611784,2026-05-16T14:09:42Z,PORTE-C,R59799002,ABONNEMENT,OK
TKT76887271344,2026-05-16T14:09:42Z,PORTE-C,R52371271,ABONNEMENT,OK
TKT73649671400,2026-05-16T14:09:42Z,PORTE-A,R56174323,UNITE,OK
TKT65931722761,2026-05-16T14:09:43Z,PORTE-D,R54437225,ABONNEMENT,OK
TKT68742445373,2026-05-16T14:09:43Z,PORTE-C,,UNITE,OK
TKT10638282724,2026-05-16T14:09:43Z,PORTE-D,,UNITE,OK
TKT27104921028,2026-05-16T14:09:43Z,PORTE-D,R53220554,UNITE,REFUSE_DEJA_SCANNE
TKT78100089766,2026-05-16T14:09:44Z,PORTE-C,R53831303,ABONNEMENT,OK
TKT50823104911,2026-05-16T14:09:44Z,PORTE-B,R53182203,ABONNEMENT,OK
TKT87048470792,2026-05-16T14:09:45Z,PORTE-C,R51529699,ABONNEMENT,OK
TKT20095286268,2026-05-16T14:09:45Z,PORTE-D,R55070588,UNITE,OK
TKT62508431406,2026-05-16T14:09:45Z,PORTE-D,,UNITE,OK
TKT73519121229,2026-05-16T14:09:47Z,PORTE-A,R59372354,ABONNEMENT,OK
TKT45414643385,2026-05-16T14:09:47Z,PORTE-D,R52945183,UNITE,OK
TKT14654407691,2026-05-16T14:09:48Z,PORTE-D,R53844444,UNITE,OK
TKT98787919566,2026-05-16T14:09:48Z,PORTE-B,R52590179,UNITE,OK
TKT59049631044,2026-05-16T14:09:49Z,PORTE-D,R57418847,ABONNEMENT,OK
TKT53959947393,2026-05-16T14:09:49Z,PORTE-D,R55898952,UNITE,OK
TKT24953149139,2026-05-16T14:09:49Z,PORTE-A,R52302682,UNITE,OK
TKT11907963025,2026-05-16T14:09:50Z,PORTE-C,R57448338,INVITATION,OK
TKT67311264979,2026-05-16T14:09:50Z,PORTE-C,R58058762,UNITE,OK
TKT89774473519,2026-05-16T14:09:50Z,PORTE-D,R59360429,UNITE,OK
TKT66531667459,2026-05-16T14:09:50Z,PORTE-D,,UNITE,OK
TKT81248725346,2026-05-16T14:09:53Z,VIP-EST,R55402700,ABONNEMENT,OK
TKT12798608798,2026-05-16T14:09:53Z,PORTE-D,,UNITE,OK
TKT75408423819,2026-05-16T14:09:54Z,PORTE-D,R52606060,ABONNEMENT,OK
TKT58271939147,2026-05-16T14:09:54Z,PORTE-D,R51208276,UNITE,OK
TKT86824555692,2026-05-16T14:09:55Z,VIP-EST,R56472241,UNITE,OK
TKT11397216860,2026-05-16T14:09:57Z,PORTE-B,R58245516,UNITE,OK
TKT52096086784,2026-05-16T14:09:58Z,PORTE-C,R51778701,ABONNEMENT,OK
TKT29979830423,2026-05-16T14:09:58Z,PORTE-C,R52703718,UNITE,OK
TKT18169054045,2026-05-16T14:09:59Z,VIP-EST,R52405532,ABONNEMENT,OK
TKT25674128864,2026-05-16T14:10:00Z,PORTE-B,R52243777,ABONNEMENT,OK
TKT76281373033,2026-05-16T14:10:01Z,PORTE-C,,UNITE,OK
TKT38773212992,2026-05-16T14:10:02Z,PORTE-D,,GROUPE,OK
TKT98816779520,2026-05-16T14:10:03Z,PORTE-D,R51763520,UNITE,OK
TKT92979287362,2026-05-16T14:10:03Z,VIP-EST,R54907942,VIP,OK
TKT93620034038,2026-05-16T14:10:05Z,PORTE-C,R57952636,ABONNEMENT,OK
TKT75726801529,2026-05-16T14:10:05Z,PORTE-B,R55162873,UNITE,OK
TKT50845058334,2026-05-16T14:10:05Z,PORTE-C,R54638758,UNITE,OK
TKT86630659740,2026-05-16T14:10:05Z,PORTE-A,R54684666,UNITE,OK
TKT98708549938,2026-05-16T14:10:06Z,PORTE-D,R57398082,ABONNEMENT,OK
TKT90687097548,2026-05-16T14:10:06Z,PORTE-A,R54823271,UNITE,OK
TKT43259874936,2026-05-16T14:10:07Z,PORTE-C,R51637721,UNITE,OK
TKT92096767840,2026-05-16T14:10:07Z,PORTE-A,R59611759,UNITE,OK
TKT50882187151,2026-05-16T14:10:08Z,PORTE-A,R51094124,ABONNEMENT,OK
TKT95162594159,2026-05-16T14:10:09Z,PORTE-C,R56309806,ABONNEMENT,OK
TKT75426410722,2026-05-16T14:10:09Z,PORTE-A,R58710448,ABONNEMENT,OK
TKT67354379328,2026-05-16T14:10:09Z,PORTE-A,,GROUPE,OK
TKT92001825001,2026-05-16T14:10:10Z,PORTE-D,R56707978,ABONNEMENT,OK
TKT42543269154,2026-05-16T14:10:10Z,PMR-NORD,R52368752,ABONNEMENT,OK
TKT51407774775,2026-05-16T14:10:11Z,PORTE-C,R53380547,INVITATION,OK
TKT83893900106,2026-05-16T14:10:11Z,PORTE-B,R51107265,UNITE,OK
TKT42838558686,2026-05-16T14:10:12Z,PORTE-D,R56074414,UNITE,OK
TKT55617415431,2026-05-16T14:10:13Z,PORTE-C,R52447906,ABONNEMENT,OK
TKT31216902650,2026-05-16T14:10:14Z,PORTE-D,R56956310,UNITE,OK
TKT43377797530,2026-05-16T14:10:16Z,PORTE-C,R55746593,ABONNEMENT,OK
TKT97169592313,2026-05-16T14:10:16Z,PORTE-C,R55943289,ABONNEMENT,OK
TKT66181921446,2026-05-16T14:10:16Z,PORTE-C,R55273692,UNITE,OK
TKT67797583723,2026-05-16T14:10:17Z,PORTE-C,R52003337,ABONNEMENT,OK
TKT83948899694,2026-05-16T14:10:18Z,PORTE-D,R53964458,ABONNEMENT,OK
TKT30516759530,2026-05-16T14:10:18Z,PORTE-D,R58268331,ABONNEMENT,OK
TKT68368102034,2026-05-16T14:10:19Z,PORTE-B,R52586032,ABONNEMENT,OK
TKT66659061997,2026-05-16T14:10:20Z,PORTE-B,R53780568,ABONNEMENT,OK
TKT44449880861,2026-05-16T14:10:20Z,PORTE-B,R57800344,UNITE,OK
TKT36424868796,2026-05-16T14:10:20Z,VIP-EST,R57497522,UNITE,OK
TKT14168381420,2026-05-16T14:10:22Z,VIP-EST,R58554535,ABONNEMENT,OK
TKT17824554666,2026-05-16T14:10:22Z,PORTE-A,R51559046,ABONNEMENT,OK
TKT58019938245,2026-05-16T14:10:22Z,VIP-EST,,UNITE,OK
TKT36532240039,2026-05-16T14:10:22Z,PORTE-B,R56561337,UNITE,OK
TKT19403285881,2026-05-16T14:10:23Z,PORTE-D,R53899490,INVITATION,OK
TKT98865551140,2026-05-16T14:10:23Z,PORTE-D,R57870360,UNITE,OK
TKT62001857712,2026-05-16T14:10:24Z,VIP-EST,R52674773,ABONNEMENT,OK
TKT94787878425,2026-05-16T14:10:25Z,VIP-EST,R52085623,ABONNEMENT,OK
TKT95337789749,2026-05-16T14:10:26Z,PORTE-A,R52851662,ABONNEMENT,OK
TKT27023645998,2026-05-16T14:10:26Z,VIP-EST,R55039938,VIP,OK
TKT93854539617,2026-05-16T14:10:27Z,PORTE-B,R53267621,ABONNEMENT,OK
TKT56852415208,2026-05-16T14:10:27Z,PORTE-A,R52453413,ABONNEMENT,OK
TKT35333542673,2026-05-16T14:10:27Z,PORTE-D,,GROUPE,OK
TKT76834866832,2026-05-16T14:10:27Z,PORTE-B,R55715943,UNITE,OK
TKT16142000699,2026-05-16T14:10:28Z,PORTE-C,,UNITE,REFUSE_DEJA_SCANNE
TKT16456962991,2026-05-16T14:10:29Z,PORTE-C,R53840642,ABONNEMENT,OK
TKT24711979096,2026-05-16T14:10:29Z,PORTE-C,R53546938,ABONNEMENT,OK
TKT24011549382,2026-05-16T14:10:29Z,PORTE-D,R52721917,UNITE,OK
TKT91882739059,2026-05-16T14:10:29Z,VIP-EST,R54002608,INVITATION,OK
TKT23376137536,2026-05-16T14:10:30Z,PORTE-D,R56050028,UNITE,OK
TKT54812715863,2026-05-16T14:10:30Z,PORTE-C,R57962444,UNITE,OK
TKT13319708153,2026-05-16T14:10:31Z,PORTE-D,R51808547,ABONNEMENT,OK
TKT58461945742,2026-05-16T14:10:31Z,PORTE-D,R57408704,UNITE,OK
TKT82375749985,2026-05-16T14:10:33Z,PORTE-D,R56221735,UNITE,OK
TKT49826412158,2026-05-16T14:10:33Z,PORTE-D,R51046923,UNITE,OK
TKT35113014792,2026-05-16T14:10:33Z,PORTE-D,R57577212,INVITATION,OK
TKT61576093901,2026-05-16T14:10:34Z,PORTE-C,R54081139,UNITE,OK
TKT68641569342,2026-05-16T14:10:36Z,PORTE-C,R56097430,UNITE,OK
TKT80784588912,2026-05-16T14:10:36Z,PORTE-A,,GROUPE,OK
TKT65341980668,2026-05-16T14:10:37Z,VIP-EST,R52785736,VIP,OK
TKT69865976792,2026-05-16T14:10:38Z,PORTE-A,,UNITE,OK
TKT61480797175,2026-05-16T14:10:39Z,PORTE-D,R55083461,UNITE,OK
TKT99035222021,2026-05-16T14:10:40Z,VIP-EST,R56062901,UNITE,OK
TKT91273430547,2026-05-16T14:10:40Z,PORTE-D,R58760570,UNITE,OK
TKT17254223523,2026-05-16T14:10:41Z,PORTE-D,R51976576,ABONNEMENT,OK
TKT23287597571,2026-05-16T14:10:42Z,PORTE-A,R57812403,ABONNEMENT,OK
TKT96787406783,2026-05-16T14:10:42Z,PORTE-D,,UNITE,OK
TKT98662707796,2026-05-16T14:10:43Z,PORTE-A,R52017580,ABONNEMENT,OK
TKT96066609774,2026-05-16T14:10:43Z,VIP-EST,R56618681,UNITE,OK
TKT74530549909,2026-05-16T14:10:43Z,PORTE-C,R53985779,UNITE,OK
TKT35438795799,2026-05-16T14:10:43Z,PORTE-C,R58463265,UNITE,OK
TKT32044913788,2026-05-16T14:10:45Z,VIP-EST,R54549126,ABONNEMENT,REFUSE_DEJA_SCANNE
TKT38366582783,2026-05-16T14:10:45Z,PORTE-D,R59853415,UNITE,OK
TKT26858821501,2026-05-16T14:10:45Z,PORTE-A,,UNITE,OK
TKT88207867633,2026-05-16T14:10:45Z,PORTE-D,R51761959,UNITE,OK
TKT79623028016,2026-05-16T14:10:46Z,PORTE-A,R56503025,ABONNEMENT,OK
TKT72648201449,2026-05-16T14:10:47Z,PORTE-D,R55839769,ABONNEMENT,OK
TKT38497249061,2026-05-16T14:10:47Z,PORTE-B,R59981187,ABONNEMENT,OK
TKT35342885359,2026-05-16T14:10:47Z,PORTE-D,R59743276,UNITE,OK
TKT87049802787,2026-05-16T14:10:47Z,PORTE-A,,UNITE,OK
TKT82838421279,2026-05-16T14:10:48Z,VIP-EST,R51514987,ABONNEMENT,REFUSE_DEJA_SCANNE
TKT34397723576,2026-05-16T14:10:48Z,PORTE-C,R54411201,UNITE,OK
TKT21389042355,2026-05-16T14:10:49Z,PORTE-C,R54339892,UNITE,OK
TKT40639135160,2026-05-16T14:10:51Z,PORTE-A,R55160699,ABONNEMENT,OK
TKT77660859546,2026-05-16T14:10:51Z,PORTE-A,R54337296,ABONNEMENT,OK
TKT10500868111,2026-05-16T14:10:51Z,PORTE-D,R52140860,UNITE,OK
TKT37474895847,2026-05-16T14:10:51Z,PORTE-A,R57882553,VIP,OK
TKT69026770910,2026-05-16T14:10:52Z,PORTE-D,R55438311,UNITE,OK
TKT46468005203,2026-05-16T14:10:53Z,PORTE-C,R51643171,ABONNEMENT,OK
TKT56424623447,2026-05-16T14:10:53Z,PORTE-D,R59708067,ABONNEMENT,OK
TKT85531123489,2026-05-16T14:10:53Z,PORTE-A,R55567932,ABONNEMENT,OK
TKT82964134950,2026-05-16T14:10:54Z,PORTE-A,R56004934,ABONNEMENT,OK
TKT64015823390,2026-05-16T14:10:54Z,VIP-EST,R53304803,ABONNEMENT,OK
TKT91708165704,2026-05-16T14:10:57Z,PORTE-C,R54399075,ABONNEMENT,OK
TKT53982651411,2026-05-16T14:10:57Z,PORTE-C,,UNITE,OK
TKT85560301829,2026-05-16T14:10:57Z,PORTE-B,R55182221,UNITE,OK
TKT99000459111,2026-05-16T14:10:58Z,PORTE-C,R53355069,UNITE,OK
TKT16084128031,2026-05-16T14:10:59Z,PORTE-C,R54847188,UNITE,OK
TKT54988581398,2026-05-16T14:11:00Z,VIP-EST,R55207689,UNITE,OK
TKT93786937745,2026-05-16T14:11:00Z,PORTE-A,R51673064,UNITE,OK
TKT18532177377,2026-05-16T14:11:01Z,PORTE-B,R59834077,ABONNEMENT,OK
TKT50585374629,2026-05-16T14:11:01Z,VIP-EST,R56256063,ABONNEMENT,OK
TKT19938059834,2026-05-16T14:11:01Z,PORTE-A,R53243024,ABONNEMENT,OK
TKT21550152707,2026-05-16T14:11:01Z,PORTE-A,R59317174,UNITE,OK
TKT37734201899,2026-05-16T14:11:02Z,VIP-EST,R57297962,UNITE,OK
TKT14496809612,2026-05-16T14:11:03Z,PORTE-D,R56716838,ABONNEMENT,OK
TKT57137208010,2026-05-16T14:11:03Z,PORTE-D,R51875833,UNITE,OK
TKT77419364960,2026-05-16T14:11:03Z,PORTE-D,R54538437,UNITE,OK
TKT33842601320,2026-05-16T14:11:04Z,PORTE-C,R57110853,ABONNEMENT,OK
TKT79588203573,2026-05-16T14:11:04Z,PORTE-A,R58278886,ABONNEMENT,REFUSE_DEJA_SCANNE
TKT53125902900,2026-05-16T14:11:04Z,PORTE-C,R57260090,UNITE,OK
TKT96073426082,2026-05-16T14:11:05Z,PORTE-D,R55702524,ABONNEMENT,OK
TKT73805555362,2026-05-16T14:11:05Z,PORTE-A,R57836578,ABONNEMENT,OK
TKT36846148931,2026-05-16T14:11:05Z,VIP-EST,R53076355,UNITE,OK
TKT30807999210,2026-05-16T14:11:06Z,VIP-EST,R52951370,ABONNEMENT,OK
TKT85992769263,2026-05-16T14:11:06Z,PORTE-D,R54497835,UNITE,OK
TKT94674109742,2026-05-16T14:11:07Z,PORTE-A,R52218634,ABONNEMENT,OK
TKT44366774761,2026-05-16T14:11:07Z,PORTE-D,,UNITE,OK
TKT54760702520,2026-05-16T14:11:07Z,PORTE-C,R56046005,UNITE,OK
TKT49623695735,2026-05-16T14:11:08Z,PORTE-D,R58595683,ABONNEMENT,OK
TKT13440078534,2026-05-16T14:11:08Z,PORTE-C,R56188556,UNITE,OK
TKT23061552515,2026-05-16T14:11:09Z,PORTE-C,R59413348,ABONNEMENT,OK
TKT45170527291,2026-05-16T14:11:09Z,PORTE-C,R57322539,ABONNEMENT,OK
TKT19558161630,2026-05-16T14:11:11Z,PORTE-B,R52566215,UNITE,OK
TKT14647658453,2026-05-16T14:11:12Z,PORTE-A,R57758593,ABONNEMENT,OK
TKT65872378186,2026-05-16T14:11:12Z,PORTE-A,R53319592,INVITATION,OK
TKT85166341041,2026-05-16T14:11:13Z,PORTE-D,R57760566,ABONNEMENT,OK
TKT80911198750,2026-05-16T14:11:13Z,PORTE-B,R53134657,ABONNEMENT,OK
TKT49109710770,2026-05-16T14:11:13Z,PORTE-C,R57379558,UNITE,OK
TKT30963248900,2026-05-16T14:11:14Z,VIP-EST,R56571825,ABONNEMENT,OK
TKT45813385619,2026-05-16T14:11:14Z,PORTE-B,R55146389,ABONNEMENT,OK
TKT45932788511,2026-05-16T14:11:14Z,PORTE-D,,UNITE,OK
TKT12608561955,2026-05-16T14:11:17Z,PORTE-C,R58734345,ABONNEMENT,OK
TKT14418099715,2026-05-16T14:11:17Z,PORTE-C,R57250483,UNITE,OK
TKT68338291149,2026-05-16T14:11:19Z,PORTE-D,R51787015,ABONNEMENT,OK
TKT74198503008,2026-05-16T14:11:19Z,PORTE-C,R59726045,UNITE,OK
TKT55109380527,2026-05-16T14:11:20Z,PORTE-D,R53176830,ABONNEMENT,OK
TKT51314097152,2026-05-16T14:11:20Z,PORTE-D,R53631264,UNITE,REFUSE_DEJA_SCANNE
TKT34500645606,2026-05-16T14:11:21Z,PORTE-D,R56594228,ABONNEMENT,OK
TKT23929436378,2026-05-16T14:11:21Z,PORTE-D,R51204866,UNITE,OK
TKT87873278525,2026-05-16T14:11:21Z,PORTE-D,R59122719,UNITE,OK
TKT64192900148,2026-05-16T14:11:22Z,VIP-EST,R53283559,ABONNEMENT,OK
TKT42006319605,2026-05-16T14:11:22Z,VIP-EST,R58772351,ABONNEMENT,OK
TKT65211970528,2026-05-16T14:11:22Z,PORTE-C,,UNITE,OK
TKT14897594735,2026-05-16T14:11:23Z,PORTE-B,R54908488,ABONNEMENT,OK
TKT12947647671,2026-05-16T14:11:23Z,PORTE-D,R51027163,UNITE,OK
TKT10023899966,2026-05-16T14:11:26Z,PORTE-D,,UNITE,OK
TKT43091030764,2026-05-16T14:11:28Z,PORTE-A,R52696295,ABONNEMENT,OK
TKT92758061244,2026-05-16T14:11:28Z,PORTE-D,R56415989,UNITE,OK
TKT48777856087,2026-05-16T14:11:28Z,PORTE-B,R59318477,INVITATION,OK
TKT35751112278,2026-05-16T14:11:29Z,PORTE-B,,UNITE,OK
TKT65915536511,2026-05-16T14:11:31Z,PORTE-C,R59613186,UNITE,OK
TKT76086846841,2026-05-16T14:11:32Z,PORTE-D,R56315179,ABONNEMENT,OK
TKT92078618524,2026-05-16T14:11:32Z,PORTE-D,R56547985,UNITE,OK
TKT98312415623,2026-05-16T14:11:33Z,PORTE-C,R59023212,ABONNEMENT,OK
TKT26565882047,2026-05-16T14:11:33Z,PORTE-D,,UNITE,OK
TKT15964898996,2026-05-16T14:11:37Z,PORTE-D,R59040175,ABONNEMENT,OK
TKT73917317325,2026-05-16T14:11:37Z,PORTE-A,R51514709,ABONNEMENT,OK
TKT11908074198,2026-05-16T14:11:37Z,VIP-EST,R53718099,ABONNEMENT,OK
TKT19650718733,2026-05-16T14:11:38Z,PORTE-C,R56213699,ABONNEMENT,OK
TKT14697680255,2026-05-16T14:11:38Z,PORTE-C,R55569915,UNITE,OK
TKT58834126792,2026-05-16T14:11:39Z,PORTE-C,R52570640,ABONNEMENT,OK
TKT64267784437,2026-05-16T14:11:39Z,PORTE-A,R55045378,ABONNEMENT,OK
TKT79908715303,2026-05-16T14:11:39Z,PORTE-A,,UNITE,OK
TKT12146095534,2026-05-16T14:11:39Z,PORTE-D,R57225551,UNITE,OK
TKT15412896422,2026-05-16T14:11:40Z,PORTE-C,R55716489,ABONNEMENT,OK
TKT56367974248,2026-05-16T14:11:41Z,PORTE-C,R53454988,ABONNEMENT,OK
TKT64499119062,2026-05-16T14:11:42Z,VIP-EST,R52725719,ABONNEMENT,OK
TKT86516766625,2026-05-16T14:11:43Z,PORTE-D,R56297680,ABONNEMENT,OK
TKT38278038933,2026-05-16T14:11:43Z,VIP-EST,R56378596,ABONNEMENT,OK
TKT83881464003,2026-05-16T14:11:43Z,PORTE-D,R54251352,UNITE,OK
TKT10638282724,2026-05-16T14:11:43Z,PORTE-D,,UNITE,REFUSE_DEJA_SCANNE
TKT46574447886,2026-05-16T14:11:43Z,PORTE-C,,GROUPE,OK
TKT12852148517,2026-05-16T14:11:44Z,PORTE-A,R52474945,UNITE,OK
TKT64049586880,2026-05-16T14:11:44Z,PORTE-D,R52342125,UNITE,OK
TKT31884968421,2026-05-16T14:11:45Z,PORTE-C,R59827947,ABONNEMENT,OK
TKT89555824502,2026-05-16T14:11:45Z,PORTE-D,R57600238,UNITE,OK
TKT32056897201,2026-05-16T14:11:45Z,PORTE-D,,GROUPE,OK
TKT12030172828,2026-05-16T14:11:46Z,PORTE-A,R59200292,ABONNEMENT,OK
TKT52809651533,2026-05-16T14:11:46Z,PORTE-D,R59809346,UNITE,OK
TKT59226295460,2026-05-16T14:11:47Z,VIP-EST,,VIP,OK
TKT79131171786,2026-05-16T14:11:48Z,PORTE-D,R53391916,ABONNEMENT,OK
TKT76957826318,2026-05-16T14:11:49Z,VIP-EST,R52592152,ABONNEMENT,OK
TKT92969250746,2026-05-16T14:11:50Z,PORTE-C,R51143978,ABONNEMENT,OK
TKT27006986001,2026-05-16T14:11:50Z,PORTE-A,,GROUPE,OK
TKT61207997613,2026-05-16T14:11:51Z,VIP-EST,R55726910,VIP,OK
TKT94814799894,2026-05-16T14:11:51Z,PORTE-D,R57576800,UNITE,OK
TKT97222510364,2026-05-16T14:11:53Z,PORTE-A,R51853085,UNITE,OK
TKT12770607499,2026-05-16T14:11:54Z,PORTE-C,R51882097,ABONNEMENT,OK
TKT59323236109,2026-05-16T14:11:54Z,PORTE-C,R53114907,UNITE,OK
TKT25828680273,2026-05-16T14:11:55Z,PORTE-D,R53700868,ABONNEMENT,OK
TKT24888218691,2026-05-16T14:11:55Z,PORTE-A,R56251628,ABONNEMENT,OK
TKT83392746890,2026-05-16T14:11:56Z,PORTE-D,R59050586,UNITE,OK
TKT60805515770,2026-05-16T14:11:58Z,VIP-EST,R53994696,VIP,OK
TKT15962023700,2026-05-16T14:11:58Z,PORTE-D,R54155647,UNITE,OK
TKT93826718096,2026-05-16T14:11:58Z,PORTE-C,R54429658,UNITE,OK
TKT65023592526,2026-05-16T14:11:58Z,PORTE-C,,UNITE,OK
TKT96734946781,2026-05-16T14:11:58Z,PORTE-A,,GROUPE,OK
TKT44174645741,2026-05-16T14:11:59Z,PORTE-D,R59004008,UNITE,OK
TKT78484642674,2026-05-16T14:12:00Z,PORTE-D,R59400743,UNITE,OK
TKT32673176179,2026-05-16T14:12:00Z,PORTE-D,R57652266,UNITE,OK
TKT31655285954,2026-05-16T14:12:00Z,PORTE-C,R58658822,UNITE,OK
TKT27659068415,2026-05-16T14:12:00Z,PORTE-D,,UNITE,OK
TKT77196937164,2026-05-16T14:12:01Z,PORTE-C,R56262605,ABONNEMENT,OK
TKT72223089902,2026-05-16T14:12:01Z,PORTE-C,R58133682,ABONNEMENT,OK
TKT97253095574,2026-05-16T14:12:01Z,VIP-EST,R58689807,ABONNEMENT,OK
TKT28273599524,2026-05-16T14:12:01Z,PORTE-D,R53493674,ABONNEMENT,OK
TKT26997572307,2026-05-16T14:12:01Z,PORTE-C,,UNITE,OK
TKT27704978304,2026-05-16T14:12:02Z,VIP-EST,R55345145,ABONNEMENT,OK
TKT60131275912,2026-05-16T14:12:02Z,PORTE-A,,GROUPE,OK
TKT89449496023,2026-05-16T14:12:02Z,VIP-EST,R56207013,UNITE,OK
TKT28740945420,2026-05-16T14:12:04Z,PORTE-B,R58473083,ABONNEMENT,OK
TKT19415107453,2026-05-16T14:12:04Z,PORTE-A,R53159388,UNITE,OK
TKT40539334636,2026-05-16T14:12:04Z,PORTE-D,R52481065,UNITE,OK
TKT32389843738,2026-05-16T14:12:05Z,PORTE-C,R55096679,ABONNEMENT,OK
TKT19544037053,2026-05-16T14:12:06Z,PORTE-A,R55645448,ABONNEMENT,OK
TKT10744142440,2026-05-16T14:12:06Z,PORTE-D,R51002509,UNITE,OK
TKT70902296951,2026-05-16T14:12:06Z,PORTE-D,,GROUPE,OK
TKT87188934706,2026-05-16T14:12:08Z,VIP-EST,R54420674,ABONNEMENT,OK
TKT79704428898,2026-05-16T14:12:08Z,PORTE-A,R56799660,UNITE,OK
TKT28354397614,2026-05-16T14:12:09Z,PORTE-C,R53678810,UNITE,OK
TKT58221601554,2026-05-16T14:12:09Z,PORTE-C,R51003065,UNITE,OK
TKT72291778812,2026-05-16T14:12:10Z,PORTE-C,R54293304,ABONNEMENT,OK
TKT27466429909,2026-05-16T14:12:10Z,PORTE-C,R52639085,ABONNEMENT,OK
TKT97495037324,2026-05-16T14:12:10Z,PORTE-C,,UNITE,OK
TKT39889063903,2026-05-16T14:12:11Z,PORTE-A,R52446536,ABONNEMENT,OK
TKT25538705957,2026-05-16T14:12:12Z,PORTE-D,R51392933,ABONNEMENT,OK
TKT43316110717,2026-05-16T14:12:12Z,PORTE-A,R53655027,ABONNEMENT,OK
TKT64418239954,2026-05-16T14:12:13Z,PORTE-D,R52731926,ABONNEMENT,OK
TKT26921474799,2026-05-16T14:12:14Z,PORTE-C,,UNITE,OK
TKT73513016208,2026-05-16T14:12:15Z,PORTE-C,R55722140,ABONNEMENT,OK
TKT74426386574,2026-05-16T14:12:15Z,PORTE-C,R51790214,ABONNEMENT,OK
TKT58931264508,2026-05-16T14:12:16Z,VIP-EST,R53356640,ABONNEMENT,OK
TKT21973296557,2026-05-16T14:12:17Z,VIP-EST,R58624685,ABONNEMENT,OK
TKT97748364591,2026-05-16T14:12:18Z,PORTE-B,R58303473,ABONNEMENT,OK
TKT98591712994,2026-05-16T14:12:19Z,PORTE-A,R51232049,ABONNEMENT,OK
TKT38085577827,2026-05-16T14:12:19Z,PORTE-B,R56911762,UNITE,OK
TKT82668704598,2026-05-16T14:12:19Z,PORTE-C,R52898317,UNITE,OK
TKT36948358715,2026-05-16T14:12:19Z,PORTE-D,R55896031,UNITE,OK
TKT90302872981,2026-05-16T14:12:20Z,PORTE-B,R52444965,ABONNEMENT,OK
TKT86789668159,2026-05-16T14:12:20Z,PORTE-D,R53621322,UNITE,OK
TKT87230635229,2026-05-16T14:12:20Z,PORTE-C,R53449203,UNITE,OK
TKT43011051893,2026-05-16T14:12:20Z,PORTE-C,,GROUPE,OK
TKT47952742479,2026-05-16T14:12:20Z,PORTE-A,R52974597,VIP,OK
TKT83910908696,2026-05-16T14:12:20Z,PORTE-C,R52314808,UNITE,OK
TKT62856640975,2026-05-16T14:12:21Z,PORTE-D,R51424464,ABONNEMENT,OK
TKT87230716386,2026-05-16T14:12:21Z,PORTE-C,R59349184,UNITE,REFUSE_DEJA_SCANNE
TKT47916718353,2026-05-16T14:12:21Z,PORTE-D,,GROUPE,OK
TKT40532057158,2026-05-16T14:12:22Z,PORTE-D,,UNITE,OK
TKT97861787507,2026-05-16T14:12:22Z,PORTE-C,R54979385,UNITE,OK
TKT89264768689,2026-05-16T14:12:23Z,VIP-EST,R57123324,ABONNEMENT,OK
TKT91432760822,2026-05-16T14:12:24Z,PORTE-B,R59252819,ABONNEMENT,OK
TKT91109680309,2026-05-16T14:12:25Z,PORTE-C,R55137750,ABONNEMENT,OK
TKT61242099753,2026-05-16T14:12:25Z,PORTE-B,R56919396,ABONNEMENT,OK
TKT47598052048,2026-05-16T14:12:27Z,PORTE-C,R54786558,ABONNEMENT,OK
TKT90469407823,2026-05-16T14:12:27Z,PORTE-D,,UNITE,REFUSE_DEJA_SCANNE
TKT94304929521,2026-05-16T14:12:29Z,VIP-EST,R55168400,ABONNEMENT,OK
TKT31630440072,2026-05-16T14:12:29Z,PORTE-C,R56084892,UNITE,OK
TKT33741287900,2026-05-16T14:12:30Z,PORTE-D,R52451574,ABONNEMENT,OK
TKT68262303217,2026-05-16T14:12:30Z,VIP-EST,R51213448,ABONNEMENT,OK
TKT91173562770,2026-05-16T14:12:30Z,PORTE-C,R59818129,UNITE,OK
TKT83777721372,2026-05-16T14:12:31Z,PORTE-C,R59186950,UNITE,OK
TKT50759112348,2026-05-16T14:12:32Z,PORTE-D,R59817794,ABONNEMENT,OK
TKT30026878241,2026-05-16T14:12:32Z,PORTE-D,R58457892,UNITE,OK
TKT53329091582,2026-05-16T14:12:33Z,PORTE-D,R53321967,ABONNEMENT,OK
TKT36389052764,2026-05-16T14:12:33Z,PORTE-A,R55754006,INVITATION,OK
TKT19964701271,2026-05-16T14:12:33Z,PORTE-D,R54260614,UNITE,OK
TKT96725019098,2026-05-16T14:12:33Z,PORTE-C,R52677771,UNITE,OK
TKT61667101147,2026-05-16T14:12:33Z,PORTE-D,R51243495,UNITE,OK
TKT52801513964,2026-05-16T14:12:34Z,PORTE-D,R55353727,ABONNEMENT,OK
TKT43862779551,2026-05-16T14:12:34Z,PORTE-D,R53904317,UNITE,OK
TKT54218306952,2026-05-16T14:12:34Z,PORTE-D,R55396560,UNITE,REFUSE_DEJA_SCANNE
TKT43844162391,2026-05-16T14:12:35Z,PORTE-C,R57682849,UNITE,OK
TKT22395086146,2026-05-16T14:12:38Z,PORTE-A,R58574563,ABONNEMENT,OK
TKT35473069562,2026-05-16T14:12:38Z,PORTE-C,R51698676,ABONNEMENT,OK
TKT68380169718,2026-05-16T14:12:38Z,PORTE-D,R53752092,UNITE,OK
TKT28284505943,2026-05-16T14:12:39Z,PORTE-D,R53111775,ABONNEMENT,OK
TKT88007792986,2026-05-16T14:12:39Z,PORTE-C,R55896222,ABONNEMENT,OK
TKT64597499395,2026-05-16T14:12:39Z,PORTE-D,R59972270,UNITE,OK
TKT97178013413,2026-05-16T14:12:40Z,PORTE-A,R55924018,ABONNEMENT,OK
TKT11388051998,2026-05-16T14:12:41Z,VIP-EST,R51465257,ABONNEMENT,OK
TKT69125641904,2026-05-16T14:12:41Z,PORTE-C,R58921243,UNITE,OK
TKT16053101454,2026-05-16T14:12:41Z,PORTE-B,R51040860,UNITE,OK
TKT82541544492,2026-05-16T14:12:41Z,PORTE-D,R57124473,GROUPE,OK
TKT68098461508,2026-05-16T14:12:42Z,PORTE-C,R54373540,ABONNEMENT,OK
TKT22379161330,2026-05-16T14:12:42Z,PORTE-D,R54545113,UNITE,OK
TKT13083239564,2026-05-16T14:12:44Z,PORTE-D,R55742905,GROUPE,OK
TKT90637399635,2026-05-16T14:12:45Z,PORTE-B,R56681418,ABONNEMENT,OK
TKT23340967845,2026-05-16T14:12:47Z,VIP-EST,R56937106,UNITE,OK
TKT72781492705,2026-05-16T14:12:48Z,PORTE-B,R52088276,ABONNEMENT,OK
TKT30529900279,2026-05-16T14:12:48Z,PORTE-C,R59132192,UNITE,OK
TKT17328189748,2026-05-16T14:12:50Z,PORTE-D,R55682630,UNITE,OK
TKT14462410396,2026-05-16T14:12:50Z,PORTE-C,R52735460,UNITE,OK
TKT97205167753,2026-05-16T14:12:51Z,VIP-EST,,UNITE,OK
TKT63135285459,2026-05-16T14:12:51Z,PORTE-D,R51631926,UNITE,REFUSE_INVALIDE
TKT97714875733,2026-05-16T14:12:54Z,PORTE-D,R54914129,UNITE,OK
TKT78804102781,2026-05-16T14:12:54Z,PORTE-C,R58427711,UNITE,OK
TKT11681500793,2026-05-16T14:12:55Z,PORTE-C,,UNITE,OK
TKT94822203349,2026-05-16T14:12:55Z,PORTE-D,R55582309,UNITE,OK
TKT97610380707,2026-05-16T14:12:56Z,PORTE-A,,UNITE,OK
TKT81564576959,2026-05-16T14:12:58Z,VIP-EST,R52420656,UNITE,OK
TKT34446855077,2026-05-16T14:13:00Z,PORTE-A,R56373692,ABONNEMENT,OK
TKT71250111657,2026-05-16T14:13:01Z,PORTE-D,R56374573,UNITE,OK
TKT48763088139,2026-05-16T14:13:02Z,PORTE-D,R58369955,UNITE,OK
TKT66724717885,2026-05-16T14:13:03Z,PORTE-C,R56003430,UNITE,OK
TKT43836668615,2026-05-16T14:13:03Z,PORTE-D,R57847411,UNITE,OK
TKT23921904021,2026-05-16T14:13:04Z,PORTE-C,R56502345,ABONNEMENT,OK
TKT52803134447,2026-05-16T14:13:04Z,VIP-EST,R58940859,VIP,OK
TKT85992769263,2026-05-16T14:13:06Z,PORTE-D,R54497835,UNITE,REFUSE_DEJA_SCANNE
TKT30614440739,2026-05-16T14:13:07Z,PORTE-D,R57988947,UNITE,OK
TKT65656945837,2026-05-16T14:13:08Z,PORTE-D,R57109158,ABONNEMENT,OK
TKT26782531554,2026-05-16T14:13:08Z,PORTE-C,R58464022,UNITE,OK
TKT54225089428,2026-05-16T14:13:08Z,PORTE-C,R51059518,UNITE,OK
TKT97075289689,2026-05-16T14:13:08Z,VIP-EST,R56985935,UNITE,OK
TKT92536110887,2026-05-16T14:13:08Z,PORTE-D,R55034143,UNITE,OK
TKT77280545887,2026-05-16T14:13:09Z,PORTE-D,R52961801,ABONNEMENT,OK
TKT40167932789,2026-05-16T14:13:10Z,VIP-EST,R57057857,ABONNEMENT,OK
TKT95528471236,2026-05-16T14:13:10Z,PORTE-C,,UNITE,OK
TKT28269618198,2026-05-16T14:13:11Z,PORTE-C,R53900170,UNITE,OK
TKT86216931387,2026-05-16T14:13:11Z,PORTE-B,R58581651,UNITE,OK
TKT16427519686,2026-05-16T14:13:11Z,PORTE-C,,UNITE,OK
TKT61735104590,2026-05-16T14:13:12Z,PORTE-C,R51418257,UNITE,OK
TKT90467971792,2026-05-16T14:13:13Z,PORTE-B,R52377200,ABONNEMENT,OK
TKT57579837553,2026-05-16T14:13:13Z,PORTE-C,R59326570,ABONNEMENT,OK
TKT76265148674,2026-05-16T14:13:13Z,PORTE-D,R57715539,UNITE,OK
TKT69748060605,2026-05-16T14:13:14Z,PORTE-C,R58179992,UNITE,OK
TKT71291822038,2026-05-16T14:13:14Z,PORTE-C,R56405970,UNITE,OK
TKT77889095670,2026-05-16T14:13:17Z,PORTE-C,R55733643,ABONNEMENT,OK
TKT35556875989,2026-05-16T14:13:17Z,PORTE-D,R56506368,UNITE,OK
TKT37324886882,2026-05-16T14:13:18Z,PORTE-B,R53031884,ABONNEMENT,OK
TKT82246675794,2026-05-16T14:13:18Z,PORTE-D,R51244577,UNITE,OK
TKT59406977302,2026-05-16T14:13:18Z,VIP-EST,R57220848,UNITE,OK
TKT56004849456,2026-05-16T14:13:19Z,VIP-EST,R58611276,ABONNEMENT,OK
TKT83984857568,2026-05-16T14:13:20Z,VIP-EST,,VIP,OK
TKT56866306226,2026-05-16T14:13:20Z,PORTE-A,,GROUPE,OK
TKT41924059061,2026-05-16T14:13:21Z,PORTE-A,R52817334,UNITE,OK
TKT80962617871,2026-05-16T14:13:21Z,PORTE-A,R56039195,UNITE,OK
TKT89799674175,2026-05-16T14:13:22Z,PORTE-D,R54992057,ABONNEMENT,OK
TKT10468410578,2026-05-16T14:13:22Z,PORTE-D,R57933154,ABONNEMENT,OK
TKT66829769178,2026-05-16T14:13:23Z,VIP-EST,R54831250,ABONNEMENT,OK
TKT33553038266,2026-05-16T14:13:23Z,PORTE-C,R52506131,INVITATION,OK
TKT20147560375,2026-05-16T14:13:24Z,PORTE-C,R51201600,UNITE,OK
TKT21191570420,2026-05-16T14:13:24Z,PORTE-B,,UNITE,OK
TKT24549425320,2026-05-16T14:13:25Z,PORTE-D,R57499428,ABONNEMENT,OK
TKT60394099592,2026-05-16T14:13:25Z,PORTE-C,R58261722,ABONNEMENT,OK
TKT56242939809,2026-05-16T14:13:25Z,PORTE-D,,UNITE,OK
TKT94352008170,2026-05-16T14:13:26Z,PORTE-B,R53046596,UNITE,OK
TKT71818287989,2026-05-16T14:13:26Z,PORTE-D,R53987896,UNITE,OK
TKT19869689207,2026-05-16T14:13:27Z,PORTE-C,R58342983,INVITATION,OK
TKT20048375065,2026-05-16T14:13:27Z,VIP-EST,R53644472,UNITE,OK
TKT18394530357,2026-05-16T14:13:28Z,VIP-EST,R59990114,UNITE,OK
TKT21054079187,2026-05-16T14:13:30Z,PORTE-C,R54690327,UNITE,OK
TKT15896522353,2026-05-16T14:13:31Z,VIP-EST,R53797933,ABONNEMENT,OK
TKT57909565342,2026-05-16T14:13:31Z,PORTE-C,R56656620,UNITE,OK
TKT30749995809,2026-05-16T14:13:31Z,PORTE-A,R55799234,UNITE,OK
TKT31592566747,2026-05-16T14:13:32Z,PORTE-D,R58298981,UNITE,OK
TKT85771370268,2026-05-16T14:13:35Z,PORTE-C,R57193953,GROUPE,OK
TKT52952975464,2026-05-16T14:13:35Z,VIP-EST,,UNITE,OK
TKT93597961736,2026-05-16T14:13:36Z,VIP-EST,R52505049,UNITE,OK
TKT94832197988,2026-05-16T14:13:36Z,PORTE-C,R52035146,UNITE,OK
TKT10561692660,2026-05-16T14:13:39Z,PORTE-C,R59457283,UNITE,OK
TKT82651367972,2026-05-16T14:13:40Z,PORTE-C,R52497616,ABONNEMENT,OK
TKT15897258596,2026-05-16T14:13:42Z,PORTE-C,R51040036,UNITE,OK
TKT23275828786,2026-05-16T14:13:43Z,PORTE-A,R54308830,ABONNEMENT,OK
TKT34837089538,2026-05-16T14:13:43Z,PORTE-D,R58989085,ABONNEMENT,OK
TKT55169316446,2026-05-16T14:13:43Z,PORTE-D,R57927034,UNITE,OK
TKT39454816231,2026-05-16T14:13:44Z,PORTE-A,R57299992,ABONNEMENT,OK
TKT81924515766,2026-05-16T14:13:44Z,PORTE-C,R59555229,UNITE,OK
TKT30352625316,2026-05-16T14:13:44Z,PORTE-B,R52332183,UNITE,OK
TKT24741446311,2026-05-16T14:13:45Z,PORTE-B,R53558116,ABONNEMENT,OK
TKT78501264239,2026-05-16T14:13:46Z,PORTE-A,R51159849,ABONNEMENT,OK
TKT23741748777,2026-05-16T14:13:46Z,PORTE-D,R59550737,UNITE,OK
TKT61724575502,2026-05-16T14:13:46Z,PORTE-D,R53469231,UNITE,OK
TKT71394817668,2026-05-16T14:13:47Z,PORTE-A,R55242084,UNITE,OK
TKT59332683384,2026-05-16T14:13:47Z,PORTE-D,R51801382,UNITE,OK
TKT43523206009,2026-05-16T14:13:49Z,PORTE-D,R55874154,ABONNEMENT,OK
TKT99528380491,2026-05-16T14:13:50Z,PORTE-C,R57243673,ABONNEMENT,OK
TKT29995324190,2026-05-16T14:13:50Z,PMR-NORD,R55385737,ABONNEMENT,OK
TKT92691747769,2026-05-16T14:13:51Z,PORTE-C,R59082328,ABONNEMENT,OK
TKT35348123815,2026-05-16T14:13:51Z,PORTE-D,R55570250,INVITATION,OK
TKT30455849242,2026-05-16T14:13:52Z,PORTE-C,R56761376,UNITE,OK
TKT32873413328,2026-05-16T14:13:53Z,VIP-EST,R52616615,ABONNEMENT,OK
TKT19295173270,2026-05-16T14:13:54Z,PORTE-A,R58215144,ABONNEMENT,OK
TKT53616052226,2026-05-16T14:13:54Z,VIP-EST,R53312025,VIP,OK
TKT18115654007,2026-05-16T14:13:55Z,PORTE-B,R51121843,UNITE,OK
TKT61075986568,2026-05-16T14:13:56Z,PORTE-D,R52097059,ABONNEMENT,REFUSE_DEJA_SCANNE
TKT86017400673,2026-05-16T14:13:56Z,PORTE-C,R52496457,UNITE,OK
TKT71878621870,2026-05-16T14:13:57Z,PORTE-D,R54708851,ABONNEMENT,OK
TKT48921237060,2026-05-16T14:13:57Z,VIP-EST,R51301251,ABONNEMENT,OK
TKT66069739158,2026-05-16T14:13:57Z,PORTE-C,R53952677,ABONNEMENT,OK
TKT48998604876,2026-05-16T14:13:57Z,PORTE-C,R58722430,ABONNEMENT,OK
TKT48970193689,2026-05-16T14:13:57Z,PORTE-D,R58470832,UNITE,OK
TKT71093581444,2026-05-16T14:13:57Z,PORTE-D,R53076087,UNITE,OK
TKT41211197144,2026-05-16T14:13:58Z,PORTE-D,R55903387,ABONNEMENT,OK
TKT27519738431,2026-05-16T14:13:58Z,PORTE-C,R55255436,ABONNEMENT,OK
TKT78083785778,2026-05-16T14:13:58Z,PORTE-C,R57912801,UNITE,OK
TKT65730089518,2026-05-16T14:13:59Z,PORTE-A,,UNITE,OK
TKT22770561000,2026-05-16T14:14:00Z,VIP-EST,R58548951,ABONNEMENT,OK
TKT15131340458,2026-05-16T14:14:01Z,VIP-EST,R59067827,ABONNEMENT,OK
TKT70267804459,2026-05-16T14:14:01Z,PMR-NORD,,UNITE,OK
TKT98829569826,2026-05-16T14:14:02Z,PORTE-D,R52656517,UNITE,OK
TKT88138940363,2026-05-16T14:14:04Z,PORTE-A,R59533707,ABONNEMENT,OK
TKT17089333686,2026-05-16T14:14:05Z,VIP-EST,R51046645,ABONNEMENT,OK
TKT42027836806,2026-05-16T14:14:06Z,VIP-EST,R55146399,ABONNEMENT,OK
TKT92359868445,2026-05-16T14:14:06Z,PORTE-A,R53064095,ABONNEMENT,OK
TKT78390861078,2026-05-16T14:14:07Z,PORTE-C,R54844793,ABONNEMENT,OK
TKT44410309398,2026-05-16T14:14:07Z,PORTE-A,,GROUPE,OK
TKT16893314889,2026-05-16T14:14:07Z,PORTE-D,,UNITE,OK
TKT67469114311,2026-05-16T14:14:08Z,VIP-EST,R53605987,ABONNEMENT,OK
TKT17511691424,2026-05-16T14:14:09Z,PORTE-A,R55766822,ABONNEMENT,OK
TKT16760036835,2026-05-16T14:14:12Z,PORTE-D,R58953732,UNITE,OK
TKT99253119158,2026-05-16T14:14:13Z,PORTE-A,R55482112,ABONNEMENT,REFUSE_DEJA_SCANNE
TKT51167584058,2026-05-16T14:14:13Z,PORTE-A,R56863948,ABONNEMENT,OK
TKT15427150296,2026-05-16T14:14:14Z,PORTE-D,R58147915,ABONNEMENT,OK
TKT38947644892,2026-05-16T14:14:14Z,PORTE-D,R51905391,UNITE,OK
TKT56532337872,2026-05-16T14:14:15Z,PORTE-D,,GROUPE,OK
TKT82146288707,2026-05-16T14:14:16Z,PORTE-D,R53273128,UNITE,OK
TKT57460747871,2026-05-16T14:14:16Z,PORTE-D,,UNITE,OK
TKT65976595618,2026-05-16T14:14:17Z,PORTE-A,R57601320,ABONNEMENT,OK
TKT55735377578,2026-05-16T14:14:17Z,PORTE-C,R51061702,UNITE,OK
TKT68382017209,2026-05-16T14:14:17Z,PORTE-D,R54229341,UNITE,OK
TKT17071902066,2026-05-16T14:14:17Z,PORTE-B,,UNITE,OK
TKT19216077385,2026-05-16T14:14:18Z,PORTE-D,R52291045,UNITE,OK
TKT94352096496,2026-05-16T14:14:19Z,PORTE-C,R54836288,ABONNEMENT,OK
TKT79575062331,2026-05-16T14:14:19Z,PORTE-B,,INVITATION,OK
TKT48134091001,2026-05-16T14:14:20Z,PORTE-D,R53544697,UNITE,OK
TKT19183952056,2026-05-16T14:14:20Z,PORTE-D,R59632256,UNITE,OK
TKT54736039492,2026-05-16T14:14:20Z,PORTE-D,R56859121,UNITE,OK
TKT90455630420,2026-05-16T14:14:21Z,PORTE-A,R58196074,ABONNEMENT,OK
TKT28243532084,2026-05-16T14:14:21Z,PORTE-C,,GROUPE,OK
TKT85357402691,2026-05-16T14:14:22Z,PORTE-D,R57359329,UNITE,OK
TKT91767209615,2026-05-16T14:14:23Z,PORTE-C,R56474559,UNITE,OK
TKT68259927911,2026-05-16T14:14:24Z,PORTE-D,R58401975,GROUPE,OK
TKT61974134435,2026-05-16T14:14:24Z,PORTE-D,R53827223,UNITE,OK
TKT53601385444,2026-05-16T14:14:24Z,PORTE-D,,UNITE,OK
TKT67409172748,2026-05-16T14:14:24Z,PORTE-D,R52330411,UNITE,OK
TKT46991372654,2026-05-16T14:14:25Z,PORTE-A,R51710055,ABONNEMENT,OK
TKT88958764878,2026-05-16T14:14:25Z,PORTE-D,R57411568,ABONNEMENT,OK
TKT57499018572,2026-05-16T14:14:27Z,VIP-EST,R59198185,UNITE,OK
TKT68839229014,2026-05-16T14:14:27Z,PORTE-D,,UNITE,OK
TKT74181263395,2026-05-16T14:14:28Z,VIP-EST,R59371329,UNITE,OK
TKT85750115525,2026-05-16T14:14:28Z,PORTE-A,R52376386,UNITE,OK
TKT30441748116,2026-05-16T14:14:29Z,PORTE-D,R58584840,UNITE,OK
TKT14449922242,2026-05-16T14:14:31Z,PORTE-A,R54037137,ABONNEMENT,OK
TKT13298422212,2026-05-16T14:14:32Z,PORTE-D,R55460590,UNITE,OK
TKT69972235464,2026-05-16T14:14:33Z,PORTE-C,R55025628,ABONNEMENT,OK
TKT52327947673,2026-05-16T14:14:33Z,VIP-EST,R55794541,UNITE,OK
TKT82059744311,2026-05-16T14:14:34Z,PORTE-A,R53941509,ABONNEMENT,OK
TKT98286977742,2026-05-16T14:14:34Z,PORTE-C,R58795032,ABONNEMENT,OK
TKT82253023199,2026-05-16T14:14:34Z,PORTE-D,,GROUPE,OK
TKT10098040615,2026-05-16T14:14:36Z,PORTE-C,R55266001,ABONNEMENT,OK
TKT86896409192,2026-05-16T14:14:37Z,PORTE-C,R52892455,ABONNEMENT,OK
TKT47702622901,2026-05-16T14:14:37Z,VIP-EST,R58148873,VIP,OK
TKT41825064985,2026-05-16T14:14:37Z,PORTE-A,R58020076,UNITE,OK
TKT59061955512,2026-05-16T14:14:38Z,PORTE-D,R57894411,ABONNEMENT,OK
TKT92739041455,2026-05-16T14:14:38Z,VIP-EST,R59579270,ABONNEMENT,OK
TKT51256905815,2026-05-16T14:14:38Z,PORTE-C,R57798294,ABONNEMENT,OK
TKT75782540220,2026-05-16T14:14:39Z,PORTE-C,R53913780,ABONNEMENT,OK
TKT32900177277,2026-05-16T14:14:39Z,PORTE-D,,INVITATION,OK
TKT17697324869,2026-05-16T14:14:39Z,PORTE-C,R56683391,UNITE,OK
TKT11390189242,2026-05-16T14:14:40Z,VIP-EST,R57236049,ABONNEMENT,OK
TKT23960208334,2026-05-16T14:14:40Z,PORTE-C,R57550786,UNITE,OK
TKT83146469563,2026-05-16T14:14:41Z,PORTE-D,R56616842,UNITE,OK
TKT68069380703,2026-05-16T14:14:42Z,PORTE-C,R52007360,UNITE,OK
TKT91658453099,2026-05-16T14:14:44Z,PORTE-C,R55048999,ABONNEMENT,OK
TKT54570656246,2026-05-16T14:14:44Z,PORTE-C,R51325081,ABONNEMENT,OK
TKT40527955898,2026-05-16T14:14:45Z,PORTE-C,R53600949,ABONNEMENT,OK
TKT19912081843,2026-05-16T14:14:45Z,PORTE-C,R51564295,UNITE,OK
TKT44896901208,2026-05-16T14:14:46Z,VIP-EST,R55546008,ABONNEMENT,OK
TKT41590662451,2026-05-16T14:14:47Z,VIP-EST,R53985779,ABONNEMENT,OK
TKT98116772242,2026-05-16T14:14:47Z,PORTE-C,,UNITE,REFUSE_DEJA_SCANNE
TKT59052200901,2026-05-16T14:14:47Z,PORTE-C,R51231982,UNITE,OK
TKT45614574475,2026-05-16T14:14:48Z,VIP-EST,R54378990,ABONNEMENT,OK
TKT16005152726,2026-05-16T14:14:48Z,PORTE-A,R55267907,ABONNEMENT,OK
TKT44569081314,2026-05-16T14:14:48Z,PMR-NORD,R56684004,ABONNEMENT,OK
TKT23580379291,2026-05-16T14:14:48Z,VIP-EST,R52264619,UNITE,OK
TKT74805053178,2026-05-16T14:14:49Z,PORTE-B,R54396077,UNITE,OK
TKT28567139151,2026-05-16T14:14:51Z,VIP-EST,R59446795,VIP,OK
TKT22580594724,2026-05-16T14:14:52Z,PORTE-D,R58094517,UNITE,OK
TKT20427790052,2026-05-16T14:14:52Z,PORTE-C,R52286275,UNITE,OK
TKT54408868635,2026-05-16T14:14:53Z,PORTE-C,R58042958,ABONNEMENT,OK
TKT23919889236,2026-05-16T14:14:53Z,PORTE-A,R56615693,UNITE,OK
TKT84356864679,2026-05-16T14:14:54Z,VIP-EST,R57966802,UNITE,OK
TKT65803189346,2026-05-16T14:14:55Z,PORTE-D,R59245051,ABONNEMENT,OK
TKT75101045427,2026-05-16T14:14:55Z,PORTE-C,R57067943,ABONNEMENT,OK
TKT73453155286,2026-05-16T14:14:55Z,PORTE-C,R52664295,UNITE,OK
TKT88964764314,2026-05-16T14:14:57Z,PORTE-C,R52257866,ABONNEMENT,OK
TKT55389894131,2026-05-16T14:14:58Z,PORTE-A,R56794746,ABONNEMENT,OK
TKT34343259136,2026-05-16T14:14:59Z,PORTE-D,R54354336,UNITE,OK
TKT36973539931,2026-05-16T14:14:59Z,VIP-EST,R53584944,INVITATION,OK
TKT63954950576,2026-05-16T14:15:00Z,PORTE-D,R58661887,ABONNEMENT,OK
TKT83716079373,2026-05-16T14:15:01Z,PORTE-D,R55844606,ABONNEMENT,OK
TKT15142320046,2026-05-16T14:15:01Z,PORTE-D,R51240286,ABONNEMENT,OK
TKT51349974323,2026-05-16T14:15:03Z,PORTE-C,R52262847,ABONNEMENT,OK
TKT93163731033,2026-05-16T14:15:04Z,PORTE-C,R51008103,ABONNEMENT,OK
TKT76883348892,2026-05-16T14:15:06Z,PORTE-D,R52827420,ABONNEMENT,REFUSE_DEJA_SCANNE
TKT17989694660,2026-05-16T14:15:06Z,PORTE-D,R53079152,UNITE,OK
TKT83289738077,2026-05-16T14:15:07Z,PORTE-A,R57657180,ABONNEMENT,OK
TKT43311293246,2026-05-16T14:15:07Z,PORTE-A,,UNITE,OK
TKT75314444960,2026-05-16T14:15:08Z,PORTE-C,R57932005,ABONNEMENT,OK
TKT99225778112,2026-05-16T14:15:10Z,PORTE-C,,UNITE,OK
TKT36400801462,2026-05-16T14:15:11Z,PORTE-C,R53039307,ABONNEMENT,OK
TKT70233184970,2026-05-16T14:15:11Z,PORTE-D,R54220893,UNITE,OK
TKT39652796522,2026-05-16T14:15:14Z,PORTE-A,R53540607,ABONNEMENT,OK
TKT33875816256,2026-05-16T14:15:15Z,PORTE-A,,GROUPE,OK
TKT54827231635,2026-05-16T14:15:15Z,VIP-EST,R53258895,VIP,OK
TKT19998466783,2026-05-16T14:15:17Z,PORTE-D,R52995439,UNITE,OK
TKT89081455279,2026-05-16T14:15:18Z,PORTE-C,R52074043,ABONNEMENT,OK
TKT90495663705,2026-05-16T14:15:18Z,PORTE-B,R51693159,UNITE,OK
TKT91700490838,2026-05-16T14:15:19Z,PORTE-C,R51597062,ABONNEMENT,OK
TKT31854016688,2026-05-16T14:15:20Z,PORTE-C,R51142752,ABONNEMENT,OK
TKT89694072646,2026-05-16T14:15:20Z,PORTE-C,,UNITE,OK
TKT74251261113,2026-05-16T14:15:20Z,PORTE-D,,UNITE,OK
TKT82706533874,2026-05-16T14:15:21Z,PORTE-C,R52512338,ABONNEMENT,REFUSE_DEJA_SCANNE
TKT59138120717,2026-05-16T14:15:22Z,PORTE-D,R58578710,UNITE,OK
TKT42361990702,2026-05-16T14:15:23Z,PORTE-C,R55570595,ABONNEMENT,OK
TKT85887516163,2026-05-16T14:15:23Z,PORTE-C,R53837165,ABONNEMENT,OK
TKT47822623746,2026-05-16T14:15:23Z,PORTE-D,R56969729,UNITE,OK
TKT99610850644,2026-05-16T14:15:23Z,PORTE-D,,UNITE,OK
TKT28814731327,2026-05-16T14:15:23Z,VIP-EST,,VIP,OK
TKT52376217030,2026-05-16T14:15:24Z,PORTE-C,R51245803,ABONNEMENT,OK
TKT38277425772,2026-05-16T14:15:25Z,PORTE-A,R55789359,ABONNEMENT,OK
TKT84251387124,2026-05-16T14:15:25Z,PORTE-A,R58472671,INVITATION,OK
TKT80040587186,2026-05-16T14:15:26Z,PORTE-A,R59390255,ABONNEMENT,OK
TKT49672429615,2026-05-16T14:15:26Z,PORTE-A,R55440907,UNITE,OK
TKT66129907520,2026-05-16T14:15:26Z,PORTE-A,R55182422,UNITE,REFUSE_DEJA_SCANNE
TKT24142318780,2026-05-16T14:15:27Z,PORTE-C,R55092512,ABONNEMENT,OK
TKT15416420166,2026-05-16T14:15:27Z,PORTE-C,R57941468,UNITE,OK
TKT29490765414,2026-05-16T14:15:28Z,PORTE-C,,UNITE,OK
TKT81815020515,2026-05-16T14:15:28Z,PORTE-B,R53277429,UNITE,OK
TKT83153538973,2026-05-16T14:15:29Z,VIP-EST,R53019145,UNITE,OK
TKT10715037338,2026-05-16T14:15:29Z,PORTE-C,R52655301,UNITE,OK
TKT41166974275,2026-05-16T14:15:29Z,PORTE-C,R55086928,UNITE,OK
TKT29678929725,2026-05-16T14:15:31Z,PORTE-D,R58358586,ABONNEMENT,OK
TKT47392548344,2026-05-16T14:15:31Z,VIP-EST,R54494904,ABONNEMENT,OK
TKT25956237865,2026-05-16T14:15:32Z,PORTE-B,R55893770,ABONNEMENT,OK
TKT85023193468,2026-05-16T14:15:33Z,VIP-EST,R59425953,UNITE,OK
TKT99060515783,2026-05-16T14:15:34Z,PORTE-D,R51486099,UNITE,OK
TKT26985978926,2026-05-16T14:15:35Z,PORTE-D,R59367507,UNITE,OK
TKT46620357626,2026-05-16T14:15:36Z,PORTE-D,R54405071,UNITE,OK
TKT80083743140,2026-05-16T14:15:37Z,PORTE-C,R54972029,ABONNEMENT,OK
TKT90936331055,2026-05-16T14:15:37Z,PORTE-D,R53518405,UNITE,OK
TKT15506262516,2026-05-16T14:15:37Z,VIP-EST,R57621817,UNITE,OK
TKT35609696514,2026-05-16T14:15:38Z,PORTE-B,R55737666,UNITE,OK
TKT29279970328,2026-05-16T14:15:38Z,PORTE-A,R53984486,UNITE,OK
TKT86074356126,2026-05-16T14:15:38Z,PORTE-D,R53028005,UNITE,OK
TKT44803282227,2026-05-16T14:15:39Z,PORTE-D,,UNITE,OK
TKT65457171896,2026-05-16T14:15:39Z,PORTE-C,R58728081,UNITE,OK
TKT25074993735,2026-05-16T14:15:40Z,PORTE-D,,UNITE,OK
TKT47955328957,2026-05-16T14:15:41Z,PORTE-A,R58164466,ABONNEMENT,OK
TKT12878281619,2026-05-16T14:15:41Z,VIP-EST,R59733746,ABONNEMENT,OK
TKT77958201362,2026-05-16T14:15:41Z,PORTE-D,R55669211,UNITE,OK
TKT14560248171,2026-05-16T14:15:44Z,PORTE-A,R58321739,VIP,OK
TKT64815091757,2026-05-16T14:15:44Z,PORTE-D,R58434799,UNITE,REFUSE_INVALIDE
TKT41002062471,2026-05-16T14:15:44Z,PORTE-C,R56782151,GROUPE,OK
TKT19912081843,2026-05-16T14:15:45Z,PORTE-C,R51564295,UNITE,REFUSE_DEJA_SCANNE
TKT18839682644,2026-05-16T14:15:45Z,PORTE-D,R51017288,UNITE,OK
TKT33343179345,2026-05-16T14:15:46Z,PORTE-D,R58334679,ABONNEMENT,OK
TKT32151361496,2026-05-16T14:15:47Z,PORTE-C,R55381647,UNITE,OK
TKT87330679520,2026-05-16T14:15:47Z,PORTE-D,,UNITE,REFUSE_INVALIDE
TKT18016382975,2026-05-16T14:15:48Z,PORTE-C,R53264479,UNITE,OK
TKT49305408220,2026-05-16T14:15:49Z,VIP-EST,,GROUPE,OK
TKT10483717611,2026-05-16T14:15:50Z,VIP-EST,R51671704,ABONNEMENT,OK
TKT10747281530,2026-05-16T14:15:51Z,PORTE-A,R56569028,ABONNEMENT,OK
TKT39027822307,2026-05-16T14:15:51Z,PORTE-D,R52075336,UNITE,OK
TKT57906054577,2026-05-16T14:15:51Z,PORTE-D,R59118016,UNITE,OK
TKT21315217228,2026-05-16T14:15:51Z,PORTE-D,R57828944,GROUPE,OK
TKT21568845988,2026-05-16T14:15:52Z,VIP-EST,R55868714,ABONNEMENT,OK
TKT96683157835,2026-05-16T14:15:52Z,PORTE-D,,UNITE,OK
TKT94372088116,2026-05-16T14:15:53Z,PORTE-D,R53874481,UNITE,OK
TKT41837819624,2026-05-16T14:15:54Z,PORTE-D,R52086849,UNITE,OK
TKT90851131213,2026-05-16T14:15:54Z,PORTE-D,R52306226,UNITE,OK
TKT51270035365,2026-05-16T14:15:55Z,PORTE-C,R52734780,UNITE,OK
TKT64868040720,2026-05-16T14:15:55Z,PORTE-C,R57165745,UNITE,OK
TKT47917322116,2026-05-16T14:15:55Z,PORTE-C,,UNITE,OK
TKT20478852990,2026-05-16T14:15:56Z,PORTE-A,R51908466,ABONNEMENT,OK
TKT39108947668,2026-05-16T14:15:56Z,PORTE-C,R57375468,ABONNEMENT,OK
TKT56760689593,2026-05-16T14:15:57Z,PORTE-B,R52403358,ABONNEMENT,OK
TKT38196493971,2026-05-16T14:15:57Z,PORTE-A,R58900334,UNITE,OK
TKT38533237033,2026-05-16T14:15:58Z,PORTE-D,,INVITATION,OK
TKT55777799644,2026-05-16T14:15:59Z,PORTE-A,,INVITATION,OK
TKT77296715152,2026-05-16T14:15:59Z,PORTE-A,R55326410,UNITE,OK
TKT67640892162,2026-05-16T14:16:00Z,PORTE-D,R51213793,ABONNEMENT,OK
TKT16487581435,2026-05-16T14:16:01Z,PORTE-A,R53552110,UNITE,OK
TKT73488578390,2026-05-16T14:16:03Z,PORTE-C,R54470997,ABONNEMENT,OK
TKT44247446150,2026-05-16T14:16:03Z,PORTE-C,R58894827,UNITE,OK
TKT44956893986,2026-05-16T14:16:05Z,PORTE-C,R57078776,ABONNEMENT,OK
TKT18215767022,2026-05-16T14:16:05Z,PORTE-D,R53666952,ABONNEMENT,OK
TKT76868574164,2026-05-16T14:16:05Z,PORTE-D,R58932833,UNITE,OK
TKT93793784948,2026-05-16T14:16:05Z,PORTE-C,R57134080,UNITE,OK
TKT61265032720,2026-05-16T14:16:05Z,PORTE-B,R57245378,UNITE,OK
TKT58780407743,2026-05-16T14:16:06Z,PORTE-A,R56405089,ABONNEMENT,OK
TKT82727127958,2026-05-16T14:16:06Z,PORTE-D,R57124818,UNITE,OK
TKT13893482488,2026-05-16T14:16:08Z,PORTE-D,R55899096,UNITE,OK
TKT83739238823,2026-05-16T14:16:08Z,PORTE-C,R52141463,UNITE,OK
TKT77822324595,2026-05-16T14:16:08Z,PORTE-D,,UNITE,OK
TKT44997868284,2026-05-16T14:16:08Z,PORTE-D,R53783422,UNITE,OK
TKT20335031187,2026-05-16T14:16:09Z,PORTE-D,R51420240,ABONNEMENT,OK
TKT93206366807,2026-05-16T14:16:10Z,PORTE-B,R51642002,ABONNEMENT,OK
TKT20261049339,2026-05-16T14:16:10Z,VIP-EST,,GROUPE,OK
TKT67818658527,2026-05-16T14:16:10Z,PORTE-D,,UNITE,OK
TKT65702953606,2026-05-16T14:16:10Z,PORTE-D,R54974960,UNITE,OK
TKT43828988660,2026-05-16T14:16:11Z,PORTE-A,R53393889,ABONNEMENT,OK
TKT76037418224,2026-05-16T14:16:11Z,PORTE-C,R59883040,UNITE,OK
TKT70665622919,2026-05-16T14:16:11Z,PORTE-D,R54385800,UNITE,OK
TKT84139636806,2026-05-16T14:16:12Z,PORTE-B,R51648621,ABONNEMENT,OK
TKT48792523427,2026-05-16T14:16:12Z,PORTE-C,R58733263,ABONNEMENT,OK
TKT90106852462,2026-05-16T14:16:15Z,PORTE-C,,UNITE,OK
TKT23385852842,2026-05-16T14:16:15Z,PORTE-D,,UNITE,OK
TKT92389195732,2026-05-16T14:16:16Z,PORTE-C,R58058082,UNITE,OK
TKT42920151130,2026-05-16T14:16:17Z,PORTE-D,R59470836,UNITE,OK
TKT61380876078,2026-05-16T14:16:18Z,VIP-EST,R58141239,ABONNEMENT,OK
TKT68516958061,2026-05-16T14:16:18Z,VIP-EST,R54934224,ABONNEMENT,OK
TKT63003316540,2026-05-16T14:16:18Z,PORTE-C,R55824032,UNITE,OK
TKT83299547516,2026-05-16T14:16:18Z,PORTE-D,R51992983,UNITE,OK
TKT23971216245,2026-05-16T14:16:19Z,PORTE-D,R58497124,UNITE,OK
TKT18557380558,2026-05-16T14:16:22Z,PORTE-C,R52214966,ABONNEMENT,OK
TKT71530669393,2026-05-16T14:16:22Z,PORTE-C,R55586389,INVITATION,OK
TKT41053108645,2026-05-16T14:16:22Z,VIP-EST,R54181058,UNITE,OK
TKT58012511206,2026-05-16T14:16:22Z,PORTE-C,R59423300,UNITE,OK
TKT89333540133,2026-05-16T14:16:23Z,PORTE-D,R55413657,UNITE,OK
TKT32857385597,2026-05-16T14:16:23Z,PORTE-D,R58895564,UNITE,OK
TKT79103751978,2026-05-16T14:16:24Z,PORTE-D,R51177281,UNITE,OK
TKT67924685413,2026-05-16T14:16:25Z,VIP-EST,R54555256,ABONNEMENT,OK
TKT92461146163,2026-05-16T14:16:25Z,PORTE-B,R57430360,ABONNEMENT,OK
TKT50277898744,2026-05-16T14:16:25Z,VIP-EST,R52494618,VIP,OK
TKT95977812522,2026-05-16T14:16:27Z,VIP-EST,R57231959,ABONNEMENT,OK
TKT98145407219,2026-05-16T14:16:29Z,PORTE-B,R53405412,UNITE,OK
TKT11640193962,2026-05-16T14:16:30Z,PORTE-C,R59412802,ABONNEMENT,OK
TKT37294626931,2026-05-16T14:16:30Z,VIP-EST,R55905417,ABONNEMENT,OK
TKT65108037182,2026-05-16T14:16:30Z,PORTE-C,R59907024,UNITE,OK
TKT94964266417,2026-05-16T14:16:31Z,PORTE-B,R54544021,ABONNEMENT,OK
TKT15907179488,2026-05-16T14:16:31Z,PORTE-D,,UNITE,OK
TKT87652621172,2026-05-16T14:16:32Z,PORTE-A,R57246527,UNITE,OK
TKT87865853333,2026-05-16T14:16:33Z,VIP-EST,R51316308,ABONNEMENT,OK
TKT43844789642,2026-05-16T14:16:33Z,PORTE-A,,GROUPE,OK
TKT84507729625,2026-05-16T14:16:33Z,PORTE-C,R55284592,UNITE,OK
TKT39035214666,2026-05-16T14:16:34Z,VIP-EST,R55042802,ABONNEMENT,OK
TKT73809528556,2026-05-16T14:16:35Z,PORTE-B,R56657913,ABONNEMENT,OK
TKT92123258876,2026-05-16T14:16:35Z,PORTE-D,,GROUPE,OK
TKT57581477417,2026-05-16T14:16:35Z,PORTE-D,R55024201,UNITE,OK
TKT94797815512,2026-05-16T14:16:36Z,PORTE-D,R57364223,ABONNEMENT,OK
TKT22249716482,2026-05-16T14:16:36Z,PORTE-C,R54606001,INVITATION,OK
TKT83207511418,2026-05-16T14:16:37Z,VIP-EST,R53685476,UNITE,OK
TKT58607677504,2026-05-16T14:16:37Z,PORTE-C,R53512476,UNITE,OK
TKT95655014299,2026-05-16T14:16:39Z,PORTE-D,R59586626,ABONNEMENT,OK
TKT65855576584,2026-05-16T14:16:39Z,PORTE-B,R56642521,ABONNEMENT,OK
TKT29883429197,2026-05-16T14:16:41Z,PORTE-C,R58417424,UNITE,OK
TKT23850243993,2026-05-16T14:16:42Z,VIP-EST,R59737903,ABONNEMENT,OK
TKT46545470064,2026-05-16T14:16:42Z,PORTE-C,R57290194,UNITE,OK
TKT20337099860,2026-05-16T14:16:42Z,PORTE-C,,UNITE,OK
TKT83582721167,2026-05-16T14:16:42Z,PORTE-C,R52668653,UNITE,OK
TKT38821129554,2026-05-16T14:16:43Z,PORTE-C,R58106087,ABONNEMENT,OK
TKT66576483320,2026-05-16T14:16:44Z,PORTE-C,R52130563,UNITE,OK
TKT66089434772,2026-05-16T14:16:44Z,PORTE-D,R56106481,INVITATION,OK
TKT74873560838,2026-05-16T14:16:45Z,VIP-EST,R51133835,ABONNEMENT,OK
TKT61883262523,2026-05-16T14:16:46Z,PORTE-C,,GROUPE,OK
TKT43061853281,2026-05-16T14:16:47Z,PORTE-C,R54022693,UNITE,OK
TKT92101358025,2026-05-16T14:16:51Z,PORTE-C,R52300374,ABONNEMENT,OK
TKT85117025062,2026-05-16T14:16:51Z,PORTE-D,R54732825,UNITE,OK
TKT30706362928,2026-05-16T14:16:52Z,PORTE-B,R54226276,ABONNEMENT,OK
TKT70876531566,2026-05-16T14:16:52Z,PORTE-D,R52132891,UNITE,OK
TKT94766378589,2026-05-16T14:16:53Z,PORTE-C,R57745519,ABONNEMENT,OK
TKT29258557237,2026-05-16T14:16:53Z,PORTE-C,,UNITE,OK
TKT64631322931,2026-05-16T14:16:54Z,PORTE-D,,UNITE,OK
TKT91692120945,2026-05-16T14:16:55Z,PORTE-A,R59810304,ABONNEMENT,OK
TKT82040169098,2026-05-16T14:16:55Z,PORTE-C,R53178324,UNITE,OK
TKT43371982917,2026-05-16T14:16:55Z,PORTE-C,R53506748,UNITE,OK
TKT10175385840,2026-05-16T14:16:56Z,PORTE-C,R52956485,ABONNEMENT,OK
TKT48374141584,2026-05-16T14:16:56Z,PORTE-C,R55863331,UNITE,OK
TKT62509264821,2026-05-16T14:16:57Z,PORTE-D,R56959241,UNITE,OK
TKT28257367188,2026-05-16T14:16:58Z,PORTE-C,R54775390,ABONNEMENT,OK
TKT65817180658,2026-05-16T14:16:58Z,PORTE-B,R51779257,UNITE,OK
TKT57575991235,2026-05-16T14:16:59Z,PORTE-C,R54308629,UNITE,OK
TKT56808358661,2026-05-16T14:17:00Z,PORTE-D,R51978482,ABONNEMENT,OK
TKT89590397733,2026-05-16T14:17:00Z,PORTE-A,R58037230,ABONNEMENT,OK
TKT23354289255,2026-05-16T14:17:01Z,PORTE-D,R54690729,ABONNEMENT,OK
TKT30676068882,2026-05-16T14:17:02Z,PORTE-D,R57213770,UNITE,OK
TKT84491065745,2026-05-16T14:17:02Z,PORTE-C,R51312352,UNITE,OK
TKT46578117220,2026-05-16T14:17:05Z,PORTE-C,R57371033,ABONNEMENT,OK
TKT37651363483,2026-05-16T14:17:05Z,PORTE-C,R54696725,UNITE,OK
TKT26179076559,2026-05-16T14:17:06Z,PORTE-D,R51255477,ABONNEMENT,OK
TKT44223447880,2026-05-16T14:17:06Z,VIP-EST,R54293706,ABONNEMENT,OK
TKT29809812363,2026-05-16T14:17:07Z,VIP-EST,R53086853,ABONNEMENT,OK
TKT55764607226,2026-05-16T14:17:07Z,PORTE-D,R51276453,UNITE,OK
TKT17421656113,2026-05-16T14:17:07Z,VIP-EST,R51685257,UNITE,OK
TKT99540590223,2026-05-16T14:17:08Z,VIP-EST,R55505138,ABONNEMENT,OK
TKT69814043786,2026-05-16T14:17:08Z,VIP-EST,R55275186,UNITE,OK
TKT14348416093,2026-05-16T14:17:08Z,PORTE-D,R55809732,UNITE,OK
TKT83276862164,2026-05-16T14:17:08Z,PORTE-D,R55071737,UNITE,OK
TKT46131859441,2026-05-16T14:17:09Z,PORTE-D,R57649412,ABONNEMENT,OK
TKT22304754420,2026-05-16T14:17:09Z,PORTE-D,R57866002,UNITE,OK
TKT69277662921,2026-05-16T14:17:10Z,PORTE-C,R55589933,ABONNEMENT,OK
TKT88379321297,2026-05-16T14:17:10Z,PORTE-D,R57204508,INVITATION,OK
TKT95238218761,2026-05-16T14:17:11Z,PORTE-A,,UNITE,OK
TKT78031304034,2026-05-16T14:17:12Z,PORTE-A,,UNITE,OK
TKT13881698326,2026-05-16T14:17:13Z,VIP-EST,R51512669,ABONNEMENT,OK
TKT49512880796,2026-05-16T14:17:13Z,PORTE-D,R55737599,ABONNEMENT,OK
TKT65397061555,2026-05-16T14:17:13Z,PORTE-D,R59158685,UNITE,OK
TKT70041991030,2026-05-16T14:17:14Z,PORTE-C,R57328803,ABONNEMENT,OK
TKT34067807827,2026-05-16T14:17:15Z,PORTE-D,R58644110,ABONNEMENT,OK
TKT22795885187,2026-05-16T14:17:16Z,PORTE-A,R54583598,ABONNEMENT,OK
TKT62999511263,2026-05-16T14:17:16Z,PORTE-C,R57446978,UNITE,OK
TKT53854307283,2026-05-16T14:17:17Z,PORTE-D,R53290091,ABONNEMENT,OK
TKT91040629342,2026-05-16T14:17:18Z,PORTE-A,R56488936,INVITATION,OK
TKT96911183458,2026-05-16T14:17:18Z,PORTE-D,,UNITE,OK
TKT47269746043,2026-05-16T14:17:21Z,PORTE-B,R57910617,ABONNEMENT,OK
TKT69319074014,2026-05-16T14:17:21Z,PORTE-D,R55482725,UNITE,OK
TKT39773904949,2026-05-16T14:17:22Z,PORTE-D,R52260941,ABONNEMENT,OK
TKT89470776544,2026-05-16T14:17:22Z,PORTE-A,R54003556,UNITE,OK
TKT71466959190,2026-05-16T14:17:23Z,PORTE-C,R54477683,ABONNEMENT,OK
TKT80729344544,2026-05-16T14:17:24Z,PORTE-C,R55105462,ABONNEMENT,OK
TKT12504420198,2026-05-16T14:17:26Z,PORTE-C,R52207878,ABONNEMENT,OK
TKT30961528162,2026-05-16T14:17:26Z,PORTE-D,R59822286,INVITATION,OK
TKT44824023518,2026-05-16T14:17:26Z,PORTE-C,R55516651,UNITE,OK
TKT39452353497,2026-05-16T14:17:27Z,PORTE-B,R58750839,ABONNEMENT,OK
TKT41529700124,2026-05-16T14:17:28Z,PORTE-D,R52343820,UNITE,OK
TKT64491393918,2026-05-16T14:17:29Z,PORTE-C,R56118061,ABONNEMENT,OK
TKT75569902651,2026-05-16T14:17:30Z,PORTE-D,R53944641,ABONNEMENT,OK
TKT60324364964,2026-05-16T14:17:30Z,VIP-EST,R55599942,ABONNEMENT,OK
TKT21437625371,2026-05-16T14:17:30Z,PORTE-D,R56278878,UNITE,OK
TKT24931998026,2026-05-16T14:17:31Z,PORTE-C,R54841192,ABONNEMENT,OK
TKT58461945742,2026-05-16T14:17:31Z,PORTE-D,R57408704,UNITE,REFUSE_DEJA_SCANNE
TKT99835892991,2026-05-16T14:17:32Z,PORTE-A,R54205434,ABONNEMENT,OK
TKT85588176645,2026-05-16T14:17:32Z,PORTE-B,R56034693,ABONNEMENT,OK
TKT28826016452,2026-05-16T14:17:32Z,PORTE-C,R54281456,UNITE,OK
TKT62787176563,2026-05-16T14:17:33Z,PORTE-C,R55101305,ABONNEMENT,OK
TKT54163757171,2026-05-16T14:17:33Z,PORTE-B,,UNITE,OK
TKT77832286073,2026-05-16T14:17:34Z,PORTE-A,R51046645,UNITE,OK
TKT57052314502,2026-05-16T14:17:34Z,PORTE-D,,UNITE,OK
TKT36275036398,2026-05-16T14:17:34Z,VIP-EST,R51310178,VIP,OK
TKT38536267840,2026-05-16T14:17:35Z,PORTE-D,R55473185,UNITE,OK
TKT44360234177,2026-05-16T14:17:36Z,PORTE-C,R55830631,UNITE,OK
TKT93785247272,2026-05-16T14:17:39Z,PORTE-C,R59176596,ABONNEMENT,OK
TKT70794891447,2026-05-16T14:17:39Z,PORTE-C,R52425148,UNITE,OK
TKT41659101169,2026-05-16T14:17:39Z,PORTE-A,,UNITE,OK
TKT64280431998,2026-05-16T14:17:40Z,PORTE-D,R58311586,ABONNEMENT,OK
TKT73814024614,2026-05-16T14:17:42Z,VIP-EST,R57743804,ABONNEMENT,OK
TKT45053380443,2026-05-16T14:17:43Z,PORTE-A,R58707651,ABONNEMENT,OK
TKT16730394373,2026-05-16T14:17:43Z,PORTE-C,,UNITE,OK
TKT83458537534,2026-05-16T14:17:43Z,PORTE-D,,GROUPE,OK
TKT63824667438,2026-05-16T14:17:44Z,PORTE-C,R51623488,UNITE,OK
TKT86469188318,2026-05-16T14:17:45Z,PORTE-B,R52452810,ABONNEMENT,OK
TKT96041353809,2026-05-16T14:17:45Z,PORTE-C,R53363306,ABONNEMENT,OK
TKT17198874900,2026-05-16T14:17:45Z,PORTE-D,R51776527,UNITE,OK
TKT29128003051,2026-05-16T14:17:46Z,VIP-EST,R52947702,ABONNEMENT,OK
TKT26898206125,2026-05-16T14:17:48Z,PORTE-D,,UNITE,OK
TKT54951389299,2026-05-16T14:17:48Z,VIP-EST,R56420069,UNITE,OK
TKT21378244977,2026-05-16T14:17:49Z,PORTE-C,R56637828,ABONNEMENT,OK
TKT94527120535,2026-05-16T14:17:51Z,PORTE-A,R54265920,ABONNEMENT,OK
TKT97220173182,2026-05-16T14:17:52Z,PORTE-D,,UNITE,OK
TKT41168819784,2026-05-16T14:17:53Z,PORTE-B,R59884065,ABONNEMENT,OK
TKT74293499201,2026-05-16T14:17:54Z,PORTE-C,R51765081,ABONNEMENT,OK
TKT45500332988,2026-05-16T14:17:54Z,PORTE-A,R57225206,UNITE,OK
TKT63653206192,2026-05-16T14:17:55Z,PORTE-D,R51462805,ABONNEMENT,OK
TKT25907782657,2026-05-16T14:17:56Z,PORTE-D,R59673327,ABONNEMENT,OK
TKT61774876119,2026-05-16T14:17:56Z,PORTE-D,R55166484,UNITE,OK
TKT82101219118,2026-05-16T14:17:57Z,PORTE-D,R57057321,ABONNEMENT,OK
TKT58827369615,2026-05-16T14:17:57Z,PORTE-B,,UNITE,OK
TKT61202171550,2026-05-16T14:17:58Z,PORTE-B,R51879166,ABONNEMENT,OK
TKT72468836808,2026-05-16T14:17:58Z,PORTE-C,R54861756,UNITE,OK
TKT87871581791,2026-05-16T14:17:59Z,PORTE-C,R55433206,ABONNEMENT,OK
TKT29035138804,2026-05-16T14:18:01Z,PORTE-A,R56269482,ABONNEMENT,OK
TKT28075170699,2026-05-16T14:18:01Z,PORTE-A,R58275553,ABONNEMENT,OK
TKT64023317328,2026-05-16T14:18:01Z,PORTE-A,R55550902,ABONNEMENT,OK
TKT37000419129,2026-05-16T14:18:02Z,PORTE-D,R56177321,ABONNEMENT,OK
TKT81611658217,2026-05-16T14:18:03Z,PORTE-C,R54451592,ABONNEMENT,OK
TKT40934224965,2026-05-16T14:18:03Z,PORTE-D,R55132357,INVITATION,OK
TKT53360496180,2026-05-16T14:18:03Z,PORTE-D,,UNITE,OK
TKT88491587480,2026-05-16T14:18:04Z,PORTE-C,R57691297,UNITE,OK
TKT74397508451,2026-05-16T14:18:04Z,PORTE-B,,UNITE,OK
TKT93131105070,2026-05-16T14:18:04Z,VIP-EST,R51216523,VIP,OK
TKT16573337338,2026-05-16T14:18:05Z,PORTE-D,R51089699,UNITE,OK
TKT42501280879,2026-05-16T14:18:05Z,VIP-EST,R57883846,VIP,OK
TKT63563306249,2026-05-16T14:18:06Z,PORTE-A,R52776876,ABONNEMENT,OK
TKT86638129911,2026-05-16T14:18:06Z,PORTE-A,R57509571,ABONNEMENT,OK
TKT96463587248,2026-05-16T14:18:06Z,PORTE-C,R51137503,ABONNEMENT,OK
TKT56685094016,2026-05-16T14:18:06Z,PORTE-C,R56357687,UNITE,OK
TKT43251635022,2026-05-16T14:18:07Z,PORTE-C,R59233059,ABONNEMENT,OK
TKT19824642699,2026-05-16T14:18:07Z,PORTE-A,R53297102,ABONNEMENT,OK
TKT96879621275,2026-05-16T14:18:07Z,VIP-EST,R53968146,VIP,OK
TKT12107935419,2026-05-16T14:18:08Z,VIP-EST,R51937545,ABONNEMENT,OK
TKT69399816307,2026-05-16T14:18:09Z,PORTE-B,R56901006,ABONNEMENT,OK
TKT42845083386,2026-05-16T14:18:10Z,PORTE-D,R57481785,GROUPE,OK
TKT93095450046,2026-05-16T14:18:11Z,PORTE-B,R52377545,UNITE,OK
TKT55902299707,2026-05-16T14:18:12Z,PORTE-B,R55344254,ABONNEMENT,OK
TKT80911198750,2026-05-16T14:18:13Z,PORTE-B,R53134657,ABONNEMENT,REFUSE_DEJA_SCANNE
TKT36021651561,2026-05-16T14:18:13Z,PORTE-C,R53045849,INVITATION,OK
TKT88966800969,2026-05-16T14:18:16Z,PORTE-A,R52985574,ABONNEMENT,OK
TKT87847168665,2026-05-16T14:18:17Z,PORTE-C,R52500748,UNITE,OK
TKT45544958837,2026-05-16T14:18:19Z,VIP-EST,R54762450,ABONNEMENT,OK
TKT43434978854,2026-05-16T14:18:21Z,PORTE-C,R57204230,ABONNEMENT,OK
TKT59998687392,2026-05-16T14:18:23Z,PORTE-A,R59509733,ABONNEMENT,OK
TKT97052103676,2026-05-16T14:18:23Z,PORTE-C,R54869447,UNITE,OK
TKT32877244330,2026-05-16T14:18:25Z,PORTE-D,R59771618,ABONNEMENT,OK
TKT61242099753,2026-05-16T14:18:25Z,PORTE-B,R56919396,ABONNEMENT,REFUSE_DEJA_SCANNE
TKT76951944621,2026-05-16T14:18:26Z,PORTE-D,R59313506,UNITE,OK
TKT18227838996,2026-05-16T14:18:27Z,PORTE-D,,UNITE,OK
TKT22494335969,2026-05-16T14:18:27Z,PORTE-A,R54373952,UNITE,OK
TKT91227716094,2026-05-16T14:18:27Z,PORTE-D,R52227829,UNITE,OK
TKT13379700245,2026-05-16T14:18:28Z,PORTE-B,R55338191,ABONNEMENT,OK
TKT10531951184,2026-05-16T14:18:29Z,PORTE-A,R58492555,ABONNEMENT,OK
TKT18543674216,2026-05-16T14:18:29Z,PORTE-B,R51203640,ABONNEMENT,OK
TKT32930892307,2026-05-16T14:18:29Z,PORTE-D,,UNITE,OK
TKT28250940935,2026-05-16T14:18:29Z,PORTE-D,,UNITE,OK
TKT82174169532,2026-05-16T14:18:29Z,PORTE-C,R55031624,UNITE,OK
TKT37690572384,2026-05-16T14:18:30Z,PORTE-C,R56301224,UNITE,OK
TKT42912514562,2026-05-16T14:18:31Z,PORTE-C,R53301403,ABONNEMENT,OK
TKT17099309198,2026-05-16T14:18:32Z,PORTE-B,R56019780,ABONNEMENT,OK
TKT60035760089,2026-05-16T14:18:32Z,PORTE-D,R55673569,UNITE,OK
TKT93140265937,2026-05-16T14:18:33Z,PORTE-C,R59319425,ABONNEMENT,OK
TKT25620831962,2026-05-16T14:18:33Z,PORTE-C,R59171759,ABONNEMENT,OK
TKT97524600740,2026-05-16T14:18:33Z,PORTE-A,R59172439,ABONNEMENT,OK
TKT95214870647,2026-05-16T14:18:33Z,PORTE-D,,INVITATION,OK
TKT46968651899,2026-05-16T14:18:34Z,PORTE-A,R55182566,ABONNEMENT,OK
TKT58196622903,2026-05-16T14:18:34Z,PORTE-D,R51342801,UNITE,OK
TKT54036575477,2026-05-16T14:18:34Z,PORTE-B,R59127623,UNITE,OK
TKT58093394528,2026-05-16T14:18:36Z,PORTE-D,R52110143,GROUPE,OK
TKT13710519669,2026-05-16T14:18:37Z,PORTE-B,R57954341,ABONNEMENT,OK
TKT99643611941,2026-05-16T14:18:38Z,PORTE-C,R52124577,ABONNEMENT,OK
TKT66834774861,2026-05-16T14:18:38Z,PORTE-D,R57457265,ABONNEMENT,OK
TKT83000699153,2026-05-16T14:18:38Z,PORTE-D,R55424021,UNITE,OK
TKT92680137960,2026-05-16T14:18:38Z,PORTE-D,R51731500,UNITE,OK
TKT11390101890,2026-05-16T14:18:39Z,PORTE-D,R59834824,UNITE,OK
TKT38919199683,2026-05-16T14:18:41Z,PORTE-D,R54590264,UNITE,OK
TKT12783668812,2026-05-16T14:18:42Z,PORTE-A,R57415169,ABONNEMENT,OK
TKT63928903597,2026-05-16T14:18:42Z,VIP-EST,R55220562,VIP,OK
TKT66510877696,2026-05-16T14:18:42Z,PORTE-D,R57168341,UNITE,OK
TKT77467264654,2026-05-16T14:18:43Z,VIP-EST,R52661910,INVITATION,OK
TKT59821274847,2026-05-16T14:18:43Z,PORTE-B,R56056225,UNITE,OK
TKT59384846206,2026-05-16T14:18:43Z,VIP-EST,R57111811,UNITE,OK
TKT76946535810,2026-05-16T14:18:44Z,VIP-EST,R56657779,UNITE,OK
TKT93096417969,2026-05-16T14:18:45Z,VIP-EST,R57038720,ABONNEMENT,OK
TKT19254895832,2026-05-16T14:18:45Z,PORTE-D,,INVITATION,OK
TKT98997827289,2026-05-16T14:18:46Z,VIP-EST,R53392194,VIP,OK
TKT77994206297,2026-05-16T14:18:47Z,PORTE-D,,UNITE,OK
TKT33941425528,2026-05-16T14:18:48Z,PORTE-C,R55467132,UNITE,OK
TKT23960948850,2026-05-16T14:18:48Z,PORTE-D,R53860660,UNITE,OK
TKT78577110441,2026-05-16T14:18:49Z,VIP-EST,R58238917,UNITE,OK
TKT24748741834,2026-05-16T14:18:50Z,PORTE-A,R51774075,UNITE,OK
TKT27700707024,2026-05-16T14:18:51Z,PORTE-A,R54229485,ABONNEMENT,OK
TKT67913994851,2026-05-16T14:18:51Z,PORTE-D,R59679390,ABONNEMENT,OK
TKT65502230048,2026-05-16T14:18:52Z,PORTE-D,R58584840,ABONNEMENT,OK
TKT42248433991,2026-05-16T14:18:52Z,PORTE-D,R51247441,UNITE,OK
TKT54680927424,2026-05-16T14:18:53Z,PORTE-B,R56619160,ABONNEMENT,OK
TKT63830418674,2026-05-16T14:18:54Z,PORTE-D,R51017911,ABONNEMENT,OK
TKT89754408542,2026-05-16T14:18:54Z,PORTE-D,R54116626,UNITE,OK
TKT88812773962,2026-05-16T14:18:55Z,PORTE-D,R53576161,ABONNEMENT,OK
TKT31697249248,2026-05-16T14:18:55Z,PORTE-C,R58763300,UNITE,OK
TKT60195705433,2026-05-16T14:18:55Z,PORTE-D,,UNITE,OK
TKT47915534515,2026-05-16T14:18:55Z,PORTE-D,,UNITE,OK
TKT99784715915,2026-05-16T14:18:56Z,PORTE-A,R56565829,ABONNEMENT,OK
TKT46311634619,2026-05-16T14:18:56Z,PORTE-D,,UNITE,OK
TKT91228683474,2026-05-16T14:18:57Z,PORTE-C,R55519036,ABONNEMENT,OK
TKT34391506644,2026-05-16T14:18:57Z,PORTE-D,,UNITE,OK
TKT11103225486,2026-05-16T14:18:58Z,PORTE-C,R58653228,ABONNEMENT,OK
TKT42498842782,2026-05-16T14:18:58Z,PORTE-D,,UNITE,OK
TKT43834719912,2026-05-16T14:18:58Z,PORTE-D,R58780598,UNITE,OK
TKT73365435717,2026-05-16T14:18:59Z,PORTE-D,R54880414,UNITE,OK
TKT87662572159,2026-05-16T14:18:59Z,PORTE-D,R51418813,UNITE,OK
TKT67648843878,2026-05-16T14:18:59Z,VIP-EST,R57264783,UNITE,OK
TKT24893081198,2026-05-16T14:18:59Z,PORTE-D,R59367507,UNITE,OK
TKT25818125030,2026-05-16T14:19:00Z,PORTE-A,R53576707,ABONNEMENT,OK
TKT79973048853,2026-05-16T14:19:00Z,PORTE-D,,UNITE,OK
TKT21845074518,2026-05-16T14:19:01Z,PORTE-C,R58059911,ABONNEMENT,OK
TKT38741053586,2026-05-16T14:19:03Z,PORTE-D,R51763721,ABONNEMENT,OK
TKT37444289936,2026-05-16T14:19:06Z,PORTE-D,,UNITE,OK
TKT59176673988,2026-05-16T14:19:07Z,VIP-EST,R52653395,ABONNEMENT,OK
TKT57405747007,2026-05-16T14:19:09Z,PMR-NORD,R59912397,UNITE,OK
TKT74012689716,2026-05-16T14:19:10Z,PORTE-C,R52466976,UNITE,OK
TKT68323932828,2026-05-16T14:19:10Z,PORTE-A,R54779202,UNITE,OK
TKT42249621991,2026-05-16T14:19:11Z,PORTE-D,R54256390,ABONNEMENT,OK
TKT11756951736,2026-05-16T14:19:12Z,PORTE-A,R52046860,ABONNEMENT,OK
TKT50221170336,2026-05-16T14:19:13Z,PORTE-B,R52308209,ABONNEMENT,OK
TKT55291136078,2026-05-16T14:19:14Z,PORTE-A,R58757438,ABONNEMENT,OK
TKT45786657448,2026-05-16T14:19:16Z,VIP-EST,R56106960,ABONNEMENT,OK
TKT23660162177,2026-05-16T14:19:18Z,PORTE-C,R55136591,ABONNEMENT,OK
TKT93053611253,2026-05-16T14:19:18Z,PORTE-C,R51840413,UNITE,OK
TKT45548944652,2026-05-16T14:19:18Z,PORTE-A,R59822698,UNITE,OK
TKT96463371386,2026-05-16T14:19:19Z,PORTE-C,R51882787,UNITE,OK
TKT79534010397,2026-05-16T14:19:19Z,PORTE-C,R52391510,UNITE,OK
TKT41437423908,2026-05-16T14:19:20Z,PORTE-C,R56723437,ABONNEMENT,OK
TKT72515827741,2026-05-16T14:19:20Z,PORTE-C,R55242084,ABONNEMENT,OK
TKT32259795015,2026-05-16T14:19:20Z,PORTE-D,R54684944,UNITE,OK
TKT38461448853,2026-05-16T14:19:22Z,PORTE-C,R53773202,ABONNEMENT,OK
TKT78042162934,2026-05-16T14:19:22Z,PORTE-D,R58854436,UNITE,OK
TKT78088309622,2026-05-16T14:19:23Z,PORTE-B,R57851702,ABONNEMENT,OK
TKT55261298116,2026-05-16T14:19:24Z,PORTE-C,R56346643,ABONNEMENT,OK
TKT97361981215,2026-05-16T14:19:24Z,PORTE-A,R53506135,UNITE,OK
TKT75252663976,2026-05-16T14:19:24Z,PORTE-D,R51254931,UNITE,OK
TKT40712288730,2026-05-16T14:19:24Z,PORTE-D,R54816461,UNITE,OK
TKT15057406407,2026-05-16T14:19:25Z,PORTE-A,R52741255,ABONNEMENT,OK
TKT51327686103,2026-05-16T14:19:27Z,PORTE-C,R55054995,UNITE,OK
TKT46631156253,2026-05-16T14:19:28Z,PORTE-D,R58136124,UNITE,OK
TKT48565012876,2026-05-16T14:19:29Z,PORTE-D,R54722672,ABONNEMENT,OK
TKT16509555232,2026-05-16T14:19:30Z,VIP-EST,R54077461,ABONNEMENT,OK
TKT82116089780,2026-05-16T14:19:30Z,PORTE-A,R53938032,UNITE,OK
TKT49101864792,2026-05-16T14:19:30Z,PORTE-C,R56359449,UNITE,OK
TKT66354718253,2026-05-16T14:19:32Z,VIP-EST,R56657990,ABONNEMENT,OK
TKT43872607885,2026-05-16T14:19:32Z,PORTE-B,,UNITE,OK
TKT62625875276,2026-05-16T14:19:32Z,PORTE-B,R58630001,UNITE,OK
TKT28803699652,2026-05-16T14:19:33Z,VIP-EST,R57021355,UNITE,OK
TKT10947779646,2026-05-16T14:19:34Z,PORTE-D,,GROUPE,OK
TKT94856132754,2026-05-16T14:19:34Z,PORTE-D,,UNITE,OK
TKT43271555877,2026-05-16T14:19:35Z,PORTE-D,R55651233,UNITE,OK
TKT42920331309,2026-05-16T14:19:35Z,PORTE-D,R53109869,UNITE,OK
TKT25622584074,2026-05-16T14:19:35Z,PORTE-C,R59477579,UNITE,OK
TKT93334893835,2026-05-16T14:19:37Z,PORTE-C,R56340178,ABONNEMENT,OK
TKT72603017430,2026-05-16T14:19:37Z,PORTE-D,R58275275,UNITE,OK
TKT65925044749,2026-05-16T14:19:37Z,PORTE-A,R59145266,UNITE,OK
TKT60748305075,2026-05-16T14:19:38Z,PORTE-C,R51012595,ABONNEMENT,OK
TKT60082392334,2026-05-16T14:19:38Z,PORTE-D,,GROUPE,OK
TKT54156782542,2026-05-16T14:19:38Z,PORTE-B,R58199139,INVITATION,OK
TKT26859868705,2026-05-16T14:19:39Z,VIP-EST,R54799910,ABONNEMENT,OK
TKT23305361230,2026-05-16T14:19:39Z,VIP-EST,R53409425,UNITE,OK
TKT79037794640,2026-05-16T14:19:39Z,PORTE-C,R53925236,UNITE,REFUSE_DEJA_SCANNE
TKT99275849951,2026-05-16T14:19:39Z,PORTE-A,,UNITE,OK
TKT92468909537,2026-05-16T14:19:41Z,PORTE-C,R53811342,ABONNEMENT,OK
TKT24412032171,2026-05-16T14:19:41Z,PORTE-A,R53998106,UNITE,OK
TKT36549303434,2026-05-16T14:19:41Z,PORTE-D,R51483044,UNITE,OK
TKT86245714336,2026-05-16T14:19:42Z,PMR-NORD,R52959751,UNITE,OK
TKT76998070811,2026-05-16T14:19:42Z,PORTE-A,R56568214,UNITE,OK
TKT57793380544,2026-05-16T14:19:43Z,VIP-EST,R55956852,UNITE,OK
TKT75609476687,2026-05-16T14:19:43Z,PORTE-A,,VIP,OK
TKT78008945281,2026-05-16T14:19:44Z,PORTE-C,R52685137,UNITE,OK
TKT25731038151,2026-05-16T14:19:44Z,PORTE-A,,VIP,OK
TKT43708345042,2026-05-16T14:19:44Z,PORTE-D,,UNITE,OK
TKT69178433750,2026-05-16T14:19:45Z,PORTE-C,R58020076,ABONNEMENT,OK
TKT22490112260,2026-05-16T14:19:47Z,PORTE-D,,GROUPE,OK
TKT99590116768,2026-05-16T14:19:48Z,VIP-EST,R59089004,ABONNEMENT,OK
TKT53525363585,2026-05-16T14:19:48Z,PORTE-A,R51933522,ABONNEMENT,OK
TKT92155145221,2026-05-16T14:19:48Z,PORTE-C,R56857138,UNITE,OK
TKT39118384551,2026-05-16T14:19:48Z,PORTE-D,,UNITE,OK
TKT38640242110,2026-05-16T14:19:49Z,PORTE-C,R51728924,UNITE,OK
TKT18586474250,2026-05-16T14:19:50Z,PORTE-C,R57695933,ABONNEMENT,OK
TKT94822925927,2026-05-16T14:19:50Z,PORTE-C,R54067653,UNITE,OK
TKT18469729585,2026-05-16T14:19:51Z,PORTE-C,R56044913,ABONNEMENT,OK
TKT41573627787,2026-05-16T14:19:51Z,PORTE-C,,UNITE,OK
TKT53630479278,2026-05-16T14:19:52Z,PORTE-C,R53523644,ABONNEMENT,OK
TKT32922604024,2026-05-16T14:19:52Z,PORTE-C,R58662624,UNITE,OK
TKT18526275479,2026-05-16T14:19:52Z,PORTE-C,R57427640,UNITE,OK
TKT30077570092,2026-05-16T14:19:53Z,PORTE-D,R58810424,UNITE,OK
TKT40181072875,2026-05-16T14:19:54Z,PORTE-C,R56692720,ABONNEMENT,OK
TKT66861548273,2026-05-16T14:19:54Z,PORTE-C,R56463056,UNITE,OK
TKT31818813755,2026-05-16T14:19:55Z,VIP-EST,R54752776,ABONNEMENT,OK
TKT52178972503,2026-05-16T14:19:56Z,PORTE-C,R58199263,ABONNEMENT,OK
TKT93271622079,2026-05-16T14:19:58Z,VIP-EST,R57119033,ABONNEMENT,OK
TKT11064571637,2026-05-16T14:19:58Z,PORTE-A,R51889185,ABONNEMENT,OK
TKT40860238257,2026-05-16T14:19:58Z,PORTE-C,,GROUPE,OK
TKT25322062342,2026-05-16T14:20:00Z,PORTE-A,R56636458,ABONNEMENT,OK
TKT81229945142,2026-05-16T14:20:00Z,PORTE-D,R51408871,UNITE,OK
TKT53476107478,2026-05-16T14:20:00Z,PORTE-D,R57074408,UNITE,OK
TKT43022792723,2026-05-16T14:20:01Z,PORTE-A,R55319054,UNITE,OK
TKT34114695746,2026-05-16T14:20:01Z,PORTE-D,R52243231,GROUPE,OK
TKT22254658207,2026-05-16T14:20:02Z,PORTE-C,R55852029,ABONNEMENT,OK
TKT74405770597,2026-05-16T14:20:02Z,PORTE-C,R51295801,ABONNEMENT,OK
TKT80237512232,2026-05-16T14:20:02Z,PORTE-C,R58532946,ABONNEMENT,OK
TKT77099487689,2026-05-16T14:20:02Z,PORTE-D,R59352182,ABONNEMENT,OK
TKT96265380177,2026-05-16T14:20:04Z,PORTE-D,R57378734,ABONNEMENT,OK
TKT67607007482,2026-05-16T14:20:04Z,PORTE-D,,UNITE,OK
TKT95681370396,2026-05-16T14:20:04Z,VIP-EST,R57643004,INVITATION,OK
TKT60243546575,2026-05-16T14:20:05Z,PORTE-D,R53179416,UNITE,OK
TKT65338248159,2026-05-16T14:20:06Z,PORTE-C,R54446075,UNITE,OK
TKT74840835958,2026-05-16T14:20:07Z,PORTE-D,R54319184,ABONNEMENT,OK
TKT30191499857,2026-05-16T14:20:07Z,PORTE-D,,UNITE,OK
TKT35449241879,2026-05-16T14:20:08Z,VIP-EST,R54252367,ABONNEMENT,OK
TKT43854457084,2026-05-16T14:20:08Z,PORTE-D,R53481146,UNITE,OK
TKT67712558604,2026-05-16T14:20:09Z,PORTE-A,R57741084,ABONNEMENT,OK
TKT82709734607,2026-05-16T14:20:09Z,PORTE-C,R56130331,UNITE,OK
TKT46578053422,2026-05-16T14:20:12Z,PORTE-D,R57613657,UNITE,REFUSE_INVALIDE
TKT72927787589,2026-05-16T14:20:13Z,PORTE-C,R53853103,UNITE,OK
TKT25423791230,2026-05-16T14:20:14Z,PORTE-A,R52310038,ABONNEMENT,OK
TKT40627953897,2026-05-16T14:20:14Z,VIP-EST,R59709628,UNITE,OK
TKT33075280945,2026-05-16T14:20:14Z,PORTE-D,R57910339,UNITE,OK
TKT47785495933,2026-05-16T14:20:15Z,VIP-EST,R55184462,ABONNEMENT,OK
TKT29353390513,2026-05-16T14:20:15Z,PORTE-C,R58735638,UNITE,OK
TKT55644971910,2026-05-16T14:20:18Z,PORTE-B,R57261929,ABONNEMENT,OK
TKT17403772948,2026-05-16T14:20:18Z,VIP-EST,R59026143,ABONNEMENT,OK
TKT53074039447,2026-05-16T14:20:18Z,PORTE-D,R52559740,UNITE,OK
TKT31544512762,2026-05-16T14:20:18Z,PORTE-D,R54183443,UNITE,OK
TKT23129120474,2026-05-16T14:20:18Z,PORTE-A,R56691772,VIP,OK
TKT64855844873,2026-05-16T14:20:19Z,PORTE-A,R53659998,UNITE,OK
TKT63272378456,2026-05-16T14:20:20Z,VIP-EST,R55899297,ABONNEMENT,OK
TKT13557582169,2026-05-16T14:20:21Z,PORTE-D,R58958368,ABONNEMENT,OK
TKT35361700432,2026-05-16T14:20:21Z,PORTE-A,R57208454,ABONNEMENT,OK
TKT97359964390,2026-05-16T14:20:21Z,PORTE-D,R52974061,UNITE,OK
TKT77606300880,2026-05-16T14:20:22Z,VIP-EST,R56665413,ABONNEMENT,OK
TKT44421563648,2026-05-16T14:20:22Z,PORTE-C,R57027830,ABONNEMENT,OK
TKT66025706659,2026-05-16T14:20:22Z,PORTE-A,R55233579,UNITE,OK
TKT40300027627,2026-05-16T14:20:25Z,PORTE-B,R51521241,UNITE,OK
TKT76815516639,2026-05-16T14:20:25Z,PORTE-B,,UNITE,OK
TKT58007405606,2026-05-16T14:20:27Z,PORTE-D,R55989542,ABONNEMENT,OK
TKT15559984056,2026-05-16T14:20:30Z,PORTE-D,R55400918,UNITE,OK
TKT72636003477,2026-05-16T14:20:31Z,PORTE-D,R55540146,UNITE,OK
TKT22187051920,2026-05-16T14:20:32Z,PORTE-A,,UNITE,OK
TKT92199488613,2026-05-16T14:20:32Z,PORTE-A,R53174713,UNITE,OK
TKT53805781676,2026-05-16T14:20:34Z,PORTE-C,R54623577,ABONNEMENT,OK
TKT90077379333,2026-05-16T14:20:34Z,PORTE-A,R51689213,ABONNEMENT,OK
TKT46466107938,2026-05-16T14:20:34Z,PORTE-A,R54198011,ABONNEMENT,OK
TKT94879668539,2026-05-16T14:20:35Z,PORTE-D,R57256881,ABONNEMENT,OK
TKT22909866844,2026-05-16T14:20:36Z,VIP-EST,R58486569,ABONNEMENT,OK
TKT32562909736,2026-05-16T14:20:36Z,PORTE-D,R55204289,UNITE,OK
TKT11017070668,2026-05-16T14:20:37Z,PORTE-C,R56692308,ABONNEMENT,OK
TKT27147614543,2026-05-16T14:20:37Z,PORTE-C,R55261777,UNITE,OK
TKT63694247104,2026-05-16T14:20:37Z,PORTE-D,,UNITE,OK
TKT10430606465,2026-05-16T14:20:39Z,PORTE-A,R52858951,UNITE,OK
TKT83715931038,2026-05-16T14:20:39Z,PORTE-D,,UNITE,OK
TKT15384109569,2026-05-16T14:20:39Z,PORTE-D,R53204070,INVITATION,OK
TKT64497346027,2026-05-16T14:20:40Z,PORTE-A,,UNITE,OK
TKT39633877624,2026-05-16T14:20:40Z,PORTE-A,,GROUPE,OK
TKT41645752010,2026-05-16T14:20:40Z,PORTE-D,R58916751,UNITE,OK
TKT29296863929,2026-05-16T14:20:41Z,PORTE-D,R54067643,UNITE,OK
TKT66583315907,2026-05-16T14:20:43Z,PORTE-C,R54105381,UNITE,OK
TKT31264215341,2026-05-16T14:20:44Z,PORTE-D,R52068928,ABONNEMENT,OK
TKT40429353292,2026-05-16T14:20:44Z,PORTE-D,R58397818,UNITE,OK
TKT74873560838,2026-05-16T14:20:45Z,VIP-EST,R51133835,ABONNEMENT,REFUSE_DEJA_SCANNE
TKT80991884855,2026-05-16T14:20:45Z,VIP-EST,,VIP,OK
TKT26917101407,2026-05-16T14:20:46Z,PORTE-C,R52310929,ABONNEMENT,OK
TKT75337178515,2026-05-16T14:20:46Z,PORTE-D,R56006639,GROUPE,OK
TKT37695859263,2026-05-16T14:20:47Z,PORTE-C,R52438165,INVITATION,OK
TKT35523615164,2026-05-16T14:20:48Z,PORTE-A,R56227798,ABONNEMENT,OK
TKT19186434338,2026-05-16T14:20:48Z,PORTE-C,R57385410,ABONNEMENT,OK
TKT52110485113,2026-05-16T14:20:48Z,PORTE-C,R56624955,UNITE,OK
TKT11536718838,2026-05-16T14:20:48Z,PORTE-D,R54118053,UNITE,OK
TKT28844079602,2026-05-16T14:20:50Z,VIP-EST,R58008419,UNITE,OK
TKT11580283809,2026-05-16T14:20:51Z,PORTE-D,R55167365,ABONNEMENT,OK
TKT69635869775,2026-05-16T14:20:51Z,PORTE-B,,UNITE,OK
TKT87111641468,2026-05-16T14:20:51Z,PORTE-D,R52768495,UNITE,OK
TKT36492043047,2026-05-16T14:20:52Z,PORTE-C,R56231476,ABONNEMENT,OK
TKT75133555491,2026-05-16T14:20:52Z,PORTE-B,R53853371,ABONNEMENT,OK
TKT13348740116,2026-05-16T14:20:53Z,PORTE-D,R56498878,UNITE,OK
TKT41317915972,2026-05-16T14:20:53Z,PORTE-D,,UNITE,OK
TKT19620285060,2026-05-16T14:20:54Z,PORTE-C,R57261249,UNITE,OK
TKT88732933702,2026-05-16T14:20:55Z,VIP-EST,R51557686,ABONNEMENT,OK
TKT60437329425,2026-05-16T14:20:55Z,PORTE-D,R54411335,ABONNEMENT,OK
TKT36937146718,2026-05-16T14:20:55Z,VIP-EST,R54950363,VIP,OK
TKT67093979167,2026-05-16T14:20:55Z,PORTE-B,,UNITE,OK
TKT21877794412,2026-05-16T14:20:56Z,PORTE-D,R54440826,UNITE,OK
TKT60077418856,2026-05-16T14:20:57Z,PORTE-C,R56031695,UNITE,OK
TKT85870401655,2026-05-16T14:20:58Z,PORTE-D,R54589316,ABONNEMENT,OK
TKT14720658218,2026-05-16T14:20:58Z,PORTE-C,R58143624,ABONNEMENT,OK
TKT57161848745,2026-05-16T14:20:58Z,VIP-EST,R54461668,VIP,OK
TKT61974967033,2026-05-16T14:21:00Z,PORTE-D,R51405193,UNITE,OK
TKT88448967298,2026-05-16T14:21:01Z,PORTE-D,R56763081,ABONNEMENT,OK
TKT97519761397,2026-05-16T14:21:01Z,PORTE-D,R53769323,ABONNEMENT,OK
TKT76051089790,2026-05-16T14:21:01Z,PORTE-C,R55509630,UNITE,OK
TKT96837895422,2026-05-16T14:21:01Z,VIP-EST,R52915136,VIP,OK
TKT73592763159,2026-05-16T14:21:01Z,VIP-EST,,VIP,OK
TKT25851287774,2026-05-16T14:21:02Z,VIP-EST,R57122155,ABONNEMENT,OK
TKT53595186628,2026-05-16T14:21:03Z,PORTE-D,R55636866,ABONNEMENT,OK
TKT64707649279,2026-05-16T14:21:04Z,PORTE-C,R57132040,INVITATION,OK
TKT66906567389,2026-05-16T14:21:05Z,PORTE-C,R58130473,UNITE,OK
TKT59456332836,2026-05-16T14:21:06Z,PORTE-C,R57038864,UNITE,OK
TKT60042566778,2026-05-16T14:21:06Z,PORTE-A,R54517250,UNITE,OK
TKT60855030261,2026-05-16T14:21:06Z,PORTE-C,R56030479,UNITE,OK
TKT73952524636,2026-05-16T14:21:07Z,PORTE-A,R51567159,UNITE,OK
TKT23093747600,2026-05-16T14:21:07Z,PORTE-C,,UNITE,OK
TKT71262225902,2026-05-16T14:21:09Z,PORTE-B,R53795950,UNITE,OK
TKT37180386691,2026-05-16T14:21:09Z,PORTE-C,,UNITE,OK
TKT34689952105,2026-05-16T14:21:10Z,PORTE-D,R53004510,ABONNEMENT,OK
TKT63074773639,2026-05-16T14:21:10Z,PORTE-D,R59117959,INVITATION,OK
TKT55697617587,2026-05-16T14:21:10Z,PORTE-C,,UNITE,OK
TKT97276303972,2026-05-16T14:21:10Z,PORTE-A,R53999811,UNITE,OK
TKT80410697411,2026-05-16T14:21:10Z,PORTE-D,R51472412,UNITE,OK
TKT56405598139,2026-05-16T14:21:11Z,VIP-EST,R54064588,ABONNEMENT,OK
TKT25420921699,2026-05-16T14:21:11Z,VIP-EST,R51167885,ABONNEMENT,OK
TKT75071451445,2026-05-16T14:21:11Z,VIP-EST,R57084561,ABONNEMENT,OK
TKT48286640011,2026-05-16T14:21:12Z,PORTE-C,R56179093,ABONNEMENT,OK
TKT83648446559,2026-05-16T14:21:12Z,VIP-EST,R58691713,UNITE,OK
TKT64418239954,2026-05-16T14:21:13Z,PORTE-D,R52731926,ABONNEMENT,REFUSE_DEJA_SCANNE
TKT62860656700,2026-05-16T14:21:14Z,PORTE-A,R58775895,UNITE,OK
TKT14136802356,2026-05-16T14:21:14Z,PORTE-B,R57707714,UNITE,OK
TKT13199886833,2026-05-16T14:21:15Z,VIP-EST,,VIP,OK
TKT10771025483,2026-05-16T14:21:16Z,PORTE-C,R57899784,UNITE,OK
TKT76868938340,2026-05-16T14:21:16Z,PORTE-A,R57360066,UNITE,OK
TKT14532326097,2026-05-16T14:21:18Z,PORTE-C,R59666517,INVITATION,OK
TKT84330907489,2026-05-16T14:21:19Z,PORTE-A,R51995301,ABONNEMENT,OK
TKT16969583091,2026-05-16T14:21:21Z,PORTE-D,,GROUPE,OK
TKT87324483457,2026-05-16T14:21:21Z,PORTE-C,R59104597,INVITATION,OK
TKT89799674175,2026-05-16T14:21:22Z,PORTE-D,R54992057,ABONNEMENT,REFUSE_DEJA_SCANNE
TKT80945468324,2026-05-16T14:21:22Z,PORTE-C,R52789203,UNITE,REFUSE_DEJA_SCANNE
TKT92082044931,2026-05-16T14:21:22Z,VIP-EST,,UNITE,OK
TKT85411342686,2026-05-16T14:21:24Z,PORTE-D,R54278324,ABONNEMENT,OK
TKT27251280982,2026-05-16T14:21:25Z,PORTE-C,R56118128,ABONNEMENT,OK
TKT11566030174,2026-05-16T14:21:26Z,VIP-EST,R57312185,ABONNEMENT,OK
TKT66703235058,2026-05-16T14:21:27Z,PORTE-C,R52772853,UNITE,REFUSE_INVALIDE
TKT69588444944,2026-05-16T14:21:27Z,PORTE-C,R52596999,UNITE,OK
TKT29216820204,2026-05-16T14:21:28Z,PORTE-D,,UNITE,OK
TKT93088302331,2026-05-16T14:21:29Z,VIP-EST,R53494287,ABONNEMENT,OK
TKT71026791045,2026-05-16T14:21:31Z,PORTE-C,R55684670,ABONNEMENT,OK
TKT44827871958,2026-05-16T14:21:31Z,PORTE-D,,UNITE,OK
TKT12675963927,2026-05-16T14:21:33Z,PORTE-A,R57112960,ABONNEMENT,OK
TKT14054050008,2026-05-16T14:21:33Z,PORTE-C,R53431560,UNITE,OK
TKT10258432620,2026-05-16T14:21:34Z,PORTE-D,R54423260,UNITE,OK
TKT52738039143,2026-05-16T14:21:36Z,PORTE-A,R56171938,ABONNEMENT,OK
TKT20329942586,2026-05-16T14:21:36Z,VIP-EST,R53802971,UNITE,OK
TKT41405635506,2026-05-16T14:21:38Z,PORTE-A,R54947777,ABONNEMENT,OK
TKT87634867135,2026-05-16T14:21:39Z,PORTE-A,R54124652,ABONNEMENT,OK
TKT86197785229,2026-05-16T14:21:39Z,PORTE-C,,UNITE,OK
TKT27487532328,2026-05-16T14:21:39Z,VIP-EST,,UNITE,OK
TKT99869921454,2026-05-16T14:21:40Z,PORTE-D,R51621103,ABONNEMENT,OK
TKT82242246658,2026-05-16T14:21:41Z,PORTE-C,R53004500,ABONNEMENT,OK
TKT12387207062,2026-05-16T14:21:41Z,PORTE-D,,UNITE,OK
TKT66379009076,2026-05-16T14:21:41Z,VIP-EST,,UNITE,OK
TKT27219045424,2026-05-16T14:21:42Z,PORTE-A,R59741303,ABONNEMENT,OK
TKT88704307465,2026-05-16T14:21:42Z,PORTE-C,R54224035,UNITE,OK
TKT57757632663,2026-05-16T14:21:43Z,VIP-EST,R57303067,ABONNEMENT,OK
TKT98448495395,2026-05-16T14:21:43Z,PORTE-C,,GROUPE,OK
TKT63824667438,2026-05-16T14:21:44Z,PORTE-C,R51623488,UNITE,REFUSE_DEJA_SCANNE
TKT86273434449,2026-05-16T14:21:44Z,PORTE-D,R52096312,UNITE,OK
TKT11492522157,2026-05-16T14:21:45Z,PORTE-D,R56157303,ABONNEMENT,OK
TKT93355844410,2026-05-16T14:21:45Z,PORTE-D,R53504306,ABONNEMENT,OK
TKT69609851447,2026-05-16T14:21:45Z,PORTE-A,R56115207,ABONNEMENT,OK
TKT76243282002,2026-05-16T14:21:48Z,PORTE-D,R58555148,ABONNEMENT,OK
TKT74779837578,2026-05-16T14:21:49Z,VIP-EST,R54655242,ABONNEMENT,OK
TKT76583232965,2026-05-16T14:21:49Z,PORTE-D,,UNITE,OK
TKT11436699659,2026-05-16T14:21:49Z,PORTE-D,R53808143,UNITE,OK
TKT30218466296,2026-05-16T14:21:50Z,PORTE-D,R57088306,UNITE,OK
TKT32973392079,2026-05-16T14:21:50Z,PORTE-D,R58597445,UNITE,OK
TKT13315833635,2026-05-16T14:21:51Z,PORTE-A,R56787802,ABONNEMENT,OK
TKT15487474078,2026-05-16T14:21:52Z,PORTE-D,R51755896,ABONNEMENT,OK
TKT62710348999,2026-05-16T14:21:52Z,PORTE-C,R59597392,ABONNEMENT,OK
TKT71638297032,2026-05-16T14:21:52Z,PORTE-C,R51909615,UNITE,OK
TKT33918743900,2026-05-16T14:21:53Z,VIP-EST,R57691699,ABONNEMENT,OK
TKT87790846719,2026-05-16T14:21:53Z,PORTE-C,R59179996,UNITE,OK
TKT84494507070,2026-05-16T14:21:53Z,PORTE-C,R54184458,UNITE,OK
TKT48932487947,2026-05-16T14:21:53Z,PORTE-D,,UNITE,OK
TKT50098252700,2026-05-16T14:21:53Z,PORTE-D,,UNITE,OK
TKT74293499201,2026-05-16T14:21:54Z,PORTE-C,R51765081,ABONNEMENT,REFUSE_DEJA_SCANNE
TKT43100524101,2026-05-16T14:21:55Z,PORTE-A,,UNITE,OK
TKT17666729767,2026-05-16T14:21:56Z,PORTE-B,R55433139,UNITE,OK
TKT20988145934,2026-05-16T14:21:57Z,PORTE-C,,UNITE,OK
TKT38599263560,2026-05-16T14:21:57Z,VIP-EST,,VIP,OK
TKT35547278364,2026-05-16T14:21:57Z,PORTE-D,R52322710,UNITE,OK
TKT36739094664,2026-05-16T14:21:58Z,PORTE-D,R55853935,ABONNEMENT,OK
TKT51722336639,2026-05-16T14:21:58Z,PORTE-A,R56256053,ABONNEMENT,OK
TKT56356120087,2026-05-16T14:21:59Z,PORTE-A,R55421023,ABONNEMENT,OK
TKT77573213919,2026-05-16T14:22:00Z,PORTE-C,,UNITE,OK
TKT40290151549,2026-05-16T14:22:03Z,PORTE-A,R58139812,ABONNEMENT,OK
TKT62127379183,2026-05-16T14:22:03Z,PORTE-C,R59222571,ABONNEMENT,OK
TKT63103434597,2026-05-16T14:22:04Z,PORTE-C,R58059432,ABONNEMENT,OK
TKT17938339693,2026-05-16T14:22:04Z,PORTE-C,R55488386,UNITE,OK
TKT78331399208,2026-05-16T14:22:04Z,PORTE-D,R54227981,INVITATION,OK
TKT55077386490,2026-05-16T14:22:05Z,PORTE-D,R54195770,UNITE,OK
TKT63444011481,2026-05-16T14:22:05Z,PORTE-D,R57485530,UNITE,OK
TKT91117940458,2026-05-16T14:22:09Z,VIP-EST,,UNITE,OK
TKT32732378581,2026-05-16T14:22:11Z,VIP-EST,R59558907,ABONNEMENT,OK
TKT73909064513,2026-05-16T14:22:11Z,PORTE-A,R54220079,ABONNEMENT,OK
TKT73042165294,2026-05-16T14:22:11Z,PORTE-D,R53957303,ABONNEMENT,OK
TKT49233414312,2026-05-16T14:22:11Z,PORTE-A,R59087443,VIP,OK
TKT11042481672,2026-05-16T14:22:12Z,PORTE-B,R57140488,INVITATION,OK
TKT10955846672,2026-05-16T14:22:12Z,PORTE-D,R59328409,UNITE,OK
TKT66720573630,2026-05-16T14:22:13Z,PORTE-D,,UNITE,OK
TKT27553418829,2026-05-16T14:22:13Z,PORTE-D,R58210786,UNITE,OK
TKT97558214904,2026-05-16T14:22:14Z,PORTE-C,R52244447,ABONNEMENT,OK
TKT44811198849,2026-05-16T14:22:15Z,PORTE-A,R51004760,ABONNEMENT,OK
TKT47993903244,2026-05-16T14:22:15Z,PORTE-C,R58355588,UNITE,OK
TKT59314157586,2026-05-16T14:22:15Z,PORTE-C,,UNITE,OK
TKT24288509142,2026-05-16T14:22:16Z,PORTE-C,R52362421,UNITE,OK
TKT46427968215,2026-05-16T14:22:17Z,PORTE-C,R56461820,ABONNEMENT,OK
TKT30435012785,2026-05-16T14:22:17Z,PORTE-B,R58758808,UNITE,OK
TKT60175335072,2026-05-16T14:22:19Z,PORTE-C,R58775962,UNITE,OK
TKT17146129318,2026-05-16T14:22:20Z,PORTE-C,R53111775,UNITE,OK
TKT31058939709,2026-05-16T14:22:22Z,VIP-EST,R51054547,ABONNEMENT,OK
TKT29338976882,2026-05-16T14:22:23Z,VIP-EST,R55194213,ABONNEMENT,OK
TKT80526089550,2026-05-16T14:22:23Z,VIP-EST,R56823011,ABONNEMENT,OK
TKT94277645893,2026-05-16T14:22:23Z,PORTE-C,,GROUPE,OK
TKT73965218668,2026-05-16T14:22:23Z,PORTE-C,R58629455,UNITE,OK
TKT30411354759,2026-05-16T14:22:25Z,PORTE-D,R52493124,GROUPE,OK
TKT74873808075,2026-05-16T14:22:25Z,VIP-EST,R52292539,VIP,OK
TKT95139331051,2026-05-16T14:22:25Z,PORTE-D,,UNITE,OK
TKT81513626977,2026-05-16T14:22:26Z,PORTE-C,R58540647,ABONNEMENT,OK
TKT55687710005,2026-05-16T14:22:26Z,PORTE-A,R57079044,ABONNEMENT,OK
TKT80671640639,2026-05-16T14:22:26Z,PORTE-C,,UNITE,OK
TKT57762924254,2026-05-16T14:22:28Z,PORTE-D,,UNITE,OK
TKT75733633934,2026-05-16T14:22:28Z,VIP-EST,R55089045,UNITE,OK
TKT88946955803,2026-05-16T14:22:29Z,PORTE-A,R54704349,ABONNEMENT,OK
TKT47622158489,2026-05-16T14:22:29Z,PORTE-D,R54264962,UNITE,OK
TKT86279670858,2026-05-16T14:22:30Z,PORTE-D,R55241960,ABONNEMENT,OK
TKT61049553515,2026-05-16T14:22:30Z,PORTE-C,R55462084,UNITE,OK
TKT87050949707,2026-05-16T14:22:31Z,PORTE-A,R53911137,ABONNEMENT,OK
TKT95821613317,2026-05-16T14:22:31Z,PORTE-B,R54953304,ABONNEMENT,OK
TKT29827338335,2026-05-16T14:22:31Z,PORTE-B,R54683172,ABONNEMENT,OK
TKT32080926830,2026-05-16T14:22:31Z,PORTE-C,R57800344,ABONNEMENT,OK
TKT47280040719,2026-05-16T14:22:32Z,PORTE-D,R52741255,INVITATION,OK
TKT72480362010,2026-05-16T14:22:32Z,PORTE-D,R59351847,UNITE,OK
TKT73072606663,2026-05-16T14:22:33Z,PORTE-A,R59365678,ABONNEMENT,OK
TKT33467620090,2026-05-16T14:22:35Z,PORTE-C,,UNITE,OK
TKT98423334075,2026-05-16T14:22:37Z,PORTE-C,R51360511,ABONNEMENT,OK
TKT69040787057,2026-05-16T14:22:38Z,PORTE-C,R52720212,UNITE,OK
TKT71547523978,2026-05-16T14:22:38Z,PORTE-A,R54455672,VIP,OK
TKT28816166586,2026-05-16T14:22:39Z,PORTE-C,R56556289,ABONNEMENT,OK
TKT48834896805,2026-05-16T14:22:39Z,PORTE-C,,UNITE,OK
TKT33222071135,2026-05-16T14:22:39Z,PORTE-C,R51881484,UNITE,OK
TKT90502710829,2026-05-16T14:22:40Z,PORTE-D,R59230339,ABONNEMENT,OK
TKT60525508234,2026-05-16T14:22:40Z,PORTE-D,R55066364,ABONNEMENT,OK
TKT14996012861,2026-05-16T14:22:40Z,PORTE-C,R56184888,UNITE,OK
TKT82563366179,2026-05-16T14:22:40Z,PORTE-C,R53170767,UNITE,OK
TKT48446542458,2026-05-16T14:22:42Z,VIP-EST,R53499057,ABONNEMENT,OK
TKT77564106966,2026-05-16T14:22:42Z,PORTE-D,R54576433,UNITE,OK
TKT74523529357,2026-05-16T14:22:44Z,PORTE-C,R56393241,ABONNEMENT,OK
TKT26289533230,2026-05-16T14:22:44Z,PORTE-D,,UNITE,OK
TKT32693782343,2026-05-16T14:22:44Z,PORTE-B,R51437950,UNITE,OK
TKT29938642226,2026-05-16T14:22:45Z,PORTE-D,R55422795,ABONNEMENT,OK
TKT97763097607,2026-05-16T14:22:45Z,PORTE-C,,UNITE,OK
TKT71578458157,2026-05-16T14:22:46Z,VIP-EST,,GROUPE,OK
TKT20022817112,2026-05-16T14:22:46Z,PORTE-D,,GROUPE,OK
TKT59998942542,2026-05-16T14:22:48Z,PORTE-D,R57156761,ABONNEMENT,OK
TKT87063079990,2026-05-16T14:22:48Z,PORTE-D,R57261584,ABONNEMENT,OK
TKT51279608541,2026-05-16T14:22:48Z,PORTE-C,R54120783,UNITE,OK
TKT81306368673,2026-05-16T14:22:49Z,PORTE-A,R53349619,ABONNEMENT,OK
TKT13721027333,2026-05-16T14:22:49Z,PORTE-C,R56714242,INVITATION,OK
TKT22445468213,2026-05-16T14:22:51Z,PORTE-D,,UNITE,OK
TKT83922184741,2026-05-16T14:22:52Z,PORTE-D,,UNITE,OK
TKT87452066508,2026-05-16T14:22:52Z,PORTE-C,,GROUPE,OK
TKT29688458130,2026-05-16T14:22:54Z,PORTE-C,R52005990,ABONNEMENT,OK
TKT53691778776,2026-05-16T14:22:54Z,PORTE-A,R53288386,ABONNEMENT,OK
TKT74886559888,2026-05-16T14:22:55Z,PORTE-D,R53951729,ABONNEMENT,OK
TKT85953967230,2026-05-16T14:22:55Z,PORTE-C,R55197881,ABONNEMENT,OK
TKT97580067890,2026-05-16T14:22:55Z,PORTE-D,R59452647,INVITATION,OK
TKT89401359833,2026-05-16T14:22:56Z,PORTE-D,,UNITE,OK
TKT57767864524,2026-05-16T14:22:56Z,PORTE-C,,UNITE,OK
TKT88522190135,2026-05-16T14:22:56Z,PORTE-C,,UNITE,OK
TKT17596812909,2026-05-16T14:22:57Z,PORTE-C,R54363655,UNITE,OK
TKT27556157071,2026-05-16T14:22:58Z,PORTE-D,R57018568,ABONNEMENT,OK
TKT70685931695,2026-05-16T14:23:00Z,PORTE-A,R52933191,ABONNEMENT,OK
TKT31113378177,2026-05-16T14:23:00Z,PORTE-C,R54754816,ABONNEMENT,OK
TKT93208954866,2026-05-16T14:23:01Z,PORTE-D,,INVITATION,OK
TKT34687726523,2026-05-16T14:23:02Z,PORTE-C,R51217337,UNITE,OK
TKT47097894107,2026-05-16T14:23:02Z,PORTE-D,R57277388,UNITE,OK
TKT26988833761,2026-05-16T14:23:04Z,PORTE-A,R55905695,ABONNEMENT,OK
TKT50535291438,2026-05-16T14:23:05Z,PORTE-C,R53961403,ABONNEMENT,OK
TKT10051305638,2026-05-16T14:23:05Z,PORTE-C,R55101784,ABONNEMENT,OK
TKT37182866533,2026-05-16T14:23:05Z,VIP-EST,R52730077,UNITE,OK
TKT48764875309,2026-05-16T14:23:05Z,VIP-EST,,VIP,OK
TKT55186348068,2026-05-16T14:23:05Z,VIP-EST,R56250335,UNITE,OK
TKT14043330405,2026-05-16T14:23:06Z,PORTE-C,R56005825,UNITE,OK
TKT73019425543,2026-05-16T14:23:06Z,PORTE-D,R54893900,UNITE,OK
TKT43486724553,2026-05-16T14:23:06Z,VIP-EST,,UNITE,OK
TKT59801606752,2026-05-16T14:23:07Z,PORTE-A,R51067152,ABONNEMENT,OK
TKT86603008003,2026-05-16T14:23:07Z,PORTE-C,R54458469,ABONNEMENT,OK
TKT32370410681,2026-05-16T14:23:07Z,PORTE-B,R51562925,UNITE,OK
TKT25626751127,2026-05-16T14:23:07Z,PORTE-D,,GROUPE,OK
TKT28570804068,2026-05-16T14:23:07Z,PORTE-C,R55989954,UNITE,OK
TKT55358146011,2026-05-16T14:23:08Z,PORTE-C,R53848668,ABONNEMENT,OK
TKT38723276912,2026-05-16T14:23:09Z,PORTE-C,R53051902,ABONNEMENT,OK
TKT11009674426,2026-05-16T14:23:09Z,VIP-EST,R56892759,UNITE,OK
TKT13035493093,2026-05-16T14:23:10Z,PORTE-B,R58993175,ABONNEMENT,OK
TKT87379332617,2026-05-16T14:23:10Z,PORTE-D,R57193206,UNITE,OK
TKT44614571762,2026-05-16T14:23:10Z,PORTE-D,R52536369,UNITE,OK
TKT74972991380,2026-05-16T14:23:12Z,PORTE-D,R52597880,ABONNEMENT,OK
TKT45987380143,2026-05-16T14:23:12Z,PORTE-D,R59889103,ABONNEMENT,OK
TKT43332598584,2026-05-16T14:23:12Z,PORTE-C,R51177281,UNITE,OK
TKT72890687733,2026-05-16T14:23:13Z,PORTE-C,R56324039,ABONNEMENT,OK
TKT95060792087,2026-05-16T14:23:13Z,PORTE-A,R54800801,ABONNEMENT,OK
TKT97228265348,2026-05-16T14:23:13Z,PORTE-A,R51145405,ABONNEMENT,OK
TKT89166659673,2026-05-16T14:23:13Z,VIP-EST,R56751357,ABONNEMENT,OK
TKT49617364206,2026-05-16T14:23:14Z,PORTE-A,R52307720,ABONNEMENT,OK
TKT85544457146,2026-05-16T14:23:14Z,PORTE-D,R52242608,UNITE,OK
TKT37093452894,2026-05-16T14:23:15Z,PORTE-C,R56957938,ABONNEMENT,OK
TKT55409340043,2026-05-16T14:23:17Z,PORTE-D,R52656594,ABONNEMENT,OK
TKT58320674008,2026-05-16T14:23:17Z,PORTE-D,R52963630,UNITE,OK
TKT91171959035,2026-05-16T14:23:17Z,PORTE-D,,UNITE,OK
TKT37873072342,2026-05-16T14:23:18Z,PORTE-A,,UNITE,OK
TKT31291478187,2026-05-16T14:23:18Z,VIP-EST,R58170117,UNITE,OK
TKT38897179466,2026-05-16T14:23:18Z,PORTE-A,,GROUPE,OK
TKT62361135972,2026-05-16T14:23:20Z,PORTE-A,R57040502,ABONNEMENT,OK
TKT25099086639,2026-05-16T14:23:20Z,PORTE-A,R59013327,UNITE,OK
TKT95088909800,2026-05-16T14:23:21Z,PORTE-A,R58901637,ABONNEMENT,OK
TKT20523224749,2026-05-16T14:23:22Z,PORTE-A,R56607848,ABONNEMENT,OK
TKT62719432001,2026-05-16T14:23:22Z,PORTE-A,,UNITE,OK
TKT65032512216,2026-05-16T14:23:23Z,PORTE-C,R59520422,UNITE,OK
TKT17777506853,2026-05-16T14:23:23Z,VIP-EST,R52905807,UNITE,OK
TKT14205512260,2026-05-16T14:23:24Z,PORTE-C,,UNITE,OK
TKT52042102781,2026-05-16T14:23:25Z,PORTE-D,R53763739,UNITE,OK
TKT65437000827,2026-05-16T14:23:26Z,PORTE-D,R59182525,UNITE,OK
TKT32457271449,2026-05-16T14:23:27Z,PORTE-D,R52548840,ABONNEMENT,OK
TKT29942438352,2026-05-16T14:23:28Z,PORTE-B,R57755183,ABONNEMENT,OK
TKT36185341131,2026-05-16T14:23:29Z,PORTE-C,R54659466,UNITE,OK
TKT54710671613,2026-05-16T14:23:30Z,VIP-EST,R58511836,ABONNEMENT,OK
TKT63603475876,2026-05-16T14:23:31Z,PORTE-C,R56872664,UNITE,OK
TKT39230742749,2026-05-16T14:23:32Z,PORTE-D,R53659117,UNITE,OK
TKT56811921753,2026-05-16T14:23:32Z,VIP-EST,R51491827,UNITE,OK
TKT74578372230,2026-05-16T14:23:33Z,PORTE-B,R58991537,UNITE,OK
TKT76205746150,2026-05-16T14:23:34Z,PORTE-D,R54226822,UNITE,OK
TKT11001272627,2026-05-16T14:23:36Z,VIP-EST,R54392878,ABONNEMENT,OK
TKT73074225161,2026-05-16T14:23:36Z,PORTE-B,R54180713,UNITE,OK
TKT45893698235,2026-05-16T14:23:37Z,PORTE-C,,UNITE,OK
TKT22092350262,2026-05-16T14:23:38Z,PORTE-C,,UNITE,OK
TKT15820709279,2026-05-16T14:23:39Z,PORTE-B,R59280538,ABONNEMENT,OK
TKT79215646906,2026-05-16T14:23:40Z,PORTE-C,R57231068,ABONNEMENT,OK
TKT82339880979,2026-05-16T14:23:41Z,PORTE-D,,UNITE,OK
TKT54233406027,2026-05-16T14:23:42Z,VIP-EST,R51295322,ABONNEMENT,OK
TKT28692550253,2026-05-16T14:23:43Z,PORTE-A,R58035257,ABONNEMENT,OK
TKT55425460377,2026-05-16T14:23:43Z,PORTE-D,R54367812,INVITATION,OK
TKT68357481677,2026-05-16T14:23:44Z,PORTE-D,R56452012,ABONNEMENT,OK
TKT33120962192,2026-05-16T14:23:44Z,PORTE-D,R51257651,UNITE,OK
TKT20008193283,2026-05-16T14:23:44Z,PORTE-D,R51556738,UNITE,OK
TKT59378909024,2026-05-16T14:23:45Z,PORTE-C,R55961076,ABONNEMENT,OK
TKT39399901423,2026-05-16T14:23:45Z,PORTE-B,R57238903,UNITE,OK
TKT41377783671,2026-05-16T14:23:50Z,PORTE-C,R59086897,UNITE,OK
TKT11230610018,2026-05-16T14:23:50Z,PORTE-A,R51417587,UNITE,OK
TKT51342824205,2026-05-16T14:23:51Z,PORTE-A,R59735920,UNITE,OK
TKT17454449608,2026-05-16T14:23:51Z,PORTE-D,R51235392,UNITE,OK
TKT33604478749,2026-05-16T14:23:52Z,PORTE-B,R57700971,ABONNEMENT,OK
TKT18543020784,2026-05-16T14:23:53Z,VIP-EST,R54401671,UNITE,OK
TKT72849457619,2026-05-16T14:23:53Z,PORTE-B,R56125360,UNITE,OK
TKT99896622359,2026-05-16T14:23:53Z,PORTE-A,,UNITE,OK
TKT89067756252,2026-05-16T14:23:54Z,PORTE-C,R55619769,ABONNEMENT,OK
TKT30191868471,2026-05-16T14:23:54Z,PORTE-C,R57199805,UNITE,OK
TKT35284557759,2026-05-16T14:23:54Z,PORTE-D,R54562947,UNITE,OK
TKT47583653644,2026-05-16T14:23:56Z,PORTE-A,R53136372,ABONNEMENT,OK
TKT86958747838,2026-05-16T14:23:56Z,PORTE-C,R57923212,ABONNEMENT,OK
TKT53487484698,2026-05-16T14:23:57Z,PORTE-D,R57232639,ABONNEMENT,OK
TKT82655017486,2026-05-16T14:23:59Z,PORTE-C,R55597634,INVITATION,OK
TKT79862323264,2026-05-16T14:24:00Z,PORTE-D,R58983712,UNITE,OK
TKT27789113980,2026-05-16T14:24:01Z,PORTE-B,R53526786,UNITE,OK
TKT28764266726,2026-05-16T14:24:01Z,PORTE-C,R52772384,UNITE,OK
TKT15412854346,2026-05-16T14:24:04Z,PORTE-D,R55492878,UNITE,OK
TKT74283364463,2026-05-16T14:24:05Z,PORTE-B,R58796057,ABONNEMENT,OK
TKT40470617728,2026-05-16T14:24:05Z,PORTE-C,R56984230,UNITE,OK
TKT13480945524,2026-05-16T14:24:06Z,PORTE-D,R56475919,GROUPE,OK
TKT54109799354,2026-05-16T14:24:06Z,VIP-EST,R52375083,UNITE,OK
TKT48669658266,2026-05-16T14:24:07Z,PORTE-D,R53228925,ABONNEMENT,OK
TKT17364310814,2026-05-16T14:24:08Z,PORTE-B,R51153920,ABONNEMENT,OK
TKT48248690159,2026-05-16T14:24:08Z,PORTE-B,R51104746,UNITE,OK
TKT15672132475,2026-05-16T14:24:09Z,PORTE-D,R57722349,ABONNEMENT,OK
TKT30094077684,2026-05-16T14:24:09Z,PORTE-D,R57951611,ABONNEMENT,OK
TKT10171208702,2026-05-16T14:24:09Z,PORTE-D,R59292788,UNITE,REFUSE_INVALIDE
TKT65078888685,2026-05-16T14:24:09Z,PORTE-A,R53361544,UNITE,OK
TKT81159721558,2026-05-16T14:24:10Z,PORTE-A,R59336800,UNITE,OK
TKT88570698968,2026-05-16T14:24:10Z,PORTE-C,,UNITE,OK
TKT90099441609,2026-05-16T14:24:12Z,VIP-EST,R58778146,UNITE,OK
TKT38774215219,2026-05-16T14:24:12Z,PORTE-C,R57759742,UNITE,OK
TKT28289582137,2026-05-16T14:24:13Z,PORTE-B,R55800939,ABONNEMENT,OK
TKT40527682097,2026-05-16T14:24:13Z,PORTE-C,R53400096,UNITE,OK
TKT87667457269,2026-05-16T14:24:13Z,PORTE-C,,UNITE,OK
TKT14090396524,2026-05-16T14:24:13Z,PORTE-C,R59063593,UNITE,OK
TKT59776099841,2026-05-16T14:24:15Z,PORTE-C,R54461745,ABONNEMENT,OK
TKT46071354301,2026-05-16T14:24:15Z,PORTE-C,R53768844,ABONNEMENT,OK
TKT24356732316,2026-05-16T14:24:16Z,PORTE-D,R59691928,ABONNEMENT,OK
TKT87669203294,2026-05-16T14:24:16Z,PORTE-D,,UNITE,OK
TKT13808913553,2026-05-16T14:24:18Z,PORTE-D,R53335999,ABONNEMENT,OK
TKT94149217803,2026-05-16T14:24:18Z,PORTE-D,R58518636,UNITE,OK
TKT14823584964,2026-05-16T14:24:18Z,PORTE-D,R58710304,UNITE,OK
TKT22845020258,2026-05-16T14:24:19Z,PORTE-C,R54208097,ABONNEMENT,OK
TKT51475552706,2026-05-16T14:24:19Z,PORTE-A,R56051723,ABONNEMENT,OK
TKT92984797985,2026-05-16T14:24:19Z,PORTE-C,R51565655,UNITE,OK
TKT41618537407,2026-05-16T14:24:20Z,PORTE-A,R54838462,ABONNEMENT,OK
TKT12744658224,2026-05-16T14:24:20Z,PORTE-D,R54767421,ABONNEMENT,OK
TKT82491474752,2026-05-16T14:24:20Z,PORTE-B,R53096651,ABONNEMENT,OK
TKT33101275891,2026-05-16T14:24:22Z,VIP-EST,R54445529,ABONNEMENT,OK
TKT53850144609,2026-05-16T14:24:22Z,PORTE-B,R56628690,ABONNEMENT,OK
TKT97514460082,2026-05-16T14:24:22Z,PORTE-D,R52900491,UNITE,OK
TKT36055801795,2026-05-16T14:24:23Z,PORTE-D,R53458532,ABONNEMENT,OK
TKT55823564221,2026-05-16T14:24:23Z,PORTE-C,R51792743,UNITE,OK
TKT24661439750,2026-05-16T14:24:24Z,PORTE-A,R55975721,UNITE,OK
TKT80346044242,2026-05-16T14:24:24Z,PORTE-D,,UNITE,OK
TKT29490556611,2026-05-16T14:24:24Z,PORTE-C,,GROUPE,OK
TKT95486362786,2026-05-16T14:24:25Z,PORTE-A,R51332035,ABONNEMENT,OK
TKT23496712029,2026-05-16T14:24:25Z,VIP-EST,R55490282,ABONNEMENT,OK
TKT29385961001,2026-05-16T14:24:25Z,PORTE-A,R59580975,UNITE,OK
TKT21282994640,2026-05-16T14:24:25Z,PORTE-D,,UNITE,OK
TKT33585038645,2026-05-16T14:24:26Z,PORTE-B,R51853832,ABONNEMENT,OK
TKT75876150555,2026-05-16T14:24:26Z,PORTE-C,R59201997,ABONNEMENT,OK
TKT45300204617,2026-05-16T14:24:26Z,PORTE-D,R53210478,UNITE,OK
TKT23012270388,2026-05-16T14:24:26Z,PORTE-D,R59195810,UNITE,OK
TKT61879626795,2026-05-16T14:24:27Z,PORTE-D,R56301013,UNITE,OK
TKT98894111686,2026-05-16T14:24:28Z,PORTE-B,,UNITE,OK
TKT76304954164,2026-05-16T14:24:28Z,PORTE-B,R51162847,UNITE,OK
TKT66841583271,2026-05-16T14:24:28Z,PORTE-B,R52515125,UNITE,OK
TKT52473186998,2026-05-16T14:24:29Z,PORTE-C,R58291012,UNITE,OK
TKT99225069205,2026-05-16T14:24:29Z,PORTE-C,R52451306,UNITE,OK
TKT81535133271,2026-05-16T14:24:31Z,PORTE-C,,UNITE,OK
TKT44681336247,2026-05-16T14:24:32Z,PORTE-D,R57763085,ABONNEMENT,OK
TKT19767611089,2026-05-16T14:24:32Z,PORTE-B,R57393714,ABONNEMENT,OK
TKT52092728519,2026-05-16T14:24:32Z,PORTE-D,R51607071,UNITE,OK
TKT57422870147,2026-05-16T14:24:33Z,PORTE-D,R59883251,UNITE,OK
TKT41140745460,2026-05-16T14:24:34Z,PORTE-D,R56970620,UNITE,OK
TKT93479880322,2026-05-16T14:24:34Z,PORTE-D,R55240111,UNITE,OK
TKT10027108165,2026-05-16T14:24:36Z,VIP-EST,R52451306,VIP,OK
TKT15257411614,2026-05-16T14:24:37Z,PORTE-C,R54685011,ABONNEMENT,OK
TKT36339395263,2026-05-16T14:24:37Z,VIP-EST,,UNITE,OK
TKT49514089566,2026-05-16T14:24:38Z,PORTE-C,R53839205,ABONNEMENT,OK
TKT32831704994,2026-05-16T14:24:38Z,PORTE-D,R55781189,UNITE,OK
TKT12044215982,2026-05-16T14:24:38Z,PORTE-C,,UNITE,OK
TKT10446601375,2026-05-16T14:24:40Z,PORTE-D,R53803584,ABONNEMENT,OK
TKT82181166590,2026-05-16T14:24:40Z,PORTE-C,R52174364,ABONNEMENT,OK
TKT73261837967,2026-05-16T14:24:41Z,PORTE-D,R57244765,ABONNEMENT,OK
TKT11670504980,2026-05-16T14:24:41Z,PORTE-A,R54707079,ABONNEMENT,OK
TKT41916245135,2026-05-16T14:24:41Z,PORTE-C,R58885689,ABONNEMENT,OK
TKT51075931863,2026-05-16T14:24:43Z,PORTE-B,R53880008,UNITE,OK
TKT54066585678,2026-05-16T14:24:45Z,PORTE-A,R53795347,ABONNEMENT,OK
TKT92661821565,2026-05-16T14:24:46Z,PORTE-A,R57616099,UNITE,OK
TKT59015125114,2026-05-16T14:24:46Z,PORTE-C,R58703149,UNITE,OK
TKT88313896037,2026-05-16T14:24:47Z,PORTE-D,R52793149,ABONNEMENT,OK
TKT98006055410,2026-05-16T14:24:48Z,PORTE-C,R55357328,UNITE,OK
TKT74779837578,2026-05-16T14:24:49Z,VIP-EST,R54655242,ABONNEMENT,REFUSE_DEJA_SCANNE
TKT62611200047,2026-05-16T14:24:52Z,PORTE-C,R57900541,ABONNEMENT,OK
TKT75619170551,2026-05-16T14:24:52Z,PORTE-A,,UNITE,OK
TKT76580794092,2026-05-16T14:24:52Z,PORTE-B,R51859014,UNITE,OK
TKT22479924736,2026-05-16T14:24:52Z,VIP-EST,R58152062,UNITE,OK
TKT78729637241,2026-05-16T14:24:53Z,PORTE-A,R56431448,ABONNEMENT,OK
TKT31648271374,2026-05-16T14:24:53Z,PORTE-C,R53854731,ABONNEMENT,OK
TKT72461433846,2026-05-16T14:24:54Z,PORTE-D,R53552254,ABONNEMENT,OK
TKT58491866650,2026-05-16T14:24:56Z,PORTE-D,R54684053,ABONNEMENT,OK
TKT89166773194,2026-05-16T14:24:56Z,PORTE-C,,UNITE,OK
TKT13090064980,2026-05-16T14:24:57Z,PORTE-D,R58106164,UNITE,OK
TKT70915828393,2026-05-16T14:24:58Z,VIP-EST,,VIP,OK
TKT18069487870,2026-05-16T14:24:58Z,PORTE-C,,UNITE,OK
TKT51912811322,2026-05-16T14:24:59Z,PORTE-C,R51791852,UNITE,OK
TKT10039410436,2026-05-16T14:25:00Z,PORTE-C,R56350398,UNITE,OK
TKT73721662180,2026-05-16T14:25:00Z,PORTE-D,R52486448,GROUPE,OK
TKT73857789909,2026-05-16T14:25:01Z,PORTE-C,,UNITE,OK
TKT26591599548,2026-05-16T14:25:02Z,VIP-EST,R59166788,ABONNEMENT,OK
TKT35330892928,2026-05-16T14:25:02Z,PORTE-D,R58028514,ABONNEMENT,OK
TKT97790514096,2026-05-16T14:25:02Z,PORTE-C,R57346724,UNITE,OK
TKT64986763730,2026-05-16T14:25:03Z,PORTE-C,R55753202,ABONNEMENT,OK
TKT49691737385,2026-05-16T14:25:04Z,PORTE-C,R57290673,ABONNEMENT,OK
TKT36344471693,2026-05-16T14:25:04Z,PORTE-A,R55777990,VIP,OK
TKT19188368469,2026-05-16T14:25:04Z,PORTE-D,,UNITE,OK
TKT18362875886,2026-05-16T14:25:04Z,PORTE-D,,INVITATION,OK
TKT76617802415,2026-05-16T14:25:05Z,PORTE-C,R52470031,ABONNEMENT,OK
TKT33508434815,2026-05-16T14:25:05Z,PORTE-C,R54021065,UNITE,OK
TKT45281528650,2026-05-16T14:25:05Z,PORTE-B,,UNITE,OK
TKT32729865539,2026-05-16T14:25:06Z,PORTE-D,R52832937,UNITE,OK
TKT76428594935,2026-05-16T14:25:07Z,PORTE-B,R51015526,UNITE,OK
TKT81156232526,2026-05-16T14:25:07Z,PORTE-D,R58033284,UNITE,OK
TKT17109295468,2026-05-16T14:25:09Z,PORTE-C,R59649018,ABONNEMENT,OK
TKT79219420686,2026-05-16T14:25:10Z,PORTE-C,,UNITE,OK
TKT50694580232,2026-05-16T14:25:11Z,PORTE-C,R56635778,ABONNEMENT,OK
TKT14964014235,2026-05-16T14:25:12Z,PORTE-C,R56934309,ABONNEMENT,OK
TKT80060211719,2026-05-16T14:25:12Z,PORTE-D,R55441185,UNITE,OK
TKT33477815673,2026-05-16T14:25:12Z,PORTE-D,R58670469,UNITE,OK
TKT51169726634,2026-05-16T14:25:13Z,PORTE-C,,UNITE,OK
TKT18590185321,2026-05-16T14:25:13Z,PORTE-C,R59291706,UNITE,OK
TKT43249487813,2026-05-16T14:25:14Z,VIP-EST,R56948609,ABONNEMENT,OK
TKT11464243583,2026-05-16T14:25:17Z,PORTE-D,R54081139,ABONNEMENT,OK
TKT70417424137,2026-05-16T14:25:17Z,PORTE-D,R57667591,UNITE,OK
TKT39104963885,2026-05-16T14:25:17Z,VIP-EST,R59750776,VIP,OK
TKT82856766180,2026-05-16T14:25:18Z,PORTE-D,R54426526,UNITE,OK
TKT53622292849,2026-05-16T14:25:19Z,PORTE-C,R51276530,ABONNEMENT,OK
TKT90804669752,2026-05-16T14:25:21Z,PORTE-C,R55256260,UNITE,OK
TKT77529002131,2026-05-16T14:25:22Z,PORTE-C,R52130563,ABONNEMENT,OK
TKT51343489611,2026-05-16T14:25:22Z,PORTE-A,R51967448,UNITE,OK
TKT30708182893,2026-05-16T14:25:23Z,VIP-EST,R53420938,ABONNEMENT,OK
TKT69908270716,2026-05-16T14:25:23Z,PORTE-D,,UNITE,OK
TKT90651112188,2026-05-16T14:25:24Z,PORTE-B,R54607974,ABONNEMENT,OK
TKT14867852698,2026-05-16T14:25:25Z,PORTE-D,R54154488,UNITE,OK
TKT56887712777,2026-05-16T14:25:26Z,PORTE-D,R56166220,UNITE,OK
TKT11129332294,2026-05-16T14:25:28Z,PORTE-D,R56992956,ABONNEMENT,OK
TKT18768114962,2026-05-16T14:25:28Z,PORTE-C,R53364197,UNITE,OK
TKT13048226101,2026-05-16T14:25:28Z,PORTE-C,,GROUPE,OK
TKT64775626620,2026-05-16T14:25:29Z,PORTE-C,R58971375,ABONNEMENT,OK
TKT50870627083,2026-05-16T14:25:29Z,PORTE-B,R52590179,ABONNEMENT,OK
TKT65947213089,2026-05-16T14:25:29Z,PORTE-D,R57286382,GROUPE,OK
TKT87805600899,2026-05-16T14:25:30Z,VIP-EST,R58989219,ABONNEMENT,OK
TKT74066944394,2026-05-16T14:25:30Z,PORTE-C,R54296235,UNITE,OK
TKT29664014884,2026-05-16T14:25:31Z,PORTE-C,R52747519,ABONNEMENT,OK
TKT91615472164,2026-05-16T14:25:32Z,PORTE-D,R54110965,ABONNEMENT,OK
TKT18367555826,2026-05-16T14:25:32Z,PORTE-C,R52053670,UNITE,OK
TKT97466039472,2026-05-16T14:25:33Z,PORTE-D,R59945633,UNITE,OK
TKT13278878391,2026-05-16T14:25:34Z,PORTE-C,R53395393,ABONNEMENT,OK
TKT15957743117,2026-05-16T14:25:34Z,PORTE-C,R54996271,ABONNEMENT,OK
TKT36492539653,2026-05-16T14:25:34Z,PORTE-C,R54118053,INVITATION,OK
TKT49596387944,2026-05-16T14:25:36Z,PORTE-C,R52888710,ABONNEMENT,OK
TKT39914773982,2026-05-16T14:25:36Z,VIP-EST,R54358895,VIP,OK
TKT63547394017,2026-05-16T14:25:38Z,PORTE-C,R52324894,UNITE,OK
TKT85363772724,2026-05-16T14:25:40Z,PORTE-B,,UNITE,OK
TKT77492013558,2026-05-16T14:25:41Z,PORTE-C,,UNITE,OK
TKT38682659776,2026-05-16T14:25:42Z,PORTE-C,R52585898,ABONNEMENT,OK
TKT11079114658,2026-05-16T14:25:42Z,PORTE-A,R56391603,ABONNEMENT,OK
TKT67897893409,2026-05-16T14:25:44Z,PORTE-C,R54870472,ABONNEMENT,OK
TKT41390132855,2026-05-16T14:25:46Z,PORTE-C,,UNITE,OK
TKT48503851865,2026-05-16T14:25:46Z,PORTE-D,R58205192,UNITE,OK
TKT90030448343,2026-05-16T14:25:47Z,PORTE-C,,UNITE,OK
TKT34699209107,2026-05-16T14:25:48Z,PORTE-D,R54617715,ABONNEMENT,OK
TKT78727651987,2026-05-16T14:25:48Z,PORTE-C,R58008697,UNITE,OK
TKT62458098777,2026-05-16T14:25:50Z,PORTE-D,R52972825,UNITE,OK
TKT72694187929,2026-05-16T14:25:50Z,PORTE-D,R51268963,UNITE,OK
TKT85117025062,2026-05-16T14:25:51Z,PORTE-D,R54732825,UNITE,REFUSE_DEJA_SCANNE
TKT21478558747,2026-05-16T14:25:52Z,PORTE-B,R51770464,UNITE,OK
TKT84392210858,2026-05-16T14:25:52Z,PORTE-D,R55119149,UNITE,OK
TKT82304173355,2026-05-16T14:25:52Z,PORTE-D,R53180565,UNITE,OK
TKT55467294986,2026-05-16T14:25:53Z,PORTE-C,R51612990,ABONNEMENT,OK
TKT52987535744,2026-05-16T14:25:53Z,PORTE-C,,UNITE,OK
TKT68369127022,2026-05-16T14:25:54Z,PORTE-C,R57262063,ABONNEMENT,OK
TKT88812773962,2026-05-16T14:25:55Z,PORTE-D,R53576161,ABONNEMENT,REFUSE_DEJA_SCANNE
TKT95138731525,2026-05-16T14:25:55Z,PORTE-D,R51727008,UNITE,OK
TKT57944759869,2026-05-16T14:25:56Z,PORTE-D,R55601791,ABONNEMENT,OK
TKT92912269199,2026-05-16T14:25:56Z,PORTE-B,R59658826,ABONNEMENT,OK
TKT51282296575,2026-05-16T14:25:57Z,PORTE-B,R56724596,UNITE,OK
TKT99917106904,2026-05-16T14:25:58Z,PORTE-A,R53678331,ABONNEMENT,OK
TKT52582391809,2026-05-16T14:25:58Z,VIP-EST,,UNITE,OK
TKT12348095708,2026-05-16T14:25:58Z,PORTE-D,R58372886,UNITE,OK
TKT29764864280,2026-05-16T14:25:59Z,PORTE-D,R54501590,UNITE,OK
TKT14239755575,2026-05-16T14:26:00Z,PORTE-C,,UNITE,OK
TKT32160326691,2026-05-16T14:26:00Z,PORTE-D,R55774101,UNITE,OK
TKT18248007689,2026-05-16T14:26:00Z,PORTE-C,R51521586,UNITE,OK
TKT74719601214,2026-05-16T14:26:01Z,PORTE-D,R51852137,ABONNEMENT,OK
TKT70055792332,2026-05-16T14:26:01Z,PORTE-D,R52757595,ABONNEMENT,OK
TKT52561345967,2026-05-16T14:26:01Z,PORTE-C,,UNITE,OK
TKT50882693883,2026-05-16T14:26:01Z,PORTE-D,R53106948,UNITE,OK
TKT82599607251,2026-05-16T14:26:03Z,PORTE-C,R51356756,UNITE,OK
TKT76598410250,2026-05-16T14:26:04Z,PORTE-D,R51977658,UNITE,OK
TKT26109036385,2026-05-16T14:26:05Z,VIP-EST,R51240698,ABONNEMENT,OK
TKT81298089243,2026-05-16T14:26:05Z,PORTE-C,R51414857,ABONNEMENT,OK
TKT56277031716,2026-05-16T14:26:06Z,PORTE-D,R51426370,ABONNEMENT,OK
TKT30834743917,2026-05-16T14:26:06Z,PORTE-D,R59824125,ABONNEMENT,OK
TKT98657302015,2026-05-16T14:26:06Z,PORTE-A,R57036268,ABONNEMENT,OK
TKT33718338388,2026-05-16T14:26:06Z,PORTE-A,R58478801,UNITE,OK
TKT75267925205,2026-05-16T14:26:06Z,PORTE-D,R57598935,UNITE,OK
TKT52158654413,2026-05-16T14:26:06Z,PORTE-D,R57317980,UNITE,OK
TKT87955569459,2026-05-16T14:26:07Z,PORTE-A,R51728100,UNITE,OK
TKT41552245592,2026-05-16T14:26:08Z,PORTE-C,R59218759,ABONNEMENT,OK
TKT18452269761,2026-05-16T14:26:08Z,PORTE-D,R55497705,ABONNEMENT,OK
TKT95579751749,2026-05-16T14:26:08Z,PORTE-D,R54190732,UNITE,OK
TKT63864583033,2026-05-16T14:26:09Z,PORTE-A,R52028269,ABONNEMENT,OK
TKT27457975087,2026-05-16T14:26:09Z,PORTE-C,R58499231,ABONNEMENT,OK
TKT91560561478,2026-05-16T14:26:09Z,VIP-EST,R53558116,UNITE,OK
TKT82151831267,2026-05-16T14:26:09Z,VIP-EST,R58601803,UNITE,OK
TKT27246160420,2026-05-16T14:26:10Z,PORTE-B,R59182793,ABONNEMENT,OK
TKT14319921880,2026-05-16T14:26:11Z,PORTE-C,R54634611,ABONNEMENT,OK
TKT53023348564,2026-05-16T14:26:11Z,PORTE-B,R57380171,UNITE,OK
TKT20959607040,2026-05-16T14:26:12Z,VIP-EST,R57651241,ABONNEMENT,OK
TKT58358459039,2026-05-16T14:26:12Z,PORTE-D,R57890455,UNITE,OK
TKT40993985589,2026-05-16T14:26:14Z,PMR-NORD,R54310324,ABONNEMENT,OK
TKT36743211423,2026-05-16T14:26:14Z,PORTE-B,,UNITE,OK
TKT49710219276,2026-05-16T14:26:14Z,PORTE-C,R59170064,UNITE,OK
TKT97327230608,2026-05-16T14:26:14Z,PORTE-C,R56848422,UNITE,OK
TKT64567072416,2026-05-16T14:26:14Z,PORTE-A,R58356469,UNITE,OK
TKT21740434457,2026-05-16T14:26:16Z,PORTE-C,R51308262,UNITE,OK
TKT55644971910,2026-05-16T14:26:18Z,PORTE-B,R57261929,ABONNEMENT,REFUSE_DEJA_SCANNE
TKT98489193168,2026-05-16T14:26:18Z,PORTE-B,R56370493,UNITE,OK
TKT53113628213,2026-05-16T14:26:20Z,PORTE-C,R56151240,ABONNEMENT,OK
TKT80217793087,2026-05-16T14:26:22Z,PORTE-D,R56632378,UNITE,OK
TKT88140754601,2026-05-16T14:26:23Z,PORTE-B,,UNITE,OK
TKT70551694837,2026-05-16T14:26:25Z,PORTE-D,R55881376,UNITE,OK
TKT76385699264,2026-05-16T14:26:26Z,PORTE-B,R57499773,UNITE,OK
TKT19799035620,2026-05-16T14:26:26Z,PORTE-D,,UNITE,OK
TKT34183494906,2026-05-16T14:26:26Z,VIP-EST,R55477543,UNITE,OK
TKT21711211335,2026-05-16T14:26:28Z,VIP-EST,,UNITE,OK
TKT63701464695,2026-05-16T14:26:28Z,PORTE-C,R57847200,UNITE,OK
TKT57110959912,2026-05-16T14:26:29Z,PORTE-C,R54797257,ABONNEMENT,OK
TKT93162906205,2026-05-16T14:26:30Z,PORTE-D,R52022551,UNITE,OK
TKT60159287769,2026-05-16T14:26:31Z,PORTE-D,R57600985,UNITE,OK
TKT41128116627,2026-05-16T14:26:32Z,PORTE-C,R56228133,UNITE,OK
TKT77617172158,2026-05-16T14:26:32Z,PORTE-D,R57294351,UNITE,OK
TKT55299852519,2026-05-16T14:26:34Z,PORTE-C,R58455641,ABONNEMENT,OK
TKT35943005297,2026-05-16T14:26:35Z,VIP-EST,R54708851,VIP,OK
TKT32997554316,2026-05-16T14:26:35Z,PORTE-D,,UNITE,OK
TKT57600486659,2026-05-16T14:26:38Z,PORTE-D,R52149030,UNITE,OK
TKT35037234682,2026-05-16T14:26:39Z,PORTE-B,R54799987,ABONNEMENT,OK
TKT43280766370,2026-05-16T14:26:40Z,PORTE-C,,UNITE,OK
TKT28350155298,2026-05-16T14:26:40Z,PORTE-B,,UNITE,OK
TKT24403257640,2026-05-16T14:26:41Z,PORTE-D,R52221153,ABONNEMENT,OK
TKT95576093326,2026-05-16T14:26:41Z,PORTE-B,R56920411,ABONNEMENT,OK
TKT20240095562,2026-05-16T14:26:42Z,PORTE-B,R58217050,ABONNEMENT,OK
TKT44320518265,2026-05-16T14:26:42Z,PORTE-C,R52044207,UNITE,OK
TKT22463048573,2026-05-16T14:26:44Z,PORTE-A,,VIP,OK
TKT45988193494,2026-05-16T14:26:44Z,PORTE-D,R57958220,UNITE,OK
TKT67426335644,2026-05-16T14:26:45Z,PORTE-C,R54199716,UNITE,OK
TKT32707388594,2026-05-16T14:26:45Z,PORTE-A,R57607718,UNITE,OK
TKT95407839588,2026-05-16T14:26:46Z,PORTE-C,R56615894,UNITE,OK
TKT33970387217,2026-05-16T14:26:46Z,PORTE-C,R52889467,UNITE,OK
TKT65088542715,2026-05-16T14:26:47Z,PORTE-D,R54224035,ABONNEMENT,OK
TKT14061257507,2026-05-16T14:26:47Z,PORTE-D,R52967653,UNITE,OK
TKT46315565856,2026-05-16T14:26:47Z,PORTE-C,R58113309,UNITE,OK
TKT45972604854,2026-05-16T14:26:49Z,PORTE-C,R52447283,UNITE,OK
TKT80933222521,2026-05-16T14:26:51Z,VIP-EST,R56048869,ABONNEMENT,OK
TKT19219315696,2026-05-16T14:26:51Z,VIP-EST,R54464120,VIP,OK
TKT86855524316,2026-05-16T14:26:51Z,PORTE-C,,UNITE,OK
TKT91880126229,2026-05-16T14:26:52Z,PORTE-B,R58321461,ABONNEMENT,OK
TKT82773605201,2026-05-16T14:26:53Z,PORTE-A,R52289129,UNITE,OK
TKT98047814517,2026-05-16T14:26:54Z,VIP-EST,R51356488,ABONNEMENT,OK
TKT58893270058,2026-05-16T14:26:54Z,PORTE-D,R58996029,UNITE,OK
TKT36220211687,2026-05-16T14:26:55Z,PORTE-C,R52091887,UNITE,OK
TKT96105986819,2026-05-16T14:26:56Z,VIP-EST,R58166372,ABONNEMENT,OK
TKT89270141264,2026-05-16T14:26:56Z,PORTE-C,R55744131,UNITE,OK
TKT70222086234,2026-05-16T14:26:58Z,PORTE-C,R54264828,ABONNEMENT,OK
TKT31646620416,2026-05-16T14:26:58Z,PORTE-C,R57736525,UNITE,OK
TKT74433864237,2026-05-16T14:26:58Z,VIP-EST,R53253455,UNITE,OK
TKT44756871079,2026-05-16T14:26:59Z,PORTE-A,R51668304,ABONNEMENT,OK
TKT38633916549,2026-05-16T14:26:59Z,PORTE-D,R56661735,UNITE,REFUSE_INVALIDE
TKT92734994588,2026-05-16T14:27:00Z,PORTE-C,R59416145,UNITE,OK
TKT43688491101,2026-05-16T14:27:01Z,PORTE-A,R53143182,ABONNEMENT,OK
TKT40967863120,2026-05-16T14:27:01Z,PORTE-A,R53724229,ABONNEMENT,OK
TKT67944353482,2026-05-16T14:27:01Z,PORTE-A,R59295585,UNITE,OK
TKT23723198027,2026-05-16T14:27:02Z,VIP-EST,R56955151,VIP,OK
TKT13479498149,2026-05-16T14:27:03Z,PORTE-A,,UNITE,OK
TKT37939139960,2026-05-16T14:27:04Z,PORTE-C,R54835464,ABONNEMENT,OK
TKT19304614629,2026-05-16T14:27:06Z,PORTE-C,R56375598,UNITE,OK
TKT56149062666,2026-05-16T14:27:08Z,PORTE-D,R52346349,ABONNEMENT,OK
TKT97178947140,2026-05-16T14:27:08Z,VIP-EST,R52297989,ABONNEMENT,OK
TKT20711599779,2026-05-16T14:27:08Z,VIP-EST,,VIP,OK
TKT69440426431,2026-05-16T14:27:09Z,PORTE-C,R56490095,ABONNEMENT,OK
TKT31576401637,2026-05-16T14:27:09Z,PORTE-C,R52448576,ABONNEMENT,OK
TKT76296794755,2026-05-16T14:27:10Z,PORTE-C,,GROUPE,OK
TKT15638009842,2026-05-16T14:27:10Z,PORTE-C,,UNITE,OK
TKT99000649066,2026-05-16T14:27:11Z,PORTE-D,R56491522,ABONNEMENT,OK
TKT23842548649,2026-05-16T14:27:11Z,PORTE-D,R59382152,ABONNEMENT,OK
TKT86050024846,2026-05-16T14:27:11Z,PORTE-D,R56705928,UNITE,OK
TKT60206094626,2026-05-16T14:27:12Z,PORTE-B,R57314503,ABONNEMENT,OK
TKT63881370453,2026-05-16T14:27:13Z,PORTE-B,R52381625,ABONNEMENT,OK
TKT68145150995,2026-05-16T14:27:13Z,PORTE-B,R52897302,UNITE,OK
TKT84697561780,2026-05-16T14:27:14Z,PORTE-D,R56762123,UNITE,OK
TKT51064858737,2026-05-16T14:27:15Z,PORTE-D,R59610667,UNITE,OK
TKT84777356675,2026-05-16T14:27:15Z,PORTE-D,R52305546,INVITATION,OK
TKT54911055155,2026-05-16T14:27:17Z,PORTE-A,R56990705,UNITE,OK
TKT10710978968,2026-05-16T14:27:20Z,PORTE-C,R53703330,ABONNEMENT,OK
TKT16021068141,2026-05-16T14:27:20Z,PORTE-B,R56512230,ABONNEMENT,OK
TKT39930150931,2026-05-16T14:27:20Z,PORTE-C,R52373110,ABONNEMENT,OK
TKT78157725390,2026-05-16T14:27:20Z,PORTE-C,R54765180,UNITE,OK
TKT44332878913,2026-05-16T14:27:22Z,PORTE-C,,GROUPE,OK
TKT19777211749,2026-05-16T14:27:25Z,PORTE-D,R52817545,UNITE,OK
TKT76385699264,2026-05-16T14:27:26Z,PORTE-B,R57499773,UNITE,REFUSE_DEJA_SCANNE
TKT46513968640,2026-05-16T14:27:27Z,PORTE-B,R51144802,ABONNEMENT,OK
TKT79688435363,2026-05-16T14:27:28Z,VIP-EST,R59590706,ABONNEMENT,OK
TKT33305894814,2026-05-16T14:27:28Z,VIP-EST,,VIP,OK
TKT50860887231,2026-05-16T14:27:30Z,PORTE-C,R51423774,ABONNEMENT,OK
TKT42957554935,2026-05-16T14:27:30Z,PORTE-C,R57466661,INVITATION,OK
TKT87488278664,2026-05-16T14:27:31Z,VIP-EST,R53400709,UNITE,OK
TKT64814474661,2026-05-16T14:27:33Z,PORTE-C,,GROUPE,OK
TKT65179536162,2026-05-16T14:27:33Z,VIP-EST,R58919548,UNITE,OK
TKT76968275494,2026-05-16T14:27:34Z,PORTE-C,,UNITE,OK
TKT22771218522,2026-05-16T14:27:36Z,VIP-EST,R51825778,VIP,OK
TKT26752074940,2026-05-16T14:27:37Z,PORTE-C,,GROUPE,OK
TKT60096545069,2026-05-16T14:27:38Z,PORTE-D,,UNITE,OK
TKT51285748607,2026-05-16T14:27:38Z,PORTE-C,,UNITE,OK
TKT68661957702,2026-05-16T14:27:40Z,PORTE-A,R54458814,ABONNEMENT,OK
TKT11869137517,2026-05-16T14:27:40Z,PORTE-B,R58950600,ABONNEMENT,OK
TKT38892562007,2026-05-16T14:27:40Z,PORTE-B,R58943388,UNITE,OK
TKT78629776564,2026-05-16T14:27:40Z,PORTE-D,R55257419,UNITE,OK
TKT68060403148,2026-05-16T14:27:41Z,PORTE-D,R57724600,UNITE,OK
TKT62194690846,2026-05-16T14:27:41Z,PORTE-C,,UNITE,OK
TKT68136986102,2026-05-16T14:27:41Z,PORTE-C,R51031052,UNITE,OK
TKT54379642276,2026-05-16T14:27:42Z,PORTE-C,R53402270,ABONNEMENT,OK
TKT50401844081,2026-05-16T14:27:45Z,PORTE-A,R53610834,ABONNEMENT,OK
TKT94231412871,2026-05-16T14:27:45Z,VIP-EST,R53757877,ABONNEMENT,OK
TKT81306368673,2026-05-16T14:27:49Z,PORTE-A,R53349619,ABONNEMENT,REFUSE_DEJA_SCANNE
TKT22604719581,2026-05-16T14:27:49Z,PORTE-C,R59485347,UNITE,OK
TKT40980146278,2026-05-16T14:27:51Z,PORTE-B,R55901126,ABONNEMENT,OK
TKT93989496760,2026-05-16T14:27:52Z,PORTE-C,R56307277,ABONNEMENT,OK
TKT35961409379,2026-05-16T14:27:52Z,VIP-EST,R57182229,ABONNEMENT,OK
TKT39864972960,2026-05-16T14:27:52Z,VIP-EST,R51718838,VIP,OK
TKT68888138431,2026-05-16T14:27:52Z,PORTE-C,R57768200,UNITE,OK
TKT45770261161,2026-05-16T14:27:54Z,PORTE-C,R54747393,INVITATION,OK
TKT66861548273,2026-05-16T14:27:54Z,PORTE-C,R56463056,UNITE,REFUSE_DEJA_SCANNE
TKT76706284485,2026-05-16T14:27:54Z,PORTE-D,,UNITE,OK
TKT78773327856,2026-05-16T14:27:54Z,PORTE-D,R53338930,INVITATION,OK
TKT70190864814,2026-05-16T14:27:55Z,PORTE-D,R55548460,ABONNEMENT,OK
TKT44720016954,2026-05-16T14:27:56Z,PORTE-C,R56663430,ABONNEMENT,OK
TKT66287620435,2026-05-16T14:27:56Z,PORTE-B,R51176467,UNITE,OK
TKT87678840240,2026-05-16T14:27:57Z,PORTE-C,,UNITE,OK
TKT68339092576,2026-05-16T14:27:58Z,PORTE-B,R57646682,UNITE,OK
TKT55278836496,2026-05-16T14:27:59Z,PORTE-D,R52751810,UNITE,OK
TKT74302145727,2026-05-16T14:28:00Z,PORTE-C,,INVITATION,OK
TKT49926841432,2026-05-16T14:28:01Z,PORTE-D,R52207734,UNITE,OK
TKT10444079648,2026-05-16T14:28:01Z,PORTE-C,R57621616,UNITE,OK
TKT20083223833,2026-05-16T14:28:02Z,VIP-EST,R58195049,ABONNEMENT,OK
TKT39836896245,2026-05-16T14:28:02Z,VIP-EST,,VIP,OK
TKT52411758835,2026-05-16T14:28:03Z,PORTE-C,R57266622,ABONNEMENT,OK
TKT27131728714,2026-05-16T14:28:03Z,PORTE-C,R58553577,UNITE,OK
TKT21593950183,2026-05-16T14:28:04Z,PORTE-B,R59143149,UNITE,OK
TKT60805673330,2026-05-16T14:28:06Z,PORTE-C,,UNITE,OK
TKT74731479726,2026-05-16T14:28:06Z,PORTE-B,R55085568,UNITE,OK
TKT24556615743,2026-05-16T14:28:09Z,VIP-EST,R56816000,ABONNEMENT,OK
TKT86002544504,2026-05-16T14:28:09Z,PORTE-D,R56061876,UNITE,OK
TKT44981600960,2026-05-16T14:28:09Z,PORTE-D,R53449538,UNITE,OK
TKT72502135950,2026-05-16T14:28:09Z,PORTE-D,,INVITATION,OK
TKT28367204270,2026-05-16T14:28:10Z,PORTE-D,,UNITE,OK
TKT31169996924,2026-05-16T14:28:12Z,PORTE-A,R55749591,ABONNEMENT,OK
TKT90560771311,2026-05-16T14:28:12Z,PORTE-B,R58127887,UNITE,OK
TKT77311987710,2026-05-16T14:28:12Z,PORTE-D,R59129606,UNITE,OK
TKT79708274472,2026-05-16T14:28:15Z,PORTE-D,R51517429,UNITE,OK
TKT46606587212,2026-05-16T14:28:17Z,PORTE-C,R53241252,ABONNEMENT,OK
TKT93257701631,2026-05-16T14:28:17Z,VIP-EST,,VIP,OK
TKT36300802196,2026-05-16T14:28:18Z,PORTE-C,R53967111,UNITE,OK
TKT37665983335,2026-05-16T14:28:19Z,PORTE-C,R57509025,ABONNEMENT,OK
TKT21540025498,2026-05-16T14:28:20Z,PORTE-B,,UNITE,OK
TKT14673274380,2026-05-16T14:28:20Z,PORTE-C,R51945648,UNITE,OK
TKT19571673054,2026-05-16T14:28:20Z,PORTE-C,,UNITE,OK
TKT42055340243,2026-05-16T14:28:21Z,PORTE-D,R58839714,ABONNEMENT,OK
TKT78595062722,2026-05-16T14:28:21Z,PORTE-B,R57838628,UNITE,OK
TKT19743501902,2026-05-16T14:28:23Z,PORTE-D,R59260912,UNITE,OK
TKT29827975759,2026-05-16T14:28:23Z,PORTE-C,R56390846,UNITE,OK
TKT48773314290,2026-05-16T14:28:24Z,PORTE-D,R54331722,ABONNEMENT,OK
TKT94738824657,2026-05-16T14:28:24Z,PORTE-D,R54581414,UNITE,OK
TKT96316408086,2026-05-16T14:28:26Z,PORTE-D,R56383969,ABONNEMENT,OK
TKT57850539561,2026-05-16T14:28:26Z,PORTE-B,,UNITE,OK
TKT43480599000,2026-05-16T14:28:26Z,PORTE-B,R56574890,UNITE,OK
TKT61190822030,2026-05-16T14:28:27Z,PORTE-C,R52870397,ABONNEMENT,OK
TKT61634647099,2026-05-16T14:28:27Z,PORTE-C,R57715137,UNITE,OK
TKT82826809681,2026-05-16T14:28:27Z,PORTE-A,R52968400,UNITE,OK
TKT97384555967,2026-05-16T14:28:28Z,PORTE-D,R53364465,UNITE,OK
TKT58099316639,2026-05-16T14:28:29Z,PORTE-D,R56587763,ABONNEMENT,OK
TKT67987971453,2026-05-16T14:28:29Z,PORTE-A,,UNITE,OK
TKT93620997801,2026-05-16T14:28:29Z,PORTE-C,,UNITE,OK
TKT38345264708,2026-05-16T14:28:31Z,PORTE-B,R56143060,UNITE,OK
TKT84541001550,2026-05-16T14:28:32Z,VIP-EST,R56849313,ABONNEMENT,OK
TKT81271166868,2026-05-16T14:28:32Z,PORTE-D,R54905490,UNITE,OK
TKT74066850141,2026-05-16T14:28:33Z,PORTE-B,R57867563,ABONNEMENT,OK
TKT41080187338,2026-05-16T14:28:33Z,PORTE-D,R51001906,UNITE,OK
TKT26326903447,2026-05-16T14:28:34Z,PORTE-D,R56763761,ABONNEMENT,OK
TKT79844680818,2026-05-16T14:28:34Z,PORTE-C,R53500896,UNITE,OK
TKT21456627031,2026-05-16T14:28:34Z,PORTE-A,R58131220,UNITE,OK
TKT61819009041,2026-05-16T14:28:35Z,PORTE-C,R56771586,UNITE,OK
TKT77805532475,2026-05-16T14:28:38Z,VIP-EST,R57660302,ABONNEMENT,OK
TKT61560923149,2026-05-16T14:28:40Z,PORTE-C,R53733089,ABONNEMENT,OK
TKT78949203641,2026-05-16T14:28:40Z,PORTE-D,R56072019,UNITE,OK
TKT69333526891,2026-05-16T14:28:40Z,PORTE-D,R51982093,UNITE,OK
TKT74950580817,2026-05-16T14:28:41Z,PORTE-A,R58913351,ABONNEMENT,OK
TKT42814486139,2026-05-16T14:28:42Z,VIP-EST,R54977278,ABONNEMENT,OK
TKT59654221014,2026-05-16T14:28:42Z,PORTE-D,R52029763,ABONNEMENT,OK
TKT62195068749,2026-05-16T14:28:43Z,PORTE-C,R52728995,UNITE,OK
TKT69147691756,2026-05-16T14:28:43Z,PORTE-C,,UNITE,OK
TKT71668738709,2026-05-16T14:28:45Z,PORTE-C,R52244524,ABONNEMENT,OK
TKT84773398703,2026-05-16T14:28:46Z,VIP-EST,R57671346,ABONNEMENT,OK
TKT12745642092,2026-05-16T14:28:47Z,PORTE-A,,GROUPE,OK
TKT40366708699,2026-05-16T14:28:50Z,PORTE-D,R55552329,UNITE,OK
TKT23783010012,2026-05-16T14:28:51Z,PORTE-D,R57174538,ABONNEMENT,OK
TKT91473284798,2026-05-16T14:28:52Z,PORTE-A,R52195484,ABONNEMENT,OK
TKT27750147873,2026-05-16T14:28:52Z,PORTE-D,R52373244,UNITE,OK
TKT17812908890,2026-05-16T14:28:54Z,PORTE-D,R51242269,ABONNEMENT,OK
TKT84090740446,2026-05-16T14:28:54Z,PORTE-A,R55746583,ABONNEMENT,OK
TKT88567683150,2026-05-16T14:28:55Z,PORTE-D,R54366931,UNITE,OK
TKT92653725804,2026-05-16T14:28:56Z,PORTE-C,R54292691,UNITE,OK
TKT68625456917,2026-05-16T14:28:57Z,PORTE-D,R56774316,ABONNEMENT,OK
TKT27815143209,2026-05-16T14:28:57Z,PORTE-D,R54199783,UNITE,OK
TKT74751981607,2026-05-16T14:28:57Z,PORTE-C,R58825548,UNITE,OK
TKT87715247385,2026-05-16T14:28:58Z,PORTE-C,R59635331,ABONNEMENT,OK
TKT43094751191,2026-05-16T14:28:58Z,PORTE-C,R58108482,ABONNEMENT,OK
TKT88439384810,2026-05-16T14:28:58Z,PORTE-B,,UNITE,OK
TKT10932163973,2026-05-16T14:28:58Z,PORTE-C,,UNITE,OK
TKT45887099702,2026-05-16T14:28:59Z,PORTE-A,R58137159,ABONNEMENT,OK
TKT86945626882,2026-05-16T14:28:59Z,PORTE-C,R57643004,INVITATION,OK
TKT79694667189,2026-05-16T14:29:00Z,PORTE-C,R53049450,UNITE,OK
TKT61974967033,2026-05-16T14:29:00Z,PORTE-D,R51405193,UNITE,REFUSE_DEJA_SCANNE
TKT90766017222,2026-05-16T14:29:01Z,PORTE-D,,UNITE,OK
TKT76309049337,2026-05-16T14:29:02Z,VIP-EST,R52631873,INVITATION,OK
TKT40276003359,2026-05-16T14:29:02Z,PORTE-D,R55792769,INVITATION,OK
TKT36141654874,2026-05-16T14:29:03Z,PORTE-D,R57075711,ABONNEMENT,OK
TKT85380618152,2026-05-16T14:29:03Z,PORTE-A,R52374949,UNITE,OK
TKT35777785024,2026-05-16T14:29:03Z,PORTE-A,R54879945,UNITE,OK
TKT88924676283,2026-05-16T14:29:05Z,PORTE-D,,UNITE,OK
TKT65261603010,2026-05-16T14:29:06Z,PORTE-A,R58453457,ABONNEMENT,OK
TKT69304293389,2026-05-16T14:29:07Z,PORTE-C,R55199050,ABONNEMENT,OK
TKT91489345744,2026-05-16T14:29:07Z,PORTE-D,,GROUPE,OK
TKT53644398807,2026-05-16T14:29:08Z,PORTE-B,R54146586,UNITE,OK
TKT96918835050,2026-05-16T14:29:09Z,PORTE-C,R53747734,ABONNEMENT,OK
TKT84538138873,2026-05-16T14:29:09Z,PORTE-C,R59728497,UNITE,OK
TKT84637608983,2026-05-16T14:29:09Z,VIP-EST,R54807477,VIP,OK
TKT13645867426,2026-05-16T14:29:10Z,PORTE-C,R55144895,UNITE,OK
TKT41532320722,2026-05-16T14:29:11Z,PORTE-D,R54851268,UNITE,OK
TKT13770906561,2026-05-16T14:29:12Z,PORTE-C,R56041034,ABONNEMENT,OK
TKT67311647552,2026-05-16T14:29:13Z,PORTE-C,R51611429,INVITATION,OK
TKT96360245198,2026-05-16T14:29:14Z,PORTE-A,R54927960,ABONNEMENT,OK
TKT41954583198,2026-05-16T14:29:15Z,PORTE-D,R52140860,ABONNEMENT,OK
TKT83544866154,2026-05-16T14:29:15Z,PORTE-C,R58396726,UNITE,OK
TKT36367648632,2026-05-16T14:29:16Z,PORTE-C,R57933643,UNITE,OK
TKT11648882144,2026-05-16T14:29:17Z,PORTE-C,R57821866,UNITE,OK
TKT76033377890,2026-05-16T14:29:18Z,PORTE-D,R51856361,ABONNEMENT,OK
TKT53257011757,2026-05-16T14:29:18Z,VIP-EST,R56463937,ABONNEMENT,OK
TKT85695979061,2026-05-16T14:29:20Z,VIP-EST,R57390046,ABONNEMENT,OK
TKT56223172211,2026-05-16T14:29:21Z,PORTE-B,R59734972,ABONNEMENT,OK
TKT13266964731,2026-05-16T14:29:22Z,PORTE-D,,UNITE,OK
TKT90469560333,2026-05-16T14:29:23Z,PORTE-D,R53198965,ABONNEMENT,OK
TKT80354364267,2026-05-16T14:29:23Z,PORTE-C,R53660410,UNITE,OK
TKT37270299280,2026-05-16T14:29:23Z,PORTE-C,R53834502,INVITATION,OK
TKT61313116656,2026-05-16T14:29:24Z,PORTE-A,R52652092,UNITE,OK
TKT29299022695,2026-05-16T14:29:25Z,PORTE-C,R53700878,UNITE,OK
TKT90536403175,2026-05-16T14:29:25Z,PORTE-D,R51523291,UNITE,OK
TKT61872976215,2026-05-16T14:29:26Z,PORTE-D,R57191223,UNITE,OK
TKT70311959442,2026-05-16T14:29:27Z,PORTE-C,R59157181,ABONNEMENT,OK
TKT53457779683,2026-05-16T14:29:27Z,PORTE-B,R59230138,INVITATION,OK
TKT15252244447,2026-05-16T14:29:27Z,VIP-EST,,GROUPE,OK
TKT93330045920,2026-05-16T14:29:27Z,PORTE-C,,UNITE,OK
TKT51433486462,2026-05-16T14:29:28Z,VIP-EST,R53674375,UNITE,OK
TKT25309888794,2026-05-16T14:29:30Z,PORTE-C,R55201425,ABONNEMENT,OK
TKT85661257098,2026-05-16T14:29:31Z,PORTE-D,R53926050,UNITE,OK
TKT81501588618,2026-05-16T14:29:32Z,PORTE-C,R57253213,UNITE,OK
TKT94463563250,2026-05-16T14:29:32Z,PORTE-C,,UNITE,OK
TKT73645655063,2026-05-16T14:29:33Z,PORTE-A,R57976141,ABONNEMENT,OK
TKT23722789664,2026-05-16T14:29:34Z,PORTE-B,R52949196,UNITE,OK
TKT75565327580,2026-05-16T14:29:35Z,VIP-EST,R58893869,ABONNEMENT,OK
TKT52092433300,2026-05-16T14:29:35Z,VIP-EST,R59595486,UNITE,OK
TKT44714464873,2026-05-16T14:29:35Z,PORTE-A,R52570640,UNITE,OK
TKT94279428702,2026-05-16T14:29:37Z,VIP-EST,R58388489,ABONNEMENT,OK
TKT54967208349,2026-05-16T14:29:37Z,PORTE-A,R52734445,ABONNEMENT,OK
TKT71789509042,2026-05-16T14:29:37Z,PORTE-A,R54969979,ABONNEMENT,OK
TKT48201619472,2026-05-16T14:29:38Z,PORTE-C,,GROUPE,OK
TKT49602642483,2026-05-16T14:29:38Z,PORTE-B,R53365624,INVITATION,OK
TKT89097710138,2026-05-16T14:29:40Z,PORTE-C,,UNITE,OK
TKT70381379261,2026-05-16T14:29:42Z,PORTE-D,R56316740,UNITE,OK
TKT94486818950,2026-05-16T14:29:45Z,PORTE-D,R56948408,UNITE,OK
TKT92585720554,2026-05-16T14:29:45Z,PORTE-D,R53397031,UNITE,OK
TKT12752451567,2026-05-16T14:29:49Z,PORTE-D,R58504748,UNITE,OK
TKT52724979939,2026-05-16T14:29:50Z,PORTE-C,R57504121,ABONNEMENT,OK
TKT30472799126,2026-05-16T14:29:51Z,PORTE-B,R53600470,ABONNEMENT,OK
TKT62329978756,2026-05-16T14:29:51Z,PORTE-D,R56656486,UNITE,OK
TKT87992172800,2026-05-16T14:29:51Z,PORTE-C,R57891537,INVITATION,OK
TKT93032424495,2026-05-16T14:29:51Z,PORTE-A,R51497746,UNITE,OK
TKT86443214625,2026-05-16T14:29:53Z,PORTE-D,R55925991,ABONNEMENT,OK
TKT13870654789,2026-05-16T14:29:55Z,VIP-EST,R58676187,ABONNEMENT,OK
TKT91871384491,2026-05-16T14:29:55Z,PORTE-D,,UNITE,OK
TKT85812076935,2026-05-16T14:29:56Z,PORTE-C,,UNITE,OK
TKT19285452127,2026-05-16T14:29:57Z,PORTE-A,R52987949,VIP,OK
TKT14349976626,2026-05-16T14:29:58Z,PORTE-D,R53465610,ABONNEMENT,OK
TKT90824968955,2026-05-16T14:29:58Z,PORTE-D,R53637729,INVITATION,OK
TKT49794152357,2026-05-16T14:30:01Z,VIP-EST,R53464595,ABONNEMENT,OK
TKT35936196044,2026-05-16T14:30:01Z,VIP-EST,R55644557,UNITE,OK
TKT84548611136,2026-05-16T14:30:03Z,PORTE-B,R53321565,ABONNEMENT,OK
TKT62834818972,2026-05-16T14:30:03Z,PORTE-D,R54372783,ABONNEMENT,OK
TKT86177518169,2026-05-16T14:30:05Z,PORTE-C,R57700214,ABONNEMENT,OK
TKT27115856051,2026-05-16T14:30:06Z,PORTE-D,R57872400,UNITE,OK
TKT90967644252,2026-05-16T14:30:06Z,PORTE-C,R53534755,UNITE,OK
TKT29475019045,2026-05-16T14:30:07Z,PORTE-A,R56349440,ABONNEMENT,OK
TKT70524071496,2026-05-16T14:30:09Z,PORTE-D,R56991251,UNITE,OK
TKT19859026744,2026-05-16T14:30:12Z,VIP-EST,R54454255,ABONNEMENT,OK
TKT76509526075,2026-05-16T14:30:12Z,PORTE-C,,UNITE,OK
TKT49202475578,2026-05-16T14:30:13Z,PORTE-C,R54178472,ABONNEMENT,OK
TKT11336872602,2026-05-16T14:30:13Z,PORTE-C,R52405800,ABONNEMENT,OK
TKT76988772092,2026-05-16T14:30:13Z,PORTE-D,R52502731,UNITE,OK
TKT29186295744,2026-05-16T14:30:13Z,PORTE-D,R57307693,UNITE,OK
TKT38981751387,2026-05-16T14:30:13Z,PORTE-D,R51715505,UNITE,OK
TKT22275745663,2026-05-16T14:30:14Z,PORTE-A,R54843510,ABONNEMENT,OK
TKT58765985244,2026-05-16T14:30:16Z,PORTE-B,R51302400,UNITE,OK
TKT11427490431,2026-05-16T14:30:17Z,PORTE-A,R51568375,UNITE,OK
TKT92752593298,2026-05-16T14:30:18Z,PORTE-A,R58864445,ABONNEMENT,OK
TKT49411382537,2026-05-16T14:30:18Z,PORTE-C,R51800233,UNITE,OK
TKT65542539770,2026-05-16T14:30:20Z,PORTE-C,R51449396,ABONNEMENT,OK
TKT37990606908,2026-05-16T14:30:20Z,PORTE-B,R56592322,ABONNEMENT,OK
TKT68236779941,2026-05-16T14:30:20Z,PORTE-D,R56020259,UNITE,OK
TKT71212453316,2026-05-16T14:30:23Z,PORTE-C,R58210106,UNITE,OK
TKT74103003649,2026-05-16T14:30:26Z,PORTE-D,R53202700,UNITE,OK
TKT45705555767,2026-05-16T14:30:26Z,PORTE-D,R55390440,UNITE,OK
TKT79875048364,2026-05-16T14:30:26Z,PORTE-C,R53626360,UNITE,OK
TKT33705969771,2026-05-16T14:30:27Z,VIP-EST,R59389575,VIP,OK
TKT20501145783,2026-05-16T14:30:28Z,PORTE-C,R59988687,UNITE,OK
TKT83176347647,2026-05-16T14:30:29Z,PORTE-A,R57971103,ABONNEMENT,OK
TKT17731148494,2026-05-16T14:30:31Z,VIP-EST,R52916908,ABONNEMENT,OK
TKT25620831962,2026-05-16T14:30:33Z,PORTE-C,R59171759,ABONNEMENT,REFUSE_DEJA_SCANNE
TKT97355107416,2026-05-16T14:30:33Z,PORTE-B,,UNITE,OK
TKT55848538820,2026-05-16T14:30:34Z,PORTE-C,R59661345,ABONNEMENT,OK
TKT48085682009,2026-05-16T14:30:34Z,PORTE-D,R58747908,UNITE,OK
TKT66055526495,2026-05-16T14:30:35Z,PORTE-C,R55966037,ABONNEMENT,OK
TKT43202592942,2026-05-16T14:30:35Z,PORTE-B,R58936300,UNITE,OK
TKT62450916740,2026-05-16T14:30:36Z,PORTE-C,,UNITE,OK
TKT99390432622,2026-05-16T14:30:36Z,PORTE-C,R56147485,UNITE,OK
TKT87278829021,2026-05-16T14:30:38Z,PORTE-D,R56171603,ABONNEMENT,OK
TKT22321457865,2026-05-16T14:30:38Z,PORTE-C,R57186319,ABONNEMENT,OK
TKT24849180193,2026-05-16T14:30:40Z,PORTE-C,R57088172,UNITE,OK
TKT91014454628,2026-05-16T14:30:41Z,PORTE-C,R58907278,ABONNEMENT,OK
TKT59874120219,2026-05-16T14:30:41Z,PORTE-C,R59320450,UNITE,OK
TKT30881284559,2026-05-16T14:30:42Z,PORTE-A,R54337440,UNITE,OK
TKT84619160202,2026-05-16T14:30:42Z,PORTE-B,R59795860,UNITE,OK
TKT65655526327,2026-05-16T14:30:46Z,VIP-EST,R57890321,UNITE,OK
TKT30360499608,2026-05-16T14:30:47Z,PORTE-C,R51958186,ABONNEMENT,OK
TKT62457039026,2026-05-16T14:30:47Z,PORTE-C,R59804921,ABONNEMENT,OK
TKT79493920425,2026-05-16T14:30:47Z,VIP-EST,R56417684,UNITE,OK
TKT74156347728,2026-05-16T14:30:48Z,PORTE-D,,UNITE,OK
TKT45039732271,2026-05-16T14:30:48Z,PORTE-C,R54643193,UNITE,OK
TKT58972304114,2026-05-16T14:30:49Z,PORTE-A,R52173272,ABONNEMENT,OK
TKT69779753961,2026-05-16T14:30:51Z,PORTE-D,R55954055,UNITE,OK
TKT92266705660,2026-05-16T14:30:52Z,PORTE-C,R52466430,ABONNEMENT,OK
TKT53998689273,2026-05-16T14:30:54Z,PORTE-D,R52263393,UNITE,OK
TKT54320067390,2026-05-16T14:30:57Z,PORTE-C,R53890429,ABONNEMENT,OK
TKT76497583662,2026-05-16T14:30:57Z,PORTE-A,R54489866,ABONNEMENT,OK
TKT39469320841,2026-05-16T14:30:58Z,VIP-EST,R57261172,UNITE,OK
TKT73824421660,2026-05-16T14:30:59Z,PORTE-D,R55002890,UNITE,OK
TKT60845254358,2026-05-16T14:31:01Z,PORTE-D,R58598882,UNITE,OK
TKT22859951925,2026-05-16T14:31:02Z,PORTE-C,,UNITE,OK
TKT19193996938,2026-05-16T14:31:02Z,PORTE-D,R55058941,UNITE,OK
TKT38980096715,2026-05-16T14:31:04Z,PORTE-C,R55194893,ABONNEMENT,OK
TKT58280578822,2026-05-16T14:31:04Z,PORTE-A,R59339108,ABONNEMENT,OK
TKT58290880933,2026-05-16T14:31:04Z,VIP-EST,R58253016,UNITE,OK
TKT18501472735,2026-05-16T14:31:06Z,PORTE-A,R54322517,ABONNEMENT,OK
TKT43469565258,2026-05-16T14:31:07Z,PORTE-A,R51643161,ABONNEMENT,OK
TKT30320946573,2026-05-16T14:31:07Z,PORTE-C,,UNITE,OK
TKT47626161152,2026-05-16T14:31:08Z,PORTE-C,R52825102,ABONNEMENT,OK
TKT24871146788,2026-05-16T14:31:09Z,PORTE-C,R53897574,ABONNEMENT,OK
TKT64501121489,2026-05-16T14:31:10Z,VIP-EST,,GROUPE,OK
TKT97613938210,2026-05-16T14:31:10Z,PORTE-C,,UNITE,OK
TKT69314261243,2026-05-16T14:31:10Z,PORTE-A,,UNITE,OK
TKT90824905534,2026-05-16T14:31:12Z,PORTE-C,R57105058,UNITE,OK
TKT63010078033,2026-05-16T14:31:13Z,PORTE-A,R55532043,ABONNEMENT,OK
TKT20019407493,2026-05-16T14:31:13Z,PORTE-C,R53019078,UNITE,OK
TKT87538368420,2026-05-16T14:31:14Z,PORTE-A,R51317045,ABONNEMENT,OK
TKT32954524746,2026-05-16T14:31:14Z,PORTE-D,,UNITE,OK
TKT11518840434,2026-05-16T14:31:14Z,VIP-EST,R58501951,UNITE,OK
TKT11078952118,2026-05-16T14:31:15Z,PORTE-C,R52024524,ABONNEMENT,OK
TKT56605534683,2026-05-16T14:31:17Z,PORTE-B,R55313058,ABONNEMENT,OK
TKT85385441172,2026-05-16T14:31:17Z,PORTE-D,,UNITE,OK
TKT85891101212,2026-05-16T14:31:17Z,PORTE-C,R55621196,INVITATION,OK
TKT18611156899,2026-05-16T14:31:19Z,PORTE-C,R53698493,UNITE,OK
TKT81607415393,2026-05-16T14:31:20Z,PORTE-D,R51467508,UNITE,OK
TKT51849482302,2026-05-16T14:31:21Z,PORTE-D,R56073178,UNITE,OK
TKT12478956047,2026-05-16T14:31:22Z,PORTE-C,R56313675,UNITE,OK
TKT14886171641,2026-05-16T14:31:25Z,PORTE-D,R55609482,UNITE,OK
TKT98442086173,2026-05-16T14:31:26Z,PORTE-D,R53581544,UNITE,OK
TKT60767020993,2026-05-16T14:31:27Z,PORTE-D,R56123655,INVITATION,OK
TKT68137423237,2026-05-16T14:31:28Z,PORTE-D,R51458926,ABONNEMENT,OK
TKT44101074637,2026-05-16T14:31:29Z,PORTE-B,R58341345,ABONNEMENT,OK
TKT50108658734,2026-05-16T14:31:30Z,PORTE-A,R51697517,ABONNEMENT,OK
TKT42918571569,2026-05-16T14:31:30Z,PORTE-D,R54750525,UNITE,OK
TKT87876018274,2026-05-16T14:31:31Z,PORTE-D,R59691037,INVITATION,OK
TKT13656789856,2026-05-16T14:31:33Z,PORTE-D,R53400163,ABONNEMENT,OK
TKT97972260506,2026-05-16T14:31:33Z,PORTE-D,,UNITE,OK
TKT79798915344,2026-05-16T14:31:33Z,PORTE-A,R56934520,UNITE,OK
TKT15140164548,2026-05-16T14:31:35Z,VIP-EST,R53423802,ABONNEMENT,OK
TKT67664736218,2026-05-16T14:31:35Z,PORTE-C,,UNITE,OK
TKT34223141150,2026-05-16T14:31:36Z,PORTE-C,R59897082,ABONNEMENT,OK
TKT17642064728,2026-05-16T14:31:39Z,PORTE-D,R53306786,UNITE,OK
TKT41751063893,2026-05-16T14:31:40Z,PORTE-D,R54289760,UNITE,OK
TKT79643945579,2026-05-16T14:31:41Z,PORTE-D,R59907637,ABONNEMENT,OK
TKT93460404899,2026-05-16T14:31:41Z,PORTE-C,R57482810,UNITE,OK
TKT59359773251,2026-05-16T14:31:41Z,PORTE-D,,GROUPE,OK
TKT71237475031,2026-05-16T14:31:42Z,PORTE-C,R53753519,UNITE,OK
TKT71555769209,2026-05-16T14:31:44Z,PORTE-D,R51834628,ABONNEMENT,OK
TKT26373785880,2026-05-16T14:31:44Z,PORTE-C,R59776589,UNITE,OK
TKT96031773642,2026-05-16T14:31:46Z,PORTE-D,R56693735,ABONNEMENT,OK
TKT25530055016,2026-05-16T14:31:46Z,PORTE-D,R54161365,UNITE,OK
TKT95471068410,2026-05-16T14:31:46Z,VIP-EST,R54694273,VIP,OK
TKT50601488862,2026-05-16T14:31:48Z,PORTE-C,R52614297,ABONNEMENT,OK
TKT37456869789,2026-05-16T14:31:49Z,PORTE-D,R54817275,UNITE,OK
TKT12818761863,2026-05-16T14:31:51Z,PORTE-C,,UNITE,OK
TKT84613044517,2026-05-16T14:31:53Z,PORTE-C,R52592095,UNITE,OK
TKT14027743172,2026-05-16T14:31:55Z,PORTE-B,R57987788,UNITE,OK
TKT11188938087,2026-05-16T14:31:55Z,PORTE-C,R51109717,UNITE,OK
TKT93259051117,2026-05-16T14:31:55Z,PORTE-B,R59344290,UNITE,OK
TKT35950108507,2026-05-16T14:31:57Z,VIP-EST,R55074668,ABONNEMENT,OK
TKT62873489945,2026-05-16T14:31:57Z,PORTE-C,R59240760,UNITE,OK
TKT31902703727,2026-05-16T14:31:57Z,VIP-EST,R57178005,UNITE,OK
TKT42943292624,2026-05-16T14:31:58Z,VIP-EST,R55844060,UNITE,OK
TKT64609525192,2026-05-16T14:31:59Z,PORTE-A,R55277025,ABONNEMENT,OK
TKT72804600828,2026-05-16T14:32:02Z,PORTE-D,R53006138,ABONNEMENT,OK
TKT15958031720,2026-05-16T14:32:04Z,PORTE-D,R58513608,UNITE,OK
TKT75761033911,2026-05-16T14:32:05Z,PORTE-D,R51516682,ABONNEMENT,OK
TKT43173212536,2026-05-16T14:32:05Z,PORTE-A,,UNITE,OK
TKT71665134592,2026-05-16T14:32:06Z,VIP-EST,R59137431,INVITATION,OK
TKT64531488126,2026-05-16T14:32:07Z,PORTE-C,R53500896,ABONNEMENT,OK
TKT91907297635,2026-05-16T14:32:07Z,PORTE-B,R56148031,ABONNEMENT,OK
TKT60910285988,2026-05-16T14:32:07Z,PORTE-A,,UNITE,OK
TKT10187530016,2026-05-16T14:32:09Z,PORTE-D,R59482282,ABONNEMENT,OK
TKT48533060464,2026-05-16T14:32:09Z,PORTE-B,,UNITE,OK
TKT16507903009,2026-05-16T14:32:11Z,VIP-EST,R56776912,ABONNEMENT,OK
TKT49680087451,2026-05-16T14:32:11Z,PORTE-A,R58839657,ABONNEMENT,OK
TKT14846271593,2026-05-16T14:32:11Z,PORTE-A,R51580568,ABONNEMENT,OK
TKT70210149251,2026-05-16T14:32:12Z,PORTE-C,R54973600,UNITE,OK
TKT30023679573,2026-05-16T14:32:13Z,PORTE-B,R53851063,UNITE,OK
TKT18562405619,2026-05-16T14:32:14Z,PORTE-A,R57411836,GROUPE,OK
TKT74428933758,2026-05-16T14:32:15Z,PORTE-C,R53753653,ABONNEMENT,OK
TKT41380882961,2026-05-16T14:32:15Z,PORTE-D,,GROUPE,OK
TKT78150621792,2026-05-16T14:32:18Z,PORTE-C,R51235516,ABONNEMENT,OK
TKT83169478453,2026-05-16T14:32:19Z,PMR-NORD,R51971595,ABONNEMENT,OK
TKT59875758973,2026-05-16T14:32:19Z,VIP-EST,R53905955,UNITE,OK
TKT22713437750,2026-05-16T14:32:19Z,PORTE-C,,UNITE,OK
TKT47939331637,2026-05-16T14:32:20Z,PORTE-C,R52892455,UNITE,OK
TKT66492197393,2026-05-16T14:32:20Z,PORTE-C,,UNITE,OK
TKT27799421887,2026-05-16T14:32:21Z,PORTE-A,R51493599,ABONNEMENT,OK
TKT88261826894,2026-05-16T14:32:21Z,PORTE-D,R55324906,ABONNEMENT,OK
TKT96335134392,2026-05-16T14:32:22Z,VIP-EST,R54184123,ABONNEMENT,OK
TKT81663370820,2026-05-16T14:32:22Z,PORTE-D,R56036542,UNITE,OK
TKT19069907317,2026-05-16T14:32:22Z,PORTE-D,R59647715,UNITE,OK
TKT15303717961,2026-05-16T14:32:25Z,PORTE-D,R51921540,UNITE,OK
TKT41265915097,2026-05-16T14:32:25Z,PORTE-D,R54861277,UNITE,OK
TKT26007849223,2026-05-16T14:32:25Z,PORTE-C,R56747076,UNITE,OK
TKT57427031513,2026-05-16T14:32:26Z,PORTE-D,R56811709,ABONNEMENT,OK
TKT84689851791,2026-05-16T14:32:27Z,PORTE-D,R53655985,ABONNEMENT,OK
TKT20081758722,2026-05-16T14:32:28Z,PORTE-D,R59520077,UNITE,OK
TKT20758684627,2026-05-16T14:32:29Z,PORTE-C,R53527523,UNITE,OK
TKT23961399778,2026-05-16T14:32:29Z,PORTE-C,,UNITE,OK
TKT63874270848,2026-05-16T14:32:30Z,PORTE-C,R55467946,ABONNEMENT,OK
TKT83650512350,2026-05-16T14:32:31Z,VIP-EST,R53116746,UNITE,OK
TKT26943001099,2026-05-16T14:32:31Z,PORTE-D,R54761358,UNITE,OK
TKT90952676219,2026-05-16T14:32:32Z,PORTE-B,R53405412,ABONNEMENT,OK
TKT51715383837,2026-05-16T14:32:32Z,PORTE-C,R51016206,UNITE,OK
TKT67906714082,2026-05-16T14:32:32Z,PORTE-A,R54980745,UNITE,OK
TKT73107023519,2026-05-16T14:32:33Z,PORTE-C,R57944121,UNITE,OK
TKT63095108688,2026-05-16T14:32:33Z,PORTE-D,R53398056,UNITE,OK
TKT57517237168,2026-05-16T14:32:34Z,PORTE-D,R52436872,ABONNEMENT,OK
TKT28232851377,2026-05-16T14:32:35Z,PORTE-D,R57336782,UNITE,OK
TKT84201809452,2026-05-16T14:32:36Z,PORTE-C,R58398967,UNITE,OK
TKT31224618159,2026-05-16T14:32:37Z,PORTE-B,R52671172,ABONNEMENT,OK
TKT23787650225,2026-05-16T14:32:38Z,PORTE-B,R59763036,ABONNEMENT,OK
TKT43665849953,2026-05-16T14:32:39Z,PORTE-C,R51854244,UNITE,OK
TKT94219279886,2026-05-16T14:32:40Z,PORTE-C,R53121650,ABONNEMENT,OK
TKT82567827308,2026-05-16T14:32:41Z,PORTE-C,R57677476,ABONNEMENT,OK
TKT22461543398,2026-05-16T14:32:42Z,PORTE-B,R56510391,ABONNEMENT,OK
TKT74418461189,2026-05-16T14:32:42Z,PORTE-B,R52289675,ABONNEMENT,OK
TKT19936849017,2026-05-16T14:32:42Z,PORTE-D,R54001305,UNITE,OK
TKT19776473556,2026-05-16T14:32:43Z,PORTE-C,,GROUPE,OK
TKT61988356617,2026-05-16T14:32:43Z,PORTE-C,R59668768,UNITE,OK
TKT44081592865,2026-05-16T14:32:45Z,PORTE-C,R53941164,ABONNEMENT,OK
TKT31385281646,2026-05-16T14:32:45Z,PORTE-B,R58070878,UNITE,OK
TKT52542767502,2026-05-16T14:32:47Z,PORTE-A,R54456151,ABONNEMENT,OK
TKT62011051580,2026-05-16T14:32:48Z,PORTE-C,R53494019,ABONNEMENT,OK
TKT28914427205,2026-05-16T14:32:48Z,VIP-EST,R51283397,UNITE,OK
TKT71214461900,2026-05-16T14:32:48Z,PORTE-D,,INVITATION,OK
TKT35214559915,2026-05-16T14:32:49Z,PORTE-A,R57614126,UNITE,OK
TKT48677870789,2026-05-16T14:32:52Z,PMR-NORD,R58847080,ABONNEMENT,OK
TKT98075185264,2026-05-16T14:32:57Z,PORTE-C,R55686452,ABONNEMENT,OK
TKT72368968263,2026-05-16T14:32:57Z,PORTE-D,R57743124,UNITE,OK
TKT27216357891,2026-05-16T14:32:58Z,PORTE-D,R55047639,UNITE,OK
TKT28792848158,2026-05-16T14:32:58Z,PORTE-D,,UNITE,OK
TKT48300564463,2026-05-16T14:32:59Z,PORTE-C,R57221471,ABONNEMENT,OK
TKT13228398522,2026-05-16T14:33:00Z,PORTE-C,R51876168,ABONNEMENT,OK
TKT41136662282,2026-05-16T14:33:00Z,PORTE-C,,UNITE,OK
TKT40566803578,2026-05-16T14:33:01Z,PORTE-D,R58422673,UNITE,OK
TKT75013775988,2026-05-16T14:33:01Z,PORTE-D,,UNITE,OK
TKT70691896183,2026-05-16T14:33:04Z,PORTE-A,R53409224,ABONNEMENT,OK
TKT50348010322,2026-05-16T14:33:04Z,PORTE-C,,UNITE,OK
TKT13494109888,2026-05-16T14:33:05Z,PORTE-C,R56066636,ABONNEMENT,OK
TKT68267132362,2026-05-16T14:33:05Z,VIP-EST,R54004370,UNITE,OK
TKT17275415738,2026-05-16T14:33:07Z,PORTE-D,R59578590,UNITE,OK
TKT45830541215,2026-05-16T14:33:07Z,PORTE-D,,UNITE,OK
TKT50989075856,2026-05-16T14:33:08Z,PORTE-D,R55037821,ABONNEMENT,OK
TKT24556615743,2026-05-16T14:33:09Z,VIP-EST,R56816000,ABONNEMENT,REFUSE_DEJA_SCANNE
TKT86871494242,2026-05-16T14:33:09Z,PORTE-D,,UNITE,OK
TKT70955448244,2026-05-16T14:33:09Z,PORTE-D,R51700726,UNITE,OK
TKT41347895097,2026-05-16T14:33:11Z,PORTE-D,R57264917,ABONNEMENT,OK
TKT88838564911,2026-05-16T14:33:13Z,PORTE-D,R56792840,UNITE,OK
TKT23975777556,2026-05-16T14:33:14Z,PORTE-D,R53169196,UNITE,OK
TKT53986328364,2026-05-16T14:33:15Z,PORTE-C,R51002375,ABONNEMENT,OK
TKT53136027601,2026-05-16T14:33:15Z,VIP-EST,R53826121,ABONNEMENT,OK
TKT63058870718,2026-05-16T14:33:15Z,PORTE-C,R51043245,UNITE,OK
TKT84993277044,2026-05-16T14:33:16Z,PORTE-D,R57078508,UNITE,OK
TKT67736330961,2026-05-16T14:33:16Z,PORTE-D,R57299178,UNITE,OK
TKT34707737834,2026-05-16T14:33:17Z,PORTE-D,R57892706,ABONNEMENT,OK
TKT92041321552,2026-05-16T14:33:19Z,PORTE-C,R51723876,ABONNEMENT,OK
TKT82443934028,2026-05-16T14:33:19Z,PORTE-D,,GROUPE,OK
TKT47838246373,2026-05-16T14:33:20Z,VIP-EST,R59339932,ABONNEMENT,OK
TKT36926383608,2026-05-16T14:33:22Z,VIP-EST,R51367254,ABONNEMENT,OK
TKT70939571640,2026-05-16T14:33:22Z,VIP-EST,R53596668,VIP,OK
TKT33359955100,2026-05-16T14:33:22Z,PORTE-D,R58420087,INVITATION,OK
TKT50774861669,2026-05-16T14:33:22Z,PORTE-D,R57230656,UNITE,OK
TKT82159810109,2026-05-16T14:33:23Z,PORTE-D,R53654893,UNITE,OK
TKT16774970744,2026-05-16T14:33:25Z,PORTE-C,R58749536,ABONNEMENT,OK
TKT15197085841,2026-05-16T14:33:25Z,PORTE-D,R55137874,ABONNEMENT,OK
TKT14409668894,2026-05-16T14:33:25Z,PORTE-D,R52720413,UNITE,OK
TKT30485187032,2026-05-16T14:33:27Z,PORTE-C,R53029087,ABONNEMENT,OK
TKT41575941063,2026-05-16T14:33:28Z,PORTE-A,R58265410,GROUPE,OK
TKT19297845638,2026-05-16T14:33:30Z,PORTE-B,R51806152,ABONNEMENT,OK
TKT45094706116,2026-05-16T14:33:30Z,PORTE-D,R59401433,UNITE,OK
TKT68014683318,2026-05-16T14:33:30Z,PORTE-B,R56720784,UNITE,OK
TKT73057672605,2026-05-16T14:33:31Z,PORTE-C,R59523152,ABONNEMENT,OK
TKT80255629780,2026-05-16T14:33:31Z,PORTE-C,R54127583,ABONNEMENT,OK
TKT74950904947,2026-05-16T14:33:32Z,PORTE-D,R56662817,UNITE,OK
TKT89085275109,2026-05-16T14:33:33Z,PORTE-A,R51572666,ABONNEMENT,OK
TKT17805782807,2026-05-16T14:33:33Z,PORTE-C,R55273424,UNITE,OK
TKT91483913903,2026-05-16T14:33:33Z,PORTE-D,R55570595,UNITE,OK
TKT24735294970,2026-05-16T14:33:33Z,PORTE-A,,GROUPE,OK
TKT83009353458,2026-05-16T14:33:34Z,PORTE-A,R56295218,ABONNEMENT,OK
TKT77486461194,2026-05-16T14:33:34Z,PORTE-D,,GROUPE,OK
TKT11511046869,2026-05-16T14:33:38Z,PORTE-B,,UNITE,OK
TKT75225182344,2026-05-16T14:33:39Z,PORTE-D,R51744182,ABONNEMENT,OK
TKT95541124406,2026-05-16T14:33:40Z,PORTE-D,R57995479,UNITE,OK
TKT67078003433,2026-05-16T14:33:41Z,PORTE-C,R57726037,ABONNEMENT,OK
TKT43226349233,2026-05-16T14:33:41Z,PORTE-D,,UNITE,OK
TKT84360225072,2026-05-16T14:33:42Z,PORTE-C,R57314915,ABONNEMENT,OK
TKT77286117370,2026-05-16T14:33:42Z,PORTE-D,R55057571,UNITE,OK
TKT16179516224,2026-05-16T14:33:43Z,PORTE-A,,UNITE,OK
TKT65099464040,2026-05-16T14:33:46Z,VIP-EST,R56680182,ABONNEMENT,OK
TKT84313976443,2026-05-16T14:33:47Z,PORTE-C,R59129874,ABONNEMENT,OK
TKT32205260051,2026-05-16T14:33:47Z,PORTE-A,,GROUPE,OK
TKT29385054768,2026-05-16T14:33:48Z,PORTE-C,R54326195,UNITE,OK
TKT93171918495,2026-05-16T14:33:51Z,VIP-EST,R59103438,ABONNEMENT,OK
TKT82643838081,2026-05-16T14:33:51Z,PORTE-C,R54510708,UNITE,OK
TKT39662448914,2026-05-16T14:33:51Z,PORTE-C,,GROUPE,OK
TKT92767178450,2026-05-16T14:33:52Z,PORTE-D,R53035974,UNITE,OK
TKT94876807831,2026-05-16T14:33:52Z,PORTE-C,,UNITE,OK
TKT38246923240,2026-05-16T14:33:53Z,PORTE-C,R54350313,INVITATION,OK
TKT82685369608,2026-05-16T14:33:54Z,PORTE-D,R54331444,UNITE,OK
TKT38085008678,2026-05-16T14:33:56Z,PORTE-D,R58436906,ABONNEMENT,OK
TKT28957914282,2026-05-16T14:33:56Z,VIP-EST,R56612149,INVITATION,OK
TKT81987344199,2026-05-16T14:33:58Z,PORTE-C,R58305255,ABONNEMENT,OK
TKT42392114326,2026-05-16T14:33:59Z,PORTE-B,R59260098,ABONNEMENT,OK
TKT85327533515,2026-05-16T14:33:59Z,VIP-EST,R57667735,UNITE,OK
TKT16370148622,2026-05-16T14:34:00Z,PORTE-C,R53348058,ABONNEMENT,OK
TKT66419028980,2026-05-16T14:34:00Z,PORTE-B,R59514091,UNITE,OK
TKT76608222030,2026-05-16T14:34:02Z,PORTE-A,R58843057,INVITATION,OK
TKT60971644312,2026-05-16T14:34:03Z,PORTE-C,R58971030,UNITE,OK
TKT46294634301,2026-05-16T14:34:04Z,PORTE-A,R59306763,ABONNEMENT,OK
TKT58327153730,2026-05-16T14:34:04Z,PORTE-A,R52647054,ABONNEMENT,OK
TKT77954738831,2026-05-16T14:34:04Z,PORTE-A,,UNITE,OK
TKT82016314919,2026-05-16T14:34:05Z,VIP-EST,R59848444,VIP,OK
TKT48786306604,2026-05-16T14:34:06Z,PORTE-C,R52569481,UNITE,OK
TKT29775769961,2026-05-16T14:34:06Z,PORTE-D,R53940829,UNITE,OK
TKT30957425719,2026-05-16T14:34:07Z,PORTE-C,R52591338,ABONNEMENT,OK
TKT28682340583,2026-05-16T14:34:07Z,PORTE-D,R59993926,ABONNEMENT,OK
TKT48951434894,2026-05-16T14:34:09Z,PORTE-C,R52136837,ABONNEMENT,OK
TKT78657102401,2026-05-16T14:34:09Z,PORTE-D,R55510856,UNITE,OK
TKT79019492424,2026-05-16T14:34:09Z,PORTE-A,,GROUPE,OK
TKT30907948396,2026-05-16T14:34:14Z,PORTE-D,R51697594,ABONNEMENT,OK
TKT21617966749,2026-05-16T14:34:15Z,PORTE-A,R51847223,ABONNEMENT,OK
TKT86892925769,2026-05-16T14:34:15Z,PORTE-D,R54481830,INVITATION,OK
TKT26454505425,2026-05-16T14:34:16Z,VIP-EST,R58665143,UNITE,OK
TKT82602279900,2026-05-16T14:34:17Z,PORTE-D,,UNITE,OK
TKT41479445152,2026-05-16T14:34:18Z,PORTE-C,R57321179,UNITE,OK
TKT46536903034,2026-05-16T14:34:18Z,PORTE-C,R53975626,UNITE,OK
TKT44134047631,2026-05-16T14:34:18Z,PORTE-C,R54789221,UNITE,OK
TKT10415749263,2026-05-16T14:34:19Z,PORTE-A,R56419111,ABONNEMENT,OK
TKT72922533063,2026-05-16T14:34:19Z,PORTE-C,R53723080,UNITE,OK
TKT51554076253,2026-05-16T14:34:20Z,PORTE-B,R51366708,ABONNEMENT,OK
TKT56890984176,2026-05-16T14:34:21Z,PORTE-C,R55560576,ABONNEMENT,OK
TKT68850734129,2026-05-16T14:34:21Z,PORTE-D,R59436297,UNITE,OK
TKT15713092068,2026-05-16T14:34:22Z,PORTE-C,R53844310,ABONNEMENT,OK
TKT27726618201,2026-05-16T14:34:23Z,PORTE-A,,UNITE,OK
TKT21859572373,2026-05-16T14:34:24Z,PORTE-C,R56773847,UNITE,OK
TKT56677611229,2026-05-16T14:34:25Z,PORTE-C,R55331113,ABONNEMENT,OK
TKT20830982195,2026-05-16T14:34:26Z,PORTE-A,R58606228,VIP,OK
TKT49424123608,2026-05-16T14:34:26Z,PORTE-D,,UNITE,OK
TKT60850089113,2026-05-16T14:34:27Z,PORTE-D,R52901114,ABONNEMENT,OK
TKT29538661507,2026-05-16T14:34:29Z,VIP-EST,R51672652,ABONNEMENT,OK
TKT91916230284,2026-05-16T14:34:30Z,PORTE-C,R58291290,UNITE,OK
TKT65390584895,2026-05-16T14:34:31Z,PORTE-B,R59389652,ABONNEMENT,OK
TKT69609234648,2026-05-16T14:34:31Z,PORTE-C,R54153473,ABONNEMENT,OK
TKT91372888344,2026-05-16T14:34:31Z,PORTE-B,R58613249,ABONNEMENT,OK
TKT73589253626,2026-05-16T14:34:31Z,PORTE-D,R53502256,UNITE,OK
TKT48653686306,2026-05-16T14:34:33Z,PORTE-D,R53938779,UNITE,OK
TKT49369920451,2026-05-16T14:34:34Z,VIP-EST,R58323846,ABONNEMENT,OK
TKT47094616989,2026-05-16T14:34:34Z,PORTE-A,R58922134,ABONNEMENT,OK
TKT66770901967,2026-05-16T14:34:34Z,PORTE-C,R55740865,ABONNEMENT,OK
TKT25187856687,2026-05-16T14:34:36Z,PORTE-C,,UNITE,OK
TKT46844941848,2026-05-16T14:34:37Z,PORTE-C,R58019051,UNITE,OK
TKT25313640761,2026-05-16T14:34:37Z,PORTE-B,R53351056,UNITE,OK
TKT59716828703,2026-05-16T14:34:37Z,PORTE-D,R52478757,UNITE,OK
TKT23416297651,2026-05-16T14:34:37Z,PORTE-C,,UNITE,OK
TKT38593892618,2026-05-16T14:34:38Z,PORTE-D,R55888263,ABONNEMENT,OK
TKT11861179330,2026-05-16T14:34:38Z,PORTE-C,R58191304,ABONNEMENT,OK
TKT59431465326,2026-05-16T14:34:39Z,PORTE-D,,INVITATION,OK
TKT25197200674,2026-05-16T14:34:39Z,PORTE-D,R59033767,UNITE,OK
TKT21330995352,2026-05-16T14:34:40Z,PORTE-C,R52872025,ABONNEMENT,OK
TKT13775039626,2026-05-16T14:34:41Z,PORTE-C,R59023758,UNITE,OK
TKT31704000540,2026-05-16T14:34:42Z,PORTE-C,R59193358,UNITE,OK
TKT84951138238,2026-05-16T14:34:42Z,PORTE-A,R58797829,UNITE,OK
TKT54344477013,2026-05-16T14:34:43Z,PORTE-D,R56998875,ABONNEMENT,OK
TKT18343966241,2026-05-16T14:34:44Z,PORTE-D,,GROUPE,OK
TKT43882229878,2026-05-16T14:34:45Z,PORTE-C,R54596471,UNITE,OK
TKT25676490812,2026-05-16T14:34:46Z,VIP-EST,R51523224,ABONNEMENT,OK
TKT12889094141,2026-05-16T14:34:46Z,PORTE-D,,UNITE,OK
TKT21565687919,2026-05-16T14:34:46Z,PORTE-C,R56345417,UNITE,OK
TKT73538815488,2026-05-16T14:34:47Z,PORTE-B,R53709517,ABONNEMENT,OK
TKT31182423502,2026-05-16T14:34:47Z,PORTE-C,R57974158,ABONNEMENT,OK
TKT21496984646,2026-05-16T14:34:48Z,PORTE-C,R52562048,ABONNEMENT,OK
TKT45651715697,2026-05-16T14:34:49Z,PORTE-C,R53723147,ABONNEMENT,OK
TKT51158870905,2026-05-16T14:34:49Z,PORTE-D,R53206800,UNITE,OK
TKT30465193642,2026-05-16T14:34:49Z,PMR-NORD,R56241006,UNITE,OK
TKT35614231077,2026-05-16T14:34:50Z,PORTE-A,R58482000,ABONNEMENT,OK
TKT65069404388,2026-05-16T14:34:50Z,PORTE-A,R51435421,ABONNEMENT,OK
TKT24700394932,2026-05-16T14:34:52Z,PORTE-D,R52981340,UNITE,OK
TKT49499239920,2026-05-16T14:34:53Z,PORTE-A,R57962310,ABONNEMENT,OK
TKT73710976740,2026-05-16T14:34:56Z,PORTE-C,R51144591,ABONNEMENT,OK
TKT22114813192,2026-05-16T14:34:57Z,PORTE-A,R58384878,ABONNEMENT,OK
TKT12348095708,2026-05-16T14:34:58Z,PORTE-D,R58372886,UNITE,REFUSE_DEJA_SCANNE
TKT44546497941,2026-05-16T14:34:59Z,PORTE-D,R53543193,UNITE,OK
TKT14788417980,2026-05-16T14:34:59Z,VIP-EST,R51469682,UNITE,OK
TKT59852377237,2026-05-16T14:35:00Z,PORTE-C,R51012863,ABONNEMENT,OK
TKT60315614352,2026-05-16T14:35:00Z,PORTE-D,R52029495,UNITE,OK
TKT17348030021,2026-05-16T14:35:01Z,PORTE-A,R58327390,ABONNEMENT,OK
TKT53303252851,2026-05-16T14:35:02Z,PORTE-C,R54081742,ABONNEMENT,OK
TKT96351490562,2026-05-16T14:35:03Z,PORTE-C,R57751304,UNITE,OK
TKT63282698475,2026-05-16T14:35:04Z,VIP-EST,,VIP,OK
TKT82677964919,2026-05-16T14:35:05Z,PORTE-B,R55701633,ABONNEMENT,OK
TKT40155118384,2026-05-16T14:35:05Z,PORTE-D,R55690666,UNITE,OK
TKT27488977394,2026-05-16T14:35:05Z,PORTE-C,,UNITE,OK
TKT41352994767,2026-05-16T14:35:07Z,PORTE-D,R56689253,ABONNEMENT,OK
TKT72490563699,2026-05-16T14:35:07Z,PORTE-D,R58140013,UNITE,OK
TKT47762617101,2026-05-16T14:35:08Z,PORTE-A,R51827205,ABONNEMENT,OK
TKT30166393057,2026-05-16T14:35:08Z,PORTE-D,R51268561,UNITE,OK
TKT29823000568,2026-05-16T14:35:08Z,PORTE-B,R56909320,UNITE,OK
TKT82777700352,2026-05-16T14:35:12Z,VIP-EST,R57066516,ABONNEMENT,OK
TKT75207637504,2026-05-16T14:35:14Z,PORTE-C,R58786182,UNITE,OK
TKT90003338605,2026-05-16T14:35:15Z,PORTE-C,R55224240,ABONNEMENT,OK
TKT49778387988,2026-05-16T14:35:16Z,PORTE-C,,UNITE,OK
TKT27498102152,2026-05-16T14:35:16Z,PORTE-D,,UNITE,OK
TKT73192593131,2026-05-16T14:35:16Z,PORTE-D,R58130339,UNITE,OK
TKT71296236750,2026-05-16T14:35:18Z,PORTE-D,R55902295,ABONNEMENT,OK
TKT90238024294,2026-05-16T14:35:18Z,PORTE-A,R56897730,ABONNEMENT,OK
TKT92047555029,2026-05-16T14:35:21Z,PORTE-C,R57659900,ABONNEMENT,OK
TKT50995183911,2026-05-16T14:35:22Z,VIP-EST,R58780186,ABONNEMENT,OK
TKT62719432001,2026-05-16T14:35:22Z,PORTE-A,,UNITE,REFUSE_DEJA_SCANNE
TKT92338365716,2026-05-16T14:35:25Z,PORTE-C,R52661287,UNITE,OK
TKT47715169116,2026-05-16T14:35:26Z,PORTE-D,R52159039,UNITE,OK
TKT39740117080,2026-05-16T14:35:27Z,PORTE-A,R54093801,GROUPE,OK
TKT65781310650,2026-05-16T14:35:27Z,PORTE-D,R56671332,UNITE,OK
TKT68215578616,2026-05-16T14:35:31Z,PORTE-C,R58181764,ABONNEMENT,OK
TKT34542003937,2026-05-16T14:35:31Z,VIP-EST,R54939875,VIP,OK
TKT26329241998,2026-05-16T14:35:32Z,PORTE-C,R56175147,ABONNEMENT,OK
TKT77776955543,2026-05-16T14:35:32Z,PORTE-C,,GROUPE,OK
TKT11067211820,2026-05-16T14:35:33Z,PORTE-D,R54668805,ABONNEMENT,OK
TKT74578372230,2026-05-16T14:35:33Z,PORTE-B,R58991537,UNITE,REFUSE_DEJA_SCANNE
TKT90972202597,2026-05-16T14:35:34Z,PORTE-D,R58406735,UNITE,OK
TKT34596538190,2026-05-16T14:35:36Z,VIP-EST,R58504614,ABONNEMENT,OK
TKT39681125504,2026-05-16T14:35:36Z,PORTE-C,R53655851,ABONNEMENT,OK
TKT43829637676,2026-05-16T14:35:36Z,PORTE-A,R55589109,ABONNEMENT,OK
TKT35400455577,2026-05-16T14:35:36Z,PORTE-D,R55999149,UNITE,OK
TKT87973523076,2026-05-16T14:35:40Z,PORTE-C,R56675144,UNITE,OK
TKT29013928104,2026-05-16T14:35:43Z,VIP-EST,R57715405,UNITE,REFUSE_INVALIDE
TKT59670859571,2026-05-16T14:35:43Z,PORTE-C,R52229189,UNITE,OK
TKT76191729379,2026-05-16T14:35:44Z,PORTE-D,,UNITE,OK
TKT15470034353,2026-05-16T14:35:49Z,VIP-EST,R57172632,ABONNEMENT,OK
TKT64660720063,2026-05-16T14:35:50Z,PORTE-C,R52764549,ABONNEMENT,OK
TKT26901460047,2026-05-16T14:35:51Z,PORTE-D,R51809294,ABONNEMENT,OK
TKT63455181872,2026-05-16T14:35:52Z,PORTE-C,R55792836,UNITE,OK
TKT76406749833,2026-05-16T14:35:52Z,PORTE-D,,UNITE,OK
TKT71423056564,2026-05-16T14:35:54Z,PORTE-A,R55902898,ABONNEMENT,OK
TKT91209830429,2026-05-16T14:35:54Z,PORTE-C,R55457659,UNITE,OK
TKT73735463223,2026-05-16T14:35:55Z,PORTE-A,R56826153,ABONNEMENT,OK
TKT35022888864,2026-05-16T14:35:55Z,PORTE-C,R53551976,UNITE,OK
TKT11783563813,2026-05-16T14:35:56Z,VIP-EST,R51146909,UNITE,OK
TKT28047187650,2026-05-16T14:35:56Z,PORTE-A,R59222169,UNITE,OK
TKT75809784455,2026-05-16T14:35:57Z,PORTE-D,R54337172,UNITE,OK
TKT37013131667,2026-05-16T14:35:58Z,PORTE-D,R55878455,UNITE,OK
TKT18180848194,2026-05-16T14:36:00Z,PORTE-C,R54326195,UNITE,OK
TKT35553108339,2026-05-16T14:36:00Z,VIP-EST,R57332213,VIP,OK
TKT74305893524,2026-05-16T14:36:05Z,PORTE-C,R59828560,ABONNEMENT,OK
TKT24557894470,2026-05-16T14:36:06Z,PORTE-C,R57767788,UNITE,OK
TKT95966134568,2026-05-16T14:36:07Z,PORTE-A,R59934465,ABONNEMENT,OK
TKT68611716928,2026-05-16T14:36:09Z,PORTE-D,,UNITE,OK
TKT37464808743,2026-05-16T14:36:09Z,PORTE-D,R51885708,UNITE,OK
TKT46661314025,2026-05-16T14:36:09Z,PORTE-C,,UNITE,OK
TKT51127784829,2026-05-16T14:36:09Z,PORTE-D,R53316105,UNITE,OK
TKT25874517187,2026-05-16T14:36:10Z,VIP-EST,R54748619,ABONNEMENT,OK
TKT76067084389,2026-05-16T14:36:11Z,PORTE-C,R54499061,UNITE,OK
TKT62513186063,2026-05-16T14:36:12Z,PORTE-D,R58917575,ABONNEMENT,OK
TKT36557741426,2026-05-16T14:36:12Z,PORTE-D,R51577034,ABONNEMENT,OK
TKT48293774249,2026-05-16T14:36:12Z,PORTE-B,R54916179,UNITE,OK
TKT96903754536,2026-05-16T14:36:13Z,PORTE-C,R56409380,ABONNEMENT,OK
TKT71909632678,2026-05-16T14:36:13Z,PORTE-D,R53011253,UNITE,OK
TKT47618511562,2026-05-16T14:36:14Z,PORTE-C,R57426481,ABONNEMENT,OK
TKT95374018961,2026-05-16T14:36:14Z,VIP-EST,R51894156,UNITE,OK
TKT99282813478,2026-05-16T14:36:16Z,PORTE-D,R57498815,ABONNEMENT,OK
TKT82107405618,2026-05-16T14:36:16Z,VIP-EST,R53755770,GROUPE,OK
TKT54897777992,2026-05-16T14:36:17Z,PORTE-D,R58183124,UNITE,OK
TKT11557863112,2026-05-16T14:36:19Z,PORTE-C,R56675824,UNITE,OK
TKT65108773775,2026-05-16T14:36:20Z,PORTE-D,R51315829,ABONNEMENT,OK
TKT35962158447,2026-05-16T14:36:20Z,PORTE-D,,UNITE,OK
TKT79682915090,2026-05-16T14:36:20Z,PORTE-C,,GROUPE,OK
TKT71844510617,2026-05-16T14:36:21Z,PORTE-B,R52583570,ABONNEMENT,OK
TKT91016476701,2026-05-16T14:36:22Z,PORTE-D,R53908129,ABONNEMENT,OK
TKT63471179119,2026-05-16T14:36:23Z,VIP-EST,R53323950,ABONNEMENT,OK
TKT34549829153,2026-05-16T14:36:23Z,PORTE-D,R58544526,UNITE,OK
TKT47963741247,2026-05-16T14:36:23Z,PORTE-B,R57821655,UNITE,OK
TKT94903620997,2026-05-16T14:36:25Z,PORTE-C,R58828680,ABONNEMENT,OK
TKT13480447091,2026-05-16T14:36:25Z,PORTE-D,,UNITE,OK
TKT11453907791,2026-05-16T14:36:27Z,PORTE-A,,UNITE,OK
TKT46509171758,2026-05-16T14:36:28Z,PORTE-C,R54752096,UNITE,OK
TKT17069290545,2026-05-16T14:36:29Z,PORTE-D,R54052931,ABONNEMENT,OK
TKT76703512988,2026-05-16T14:36:29Z,PORTE-D,R54093811,UNITE,OK
TKT49726560778,2026-05-16T14:36:31Z,PORTE-C,R51672595,UNITE,OK
TKT28379111564,2026-05-16T14:36:32Z,PORTE-C,R55951603,UNITE,OK
TKT99746438124,2026-05-16T14:36:33Z,VIP-EST,R51959747,ABONNEMENT,OK
TKT68797814723,2026-05-16T14:36:33Z,PORTE-D,R56041915,ABONNEMENT,OK
TKT65740579029,2026-05-16T14:36:33Z,PORTE-D,,UNITE,OK
TKT13581568247,2026-05-16T14:36:33Z,PORTE-D,R58937794,UNITE,OK
TKT79298878279,2026-05-16T14:36:34Z,PORTE-C,R58361105,ABONNEMENT,OK
TKT61761574331,2026-05-16T14:36:34Z,PORTE-C,R56621334,ABONNEMENT,OK
TKT61563791172,2026-05-16T14:36:35Z,VIP-EST,R55581686,ABONNEMENT,OK
TKT75802739401,2026-05-16T14:36:35Z,PORTE-C,R54041897,ABONNEMENT,OK
TKT28190636624,2026-05-16T14:36:35Z,PORTE-D,R56854140,UNITE,OK
TKT60897450243,2026-05-16T14:36:35Z,PORTE-A,R54271849,UNITE,OK
TKT29875830401,2026-05-16T14:36:37Z,PORTE-B,R59199488,UNITE,OK
TKT53840872229,2026-05-16T14:36:37Z,PORTE-D,R54495316,INVITATION,OK
TKT34123670672,2026-05-16T14:36:38Z,PORTE-C,R59551072,ABONNEMENT,OK
TKT98448313334,2026-05-16T14:36:38Z,VIP-EST,R59882159,ABONNEMENT,OK
TKT49118826646,2026-05-16T14:36:38Z,PORTE-B,R54838462,UNITE,OK
TKT79617470485,2026-05-16T14:36:39Z,PORTE-B,R59695261,ABONNEMENT,OK
TKT33335522802,2026-05-16T14:36:39Z,PORTE-B,R55876405,ABONNEMENT,OK
TKT50214819217,2026-05-16T14:36:40Z,PORTE-D,R59114884,UNITE,OK
TKT98421007478,2026-05-16T14:36:45Z,PORTE-C,R53829732,UNITE,OK
TKT87390200838,2026-05-16T14:36:45Z,PORTE-C,R53702774,UNITE,OK
TKT71744470046,2026-05-16T14:36:46Z,PORTE-C,R54572420,ABONNEMENT,OK
TKT82623069603,2026-05-16T14:36:49Z,PORTE-D,R56909387,ABONNEMENT,OK
TKT73824342901,2026-05-16T14:36:50Z,PORTE-C,R59135525,UNITE,OK
TKT21390404620,2026-05-16T14:36:50Z,PORTE-C,R57190543,UNITE,OK
TKT65072156492,2026-05-16T14:36:51Z,VIP-EST,R55446558,ABONNEMENT,OK
TKT18821922035,2026-05-16T14:36:52Z,PORTE-D,R57516870,ABONNEMENT,OK
TKT15399315217,2026-05-16T14:36:52Z,PORTE-D,R59144519,UNITE,OK
TKT33226212666,2026-05-16T14:36:53Z,PORTE-D,R56993770,ABONNEMENT,OK
TKT25556924178,2026-05-16T14:36:54Z,PORTE-C,R51320187,UNITE,OK
TKT54501435114,2026-05-16T14:36:57Z,PORTE-D,R53008590,UNITE,OK
TKT80667895644,2026-05-16T14:36:58Z,VIP-EST,R53351937,UNITE,OK
TKT36918138559,2026-05-16T14:36:58Z,PORTE-C,,UNITE,OK
TKT18134203141,2026-05-16T14:36:59Z,PORTE-C,R54092039,UNITE,OK
TKT12652966818,2026-05-16T14:37:00Z,PORTE-A,R58330656,ABONNEMENT,OK
TKT97072009372,2026-05-16T14:37:00Z,PORTE-A,R52473709,UNITE,OK
TKT76458977478,2026-05-16T14:37:00Z,PORTE-B,R56870423,UNITE,OK
TKT47859145633,2026-05-16T14:37:01Z,PORTE-D,R52296016,UNITE,OK
TKT42598660895,2026-05-16T14:37:02Z,PORTE-C,R59709494,ABONNEMENT,OK
TKT60834129955,2026-05-16T14:37:02Z,PORTE-D,R58253073,ABONNEMENT,OK
TKT15030172463,2026-05-16T14:37:02Z,PORTE-D,,INVITATION,OK
TKT91933316665,2026-05-16T14:37:02Z,PORTE-D,R57217793,UNITE,OK
TKT54298012833,2026-05-16T14:37:03Z,PORTE-C,R53473522,ABONNEMENT,OK
TKT71372152193,2026-05-16T14:37:04Z,VIP-EST,R59082740,UNITE,OK
TKT96245335600,2026-05-16T14:37:04Z,PORTE-C,,UNITE,OK
TKT48437477015,2026-05-16T14:37:07Z,VIP-EST,,UNITE,OK
TKT59461795046,2026-05-16T14:37:08Z,PORTE-C,R57146407,ABONNEMENT,OK
TKT59790930810,2026-05-16T14:37:08Z,PORTE-D,R59168493,UNITE,OK
TKT12488622526,2026-05-16T14:37:09Z,PORTE-C,R51887279,ABONNEMENT,OK
TKT35049242088,2026-05-16T14:37:11Z,PORTE-D,R55294333,UNITE,OK
TKT97738455819,2026-05-16T14:37:11Z,PORTE-D,R59589557,UNITE,OK
TKT62370249447,2026-05-16T14:37:14Z,PORTE-D,R57730184,UNITE,OK
TKT16237571473,2026-05-16T14:37:16Z,PORTE-D,R53846762,ABONNEMENT,OK
TKT37470832228,2026-05-16T14:37:16Z,PORTE-A,R54404726,ABONNEMENT,OK
TKT78077642106,2026-05-16T14:37:18Z,PORTE-C,R52775650,ABONNEMENT,OK
TKT64413236437,2026-05-16T14:37:18Z,PORTE-B,R54135696,UNITE,OK
TKT10685176995,2026-05-16T14:37:19Z,PORTE-A,R56986558,ABONNEMENT,OK
TKT14892718598,2026-05-16T14:37:19Z,VIP-EST,R55672276,ABONNEMENT,OK
TKT62494659532,2026-05-16T14:37:19Z,PORTE-D,R55958624,UNITE,OK
TKT65108171893,2026-05-16T14:37:20Z,PORTE-C,,UNITE,OK
TKT38517579400,2026-05-16T14:37:21Z,PORTE-D,R58598336,UNITE,OK
TKT27929137119,2026-05-16T14:37:21Z,PORTE-D,R51164552,INVITATION,OK
TKT20801757015,2026-05-16T14:37:22Z,PORTE-C,R54085976,ABONNEMENT,OK
TKT81564728564,2026-05-16T14:37:22Z,PORTE-D,R53613420,UNITE,OK
TKT68435091135,2026-05-16T14:37:24Z,PORTE-C,R52634392,ABONNEMENT,OK
TKT72345079144,2026-05-16T14:37:24Z,PORTE-D,R53364676,UNITE,OK
TKT58333205615,2026-05-16T14:37:25Z,PORTE-B,R53636513,UNITE,OK
TKT85807239898,2026-05-16T14:37:25Z,PORTE-D,R54311493,INVITATION,OK
TKT45068709501,2026-05-16T14:37:26Z,VIP-EST,R53920332,ABONNEMENT,OK
TKT95321663972,2026-05-16T14:37:26Z,VIP-EST,R57616789,ABONNEMENT,OK
TKT29058758792,2026-05-16T14:37:26Z,PORTE-D,R58251857,ABONNEMENT,OK
TKT53718681565,2026-05-16T14:37:26Z,PORTE-D,,UNITE,OK
TKT76608180344,2026-05-16T14:37:27Z,PORTE-D,R56513389,ABONNEMENT,OK
TKT12073668417,2026-05-16T14:37:27Z,VIP-EST,R55147960,ABONNEMENT,OK
TKT21562212328,2026-05-16T14:37:27Z,PORTE-D,R52207332,UNITE,OK
TKT25169609925,2026-05-16T14:37:28Z,PORTE-D,R53656052,ABONNEMENT,OK
TKT23832694685,2026-05-16T14:37:28Z,VIP-EST,,GROUPE,OK
TKT84034757118,2026-05-16T14:37:28Z,PORTE-B,,UNITE,OK
TKT74620057886,2026-05-16T14:37:31Z,PORTE-A,R57401214,ABONNEMENT,OK
TKT75965750982,2026-05-16T14:37:31Z,PORTE-D,R53427604,UNITE,OK
TKT66235537523,2026-05-16T14:37:32Z,VIP-EST,R56354545,ABONNEMENT,OK
TKT35102694861,2026-05-16T14:37:32Z,PORTE-D,R56075295,GROUPE,OK
TKT13723072617,2026-05-16T14:37:34Z,VIP-EST,R58632798,ABONNEMENT,OK
TKT55406556602,2026-05-16T14:37:34Z,PORTE-D,R53420737,UNITE,OK
TKT70449622347,2026-05-16T14:37:35Z,PORTE-D,R54627801,UNITE,OK
TKT19251254331,2026-05-16T14:37:35Z,VIP-EST,R53879251,UNITE,OK
TKT69226220179,2026-05-16T14:37:36Z,PORTE-C,R59202744,ABONNEMENT,OK
TKT90710569006,2026-05-16T14:37:37Z,VIP-EST,R56217511,ABONNEMENT,OK
TKT47324693256,2026-05-16T14:37:37Z,PORTE-D,R58918657,UNITE,OK
TKT68522668705,2026-05-16T14:37:37Z,PORTE-D,,UNITE,OK
TKT41654542027,2026-05-16T14:37:38Z,PORTE-D,R59640704,UNITE,OK
TKT33478256429,2026-05-16T14:37:39Z,PORTE-A,R58652826,ABONNEMENT,OK
TKT68661957702,2026-05-16T14:37:40Z,PORTE-A,R54458814,ABONNEMENT,REFUSE_DEJA_SCANNE
TKT62192047048,2026-05-16T14:37:40Z,PORTE-D,R59867926,UNITE,OK
TKT45031894920,2026-05-16T14:37:40Z,PORTE-D,R58044184,UNITE,OK
TKT82567827308,2026-05-16T14:37:41Z,PORTE-C,R57677476,ABONNEMENT,REFUSE_DEJA_SCANNE
TKT90917346421,2026-05-16T14:37:41Z,PORTE-C,R54007435,UNITE,REFUSE_INVALIDE
TKT65613298132,2026-05-16T14:37:41Z,PORTE-D,R58143011,UNITE,OK
TKT66433386153,2026-05-16T14:37:41Z,PORTE-C,,UNITE,OK
TKT81702339352,2026-05-16T14:37:43Z,PORTE-C,R55896031,ABONNEMENT,OK
TKT27895043627,2026-05-16T14:37:43Z,PORTE-C,R57659632,ABONNEMENT,OK
TKT77937491177,2026-05-16T14:37:44Z,PORTE-D,R58016599,UNITE,OK
TKT70859730285,2026-05-16T14:37:45Z,PORTE-D,R52286955,ABONNEMENT,OK
TKT25743519105,2026-05-16T14:37:45Z,PORTE-C,R53013628,ABONNEMENT,OK
TKT44144794978,2026-05-16T14:37:45Z,VIP-EST,R54815848,ABONNEMENT,OK
TKT52458015301,2026-05-16T14:37:45Z,PORTE-A,,UNITE,OK
TKT82466220237,2026-05-16T14:37:45Z,PORTE-D,,UNITE,OK
TKT66936948564,2026-05-16T14:37:48Z,PORTE-A,R54603214,UNITE,OK
TKT48232306333,2026-05-16T14:37:48Z,PORTE-D,R59460760,UNITE,OK
TKT84174779198,2026-05-16T14:37:51Z,PORTE-C,R52838243,UNITE,OK
TKT67266246092,2026-05-16T14:37:51Z,PORTE-D,R54916179,UNITE,OK
TKT79956547952,2026-05-16T14:37:53Z,PORTE-D,R53282946,ABONNEMENT,OK
TKT67923110666,2026-05-16T14:37:54Z,PORTE-C,R52444151,UNITE,OK
TKT20921540457,2026-05-16T14:37:57Z,PORTE-C,R56542813,ABONNEMENT,OK
TKT58239988099,2026-05-16T14:37:58Z,PORTE-C,R58504882,UNITE,OK
TKT64961539926,2026-05-16T14:37:58Z,PORTE-D,,UNITE,OK
TKT53564504023,2026-05-16T14:38:02Z,PORTE-B,R55564187,ABONNEMENT,OK
TKT63282698475,2026-05-16T14:38:04Z,VIP-EST,,VIP,REFUSE_DEJA_SCANNE
TKT87289632241,2026-05-16T14:38:04Z,PORTE-C,R53419300,UNITE,OK
TKT50304881108,2026-05-16T14:38:05Z,PORTE-D,R56825952,UNITE,OK
TKT26072803914,2026-05-16T14:38:06Z,PORTE-D,R58929691,ABONNEMENT,OK
TKT78929757222,2026-05-16T14:38:07Z,PORTE-C,,UNITE,OK
TKT49593776314,2026-05-16T14:38:07Z,VIP-EST,R59673260,UNITE,OK
TKT83436603832,2026-05-16T14:38:07Z,PORTE-D,R58093693,UNITE,OK
TKT68023549053,2026-05-16T14:38:08Z,VIP-EST,R51942315,UNITE,OK
TKT99692622622,2026-05-16T14:38:09Z,PORTE-B,R52461114,ABONNEMENT,OK
TKT43779184218,2026-05-16T14:38:09Z,PORTE-D,R51155826,ABONNEMENT,OK
TKT71890974414,2026-05-16T14:38:09Z,PORTE-D,,UNITE,OK
TKT89914851677,2026-05-16T14:38:11Z,PORTE-D,R58952516,UNITE,OK
TKT52404693295,2026-05-16T14:38:12Z,VIP-EST,R55867622,ABONNEMENT,OK
TKT92038623667,2026-05-16T14:38:12Z,PORTE-C,,UNITE,OK
TKT80828892820,2026-05-16T14:38:12Z,PORTE-D,R58594246,UNITE,OK
TKT85204284152,2026-05-16T14:38:13Z,PORTE-A,R54755295,ABONNEMENT,OK
TKT46586888100,2026-05-16T14:38:14Z,PORTE-D,R54481284,UNITE,OK
TKT79924967783,2026-05-16T14:38:17Z,PORTE-C,R54931571,ABONNEMENT,OK
TKT37386093981,2026-05-16T14:38:17Z,PORTE-C,R52094205,UNITE,OK
TKT28302894117,2026-05-16T14:38:18Z,VIP-EST,,GROUPE,OK
TKT94789278984,2026-05-16T14:38:19Z,PORTE-D,R53505120,UNITE,OK
TKT15195863065,2026-05-16T14:38:20Z,PORTE-D,R51929710,UNITE,OK
TKT11676974130,2026-05-16T14:38:21Z,PORTE-D,R58185375,UNITE,OK
TKT25979304911,2026-05-16T14:38:22Z,PORTE-A,R56593069,ABONNEMENT,OK
TKT98378938385,2026-05-16T14:38:23Z,PORTE-D,R51107399,UNITE,OK
TKT74916610677,2026-05-16T14:38:24Z,PORTE-A,R51160673,ABONNEMENT,OK
TKT66694982204,2026-05-16T14:38:24Z,PORTE-C,R56295707,UNITE,OK
TKT55302509612,2026-05-16T14:38:28Z,PORTE-B,,UNITE,OK
TKT31437892628,2026-05-16T14:38:29Z,PORTE-C,R57442831,INVITATION,OK
TKT15938883506,2026-05-16T14:38:30Z,VIP-EST,R53037066,ABONNEMENT,OK
TKT78014369538,2026-05-16T14:38:30Z,VIP-EST,,VIP,OK
TKT51317043719,2026-05-16T14:38:34Z,PORTE-B,R54943965,UNITE,OK
TKT12420864311,2026-05-16T14:38:35Z,PORTE-C,,UNITE,OK
TKT93928604864,2026-05-16T14:38:37Z,PORTE-B,R54775323,UNITE,OK
TKT65531821039,2026-05-16T14:38:38Z,PORTE-D,,GROUPE,OK
TKT11511046869,2026-05-16T14:38:38Z,PORTE-B,,UNITE,REFUSE_DEJA_SCANNE
TKT10141876990,2026-05-16T14:38:40Z,PORTE-A,R56453995,ABONNEMENT,OK
TKT87421880852,2026-05-16T14:38:40Z,PORTE-D,R56680326,ABONNEMENT,OK
TKT44392443763,2026-05-16T14:38:40Z,VIP-EST,R53133853,UNITE,OK
TKT24233763407,2026-05-16T14:38:42Z,PORTE-D,R59498488,ABONNEMENT,OK
TKT68833502954,2026-05-16T14:38:44Z,PORTE-D,R53685543,UNITE,OK
TKT31536044165,2026-05-16T14:38:45Z,VIP-EST,R52688192,ABONNEMENT,OK
TKT32586196128,2026-05-16T14:38:45Z,PORTE-B,R58399245,UNITE,OK
TKT64792729876,2026-05-16T14:38:46Z,PORTE-C,R57018558,ABONNEMENT,OK
TKT18740160358,2026-05-16T14:38:47Z,VIP-EST,R59299474,ABONNEMENT,OK
TKT65592112147,2026-05-16T14:38:48Z,PORTE-D,R59190082,UNITE,OK
TKT31174021055,2026-05-16T14:38:49Z,PORTE-D,R54173836,UNITE,OK
TKT46668713480,2026-05-16T14:38:50Z,PORTE-A,R51068857,VIP,OK
TKT57855636121,2026-05-16T14:38:53Z,VIP-EST,R52994290,UNITE,OK
TKT17395659276,2026-05-16T14:38:56Z,PORTE-C,R59850561,UNITE,OK
TKT66152976097,2026-05-16T14:38:57Z,PORTE-B,R57224938,UNITE,OK
TKT18203491232,2026-05-16T14:38:57Z,VIP-EST,,VIP,OK
TKT36570384133,2026-05-16T14:38:58Z,PORTE-C,R52592095,ABONNEMENT,OK
TKT56236864109,2026-05-16T14:38:58Z,PORTE-B,R51604073,ABONNEMENT,OK
TKT82712803926,2026-05-16T14:38:58Z,PORTE-C,R58366957,UNITE,OK
TKT86816927991,2026-05-16T14:38:59Z,PORTE-C,R53134188,ABONNEMENT,OK
TKT40836835890,2026-05-16T14:39:01Z,PORTE-A,R59618368,ABONNEMENT,OK
TKT65704243552,2026-05-16T14:39:01Z,PORTE-A,R52058440,VIP,OK
TKT18823491201,2026-05-16T14:39:04Z,PORTE-C,R59880387,ABONNEMENT,OK
TKT95628258304,2026-05-16T14:39:06Z,PORTE-C,R59822909,ABONNEMENT,OK
TKT92088574546,2026-05-16T14:39:06Z,PORTE-C,R55310060,UNITE,OK
TKT36019711293,2026-05-16T14:39:07Z,PORTE-C,R54436267,ABONNEMENT,OK
TKT23206674181,2026-05-16T14:39:07Z,PORTE-D,R53554438,UNITE,OK
TKT23401479623,2026-05-16T14:39:07Z,PORTE-C,R52013691,UNITE,OK
TKT78959824609,2026-05-16T14:39:08Z,PORTE-C,R53116756,ABONNEMENT,OK
TKT12539050628,2026-05-16T14:39:09Z,PORTE-C,R56037212,ABONNEMENT,OK
TKT40005232132,2026-05-16T14:39:10Z,PORTE-D,R59575659,UNITE,OK
TKT89667474465,2026-05-16T14:39:13Z,PORTE-D,R51447279,ABONNEMENT,OK
TKT76609247416,2026-05-16T14:39:13Z,VIP-EST,R55166561,VIP,OK
TKT43663766784,2026-05-16T14:39:16Z,PORTE-B,R54450567,ABONNEMENT,OK
TKT52887784939,2026-05-16T14:39:17Z,PORTE-C,,GROUPE,OK
TKT91787042367,2026-05-16T14:39:18Z,PORTE-D,R53748759,ABONNEMENT,OK
TKT18341737168,2026-05-16T14:39:19Z,PORTE-C,R59261458,UNITE,OK
TKT61222545273,2026-05-16T14:39:19Z,PORTE-A,,GROUPE,OK
TKT62671094811,2026-05-16T14:39:20Z,PORTE-B,R58597991,UNITE,OK
TKT52505549151,2026-05-16T14:39:23Z,VIP-EST,R59743832,ABONNEMENT,OK
TKT31883900100,2026-05-16T14:39:24Z,PORTE-B,R53115185,ABONNEMENT,OK
TKT34230669446,2026-05-16T14:39:25Z,PORTE-C,R56361365,ABONNEMENT,OK
TKT88328616307,2026-05-16T14:39:25Z,PORTE-A,R57244075,ABONNEMENT,OK
TKT23881738447,2026-05-16T14:39:28Z,PORTE-A,R52280145,ABONNEMENT,OK
TKT73666494110,2026-05-16T14:39:29Z,PORTE-C,R52862964,ABONNEMENT,OK
TKT41212119481,2026-05-16T14:39:30Z,PORTE-D,R58006034,ABONNEMENT,OK
TKT82257671343,2026-05-16T14:39:31Z,PORTE-D,R56222760,ABONNEMENT,OK
TKT52571127426,2026-05-16T14:39:32Z,VIP-EST,R56011399,ABONNEMENT,OK
TKT77616433250,2026-05-16T14:39:35Z,PORTE-C,R54553216,ABONNEMENT,OK
TKT78535245897,2026-05-16T14:39:36Z,PORTE-C,R56203680,UNITE,OK
TKT94832506494,2026-05-16T14:39:37Z,VIP-EST,R58496501,UNITE,OK
TKT50917742748,2026-05-16T14:39:40Z,PORTE-B,R54424285,ABONNEMENT,OK
TKT79459995498,2026-05-16T14:39:40Z,PORTE-D,R57288757,ABONNEMENT,OK
TKT96905110909,2026-05-16T14:39:40Z,PORTE-D,R57977836,ABONNEMENT,OK
TKT41180789284,2026-05-16T14:39:45Z,PORTE-B,R58133471,ABONNEMENT,OK
TKT23884867912,2026-05-16T14:39:45Z,VIP-EST,,UNITE,OK
TKT14513346648,2026-05-16T14:39:46Z,PORTE-C,,UNITE,OK
TKT11278697609,2026-05-16T14:39:47Z,VIP-EST,R56376757,UNITE,OK
TKT81681805528,2026-05-16T14:39:48Z,PORTE-C,R59607267,UNITE,OK
TKT44786656906,2026-05-16T14:39:49Z,VIP-EST,R51272363,UNITE,OK
TKT49216918343,2026-05-16T14:39:53Z,PORTE-D,R57941468,UNITE,OK
TKT48835960471,2026-05-16T14:39:54Z,PORTE-B,R58002155,INVITATION,OK
TKT48881281378,2026-05-16T14:39:55Z,VIP-EST,R57980298,UNITE,OK
TKT42619150424,2026-05-16T14:39:55Z,PORTE-D,R52552384,UNITE,OK
TKT35097376281,2026-05-16T14:39:56Z,PORTE-D,,UNITE,OK
TKT62651131241,2026-05-16T14:39:56Z,PORTE-D,,UNITE,OK
TKT39150570113,2026-05-16T14:39:57Z,PORTE-A,R59292041,ABONNEMENT,OK
TKT52873998300,2026-05-16T14:39:57Z,PORTE-C,,UNITE,OK
TKT81337456286,2026-05-16T14:39:58Z,PORTE-C,R57963057,ABONNEMENT,OK
TKT75654955470,2026-05-16T14:39:58Z,PORTE-C,R53547762,UNITE,OK
TKT23591070385,2026-05-16T14:40:00Z,VIP-EST,R51598144,VIP,OK
TKT44699057428,2026-05-16T14:40:02Z,PORTE-C,R51512257,ABONNEMENT,OK
TKT87772505451,2026-05-16T14:40:02Z,PORTE-C,R51085331,ABONNEMENT,OK
TKT35342543257,2026-05-16T14:40:02Z,PORTE-C,R52340142,UNITE,OK
TKT82856673643,2026-05-16T14:40:03Z,PORTE-C,R57374778,UNITE,OK
TKT31347297442,2026-05-16T14:40:03Z,PORTE-C,R54520794,UNITE,OK
TKT32110530625,2026-05-16T14:40:04Z,PORTE-D,,UNITE,OK
TKT26227288787,2026-05-16T14:40:06Z,VIP-EST,R58564477,ABONNEMENT,OK
TKT63519342224,2026-05-16T14:40:07Z,VIP-EST,R59168215,ABONNEMENT,OK
TKT15146204481,2026-05-16T14:40:08Z,PORTE-D,R54311282,UNITE,OK
TKT84538138873,2026-05-16T14:40:09Z,PORTE-C,R59728497,UNITE,REFUSE_DEJA_SCANNE
TKT50722406915,2026-05-16T14:40:10Z,PORTE-D,,UNITE,OK
TKT94913541662,2026-05-16T14:40:11Z,PMR-NORD,R58818882,UNITE,OK
TKT23848388829,2026-05-16T14:40:12Z,PORTE-C,,GROUPE,OK
TKT76201684060,2026-05-16T14:40:15Z,PORTE-A,R52664295,UNITE,OK
TKT35920317921,2026-05-16T14:40:15Z,VIP-EST,R56758656,UNITE,OK
TKT44078021829,2026-05-16T14:40:17Z,PORTE-C,R59823991,UNITE,OK
TKT74007653480,2026-05-16T14:40:18Z,VIP-EST,,UNITE,OK
TKT21461708313,2026-05-16T14:40:21Z,PORTE-A,R57957205,ABONNEMENT,OK
TKT30154984693,2026-05-16T14:40:22Z,PORTE-D,R54246515,UNITE,OK
TKT60010731869,2026-05-16T14:40:24Z,VIP-EST,R57594922,ABONNEMENT,OK
TKT93871064181,2026-05-16T14:40:25Z,PORTE-B,R51929097,UNITE,OK
TKT73602178339,2026-05-16T14:40:25Z,PORTE-D,,GROUPE,OK
TKT14360887840,2026-05-16T14:40:26Z,PORTE-A,R51744306,UNITE,OK
TKT45772794869,2026-05-16T14:40:27Z,PORTE-A,R52467857,ABONNEMENT,OK
TKT24117323157,2026-05-16T14:40:28Z,PORTE-C,R52091274,UNITE,OK
TKT49411933830,2026-05-16T14:40:28Z,PORTE-D,,UNITE,OK
TKT80598282261,2026-05-16T14:40:28Z,PORTE-A,R53167635,UNITE,OK
TKT91214550535,2026-05-16T14:40:30Z,PORTE-B,R54321157,ABONNEMENT,OK
TKT90956773561,2026-05-16T14:40:31Z,PORTE-C,R51882097,UNITE,OK
TKT79995029112,2026-05-16T14:40:32Z,PORTE-D,R54381911,ABONNEMENT,OK
TKT84894483109,2026-05-16T14:40:33Z,PORTE-A,R57165688,ABONNEMENT,OK
TKT75088250716,2026-05-16T14:40:33Z,PMR-NORD,,UNITE,OK
TKT40536811831,2026-05-16T14:40:35Z,PORTE-C,R53216263,UNITE,OK
TKT65798549788,2026-05-16T14:40:36Z,PORTE-D,R55829951,ABONNEMENT,OK
TKT22680684288,2026-05-16T14:40:38Z,PORTE-D,R54840914,UNITE,OK
TKT48473746591,2026-05-16T14:40:39Z,PORTE-D,R56965783,UNITE,OK
TKT66447216497,2026-05-16T14:40:39Z,PORTE-D,R58586076,UNITE,OK
TKT84073523647,2026-05-16T14:40:40Z,PORTE-D,,UNITE,OK
TKT59447792905,2026-05-16T14:40:40Z,PORTE-D,R57193541,UNITE,OK
TKT25950006876,2026-05-16T14:40:42Z,VIP-EST,R57933633,GROUPE,OK
TKT27109571356,2026-05-16T14:40:43Z,VIP-EST,R53580184,ABONNEMENT,OK
TKT68583700970,2026-05-16T14:40:43Z,PORTE-D,R54632092,ABONNEMENT,OK
TKT15763710300,2026-05-16T14:40:43Z,PORTE-D,R57749264,ABONNEMENT,OK
TKT95472320796,2026-05-16T14:40:43Z,PORTE-D,R59611481,ABONNEMENT,OK
TKT49468683633,2026-05-16T14:40:43Z,PORTE-C,R51496041,ABONNEMENT,OK
TKT94031999450,2026-05-16T14:40:43Z,PORTE-D,R58480017,UNITE,OK
TKT71016058901,2026-05-16T14:40:44Z,PORTE-C,R53930877,ABONNEMENT,OK
TKT28690474817,2026-05-16T14:40:45Z,PORTE-A,R55069228,UNITE,OK
TKT38288737749,2026-05-16T14:40:47Z,PORTE-A,R53814484,UNITE,OK
TKT10106114484,2026-05-16T14:40:47Z,PORTE-D,R55887439,UNITE,OK
TKT34858586953,2026-05-16T14:40:47Z,PORTE-C,,UNITE,OK
TKT73982536226,2026-05-16T14:40:49Z,VIP-EST,,VIP,OK
TKT85255984322,2026-05-16T14:40:50Z,PORTE-D,R55873350,UNITE,OK
TKT90257865961,2026-05-16T14:40:51Z,PORTE-A,R55174865,ABONNEMENT,OK
TKT84582456098,2026-05-16T14:40:51Z,VIP-EST,R51018045,UNITE,OK
TKT72639592668,2026-05-16T14:40:52Z,PORTE-D,R57837526,ABONNEMENT,OK
TKT17499205361,2026-05-16T14:40:54Z,PORTE-C,R52710270,UNITE,OK
TKT54607395111,2026-05-16T14:40:56Z,PORTE-B,R57238702,ABONNEMENT,OK
TKT52330780272,2026-05-16T14:40:56Z,PORTE-C,R58609025,ABONNEMENT,OK
TKT94932210579,2026-05-16T14:40:57Z,PORTE-C,R57276574,ABONNEMENT,OK
TKT12353485575,2026-05-16T14:40:57Z,PORTE-C,R54664715,ABONNEMENT,OK
TKT75471829909,2026-05-16T14:40:57Z,PORTE-C,R57029535,UNITE,OK
TKT11411793084,2026-05-16T14:40:58Z,PORTE-D,R54350035,ABONNEMENT,OK
TKT73822533524,2026-05-16T14:41:02Z,PORTE-A,R57163849,ABONNEMENT,OK
TKT94360703812,2026-05-16T14:41:03Z,PORTE-A,,UNITE,OK
TKT36843077993,2026-05-16T14:41:05Z,VIP-EST,R53094889,UNITE,OK
TKT18801598759,2026-05-16T14:41:06Z,PORTE-C,R53838870,UNITE,OK
TKT32399489373,2026-05-16T14:41:07Z,PORTE-A,R52255826,ABONNEMENT,OK
TKT61795804184,2026-05-16T14:41:09Z,PORTE-B,R54137334,UNITE,OK
TKT15855853744,2026-05-16T14:41:11Z,PORTE-D,R57031374,INVITATION,OK
TKT83068230360,2026-05-16T14:41:11Z,PORTE-A,R59071495,UNITE,OK
TKT52279045552,2026-05-16T14:41:12Z,PORTE-D,R59547672,ABONNEMENT,OK
TKT91726818293,2026-05-16T14:41:15Z,PORTE-D,,UNITE,OK
TKT80991759422,2026-05-16T14:41:16Z,PORTE-D,R51348184,ABONNEMENT,OK
TKT59195922180,2026-05-16T14:41:17Z,PORTE-D,,UNITE,OK
TKT37497243337,2026-05-16T14:41:17Z,PORTE-A,R52276936,UNITE,OK
TKT44678566162,2026-05-16T14:41:19Z,PORTE-A,R53266452,ABONNEMENT,OK
TKT34704800972,2026-05-16T14:41:19Z,PORTE-D,R59872552,UNITE,OK
TKT13769708190,2026-05-16T14:41:20Z,PORTE-C,R55284793,ABONNEMENT,OK
TKT61792149860,2026-05-16T14:41:23Z,PORTE-D,R57286449,INVITATION,OK
TKT23536360114,2026-05-16T14:41:26Z,PORTE-A,R51174896,ABONNEMENT,OK
TKT22224364021,2026-05-16T14:41:28Z,PORTE-B,R53402414,ABONNEMENT,OK
TKT61222058008,2026-05-16T14:41:31Z,PORTE-D,R58210575,UNITE,OK
TKT88530890343,2026-05-16T14:41:31Z,PORTE-A,R57386425,INVITATION,OK
TKT62724463776,2026-05-16T14:41:32Z,PORTE-A,R55916930,ABONNEMENT,OK
TKT57892033009,2026-05-16T14:41:32Z,PORTE-C,R53083711,UNITE,OK
TKT71566823851,2026-05-16T14:41:34Z,PORTE-A,R55393984,UNITE,OK
TKT83156604359,2026-05-16T14:41:35Z,PORTE-D,R53821562,ABONNEMENT,OK
TKT52070304818,2026-05-16T14:41:35Z,VIP-EST,,GROUPE,OK
TKT62176622635,2026-05-16T14:41:35Z,PORTE-C,,UNITE,OK
TKT75469417770,2026-05-16T14:41:36Z,PORTE-C,,UNITE,OK
TKT69483961241,2026-05-16T14:41:39Z,PORTE-D,R59750096,ABONNEMENT,OK
TKT89674046160,2026-05-16T14:41:39Z,PORTE-C,R56788549,UNITE,OK
TKT11668641372,2026-05-16T14:41:41Z,PORTE-C,R57905033,ABONNEMENT,OK
TKT31349633511,2026-05-16T14:41:43Z,PORTE-D,R55929257,ABONNEMENT,OK
TKT26328322592,2026-05-16T14:41:43Z,PORTE-D,R52433385,UNITE,OK
TKT40459091440,2026-05-16T14:41:43Z,PORTE-D,R51421744,UNITE,OK
TKT42941298392,2026-05-16T14:41:48Z,PORTE-D,R56784670,ABONNEMENT,OK
TKT78406341430,2026-05-16T14:41:48Z,PORTE-D,R51190499,UNITE,OK
TKT64709011980,2026-05-16T14:41:49Z,PORTE-B,R58167809,UNITE,OK
TKT26525544779,2026-05-16T14:41:50Z,PORTE-D,R58749747,UNITE,OK
TKT80298301702,2026-05-16T14:41:51Z,PORTE-C,R53666004,ABONNEMENT,OK
TKT67150487846,2026-05-16T14:41:53Z,VIP-EST,,GROUPE,OK
TKT74820653112,2026-05-16T14:41:55Z,PORTE-D,R52167621,UNITE,OK
TKT97069609481,2026-05-16T14:41:57Z,PORTE-B,R55410056,ABONNEMENT,OK
TKT60295232794,2026-05-16T14:41:58Z,VIP-EST,R52323936,ABONNEMENT,OK
TKT10577457685,2026-05-16T14:41:58Z,PORTE-C,R56763081,UNITE,OK
TKT94573133143,2026-05-16T14:42:00Z,PORTE-A,R58454827,ABONNEMENT,OK
TKT58898155409,2026-05-16T14:42:00Z,PORTE-D,R53283281,ABONNEMENT,OK
TKT46253997875,2026-05-16T14:42:00Z,PORTE-D,R54864275,INVITATION,OK
TKT29727413187,2026-05-16T14:42:01Z,PORTE-D,,GROUPE,OK
TKT49864827097,2026-05-16T14:42:02Z,VIP-EST,R58450737,VIP,OK
TKT83352465800,2026-05-16T14:42:03Z,VIP-EST,R55156542,ABONNEMENT,OK
TKT50315385945,2026-05-16T14:42:04Z,VIP-EST,R54896841,ABONNEMENT,OK
TKT10676121999,2026-05-16T14:42:05Z,PORTE-C,R52703996,ABONNEMENT,OK
TKT64101961681,2026-05-16T14:42:06Z,PORTE-D,,GROUPE,OK
TKT83646794854,2026-05-16T14:42:06Z,PORTE-C,R56214302,UNITE,OK
TKT75951788510,2026-05-16T14:42:08Z,PORTE-A,R56111395,ABONNEMENT,OK
TKT48958079683,2026-05-16T14:42:08Z,PORTE-A,R51372359,ABONNEMENT,OK
TKT90953156084,2026-05-16T14:42:08Z,PORTE-D,,UNITE,OK
TKT91908846762,2026-05-16T14:42:09Z,PORTE-D,,UNITE,OK
TKT13961971209,2026-05-16T14:42:11Z,VIP-EST,R54459963,ABONNEMENT,OK
TKT12319903023,2026-05-16T14:42:13Z,PORTE-A,R59800084,ABONNEMENT,OK
TKT70544815657,2026-05-16T14:42:16Z,PORTE-D,R58817043,GROUPE,OK
TKT20597168375,2026-05-16T14:42:17Z,PORTE-C,R58484854,ABONNEMENT,OK
TKT95540886806,2026-05-16T14:42:18Z,PORTE-D,R58754986,UNITE,REFUSE_INVALIDE
TKT69926126529,2026-05-16T14:42:21Z,PORTE-C,R52937961,ABONNEMENT,OK
TKT21583844656,2026-05-16T14:42:22Z,VIP-EST,R53970933,ABONNEMENT,OK
TKT59370839346,2026-05-16T14:42:22Z,PORTE-C,R51965743,UNITE,OK
TKT50648401825,2026-05-16T14:42:24Z,PORTE-C,R51717267,UNITE,OK
TKT87713388745,2026-05-16T14:42:24Z,PORTE-D,R59519876,UNITE,OK
TKT16742282480,2026-05-16T14:42:25Z,PORTE-C,R53085694,ABONNEMENT,OK
TKT42301196003,2026-05-16T14:42:25Z,PORTE-C,R57132653,UNITE,OK
TKT64565669892,2026-05-16T14:42:26Z,PORTE-A,R51061836,ABONNEMENT,OK
TKT29424303082,2026-05-16T14:42:26Z,VIP-EST,R51707258,VIP,OK
TKT21916331620,2026-05-16T14:42:28Z,PORTE-C,R59477579,ABONNEMENT,OK
TKT70306238935,2026-05-16T14:42:28Z,PORTE-C,R56214369,ABONNEMENT,OK
TKT51094335648,2026-05-16T14:42:28Z,PORTE-D,R54831930,UNITE,OK
TKT89939806791,2026-05-16T14:42:28Z,PORTE-D,,UNITE,OK
TKT71016803683,2026-05-16T14:42:30Z,VIP-EST,R52092021,UNITE,OK
TKT40407456681,2026-05-16T14:42:33Z,PORTE-C,R53165853,ABONNEMENT,OK
TKT60124609522,2026-05-16T14:42:33Z,PORTE-D,R52854382,UNITE,OK
TKT98004049526,2026-05-16T14:42:37Z,PORTE-D,R56443775,UNITE,REFUSE_INVALIDE
TKT44583340674,2026-05-16T14:42:37Z,VIP-EST,,UNITE,OK
TKT15033115385,2026-05-16T14:42:42Z,PORTE-D,R52319444,UNITE,OK
TKT46557988428,2026-05-16T14:42:46Z,PORTE-D,R57516870,UNITE,OK
TKT35860751937,2026-05-16T14:42:46Z,PORTE-C,,UNITE,OK
TKT17013059009,2026-05-16T14:42:46Z,PORTE-C,R57244152,UNITE,OK
TKT30360499608,2026-05-16T14:42:47Z,PORTE-C,R51958186,ABONNEMENT,REFUSE_DEJA_SCANNE
TKT69560749153,2026-05-16T14:42:49Z,PORTE-A,R51674635,ABONNEMENT,OK
TKT91455839403,2026-05-16T14:42:49Z,PORTE-A,R51229865,ABONNEMENT,OK
TKT84601951548,2026-05-16T14:42:50Z,PORTE-D,R56943102,ABONNEMENT,OK
TKT49519473545,2026-05-16T14:42:50Z,PORTE-A,R59844488,ABONNEMENT,OK
TKT81735258281,2026-05-16T14:42:51Z,VIP-EST,R51708417,UNITE,OK
TKT52972168728,2026-05-16T14:42:51Z,PORTE-A,R58354017,UNITE,OK
TKT79617559298,2026-05-16T14:42:52Z,PORTE-C,,UNITE,OK
TKT90470333603,2026-05-16T14:42:52Z,PORTE-D,R56419935,UNITE,OK
TKT15835762681,2026-05-16T14:42:54Z,PORTE-C,R58998424,ABONNEMENT,OK
TKT21271822656,2026-05-16T14:42:55Z,PORTE-B,R52706783,ABONNEMENT,OK
TKT52287264173,2026-05-16T14:42:57Z,PORTE-D,R55411138,ABONNEMENT,OK
TKT80597214369,2026-05-16T14:42:58Z,PORTE-A,R53863792,ABONNEMENT,OK
TKT24210556199,2026-05-16T14:43:00Z,PORTE-C,R52960709,ABONNEMENT,OK
TKT91197695482,2026-05-16T14:43:00Z,PORTE-D,,GROUPE,OK
TKT70864547731,2026-05-16T14:43:01Z,PORTE-C,R53183573,UNITE,OK
TKT35183380524,2026-05-16T14:43:05Z,PORTE-A,R53289076,ABONNEMENT,OK
TKT24976372637,2026-05-16T14:43:05Z,PORTE-D,R55278730,UNITE,OK
TKT13973820861,2026-05-16T14:43:05Z,PORTE-D,R51416083,INVITATION,OK
TKT80271486450,2026-05-16T14:43:08Z,PORTE-A,,GROUPE,OK
TKT62712838238,2026-05-16T14:43:10Z,PORTE-A,,UNITE,OK
TKT54322123302,2026-05-16T14:43:11Z,VIP-EST,R53765377,ABONNEMENT,OK
TKT47948581446,2026-05-16T14:43:11Z,PORTE-B,R58383776,UNITE,OK
TKT88398167552,2026-05-16T14:43:11Z,PORTE-D,,UNITE,OK
TKT89828467635,2026-05-16T14:43:12Z,VIP-EST,R57459238,INVITATION,OK
TKT59855957685,2026-05-16T14:43:14Z,PORTE-C,,UNITE,OK
TKT67078127514,2026-05-16T14:43:14Z,PORTE-D,R54219198,UNITE,OK
TKT36210482791,2026-05-16T14:43:14Z,PORTE-D,R57991801,UNITE,OK
TKT35379121174,2026-05-16T14:43:15Z,PORTE-A,R56496349,ABONNEMENT,OK
TKT73149055971,2026-05-16T14:43:16Z,PORTE-A,R55174386,UNITE,OK
TKT55928208613,2026-05-16T14:43:20Z,VIP-EST,R55270148,ABONNEMENT,OK
TKT66324093345,2026-05-16T14:43:20Z,PORTE-D,R56161527,UNITE,OK
TKT56696857072,2026-05-16T14:43:21Z,PORTE-B,R54678814,ABONNEMENT,OK
TKT50335782389,2026-05-16T14:43:22Z,PORTE-C,R58439425,UNITE,OK
TKT46377452686,2026-05-16T14:43:23Z,PORTE-C,R58479270,ABONNEMENT,OK
TKT85086509042,2026-05-16T14:43:24Z,PORTE-C,,GROUPE,OK
TKT93449255971,2026-05-16T14:43:24Z,PORTE-C,,UNITE,OK
TKT44988781373,2026-05-16T14:43:25Z,PORTE-C,,UNITE,OK
TKT12634545161,2026-05-16T14:43:25Z,PORTE-C,R58782504,UNITE,OK
TKT77336415635,2026-05-16T14:43:25Z,PORTE-D,R57246460,UNITE,OK
TKT59696865281,2026-05-16T14:43:28Z,PORTE-D,R55991659,UNITE,OK
TKT10343375147,2026-05-16T14:43:29Z,PORTE-B,R54958131,ABONNEMENT,OK
TKT41212119481,2026-05-16T14:43:30Z,PORTE-D,R58006034,ABONNEMENT,REFUSE_DEJA_SCANNE
TKT79443139494,2026-05-16T14:43:31Z,PORTE-D,R52686698,UNITE,OK
TKT23504905963,2026-05-16T14:43:33Z,PORTE-C,,UNITE,OK
TKT59384740621,2026-05-16T14:43:35Z,PORTE-A,R53905342,UNITE,OK
TKT85776459575,2026-05-16T14:43:36Z,PORTE-A,R51111700,ABONNEMENT,OK
TKT80070982473,2026-05-16T14:43:36Z,PORTE-A,R57840457,ABONNEMENT,OK
TKT56706853867,2026-05-16T14:43:39Z,VIP-EST,R52819585,UNITE,OK
TKT51681921477,2026-05-16T14:43:41Z,PORTE-A,R56858431,ABONNEMENT,OK
TKT67216187306,2026-05-16T14:43:42Z,PORTE-D,R58258657,UNITE,OK
TKT26328322592,2026-05-16T14:43:43Z,PORTE-D,R52433385,UNITE,REFUSE_DEJA_SCANNE
TKT39226011555,2026-05-16T14:43:43Z,VIP-EST,R53975636,UNITE,OK
TKT43141130683,2026-05-16T14:43:44Z,PORTE-C,R55528901,INVITATION,OK
TKT67392106316,2026-05-16T14:43:44Z,VIP-EST,R51170414,UNITE,OK
TKT93484359825,2026-05-16T14:43:45Z,PORTE-A,R55600086,ABONNEMENT,OK
TKT22132196830,2026-05-16T14:43:45Z,VIP-EST,R55949429,UNITE,OK
TKT77827752265,2026-05-16T14:43:45Z,PORTE-D,R52101685,UNITE,OK
TKT89853578507,2026-05-16T14:43:47Z,PORTE-A,R51017164,ABONNEMENT,OK
TKT52202610402,2026-05-16T14:43:55Z,PORTE-D,,UNITE,REFUSE_INVALIDE
TKT95975208734,2026-05-16T14:43:56Z,PORTE-C,R52322911,UNITE,OK
TKT51875850823,2026-05-16T14:43:56Z,PORTE-C,,INVITATION,OK
TKT81466786103,2026-05-16T14:43:56Z,PORTE-D,R52196777,UNITE,OK
TKT40381308012,2026-05-16T14:43:57Z,VIP-EST,R56661112,UNITE,OK
TKT10413042494,2026-05-16T14:43:57Z,PORTE-D,R51043590,UNITE,OK
TKT54941358508,2026-05-16T14:43:59Z,VIP-EST,R55087819,ABONNEMENT,OK
TKT51435727237,2026-05-16T14:43:59Z,PORTE-D,R59492358,ABONNEMENT,OK
TKT47052443191,2026-05-16T14:43:59Z,PORTE-A,R56692308,UNITE,OK
TKT58331238642,2026-05-16T14:44:00Z,PORTE-D,R54509003,UNITE,OK
TKT57527877944,2026-05-16T14:44:00Z,PORTE-C,,GROUPE,OK
TKT99668971663,2026-05-16T14:44:01Z,PORTE-C,R59854775,ABONNEMENT,OK
TKT83616085755,2026-05-16T14:44:02Z,VIP-EST,R58466742,ABONNEMENT,OK
TKT17134781625,2026-05-16T14:44:02Z,PORTE-A,,UNITE,OK
TKT72415775739,2026-05-16T14:44:04Z,PORTE-C,R52328639,UNITE,OK
TKT38139951074,2026-05-16T14:44:06Z,PORTE-C,R57198646,UNITE,OK
TKT95887060556,2026-05-16T14:44:06Z,PORTE-C,R52862562,UNITE,OK
TKT65612548197,2026-05-16T14:44:07Z,PORTE-C,R53806438,UNITE,OK
TKT11497671400,2026-05-16T14:44:08Z,PORTE-D,R59799404,UNITE,OK
TKT64630689432,2026-05-16T14:44:08Z,PORTE-D,R53493205,UNITE,OK
TKT16964278912,2026-05-16T14:44:08Z,VIP-EST,R55204691,UNITE,OK
TKT18665049085,2026-05-16T14:44:09Z,PORTE-C,R55128555,ABONNEMENT,OK
TKT20051221453,2026-05-16T14:44:09Z,PORTE-D,R57510194,UNITE,OK
TKT83059989062,2026-05-16T14:44:09Z,PORTE-C,R52377200,UNITE,OK
TKT77476238006,2026-05-16T14:44:11Z,PORTE-D,R55355422,UNITE,OK
TKT95806112600,2026-05-16T14:44:13Z,PORTE-C,R52181318,UNITE,OK
TKT84738549889,2026-05-16T14:44:14Z,PORTE-D,R57403254,ABONNEMENT,OK
TKT20280705773,2026-05-16T14:44:14Z,PORTE-D,R52078870,UNITE,OK
TKT57707313043,2026-05-16T14:44:16Z,PORTE-D,R59937128,UNITE,OK
TKT58658335534,2026-05-16T14:44:17Z,VIP-EST,R59425742,UNITE,OK
TKT96022746236,2026-05-16T14:44:17Z,VIP-EST,R53169129,UNITE,OK
TKT20694723712,2026-05-16T14:44:18Z,PORTE-D,R54592716,UNITE,OK
TKT55356037192,2026-05-16T14:44:18Z,PORTE-C,,UNITE,OK
TKT87449253020,2026-05-16T14:44:20Z,VIP-EST,R54764423,UNITE,OK
TKT23525153818,2026-05-16T14:44:22Z,VIP-EST,R55902563,VIP,OK
TKT32542192547,2026-05-16T14:44:23Z,VIP-EST,R53871148,ABONNEMENT,OK
TKT81132930799,2026-05-16T14:44:24Z,PORTE-D,R57278336,ABONNEMENT,OK
TKT72918632868,2026-05-16T14:44:26Z,PORTE-A,R58919682,ABONNEMENT,OK
TKT59907571945,2026-05-16T14:44:26Z,PORTE-C,R59534310,ABONNEMENT,OK
TKT37462495541,2026-05-16T14:44:27Z,PORTE-B,R57624614,ABONNEMENT,OK
TKT97352517748,2026-05-16T14:44:27Z,VIP-EST,R59571023,UNITE,OK
TKT74950904947,2026-05-16T14:44:32Z,PORTE-D,R56662817,UNITE,REFUSE_DEJA_SCANNE
TKT89557158856,2026-05-16T14:44:33Z,PORTE-A,R55559005,ABONNEMENT,OK
TKT56336532255,2026-05-16T14:44:35Z,PORTE-A,R56000375,UNITE,OK
TKT28232851377,2026-05-16T14:44:35Z,PORTE-D,R57336782,UNITE,REFUSE_DEJA_SCANNE
TKT36128114267,2026-05-16T14:44:35Z,VIP-EST,,UNITE,OK
TKT35097911436,2026-05-16T14:44:37Z,PORTE-D,R51621850,UNITE,OK
TKT45470174674,2026-05-16T14:44:38Z,PORTE-C,R56755035,UNITE,OK
TKT58218324321,2026-05-16T14:44:38Z,PORTE-D,R58457959,UNITE,OK
TKT24337371688,2026-05-16T14:44:39Z,PORTE-C,R53624521,ABONNEMENT,OK
TKT49028468038,2026-05-16T14:44:40Z,PORTE-D,R52579758,ABONNEMENT,OK
TKT43902786145,2026-05-16T14:44:40Z,PORTE-D,R54545726,UNITE,OK
TKT29948679763,2026-05-16T14:44:41Z,VIP-EST,R53030658,ABONNEMENT,OK
TKT63564628874,2026-05-16T14:44:42Z,PORTE-B,R54664849,UNITE,OK
TKT99844006872,2026-05-16T14:44:43Z,PORTE-D,R55961545,ABONNEMENT,OK
TKT76581078613,2026-05-16T14:44:43Z,PORTE-B,R57553171,UNITE,OK
TKT62025724585,2026-05-16T14:44:45Z,VIP-EST,R56928323,ABONNEMENT,OK
TKT84312822757,2026-05-16T14:44:47Z,PORTE-C,,UNITE,OK
TKT73890966556,2026-05-16T14:44:49Z,PORTE-D,,UNITE,OK
TKT84666886719,2026-05-16T14:44:51Z,PORTE-D,R59168905,UNITE,OK
TKT63833092511,2026-05-16T14:44:52Z,PORTE-C,R56313551,UNITE,OK
TKT99756026856,2026-05-16T14:44:53Z,VIP-EST,R54521139,ABONNEMENT,OK
TKT85687669113,2026-05-16T14:44:56Z,PORTE-D,R54086311,UNITE,OK
TKT20525488387,2026-05-16T14:44:57Z,PORTE-C,,UNITE,OK
TKT64482358039,2026-05-16T14:44:57Z,VIP-EST,R59315402,UNITE,OK
TKT26919526479,2026-05-16T14:44:59Z,PORTE-C,R58097381,UNITE,OK
TKT73951271393,2026-05-16T14:45:00Z,PORTE-A,R59139605,ABONNEMENT,OK
TKT40836835890,2026-05-16T14:45:01Z,PORTE-A,R59618368,ABONNEMENT,REFUSE_DEJA_SCANNE
TKT33093702551,2026-05-16T14:45:04Z,PORTE-D,R57565431,UNITE,OK
TKT40569406199,2026-05-16T14:45:05Z,PORTE-C,,GROUPE,OK
TKT24575327789,2026-05-16T14:45:06Z,PORTE-A,R52815840,UNITE,OK
TKT13986041018,2026-05-16T14:45:10Z,PORTE-C,R53529640,ABONNEMENT,OK
TKT14152308958,2026-05-16T14:45:10Z,PORTE-D,R53130366,UNITE,OK
TKT13640587163,2026-05-16T14:45:10Z,PORTE-D,R53087389,UNITE,OK
TKT18223493193,2026-05-16T14:45:14Z,PORTE-C,R52528132,ABONNEMENT,OK
TKT81671497589,2026-05-16T14:45:17Z,PORTE-C,R59723603,ABONNEMENT,OK
TKT58176575202,2026-05-16T14:45:17Z,PORTE-A,R56538522,ABONNEMENT,OK
TKT58638802181,2026-05-16T14:45:17Z,PORTE-C,R58465315,ABONNEMENT,OK
TKT98409975120,2026-05-16T14:45:19Z,PORTE-D,R56047097,UNITE,OK
TKT28098018607,2026-05-16T14:45:19Z,VIP-EST,R51985081,UNITE,OK
TKT86193716916,2026-05-16T14:45:21Z,PORTE-A,R51671503,ABONNEMENT,OK
TKT23085142923,2026-05-16T14:45:23Z,PORTE-A,R54008671,ABONNEMENT,OK
TKT56958058050,2026-05-16T14:45:24Z,PORTE-A,R53157271,ABONNEMENT,OK
TKT94219210410,2026-05-16T14:45:25Z,PORTE-A,R57592939,UNITE,OK
TKT90345774753,2026-05-16T14:45:25Z,VIP-EST,R51144802,UNITE,OK
TKT60040892938,2026-05-16T14:45:25Z,PORTE-C,,UNITE,OK
TKT13505987592,2026-05-16T14:45:28Z,PORTE-B,R58493992,UNITE,OK
TKT85774222061,2026-05-16T14:45:28Z,PORTE-D,,UNITE,OK
TKT94262044349,2026-05-16T14:45:30Z,PORTE-D,R51299814,UNITE,OK
TKT45246796403,2026-05-16T14:45:31Z,VIP-EST,,VIP,OK
TKT23046928788,2026-05-16T14:45:38Z,PORTE-C,R55623380,ABONNEMENT,OK
TKT25105096638,2026-05-16T14:45:38Z,PORTE-D,R59140563,UNITE,OK
TKT52016781381,2026-05-16T14:45:39Z,PORTE-A,R56973742,ABONNEMENT,OK
TKT72936221261,2026-05-16T14:45:39Z,PORTE-A,R51621783,UNITE,OK
TKT15712449663,2026-05-16T14:45:43Z,PORTE-C,R56495123,ABONNEMENT,OK
TKT15185148124,2026-05-16T14:45:45Z,PORTE-C,R58734834,INVITATION,OK
TKT11930915890,2026-05-16T14:45:46Z,VIP-EST,R51994966,ABONNEMENT,OK
TKT50106926049,2026-05-16T14:45:48Z,VIP-EST,R58181965,UNITE,OK
TKT66156758439,2026-05-16T14:45:48Z,PORTE-A,,UNITE,OK
TKT73424708786,2026-05-16T14:45:49Z,VIP-EST,,VIP,OK
TKT20495716368,2026-05-16T14:45:51Z,PORTE-A,R56111194,ABONNEMENT,OK
TKT76459050783,2026-05-16T14:45:51Z,PORTE-A,R54028890,UNITE,OK
TKT57649552145,2026-05-16T14:45:51Z,PORTE-D,R55969112,UNITE,OK
TKT55060749841,2026-05-16T14:45:52Z,PORTE-D,R57890857,UNITE,OK
TKT49376277241,2026-05-16T14:45:55Z,PORTE-A,R54048027,ABONNEMENT,OK
TKT53448186493,2026-05-16T14:45:55Z,PORTE-D,R54749855,UNITE,OK
TKT78606602210,2026-05-16T14:45:56Z,PORTE-C,R53736767,ABONNEMENT,OK
TKT56072772204,2026-05-16T14:45:56Z,PORTE-C,R53334639,UNITE,OK
TKT62718025623,2026-05-16T14:45:56Z,PORTE-D,R58471167,UNITE,OK
TKT58643750765,2026-05-16T14:45:57Z,PORTE-D,,GROUPE,OK
TKT91071900792,2026-05-16T14:45:59Z,PORTE-B,R59124903,UNITE,OK
TKT76713812753,2026-05-16T14:46:01Z,PORTE-A,R56082373,ABONNEMENT,OK
TKT82649299969,2026-05-16T14:46:05Z,PORTE-A,R54358071,ABONNEMENT,OK
TKT82019369757,2026-05-16T14:46:06Z,PORTE-C,R55977627,UNITE,OK
TKT90061313688,2026-05-16T14:46:07Z,PORTE-D,R56926819,UNITE,OK
TKT98001730013,2026-05-16T14:46:09Z,PORTE-A,R51636629,ABONNEMENT,OK
TKT25577092751,2026-05-16T14:46:10Z,PORTE-B,,UNITE,OK
TKT45846582049,2026-05-16T14:46:11Z,PORTE-C,R57838963,UNITE,OK
TKT41684717505,2026-05-16T14:46:11Z,PORTE-A,R59842525,UNITE,OK
TKT76016637390,2026-05-16T14:46:11Z,PORTE-B,R53555788,UNITE,OK
TKT24925877330,2026-05-16T14:46:14Z,PORTE-C,R53257066,ABONNEMENT,OK
TKT86937631524,2026-05-16T14:46:19Z,VIP-EST,R54122210,ABONNEMENT,OK
TKT36956750609,2026-05-16T14:46:20Z,PORTE-D,R58854436,ABONNEMENT,OK
TKT56819813619,2026-05-16T14:46:20Z,PORTE-C,R54899360,UNITE,OK
TKT42369100786,2026-05-16T14:46:21Z,PORTE-B,R58872146,UNITE,OK
TKT39922708331,2026-05-16T14:46:27Z,PORTE-C,R57757712,ABONNEMENT,OK
TKT17656447787,2026-05-16T14:46:28Z,PORTE-D,R58515916,ABONNEMENT,OK
TKT76311104745,2026-05-16T14:46:28Z,PORTE-C,R57164519,ABONNEMENT,OK
TKT72543286277,2026-05-16T14:46:31Z,PORTE-C,R53363182,UNITE,OK
TKT53544053739,2026-05-16T14:46:33Z,PORTE-D,R52844095,INVITATION,OK
TKT26722881344,2026-05-16T14:46:38Z,PORTE-C,R56306329,UNITE,OK
TKT25031008158,2026-05-16T14:46:43Z,PORTE-C,R51092620,UNITE,OK
TKT83469021311,2026-05-16T14:46:45Z,PORTE-C,R59736811,ABONNEMENT,OK
TKT10225957551,2026-05-16T14:46:48Z,PORTE-D,,UNITE,OK
TKT34634804945,2026-05-16T14:46:49Z,PMR-NORD,R54287442,UNITE,OK
TKT68945381755,2026-05-16T14:46:50Z,PORTE-A,R58232978,INVITATION,OK
TKT47327256609,2026-05-16T14:46:51Z,VIP-EST,R59086485,ABONNEMENT,OK
TKT90393890188,2026-05-16T14:46:58Z,PORTE-D,R57543909,UNITE,OK
TKT47273486792,2026-05-16T14:46:59Z,PORTE-D,R54242770,UNITE,OK
TKT25435206450,2026-05-16T14:47:00Z,PORTE-D,,UNITE,OK
TKT29210714914,2026-05-16T14:47:00Z,PORTE-B,R52713670,INVITATION,OK
TKT40616340578,2026-05-16T14:47:02Z,VIP-EST,R52114568,ABONNEMENT,OK
TKT65562264276,2026-05-16T14:47:04Z,PORTE-C,,INVITATION,OK
TKT45357415729,2026-05-16T14:47:05Z,PORTE-B,R59612784,UNITE,OK
TKT25667138431,2026-05-16T14:47:05Z,PORTE-C,,UNITE,OK
TKT69960990665,2026-05-16T14:47:06Z,PORTE-C,R59831625,ABONNEMENT,OK
TKT65932177582,2026-05-16T14:47:10Z,VIP-EST,R58063120,UNITE,OK
TKT17387240854,2026-05-16T14:47:16Z,PORTE-C,R53513903,ABONNEMENT,OK
TKT87008342330,2026-05-16T14:47:16Z,PORTE-C,R57266143,UNITE,OK
TKT76674028748,2026-05-16T14:47:16Z,PORTE-C,,UNITE,OK
TKT29774428794,2026-05-16T14:47:17Z,PORTE-C,R53369369,ABONNEMENT,OK
TKT93539991569,2026-05-16T14:47:17Z,PORTE-D,,UNITE,OK
TKT90790447680,2026-05-16T14:47:20Z,PORTE-D,R55601781,UNITE,OK
TKT97571097972,2026-05-16T14:47:21Z,PORTE-D,R57691699,UNITE,OK
TKT85316819422,2026-05-16T14:47:22Z,PORTE-C,R56513590,INVITATION,OK
TKT31199847050,2026-05-16T14:47:23Z,PORTE-C,,UNITE,OK
TKT24561024797,2026-05-16T14:47:23Z,PORTE-D,R51970781,UNITE,OK
TKT71837217674,2026-05-16T14:47:23Z,PORTE-C,R59161472,UNITE,OK
TKT48883212697,2026-05-16T14:47:24Z,PORTE-C,R59082261,UNITE,OK
TKT12100140012,2026-05-16T14:47:30Z,PORTE-A,R51790425,ABONNEMENT,OK
TKT94261643875,2026-05-16T14:47:33Z,PORTE-A,R57496574,UNITE,OK
TKT86345399510,2026-05-16T14:47:36Z,PORTE-D,,UNITE,OK
TKT87365581817,2026-05-16T14:47:38Z,PORTE-D,R55352568,UNITE,OK
TKT44564669635,2026-05-16T14:47:40Z,VIP-EST,,VIP,OK
TKT81643787404,2026-05-16T14:47:42Z,PORTE-A,R51893945,ABONNEMENT,OK
TKT39648305325,2026-05-16T14:47:42Z,PORTE-C,R55978364,ABONNEMENT,OK
TKT98739712038,2026-05-16T14:47:44Z,VIP-EST,R54707491,VIP,OK
TKT82498590673,2026-05-16T14:47:47Z,VIP-EST,R52570841,UNITE,OK
TKT52067069877,2026-05-16T14:47:48Z,PORTE-D,R58899041,UNITE,OK
TKT77561278120,2026-05-16T14:47:48Z,PORTE-D,,UNITE,OK
TKT83454600178,2026-05-16T14:47:52Z,PORTE-D,,UNITE,OK
TKT97460949906,2026-05-16T14:47:53Z,VIP-EST,R59230607,UNITE,OK
TKT79175995085,2026-05-16T14:47:54Z,PORTE-D,R53506413,UNITE,OK
TKT33660913123,2026-05-16T14:47:54Z,PORTE-D,R54350246,UNITE,OK
TKT80785065982,2026-05-16T14:47:55Z,PORTE-A,R56297268,ABONNEMENT,OK
TKT48466785395,2026-05-16T14:47:55Z,PORTE-C,R52260730,ABONNEMENT,OK
TKT18010242296,2026-05-16T14:47:55Z,PORTE-C,R56751223,ABONNEMENT,OK
TKT55887985620,2026-05-16T14:47:55Z,PORTE-D,R55244680,UNITE,OK
TKT79041808877,2026-05-16T14:47:57Z,PORTE-B,R56672079,ABONNEMENT,OK
TKT30537421844,2026-05-16T14:47:57Z,PORTE-A,R56369458,ABONNEMENT,OK
TKT22042486192,2026-05-16T14:47:58Z,VIP-EST,R53781794,VIP,OK
TKT38419775476,2026-05-16T14:47:59Z,PORTE-C,R53679547,UNITE,OK
TKT13553604623,2026-05-16T14:48:02Z,PORTE-D,R51532888,ABONNEMENT,OK
TKT89426322839,2026-05-16T14:48:04Z,PORTE-B,R57394940,UNITE,OK
TKT73930139819,2026-05-16T14:48:05Z,PORTE-C,R53408668,UNITE,OK
TKT15529658111,2026-05-16T14:48:07Z,PORTE-D,R51860029,UNITE,OK
TKT66136301089,2026-05-16T14:48:12Z,PORTE-C,R53708435,UNITE,OK
TKT13874972792,2026-05-16T14:48:13Z,PORTE-D,R55617930,ABONNEMENT,OK
TKT39169672889,2026-05-16T14:48:13Z,PORTE-C,R54537479,UNITE,OK
TKT46065227402,2026-05-16T14:48:17Z,PORTE-B,R56688774,ABONNEMENT,OK
TKT25008969848,2026-05-16T14:48:17Z,PORTE-D,R54785811,ABONNEMENT,OK
TKT32553872989,2026-05-16T14:48:21Z,PORTE-D,R58291759,UNITE,OK
TKT32945422923,2026-05-16T14:48:24Z,PORTE-D,,UNITE,OK
TKT91084909869,2026-05-16T14:48:25Z,PORTE-D,,UNITE,OK
TKT36278219417,2026-05-16T14:48:25Z,PORTE-D,R54765850,UNITE,OK
TKT29419329601,2026-05-16T14:48:26Z,PORTE-A,R57140756,ABONNEMENT,OK
TKT23200957076,2026-05-16T14:48:27Z,PORTE-C,R53634061,ABONNEMENT,OK
TKT92104648209,2026-05-16T14:48:27Z,PORTE-B,R53239624,ABONNEMENT,OK
TKT23051918942,2026-05-16T14:48:28Z,PORTE-C,R51618986,ABONNEMENT,OK
TKT60100886207,2026-05-16T14:48:29Z,PORTE-C,R53726959,ABONNEMENT,OK
TKT71495859780,2026-05-16T14:48:30Z,PORTE-D,R51661762,ABONNEMENT,OK
TKT89705091765,2026-05-16T14:48:31Z,PORTE-B,R59718766,UNITE,OK
TKT94045704551,2026-05-16T14:48:32Z,PORTE-C,R57056363,UNITE,OK
TKT60073619108,2026-05-16T14:48:35Z,VIP-EST,R54385522,ABONNEMENT,OK
TKT18935676189,2026-05-16T14:48:36Z,PORTE-A,R58907278,VIP,OK
TKT14406684992,2026-05-16T14:48:37Z,PORTE-C,,INVITATION,OK
TKT69535543191,2026-05-16T14:48:37Z,PORTE-D,,UNITE,OK
TKT58974958652,2026-05-16T14:48:37Z,PORTE-D,,UNITE,OK
TKT82872446495,2026-05-16T14:48:39Z,VIP-EST,R57434862,VIP,OK
TKT89160196632,2026-05-16T14:48:43Z,PORTE-C,R52797584,INVITATION,OK
TKT12115778395,2026-05-16T14:48:44Z,PORTE-C,,UNITE,REFUSE_INVALIDE
TKT91676980332,2026-05-16T14:48:44Z,PORTE-D,,UNITE,OK
TKT70844778250,2026-05-16T14:48:47Z,PORTE-B,R53308280,ABONNEMENT,OK
TKT92608071366,2026-05-16T14:48:47Z,PORTE-C,R59925548,UNITE,OK
TKT67976083173,2026-05-16T14:48:48Z,PORTE-D,R52306494,UNITE,OK
TKT66661304301,2026-05-16T14:48:54Z,PORTE-C,R58853200,UNITE,OK
TKT25961882836,2026-05-16T14:48:55Z,PORTE-D,R55331994,ABONNEMENT,OK
TKT51203949880,2026-05-16T14:48:58Z,PORTE-D,R52860110,UNITE,OK
TKT78532650591,2026-05-16T14:48:59Z,PORTE-C,R59690635,ABONNEMENT,OK
TKT56479521070,2026-05-16T14:49:00Z,PORTE-D,R51032067,UNITE,OK
TKT32792046027,2026-05-16T14:49:00Z,PORTE-D,R58865872,UNITE,OK
TKT42509944245,2026-05-16T14:49:00Z,PORTE-C,,UNITE,OK
TKT66761084594,2026-05-16T14:49:01Z,PORTE-D,R53045092,GROUPE,OK
TKT65243113492,2026-05-16T14:49:03Z,PORTE-C,R53878025,ABONNEMENT,OK
TKT59464574553,2026-05-16T14:49:04Z,VIP-EST,R56933840,VIP,OK
TKT51699335258,2026-05-16T14:49:06Z,PORTE-B,R58358452,ABONNEMENT,OK
TKT96418670185,2026-05-16T14:49:06Z,VIP-EST,,VIP,REFUSE_INVALIDE
TKT90485232847,2026-05-16T14:49:08Z,VIP-EST,R57010120,ABONNEMENT,OK
TKT90637128565,2026-05-16T14:49:15Z,PORTE-C,R59302395,UNITE,OK
TKT78043224360,2026-05-16T14:49:17Z,PORTE-A,,UNITE,OK
TKT75549293237,2026-05-16T14:49:22Z,PORTE-C,R52669199,ABONNEMENT,OK
TKT38506384404,2026-05-16T14:49:24Z,PORTE-B,R59960211,ABONNEMENT,OK
TKT89154056720,2026-05-16T14:49:25Z,VIP-EST,R56430835,UNITE,OK
TKT53631367193,2026-05-16T14:49:25Z,PORTE-C,R53462009,UNITE,OK
TKT46025480179,2026-05-16T14:49:26Z,PORTE-C,R58601880,UNITE,OK
TKT53310595625,2026-05-16T14:49:28Z,PORTE-D,R57897533,UNITE,OK
TKT54422235853,2026-05-16T14:49:29Z,PORTE-D,R51615720,UNITE,OK
TKT62544712725,2026-05-16T14:49:30Z,PORTE-C,,UNITE,OK
TKT89578300480,2026-05-16T14:49:33Z,PORTE-C,R54229887,ABONNEMENT,OK
TKT79037114140,2026-05-16T14:49:35Z,PORTE-D,R51973712,ABONNEMENT,OK
TKT82806494675,2026-05-16T14:49:36Z,PORTE-D,R58807024,ABONNEMENT,OK
TKT84606642845,2026-05-16T14:49:37Z,PORTE-A,R56431716,ABONNEMENT,OK
TKT55874698051,2026-05-16T14:49:39Z,PORTE-D,R56319336,ABONNEMENT,OK
TKT47843432646,2026-05-16T14:49:42Z,PORTE-C,R58469606,UNITE,OK
TKT11675152997,2026-05-16T14:49:44Z,PORTE-C,R57446499,UNITE,OK
TKT51315470636,2026-05-16T14:49:46Z,PORTE-B,R52311887,UNITE,OK
TKT78380060601,2026-05-16T14:49:47Z,PORTE-A,R54824976,ABONNEMENT,OK
TKT71219954185,2026-05-16T14:49:47Z,PORTE-D,R54706945,UNITE,OK
TKT48085766595,2026-05-16T14:49:48Z,PORTE-B,R52372842,ABONNEMENT,OK
TKT48583457228,2026-05-16T14:49:49Z,PORTE-A,R53541699,ABONNEMENT,OK
TKT70312586363,2026-05-16T14:49:49Z,PORTE-D,R54729147,UNITE,OK
TKT49451301277,2026-05-16T14:49:57Z,PORTE-B,R55015140,ABONNEMENT,OK
TKT78286528046,2026-05-16T14:49:59Z,PORTE-C,R51028935,ABONNEMENT,OK
TKT32735214443,2026-05-16T14:49:59Z,PORTE-A,R58038456,UNITE,OK
TKT38713780006,2026-05-16T14:49:59Z,PORTE-A,R51031119,UNITE,OK
TKT71196112410,2026-05-16T14:50:04Z,PORTE-D,R56749528,UNITE,OK
TKT44753383057,2026-05-16T14:50:05Z,PORTE-D,,UNITE,OK
TKT30222205220,2026-05-16T14:50:09Z,PORTE-C,R57228147,ABONNEMENT,OK
TKT77336237907,2026-05-16T14:50:11Z,PORTE-C,R59222638,ABONNEMENT,OK
TKT22829660999,2026-05-16T14:50:13Z,VIP-EST,R58907010,ABONNEMENT,OK
TKT99991099074,2026-05-16T14:50:16Z,PORTE-A,R53888178,ABONNEMENT,OK
TKT40949345410,2026-05-16T14:50:20Z,PORTE-C,R56579717,ABONNEMENT,OK
TKT73966408392,2026-05-16T14:50:24Z,PORTE-A,R55947657,ABONNEMENT,OK
TKT24016133124,2026-05-16T14:50:29Z,VIP-EST,R52233825,ABONNEMENT,OK
TKT33293951252,2026-05-16T14:50:29Z,PORTE-B,,UNITE,OK
TKT16779131004,2026-05-16T14:50:30Z,VIP-EST,R54269531,ABONNEMENT,OK
TKT90043364478,2026-05-16T14:50:31Z,VIP-EST,R58226724,ABONNEMENT,OK
TKT35666259079,2026-05-16T14:50:34Z,PORTE-B,R51539641,UNITE,OK
TKT52989574754,2026-05-16T14:50:36Z,PORTE-C,R55683176,UNITE,OK
TKT59009956732,2026-05-16T14:50:36Z,PORTE-D,,UNITE,OK
TKT73645480235,2026-05-16T14:50:37Z,PORTE-B,R56517402,ABONNEMENT,OK
TKT97073838723,2026-05-16T14:50:39Z,PORTE-A,R55099121,ABONNEMENT,OK
TKT22799236044,2026-05-16T14:50:39Z,PORTE-D,R53672124,UNITE,OK
TKT32263824335,2026-05-16T14:50:42Z,PORTE-C,R58390050,ABONNEMENT,OK
TKT74960678955,2026-05-16T14:50:44Z,PORTE-C,R55412498,UNITE,OK
TKT19098447731,2026-05-16T14:50:45Z,PORTE-D,,UNITE,OK
TKT60879396269,2026-05-16T14:50:47Z,PORTE-D,R57349310,ABONNEMENT,OK
TKT66189834111,2026-05-16T14:50:51Z,PORTE-C,R59423980,ABONNEMENT,OK
TKT30395845687,2026-05-16T14:50:53Z,PORTE-C,R58499499,UNITE,OK
TKT74128998971,2026-05-16T14:50:56Z,PORTE-C,,UNITE,OK
TKT11442922360,2026-05-16T14:50:58Z,PORTE-D,R52052521,UNITE,OK
TKT61112243483,2026-05-16T14:50:59Z,PORTE-B,,UNITE,OK
TKT74603989184,2026-05-16T14:51:01Z,PORTE-D,,UNITE,OK
TKT89867377146,2026-05-16T14:51:03Z,PORTE-C,R54481294,ABONNEMENT,OK
TKT11883220799,2026-05-16T14:51:07Z,PORTE-D,R56528158,UNITE,OK
TKT93105393179,2026-05-16T14:51:09Z,VIP-EST,R51718158,UNITE,OK
TKT17870015979,2026-05-16T14:51:11Z,VIP-EST,R51527649,ABONNEMENT,OK
TKT17156692217,2026-05-16T14:51:20Z,PORTE-B,,INVITATION,OK
TKT15910817543,2026-05-16T14:51:21Z,PORTE-B,R59760105,ABONNEMENT,OK
TKT25974979557,2026-05-16T14:51:22Z,PORTE-B,R56868105,UNITE,OK
TKT95050071148,2026-05-16T14:51:28Z,PORTE-B,R56738082,ABONNEMENT,OK
TKT18190954450,2026-05-16T14:51:29Z,PORTE-B,R54997373,UNITE,OK
TKT23607450289,2026-05-16T14:51:32Z,PORTE-C,R59960901,ABONNEMENT,OK
TKT70659377061,2026-05-16T14:51:32Z,VIP-EST,R59978812,UNITE,OK
TKT45864848046,2026-05-16T14:51:33Z,PMR-NORD,R57524762,ABONNEMENT,OK
TKT35287669974,2026-05-16T14:51:39Z,PORTE-C,R57749465,ABONNEMENT,OK
TKT41032103136,2026-05-16T14:51:42Z,PORTE-C,R51147867,ABONNEMENT,OK
TKT17759231349,2026-05-16T14:51:42Z,PORTE-D,R59284273,UNITE,OK
TKT23204064365,2026-05-16T14:51:49Z,PORTE-D,R52596999,ABONNEMENT,OK
TKT61925104726,2026-05-16T14:51:51Z,PORTE-C,R59567556,ABONNEMENT,OK
TKT32935690871,2026-05-16T14:51:53Z,PORTE-A,R52831165,ABONNEMENT,OK
TKT12909814589,2026-05-16T14:51:56Z,PORTE-A,R58571776,UNITE,OK
TKT29874005095,2026-05-16T14:51:58Z,PORTE-A,R56439072,ABONNEMENT,OK
TKT51133995830,2026-05-16T14:51:58Z,PORTE-D,R59998227,UNITE,OK
TKT40027993046,2026-05-16T14:52:00Z,PORTE-D,R58931674,ABONNEMENT,OK
TKT69474587535,2026-05-16T14:52:01Z,PORTE-D,R57360555,UNITE,OK
TKT93239599713,2026-05-16T14:52:03Z,PORTE-D,R52350439,UNITE,OK
TKT49628745669,2026-05-16T14:52:05Z,VIP-EST,R55228608,ABONNEMENT,OK
TKT87797075744,2026-05-16T14:52:05Z,PORTE-D,R57796187,UNITE,OK
TKT43229876714,2026-05-16T14:52:07Z,PORTE-C,,UNITE,OK
TKT13288628874,2026-05-16T14:52:12Z,PORTE-B,R52330277,ABONNEMENT,OK
TKT46663102548,2026-05-16T14:52:15Z,PORTE-D,R57028979,ABONNEMENT,OK
TKT30760084622,2026-05-16T14:52:15Z,PORTE-D,R52632955,UNITE,OK
TKT44095033070,2026-05-16T14:52:20Z,PORTE-C,R59981676,ABONNEMENT,OK
TKT40604012289,2026-05-16T14:52:20Z,PORTE-C,R54678536,ABONNEMENT,OK
TKT89408779377,2026-05-16T14:52:22Z,PORTE-B,R59580841,ABONNEMENT,OK
TKT94859391191,2026-05-16T14:52:22Z,PORTE-C,R54880970,UNITE,OK
TKT47105463232,2026-05-16T14:52:25Z,PORTE-A,R59982078,UNITE,OK
TKT58428579282,2026-05-16T14:52:26Z,PORTE-A,R52241938,ABONNEMENT,OK
TKT63991823721,2026-05-16T14:52:26Z,PORTE-D,R51925017,UNITE,OK
TKT77221003564,2026-05-16T14:52:29Z,PORTE-C,R54759184,UNITE,OK
TKT18071907062,2026-05-16T14:52:30Z,VIP-EST,R51285514,UNITE,OK
TKT28454401914,2026-05-16T14:52:36Z,PORTE-C,R57657515,UNITE,OK
TKT92671906789,2026-05-16T14:52:38Z,PORTE-C,,UNITE,OK
TKT32783592333,2026-05-16T14:52:40Z,PORTE-D,R54861411,ABONNEMENT,OK
TKT63162654611,2026-05-16T14:52:42Z,VIP-EST,R58627750,ABONNEMENT,OK
TKT51150700642,2026-05-16T14:52:43Z,PORTE-D,R58314584,UNITE,OK
TKT25447563892,2026-05-16T14:52:44Z,PORTE-D,R58506587,UNITE,OK
TKT32485329546,2026-05-16T14:52:44Z,PORTE-D,R56397666,UNITE,OK
TKT26414717128,2026-05-16T14:52:45Z,VIP-EST,,UNITE,OK
TKT20681521268,2026-05-16T14:52:48Z,PORTE-D,R58029261,ABONNEMENT,OK
TKT38748016987,2026-05-16T14:52:55Z,PORTE-A,R54955746,ABONNEMENT,OK
TKT75448455977,2026-05-16T14:52:56Z,PORTE-D,R59469888,UNITE,OK
TKT72650058955,2026-05-16T14:52:57Z,PORTE-D,R58069585,ABONNEMENT,OK
TKT53894522925,2026-05-16T14:53:03Z,PORTE-A,R59576272,UNITE,OK
TKT23959930666,2026-05-16T14:53:04Z,VIP-EST,R54394784,ABONNEMENT,OK
TKT19770122526,2026-05-16T14:53:05Z,PORTE-C,R55077944,UNITE,OK
TKT40428675349,2026-05-16T14:53:06Z,PORTE-D,,UNITE,OK
TKT26689792008,2026-05-16T14:53:07Z,VIP-EST,R53042650,ABONNEMENT,OK
TKT59750236520,2026-05-16T14:53:08Z,PORTE-D,R52895999,UNITE,OK
TKT92779656245,2026-05-16T14:53:08Z,PORTE-C,,UNITE,OK
TKT95530176844,2026-05-16T14:53:10Z,PORTE-C,R58426619,ABONNEMENT,OK
TKT56741716876,2026-05-16T14:53:11Z,PORTE-A,R57777663,ABONNEMENT,OK
TKT38668260434,2026-05-16T14:53:12Z,PORTE-D,R52734857,INVITATION,OK
TKT73561867729,2026-05-16T14:53:13Z,PORTE-C,R51477182,UNITE,OK
TKT97692037505,2026-05-16T14:53:15Z,PORTE-D,R55016098,UNITE,OK
TKT80204020901,2026-05-16T14:53:19Z,PORTE-A,R58237825,ABONNEMENT,OK
TKT72261505657,2026-05-16T14:53:24Z,PORTE-C,R52559596,ABONNEMENT,OK
TKT70959719045,2026-05-16T14:53:26Z,PORTE-C,R53806170,ABONNEMENT,OK
TKT55993809949,2026-05-16T14:53:28Z,PORTE-C,R56196602,UNITE,OK
TKT31161966893,2026-05-16T14:53:32Z,PORTE-D,,INVITATION,OK
TKT63401748758,2026-05-16T14:53:33Z,PORTE-D,,UNITE,OK
TKT66941841350,2026-05-16T14:53:33Z,PORTE-C,R57206146,UNITE,OK
TKT30685620048,2026-05-16T14:53:34Z,PORTE-C,R54988101,UNITE,OK
TKT74388977706,2026-05-16T14:53:40Z,PORTE-C,R57814299,UNITE,OK
TKT57135756498,2026-05-16T14:53:43Z,VIP-EST,R55589109,UNITE,OK
TKT31486596170,2026-05-16T14:53:44Z,VIP-EST,R51138729,ABONNEMENT,OK
TKT39230028720,2026-05-16T14:53:44Z,PORTE-D,R59850015,UNITE,OK
TKT99896721672,2026-05-16T14:53:45Z,PORTE-C,,UNITE,OK
TKT84826910634,2026-05-16T14:53:45Z,PORTE-B,R59968870,UNITE,OK
TKT63359431204,2026-05-16T14:53:49Z,PORTE-B,R56527890,UNITE,OK
TKT64339731240,2026-05-16T14:53:52Z,PORTE-D,R52403894,UNITE,OK
TKT70420529615,2026-05-16T14:53:54Z,PORTE-C,R55125346,UNITE,OK
TKT45213537802,2026-05-16T14:53:57Z,VIP-EST,R52285518,ABONNEMENT,OK
TKT56479310755,2026-05-16T14:53:58Z,PORTE-D,R57462916,ABONNEMENT,OK
TKT42369147098,2026-05-16T14:54:02Z,PORTE-D,R51248054,ABONNEMENT,OK
TKT78493647853,2026-05-16T14:54:04Z,PORTE-D,,UNITE,OK
TKT90062302063,2026-05-16T14:54:05Z,PORTE-D,R51126000,ABONNEMENT,OK
TKT49244617890,2026-05-16T14:54:09Z,PORTE-A,R52865560,ABONNEMENT,OK
TKT44939554321,2026-05-16T14:54:09Z,PORTE-C,,UNITE,OK
TKT38386621056,2026-05-16T14:54:11Z,PORTE-D,R55913396,UNITE,OK
TKT85778208417,2026-05-16T14:54:12Z,PORTE-A,,VIP,OK
TKT87406873227,2026-05-16T14:54:15Z,PORTE-D,,UNITE,OK
TKT25648599706,2026-05-16T14:54:16Z,PORTE-A,R51139764,ABONNEMENT,OK
TKT80621372860,2026-05-16T14:54:17Z,PORTE-C,R51757122,ABONNEMENT,OK
TKT91419904612,2026-05-16T14:54:18Z,PORTE-D,R58484787,ABONNEMENT,OK
TKT38293341355,2026-05-16T14:54:27Z,PORTE-C,R55843102,ABONNEMENT,OK
TKT12335754242,2026-05-16T14:54:31Z,PORTE-D,R51827004,UNITE,OK
TKT20172195761,2026-05-16T14:54:32Z,PORTE-D,,UNITE,OK
TKT79215844356,2026-05-16T14:54:33Z,PORTE-C,,UNITE,OK
TKT75485023876,2026-05-16T14:54:34Z,PORTE-B,R59934197,UNITE,OK
TKT43502883411,2026-05-16T14:54:35Z,PORTE-C,R58908169,UNITE,OK
TKT13007081921,2026-05-16T14:54:37Z,PORTE-D,,GROUPE,OK
TKT24489763446,2026-05-16T14:54:37Z,PORTE-C,,UNITE,OK
TKT22099624996,2026-05-16T14:54:38Z,PORTE-C,R54509281,UNITE,OK
TKT24017149838,2026-05-16T14:54:42Z,PORTE-A,R53168784,ABONNEMENT,OK
TKT46910842622,2026-05-16T14:54:44Z,PORTE-A,R59558093,ABONNEMENT,OK
TKT90123656144,2026-05-16T14:54:45Z,PORTE-C,R54028143,ABONNEMENT,OK
TKT74558774081,2026-05-16T14:54:46Z,PORTE-B,R58683955,ABONNEMENT,OK
TKT17109885274,2026-05-16T14:54:46Z,PORTE-C,R53695418,UNITE,OK
TKT33124966927,2026-05-16T14:54:48Z,PORTE-B,R54654706,UNITE,OK
TKT94324994436,2026-05-16T14:54:50Z,VIP-EST,R54285134,UNITE,OK
TKT84333533655,2026-05-16T14:54:53Z,PORTE-C,R58178565,UNITE,OK
TKT50445301397,2026-05-16T14:54:55Z,PORTE-D,,UNITE,OK
TKT88935442829,2026-05-16T14:54:59Z,PORTE-D,,UNITE,OK
TKT82665870266,2026-05-16T14:55:15Z,PORTE-D,R56447855,UNITE,OK
TKT94347743678,2026-05-16T14:55:16Z,PORTE-A,R56361365,UNITE,OK
TKT14821054835,2026-05-16T14:55:18Z,PORTE-A,R51433927,ABONNEMENT,OK
TKT31789302296,2026-05-16T14:55:23Z,PORTE-A,R59092893,ABONNEMENT,OK
TKT97896445095,2026-05-16T14:55:28Z,PORTE-A,R58521577,ABONNEMENT,OK
TKT57982211683,2026-05-16T14:55:29Z,PORTE-D,R54912166,ABONNEMENT,OK
TKT48290957336,2026-05-16T14:55:34Z,PORTE-D,R53462277,UNITE,OK
TKT95737237365,2026-05-16T14:55:34Z,PORTE-D,R53886607,UNITE,OK
TKT77576497969,2026-05-16T14:55:35Z,PORTE-C,R59142670,UNITE,OK
TKT84552610736,2026-05-16T14:55:38Z,PORTE-C,R59182381,ABONNEMENT,OK
TKT86890749793,2026-05-16T14:55:39Z,PORTE-D,,GROUPE,OK
TKT56472224053,2026-05-16T14:55:41Z,PORTE-C,R51891426,UNITE,OK
TKT44415899733,2026-05-16T14:55:42Z,PORTE-D,R51618095,ABONNEMENT,OK
TKT86169858733,2026-05-16T14:55:42Z,PORTE-C,R57432812,UNITE,OK
TKT34205176882,2026-05-16T14:55:46Z,PORTE-D,R57327999,UNITE,OK
TKT97585509794,2026-05-16T14:55:50Z,PORTE-D,R54640664,UNITE,OK
TKT66369316211,2026-05-16T14:55:52Z,PORTE-C,R57702398,ABONNEMENT,OK
TKT37325922584,2026-05-16T14:55:56Z,VIP-EST,R55504391,ABONNEMENT,OK
TKT59438867893,2026-05-16T14:55:58Z,PORTE-C,R56034492,ABONNEMENT,OK
TKT75792003837,2026-05-16T14:56:06Z,PORTE-C,R53181801,UNITE,OK
TKT73047692866,2026-05-16T14:56:07Z,PORTE-C,R55668330,UNITE,OK
TKT62400213052,2026-05-16T14:56:07Z,PORTE-C,,UNITE,OK
TKT50163528478,2026-05-16T14:56:08Z,PORTE-A,R58188718,ABONNEMENT,OK
TKT45542721226,2026-05-16T14:56:09Z,PORTE-D,R51249893,ABONNEMENT,OK
TKT11431901614,2026-05-16T14:56:09Z,PORTE-D,R52034811,UNITE,OK
TKT36146861903,2026-05-16T14:56:10Z,PORTE-C,R59075796,ABONNEMENT,OK
TKT56401554689,2026-05-16T14:56:12Z,PORTE-D,,GROUPE,OK
TKT29619174020,2026-05-16T14:56:14Z,PORTE-D,R54268171,UNITE,OK
TKT72603789794,2026-05-16T14:56:14Z,PORTE-D,R55293107,UNITE,OK
TKT32542192547,2026-05-16T14:56:23Z,VIP-EST,R53871148,ABONNEMENT,REFUSE_DEJA_SCANNE
TKT21484134628,2026-05-16T14:56:25Z,PORTE-D,,GROUPE,OK
TKT16468682574,2026-05-16T14:56:26Z,PORTE-D,R57377853,INVITATION,OK
TKT87964182008,2026-05-16T14:56:29Z,PORTE-D,R53789150,ABONNEMENT,OK
TKT96340163668,2026-05-16T14:56:29Z,VIP-EST,R53757341,UNITE,OK
TKT11048719074,2026-05-16T14:56:31Z,PORTE-C,R55049478,ABONNEMENT,OK
TKT56956402723,2026-05-16T14:56:31Z,PORTE-D,R56872540,UNITE,OK
TKT26861302429,2026-05-16T14:56:32Z,PORTE-C,R55117722,UNITE,OK
TKT33795092417,2026-05-16T14:56:33Z,PORTE-D,R51650249,UNITE,OK
TKT91051991375,2026-05-16T14:56:37Z,PORTE-B,R52833339,UNITE,OK
TKT34540253135,2026-05-16T14:56:39Z,PORTE-C,R52105909,ABONNEMENT,OK
TKT88146576268,2026-05-16T14:56:40Z,PORTE-D,R56375531,UNITE,OK
TKT30849174571,2026-05-16T14:56:42Z,PORTE-C,R54434773,ABONNEMENT,OK
TKT21858634660,2026-05-16T14:56:49Z,PORTE-C,R54780093,ABONNEMENT,OK
TKT13664469415,2026-05-16T14:56:50Z,PORTE-C,R58482345,ABONNEMENT,OK
TKT75532071476,2026-05-16T14:56:50Z,PORTE-A,R57360890,UNITE,OK
TKT91003637222,2026-05-16T14:56:52Z,VIP-EST,R59529282,ABONNEMENT,OK
TKT13824501698,2026-05-16T14:57:02Z,PORTE-D,R55835344,UNITE,OK
TKT61246232373,2026-05-16T14:57:03Z,PORTE-D,R51306500,ABONNEMENT,OK
TKT73618570824,2026-05-16T14:57:03Z,PORTE-C,R51263178,UNITE,OK
TKT42475674950,2026-05-16T14:57:04Z,PORTE-C,R59476688,UNITE,OK
TKT60597379913,2026-05-16T14:57:05Z,PORTE-C,R58752668,ABONNEMENT,OK
TKT39180328767,2026-05-16T14:57:07Z,PORTE-D,R58941606,ABONNEMENT,OK
TKT46552949348,2026-05-16T14:57:09Z,VIP-EST,R57965586,ABONNEMENT,OK
TKT65510822587,2026-05-16T14:57:13Z,PORTE-B,R54524817,ABONNEMENT,OK
TKT41372756417,2026-05-16T14:57:15Z,PORTE-D,R58490170,UNITE,OK
TKT40229385813,2026-05-16T14:57:21Z,VIP-EST,R54309510,ABONNEMENT,OK
TKT62699019614,2026-05-16T14:57:24Z,PORTE-A,R54900653,ABONNEMENT,OK
TKT57977792046,2026-05-16T14:57:25Z,PORTE-D,R55204701,UNITE,OK
TKT19108122299,2026-05-16T14:57:26Z,PORTE-C,R51447001,UNITE,OK
TKT69843235287,2026-05-16T14:57:28Z,PORTE-A,R59380591,UNITE,OK
TKT79013698085,2026-05-16T14:57:32Z,VIP-EST,R51002988,ABONNEMENT,OK
TKT67452259537,2026-05-16T14:57:34Z,VIP-EST,R59365735,ABONNEMENT,OK
TKT45667013627,2026-05-16T14:57:39Z,PORTE-A,R58385280,ABONNEMENT,OK
TKT38328675650,2026-05-16T14:57:43Z,PORTE-C,R55900245,UNITE,OK
TKT87478298124,2026-05-16T14:57:44Z,PORTE-D,R58871054,GROUPE,OK
TKT74558774081,2026-05-16T14:57:46Z,PORTE-B,R58683955,ABONNEMENT,REFUSE_DEJA_SCANNE
TKT82666230137,2026-05-16T14:57:48Z,PORTE-A,R51161966,ABONNEMENT,OK
TKT24286517752,2026-05-16T14:57:48Z,PORTE-B,R53354590,ABONNEMENT,OK
TKT17918772790,2026-05-16T14:57:59Z,VIP-EST,R57498614,ABONNEMENT,OK
TKT73459756596,2026-05-16T14:58:00Z,PORTE-C,R59040778,UNITE,OK
TKT80616023947,2026-05-16T14:58:06Z,PORTE-C,,UNITE,OK
TKT77678265970,2026-05-16T14:58:12Z,VIP-EST,R51172856,ABONNEMENT,OK
TKT37904598356,2026-05-16T14:58:12Z,PORTE-D,R59332231,UNITE,OK
TKT92245289611,2026-05-16T14:58:14Z,PORTE-D,R58820510,UNITE,OK
TKT10561894451,2026-05-16T14:58:15Z,PORTE-C,R54133445,UNITE,OK
TKT38959991553,2026-05-16T14:58:16Z,PORTE-C,R58158882,ABONNEMENT,OK
TKT68760903416,2026-05-16T14:58:17Z,PORTE-C,R59923441,UNITE,OK
TKT48506363595,2026-05-16T14:58:17Z,PORTE-D,R58933714,UNITE,OK
TKT54058352642,2026-05-16T14:58:25Z,PORTE-D,R59238174,ABONNEMENT,OK
TKT62250509720,2026-05-16T14:58:25Z,PORTE-D,R58044251,UNITE,OK
TKT67582663739,2026-05-16T14:58:35Z,PORTE-D,,UNITE,OK
TKT13404596437,2026-05-16T14:58:38Z,VIP-EST,R53301058,UNITE,OK
TKT49620415075,2026-05-16T14:58:38Z,PORTE-A,R52769721,UNITE,OK
TKT80351273370,2026-05-16T14:58:44Z,PORTE-A,R59093017,ABONNEMENT,OK
TKT87039952090,2026-05-16T14:58:45Z,PORTE-D,,UNITE,OK
TKT28444181287,2026-05-16T14:58:51Z,PORTE-C,,UNITE,OK
TKT45357415729,2026-05-16T14:59:05Z,PORTE-B,R59612784,UNITE,REFUSE_DEJA_SCANNE
TKT47618364830,2026-05-16T14:59:10Z,PORTE-C,R53994696,UNITE,OK
TKT64803638935,2026-05-16T14:59:11Z,PORTE-D,,INVITATION,OK
TKT69759937759,2026-05-16T14:59:12Z,PORTE-C,,UNITE,OK
TKT47335381889,2026-05-16T14:59:13Z,PORTE-A,R53894509,ABONNEMENT,OK
TKT51086044015,2026-05-16T14:59:13Z,PORTE-D,R56579583,UNITE,OK
TKT89317300560,2026-05-16T14:59:14Z,PORTE-D,R58373365,ABONNEMENT,OK
TKT24939340247,2026-05-16T14:59:17Z,PORTE-B,R53888791,UNITE,OK
TKT93907647070,2026-05-16T14:59:23Z,PORTE-A,R55768584,VIP,OK
TKT70924082002,2026-05-16T14:59:23Z,PORTE-D,R51514642,UNITE,OK
TKT49542645175,2026-05-16T14:59:26Z,PORTE-A,R54347928,UNITE,OK
TKT51498462994,2026-05-16T14:59:28Z,VIP-EST,R55235887,ABONNEMENT,OK
TKT66844696782,2026-05-16T14:59:29Z,VIP-EST,R57678146,ABONNEMENT,OK
TKT10237183971,2026-05-16T14:59:31Z,PORTE-B,R55111458,UNITE,OK
TKT68261508232,2026-05-16T14:59:31Z,PORTE-D,R58548338,UNITE,OK
TKT14945212717,2026-05-16T14:59:32Z,PORTE-B,R54890567,UNITE,OK
TKT97523115248,2026-05-16T14:59:33Z,PORTE-D,R56133731,UNITE,OK
TKT68611806178,2026-05-16T14:59:36Z,PORTE-C,R54905614,UNITE,OK
TKT23321579893,2026-05-16T14:59:42Z,PORTE-A,R56290726,UNITE,OK
TKT50764254895,2026-05-16T14:59:42Z,VIP-EST,,VIP,OK
TKT14568925829,2026-05-16T14:59:43Z,PORTE-C,R54863394,ABONNEMENT,OK
TKT44312601380,2026-05-16T14:59:48Z,PORTE-D,R59787422,ABONNEMENT,OK
TKT14286630623,2026-05-16T14:59:48Z,PORTE-D,R54062538,UNITE,OK
TKT63793408497,2026-05-16T14:59:51Z,PORTE-D,R59730470,UNITE,OK
TKT87899171522,2026-05-16T14:59:54Z,PORTE-C,R51523224,INVITATION,OK
TKT22780966348,2026-05-16T14:59:56Z,PORTE-D,R57174260,ABONNEMENT,OK
TKT86704090291,2026-05-16T15:00:06Z,PORTE-C,R53286691,ABONNEMENT,OK
TKT36545695982,2026-05-16T15:00:08Z,PORTE-A,,UNITE,OK
TKT90043520934,2026-05-16T15:00:14Z,PORTE-D,R52538007,INVITATION,OK
TKT50236035438,2026-05-16T15:00:16Z,PORTE-D,R59559989,UNITE,OK
TKT54080279299,2026-05-16T15:00:17Z,PORTE-C,R55634404,UNITE,OK
TKT53821073866,2026-05-16T15:00:18Z,PORTE-C,R54194065,ABONNEMENT,OK
TKT35137237806,2026-05-16T15:00:21Z,PORTE-C,R51302544,ABONNEMENT,OK
TKT60625260286,2026-05-16T15:00:23Z,VIP-EST,R53223408,UNITE,OK
TKT20364928755,2026-05-16T15:00:36Z,PORTE-B,R57658540,UNITE,OK
TKT90106593326,2026-05-16T15:00:37Z,PORTE-A,R55983412,ABONNEMENT,OK
TKT98807720519,2026-05-16T15:00:37Z,PORTE-D,,UNITE,OK
TKT45547066357,2026-05-16T15:00:41Z,PORTE-D,R52873395,ABONNEMENT,OK
TKT57849679327,2026-05-16T15:00:41Z,PORTE-B,R52138264,UNITE,OK
TKT69091573363,2026-05-16T15:00:44Z,PORTE-D,R54550831,UNITE,OK
TKT16170824515,2026-05-16T15:00:46Z,VIP-EST,R56680661,ABONNEMENT,OK
TKT64392175753,2026-05-16T15:00:46Z,PORTE-C,R53205698,ABONNEMENT,OK
TKT47174337928,2026-05-16T15:00:47Z,VIP-EST,R55756669,ABONNEMENT,OK
TKT60422861367,2026-05-16T15:00:51Z,PORTE-A,R56848623,ABONNEMENT,OK
TKT66969101746,2026-05-16T15:00:52Z,PORTE-B,R52568724,UNITE,OK
TKT35345062560,2026-05-16T15:00:52Z,PORTE-D,,GROUPE,OK
TKT63287071702,2026-05-16T15:00:58Z,PORTE-D,R52479782,ABONNEMENT,OK
TKT94795787717,2026-05-16T15:01:01Z,PORTE-D,,UNITE,OK
TKT71830421280,2026-05-16T15:01:07Z,VIP-EST,R55635228,VIP,OK
TKT75561947329,2026-05-16T15:01:08Z,PORTE-C,R57888482,ABONNEMENT,OK
TKT63443551712,2026-05-16T15:01:13Z,PORTE-C,R56356183,UNITE,OK
TKT48626073888,2026-05-16T15:01:17Z,PORTE-C,R59756906,UNITE,OK
TKT99625684152,2026-05-16T15:01:19Z,PORTE-D,,UNITE,OK
TKT75703104048,2026-05-16T15:01:19Z,PORTE-A,R54168118,UNITE,OK
TKT45449071731,2026-05-16T15:01:24Z,PORTE-D,,GROUPE,OK
TKT12462660745,2026-05-16T15:01:31Z,PORTE-C,R56391402,UNITE,OK
TKT44417091971,2026-05-16T15:01:39Z,PORTE-D,R52350573,UNITE,OK
TKT26521456891,2026-05-16T15:01:39Z,PORTE-A,,GROUPE,OK
TKT54261227328,2026-05-16T15:01:40Z,PORTE-D,R56060171,ABONNEMENT,OK
TKT44790433416,2026-05-16T15:01:44Z,PORTE-D,R52540057,UNITE,OK
TKT42890282162,2026-05-16T15:01:50Z,PORTE-D,R54569633,ABONNEMENT,OK
TKT65480543917,2026-05-16T15:01:54Z,PORTE-A,R53376457,UNITE,OK
TKT25452870794,2026-05-16T15:01:56Z,PORTE-D,,UNITE,OK
TKT76531888791,2026-05-16T15:02:00Z,PORTE-D,R58219636,UNITE,OK
TKT85066057341,2026-05-16T15:02:08Z,PORTE-A,R58115905,ABONNEMENT,OK
TKT26948031657,2026-05-16T15:02:14Z,PMR-NORD,R59973841,ABONNEMENT,OK
TKT27481670119,2026-05-16T15:02:18Z,PORTE-D,,UNITE,OK
TKT46528564892,2026-05-16T15:02:36Z,PORTE-A,R54356845,ABONNEMENT,OK
TKT61920561633,2026-05-16T15:02:42Z,VIP-EST,R56579861,ABONNEMENT,OK
TKT73018585732,2026-05-16T15:02:44Z,PORTE-D,R58071012,GROUPE,OK
TKT38336945031,2026-05-16T15:02:45Z,PORTE-A,R52690577,ABONNEMENT,OK
TKT71933883705,2026-05-16T15:02:46Z,PORTE-D,R53695284,UNITE,OK
TKT90685435027,2026-05-16T15:02:48Z,PORTE-C,R54725871,ABONNEMENT,OK
TKT82004991365,2026-05-16T15:03:06Z,PORTE-B,R59444477,ABONNEMENT,OK
TKT74868037371,2026-05-16T15:03:24Z,PORTE-D,R59540852,ABONNEMENT,OK
TKT63004947513,2026-05-16T15:03:25Z,PORTE-D,R54309654,UNITE,OK
TKT58494812979,2026-05-16T15:03:25Z,PORTE-D,R58177339,UNITE,OK
TKT91789714116,2026-05-16T15:03:27Z,PORTE-D,R52279398,ABONNEMENT,OK
TKT14352168488,2026-05-16T15:03:29Z,PORTE-C,R55733988,UNITE,OK
TKT38385357331,2026-05-16T15:03:35Z,PORTE-C,R51844168,ABONNEMENT,OK
TKT87324907919,2026-05-16T15:03:36Z,PORTE-A,,VIP,OK
TKT86743989653,2026-05-16T15:03:38Z,PORTE-A,R54273755,ABONNEMENT,OK
TKT56500528456,2026-05-16T15:03:42Z,PORTE-D,R56047710,UNITE,OK
TKT18329227613,2026-05-16T15:03:45Z,PORTE-D,R54695844,ABONNEMENT,OK
TKT22489103934,2026-05-16T15:03:49Z,PORTE-D,,UNITE,OK
TKT58128850218,2026-05-16T15:03:59Z,PORTE-D,R52283756,UNITE,OK
TKT33212421645,2026-05-16T15:04:05Z,PORTE-B,R59670128,ABONNEMENT,OK
TKT54098674902,2026-05-16T15:04:06Z,PORTE-C,R52866642,UNITE,OK
TKT47046614731,2026-05-16T15:04:08Z,PORTE-A,,VIP,OK
TKT45191520535,2026-05-16T15:04:18Z,PORTE-D,,UNITE,OK
TKT10173937511,2026-05-16T15:04:19Z,PORTE-D,R52339673,UNITE,OK
TKT40634078198,2026-05-16T15:04:22Z,PORTE-C,,GROUPE,OK
TKT37935357050,2026-05-16T15:04:23Z,PORTE-A,,UNITE,OK
TKT62096726491,2026-05-16T15:04:36Z,PORTE-C,R57472121,UNITE,OK
TKT93823602075,2026-05-16T15:04:42Z,PORTE-C,R56523666,UNITE,OK
TKT15626458211,2026-05-16T15:04:46Z,PORTE-C,,UNITE,OK
TKT68949461093,2026-05-16T15:04:47Z,VIP-EST,R56271522,UNITE,OK
TKT10670206036,2026-05-16T15:04:47Z,PORTE-D,,UNITE,OK
TKT13063814523,2026-05-16T15:04:50Z,PORTE-C,R55007104,ABONNEMENT,OK
TKT71904596897,2026-05-16T15:04:57Z,PORTE-A,R55780777,ABONNEMENT,OK
TKT48334348736,2026-05-16T15:04:57Z,PORTE-D,R55885945,UNITE,OK
TKT65181652382,2026-05-16T15:04:59Z,PORTE-C,,GROUPE,OK
TKT11881060259,2026-05-16T15:05:00Z,PORTE-A,R56882951,ABONNEMENT,OK
TKT32414208008,2026-05-16T15:05:02Z,PORTE-D,,UNITE,OK
TKT91475579706,2026-05-16T15:05:04Z,PORTE-B,,UNITE,OK
TKT77229349507,2026-05-16T15:05:13Z,PORTE-C,R56393241,UNITE,REFUSE_INVALIDE
TKT20451731525,2026-05-16T15:05:17Z,VIP-EST,R51542696,ABONNEMENT,OK
TKT90025238389,2026-05-16T15:05:20Z,PORTE-D,R55087005,UNITE,OK
TKT62955678563,2026-05-16T15:05:20Z,PORTE-A,R51309143,UNITE,OK
TKT17966400679,2026-05-16T15:05:26Z,PORTE-D,R52655234,ABONNEMENT,OK
TKT18017279360,2026-05-16T15:05:33Z,PORTE-D,R58751452,ABONNEMENT,OK
TKT70076009643,2026-05-16T15:05:47Z,VIP-EST,,GROUPE,OK
TKT38397032433,2026-05-16T15:05:50Z,PORTE-C,R59246890,ABONNEMENT,OK
TKT19402022752,2026-05-16T15:05:57Z,PORTE-C,R57021355,UNITE,OK
TKT77491282621,2026-05-16T15:06:02Z,PORTE-D,R56598184,UNITE,OK
TKT44939554321,2026-05-16T15:06:09Z,PORTE-C,,UNITE,REFUSE_DEJA_SCANNE
TKT40210252315,2026-05-16T15:06:13Z,PORTE-D,R57805449,UNITE,OK
TKT49417638230,2026-05-16T15:06:15Z,PORTE-B,R52286878,ABONNEMENT,OK
TKT33165434524,2026-05-16T15:06:27Z,PORTE-D,R52194191,UNITE,OK
TKT65770134134,2026-05-16T15:06:49Z,PORTE-C,R55658455,ABONNEMENT,OK
TKT77720685402,2026-05-16T15:06:51Z,PORTE-C,R55909785,ABONNEMENT,OK
TKT25753798306,2026-05-16T15:06:51Z,VIP-EST,,VIP,OK
TKT23026321182,2026-05-16T15:06:55Z,PORTE-D,R52240099,INVITATION,OK
TKT28657023575,2026-05-16T15:06:57Z,PORTE-C,R53296968,ABONNEMENT,OK
TKT39987428522,2026-05-16T15:07:07Z,PORTE-D,R56875806,UNITE,OK
TKT95933910551,2026-05-16T15:07:10Z,PORTE-D,,UNITE,OK
TKT38114582318,2026-05-16T15:07:15Z,PORTE-A,R59134500,ABONNEMENT,OK
TKT34065250147,2026-05-16T15:07:21Z,PORTE-D,R58376152,ABONNEMENT,OK
TKT47015738274,2026-05-16T15:07:26Z,PORTE-D,R53121995,UNITE,OK
TKT69972527348,2026-05-16T15:07:33Z,PORTE-C,,UNITE,OK
TKT42890282162,2026-05-16T15:07:50Z,PORTE-D,R54569633,ABONNEMENT,REFUSE_DEJA_SCANNE
TKT18778861722,2026-05-16T15:07:50Z,PORTE-D,R56202387,UNITE,OK
TKT51082971264,2026-05-16T15:07:59Z,PORTE-D,R52233145,ABONNEMENT,OK
TKT81988441409,2026-05-16T15:08:12Z,PORTE-C,R57205868,UNITE,OK
TKT31093273144,2026-05-16T15:08:23Z,PORTE-B,R54107900,UNITE,OK
TKT86089842597,2026-05-16T15:08:25Z,VIP-EST,R58459118,ABONNEMENT,OK
TKT21435469721,2026-05-16T15:08:29Z,PORTE-C,,GROUPE,OK
TKT95002264332,2026-05-16T15:08:30Z,PORTE-B,,UNITE,OK
TKT94114575300,2026-05-16T15:08:33Z,PORTE-B,R57973009,ABONNEMENT,OK
TKT95391238257,2026-05-16T15:08:56Z,PORTE-D,,UNITE,OK
TKT81366320548,2026-05-16T15:08:59Z,PORTE-C,R57030282,UNITE,OK
TKT21230186726,2026-05-16T15:09:01Z,VIP-EST,R57831272,VIP,OK
TKT61456280441,2026-05-16T15:09:21Z,PORTE-A,R58567207,ABONNEMENT,OK
TKT99089875371,2026-05-16T15:09:27Z,PORTE-A,R59490998,UNITE,OK
TKT28333258851,2026-05-16T15:09:50Z,PORTE-C,R58606094,UNITE,OK
TKT81498973012,2026-05-16T15:09:55Z,PORTE-D,R58300217,ABONNEMENT,OK
TKT23557860783,2026-05-16T15:09:59Z,PORTE-C,R52481343,ABONNEMENT,OK
TKT89954047919,2026-05-16T15:09:59Z,PORTE-C,R54226410,UNITE,OK
TKT19015610857,2026-05-16T15:10:09Z,PORTE-D,R57258308,ABONNEMENT,OK
TKT82951566287,2026-05-16T15:10:16Z,PORTE-D,R57866893,ABONNEMENT,OK
TKT98919083489,2026-05-16T15:10:18Z,VIP-EST,R53374283,ABONNEMENT,OK
TKT81649463037,2026-05-16T15:10:21Z,PORTE-C,R52926515,UNITE,OK
TKT10221727621,2026-05-16T15:10:25Z,PORTE-C,R53171782,UNITE,OK
TKT91789714116,2026-05-16T15:10:27Z,PORTE-D,R52279398,ABONNEMENT,REFUSE_DEJA_SCANNE
TKT93566049513,2026-05-16T15:10:28Z,VIP-EST,,VIP,OK
TKT23198665717,2026-05-16T15:10:31Z,PORTE-D,,UNITE,OK
TKT75548042711,2026-05-16T15:10:42Z,PORTE-D,R56649676,UNITE,OK
TKT44395304533,2026-05-16T15:10:48Z,PORTE-D,R58530494,UNITE,OK
TKT68582421371,2026-05-16T15:11:05Z,VIP-EST,,VIP,OK
TKT32631926710,2026-05-16T15:12:02Z,PORTE-B,R59128916,ABONNEMENT,OK
TKT78197738422,2026-05-16T15:12:05Z,VIP-EST,R58573538,ABONNEMENT,OK
TKT15622984948,2026-05-16T15:12:30Z,PORTE-B,R55641291,UNITE,OK
TKT85527728521,2026-05-16T15:12:44Z,PORTE-C,R53068932,UNITE,OK
TKT25207892875,2026-05-16T15:13:00Z,PORTE-C,R58038466,UNITE,OK
TKT47579263284,2026-05-16T15:13:06Z,PORTE-D,R55728136,ABONNEMENT,OK
TKT30806287100,2026-05-16T15:13:12Z,PORTE-D,R57885551,UNITE,OK
TKT96227922312,2026-05-16T15:13:24Z,PORTE-C,R53045849,UNITE,OK
TKT51747070213,2026-05-16T15:13:24Z,PORTE-D,R53891712,UNITE,OK
TKT34588740190,2026-05-16T15:13:26Z,PORTE-C,R55614721,UNITE,OK
TKT49264846692,2026-05-16T15:13:32Z,PORTE-C,R51681713,UNITE,OK
TKT32999267844,2026-05-16T15:13:45Z,PORTE-D,R51033983,ABONNEMENT,OK
TKT51553047293,2026-05-16T15:14:01Z,PORTE-B,R51700381,ABONNEMENT,OK
TKT23351961160,2026-05-16T15:14:42Z,PORTE-C,R54852705,UNITE,OK
TKT92973108232,2026-05-16T15:14:47Z,PORTE-D,R52511648,UNITE,OK
TKT66788370570,2026-05-16T15:14:49Z,PORTE-B,R59925414,ABONNEMENT,OK
TKT29614470411,2026-05-16T15:15:02Z,PORTE-C,,UNITE,OK
TKT81143852217,2026-05-16T15:15:09Z,PORTE-D,R57005551,ABONNEMENT,OK
TKT78860990782,2026-05-16T15:15:39Z,PORTE-B,R55821446,UNITE,OK
TKT16015718324,2026-05-16T15:15:54Z,PORTE-C,R53819857,INVITATION,OK
TKT40157429034,2026-05-16T15:16:02Z,PORTE-D,R51758338,UNITE,OK
TKT19427351901,2026-05-16T15:16:05Z,PORTE-A,R53811419,UNITE,OK
TKT42582419383,2026-05-16T15:16:06Z,VIP-EST,R52019342,ABONNEMENT,OK
TKT65270680955,2026-05-16T15:16:10Z,PORTE-C,R54081675,UNITE,OK
TKT24226972927,2026-05-16T15:16:13Z,PORTE-D,,UNITE,OK
TKT54220392256,2026-05-16T15:16:15Z,PORTE-D,R53596323,ABONNEMENT,OK
TKT10066546301,2026-05-16T15:16:16Z,PORTE-B,R59100996,UNITE,OK
TKT86445912221,2026-05-16T15:16:56Z,PORTE-C,,GROUPE,OK
TKT77491282621,2026-05-16T15:17:02Z,PORTE-D,R56598184,UNITE,REFUSE_DEJA_SCANNE
TKT59641512205,2026-05-16T15:17:08Z,PORTE-D,R59670329,UNITE,OK
TKT62179340952,2026-05-16T15:17:31Z,PORTE-B,R56671476,ABONNEMENT,OK
TKT35552791819,2026-05-16T15:17:48Z,PORTE-D,R54798828,UNITE,OK
TKT73931361198,2026-05-16T15:18:10Z,PORTE-D,R59756839,UNITE,OK
TKT45527914427,2026-05-16T15:18:28Z,PORTE-C,R52478345,ABONNEMENT,OK
TKT18853141475,2026-05-16T15:18:50Z,PORTE-B,R59174489,ABONNEMENT,OK
TKT69114860408,2026-05-16T15:19:04Z,VIP-EST,R54150954,VIP,OK
TKT51747070213,2026-05-16T15:19:24Z,PORTE-D,R53891712,UNITE,REFUSE_DEJA_SCANNE
TKT16870859153,2026-05-16T15:19:39Z,VIP-EST,,GROUPE,OK
TKT40097928039,2026-05-16T15:19:41Z,PORTE-C,R53947371,ABONNEMENT,OK
TKT20786320439,2026-05-16T15:20:00Z,PORTE-A,R53850919,UNITE,OK
TKT43371503873,2026-05-16T15:20:01Z,PORTE-B,R51485084,ABONNEMENT,OK
TKT88664845286,2026-05-16T15:20:13Z,PORTE-D,,UNITE,OK
TKT71676100974,2026-05-16T15:24:15Z,PORTE-D,R59117882,ABONNEMENT,OK
TKT16870859153,2026-05-16T15:24:39Z,VIP-EST,,GROUPE,REFUSE_DEJA_SCANNE
TKT78379559131,2026-05-16T15:25:08Z,PORTE-B,R58681158,UNITE,OK
TKT97732673929,2026-05-16T15:25:25Z,VIP-EST,R51508780,ABONNEMENT,OK
TKT13138180299,2026-05-16T15:26:14Z,PORTE-D,,UNITE,OK
TKT92042534328,2026-05-16T15:26:41Z,PORTE-C,R53942668,UNITE,OK
