barcode,scan_ts_utc,portique,ext_id,type_billet,resultat
TKT56465662281,2025-12-07T15:30:02Z,PORTE-C,R56188489,ABONNEMENT,OK
TKT50036687297,2025-12-07T15:30:06Z,PORTE-D,R59226795,UNITE,OK
TKT61378887537,2025-12-07T15:30:07Z,PORTE-D,R57028979,ABONNEMENT,OK
TKT23991333016,2025-12-07T15:30:08Z,PORTE-D,R51012461,UNITE,OK
TKT13580801694,2025-12-07T15:30:08Z,PORTE-D,R51897633,UNITE,OK
TKT60978610589,2025-12-07T15:30:08Z,PORTE-D,R56991462,INVITATION,OK
TKT55554851431,2025-12-07T15:30:16Z,PORTE-A,R56430021,UNITE,OK
TKT15642819007,2025-12-07T15:30:22Z,PORTE-C,R54841192,ABONNEMENT,OK
TKT50648807413,2025-12-07T15:30:26Z,VIP-EST,R54586998,VIP,OK
TKT19314775014,2025-12-07T15:30:29Z,PORTE-C,R54572420,ABONNEMENT,OK
TKT70763946465,2025-12-07T15:30:31Z,PORTE-B,R54365370,UNITE,OK
TKT36128165951,2025-12-07T15:30:33Z,VIP-EST,R54711906,ABONNEMENT,OK
TKT32544330499,2025-12-07T15:30:34Z,PORTE-C,R57529800,UNITE,OK
TKT63853427295,2025-12-07T15:30:36Z,PORTE-D,R57703959,UNITE,OK
TKT78745834294,2025-12-07T15:30:47Z,PORTE-D,,UNITE,OK
TKT65085639791,2025-12-07T15:30:48Z,PORTE-A,R56439072,ABONNEMENT,OK
TKT50142519024,2025-12-07T15:30:50Z,PORTE-C,R53390757,UNITE,OK
TKT30170935077,2025-12-07T15:30:52Z,PORTE-C,R51128653,ABONNEMENT,OK
TKT15034051262,2025-12-07T15:30:56Z,PORTE-A,R52412821,ABONNEMENT,OK
TKT71399886955,2025-12-07T15:30:57Z,PORTE-C,R53603602,ABONNEMENT,OK
TKT98179033331,2025-12-07T15:31:20Z,PORTE-C,R57426481,ABONNEMENT,OK
TKT17078226869,2025-12-07T15:31:25Z,PORTE-D,R57057321,ABONNEMENT,OK
TKT24436712973,2025-12-07T15:31:25Z,PORTE-C,R58845030,GROUPE,OK
TKT23701965440,2025-12-07T15:31:29Z,PORTE-A,R52696295,ABONNEMENT,OK
TKT69451855188,2025-12-07T15:31:30Z,PORTE-A,R51312697,ABONNEMENT,OK
TKT72089800908,2025-12-07T15:31:32Z,PORTE-C,R53134523,ABONNEMENT,OK
TKT98580574501,2025-12-07T15:31:35Z,PORTE-D,R55411138,ABONNEMENT,OK
TKT76214925881,2025-12-07T15:31:37Z,PORTE-C,R53533720,UNITE,OK
TKT72116632934,2025-12-07T15:31:46Z,PORTE-B,R51642002,ABONNEMENT,OK
TKT66746138311,2025-12-07T15:31:47Z,PORTE-B,R56019780,ABONNEMENT,OK
TKT63298220208,2025-12-07T15:32:01Z,VIP-EST,R54164162,UNITE,OK
TKT78052379029,2025-12-07T15:32:08Z,PORTE-A,R59483029,ABONNEMENT,OK
TKT67715241153,2025-12-07T15:32:09Z,PORTE-D,R52992307,UNITE,OK
TKT53893443509,2025-12-07T15:32:11Z,PORTE-C,R52244524,ABONNEMENT,OK
TKT86145109505,2025-12-07T15:32:13Z,PORTE-A,R56453995,ABONNEMENT,OK
TKT98296749484,2025-12-07T15:32:14Z,PORTE-D,,UNITE,OK
TKT99017617564,2025-12-07T15:32:18Z,PORTE-D,R52551024,UNITE,OK
TKT10822148245,2025-12-07T15:32:19Z,PORTE-D,R56545878,ABONNEMENT,OK
TKT29217992650,2025-12-07T15:32:19Z,PORTE-D,R55874154,ABONNEMENT,OK
TKT34391841089,2025-12-07T15:32:20Z,PORTE-C,R55953988,ABONNEMENT,OK
TKT68013212385,2025-12-07T15:32:21Z,PORTE-C,R52470041,ABONNEMENT,OK
TKT88574364888,2025-12-07T15:32:23Z,PORTE-A,R58492555,ABONNEMENT,OK
TKT96485460880,2025-12-07T15:32:25Z,PORTE-C,R56637828,ABONNEMENT,OK
TKT72682469358,2025-12-07T15:32:39Z,PORTE-C,R54019082,UNITE,OK
TKT39218727814,2025-12-07T15:32:42Z,PORTE-C,,GROUPE,OK
TKT93211460834,2025-12-07T15:32:46Z,PORTE-B,R58683955,ABONNEMENT,OK
TKT47195504305,2025-12-07T15:32:48Z,PORTE-B,R58434464,UNITE,OK
TKT42930095822,2025-12-07T15:32:49Z,PORTE-D,R52500691,ABONNEMENT,OK
TKT20012594014,2025-12-07T15:32:51Z,VIP-EST,R52296217,ABONNEMENT,OK
TKT82557821549,2025-12-07T15:32:54Z,PORTE-D,R53183707,UNITE,OK
TKT25221579751,2025-12-07T15:32:57Z,PORTE-B,R51884961,ABONNEMENT,OK
TKT34953307427,2025-12-07T15:33:01Z,PORTE-A,R57315327,ABONNEMENT,OK
TKT99869942540,2025-12-07T15:33:12Z,VIP-EST,R58676187,ABONNEMENT,OK
TKT93407483005,2025-12-07T15:33:15Z,PORTE-A,R52933191,ABONNEMENT,OK
TKT14904639883,2025-12-07T15:33:17Z,PORTE-C,R55398878,ABONNEMENT,OK
TKT59480052058,2025-12-07T15:33:20Z,PORTE-A,R58973971,VIP,OK
TKT18186811358,2025-12-07T15:33:21Z,PORTE-C,,UNITE,OK
TKT79299258304,2025-12-07T15:33:22Z,PORTE-A,,UNITE,OK
TKT52106269694,2025-12-07T15:33:23Z,PORTE-D,R57244765,ABONNEMENT,OK
TKT26492348036,2025-12-07T15:33:25Z,PORTE-D,R55331994,ABONNEMENT,OK
TKT92748846512,2025-12-07T15:33:26Z,PORTE-C,,GROUPE,OK
TKT90689210856,2025-12-07T15:33:26Z,PORTE-D,,UNITE,OK
TKT11696995142,2025-12-07T15:33:26Z,PORTE-C,R51346680,UNITE,OK
TKT61015475714,2025-12-07T15:33:30Z,PORTE-C,R53454988,ABONNEMENT,OK
TKT46832491829,2025-12-07T15:33:30Z,PORTE-D,R51779803,UNITE,OK
TKT80592239583,2025-12-07T15:33:31Z,PORTE-A,R54580111,ABONNEMENT,OK
TKT35425211473,2025-12-07T15:33:31Z,VIP-EST,,GROUPE,OK
TKT24867271926,2025-12-07T15:33:33Z,PORTE-D,R51126000,ABONNEMENT,OK
TKT89077428866,2025-12-07T15:33:35Z,PORTE-C,R53257066,ABONNEMENT,OK
TKT78629611990,2025-12-07T15:33:40Z,PORTE-D,R58412051,GROUPE,OK
TKT75489614580,2025-12-07T15:33:47Z,PORTE-C,,UNITE,OK
TKT53538141086,2025-12-07T15:33:53Z,PORTE-D,R51653247,UNITE,OK
TKT57191054059,2025-12-07T15:33:56Z,PORTE-D,R51380251,UNITE,OK
TKT41259451125,2025-12-07T15:33:57Z,PORTE-A,R51735322,ABONNEMENT,OK
TKT61600118897,2025-12-07T15:34:05Z,PORTE-B,R59114683,UNITE,OK
TKT23816938354,2025-12-07T15:34:06Z,PORTE-C,,GROUPE,OK
TKT31853260771,2025-12-07T15:34:08Z,PORTE-D,R56053562,ABONNEMENT,OK
TKT72559939369,2025-12-07T15:34:10Z,PORTE-B,R54908488,ABONNEMENT,OK
TKT88175980799,2025-12-07T15:34:10Z,PORTE-D,R57499428,ABONNEMENT,OK
TKT72073498862,2025-12-07T15:34:13Z,PORTE-D,R57799185,UNITE,OK
TKT58730320713,2025-12-07T15:34:18Z,VIP-EST,R58511836,ABONNEMENT,OK
TKT83598843452,2025-12-07T15:34:19Z,PORTE-D,R52140860,ABONNEMENT,OK
TKT92993103208,2025-12-07T15:34:20Z,PORTE-B,R59719312,ABONNEMENT,OK
TKT91689356522,2025-12-07T15:34:31Z,PORTE-D,R55265790,UNITE,OK
TKT29034046416,2025-12-07T15:34:35Z,PORTE-C,R51844168,ABONNEMENT,OK
TKT83675946769,2025-12-07T15:34:35Z,VIP-EST,R54267826,UNITE,OK
TKT96404567229,2025-12-07T15:34:35Z,PORTE-C,,GROUPE,OK
TKT42911523196,2025-12-07T15:34:39Z,PORTE-A,R51871063,UNITE,OK
TKT76333634695,2025-12-07T15:34:43Z,PORTE-C,R59246890,ABONNEMENT,OK
TKT79514419322,2025-12-07T15:34:43Z,PORTE-D,R55767291,ABONNEMENT,OK
TKT74611571101,2025-12-07T15:34:52Z,PORTE-D,R56962038,ABONNEMENT,OK
TKT14999245082,2025-12-07T15:34:52Z,PORTE-D,R53666952,ABONNEMENT,OK
TKT65745401089,2025-12-07T15:34:53Z,PORTE-C,R52129950,ABONNEMENT,OK
TKT73152326274,2025-12-07T15:34:57Z,PORTE-A,,UNITE,OK
TKT41695108325,2025-12-07T15:34:59Z,PORTE-C,R52592095,ABONNEMENT,OK
TKT81394160032,2025-12-07T15:34:59Z,PORTE-D,R55305166,UNITE,OK
TKT60240524476,2025-12-07T15:35:06Z,VIP-EST,R56849313,ABONNEMENT,OK
TKT61431022196,2025-12-07T15:35:10Z,PORTE-C,R59736811,ABONNEMENT,OK
TKT95157924245,2025-12-07T15:35:14Z,PORTE-A,R58275553,ABONNEMENT,OK
TKT64626407844,2025-12-07T15:35:14Z,PORTE-C,,INVITATION,OK
TKT80864889433,2025-12-07T15:35:22Z,PORTE-A,R56373692,ABONNEMENT,OK
TKT63358417657,2025-12-07T15:35:25Z,VIP-EST,R51054078,ABONNEMENT,OK
TKT99725006132,2025-12-07T15:35:30Z,VIP-EST,R54097958,ABONNEMENT,OK
TKT60882315483,2025-12-07T15:35:30Z,PORTE-A,R58414091,ABONNEMENT,OK
TKT87536474982,2025-12-07T15:35:30Z,PORTE-C,,UNITE,OK
TKT67774189177,2025-12-07T15:35:33Z,PORTE-D,,UNITE,OK
TKT45840215912,2025-12-07T15:35:34Z,PORTE-C,R58349860,INVITATION,OK
TKT90809162775,2025-12-07T15:35:37Z,PORTE-D,R59352182,ABONNEMENT,OK
TKT39328717916,2025-12-07T15:35:39Z,PORTE-C,R51043111,ABONNEMENT,OK
TKT85536465137,2025-12-07T15:35:41Z,PORTE-D,R53290091,ABONNEMENT,OK
TKT53305252321,2025-12-07T15:35:47Z,PORTE-C,R55182767,GROUPE,OK
TKT95163959117,2025-12-07T15:35:52Z,PORTE-A,R53839751,ABONNEMENT,OK
TKT28672478180,2025-12-07T15:35:52Z,PORTE-C,R54782679,UNITE,OK
TKT19400542441,2025-12-07T15:35:53Z,PORTE-D,R54437225,ABONNEMENT,OK
TKT28256121945,2025-12-07T15:35:53Z,PORTE-B,,INVITATION,OK
TKT92153630384,2025-12-07T15:35:53Z,PORTE-C,,UNITE,OK
TKT72011150169,2025-12-07T15:35:55Z,PORTE-D,R56319336,ABONNEMENT,OK
TKT93044674506,2025-12-07T15:35:55Z,PORTE-A,R58905037,ABONNEMENT,OK
TKT12593361923,2025-12-07T15:35:56Z,PORTE-D,R55548460,ABONNEMENT,OK
TKT57060956088,2025-12-07T15:35:57Z,PORTE-A,R57308517,UNITE,OK
TKT92721325921,2025-12-07T15:35:59Z,PORTE-A,,VIP,OK
TKT86063671106,2025-12-07T15:36:02Z,PORTE-C,R57659632,ABONNEMENT,OK
TKT50147667443,2025-12-07T15:36:02Z,PORTE-C,R58387531,ABONNEMENT,OK
TKT29279299039,2025-12-07T15:36:02Z,PORTE-C,R55841608,UNITE,OK
TKT94887648458,2025-12-07T15:36:03Z,PORTE-C,R57012840,ABONNEMENT,OK
TKT62762656003,2025-12-07T15:36:06Z,PORTE-B,R51853832,ABONNEMENT,OK
TKT11260452172,2025-12-07T15:36:09Z,PORTE-D,,UNITE,OK
TKT57050841692,2025-12-07T15:36:10Z,PORTE-C,R59544597,UNITE,OK
TKT54174709246,2025-12-07T15:36:13Z,PORTE-D,R58487373,UNITE,OK
TKT21408895947,2025-12-07T15:36:21Z,PORTE-B,R58838622,ABONNEMENT,OK
TKT81013350708,2025-12-07T15:36:24Z,PORTE-D,R53964458,ABONNEMENT,OK
TKT59021366695,2025-12-07T15:36:24Z,PORTE-B,R53080579,UNITE,OK
TKT58289541346,2025-12-07T15:36:25Z,PORTE-D,R58931674,ABONNEMENT,OK
TKT96148117038,2025-12-07T15:36:28Z,PORTE-B,R52748410,UNITE,OK
TKT35099873410,2025-12-07T15:36:31Z,PORTE-C,R55799445,ABONNEMENT,OK
TKT83485101283,2025-12-07T15:36:32Z,PORTE-D,R51650594,INVITATION,OK
TKT87092551726,2025-12-07T15:36:38Z,PORTE-B,,UNITE,OK
TKT40374348066,2025-12-07T15:36:39Z,PORTE-D,R52731926,ABONNEMENT,OK
TKT42853556349,2025-12-07T15:36:39Z,PORTE-A,R57140756,ABONNEMENT,OK
TKT92848199724,2025-12-07T15:36:40Z,PORTE-C,R57726037,ABONNEMENT,OK
TKT30939195855,2025-12-07T15:36:45Z,PORTE-D,R54983398,ABONNEMENT,OK
TKT58822189673,2025-12-07T15:36:48Z,PORTE-A,R58521577,ABONNEMENT,OK
TKT91216232744,2025-12-07T15:36:49Z,PORTE-C,R56118061,ABONNEMENT,OK
TKT19867377106,2025-12-07T15:36:53Z,PORTE-D,R55728136,ABONNEMENT,OK
TKT48496402202,2025-12-07T15:36:59Z,PORTE-D,R51681780,ABONNEMENT,OK
TKT24837528386,2025-12-07T15:37:00Z,PORTE-D,R59750096,ABONNEMENT,OK
TKT43924260535,2025-12-07T15:37:00Z,PORTE-C,R58391822,ABONNEMENT,OK
TKT98196980804,2025-12-07T15:37:04Z,PORTE-C,R51323520,UNITE,OK
TKT66374970211,2025-12-07T15:37:07Z,PORTE-A,R55677592,ABONNEMENT,OK
TKT65397986761,2025-12-07T15:37:08Z,PORTE-B,R59925414,ABONNEMENT,OK
TKT84875481713,2025-12-07T15:37:10Z,PORTE-D,R51213793,ABONNEMENT,OK
TKT55525803783,2025-12-07T15:37:14Z,PORTE-D,R51639972,UNITE,OK
TKT76943281462,2025-12-07T15:37:14Z,VIP-EST,,VIP,OK
TKT88122861564,2025-12-07T15:37:22Z,PORTE-D,R55100481,ABONNEMENT,OK
TKT91560370293,2025-12-07T15:37:22Z,VIP-EST,R58032604,UNITE,OK
TKT82342533973,2025-12-07T15:37:23Z,PORTE-C,R59960901,ABONNEMENT,OK
TKT44193374000,2025-12-07T15:37:23Z,PORTE-D,R54801213,UNITE,OK
TKT39081778322,2025-12-07T15:37:23Z,PORTE-C,R56596211,UNITE,OK
TKT54889386423,2025-12-07T15:37:25Z,PORTE-C,R57783860,UNITE,OK
TKT91026924424,2025-12-07T15:37:27Z,PORTE-D,R55925991,ABONNEMENT,OK
TKT81128156182,2025-12-07T15:37:28Z,PORTE-D,R53198965,ABONNEMENT,OK
TKT62480435651,2025-12-07T15:37:31Z,PORTE-C,R58037374,UNITE,OK
TKT11474885954,2025-12-07T15:37:34Z,PORTE-C,,GROUPE,OK
TKT67634730383,2025-12-07T15:37:37Z,VIP-EST,R53871148,ABONNEMENT,OK
TKT21674455045,2025-12-07T15:37:40Z,PORTE-A,R57415169,ABONNEMENT,OK
TKT95938571839,2025-12-07T15:37:42Z,PORTE-D,R53957993,UNITE,OK
TKT48553401565,2025-12-07T15:37:45Z,PORTE-A,R51332035,ABONNEMENT,OK
TKT46304075234,2025-12-07T15:37:52Z,PORTE-C,R59023212,ABONNEMENT,OK
TKT41107270117,2025-12-07T15:38:09Z,VIP-EST,R57660302,ABONNEMENT,OK
TKT37854225944,2025-12-07T15:38:23Z,PORTE-C,R53951930,UNITE,OK
TKT10422153518,2025-12-07T15:38:31Z,VIP-EST,,GROUPE,OK
TKT92469952447,2025-12-07T15:38:34Z,PORTE-B,R55932734,UNITE,OK
TKT64531296799,2025-12-07T15:38:48Z,PORTE-C,R53747734,ABONNEMENT,OK
TKT86969558305,2025-12-07T15:39:21Z,PORTE-C,R59567556,ABONNEMENT,OK
TKT81946318728,2025-12-07T15:39:23Z,PORTE-A,R58237825,ABONNEMENT,OK
TKT36976968994,2025-12-07T15:39:39Z,PORTE-D,R55880217,UNITE,OK
TKT78745834294,2025-12-07T15:39:47Z,PORTE-D,,UNITE,REFUSE_DEJA_SCANNE
TKT79320115831,2025-12-07T15:39:48Z,PORTE-D,R54580590,ABONNEMENT,OK
TKT58821822574,2025-12-07T15:39:49Z,PORTE-D,R52259715,UNITE,OK
TKT77685017856,2025-12-07T15:40:14Z,PORTE-C,R53863380,ABONNEMENT,OK
TKT16393817608,2025-12-07T15:40:16Z,PORTE-B,R55506977,UNITE,OK
TKT11145019847,2025-12-07T15:40:24Z,PORTE-A,R53169809,ABONNEMENT,OK
TKT56469500695,2025-12-07T15:40:25Z,VIP-EST,,GROUPE,OK
TKT71171610677,2025-12-07T15:40:28Z,PORTE-D,R59697244,UNITE,OK
TKT36550972368,2025-12-07T15:40:29Z,PORTE-A,R58384878,ABONNEMENT,OK
TKT92854059966,2025-12-07T15:40:41Z,PORTE-A,R51145405,ABONNEMENT,OK
TKT48553401565,2025-12-07T15:40:45Z,PORTE-A,R51332035,ABONNEMENT,REFUSE_DEJA_SCANNE
TKT52159261219,2025-12-07T15:40:49Z,VIP-EST,R56304969,ABONNEMENT,OK
TKT19867377106,2025-12-07T15:40:53Z,PORTE-D,R55728136,ABONNEMENT,REFUSE_DEJA_SCANNE
TKT27049634089,2025-12-07T15:41:08Z,PORTE-D,R53596323,ABONNEMENT,OK
TKT33296357329,2025-12-07T15:41:08Z,PORTE-D,R57428253,UNITE,OK
TKT91020585163,2025-12-07T15:41:10Z,VIP-EST,,VIP,OK
TKT31887235909,2025-12-07T15:41:19Z,PORTE-D,R51744182,ABONNEMENT,OK
TKT49441734011,2025-12-07T15:41:25Z,PORTE-A,,VIP,OK
TKT38679371506,2025-12-07T15:41:48Z,PORTE-D,,UNITE,OK
TKT72318413581,2025-12-07T15:41:50Z,PORTE-B,R59468451,ABONNEMENT,OK
TKT40388318893,2025-12-07T15:41:51Z,PORTE-C,R51665785,UNITE,OK
TKT65142215459,2025-12-07T15:41:51Z,VIP-EST,,GROUPE,OK
TKT21693415931,2025-12-07T15:41:54Z,PORTE-C,R53571669,UNITE,OK
TKT92454945780,2025-12-07T15:41:55Z,PORTE-D,R55737599,ABONNEMENT,OK
TKT76760799430,2025-12-07T15:41:56Z,PORTE-D,R51151267,UNITE,OK
TKT43924260535,2025-12-07T15:42:00Z,PORTE-C,R58391822,ABONNEMENT,REFUSE_DEJA_SCANNE
TKT53269412387,2025-12-07T15:42:11Z,VIP-EST,,GROUPE,OK
TKT91458649031,2025-12-07T15:42:17Z,PORTE-B,R51011225,UNITE,OK
TKT45622643162,2025-12-07T15:42:21Z,PORTE-C,R55356313,UNITE,OK
TKT76214068066,2025-12-07T15:42:26Z,PORTE-C,R52005990,ABONNEMENT,OK
TKT75552135860,2025-12-07T15:42:27Z,VIP-EST,R58700362,ABONNEMENT,OK
TKT82552025448,2025-12-07T15:42:28Z,PORTE-D,R53821562,ABONNEMENT,OK
TKT76913785431,2025-12-07T15:42:31Z,PORTE-A,R54443489,ABONNEMENT,OK
TKT83485101283,2025-12-07T15:42:32Z,PORTE-D,R51650594,INVITATION,REFUSE_DEJA_SCANNE
TKT85582274202,2025-12-07T15:42:39Z,PORTE-D,R54060086,UNITE,OK
TKT60544289676,2025-12-07T15:42:39Z,PORTE-D,R58843469,INVITATION,OK
TKT91226835392,2025-12-07T15:42:57Z,PORTE-C,R56527210,UNITE,OK
TKT59642450756,2025-12-07T15:43:00Z,VIP-EST,R57421577,VIP,OK
TKT34865297090,2025-12-07T15:43:01Z,PORTE-B,R51754047,ABONNEMENT,OK
TKT71646622973,2025-12-07T15:43:03Z,PORTE-D,,UNITE,OK
TKT22167620831,2025-12-07T15:43:08Z,PORTE-B,,UNITE,OK
TKT50457357313,2025-12-07T15:43:16Z,PORTE-D,R59140218,UNITE,OK
TKT93080080581,2025-12-07T15:43:18Z,PORTE-D,R58529057,ABONNEMENT,OK
TKT95891965633,2025-12-07T15:43:24Z,PORTE-D,R53757877,UNITE,OK
TKT61209582073,2025-12-07T15:43:26Z,PORTE-A,R54576510,ABONNEMENT,OK
TKT80736561113,2025-12-07T15:43:26Z,PORTE-D,R59795860,ABONNEMENT,OK
TKT66131215524,2025-12-07T15:43:32Z,PORTE-C,R59934532,UNITE,OK
TKT76333634695,2025-12-07T15:43:43Z,PORTE-C,R59246890,ABONNEMENT,REFUSE_DEJA_SCANNE
TKT26051788657,2025-12-07T15:43:44Z,PORTE-C,R53310588,ABONNEMENT,OK
TKT95089303846,2025-12-07T15:43:44Z,PORTE-C,,GROUPE,OK
TKT58046360302,2025-12-07T15:44:04Z,PORTE-C,R57946583,UNITE,OK
TKT85197140021,2025-12-07T15:44:05Z,PORTE-B,R56919396,ABONNEMENT,OK
TKT22124193271,2025-12-07T15:44:25Z,PORTE-D,R57715137,ABONNEMENT,OK
TKT69927540793,2025-12-07T15:44:33Z,PORTE-A,R57394270,ABONNEMENT,OK
TKT94143497108,2025-12-07T15:44:34Z,PORTE-D,R56403595,UNITE,OK
TKT52038450942,2025-12-07T15:44:38Z,PORTE-D,R55835344,UNITE,OK
TKT17800623502,2025-12-07T15:44:39Z,PORTE-D,R51021646,ABONNEMENT,OK
TKT33725877235,2025-12-07T15:44:41Z,PORTE-D,,UNITE,OK
TKT12668066922,2025-12-07T15:44:44Z,PORTE-C,R54211229,ABONNEMENT,OK
TKT54679077931,2025-12-07T15:44:46Z,PORTE-D,R52126081,UNITE,OK
TKT25699342853,2025-12-07T15:44:53Z,VIP-EST,R57607517,VIP,OK
TKT66309607943,2025-12-07T15:44:55Z,PORTE-B,R55001865,ABONNEMENT,OK
TKT79511344007,2025-12-07T15:44:58Z,PORTE-D,R58684357,UNITE,OK
TKT80901443583,2025-12-07T15:45:08Z,PORTE-B,R58751174,UNITE,OK
TKT42832102863,2025-12-07T15:45:15Z,VIP-EST,R54175742,ABONNEMENT,OK
TKT24745931157,2025-12-07T15:45:15Z,PORTE-A,,UNITE,OK
TKT15530811298,2025-12-07T15:45:16Z,PORTE-C,R57745519,ABONNEMENT,OK
TKT49223880581,2025-12-07T15:45:18Z,VIP-EST,R54187734,VIP,OK
TKT40313673837,2025-12-07T15:45:19Z,PMR-NORD,R56684004,ABONNEMENT,OK
TKT71634378056,2025-12-07T15:45:20Z,PORTE-C,R55048999,ABONNEMENT,OK
TKT57464846667,2025-12-07T15:45:21Z,VIP-EST,R56169496,VIP,OK
TKT87276122658,2025-12-07T15:45:27Z,PORTE-D,R53302897,UNITE,OK
TKT59752939225,2025-12-07T15:45:28Z,PORTE-C,R58107658,UNITE,OK
TKT68303732326,2025-12-07T15:45:32Z,PORTE-D,R53234998,ABONNEMENT,OK
TKT76870402412,2025-12-07T15:45:34Z,PORTE-C,R59645139,ABONNEMENT,OK
TKT23344685155,2025-12-07T15:45:58Z,PORTE-C,R53296968,ABONNEMENT,OK
TKT34765173592,2025-12-07T15:45:59Z,PORTE-A,R52194794,ABONNEMENT,OK
TKT63120423237,2025-12-07T15:46:03Z,VIP-EST,R51213448,ABONNEMENT,OK
TKT45872625466,2025-12-07T15:46:10Z,PORTE-D,R54354336,UNITE,OK
TKT25582833376,2025-12-07T15:46:13Z,PORTE-C,R52444965,UNITE,OK
TKT59455176897,2025-12-07T15:46:19Z,PORTE-A,R59098534,ABONNEMENT,OK
TKT91535243774,2025-12-07T15:46:20Z,PORTE-D,R51965666,UNITE,OK
TKT18445949474,2025-12-07T15:46:23Z,PORTE-D,R51017911,ABONNEMENT,OK
TKT66301633744,2025-12-07T15:46:24Z,VIP-EST,R53014452,ABONNEMENT,OK
TKT39074725937,2025-12-07T15:46:25Z,PORTE-B,R59872217,UNITE,OK
TKT29945594006,2025-12-07T15:46:30Z,PORTE-B,R52289675,ABONNEMENT,OK
TKT81070371008,2025-12-07T15:46:34Z,PORTE-D,R56240738,UNITE,OK
TKT19024228696,2025-12-07T15:46:37Z,VIP-EST,,GROUPE,OK
TKT82585834937,2025-12-07T15:46:43Z,PORTE-C,R57260291,ABONNEMENT,OK
TKT35856153237,2025-12-07T15:46:52Z,PORTE-C,R53250514,ABONNEMENT,OK
TKT67685215711,2025-12-07T15:46:58Z,PORTE-C,,GROUPE,OK
TKT19036092652,2025-12-07T15:47:07Z,PORTE-D,R56890240,UNITE,OK
TKT90187980301,2025-12-07T15:47:16Z,PORTE-C,R52393962,UNITE,OK
TKT43496891437,2025-12-07T15:47:22Z,PORTE-C,R57497244,INVITATION,OK
TKT18424273045,2025-12-07T15:47:29Z,PORTE-C,,UNITE,OK
TKT31044494048,2025-12-07T15:47:29Z,PORTE-D,R55965635,UNITE,OK
TKT59099165233,2025-12-07T15:47:30Z,PORTE-D,,GROUPE,OK
TKT87817264413,2025-12-07T15:47:31Z,VIP-EST,R55490282,ABONNEMENT,OK
TKT21221720978,2025-12-07T15:47:36Z,PORTE-B,R58303473,ABONNEMENT,OK
TKT77056926175,2025-12-07T15:47:40Z,PORTE-D,,UNITE,OK
TKT54440985795,2025-12-07T15:47:46Z,PORTE-C,R54028143,ABONNEMENT,OK
TKT96171892485,2025-12-07T15:47:53Z,PORTE-C,R55329810,GROUPE,OK
TKT44006625807,2025-12-07T15:47:55Z,PORTE-C,R54754079,UNITE,OK
TKT50723906576,2025-12-07T15:48:03Z,PORTE-C,R58775962,ABONNEMENT,OK
TKT44543220095,2025-12-07T15:48:07Z,PORTE-D,R57189116,UNITE,OK
TKT60342279580,2025-12-07T15:48:09Z,VIP-EST,R57390046,ABONNEMENT,OK
TKT52105656069,2025-12-07T15:48:13Z,VIP-EST,R54445529,ABONNEMENT,OK
TKT99925191597,2025-12-07T15:48:17Z,PORTE-A,R58463198,UNITE,OK
TKT14898887547,2025-12-07T15:48:19Z,PORTE-D,R57892706,ABONNEMENT,OK
TKT77850516931,2025-12-07T15:48:19Z,PORTE-B,R53600403,ABONNEMENT,OK
TKT74103257672,2025-12-07T15:48:20Z,PORTE-D,,UNITE,OK
TKT84685409169,2025-12-07T15:48:32Z,PORTE-C,R59201997,ABONNEMENT,OK
TKT71098159882,2025-12-07T15:48:38Z,PORTE-D,R51340138,UNITE,OK
TKT84891884696,2025-12-07T15:48:43Z,PORTE-C,R59021852,UNITE,OK
TKT14740053849,2025-12-07T15:48:45Z,VIP-EST,R52672800,VIP,OK
TKT30849681706,2025-12-07T15:48:46Z,PORTE-C,R55399635,ABONNEMENT,OK
TKT99022492595,2025-12-07T15:48:50Z,PORTE-D,R54934234,ABONNEMENT,OK
TKT10075626369,2025-12-07T15:48:55Z,PORTE-C,R53666004,ABONNEMENT,OK
TKT79203763347,2025-12-07T15:48:58Z,PORTE-C,R51681311,UNITE,OK
TKT48633612859,2025-12-07T15:49:00Z,PORTE-D,R51713733,ABONNEMENT,OK
TKT69196676797,2025-12-07T15:49:04Z,PORTE-B,R59128916,ABONNEMENT,OK
TKT23482345817,2025-12-07T15:49:04Z,PORTE-C,R52763725,ABONNEMENT,OK
TKT94293725213,2025-12-07T15:49:05Z,PORTE-D,R54930479,INVITATION,OK
TKT29838074575,2025-12-07T15:49:08Z,PORTE-A,R56980428,ABONNEMENT,OK
TKT57270337687,2025-12-07T15:49:13Z,PORTE-D,R52270337,UNITE,OK
TKT95290601609,2025-12-07T15:49:16Z,PORTE-A,R57461221,ABONNEMENT,OK
TKT97451603066,2025-12-07T15:49:20Z,PORTE-D,R56157303,ABONNEMENT,OK
TKT27353952965,2025-12-07T15:49:20Z,PORTE-D,R54946963,ABONNEMENT,OK
TKT67485123657,2025-12-07T15:49:21Z,PORTE-B,R59174489,ABONNEMENT,OK
TKT52326999286,2025-12-07T15:49:21Z,PORTE-C,R51876168,ABONNEMENT,OK
TKT23950370599,2025-12-07T15:49:23Z,PORTE-D,R54075545,UNITE,OK
TKT50987040249,2025-12-07T15:49:27Z,VIP-EST,R56003909,UNITE,OK
TKT34529516338,2025-12-07T15:49:28Z,VIP-EST,R55156542,ABONNEMENT,OK
TKT65487642940,2025-12-07T15:49:28Z,VIP-EST,,UNITE,OK
TKT18207694901,2025-12-07T15:49:35Z,PORTE-D,R57121887,UNITE,OK
TKT15503785592,2025-12-07T15:49:44Z,PORTE-B,R53302897,ABONNEMENT,OK
TKT61614795993,2025-12-07T15:49:44Z,PORTE-D,R53519286,UNITE,OK
TKT74221073371,2025-12-07T15:49:44Z,PORTE-D,R57026192,UNITE,OK
TKT57976587505,2025-12-07T15:49:46Z,PORTE-C,R59578523,ABONNEMENT,OK
TKT68312473169,2025-12-07T15:49:47Z,VIP-EST,R51054547,ABONNEMENT,OK
TKT11176453417,2025-12-07T15:49:50Z,PORTE-D,R51796344,UNITE,OK
TKT69966767258,2025-12-07T15:49:51Z,PORTE-A,R52225176,UNITE,OK
TKT27318435523,2025-12-07T15:49:52Z,PORTE-A,R58244089,ABONNEMENT,OK
TKT10679793141,2025-12-07T15:49:58Z,PORTE-D,R52986244,ABONNEMENT,OK
TKT28911215328,2025-12-07T15:49:59Z,PORTE-D,R58989085,ABONNEMENT,OK
TKT41982020995,2025-12-07T15:50:03Z,PORTE-C,R58168010,UNITE,OK
TKT43913850853,2025-12-07T15:50:03Z,VIP-EST,R51329238,UNITE,OK
TKT55912007110,2025-12-07T15:50:08Z,PORTE-D,,UNITE,OK
TKT71203803338,2025-12-07T15:50:12Z,PORTE-A,R58392023,ABONNEMENT,OK
TKT65733711329,2025-12-07T15:50:15Z,PORTE-D,R56049415,GROUPE,OK
TKT86083606205,2025-12-07T15:50:18Z,VIP-EST,R54467664,ABONNEMENT,OK
TKT69486446496,2025-12-07T15:50:21Z,PORTE-B,R53853371,ABONNEMENT,OK
TKT86024784028,2025-12-07T15:50:22Z,PORTE-C,,UNITE,OK
TKT73847432349,2025-12-07T15:50:24Z,PORTE-C,R51008103,ABONNEMENT,OK
TKT50602724841,2025-12-07T15:50:34Z,PORTE-B,R52590179,ABONNEMENT,OK
TKT71098159882,2025-12-07T15:50:38Z,PORTE-D,R51340138,UNITE,REFUSE_DEJA_SCANNE
TKT80574913480,2025-12-07T15:50:41Z,PORTE-B,R58133471,ABONNEMENT,OK
TKT25553868041,2025-12-07T15:50:41Z,PORTE-C,R52562048,ABONNEMENT,OK
TKT70554448561,2025-12-07T15:50:49Z,PORTE-B,,UNITE,OK
TKT39977731181,2025-12-07T15:50:55Z,PORTE-C,,UNITE,OK
TKT38340196958,2025-12-07T15:51:06Z,PORTE-D,R58929691,ABONNEMENT,OK
TKT43203973396,2025-12-07T15:51:07Z,PORTE-B,R51217404,UNITE,OK
TKT44809845280,2025-12-07T15:51:09Z,PORTE-A,,UNITE,OK
TKT66752765336,2025-12-07T15:51:10Z,PORTE-C,R55753202,ABONNEMENT,OK
TKT86917337805,2025-12-07T15:51:11Z,PORTE-B,R57971639,UNITE,OK
TKT26741252609,2025-12-07T15:51:11Z,PORTE-D,,UNITE,OK
TKT57750808869,2025-12-07T15:51:28Z,PORTE-D,R52606060,ABONNEMENT,OK
TKT76486207921,2025-12-07T15:51:28Z,PORTE-A,R51718704,ABONNEMENT,OK
TKT33369377030,2025-12-07T15:51:47Z,PORTE-D,R58986844,ABONNEMENT,OK
TKT33987227574,2025-12-07T15:51:48Z,PORTE-D,R52467656,UNITE,OK
TKT28899453688,2025-12-07T15:51:49Z,PORTE-D,R56479128,UNITE,OK
TKT10772585658,2025-12-07T15:51:49Z,PORTE-B,R54228671,UNITE,OK
TKT28498253838,2025-12-07T15:51:51Z,VIP-EST,R51382502,ABONNEMENT,OK
TKT74477722345,2025-12-07T15:51:52Z,PORTE-D,,UNITE,OK
TKT64950971061,2025-12-07T15:51:53Z,PORTE-D,R57709409,UNITE,OK
TKT62445189166,2025-12-07T15:51:54Z,PORTE-D,R53789150,ABONNEMENT,OK
TKT96895812222,2025-12-07T15:51:54Z,PORTE-B,R58037163,ABONNEMENT,OK
TKT20507637189,2025-12-07T15:52:00Z,PORTE-C,R55539533,ABONNEMENT,OK
TKT64716191050,2025-12-07T15:52:01Z,PORTE-B,R59411710,ABONNEMENT,OK
TKT81358252187,2025-12-07T15:52:03Z,PORTE-C,R53204482,UNITE,OK
TKT72905271492,2025-12-07T15:52:04Z,PORTE-A,R56556423,ABONNEMENT,OK
TKT96217877072,2025-12-07T15:52:05Z,PORTE-C,R51112916,ABONNEMENT,OK
TKT13944131041,2025-12-07T15:52:05Z,PORTE-D,R51155290,UNITE,OK
TKT85193788792,2025-12-07T15:52:08Z,PORTE-B,R52403358,ABONNEMENT,OK
TKT37304891077,2025-12-07T15:52:09Z,PORTE-D,R53655985,ABONNEMENT,OK
TKT68115287179,2025-12-07T15:52:11Z,PORTE-A,R58576747,ABONNEMENT,OK
TKT17527563677,2025-12-07T15:52:15Z,PORTE-C,R55104571,ABONNEMENT,OK
TKT40607831812,2025-12-07T15:52:17Z,PORTE-D,R55964198,UNITE,OK
TKT95195229550,2025-12-07T15:52:18Z,VIP-EST,R53527523,ABONNEMENT,OK
TKT40714867799,2025-12-07T15:52:19Z,VIP-EST,R54252367,ABONNEMENT,OK
TKT62317487353,2025-12-07T15:52:21Z,PORTE-D,R57722349,ABONNEMENT,OK
TKT97984486838,2025-12-07T15:52:22Z,PORTE-C,R57734073,ABONNEMENT,OK
TKT51661105670,2025-12-07T15:52:25Z,PORTE-D,R56060171,ABONNEMENT,OK
TKT40348328378,2025-12-07T15:52:31Z,PORTE-C,R57836779,ABONNEMENT,OK
TKT60117439052,2025-12-07T15:52:33Z,PORTE-B,R54683172,ABONNEMENT,OK
TKT47667205996,2025-12-07T15:52:35Z,PORTE-B,R55677046,UNITE,OK
TKT19215325752,2025-12-07T15:52:37Z,PORTE-A,R59637917,UNITE,OK
TKT46026962364,2025-12-07T15:52:49Z,PORTE-D,R58644110,ABONNEMENT,OK
TKT37766725048,2025-12-07T15:52:51Z,PORTE-C,R51597062,ABONNEMENT,OK
TKT40388318893,2025-12-07T15:52:51Z,PORTE-C,R51665785,UNITE,REFUSE_DEJA_SCANNE
TKT41049956326,2025-12-07T15:52:53Z,PORTE-A,R56986558,ABONNEMENT,OK
TKT63357096455,2025-12-07T15:52:53Z,PORTE-D,R54712452,UNITE,OK
TKT54137431334,2025-12-07T15:52:54Z,PORTE-D,R51391764,UNITE,OK
TKT91116676092,2025-12-07T15:52:57Z,PORTE-C,R54808157,ABONNEMENT,OK
TKT22168373367,2025-12-07T15:52:57Z,PORTE-C,R54194065,ABONNEMENT,OK
TKT25769841277,2025-12-07T15:52:57Z,PORTE-C,R55184951,UNITE,OK
TKT34135922453,2025-12-07T15:53:01Z,PORTE-C,R57440379,ABONNEMENT,OK
TKT40709476134,2025-12-07T15:53:01Z,PORTE-C,R55700340,ABONNEMENT,OK
TKT77945927156,2025-12-07T15:53:05Z,PORTE-A,,UNITE,OK
TKT53966843360,2025-12-07T15:53:06Z,PORTE-C,R59523152,ABONNEMENT,OK
TKT32375053201,2025-12-07T15:53:06Z,PORTE-D,R56774316,ABONNEMENT,OK
TKT22154489692,2025-12-07T15:53:10Z,PORTE-D,R55903655,ABONNEMENT,OK
TKT59545933714,2025-12-07T15:53:11Z,VIP-EST,R53396820,ABONNEMENT,OK
TKT24675947803,2025-12-07T15:53:15Z,PORTE-B,R51656647,ABONNEMENT,OK
TKT24882436850,2025-12-07T15:53:16Z,PORTE-D,R56950994,ABONNEMENT,OK
TKT52010885793,2025-12-07T15:53:16Z,PORTE-D,R53399272,UNITE,OK
TKT52811885377,2025-12-07T15:53:19Z,PORTE-A,R58452576,ABONNEMENT,OK
TKT73209402637,2025-12-07T15:53:23Z,PORTE-A,R51004760,ABONNEMENT,OK
TKT29161698470,2025-12-07T15:53:25Z,PORTE-D,R52814001,UNITE,OK
TKT14671210364,2025-12-07T15:53:26Z,VIP-EST,R51051961,ABONNEMENT,OK
TKT34876248447,2025-12-07T15:53:26Z,VIP-EST,R56160224,VIP,OK
TKT69466796314,2025-12-07T15:53:28Z,PORTE-B,R58993175,ABONNEMENT,OK
TKT10051467980,2025-12-07T15:53:28Z,PORTE-D,R51834628,ABONNEMENT,OK
TKT61538346462,2025-12-07T15:53:31Z,PORTE-D,R59702071,ABONNEMENT,OK
TKT62215608606,2025-12-07T15:53:34Z,PORTE-A,R57988870,ABONNEMENT,OK
TKT73418866412,2025-12-07T15:53:37Z,PORTE-D,R59993926,ABONNEMENT,OK
TKT76321055182,2025-12-07T15:53:39Z,PORTE-C,R57041105,ABONNEMENT,OK
TKT48738211860,2025-12-07T15:53:42Z,PORTE-B,R56678956,UNITE,OK
TKT58096190318,2025-12-07T15:53:45Z,VIP-EST,R53920332,ABONNEMENT,OK
TKT79488413825,2025-12-07T15:53:48Z,PORTE-A,R53050063,ABONNEMENT,OK
TKT34717671972,2025-12-07T15:53:52Z,VIP-EST,R59242455,ABONNEMENT,OK
TKT11544589946,2025-12-07T15:53:53Z,PORTE-A,R54144412,UNITE,OK
TKT50294113415,2025-12-07T15:53:54Z,PORTE-D,R59787422,ABONNEMENT,OK
TKT10677563263,2025-12-07T15:54:00Z,PORTE-D,R56716838,ABONNEMENT,OK
TKT96217877072,2025-12-07T15:54:05Z,PORTE-C,R51112916,ABONNEMENT,REFUSE_DEJA_SCANNE
TKT55932325345,2025-12-07T15:54:08Z,PORTE-D,R52012810,GROUPE,OK
TKT55126009410,2025-12-07T15:54:09Z,PORTE-A,,VIP,OK
TKT39695598141,2025-12-07T15:54:10Z,PORTE-D,,UNITE,OK
TKT45158564747,2025-12-07T15:54:13Z,PORTE-A,R57705597,UNITE,OK
TKT19255606144,2025-12-07T15:54:14Z,PORTE-B,R51548903,UNITE,OK
TKT66084708507,2025-12-07T15:54:17Z,PORTE-D,R55929257,ABONNEMENT,OK
TKT90994329901,2025-12-07T15:54:19Z,VIP-EST,R54491092,VIP,OK
TKT62986056697,2025-12-07T15:54:20Z,PORTE-D,R53611437,ABONNEMENT,OK
TKT73794946067,2025-12-07T15:54:20Z,PORTE-A,R54947777,ABONNEMENT,OK
TKT79460191174,2025-12-07T15:54:20Z,PORTE-C,R57322539,ABONNEMENT,OK
TKT41645855006,2025-12-07T15:54:21Z,PORTE-D,R59961581,UNITE,OK
TKT17129907876,2025-12-07T15:54:21Z,PORTE-D,R57540154,UNITE,OK
TKT90852696250,2025-12-07T15:54:24Z,PORTE-D,R59653989,UNITE,OK
TKT38127055222,2025-12-07T15:54:25Z,PORTE-C,R55880160,ABONNEMENT,OK
TKT45910440010,2025-12-07T15:54:27Z,PORTE-B,R59884065,ABONNEMENT,OK
TKT64000919804,2025-12-07T15:54:28Z,PORTE-C,R51430728,UNITE,OK
TKT94727387351,2025-12-07T15:54:31Z,VIP-EST,R53455946,ABONNEMENT,OK
TKT49534878944,2025-12-07T15:54:31Z,PORTE-C,R54870472,ABONNEMENT,OK
TKT85675522830,2025-12-07T15:54:31Z,PORTE-D,R59282367,UNITE,OK
TKT91510867033,2025-12-07T15:54:31Z,PORTE-D,R56035105,UNITE,OK
TKT90727748425,2025-12-07T15:54:32Z,PORTE-C,R55221932,ABONNEMENT,OK
TKT22110042795,2025-12-07T15:54:34Z,PORTE-D,,UNITE,OK
TKT31996268267,2025-12-07T15:54:35Z,PORTE-D,R58147915,ABONNEMENT,OK
TKT25157758562,2025-12-07T15:54:35Z,PORTE-C,R58505428,ABONNEMENT,OK
TKT53265792568,2025-12-07T15:54:35Z,PORTE-A,R53860928,ABONNEMENT,OK
TKT39527584652,2025-12-07T15:54:35Z,PORTE-D,R59565985,UNITE,OK
TKT54536382457,2025-12-07T15:54:42Z,PORTE-D,R57403254,ABONNEMENT,OK
TKT95982258765,2025-12-07T15:54:44Z,VIP-EST,R52592152,ABONNEMENT,OK
TKT98530285202,2025-12-07T15:54:47Z,PORTE-A,R56496349,ABONNEMENT,OK
TKT93620485322,2025-12-07T15:54:48Z,PORTE-C,,UNITE,OK
TKT38853507964,2025-12-07T15:54:49Z,VIP-EST,R55402700,ABONNEMENT,OK
TKT54112104091,2025-12-07T15:54:51Z,PORTE-D,R56315313,UNITE,OK
TKT79836160345,2025-12-07T15:54:52Z,PORTE-C,R54816672,ABONNEMENT,OK
TKT81838384211,2025-12-07T15:54:53Z,PORTE-C,,UNITE,OK
TKT44467598593,2025-12-07T15:54:54Z,PORTE-C,R52497616,ABONNEMENT,OK
TKT55053416145,2025-12-07T15:54:57Z,PORTE-A,R59795046,ABONNEMENT,OK
TKT13393431991,2025-12-07T15:54:58Z,PORTE-D,R56992956,ABONNEMENT,OK
TKT17381486982,2025-12-07T15:55:05Z,PORTE-C,R57243673,ABONNEMENT,OK
TKT72657215159,2025-12-07T15:55:05Z,PORTE-C,R54689848,INVITATION,OK
TKT98631593760,2025-12-07T15:55:07Z,PORTE-A,R56431448,ABONNEMENT,OK
TKT93037935658,2025-12-07T15:55:07Z,VIP-EST,R51167885,ABONNEMENT,OK
TKT65178827521,2025-12-07T15:55:09Z,VIP-EST,,VIP,OK
TKT50773826491,2025-12-07T15:55:12Z,PORTE-D,,UNITE,OK
TKT19779786853,2025-12-07T15:55:16Z,PORTE-C,R51093367,ABONNEMENT,OK
TKT36779489308,2025-12-07T15:55:19Z,PORTE-C,R59421585,UNITE,OK
TKT81052658305,2025-12-07T15:55:20Z,PORTE-C,R55069975,ABONNEMENT,OK
TKT57802573360,2025-12-07T15:55:20Z,PORTE-D,R57288757,ABONNEMENT,OK
TKT97683536282,2025-12-07T15:55:21Z,PORTE-A,R57909937,UNITE,OK
TKT46447165506,2025-12-07T15:55:26Z,PORTE-C,R56495123,ABONNEMENT,OK
TKT36636639137,2025-12-07T15:55:28Z,PORTE-D,R54167907,ABONNEMENT,OK
TKT37408164594,2025-12-07T15:55:29Z,PORTE-B,R57737885,ABONNEMENT,OK
TKT33512890266,2025-12-07T15:55:29Z,PORTE-C,R51810577,ABONNEMENT,OK
TKT54892590357,2025-12-07T15:55:34Z,PORTE-C,R56137131,UNITE,OK
TKT47697015487,2025-12-07T15:55:36Z,PORTE-A,R55295626,UNITE,OK
TKT45227877675,2025-12-07T15:55:44Z,PORTE-C,R57328803,ABONNEMENT,OK
TKT99978202613,2025-12-07T15:55:45Z,PORTE-D,R51976164,ABONNEMENT,OK
TKT44006013769,2025-12-07T15:55:48Z,PORTE-C,R59835303,UNITE,OK
TKT99566623831,2025-12-07T15:55:51Z,PORTE-C,R57487982,ABONNEMENT,OK
TKT64933157482,2025-12-07T15:55:51Z,PORTE-C,R56567467,UNITE,OK
TKT85441630667,2025-12-07T15:55:53Z,PORTE-C,R53165853,ABONNEMENT,OK
TKT59699453887,2025-12-07T15:55:53Z,PORTE-B,R53096651,ABONNEMENT,OK
TKT94433654237,2025-12-07T15:55:57Z,PORTE-C,R51814868,UNITE,OK
TKT57671029861,2025-12-07T15:55:58Z,PORTE-C,R59661757,UNITE,OK
TKT93291126617,2025-12-07T15:55:59Z,PORTE-A,R55227439,ABONNEMENT,OK
TKT59315582019,2025-12-07T15:56:01Z,PORTE-D,R55139780,UNITE,OK
TKT93712302464,2025-12-07T15:56:05Z,PORTE-A,R52225444,UNITE,OK
TKT28771764685,2025-12-07T15:56:06Z,PORTE-C,R58276990,ABONNEMENT,OK
TKT81733624078,2025-12-07T15:56:07Z,PORTE-D,R59228902,UNITE,OK
TKT56966872848,2025-12-07T15:56:08Z,PORTE-D,,UNITE,OK
TKT39936467684,2025-12-07T15:56:10Z,PORTE-D,R52785592,UNITE,OK
TKT71189089947,2025-12-07T15:56:13Z,PORTE-A,R54198011,ABONNEMENT,OK
TKT72374497742,2025-12-07T15:56:14Z,PORTE-C,R55105462,ABONNEMENT,OK
TKT98093099498,2025-12-07T15:56:16Z,PORTE-C,R52140850,GROUPE,OK
TKT24447643762,2025-12-07T15:56:18Z,PORTE-D,R55888263,UNITE,OK
TKT63542435178,2025-12-07T15:56:19Z,PORTE-A,R56127333,ABONNEMENT,OK
TKT91439874820,2025-12-07T15:56:19Z,VIP-EST,R59164202,VIP,OK
TKT85066367527,2025-12-07T15:56:21Z,PORTE-B,R57238702,ABONNEMENT,OK
TKT29379217357,2025-12-07T15:56:21Z,PORTE-C,R57142595,UNITE,OK
TKT46513444535,2025-12-07T15:56:21Z,PORTE-C,R58688993,UNITE,OK
TKT36561896524,2025-12-07T15:56:24Z,PORTE-D,R55460255,ABONNEMENT,OK
TKT42845196704,2025-12-07T15:56:25Z,PORTE-A,R52334635,UNITE,OK
TKT74962450440,2025-12-07T15:56:27Z,PORTE-B,R58321461,ABONNEMENT,OK
TKT43523006237,2025-12-07T15:56:30Z,PORTE-B,R52097950,UNITE,OK
TKT57708710012,2025-12-07T15:56:36Z,PORTE-C,R59597392,ABONNEMENT,OK
TKT96977968257,2025-12-07T15:56:36Z,PORTE-D,R54256390,ABONNEMENT,OK
TKT26066108263,2025-12-07T15:56:39Z,PORTE-D,R55879949,UNITE,OK
TKT13771295149,2025-12-07T15:56:40Z,PORTE-C,R52956485,ABONNEMENT,OK
TKT56224467497,2025-12-07T15:56:41Z,VIP-EST,R56840999,ABONNEMENT,OK
TKT15294418119,2025-12-07T15:56:50Z,PORTE-D,R53636714,UNITE,OK
TKT92603535446,2025-12-07T15:56:52Z,PORTE-B,R59784692,UNITE,OK
TKT83008769329,2025-12-07T15:56:54Z,PORTE-C,R52057147,UNITE,OK
TKT62898892051,2025-12-07T15:56:55Z,VIP-EST,R57391952,ABONNEMENT,OK
TKT22250111558,2025-12-07T15:56:56Z,PORTE-C,R54576644,ABONNEMENT,OK
TKT42897477169,2025-12-07T15:57:00Z,PORTE-B,R59658826,ABONNEMENT,OK
TKT34280198598,2025-12-07T15:57:00Z,PORTE-C,R59790410,ABONNEMENT,OK
TKT42161890014,2025-12-07T15:57:00Z,PORTE-C,R54180512,UNITE,OK
TKT78883319867,2025-12-07T15:57:02Z,PORTE-D,R56720717,ABONNEMENT,OK
TKT98762508102,2025-12-07T15:57:05Z,PORTE-A,R56239167,UNITE,OK
TKT27162610626,2025-12-07T15:57:08Z,PORTE-C,,UNITE,OK
TKT36283574662,2025-12-07T15:57:08Z,PORTE-D,R55580393,UNITE,OK
TKT25051032033,2025-12-07T15:57:10Z,PORTE-B,R56148031,ABONNEMENT,OK
TKT45468351896,2025-12-07T15:57:12Z,PORTE-D,R58977773,UNITE,OK
TKT39837607492,2025-12-07T15:57:12Z,PORTE-C,,GROUPE,OK
TKT41178226284,2025-12-07T15:57:13Z,PORTE-A,R55482112,ABONNEMENT,OK
TKT52074124856,2025-12-07T15:57:13Z,PORTE-C,R58338692,UNITE,OK
TKT67089803558,2025-12-07T15:57:14Z,PORTE-C,R55570595,ABONNEMENT,OK
TKT18597203322,2025-12-07T15:57:15Z,PORTE-C,R56658593,ABONNEMENT,OK
TKT17298302597,2025-12-07T15:57:16Z,PMR-NORD,R56789775,ABONNEMENT,OK
TKT60971815119,2025-12-07T15:57:16Z,VIP-EST,R58027901,VIP,OK
TKT52175294584,2025-12-07T15:57:18Z,PORTE-C,R54090123,ABONNEMENT,OK
TKT35444849569,2025-12-07T15:57:21Z,PORTE-C,R58674348,ABONNEMENT,OK
TKT95219088331,2025-12-07T15:57:21Z,PORTE-C,R57371033,ABONNEMENT,OK
TKT65322422240,2025-12-07T15:57:21Z,PORTE-C,R53418888,UNITE,OK
TKT34180684375,2025-12-07T15:57:22Z,PORTE-B,R57755183,ABONNEMENT,OK
TKT89324475019,2025-12-07T15:57:22Z,PORTE-C,R59665435,UNITE,OK
TKT12133630034,2025-12-07T15:57:31Z,PORTE-A,R52307720,ABONNEMENT,OK
TKT72484481085,2025-12-07T15:57:34Z,PORTE-C,R54836288,ABONNEMENT,OK
TKT67293157999,2025-12-07T15:57:36Z,PORTE-D,R56315179,ABONNEMENT,OK
TKT51104691713,2025-12-07T15:57:39Z,PORTE-B,R59182793,ABONNEMENT,OK
TKT63851408487,2025-12-07T15:57:40Z,VIP-EST,R51508780,ABONNEMENT,OK
TKT63241822723,2025-12-07T15:57:41Z,PORTE-A,R57840457,ABONNEMENT,OK
TKT78138658731,2025-12-07T15:57:42Z,PORTE-D,R51392933,ABONNEMENT,OK
TKT59976484583,2025-12-07T15:57:42Z,PORTE-D,R51249893,ABONNEMENT,OK
TKT78886677182,2025-12-07T15:57:47Z,VIP-EST,R52362967,ABONNEMENT,OK
TKT85312643891,2025-12-07T15:57:47Z,PORTE-B,,UNITE,OK
TKT75532703589,2025-12-07T15:57:48Z,VIP-EST,R58486569,ABONNEMENT,OK
TKT18274143599,2025-12-07T15:57:48Z,PORTE-A,R51372359,ABONNEMENT,OK
TKT73351075571,2025-12-07T15:57:48Z,PORTE-D,,UNITE,OK
TKT18108433497,2025-12-07T15:57:49Z,PORTE-A,,UNITE,OK
TKT35691582855,2025-12-07T15:57:50Z,PORTE-C,R56621334,ABONNEMENT,OK
TKT99985153644,2025-12-07T15:57:50Z,PORTE-C,R53459959,INVITATION,OK
TKT97107117839,2025-12-07T15:57:51Z,PORTE-C,R56367016,UNITE,OK
TKT27318435523,2025-12-07T15:57:52Z,PORTE-A,R58244089,ABONNEMENT,REFUSE_DEJA_SCANNE
TKT43786259573,2025-12-07T15:57:53Z,PORTE-C,R59412802,ABONNEMENT,OK
TKT33420892923,2025-12-07T15:57:59Z,PORTE-A,R56227798,ABONNEMENT,OK
TKT61863869030,2025-12-07T15:57:59Z,PORTE-C,R51987399,UNITE,OK
TKT66109840892,2025-12-07T15:58:02Z,PORTE-A,,VIP,OK
TKT43064391892,2025-12-07T15:58:03Z,VIP-EST,R51811190,UNITE,OK
TKT25937833518,2025-12-07T15:58:04Z,PORTE-D,R57033950,UNITE,OK
TKT99284211555,2025-12-07T15:58:04Z,PORTE-C,R56545399,UNITE,OK
TKT98866844259,2025-12-07T15:58:10Z,PORTE-A,R58531452,UNITE,OK
TKT77019291836,2025-12-07T15:58:10Z,PORTE-C,R52236009,UNITE,OK
TKT96583436789,2025-12-07T15:58:11Z,PORTE-D,R56680326,ABONNEMENT,OK
TKT56478519770,2025-12-07T15:58:11Z,PORTE-C,,UNITE,OK
TKT23401686199,2025-12-07T15:58:13Z,PORTE-D,,UNITE,OK
TKT87868949592,2025-12-07T15:58:16Z,PORTE-C,R57127059,UNITE,OK
TKT76643175520,2025-12-07T15:58:18Z,PORTE-D,R51052708,ABONNEMENT,OK
TKT80521873629,2025-12-07T15:58:23Z,PORTE-B,R53422844,UNITE,OK
TKT48866000335,2025-12-07T15:58:25Z,PORTE-B,R57505347,UNITE,OK
TKT12712788589,2025-12-07T15:58:25Z,PORTE-D,,INVITATION,OK
TKT83657992232,2025-12-07T15:58:25Z,PORTE-C,R58728081,UNITE,OK
TKT96419435692,2025-12-07T15:58:28Z,PORTE-B,R59553859,ABONNEMENT,OK
TKT49964436738,2025-12-07T15:58:31Z,VIP-EST,R57680397,UNITE,OK
TKT70527263515,2025-12-07T15:58:32Z,PORTE-C,R57441739,ABONNEMENT,OK
TKT28431947727,2025-12-07T15:58:35Z,PORTE-C,R55873819,ABONNEMENT,OK
TKT68874192810,2025-12-07T15:58:35Z,PORTE-C,R56551519,UNITE,OK
TKT55246057648,2025-12-07T15:58:41Z,VIP-EST,R54137669,ABONNEMENT,OK
TKT99273308103,2025-12-07T15:58:42Z,PORTE-C,R51870527,UNITE,OK
TKT51570781841,2025-12-07T15:58:44Z,PMR-NORD,,UNITE,OK
TKT60355592796,2025-12-07T15:58:45Z,VIP-EST,R55345145,ABONNEMENT,OK
TKT29234445217,2025-12-07T15:58:50Z,PORTE-B,R56538512,ABONNEMENT,OK
TKT37397499158,2025-12-07T15:58:52Z,PORTE-A,R59844488,ABONNEMENT,OK
TKT91684287585,2025-12-07T15:58:53Z,PORTE-C,R51142752,ABONNEMENT,OK
TKT65266824114,2025-12-07T15:58:54Z,PORTE-D,R54151500,UNITE,OK
TKT81807967043,2025-12-07T15:58:58Z,PORTE-D,R54531349,UNITE,OK
TKT33771104639,2025-12-07T15:59:00Z,VIP-EST,R56193949,ABONNEMENT,OK
TKT29477918984,2025-12-07T15:59:02Z,PORTE-C,R56957057,UNITE,OK
TKT94176551552,2025-12-07T15:59:03Z,PORTE-A,R57100633,ABONNEMENT,OK
TKT56690113574,2025-12-07T15:59:05Z,PORTE-D,R59865675,ABONNEMENT,OK
TKT90574758409,2025-12-07T15:59:05Z,PORTE-D,R54165043,ABONNEMENT,OK
TKT29069833310,2025-12-07T15:59:05Z,PORTE-B,R59540584,UNITE,OK
TKT14415213632,2025-12-07T15:59:06Z,PORTE-C,R57276574,ABONNEMENT,OK
TKT35158313676,2025-12-07T15:59:06Z,PORTE-D,R59378752,ABONNEMENT,OK
TKT28286951051,2025-12-07T15:59:06Z,PORTE-C,R52124577,ABONNEMENT,OK
TKT44030014702,2025-12-07T15:59:06Z,PORTE-C,,GROUPE,OK
TKT16563797744,2025-12-07T15:59:07Z,PORTE-A,R59370304,ABONNEMENT,OK
TKT42211989954,2025-12-07T15:59:09Z,PORTE-C,R54041897,ABONNEMENT,OK
TKT15524078295,2025-12-07T15:59:12Z,PORTE-A,R51321068,ABONNEMENT,OK
TKT34269872140,2025-12-07T15:59:13Z,PORTE-C,R53837165,ABONNEMENT,OK
TKT53472359794,2025-12-07T15:59:16Z,VIP-EST,R54122210,ABONNEMENT,OK
TKT40376445206,2025-12-07T15:59:19Z,PORTE-A,R52241938,ABONNEMENT,OK
TKT36897163975,2025-12-07T15:59:20Z,PORTE-D,R59886728,ABONNEMENT,OK
TKT35449752829,2025-12-07T15:59:21Z,PORTE-C,R53546938,ABONNEMENT,OK
TKT66065946353,2025-12-07T15:59:22Z,VIP-EST,R54814143,ABONNEMENT,OK
TKT66308103075,2025-12-07T15:59:26Z,PORTE-C,R59279647,UNITE,OK
TKT32063071050,2025-12-07T15:59:35Z,PORTE-A,R56754355,ABONNEMENT,OK
TKT77958077751,2025-12-07T15:59:36Z,PORTE-D,R55326410,ABONNEMENT,OK
TKT97070229144,2025-12-07T15:59:37Z,PORTE-B,R51806152,ABONNEMENT,OK
TKT66325880329,2025-12-07T15:59:38Z,PORTE-D,,UNITE,OK
TKT75724964742,2025-12-07T15:59:42Z,PORTE-D,R55654978,UNITE,OK
TKT38098307139,2025-12-07T15:59:45Z,PORTE-C,R58946721,UNITE,OK
TKT57069082247,2025-12-07T15:59:46Z,VIP-EST,R56304490,UNITE,OK
TKT45258478188,2025-12-07T15:59:47Z,PORTE-C,,INVITATION,OK
TKT86886520091,2025-12-07T15:59:47Z,VIP-EST,R58074144,VIP,OK
TKT26928197909,2025-12-07T15:59:47Z,PORTE-B,R54751828,UNITE,OK
TKT74665785283,2025-12-07T15:59:53Z,PORTE-B,R59404900,ABONNEMENT,OK
TKT50477585507,2025-12-07T15:59:53Z,PORTE-D,R58706224,UNITE,OK
TKT81284498955,2025-12-07T15:59:54Z,PORTE-C,R59854775,ABONNEMENT,OK
TKT47294895130,2025-12-07T15:59:57Z,PORTE-C,R58081711,UNITE,OK
TKT18928355617,2025-12-07T15:59:59Z,PORTE-C,R53723147,ABONNEMENT,OK
TKT64349401126,2025-12-07T16:00:01Z,PORTE-C,R56802112,GROUPE,OK
TKT18436148453,2025-12-07T16:00:02Z,PORTE-D,R59547672,ABONNEMENT,OK
TKT44222523504,2025-12-07T16:00:04Z,PORTE-C,,INVITATION,REFUSE_INVALIDE
TKT89123145458,2025-12-07T16:00:04Z,PORTE-C,R56004599,UNITE,OK
TKT11517477022,2025-12-07T16:00:05Z,PORTE-D,,UNITE,OK
TKT78495420107,2025-12-07T16:00:06Z,PORTE-D,R51651820,INVITATION,OK
TKT73264098518,2025-12-07T16:00:07Z,PORTE-C,,UNITE,OK
TKT84108305365,2025-12-07T16:00:09Z,VIP-EST,R56378596,ABONNEMENT,OK
TKT45460572065,2025-12-07T16:00:09Z,PORTE-C,R51628660,ABONNEMENT,OK
TKT77917231120,2025-12-07T16:00:10Z,PORTE-C,R58735849,UNITE,OK
TKT23029453337,2025-12-07T16:00:11Z,PORTE-D,R57018568,ABONNEMENT,OK
TKT78320267708,2025-12-07T16:00:12Z,PORTE-B,,UNITE,OK
TKT14211287961,2025-12-07T16:00:13Z,PORTE-B,R54321157,ABONNEMENT,OK
TKT60050565180,2025-12-07T16:00:13Z,PORTE-B,R59141109,UNITE,OK
TKT13913097495,2025-12-07T16:00:17Z,PORTE-A,R57758593,ABONNEMENT,OK
TKT15342713867,2025-12-07T16:00:17Z,VIP-EST,,UNITE,OK
TKT68452979327,2025-12-07T16:00:26Z,PORTE-C,,GROUPE,OK
TKT91062794107,2025-12-07T16:00:28Z,PORTE-D,R54537278,UNITE,OK
TKT71028665072,2025-12-07T16:00:28Z,PORTE-B,R57943029,UNITE,OK
TKT75916485272,2025-12-07T16:00:33Z,PORTE-D,,UNITE,OK
TKT60315009289,2025-12-07T16:00:35Z,PORTE-D,,INVITATION,OK
TKT89135534256,2025-12-07T16:00:36Z,PORTE-A,R55532043,ABONNEMENT,OK
TKT19653705876,2025-12-07T16:00:37Z,PORTE-D,R56978713,UNITE,OK
TKT47856662606,2025-12-07T16:00:39Z,PORTE-C,R52512338,ABONNEMENT,OK
TKT96502790993,2025-12-07T16:00:39Z,VIP-EST,R52725719,ABONNEMENT,OK
TKT14619346664,2025-12-07T16:00:40Z,PORTE-C,R51038274,UNITE,OK
TKT40196937546,2025-12-07T16:00:40Z,PORTE-C,R57131417,UNITE,OK
TKT11940151415,2025-12-07T16:00:44Z,PORTE-C,R53779064,UNITE,OK
TKT78767797866,2025-12-07T16:00:48Z,PORTE-A,R52792201,ABONNEMENT,OK
TKT19753402041,2025-12-07T16:00:51Z,PORTE-D,R55891797,UNITE,OK
TKT91392109171,2025-12-07T16:00:53Z,PORTE-A,R51131316,ABONNEMENT,OK
TKT88959539366,2025-12-07T16:00:54Z,PORTE-C,R56635778,ABONNEMENT,OK
TKT56714848890,2025-12-07T16:00:54Z,PORTE-D,,UNITE,OK
TKT52002100816,2025-12-07T16:00:55Z,PORTE-C,R52175657,UNITE,OK
TKT24661176981,2025-12-07T16:00:55Z,VIP-EST,R56905642,UNITE,OK
TKT42125334764,2025-12-07T16:00:56Z,PORTE-C,R56746597,UNITE,OK
TKT92667020689,2025-12-07T16:00:56Z,PORTE-D,R55117645,UNITE,OK
TKT53531193809,2025-12-07T16:00:57Z,PORTE-D,R58552629,UNITE,OK
TKT10735021284,2025-12-07T16:00:59Z,PORTE-D,R55617930,ABONNEMENT,OK
TKT40256662070,2025-12-07T16:01:00Z,PORTE-A,R58037230,ABONNEMENT,OK
TKT74654686221,2025-12-07T16:01:00Z,VIP-EST,R57970624,VIP,OK
TKT12208164363,2025-12-07T16:01:02Z,PORTE-A,R52353025,ABONNEMENT,OK
TKT35041743715,2025-12-07T16:01:06Z,PORTE-D,,UNITE,OK
TKT98121690114,2025-12-07T16:01:08Z,PORTE-C,R51643171,ABONNEMENT,OK
TKT85193788792,2025-12-07T16:01:08Z,PORTE-B,R52403358,ABONNEMENT,REFUSE_DEJA_SCANNE
TKT95659829669,2025-12-07T16:01:08Z,PORTE-C,R56579717,ABONNEMENT,OK
TKT27336947297,2025-12-07T16:01:08Z,VIP-EST,,GROUPE,OK
TKT87107425281,2025-12-07T16:01:09Z,PORTE-C,R57504121,ABONNEMENT,OK
TKT75956371660,2025-12-07T16:01:09Z,PORTE-B,,UNITE,OK
TKT89726489241,2025-12-07T16:01:09Z,PORTE-C,R59812612,UNITE,OK
TKT77399445360,2025-12-07T16:01:09Z,PORTE-D,,UNITE,OK
TKT67198940230,2025-12-07T16:01:15Z,PORTE-B,R56672079,ABONNEMENT,OK
TKT60526413757,2025-12-07T16:01:17Z,PORTE-C,R57652544,ABONNEMENT,OK
TKT67733439855,2025-12-07T16:01:19Z,PORTE-C,R52039571,ABONNEMENT,OK
TKT80402540261,2025-12-07T16:01:20Z,PORTE-C,R54552469,UNITE,OK
TKT49196117899,2025-12-07T16:01:20Z,PORTE-C,R54143933,UNITE,OK
TKT36424854079,2025-12-07T16:01:24Z,PORTE-B,R56575024,ABONNEMENT,OK
TKT30633110870,2025-12-07T16:01:26Z,PORTE-D,R56694348,GROUPE,OK
TKT27875251468,2025-12-07T16:01:27Z,PORTE-C,R58215010,ABONNEMENT,OK
TKT93935325441,2025-12-07T16:01:27Z,PORTE-B,R55513442,ABONNEMENT,OK
TKT58889091289,2025-12-07T16:01:28Z,PORTE-C,R52614297,ABONNEMENT,OK
TKT21553103183,2025-12-07T16:01:28Z,PORTE-A,R52690577,ABONNEMENT,OK
TKT35070156837,2025-12-07T16:01:29Z,PORTE-C,R56066636,ABONNEMENT,OK
TKT78549135484,2025-12-07T16:01:29Z,PORTE-B,R54963648,UNITE,OK
TKT98210706759,2025-12-07T16:01:30Z,PORTE-D,,UNITE,OK
TKT97079562487,2025-12-07T16:01:33Z,PORTE-D,,GROUPE,OK
TKT17043263640,2025-12-07T16:01:35Z,PORTE-C,R58510677,UNITE,OK
TKT50132012658,2025-12-07T16:01:36Z,PORTE-B,R52444965,ABONNEMENT,OK
TKT38768036717,2025-12-07T16:01:38Z,PORTE-A,R54151222,ABONNEMENT,OK
TKT67881462304,2025-12-07T16:01:39Z,PORTE-C,R53726279,ABONNEMENT,OK
TKT17904717828,2025-12-07T16:01:39Z,PORTE-D,R57629585,ABONNEMENT,OK
TKT96413556588,2025-12-07T16:01:42Z,PORTE-D,R57134693,UNITE,OK
TKT14843793793,2025-12-07T16:01:42Z,PORTE-D,R59482751,UNITE,OK
TKT26832996277,2025-12-07T16:01:43Z,PORTE-D,R52544147,UNITE,OK
TKT16017294461,2025-12-07T16:01:43Z,PORTE-C,R54816461,UNITE,OK
TKT14628155813,2025-12-07T16:01:47Z,PORTE-D,R54782200,INVITATION,OK
TKT75532703589,2025-12-07T16:01:48Z,VIP-EST,R58486569,ABONNEMENT,REFUSE_DEJA_SCANNE
TKT66466506835,2025-12-07T16:01:48Z,PORTE-C,,GROUPE,OK
TKT55225399962,2025-12-07T16:01:52Z,PORTE-A,R58215144,ABONNEMENT,OK
TKT12429776970,2025-12-07T16:01:52Z,PORTE-D,R55497705,ABONNEMENT,OK
TKT63977928897,2025-12-07T16:01:54Z,PORTE-D,R51675995,ABONNEMENT,OK
TKT13826194691,2025-12-07T16:01:55Z,PORTE-D,R53546804,ABONNEMENT,OK
TKT10528240430,2025-12-07T16:01:56Z,PORTE-C,R52164767,ABONNEMENT,OK
TKT44057693238,2025-12-07T16:01:56Z,PORTE-D,R59679390,ABONNEMENT,OK
TKT75636797186,2025-12-07T16:02:00Z,PORTE-B,R53351123,ABONNEMENT,OK
TKT35929352176,2025-12-07T16:02:01Z,PORTE-C,R54374354,UNITE,OK
TKT84943958332,2025-12-07T16:02:02Z,PORTE-D,R57005551,ABONNEMENT,OK
TKT28920474219,2025-12-07T16:02:04Z,PORTE-D,R53929584,UNITE,OK
TKT51397116388,2025-12-07T16:02:05Z,PORTE-D,R56493093,ABONNEMENT,OK
TKT69422417409,2025-12-07T16:02:05Z,PORTE-A,R56269482,ABONNEMENT,OK
TKT12379772426,2025-12-07T16:02:07Z,PORTE-C,R55467946,ABONNEMENT,OK
TKT75584865072,2025-12-07T16:02:08Z,PORTE-C,R52300374,ABONNEMENT,OK
TKT12835585957,2025-12-07T16:02:08Z,PORTE-C,R52576425,ABONNEMENT,OK
TKT13965073221,2025-12-07T16:02:09Z,VIP-EST,R52405532,ABONNEMENT,OK
TKT82232826638,2025-12-07T16:02:09Z,PORTE-B,R55893770,ABONNEMENT,OK
TKT79992009579,2025-12-07T16:02:11Z,PORTE-C,R52509062,ABONNEMENT,OK
TKT60650816041,2025-12-07T16:02:12Z,PORTE-A,R55724659,ABONNEMENT,OK
TKT77483315673,2025-12-07T16:02:16Z,PORTE-C,R51718972,ABONNEMENT,OK
TKT73333723482,2025-12-07T16:02:18Z,PORTE-C,R59997681,ABONNEMENT,OK
TKT76048321621,2025-12-07T16:02:19Z,PORTE-C,R56200816,GROUPE,OK
TKT36779489308,2025-12-07T16:02:19Z,PORTE-C,R59421585,UNITE,REFUSE_DEJA_SCANNE
TKT40126128804,2025-12-07T16:02:20Z,PORTE-A,R59894151,ABONNEMENT,OK
TKT16665039643,2025-12-07T16:02:20Z,PORTE-D,,UNITE,OK
TKT17395004747,2025-12-07T16:02:26Z,PORTE-D,R53399473,ABONNEMENT,OK
TKT14675044693,2025-12-07T16:02:26Z,PORTE-B,R57722014,UNITE,OK
TKT11396575970,2025-12-07T16:02:27Z,PORTE-A,R57887591,ABONNEMENT,OK
TKT87768668945,2025-12-07T16:02:30Z,PORTE-C,R51795051,UNITE,OK
TKT48390263100,2025-12-07T16:02:32Z,PORTE-C,R54969979,INVITATION,OK
TKT17499781997,2025-12-07T16:02:34Z,PORTE-C,R56601661,ABONNEMENT,OK
TKT76312066807,2025-12-07T16:02:34Z,PORTE-C,R59851509,UNITE,OK
TKT75008183099,2025-12-07T16:02:36Z,PORTE-C,R52870397,ABONNEMENT,OK
TKT82448237603,2025-12-07T16:02:37Z,VIP-EST,R52493881,ABONNEMENT,OK
TKT22314691692,2025-12-07T16:02:37Z,PORTE-C,R56307277,ABONNEMENT,OK
TKT50764438383,2025-12-07T16:02:38Z,VIP-EST,R56836028,ABONNEMENT,OK
TKT55330495468,2025-12-07T16:02:39Z,PORTE-D,R58539967,GROUPE,OK
TKT98596958406,2025-12-07T16:02:40Z,PORTE-D,R58360425,UNITE,OK
TKT66029657491,2025-12-07T16:02:41Z,PORTE-D,R52597880,ABONNEMENT,OK
TKT32746910203,2025-12-07T16:02:42Z,PORTE-D,R59012379,ABONNEMENT,OK
TKT42478109265,2025-12-07T16:02:42Z,PORTE-C,R51523492,UNITE,OK
TKT71073611925,2025-12-07T16:02:45Z,VIP-EST,R51324813,ABONNEMENT,OK
TKT61198281270,2025-12-07T16:02:46Z,PORTE-C,R52169661,ABONNEMENT,OK
TKT59257676489,2025-12-07T16:02:47Z,PORTE-C,R59082328,ABONNEMENT,OK
TKT37679357401,2025-12-07T16:02:49Z,PORTE-B,R51366708,ABONNEMENT,OK
TKT36190585784,2025-12-07T16:02:50Z,VIP-EST,R51615787,ABONNEMENT,OK
TKT17686333960,2025-12-07T16:02:53Z,PORTE-C,R51386927,ABONNEMENT,OK
TKT89372822163,2025-12-07T16:02:53Z,PORTE-A,R52511102,UNITE,OK
TKT19793798826,2025-12-07T16:02:55Z,PORTE-B,R56461820,UNITE,OK
TKT88464630847,2025-12-07T16:02:56Z,PORTE-D,R54635425,UNITE,OK
TKT99227027871,2025-12-07T16:02:57Z,PORTE-D,R59219161,UNITE,OK
TKT89330252248,2025-12-07T16:02:58Z,PORTE-A,R53655027,ABONNEMENT,OK
TKT48434184080,2025-12-07T16:02:59Z,PORTE-D,R53784246,ABONNEMENT,OK
TKT78234842297,2025-12-07T16:02:59Z,PORTE-D,R53300378,ABONNEMENT,OK
TKT64897057705,2025-12-07T16:02:59Z,PORTE-D,,UNITE,OK
TKT47533747137,2025-12-07T16:03:03Z,PORTE-B,R58473083,ABONNEMENT,OK
TKT30507567359,2025-12-07T16:03:04Z,PORTE-B,R59981187,ABONNEMENT,OK
TKT43059503875,2025-12-07T16:03:06Z,PORTE-D,R55863599,ABONNEMENT,OK
TKT87418227480,2025-12-07T16:03:09Z,PORTE-C,R56750744,ABONNEMENT,OK
TKT74800473807,2025-12-07T16:03:10Z,PORTE-C,R53768844,ABONNEMENT,OK
TKT96666019071,2025-12-07T16:03:10Z,PORTE-D,,UNITE,OK
TKT26691768259,2025-12-07T16:03:12Z,PORTE-A,R58428324,ABONNEMENT,OK
TKT22737404454,2025-12-07T16:03:15Z,PORTE-D,R59230339,ABONNEMENT,OK
TKT43312935738,2025-12-07T16:03:16Z,PORTE-C,R59477579,ABONNEMENT,OK
TKT94753441695,2025-12-07T16:03:16Z,PORTE-D,R56644494,ABONNEMENT,OK
TKT90118783503,2025-12-07T16:03:17Z,PORTE-D,R53111775,ABONNEMENT,OK
TKT82773307523,2025-12-07T16:03:18Z,PORTE-A,R51933522,ABONNEMENT,OK
TKT44863558728,2025-12-07T16:03:21Z,PORTE-D,R56909387,ABONNEMENT,OK
TKT15732238514,2025-12-07T16:03:22Z,PORTE-C,R54749443,ABONNEMENT,OK
TKT98111201153,2025-12-07T16:03:22Z,PORTE-B,R58488465,ABONNEMENT,OK
TKT59735021914,2025-12-07T16:03:22Z,PORTE-C,R59885492,UNITE,OK
TKT12655102447,2025-12-07T16:03:23Z,PORTE-C,R52057013,UNITE,OK
TKT82014053679,2025-12-07T16:03:25Z,PORTE-D,R57226164,ABONNEMENT,OK
TKT52145733222,2025-12-07T16:03:25Z,PORTE-D,R55429662,UNITE,OK
TKT52131640422,2025-12-07T16:03:26Z,PORTE-A,R52850647,UNITE,OK
TKT89801831976,2025-12-07T16:03:27Z,PORTE-C,R51449396,ABONNEMENT,OK
TKT10575765477,2025-12-07T16:03:28Z,PORTE-D,R55844539,UNITE,OK
TKT94414304370,2025-12-07T16:03:29Z,PORTE-C,R56461820,ABONNEMENT,OK
TKT61646258685,2025-12-07T16:03:40Z,PORTE-C,R55609147,ABONNEMENT,OK
TKT88719246885,2025-12-07T16:03:43Z,PORTE-A,R58196074,ABONNEMENT,OK
TKT92947446057,2025-12-07T16:03:44Z,PMR-NORD,R53037736,ABONNEMENT,OK
TKT97875992315,2025-12-07T16:03:51Z,PORTE-D,R57389969,ABONNEMENT,OK
TKT97107117839,2025-12-07T16:03:51Z,PORTE-C,R56367016,UNITE,REFUSE_DEJA_SCANNE
TKT48012012009,2025-12-07T16:03:53Z,PORTE-C,R55147012,UNITE,OK
TKT38566780535,2025-12-07T16:03:54Z,PORTE-B,,UNITE,OK
TKT62237617656,2025-12-07T16:03:55Z,PORTE-B,R59836452,UNITE,OK
TKT94346463833,2025-12-07T16:03:56Z,PORTE-D,R52260941,ABONNEMENT,OK
TKT65969160362,2025-12-07T16:04:01Z,VIP-EST,R53533653,UNITE,OK
TKT15828659398,2025-12-07T16:04:02Z,PORTE-A,R54124652,ABONNEMENT,OK
TKT96670570479,2025-12-07T16:04:04Z,PORTE-D,R54078620,UNITE,OK
TKT14178760544,2025-12-07T16:04:05Z,PORTE-D,R58044184,UNITE,OK
TKT61140712014,2025-12-07T16:04:07Z,PORTE-D,R59528046,UNITE,OK
TKT83110077435,2025-12-07T16:04:08Z,PORTE-D,R52520163,ABONNEMENT,OK
TKT76362182781,2025-12-07T16:04:10Z,PORTE-C,R52217073,ABONNEMENT,OK
TKT38022349046,2025-12-07T16:04:12Z,PORTE-D,R51090791,ABONNEMENT,OK
TKT23861264935,2025-12-07T16:04:12Z,PORTE-A,,VIP,OK
TKT92613518970,2025-12-07T16:04:18Z,PORTE-D,R57078163,UNITE,OK
TKT92713628500,2025-12-07T16:04:20Z,PORTE-C,R52310929,ABONNEMENT,OK
TKT58647507008,2025-12-07T16:04:20Z,PORTE-A,R53297102,ABONNEMENT,OK
TKT94297736708,2025-12-07T16:04:20Z,VIP-EST,,UNITE,OK
TKT68950483603,2025-12-07T16:04:22Z,PORTE-A,R56609754,ABONNEMENT,OK
TKT36048999100,2025-12-07T16:04:24Z,PORTE-C,R55740865,ABONNEMENT,OK
TKT35660994657,2025-12-07T16:04:25Z,PORTE-A,R54234935,ABONNEMENT,OK
TKT28289485739,2025-12-07T16:04:26Z,PORTE-A,R58482000,ABONNEMENT,OK
TKT46577031924,2025-12-07T16:04:26Z,PORTE-B,R52706783,ABONNEMENT,OK
TKT73885977095,2025-12-07T16:04:27Z,PORTE-A,R53277084,VIP,OK
TKT89117534718,2025-12-07T16:04:28Z,PORTE-D,R59591664,UNITE,OK
TKT38369290199,2025-12-07T16:04:28Z,PORTE-C,R53847921,UNITE,OK
TKT93991076220,2025-12-07T16:04:29Z,PORTE-D,R52757595,ABONNEMENT,OK
TKT47547687543,2025-12-07T16:04:30Z,PORTE-D,R57378734,ABONNEMENT,OK
TKT34577527304,2025-12-07T16:04:31Z,PORTE-B,R57624614,ABONNEMENT,OK
TKT13227148168,2025-12-07T16:04:31Z,PORTE-B,R57370899,ABONNEMENT,OK
TKT11846229550,2025-12-07T16:04:32Z,PORTE-D,R51364926,ABONNEMENT,OK
TKT30584922982,2025-12-07T16:04:34Z,PORTE-A,R51790425,ABONNEMENT,OK
TKT58723337306,2025-12-07T16:04:35Z,PORTE-D,R58545541,UNITE,OK
TKT85259877836,2025-12-07T16:04:38Z,PORTE-C,R53971134,ABONNEMENT,OK
TKT70828032349,2025-12-07T16:04:38Z,PORTE-A,R51604542,ABONNEMENT,OK
TKT49311655116,2025-12-07T16:04:38Z,PORTE-A,R58099210,UNITE,OK
TKT68213576556,2025-12-07T16:04:41Z,PORTE-D,R59661757,UNITE,OK
TKT64600558840,2025-12-07T16:04:44Z,VIP-EST,R56577888,ABONNEMENT,OK
TKT56732082739,2025-12-07T16:04:47Z,PORTE-B,R56346777,UNITE,OK
TKT73008673493,2025-12-07T16:04:49Z,VIP-EST,R52115382,VIP,OK
TKT67543899014,2025-12-07T16:04:50Z,VIP-EST,R52861135,ABONNEMENT,OK
TKT92319167078,2025-12-07T16:04:51Z,PORTE-C,R55638293,ABONNEMENT,OK
TKT14043368058,2025-12-07T16:04:51Z,PORTE-B,R55117099,UNITE,OK
TKT81664318134,2025-12-07T16:04:52Z,PORTE-C,R59264600,UNITE,OK
TKT98977356644,2025-12-07T16:04:53Z,PORTE-C,R58517621,UNITE,OK
TKT80098931535,2025-12-07T16:04:53Z,PORTE-B,,UNITE,OK
TKT97334212497,2025-12-07T16:04:54Z,PORTE-D,R51809294,ABONNEMENT,OK
TKT29591059344,2025-12-07T16:04:54Z,PORTE-D,R51313434,GROUPE,OK
TKT91153073095,2025-12-07T16:04:56Z,VIP-EST,R53042439,ABONNEMENT,OK
TKT70059634575,2025-12-07T16:04:58Z,PORTE-C,R56723437,ABONNEMENT,OK
TKT78698005237,2025-12-07T16:04:58Z,PORTE-C,R57509236,UNITE,OK
TKT90028618761,2025-12-07T16:04:58Z,PORTE-D,R59275969,UNITE,OK
TKT86976640684,2025-12-07T16:05:00Z,PORTE-A,R59143149,ABONNEMENT,OK
TKT78711868033,2025-12-07T16:05:02Z,PORTE-A,R56386421,ABONNEMENT,OK
TKT20875331448,2025-12-07T16:05:02Z,PMR-NORD,R58899108,ABONNEMENT,OK
TKT83728684063,2025-12-07T16:05:02Z,PORTE-D,R59297903,GROUPE,OK
TKT90574758409,2025-12-07T16:05:05Z,PORTE-D,R54165043,ABONNEMENT,REFUSE_DEJA_SCANNE
TKT15703684741,2025-12-07T16:05:07Z,PORTE-D,R58584850,UNITE,OK
TKT49149176680,2025-12-07T16:05:09Z,PORTE-B,R57867563,ABONNEMENT,OK
TKT46233724434,2025-12-07T16:05:11Z,PORTE-A,R53168784,ABONNEMENT,OK
TKT57488441273,2025-12-07T16:05:16Z,PORTE-C,R56633661,ABONNEMENT,OK
TKT12388361534,2025-12-07T16:05:16Z,PORTE-D,R51224348,UNITE,OK
TKT38975590343,2025-12-07T16:05:17Z,PORTE-C,R55049478,ABONNEMENT,OK
TKT31992683425,2025-12-07T16:05:17Z,PORTE-C,,UNITE,OK
TKT37749060716,2025-12-07T16:05:19Z,PORTE-D,R53757130,ABONNEMENT,OK
TKT93088094026,2025-12-07T16:05:20Z,PORTE-B,R58264184,UNITE,OK
TKT62233705887,2025-12-07T16:05:22Z,PORTE-B,R54209869,ABONNEMENT,OK
TKT32668103123,2025-12-07T16:05:24Z,PORTE-B,R55834721,ABONNEMENT,OK
TKT16248401470,2025-12-07T16:05:24Z,PORTE-C,R57402842,UNITE,OK
TKT84365676883,2025-12-07T16:05:25Z,VIP-EST,R58615567,ABONNEMENT,OK
TKT40367210528,2025-12-07T16:05:27Z,PORTE-D,R52059599,UNITE,OK
TKT37843609868,2025-12-07T16:05:27Z,PORTE-C,,GROUPE,OK
TKT55029599629,2025-12-07T16:05:27Z,PORTE-C,R55075492,UNITE,OK
TKT36636639137,2025-12-07T16:05:28Z,PORTE-D,R54167907,ABONNEMENT,REFUSE_DEJA_SCANNE
TKT78865904734,2025-12-07T16:05:28Z,VIP-EST,R54641344,UNITE,OK
TKT87773191919,2025-12-07T16:05:33Z,PORTE-A,R59694313,ABONNEMENT,OK
TKT35721718418,2025-12-07T16:05:33Z,VIP-EST,R52951370,ABONNEMENT,OK
TKT11601071930,2025-12-07T16:05:37Z,PORTE-C,R57082387,ABONNEMENT,OK
TKT44540925871,2025-12-07T16:05:39Z,PORTE-D,R52719589,ABONNEMENT,OK
TKT85223595925,2025-12-07T16:05:40Z,VIP-EST,R51458725,ABONNEMENT,OK
TKT14619346664,2025-12-07T16:05:40Z,PORTE-C,R51038274,UNITE,REFUSE_DEJA_SCANNE
TKT50522901462,2025-12-07T16:05:41Z,PORTE-A,R51232796,ABONNEMENT,OK
TKT94058916933,2025-12-07T16:05:41Z,PORTE-A,R59824872,ABONNEMENT,OK
TKT25377724458,2025-12-07T16:05:43Z,PORTE-D,R57779502,ABONNEMENT,OK
TKT56373068451,2025-12-07T16:05:43Z,VIP-EST,R56680661,ABONNEMENT,OK
TKT19180660708,2025-12-07T16:05:45Z,PORTE-D,R53448379,UNITE,OK
TKT47057811210,2025-12-07T16:05:45Z,VIP-EST,R56336299,INVITATION,OK
TKT24532037528,2025-12-07T16:05:47Z,PORTE-C,R54518275,UNITE,OK
TKT36522709516,2025-12-07T16:05:48Z,PORTE-D,R52097059,ABONNEMENT,OK
TKT19617242516,2025-12-07T16:05:52Z,PORTE-B,R59444477,ABONNEMENT,OK
TKT57087454786,2025-12-07T16:05:54Z,PORTE-C,R51778701,ABONNEMENT,OK
TKT70526238194,2025-12-07T16:05:55Z,PORTE-B,R55313058,ABONNEMENT,OK
TKT57414892768,2025-12-07T16:05:55Z,PORTE-C,R52591338,UNITE,OK
TKT98395787460,2025-12-07T16:05:56Z,PORTE-A,R53716404,VIP,OK
TKT34090352373,2025-12-07T16:05:58Z,PORTE-C,R55560576,ABONNEMENT,OK
TKT17781843629,2025-12-07T16:05:58Z,VIP-EST,R57651241,ABONNEMENT,OK
TKT30940441739,2025-12-07T16:05:58Z,PORTE-D,R54659198,UNITE,OK
TKT47502629956,2025-12-07T16:05:59Z,PORTE-C,R58390050,ABONNEMENT,OK
TKT32109648855,2025-12-07T16:06:03Z,PORTE-C,R55342482,ABONNEMENT,OK
TKT86055765213,2025-12-07T16:06:04Z,PORTE-D,R52479782,ABONNEMENT,OK
TKT76315464388,2025-12-07T16:06:04Z,PORTE-D,,UNITE,OK
TKT36348620736,2025-12-07T16:06:06Z,PORTE-C,R57665350,ABONNEMENT,OK
TKT74242131395,2025-12-07T16:06:06Z,PORTE-C,R53039307,ABONNEMENT,OK
TKT56943287925,2025-12-07T16:06:08Z,PORTE-C,R55555327,ABONNEMENT,OK
TKT66724140737,2025-12-07T16:06:12Z,PORTE-A,R57318804,ABONNEMENT,OK
TKT97373131205,2025-12-07T16:06:13Z,PORTE-D,R56793999,ABONNEMENT,OK
TKT26144266781,2025-12-07T16:06:13Z,PORTE-C,,UNITE,OK
TKT43136731809,2025-12-07T16:06:14Z,VIP-EST,R51240698,ABONNEMENT,OK
TKT87979983083,2025-12-07T16:06:14Z,VIP-EST,R55902898,UNITE,OK
TKT52405941701,2025-12-07T16:06:16Z,PORTE-D,R57951611,ABONNEMENT,OK
TKT89695356987,2025-12-07T16:06:17Z,PORTE-C,R54107019,UNITE,OK
TKT47760731031,2025-12-07T16:06:17Z,VIP-EST,R52852064,UNITE,OK
TKT95605683460,2025-12-07T16:06:18Z,PORTE-A,R52849756,ABONNEMENT,OK
TKT38766000813,2025-12-07T16:06:19Z,PORTE-B,R58102898,ABONNEMENT,OK
TKT69821678034,2025-12-07T16:06:19Z,VIP-EST,R56401890,UNITE,OK
TKT45965068534,2025-12-07T16:06:20Z,PORTE-C,R52470031,ABONNEMENT,OK
TKT14078268221,2025-12-07T16:06:21Z,PORTE-D,R57866893,ABONNEMENT,OK
TKT53713293353,2025-12-07T16:06:21Z,VIP-EST,R58756758,ABONNEMENT,OK
TKT64592380141,2025-12-07T16:06:23Z,PORTE-D,R57516870,ABONNEMENT,OK
TKT88711996379,2025-12-07T16:06:24Z,PORTE-C,R59122384,ABONNEMENT,OK
TKT25289654226,2025-12-07T16:06:24Z,PORTE-A,R57777663,ABONNEMENT,OK
TKT32340169414,2025-12-07T16:06:26Z,PORTE-D,R59407898,UNITE,OK
TKT56782441968,2025-12-07T16:06:27Z,PORTE-A,R56636458,ABONNEMENT,OK
TKT43091910594,2025-12-07T16:06:27Z,PORTE-C,,UNITE,OK
TKT67495328132,2025-12-07T16:06:28Z,PORTE-C,R56361365,ABONNEMENT,OK
TKT35050595000,2025-12-07T16:06:28Z,PORTE-C,R53519698,ABONNEMENT,OK
TKT21958320543,2025-12-07T16:06:28Z,PORTE-B,R53182203,ABONNEMENT,OK
TKT96291996684,2025-12-07T16:06:29Z,VIP-EST,R52019342,ABONNEMENT,OK
TKT32682987152,2025-12-07T16:06:30Z,PORTE-D,R58934049,UNITE,OK
TKT50514120579,2025-12-07T16:06:33Z,PORTE-A,R55749591,ABONNEMENT,OK
TKT64102597608,2025-12-07T16:06:33Z,PORTE-C,R57147700,UNITE,OK
TKT93243433389,2025-12-07T16:06:37Z,PORTE-A,R54354393,VIP,OK
TKT89155993044,2025-12-07T16:06:38Z,PORTE-C,R55880696,ABONNEMENT,OK
TKT33945463332,2025-12-07T16:06:39Z,PORTE-C,R53354255,ABONNEMENT,OK
TKT13845272403,2025-12-07T16:06:39Z,PORTE-C,R51605222,ABONNEMENT,OK
TKT53941330460,2025-12-07T16:06:42Z,PORTE-C,R52084866,UNITE,OK
TKT86764609953,2025-12-07T16:06:48Z,PORTE-C,R56915306,ABONNEMENT,OK
TKT19850304140,2025-12-07T16:06:48Z,PORTE-B,R57938336,UNITE,OK
TKT22576791025,2025-12-07T16:06:49Z,PORTE-A,R57421242,ABONNEMENT,OK
TKT81677709949,2025-12-07T16:06:50Z,PORTE-C,R56340178,ABONNEMENT,OK
TKT65674094439,2025-12-07T16:06:52Z,PORTE-C,R51028868,UNITE,OK
TKT36150623805,2025-12-07T16:06:53Z,VIP-EST,R59525125,UNITE,OK
TKT86590051786,2025-12-07T16:06:56Z,PORTE-A,R55916930,ABONNEMENT,OK
TKT97791896279,2025-12-07T16:06:57Z,PORTE-A,R51669664,UNITE,OK
TKT41474139776,2025-12-07T16:06:59Z,PORTE-C,R55722140,ABONNEMENT,OK
TKT10441004803,2025-12-07T16:07:00Z,PORTE-A,R56826153,ABONNEMENT,OK
TKT69749986781,2025-12-07T16:07:01Z,PORTE-D,,UNITE,OK
TKT69621121655,2025-12-07T16:07:05Z,PORTE-A,R56360206,ABONNEMENT,OK
TKT61686028502,2025-12-07T16:07:06Z,PORTE-B,,UNITE,OK
TKT11499974124,2025-12-07T16:07:07Z,VIP-EST,R58226724,ABONNEMENT,OK
TKT15205976616,2025-12-07T16:07:08Z,VIP-EST,R51295322,ABONNEMENT,OK
TKT37330915875,2025-12-07T16:07:10Z,PORTE-D,R52596999,ABONNEMENT,OK
TKT36549049088,2025-12-07T16:07:10Z,PORTE-D,R55037821,ABONNEMENT,OK
TKT17701652684,2025-12-07T16:07:12Z,PORTE-A,R54955746,ABONNEMENT,OK
TKT25943017575,2025-12-07T16:07:12Z,PORTE-B,R54375034,UNITE,OK
TKT32849007681,2025-12-07T16:07:12Z,PORTE-D,R52891095,UNITE,OK
TKT40766830435,2025-12-07T16:07:13Z,PORTE-B,R59083219,UNITE,OK
TKT48661139158,2025-12-07T16:07:14Z,PORTE-D,R59959732,UNITE,OK
TKT58978067482,2025-12-07T16:07:15Z,PORTE-D,R54703200,UNITE,OK
TKT38155853343,2025-12-07T16:07:15Z,PORTE-D,,UNITE,OK
TKT28776320415,2025-12-07T16:07:16Z,PORTE-D,R51217337,UNITE,OK
TKT40249050400,2025-12-07T16:07:17Z,PORTE-D,R52161836,INVITATION,OK
TKT98306157333,2025-12-07T16:07:17Z,PORTE-D,R57183522,UNITE,OK
TKT63197795647,2025-12-07T16:07:18Z,PORTE-D,,GROUPE,OK
TKT74717766429,2025-12-07T16:07:19Z,PORTE-C,,UNITE,OK
TKT21173346594,2025-12-07T16:07:20Z,PORTE-C,R54991300,ABONNEMENT,OK
TKT33801243143,2025-12-07T16:07:20Z,PORTE-D,R53405680,UNITE,OK
TKT51189552422,2025-12-07T16:07:22Z,VIP-EST,R54293706,ABONNEMENT,OK
TKT55492225575,2025-12-07T16:07:22Z,PORTE-C,,UNITE,OK
TKT30561790854,2025-12-07T16:07:23Z,PORTE-C,,UNITE,OK
TKT66414406333,2025-12-07T16:07:24Z,PORTE-C,R58452298,ABONNEMENT,OK
TKT24216615982,2025-12-07T16:07:26Z,PORTE-C,R51594131,ABONNEMENT,OK
TKT88679781102,2025-12-07T16:07:26Z,PORTE-D,R58970561,UNITE,OK
TKT84029347625,2025-12-07T16:07:28Z,PORTE-C,R53523644,ABONNEMENT,OK
TKT48889359560,2025-12-07T16:07:31Z,PORTE-D,R55700340,UNITE,OK
TKT87561036868,2025-12-07T16:07:34Z,VIP-EST,R58575521,UNITE,OK
TKT46497887873,2025-12-07T16:07:37Z,VIP-EST,,GROUPE,OK
TKT71442383399,2025-12-07T16:07:44Z,PORTE-A,R54835263,ABONNEMENT,OK
TKT63455793115,2025-12-07T16:07:44Z,VIP-EST,R54385522,ABONNEMENT,OK
TKT76564389750,2025-12-07T16:07:45Z,PORTE-A,R55589109,ABONNEMENT,OK
TKT31463488038,2025-12-07T16:07:46Z,VIP-EST,,VIP,OK
TKT74661552194,2025-12-07T16:07:47Z,PORTE-D,R55225409,ABONNEMENT,OK
TKT67153016402,2025-12-07T16:07:48Z,PORTE-C,R58907278,ABONNEMENT,OK
TKT56928524155,2025-12-07T16:07:49Z,PORTE-A,R56346777,VIP,OK
TKT24121150406,2025-12-07T16:07:51Z,PORTE-C,R54264359,ABONNEMENT,OK
TKT52499715798,2025-12-07T16:07:51Z,PORTE-D,R57977836,ABONNEMENT,OK
TKT83437125102,2025-12-07T16:07:52Z,PORTE-A,R57870226,ABONNEMENT,OK
TKT39876415916,2025-12-07T16:07:52Z,VIP-EST,R51068033,UNITE,OK
TKT75693454417,2025-12-07T16:07:53Z,PORTE-C,R52265423,UNITE,OK
TKT96951892516,2025-12-07T16:07:57Z,PMR-NORD,R56851286,ABONNEMENT,OK
TKT16709944442,2025-12-07T16:07:58Z,PORTE-C,R58914845,UNITE,OK
TKT92936484380,2025-12-07T16:07:59Z,PORTE-A,R59847084,ABONNEMENT,OK
TKT20044848428,2025-12-07T16:08:00Z,PORTE-D,R53944641,ABONNEMENT,OK
TKT89157256380,2025-12-07T16:08:01Z,PORTE-C,,GROUPE,OK
TKT78182063274,2025-12-07T16:08:04Z,PORTE-D,R51938570,UNITE,OK
TKT49080941828,2025-12-07T16:08:05Z,PORTE-A,R51280265,ABONNEMENT,OK
TKT52960684547,2025-12-07T16:08:07Z,PORTE-C,R57172977,UNITE,OK
TKT74140979692,2025-12-07T16:08:07Z,PORTE-D,R55544293,UNITE,OK
TKT68836498517,2025-12-07T16:08:07Z,PORTE-D,R56745227,UNITE,OK
TKT99775101338,2025-12-07T16:08:07Z,PORTE-D,R58212146,UNITE,OK
TKT40502223419,2025-12-07T16:08:09Z,PORTE-D,,UNITE,OK
TKT49662271946,2025-12-07T16:08:10Z,PORTE-C,R56393241,ABONNEMENT,OK
TKT49857951178,2025-12-07T16:08:10Z,PORTE-C,R51384341,UNITE,OK
TKT39922370052,2025-12-07T16:08:12Z,PORTE-D,R55866463,ABONNEMENT,OK
TKT65585013266,2025-12-07T16:08:12Z,PORTE-D,R57750413,ABONNEMENT,OK
TKT94854128556,2025-12-07T16:08:15Z,PORTE-C,R54664715,ABONNEMENT,OK
TKT95978211183,2025-12-07T16:08:15Z,PORTE-D,R53846762,ABONNEMENT,OK
TKT18316527623,2025-12-07T16:08:16Z,PORTE-C,R52634392,ABONNEMENT,OK
TKT85272714022,2025-12-07T16:08:16Z,PORTE-D,,UNITE,OK
TKT29583847158,2025-12-07T16:08:16Z,PORTE-A,R59162775,UNITE,OK
TKT21632993122,2025-12-07T16:08:17Z,PORTE-A,R52734445,ABONNEMENT,OK
TKT95605683460,2025-12-07T16:08:18Z,PORTE-A,R52849756,ABONNEMENT,REFUSE_DEJA_SCANNE
TKT99128129359,2025-12-07T16:08:18Z,PORTE-B,R59734972,ABONNEMENT,OK
TKT36321463462,2025-12-07T16:08:20Z,PORTE-D,,UNITE,OK
TKT99168013516,2025-12-07T16:08:20Z,PORTE-D,R58920084,UNITE,OK
TKT52355819848,2025-12-07T16:08:20Z,PORTE-C,R55976669,UNITE,OK
TKT47038256832,2025-12-07T16:08:21Z,PORTE-C,R53773202,ABONNEMENT,OK
TKT12315577706,2025-12-07T16:08:21Z,PORTE-D,R57849039,UNITE,OK
TKT63598111467,2025-12-07T16:08:22Z,PMR-NORD,R58847080,ABONNEMENT,OK
TKT45980593000,2025-12-07T16:08:23Z,PORTE-D,R56642722,UNITE,OK
TKT63890391038,2025-12-07T16:08:25Z,PORTE-C,R53920332,UNITE,OK
TKT72401879865,2025-12-07T16:08:27Z,PORTE-C,R56104307,UNITE,OK
TKT31454110956,2025-12-07T16:08:30Z,PORTE-D,R55214844,ABONNEMENT,OK
TKT48115937009,2025-12-07T16:08:31Z,PORTE-C,R55199050,ABONNEMENT,OK
TKT47612119842,2025-12-07T16:08:31Z,VIP-EST,,UNITE,OK
TKT26165707995,2025-12-07T16:08:33Z,PORTE-D,R51393747,ABONNEMENT,OK
TKT10672068443,2025-12-07T16:08:35Z,PORTE-B,R56512230,ABONNEMENT,OK
TKT29926597001,2025-12-07T16:08:38Z,PORTE-C,R55884441,ABONNEMENT,OK
TKT58852810381,2025-12-07T16:08:39Z,PORTE-A,R51808882,ABONNEMENT,OK
TKT22839285125,2025-12-07T16:08:40Z,PORTE-B,,UNITE,OK
TKT43178459695,2025-12-07T16:08:40Z,PORTE-C,R53788537,UNITE,OK
TKT69110729814,2025-12-07T16:08:42Z,PORTE-C,R59654803,ABONNEMENT,OK
TKT53068395546,2025-12-07T16:08:42Z,PORTE-D,R57256881,ABONNEMENT,OK
TKT73631313818,2025-12-07T16:08:44Z,PORTE-A,R56248640,VIP,OK
TKT11625645271,2025-12-07T16:08:44Z,PORTE-D,R55259047,UNITE,OK
TKT72154466308,2025-12-07T16:08:44Z,PORTE-D,R59741380,UNITE,OK
TKT90988992975,2025-12-07T16:08:48Z,PORTE-C,R51414857,ABONNEMENT,OK
TKT32165211069,2025-12-07T16:08:48Z,PORTE-D,R55899977,UNITE,OK
TKT62757758460,2025-12-07T16:08:49Z,VIP-EST,R51994966,ABONNEMENT,OK
TKT51265880390,2025-12-07T16:08:55Z,PORTE-D,R57278336,ABONNEMENT,OK
TKT32929581269,2025-12-07T16:08:56Z,PORTE-A,R54824976,ABONNEMENT,OK
TKT12761284473,2025-12-07T16:08:57Z,VIP-EST,R52285518,ABONNEMENT,OK
TKT76216782120,2025-12-07T16:08:59Z,VIP-EST,R57719629,ABONNEMENT,OK
TKT39375626647,2025-12-07T16:09:00Z,PORTE-C,R52478345,ABONNEMENT,OK
TKT41723726245,2025-12-07T16:09:01Z,VIP-EST,R54626498,ABONNEMENT,OK
TKT29499906233,2025-12-07T16:09:02Z,PORTE-A,R53266452,ABONNEMENT,OK
TKT36903852642,2025-12-07T16:09:03Z,PORTE-D,R59087098,ABONNEMENT,OK
TKT25219072752,2025-12-07T16:09:03Z,PORTE-C,,UNITE,OK
TKT75917224163,2025-12-07T16:09:04Z,PORTE-C,R52447906,ABONNEMENT,OK
TKT62520562145,2025-12-07T16:09:04Z,PORTE-A,R52145764,ABONNEMENT,OK
TKT36348620736,2025-12-07T16:09:06Z,PORTE-C,R57665350,ABONNEMENT,REFUSE_DEJA_SCANNE
TKT48285605987,2025-12-07T16:09:06Z,PORTE-B,R57075567,ABONNEMENT,OK
TKT77664342972,2025-12-07T16:09:07Z,PORTE-B,R55794541,ABONNEMENT,OK
TKT75610983177,2025-12-07T16:09:08Z,VIP-EST,R57301161,UNITE,OK
TKT93233827424,2025-12-07T16:09:10Z,PORTE-A,R56419111,ABONNEMENT,OK
TKT29064064634,2025-12-07T16:09:12Z,PORTE-C,,GROUPE,OK
TKT12138298529,2025-12-07T16:09:12Z,PORTE-A,R58700295,UNITE,OK
TKT76282692166,2025-12-07T16:09:13Z,PMR-NORD,R55385737,ABONNEMENT,OK
TKT87393299155,2025-12-07T16:09:15Z,PORTE-C,R59685654,ABONNEMENT,OK
TKT62118684880,2025-12-07T16:09:15Z,PORTE-D,R56311846,INVITATION,OK
TKT77733661314,2025-12-07T16:09:16Z,PORTE-C,R59942444,ABONNEMENT,OK
TKT50146187631,2025-12-07T16:09:16Z,VIP-EST,R57231959,ABONNEMENT,OK
TKT44570215258,2025-12-07T16:09:23Z,PORTE-A,R56116835,UNITE,OK
TKT29013001027,2025-12-07T16:09:23Z,PORTE-D,R56328876,UNITE,OK
TKT71739654474,2025-12-07T16:09:28Z,PORTE-D,,UNITE,OK
TKT67837102939,2025-12-07T16:09:31Z,PORTE-C,,GROUPE,OK
TKT98086563445,2025-12-07T16:09:32Z,PORTE-D,R51689960,UNITE,OK
TKT38483597512,2025-12-07T16:09:33Z,PORTE-C,R54018948,UNITE,OK
TKT22889693596,2025-12-07T16:09:34Z,PORTE-D,R55477754,UNITE,OK
TKT92379583160,2025-12-07T16:09:36Z,PORTE-D,R53777627,ABONNEMENT,OK
TKT28718444919,2025-12-07T16:09:37Z,PORTE-D,R53283616,ABONNEMENT,OK
TKT36426976259,2025-12-07T16:09:39Z,PORTE-B,R51385155,ABONNEMENT,OK
TKT44134891936,2025-12-07T16:09:39Z,PORTE-D,R57581235,UNITE,OK
TKT21929886535,2025-12-07T16:09:40Z,PORTE-B,R52566004,ABONNEMENT,OK
TKT13973552819,2025-12-07T16:09:40Z,PORTE-C,R52405800,ABONNEMENT,OK
TKT45856443031,2025-12-07T16:09:42Z,VIP-EST,R51003065,ABONNEMENT,OK
TKT99013976455,2025-12-07T16:09:42Z,PORTE-A,R53288386,ABONNEMENT,OK
TKT32643167058,2025-12-07T16:09:42Z,PORTE-D,R59437935,UNITE,OK
TKT95383595114,2025-12-07T16:09:42Z,VIP-EST,,ABONNEMENT,REFUSE_INVALIDE
TKT26319123339,2025-12-07T16:09:42Z,VIP-EST,,ABONNEMENT,REFUSE_INVALIDE
TKT74089849394,2025-12-07T16:09:42Z,VIP-EST,,ABONNEMENT,REFUSE_INVALIDE
TKT40242193211,2025-12-07T16:09:42Z,VIP-EST,,ABONNEMENT,REFUSE_INVALIDE
TKT12120153678,2025-12-07T16:09:42Z,VIP-EST,,ABONNEMENT,REFUSE_INVALIDE
TKT50940815617,2025-12-07T16:09:42Z,VIP-EST,,ABONNEMENT,REFUSE_INVALIDE
TKT73747273548,2025-12-07T16:09:42Z,VIP-EST,,ABONNEMENT,REFUSE_INVALIDE
TKT60023778039,2025-12-07T16:09:42Z,VIP-EST,,ABONNEMENT,REFUSE_INVALIDE
TKT62876485556,2025-12-07T16:09:42Z,VIP-EST,,ABONNEMENT,REFUSE_INVALIDE
TKT89514519886,2025-12-07T16:09:42Z,VIP-EST,,ABONNEMENT,REFUSE_INVALIDE
TKT89223040256,2025-12-07T16:09:42Z,VIP-EST,,ABONNEMENT,REFUSE_INVALIDE
TKT37173521872,2025-12-07T16:09:42Z,VIP-EST,,ABONNEMENT,REFUSE_INVALIDE
TKT38575282635,2025-12-07T16:09:42Z,VIP-EST,,ABONNEMENT,REFUSE_INVALIDE
TKT54556057814,2025-12-07T16:09:42Z,VIP-EST,,ABONNEMENT,REFUSE_INVALIDE
TKT94600010233,2025-12-07T16:09:42Z,VIP-EST,,ABONNEMENT,REFUSE_INVALIDE
TKT51335405647,2025-12-07T16:09:43Z,PORTE-D,R59134088,INVITATION,OK
TKT28044074248,2025-12-07T16:09:44Z,PORTE-C,R59690635,ABONNEMENT,OK
TKT45488809329,2025-12-07T16:09:44Z,PORTE-C,R52559596,ABONNEMENT,OK
TKT19688571637,2025-12-07T16:09:47Z,PORTE-D,R53870190,ABONNEMENT,OK
TKT81154278243,2025-12-07T16:09:48Z,VIP-EST,R57619365,UNITE,OK
TKT56954849053,2025-12-07T16:09:50Z,PORTE-B,R58613249,ABONNEMENT,OK
TKT83529240052,2025-12-07T16:09:50Z,PORTE-D,R55961545,ABONNEMENT,OK
TKT22458960402,2025-12-07T16:09:52Z,PORTE-C,R51283819,ABONNEMENT,OK
TKT34528780187,2025-12-07T16:09:52Z,PORTE-B,R56592322,ABONNEMENT,OK
TKT40006829668,2025-12-07T16:09:53Z,PORTE-C,R59936850,ABONNEMENT,OK
TKT51976330213,2025-12-07T16:09:55Z,PORTE-C,R59605284,UNITE,OK
TKT88838418376,2025-12-07T16:09:58Z,PORTE-C,R57606358,ABONNEMENT,OK
TKT34605068604,2025-12-07T16:09:59Z,PORTE-C,R54305420,GROUPE,OK
TKT20209398375,2025-12-07T16:10:01Z,PORTE-B,R56545399,ABONNEMENT,OK
TKT88839019210,2025-12-07T16:10:01Z,PORTE-D,,UNITE,OK
TKT56593563584,2025-12-07T16:10:02Z,PORTE-C,R51805271,ABONNEMENT,OK
TKT23043332738,2025-12-07T16:10:05Z,PORTE-C,R58020076,ABONNEMENT,OK
TKT26109050351,2025-12-07T16:10:05Z,PORTE-C,R58630681,UNITE,OK
TKT64974209976,2025-12-07T16:10:06Z,PORTE-D,R51249079,UNITE,OK
TKT93390020425,2025-12-07T16:10:07Z,PORTE-D,R59673327,ABONNEMENT,OK
TKT95536140143,2025-12-07T16:10:09Z,PORTE-C,,UNITE,OK
TKT74299476762,2025-12-07T16:10:09Z,PORTE-C,R59801722,UNITE,OK
TKT85083226011,2025-12-07T16:10:10Z,PORTE-C,R56937719,ABONNEMENT,OK
TKT90816026931,2025-12-07T16:10:10Z,PORTE-D,R51032211,UNITE,OK
TKT15368816044,2025-12-07T16:10:11Z,PORTE-A,R57385410,UNITE,OK
TKT48653091944,2025-12-07T16:10:12Z,PORTE-A,R57971103,ABONNEMENT,OK
TKT89604712709,2025-12-07T16:10:12Z,PORTE-C,,GROUPE,OK
TKT66537304001,2025-12-07T16:10:13Z,PORTE-B,R55410056,ABONNEMENT,OK
TKT10107552207,2025-12-07T16:10:13Z,PORTE-A,R55058251,VIP,OK
TKT14443443798,2025-12-07T16:10:17Z,PORTE-B,R51817330,UNITE,OK
TKT43326592875,2025-12-07T16:10:18Z,PORTE-C,R56231476,ABONNEMENT,OK
TKT36978365453,2025-12-07T16:10:21Z,PORTE-C,R52825102,ABONNEMENT,OK
TKT94246575059,2025-12-07T16:10:21Z,PORTE-B,R59960211,ABONNEMENT,OK
TKT52733787776,2025-12-07T16:10:22Z,PORTE-C,R59981676,ABONNEMENT,OK
TKT42646076468,2025-12-07T16:10:23Z,PORTE-D,R52873395,ABONNEMENT,OK
TKT32281432797,2025-12-07T16:10:23Z,PORTE-C,R53322781,UNITE,OK
TKT80349687028,2025-12-07T16:10:23Z,PORTE-D,R55794809,UNITE,OK
TKT68599717870,2025-12-07T16:10:23Z,PORTE-D,R54309165,UNITE,OK
TKT88638168295,2025-12-07T16:10:25Z,PORTE-C,R57221471,ABONNEMENT,OK
TKT42936892666,2025-12-07T16:10:26Z,PORTE-A,R59426432,ABONNEMENT,OK
TKT59343204830,2025-12-07T16:10:28Z,PORTE-D,R59996656,ABONNEMENT,OK
TKT42652233203,2025-12-07T16:10:28Z,PORTE-C,R59984185,ABONNEMENT,OK
TKT59086624431,2025-12-07T16:10:31Z,PORTE-D,R52948995,UNITE,OK
TKT40330277881,2025-12-07T16:10:34Z,PORTE-A,R53576707,ABONNEMENT,OK
TKT73090348493,2025-12-07T16:10:37Z,PORTE-A,R59964713,ABONNEMENT,OK
TKT15790258068,2025-12-07T16:10:37Z,PORTE-A,R54028076,ABONNEMENT,OK
TKT51467603935,2025-12-07T16:10:37Z,VIP-EST,R59085939,UNITE,OK
TKT10274335275,2025-12-07T16:10:38Z,PORTE-C,R57375468,ABONNEMENT,OK
TKT80963635363,2025-12-07T16:10:38Z,VIP-EST,R57360555,UNITE,OK
TKT39320245746,2025-12-07T16:10:38Z,PORTE-D,,UNITE,OK
TKT29163464135,2025-12-07T16:10:39Z,PORTE-A,R51139764,ABONNEMENT,OK
TKT62175890481,2025-12-07T16:10:40Z,PORTE-D,R56587763,ABONNEMENT,OK
TKT83858392797,2025-12-07T16:10:42Z,PORTE-D,R53327005,ABONNEMENT,OK
TKT87330422314,2025-12-07T16:10:44Z,PORTE-A,R52854727,UNITE,OK
TKT77707577890,2025-12-07T16:10:45Z,PORTE-C,R52768505,ABONNEMENT,OK
TKT34026569363,2025-12-07T16:10:46Z,VIP-EST,R54549126,ABONNEMENT,OK
TKT16326085600,2025-12-07T16:10:46Z,PORTE-B,R57861165,ABONNEMENT,OK
TKT17087454247,2025-12-07T16:10:47Z,PORTE-A,R58610797,ABONNEMENT,OK
TKT94635145004,2025-12-07T16:10:48Z,PORTE-C,R56997314,ABONNEMENT,OK
TKT76794262275,2025-12-07T16:10:50Z,PORTE-C,,UNITE,REFUSE_INVALIDE
TKT58188498005,2025-12-07T16:10:51Z,PORTE-D,R58504959,ABONNEMENT,OK
TKT91965461143,2025-12-07T16:10:51Z,PORTE-B,R55876405,ABONNEMENT,OK
TKT52541335212,2025-12-07T16:10:51Z,PORTE-D,R58584840,ABONNEMENT,OK
TKT61830721556,2025-12-07T16:10:53Z,PORTE-D,R54325592,UNITE,OK
TKT65604531332,2025-12-07T16:10:53Z,PORTE-D,R53149791,GROUPE,OK
TKT90726561815,2025-12-07T16:10:54Z,PORTE-C,,UNITE,OK
TKT79153007701,2025-12-07T16:10:55Z,VIP-EST,R57965586,ABONNEMENT,OK
TKT40034011853,2025-12-07T16:10:55Z,PORTE-B,R54936820,ABONNEMENT,OK
TKT78332554969,2025-12-07T16:10:55Z,PORTE-D,R59441134,UNITE,OK
TKT38927711607,2025-12-07T16:10:55Z,PORTE-A,,UNITE,OK
TKT90143361737,2025-12-07T16:10:57Z,PORTE-A,R52005109,ABONNEMENT,OK
TKT27167543320,2025-12-07T16:11:00Z,PORTE-C,R54740516,UNITE,OK
TKT76454414595,2025-12-07T16:11:01Z,VIP-EST,R55672276,ABONNEMENT,OK
TKT67794280385,2025-12-07T16:11:02Z,VIP-EST,R55728538,ABONNEMENT,OK
TKT75285261500,2025-12-07T16:11:02Z,PORTE-C,R51388498,UNITE,OK
TKT59257269112,2025-12-07T16:11:04Z,PORTE-C,R56692308,ABONNEMENT,OK
TKT34494566168,2025-12-07T16:11:07Z,PORTE-B,R54817821,UNITE,OK
TKT33650038971,2025-12-07T16:11:07Z,PORTE-D,R51833191,UNITE,OK
TKT60448754710,2025-12-07T16:11:11Z,PORTE-A,R58137159,ABONNEMENT,OK
TKT78608544890,2025-12-07T16:11:13Z,PORTE-B,R57179164,ABONNEMENT,OK
TKT40340946891,2025-12-07T16:11:15Z,PORTE-C,,UNITE,OK
TKT10308365622,2025-12-07T16:11:16Z,PORTE-D,R54172476,GROUPE,OK
TKT20805454161,2025-12-07T16:11:17Z,PORTE-C,R57796331,ABONNEMENT,OK
TKT85226035348,2025-12-07T16:11:17Z,PORTE-B,R55758173,ABONNEMENT,OK
TKT42325871177,2025-12-07T16:11:19Z,PORTE-A,,UNITE,OK
TKT37862692992,2025-12-07T16:11:19Z,PORTE-D,R54381499,UNITE,OK
TKT92308484429,2025-12-07T16:11:22Z,PORTE-C,R56865519,UNITE,OK
TKT13580523312,2025-12-07T16:11:23Z,PORTE-B,R54111923,ABONNEMENT,OK
TKT79426665848,2025-12-07T16:11:24Z,PORTE-D,R58489691,UNITE,OK
TKT85985622207,2025-12-07T16:11:26Z,PORTE-C,R59547059,UNITE,OK
TKT90655098464,2025-12-07T16:11:29Z,VIP-EST,R53631197,ABONNEMENT,OK
TKT87986545631,2025-12-07T16:11:29Z,PORTE-D,R58618086,ABONNEMENT,OK
TKT24297906646,2025-12-07T16:11:29Z,VIP-EST,R55854883,ABONNEMENT,OK
TKT56259929351,2025-12-07T16:11:29Z,PORTE-B,R56724864,INVITATION,OK
TKT97599180388,2025-12-07T16:11:29Z,PORTE-D,R58630279,UNITE,OK
TKT77027150563,2025-12-07T16:11:31Z,PORTE-C,R51423774,ABONNEMENT,OK
TKT26887512851,2025-12-07T16:11:33Z,PORTE-C,R52764549,ABONNEMENT,OK
TKT61331272571,2025-12-07T16:11:34Z,PORTE-C,,UNITE,OK
TKT66144507194,2025-12-07T16:11:35Z,PORTE-C,,UNITE,OK
TKT56189450893,2025-12-07T16:11:35Z,PORTE-C,R59073612,UNITE,OK
TKT37572202371,2025-12-07T16:11:37Z,PORTE-C,R53091479,ABONNEMENT,OK
TKT94985541260,2025-12-07T16:11:37Z,PORTE-C,R53402270,ABONNEMENT,OK
TKT30286519355,2025-12-07T16:11:37Z,VIP-EST,R51460420,VIP,OK
TKT50897107575,2025-12-07T16:11:41Z,PORTE-D,R52263316,UNITE,OK
TKT99654225823,2025-12-07T16:11:43Z,PORTE-A,R59533707,ABONNEMENT,OK
TKT91083190349,2025-12-07T16:11:43Z,PORTE-D,R51014290,ABONNEMENT,OK
TKT68603162517,2025-12-07T16:11:43Z,VIP-EST,R54459963,ABONNEMENT,OK
TKT56394899325,2025-12-07T16:11:43Z,VIP-EST,R55707227,VIP,OK
TKT37512467406,2025-12-07T16:11:44Z,PORTE-C,R59911238,ABONNEMENT,OK
TKT84805564917,2025-12-07T16:11:46Z,VIP-EST,R51854110,ABONNEMENT,OK
TKT85068248578,2025-12-07T16:11:48Z,PORTE-C,R55397049,UNITE,OK
TKT52839856284,2025-12-07T16:11:50Z,PORTE-D,R53313653,UNITE,OK
TKT93890434733,2025-12-07T16:11:52Z,PORTE-D,R51854033,ABONNEMENT,OK
TKT51156360025,2025-12-07T16:11:55Z,PORTE-A,R57957205,ABONNEMENT,OK
TKT27248431470,2025-12-07T16:11:55Z,PORTE-D,R51517295,UNITE,OK
TKT22759706870,2025-12-07T16:11:58Z,VIP-EST,R57108200,ABONNEMENT,OK
TKT80925402314,2025-12-07T16:11:59Z,VIP-EST,R58323846,ABONNEMENT,OK
TKT53342209833,2025-12-07T16:11:59Z,VIP-EST,R57122155,ABONNEMENT,OK
TKT94393452436,2025-12-07T16:11:59Z,PORTE-D,R53750052,UNITE,OK
TKT94847593750,2025-12-07T16:12:00Z,PORTE-A,R56297268,ABONNEMENT,OK
TKT49832518271,2025-12-07T16:12:02Z,PORTE-D,R59261525,UNITE,OK
TKT24287902741,2025-12-07T16:12:04Z,PORTE-D,,UNITE,OK
TKT43774905804,2025-12-07T16:12:05Z,PORTE-C,R57895014,UNITE,OK
TKT90978569016,2025-12-07T16:12:07Z,VIP-EST,R56570522,UNITE,REFUSE_INVALIDE
TKT31169088506,2025-12-07T16:12:09Z,PORTE-C,R57204230,ABONNEMENT,OK
TKT71931373502,2025-12-07T16:12:11Z,PORTE-A,R58115905,ABONNEMENT,OK
TKT38843021616,2025-12-07T16:12:11Z,PORTE-C,R53494019,ABONNEMENT,OK
TKT69708791800,2025-12-07T16:12:11Z,PORTE-D,R54821164,UNITE,OK
TKT35109762036,2025-12-07T16:12:11Z,PORTE-C,R55597423,UNITE,OK
TKT87223059874,2025-12-07T16:12:12Z,PORTE-C,R54962566,ABONNEMENT,OK
TKT98395369053,2025-12-07T16:12:13Z,PORTE-A,R54229485,ABONNEMENT,OK
TKT57854714674,2025-12-07T16:12:13Z,PORTE-A,R54337296,ABONNEMENT,OK
TKT90991558551,2025-12-07T16:12:14Z,PORTE-D,R55023176,UNITE,OK
TKT80655879843,2025-12-07T16:12:16Z,VIP-EST,R54521139,ABONNEMENT,OK
TKT13635164793,2025-12-07T16:12:17Z,PORTE-A,R53543672,UNITE,OK
TKT91084022479,2025-12-07T16:12:18Z,PORTE-D,R55953174,ABONNEMENT,OK
TKT44581594023,2025-12-07T16:12:18Z,PORTE-C,R54144201,ABONNEMENT,OK
TKT58996191384,2025-12-07T16:12:19Z,PORTE-C,R59233059,ABONNEMENT,OK
TKT47615930674,2025-12-07T16:12:19Z,PORTE-C,,UNITE,OK
TKT35293389495,2025-12-07T16:12:19Z,PORTE-C,,UNITE,OK
TKT55843038204,2025-12-07T16:12:21Z,VIP-EST,R55194213,ABONNEMENT,OK
TKT75795896265,2025-12-07T16:12:22Z,PORTE-C,R51321949,UNITE,OK
TKT55927560403,2025-12-07T16:12:25Z,PORTE-A,R58490036,ABONNEMENT,OK
TKT53214482916,2025-12-07T16:12:25Z,PORTE-C,R59267253,UNITE,OK
TKT99823518488,2025-12-07T16:12:25Z,PORTE-C,R56906044,UNITE,OK
TKT36672136619,2025-12-07T16:12:27Z,PORTE-C,R55679833,UNITE,OK
TKT95772505079,2025-12-07T16:12:29Z,PORTE-C,R57110853,ABONNEMENT,OK
TKT73432429114,2025-12-07T16:12:30Z,PORTE-C,R57923212,ABONNEMENT,OK
TKT60473033191,2025-12-07T16:12:32Z,PORTE-D,R53656052,ABONNEMENT,OK
TKT65501078940,2025-12-07T16:12:32Z,PORTE-C,R53369369,ABONNEMENT,OK
TKT72458481982,2025-12-07T16:12:32Z,PORTE-C,R57898280,ABONNEMENT,OK
TKT64896611576,2025-12-07T16:12:32Z,PORTE-C,R56979403,UNITE,OK
TKT23620073385,2025-12-07T16:12:34Z,PORTE-C,,UNITE,OK
TKT59889126848,2025-12-07T16:12:36Z,PORTE-D,R56831047,UNITE,OK
TKT59760166906,2025-12-07T16:12:37Z,PORTE-C,R57734006,UNITE,OK
TKT92367676803,2025-12-07T16:12:37Z,PORTE-A,,UNITE,OK
TKT46589975663,2025-12-07T16:12:39Z,PORTE-A,R51314593,UNITE,OK
TKT24172994903,2025-12-07T16:12:40Z,PORTE-C,,UNITE,OK
TKT37604896319,2025-12-07T16:12:42Z,PORTE-D,R51637721,UNITE,OK
TKT46817688089,2025-12-07T16:12:46Z,PORTE-D,R56491522,ABONNEMENT,OK
TKT74305225410,2025-12-07T16:12:46Z,PORTE-C,R59225770,UNITE,OK
TKT33137948885,2025-12-07T16:12:51Z,PORTE-D,R58414369,ABONNEMENT,OK
TKT13225571673,2025-12-07T16:12:51Z,PORTE-C,R57665340,UNITE,OK
TKT59733975355,2025-12-07T16:12:51Z,PORTE-D,R53780491,UNITE,OK
TKT98544957035,2025-12-07T16:12:52Z,PORTE-B,R58750839,ABONNEMENT,OK
TKT56786101932,2025-12-07T16:12:52Z,VIP-EST,R54638212,ABONNEMENT,OK
TKT26282703066,2025-12-07T16:12:53Z,PORTE-C,R51012595,ABONNEMENT,OK
TKT60317190948,2025-12-07T16:12:54Z,PORTE-C,R53073635,ABONNEMENT,OK
TKT36311082722,2025-12-07T16:12:57Z,PORTE-C,R53897718,ABONNEMENT,OK
TKT70309211761,2025-12-07T16:12:57Z,VIP-EST,R53786688,ABONNEMENT,OK
TKT60387752506,2025-12-07T16:13:02Z,PORTE-D,R54422781,INVITATION,OK
TKT10772981927,2025-12-07T16:13:03Z,VIP-EST,R57084561,ABONNEMENT,OK
TKT26015257068,2025-12-07T16:13:03Z,PORTE-C,R57448338,ABONNEMENT,OK
TKT96674256533,2025-12-07T16:13:05Z,PORTE-C,R51117150,ABONNEMENT,OK
TKT69422417409,2025-12-07T16:13:05Z,PORTE-A,R56269482,ABONNEMENT,REFUSE_DEJA_SCANNE
TKT68651505339,2025-12-07T16:13:05Z,PORTE-D,R51718972,UNITE,OK
TKT35526518501,2025-12-07T16:13:07Z,VIP-EST,R58627750,ABONNEMENT,OK
TKT41961677134,2025-12-07T16:13:08Z,PORTE-C,R54436267,ABONNEMENT,OK
TKT94028165578,2025-12-07T16:13:08Z,PORTE-D,,UNITE,OK
TKT37507230853,2025-12-07T16:13:09Z,VIP-EST,R53970933,ABONNEMENT,OK
TKT45412586380,2025-12-07T16:13:11Z,PORTE-D,R56303599,ABONNEMENT,OK
TKT77897095945,2025-12-07T16:13:11Z,PORTE-C,R55623926,UNITE,OK
TKT71342265160,2025-12-07T16:13:15Z,PORTE-D,R57156761,ABONNEMENT,OK
TKT48964235718,2025-12-07T16:13:16Z,PORTE-C,R53245687,UNITE,OK
TKT50541615925,2025-12-07T16:13:16Z,PORTE-C,R51945303,UNITE,OK
TKT42673025604,2025-12-07T16:13:20Z,PORTE-C,R59075796,ABONNEMENT,OK
TKT36935103446,2025-12-07T16:13:20Z,PORTE-C,R52705634,UNITE,OK
TKT55140489795,2025-12-07T16:13:22Z,PORTE-B,R58645470,UNITE,OK
TKT88258765112,2025-12-07T16:13:24Z,VIP-EST,R53291394,ABONNEMENT,OK
TKT83372157463,2025-12-07T16:13:25Z,PORTE-C,R58967285,UNITE,OK
TKT24098334722,2025-12-07T16:13:27Z,PORTE-C,R51430393,ABONNEMENT,OK
TKT57353981770,2025-12-07T16:13:28Z,PORTE-D,R59369011,UNITE,OK
TKT56333867934,2025-12-07T16:13:31Z,PORTE-A,R54048027,ABONNEMENT,OK
TKT31947892637,2025-12-07T16:13:32Z,PORTE-A,R58591449,ABONNEMENT,OK
TKT66941259081,2025-12-07T16:13:35Z,PORTE-D,R56403786,INVITATION,OK
TKT18031752773,2025-12-07T16:13:36Z,PORTE-A,R58310092,ABONNEMENT,OK
TKT57643910424,2025-12-07T16:13:36Z,PORTE-C,R53214290,UNITE,OK
TKT45987122075,2025-12-07T16:13:37Z,PORTE-A,R55600086,ABONNEMENT,OK
TKT99265136771,2025-12-07T16:13:40Z,PORTE-C,R56097229,ABONNEMENT,OK
TKT49179727318,2025-12-07T16:13:40Z,PORTE-B,R52583570,ABONNEMENT,OK
TKT53429593700,2025-12-07T16:13:42Z,PORTE-D,R54912166,ABONNEMENT,OK
TKT56982324899,2025-12-07T16:13:44Z,PORTE-A,R51111700,ABONNEMENT,OK
TKT32846720878,2025-12-07T16:13:44Z,PORTE-D,,UNITE,OK
TKT78862834965,2025-12-07T16:13:47Z,PORTE-A,R56569028,ABONNEMENT,OK
TKT69708000767,2025-12-07T16:13:48Z,PORTE-B,R54424285,ABONNEMENT,OK
TKT81577351292,2025-12-07T16:13:48Z,PORTE-B,R58467087,ABONNEMENT,OK
TKT55866136862,2025-12-07T16:13:48Z,PORTE-B,R58162493,ABONNEMENT,OK
TKT72388635935,2025-12-07T16:13:50Z,PORTE-D,,UNITE,OK
TKT74275716331,2025-12-07T16:13:53Z,PORTE-A,R56973742,ABONNEMENT,OK
TKT54039900967,2025-12-07T16:13:54Z,PORTE-C,R52997824,ABONNEMENT,OK
TKT51761707718,2025-12-07T16:13:55Z,PORTE-D,R52840226,ABONNEMENT,OK
TKT62414142953,2025-12-07T16:13:56Z,VIP-EST,,GROUPE,OK
TKT74756963659,2025-12-07T16:13:56Z,VIP-EST,R55904268,UNITE,OK
TKT66433031092,2025-12-07T16:13:57Z,PORTE-D,,UNITE,OK
TKT18440560183,2025-12-07T16:14:02Z,PORTE-A,R57509571,ABONNEMENT,OK
TKT33463782537,2025-12-07T16:14:03Z,VIP-EST,R58932890,ABONNEMENT,OK
TKT22090292922,2025-12-07T16:14:05Z,VIP-EST,,GROUPE,OK
TKT85334050270,2025-12-07T16:14:06Z,PORTE-C,R53152233,UNITE,OK
TKT98975006885,2025-12-07T16:14:11Z,PORTE-A,R52749904,UNITE,OK
TKT81103857770,2025-12-07T16:14:14Z,PORTE-C,,UNITE,OK
TKT83681741172,2025-12-07T16:14:14Z,PORTE-D,R58635796,UNITE,OK
TKT71250317548,2025-12-07T16:14:15Z,PORTE-D,R59147038,UNITE,OK
TKT24303219905,2025-12-07T16:14:18Z,PORTE-A,R52280145,ABONNEMENT,OK
TKT12722100378,2025-12-07T16:14:20Z,VIP-EST,R56776912,ABONNEMENT,OK
TKT40682011399,2025-12-07T16:14:21Z,PORTE-A,R57088038,ABONNEMENT,OK
TKT24858335453,2025-12-07T16:14:21Z,PORTE-C,R55023655,UNITE,OK
TKT71351063899,2025-12-07T16:14:23Z,PORTE-D,R52961801,ABONNEMENT,OK
TKT33095566570,2025-12-07T16:14:25Z,PORTE-A,R55399290,ABONNEMENT,OK
TKT88519024560,2025-12-07T16:14:26Z,PORTE-D,R59057262,ABONNEMENT,OK
TKT58126302181,2025-12-07T16:14:27Z,PORTE-B,R55465082,ABONNEMENT,OK
TKT68981829998,2025-12-07T16:14:29Z,PORTE-C,R56403384,ABONNEMENT,OK
TKT49907082810,2025-12-07T16:14:29Z,PORTE-A,R51253782,UNITE,OK
TKT77189735786,2025-12-07T16:14:30Z,PORTE-C,R55961076,ABONNEMENT,OK
TKT69641196229,2025-12-07T16:14:30Z,PORTE-D,R56797208,UNITE,OK
TKT26856542005,2025-12-07T16:14:31Z,PORTE-A,R58618019,ABONNEMENT,OK
TKT48772795359,2025-12-07T16:14:31Z,VIP-EST,,UNITE,OK
TKT74322625823,2025-12-07T16:14:33Z,VIP-EST,R56928323,ABONNEMENT,OK
TKT51266977211,2025-12-07T16:14:33Z,PORTE-C,R52136837,ABONNEMENT,OK
TKT52658636796,2025-12-07T16:14:34Z,PORTE-C,R53301403,ABONNEMENT,OK
TKT65713033393,2025-12-07T16:14:35Z,PORTE-B,R59580841,ABONNEMENT,OK
TKT53082939328,2025-12-07T16:14:35Z,VIP-EST,,UNITE,OK
TKT55205569639,2025-12-07T16:14:36Z,PORTE-C,R57985537,UNITE,OK
TKT35251483379,2025-12-07T16:14:38Z,PORTE-C,,UNITE,OK
TKT42818382158,2025-12-07T16:14:41Z,VIP-EST,R59249332,ABONNEMENT,OK
TKT73337394049,2025-12-07T16:14:42Z,PORTE-D,,UNITE,OK
TKT90779711492,2025-12-07T16:14:43Z,PORTE-D,R56955764,UNITE,OK
TKT60772452422,2025-12-07T16:14:45Z,PORTE-C,R55391522,UNITE,OK
TKT52839452033,2025-12-07T16:14:47Z,PORTE-C,R56214369,ABONNEMENT,OK
TKT80254158032,2025-12-07T16:14:47Z,PORTE-D,R53457095,GROUPE,OK
TKT50671793003,2025-12-07T16:14:48Z,PORTE-A,R51098070,ABONNEMENT,OK
TKT53303295993,2025-12-07T16:14:48Z,VIP-EST,R51123002,UNITE,OK
TKT66115315793,2025-12-07T16:14:49Z,PORTE-D,R52221153,ABONNEMENT,OK
TKT32108642918,2025-12-07T16:14:49Z,PORTE-C,R52490193,UNITE,OK
TKT92479202511,2025-12-07T16:14:50Z,PORTE-D,R57350402,INVITATION,OK
TKT39995619469,2025-12-07T16:14:54Z,PORTE-C,R57392967,ABONNEMENT,OK
TKT39497137743,2025-12-07T16:14:54Z,PORTE-A,R51053455,ABONNEMENT,OK
TKT93353604718,2025-12-07T16:14:58Z,PORTE-D,R52038278,UNITE,OK
TKT11460953595,2025-12-07T16:14:59Z,PORTE-D,R52246842,ABONNEMENT,OK
TKT49878203230,2025-12-07T16:14:59Z,PORTE-C,R53970186,UNITE,OK
TKT90497969107,2025-12-07T16:14:59Z,PORTE-D,R52891440,UNITE,OK
TKT80868277642,2025-12-07T16:15:03Z,PORTE-C,,UNITE,OK
TKT99731891446,2025-12-07T16:15:05Z,PORTE-D,R56251638,ABONNEMENT,OK
TKT65849337120,2025-12-07T16:15:05Z,PORTE-C,R54434773,ABONNEMENT,OK
TKT17808540045,2025-12-07T16:15:05Z,PORTE-D,R52098496,UNITE,OK
TKT79898754121,2025-12-07T16:15:06Z,PORTE-C,R56175147,ABONNEMENT,OK
TKT54994771638,2025-12-07T16:15:06Z,PORTE-D,R51327677,UNITE,OK
TKT31905290629,2025-12-07T16:15:07Z,PORTE-D,R52279398,ABONNEMENT,OK
TKT72137566427,2025-12-07T16:15:07Z,PORTE-D,R57020129,ABONNEMENT,OK
TKT38909991950,2025-12-07T16:15:07Z,PORTE-C,R53616552,UNITE,OK
TKT55425120094,2025-12-07T16:15:08Z,PORTE-C,R59831625,ABONNEMENT,OK
TKT20706048699,2025-12-07T16:15:09Z,PORTE-B,R53407040,ABONNEMENT,OK
TKT84808084263,2025-12-07T16:15:09Z,PORTE-C,R57501679,UNITE,OK
TKT36284492088,2025-12-07T16:15:10Z,VIP-EST,R57890321,ABONNEMENT,OK
TKT98836189797,2025-12-07T16:15:10Z,VIP-EST,R59048747,ABONNEMENT,OK
TKT43487509713,2025-12-07T16:15:13Z,PORTE-D,R51475812,ABONNEMENT,OK
TKT66124340855,2025-12-07T16:15:14Z,PORTE-D,R53686357,ABONNEMENT,OK
TKT76366814932,2025-12-07T16:15:16Z,PORTE-C,R54722806,ABONNEMENT,OK
TKT10560961355,2025-12-07T16:15:18Z,PORTE-D,R53105990,ABONNEMENT,OK
TKT84609672576,2025-12-07T16:15:20Z,PORTE-D,R59567010,ABONNEMENT,OK
TKT67599957466,2025-12-07T16:15:20Z,PORTE-A,R51181850,ABONNEMENT,OK
TKT49675415303,2025-12-07T16:15:20Z,PORTE-D,,INVITATION,OK
TKT54524523825,2025-12-07T16:15:21Z,VIP-EST,R58504614,ABONNEMENT,OK
TKT46561593808,2025-12-07T16:15:22Z,PORTE-B,R56317286,ABONNEMENT,OK
TKT25773657996,2025-12-07T16:15:23Z,PORTE-C,R54427417,UNITE,OK
TKT90679268908,2025-12-07T16:15:24Z,PORTE-C,R56539135,ABONNEMENT,OK
TKT61848678879,2025-12-07T16:15:24Z,PORTE-A,R56473199,UNITE,OK
TKT93179678407,2025-12-07T16:15:25Z,PORTE-C,R59657188,ABONNEMENT,OK
TKT97751164693,2025-12-07T16:15:25Z,PORTE-D,R57020809,ABONNEMENT,OK
TKT93520880429,2025-12-07T16:15:26Z,PORTE-D,R57561887,UNITE,OK
TKT69656449618,2025-12-07T16:15:26Z,PORTE-C,R59322768,UNITE,OK
TKT26222630021,2025-12-07T16:15:27Z,VIP-EST,R55376130,ABONNEMENT,OK
TKT53774694257,2025-12-07T16:15:27Z,PORTE-D,R57631769,UNITE,OK
TKT59202551020,2025-12-07T16:15:28Z,PORTE-A,R54927960,ABONNEMENT,OK
TKT35411079554,2025-12-07T16:15:28Z,PORTE-C,R54546674,UNITE,OK
TKT11121803102,2025-12-07T16:15:29Z,PORTE-C,R51176745,ABONNEMENT,OK
TKT47034370033,2025-12-07T16:15:29Z,PORTE-C,,GROUPE,OK
TKT41586412931,2025-12-07T16:15:29Z,PORTE-C,,GROUPE,OK
TKT53008975118,2025-12-07T16:15:29Z,VIP-EST,R54984500,UNITE,OK
TKT26647008416,2025-12-07T16:15:30Z,PORTE-D,R52065585,ABONNEMENT,OK
TKT96899338115,2025-12-07T16:15:31Z,PORTE-D,R57633675,ABONNEMENT,OK
TKT47621492092,2025-12-07T16:15:33Z,PORTE-B,R58435479,ABONNEMENT,OK
TKT27268392224,2025-12-07T16:15:33Z,PORTE-D,R55324906,ABONNEMENT,OK
TKT25491367583,2025-12-07T16:15:35Z,PORTE-B,R54345198,UNITE,OK
TKT11715866041,2025-12-07T16:15:35Z,PORTE-D,R58127274,UNITE,OK
TKT27519419669,2025-12-07T16:15:36Z,PORTE-A,R54889619,ABONNEMENT,OK
TKT89868971390,2025-12-07T16:15:36Z,PORTE-A,R54900653,ABONNEMENT,OK
TKT87194362268,2025-12-07T16:15:36Z,PORTE-C,R58586478,ABONNEMENT,OK
TKT67773821225,2025-12-07T16:15:36Z,PORTE-D,R56022165,UNITE,OK
TKT77317256384,2025-12-07T16:15:37Z,PORTE-D,R52579758,ABONNEMENT,OK
TKT93500437496,2025-12-07T16:15:41Z,VIP-EST,R55050091,VIP,OK
TKT31237940757,2025-12-07T16:15:46Z,PORTE-C,,GROUPE,OK
TKT23678460877,2025-12-07T16:15:46Z,PORTE-A,R55221654,UNITE,OK
TKT15341383094,2025-12-07T16:15:47Z,PORTE-D,R57398082,ABONNEMENT,OK
TKT18078584679,2025-12-07T16:15:47Z,PORTE-D,,UNITE,OK
TKT13100670214,2025-12-07T16:15:51Z,PORTE-C,R58390184,ABONNEMENT,OK
TKT90289200206,2025-12-07T16:15:52Z,PORTE-D,R51447279,ABONNEMENT,OK
TKT49578215380,2025-12-07T16:15:53Z,PORTE-D,,UNITE,OK
TKT63215982779,2025-12-07T16:15:54Z,PORTE-D,R54597697,ABONNEMENT,OK
TKT65424695068,2025-12-07T16:15:54Z,PORTE-A,R58139812,ABONNEMENT,OK
TKT88658731796,2025-12-07T16:15:55Z,PORTE-C,R53121650,ABONNEMENT,OK
TKT45702274033,2025-12-07T16:15:57Z,PORTE-C,R52296485,ABONNEMENT,OK
TKT58975931104,2025-12-07T16:15:57Z,PORTE-D,R53512476,UNITE,OK
TKT79303498813,2025-12-07T16:15:59Z,PORTE-C,R53668523,ABONNEMENT,OK
TKT29100306515,2025-12-07T16:15:59Z,PORTE-A,R58724547,UNITE,OK
TKT48325716021,2025-12-07T16:16:03Z,PORTE-D,R54983475,UNITE,OK
TKT64163490166,2025-12-07T16:16:03Z,PORTE-D,R51846677,UNITE,OK
TKT52598901965,2025-12-07T16:16:03Z,PORTE-C,,GROUPE,OK
TKT98926431999,2025-12-07T16:16:03Z,PORTE-C,R55545596,UNITE,OK
TKT75917224163,2025-12-07T16:16:04Z,PORTE-C,R52447906,ABONNEMENT,REFUSE_DEJA_SCANNE
TKT89112047408,2025-12-07T16:16:04Z,PORTE-D,R52309358,ABONNEMENT,OK
TKT84980338708,2025-12-07T16:16:05Z,PORTE-B,R51802953,UNITE,OK
TKT27275244695,2025-12-07T16:16:05Z,PORTE-C,R55122425,UNITE,OK
TKT72259394358,2025-12-07T16:16:06Z,PORTE-A,R55183926,ABONNEMENT,OK
TKT84679751111,2025-12-07T16:16:06Z,PORTE-C,R57811311,ABONNEMENT,OK
TKT53817031653,2025-12-07T16:16:06Z,PORTE-D,R55779072,ABONNEMENT,OK
TKT92051626382,2025-12-07T16:16:07Z,VIP-EST,,VIP,OK
TKT21358105184,2025-12-07T16:16:07Z,PORTE-D,R53972159,UNITE,OK
TKT99552644879,2025-12-07T16:16:07Z,PORTE-C,,GROUPE,OK
TKT22893465299,2025-12-07T16:16:08Z,PORTE-C,R58943378,ABONNEMENT,OK
TKT76123821357,2025-12-07T16:16:08Z,PORTE-C,R52912828,UNITE,OK
TKT12982627516,2025-12-07T16:16:08Z,PORTE-A,R59676938,UNITE,OK
TKT60928378549,2025-12-07T16:16:09Z,PORTE-C,,UNITE,OK
TKT59581795586,2025-12-07T16:16:09Z,PORTE-D,R58964843,UNITE,OK
TKT70644016282,2025-12-07T16:16:12Z,PORTE-B,R59358111,ABONNEMENT,OK
TKT54048083247,2025-12-07T16:16:13Z,PORTE-C,R53733089,ABONNEMENT,OK
TKT44401431725,2025-12-07T16:16:13Z,VIP-EST,R58907010,ABONNEMENT,OK
TKT66437932259,2025-12-07T16:16:14Z,PORTE-C,R57027830,ABONNEMENT,OK
TKT56638468838,2025-12-07T16:16:14Z,PORTE-D,R58942842,UNITE,OK
TKT15402421430,2025-12-07T16:16:17Z,PORTE-D,R54677722,UNITE,OK
TKT14751825438,2025-12-07T16:16:19Z,PORTE-D,R57349923,UNITE,OK
TKT78571386670,2025-12-07T16:16:21Z,VIP-EST,R53693579,ABONNEMENT,OK
TKT12767746834,2025-12-07T16:16:23Z,PORTE-C,R57228147,ABONNEMENT,OK
TKT99460413990,2025-12-07T16:16:23Z,PORTE-C,R55843102,ABONNEMENT,OK
TKT41511800250,2025-12-07T16:16:26Z,PORTE-D,R51697594,ABONNEMENT,OK
TKT23308061390,2025-12-07T16:16:26Z,PORTE-B,R57700971,ABONNEMENT,OK
TKT53591188593,2025-12-07T16:16:26Z,PORTE-C,R55889278,UNITE,OK
TKT58933872002,2025-12-07T16:16:27Z,PORTE-C,R51804792,ABONNEMENT,OK
TKT69294730136,2025-12-07T16:16:27Z,PORTE-A,R54147745,ABONNEMENT,OK
TKT62642868027,2025-12-07T16:16:29Z,PORTE-C,R53202566,UNITE,OK
TKT91687945325,2025-12-07T16:16:30Z,PORTE-D,R54767421,ABONNEMENT,OK
TKT65717509711,2025-12-07T16:16:31Z,PORTE-B,R57993372,UNITE,OK
TKT29910096709,2025-12-07T16:16:31Z,PORTE-D,R57516391,UNITE,OK
TKT11343066078,2025-12-07T16:16:34Z,VIP-EST,R51360635,ABONNEMENT,OK
TKT12165348936,2025-12-07T16:16:34Z,PORTE-D,,GROUPE,OK
TKT84517435473,2025-12-07T16:16:35Z,PORTE-C,R53655851,ABONNEMENT,OK
TKT19365584769,2025-12-07T16:16:35Z,PORTE-C,R58662423,ABONNEMENT,OK
TKT37706560039,2025-12-07T16:16:35Z,PORTE-D,,UNITE,OK
TKT79508236614,2025-12-07T16:16:36Z,PORTE-C,R57192382,UNITE,OK
TKT14100399669,2025-12-07T16:16:37Z,PORTE-D,R56911226,ABONNEMENT,OK
TKT27135058514,2025-12-07T16:16:37Z,PORTE-A,R58567207,ABONNEMENT,OK
TKT23882958533,2025-12-07T16:16:37Z,PORTE-C,R55559072,UNITE,OK
TKT13251017900,2025-12-07T16:16:38Z,VIP-EST,R52616615,ABONNEMENT,OK
TKT46821631937,2025-12-07T16:16:40Z,PORTE-D,R54372783,ABONNEMENT,OK
TKT53240923960,2025-12-07T16:16:40Z,PORTE-A,R57943029,ABONNEMENT,OK
TKT79922671353,2025-12-07T16:16:40Z,PORTE-C,,GROUPE,OK
TKT94058916933,2025-12-07T16:16:41Z,PORTE-A,R59824872,ABONNEMENT,REFUSE_DEJA_SCANNE
TKT46321491305,2025-12-07T16:16:41Z,PORTE-C,R55436750,UNITE,OK
TKT86245478751,2025-12-07T16:16:42Z,PORTE-A,R56082373,ABONNEMENT,OK
TKT42849392664,2025-12-07T16:16:42Z,PORTE-C,R52223816,UNITE,OK
TKT79380968814,2025-12-07T16:16:42Z,PORTE-C,R52763735,INVITATION,OK
TKT77015129106,2025-12-07T16:16:42Z,PORTE-D,R59153848,UNITE,OK
TKT15241532791,2025-12-07T16:16:43Z,VIP-EST,R58195049,ABONNEMENT,OK
TKT79283033729,2025-12-07T16:16:45Z,PORTE-B,R53558116,ABONNEMENT,OK
TKT26706374350,2025-12-07T16:16:46Z,PORTE-D,,UNITE,OK
TKT82792916311,2025-12-07T16:16:48Z,PORTE-A,R57852238,ABONNEMENT,OK
TKT26002062360,2025-12-07T16:16:49Z,VIP-EST,R54405684,UNITE,OK
TKT21877130142,2025-12-07T16:16:50Z,PORTE-C,R52804729,ABONNEMENT,OK
TKT18450110298,2025-12-07T16:16:50Z,PORTE-C,R56427569,UNITE,OK
TKT64282275130,2025-12-07T16:16:51Z,PORTE-B,R51564161,ABONNEMENT,OK
TKT84992985637,2025-12-07T16:16:52Z,PORTE-C,R58267929,UNITE,OK
TKT33280010311,2025-12-07T16:16:54Z,PORTE-C,R52286821,ABONNEMENT,OK
TKT88222094858,2025-12-07T16:16:57Z,VIP-EST,R56327985,ABONNEMENT,OK
TKT76591228008,2025-12-07T16:16:59Z,PORTE-A,R58710448,ABONNEMENT,OK
TKT78015524720,2025-12-07T16:16:59Z,PORTE-B,R59688729,UNITE,OK
TKT13831456266,2025-12-07T16:17:00Z,PORTE-C,R52872025,ABONNEMENT,OK
TKT20209398375,2025-12-07T16:17:01Z,PORTE-B,R56545399,ABONNEMENT,REFUSE_DEJA_SCANNE
TKT65725346495,2025-12-07T16:17:02Z,PORTE-C,R51887279,ABONNEMENT,OK
TKT90381056490,2025-12-07T16:17:02Z,PORTE-C,R51085331,ABONNEMENT,OK
TKT84261018646,2025-12-07T16:17:03Z,PORTE-B,R58341345,ABONNEMENT,OK
TKT57970199298,2025-12-07T16:17:05Z,PORTE-D,R52538352,UNITE,OK
TKT57260031125,2025-12-07T16:17:07Z,PORTE-C,R51856083,ABONNEMENT,OK
TKT51339480125,2025-12-07T16:17:09Z,PORTE-C,R53278377,ABONNEMENT,OK
TKT30380681364,2025-12-07T16:17:14Z,VIP-EST,R57594922,ABONNEMENT,OK
TKT67966611366,2025-12-07T16:17:17Z,PORTE-C,R54843088,ABONNEMENT,OK
TKT45815705166,2025-12-07T16:17:17Z,PORTE-D,R53258282,UNITE,OK
TKT91942200968,2025-12-07T16:17:18Z,PORTE-C,R53325243,ABONNEMENT,OK
TKT10670893533,2025-12-07T16:17:18Z,PORTE-C,,UNITE,OK
TKT78142300977,2025-12-07T16:17:20Z,PORTE-D,R52935365,ABONNEMENT,OK
TKT78809183718,2025-12-07T16:17:22Z,PORTE-C,R53116756,ABONNEMENT,OK
TKT37786587878,2025-12-07T16:17:23Z,PORTE-B,R52243777,ABONNEMENT,OK
TKT51528700090,2025-12-07T16:17:23Z,PORTE-A,R52195484,ABONNEMENT,OK
TKT12751564440,2025-12-07T16:17:23Z,VIP-EST,R58821947,INVITATION,OK
TKT82663735088,2025-12-07T16:17:23Z,PORTE-C,R57167795,UNITE,OK
TKT75138771857,2025-12-07T16:17:26Z,PORTE-A,R53795347,ABONNEMENT,OK
TKT54070022217,2025-12-07T16:17:26Z,PORTE-C,R59583494,ABONNEMENT,OK
TKT90850677178,2025-12-07T16:17:27Z,VIP-EST,R56463937,ABONNEMENT,OK
TKT47373828650,2025-12-07T16:17:28Z,VIP-EST,,GROUPE,OK
TKT60262716316,2025-12-07T16:17:29Z,PORTE-D,R59987193,ABONNEMENT,OK
TKT55936777331,2025-12-07T16:17:30Z,VIP-EST,R53032775,UNITE,OK
TKT33976214137,2025-12-07T16:17:34Z,PORTE-B,R57954341,ABONNEMENT,OK
TKT84954409164,2025-12-07T16:17:35Z,PORTE-D,R51064221,UNITE,OK
TKT13983988380,2025-12-07T16:17:37Z,PORTE-D,R59245051,ABONNEMENT,OK
TKT65508504351,2025-12-07T16:17:37Z,PORTE-C,R53816524,ABONNEMENT,OK
TKT64850580149,2025-12-07T16:17:37Z,PORTE-C,R53753653,ABONNEMENT,OK
TKT16228078900,2025-12-07T16:17:38Z,VIP-EST,,VIP,OK
TKT10400323476,2025-12-07T16:17:41Z,PORTE-A,R54942739,ABONNEMENT,OK
TKT50532821208,2025-12-07T16:17:41Z,VIP-EST,R56823011,ABONNEMENT,OK
TKT69956084617,2025-12-07T16:17:42Z,VIP-EST,R54762450,ABONNEMENT,OK
TKT31216339197,2025-12-07T16:17:42Z,PORTE-C,R59659707,ABONNEMENT,OK
TKT78640647171,2025-12-07T16:17:43Z,PORTE-C,,UNITE,OK
TKT36210104272,2025-12-07T16:17:45Z,PORTE-D,R52440550,ABONNEMENT,OK
TKT21375720582,2025-12-07T16:17:48Z,VIP-EST,R59733746,ABONNEMENT,OK
TKT19923448483,2025-12-07T16:17:52Z,PORTE-A,R54568541,ABONNEMENT,OK
TKT99416634208,2025-12-07T16:17:52Z,PORTE-C,R52452254,ABONNEMENT,OK
TKT91265066348,2025-12-07T16:17:52Z,PORTE-C,R57127136,UNITE,OK
TKT99283157458,2025-12-07T16:17:54Z,PORTE-A,,UNITE,OK
TKT61051234456,2025-12-07T16:17:58Z,VIP-EST,R58459118,ABONNEMENT,OK
TKT49561727724,2025-12-07T16:17:58Z,PORTE-A,R51671503,ABONNEMENT,OK
TKT68042236857,2025-12-07T16:17:58Z,VIP-EST,R58166372,ABONNEMENT,OK
TKT86371169475,2025-12-07T16:17:58Z,VIP-EST,R51414512,ABONNEMENT,OK
TKT38228395590,2025-12-07T16:18:00Z,PORTE-C,R59920031,UNITE,OK
TKT30559166026,2025-12-07T16:18:00Z,PORTE-C,,UNITE,OK
TKT41494497811,2025-12-07T16:18:00Z,PORTE-D,,UNITE,OK
TKT17487533459,2025-12-07T16:18:01Z,PORTE-C,R55137750,ABONNEMENT,OK
TKT22873653663,2025-12-07T16:18:03Z,PORTE-D,R58484787,ABONNEMENT,OK
TKT90773134977,2025-12-07T16:18:03Z,PORTE-D,R58939566,UNITE,OK
TKT55296777923,2025-12-07T16:18:04Z,PORTE-D,R51033983,ABONNEMENT,OK
TKT65394436098,2025-12-07T16:18:04Z,PORTE-C,R56391737,ABONNEMENT,OK
TKT68165365880,2025-12-07T16:18:04Z,VIP-EST,,GROUPE,OK
TKT63619425026,2025-12-07T16:18:05Z,PORTE-D,R51661762,ABONNEMENT,OK
TKT58400668214,2025-12-07T16:18:06Z,PORTE-C,R51676943,ABONNEMENT,OK
TKT63637107817,2025-12-07T16:18:06Z,VIP-EST,R53480255,UNITE,OK
TKT40866902951,2025-12-07T16:18:08Z,PORTE-D,R52780353,ABONNEMENT,OK
TKT23488256985,2025-12-07T16:18:08Z,PORTE-C,R55004039,ABONNEMENT,OK
TKT93759311454,2025-12-07T16:18:09Z,VIP-EST,R56048869,ABONNEMENT,OK
TKT66820146119,2025-12-07T16:18:10Z,PORTE-C,R57477772,UNITE,OK
TKT13245995721,2025-12-07T16:18:10Z,PORTE-C,R52782182,UNITE,OK
TKT72351344345,2025-12-07T16:18:11Z,PORTE-C,R52353025,UNITE,OK
TKT89602790482,2025-12-07T16:18:14Z,PORTE-C,R59342240,UNITE,OK
TKT50396346628,2025-12-07T16:18:15Z,PORTE-A,R51689213,ABONNEMENT,OK
TKT95589768812,2025-12-07T16:18:15Z,PORTE-A,R56593069,ABONNEMENT,OK
TKT19191938556,2025-12-07T16:18:15Z,PORTE-C,R54835742,UNITE,OK
TKT78841449349,2025-12-07T16:18:18Z,PORTE-D,,UNITE,OK
TKT15631430395,2025-12-07T16:18:19Z,PORTE-D,R57894411,ABONNEMENT,OK
TKT26135055580,2025-12-07T16:18:21Z,PORTE-C,R59617621,ABONNEMENT,OK
TKT55039034642,2025-12-07T16:18:21Z,PORTE-C,,UNITE,OK
TKT11615279782,2025-12-07T16:18:22Z,PORTE-D,R53736154,GROUPE,OK
TKT67795608829,2025-12-07T16:18:23Z,PORTE-D,R54693459,ABONNEMENT,OK
TKT49697156903,2025-12-07T16:18:24Z,PORTE-C,R52664295,ABONNEMENT,OK
TKT10342265424,2025-12-07T16:18:24Z,PORTE-A,R56051723,ABONNEMENT,OK
TKT82772476212,2025-12-07T16:18:24Z,PORTE-D,R53377827,UNITE,OK
TKT46631248867,2025-12-07T16:18:24Z,VIP-EST,,GROUPE,OK
TKT96263258604,2025-12-07T16:18:27Z,PORTE-A,R55267907,ABONNEMENT,OK
TKT71825769695,2025-12-07T16:18:27Z,PMR-NORD,R52368752,ABONNEMENT,OK
TKT60568891376,2025-12-07T16:18:28Z,PORTE-C,R57837469,ABONNEMENT,OK
TKT12803003112,2025-12-07T16:18:29Z,PORTE-D,R54078486,UNITE,OK
TKT46407195500,2025-12-07T16:18:29Z,PORTE-D,R51495026,UNITE,OK
TKT31372180362,2025-12-07T16:18:33Z,PORTE-C,R58913830,UNITE,OK
TKT89033712119,2025-12-07T16:18:34Z,PORTE-C,R53216397,UNITE,OK
TKT58828619976,2025-12-07T16:18:35Z,PORTE-C,R53930877,ABONNEMENT,OK
TKT25366856810,2025-12-07T16:18:35Z,VIP-EST,,GROUPE,OK
TKT33459429215,2025-12-07T16:18:35Z,PORTE-B,R58899587,UNITE,OK
TKT46581810747,2025-12-07T16:18:36Z,PORTE-C,R53799561,ABONNEMENT,OK
TKT62388987603,2025-12-07T16:18:41Z,PORTE-D,R58889099,ABONNEMENT,OK
TKT77480326372,2025-12-07T16:18:41Z,PORTE-D,R57897533,UNITE,OK
TKT21478549382,2025-12-07T16:18:44Z,PORTE-D,R56205797,INVITATION,OK
TKT74103043106,2025-12-07T16:18:44Z,PORTE-C,R54430884,UNITE,OK
TKT73918870268,2025-12-07T16:18:47Z,PORTE-A,R51493599,ABONNEMENT,OK
TKT68092696800,2025-12-07T16:18:47Z,PORTE-A,R51369361,ABONNEMENT,OK
TKT20076953968,2025-12-07T16:18:48Z,PORTE-A,R57401214,ABONNEMENT,OK
TKT56008073088,2025-12-07T16:18:48Z,PORTE-A,R53023235,ABONNEMENT,OK
TKT85068248578,2025-12-07T16:18:48Z,PORTE-C,R55397049,UNITE,REFUSE_DEJA_SCANNE
TKT41310954385,2025-12-07T16:18:49Z,PORTE-C,R53145701,ABONNEMENT,OK
TKT95290515988,2025-12-07T16:18:50Z,PORTE-C,R53670218,UNITE,OK
TKT27451340185,2025-12-07T16:18:52Z,PORTE-A,R57359453,ABONNEMENT,OK
TKT56354463814,2025-12-07T16:18:52Z,PORTE-C,R58998347,UNITE,OK
TKT74016660338,2025-12-07T16:18:53Z,PORTE-D,R52927885,ABONNEMENT,OK
TKT11617401128,2025-12-07T16:18:54Z,PORTE-C,R59144998,ABONNEMENT,OK
TKT92719772578,2025-12-07T16:18:54Z,PORTE-C,R55370278,UNITE,OK
TKT91097608670,2025-12-07T16:18:56Z,PORTE-A,R56149870,ABONNEMENT,OK
TKT65500051962,2025-12-07T16:18:57Z,PORTE-B,R58336997,ABONNEMENT,OK
TKT26532334126,2025-12-07T16:18:57Z,PORTE-D,R52189555,INVITATION,OK
TKT64199413178,2025-12-07T16:19:00Z,PORTE-A,R53143182,ABONNEMENT,OK
TKT38275768776,2025-12-07T16:19:00Z,PORTE-C,R54754816,ABONNEMENT,OK
TKT75892234071,2025-12-07T16:19:02Z,PORTE-D,R52209104,UNITE,OK
TKT65530161134,2025-12-07T16:19:03Z,PORTE-C,R53854731,ABONNEMENT,OK
TKT81183274022,2025-12-07T16:19:03Z,VIP-EST,R55753125,UNITE,OK
TKT84299705305,2025-12-07T16:19:05Z,PORTE-A,R52017580,ABONNEMENT,OK
TKT59013120740,2025-12-07T16:19:05Z,PORTE-D,R54030863,UNITE,OK
TKT69153986527,2025-12-07T16:19:10Z,PORTE-D,R51054547,UNITE,OK
TKT55296150217,2025-12-07T16:19:10Z,PORTE-C,R56138970,UNITE,OK
TKT53238790231,2025-12-07T16:19:12Z,PORTE-C,R56772621,ABONNEMENT,OK
TKT13729584517,2025-12-07T16:19:12Z,PORTE-C,R56439273,ABONNEMENT,OK
TKT48052659834,2025-12-07T16:19:12Z,PORTE-D,R51532888,ABONNEMENT,OK
TKT41585345124,2025-12-07T16:19:12Z,PORTE-D,R59885492,UNITE,OK
TKT91668720516,2025-12-07T16:19:14Z,PORTE-A,R54046265,ABONNEMENT,OK
TKT25368955867,2025-12-07T16:19:17Z,PORTE-C,R53806170,ABONNEMENT,OK
TKT34387350549,2025-12-07T16:19:19Z,PORTE-C,R52959148,ABONNEMENT,OK
TKT57494256990,2025-12-07T16:19:19Z,VIP-EST,R51728100,ABONNEMENT,OK
TKT63329823994,2025-12-07T16:19:19Z,PORTE-C,R57702398,ABONNEMENT,OK
TKT53387333380,2025-12-07T16:19:19Z,PORTE-C,,UNITE,OK
TKT16094110433,2025-12-07T16:19:21Z,PORTE-A,R59618368,ABONNEMENT,OK
TKT76220655955,2025-12-07T16:19:21Z,PORTE-D,R53131803,ABONNEMENT,OK
TKT86970491027,2025-12-07T16:19:21Z,PORTE-C,R55422718,UNITE,OK
TKT38920806688,2025-12-07T16:19:23Z,PORTE-D,R59482282,ABONNEMENT,OK
TKT13326246175,2025-12-07T16:19:24Z,PORTE-D,,UNITE,OK
TKT10935021694,2025-12-07T16:19:24Z,PORTE-D,R56730793,UNITE,OK
TKT30635849209,2025-12-07T16:19:24Z,PORTE-C,R52289675,UNITE,OK
TKT74865802341,2025-12-07T16:19:27Z,PORTE-A,R52776876,ABONNEMENT,OK
TKT98951114403,2025-12-07T16:19:29Z,PORTE-B,R59824269,ABONNEMENT,OK
TKT47149617413,2025-12-07T16:19:34Z,PORTE-D,R54528217,ABONNEMENT,OK
TKT22844179485,2025-12-07T16:19:37Z,PORTE-D,R58597043,UNITE,OK
TKT31045800151,2025-12-07T16:19:38Z,PORTE-C,R58798097,UNITE,OK
TKT63640054714,2025-12-07T16:19:40Z,PORTE-B,R53239624,ABONNEMENT,OK
TKT16950367533,2025-12-07T16:19:40Z,PORTE-C,R56285688,ABONNEMENT,OK
TKT93548136169,2025-12-07T16:19:40Z,PORTE-A,R53863792,ABONNEMENT,OK
TKT71019704025,2025-12-07T16:19:41Z,PORTE-D,R58232988,UNITE,OK
TKT89698951047,2025-12-07T16:19:42Z,PORTE-C,R57799319,UNITE,OK
TKT50457494095,2025-12-07T16:19:43Z,VIP-EST,R53304803,ABONNEMENT,OK
TKT47821325105,2025-12-07T16:19:46Z,PMR-NORD,R59155888,UNITE,OK
TKT31198843688,2025-12-07T16:19:47Z,PORTE-A,R59310029,ABONNEMENT,OK
TKT21845270637,2025-12-07T16:19:47Z,VIP-EST,R53853706,ABONNEMENT,OK
TKT76004459163,2025-12-07T16:19:48Z,PORTE-C,R57262063,ABONNEMENT,OK
TKT48724154390,2025-12-07T16:19:49Z,PORTE-C,R52207878,ABONNEMENT,OK
TKT56255436068,2025-12-07T16:19:49Z,PORTE-D,R56284328,UNITE,OK
TKT81234449322,2025-12-07T16:19:49Z,PORTE-A,,VIP,OK
TKT22828795943,2025-12-07T16:19:50Z,PORTE-A,R51317045,ABONNEMENT,OK
TKT83497031172,2025-12-07T16:19:50Z,PORTE-C,R52257052,UNITE,OK
TKT44023057521,2025-12-07T16:19:52Z,PORTE-C,R51893064,UNITE,OK
TKT44858511312,2025-12-07T16:19:52Z,PORTE-C,,GROUPE,OK
TKT49798868709,2025-12-07T16:19:53Z,PORTE-C,R57184212,GROUPE,OK
TKT28627018375,2025-12-07T16:19:53Z,PORTE-B,R56353932,UNITE,OK
TKT81927765384,2025-12-07T16:19:54Z,PORTE-C,R54247597,ABONNEMENT,OK
TKT94335310421,2025-12-07T16:19:54Z,PORTE-D,R55943701,UNITE,OK
TKT40577322915,2025-12-07T16:19:55Z,PORTE-B,R56741358,ABONNEMENT,OK
TKT83499503738,2025-12-07T16:19:55Z,PORTE-A,R55004240,ABONNEMENT,OK
TKT40384555369,2025-12-07T16:19:56Z,PORTE-C,R56257155,UNITE,OK
TKT11917382239,2025-12-07T16:19:57Z,PORTE-C,R56807964,UNITE,OK
TKT94993560001,2025-12-07T16:20:04Z,PORTE-C,R59319425,ABONNEMENT,OK
TKT51567210853,2025-12-07T16:20:05Z,PORTE-D,R58555148,ABONNEMENT,OK
TKT47991128690,2025-12-07T16:20:05Z,PORTE-A,,UNITE,OK
TKT49324969108,2025-12-07T16:20:06Z,PORTE-A,R51217806,UNITE,OK
TKT86745061865,2025-12-07T16:20:09Z,PORTE-D,R57364223,ABONNEMENT,OK
TKT87829979202,2025-12-07T16:20:09Z,PORTE-B,R53600470,ABONNEMENT,OK
TKT24823785022,2025-12-07T16:20:12Z,PORTE-C,R51235516,ABONNEMENT,OK
TKT45766794850,2025-12-07T16:20:13Z,PORTE-C,R52277348,UNITE,OK
TKT34912576687,2025-12-07T16:20:16Z,VIP-EST,R56472921,ABONNEMENT,OK
TKT67152225365,2025-12-07T16:20:16Z,PORTE-D,R59089962,GROUPE,OK
TKT22211433245,2025-12-07T16:20:16Z,PORTE-D,,UNITE,OK
TKT80828292574,2025-12-07T16:20:18Z,PORTE-D,R56541309,ABONNEMENT,OK
TKT91314066950,2025-12-07T16:20:19Z,PORTE-D,R51320388,UNITE,OK
TKT44928353587,2025-12-07T16:20:20Z,PORTE-B,R53115185,ABONNEMENT,OK
TKT74345861334,2025-12-07T16:20:21Z,VIP-EST,R53086853,ABONNEMENT,OK
TKT84600526114,2025-12-07T16:20:21Z,PORTE-A,R53130912,ABONNEMENT,OK
TKT62312783542,2025-12-07T16:20:21Z,PORTE-D,R53081815,UNITE,OK
TKT82798852856,2025-12-07T16:20:21Z,VIP-EST,,GROUPE,OK
TKT68301999201,2025-12-07T16:20:22Z,PORTE-D,R53504306,ABONNEMENT,OK
TKT38099203098,2025-12-07T16:20:24Z,PORTE-D,,UNITE,OK
TKT91161605288,2025-12-07T16:20:24Z,PORTE-D,R53469298,UNITE,OK
TKT43218194010,2025-12-07T16:20:25Z,PORTE-D,R52489446,ABONNEMENT,OK
TKT61262165059,2025-12-07T16:20:26Z,VIP-EST,R55715330,UNITE,OK
TKT28637898316,2025-12-07T16:20:27Z,PORTE-C,R55768862,ABONNEMENT,OK
TKT44258583098,2025-12-07T16:20:27Z,PORTE-C,R54941379,ABONNEMENT,OK
TKT12247641617,2025-12-07T16:20:30Z,PORTE-D,R58373355,ABONNEMENT,OK
TKT69838792991,2025-12-07T16:20:31Z,PORTE-A,R51908466,ABONNEMENT,OK
TKT11424207471,2025-12-07T16:20:31Z,PORTE-D,R59540852,ABONNEMENT,OK
TKT67706906423,2025-12-07T16:20:31Z,PORTE-C,R56403106,ABONNEMENT,OK
TKT34016368753,2025-12-07T16:20:31Z,PORTE-D,R53072074,UNITE,OK
TKT42239395725,2025-12-07T16:20:33Z,PORTE-C,R52260730,ABONNEMENT,OK
TKT42120534971,2025-12-07T16:20:34Z,PORTE-C,R58106087,ABONNEMENT,OK
TKT61331272571,2025-12-07T16:20:34Z,PORTE-C,,UNITE,REFUSE_DEJA_SCANNE
TKT24900302797,2025-12-07T16:20:35Z,PORTE-A,R51229865,ABONNEMENT,OK
TKT27865987024,2025-12-07T16:20:35Z,PORTE-D,R58064815,UNITE,OK
TKT75866157201,2025-12-07T16:20:36Z,PORTE-D,R59911449,GROUPE,OK
TKT40831424284,2025-12-07T16:20:37Z,PORTE-A,R52771359,ABONNEMENT,OK
TKT28486012672,2025-12-07T16:20:37Z,PORTE-B,R53145011,ABONNEMENT,OK
TKT96109203318,2025-12-07T16:20:37Z,VIP-EST,R56433019,UNITE,OK
TKT50413470249,2025-12-07T16:20:38Z,PORTE-B,R55800939,ABONNEMENT,OK
TKT50104195932,2025-12-07T16:20:38Z,PORTE-D,,UNITE,OK
TKT98240568552,2025-12-07T16:20:39Z,PORTE-D,R55888263,ABONNEMENT,OK
TKT58810063383,2025-12-07T16:20:39Z,PORTE-B,R58727056,UNITE,OK
TKT62879364080,2025-12-07T16:20:39Z,VIP-EST,,VIP,OK
TKT51376919450,2025-12-07T16:20:40Z,PORTE-C,R52267262,ABONNEMENT,OK
TKT64661522642,2025-12-07T16:20:43Z,PORTE-C,,GROUPE,OK
TKT87286932992,2025-12-07T16:20:44Z,PORTE-C,R52892455,ABONNEMENT,OK
TKT84405642143,2025-12-07T16:20:44Z,PORTE-D,R53454030,UNITE,OK
TKT60307945663,2025-12-07T16:20:45Z,PORTE-A,R51295121,ABONNEMENT,OK
TKT14858303820,2025-12-07T16:20:45Z,PORTE-D,R58195049,INVITATION,OK
TKT60772452422,2025-12-07T16:20:45Z,PORTE-C,R55391522,UNITE,REFUSE_DEJA_SCANNE
TKT75286257443,2025-12-07T16:20:49Z,PORTE-A,R51535762,ABONNEMENT,OK
TKT37577858466,2025-12-07T16:20:49Z,PORTE-B,R54951666,UNITE,OK
TKT18235917029,2025-12-07T16:20:50Z,PORTE-D,R54617715,ABONNEMENT,OK
TKT95830078095,2025-12-07T16:20:52Z,VIP-EST,R55830497,UNITE,OK
TKT33934886425,2025-12-07T16:20:53Z,PORTE-A,R59376846,ABONNEMENT,OK
TKT91417889320,2025-12-07T16:20:53Z,PORTE-C,R51137503,ABONNEMENT,OK
TKT44278611107,2025-12-07T16:20:54Z,PORTE-C,R55136591,ABONNEMENT,OK
TKT24855779987,2025-12-07T16:20:55Z,PORTE-A,R52435914,ABONNEMENT,OK
TKT88953396334,2025-12-07T16:20:56Z,PORTE-A,R52899878,ABONNEMENT,OK
TKT56903712865,2025-12-07T16:20:57Z,PORTE-D,R54684053,ABONNEMENT,OK
TKT21617762909,2025-12-07T16:20:57Z,PORTE-C,R54099050,UNITE,OK
TKT69064084516,2025-12-07T16:20:58Z,PORTE-C,R52328505,UNITE,OK
TKT14623932098,2025-12-07T16:20:59Z,PORTE-D,R58028514,UNITE,OK
TKT80974585564,2025-12-07T16:21:00Z,PORTE-D,R57959590,UNITE,OK
TKT83220519958,2025-12-07T16:21:04Z,PORTE-A,R52255826,ABONNEMENT,OK
TKT43540051949,2025-12-07T16:21:04Z,PORTE-A,R54322517,ABONNEMENT,OK
TKT25226483024,2025-12-07T16:21:04Z,PORTE-C,R52551081,ABONNEMENT,OK
TKT58144437481,2025-12-07T16:21:04Z,PORTE-D,R59000052,UNITE,OK
TKT79845994976,2025-12-07T16:21:09Z,PORTE-C,R59932492,UNITE,OK
TKT79023966528,2025-12-07T16:21:10Z,PORTE-D,R58595683,ABONNEMENT,OK
TKT12651791847,2025-12-07T16:21:10Z,PORTE-D,R58334679,ABONNEMENT,OK
TKT73019229229,2025-12-07T16:21:15Z,VIP-EST,R54213547,UNITE,OK
TKT14150444361,2025-12-07T16:21:16Z,PORTE-A,R56985935,ABONNEMENT,OK
TKT38413620481,2025-12-07T16:21:16Z,PORTE-D,,UNITE,OK
TKT19434750995,2025-12-07T16:21:18Z,PORTE-D,R54861411,ABONNEMENT,OK
TKT68421058847,2025-12-07T16:21:20Z,PORTE-A,R55567932,ABONNEMENT,OK
TKT64162641205,2025-12-07T16:21:20Z,PORTE-A,,VIP,OK
TKT49165018858,2025-12-07T16:21:21Z,PORTE-D,R58191984,ABONNEMENT,OK
TKT88635140695,2025-12-07T16:21:21Z,PORTE-C,R58109162,UNITE,OK
TKT31499657963,2025-12-07T16:21:22Z,PORTE-D,R56127879,UNITE,OK
TKT93270228646,2025-12-07T16:21:24Z,PORTE-C,R55165938,ABONNEMENT,OK
TKT64778938300,2025-12-07T16:21:25Z,PORTE-A,R52785736,ABONNEMENT,OK
TKT73852561717,2025-12-07T16:21:27Z,PORTE-B,R58226925,ABONNEMENT,OK
TKT61296763439,2025-12-07T16:21:27Z,PORTE-B,,UNITE,OK
TKT74412388787,2025-12-07T16:21:28Z,PORTE-A,R55537081,VIP,OK
TKT28481390848,2025-12-07T16:21:29Z,VIP-EST,R58447873,ABONNEMENT,OK
TKT24209080901,2025-12-07T16:21:29Z,PMR-NORD,R55256729,UNITE,OK
TKT17293738354,2025-12-07T16:21:30Z,PORTE-A,R53678331,ABONNEMENT,OK
TKT33248803553,2025-12-07T16:21:30Z,PORTE-D,R55324839,UNITE,OK
TKT30367314546,2025-12-07T16:21:32Z,PORTE-D,R52233145,ABONNEMENT,OK
TKT17657242151,2025-12-07T16:21:33Z,PORTE-D,R59733411,ABONNEMENT,OK
TKT22496126263,2025-12-07T16:21:33Z,PORTE-C,R57473960,ABONNEMENT,OK
TKT19453832268,2025-12-07T16:21:34Z,PORTE-C,,UNITE,OK
TKT93984140094,2025-12-07T16:21:34Z,PORTE-B,R51936051,UNITE,OK
TKT91780974406,2025-12-07T16:21:37Z,PORTE-C,R51543252,UNITE,OK
TKT86429445064,2025-12-07T16:21:38Z,PORTE-C,R56934309,ABONNEMENT,OK
TKT38071468737,2025-12-07T16:21:38Z,PORTE-D,,UNITE,OK
TKT79424582840,2025-12-07T16:21:40Z,PORTE-B,R51154543,ABONNEMENT,OK
TKT26822597196,2025-12-07T16:21:40Z,PORTE-C,R56283581,ABONNEMENT,OK
TKT87014992902,2025-12-07T16:21:40Z,PORTE-A,R58652826,ABONNEMENT,OK
TKT63866702480,2025-12-07T16:21:40Z,PORTE-C,R51881695,UNITE,OK
TKT90793674441,2025-12-07T16:21:40Z,PORTE-A,R58123941,UNITE,OK
TKT10103935430,2025-12-07T16:21:41Z,PORTE-D,,INVITATION,OK
TKT43384276556,2025-12-07T16:21:41Z,PORTE-D,R57187076,INVITATION,OK
TKT86805344260,2025-12-07T16:21:42Z,VIP-EST,R59365735,ABONNEMENT,OK
TKT73182754230,2025-12-07T16:21:45Z,VIP-EST,R59590706,ABONNEMENT,OK
TKT63435449599,2025-12-07T16:21:45Z,PORTE-B,,UNITE,OK
TKT72342747806,2025-12-07T16:21:46Z,PORTE-D,R56763081,ABONNEMENT,OK
TKT32729999862,2025-12-07T16:21:47Z,PORTE-C,R57671403,UNITE,OK
TKT95266413782,2025-12-07T16:21:50Z,PORTE-D,R59646499,UNITE,OK
TKT96070514580,2025-12-07T16:21:51Z,PORTE-B,R57823772,ABONNEMENT,OK
TKT19183353009,2025-12-07T16:21:53Z,PORTE-D,R55903387,ABONNEMENT,OK
TKT40319014516,2025-12-07T16:21:54Z,PORTE-D,R55989542,ABONNEMENT,OK
TKT68934278330,2025-12-07T16:21:55Z,PORTE-C,,UNITE,OK
TKT23908364643,2025-12-07T16:21:57Z,PORTE-C,R51034117,UNITE,OK
TKT10733508909,2025-12-07T16:21:59Z,PORTE-C,R58465315,ABONNEMENT,OK
TKT61862447037,2025-12-07T16:22:00Z,PORTE-C,R58386985,ABONNEMENT,OK
TKT30246364161,2025-12-07T16:22:01Z,VIP-EST,R52992786,ABONNEMENT,OK
TKT81111501619,2025-12-07T16:22:01Z,PORTE-B,R55468827,ABONNEMENT,OK
TKT95801444119,2025-12-07T16:22:01Z,PORTE-D,R52915203,UNITE,OK
TKT35454255424,2025-12-07T16:22:03Z,PORTE-D,R51424464,ABONNEMENT,OK
TKT84217932848,2025-12-07T16:22:03Z,PORTE-C,,UNITE,OK
TKT98043555017,2025-12-07T16:22:04Z,PORTE-B,R52671172,ABONNEMENT,OK
TKT53916496434,2025-12-07T16:22:04Z,VIP-EST,R53985099,VIP,OK
TKT76417458012,2025-12-07T16:22:05Z,PORTE-C,R56662338,ABONNEMENT,OK
TKT56377418143,2025-12-07T16:22:07Z,PORTE-A,R56111194,ABONNEMENT,OK
TKT93921116132,2025-12-07T16:22:07Z,PORTE-D,R52079828,ABONNEMENT,OK
TKT33650038971,2025-12-07T16:22:07Z,PORTE-D,R51833191,UNITE,REFUSE_DEJA_SCANNE
TKT89411518646,2025-12-07T16:22:09Z,PORTE-C,R55733643,ABONNEMENT,OK
TKT95511036851,2025-12-07T16:22:09Z,PORTE-D,R53440420,UNITE,OK
TKT12576246778,2025-12-07T16:22:12Z,PORTE-C,R57188235,UNITE,OK
TKT69570419664,2025-12-07T16:22:13Z,PORTE-A,R54008671,ABONNEMENT,OK
TKT19205968307,2025-12-07T16:22:13Z,PORTE-D,R58917575,ABONNEMENT,OK
TKT16225786673,2025-12-07T16:22:15Z,PORTE-D,R57832287,UNITE,OK
TKT41998567204,2025-12-07T16:22:16Z,VIP-EST,R53985779,ABONNEMENT,OK
TKT48651931106,2025-12-07T16:22:19Z,PORTE-C,R56989824,UNITE,OK
TKT49890368724,2025-12-07T16:22:20Z,PORTE-A,R59670885,ABONNEMENT,OK
TKT16985696464,2025-12-07T16:22:22Z,PORTE-C,R59154806,ABONNEMENT,OK
TKT75819091463,2025-12-07T16:22:23Z,PORTE-C,R57038797,ABONNEMENT,OK
TKT15678471793,2025-12-07T16:22:24Z,VIP-EST,R53436531,ABONNEMENT,OK
TKT49325034570,2025-12-07T16:22:27Z,PORTE-D,,UNITE,OK
TKT68468859204,2025-12-07T16:22:27Z,PORTE-B,,UNITE,OK
TKT89708657248,2025-12-07T16:22:28Z,PORTE-C,R53738338,ABONNEMENT,OK
TKT29772166703,2025-12-07T16:22:29Z,PORTE-A,R59134500,ABONNEMENT,OK
TKT44654423667,2025-12-07T16:22:30Z,PORTE-A,R53074516,ABONNEMENT,OK
TKT86559236714,2025-12-07T16:22:31Z,PORTE-C,R53205698,ABONNEMENT,OK
TKT10830477243,2025-12-07T16:22:31Z,PORTE-B,R51011225,ABONNEMENT,OK
TKT47904381110,2025-12-07T16:22:32Z,VIP-EST,R56751357,ABONNEMENT,OK
TKT19720388458,2025-12-07T16:22:33Z,PORTE-D,R55264641,ABONNEMENT,OK
TKT49487249061,2025-12-07T16:22:33Z,PORTE-D,R55766343,UNITE,OK
TKT23167418137,2025-12-07T16:22:34Z,PORTE-C,,UNITE,OK
TKT42554303543,2025-12-07T16:22:35Z,PORTE-A,R54165656,ABONNEMENT,OK
TKT16638764431,2025-12-07T16:22:35Z,PORTE-C,R59057885,UNITE,OK
TKT38622453303,2025-12-07T16:22:36Z,PORTE-B,R59709092,ABONNEMENT,OK
TKT54401560240,2025-12-07T16:22:36Z,PORTE-D,R52765229,ABONNEMENT,OK
TKT93155094582,2025-12-07T16:22:36Z,VIP-EST,R55476116,ABONNEMENT,OK
TKT90523511664,2025-12-07T16:22:37Z,PORTE-C,R56490095,ABONNEMENT,OK
TKT38791485510,2025-12-07T16:22:39Z,PORTE-D,R54328925,ABONNEMENT,OK
TKT23732086033,2025-12-07T16:22:39Z,PORTE-C,R53322791,UNITE,OK
TKT59676029511,2025-12-07T16:22:40Z,PORTE-C,R54931839,UNITE,OK
TKT15557170898,2025-12-07T16:22:40Z,VIP-EST,R59305048,VIP,OK
TKT48689027379,2025-12-07T16:22:42Z,PORTE-A,R55160699,ABONNEMENT,OK
TKT69077318640,2025-12-07T16:22:42Z,PORTE-D,R58744230,GROUPE,OK
TKT73683760877,2025-12-07T16:22:43Z,PORTE-D,R57718470,ABONNEMENT,OK
TKT23737108668,2025-12-07T16:22:45Z,PORTE-C,R51763185,ABONNEMENT,OK
TKT25628027242,2025-12-07T16:22:45Z,PORTE-A,R53243024,ABONNEMENT,OK
TKT40147815591,2025-12-07T16:22:47Z,VIP-EST,R54977278,ABONNEMENT,OK
TKT18381660008,2025-12-07T16:22:49Z,PORTE-C,R51254730,UNITE,OK
TKT46174510589,2025-12-07T16:22:52Z,PORTE-C,R55716489,ABONNEMENT,OK
TKT97384390718,2025-12-07T16:22:52Z,PORTE-D,R58034309,ABONNEMENT,OK
TKT84552804009,2025-12-07T16:22:53Z,PORTE-B,R51093032,ABONNEMENT,OK
TKT10055452093,2025-12-07T16:22:53Z,VIP-EST,R57509983,ABONNEMENT,OK
TKT22234047339,2025-12-07T16:22:53Z,PORTE-C,R54127583,ABONNEMENT,OK
TKT15226268523,2025-12-07T16:22:54Z,VIP-EST,R54679226,ABONNEMENT,OK
TKT96761320749,2025-12-07T16:22:54Z,PORTE-A,,INVITATION,OK
TKT58173531058,2025-12-07T16:22:55Z,PORTE-C,R54573991,ABONNEMENT,OK
TKT79305530235,2025-12-07T16:22:55Z,PORTE-B,R52860646,ABONNEMENT,OK
TKT24313827449,2025-12-07T16:22:56Z,PORTE-A,R59209219,ABONNEMENT,OK
TKT55758298490,2025-12-07T16:22:56Z,PORTE-C,R52108428,ABONNEMENT,OK
TKT92261570068,2025-12-07T16:22:56Z,PORTE-D,R52643041,UNITE,OK
TKT51255389679,2025-12-07T16:22:57Z,PORTE-A,R52985574,ABONNEMENT,OK
TKT47032958518,2025-12-07T16:22:58Z,PORTE-C,R52262847,ABONNEMENT,OK
TKT20548379381,2025-12-07T16:22:59Z,PORTE-D,R54837849,UNITE,OK
TKT50448916957,2025-12-07T16:22:59Z,VIP-EST,,VIP,OK
TKT46392749747,2025-12-07T16:23:01Z,PORTE-D,R58825280,UNITE,OK
TKT47239228585,2025-12-07T16:23:03Z,PORTE-A,R57750423,UNITE,OK
TKT59013120740,2025-12-07T16:23:05Z,PORTE-D,R54030863,UNITE,REFUSE_DEJA_SCANNE
TKT36197439232,2025-12-07T16:23:06Z,PORTE-B,R53482985,UNITE,OK
TKT27833089620,2025-12-07T16:23:06Z,PORTE-D,R54238603,UNITE,OK
TKT28635540912,2025-12-07T16:23:08Z,PORTE-B,R56317842,ABONNEMENT,OK
TKT19209870576,2025-12-07T16:23:10Z,PORTE-C,R51804591,ABONNEMENT,OK
TKT71592761801,2025-12-07T16:23:11Z,PORTE-C,R52370591,UNITE,OK
TKT92360548718,2025-12-07T16:23:12Z,PORTE-C,R53962696,ABONNEMENT,OK
TKT58865537966,2025-12-07T16:23:12Z,PORTE-A,R57259678,UNITE,OK
TKT71383637690,2025-12-07T16:23:13Z,PORTE-C,,UNITE,OK
TKT53062419865,2025-12-07T16:23:16Z,PORTE-A,R57046632,ABONNEMENT,OK
TKT70848632229,2025-12-07T16:23:16Z,PORTE-C,R59525604,UNITE,OK
TKT53375993077,2025-12-07T16:23:17Z,PORTE-D,R58028514,ABONNEMENT,OK
TKT49491282850,2025-12-07T16:23:17Z,PORTE-D,R58069585,ABONNEMENT,OK
TKT29329928783,2025-12-07T16:23:17Z,PORTE-B,R56477892,UNITE,OK
TKT80174061149,2025-12-07T16:23:19Z,PORTE-D,R52068928,ABONNEMENT,OK
TKT79486058537,2025-12-07T16:23:19Z,PORTE-D,R51148882,ABONNEMENT,OK
TKT85237081635,2025-12-07T16:23:22Z,PORTE-A,R56517000,ABONNEMENT,OK
TKT91216871230,2025-12-07T16:23:22Z,PORTE-C,R55092512,ABONNEMENT,OK
TKT67795608829,2025-12-07T16:23:23Z,PORTE-D,R54693459,ABONNEMENT,REFUSE_DEJA_SCANNE
TKT91161605288,2025-12-07T16:23:24Z,PORTE-D,R53469298,UNITE,REFUSE_DEJA_SCANNE
TKT15818764467,2025-12-07T16:23:24Z,PORTE-D,,UNITE,OK
TKT60854725454,2025-12-07T16:23:25Z,PORTE-C,R54632360,UNITE,OK
TKT36768839934,2025-12-07T16:23:27Z,VIP-EST,R55235887,ABONNEMENT,OK
TKT26611126180,2025-12-07T16:23:27Z,PORTE-C,R56809525,ABONNEMENT,OK
TKT68337737859,2025-12-07T16:23:27Z,PORTE-D,R58941606,ABONNEMENT,OK
TKT26913223237,2025-12-07T16:23:28Z,PORTE-C,R56213699,ABONNEMENT,OK
TKT56114790273,2025-12-07T16:23:29Z,PORTE-B,R51485084,ABONNEMENT,OK
TKT36027696496,2025-12-07T16:23:29Z,PORTE-B,R56411286,UNITE,OK
TKT96930244884,2025-12-07T16:23:29Z,PORTE-D,,UNITE,OK
TKT66535784647,2025-12-07T16:23:30Z,PORTE-D,R53283281,ABONNEMENT,OK
TKT66359969967,2025-12-07T16:23:30Z,PORTE-D,,UNITE,OK
TKT41714924402,2025-12-07T16:23:31Z,PORTE-B,R57815123,ABONNEMENT,OK
TKT94178647345,2025-12-07T16:23:31Z,PORTE-C,R55201425,ABONNEMENT,OK
TKT30747680713,2025-12-07T16:23:31Z,PORTE-B,R56784871,ABONNEMENT,OK
TKT60755749737,2025-12-07T16:23:32Z,PORTE-C,R57366685,ABONNEMENT,OK
TKT74686413798,2025-12-07T16:23:34Z,PORTE-C,R56811920,ABONNEMENT,OK
TKT38880280153,2025-12-07T16:23:36Z,PORTE-C,R52936534,ABONNEMENT,OK
TKT67926185036,2025-12-07T16:23:36Z,PORTE-C,R58459587,UNITE,OK
TKT60956910870,2025-12-07T16:23:39Z,PORTE-C,R59882504,ABONNEMENT,OK
TKT44116674592,2025-12-07T16:23:39Z,PORTE-D,R57232639,ABONNEMENT,OK
TKT91422937230,2025-12-07T16:23:41Z,PORTE-D,R53669270,ABONNEMENT,OK
TKT15099947250,2025-12-07T16:23:41Z,PORTE-C,R56425385,ABONNEMENT,OK
TKT21071933271,2025-12-07T16:23:41Z,PORTE-A,R56000911,UNITE,OK
TKT23323173091,2025-12-07T16:23:42Z,PORTE-D,R52084866,UNITE,OK
TKT28284940589,2025-12-07T16:23:44Z,PORTE-C,R56029042,UNITE,OK
TKT41943045929,2025-12-07T16:23:44Z,PORTE-C,,UNITE,OK
TKT60885486052,2025-12-07T16:23:45Z,PORTE-B,R58217050,ABONNEMENT,OK
TKT11821378019,2025-12-07T16:23:46Z,PORTE-B,R53314822,UNITE,OK
TKT30957163281,2025-12-07T16:23:46Z,PORTE-C,,INVITATION,OK
TKT26706374350,2025-12-07T16:23:46Z,PORTE-D,,UNITE,REFUSE_DEJA_SCANNE
TKT60267186925,2025-12-07T16:23:48Z,PORTE-C,R56049683,ABONNEMENT,OK
TKT89820474659,2025-12-07T16:23:48Z,PORTE-D,R54166336,ABONNEMENT,OK
TKT37617603425,2025-12-07T16:23:49Z,PORTE-C,R54264828,ABONNEMENT,OK
TKT74423482223,2025-12-07T16:23:49Z,PORTE-D,R54650616,UNITE,OK
TKT29595939291,2025-12-07T16:23:52Z,PORTE-D,R58958368,ABONNEMENT,OK
TKT38660704861,2025-12-07T16:23:53Z,PORTE-D,R54229341,UNITE,OK
TKT76104493472,2025-12-07T16:23:55Z,VIP-EST,R51512669,ABONNEMENT,OK
TKT21671771791,2025-12-07T16:23:55Z,PORTE-C,R56156144,ABONNEMENT,OK
TKT88658731796,2025-12-07T16:23:55Z,PORTE-C,R53121650,ABONNEMENT,REFUSE_DEJA_SCANNE
TKT47844468460,2025-12-07T16:23:56Z,PORTE-B,R58925477,ABONNEMENT,OK
TKT43863858839,2025-12-07T16:23:56Z,PMR-NORD,R59741380,ABONNEMENT,OK
TKT53948151328,2025-12-07T16:24:03Z,PORTE-A,R52275040,ABONNEMENT,OK
TKT84217932848,2025-12-07T16:24:03Z,PORTE-C,,UNITE,REFUSE_DEJA_SCANNE
TKT74033989884,2025-12-07T16:24:03Z,PORTE-D,R51483724,UNITE,OK
TKT83426720556,2025-12-07T16:24:04Z,PORTE-C,R52003337,ABONNEMENT,OK
TKT81379587455,2025-12-07T16:24:06Z,PORTE-D,,UNITE,OK
TKT38030935567,2025-12-07T16:24:07Z,PORTE-C,R57293805,ABONNEMENT,OK
TKT18190220998,2025-12-07T16:24:07Z,PORTE-B,R51121096,ABONNEMENT,OK
TKT60352681860,2025-12-07T16:24:07Z,PORTE-D,R58999506,ABONNEMENT,OK
TKT95180812279,2025-12-07T16:24:09Z,PORTE-C,R54869869,ABONNEMENT,OK
TKT56156756200,2025-12-07T16:24:09Z,PORTE-A,R59807239,ABONNEMENT,OK
TKT83671079030,2025-12-07T16:24:09Z,PORTE-A,R56004934,ABONNEMENT,OK
TKT97936306761,2025-12-07T16:24:10Z,PORTE-C,,UNITE,REFUSE_INVALIDE
TKT52744209341,2025-12-07T16:24:11Z,PORTE-A,R58924385,UNITE,OK
TKT94050752147,2025-12-07T16:24:12Z,PORTE-B,R54226276,ABONNEMENT,OK
TKT50538327380,2025-12-07T16:24:13Z,PORTE-A,R52851662,ABONNEMENT,OK
TKT77170865752,2025-12-07T16:24:14Z,PORTE-C,R51612990,ABONNEMENT,OK
TKT52852797476,2025-12-07T16:24:14Z,PORTE-A,R55726153,UNITE,OK
TKT17802755505,2025-12-07T16:24:16Z,PORTE-C,R56309806,ABONNEMENT,OK
TKT21346000508,2025-12-07T16:24:16Z,PORTE-D,R53324620,UNITE,OK
TKT56840728578,2025-12-07T16:24:17Z,PORTE-D,R55702524,ABONNEMENT,OK
TKT71017745580,2025-12-07T16:24:17Z,PORTE-D,R52451574,ABONNEMENT,OK
TKT35003764331,2025-12-07T16:24:17Z,PORTE-C,R56745773,ABONNEMENT,OK
TKT27795654852,2025-12-07T16:24:22Z,PORTE-A,R51331623,ABONNEMENT,OK
TKT81059059149,2025-12-07T16:24:24Z,PORTE-A,R58335972,UNITE,OK
TKT68121515281,2025-12-07T16:24:25Z,VIP-EST,,GROUPE,OK
TKT64682607183,2025-12-07T16:24:26Z,PORTE-D,,UNITE,OK
TKT81151185137,2025-12-07T16:24:27Z,PORTE-D,R59708067,ABONNEMENT,OK
TKT97357047323,2025-12-07T16:24:27Z,PORTE-B,R59820313,ABONNEMENT,OK
TKT23903594971,2025-12-07T16:24:28Z,PORTE-C,R58749536,ABONNEMENT,OK
TKT60065316138,2025-12-07T16:24:28Z,PORTE-A,R52108428,UNITE,OK
TKT14557302458,2025-12-07T16:24:32Z,PORTE-D,R58749747,ABONNEMENT,OK
TKT69592545958,2025-12-07T16:24:33Z,PORTE-B,R51190834,ABONNEMENT,OK
TKT35199001816,2025-12-07T16:24:33Z,PORTE-B,R51106106,UNITE,OK
TKT58176730678,2025-12-07T16:24:34Z,VIP-EST,R56755792,ABONNEMENT,OK
TKT77135330962,2025-12-07T16:24:34Z,PORTE-C,R55686375,UNITE,OK
TKT35117923324,2025-12-07T16:24:37Z,PORTE-D,R55839769,ABONNEMENT,OK
TKT48929109108,2025-12-07T16:24:37Z,PORTE-C,R51226398,UNITE,OK
TKT53942489592,2025-12-07T16:24:37Z,PORTE-D,,UNITE,OK
TKT59179171027,2025-12-07T16:24:38Z,PORTE-D,,GROUPE,OK
TKT67143189850,2025-12-07T16:24:39Z,PORTE-B,R57232907,ABONNEMENT,OK
TKT91133639334,2025-12-07T16:24:41Z,VIP-EST,R55168400,ABONNEMENT,OK
TKT69209414236,2025-12-07T16:24:41Z,PORTE-D,,UNITE,OK
TKT75258211475,2025-12-07T16:24:42Z,PORTE-D,R54425779,ABONNEMENT,OK
TKT75305614276,2025-12-07T16:24:45Z,PORTE-A,R53941509,ABONNEMENT,OK
TKT51438089173,2025-12-07T16:24:48Z,PORTE-B,R55166216,ABONNEMENT,OK
TKT63993317756,2025-12-07T16:24:50Z,PORTE-D,R59206231,UNITE,OK
TKT13699979577,2025-12-07T16:24:54Z,PORTE-C,R53063626,ABONNEMENT,OK
TKT68914025963,2025-12-07T16:24:54Z,PORTE-B,R58061003,UNITE,OK
TKT26319930415,2025-12-07T16:24:55Z,PORTE-C,R54428164,UNITE,OK
TKT14097231338,2025-12-07T16:24:57Z,PORTE-A,R59621299,ABONNEMENT,OK
TKT94030669091,2025-12-07T16:25:01Z,PORTE-C,,UNITE,OK
TKT97439803371,2025-12-07T16:25:01Z,PORTE-C,R53325578,UNITE,OK
TKT54103825615,2025-12-07T16:25:02Z,PORTE-D,R58045812,UNITE,OK
TKT29039144686,2025-12-07T16:25:04Z,PORTE-A,R59233940,UNITE,OK
TKT47659611688,2025-12-07T16:25:08Z,PORTE-D,R57418311,UNITE,OK
TKT82945310051,2025-12-07T16:25:09Z,PORTE-C,R58885689,ABONNEMENT,OK
TKT78630490260,2025-12-07T16:25:10Z,PORTE-C,,UNITE,OK
TKT48703051975,2025-12-07T16:25:11Z,PORTE-C,R51276530,ABONNEMENT,OK
TKT19168983917,2025-12-07T16:25:11Z,PORTE-A,R57163849,ABONNEMENT,OK
TKT64682295153,2025-12-07T16:25:13Z,VIP-EST,R58057124,ABONNEMENT,OK
TKT31925835948,2025-12-07T16:25:13Z,PORTE-D,R51200853,UNITE,REFUSE_INVALIDE
TKT40427636880,2025-12-07T16:25:14Z,PORTE-D,R55303595,ABONNEMENT,OK
TKT50255057342,2025-12-07T16:25:14Z,VIP-EST,R56917356,UNITE,OK
TKT95132610834,2025-12-07T16:25:15Z,PORTE-C,R55904680,ABONNEMENT,OK
TKT73184755650,2025-12-07T16:25:15Z,PORTE-D,R57879143,ABONNEMENT,OK
TKT52475608188,2025-12-07T16:25:15Z,VIP-EST,,UNITE,OK
TKT80911454169,2025-12-07T16:25:17Z,PORTE-B,R51604073,ABONNEMENT,OK
TKT79230956971,2025-12-07T16:25:18Z,PORTE-B,R53396284,ABONNEMENT,OK
TKT24820932252,2025-12-07T16:25:18Z,VIP-EST,R59193281,ABONNEMENT,OK
TKT37749666071,2025-12-07T16:25:18Z,PORTE-C,R54518131,INVITATION,OK
TKT13760087036,2025-12-07T16:25:18Z,PORTE-D,R58793136,UNITE,OK
TKT83546439284,2025-12-07T16:25:19Z,VIP-EST,R54494904,ABONNEMENT,OK
TKT47533314530,2025-12-07T16:25:20Z,PORTE-D,R57854767,ABONNEMENT,OK
TKT86719271403,2025-12-07T16:25:20Z,PORTE-C,R54859984,UNITE,OK
TKT29288511439,2025-12-07T16:25:22Z,VIP-EST,R59876240,UNITE,OK
TKT80640321295,2025-12-07T16:25:23Z,PORTE-B,R53405412,ABONNEMENT,OK
TKT27966715647,2025-12-07T16:25:23Z,VIP-EST,R58466742,ABONNEMENT,OK
TKT15607426684,2025-12-07T16:25:23Z,VIP-EST,,UNITE,OK
TKT87185048373,2025-12-07T16:25:24Z,PORTE-D,R54278324,ABONNEMENT,OK
TKT40081106410,2025-12-07T16:25:29Z,VIP-EST,R53757877,ABONNEMENT,OK
TKT29211855985,2025-12-07T16:25:29Z,PORTE-D,R56407397,ABONNEMENT,OK
TKT93557233025,2025-12-07T16:25:29Z,PORTE-D,,UNITE,OK
TKT94279945687,2025-12-07T16:25:29Z,PORTE-A,R53469566,UNITE,OK
TKT48588404632,2025-12-07T16:25:31Z,PORTE-B,R59389652,ABONNEMENT,OK
TKT28648957409,2025-12-07T16:25:31Z,VIP-EST,R56588989,UNITE,OK
TKT27852083755,2025-12-07T16:25:32Z,PORTE-B,R56640136,ABONNEMENT,OK
TKT78122081449,2025-12-07T16:25:32Z,PORTE-C,R59810649,UNITE,OK
TKT17307047678,2025-12-07T16:25:32Z,PORTE-C,R56989824,UNITE,OK
TKT89825961047,2025-12-07T16:25:34Z,PORTE-C,R58540647,ABONNEMENT,OK
TKT98300774607,2025-12-07T16:25:34Z,PORTE-C,R54186163,ABONNEMENT,OK
TKT39060739312,2025-12-07T16:25:34Z,VIP-EST,R58772351,ABONNEMENT,OK
TKT72230186763,2025-12-07T16:25:35Z,PORTE-C,R51480793,GROUPE,OK
TKT99415692107,2025-12-07T16:25:36Z,PORTE-B,R58373633,UNITE,OK
TKT27614926862,2025-12-07T16:25:36Z,PORTE-A,R59565516,VIP,OK
TKT39450968267,2025-12-07T16:25:37Z,VIP-EST,R59608282,ABONNEMENT,OK
TKT57849842675,2025-12-07T16:25:39Z,VIP-EST,R58689606,ABONNEMENT,OK
TKT74081169036,2025-12-07T16:25:39Z,PORTE-C,R58795032,ABONNEMENT,OK
TKT70271211101,2025-12-07T16:25:41Z,PORTE-C,R54504243,UNITE,OK
TKT52190155940,2025-12-07T16:25:42Z,PORTE-C,R53703330,ABONNEMENT,OK
TKT50130342130,2025-12-07T16:25:42Z,PORTE-A,R51232049,ABONNEMENT,OK
TKT37514506870,2025-12-07T16:25:44Z,PORTE-D,R57109158,ABONNEMENT,OK
TKT91465386779,2025-12-07T16:25:45Z,PORTE-C,R59661345,ABONNEMENT,OK
TKT26911905257,2025-12-07T16:25:45Z,VIP-EST,R51176467,UNITE,OK
TKT13256265544,2025-12-07T16:25:46Z,PORTE-D,R52580438,ABONNEMENT,OK
TKT69578580743,2025-12-07T16:25:47Z,PORTE-D,R56787333,UNITE,OK
TKT18676759118,2025-12-07T16:25:48Z,PORTE-B,R54607974,ABONNEMENT,OK
TKT72115423130,2025-12-07T16:25:48Z,PORTE-A,R54704349,ABONNEMENT,OK
TKT49067794421,2025-12-07T16:25:49Z,VIP-EST,R58181017,UNITE,OK
TKT72543163435,2025-12-07T16:25:50Z,PORTE-A,R59339108,ABONNEMENT,OK
TKT85427745980,2025-12-07T16:25:50Z,PORTE-A,R53486328,UNITE,OK
TKT67226707155,2025-12-07T16:25:50Z,PORTE-C,R55647967,UNITE,OK
TKT86449291282,2025-12-07T16:25:51Z,PORTE-A,R55672477,ABONNEMENT,OK
TKT14885461080,2025-12-07T16:25:51Z,PORTE-C,R59202744,ABONNEMENT,OK
TKT84992985637,2025-12-07T16:25:52Z,PORTE-C,R58267929,UNITE,REFUSE_DEJA_SCANNE
TKT96067169722,2025-12-07T16:25:54Z,PORTE-C,R52720413,UNITE,OK
TKT51078024295,2025-12-07T16:25:55Z,PORTE-D,R53487688,ABONNEMENT,OK
TKT32741732554,2025-12-07T16:25:56Z,PORTE-C,R58936099,ABONNEMENT,OK
TKT26563689361,2025-12-07T16:25:57Z,PORTE-A,R52861068,ABONNEMENT,OK
TKT39625570226,2025-12-07T16:25:58Z,PORTE-B,R59464907,UNITE,OK
TKT42222582732,2025-12-07T16:26:01Z,PORTE-B,R59268824,ABONNEMENT,OK
TKT42208731611,2025-12-07T16:26:01Z,PORTE-D,R54904733,UNITE,OK
TKT11091196708,2025-12-07T16:26:03Z,PORTE-B,R56510391,ABONNEMENT,OK
TKT44232149325,2025-12-07T16:26:03Z,PORTE-A,R54628538,ABONNEMENT,OK
TKT97608842671,2025-12-07T16:26:04Z,PORTE-A,R56868249,ABONNEMENT,OK
TKT85699718570,2025-12-07T16:26:04Z,PORTE-A,R58035257,ABONNEMENT,OK
TKT20873988995,2025-12-07T16:26:06Z,PMR-NORD,R56147150,ABONNEMENT,OK
TKT43141250513,2025-12-07T16:26:08Z,PORTE-C,R56663430,ABONNEMENT,OK
TKT23586251643,2025-12-07T16:26:08Z,PORTE-A,R53157271,ABONNEMENT,OK
TKT98609080183,2025-12-07T16:26:08Z,PORTE-C,,UNITE,OK
TKT43031316792,2025-12-07T16:26:09Z,PORTE-C,R53539247,ABONNEMENT,OK
TKT18341024679,2025-12-07T16:26:09Z,PORTE-D,,UNITE,OK
TKT88106955123,2025-12-07T16:26:10Z,VIP-EST,R53211905,ABONNEMENT,OK
TKT19604402430,2025-12-07T16:26:11Z,PORTE-D,R57075711,ABONNEMENT,OK
TKT26396795157,2025-12-07T16:26:11Z,VIP-EST,R59103438,ABONNEMENT,OK
TKT51818559200,2025-12-07T16:26:11Z,PORTE-D,R52534540,UNITE,OK
TKT40915234806,2025-12-07T16:26:12Z,PORTE-D,R55601791,ABONNEMENT,OK
TKT77949717707,2025-12-07T16:26:13Z,PORTE-C,,GROUPE,OK
TKT32699162623,2025-12-07T16:26:13Z,PORTE-D,R53498176,UNITE,OK
TKT30801305181,2025-12-07T16:26:13Z,PORTE-D,R59615437,UNITE,OK
TKT39291565621,2025-12-07T16:26:14Z,PORTE-D,R53358948,ABONNEMENT,OK
TKT60669043213,2025-12-07T16:26:14Z,PORTE-B,R51393670,UNITE,OK
TKT65984171568,2025-12-07T16:26:16Z,PORTE-D,R56489616,UNITE,OK
TKT72075371837,2025-12-07T16:26:20Z,VIP-EST,,UNITE,OK
TKT49165018858,2025-12-07T16:26:21Z,PORTE-D,R58191984,ABONNEMENT,REFUSE_DEJA_SCANNE
TKT45772117378,2025-12-07T16:26:24Z,PORTE-B,R54958131,ABONNEMENT,OK
TKT89551571082,2025-12-07T16:26:25Z,PORTE-B,R56688774,ABONNEMENT,OK
TKT44585688812,2025-12-07T16:26:25Z,PORTE-D,R59691928,ABONNEMENT,OK
TKT23598278989,2025-12-07T16:26:27Z,PORTE-B,R57261929,ABONNEMENT,OK
TKT62282594689,2025-12-07T16:26:28Z,PORTE-D,R51403957,ABONNEMENT,OK
TKT44151436823,2025-12-07T16:26:28Z,PORTE-C,R57509025,ABONNEMENT,OK
TKT45143760230,2025-12-07T16:26:29Z,PORTE-C,R52466430,ABONNEMENT,OK
TKT87926132561,2025-12-07T16:26:29Z,VIP-EST,R56579861,ABONNEMENT,OK
TKT25266681049,2025-12-07T16:26:30Z,PORTE-A,R58327390,ABONNEMENT,OK
TKT41978138428,2025-12-07T16:26:31Z,PORTE-A,R54489866,ABONNEMENT,OK
TKT92657839866,2025-12-07T16:26:31Z,VIP-EST,R56988320,UNITE,OK
TKT42904253299,2025-12-07T16:26:34Z,PORTE-A,R51674635,ABONNEMENT,OK
TKT58637128788,2025-12-07T16:26:35Z,PORTE-C,R59703987,ABONNEMENT,OK
TKT66411927200,2025-12-07T16:26:35Z,PORTE-C,,UNITE,OK
TKT63789113561,2025-12-07T16:26:36Z,PORTE-A,R59152421,UNITE,OK
TKT25227061172,2025-12-07T16:26:37Z,PORTE-A,R53610834,ABONNEMENT,OK
TKT57131860499,2025-12-07T16:26:37Z,PORTE-D,R53608918,INVITATION,OK
TKT21886177955,2025-12-07T16:26:37Z,PORTE-D,,UNITE,OK
TKT26080775392,2025-12-07T16:26:37Z,PORTE-D,R58935285,UNITE,OK
TKT53185113944,2025-12-07T16:26:38Z,PORTE-C,R51589907,ABONNEMENT,OK
TKT60489112655,2025-12-07T16:26:38Z,PORTE-D,R53885448,UNITE,OK
TKT16950367533,2025-12-07T16:26:40Z,PORTE-C,R56285688,ABONNEMENT,REFUSE_DEJA_SCANNE
TKT94367979316,2025-12-07T16:26:41Z,PORTE-C,R53294794,UNITE,OK
TKT33155487399,2025-12-07T16:26:43Z,PORTE-D,R58208880,ABONNEMENT,OK
TKT91717565286,2025-12-07T16:26:44Z,PORTE-C,R54081742,ABONNEMENT,OK
TKT52557156773,2025-12-07T16:26:44Z,PORTE-C,R52198070,INVITATION,OK
TKT58198399384,2025-12-07T16:26:45Z,PORTE-C,R51757122,ABONNEMENT,OK
TKT71447544989,2025-12-07T16:26:46Z,VIP-EST,R52218567,UNITE,OK
TKT85093065556,2025-12-07T16:26:49Z,PORTE-C,R56034492,ABONNEMENT,OK
TKT81126260386,2025-12-07T16:26:49Z,PORTE-D,R53020572,UNITE,OK
TKT64921264222,2025-12-07T16:26:51Z,VIP-EST,R52094329,ABONNEMENT,OK
TKT56997387559,2025-12-07T16:26:51Z,PORTE-C,R59534310,ABONNEMENT,OK
TKT21602547361,2025-12-07T16:26:54Z,PORTE-C,R51646293,GROUPE,OK
TKT93438930259,2025-12-07T16:26:54Z,PORTE-A,,UNITE,OK
TKT96045615198,2025-12-07T16:26:55Z,VIP-EST,R56851832,ABONNEMENT,OK
TKT62780797395,2025-12-07T16:26:55Z,PORTE-B,R51955245,ABONNEMENT,OK
TKT32202661426,2025-12-07T16:26:57Z,PORTE-D,R57477561,GROUPE,OK
TKT15363366407,2025-12-07T16:26:57Z,PORTE-D,R51943397,UNITE,OK
TKT39571286993,2025-12-07T16:26:57Z,PORTE-D,,UNITE,OK
TKT27996598513,2025-12-07T16:26:58Z,PORTE-C,R51143978,ABONNEMENT,OK
TKT50176110778,2025-12-07T16:26:58Z,PORTE-C,R53227833,ABONNEMENT,OK
TKT83863025555,2025-12-07T16:26:58Z,PORTE-D,R53872642,UNITE,OK
TKT24057200654,2025-12-07T16:26:59Z,PORTE-D,R52548840,ABONNEMENT,OK
TKT32934305723,2025-12-07T16:27:00Z,PORTE-B,R59950949,UNITE,OK
TKT85433147756,2025-12-07T16:27:02Z,PORTE-C,R52979578,ABONNEMENT,OK
TKT48600418974,2025-12-07T16:27:02Z,PORTE-A,R55746583,ABONNEMENT,OK
TKT44670536995,2025-12-07T16:27:03Z,PORTE-C,R54673900,ABONNEMENT,OK
TKT87666288687,2025-12-07T16:27:03Z,PORTE-C,,GROUPE,OK
TKT87424506864,2025-12-07T16:27:07Z,PORTE-A,R57303948,ABONNEMENT,OK
TKT75328169668,2025-12-07T16:27:07Z,PORTE-C,R54447703,ABONNEMENT,OK
TKT19736241109,2025-12-07T16:27:10Z,PORTE-B,R56642521,ABONNEMENT,OK
TKT38199888570,2025-12-07T16:27:11Z,PORTE-D,R51188593,ABONNEMENT,OK
TKT85313122414,2025-12-07T16:27:13Z,PORTE-D,,UNITE,OK
TKT57494357754,2025-12-07T16:27:14Z,VIP-EST,R52888231,INVITATION,OK
TKT29530101698,2025-12-07T16:27:15Z,PORTE-D,R55331113,UNITE,OK
TKT17146920618,2025-12-07T16:27:17Z,PORTE-D,R55650620,UNITE,OK
TKT26084509344,2025-12-07T16:27:18Z,PORTE-C,R59799002,ABONNEMENT,OK
TKT93500599009,2025-12-07T16:27:18Z,PORTE-C,R53051902,ABONNEMENT,OK
TKT94128220601,2025-12-07T16:27:18Z,PORTE-D,R51444425,UNITE,OK
TKT92196404741,2025-12-07T16:27:20Z,PORTE-D,R51535484,UNITE,OK
TKT94030604404,2025-12-07T16:27:22Z,PORTE-D,R57498815,ABONNEMENT,OK
TKT73298024766,2025-12-07T16:27:23Z,PORTE-D,R59619249,ABONNEMENT,OK
TKT84690657791,2025-12-07T16:27:24Z,PORTE-C,R51231982,ABONNEMENT,OK
TKT83949860456,2025-12-07T16:27:26Z,PORTE-D,R55829951,ABONNEMENT,OK
TKT50206329623,2025-12-07T16:27:27Z,PORTE-B,R56950113,UNITE,OK
TKT47063912037,2025-12-07T16:27:27Z,PORTE-C,,UNITE,OK
TKT12245719840,2025-12-07T16:27:28Z,PORTE-A,R59711678,ABONNEMENT,OK
TKT91929154383,2025-12-07T16:27:30Z,PORTE-C,R57000791,ABONNEMENT,OK
TKT22042591534,2025-12-07T16:27:30Z,PORTE-A,R52421202,ABONNEMENT,OK
TKT96226843382,2025-12-07T16:27:31Z,PORTE-B,R59979971,ABONNEMENT,OK
TKT73691525160,2025-12-07T16:27:31Z,PORTE-D,R53487611,UNITE,OK
TKT24096949949,2025-12-07T16:27:32Z,PORTE-D,R56452012,ABONNEMENT,OK
TKT67336490457,2025-12-07T16:27:32Z,PORTE-D,R59853626,UNITE,OK
TKT22049467946,2025-12-07T16:27:33Z,PORTE-C,R56638297,ABONNEMENT,OK
TKT31178769523,2025-12-07T16:27:34Z,PORTE-C,R53026089,ABONNEMENT,OK
TKT31787251541,2025-12-07T16:27:36Z,PORTE-C,R53029087,ABONNEMENT,OK
TKT35147022628,2025-12-07T16:27:36Z,PORTE-C,R55502140,UNITE,OK
TKT87884108258,2025-12-07T16:27:37Z,PORTE-B,R59087778,ABONNEMENT,OK
TKT99055478128,2025-12-07T16:27:40Z,PORTE-D,,UNITE,OK
TKT31596683426,2025-12-07T16:27:43Z,PORTE-A,R56405089,ABONNEMENT,OK
TKT72930806036,2025-12-07T16:27:44Z,PORTE-C,R55847259,ABONNEMENT,OK
TKT23031711317,2025-12-07T16:27:45Z,PORTE-D,R57656835,UNITE,OK
TKT92185081273,2025-12-07T16:27:46Z,PORTE-C,R51385165,ABONNEMENT,OK
TKT41641913410,2025-12-07T16:27:46Z,PORTE-C,R59081983,GROUPE,OK
TKT62549237987,2025-12-07T16:27:47Z,PORTE-C,R57144702,UNITE,OK
TKT82862464393,2025-12-07T16:27:48Z,PORTE-C,R52585898,ABONNEMENT,OK
TKT66356589212,2025-12-07T16:27:53Z,VIP-EST,R54592314,ABONNEMENT,OK
TKT71032252864,2025-12-07T16:27:56Z,VIP-EST,R56680182,ABONNEMENT,OK
TKT68525865287,2025-12-07T16:27:56Z,PORTE-C,R52647667,UNITE,OK
TKT14336737729,2025-12-07T16:27:57Z,PORTE-C,R51930323,UNITE,OK
TKT46392749747,2025-12-07T16:28:01Z,PORTE-D,R58825280,UNITE,REFUSE_DEJA_SCANNE
TKT43322250767,2025-12-07T16:28:02Z,PORTE-C,R55875859,UNITE,OK
TKT74787262295,2025-12-07T16:28:04Z,PORTE-A,,UNITE,OK
TKT71068431556,2025-12-07T16:28:06Z,PORTE-B,R51337006,ABONNEMENT,OK
TKT80354255349,2025-12-07T16:28:06Z,PORTE-D,R52531063,UNITE,OK
TKT49366972624,2025-12-07T16:28:08Z,PORTE-D,R52580994,ABONNEMENT,OK
TKT69222461112,2025-12-07T16:28:08Z,PORTE-A,R51159849,ABONNEMENT,OK
TKT76833472036,2025-12-07T16:28:09Z,PORTE-C,R54844793,ABONNEMENT,OK
TKT78574018232,2025-12-07T16:28:10Z,PORTE-C,R57078776,ABONNEMENT,OK
TKT61614649642,2025-12-07T16:28:12Z,PORTE-C,R58832502,UNITE,OK
TKT12276911334,2025-12-07T16:28:13Z,PORTE-C,R58532946,ABONNEMENT,OK
TKT26286986885,2025-12-07T16:28:14Z,PORTE-C,R55496422,ABONNEMENT,OK
TKT11218926977,2025-12-07T16:28:14Z,PORTE-C,R58059911,ABONNEMENT,OK
TKT50875130798,2025-12-07T16:28:15Z,PORTE-C,R58455641,ABONNEMENT,OK
TKT96219561510,2025-12-07T16:28:15Z,VIP-EST,R59882159,ABONNEMENT,OK
TKT98340537642,2025-12-07T16:28:15Z,PORTE-A,R53064095,ABONNEMENT,OK
TKT62283588787,2025-12-07T16:28:16Z,PORTE-A,R55780777,ABONNEMENT,OK
TKT38487010351,2025-12-07T16:28:16Z,PORTE-A,R58423420,UNITE,OK
TKT41933739122,2025-12-07T16:28:18Z,PORTE-A,R51564295,ABONNEMENT,OK
TKT16694038111,2025-12-07T16:28:18Z,PORTE-A,R56115207,ABONNEMENT,OK
TKT73532323508,2025-12-07T16:28:18Z,PORTE-C,R51806430,UNITE,OK
TKT65550903086,2025-12-07T16:28:19Z,PORTE-A,R57657180,ABONNEMENT,OK
TKT63214018598,2025-12-07T16:28:19Z,PORTE-C,R52014649,ABONNEMENT,OK
TKT36325188460,2025-12-07T16:28:21Z,PORTE-C,,UNITE,OK
TKT45516392432,2025-12-07T16:28:24Z,PORTE-D,R55636866,ABONNEMENT,OK
TKT74302337111,2025-12-07T16:28:24Z,PORTE-A,R57658875,ABONNEMENT,OK
TKT39035166243,2025-12-07T16:28:25Z,PORTE-D,R58760369,ABONNEMENT,OK
TKT45650756055,2025-12-07T16:28:25Z,PORTE-C,R55242084,ABONNEMENT,OK
TKT41537928271,2025-12-07T16:28:26Z,PORTE-C,R58387464,ABONNEMENT,OK
TKT11692276676,2025-12-07T16:28:26Z,PORTE-A,R54404726,ABONNEMENT,OK
TKT40084976883,2025-12-07T16:28:28Z,PORTE-C,R53634061,ABONNEMENT,OK
TKT82049939113,2025-12-07T16:28:29Z,VIP-EST,R54309510,ABONNEMENT,OK
TKT21142395106,2025-12-07T16:28:31Z,PORTE-C,R59181165,UNITE,OK
TKT53180508855,2025-12-07T16:28:32Z,PORTE-D,R53769323,ABONNEMENT,OK
TKT21730216989,2025-12-07T16:28:32Z,PORTE-D,,UNITE,OK
TKT85120229696,2025-12-07T16:28:32Z,PORTE-D,R52261276,INVITATION,OK
TKT37077906286,2025-12-07T16:28:32Z,PORTE-C,R57691297,UNITE,OK
TKT19827854783,2025-12-07T16:28:33Z,PORTE-C,R54268851,ABONNEMENT,OK
TKT21526359449,2025-12-07T16:28:34Z,PORTE-A,R55902898,ABONNEMENT,OK
TKT30011958563,2025-12-07T16:28:36Z,PORTE-A,R53466702,ABONNEMENT,OK
TKT53925429999,2025-12-07T16:28:37Z,PORTE-C,R51512257,ABONNEMENT,OK
TKT18677924122,2025-12-07T16:28:38Z,PORTE-A,R59862141,UNITE,OK
TKT38719444883,2025-12-07T16:28:40Z,PORTE-D,R53908129,ABONNEMENT,OK
TKT58228061174,2025-12-07T16:28:40Z,PORTE-C,R53309573,UNITE,OK
TKT18656270519,2025-12-07T16:28:41Z,PORTE-D,R54073103,ABONNEMENT,OK
TKT95459959094,2025-12-07T16:28:41Z,PORTE-D,R57457265,ABONNEMENT,OK
TKT52025108796,2025-12-07T16:28:43Z,PORTE-A,R56442884,ABONNEMENT,OK
TKT89008834617,2025-12-07T16:28:44Z,PORTE-A,R59219985,ABONNEMENT,OK
TKT10358711531,2025-12-07T16:28:44Z,PORTE-D,R55034277,UNITE,OK
TKT21687159437,2025-12-07T16:28:44Z,PORTE-D,R58111748,UNITE,OK
TKT89600501668,2025-12-07T16:28:44Z,PORTE-D,R55454671,UNITE,OK
TKT90749855088,2025-12-07T16:28:46Z,PORTE-C,R59564146,ABONNEMENT,OK
TKT91486251542,2025-12-07T16:28:46Z,PORTE-D,R58469596,ABONNEMENT,OK
TKT22988913089,2025-12-07T16:28:47Z,PORTE-D,,UNITE,OK
TKT97307991092,2025-12-07T16:28:49Z,VIP-EST,R53283559,ABONNEMENT,OK
TKT69535511159,2025-12-07T16:28:49Z,PORTE-A,R51636629,ABONNEMENT,OK
TKT67848972719,2025-12-07T16:28:51Z,PORTE-D,R53861541,UNITE,OK
TKT52419437466,2025-12-07T16:28:51Z,PORTE-D,R59167133,UNITE,OK
TKT62919235341,2025-12-07T16:28:52Z,PORTE-A,R56858431,ABONNEMENT,OK
TKT96290359304,2025-12-07T16:28:54Z,PORTE-C,R57006442,ABONNEMENT,OK
TKT71507561058,2025-12-07T16:28:54Z,PORTE-C,R56382130,UNITE,OK
TKT29537810025,2025-12-07T16:28:55Z,PORTE-C,R52708967,ABONNEMENT,OK
TKT51039324799,2025-12-07T16:28:55Z,PORTE-D,R54250116,UNITE,OK
TKT41191982425,2025-12-07T16:28:56Z,PORTE-C,R56468429,UNITE,OK
TKT73022613180,2025-12-07T16:28:57Z,PORTE-D,R51344707,UNITE,OK
TKT11179769001,2025-12-07T16:28:58Z,PORTE-B,R58107735,ABONNEMENT,OK
TKT40201382955,2025-12-07T16:28:59Z,PORTE-C,R58622779,ABONNEMENT,OK
TKT66871778906,2025-12-07T16:29:00Z,PORTE-C,R55224240,ABONNEMENT,OK
TKT72077646550,2025-12-07T16:29:03Z,PORTE-A,R56565829,ABONNEMENT,OK
TKT29514645355,2025-12-07T16:29:05Z,PORTE-A,R53911137,ABONNEMENT,OK
TKT38325390408,2025-12-07T16:29:05Z,PORTE-C,R57314915,ABONNEMENT,OK
TKT51567210853,2025-12-07T16:29:05Z,PORTE-D,R58555148,ABONNEMENT,REFUSE_DEJA_SCANNE
TKT73515337820,2025-12-07T16:29:06Z,PORTE-A,R59638051,ABONNEMENT,OK
TKT80709027441,2025-12-07T16:29:07Z,PORTE-C,R55788612,UNITE,OK
TKT34658449471,2025-12-07T16:29:08Z,PORTE-C,R53811342,ABONNEMENT,OK
TKT38157637017,2025-12-07T16:29:09Z,PORTE-D,R58029261,ABONNEMENT,OK
TKT45850122686,2025-12-07T16:29:10Z,PORTE-D,,UNITE,OK
TKT67774536588,2025-12-07T16:29:12Z,PORTE-C,R52654487,UNITE,OK
TKT13784789627,2025-12-07T16:29:12Z,PORTE-D,R52523640,UNITE,OK
TKT97868634963,2025-12-07T16:29:13Z,PORTE-B,R56628690,ABONNEMENT,OK
TKT76248792719,2025-12-07T16:29:14Z,PORTE-A,R52671373,UNITE,OK
TKT18212377414,2025-12-07T16:29:15Z,PORTE-C,R57389155,ABONNEMENT,OK
TKT64504933828,2025-12-07T16:29:18Z,PORTE-C,R54215108,ABONNEMENT,OK
TKT11408204147,2025-12-07T16:29:19Z,PORTE-C,R51144591,ABONNEMENT,OK
TKT90317649923,2025-12-07T16:29:22Z,PORTE-A,R54843510,ABONNEMENT,OK
TKT79324994594,2025-12-07T16:29:22Z,PORTE-D,R56698515,ABONNEMENT,OK
TKT16977314288,2025-12-07T16:29:23Z,PORTE-B,R53402414,ABONNEMENT,OK
TKT62649172183,2025-12-07T16:29:23Z,PORTE-C,R57952770,UNITE,OK
TKT58207018767,2025-12-07T16:29:24Z,PORTE-A,R56882951,ABONNEMENT,OK
TKT43647481072,2025-12-07T16:29:24Z,PORTE-D,R53424606,ABONNEMENT,OK
TKT10125835922,2025-12-07T16:29:24Z,PORTE-B,R54999346,UNITE,OK
TKT40351504924,2025-12-07T16:29:26Z,PORTE-D,R55723232,UNITE,OK
TKT56725100441,2025-12-07T16:29:28Z,PORTE-C,R55590958,UNITE,OK
TKT59192786775,2025-12-07T16:29:32Z,PORTE-B,R55326611,ABONNEMENT,OK
TKT96988497646,2025-12-07T16:29:32Z,PORTE-C,R51159993,UNITE,OK
TKT23984539054,2025-12-07T16:29:34Z,PORTE-C,R51011024,ABONNEMENT,OK
TKT75228539355,2025-12-07T16:29:36Z,PORTE-C,,GROUPE,OK
TKT27841550490,2025-12-07T16:29:37Z,PORTE-C,R59168292,ABONNEMENT,OK
TKT67449284507,2025-12-07T16:29:37Z,PORTE-B,R56428785,ABONNEMENT,OK
TKT45829646635,2025-12-07T16:29:37Z,PORTE-B,R54347181,UNITE,OK
TKT19826760182,2025-12-07T16:29:38Z,PORTE-A,R57759886,ABONNEMENT,OK
TKT17133507648,2025-12-07T16:29:40Z,PORTE-A,R55905695,ABONNEMENT,OK
TKT60095035355,2025-12-07T16:29:40Z,PORTE-D,R59824125,ABONNEMENT,OK
TKT90238494417,2025-12-07T16:29:46Z,PORTE-D,R57260090,ABONNEMENT,OK
TKT26191061897,2025-12-07T16:29:46Z,PORTE-D,R58921377,ABONNEMENT,OK
TKT28441380597,2025-12-07T16:29:47Z,PORTE-A,R56962651,ABONNEMENT,OK
TKT31017466720,2025-12-07T16:29:48Z,VIP-EST,R51523224,ABONNEMENT,OK
TKT87747767154,2025-12-07T16:29:49Z,PORTE-C,R55686452,ABONNEMENT,OK
TKT34306388237,2025-12-07T16:29:49Z,PORTE-D,R55449211,UNITE,OK
TKT27106538252,2025-12-07T16:29:51Z,PORTE-C,R54787516,ABONNEMENT,OK
TKT88194121632,2025-12-07T16:29:51Z,PORTE-C,,GROUPE,OK
TKT89814926406,2025-12-07T16:29:52Z,PORTE-D,R52901114,ABONNEMENT,OK
TKT82511282376,2025-12-07T16:29:52Z,VIP-EST,R58122102,ABONNEMENT,OK
TKT94998715753,2025-12-07T16:29:53Z,PORTE-D,R55583602,UNITE,OK
TKT62448037058,2025-12-07T16:29:54Z,PORTE-D,R57037906,ABONNEMENT,OK
TKT24783017900,2025-12-07T16:29:55Z,PORTE-A,R59551963,ABONNEMENT,OK
TKT38498125617,2025-12-07T16:29:56Z,PORTE-A,R51540254,UNITE,OK
TKT51237150727,2025-12-07T16:29:56Z,PORTE-C,R52589020,UNITE,OK
TKT41320980260,2025-12-07T16:29:57Z,PORTE-C,R52012599,ABONNEMENT,OK
TKT68763448756,2025-12-07T16:29:57Z,PORTE-A,R59741303,ABONNEMENT,OK
TKT30288185438,2025-12-07T16:29:58Z,PORTE-D,R57548669,ABONNEMENT,OK
TKT45875859876,2025-12-07T16:29:59Z,PORTE-D,R52849545,UNITE,OK
TKT41405245932,2025-12-07T16:30:01Z,PORTE-D,R55179156,UNITE,OK
TKT18594633322,2025-12-07T16:30:01Z,VIP-EST,R58884530,UNITE,OK
TKT63571136873,2025-12-07T16:30:02Z,PORTE-C,,UNITE,OK
TKT43375058336,2025-12-07T16:30:03Z,PORTE-D,R59865819,UNITE,OK
TKT82745071627,2025-12-07T16:30:03Z,PORTE-C,R53547082,UNITE,OK
TKT84105289626,2025-12-07T16:30:04Z,PORTE-C,R52388368,UNITE,OK
TKT61507963708,2025-12-07T16:30:04Z,PORTE-D,,UNITE,OK
TKT25844690124,2025-12-07T16:30:06Z,PORTE-C,R56922940,UNITE,OK
TKT81949578105,2025-12-07T16:30:07Z,PORTE-C,R58181764,ABONNEMENT,OK
TKT54554467316,2025-12-07T16:30:07Z,PORTE-C,R52880262,UNITE,OK
TKT52183927881,2025-12-07T16:30:08Z,PORTE-D,R54179018,UNITE,OK
TKT64720611595,2025-12-07T16:30:10Z,VIP-EST,R56354545,ABONNEMENT,OK
TKT80144311815,2025-12-07T16:30:11Z,PORTE-C,R58710304,UNITE,OK
TKT19727032353,2025-12-07T16:30:13Z,PORTE-C,R51602914,ABONNEMENT,OK
TKT66051835716,2025-12-07T16:30:13Z,PORTE-D,,UNITE,OK
TKT13718919608,2025-12-07T16:30:14Z,PORTE-C,R54418423,ABONNEMENT,OK
TKT98594655797,2025-12-07T16:30:15Z,PORTE-C,R59423980,ABONNEMENT,OK
TKT66515885892,2025-12-07T16:30:15Z,PORTE-D,R53967523,ABONNEMENT,OK
TKT11677150763,2025-12-07T16:30:16Z,PORTE-D,R53410383,ABONNEMENT,OK
TKT68165260107,2025-12-07T16:30:16Z,VIP-EST,R56782553,ABONNEMENT,OK
TKT96088414007,2025-12-07T16:30:18Z,PORTE-D,,UNITE,OK
TKT79579753521,2025-12-07T16:30:20Z,PORTE-C,R54470997,ABONNEMENT,OK
TKT12138014109,2025-12-07T16:30:22Z,PORTE-C,R52135678,UNITE,OK
TKT84318732408,2025-12-07T16:30:22Z,PORTE-D,,UNITE,OK
TKT25886086022,2025-12-07T16:30:23Z,PORTE-C,R52470309,ABONNEMENT,OK
TKT60516952605,2025-12-07T16:30:23Z,PORTE-A,R56295218,ABONNEMENT,OK
TKT51843506648,2025-12-07T16:30:23Z,VIP-EST,R58532879,GROUPE,OK
TKT81246134240,2025-12-07T16:30:25Z,PORTE-B,R51612444,ABONNEMENT,OK
TKT87628492632,2025-12-07T16:30:26Z,PORTE-A,R57112960,ABONNEMENT,OK
TKT92657353433,2025-12-07T16:30:27Z,PORTE-A,R56848623,ABONNEMENT,OK
TKT61416249983,2025-12-07T16:30:28Z,PORTE-C,R53913780,ABONNEMENT,OK
TKT64356836327,2025-12-07T16:30:31Z,PORTE-C,,GROUPE,OK
TKT71167757593,2025-12-07T16:30:33Z,PORTE-D,R53803584,ABONNEMENT,OK
TKT45672676582,2025-12-07T16:30:35Z,PORTE-C,R52646039,ABONNEMENT,OK
TKT90552129713,2025-12-07T16:30:35Z,PORTE-C,R57177536,ABONNEMENT,OK
TKT26696427361,2025-12-07T16:30:35Z,PORTE-A,R56915574,ABONNEMENT,OK
TKT65995998194,2025-12-07T16:30:35Z,PORTE-C,R55375115,GROUPE,OK
TKT99415692107,2025-12-07T16:30:36Z,PORTE-B,R58373633,UNITE,REFUSE_DEJA_SCANNE
TKT31392060107,2025-12-07T16:30:38Z,PORTE-C,R55519036,ABONNEMENT,OK
TKT17013001047,2025-12-07T16:30:39Z,PORTE-C,,GROUPE,OK
TKT33409292949,2025-12-07T16:30:41Z,PORTE-C,R54668249,ABONNEMENT,OK
TKT24363406489,2025-12-07T16:30:42Z,PORTE-D,R55735415,ABONNEMENT,OK
TKT16511794239,2025-12-07T16:30:44Z,PORTE-B,R52308209,ABONNEMENT,OK
TKT74103043106,2025-12-07T16:30:44Z,PORTE-C,R54430884,UNITE,REFUSE_DEJA_SCANNE
TKT49851229991,2025-12-07T16:30:45Z,PORTE-D,R56808232,ABONNEMENT,OK
TKT96304027663,2025-12-07T16:30:47Z,PORTE-C,R52817334,ABONNEMENT,OK
TKT32361563202,2025-12-07T16:30:48Z,PORTE-A,R59787556,ABONNEMENT,OK
TKT13312954120,2025-12-07T16:30:49Z,PORTE-D,R54049129,ABONNEMENT,OK
TKT15799507587,2025-12-07T16:30:50Z,PORTE-B,R56619160,ABONNEMENT,OK
TKT48630052147,2025-12-07T16:30:51Z,PORTE-C,R51462949,UNITE,OK
TKT15270219325,2025-12-07T16:30:51Z,PORTE-C,,UNITE,OK
TKT51513575942,2025-12-07T16:30:52Z,PORTE-C,R52862294,UNITE,OK
TKT72429409464,2025-12-07T16:30:54Z,VIP-EST,R55713491,ABONNEMENT,OK
TKT25708165853,2025-12-07T16:30:54Z,VIP-EST,R56011399,ABONNEMENT,OK
TKT54160463467,2025-12-07T16:30:54Z,PORTE-A,R58426073,UNITE,OK
TKT15034228630,2025-12-07T16:30:55Z,PORTE-C,R56803338,UNITE,OK
TKT60302949904,2025-12-07T16:30:57Z,PORTE-C,R54116894,ABONNEMENT,OK
TKT65092734263,2025-12-07T16:30:58Z,PORTE-A,R56033065,ABONNEMENT,OK
TKT98270620072,2025-12-07T16:31:00Z,VIP-EST,R56256063,ABONNEMENT,OK
TKT96577463421,2025-12-07T16:31:00Z,PORTE-C,R59185992,UNITE,OK
TKT51882105161,2025-12-07T16:31:01Z,VIP-EST,R52446201,ABONNEMENT,OK
TKT63152041721,2025-12-07T16:31:01Z,VIP-EST,R55899297,ABONNEMENT,OK
TKT51034593042,2025-12-07T16:31:01Z,PORTE-C,R59649018,ABONNEMENT,OK
TKT20775369863,2025-12-07T16:31:02Z,PORTE-D,R54489387,ABONNEMENT,OK
TKT82175268295,2025-12-07T16:31:02Z,PORTE-C,,UNITE,OK
TKT20417940445,2025-12-07T16:31:03Z,VIP-EST,R54420674,ABONNEMENT,OK
TKT48158808858,2025-12-07T16:31:03Z,PORTE-A,R57620323,ABONNEMENT,OK
TKT23000106122,2025-12-07T16:31:05Z,VIP-EST,R54655242,ABONNEMENT,OK
TKT84987112134,2025-12-07T16:31:06Z,PORTE-B,R56681418,ABONNEMENT,OK
TKT81379587455,2025-12-07T16:31:06Z,PORTE-D,,UNITE,REFUSE_DEJA_SCANNE
TKT49236236406,2025-12-07T16:31:06Z,PORTE-A,R52187448,UNITE,OK
TKT49630495860,2025-12-07T16:31:10Z,PORTE-C,,UNITE,OK
TKT81389507022,2025-12-07T16:31:12Z,PORTE-C,R57413330,ABONNEMENT,OK
TKT55882330116,2025-12-07T16:31:13Z,PORTE-D,R59963420,ABONNEMENT,OK
TKT51903602711,2025-12-07T16:31:13Z,PORTE-D,R53493674,ABONNEMENT,OK
TKT43313731172,2025-12-07T16:31:14Z,PORTE-A,,VIP,OK
TKT13809301335,2025-12-07T16:31:16Z,PORTE-D,R51763721,ABONNEMENT,OK
TKT51675374247,2025-12-07T16:31:17Z,PORTE-D,R58035401,ABONNEMENT,OK
TKT20809632476,2025-12-07T16:31:17Z,PORTE-D,R53178659,UNITE,OK
TKT45477705328,2025-12-07T16:31:18Z,VIP-EST,R55440016,ABONNEMENT,OK
TKT86198485111,2025-12-07T16:31:18Z,PORTE-C,,UNITE,OK
TKT14535850481,2025-12-07T16:31:18Z,PORTE-C,R55910733,UNITE,OK
TKT34517119276,2025-12-07T16:31:19Z,PORTE-A,R53541699,ABONNEMENT,OK
TKT99142440560,2025-12-07T16:31:21Z,PORTE-D,R55906586,ABONNEMENT,OK
TKT96671060186,2025-12-07T16:31:22Z,VIP-EST,R59218615,UNITE,OK
TKT45216170298,2025-12-07T16:31:23Z,PORTE-A,,VIP,OK
TKT35464553227,2025-12-07T16:31:24Z,PORTE-C,R57405093,UNITE,OK
TKT51804436735,2025-12-07T16:31:25Z,PORTE-C,R56370483,ABONNEMENT,OK
TKT69936604125,2025-12-07T16:31:26Z,PORTE-A,R53692966,ABONNEMENT,OK
TKT73958316139,2025-12-07T16:31:27Z,VIP-EST,R51937545,ABONNEMENT,OK
TKT61581344440,2025-12-07T16:31:28Z,PORTE-A,R57741084,ABONNEMENT,OK
TKT78583555512,2025-12-07T16:31:28Z,PORTE-C,R52371271,ABONNEMENT,OK
TKT96123761380,2025-12-07T16:31:29Z,PORTE-B,R52372842,ABONNEMENT,OK
TKT22723659364,2025-12-07T16:31:29Z,PORTE-C,R52862964,ABONNEMENT,OK
TKT99649620126,2025-12-07T16:31:30Z,PORTE-D,R51856361,ABONNEMENT,OK
TKT40871296812,2025-12-07T16:31:30Z,PORTE-C,R59157181,ABONNEMENT,OK
TKT21309547515,2025-12-07T16:31:32Z,PORTE-C,R59854162,UNITE,OK
TKT26294356128,2025-12-07T16:31:36Z,PORTE-A,R55646674,VIP,OK
TKT22921177858,2025-12-07T16:31:37Z,PORTE-D,R52995583,ABONNEMENT,OK
TKT91257792405,2025-12-07T16:31:37Z,PORTE-B,R53875640,UNITE,OK
TKT93931565655,2025-12-07T16:31:37Z,PORTE-D,R53192088,UNITE,OK
TKT75225515522,2025-12-07T16:31:38Z,PORTE-C,R55852029,ABONNEMENT,OK
TKT12859376144,2025-12-07T16:31:38Z,PORTE-D,R53202576,UNITE,OK
TKT21006233497,2025-12-07T16:31:42Z,PORTE-D,R54274157,UNITE,OK
TKT82658474743,2025-12-07T16:31:42Z,PORTE-C,R57907897,UNITE,OK
TKT93994211776,2025-12-07T16:31:44Z,PORTE-C,R51948713,UNITE,OK
TKT67687444879,2025-12-07T16:31:45Z,VIP-EST,R59026143,ABONNEMENT,OK
TKT63378193702,2025-12-07T16:31:47Z,PORTE-D,R56116232,UNITE,OK
TKT60005850296,2025-12-07T16:31:48Z,VIP-EST,R55599942,ABONNEMENT,OK
TKT49741755712,2025-12-07T16:31:49Z,PORTE-B,R59572728,ABONNEMENT,OK
TKT65797202033,2025-12-07T16:31:50Z,PORTE-D,R55241960,ABONNEMENT,OK
TKT11748858637,2025-12-07T16:31:51Z,PORTE-A,R57893185,ABONNEMENT,OK
TKT87306138804,2025-12-07T16:31:52Z,PORTE-C,R54545103,ABONNEMENT,OK
TKT22234047339,2025-12-07T16:31:53Z,PORTE-C,R54127583,ABONNEMENT,REFUSE_DEJA_SCANNE
TKT91313224636,2025-12-07T16:31:53Z,VIP-EST,R53096651,UNITE,OK
TKT99352097018,2025-12-07T16:31:53Z,PORTE-D,R53698483,UNITE,OK
TKT14638533119,2025-12-07T16:31:54Z,PORTE-A,R54576309,ABONNEMENT,OK
TKT45657352538,2025-12-07T16:31:54Z,VIP-EST,R52900491,ABONNEMENT,OK
TKT83499503738,2025-12-07T16:31:55Z,PORTE-A,R55004240,ABONNEMENT,REFUSE_DEJA_SCANNE
TKT58427614505,2025-12-07T16:31:58Z,PORTE-A,R58453457,ABONNEMENT,OK
TKT77637955608,2025-12-07T16:31:58Z,PORTE-D,R57021010,UNITE,OK
TKT89606444248,2025-12-07T16:32:00Z,PORTE-C,R53473522,ABONNEMENT,OK
TKT57974682483,2025-12-07T16:32:00Z,PORTE-D,R53584609,UNITE,OK
TKT88147388080,2025-12-07T16:32:00Z,PORTE-D,R55204356,UNITE,OK
TKT34233138644,2025-12-07T16:32:01Z,PORTE-C,R52895118,ABONNEMENT,OK
TKT17598783943,2025-12-07T16:32:01Z,PORTE-B,R52149432,ABONNEMENT,OK
TKT88436422227,2025-12-07T16:32:01Z,PORTE-C,R58491061,UNITE,OK
TKT51050216726,2025-12-07T16:32:01Z,PORTE-D,R53663676,UNITE,OK
TKT90194797158,2025-12-07T16:32:02Z,PORTE-D,R59846538,UNITE,OK
TKT66163121815,2025-12-07T16:32:03Z,PORTE-C,R51043245,ABONNEMENT,OK
TKT39038387471,2025-12-07T16:32:03Z,PORTE-C,R53447163,UNITE,OK
TKT20772294792,2025-12-07T16:32:04Z,PORTE-A,R53888178,ABONNEMENT,OK
TKT56467708099,2025-12-07T16:32:04Z,PORTE-C,R53875985,ABONNEMENT,OK
TKT55263817065,2025-12-07T16:32:04Z,VIP-EST,R59364509,UNITE,OK
TKT30880071199,2025-12-07T16:32:09Z,PORTE-A,R58220996,ABONNEMENT,OK
TKT83119165318,2025-12-07T16:32:10Z,PORTE-C,R51002375,ABONNEMENT,OK
TKT59198941349,2025-12-07T16:32:10Z,PORTE-D,,UNITE,OK
TKT27769860731,2025-12-07T16:32:11Z,PORTE-B,R52088276,ABONNEMENT,OK
TKT47942439793,2025-12-07T16:32:11Z,VIP-EST,R55868714,ABONNEMENT,OK
TKT13929584811,2025-12-07T16:32:11Z,PORTE-A,R57758315,ABONNEMENT,OK
TKT18406245483,2025-12-07T16:32:11Z,PORTE-D,R58006034,ABONNEMENT,OK
TKT55990385047,2025-12-07T16:32:11Z,PORTE-A,R59013327,ABONNEMENT,OK
TKT88027666199,2025-12-07T16:32:11Z,PORTE-C,,UNITE,OK
TKT82281877599,2025-12-07T16:32:13Z,PORTE-C,R52559529,ABONNEMENT,OK
TKT19636885924,2025-12-07T16:32:14Z,PORTE-A,R52766934,ABONNEMENT,OK
TKT34054752209,2025-12-07T16:32:14Z,PORTE-C,R55881721,UNITE,OK
TKT55803808122,2025-12-07T16:32:16Z,PORTE-C,R52137728,ABONNEMENT,OK
TKT85789344230,2025-12-07T16:32:17Z,PORTE-D,R54331722,ABONNEMENT,OK
TKT26331363257,2025-12-07T16:32:17Z,PORTE-A,R51995301,ABONNEMENT,OK
TKT55376003687,2025-12-07T16:32:17Z,PORTE-C,R59775564,UNITE,OK
TKT67121389868,2025-12-07T16:32:18Z,PORTE-A,R56256053,ABONNEMENT,OK
TKT28206775622,2025-12-07T16:32:20Z,PORTE-D,R59250635,ABONNEMENT,OK
TKT79849016342,2025-12-07T16:32:23Z,PORTE-C,R59205608,ABONNEMENT,OK
TKT51821853402,2025-12-07T16:32:23Z,PORTE-A,R59390255,ABONNEMENT,OK
TKT10425461175,2025-12-07T16:32:23Z,PORTE-D,R57178350,UNITE,OK
TKT34378810509,2025-12-07T16:32:24Z,PORTE-A,R54755295,ABONNEMENT,OK
TKT60661471994,2025-12-07T16:32:25Z,VIP-EST,,GROUPE,OK
TKT18021412036,2025-12-07T16:32:26Z,PORTE-D,R51549861,UNITE,OK
TKT45634525219,2025-12-07T16:32:28Z,PORTE-C,R54685011,ABONNEMENT,OK
TKT79444457990,2025-12-07T16:32:29Z,VIP-EST,,VIP,OK
TKT95731512585,2025-12-07T16:32:30Z,PORTE-D,R59382152,ABONNEMENT,OK
TKT52297288418,2025-12-07T16:32:31Z,PORTE-D,R53391916,ABONNEMENT,OK
TKT86505371766,2025-12-07T16:32:36Z,PORTE-A,R52865560,ABONNEMENT,OK
TKT72017412386,2025-12-07T16:32:36Z,PORTE-C,R56536951,ABONNEMENT,OK
TKT40055978744,2025-12-07T16:32:36Z,VIP-EST,R51465257,ABONNEMENT,OK
TKT23384688455,2025-12-07T16:32:38Z,PORTE-A,R57812403,ABONNEMENT,OK
TKT76454638568,2025-12-07T16:32:38Z,PORTE-A,R51847223,ABONNEMENT,OK
TKT63050781935,2025-12-07T16:32:38Z,PORTE-B,R57929486,UNITE,OK
TKT88489042248,2025-12-07T16:32:40Z,PORTE-D,R53040332,UNITE,OK
TKT67657867023,2025-12-07T16:32:40Z,PORTE-A,R53689087,VIP,OK
TKT21444107919,2025-12-07T16:32:40Z,PORTE-C,R53175805,UNITE,OK
TKT44623115929,2025-12-07T16:32:40Z,PORTE-A,R58974306,UNITE,OK
TKT58503934306,2025-12-07T16:32:41Z,PORTE-C,R58380654,ABONNEMENT,OK
TKT86242522527,2025-12-07T16:32:41Z,PORTE-C,,UNITE,OK
TKT88978712067,2025-12-07T16:32:41Z,PORTE-A,R56935056,UNITE,OK
TKT41144156455,2025-12-07T16:32:41Z,PORTE-C,R56617733,UNITE,OK
TKT61142251270,2025-12-07T16:32:42Z,PORTE-A,R51559046,ABONNEMENT,OK
TKT79678884593,2025-12-07T16:32:42Z,VIP-EST,R59273450,UNITE,OK
TKT47684956831,2025-12-07T16:32:45Z,VIP-EST,R53494287,ABONNEMENT,OK
TKT56524684922,2025-12-07T16:32:45Z,PORTE-D,R56307344,ABONNEMENT,OK
TKT15234049868,2025-12-07T16:32:45Z,PORTE-C,,GROUPE,OK
TKT78803549664,2025-12-07T16:32:46Z,PORTE-D,R52827420,ABONNEMENT,OK
TKT19973455027,2025-12-07T16:32:46Z,PORTE-D,R59907637,ABONNEMENT,OK
TKT43959399875,2025-12-07T16:32:46Z,PORTE-B,R51449453,UNITE,OK
TKT21306926524,2025-12-07T16:32:47Z,PORTE-C,R57677476,ABONNEMENT,OK
TKT16169834317,2025-12-07T16:32:47Z,VIP-EST,R54310669,ABONNEMENT,OK
TKT90302376617,2025-12-07T16:32:47Z,PORTE-D,R58851438,UNITE,OK
TKT41305931663,2025-12-07T16:32:49Z,PORTE-C,R54933065,UNITE,OK
TKT13907974843,2025-12-07T16:32:50Z,PORTE-D,R59817794,ABONNEMENT,OK
TKT22099260066,2025-12-07T16:32:51Z,PORTE-C,R57246393,UNITE,OK
TKT35579537969,2025-12-07T16:32:54Z,PORTE-C,,UNITE,OK
TKT84335177378,2025-12-07T16:32:55Z,PORTE-D,R56067594,UNITE,OK
TKT94143926448,2025-12-07T16:32:55Z,PORTE-B,R57232562,UNITE,OK
TKT39649890796,2025-12-07T16:32:59Z,PORTE-C,R58158882,ABONNEMENT,OK
TKT66642371494,2025-12-07T16:32:59Z,PORTE-B,R57167383,ABONNEMENT,OK
TKT27236716018,2025-12-07T16:32:59Z,PORTE-A,,UNITE,OK
TKT61062922905,2025-12-07T16:33:00Z,PORTE-D,R58016599,ABONNEMENT,OK
TKT81267487543,2025-12-07T16:33:00Z,PORTE-D,R52656594,ABONNEMENT,OK
TKT24688391192,2025-12-07T16:33:00Z,VIP-EST,,VIP,OK
TKT64038433806,2025-12-07T16:33:01Z,PORTE-C,R57800344,ABONNEMENT,OK
TKT25437357597,2025-12-07T16:33:03Z,PORTE-C,R56482049,ABONNEMENT,OK
TKT63609513637,2025-12-07T16:33:03Z,PORTE-C,R58822761,UNITE,OK
TKT79010278093,2025-12-07T16:33:04Z,PORTE-D,R56545878,UNITE,OK
TKT92994970431,2025-12-07T16:33:07Z,PORTE-B,R56556356,UNITE,OK
TKT67139555900,2025-12-07T16:33:07Z,PORTE-B,R51717880,UNITE,OK
TKT70828807194,2025-12-07T16:33:09Z,PORTE-D,R57261584,ABONNEMENT,OK
TKT97581000426,2025-12-07T16:33:10Z,PORTE-C,R56418977,ABONNEMENT,OK
TKT98234864168,2025-12-07T16:33:12Z,PORTE-C,R55746593,ABONNEMENT,OK
TKT76306829410,2025-12-07T16:33:12Z,PORTE-D,R55429672,UNITE,OK
TKT58983426637,2025-12-07T16:33:13Z,PORTE-C,R57164519,ABONNEMENT,OK
TKT39874187611,2025-12-07T16:33:15Z,PORTE-A,R56148654,VIP,OK
TKT38241748300,2025-12-07T16:33:15Z,PORTE-C,R58947880,UNITE,OK
TKT43945124387,2025-12-07T16:33:16Z,PORTE-A,R56270229,ABONNEMENT,OK
TKT29411650741,2025-12-07T16:33:17Z,PORTE-A,R52647054,ABONNEMENT,OK
TKT42476306798,2025-12-07T16:33:17Z,VIP-EST,R53779878,ABONNEMENT,OK
TKT81304432230,2025-12-07T16:33:17Z,PORTE-C,R53918895,UNITE,OK
TKT21901833522,2025-12-07T16:33:17Z,PORTE-C,,UNITE,OK
TKT65031412374,2025-12-07T16:33:19Z,PORTE-C,R53534755,UNITE,OK
TKT99527129087,2025-12-07T16:33:20Z,PORTE-B,R52586032,ABONNEMENT,OK
TKT29637305520,2025-12-07T16:33:22Z,PORTE-A,R59292041,ABONNEMENT,OK
TKT70248006570,2025-12-07T16:33:22Z,PORTE-B,R57102338,UNITE,OK
TKT15901504595,2025-12-07T16:33:22Z,PORTE-D,R55036193,UNITE,OK
TKT32485223759,2025-12-07T16:33:23Z,PORTE-D,R58068014,UNITE,OK
TKT25568661110,2025-12-07T16:33:24Z,PORTE-D,R58958368,UNITE,OK
TKT23937724860,2025-12-07T16:33:25Z,VIP-EST,R57303067,ABONNEMENT,OK
TKT40653362184,2025-12-07T16:33:26Z,PORTE-D,R51074374,UNITE,OK
TKT77100835542,2025-12-07T16:33:27Z,PORTE-C,R58579869,GROUPE,OK
TKT75115535182,2025-12-07T16:33:27Z,PORTE-B,R52601357,UNITE,OK
TKT14505429814,2025-12-07T16:33:28Z,PORTE-B,R53243915,UNITE,OK
TKT98394447043,2025-12-07T16:33:29Z,PORTE-D,,UNITE,OK
TKT26859358756,2025-12-07T16:33:34Z,PORTE-A,R51432778,ABONNEMENT,OK
TKT31946759018,2025-12-07T16:33:34Z,PORTE-D,R52003136,ABONNEMENT,OK
TKT12122099353,2025-12-07T16:33:34Z,PORTE-D,R57837526,ABONNEMENT,OK
TKT26164864483,2025-12-07T16:33:37Z,PORTE-D,R55066364,ABONNEMENT,OK
TKT80926289439,2025-12-07T16:33:41Z,PORTE-D,R55853935,ABONNEMENT,OK
TKT39311568533,2025-12-07T16:33:41Z,PORTE-A,R55550902,ABONNEMENT,OK
TKT59051863360,2025-12-07T16:33:42Z,PORTE-B,R55755644,INVITATION,OK
TKT75585831367,2025-12-07T16:33:43Z,PORTE-D,R58564420,ABONNEMENT,OK
TKT67839219677,2025-12-07T16:33:43Z,VIP-EST,R59339932,ABONNEMENT,OK
TKT11426344832,2025-12-07T16:33:43Z,PORTE-A,R52615111,ABONNEMENT,OK
TKT74212243075,2025-12-07T16:33:43Z,PORTE-A,R56171938,ABONNEMENT,OK
TKT78468328998,2025-12-07T16:33:43Z,PORTE-A,,VIP,OK
TKT76893471661,2025-12-07T16:33:44Z,PORTE-D,R56755926,ABONNEMENT,OK
TKT94036960046,2025-12-07T16:33:44Z,PORTE-D,R54722672,ABONNEMENT,OK
TKT86620673262,2025-12-07T16:33:45Z,VIP-EST,R59381405,ABONNEMENT,OK
TKT60390831770,2025-12-07T16:33:46Z,VIP-EST,R57038720,ABONNEMENT,OK
TKT46268694802,2025-12-07T16:33:46Z,PORTE-C,R58734345,ABONNEMENT,OK
TKT46941001784,2025-12-07T16:33:49Z,PORTE-C,R59218759,ABONNEMENT,OK
TKT73908875257,2025-12-07T16:33:49Z,VIP-EST,R58710850,ABONNEMENT,OK
TKT73987374862,2025-12-07T16:33:50Z,PORTE-B,R57768200,ABONNEMENT,OK
TKT49073081882,2025-12-07T16:33:50Z,PORTE-A,R56521214,ABONNEMENT,OK
TKT36002231737,2025-12-07T16:33:51Z,PORTE-C,R54210549,ABONNEMENT,OK
TKT29945747849,2025-12-07T16:33:52Z,PORTE-D,R51315829,ABONNEMENT,OK
TKT86807937917,2025-12-07T16:33:54Z,PORTE-D,R55330232,ABONNEMENT,OK
TKT94780465562,2025-12-07T16:33:54Z,PORTE-A,R53081872,ABONNEMENT,OK
TKT33120566561,2025-12-07T16:33:55Z,PORTE-D,R53330348,UNITE,OK
TKT83237166066,2025-12-07T16:33:57Z,PORTE-D,R57326763,UNITE,OK
TKT61062922905,2025-12-07T16:34:00Z,PORTE-D,R58016599,ABONNEMENT,REFUSE_DEJA_SCANNE
TKT55632043933,2025-12-07T16:34:01Z,PORTE-B,R59280538,ABONNEMENT,OK
TKT44518231687,2025-12-07T16:34:02Z,VIP-EST,R58457346,ABONNEMENT,OK
TKT93069321030,2025-12-07T16:34:02Z,PORTE-C,R59976695,ABONNEMENT,OK
TKT69856787029,2025-12-07T16:34:03Z,PORTE-C,R52588896,ABONNEMENT,OK
TKT23692035993,2025-12-07T16:34:03Z,PORTE-A,R53041347,ABONNEMENT,OK
TKT17704984757,2025-12-07T16:34:04Z,PORTE-D,R51297439,UNITE,OK
TKT90008670065,2025-12-07T16:34:06Z,PORTE-C,R57000178,ABONNEMENT,OK
TKT35532204266,2025-12-07T16:34:06Z,PORTE-B,R57125843,UNITE,OK
TKT59990392145,2025-12-07T16:34:07Z,PORTE-B,R54463038,ABONNEMENT,OK
TKT48236047443,2025-12-07T16:34:08Z,PORTE-C,R55596810,UNITE,OK
TKT70940434905,2025-12-07T16:34:09Z,PORTE-A,R59865273,ABONNEMENT,OK
TKT62661609747,2025-12-07T16:34:09Z,PORTE-B,R57986418,ABONNEMENT,OK
TKT55990385047,2025-12-07T16:34:11Z,PORTE-A,R59013327,ABONNEMENT,REFUSE_DEJA_SCANNE
TKT99441327037,2025-12-07T16:34:11Z,PORTE-C,R51051961,UNITE,OK
TKT44956614233,2025-12-07T16:34:14Z,PMR-NORD,R52248882,UNITE,OK
TKT11491612556,2025-12-07T16:34:15Z,PORTE-A,R56746118,ABONNEMENT,OK
TKT31324832049,2025-12-07T16:34:15Z,PORTE-A,R57553506,VIP,OK
TKT99574219987,2025-12-07T16:34:16Z,PORTE-D,R55008809,UNITE,OK
TKT21246049006,2025-12-07T16:34:19Z,PORTE-C,R53663485,ABONNEMENT,OK
TKT62497104637,2025-12-07T16:34:19Z,PORTE-D,R57984579,UNITE,OK
TKT86366453385,2025-12-07T16:34:20Z,PORTE-D,R56987640,ABONNEMENT,OK
TKT48135651028,2025-12-07T16:34:22Z,VIP-EST,,UNITE,OK
TKT64348250632,2025-12-07T16:34:23Z,PORTE-C,R51139275,ABONNEMENT,OK
TKT22719095966,2025-12-07T16:34:24Z,PORTE-D,,UNITE,OK
TKT35304350686,2025-12-07T16:34:25Z,PORTE-A,R51481339,ABONNEMENT,OK
TKT12136765753,2025-12-07T16:34:25Z,PORTE-D,R54620100,ABONNEMENT,OK
TKT87982499533,2025-12-07T16:34:25Z,PORTE-D,,INVITATION,OK
TKT12111989081,2025-12-07T16:34:26Z,PORTE-B,R57410131,UNITE,OK
TKT19987902371,2025-12-07T16:34:27Z,PORTE-D,R59674630,ABONNEMENT,OK
TKT97185884846,2025-12-07T16:34:28Z,PORTE-C,R57385410,ABONNEMENT,OK
TKT18084640031,2025-12-07T16:34:29Z,PORTE-D,R56049070,UNITE,OK
TKT13572417531,2025-12-07T16:34:30Z,PORTE-D,R51800712,UNITE,OK
TKT98332621033,2025-12-07T16:34:31Z,PORTE-D,R58180883,ABONNEMENT,OK
TKT33506300657,2025-12-07T16:34:31Z,PORTE-C,R52481343,ABONNEMENT,OK
TKT37313578549,2025-12-07T16:34:31Z,PORTE-C,R53523299,ABONNEMENT,OK
TKT72900205540,2025-12-07T16:34:32Z,VIP-EST,,GROUPE,OK
TKT78676969048,2025-12-07T16:34:33Z,PORTE-C,R55520386,ABONNEMENT,OK
TKT49702054185,2025-12-07T16:34:34Z,PORTE-A,R53422844,ABONNEMENT,OK
TKT46513656042,2025-12-07T16:34:34Z,PORTE-C,R57231068,ABONNEMENT,OK
TKT60756338347,2025-12-07T16:34:36Z,PORTE-C,R51001906,UNITE,OK
TKT43771924589,2025-12-07T16:34:36Z,VIP-EST,,UNITE,OK
TKT42157652661,2025-12-07T16:34:37Z,PORTE-D,R54213001,ABONNEMENT,OK
TKT41470168792,2025-12-07T16:34:39Z,PORTE-C,R55192307,UNITE,OK
TKT53710152012,2025-12-07T16:34:39Z,VIP-EST,R52831835,UNITE,OK
TKT23179163653,2025-12-07T16:34:40Z,PORTE-C,R59873309,ABONNEMENT,OK
TKT38652969597,2025-12-07T16:34:41Z,PORTE-B,R55007104,UNITE,OK
TKT29964374003,2025-12-07T16:34:42Z,PORTE-C,R58784678,ABONNEMENT,OK
TKT53057427581,2025-12-07T16:34:46Z,PORTE-B,R54524817,ABONNEMENT,OK
TKT63846266860,2025-12-07T16:34:46Z,PORTE-A,R54844113,UNITE,OK
TKT95512511270,2025-12-07T16:34:47Z,PORTE-C,R53665726,ABONNEMENT,OK
TKT66932773344,2025-12-07T16:34:47Z,PORTE-C,,UNITE,OK
TKT50736593659,2025-12-07T16:34:48Z,PORTE-A,R58146421,ABONNEMENT,OK
TKT90029724388,2025-12-07T16:34:48Z,PORTE-C,R54623577,ABONNEMENT,OK
TKT51972471767,2025-12-07T16:34:49Z,PORTE-C,R56408834,GROUPE,OK
TKT41444953556,2025-12-07T16:34:51Z,VIP-EST,R58593221,ABONNEMENT,OK
TKT29893621729,2025-12-07T16:34:52Z,PORTE-A,R55880907,ABONNEMENT,OK
TKT77489581994,2025-12-07T16:34:52Z,VIP-EST,,UNITE,OK
TKT16206947388,2025-12-07T16:34:54Z,PORTE-D,R53594953,ABONNEMENT,OK
TKT11442176402,2025-12-07T16:34:54Z,PORTE-D,R52486247,UNITE,OK
TKT37848177352,2025-12-07T16:34:55Z,PORTE-D,R58167876,ABONNEMENT,OK
TKT31154841065,2025-12-07T16:34:55Z,PORTE-A,R54067174,ABONNEMENT,OK
TKT26404005127,2025-12-07T16:34:55Z,PORTE-C,R53013628,ABONNEMENT,OK
TKT34365621538,2025-12-07T16:34:55Z,PORTE-D,R57762194,UNITE,OK
TKT77813757319,2025-12-07T16:34:56Z,PORTE-D,R58372005,UNITE,OK
TKT70857408906,2025-12-07T16:34:58Z,PORTE-C,R54634611,ABONNEMENT,OK
TKT82983799646,2025-12-07T16:35:03Z,VIP-EST,R52085623,ABONNEMENT,OK
TKT71362461354,2025-12-07T16:35:04Z,PORTE-D,R51576957,UNITE,OK
TKT55585001376,2025-12-07T16:35:05Z,PORTE-A,R54800801,ABONNEMENT,OK
TKT59802594223,2025-12-07T16:35:05Z,PORTE-D,,UNITE,OK
TKT60265644386,2025-12-07T16:35:06Z,PORTE-A,R52872715,ABONNEMENT,OK
TKT92041668469,2025-12-07T16:35:07Z,PORTE-A,R55540625,ABONNEMENT,OK
TKT76698312164,2025-12-07T16:35:09Z,PORTE-A,R52238997,ABONNEMENT,OK
TKT52522937871,2025-12-07T16:35:09Z,PORTE-D,R55757148,UNITE,OK
TKT96998407356,2025-12-07T16:35:09Z,PORTE-A,R58314929,UNITE,OK
TKT53821480205,2025-12-07T16:35:13Z,PORTE-D,R55996697,UNITE,OK
TKT42639401113,2025-12-07T16:35:15Z,PORTE-A,R56538522,ABONNEMENT,OK
TKT85409087821,2025-12-07T16:35:19Z,PORTE-C,R51529699,ABONNEMENT,OK
TKT44136322730,2025-12-07T16:35:19Z,PORTE-D,R58053580,UNITE,OK
TKT24191420556,2025-12-07T16:35:22Z,PORTE-D,,UNITE,OK
TKT29099259160,2025-12-07T16:35:23Z,PORTE-C,R54326195,UNITE,OK
TKT54752783954,2025-12-07T16:35:24Z,VIP-EST,R57010120,ABONNEMENT,OK
TKT53610000454,2025-12-07T16:35:25Z,PORTE-A,R57040502,ABONNEMENT,OK
TKT59898169610,2025-12-07T16:35:25Z,PORTE-C,R55834587,ABONNEMENT,OK
TKT92878872682,2025-12-07T16:35:25Z,PORTE-D,R59029677,UNITE,OK
TKT17886543432,2025-12-07T16:35:25Z,VIP-EST,R57508211,VIP,OK
TKT70871311170,2025-12-07T16:35:25Z,PORTE-D,R54537690,UNITE,OK
TKT40960283593,2025-12-07T16:35:26Z,PORTE-C,,UNITE,OK
TKT81421966618,2025-12-07T16:35:26Z,PORTE-D,R53731930,UNITE,OK
TKT55361942322,2025-12-07T16:35:27Z,PORTE-B,R51626007,ABONNEMENT,OK
TKT65067455783,2025-12-07T16:35:27Z,PORTE-B,R56784938,ABONNEMENT,OK
TKT76551665153,2025-12-07T16:35:30Z,VIP-EST,R51372838,ABONNEMENT,OK
TKT42953267034,2025-12-07T16:35:30Z,VIP-EST,,UNITE,OK
TKT41558982529,2025-12-07T16:35:32Z,PORTE-D,R52014505,ABONNEMENT,OK
TKT28174422476,2025-12-07T16:35:33Z,PORTE-B,,UNITE,OK
TKT17475265922,2025-12-07T16:35:34Z,PORTE-B,R57973009,ABONNEMENT,OK
TKT77647018130,2025-12-07T16:35:36Z,PORTE-C,R57940922,ABONNEMENT,OK
TKT30096512612,2025-12-07T16:35:36Z,PORTE-D,R59970843,UNITE,OK
TKT47091870282,2025-12-07T16:35:38Z,PORTE-C,,GROUPE,OK
TKT30933165664,2025-12-07T16:35:41Z,PORTE-C,R59969818,ABONNEMENT,OK
TKT43611490248,2025-12-07T16:35:44Z,VIP-EST,R55867622,ABONNEMENT,OK
TKT50307995713,2025-12-07T16:35:44Z,PORTE-C,R55025628,ABONNEMENT,OK
TKT95502895161,2025-12-07T16:35:45Z,PMR-NORD,R54310324,ABONNEMENT,OK
TKT28697193291,2025-12-07T16:35:45Z,PORTE-A,R57389969,UNITE,OK
TKT37825135436,2025-12-07T16:35:46Z,PORTE-C,R53348058,ABONNEMENT,OK
TKT93845189386,2025-12-07T16:35:46Z,PORTE-D,R59390188,ABONNEMENT,OK
TKT90770608028,2025-12-07T16:35:47Z,PORTE-B,R56738082,ABONNEMENT,OK
TKT65603113899,2025-12-07T16:35:48Z,PORTE-C,,GROUPE,OK
TKT62717586755,2025-12-07T16:35:49Z,PORTE-D,R58716913,UNITE,OK
TKT50560827542,2025-12-07T16:35:49Z,PORTE-C,R55324293,UNITE,OK
TKT81897849783,2025-12-07T16:35:50Z,PORTE-D,R58251857,ABONNEMENT,OK
TKT33264358595,2025-12-07T16:35:50Z,PORTE-C,R59387870,INVITATION,OK
TKT99752715243,2025-12-07T16:35:51Z,PORTE-C,R53941164,ABONNEMENT,OK
TKT52862743412,2025-12-07T16:35:52Z,PORTE-A,R56008200,ABONNEMENT,OK
TKT34252904470,2025-12-07T16:35:56Z,PORTE-D,R58515916,ABONNEMENT,OK
TKT31567173213,2025-12-07T16:35:56Z,PORTE-D,R56424772,UNITE,OK
TKT29054775524,2025-12-07T16:35:57Z,PORTE-D,R57490032,UNITE,OK
TKT32857116255,2025-12-07T16:35:57Z,VIP-EST,,VIP,OK
TKT39658425633,2025-12-07T16:35:59Z,PORTE-D,R53124658,ABONNEMENT,OK
TKT17710727810,2025-12-07T16:35:59Z,PORTE-D,R59348648,ABONNEMENT,OK
TKT97510378800,2025-12-07T16:35:59Z,PORTE-C,R54208164,UNITE,OK
TKT27806458130,2025-12-07T16:36:02Z,PORTE-C,R57196807,UNITE,OK
TKT36403569641,2025-12-07T16:36:04Z,PORTE-B,R55893703,ABONNEMENT,OK
TKT86741086454,2025-12-07T16:36:05Z,PORTE-B,R56901006,ABONNEMENT,OK
TKT76447160095,2025-12-07T16:36:05Z,PORTE-D,R58311586,ABONNEMENT,OK
TKT36946785115,2025-12-07T16:36:06Z,PORTE-C,R52020022,UNITE,OK
TKT56588455043,2025-12-07T16:36:07Z,VIP-EST,R58689807,ABONNEMENT,OK
TKT92793298693,2025-12-07T16:36:10Z,PORTE-C,R54481294,ABONNEMENT,OK
TKT89048531949,2025-12-07T16:36:10Z,PORTE-C,R59178780,UNITE,OK
TKT84100864896,2025-12-07T16:36:11Z,PORTE-B,R55146389,ABONNEMENT,OK
TKT37838502309,2025-12-07T16:36:11Z,PORTE-D,R55415295,UNITE,OK
TKT95577915649,2025-12-07T16:36:13Z,VIP-EST,R59357230,ABONNEMENT,OK
TKT27996522878,2025-12-07T16:36:13Z,PORTE-D,R59379221,ABONNEMENT,OK
TKT64646194353,2025-12-07T16:36:13Z,PORTE-C,R55529648,UNITE,OK
TKT28006837786,2025-12-07T16:36:14Z,PORTE-D,R51242269,ABONNEMENT,OK
TKT43328385418,2025-12-07T16:36:17Z,PORTE-D,R56171603,ABONNEMENT,OK
TKT30465473166,2025-12-07T16:36:18Z,PMR-NORD,R58520073,ABONNEMENT,OK
TKT32945376348,2025-12-07T16:36:18Z,PORTE-C,R58890459,ABONNEMENT,OK
TKT71924360870,2025-12-07T16:36:19Z,PORTE-A,R53894509,ABONNEMENT,OK
TKT80889983082,2025-12-07T16:36:20Z,PORTE-D,R56222760,ABONNEMENT,OK
TKT47638679948,2025-12-07T16:36:22Z,PORTE-D,R56689253,ABONNEMENT,OK
TKT81584315043,2025-12-07T16:36:22Z,PORTE-D,R53406906,GROUPE,OK
TKT84833163025,2025-12-07T16:36:23Z,VIP-EST,R51046645,ABONNEMENT,OK
TKT29099259160,2025-12-07T16:36:23Z,PORTE-C,R54326195,UNITE,REFUSE_DEJA_SCANNE
TKT89551571082,2025-12-07T16:36:25Z,PORTE-B,R56688774,ABONNEMENT,REFUSE_DEJA_SCANNE
TKT69154464619,2025-12-07T16:36:27Z,PORTE-C,R54571529,UNITE,OK
TKT70815037519,2025-12-07T16:36:28Z,PORTE-B,R52820265,ABONNEMENT,OK
TKT94544792399,2025-12-07T16:36:28Z,PORTE-B,R52534674,ABONNEMENT,OK
TKT95703341685,2025-12-07T16:36:28Z,PORTE-B,R58871935,ABONNEMENT,OK
TKT82476979535,2025-12-07T16:36:35Z,PORTE-D,R57693816,ABONNEMENT,OK
TKT48663669245,2025-12-07T16:36:35Z,PORTE-D,R51792063,UNITE,OK
TKT17380740926,2025-12-07T16:36:37Z,PORTE-D,R54690729,ABONNEMENT,OK
TKT51002114113,2025-12-07T16:36:37Z,PORTE-D,R54395464,ABONNEMENT,OK
TKT45119290911,2025-12-07T16:36:37Z,PORTE-D,R54725469,UNITE,OK
TKT82583949618,2025-12-07T16:36:39Z,PORTE-C,R53890419,ABONNEMENT,OK
TKT70849462537,2025-12-07T16:36:40Z,PORTE-D,R51872433,UNITE,OK
TKT87329083597,2025-12-07T16:36:40Z,PORTE-C,R54386403,UNITE,OK
TKT47619412963,2025-12-07T16:36:44Z,PORTE-C,R57352030,UNITE,OK
TKT11086810543,2025-12-07T16:36:47Z,PORTE-C,R52288382,ABONNEMENT,OK
TKT35672917502,2025-12-07T16:36:47Z,PORTE-D,R58029673,UNITE,OK
TKT46870272794,2025-12-07T16:36:48Z,PORTE-A,R57519312,UNITE,OK
TKT19035232320,2025-12-07T16:36:48Z,PORTE-D,R59842381,INVITATION,OK
TKT16860190190,2025-12-07T16:36:49Z,PORTE-C,R57186319,ABONNEMENT,OK
TKT14775498452,2025-12-07T16:36:49Z,PORTE-C,R51802005,UNITE,OK
TKT68290928233,2025-12-07T16:36:49Z,VIP-EST,R54223556,UNITE,OK
TKT74952833623,2025-12-07T16:36:50Z,PORTE-D,,UNITE,OK
TKT81702060703,2025-12-07T16:36:51Z,PORTE-A,,UNITE,OK
TKT95733949225,2025-12-07T16:36:52Z,PORTE-C,R58971375,ABONNEMENT,OK
TKT32585750234,2025-12-07T16:36:52Z,PORTE-D,R52478067,ABONNEMENT,OK
TKT90360790726,2025-12-07T16:36:52Z,PORTE-B,R59310498,UNITE,OK
TKT71693430976,2025-12-07T16:36:53Z,PORTE-A,R51710055,ABONNEMENT,OK
TKT83411224352,2025-12-07T16:36:53Z,PORTE-D,R57411568,ABONNEMENT,OK
TKT81644263814,2025-12-07T16:36:54Z,PORTE-D,R56946090,UNITE,OK
TKT35493975304,2025-12-07T16:36:55Z,PORTE-C,R59381683,ABONNEMENT,OK
TKT22051257047,2025-12-07T16:36:55Z,PORTE-A,R56391603,ABONNEMENT,OK
TKT66380771123,2025-12-07T16:36:55Z,PORTE-D,R58253073,ABONNEMENT,OK
TKT45330676112,2025-12-07T16:36:57Z,PORTE-B,R55840650,UNITE,OK
TKT46437944550,2025-12-07T16:36:59Z,PORTE-D,,UNITE,OK
TKT93286887572,2025-12-07T16:37:00Z,PORTE-C,R57963057,ABONNEMENT,OK
TKT47551137774,2025-12-07T16:37:01Z,PORTE-A,R56003430,ABONNEMENT,OK
TKT20528879257,2025-12-07T16:37:01Z,VIP-EST,,VIP,OK
TKT78065507459,2025-12-07T16:37:01Z,PMR-NORD,R59609096,UNITE,OK
TKT43716307144,2025-12-07T16:37:03Z,PORTE-A,R51893945,ABONNEMENT,OK
TKT46348657905,2025-12-07T16:37:05Z,PORTE-A,R59509733,ABONNEMENT,OK
TKT90611758844,2025-12-07T16:37:05Z,PORTE-C,R58958713,ABONNEMENT,OK
TKT16651634945,2025-12-07T16:37:05Z,PORTE-D,R56424839,GROUPE,OK
TKT20034008468,2025-12-07T16:37:05Z,VIP-EST,R58019654,UNITE,OK
TKT36981953362,2025-12-07T16:37:06Z,PORTE-C,R59806013,ABONNEMENT,OK
TKT57719358791,2025-12-07T16:37:06Z,PORTE-C,R51995023,UNITE,OK
TKT67154636278,2025-12-07T16:37:06Z,PORTE-D,,UNITE,OK
TKT37384789395,2025-12-07T16:37:06Z,PORTE-D,R54357937,UNITE,OK
TKT92821865597,2025-12-07T16:37:08Z,VIP-EST,R57066516,ABONNEMENT,OK
TKT24764821164,2025-12-07T16:37:13Z,VIP-EST,R58632798,ABONNEMENT,OK
TKT47251482082,2025-12-07T16:37:14Z,PORTE-A,R56383021,ABONNEMENT,OK
TKT65548734112,2025-12-07T16:37:14Z,PORTE-D,R56603088,UNITE,OK
TKT67010690172,2025-12-07T16:37:15Z,PORTE-C,R53844310,ABONNEMENT,OK
TKT82153489795,2025-12-07T16:37:15Z,PORTE-D,,UNITE,OK
TKT42901956237,2025-12-07T16:37:17Z,PORTE-C,R51926166,ABONNEMENT,OK
TKT53403544910,2025-12-07T16:37:18Z,PORTE-A,R56406047,ABONNEMENT,OK
TKT59629953724,2025-12-07T16:37:19Z,PORTE-A,R58839657,ABONNEMENT,OK
TKT16646373445,2025-12-07T16:37:20Z,PORTE-B,R53455400,ABONNEMENT,OK
TKT99963945616,2025-12-07T16:37:20Z,PORTE-D,R54150408,UNITE,OK
TKT28231803749,2025-12-07T16:37:20Z,PORTE-D,,UNITE,OK
TKT18866740848,2025-12-07T16:37:22Z,PORTE-A,R58366756,UNITE,OK
TKT71407425411,2025-12-07T16:37:23Z,PORTE-D,R58013735,ABONNEMENT,OK
TKT31538650865,2025-12-07T16:37:23Z,PORTE-A,R54872378,UNITE,OK
TKT82137790060,2025-12-07T16:37:23Z,PORTE-A,,VIP,OK
TKT40271514631,2025-12-07T16:37:23Z,PORTE-A,R54427273,UNITE,OK
TKT42609598392,2025-12-07T16:37:26Z,PORTE-A,R52046860,ABONNEMENT,OK
TKT32767142136,2025-12-07T16:37:27Z,PORTE-D,R53408668,ABONNEMENT,OK
TKT95351855318,2025-12-07T16:37:31Z,PORTE-A,,VIP,OK
TKT45262948461,2025-12-07T16:37:33Z,VIP-EST,R52323936,ABONNEMENT,OK
TKT55276945113,2025-12-07T16:37:35Z,PORTE-A,R58417913,ABONNEMENT,OK
TKT90791573013,2025-12-07T16:37:37Z,PORTE-A,,UNITE,OK
TKT33813554830,2025-12-07T16:37:39Z,PORTE-A,R56369458,ABONNEMENT,OK
TKT47536843913,2025-12-07T16:37:39Z,PORTE-C,R58654042,UNITE,OK
TKT39829549939,2025-12-07T16:37:40Z,PORTE-D,R53951729,ABONNEMENT,OK
TKT54661558850,2025-12-07T16:37:43Z,PORTE-A,R54678680,ABONNEMENT,OK
TKT91834843518,2025-12-07T16:37:47Z,PORTE-B,R58796057,ABONNEMENT,OK
TKT57192321429,2025-12-07T16:37:48Z,PORTE-C,R58108482,ABONNEMENT,OK
TKT92742321999,2025-12-07T16:37:48Z,PORTE-D,R55981238,UNITE,OK
TKT74247910142,2025-12-07T16:37:48Z,VIP-EST,,VIP,OK
TKT46504185666,2025-12-07T16:37:50Z,PORTE-D,R54880692,UNITE,OK
TKT73292767669,2025-12-07T16:37:50Z,PORTE-C,,GROUPE,OK
TKT34348465793,2025-12-07T16:37:50Z,PORTE-A,,UNITE,OK
TKT62112655443,2025-12-07T16:37:51Z,PORTE-D,,UNITE,OK
TKT37948058072,2025-12-07T16:37:56Z,VIP-EST,R55087819,ABONNEMENT,OK
TKT15353404788,2025-12-07T16:37:59Z,PORTE-A,R59268824,UNITE,OK
TKT36949287817,2025-12-07T16:38:00Z,PORTE-C,R57888482,ABONNEMENT,OK
TKT94963772911,2025-12-07T16:38:01Z,PORTE-D,R51752285,GROUPE,OK
TKT53666295354,2025-12-07T16:38:04Z,PORTE-D,,UNITE,OK
TKT84987112134,2025-12-07T16:38:06Z,PORTE-B,R56681418,ABONNEMENT,REFUSE_DEJA_SCANNE
TKT21607337325,2025-12-07T16:38:07Z,PORTE-D,R58037776,ABONNEMENT,OK
TKT88514358028,2025-12-07T16:38:09Z,VIP-EST,R58893869,ABONNEMENT,OK
TKT84564846744,2025-12-07T16:38:11Z,PORTE-D,R59779520,ABONNEMENT,OK
TKT17568881037,2025-12-07T16:38:11Z,PORTE-D,R54850243,UNITE,REFUSE_INVALIDE
TKT39498787552,2025-12-07T16:38:12Z,PORTE-D,R57462916,ABONNEMENT,OK
TKT66848062791,2025-12-07T16:38:15Z,PORTE-A,R55182566,ABONNEMENT,OK
TKT73637510833,2025-12-07T16:38:15Z,PORTE-D,R59498488,ABONNEMENT,OK
TKT72822800467,2025-12-07T16:38:16Z,PORTE-A,R56246791,ABONNEMENT,OK
TKT40258383323,2025-12-07T16:38:17Z,PORTE-B,R57171262,ABONNEMENT,OK
TKT63645748661,2025-12-07T16:38:19Z,VIP-EST,R52557968,ABONNEMENT,OK
TKT76398720443,2025-12-07T16:38:20Z,PORTE-C,R53512074,UNITE,OK
TKT62556407532,2025-12-07T16:38:21Z,PORTE-D,R55991247,ABONNEMENT,OK
TKT24736157946,2025-12-07T16:38:21Z,PORTE-C,R58191304,ABONNEMENT,OK
TKT91972283180,2025-12-07T16:38:23Z,PORTE-B,R51820874,ABONNEMENT,OK
TKT63601465025,2025-12-07T16:38:24Z,PORTE-D,R51916569,UNITE,OK
TKT22409386957,2025-12-07T16:38:25Z,PORTE-A,R55789359,ABONNEMENT,OK
TKT21242233072,2025-12-07T16:38:27Z,PORTE-C,R53316651,UNITE,OK
TKT97482169357,2025-12-07T16:38:27Z,PORTE-D,R56562764,UNITE,OK
TKT65062572383,2025-12-07T16:38:27Z,PORTE-D,,INVITATION,OK
TKT48755500302,2025-12-07T16:38:28Z,PORTE-C,R59897082,ABONNEMENT,OK
TKT62722774432,2025-12-07T16:38:31Z,PORTE-D,R52066074,UNITE,OK
TKT27926045346,2025-12-07T16:38:33Z,PORTE-C,R52888710,ABONNEMENT,OK
TKT74534516295,2025-12-07T16:38:34Z,VIP-EST,R55505138,ABONNEMENT,OK
TKT80548795448,2025-12-07T16:38:34Z,PORTE-D,R51714001,ABONNEMENT,OK
TKT20290988705,2025-12-07T16:38:35Z,PORTE-A,R51797570,ABONNEMENT,OK
TKT70563141441,2025-12-07T16:38:36Z,PORTE-A,R53409224,ABONNEMENT,OK
TKT87955325062,2025-12-07T16:38:36Z,VIP-EST,R57607450,UNITE,OK
TKT70090532768,2025-12-07T16:38:36Z,PORTE-C,R54530391,INVITATION,OK
TKT99168932303,2025-12-07T16:38:37Z,VIP-EST,R59412946,VIP,OK
TKT70412561314,2025-12-07T16:38:38Z,VIP-EST,R53837778,ABONNEMENT,OK
TKT31988292103,2025-12-07T16:38:39Z,PORTE-D,R51240286,ABONNEMENT,OK
TKT97774718571,2025-12-07T16:38:41Z,PORTE-C,R54085976,ABONNEMENT,OK
TKT25331321769,2025-12-07T16:38:42Z,PORTE-A,R58509997,ABONNEMENT,OK
TKT79395715908,2025-12-07T16:38:42Z,PORTE-C,R51175519,ABONNEMENT,OK
TKT83147560035,2025-12-07T16:38:42Z,PORTE-B,R55459843,ABONNEMENT,OK
TKT29855163308,2025-12-07T16:38:42Z,PORTE-D,R57705674,UNITE,OK
TKT54229922660,2025-12-07T16:38:43Z,PORTE-C,R58140492,ABONNEMENT,OK
TKT67845033252,2025-12-07T16:38:43Z,PORTE-C,R53044010,UNITE,OK
TKT21287644511,2025-12-07T16:38:43Z,PORTE-D,R54870817,UNITE,REFUSE_INVALIDE
TKT71082352686,2025-12-07T16:38:46Z,VIP-EST,R55230648,UNITE,OK
TKT31343635794,2025-12-07T16:38:47Z,PORTE-C,R53972226,ABONNEMENT,OK
TKT54984628779,2025-12-07T16:38:47Z,PORTE-D,R51377397,UNITE,OK
TKT55834112034,2025-12-07T16:38:49Z,PORTE-B,R59992777,ABONNEMENT,OK
TKT76746289637,2025-12-07T16:38:51Z,PORTE-C,R52688393,UNITE,OK
TKT29249331895,2025-12-07T16:38:51Z,VIP-EST,,VIP,OK
TKT74528582401,2025-12-07T16:38:52Z,PORTE-D,R57393044,GROUPE,OK
TKT18481607817,2025-12-07T16:38:53Z,PORTE-C,R54797257,ABONNEMENT,OK
TKT54548044495,2025-12-07T16:38:53Z,VIP-EST,,GROUPE,OK
TKT73636423401,2025-12-07T16:38:54Z,PORTE-C,R51245803,ABONNEMENT,OK
TKT75167115999,2025-12-07T16:38:56Z,PORTE-C,R56032864,UNITE,OK
TKT81667843814,2025-12-07T16:38:57Z,PORTE-C,R54835464,ABONNEMENT,OK
TKT34653405131,2025-12-07T16:38:57Z,PORTE-C,R58085791,GROUPE,OK
TKT68585671999,2025-12-07T16:38:59Z,PORTE-C,R51376171,ABONNEMENT,OK
TKT85234266551,2025-12-07T16:38:59Z,PORTE-C,R58426619,ABONNEMENT,OK
TKT42574070292,2025-12-07T16:38:59Z,PORTE-C,R57871308,ABONNEMENT,OK
TKT30048933673,2025-12-07T16:39:00Z,PORTE-C,,UNITE,OK
TKT82293559029,2025-12-07T16:39:02Z,PORTE-A,R56863469,ABONNEMENT,OK
TKT60080108061,2025-12-07T16:39:02Z,VIP-EST,,UNITE,OK
TKT51636436825,2025-12-07T16:39:05Z,PORTE-C,R59635331,ABONNEMENT,OK
TKT84521089725,2025-12-07T16:39:06Z,PORTE-C,R55598381,ABONNEMENT,OK
TKT44221449464,2025-12-07T16:39:06Z,PORTE-B,R57992002,UNITE,OK
TKT54564266579,2025-12-07T16:39:07Z,PORTE-D,,UNITE,OK
TKT98121674373,2025-12-07T16:39:10Z,PORTE-A,R51231781,UNITE,OK
TKT83901833325,2025-12-07T16:39:11Z,PORTE-C,R52257866,ABONNEMENT,OK
TKT47559617570,2025-12-07T16:39:12Z,PORTE-B,R53704211,UNITE,OK
TKT63464130404,2025-12-07T16:39:12Z,PORTE-D,,UNITE,OK
TKT84041066315,2025-12-07T16:39:13Z,PORTE-D,R54081139,ABONNEMENT,OK
TKT40448576959,2025-12-07T16:39:13Z,PORTE-D,R51426370,ABONNEMENT,OK
TKT28602476636,2025-12-07T16:39:13Z,PORTE-C,R57047858,UNITE,OK
TKT73312190947,2025-12-07T16:39:15Z,PORTE-C,R55847326,ABONNEMENT,OK
TKT42495334237,2025-12-07T16:39:15Z,PORTE-A,R53349619,ABONNEMENT,OK
TKT82430788330,2025-12-07T16:39:18Z,PORTE-A,R57165688,ABONNEMENT,OK
TKT39238681973,2025-12-07T16:39:18Z,PORTE-A,R58707651,ABONNEMENT,OK
TKT61916647790,2025-12-07T16:39:18Z,PORTE-D,R56969394,UNITE,OK
TKT87840397778,2025-12-07T16:39:19Z,PORTE-D,R55981975,UNITE,OK
TKT89768504545,2025-12-07T16:39:19Z,PORTE-D,,INVITATION,OK
TKT31679471351,2025-12-07T16:39:20Z,PORTE-C,,UNITE,OK
TKT57817752005,2025-12-07T16:39:30Z,PORTE-C,,GROUPE,OK
TKT56205345246,2025-12-07T16:39:33Z,PORTE-C,R59880387,ABONNEMENT,OK
TKT49107995611,2025-12-07T16:39:33Z,PORTE-D,R58620873,ABONNEMENT,OK
TKT81371020603,2025-12-07T16:39:34Z,PORTE-D,R51852137,ABONNEMENT,OK
TKT30456767521,2025-12-07T16:39:35Z,PORTE-C,R59757653,ABONNEMENT,OK
TKT23634242120,2025-12-07T16:39:37Z,PORTE-D,R58098195,ABONNEMENT,OK
TKT51873976282,2025-12-07T16:39:38Z,PORTE-B,R51557274,ABONNEMENT,OK
TKT25248327168,2025-12-07T16:39:38Z,PORTE-D,R51035621,UNITE,OK
TKT37825369756,2025-12-07T16:39:40Z,PORTE-A,R54838462,ABONNEMENT,OK
TKT61113298117,2025-12-07T16:39:42Z,VIP-EST,R58052766,ABONNEMENT,OK
TKT38769431635,2025-12-07T16:39:48Z,PORTE-C,R57241144,GROUPE,OK
TKT96177061091,2025-12-07T16:39:50Z,PORTE-B,R53349753,ABONNEMENT,OK
TKT63852677774,2025-12-07T16:39:53Z,VIP-EST,R57172632,ABONNEMENT,OK
TKT43635499692,2025-12-07T16:39:54Z,PORTE-D,R58236120,ABONNEMENT,OK
TKT55399126851,2025-12-07T16:39:58Z,PORTE-C,R57886911,ABONNEMENT,OK
TKT40539438793,2025-12-07T16:39:58Z,VIP-EST,R53605987,ABONNEMENT,OK
TKT77207299889,2025-12-07T16:40:04Z,VIP-EST,R54184123,ABONNEMENT,OK
TKT76127857352,2025-12-07T16:40:05Z,VIP-EST,R53797933,ABONNEMENT,OK
TKT57413612373,2025-12-07T16:40:06Z,PORTE-B,R59982279,UNITE,OK
TKT36859535902,2025-12-07T16:40:09Z,PORTE-C,R53878025,ABONNEMENT,OK
TKT22909565599,2025-12-07T16:40:18Z,PORTE-C,R55634682,ABONNEMENT,OK
TKT19148110579,2025-12-07T16:40:19Z,PORTE-C,R52225444,ABONNEMENT,OK
TKT99438458543,2025-12-07T16:40:20Z,PORTE-C,R54503908,ABONNEMENT,OK
TKT74561147631,2025-12-07T16:40:20Z,PORTE-D,R54462080,UNITE,OK
TKT78796417311,2025-12-07T16:40:23Z,PORTE-B,R57718001,UNITE,OK
TKT55943550178,2025-12-07T16:40:23Z,PORTE-C,,UNITE,OK
TKT92598481118,2025-12-07T16:40:23Z,PORTE-B,,UNITE,OK
TKT12957718783,2025-12-07T16:40:24Z,PORTE-D,,UNITE,OK
TKT76662865863,2025-12-07T16:40:27Z,PORTE-A,R59320373,UNITE,OK
TKT19334494594,2025-12-07T16:40:30Z,PORTE-D,R54358627,ABONNEMENT,OK
TKT31073252870,2025-12-07T16:40:31Z,PORTE-C,R55054516,ABONNEMENT,OK
TKT21580995163,2025-12-07T16:40:31Z,VIP-EST,R56946291,UNITE,OK
TKT52247364669,2025-12-07T16:40:33Z,PORTE-D,R58037230,UNITE,OK
TKT32440482084,2025-12-07T16:40:37Z,VIP-EST,R56217511,ABONNEMENT,OK
TKT92087825382,2025-12-07T16:40:37Z,PORTE-B,R53421206,UNITE,OK
TKT68113285167,2025-12-07T16:40:39Z,PORTE-A,R52741255,ABONNEMENT,OK
TKT61328364261,2025-12-07T16:40:40Z,PORTE-C,R56409380,ABONNEMENT,OK
TKT13945670566,2025-12-07T16:40:40Z,PORTE-D,R56680527,ABONNEMENT,OK
TKT75574576054,2025-12-07T16:40:41Z,PORTE-D,R59776311,UNITE,OK
TKT42573440057,2025-12-07T16:40:42Z,PORTE-D,,UNITE,OK
TKT20660548203,2025-12-07T16:40:43Z,VIP-EST,R55194548,ABONNEMENT,OK
TKT66701760357,2025-12-07T16:40:43Z,PORTE-D,R57694027,UNITE,OK
TKT54830434447,2025-12-07T16:40:44Z,PORTE-A,R52522136,UNITE,OK
TKT95502895161,2025-12-07T16:40:45Z,PMR-NORD,R54310324,ABONNEMENT,REFUSE_DEJA_SCANNE
TKT85342315050,2025-12-07T16:40:47Z,VIP-EST,R56987774,ABONNEMENT,OK
TKT49746535922,2025-12-07T16:40:48Z,VIP-EST,R51904845,ABONNEMENT,OK
TKT94897787830,2025-12-07T16:40:50Z,PORTE-C,R56262605,ABONNEMENT,OK
TKT23067411783,2025-12-07T16:40:53Z,PORTE-D,R52782192,ABONNEMENT,OK
TKT79716270288,2025-12-07T16:40:53Z,VIP-EST,R59389307,INVITATION,OK
TKT93805772777,2025-12-07T16:40:54Z,VIP-EST,R52554079,VIP,OK
TKT53926267738,2025-12-07T16:40:56Z,PORTE-C,R57798294,ABONNEMENT,OK
TKT37282337046,2025-12-07T16:40:58Z,VIP-EST,R56657990,ABONNEMENT,OK
TKT34044071579,2025-12-07T16:40:58Z,PORTE-A,R54323686,UNITE,OK
TKT14512151396,2025-12-07T16:40:59Z,PORTE-D,R53282055,ABONNEMENT,OK
TKT33955916056,2025-12-07T16:41:02Z,PORTE-C,,UNITE,OK
TKT24261089454,2025-12-07T16:41:03Z,PORTE-C,R59822909,ABONNEMENT,OK
TKT81743152002,2025-12-07T16:41:05Z,PORTE-D,R57649412,ABONNEMENT,OK
TKT22178013632,2025-12-07T16:41:06Z,PORTE-A,R54583598,ABONNEMENT,OK
TKT73239442922,2025-12-07T16:41:09Z,PORTE-C,,UNITE,OK
TKT26701410494,2025-12-07T16:41:11Z,PORTE-B,R53287840,ABONNEMENT,OK
TKT81946403224,2025-12-07T16:41:12Z,PORTE-C,R55096679,ABONNEMENT,OK
TKT77864024336,2025-12-07T16:41:13Z,PORTE-D,R53565740,UNITE,OK
TKT19648442669,2025-12-07T16:41:17Z,PORTE-C,R59176596,ABONNEMENT,OK
TKT17529117705,2025-12-07T16:41:17Z,PORTE-D,R58268331,ABONNEMENT,OK
TKT22909565599,2025-12-07T16:41:18Z,PORTE-C,R55634682,ABONNEMENT,REFUSE_DEJA_SCANNE
TKT94273961964,2025-12-07T16:41:18Z,PORTE-D,R57494045,ABONNEMENT,OK
TKT86800908409,2025-12-07T16:41:18Z,PORTE-B,,UNITE,OK
TKT41611940185,2025-12-07T16:41:20Z,PORTE-D,R53400163,ABONNEMENT,OK
TKT55661913217,2025-12-07T16:41:21Z,PORTE-D,R51976576,ABONNEMENT,OK
TKT39558316325,2025-12-07T16:41:21Z,VIP-EST,,GROUPE,OK
TKT41132871939,2025-12-07T16:41:23Z,PORTE-D,R56824515,ABONNEMENT,OK
TKT92094516585,2025-12-07T16:41:26Z,PORTE-C,R54409027,UNITE,OK
TKT24258655929,2025-12-07T16:41:29Z,PORTE-D,R57641979,ABONNEMENT,OK
TKT18468569882,2025-12-07T16:41:29Z,PORTE-C,R55978364,ABONNEMENT,OK
TKT76447328164,2025-12-07T16:41:32Z,PORTE-D,R51747170,UNITE,OK
TKT58016240986,2025-12-07T16:41:38Z,PORTE-C,R56273495,ABONNEMENT,OK
TKT97118422962,2025-12-07T16:41:38Z,PORTE-C,R54996271,ABONNEMENT,OK
TKT49634919714,2025-12-07T16:41:39Z,PORTE-C,R52528132,ABONNEMENT,OK
TKT14668321156,2025-12-07T16:41:40Z,PORTE-C,R52065461,UNITE,OK
TKT40496365872,2025-12-07T16:41:41Z,PORTE-B,R55701633,ABONNEMENT,OK
TKT24518150660,2025-12-07T16:41:41Z,PORTE-C,R52448576,ABONNEMENT,OK
TKT89585612299,2025-12-07T16:41:41Z,PORTE-C,R59522596,UNITE,OK
TKT47608781745,2025-12-07T16:41:41Z,PORTE-D,R54220012,UNITE,OK
TKT17446186649,2025-12-07T16:41:43Z,PORTE-A,R51174896,ABONNEMENT,OK
TKT68369886931,2025-12-07T16:41:45Z,PORTE-D,R57760566,ABONNEMENT,OK
TKT90944215795,2025-12-07T16:41:46Z,PORTE-C,R56751223,ABONNEMENT,OK
TKT88736334949,2025-12-07T16:41:49Z,PORTE-A,R51017164,ABONNEMENT,OK
TKT41113369152,2025-12-07T16:41:50Z,PORTE-A,R57388207,VIP,OK
TKT16845408631,2025-12-07T16:41:51Z,PORTE-C,R58722430,ABONNEMENT,OK
TKT42610079708,2025-12-07T16:41:51Z,PORTE-B,R51171831,ABONNEMENT,OK
TKT79779711603,2025-12-07T16:41:51Z,PORTE-D,,UNITE,OK
TKT93051379789,2025-12-07T16:41:53Z,PORTE-D,R54662062,ABONNEMENT,OK
TKT73982914919,2025-12-07T16:41:53Z,VIP-EST,R54064588,ABONNEMENT,OK
TKT60725215553,2025-12-07T16:41:53Z,PORTE-C,R58754172,UNITE,OK
TKT63063349714,2025-12-07T16:41:55Z,PORTE-C,R52387276,UNITE,OK
TKT13203404652,2025-12-07T16:41:56Z,PORTE-D,R53636982,ABONNEMENT,OK
TKT10925840362,2025-12-07T16:41:57Z,PORTE-D,R55402556,ABONNEMENT,OK
TKT78692012382,2025-12-07T16:41:57Z,PORTE-D,R57554933,ABONNEMENT,OK
TKT31638796171,2025-12-07T16:41:57Z,PORTE-D,R52164690,UNITE,OK
TKT14891018910,2025-12-07T16:41:57Z,PORTE-C,,UNITE,OK
TKT49424762334,2025-12-07T16:41:58Z,PORTE-B,R54177849,UNITE,OK
TKT98354355236,2025-12-07T16:41:58Z,VIP-EST,,GROUPE,OK
TKT86714957538,2025-12-07T16:42:01Z,PORTE-C,R56122975,UNITE,OK
TKT24835923170,2025-12-07T16:42:03Z,PORTE-D,R55705723,ABONNEMENT,OK
TKT36499188082,2025-12-07T16:42:03Z,PORTE-C,R55960587,ABONNEMENT,OK
TKT44716802932,2025-12-07T16:42:07Z,PORTE-C,R51563816,UNITE,OK
TKT28748727857,2025-12-07T16:42:08Z,VIP-EST,R57857353,UNITE,OK
TKT64116450671,2025-12-07T16:42:09Z,PORTE-C,R52861202,ABONNEMENT,OK
TKT45936047712,2025-12-07T16:42:09Z,PORTE-D,R54259110,UNITE,OK
TKT51058313872,2025-12-07T16:42:10Z,VIP-EST,,UNITE,OK
TKT56166189181,2025-12-07T16:42:10Z,VIP-EST,R59335564,VIP,OK
TKT47103106574,2025-12-07T16:42:11Z,PORTE-C,,INVITATION,OK
TKT10342992093,2025-12-07T16:42:13Z,PORTE-C,R54874428,ABONNEMENT,OK
TKT44322954365,2025-12-07T16:42:14Z,PORTE-B,R51576689,UNITE,OK
TKT37140043969,2025-12-07T16:42:15Z,PORTE-D,R58796402,UNITE,OK
TKT96250703348,2025-12-07T16:42:17Z,PORTE-A,R53548643,ABONNEMENT,OK
TKT23366479427,2025-12-07T16:42:17Z,PORTE-D,R56141221,UNITE,OK
TKT66741390682,2025-12-07T16:42:20Z,PORTE-A,R51094124,ABONNEMENT,OK
TKT41537559031,2025-12-07T16:42:20Z,PORTE-C,R54652321,UNITE,OK
TKT30455182932,2025-12-07T16:42:23Z,PORTE-C,R54451592,ABONNEMENT,OK
TKT66495056553,2025-12-07T16:42:24Z,PORTE-C,R55623380,ABONNEMENT,OK
TKT34629239723,2025-12-07T16:42:24Z,PORTE-B,R53308280,ABONNEMENT,OK
TKT48411089593,2025-12-07T16:42:25Z,PORTE-D,R54074808,ABONNEMENT,OK
TKT69718782500,2025-12-07T16:42:30Z,PORTE-C,R55943289,ABONNEMENT,OK
TKT65728357249,2025-12-07T16:42:30Z,PORTE-D,R54242760,UNITE,OK
TKT97341672542,2025-12-07T16:42:30Z,PORTE-D,,UNITE,OK
TKT84201649631,2025-12-07T16:42:32Z,PORTE-C,R58484854,ABONNEMENT,OK
TKT18271712454,2025-12-07T16:42:32Z,PORTE-B,R53990827,UNITE,OK
TKT95518198004,2025-12-07T16:42:32Z,PORTE-C,,UNITE,OK
TKT27509883177,2025-12-07T16:42:33Z,PORTE-C,R57919132,ABONNEMENT,OK
TKT36119834595,2025-12-07T16:42:35Z,PORTE-C,R52141061,ABONNEMENT,OK
TKT53723326799,2025-12-07T16:42:39Z,PORTE-D,R59670128,UNITE,OK
TKT67213167216,2025-12-07T16:42:44Z,PORTE-B,R59064417,ABONNEMENT,OK
TKT55623752535,2025-12-07T16:42:46Z,PORTE-D,R59567010,UNITE,OK
TKT12596308003,2025-12-07T16:42:47Z,VIP-EST,R56665413,ABONNEMENT,OK
TKT76235392076,2025-12-07T16:42:47Z,PORTE-D,,UNITE,OK
TKT10808480067,2025-12-07T16:42:51Z,PORTE-D,R59770258,UNITE,OK
TKT65848441859,2025-12-07T16:42:51Z,PORTE-C,R55755989,UNITE,OK
TKT34063263359,2025-12-07T16:42:56Z,PORTE-C,,UNITE,OK
TKT23314835880,2025-12-07T16:42:58Z,PORTE-C,R57701038,ABONNEMENT,OK
TKT44098021285,2025-12-07T16:42:59Z,PORTE-C,R58059432,ABONNEMENT,OK
TKT17155593389,2025-12-07T16:43:04Z,PORTE-D,,INVITATION,OK
TKT59802594223,2025-12-07T16:43:05Z,PORTE-D,,UNITE,REFUSE_DEJA_SCANNE
TKT23363131608,2025-12-07T16:43:09Z,PORTE-D,R52466430,UNITE,OK
TKT39794816152,2025-12-07T16:43:10Z,PORTE-D,R54792018,UNITE,OK
TKT86883381093,2025-12-07T16:43:11Z,VIP-EST,R57498614,ABONNEMENT,OK
TKT62102432175,2025-12-07T16:43:11Z,PORTE-D,R52391845,ABONNEMENT,OK
TKT43897995505,2025-12-07T16:43:13Z,PORTE-B,R58974306,ABONNEMENT,OK
TKT83194203649,2025-12-07T16:43:15Z,PORTE-D,R59037780,UNITE,OK
TKT71340848199,2025-12-07T16:43:15Z,PORTE-C,R55520319,UNITE,OK
TKT23905131125,2025-12-07T16:43:17Z,PORTE-A,R56431716,ABONNEMENT,OK
TKT40172439897,2025-12-07T16:43:17Z,VIP-EST,R58680813,UNITE,OK
TKT39428172840,2025-12-07T16:43:19Z,PORTE-B,R55945607,ABONNEMENT,OK
TKT58678035201,2025-12-07T16:43:20Z,VIP-EST,R53993346,ABONNEMENT,OK
TKT21223317528,2025-12-07T16:43:20Z,PORTE-D,,UNITE,OK
TKT24736157946,2025-12-07T16:43:21Z,PORTE-C,R58191304,ABONNEMENT,REFUSE_DEJA_SCANNE
TKT68366883979,2025-12-07T16:43:23Z,PORTE-D,R54708851,ABONNEMENT,OK
TKT32384075659,2025-12-07T16:43:25Z,PORTE-D,,UNITE,OK
TKT29849873263,2025-12-07T16:43:27Z,PORTE-D,R57258308,ABONNEMENT,OK
TKT12993428179,2025-12-07T16:43:29Z,PORTE-D,,UNITE,OK
TKT96757364246,2025-12-07T16:43:31Z,PORTE-D,R52443337,INVITATION,OK
TKT83210279004,2025-12-07T16:43:32Z,VIP-EST,R59166788,ABONNEMENT,OK
TKT79525927243,2025-12-07T16:43:36Z,PORTE-D,R57442352,ABONNEMENT,OK
TKT52199536562,2025-12-07T16:43:36Z,PORTE-C,R54934981,UNITE,OK
TKT76366312694,2025-12-07T16:43:38Z,PORTE-B,R53421005,UNITE,OK
TKT77353542199,2025-12-07T16:43:39Z,PORTE-C,R54856651,ABONNEMENT,OK
TKT53520559286,2025-12-07T16:43:41Z,PORTE-A,R55983412,ABONNEMENT,OK
TKT75144770617,2025-12-07T16:43:41Z,PORTE-B,R56797543,ABONNEMENT,OK
TKT32826167957,2025-12-07T16:43:42Z,PORTE-D,R55878043,ABONNEMENT,OK
TKT79941002326,2025-12-07T16:43:44Z,PORTE-D,R57680397,ABONNEMENT,OK
TKT45461039635,2025-12-07T16:43:45Z,PORTE-C,R54461745,ABONNEMENT,OK
TKT89017850292,2025-12-07T16:43:47Z,PORTE-C,R58949307,ABONNEMENT,OK
TKT30004709228,2025-12-07T16:43:48Z,PORTE-A,R54205434,ABONNEMENT,OK
TKT41592006744,2025-12-07T16:43:48Z,PORTE-D,R55167365,UNITE,OK
TKT62298444140,2025-12-07T16:43:49Z,PORTE-C,R52975766,ABONNEMENT,OK
TKT87539871672,2025-12-07T16:43:49Z,PORTE-A,R58353203,ABONNEMENT,OK
TKT36909450260,2025-12-07T16:43:51Z,PORTE-C,R53729813,UNITE,OK
TKT30258011396,2025-12-07T16:43:51Z,PORTE-C,R58245181,UNITE,OK
TKT34967513131,2025-12-07T16:43:54Z,PORTE-D,R58449789,UNITE,OK
TKT20448657040,2025-12-07T16:43:55Z,PORTE-D,,UNITE,OK
TKT18473210118,2025-12-07T16:43:55Z,PORTE-C,R56214791,UNITE,OK
TKT43384679237,2025-12-07T16:43:57Z,PORTE-D,R56693735,ABONNEMENT,OK
TKT48937523861,2025-12-07T16:43:59Z,PORTE-C,R52074043,ABONNEMENT,OK
TKT61113928330,2025-12-07T16:43:59Z,PORTE-D,R57909314,UNITE,OK
TKT15365369007,2025-12-07T16:44:00Z,PORTE-A,R52446536,ABONNEMENT,OK
TKT49308495465,2025-12-07T16:44:00Z,PORTE-D,R53428284,UNITE,OK
TKT86004396389,2025-12-07T16:44:01Z,PORTE-B,R53062735,UNITE,OK
TKT38193814269,2025-12-07T16:44:02Z,VIP-EST,R51527649,ABONNEMENT,OK
TKT15599817737,2025-12-07T16:44:02Z,VIP-EST,R52110756,VIP,OK
TKT79276858840,2025-12-07T16:44:03Z,PORTE-A,R51061836,ABONNEMENT,OK
TKT11185051841,2025-12-07T16:44:03Z,PORTE-C,R54724310,GROUPE,OK
TKT72069226402,2025-12-07T16:44:03Z,PORTE-C,,GROUPE,OK
TKT63567682863,2025-12-07T16:44:04Z,PORTE-C,R59723603,ABONNEMENT,OK
TKT91155424185,2025-12-07T16:44:07Z,PORTE-D,,UNITE,OK
TKT42924448147,2025-12-07T16:44:09Z,PORTE-D,R55317359,UNITE,OK
TKT56616858906,2025-12-07T16:44:10Z,PORTE-D,R57546495,ABONNEMENT,OK
TKT44365329529,2025-12-07T16:44:10Z,PORTE-A,R54708573,ABONNEMENT,OK
TKT74410090661,2025-12-07T16:44:10Z,PORTE-C,R58752668,ABONNEMENT,OK
TKT61118672861,2025-12-07T16:44:11Z,PORTE-D,R57264917,ABONNEMENT,OK
TKT63252890535,2025-12-07T16:44:13Z,PORTE-D,R51978482,ABONNEMENT,OK
TKT74879847969,2025-12-07T16:44:14Z,PORTE-B,R55869729,ABONNEMENT,OK
TKT64950563876,2025-12-07T16:44:14Z,PORTE-A,R56794746,ABONNEMENT,OK
TKT55644650599,2025-12-07T16:44:16Z,PORTE-C,R53529640,ABONNEMENT,OK
TKT91763571637,2025-12-07T16:44:17Z,PORTE-D,R53700868,ABONNEMENT,OK
TKT67612221296,2025-12-07T16:44:18Z,PORTE-D,R58373365,ABONNEMENT,OK
TKT32937308699,2025-12-07T16:44:19Z,PORTE-C,R56502345,ABONNEMENT,OK
TKT26610374570,2025-12-07T16:44:20Z,PORTE-D,R54799096,ABONNEMENT,OK
TKT89616615427,2025-12-07T16:44:23Z,PORTE-D,R53337225,ABONNEMENT,OK
TKT46298823617,2025-12-07T16:44:26Z,PORTE-C,R51514307,UNITE,OK
TKT92032185639,2025-12-07T16:44:27Z,PORTE-D,R55753882,ABONNEMENT,OK
TKT40248154464,2025-12-07T16:44:27Z,PORTE-D,R56610233,ABONNEMENT,OK
TKT93292982930,2025-12-07T16:44:28Z,PORTE-D,R57992002,ABONNEMENT,OK
TKT56855779619,2025-12-07T16:44:35Z,PORTE-D,R52148484,UNITE,REFUSE_INVALIDE
TKT14830852509,2025-12-07T16:44:35Z,PORTE-D,R52643989,UNITE,OK
TKT81655687636,2025-12-07T16:44:37Z,PORTE-C,R55446769,ABONNEMENT,OK
TKT96390938644,2025-12-07T16:44:37Z,PORTE-C,R59410896,UNITE,OK
TKT93787073894,2025-12-07T16:44:38Z,PORTE-C,R54174727,UNITE,OK
TKT18412505667,2025-12-07T16:44:39Z,PORTE-C,R58731156,ABONNEMENT,OK
TKT94072660320,2025-12-07T16:44:39Z,PORTE-C,R53624521,ABONNEMENT,OK
TKT31377578763,2025-12-07T16:44:39Z,PORTE-C,R52775650,ABONNEMENT,OK
TKT24770527076,2025-12-07T16:44:41Z,PORTE-D,R56630472,ABONNEMENT,OK
TKT55385151277,2025-12-07T16:44:42Z,VIP-EST,R52115851,UNITE,OK
TKT69460550603,2025-12-07T16:44:42Z,VIP-EST,,GROUPE,OK
TKT69636994952,2025-12-07T16:44:45Z,PORTE-B,R52381625,ABONNEMENT,OK
TKT51043586143,2025-12-07T16:44:45Z,VIP-EST,R59498555,ABONNEMENT,OK
TKT28022158003,2025-12-07T16:44:46Z,PORTE-C,R58054193,ABONNEMENT,OK
TKT52845863805,2025-12-07T16:44:47Z,PORTE-C,R54972029,ABONNEMENT,OK
TKT78962954365,2025-12-07T16:44:50Z,PORTE-C,R52639085,ABONNEMENT,OK
TKT11348489125,2025-12-07T16:44:52Z,PORTE-C,R56081214,ABONNEMENT,OK
TKT34489426647,2025-12-07T16:44:53Z,PORTE-C,R59326570,ABONNEMENT,OK
TKT69055210246,2025-12-07T16:44:57Z,PORTE-C,R55433206,ABONNEMENT,OK
TKT36665171765,2025-12-07T16:44:58Z,PORTE-C,R56051723,UNITE,OK
TKT55881714470,2025-12-07T16:44:59Z,VIP-EST,R55228608,ABONNEMENT,OK
TKT26557996037,2025-12-07T16:44:59Z,VIP-EST,R57678146,ABONNEMENT,OK
TKT86952151412,2025-12-07T16:45:02Z,VIP-EST,R51316308,ABONNEMENT,OK
TKT41036739580,2025-12-07T16:45:02Z,VIP-EST,R51133835,ABONNEMENT,OK
TKT25998387968,2025-12-07T16:45:03Z,PORTE-A,,UNITE,OK
TKT54887045675,2025-12-07T16:45:08Z,PORTE-C,R58934059,UNITE,OK
TKT43742495606,2025-12-07T16:45:10Z,PORTE-C,R55805096,ABONNEMENT,OK
TKT39584028163,2025-12-07T16:45:10Z,PORTE-D,R59335018,INVITATION,OK
TKT58970388695,2025-12-07T16:45:12Z,PORTE-C,R56255996,UNITE,OK
TKT13332308310,2025-12-07T16:45:12Z,PORTE-C,R59171491,UNITE,OK
TKT53038379497,2025-12-07T16:45:12Z,VIP-EST,R53426790,UNITE,OK
TKT87151043283,2025-12-07T16:45:13Z,PORTE-B,R55564187,ABONNEMENT,OK
TKT64179002919,2025-12-07T16:45:17Z,PORTE-C,R55151226,ABONNEMENT,OK
TKT37986755822,2025-12-07T16:45:17Z,PORTE-A,R57851702,UNITE,OK
TKT69426558161,2025-12-07T16:45:17Z,PORTE-D,R54790514,UNITE,OK
TKT52046533700,2025-12-07T16:45:18Z,VIP-EST,R51674367,UNITE,OK
TKT82689247982,2025-12-07T16:45:19Z,PORTE-B,R55344254,ABONNEMENT,OK
TKT77937354663,2025-12-07T16:45:20Z,PORTE-D,R58541806,ABONNEMENT,OK
TKT65505642655,2025-12-07T16:45:24Z,PORTE-C,R59842448,UNITE,OK
TKT70722153808,2025-12-07T16:45:24Z,PORTE-D,R55162126,UNITE,OK
TKT78019568970,2025-12-07T16:45:28Z,PORTE-C,R59709494,ABONNEMENT,OK
TKT11332795733,2025-12-07T16:45:28Z,PORTE-B,R52967308,UNITE,OK
TKT83838946965,2025-12-07T16:45:28Z,PORTE-D,R57941880,UNITE,OK
TKT63401505628,2025-12-07T16:45:29Z,VIP-EST,R54831250,ABONNEMENT,OK
TKT77814302575,2025-12-07T16:45:30Z,PORTE-D,R51360032,UNITE,OK
TKT96686061167,2025-12-07T16:45:30Z,PORTE-D,R51509805,UNITE,OK
TKT58385764791,2025-12-07T16:45:31Z,PORTE-C,R55284793,ABONNEMENT,OK
TKT92029970377,2025-12-07T16:45:32Z,PORTE-A,R57516525,VIP,OK
TKT81147868425,2025-12-07T16:45:32Z,PORTE-C,R56232635,UNITE,OK
TKT30955225537,2025-12-07T16:45:33Z,PORTE-C,R53012546,ABONNEMENT,OK
TKT15953811457,2025-12-07T16:45:34Z,PORTE-C,R58012375,ABONNEMENT,OK
TKT91586165609,2025-12-07T16:45:34Z,PORTE-D,,UNITE,OK
TKT70642023839,2025-12-07T16:45:35Z,PORTE-D,R54697127,ABONNEMENT,OK
TKT69739106699,2025-12-07T16:45:36Z,PORTE-C,,INVITATION,OK
TKT42276101527,2025-12-07T16:45:36Z,PORTE-D,R57880982,UNITE,OK
TKT46790860663,2025-12-07T16:45:39Z,PORTE-A,R51847903,ABONNEMENT,OK
TKT12670602411,2025-12-07T16:45:39Z,PORTE-D,R54387840,UNITE,OK
TKT15510996099,2025-12-07T16:45:40Z,PORTE-C,R58756279,UNITE,OK
TKT22857381776,2025-12-07T16:45:41Z,PORTE-D,R54411335,ABONNEMENT,OK
TKT15788500754,2025-12-07T16:45:43Z,PORTE-D,R51646169,INVITATION,OK
TKT88897371091,2025-12-07T16:45:46Z,VIP-EST,R58061549,ABONNEMENT,OK
TKT72265843260,2025-12-07T16:45:50Z,PORTE-D,,UNITE,OK
TKT46689848224,2025-12-07T16:45:50Z,PORTE-C,,UNITE,OK
TKT14706972311,2025-12-07T16:45:51Z,PORTE-D,R59040175,ABONNEMENT,OK
TKT71903342322,2025-12-07T16:45:52Z,PORTE-D,R53304880,ABONNEMENT,OK
TKT69682823959,2025-12-07T16:45:52Z,PORTE-A,R56787802,ABONNEMENT,OK
TKT35917783068,2025-12-07T16:45:54Z,PORTE-C,R55712734,UNITE,OK
TKT24439644183,2025-12-07T16:45:55Z,PORTE-D,R59387056,UNITE,OK
TKT58757957974,2025-12-07T16:45:56Z,VIP-EST,R53374283,ABONNEMENT,OK
TKT99513592324,2025-12-07T16:45:56Z,PORTE-D,,UNITE,OK
TKT92206659685,2025-12-07T16:45:58Z,VIP-EST,R57671346,ABONNEMENT,OK
TKT51830791496,2025-12-07T16:45:58Z,VIP-EST,,UNITE,OK
TKT66520487673,2025-12-07T16:45:59Z,PORTE-C,R54078620,ABONNEMENT,OK
TKT24812938736,2025-12-07T16:46:00Z,PORTE-C,R51484126,ABONNEMENT,OK
TKT75457139792,2025-12-07T16:46:02Z,VIP-EST,R55905417,ABONNEMENT,OK
TKT22537705451,2025-12-07T16:46:02Z,PORTE-C,R56957938,ABONNEMENT,OK
TKT87641833134,2025-12-07T16:46:03Z,PORTE-D,R56358702,INVITATION,OK
TKT72807779038,2025-12-07T16:46:07Z,PORTE-C,R55007104,ABONNEMENT,OK
TKT14041208614,2025-12-07T16:46:08Z,VIP-EST,R55636789,ABONNEMENT,OK
TKT75372241366,2025-12-07T16:46:09Z,VIP-EST,R58564477,ABONNEMENT,OK
TKT84285401787,2025-12-07T16:46:10Z,PORTE-B,R55938529,UNITE,OK
TKT89394898796,2025-12-07T16:46:12Z,PORTE-C,R58864177,ABONNEMENT,OK
TKT24812304596,2025-12-07T16:46:12Z,PORTE-B,R52286878,ABONNEMENT,OK
TKT98054725100,2025-12-07T16:46:14Z,PORTE-D,R52017235,ABONNEMENT,OK
TKT64855127950,2025-12-07T16:46:15Z,PORTE-B,,UNITE,OK
TKT42576923312,2025-12-07T16:46:16Z,PORTE-C,R59613387,ABONNEMENT,OK
TKT61621801501,2025-12-07T16:46:17Z,PORTE-C,R52362086,ABONNEMENT,OK
TKT63615905763,2025-12-07T16:46:18Z,PORTE-B,R53653121,ABONNEMENT,OK
TKT73706410251,2025-12-07T16:46:20Z,PORTE-B,R55015140,ABONNEMENT,OK
TKT78141383260,2025-12-07T16:46:21Z,PORTE-C,R53947371,ABONNEMENT,OK
TKT76225589147,2025-12-07T16:46:22Z,PORTE-D,R57298910,ABONNEMENT,OK
TKT84241308764,2025-12-07T16:46:22Z,PORTE-A,R58919682,ABONNEMENT,OK
TKT42629831559,2025-12-07T16:46:23Z,PORTE-A,R55519649,ABONNEMENT,OK
TKT99664865997,2025-12-07T16:46:23Z,PORTE-C,,GROUPE,OK
TKT15157679363,2025-12-07T16:46:24Z,PORTE-D,R56513389,ABONNEMENT,OK
TKT47503503405,2025-12-07T16:46:24Z,PORTE-C,R52957778,ABONNEMENT,OK
TKT38823558383,2025-12-07T16:46:25Z,PORTE-C,R53127790,UNITE,OK
TKT57735758971,2025-12-07T16:46:25Z,VIP-EST,R59881278,VIP,OK
TKT31620836717,2025-12-07T16:46:26Z,PORTE-B,R54953304,ABONNEMENT,OK
TKT13451238875,2025-12-07T16:46:28Z,PORTE-A,R51668304,ABONNEMENT,OK
TKT93162043781,2025-12-07T16:46:29Z,PORTE-A,R55733576,INVITATION,OK
TKT40858274986,2025-12-07T16:46:31Z,PORTE-A,R57696268,ABONNEMENT,OK
TKT29102450500,2025-12-07T16:46:33Z,PORTE-A,R54842753,ABONNEMENT,OK
TKT80442109491,2025-12-07T16:46:35Z,PORTE-A,R52453413,ABONNEMENT,OK
TKT71803031710,2025-12-07T16:46:37Z,PORTE-D,R54880290,UNITE,OK
TKT25465157544,2025-12-07T16:46:37Z,PORTE-D,,INVITATION,OK
TKT23990936079,2025-12-07T16:46:42Z,VIP-EST,R55560710,ABONNEMENT,OK
TKT61556502789,2025-12-07T16:46:44Z,PORTE-B,R59847285,ABONNEMENT,OK
TKT60077886810,2025-12-07T16:46:46Z,PORTE-D,,UNITE,OK
TKT80494790067,2025-12-07T16:46:47Z,VIP-EST,R54269531,ABONNEMENT,OK
TKT95730124731,2025-12-07T16:46:47Z,PORTE-B,R54361816,ABONNEMENT,OK
TKT24912860001,2025-12-07T16:46:48Z,PORTE-C,R57842440,UNITE,OK
TKT82031459349,2025-12-07T16:46:49Z,PORTE-C,R55331113,ABONNEMENT,OK
TKT34187249490,2025-12-07T16:46:49Z,PORTE-C,R53134188,ABONNEMENT,OK
TKT68204073946,2025-12-07T16:46:50Z,VIP-EST,R53464595,ABONNEMENT,OK
TKT89359394338,2025-12-07T16:46:52Z,PORTE-D,,UNITE,OK
TKT37705573620,2025-12-07T16:46:53Z,PORTE-C,R53712592,UNITE,OK
TKT23689558321,2025-12-07T16:46:54Z,VIP-EST,R56816000,ABONNEMENT,OK
TKT50442612523,2025-12-07T16:46:55Z,PORTE-D,R52502520,ABONNEMENT,OK
TKT49919353839,2025-12-07T16:46:56Z,PORTE-D,R56594228,ABONNEMENT,OK
TKT14301955808,2025-12-07T16:46:57Z,PORTE-D,R53748759,ABONNEMENT,OK
TKT36298166766,2025-12-07T16:46:58Z,PORTE-C,R58995416,ABONNEMENT,OK
TKT43298851417,2025-12-07T16:47:00Z,PORTE-C,R54331109,ABONNEMENT,OK
TKT30088302459,2025-12-07T16:47:00Z,PORTE-C,R58084163,ABONNEMENT,OK
TKT55634957737,2025-12-07T16:47:01Z,VIP-EST,R54454255,ABONNEMENT,OK
TKT57444438301,2025-12-07T16:47:03Z,PORTE-C,R53961403,ABONNEMENT,OK
TKT36948174686,2025-12-07T16:47:03Z,PORTE-C,R52174364,ABONNEMENT,OK
TKT89228497892,2025-12-07T16:47:03Z,PORTE-D,R52584806,UNITE,OK
TKT98641918817,2025-12-07T16:47:04Z,PORTE-C,R59273048,ABONNEMENT,OK
TKT69484481916,2025-12-07T16:47:11Z,PORTE-C,R57266622,ABONNEMENT,OK
TKT36942017413,2025-12-07T16:47:13Z,VIP-EST,R59086485,ABONNEMENT,OK
TKT78623094920,2025-12-07T16:47:15Z,PORTE-C,R51348921,ABONNEMENT,OK
TKT57819142682,2025-12-07T16:47:16Z,PORTE-A,R57635581,UNITE,OK
TKT57225991235,2025-12-07T16:47:17Z,PORTE-D,,UNITE,OK
TKT36371076248,2025-12-07T16:47:20Z,PORTE-C,R56559900,ABONNEMENT,OK
TKT53395854847,2025-12-07T16:47:20Z,PORTE-D,R59628176,UNITE,OK
TKT87128616401,2025-12-07T16:47:20Z,PORTE-A,R56344057,UNITE,OK
TKT25058650199,2025-12-07T16:47:24Z,PORTE-C,R55909785,ABONNEMENT,OK
TKT79129990904,2025-12-07T16:47:32Z,PORTE-C,R53046864,ABONNEMENT,OK
TKT48983220634,2025-12-07T16:47:35Z,PORTE-A,R52338102,ABONNEMENT,OK
TKT37516710767,2025-12-07T16:47:35Z,PORTE-C,R51801871,UNITE,OK
TKT19240695352,2025-12-07T16:47:36Z,PORTE-D,R55048654,ABONNEMENT,OK
TKT81480508491,2025-12-07T16:47:36Z,PORTE-D,,UNITE,OK
TKT47426625760,2025-12-07T16:47:37Z,PORTE-A,R54959156,UNITE,OK
TKT67349846754,2025-12-07T16:47:38Z,PORTE-A,R56649063,ABONNEMENT,OK
TKT27343593871,2025-12-07T16:47:38Z,PORTE-B,R59844900,ABONNEMENT,OK
TKT69074227217,2025-12-07T16:47:38Z,PORTE-A,R54356845,ABONNEMENT,OK
TKT85023200412,2025-12-07T16:47:40Z,PORTE-D,R59889103,ABONNEMENT,OK
TKT74397223279,2025-12-07T16:47:42Z,PORTE-C,,UNITE,OK
TKT60306606263,2025-12-07T16:47:43Z,PORTE-D,R54668805,ABONNEMENT,OK
TKT91624664968,2025-12-07T16:47:44Z,PORTE-C,R54293304,ABONNEMENT,OK
TKT82087153132,2025-12-07T16:47:47Z,PORTE-D,R56297680,ABONNEMENT,OK
TKT67098574508,2025-12-07T16:47:49Z,PORTE-C,R51618986,ABONNEMENT,OK
TKT99004991526,2025-12-07T16:47:49Z,VIP-EST,R54555256,ABONNEMENT,OK
TKT70398289739,2025-12-07T16:47:49Z,PORTE-A,R54608855,UNITE,OK
TKT84215443840,2025-12-07T16:47:51Z,PORTE-C,R56346643,ABONNEMENT,OK
TKT46990843235,2025-12-07T16:47:51Z,PORTE-D,,UNITE,OK
TKT40998220258,2025-12-07T16:47:52Z,PORTE-D,R54491638,ABONNEMENT,OK
TKT83890617079,2025-12-07T16:47:52Z,PORTE-C,R57974158,ABONNEMENT,OK
TKT47175634497,2025-12-07T16:47:53Z,PORTE-C,R52373110,ABONNEMENT,OK
TKT63110587836,2025-12-07T16:47:54Z,PORTE-C,,UNITE,OK
TKT30749168483,2025-12-07T16:47:56Z,PORTE-C,R57881126,UNITE,OK
TKT55299182191,2025-12-07T16:47:59Z,PORTE-C,R53330683,ABONNEMENT,OK
TKT16813061025,2025-12-07T16:47:59Z,PORTE-D,,UNITE,OK
TKT50324216721,2025-12-07T16:47:59Z,PORTE-C,R51059461,UNITE,OK
TKT25510567762,2025-12-07T16:48:00Z,PORTE-A,R58898629,ABONNEMENT,OK
TKT57646450649,2025-12-07T16:48:00Z,PORTE-D,R51623488,UNITE,OK
TKT99624271331,2025-12-07T16:48:03Z,PORTE-C,R58598882,ABONNEMENT,OK
TKT28413137204,2025-12-07T16:48:03Z,PORTE-C,,GROUPE,OK
TKT67643264863,2025-12-07T16:48:05Z,PORTE-C,R55500502,ABONNEMENT,OK
TKT62172490437,2025-12-07T16:48:05Z,PORTE-D,R56041915,ABONNEMENT,OK
TKT27142135546,2025-12-07T16:48:07Z,PORTE-A,R54180033,ABONNEMENT,OK
TKT14706546184,2025-12-07T16:48:07Z,PORTE-C,,UNITE,OK
TKT73560540256,2025-12-07T16:48:07Z,PORTE-D,R51643171,UNITE,OK
TKT55961778229,2025-12-07T16:48:08Z,PORTE-D,R55805910,ABONNEMENT,OK
TKT47357608766,2025-12-07T16:48:08Z,PORTE-D,,UNITE,OK
TKT74821029254,2025-12-07T16:48:09Z,VIP-EST,R57196807,VIP,OK
TKT19968670257,2025-12-07T16:48:11Z,PORTE-D,R55006903,UNITE,OK
TKT16355853091,2025-12-07T16:48:12Z,PORTE-D,R59611481,ABONNEMENT,OK
TKT31678831215,2025-12-07T16:48:13Z,PORTE-C,R53839205,ABONNEMENT,OK
TKT82101125945,2025-12-07T16:48:16Z,PORTE-C,,UNITE,OK
TKT35783142046,2025-12-07T16:48:16Z,PORTE-B,R53271912,UNITE,OK
TKT58656615593,2025-12-07T16:48:17Z,PORTE-C,R57679439,ABONNEMENT,OK
TKT19876818048,2025-12-07T16:48:19Z,PORTE-C,R53831303,ABONNEMENT,OK
TKT11469655323,2025-12-07T16:48:19Z,VIP-EST,R59352182,UNITE,OK
TKT11608090466,2025-12-07T16:48:22Z,PORTE-A,R58901637,ABONNEMENT,OK
TKT75544032774,2025-12-07T16:48:25Z,PORTE-D,R57059495,ABONNEMENT,OK
TKT77619278138,2025-12-07T16:48:27Z,PORTE-C,R58223046,ABONNEMENT,OK
TKT94117399228,2025-12-07T16:48:28Z,VIP-EST,,VIP,OK
TKT34106365875,2025-12-07T16:48:31Z,PORTE-D,R57981035,ABONNEMENT,OK
TKT24740161064,2025-12-07T16:48:32Z,VIP-EST,R57129444,UNITE,OK
TKT38338475650,2025-12-07T16:48:32Z,PORTE-C,R55970539,UNITE,OK
TKT25898093260,2025-12-07T16:48:33Z,PORTE-D,R54922510,UNITE,OK
TKT52880800768,2025-12-07T16:48:34Z,PORTE-A,R57079044,ABONNEMENT,OK
TKT73807741022,2025-12-07T16:48:36Z,PORTE-B,R53629971,ABONNEMENT,OK
TKT55069127761,2025-12-07T16:48:37Z,PORTE-D,R58661887,ABONNEMENT,OK
TKT28156114266,2025-12-07T16:48:39Z,VIP-EST,R57619844,ABONNEMENT,OK
TKT33513475827,2025-12-07T16:48:40Z,VIP-EST,R51034931,ABONNEMENT,OK
TKT61865740021,2025-12-07T16:48:41Z,PORTE-C,R58705946,ABONNEMENT,OK
TKT46137616003,2025-12-07T16:48:42Z,PORTE-D,R56943102,ABONNEMENT,OK
TKT85121116437,2025-12-07T16:48:42Z,PORTE-D,R53829876,ABONNEMENT,OK
TKT45440905860,2025-12-07T16:48:49Z,PORTE-C,R57900541,ABONNEMENT,OK
TKT92903121586,2025-12-07T16:48:49Z,PORTE-B,,UNITE,OK
TKT60025901881,2025-12-07T16:48:50Z,PORTE-C,R56211113,UNITE,OK
TKT89451876728,2025-12-07T16:48:55Z,PORTE-D,R54605867,ABONNEMENT,OK
TKT79814317015,2025-12-07T16:48:55Z,PORTE-C,R53736767,ABONNEMENT,OK
TKT75449080293,2025-12-07T16:48:55Z,PORTE-B,,UNITE,OK
TKT21545670996,2025-12-07T16:48:56Z,PORTE-D,R53233226,UNITE,OK
TKT22735254731,2025-12-07T16:48:57Z,PORTE-D,R54319184,ABONNEMENT,OK
TKT28526845761,2025-12-07T16:48:59Z,PORTE-B,R58411984,ABONNEMENT,OK
TKT59005392659,2025-12-07T16:49:03Z,PORTE-C,R58733263,ABONNEMENT,OK
TKT74452666311,2025-12-07T16:49:03Z,PORTE-B,R51700381,ABONNEMENT,OK
TKT15753925917,2025-12-07T16:49:03Z,PORTE-B,R52461114,ABONNEMENT,OK
TKT38216343643,2025-12-07T16:49:06Z,PORTE-B,R55627537,ABONNEMENT,OK
TKT67483603021,2025-12-07T16:49:06Z,PORTE-A,R58188718,ABONNEMENT,OK
TKT62518556036,2025-12-07T16:49:06Z,PORTE-A,R51067152,ABONNEMENT,OK
TKT96514822987,2025-12-07T16:49:07Z,PORTE-A,R55416856,UNITE,OK
TKT41729074671,2025-12-07T16:49:08Z,PORTE-B,R57802451,ABONNEMENT,OK
TKT69754859647,2025-12-07T16:49:09Z,VIP-EST,R57691699,ABONNEMENT,OK
TKT99762756442,2025-12-07T16:49:12Z,PORTE-C,R54373540,ABONNEMENT,OK
TKT24812304596,2025-12-07T16:49:12Z,PORTE-B,R52286878,ABONNEMENT,REFUSE_DEJA_SCANNE
TKT92913739616,2025-12-07T16:49:14Z,PORTE-D,R58355511,ABONNEMENT,OK
TKT35494839873,2025-12-07T16:49:15Z,PORTE-D,R56716014,ABONNEMENT,OK
TKT92633770923,2025-12-07T16:49:16Z,PORTE-C,R56151240,ABONNEMENT,OK
TKT45352698730,2025-12-07T16:49:17Z,PORTE-D,R57801024,UNITE,OK
TKT50124874330,2025-12-07T16:49:18Z,PORTE-C,R57626041,ABONNEMENT,OK
TKT61318560761,2025-12-07T16:49:18Z,PORTE-D,,UNITE,OK
TKT98792488806,2025-12-07T16:49:20Z,PORTE-C,R56799660,ABONNEMENT,OK
TKT37033055654,2025-12-07T16:49:21Z,PORTE-C,,UNITE,OK
TKT54485330470,2025-12-07T16:49:22Z,PORTE-D,R51640786,UNITE,OK
TKT22193919062,2025-12-07T16:49:25Z,PORTE-D,R56955151,UNITE,OK
TKT22390132244,2025-12-07T16:49:27Z,PORTE-D,R57749264,ABONNEMENT,OK
TKT82404026449,2025-12-07T16:49:27Z,PORTE-D,R51516682,ABONNEMENT,OK
TKT87042627119,2025-12-07T16:49:30Z,PORTE-C,R57905033,ABONNEMENT,OK
TKT62947865267,2025-12-07T16:49:31Z,PORTE-B,R52765631,ABONNEMENT,OK
TKT62762263187,2025-12-07T16:49:33Z,PORTE-D,R53793019,INVITATION,OK
TKT67400100317,2025-12-07T16:49:36Z,PORTE-A,R52117489,ABONNEMENT,OK
TKT17018396086,2025-12-07T16:49:38Z,PORTE-B,R59260098,ABONNEMENT,OK
TKT72234888511,2025-12-07T16:49:39Z,PORTE-A,R58864445,ABONNEMENT,OK
TKT96327037769,2025-12-07T16:49:41Z,PORTE-C,R58930917,ABONNEMENT,OK
TKT27172538734,2025-12-07T16:49:41Z,VIP-EST,R58722497,VIP,OK
TKT49989307074,2025-12-07T16:49:43Z,PMR-NORD,R59274130,ABONNEMENT,OK
TKT16916996976,2025-12-07T16:49:43Z,PORTE-D,R59066467,UNITE,OK
TKT45486501337,2025-12-07T16:49:43Z,PORTE-D,,INVITATION,OK
TKT49016554508,2025-12-07T16:49:44Z,PORTE-C,R57975183,UNITE,OK
TKT58610808748,2025-12-07T16:49:44Z,PORTE-D,R52448586,UNITE,OK
TKT41622891623,2025-12-07T16:49:45Z,VIP-EST,R54189774,VIP,OK
TKT53020285599,2025-12-07T16:49:46Z,VIP-EST,R55541707,VIP,OK
TKT97017417703,2025-12-07T16:49:48Z,PORTE-C,R59171759,ABONNEMENT,OK
TKT98353698191,2025-12-07T16:49:48Z,VIP-EST,R59375543,ABONNEMENT,OK
TKT58423437683,2025-12-07T16:49:49Z,VIP-EST,R55581686,ABONNEMENT,OK
TKT12624124645,2025-12-07T16:49:52Z,PORTE-C,R53600949,ABONNEMENT,OK
TKT10232654137,2025-12-07T16:49:56Z,PORTE-D,R56707978,ABONNEMENT,OK
TKT10303874572,2025-12-07T16:49:56Z,PORTE-D,R59360429,ABONNEMENT,OK
TKT52339935908,2025-12-07T16:49:57Z,PORTE-C,R54808693,UNITE,OK
TKT89321224657,2025-12-07T16:49:58Z,PORTE-A,R59934465,ABONNEMENT,OK
TKT20438285690,2025-12-07T16:50:01Z,PORTE-A,R55645448,ABONNEMENT,OK
TKT21991342888,2025-12-07T16:50:03Z,PORTE-A,R59967577,UNITE,OK
TKT25846815930,2025-12-07T16:50:08Z,PORTE-B,R54844113,ABONNEMENT,OK
TKT76143956194,2025-12-07T16:50:08Z,PORTE-C,R56691293,UNITE,OK
TKT44520358605,2025-12-07T16:50:09Z,PORTE-D,R51536231,UNITE,OK
TKT93167162302,2025-12-07T16:50:11Z,VIP-EST,R51621783,ABONNEMENT,OK
TKT11751246203,2025-12-07T16:50:11Z,PORTE-C,,UNITE,OK
TKT31167781514,2025-12-07T16:50:12Z,PORTE-B,R54678814,ABONNEMENT,OK
TKT51832764326,2025-12-07T16:50:12Z,PORTE-D,R52592229,UNITE,OK
TKT66635989257,2025-12-07T16:50:13Z,PORTE-C,R57124674,ABONNEMENT,OK
TKT41398727311,2025-12-07T16:50:14Z,PORTE-A,R51889185,ABONNEMENT,OK
TKT99833973828,2025-12-07T16:50:16Z,PORTE-D,R54350035,ABONNEMENT,OK
TKT10500071805,2025-12-07T16:50:17Z,PORTE-C,R57785967,ABONNEMENT,OK
TKT65196947302,2025-12-07T16:50:17Z,PORTE-D,R53064708,ABONNEMENT,OK
TKT22162296804,2025-12-07T16:50:17Z,VIP-EST,R53724641,VIP,OK
TKT54287945391,2025-12-07T16:50:20Z,PORTE-C,R58562715,ABONNEMENT,OK
TKT87096819908,2025-12-07T16:50:22Z,PORTE-C,,UNITE,OK
TKT33940283335,2025-12-07T16:50:26Z,PORTE-D,R54650817,ABONNEMENT,OK
TKT48879886662,2025-12-07T16:50:26Z,PORTE-C,R55338536,UNITE,OK
TKT14843579198,2025-12-07T16:50:27Z,PMR-NORD,R57524762,ABONNEMENT,OK
TKT33067598680,2025-12-07T16:50:27Z,PORTE-D,,UNITE,OK
TKT18353364041,2025-12-07T16:50:27Z,PORTE-B,R53129140,UNITE,OK
TKT19378468894,2025-12-07T16:50:28Z,PORTE-A,R52831165,ABONNEMENT,OK
TKT69886988078,2025-12-07T16:50:33Z,PORTE-D,R59319358,ABONNEMENT,OK
TKT40529737774,2025-12-07T16:50:35Z,PORTE-D,R55048989,UNITE,OK
TKT57911373700,2025-12-07T16:50:36Z,VIP-EST,R59558907,ABONNEMENT,OK
TKT99831523010,2025-12-07T16:50:39Z,PORTE-D,R54274023,UNITE,OK
TKT73394424922,2025-12-07T16:50:39Z,PORTE-C,R58623124,UNITE,OK
TKT60433989748,2025-12-07T16:50:39Z,VIP-EST,,GROUPE,OK
TKT31936659077,2025-12-07T16:50:40Z,PORTE-A,R58185164,ABONNEMENT,OK
TKT78510277170,2025-12-07T16:50:41Z,PORTE-B,R53709517,ABONNEMENT,OK
TKT47001065620,2025-12-07T16:50:41Z,PORTE-C,R51421322,UNITE,OK
TKT80751258696,2025-12-07T16:50:43Z,PORTE-D,R51896809,UNITE,OK
TKT28883209071,2025-12-07T16:50:44Z,PORTE-B,R59720394,ABONNEMENT,OK
TKT26081048214,2025-12-07T16:50:45Z,PORTE-C,R51882097,ABONNEMENT,OK
TKT68153039800,2025-12-07T16:50:54Z,PORTE-D,R57739523,ABONNEMENT,OK
TKT82084254304,2025-12-07T16:50:54Z,VIP-EST,R56571825,ABONNEMENT,OK
TKT46090209072,2025-12-07T16:50:54Z,PORTE-D,R54512624,UNITE,OK
TKT26557996037,2025-12-07T16:50:59Z,VIP-EST,R57678146,ABONNEMENT,REFUSE_DEJA_SCANNE
TKT41945133537,2025-12-07T16:50:59Z,PORTE-A,R51763989,UNITE,OK
TKT18986743165,2025-12-07T16:51:00Z,PORTE-D,R56906992,UNITE,OK
TKT13476464230,2025-12-07T16:51:00Z,PORTE-A,R54679695,UNITE,OK
TKT10899734878,2025-12-07T16:51:01Z,PORTE-A,R59469811,ABONNEMENT,OK
TKT34413607826,2025-12-07T16:51:02Z,PORTE-C,R58361105,ABONNEMENT,OK
TKT70207970205,2025-12-07T16:51:02Z,PORTE-C,R59810649,UNITE,OK
TKT89643424556,2025-12-07T16:51:04Z,PORTE-D,R58577973,ABONNEMENT,OK
TKT99115129929,2025-12-07T16:51:05Z,PORTE-C,R55593879,INVITATION,OK
TKT44221449464,2025-12-07T16:51:06Z,PORTE-B,R57992002,UNITE,REFUSE_DEJA_SCANNE
TKT51356542928,2025-12-07T16:51:06Z,PORTE-D,R56509768,UNITE,OK
TKT98161620256,2025-12-07T16:51:08Z,PORTE-C,R58215345,UNITE,OK
TKT31164803534,2025-12-07T16:51:08Z,PORTE-B,,UNITE,OK
TKT14834615489,2025-12-07T16:51:09Z,PORTE-A,R55369320,UNITE,OK
TKT56664543193,2025-12-07T16:51:14Z,PORTE-D,R56786509,ABONNEMENT,OK
TKT92220378095,2025-12-07T16:51:15Z,PORTE-C,R59110593,ABONNEMENT,OK
TKT77119357292,2025-12-07T16:51:17Z,VIP-EST,R59613464,VIP,OK
TKT56129505077,2025-12-07T16:51:25Z,PORTE-B,,UNITE,OK
TKT88948069136,2025-12-07T16:51:26Z,VIP-EST,R57182229,ABONNEMENT,OK
TKT43663457000,2025-12-07T16:51:29Z,PORTE-D,R53712247,UNITE,OK
TKT58321332574,2025-12-07T16:51:34Z,PORTE-B,R58854436,UNITE,OK
TKT84373212633,2025-12-07T16:51:35Z,PORTE-B,R59833387,ABONNEMENT,OK
TKT29769416183,2025-12-07T16:51:36Z,PORTE-C,R58482345,ABONNEMENT,OK
TKT43551347542,2025-12-07T16:51:37Z,VIP-EST,R53881636,ABONNEMENT,OK
TKT53295760209,2025-12-07T16:51:37Z,PORTE-D,R53465610,ABONNEMENT,OK
TKT25373708952,2025-12-07T16:51:40Z,PORTE-C,R51367110,UNITE,OK
TKT72607990696,2025-12-07T16:51:44Z,PORTE-B,R57910617,ABONNEMENT,OK
TKT69441777684,2025-12-07T16:51:44Z,PORTE-D,,UNITE,OK
TKT13020389549,2025-12-07T16:51:45Z,VIP-EST,R53120290,ABONNEMENT,OK
TKT66392045808,2025-12-07T16:51:47Z,PORTE-C,R56597504,UNITE,OK
TKT26565102704,2025-12-07T16:51:48Z,PORTE-C,,UNITE,OK
TKT12712167530,2025-12-07T16:51:53Z,PORTE-C,R57695933,ABONNEMENT,OK
TKT84529631488,2025-12-07T16:51:53Z,VIP-EST,,GROUPE,OK
TKT68251974258,2025-12-07T16:51:54Z,PORTE-C,R52244447,ABONNEMENT,OK
TKT27225107133,2025-12-07T16:51:55Z,PORTE-D,,UNITE,OK
TKT24148790762,2025-12-07T16:51:58Z,PORTE-B,R55901126,ABONNEMENT,OK
TKT76128700194,2025-12-07T16:52:00Z,VIP-EST,R51172856,ABONNEMENT,OK
TKT59753951530,2025-12-07T16:52:00Z,PORTE-D,,GROUPE,OK
TKT18120108881,2025-12-07T16:52:01Z,VIP-EST,R55546008,ABONNEMENT,OK
TKT98828720794,2025-12-07T16:52:01Z,PORTE-D,R57892562,UNITE,OK
TKT67710604748,2025-12-07T16:52:03Z,PORTE-A,R57962310,ABONNEMENT,OK
TKT60320090588,2025-12-07T16:52:07Z,PORTE-B,R57393714,ABONNEMENT,OK
TKT54896737178,2025-12-07T16:52:08Z,PORTE-D,R55902295,ABONNEMENT,OK
TKT40424777681,2025-12-07T16:52:08Z,PORTE-C,R57404011,UNITE,OK
TKT79193772183,2025-12-07T16:52:12Z,PORTE-B,R53780568,ABONNEMENT,OK
TKT86333310708,2025-12-07T16:52:12Z,VIP-EST,R56333090,ABONNEMENT,OK
TKT74083125750,2025-12-07T16:52:14Z,PORTE-A,R54000769,ABONNEMENT,OK
TKT12105135682,2025-12-07T16:52:14Z,PORTE-D,R58360425,UNITE,OK
TKT69300763791,2025-12-07T16:52:14Z,PORTE-D,R57261105,INVITATION,OK
TKT75903718905,2025-12-07T16:52:14Z,PORTE-C,R55731268,UNITE,OK
TKT61963097193,2025-12-07T16:52:17Z,PORTE-B,R57314503,ABONNEMENT,OK
TKT66732709623,2025-12-07T16:52:18Z,PORTE-C,R59729110,ABONNEMENT,OK
TKT85774810357,2025-12-07T16:52:19Z,PORTE-D,R58006724,UNITE,OK
TKT78955577849,2025-12-07T16:52:21Z,PORTE-C,R59617142,GROUPE,OK
TKT59048732242,2025-12-07T16:52:22Z,PORTE-C,R59121627,UNITE,OK
TKT53515347301,2025-12-07T16:52:23Z,PORTE-A,R55161925,UNITE,OK
TKT50553941866,2025-12-07T16:52:24Z,PORTE-C,R51400624,ABONNEMENT,OK
TKT81006632031,2025-12-07T16:52:26Z,PORTE-C,R53393899,ABONNEMENT,OK
TKT66093838380,2025-12-07T16:52:26Z,VIP-EST,R52674773,ABONNEMENT,OK
TKT14206536261,2025-12-07T16:52:27Z,PORTE-A,R59959330,ABONNEMENT,OK
TKT23158081161,2025-12-07T16:52:27Z,PORTE-C,R58286587,ABONNEMENT,OK
TKT74482216985,2025-12-07T16:52:27Z,PORTE-C,R59047799,UNITE,OK
TKT61967739956,2025-12-07T16:52:29Z,PORTE-C,R54863394,ABONNEMENT,OK
TKT10147790163,2025-12-07T16:52:29Z,PORTE-A,R56349440,ABONNEMENT,OK
TKT39374026739,2025-12-07T16:52:30Z,VIP-EST,R53765377,ABONNEMENT,OK
TKT11975742957,2025-12-07T16:52:30Z,PORTE-D,R51136890,UNITE,OK
TKT26197626544,2025-12-07T16:52:36Z,PORTE-A,R51161966,ABONNEMENT,OK
TKT34981293593,2025-12-07T16:52:37Z,PORTE-A,R55952427,ABONNEMENT,OK
TKT44286868140,2025-12-07T16:52:38Z,VIP-EST,R52788925,ABONNEMENT,OK
TKT85070590375,2025-12-07T16:52:39Z,PORTE-C,R54578071,UNITE,OK
TKT72691342653,2025-12-07T16:52:40Z,PORTE-C,R57258308,UNITE,OK
TKT50197911423,2025-12-07T16:52:41Z,PORTE-D,R56703486,UNITE,OK
TKT32179279299,2025-12-07T16:52:43Z,PORTE-B,R57851702,ABONNEMENT,OK
TKT56282493316,2025-12-07T16:52:44Z,PORTE-C,R55864557,ABONNEMENT,OK
TKT97558436180,2025-12-07T16:52:44Z,PORTE-C,R53848668,ABONNEMENT,OK
TKT90078013487,2025-12-07T16:52:46Z,PORTE-C,,INVITATION,OK
TKT12596308003,2025-12-07T16:52:47Z,VIP-EST,R56665413,ABONNEMENT,REFUSE_DEJA_SCANNE
TKT45208285885,2025-12-07T16:52:48Z,PORTE-A,R58898093,ABONNEMENT,OK
TKT25651540040,2025-12-07T16:52:51Z,VIP-EST,R52523573,ABONNEMENT,OK
TKT49721200183,2025-12-07T16:52:51Z,VIP-EST,R57516525,UNITE,OK
TKT35304813374,2025-12-07T16:52:57Z,PORTE-A,R59002638,UNITE,OK
TKT35118927302,2025-12-07T16:53:01Z,PORTE-D,R52348734,UNITE,OK
TKT20851776112,2025-12-07T16:53:02Z,PORTE-C,R53089985,ABONNEMENT,OK
TKT63842629932,2025-12-07T16:53:02Z,PORTE-C,R55807826,UNITE,OK
TKT49478853026,2025-12-07T16:53:04Z,PORTE-D,R53282946,ABONNEMENT,OK
TKT44987419541,2025-12-07T16:53:04Z,PORTE-D,R53889883,ABONNEMENT,OK
TKT60523733142,2025-12-07T16:53:05Z,PORTE-D,R58099622,UNITE,OK
TKT92265934680,2025-12-07T16:53:05Z,PORTE-C,R59102212,UNITE,OK
TKT79784079238,2025-12-07T16:53:07Z,PORTE-C,R56619428,ABONNEMENT,OK
TKT69659517149,2025-12-07T16:53:07Z,PORTE-C,R53363306,ABONNEMENT,OK
TKT19057999715,2025-12-07T16:53:07Z,PORTE-C,R57509983,UNITE,OK
TKT79015020180,2025-12-07T16:53:08Z,PORTE-C,R55885131,UNITE,OK
TKT89165345465,2025-12-07T16:53:11Z,PORTE-C,R55424634,ABONNEMENT,OK
TKT87209397445,2025-12-07T16:53:11Z,PORTE-C,R54593597,UNITE,OK
TKT71892562486,2025-12-07T16:53:13Z,PORTE-C,R54725871,ABONNEMENT,OK
TKT21334410569,2025-12-07T16:53:18Z,PORTE-D,R59421595,UNITE,OK
TKT12249838333,2025-12-07T16:53:20Z,PORTE-C,R53744257,ABONNEMENT,OK
TKT70071121209,2025-12-07T16:53:20Z,PORTE-D,,UNITE,OK
TKT92709828339,2025-12-07T16:53:20Z,PORTE-A,R53918014,VIP,OK
TKT69621458845,2025-12-07T16:53:25Z,VIP-EST,,GROUPE,OK
TKT21421289393,2025-12-07T16:53:26Z,PORTE-C,R58305255,ABONNEMENT,OK
TKT90647353733,2025-12-07T16:53:30Z,PORTE-D,,UNITE,OK
TKT94382177390,2025-12-07T16:53:35Z,PORTE-B,R54544021,ABONNEMENT,OK
TKT60662047819,2025-12-07T16:53:35Z,PORTE-C,R54780093,ABONNEMENT,OK
TKT57652811436,2025-12-07T16:53:39Z,VIP-EST,R51401103,UNITE,OK
TKT34254677897,2025-12-07T16:53:40Z,PORTE-C,,GROUPE,OK
TKT62310955457,2025-12-07T16:53:41Z,PORTE-D,R58454003,ABONNEMENT,OK
TKT61113211725,2025-12-07T16:53:41Z,VIP-EST,R54339959,UNITE,OK
TKT19018921158,2025-12-07T16:53:42Z,PORTE-C,R56701915,ABONNEMENT,OK
TKT33330884349,2025-12-07T16:53:46Z,PORTE-C,R58424311,UNITE,OK
TKT88068797110,2025-12-07T16:53:47Z,PORTE-A,R52787709,UNITE,OK
TKT90408143844,2025-12-07T16:53:48Z,PMR-NORD,R51971595,ABONNEMENT,OK
TKT10204655594,2025-12-07T16:53:48Z,PORTE-B,R53247794,UNITE,OK
TKT12580244332,2025-12-07T16:53:50Z,VIP-EST,R59750096,UNITE,OK
TKT77754149168,2025-12-07T16:53:53Z,PORTE-D,R54344595,ABONNEMENT,OK
TKT76708783425,2025-12-07T16:53:55Z,PORTE-D,R55934784,UNITE,OK
TKT37791646405,2025-12-07T16:53:57Z,PORTE-D,R55353727,ABONNEMENT,OK
TKT51719972561,2025-12-07T16:54:00Z,PORTE-B,R56187407,UNITE,OK
TKT29953593580,2025-12-07T16:54:02Z,PORTE-C,R58118970,UNITE,OK
TKT87641833134,2025-12-07T16:54:03Z,PORTE-D,R56358702,INVITATION,REFUSE_DEJA_SCANNE
TKT25160304394,2025-12-07T16:54:04Z,PORTE-C,R56344268,ABONNEMENT,OK
TKT44696067764,2025-12-07T16:54:11Z,VIP-EST,R51672652,ABONNEMENT,OK
TKT88308944994,2025-12-07T16:54:12Z,PORTE-A,R54273755,ABONNEMENT,OK
TKT80629098988,2025-12-07T16:54:17Z,PORTE-D,,UNITE,OK
TKT16943011802,2025-12-07T16:54:19Z,PORTE-D,R51348184,ABONNEMENT,OK
TKT58836521272,2025-12-07T16:54:24Z,PORTE-D,R51576756,UNITE,OK
TKT68421298220,2025-12-07T16:54:24Z,PORTE-D,R51253303,UNITE,OK
TKT45347227872,2025-12-07T16:54:30Z,VIP-EST,R55270148,ABONNEMENT,OK
TKT68830694144,2025-12-07T16:54:30Z,PORTE-C,R57611674,UNITE,OK
TKT72735802919,2025-12-07T16:54:32Z,PORTE-D,R57369070,ABONNEMENT,OK
TKT81147868425,2025-12-07T16:54:32Z,PORTE-C,R56232635,UNITE,REFUSE_DEJA_SCANNE
TKT20236676219,2025-12-07T16:54:33Z,PORTE-C,R51510284,ABONNEMENT,OK
TKT20661851029,2025-12-07T16:54:34Z,VIP-EST,R59339443,ABONNEMENT,OK
TKT82309738137,2025-12-07T16:54:37Z,PORTE-A,R59172439,ABONNEMENT,OK
TKT45574439031,2025-12-07T16:54:38Z,PORTE-D,,GROUPE,OK
TKT18743764747,2025-12-07T16:54:38Z,PORTE-B,,UNITE,OK
TKT69913329851,2025-12-07T16:54:38Z,PORTE-C,R59078861,UNITE,OK
TKT90166127795,2025-12-07T16:54:39Z,PORTE-D,R58358586,ABONNEMENT,OK
TKT37477863413,2025-12-07T16:54:41Z,VIP-EST,R57836176,ABONNEMENT,OK
TKT20064261897,2025-12-07T16:54:43Z,PORTE-A,R58922134,ABONNEMENT,OK
TKT69617034054,2025-12-07T16:54:43Z,PORTE-C,R54399075,ABONNEMENT,OK
TKT58001806604,2025-12-07T16:54:44Z,PORTE-D,R51615308,UNITE,OK
TKT26162570637,2025-12-07T16:54:44Z,PORTE-D,,INVITATION,OK
TKT78705973174,2025-12-07T16:54:49Z,PORTE-D,R54695844,ABONNEMENT,OK
TKT90838057788,2025-12-07T16:54:52Z,PORTE-C,R53454241,ABONNEMENT,OK
TKT62779808047,2025-12-07T16:54:52Z,PORTE-D,R52227695,UNITE,OK
TKT32643173840,2025-12-07T16:54:53Z,VIP-EST,R51557686,ABONNEMENT,OK
TKT75145329379,2025-12-07T16:54:55Z,PORTE-A,R57545748,ABONNEMENT,OK
TKT88083895297,2025-12-07T16:54:56Z,PORTE-C,R53457708,ABONNEMENT,OK
TKT34363445649,2025-12-07T16:54:57Z,PORTE-C,R53381773,GROUPE,OK
TKT74877686900,2025-12-07T16:54:59Z,PORTE-D,R52622467,UNITE,OK
TKT57866381646,2025-12-07T16:55:00Z,PORTE-C,R56663708,GROUPE,OK
TKT44503430167,2025-12-07T16:55:00Z,PORTE-C,R51506194,UNITE,OK
TKT19977708683,2025-12-07T16:55:00Z,VIP-EST,,UNITE,OK
TKT97506227105,2025-12-07T16:55:02Z,PORTE-D,R54704282,UNITE,OK
TKT22132736135,2025-12-07T16:55:03Z,PORTE-A,R55894259,UNITE,OK
TKT67485396187,2025-12-07T16:55:05Z,VIP-EST,R53037066,ABONNEMENT,OK
TKT74054618009,2025-12-07T16:55:05Z,PORTE-C,R53673628,ABONNEMENT,OK
TKT72909914408,2025-12-07T16:55:08Z,PORTE-A,R54164775,ABONNEMENT,OK
TKT94924562788,2025-12-07T16:55:11Z,PORTE-D,R53552254,ABONNEMENT,OK
TKT66059684255,2025-12-07T16:55:15Z,PORTE-D,R53245821,UNITE,OK
TKT85274655402,2025-12-07T16:55:20Z,VIP-EST,R57680196,ABONNEMENT,OK
TKT20158281820,2025-12-07T16:55:21Z,PORTE-A,R54707079,ABONNEMENT,OK
TKT11095306014,2025-12-07T16:55:22Z,PORTE-B,R56517402,ABONNEMENT,OK
TKT17064463233,2025-12-07T16:55:24Z,PORTE-D,,UNITE,OK
TKT41287005467,2025-12-07T16:55:26Z,PORTE-A,,UNITE,OK
TKT97604133341,2025-12-07T16:55:30Z,VIP-EST,,VIP,OK
TKT76677618481,2025-12-07T16:55:35Z,PORTE-C,R59182381,ABONNEMENT,OK
TKT84373212633,2025-12-07T16:55:35Z,PORTE-B,R59833387,ABONNEMENT,REFUSE_DEJA_SCANNE
TKT31293727061,2025-12-07T16:55:35Z,PORTE-D,R59625513,UNITE,OK
TKT70255591734,2025-12-07T16:55:35Z,PORTE-D,R59273517,UNITE,OK
TKT13184192175,2025-12-07T16:55:35Z,PORTE-D,R58287612,UNITE,OK
TKT86261477102,2025-12-07T16:55:38Z,PORTE-C,R55589933,ABONNEMENT,OK
TKT66826980997,2025-12-07T16:55:41Z,VIP-EST,R53042650,ABONNEMENT,OK
TKT24373709425,2025-12-07T16:55:41Z,VIP-EST,R55184462,ABONNEMENT,OK
TKT18828187616,2025-12-07T16:55:42Z,VIP-EST,R57405361,ABONNEMENT,OK
TKT91868085641,2025-12-07T16:55:45Z,PORTE-D,R52882714,UNITE,OK
TKT30708818311,2025-12-07T16:55:46Z,PORTE-C,R54208097,ABONNEMENT,OK
TKT97717705960,2025-12-07T16:55:47Z,VIP-EST,R54378990,ABONNEMENT,OK
TKT86217587043,2025-12-07T16:55:47Z,PORTE-C,,GROUPE,OK
TKT80906206669,2025-12-07T16:55:48Z,PORTE-C,R53840642,ABONNEMENT,OK
TKT59129995680,2025-12-07T16:55:48Z,PORTE-D,R51020966,ABONNEMENT,OK
TKT17919122661,2025-12-07T16:55:49Z,PORTE-C,R51446532,UNITE,OK
TKT46449772725,2025-12-07T16:55:55Z,VIP-EST,R54707347,ABONNEMENT,OK
TKT64460929043,2025-12-07T16:55:56Z,PORTE-C,R58133682,ABONNEMENT,OK
TKT72000723911,2025-12-07T16:55:56Z,VIP-EST,,UNITE,OK
TKT49680670049,2025-12-07T16:55:57Z,PORTE-C,R53897574,ABONNEMENT,OK
TKT26204018218,2025-12-07T16:55:57Z,PORTE-A,,UNITE,OK
TKT63074403624,2025-12-07T16:55:58Z,PORTE-B,R56491924,UNITE,OK
TKT27525284990,2025-12-07T16:55:59Z,PORTE-B,R53321565,ABONNEMENT,OK
TKT45069162374,2025-12-07T16:56:02Z,PORTE-A,R53120501,VIP,OK
TKT43938349107,2025-12-07T16:56:03Z,PORTE-C,R53224634,UNITE,OK
TKT50448780225,2025-12-07T16:56:03Z,PORTE-D,,UNITE,OK
TKT57106302334,2025-12-07T16:56:04Z,PORTE-A,R58500246,ABONNEMENT,OK
TKT28431389953,2025-12-07T16:56:06Z,PORTE-C,R54229887,ABONNEMENT,OK
TKT59351921415,2025-12-07T16:56:08Z,PORTE-B,R55338191,ABONNEMENT,OK
TKT20378008318,2025-12-07T16:56:08Z,PORTE-C,R57952636,ABONNEMENT,OK
TKT18799451680,2025-12-07T16:56:09Z,VIP-EST,R55147960,ABONNEMENT,OK
TKT62910231029,2025-12-07T16:56:09Z,PORTE-B,R53317197,ABONNEMENT,OK
TKT42229131407,2025-12-07T16:56:11Z,PORTE-C,R54955133,UNITE,OK
TKT81049122595,2025-12-07T16:56:15Z,PORTE-D,R52102988,UNITE,OK
TKT41707478138,2025-12-07T16:56:16Z,PORTE-A,R55389884,ABONNEMENT,OK
TKT93963282754,2025-12-07T16:56:17Z,PORTE-D,R56763761,ABONNEMENT,OK
TKT66275858293,2025-12-07T16:56:17Z,PORTE-C,R53779399,UNITE,OK
TKT55526045810,2025-12-07T16:56:21Z,PORTE-D,R54956302,ABONNEMENT,OK
TKT32621828334,2025-12-07T16:56:21Z,PORTE-A,,UNITE,OK
TKT42095287754,2025-12-07T16:56:21Z,PORTE-D,R52093659,UNITE,OK
TKT93509841850,2025-12-07T16:56:22Z,PORTE-A,R51507075,ABONNEMENT,OK
TKT90522254881,2025-12-07T16:56:23Z,PORTE-A,R59821539,VIP,OK
TKT72215635612,2025-12-07T16:56:27Z,PORTE-A,R57388274,ABONNEMENT,OK
TKT47073675582,2025-12-07T16:56:27Z,PORTE-A,R56904483,UNITE,OK
TKT54488401608,2025-12-07T16:56:28Z,VIP-EST,R57044994,VIP,OK
TKT39967352594,2025-12-07T16:56:29Z,VIP-EST,R53499057,ABONNEMENT,OK
TKT81905715662,2025-12-07T16:56:29Z,PORTE-C,R55567453,UNITE,OK
TKT74408530784,2025-12-07T16:56:30Z,PORTE-C,,GROUPE,OK
TKT98318727449,2025-12-07T16:56:32Z,PORTE-D,R54055259,UNITE,OK
TKT62869864559,2025-12-07T16:56:39Z,PORTE-C,R53096115,UNITE,OK
TKT82579701586,2025-12-07T16:56:39Z,PORTE-B,R58225833,UNITE,OK
TKT49372650424,2025-12-07T16:56:40Z,PORTE-C,R56454062,UNITE,OK
TKT92725894512,2025-12-07T16:56:44Z,PORTE-C,R52111369,ABONNEMENT,OK
TKT36950134952,2025-12-07T16:56:48Z,PORTE-C,R56275545,ABONNEMENT,OK
TKT80619839650,2025-12-07T16:56:48Z,PORTE-D,R53139504,ABONNEMENT,OK
TKT62490152062,2025-12-07T16:56:49Z,VIP-EST,R58141239,ABONNEMENT,OK
TKT22508611906,2025-12-07T16:56:49Z,PORTE-C,R57146407,ABONNEMENT,OK
TKT81229492234,2025-12-07T16:56:58Z,PORTE-A,R57641366,ABONNEMENT,OK
TKT59427674557,2025-12-07T16:56:59Z,VIP-EST,R53580184,ABONNEMENT,OK
TKT91532629125,2025-12-07T16:56:59Z,PORTE-C,R53648830,UNITE,OK
TKT60663453438,2025-12-07T16:57:02Z,PORTE-C,R53099726,UNITE,OK
TKT17144744475,2025-12-07T16:57:03Z,PORTE-C,R55381791,INVITATION,OK
TKT50819346003,2025-12-07T16:57:08Z,PORTE-C,R55896222,ABONNEMENT,OK
TKT57487943367,2025-12-07T16:57:08Z,PORTE-A,R59006862,UNITE,OK
TKT96743684943,2025-12-07T16:57:09Z,PORTE-D,R55584081,UNITE,OK
TKT35693863508,2025-12-07T16:57:11Z,PORTE-D,,UNITE,OK
TKT79280585750,2025-12-07T16:57:12Z,PORTE-C,R54824574,ABONNEMENT,OK
TKT44057111569,2025-12-07T16:57:14Z,PORTE-C,R54647484,UNITE,OK
TKT10738573683,2025-12-07T16:57:16Z,PORTE-C,R57095049,ABONNEMENT,OK
TKT93754265319,2025-12-07T16:57:16Z,PORTE-D,,UNITE,OK
TKT51713150652,2025-12-07T16:57:17Z,PORTE-D,R58376152,ABONNEMENT,OK
TKT69066065826,2025-12-07T16:57:17Z,PORTE-D,R58979076,INVITATION,OK
TKT32644339246,2025-12-07T16:57:18Z,VIP-EST,R53826121,ABONNEMENT,OK
TKT28491278493,2025-12-07T16:57:18Z,PORTE-D,,UNITE,OK
TKT37896376806,2025-12-07T16:57:19Z,PORTE-D,R55346237,UNITE,OK
TKT24130190337,2025-12-07T16:57:19Z,PORTE-A,R54329672,UNITE,OK
TKT81795344634,2025-12-07T16:57:19Z,PORTE-B,,UNITE,OK
TKT12813308449,2025-12-07T16:57:24Z,PORTE-D,R54084137,UNITE,OK
TKT82321635053,2025-12-07T16:57:25Z,PORTE-C,R55701097,ABONNEMENT,OK
TKT41207048862,2025-12-07T16:57:27Z,PORTE-A,R52426240,ABONNEMENT,OK
TKT10882578487,2025-12-07T16:57:27Z,PORTE-B,R58651533,UNITE,OK
TKT41784121903,2025-12-07T16:57:33Z,PORTE-C,R56900738,ABONNEMENT,OK
TKT60847554835,2025-12-07T16:57:37Z,PORTE-A,R58574563,ABONNEMENT,OK
TKT34495222926,2025-12-07T16:57:39Z,PORTE-D,R58586488,UNITE,OK
TKT88005980638,2025-12-07T16:57:41Z,VIP-EST,R56995274,ABONNEMENT,OK
TKT53975995989,2025-12-07T16:57:42Z,PORTE-C,,GROUPE,OK
TKT62985346347,2025-12-07T16:57:43Z,PORTE-C,R58015162,ABONNEMENT,OK
TKT39687797523,2025-12-07T16:57:45Z,PORTE-D,R58085868,UNITE,OK
TKT28774723548,2025-12-07T16:57:48Z,PORTE-D,R58344688,ABONNEMENT,OK
TKT31138206092,2025-12-07T16:57:48Z,PORTE-D,R56993770,ABONNEMENT,OK
TKT43329324035,2025-12-07T16:57:48Z,PORTE-A,R56707154,VIP,OK
TKT68461463786,2025-12-07T16:57:53Z,PORTE-C,R52561167,ABONNEMENT,OK
TKT19084382608,2025-12-07T16:57:53Z,PORTE-D,R56094566,UNITE,OK
TKT66774441007,2025-12-07T16:57:56Z,PORTE-C,R59804921,ABONNEMENT,OK
TKT74744047271,2025-12-07T16:57:57Z,PORTE-A,R56111395,ABONNEMENT,OK
TKT58521770996,2025-12-07T16:57:59Z,PORTE-D,R54589316,ABONNEMENT,OK
TKT70207970205,2025-12-07T16:58:02Z,PORTE-C,R59810649,UNITE,REFUSE_DEJA_SCANNE
TKT63603087211,2025-12-07T16:58:06Z,PORTE-D,R51664961,ABONNEMENT,OK
TKT21048052853,2025-12-07T16:58:09Z,PORTE-C,R55380076,UNITE,OK
TKT72615858199,2025-12-07T16:58:12Z,PORTE-C,R56556289,ABONNEMENT,OK
TKT99686699058,2025-12-07T16:58:19Z,PORTE-C,R54678536,ABONNEMENT,OK
TKT43054347222,2025-12-07T16:58:19Z,VIP-EST,R54934224,ABONNEMENT,OK
TKT86693782598,2025-12-07T16:58:19Z,PORTE-C,,GROUPE,OK
TKT49165713463,2025-12-07T16:58:20Z,PORTE-C,R58165970,UNITE,OK
TKT81506705777,2025-12-07T16:58:21Z,PORTE-C,R57290673,ABONNEMENT,OK
TKT66402619070,2025-12-07T16:58:21Z,PORTE-C,R56324039,ABONNEMENT,OK
TKT63858737948,2025-12-07T16:58:25Z,PORTE-A,R55099121,ABONNEMENT,OK
TKT91505006426,2025-12-07T16:58:25Z,PORTE-B,R58810424,ABONNEMENT,OK
TKT14098345733,2025-12-07T16:58:25Z,PORTE-D,R51857989,UNITE,OK
TKT29517252358,2025-12-07T16:58:27Z,PORTE-C,,UNITE,OK
TKT98598833715,2025-12-07T16:58:28Z,PORTE-A,R59968314,ABONNEMENT,OK
TKT37272616342,2025-12-07T16:58:31Z,PORTE-C,,GROUPE,OK
TKT44883598902,2025-12-07T16:58:35Z,PORTE-C,R55977071,ABONNEMENT,OK
TKT13145968634,2025-12-07T16:58:37Z,PORTE-C,R57560182,ABONNEMENT,OK
TKT25373708952,2025-12-07T16:58:40Z,PORTE-C,R51367110,UNITE,REFUSE_DEJA_SCANNE
TKT79450209119,2025-12-07T16:58:41Z,VIP-EST,,GROUPE,OK
TKT54916377394,2025-12-07T16:58:46Z,PORTE-C,R54945469,ABONNEMENT,OK
TKT12062786745,2025-12-07T16:58:47Z,PORTE-C,R52130563,ABONNEMENT,OK
TKT23932275417,2025-12-07T16:58:47Z,PORTE-C,R59331963,UNITE,OK
TKT80594485900,2025-12-07T16:58:49Z,PORTE-C,R57791427,UNITE,OK
TKT22385345371,2025-12-07T16:58:52Z,PORTE-C,R54033804,ABONNEMENT,OK
TKT35591973810,2025-12-07T16:58:52Z,PORTE-A,R59318132,ABONNEMENT,OK
TKT86622011782,2025-12-07T16:58:53Z,PORTE-A,R57956314,ABONNEMENT,OK
TKT74057677067,2025-12-07T16:59:01Z,PORTE-D,R51462805,ABONNEMENT,OK
TKT82247001088,2025-12-07T16:59:01Z,PORTE-A,R59938823,ABONNEMENT,OK
TKT23480978351,2025-12-07T16:59:13Z,PORTE-B,R53031884,ABONNEMENT,OK
TKT93880293347,2025-12-07T16:59:16Z,PORTE-C,R51790214,ABONNEMENT,OK
TKT23577966061,2025-12-07T16:59:16Z,PORTE-D,,INVITATION,OK
TKT58015010077,2025-12-07T16:59:18Z,VIP-EST,R58964833,ABONNEMENT,OK
TKT19940633897,2025-12-07T16:59:22Z,VIP-EST,R52932377,ABONNEMENT,OK
TKT26225512004,2025-12-07T16:59:22Z,PORTE-B,R57038864,ABONNEMENT,OK
TKT86824784075,2025-12-07T16:59:23Z,PORTE-A,R56968570,UNITE,OK
TKT98896382472,2025-12-07T16:59:26Z,PORTE-C,R59585122,GROUPE,OK
TKT52994419173,2025-12-07T16:59:29Z,PORTE-C,R58461905,ABONNEMENT,OK
TKT42462264178,2025-12-07T16:59:30Z,VIP-EST,R54263679,ABONNEMENT,OK
TKT35988250659,2025-12-07T16:59:30Z,PORTE-C,R56654235,ABONNEMENT,OK
TKT87156660661,2025-12-07T16:59:30Z,PORTE-A,R54144278,UNITE,OK
TKT26802741266,2025-12-07T16:59:43Z,PORTE-C,R55859040,UNITE,OK
TKT99003064014,2025-12-07T16:59:44Z,VIP-EST,R53423802,ABONNEMENT,OK
TKT10040311905,2025-12-07T16:59:48Z,PORTE-C,R57030282,UNITE,OK
TKT81131624556,2025-12-07T16:59:50Z,VIP-EST,R55756669,ABONNEMENT,OK
TKT13777357770,2025-12-07T16:59:50Z,VIP-EST,R56948609,ABONNEMENT,OK
TKT99116113147,2025-12-07T16:59:52Z,PORTE-A,R54032645,ABONNEMENT,OK
TKT88873732365,2025-12-07T16:59:54Z,PORTE-D,,UNITE,OK
TKT49511388765,2025-12-07T16:59:56Z,PORTE-D,R56784670,ABONNEMENT,OK
TKT33692852719,2025-12-07T16:59:57Z,PORTE-C,R54462291,ABONNEMENT,OK
TKT99951307633,2025-12-07T16:59:57Z,PORTE-A,R55421023,ABONNEMENT,OK
TKT27131326622,2025-12-07T16:59:58Z,PORTE-A,R51435421,ABONNEMENT,OK
TKT12021963430,2025-12-07T17:00:00Z,PORTE-D,R58532467,UNITE,OK
TKT38062045789,2025-12-07T17:00:00Z,PORTE-A,,VIP,OK
TKT26696994521,2025-12-07T17:00:03Z,PORTE-C,R55197881,ABONNEMENT,OK
TKT17151568517,2025-12-07T17:00:03Z,PORTE-D,R53054354,ABONNEMENT,OK
TKT25160304394,2025-12-07T17:00:04Z,PORTE-C,R56344268,ABONNEMENT,REFUSE_DEJA_SCANNE
TKT57544330969,2025-12-07T17:00:04Z,PORTE-D,R58970283,ABONNEMENT,OK
TKT63670435015,2025-12-07T17:00:05Z,PORTE-C,R52852342,UNITE,OK
TKT25411342117,2025-12-07T17:00:09Z,PORTE-C,R53395393,ABONNEMENT,OK
TKT46085029425,2025-12-07T17:00:09Z,VIP-EST,,UNITE,OK
TKT10168053703,2025-12-07T17:00:11Z,PORTE-C,R56555073,ABONNEMENT,OK
TKT29783232900,2025-12-07T17:00:12Z,PORTE-C,R59271678,GROUPE,OK
TKT68500872738,2025-12-07T17:00:13Z,PORTE-C,,UNITE,OK
TKT70128532694,2025-12-07T17:00:14Z,VIP-EST,R57757903,UNITE,OK
TKT11763472126,2025-12-07T17:00:24Z,PORTE-D,,GROUPE,OK
TKT32547005929,2025-12-07T17:00:26Z,PORTE-B,R58358452,ABONNEMENT,OK
TKT59724418363,2025-12-07T17:00:27Z,PORTE-A,R55961957,ABONNEMENT,OK
TKT42965634195,2025-12-07T17:00:29Z,PORTE-C,R55550021,ABONNEMENT,OK
TKT33496694140,2025-12-07T17:00:32Z,PORTE-A,R57970212,ABONNEMENT,OK
TKT15760783122,2025-12-07T17:00:38Z,PORTE-D,R54220625,UNITE,OK
TKT31360816188,2025-12-07T17:00:42Z,PORTE-C,R56896782,UNITE,OK
TKT26710249633,2025-12-07T17:00:43Z,VIP-EST,,GROUPE,OK
TKT69614552991,2025-12-07T17:00:45Z,PORTE-D,R58627961,UNITE,OK
TKT64987925333,2025-12-07T17:00:46Z,VIP-EST,R51301251,ABONNEMENT,OK
TKT96984064066,2025-12-07T17:00:47Z,PORTE-B,R58693284,ABONNEMENT,OK
TKT64297116421,2025-12-07T17:00:49Z,PORTE-D,,UNITE,OK
TKT83329381945,2025-12-07T17:00:54Z,VIP-EST,R57312185,ABONNEMENT,OK
TKT93167508707,2025-12-07T17:01:01Z,PORTE-D,R55844606,ABONNEMENT,OK
TKT21793858689,2025-12-07T17:01:02Z,VIP-EST,R53420938,ABONNEMENT,OK
TKT50050992415,2025-12-07T17:01:05Z,PORTE-D,R52965402,UNITE,OK
TKT16999671627,2025-12-07T17:01:06Z,VIP-EST,R59746284,ABONNEMENT,OK
TKT68814539391,2025-12-07T17:01:16Z,PORTE-C,R51419761,UNITE,OK
TKT82583536068,2025-12-07T17:01:19Z,PORTE-C,R51765081,ABONNEMENT,OK
TKT61385613249,2025-12-07T17:01:20Z,PORTE-D,R55202172,GROUPE,OK
TKT22758002075,2025-12-07T17:01:23Z,PORTE-C,R53419099,UNITE,OK
TKT41028626472,2025-12-07T17:01:27Z,PORTE-C,R52273191,ABONNEMENT,OK
TKT68830694144,2025-12-07T17:01:30Z,PORTE-C,R57611674,UNITE,REFUSE_DEJA_SCANNE
TKT97367867473,2025-12-07T17:01:36Z,PORTE-B,R51879166,ABONNEMENT,OK
TKT68566141730,2025-12-07T17:01:40Z,PORTE-C,R57216423,UNITE,OK
TKT54028545507,2025-12-07T17:01:41Z,PORTE-D,R54280833,ABONNEMENT,OK
TKT38441270661,2025-12-07T17:01:42Z,PORTE-D,,UNITE,OK
TKT16750652327,2025-12-07T17:01:42Z,VIP-EST,,GROUPE,OK
TKT37568428337,2025-12-07T17:01:46Z,PORTE-B,,UNITE,OK
TKT81705468289,2025-12-07T17:01:48Z,PORTE-C,R59129874,ABONNEMENT,OK
TKT62930718564,2025-12-07T17:01:50Z,PORTE-C,R53431349,UNITE,OK
TKT26610422741,2025-12-07T17:01:50Z,PORTE-C,,UNITE,OK
TKT96706233731,2025-12-07T17:01:51Z,PORTE-B,R53520100,UNITE,OK
TKT13666542769,2025-12-07T17:01:53Z,PORTE-B,R59695261,ABONNEMENT,OK
TKT51496218601,2025-12-07T17:01:54Z,PMR-NORD,,UNITE,OK
TKT62203288245,2025-12-07T17:01:55Z,PORTE-A,R53085617,ABONNEMENT,OK
TKT26010318881,2025-12-07T17:01:57Z,PORTE-D,R51083636,UNITE,OK
TKT99163330696,2025-12-07T17:01:58Z,PORTE-C,R55266001,ABONNEMENT,OK
TKT96965309083,2025-12-07T17:02:02Z,PORTE-C,R59413348,ABONNEMENT,OK
TKT76237022984,2025-12-07T17:02:05Z,VIP-EST,R52701956,ABONNEMENT,OK
TKT43961459154,2025-12-07T17:02:07Z,PORTE-D,R53123355,UNITE,OK
TKT34320604345,2025-12-07T17:02:13Z,PORTE-B,R58950600,ABONNEMENT,OK
TKT86729158457,2025-12-07T17:02:23Z,PORTE-D,R52592564,UNITE,OK
TKT21479733536,2025-12-07T17:02:24Z,PORTE-C,R52703996,ABONNEMENT,OK
TKT17210501181,2025-12-07T17:02:24Z,PORTE-A,R54265920,ABONNEMENT,OK
TKT32844015103,2025-12-07T17:02:27Z,PORTE-D,,UNITE,OK
TKT44379056711,2025-12-07T17:02:32Z,PORTE-D,R52211958,ABONNEMENT,OK
TKT60380262581,2025-12-07T17:02:32Z,VIP-EST,R56308034,UNITE,OK
TKT71275513757,2025-12-07T17:02:36Z,VIP-EST,R57880714,INVITATION,OK
TKT34791079204,2025-12-07T17:02:37Z,PORTE-D,,UNITE,OK
TKT27027399023,2025-12-07T17:02:41Z,PORTE-A,R59176050,ABONNEMENT,OK
TKT62461552025,2025-12-07T17:02:45Z,PORTE-C,R54786558,ABONNEMENT,OK
TKT35576431883,2025-12-07T17:02:47Z,PORTE-C,,GROUPE,OK
TKT66867534088,2025-12-07T17:02:48Z,PORTE-A,R53773269,ABONNEMENT,OK
TKT57274787085,2025-12-07T17:02:50Z,PORTE-C,R57332079,ABONNEMENT,OK
TKT11204876443,2025-12-07T17:02:50Z,PORTE-C,R52103591,UNITE,OK
TKT26201282398,2025-12-07T17:02:54Z,PORTE-C,R58494260,ABONNEMENT,OK
TKT81260473980,2025-12-07T17:02:57Z,PORTE-C,R55277370,ABONNEMENT,OK
TKT59903915701,2025-12-07T17:02:57Z,PORTE-D,R59828282,UNITE,OK
TKT77247016053,2025-12-07T17:02:59Z,PORTE-D,R52667829,ABONNEMENT,OK
TKT74915276637,2025-12-07T17:03:00Z,PORTE-D,R53335999,ABONNEMENT,OK
TKT94283051295,2025-12-07T17:03:00Z,PORTE-A,R55413657,ABONNEMENT,OK
TKT84399255032,2025-12-07T17:03:01Z,PORTE-C,R51295801,ABONNEMENT,OK
TKT41062826678,2025-12-07T17:03:01Z,PORTE-D,R51889118,UNITE,OK
TKT83902475184,2025-12-07T17:03:02Z,PORTE-A,R55559005,ABONNEMENT,OK
TKT68635512722,2025-12-07T17:03:04Z,PORTE-C,R55952829,ABONNEMENT,OK
TKT66689241574,2025-12-07T17:03:05Z,PORTE-C,R59113735,UNITE,OK
TKT76970596369,2025-12-07T17:03:07Z,PORTE-D,R52157401,UNITE,OK
TKT21696571430,2025-12-07T17:03:08Z,PORTE-C,R56800129,ABONNEMENT,OK
TKT94471620438,2025-12-07T17:03:16Z,PMR-NORD,R53484546,ABONNEMENT,OK
TKT77207023365,2025-12-07T17:03:18Z,PORTE-D,R51760388,ABONNEMENT,OK
TKT37956546862,2025-12-07T17:03:20Z,VIP-EST,R55910733,ABONNEMENT,OK
TKT41748800388,2025-12-07T17:03:25Z,PORTE-D,R52436872,ABONNEMENT,OK
TKT75075843845,2025-12-07T17:03:26Z,PORTE-A,R54037137,ABONNEMENT,OK
TKT35809224432,2025-12-07T17:03:27Z,VIP-EST,R56106960,ABONNEMENT,OK
TKT85172973387,2025-12-07T17:03:27Z,PORTE-A,R58278886,ABONNEMENT,OK
TKT69469436704,2025-12-07T17:03:29Z,PORTE-C,R53001435,UNITE,OK
TKT90143671772,2025-12-07T17:03:31Z,VIP-EST,R53356640,ABONNEMENT,OK
TKT52192259841,2025-12-07T17:03:32Z,PORTE-C,R52584183,ABONNEMENT,OK
TKT71026327613,2025-12-07T17:03:35Z,VIP-EST,R59089004,ABONNEMENT,OK
TKT73274021713,2025-12-07T17:03:36Z,PORTE-C,R52369097,ABONNEMENT,OK
TKT81657439222,2025-12-07T17:03:39Z,PORTE-D,R51618095,ABONNEMENT,OK
TKT12246142940,2025-12-07T17:03:39Z,PORTE-A,R57057656,UNITE,OK
TKT94509803316,2025-12-07T17:03:41Z,PORTE-C,,UNITE,OK
TKT75773793742,2025-12-07T17:03:43Z,PORTE-D,R54911620,INVITATION,OK
TKT45280908866,2025-12-07T17:03:47Z,PORTE-C,R58346115,UNITE,OK
TKT87040797636,2025-12-07T17:03:48Z,PORTE-C,R56624888,ABONNEMENT,OK
TKT19820423030,2025-12-07T17:03:50Z,PORTE-C,R56567668,UNITE,OK
TKT45208067591,2025-12-07T17:03:51Z,VIP-EST,R51367254,ABONNEMENT,OK
TKT86441621951,2025-12-07T17:03:54Z,PORTE-C,R51662241,UNITE,OK
TKT52441757900,2025-12-07T17:03:54Z,PORTE-A,,UNITE,OK
TKT58436162389,2025-12-07T17:04:04Z,PORTE-A,R53750665,UNITE,OK
TKT23654924679,2025-12-07T17:04:09Z,PORTE-C,R56002693,ABONNEMENT,OK
TKT81674991765,2025-12-07T17:04:09Z,PORTE-A,R51740082,ABONNEMENT,OK
TKT53569219932,2025-12-07T17:04:10Z,PORTE-C,R53385240,UNITE,OK
TKT60609445165,2025-12-07T17:04:11Z,PORTE-C,R57828207,INVITATION,OK
TKT59345285949,2025-12-07T17:04:16Z,PORTE-A,R51160673,ABONNEMENT,OK
TKT36691697058,2025-12-07T17:04:17Z,PORTE-D,R55718117,GROUPE,OK
TKT39426460120,2025-12-07T17:04:18Z,PORTE-D,R57621415,UNITE,OK
TKT81116239735,2025-12-07T17:04:23Z,PORTE-C,R59661479,ABONNEMENT,OK
TKT75584455689,2025-12-07T17:04:24Z,PORTE-D,,UNITE,OK
TKT84967286999,2025-12-07T17:04:25Z,PORTE-D,R53458532,ABONNEMENT,OK
TKT64206948650,2025-12-07T17:04:29Z,PORTE-A,R51514910,UNITE,OK
TKT84721149302,2025-12-07T17:04:30Z,PORTE-B,R56696944,UNITE,OK
TKT41853899666,2025-12-07T17:04:35Z,PORTE-A,R54671793,UNITE,OK
TKT94024202211,2025-12-07T17:04:36Z,PORTE-B,R54635214,ABONNEMENT,OK
TKT12640533963,2025-12-07T17:04:39Z,PORTE-C,R55495196,ABONNEMENT,OK
TKT57227078841,2025-12-07T17:04:40Z,PORTE-D,R52029763,ABONNEMENT,OK
TKT91070008219,2025-12-07T17:04:42Z,PORTE-B,R56184821,ABONNEMENT,OK
TKT20631733301,2025-12-07T17:04:44Z,PORTE-C,R58580415,ABONNEMENT,OK
TKT84696196676,2025-12-07T17:04:44Z,PORTE-C,R52098697,UNITE,OK
TKT69008599914,2025-12-07T17:04:48Z,PORTE-B,R59760105,ABONNEMENT,OK
TKT62427189542,2025-12-07T17:04:55Z,PORTE-A,R51692757,VIP,OK
TKT66640603652,2025-12-07T17:04:56Z,PORTE-A,R55280713,ABONNEMENT,OK
TKT50429009608,2025-12-07T17:04:59Z,VIP-EST,R51390069,ABONNEMENT,OK
TKT41388700464,2025-12-07T17:05:03Z,PORTE-C,,UNITE,OK
TKT34756834200,2025-12-07T17:05:04Z,PORTE-D,R59771618,ABONNEMENT,OK
TKT68900862059,2025-12-07T17:05:04Z,PORTE-A,R51085063,UNITE,OK
TKT53469984400,2025-12-07T17:05:06Z,VIP-EST,R52396404,UNITE,OK
TKT48382253338,2025-12-07T17:05:09Z,VIP-EST,R53014998,ABONNEMENT,OK
TKT16705225949,2025-12-07T17:05:11Z,PORTE-A,R56746262,ABONNEMENT,OK
TKT28538352438,2025-12-07T17:05:12Z,VIP-EST,R58554535,ABONNEMENT,OK
TKT70855115202,2025-12-07T17:05:14Z,PORTE-A,R51827205,ABONNEMENT,OK
TKT88758742425,2025-12-07T17:05:14Z,PORTE-C,R58609025,ABONNEMENT,OK
TKT11737444848,2025-12-07T17:05:20Z,VIP-EST,R59473020,ABONNEMENT,OK
TKT44068861485,2025-12-07T17:05:22Z,PORTE-B,R53267621,ABONNEMENT,OK
TKT76975037187,2025-12-07T17:05:22Z,PORTE-D,R56383969,ABONNEMENT,OK
TKT65350574117,2025-12-07T17:05:22Z,PORTE-C,,UNITE,OK
TKT88481521053,2025-12-07T17:05:28Z,PORTE-D,R56578635,ABONNEMENT,OK
TKT89823455432,2025-12-07T17:05:32Z,PORTE-C,R59460817,ABONNEMENT,OK
TKT73517949442,2025-12-07T17:05:38Z,VIP-EST,R52587871,ABONNEMENT,OK
TKT29675581502,2025-12-07T17:05:47Z,PORTE-D,R51420240,ABONNEMENT,OK
TKT33593802529,2025-12-07T17:05:47Z,PORTE-A,R59093017,ABONNEMENT,OK
TKT20544110234,2025-12-07T17:05:49Z,PORTE-C,R53726959,ABONNEMENT,OK
TKT62490152062,2025-12-07T17:05:49Z,VIP-EST,R58141239,ABONNEMENT,REFUSE_DEJA_SCANNE
TKT55188165898,2025-12-07T17:05:50Z,PORTE-C,R54840713,ABONNEMENT,OK
TKT86459339578,2025-12-07T17:05:51Z,PORTE-D,R54524472,GROUPE,OK
TKT17404082368,2025-12-07T17:05:54Z,PORTE-D,R51890267,UNITE,OK
TKT40518782001,2025-12-07T17:05:59Z,PORTE-C,R55825727,ABONNEMENT,OK
TKT39531049765,2025-12-07T17:06:02Z,PORTE-D,R53004510,ABONNEMENT,OK
TKT85559963762,2025-12-07T17:06:03Z,PORTE-C,,UNITE,OK
TKT77676003126,2025-12-07T17:06:03Z,PORTE-C,,UNITE,OK
TKT69867242203,2025-12-07T17:06:04Z,VIP-EST,,UNITE,OK
TKT97413324025,2025-12-07T17:06:05Z,PORTE-D,R56459512,UNITE,OK
TKT85476588958,2025-12-07T17:06:09Z,PORTE-A,R56897730,ABONNEMENT,OK
TKT37550401747,2025-12-07T17:06:17Z,VIP-EST,R52916908,ABONNEMENT,OK
TKT92710173237,2025-12-07T17:06:18Z,PORTE-C,R58031177,ABONNEMENT,OK
TKT96135319015,2025-12-07T17:06:31Z,PORTE-A,R54456151,ABONNEMENT,OK
TKT90305489318,2025-12-07T17:06:32Z,PORTE-B,,UNITE,OK
TKT97963014266,2025-12-07T17:06:39Z,PORTE-C,R55421837,ABONNEMENT,OK
TKT21479800385,2025-12-07T17:06:45Z,PORTE-D,R54381911,ABONNEMENT,OK
TKT19725211609,2025-12-07T17:06:45Z,PORTE-D,R51821544,ABONNEMENT,OK
TKT14613541704,2025-12-07T17:06:45Z,PORTE-C,R55975577,UNITE,OK
TKT55834473994,2025-12-07T17:06:47Z,VIP-EST,,UNITE,OK
TKT68626288940,2025-12-07T17:06:48Z,PORTE-C,R53266730,UNITE,OK
TKT76571172599,2025-12-07T17:06:49Z,PORTE-D,R56534978,UNITE,OK
TKT56185763076,2025-12-07T17:06:58Z,PORTE-C,R58945217,ABONNEMENT,OK
TKT53001590314,2025-12-07T17:07:01Z,PORTE-D,R58436906,ABONNEMENT,OK
TKT48568230024,2025-12-07T17:07:02Z,PORTE-C,R57700214,ABONNEMENT,OK
TKT92242930209,2025-12-07T17:07:03Z,PORTE-D,,UNITE,OK
TKT86391204001,2025-12-07T17:07:04Z,VIP-EST,R56587897,ABONNEMENT,OK
TKT65221957840,2025-12-07T17:07:07Z,PORTE-C,R52960709,ABONNEMENT,OK
TKT27448111951,2025-12-07T17:07:09Z,PORTE-B,R53255696,ABONNEMENT,OK
TKT31851789592,2025-12-07T17:07:11Z,PORTE-D,R57342222,UNITE,OK
TKT90254897398,2025-12-07T17:07:20Z,PORTE-C,R53252497,ABONNEMENT,OK
TKT57313621981,2025-12-07T17:07:22Z,PORTE-C,R53085694,ABONNEMENT,OK
TKT56033966083,2025-12-07T17:07:23Z,PORTE-C,R57659900,ABONNEMENT,OK
TKT72420959076,2025-12-07T17:07:23Z,PORTE-C,R58143624,ABONNEMENT,OK
TKT24231627527,2025-12-07T17:07:31Z,PORTE-C,,GROUPE,OK
TKT87141903581,2025-12-07T17:07:35Z,VIP-EST,R58573538,ABONNEMENT,OK
TKT67348771022,2025-12-07T17:07:41Z,PORTE-C,R55128612,ABONNEMENT,OK
TKT55261567087,2025-12-07T17:07:46Z,PORTE-D,R51973712,ABONNEMENT,OK
TKT94133878003,2025-12-07T17:07:48Z,PORTE-D,R58493714,UNITE,OK
TKT92935762461,2025-12-07T17:07:54Z,PORTE-D,R59846873,UNITE,OK
TKT64078988609,2025-12-07T17:07:58Z,PORTE-D,R54040671,ABONNEMENT,OK
TKT38235388189,2025-12-07T17:08:08Z,PORTE-C,R55784599,UNITE,OK
TKT66747563679,2025-12-07T17:08:11Z,PORTE-D,R59238174,ABONNEMENT,OK
TKT80203892336,2025-12-07T17:08:11Z,PORTE-D,R57915042,ABONNEMENT,OK
TKT63589201314,2025-12-07T17:08:14Z,PORTE-C,R59637093,UNITE,OK
TKT67083756359,2025-12-07T17:08:18Z,VIP-EST,R57123324,ABONNEMENT,OK
TKT75027549087,2025-12-07T17:08:24Z,PORTE-C,R56491177,UNITE,OK
TKT35900718669,2025-12-07T17:08:26Z,PORTE-C,R52107691,UNITE,OK
TKT77170725446,2025-12-07T17:08:28Z,PORTE-D,,INVITATION,OK
TKT23195847088,2025-12-07T17:08:32Z,PORTE-C,R53553748,UNITE,OK
TKT35548688166,2025-12-07T17:08:34Z,PORTE-C,R56159745,UNITE,OK
TKT57480219619,2025-12-07T17:08:38Z,PORTE-B,R54294865,ABONNEMENT,OK
TKT40716329246,2025-12-07T17:08:40Z,PORTE-D,R55912371,UNITE,OK
TKT63727566224,2025-12-07T17:08:44Z,PORTE-C,R52937961,ABONNEMENT,OK
TKT91666584608,2025-12-07T17:08:48Z,VIP-EST,R53030658,ABONNEMENT,OK
TKT59966567291,2025-12-07T17:08:50Z,VIP-EST,R52947702,ABONNEMENT,OK
TKT26610422741,2025-12-07T17:08:50Z,PORTE-C,,UNITE,REFUSE_DEJA_SCANNE
TKT43885145854,2025-12-07T17:08:51Z,PORTE-A,R58780866,UNITE,OK
TKT16411236605,2025-12-07T17:08:55Z,PORTE-A,R54308830,ABONNEMENT,OK
TKT53280276733,2025-12-07T17:09:05Z,PORTE-A,R57208454,ABONNEMENT,OK
TKT77746622283,2025-12-07T17:09:06Z,PORTE-B,R57754369,ABONNEMENT,OK
TKT18188004511,2025-12-07T17:09:09Z,PORTE-C,R56166833,ABONNEMENT,OK
TKT13876075457,2025-12-07T17:09:11Z,VIP-EST,R54896841,ABONNEMENT,OK
TKT62935817407,2025-12-07T17:09:15Z,PORTE-D,R52745891,ABONNEMENT,OK
TKT30235148918,2025-12-07T17:09:16Z,PORTE-B,R58800003,ABONNEMENT,OK
TKT19929135723,2025-12-07T17:09:17Z,PORTE-C,R55874777,ABONNEMENT,OK
TKT86000058537,2025-12-07T17:09:17Z,PORTE-D,R57093833,UNITE,OK
TKT73670832177,2025-12-07T17:09:18Z,PORTE-C,R51496041,ABONNEMENT,OK
TKT52777015545,2025-12-07T17:09:19Z,PORTE-D,R57920559,UNITE,OK
TKT58440513712,2025-12-07T17:09:26Z,PORTE-D,R56455489,UNITE,OK
TKT10699767849,2025-12-07T17:09:28Z,PORTE-C,R52105909,ABONNEMENT,OK
TKT94666759706,2025-12-07T17:09:29Z,PORTE-B,,UNITE,OK
TKT68341767711,2025-12-07T17:09:31Z,PORTE-A,R54358071,ABONNEMENT,OK
TKT73308924652,2025-12-07T17:09:39Z,PORTE-D,R53420114,ABONNEMENT,OK
TKT77886121908,2025-12-07T17:09:40Z,PORTE-A,,UNITE,OK
TKT72081020941,2025-12-07T17:09:41Z,PORTE-B,R59763036,ABONNEMENT,OK
TKT89621063497,2025-12-07T17:09:43Z,PORTE-A,R57244075,ABONNEMENT,OK
TKT56843209664,2025-12-07T17:09:46Z,PORTE-D,,UNITE,OK
TKT56320358466,2025-12-07T17:09:49Z,PORTE-C,R57749465,ABONNEMENT,OK
TKT64439375603,2025-12-07T17:09:52Z,PORTE-C,,UNITE,OK
TKT36824451639,2025-12-07T17:09:56Z,VIP-EST,R58989219,ABONNEMENT,OK
TKT89830520730,2025-12-07T17:09:58Z,PORTE-D,R54782267,UNITE,OK
TKT76007754555,2025-12-07T17:10:01Z,PORTE-B,R56657913,ABONNEMENT,OK
TKT29521185710,2025-12-07T17:10:05Z,VIP-EST,R51356488,ABONNEMENT,OK
TKT53824379011,2025-12-07T17:10:07Z,PORTE-D,,UNITE,OK
TKT38307170922,2025-12-07T17:10:13Z,PORTE-B,R51203640,ABONNEMENT,OK
TKT59111788363,2025-12-07T17:10:21Z,PORTE-A,R52467857,ABONNEMENT,OK
TKT34232959573,2025-12-07T17:10:23Z,PORTE-D,R54785811,ABONNEMENT,OK
TKT21458001961,2025-12-07T17:10:31Z,PORTE-D,R53781851,ABONNEMENT,OK
TKT21117623304,2025-12-07T17:10:33Z,PORTE-A,R55570997,ABONNEMENT,OK
TKT74639832098,2025-12-07T17:10:39Z,PORTE-D,R58324392,UNITE,OK
TKT67639750477,2025-12-07T17:10:43Z,PORTE-D,R52234783,ABONNEMENT,OK
TKT89006015627,2025-12-07T17:11:06Z,PORTE-C,R58235842,ABONNEMENT,OK
TKT75883908294,2025-12-07T17:11:15Z,PORTE-D,R54632092,ABONNEMENT,OK
TKT10958988533,2025-12-07T17:11:19Z,PORTE-C,R57002563,UNITE,OK
TKT80600493679,2025-12-07T17:11:20Z,PORTE-C,R54553216,ABONNEMENT,OK
TKT91004247165,2025-12-07T17:11:25Z,PORTE-C,R56179093,ABONNEMENT,OK
TKT18654600229,2025-12-07T17:11:25Z,PORTE-A,R53393889,ABONNEMENT,OK
TKT44702211665,2025-12-07T17:11:34Z,PORTE-A,R55496479,UNITE,OK
TKT73812681996,2025-12-07T17:11:48Z,PORTE-C,R59551072,ABONNEMENT,OK
TKT16176909216,2025-12-07T17:11:55Z,VIP-EST,R53387692,UNITE,OK
TKT36445397545,2025-12-07T17:12:02Z,PORTE-D,R51306500,ABONNEMENT,OK
TKT21883961583,2025-12-07T17:12:02Z,PORTE-D,R57365516,UNITE,OK
TKT57984677486,2025-12-07T17:12:03Z,VIP-EST,R53202700,UNITE,OK
TKT13091812519,2025-12-07T17:12:08Z,PORTE-B,R53354590,ABONNEMENT,OK
TKT19652916985,2025-12-07T17:12:11Z,PORTE-C,,UNITE,OK
TKT57539582691,2025-12-07T17:12:32Z,PORTE-B,R51032077,ABONNEMENT,OK
TKT26711289406,2025-12-07T17:12:35Z,VIP-EST,R59743832,ABONNEMENT,OK
TKT40155398433,2025-12-07T17:12:50Z,VIP-EST,R56212396,ABONNEMENT,OK
TKT34078538234,2025-12-07T17:12:52Z,PORTE-C,R51883601,ABONNEMENT,OK
TKT21452102829,2025-12-07T17:12:55Z,PORTE-A,R57307961,ABONNEMENT,OK
TKT77746622283,2025-12-07T17:13:06Z,PORTE-B,R57754369,ABONNEMENT,REFUSE_DEJA_SCANNE
TKT67830952596,2025-12-07T17:13:08Z,PORTE-C,R54224849,ABONNEMENT,OK
TKT26964819195,2025-12-07T17:13:11Z,PORTE-C,,UNITE,OK
TKT89969174059,2025-12-07T17:13:15Z,PORTE-C,R57287531,ABONNEMENT,OK
TKT89416007064,2025-12-07T17:13:18Z,PORTE-D,R57933154,ABONNEMENT,OK
TKT21173966403,2025-12-07T17:13:21Z,PORTE-A,R59558093,ABONNEMENT,OK
TKT88426243198,2025-12-07T17:13:24Z,PORTE-C,R59352862,UNITE,OK
TKT54073983497,2025-12-07T17:13:26Z,VIP-EST,R51959747,ABONNEMENT,OK
TKT40366936651,2025-12-07T17:13:27Z,VIP-EST,R52643443,INVITATION,OK
TKT49356374765,2025-12-07T17:13:36Z,PORTE-C,R59794500,ABONNEMENT,OK
TKT64808886182,2025-12-07T17:13:47Z,PORTE-A,R53204539,UNITE,OK
TKT76582121244,2025-12-07T17:13:53Z,PORTE-C,R59222638,ABONNEMENT,OK
TKT42208455987,2025-12-07T17:13:55Z,PORTE-B,R51648621,ABONNEMENT,OK
TKT67655182053,2025-12-07T17:14:02Z,PORTE-D,R54052931,ABONNEMENT,OK
TKT87400680560,2025-12-07T17:14:03Z,PORTE-C,R57067943,ABONNEMENT,OK
TKT43171793285,2025-12-07T17:14:03Z,VIP-EST,R51600127,UNITE,OK
TKT16121089578,2025-12-07T17:14:10Z,PORTE-B,R51494547,ABONNEMENT,OK
TKT20977524503,2025-12-07T17:14:17Z,PORTE-C,,UNITE,OK
TKT64259069059,2025-12-07T17:14:23Z,PORTE-A,R51643161,ABONNEMENT,OK
TKT69809314290,2025-12-07T17:14:23Z,PORTE-D,R51432969,UNITE,OK
TKT79660983504,2025-12-07T17:14:25Z,VIP-EST,R52653395,ABONNEMENT,OK
TKT88088060689,2025-12-07T17:14:27Z,PORTE-D,,UNITE,OK
TKT91729163581,2025-12-07T17:14:28Z,PORTE-C,R51958186,ABONNEMENT,OK
TKT41820373235,2025-12-07T17:14:33Z,PORTE-C,R52840963,ABONNEMENT,OK
TKT63082963667,2025-12-07T17:14:35Z,PORTE-A,R53132004,ABONNEMENT,OK
TKT46016316242,2025-12-07T17:14:36Z,PORTE-D,R54569633,ABONNEMENT,OK
TKT81637417883,2025-12-07T17:14:52Z,VIP-EST,R52882245,VIP,OK
TKT95037725859,2025-12-07T17:14:56Z,PORTE-D,,UNITE,OK
TKT48342079179,2025-12-07T17:15:09Z,PORTE-D,R56661256,UNITE,OK
TKT96184344308,2025-12-07T17:15:10Z,PORTE-D,R55422795,ABONNEMENT,OK
TKT11314520323,2025-12-07T17:15:11Z,PORTE-C,R55005466,UNITE,OK
TKT37550401747,2025-12-07T17:15:17Z,VIP-EST,R52916908,ABONNEMENT,REFUSE_DEJA_SCANNE
TKT23673147691,2025-12-07T17:15:33Z,PORTE-A,R55440160,UNITE,OK
TKT46755877974,2025-12-07T17:15:37Z,VIP-EST,R56755993,ABONNEMENT,OK
TKT88898490184,2025-12-07T17:15:42Z,PORTE-D,R52793149,ABONNEMENT,OK
TKT68952692504,2025-12-07T17:15:47Z,PORTE-C,R55795901,ABONNEMENT,OK
TKT86348613434,2025-12-07T17:15:53Z,PORTE-A,R54635971,ABONNEMENT,OK
TKT11232126751,2025-12-07T17:15:54Z,PORTE-A,R56503025,ABONNEMENT,OK
TKT40960941195,2025-12-07T17:15:54Z,PORTE-D,R54827562,UNITE,REFUSE_INVALIDE
TKT95595236686,2025-12-07T17:15:59Z,PORTE-A,R54427005,VIP,OK
TKT26771452095,2025-12-07T17:16:00Z,PORTE-A,R56958216,ABONNEMENT,OK
TKT39800361590,2025-12-07T17:16:06Z,PORTE-D,R57724466,UNITE,OK
TKT47301632210,2025-12-07T17:16:08Z,PORTE-C,R51028399,ABONNEMENT,OK
TKT38235388189,2025-12-07T17:16:08Z,PORTE-C,R55784599,UNITE,REFUSE_DEJA_SCANNE
TKT65281981286,2025-12-07T17:16:10Z,PORTE-D,R58984181,GROUPE,OK
TKT23746050543,2025-12-07T17:16:12Z,VIP-EST,R54123972,VIP,OK
TKT73869339963,2025-12-07T17:16:14Z,VIP-EST,R53323950,ABONNEMENT,OK
TKT63816471919,2025-12-07T17:16:14Z,VIP-EST,R52688192,ABONNEMENT,OK
TKT86838485509,2025-12-07T17:16:37Z,PORTE-C,R54801069,ABONNEMENT,OK
TKT85005262923,2025-12-07T17:16:37Z,PORTE-D,R58286242,UNITE,OK
TKT20450946087,2025-12-07T17:16:37Z,PORTE-D,,UNITE,OK
TKT38867996131,2025-12-07T17:16:40Z,VIP-EST,R54443489,UNITE,OK
TKT83832461789,2025-12-07T17:16:45Z,PORTE-C,R51804524,ABONNEMENT,OK
TKT76007206167,2025-12-07T17:16:45Z,PORTE-B,R59286936,ABONNEMENT,OK
TKT28262749373,2025-12-07T17:16:53Z,PORTE-A,R59139605,ABONNEMENT,OK
TKT47664435617,2025-12-07T17:16:55Z,PORTE-C,R59571914,ABONNEMENT,OK
TKT80885692744,2025-12-07T17:17:07Z,PORTE-B,R55682630,ABONNEMENT,OK
TKT37439369460,2025-12-07T17:17:09Z,PORTE-D,R51050122,UNITE,OK
TKT19192275043,2025-12-07T17:17:23Z,PORTE-C,R51391908,ABONNEMENT,OK
TKT45966761526,2025-12-07T17:17:26Z,PORTE-C,R56357687,ABONNEMENT,OK
TKT39550652696,2025-12-07T17:17:38Z,PORTE-A,R57601320,ABONNEMENT,OK
TKT94353426789,2025-12-07T17:17:41Z,PORTE-A,R54342277,UNITE,OK
TKT23381583498,2025-12-07T17:17:44Z,PORTE-C,R59826098,GROUPE,OK
TKT38756778610,2025-12-07T17:17:52Z,PORTE-D,,UNITE,OK
TKT31902197380,2025-12-07T17:17:54Z,PORTE-A,R52364327,VIP,OK
TKT93061024319,2025-12-07T17:18:01Z,PORTE-D,R57742990,UNITE,OK
TKT38839136889,2025-12-07T17:18:13Z,PORTE-C,R59828560,ABONNEMENT,OK
TKT11124319727,2025-12-07T17:18:34Z,PORTE-B,R59834077,ABONNEMENT,OK
TKT57547040099,2025-12-07T17:18:35Z,PORTE-C,R55751430,ABONNEMENT,OK
TKT71045913801,2025-12-07T17:18:37Z,PORTE-D,R52286955,ABONNEMENT,OK
TKT77167939420,2025-12-07T17:18:40Z,PORTE-A,R58330656,ABONNEMENT,OK
TKT26396382080,2025-12-07T17:18:58Z,PORTE-D,,UNITE,OK
TKT78611557294,2025-12-07T17:19:02Z,PORTE-A,R58385280,ABONNEMENT,OK
TKT19401727522,2025-12-07T17:19:04Z,PORTE-C,R55128555,ABONNEMENT,OK
TKT26718325379,2025-12-07T17:19:06Z,PORTE-A,R57868799,UNITE,OK
TKT17535234730,2025-12-07T17:19:12Z,PORTE-A,R57036268,ABONNEMENT,OK
TKT57657477693,2025-12-07T17:19:26Z,PORTE-B,R54799987,ABONNEMENT,OK
TKT77170725446,2025-12-07T17:19:28Z,PORTE-D,,INVITATION,REFUSE_DEJA_SCANNE
TKT79492059556,2025-12-07T17:19:29Z,PORTE-B,R57430360,ABONNEMENT,OK
TKT79675453849,2025-12-07T17:19:30Z,PORTE-C,R52247110,ABONNEMENT,OK
TKT94023351657,2025-12-07T17:19:45Z,PORTE-C,R52195963,ABONNEMENT,OK
TKT81637417883,2025-12-07T17:19:52Z,VIP-EST,R52882245,VIP,REFUSE_DEJA_SCANNE
TKT98269415420,2025-12-07T17:20:33Z,PORTE-C,R57502158,ABONNEMENT,OK
TKT89857829121,2025-12-07T17:20:45Z,VIP-EST,R59837276,ABONNEMENT,OK
TKT68010177879,2025-12-07T17:20:55Z,PORTE-C,R59233873,UNITE,OK
TKT86223887913,2025-12-07T17:21:00Z,PORTE-C,R51294977,UNITE,OK
TKT72365133541,2025-12-07T17:21:10Z,PORTE-C,R52923996,UNITE,OK
TKT29722648406,2025-12-07T17:21:12Z,PORTE-C,R53403764,UNITE,OK
TKT90918472900,2025-12-07T17:21:18Z,PORTE-B,R55341457,ABONNEMENT,OK
TKT93521386145,2025-12-07T17:21:33Z,PORTE-B,R52768629,ABONNEMENT,OK
TKT52098814142,2025-12-07T17:21:38Z,VIP-EST,R55147960,UNITE,OK
TKT57968236657,2025-12-07T17:21:51Z,PORTE-D,R57962444,ABONNEMENT,OK
TKT69633153308,2025-12-07T17:22:27Z,PORTE-D,R53972293,UNITE,OK
TKT71013000037,2025-12-07T17:22:38Z,PORTE-C,R56122419,UNITE,OK
TKT77167939420,2025-12-07T17:22:40Z,PORTE-A,R58330656,ABONNEMENT,REFUSE_DEJA_SCANNE
TKT20998191862,2025-12-07T17:22:51Z,PORTE-D,R53616475,ABONNEMENT,OK
TKT93061024319,2025-12-07T17:23:01Z,PORTE-D,R57742990,UNITE,REFUSE_DEJA_SCANNE
TKT79968364858,2025-12-07T17:23:04Z,PORTE-C,R59222571,ABONNEMENT,OK
TKT27109006975,2025-12-07T17:23:07Z,PORTE-A,R51218352,ABONNEMENT,OK
TKT36411257663,2025-12-07T17:24:25Z,PORTE-A,R56067058,ABONNEMENT,OK
TKT33714009450,2025-12-07T17:24:29Z,PORTE-A,R52465338,ABONNEMENT,OK
TKT65130241471,2025-12-07T17:24:30Z,PORTE-C,R51897499,ABONNEMENT,OK
TKT58863091590,2025-12-07T17:24:45Z,PORTE-C,R52214966,ABONNEMENT,OK
TKT83438181151,2025-12-07T17:24:59Z,PORTE-C,R55255436,ABONNEMENT,OK
TKT26973180086,2025-12-07T17:25:01Z,PORTE-A,R54378444,ABONNEMENT,OK
TKT34781328220,2025-12-07T17:25:18Z,PORTE-D,R59691794,ABONNEMENT,OK
TKT28813431216,2025-12-07T17:25:38Z,VIP-EST,,GROUPE,OK
TKT40026359711,2025-12-07T17:26:10Z,PORTE-C,R53270341,UNITE,OK
TKT66718755080,2025-12-07T17:26:14Z,PORTE-D,R51755896,ABONNEMENT,OK
TKT96708457300,2025-12-07T17:26:20Z,PORTE-C,R55148027,ABONNEMENT,OK
TKT90436118191,2025-12-07T17:26:21Z,PORTE-D,,UNITE,OK
TKT15040230645,2025-12-07T17:28:15Z,VIP-EST,R52999941,ABONNEMENT,OK
TKT66089295465,2025-12-07T17:28:28Z,PORTE-D,R59207447,UNITE,OK
TKT87404200293,2025-12-07T17:28:33Z,VIP-EST,R55504391,ABONNEMENT,OK
TKT62733041943,2025-12-07T17:29:34Z,PORTE-C,R57037705,ABONNEMENT,OK
TKT67164739751,2025-12-07T17:31:59Z,VIP-EST,R51514987,ABONNEMENT,OK
TKT19726806060,2025-12-07T17:32:56Z,PORTE-C,R54178472,ABONNEMENT,OK
TKT46187728455,2025-12-07T17:33:11Z,PORTE-D,R52655234,ABONNEMENT,OK
