reponse_id,type_enquete,match_id,date_match,date_reponse,canal,ext_id,deja_venu,note_globale,note_ambiance,note_restauration,note_acces,note_prix_qualite,recommandation,commentaire
SAT0000003,POST_MATCH,M001,2025-10-09,2025-10-10,EMAIL,R58300217,0,10,10,8,8,7,10,
SAT0000004,POST_MATCH,M001,2025-10-09,2025-10-10,EMAIL,R51648621,0,9,9,6,7,9,10,
SAT0000006,POST_MATCH,M001,2025-10-09,2025-10-10,QR_SUR_PLACE,R51958186,0,10,9,7,6,9,9,
SAT0000007,POST_MATCH,M001,2025-10-09,2025-10-10,EMAIL,R54178472,0,9,10,9,8,9,10,"Premiere fois ici, tres agreable surprise"
SAT0000009,POST_MATCH,M001,2025-10-09,2025-10-10,EMAIL,R57516870,0,8,8,7,5,9,10,Tres bonne organisation
SAT0000015,POST_MATCH,M001,2025-10-09,2025-10-10,EMAIL,R55902295,0,8,6,5,6,8,8,
SAT0000017,POST_MATCH,M001,2025-10-09,2025-10-10,EMAIL,R51393747,0,8,8,6,8,9,8,
SAT0000018,POST_MATCH,M001,2025-10-09,2025-10-10,EMAIL,R57315327,0,7,8,8,7,10,8,
SAT0000019,POST_MATCH,M001,2025-10-09,2025-10-10,EMAIL,R57398082,0,9,8,6,7,9,8,
SAT0000025,POST_MATCH,M001,2025-10-09,2025-10-10,SMS,R53351123,0,10,9,8,6,9,9,
SAT0000026,POST_MATCH,M001,2025-10-09,2025-10-10,EMAIL,R54544021,0,9,7,8,6,8,9,
SAT0000029,POST_MATCH,M001,2025-10-09,2025-10-10,EMAIL,R58733263,0,8,8,7,6,8,9,
SAT0000032,POST_MATCH,M001,2025-10-09,2025-10-10,SMS,R54137669,0,8,9,8,5,8,8,
SAT0000033,POST_MATCH,M001,2025-10-09,2025-10-10,QR_SUR_PLACE,R55550021,0,9,7,6,8,9,8,"Premiere fois ici, tres agreable surprise"
SAT0000034,POST_MATCH,M001,2025-10-09,2025-10-10,EMAIL,R51805271,0,9,9,7,7,9,9,"Super ambiance, on reviendra"
SAT0000035,POST_MATCH,M001,2025-10-09,2025-10-10,EMAIL,R57426481,0,9,7,7,6,8,10,"Super ambiance, on reviendra"
SAT0000036,POST_MATCH,M001,2025-10-09,2025-10-10,EMAIL,R57648387,0,7,7,7,9,9,9,
SAT0000038,POST_MATCH,M001,2025-10-09,2025-10-10,EMAIL,R53863792,0,7,10,9,7,8,10,
SAT0000039,POST_MATCH,M001,2025-10-09,2025-10-10,QR_SUR_PLACE,R55567932,0,9,9,6,8,9,9,Bon rapport qualite prix
SAT0000040,POST_MATCH,M001,2025-10-09,2025-10-10,EMAIL,R58505428,0,10,9,7,6,9,9,
SAT0000042,POST_MATCH,M001,2025-10-09,2025-10-10,SMS,R53013628,0,8,8,6,6,8,9,
SAT0000045,POST_MATCH,M001,2025-10-09,2025-10-10,EMAIL,R52371271,0,8,10,7,7,9,8,
SAT0000051,POST_MATCH,M001,2025-10-09,2025-10-10,QR_SUR_PLACE,R53484546,0,8,10,8,7,8,9,
SAT0000053,POST_MATCH,M001,2025-10-09,2025-10-10,EMAIL,R56794746,0,8,10,7,8,9,9,
SAT0000066,POST_MATCH,M001,2025-10-09,2025-10-10,EMAIL,R58046502,0,9,10,8,8,8,10,
SAT0000070,POST_MATCH,M001,2025-10-09,2025-10-10,EMAIL,R57647496,0,8,8,6,9,10,8,"Super ambiance, on reviendra"
SAT0000072,POST_MATCH,M001,2025-10-09,2025-10-10,EMAIL,R54207350,0,8,9,7,7,10,10,
SAT0000082,POST_MATCH,M001,2025-10-09,2025-10-10,EMAIL,R55094351,0,8,8,5,6,9,7,
SAT0000083,POST_MATCH,M001,2025-10-09,2025-10-10,EMAIL,R57001404,0,8,8,7,9,8,8,Tres bonne organisation
SAT0000001,POST_MATCH,M001,2025-10-09,2025-10-11,EMAIL,R54454255,0,8,10,6,5,10,9,Match intense du debut a la fin
SAT0000002,POST_MATCH,M001,2025-10-09,2025-10-11,EMAIL,R56406047,0,10,9,9,7,8,9,
SAT0000005,POST_MATCH,M001,2025-10-09,2025-10-11,EMAIL,R51852137,0,9,7,7,6,10,10,Bon rapport qualite prix
SAT0000008,POST_MATCH,M001,2025-10-09,2025-10-11,EMAIL,R54481294,0,10,9,6,7,8,10,
SAT0000010,POST_MATCH,M001,2025-10-09,2025-10-11,EMAIL,R59144998,0,8,8,7,8,8,9,
SAT0000011,POST_MATCH,M001,2025-10-09,2025-10-11,SMS,R59621299,0,8,10,8,6,9,9,
SAT0000014,POST_MATCH,M001,2025-10-09,2025-10-11,QR_SUR_PLACE,R54085976,0,9,8,8,9,9,9,Tres bonne organisation
SAT0000022,POST_MATCH,M001,2025-10-09,2025-10-11,EMAIL,R59658826,0,10,9,7,7,6,9,
SAT0000023,POST_MATCH,M001,2025-10-09,2025-10-11,EMAIL,R52820265,0,8,9,5,7,9,9,
SAT0000031,POST_MATCH,M001,2025-10-09,2025-10-11,EMAIL,R52470309,0,9,8,7,7,7,7,
SAT0000037,POST_MATCH,M001,2025-10-09,2025-10-11,QR_SUR_PLACE,R59817794,0,8,10,8,7,8,9,Correct dans l'ensemble
SAT0000041,POST_MATCH,M001,2025-10-09,2025-10-11,EMAIL,R52528132,0,10,7,7,9,8,7,
SAT0000043,POST_MATCH,M001,2025-10-09,2025-10-11,EMAIL,R53881636,0,10,8,6,6,8,9,
SAT0000047,POST_MATCH,M001,2025-10-09,2025-10-11,EMAIL,R56789775,0,9,10,6,6,7,10,"Premiere fois ici, tres agreable surprise"
SAT0000049,POST_MATCH,M001,2025-10-09,2025-10-11,EMAIL,R58133471,0,9,9,7,5,7,9,
SAT0000050,POST_MATCH,M001,2025-10-09,2025-10-11,EMAIL,R52225444,0,9,9,7,5,9,9,
SAT0000052,POST_MATCH,M001,2025-10-09,2025-10-11,EMAIL,R55916930,0,10,9,7,8,7,8,
SAT0000054,POST_MATCH,M001,2025-10-09,2025-10-11,QR_SUR_PLACE,R59404900,0,9,10,9,8,10,10,
SAT0000055,POST_MATCH,M001,2025-10-09,2025-10-11,EMAIL,R59984185,0,9,7,9,9,9,9,L'ambiance dans les tribunes vaut le deplacement
SAT0000063,POST_MATCH,M001,2025-10-09,2025-10-11,EMAIL,R56412780,0,7,9,7,7,8,8,
SAT0000068,POST_MATCH,M001,2025-10-09,2025-10-11,EMAIL,R55956507,0,9,8,7,7,9,10,
SAT0000071,POST_MATCH,M001,2025-10-09,2025-10-11,SMS,R51562178,0,7,9,9,8,7,9,Correct dans l'ensemble
SAT0000078,POST_MATCH,M001,2025-10-09,2025-10-11,EMAIL,R52592095,1,9,8,8,8,9,8,
SAT0000081,POST_MATCH,M001,2025-10-09,2025-10-11,SMS,R53314266,0,6,6,7,7,8,8,
SAT0000012,POST_MATCH,M001,2025-10-09,2025-10-12,EMAIL,R51147867,0,6,8,8,6,8,8,
SAT0000013,POST_MATCH,M001,2025-10-09,2025-10-12,EMAIL,R53678331,0,7,8,7,7,10,6,Sans plus
SAT0000016,POST_MATCH,M001,2025-10-09,2025-10-12,EMAIL,R51040046,0,9,7,9,8,10,10,
SAT0000020,POST_MATCH,M001,2025-10-09,2025-10-12,EMAIL,R58373365,0,8,8,8,5,9,8,
SAT0000030,POST_MATCH,M001,2025-10-09,2025-10-12,EMAIL,R59691382,0,9,10,7,8,7,7,
SAT0000044,POST_MATCH,M001,2025-10-09,2025-10-12,QR_SUR_PLACE,R57494045,0,8,8,6,6,9,8,
SAT0000048,POST_MATCH,M001,2025-10-09,2025-10-12,EMAIL,R57392967,0,8,8,7,5,7,10,
SAT0000056,POST_MATCH,M001,2025-10-09,2025-10-12,EMAIL,R51145405,0,10,10,7,6,9,10,
SAT0000058,POST_MATCH,M001,2025-10-09,2025-10-12,EMAIL,R59390255,0,8,7,6,7,8,8,Match intense du debut a la fin
SAT0000061,POST_MATCH,M001,2025-10-09,2025-10-12,SMS,R53051902,0,7,8,7,9,9,9,
SAT0000062,POST_MATCH,M001,2025-10-09,2025-10-12,SMS,R55443081,0,7,10,6,7,9,9,
SAT0000064,POST_MATCH,M001,2025-10-09,2025-10-12,EMAIL,R58504547,0,8,9,8,8,10,10,"Premiere fois ici, tres agreable surprise"
SAT0000069,POST_MATCH,M001,2025-10-09,2025-10-12,EMAIL,R57625160,0,7,8,8,7,6,7,Sans plus
SAT0000076,POST_MATCH,M001,2025-10-09,2025-10-12,QR_SUR_PLACE,R55122549,0,8,10,7,8,8,10,"Super ambiance, on reviendra"
SAT0000080,POST_MATCH,M001,2025-10-09,2025-10-12,EMAIL,R58290409,0,8,8,6,8,8,7,
SAT0000065,POST_MATCH,M001,2025-10-09,2025-10-13,QR_SUR_PLACE,R57330853,0,9,8,8,7,8,9,"Premiere fois ici, tres agreable surprise"
SAT0000067,POST_MATCH,M001,2025-10-09,2025-10-13,EMAIL,R55263070,0,8,8,7,8,10,9,
SAT0000074,POST_MATCH,M001,2025-10-09,2025-10-13,SMS,R55721048,0,10,9,7,8,8,8,"Super ambiance, on reviendra"
SAT0000079,POST_MATCH,M001,2025-10-09,2025-10-13,EMAIL,R59478470,0,8,7,9,7,8,7,Bon rapport qualite prix
SAT0000085,POST_MATCH,M002,2025-10-12,2025-10-13,QR_SUR_PLACE,R52246842,1,6,6,6,7,6,7,
SAT0000086,POST_MATCH,M002,2025-10-12,2025-10-13,EMAIL,R55049478,1,8,7,6,8,7,8,
SAT0000090,POST_MATCH,M002,2025-10-12,2025-10-13,EMAIL,R58388489,1,6,8,3,4,6,7,Correct dans l'ensemble
SAT0000094,POST_MATCH,M002,2025-10-12,2025-10-13,EMAIL,R55844606,1,6,7,4,5,6,7,
SAT0000095,POST_MATCH,M002,2025-10-12,2025-10-13,EMAIL,R56513389,1,8,6,4,6,7,7,
SAT0000097,POST_MATCH,M002,2025-10-12,2025-10-13,EMAIL,R57516870,1,5,7,5,6,5,6,Difficile de trouver sa place
SAT0000098,POST_MATCH,M002,2025-10-12,2025-10-13,QR_SUR_PLACE,R58251857,1,8,5,4,6,8,6,
SAT0000100,POST_MATCH,M002,2025-10-12,2025-10-13,SMS,R59597392,1,6,6,4,8,6,6,
SAT0000102,POST_MATCH,M002,2025-10-12,2025-10-13,SMS,R51643171,1,7,8,5,8,6,6,
SAT0000109,POST_MATCH,M002,2025-10-12,2025-10-13,SMS,R56510391,1,6,9,3,6,5,4,
SAT0000111,POST_MATCH,M002,2025-10-12,2025-10-13,EMAIL,R57260090,1,4,5,4,5,4,4,Difficile de trouver sa place
SAT0000112,POST_MATCH,M002,2025-10-12,2025-10-13,SMS,R57293805,1,8,6,6,6,4,5,
SAT0000113,POST_MATCH,M002,2025-10-12,2025-10-13,EMAIL,R57390046,0,6,8,7,8,5,6,
SAT0000115,POST_MATCH,M002,2025-10-12,2025-10-13,SMS,R58305255,1,6,7,5,6,3,5,
SAT0000118,POST_MATCH,M002,2025-10-12,2025-10-13,EMAIL,R59834077,1,5,7,5,8,7,9,
SAT0000125,POST_MATCH,M002,2025-10-12,2025-10-13,EMAIL,R59787556,1,4,6,5,7,6,7,
SAT0000126,POST_MATCH,M002,2025-10-12,2025-10-13,EMAIL,R51372359,1,6,6,5,7,5,6,
SAT0000128,POST_MATCH,M002,2025-10-12,2025-10-13,QR_SUR_PLACE,R53596323,1,5,8,6,5,5,6,
SAT0000130,POST_MATCH,M002,2025-10-12,2025-10-13,QR_SUR_PLACE,R56649063,1,8,6,5,7,6,8,
SAT0000134,POST_MATCH,M002,2025-10-12,2025-10-13,SMS,R53839751,1,8,8,4,6,4,8,Bon rapport qualite prix
SAT0000135,POST_MATCH,M002,2025-10-12,2025-10-13,EMAIL,R54418423,1,6,6,4,7,6,5,Sans plus
SAT0000138,POST_MATCH,M002,2025-10-12,2025-10-13,SMS,R56840999,0,8,7,4,9,4,6,
SAT0000142,POST_MATCH,M002,2025-10-12,2025-10-13,EMAIL,R59551072,1,7,7,5,7,5,6,
SAT0000143,POST_MATCH,M002,2025-10-12,2025-10-13,EMAIL,R59795046,1,6,6,3,6,6,6,
SAT0000145,POST_MATCH,M002,2025-10-12,2025-10-13,EMAIL,R52771359,1,6,7,5,7,5,7,
SAT0000146,POST_MATCH,M002,2025-10-12,2025-10-13,EMAIL,R55878043,1,4,5,6,6,7,7,Difficile de trouver sa place
SAT0000147,POST_MATCH,M002,2025-10-12,2025-10-13,EMAIL,R56327985,1,7,4,4,8,6,6,
SAT0000150,POST_MATCH,M002,2025-10-12,2025-10-13,EMAIL,R51093032,1,8,6,6,5,5,6,Bon rapport qualite prix
SAT0000152,POST_MATCH,M002,2025-10-12,2025-10-13,SMS,R54690729,0,5,4,7,7,4,6,
SAT0000153,POST_MATCH,M002,2025-10-12,2025-10-13,EMAIL,R54927960,1,4,5,6,6,5,5,File d'attente interminable a l'entree
SAT0000154,POST_MATCH,M002,2025-10-12,2025-10-13,EMAIL,R56993770,1,7,7,4,7,8,8,
SAT0000162,POST_MATCH,M002,2025-10-12,2025-10-13,SMS,R56638297,0,8,7,6,6,6,7,Tres bonne organisation
SAT0000166,POST_MATCH,M002,2025-10-12,2025-10-13,EMAIL,R58705946,1,4,8,6,7,7,6,Prix des places trop eleve pour ce niveau de match
SAT0000167,POST_MATCH,M002,2025-10-12,2025-10-13,EMAIL,R59082328,1,6,5,5,8,4,5,
SAT0000169,POST_MATCH,M002,2025-10-12,2025-10-13,SMS,R53111775,1,8,7,7,6,6,7,
SAT0000170,POST_MATCH,M002,2025-10-12,2025-10-13,EMAIL,R53349619,1,6,6,4,5,4,6,
SAT0000173,POST_MATCH,M002,2025-10-12,2025-10-13,QR_SUR_PLACE,R53967523,1,7,7,6,7,4,7,
SAT0000176,POST_MATCH,M002,2025-10-12,2025-10-13,QR_SUR_PLACE,R59889103,0,7,6,5,7,6,7,
SAT0000177,POST_MATCH,M002,2025-10-12,2025-10-13,QR_SUR_PLACE,R51754047,1,6,7,4,7,6,6,
SAT0000178,POST_MATCH,M002,2025-10-12,2025-10-13,EMAIL,R52862964,1,7,6,6,7,4,7,
SAT0000179,POST_MATCH,M002,2025-10-12,2025-10-13,QR_SUR_PLACE,R53653121,0,5,6,6,6,6,6,Trop d'attente aux buvettes
SAT0000181,POST_MATCH,M002,2025-10-12,2025-10-13,EMAIL,R57977836,1,6,8,5,6,5,7,
SAT0000182,POST_MATCH,M002,2025-10-12,2025-10-13,EMAIL,R58620873,0,7,6,5,9,6,8,
SAT0000188,POST_MATCH,M002,2025-10-12,2025-10-13,EMAIL,R55829951,1,6,6,6,7,5,6,
SAT0000189,POST_MATCH,M002,2025-10-12,2025-10-13,EMAIL,R55902898,1,6,8,5,6,5,6,
SAT0000193,POST_MATCH,M002,2025-10-12,2025-10-13,EMAIL,R51605222,0,6,8,4,7,6,9,Sans plus
SAT0000195,POST_MATCH,M002,2025-10-12,2025-10-13,EMAIL,R52860646,0,9,8,6,7,6,9,
SAT0000196,POST_MATCH,M002,2025-10-12,2025-10-13,EMAIL,R54754816,1,7,8,4,7,7,9,
SAT0000197,POST_MATCH,M002,2025-10-12,2025-10-13,EMAIL,R55324906,1,7,7,5,6,6,5,
SAT0000198,POST_MATCH,M002,2025-10-12,2025-10-13,SMS,R56256053,1,6,6,4,5,5,7,
SAT0000199,POST_MATCH,M002,2025-10-12,2025-10-13,EMAIL,R56609754,1,9,5,5,7,5,8,Bon rapport qualite prix
SAT0000201,POST_MATCH,M002,2025-10-12,2025-10-13,EMAIL,R52240099,0,7,8,6,9,6,8,
SAT0000202,POST_MATCH,M002,2025-10-12,2025-10-13,EMAIL,R56051723,1,5,4,5,5,6,6,
SAT0000206,POST_MATCH,M002,2025-10-12,2025-10-13,EMAIL,R56658593,1,8,7,5,6,5,7,"Premiere fois ici, tres agreable surprise"
SAT0000208,POST_MATCH,M002,2025-10-12,2025-10-13,EMAIL,R58270649,0,7,6,4,8,3,6,
SAT0000209,POST_MATCH,M002,2025-10-12,2025-10-13,EMAIL,R57212544,0,9,8,6,6,5,9,
SAT0000210,POST_MATCH,M002,2025-10-12,2025-10-13,SMS,R57575842,0,6,6,4,6,6,7,
SAT0000211,POST_MATCH,M002,2025-10-12,2025-10-13,EMAIL,R57646682,0,9,7,4,8,3,7,
SAT0000212,POST_MATCH,M002,2025-10-12,2025-10-13,EMAIL,R55188217,0,4,6,5,5,3,4,Rien a signaler
SAT0000213,POST_MATCH,M002,2025-10-12,2025-10-13,SMS,R57238223,0,6,6,5,7,6,6,
SAT0000217,POST_MATCH,M002,2025-10-12,2025-10-13,EMAIL,R56145110,0,4,6,4,7,6,5,Trop d'attente aux buvettes
SAT0000220,POST_MATCH,M002,2025-10-12,2025-10-13,EMAIL,R51770541,0,5,10,5,8,7,8,Prix des places trop eleve pour ce niveau de match
SAT0000223,POST_MATCH,M002,2025-10-12,2025-10-13,EMAIL,R59922550,0,7,7,5,8,6,6,
SAT0000225,POST_MATCH,M002,2025-10-12,2025-10-13,QR_SUR_PLACE,R53593181,1,5,8,5,4,5,8,Peu de choix a la restauration
SAT0000226,POST_MATCH,M002,2025-10-12,2025-10-13,EMAIL,R58917575,1,9,8,7,6,6,9,
SAT0000232,POST_MATCH,M002,2025-10-12,2025-10-13,EMAIL,R59104329,0,6,7,4,6,4,6,
SAT0000239,POST_MATCH,M002,2025-10-12,2025-10-13,EMAIL,R53722869,0,8,8,4,5,5,7,
SAT0000240,POST_MATCH,M002,2025-10-12,2025-10-13,EMAIL,R56303599,1,7,7,6,6,4,8,
SAT0000247,POST_MATCH,M002,2025-10-12,2025-10-13,EMAIL,R51789534,0,5,7,6,6,6,6,File d'attente interminable a l'entree
SAT0000248,POST_MATCH,M002,2025-10-12,2025-10-13,QR_SUR_PLACE,R55282207,0,5,8,5,8,6,6,Difficile de trouver sa place
SAT0000021,POST_MATCH,M001,2025-10-09,2025-10-14,QR_SUR_PLACE,R59310029,0,9,8,9,5,8,10,Tres bonne organisation
SAT0000027,POST_MATCH,M001,2025-10-09,2025-10-14,EMAIL,R57375468,0,8,8,7,7,7,8,
SAT0000028,POST_MATCH,M001,2025-10-09,2025-10-14,QR_SUR_PLACE,R58391822,0,10,10,6,6,8,9,
SAT0000046,POST_MATCH,M001,2025-10-09,2025-10-14,EMAIL,R53773202,0,9,10,8,6,6,8,
SAT0000057,POST_MATCH,M001,2025-10-09,2025-10-14,SMS,R58772351,0,10,9,8,7,7,10,
SAT0000059,POST_MATCH,M001,2025-10-09,2025-10-14,EMAIL,R51532888,0,8,9,3,7,8,8,Match intense du debut a la fin
SAT0000060,POST_MATCH,M001,2025-10-09,2025-10-14,EMAIL,R51740082,0,8,8,7,9,8,8,
SAT0000075,POST_MATCH,M001,2025-10-09,2025-10-14,EMAIL,R59509800,0,6,10,7,9,7,9,
SAT0000077,POST_MATCH,M001,2025-10-09,2025-10-14,EMAIL,R56934108,0,8,9,6,7,9,8,"Super ambiance, on reviendra"
SAT0000084,POST_MATCH,M002,2025-10-12,2025-10-14,EMAIL,R51974670,1,6,5,5,7,6,5,
SAT0000087,POST_MATCH,M002,2025-10-12,2025-10-14,EMAIL,R55519649,1,7,5,7,6,8,5,
SAT0000088,POST_MATCH,M002,2025-10-12,2025-10-14,QR_SUR_PLACE,R55952427,1,7,6,5,5,6,7,
SAT0000093,POST_MATCH,M002,2025-10-12,2025-10-14,QR_SUR_PLACE,R55751430,1,7,7,5,7,5,8,
SAT0000096,POST_MATCH,M002,2025-10-12,2025-10-14,SMS,R56665413,1,6,7,6,5,5,7,
SAT0000103,POST_MATCH,M002,2025-10-12,2025-10-14,QR_SUR_PLACE,R51978482,0,7,7,6,6,5,7,
SAT0000106,POST_MATCH,M002,2025-10-12,2025-10-14,SMS,R54816672,1,9,6,6,6,7,8,Bon rapport qualite prix
SAT0000107,POST_MATCH,M002,2025-10-12,2025-10-14,EMAIL,R54936820,1,5,7,5,6,6,7,File d'attente interminable a l'entree
SAT0000108,POST_MATCH,M002,2025-10-12,2025-10-14,SMS,R55746593,1,4,5,5,4,7,4,File d'attente interminable a l'entree
SAT0000110,POST_MATCH,M002,2025-10-12,2025-10-14,QR_SUR_PLACE,R57163849,1,7,5,4,5,6,5,
SAT0000116,POST_MATCH,M002,2025-10-12,2025-10-14,EMAIL,R58334679,1,7,7,4,6,7,7,
SAT0000119,POST_MATCH,M002,2025-10-12,2025-10-14,EMAIL,R51040046,1,7,8,4,6,6,8,
SAT0000123,POST_MATCH,M002,2025-10-12,2025-10-14,EMAIL,R58133682,1,7,5,6,7,4,6,
SAT0000124,POST_MATCH,M002,2025-10-12,2025-10-14,EMAIL,R59357230,1,7,7,5,7,7,7,
SAT0000127,POST_MATCH,M002,2025-10-12,2025-10-14,QR_SUR_PLACE,R52980871,1,6,6,3,6,6,7,
SAT0000129,POST_MATCH,M002,2025-10-12,2025-10-14,QR_SUR_PLACE,R53624521,1,6,7,3,4,5,7,
SAT0000131,POST_MATCH,M002,2025-10-12,2025-10-14,EMAIL,R56919396,1,7,5,4,8,7,7,
SAT0000132,POST_MATCH,M002,2025-10-12,2025-10-14,QR_SUR_PLACE,R57078776,1,5,6,6,5,7,6,File d'attente interminable a l'entree
SAT0000133,POST_MATCH,M002,2025-10-12,2025-10-14,EMAIL,R51232049,1,6,5,5,5,6,5,Sans plus
SAT0000136,POST_MATCH,M002,2025-10-12,2025-10-14,EMAIL,R54835263,1,6,9,4,6,6,7,
SAT0000141,POST_MATCH,M002,2025-10-12,2025-10-14,EMAIL,R59483029,1,4,5,6,6,6,5,File d'attente interminable a l'entree
SAT0000144,POST_MATCH,M002,2025-10-12,2025-10-14,EMAIL,R52255826,1,6,7,4,4,6,7,
SAT0000149,POST_MATCH,M002,2025-10-12,2025-10-14,EMAIL,R59817794,1,6,8,6,9,7,7,
SAT0000156,POST_MATCH,M002,2025-10-12,2025-10-14,EMAIL,R58505428,1,7,6,3,5,5,6,
SAT0000157,POST_MATCH,M002,2025-10-12,2025-10-14,SMS,R52528132,1,6,6,3,6,6,6,
SAT0000159,POST_MATCH,M002,2025-10-12,2025-10-14,EMAIL,R53881636,1,9,7,4,5,7,8,
SAT0000161,POST_MATCH,M002,2025-10-12,2025-10-14,EMAIL,R54458469,1,8,6,4,8,7,7,
SAT0000165,POST_MATCH,M002,2025-10-12,2025-10-14,EMAIL,R57494045,1,7,7,4,6,5,5,
SAT0000172,POST_MATCH,M002,2025-10-12,2025-10-14,EMAIL,R53878025,1,6,5,5,6,7,6,
SAT0000174,POST_MATCH,M002,2025-10-12,2025-10-14,SMS,R54752776,1,6,8,6,7,6,7,
SAT0000180,POST_MATCH,M002,2025-10-12,2025-10-14,EMAIL,R53753653,1,7,5,4,5,4,6,
SAT0000184,POST_MATCH,M002,2025-10-12,2025-10-14,EMAIL,R59526887,1,4,7,6,5,5,4,Trop d'attente aux buvettes
SAT0000185,POST_MATCH,M002,2025-10-12,2025-10-14,EMAIL,R51020966,1,5,7,6,6,6,8,File d'attente interminable a l'entree
SAT0000186,POST_MATCH,M002,2025-10-12,2025-10-14,EMAIL,R53037736,1,7,8,5,7,4,5,
SAT0000194,POST_MATCH,M002,2025-10-12,2025-10-14,EMAIL,R52551081,1,5,5,5,5,7,5,
SAT0000200,POST_MATCH,M002,2025-10-12,2025-10-14,EMAIL,R59202744,0,5,8,7,7,6,7,
SAT0000203,POST_MATCH,M002,2025-10-12,2025-10-14,EMAIL,R51821755,1,4,7,5,7,6,5,File d'attente interminable a l'entree
SAT0000205,POST_MATCH,M002,2025-10-12,2025-10-14,EMAIL,R57432199,1,5,5,4,7,7,4,
SAT0000214,POST_MATCH,M002,2025-10-12,2025-10-14,EMAIL,R53488971,0,8,8,6,6,5,7,L'ambiance dans les tribunes vaut le deplacement
SAT0000218,POST_MATCH,M002,2025-10-12,2025-10-14,EMAIL,R58410011,0,9,7,3,6,7,9,Tres bonne organisation
SAT0000219,POST_MATCH,M002,2025-10-12,2025-10-14,EMAIL,R57855246,0,5,8,4,6,6,7,Trop d'attente aux buvettes
SAT0000221,POST_MATCH,M002,2025-10-12,2025-10-14,EMAIL,R56175147,1,7,5,3,5,6,6,
SAT0000229,POST_MATCH,M002,2025-10-12,2025-10-14,QR_SUR_PLACE,R52693230,0,7,9,5,5,7,7,Correct dans l'ensemble
SAT0000234,POST_MATCH,M002,2025-10-12,2025-10-14,EMAIL,R51283819,1,6,7,5,6,4,5,
SAT0000235,POST_MATCH,M002,2025-10-12,2025-10-14,EMAIL,R55616771,0,7,7,6,8,6,9,
SAT0000241,POST_MATCH,M002,2025-10-12,2025-10-14,SMS,R55744476,0,5,8,5,7,6,6,
SAT0000091,POST_MATCH,M002,2025-10-12,2025-10-15,EMAIL,R59719312,1,6,7,5,5,4,6,
SAT0000092,POST_MATCH,M002,2025-10-12,2025-10-15,EMAIL,R51897499,1,8,6,7,5,8,8,"Premiere fois ici, tres agreable surprise"
SAT0000101,POST_MATCH,M002,2025-10-12,2025-10-15,SMS,R51366708,1,8,7,5,6,5,6,
SAT0000104,POST_MATCH,M002,2025-10-12,2025-10-15,EMAIL,R52014649,1,7,7,5,7,7,6,
SAT0000105,POST_MATCH,M002,2025-10-12,2025-10-15,QR_SUR_PLACE,R53014452,1,6,5,3,6,6,6,
SAT0000114,POST_MATCH,M002,2025-10-12,2025-10-15,EMAIL,R57892706,1,5,6,5,7,8,4,Trop d'attente aux buvettes
SAT0000121,POST_MATCH,M002,2025-10-12,2025-10-15,SMS,R54678814,1,7,5,5,7,4,4,
SAT0000122,POST_MATCH,M002,2025-10-12,2025-10-15,SMS,R56256063,1,8,5,6,6,4,6,
SAT0000139,POST_MATCH,M002,2025-10-12,2025-10-15,SMS,R58311586,1,6,8,7,6,7,8,
SAT0000140,POST_MATCH,M002,2025-10-12,2025-10-15,SMS,R59318132,1,5,5,6,6,7,9,
SAT0000151,POST_MATCH,M002,2025-10-12,2025-10-15,SMS,R51414857,1,6,5,5,7,7,6,
SAT0000160,POST_MATCH,M002,2025-10-12,2025-10-15,EMAIL,R54215108,1,4,5,5,7,8,6,Sonorisation trop forte
SAT0000164,POST_MATCH,M002,2025-10-12,2025-10-15,EMAIL,R57012840,1,5,7,6,6,6,6,Sonorisation trop forte
SAT0000168,POST_MATCH,M002,2025-10-12,2025-10-15,EMAIL,R51052708,1,6,6,4,6,7,6,
SAT0000191,POST_MATCH,M002,2025-10-12,2025-10-15,EMAIL,R57641366,1,8,6,5,7,6,5,Bon rapport qualite prix
SAT0000192,POST_MATCH,M002,2025-10-12,2025-10-15,EMAIL,R51325081,1,6,7,5,7,7,5,
SAT0000204,POST_MATCH,M002,2025-10-12,2025-10-15,EMAIL,R55274640,0,7,7,6,6,5,6,Correct dans l'ensemble
SAT0000207,POST_MATCH,M002,2025-10-12,2025-10-15,EMAIL,R54783426,0,7,8,5,4,5,7,
SAT0000215,POST_MATCH,M002,2025-10-12,2025-10-15,QR_SUR_PLACE,R58569247,0,7,7,6,7,8,8,
SAT0000227,POST_MATCH,M002,2025-10-12,2025-10-15,SMS,R59040577,0,6,8,5,5,6,8,
SAT0000228,POST_MATCH,M002,2025-10-12,2025-10-15,SMS,R52623415,0,7,7,7,6,5,5,Correct dans l'ensemble
SAT0000231,POST_MATCH,M002,2025-10-12,2025-10-15,EMAIL,R55465082,1,7,6,7,6,7,7,
SAT0000236,POST_MATCH,M002,2025-10-12,2025-10-15,EMAIL,R53775453,0,6,8,5,6,7,7,
SAT0000237,POST_MATCH,M002,2025-10-12,2025-10-15,EMAIL,R53106948,0,8,7,5,6,6,5,L'ambiance dans les tribunes vaut le deplacement
SAT0000242,POST_MATCH,M002,2025-10-12,2025-10-15,EMAIL,R56619160,1,8,7,5,8,5,5,
SAT0000243,POST_MATCH,M002,2025-10-12,2025-10-15,SMS,R52651278,0,8,8,5,6,4,6,
SAT0000244,POST_MATCH,M002,2025-10-12,2025-10-15,EMAIL,R58584716,0,8,5,3,4,5,8,
SAT0000245,POST_MATCH,M002,2025-10-12,2025-10-15,QR_SUR_PLACE,R57737483,0,7,6,8,5,3,5,Sans plus
SAT0000246,POST_MATCH,M002,2025-10-12,2025-10-15,EMAIL,R51414991,1,5,6,5,5,4,7,Trop d'attente aux buvettes
SAT0000249,POST_MATCH,M002,2025-10-12,2025-10-15,EMAIL,R51353825,0,7,7,7,9,6,8,Sans plus
SAT0000024,POST_MATCH,M001,2025-10-09,2025-10-16,EMAIL,R53089985,0,8,9,5,8,10,8,"Premiere fois ici, tres agreable surprise"
SAT0000073,POST_MATCH,M001,2025-10-09,2025-10-16,SMS,R59733746,1,8,7,8,6,9,9,
SAT0000099,POST_MATCH,M002,2025-10-12,2025-10-16,EMAIL,R58310092,1,6,5,3,7,6,5,
SAT0000117,POST_MATCH,M002,2025-10-12,2025-10-16,EMAIL,R58913351,1,6,5,7,6,5,4,
SAT0000120,POST_MATCH,M002,2025-10-12,2025-10-16,EMAIL,R52947702,1,7,7,5,6,7,8,
SAT0000158,POST_MATCH,M002,2025-10-12,2025-10-16,EMAIL,R53768844,1,6,8,6,6,7,8,Rien a signaler
SAT0000183,POST_MATCH,M002,2025-10-12,2025-10-16,EMAIL,R59464974,1,6,8,6,7,5,8,
SAT0000187,POST_MATCH,M002,2025-10-12,2025-10-16,EMAIL,R53605987,1,5,7,6,4,6,5,Sans plus
SAT0000190,POST_MATCH,M002,2025-10-12,2025-10-16,EMAIL,R56915574,1,6,5,5,7,7,5,
SAT0000238,POST_MATCH,M002,2025-10-12,2025-10-16,SMS,R59776991,0,7,8,6,5,7,8,
SAT0000252,POST_MATCH,M003,2025-10-15,2025-10-16,EMAIL,R54278324,1,9,7,7,9,9,9,Match intense du debut a la fin
SAT0000254,POST_MATCH,M003,2025-10-15,2025-10-16,EMAIL,R54869869,1,7,7,7,8,9,8,
SAT0000261,POST_MATCH,M003,2025-10-15,2025-10-16,EMAIL,R59733411,1,9,8,8,7,8,9,L'ambiance dans les tribunes vaut le deplacement
SAT0000266,POST_MATCH,M003,2025-10-15,2025-10-16,EMAIL,R53580184,1,8,8,7,7,9,8,Rien a signaler
SAT0000267,POST_MATCH,M003,2025-10-15,2025-10-16,EMAIL,R53962696,1,9,10,8,4,9,9,
SAT0000268,POST_MATCH,M003,2025-10-15,2025-10-16,EMAIL,R54331109,1,9,9,9,6,7,9,
SAT0000271,POST_MATCH,M003,2025-10-15,2025-10-16,EMAIL,R58196074,1,9,6,6,6,10,9,
SAT0000272,POST_MATCH,M003,2025-10-15,2025-10-16,QR_SUR_PLACE,R58482345,1,8,6,8,6,9,8,Bon rapport qualite prix
SAT0000274,POST_MATCH,M003,2025-10-15,2025-10-16,EMAIL,R52861202,1,8,8,7,7,9,9,
SAT0000279,POST_MATCH,M003,2025-10-15,2025-10-16,EMAIL,R58454827,1,7,10,7,8,9,10,
SAT0000280,POST_MATCH,M003,2025-10-15,2025-10-16,EMAIL,R58562715,1,8,6,8,6,8,8,"Super ambiance, on reviendra"
SAT0000281,POST_MATCH,M003,2025-10-15,2025-10-16,EMAIL,R51390069,1,9,7,8,8,9,9,L'ambiance dans les tribunes vaut le deplacement
SAT0000282,POST_MATCH,M003,2025-10-15,2025-10-16,EMAIL,R52088276,1,6,9,9,8,10,9,
SAT0000283,POST_MATCH,M003,2025-10-15,2025-10-16,EMAIL,R53086853,1,6,8,6,5,9,7,
SAT0000287,POST_MATCH,M003,2025-10-15,2025-10-16,EMAIL,R52297989,1,7,10,7,7,6,7,
SAT0000289,POST_MATCH,M003,2025-10-15,2025-10-16,EMAIL,R54863394,1,8,7,7,7,7,9,
SAT0000293,POST_MATCH,M003,2025-10-15,2025-10-16,QR_SUR_PLACE,R51400624,1,8,7,6,6,10,9,
SAT0000296,POST_MATCH,M003,2025-10-15,2025-10-16,EMAIL,R52296217,1,8,7,6,7,10,10,
SAT0000297,POST_MATCH,M003,2025-10-15,2025-10-16,EMAIL,R53733089,1,9,7,7,7,10,9,"Super ambiance, on reviendra"
SAT0000300,POST_MATCH,M003,2025-10-15,2025-10-16,EMAIL,R57779502,1,9,10,9,7,9,10,
SAT0000302,POST_MATCH,M003,2025-10-15,2025-10-16,EMAIL,R59440119,1,7,9,8,9,10,8,Sans plus
SAT0000303,POST_MATCH,M003,2025-10-15,2025-10-16,QR_SUR_PLACE,R59795046,1,8,8,6,8,8,8,
SAT0000304,POST_MATCH,M003,2025-10-15,2025-10-16,QR_SUR_PLACE,R51332035,1,8,8,6,7,7,8,"Super ambiance, on reviendra"
SAT0000305,POST_MATCH,M003,2025-10-15,2025-10-16,SMS,R52851662,1,7,6,7,8,9,7,
SAT0000310,POST_MATCH,M003,2025-10-15,2025-10-16,SMS,R55952829,1,7,9,8,9,5,7,
SAT0000311,POST_MATCH,M003,2025-10-15,2025-10-16,EMAIL,R51414857,1,6,10,8,6,9,10,
SAT0000314,POST_MATCH,M003,2025-10-15,2025-10-16,SMS,R52412821,1,10,10,8,8,9,10,
SAT0000315,POST_MATCH,M003,2025-10-15,2025-10-16,EMAIL,R53335999,1,10,9,7,8,9,10,Sans plus
SAT0000316,POST_MATCH,M003,2025-10-15,2025-10-16,EMAIL,R54028076,1,9,8,7,7,9,9,
SAT0000317,POST_MATCH,M003,2025-10-15,2025-10-16,EMAIL,R54946963,1,7,8,6,6,10,9,
SAT0000323,POST_MATCH,M003,2025-10-15,2025-10-16,SMS,R59233059,1,8,8,6,8,10,8,
SAT0000325,POST_MATCH,M003,2025-10-15,2025-10-16,EMAIL,R52405532,1,10,6,6,7,10,10,Tres bonne organisation
SAT0000330,POST_MATCH,M003,2025-10-15,2025-10-16,EMAIL,R55201425,1,8,9,7,7,10,8,
SAT0000332,POST_MATCH,M003,2025-10-15,2025-10-16,QR_SUR_PLACE,R57186319,1,10,10,6,6,9,10,
SAT0000333,POST_MATCH,M003,2025-10-15,2025-10-16,EMAIL,R52591338,1,7,10,9,6,8,9,
SAT0000336,POST_MATCH,M003,2025-10-15,2025-10-16,EMAIL,R54229887,1,8,9,6,7,7,8,Bon rapport qualite prix
SAT0000343,POST_MATCH,M003,2025-10-15,2025-10-16,EMAIL,R52244447,0,9,9,6,8,9,9,
SAT0000346,POST_MATCH,M003,2025-10-15,2025-10-16,EMAIL,R54280833,1,8,10,9,8,9,10,
SAT0000347,POST_MATCH,M003,2025-10-15,2025-10-16,EMAIL,R56556289,1,8,7,6,7,9,8,L'ambiance dans les tribunes vaut le deplacement
SAT0000350,POST_MATCH,M003,2025-10-15,2025-10-16,EMAIL,R57389969,1,9,8,5,9,7,7,
SAT0000353,POST_MATCH,M003,2025-10-15,2025-10-16,EMAIL,R58839714,1,9,8,6,7,9,9,Match intense du debut a la fin
SAT0000354,POST_MATCH,M003,2025-10-15,2025-10-16,EMAIL,R59048747,1,9,9,8,7,7,10,L'ambiance dans les tribunes vaut le deplacement
SAT0000358,POST_MATCH,M003,2025-10-15,2025-10-16,EMAIL,R54748619,1,6,8,6,7,9,7,
SAT0000359,POST_MATCH,M003,2025-10-15,2025-10-16,EMAIL,R55277025,1,8,8,7,8,8,7,L'ambiance dans les tribunes vaut le deplacement
SAT0000363,POST_MATCH,M003,2025-10-15,2025-10-16,EMAIL,R57423751,1,5,10,8,8,10,10,
SAT0000364,POST_MATCH,M003,2025-10-15,2025-10-16,EMAIL,R58795032,1,8,8,8,6,8,9,
SAT0000365,POST_MATCH,M003,2025-10-15,2025-10-16,EMAIL,R51093367,1,10,8,7,7,10,10,
SAT0000366,POST_MATCH,M003,2025-10-15,2025-10-16,EMAIL,R51137503,1,7,10,6,7,9,9,Rien a signaler
SAT0000368,POST_MATCH,M003,2025-10-15,2025-10-16,EMAIL,R51676943,1,7,8,7,5,9,8,
SAT0000369,POST_MATCH,M003,2025-10-15,2025-10-16,SMS,R51955245,1,8,7,8,6,8,8,
SAT0000372,POST_MATCH,M003,2025-10-15,2025-10-16,EMAIL,R54081742,1,9,9,8,6,10,10,
SAT0000374,POST_MATCH,M003,2025-10-15,2025-10-16,EMAIL,R55893770,1,8,6,7,7,10,10,
SAT0000376,POST_MATCH,M003,2025-10-15,2025-10-16,EMAIL,R57307961,1,8,9,7,6,7,8,
SAT0000377,POST_MATCH,M003,2025-10-15,2025-10-16,SMS,R57691699,1,8,7,7,8,10,7,Bon rapport qualite prix
SAT0000381,POST_MATCH,M003,2025-10-15,2025-10-16,EMAIL,R58907278,1,10,8,8,7,10,10,Match intense du debut a la fin
SAT0000388,POST_MATCH,M003,2025-10-15,2025-10-16,EMAIL,R57800344,1,7,8,6,6,9,8,
SAT0000389,POST_MATCH,M003,2025-10-15,2025-10-16,SMS,R56627531,1,8,10,8,8,10,8,Bon rapport qualite prix
SAT0000390,POST_MATCH,M003,2025-10-15,2025-10-16,SMS,R56274865,0,8,9,10,6,8,8,
SAT0000396,POST_MATCH,M003,2025-10-15,2025-10-16,QR_SUR_PLACE,R56251628,1,9,9,7,8,10,10,Tres bonne organisation
SAT0000397,POST_MATCH,M003,2025-10-15,2025-10-16,EMAIL,R54969788,0,7,8,6,5,9,7,
SAT0000402,POST_MATCH,M003,2025-10-15,2025-10-16,EMAIL,R59650244,0,7,10,7,7,8,8,
SAT0000404,POST_MATCH,M003,2025-10-15,2025-10-16,EMAIL,R59670885,1,7,7,8,8,10,9,
SAT0000405,POST_MATCH,M003,2025-10-15,2025-10-16,SMS,R56941464,0,9,8,6,8,7,8,Tres bonne organisation
SAT0000409,POST_MATCH,M003,2025-10-15,2025-10-16,SMS,R51987667,0,6,10,7,8,8,8,
SAT0000410,POST_MATCH,M003,2025-10-15,2025-10-16,SMS,R51364122,0,8,8,8,8,7,8,
SAT0000412,POST_MATCH,M003,2025-10-15,2025-10-16,EMAIL,R54870673,0,7,9,8,9,9,9,
SAT0000416,POST_MATCH,M003,2025-10-15,2025-10-16,EMAIL,R56509232,0,9,9,5,8,9,9,Bon rapport qualite prix
SAT0000417,POST_MATCH,M003,2025-10-15,2025-10-16,EMAIL,R59704188,0,8,10,7,7,8,9,Correct dans l'ensemble
SAT0000418,POST_MATCH,M003,2025-10-15,2025-10-16,EMAIL,R57201165,1,7,7,7,8,10,8,
SAT0000419,POST_MATCH,M003,2025-10-15,2025-10-16,EMAIL,R54242214,0,8,9,8,8,7,9,"Super ambiance, on reviendra"
SAT0000421,POST_MATCH,M003,2025-10-15,2025-10-16,EMAIL,R59100172,1,6,9,8,6,8,7,
SAT0000089,POST_MATCH,M002,2025-10-12,2025-10-17,EMAIL,R56776912,1,7,7,6,7,5,5,
SAT0000148,POST_MATCH,M002,2025-10-12,2025-10-17,EMAIL,R58141239,1,5,8,4,7,7,8,
SAT0000155,POST_MATCH,M002,2025-10-12,2025-10-17,EMAIL,R57920013,1,6,4,6,6,5,6,Rien a signaler
SAT0000171,POST_MATCH,M002,2025-10-12,2025-10-17,EMAIL,R53799561,1,6,2,3,7,8,5,
SAT0000175,POST_MATCH,M002,2025-10-12,2025-10-17,EMAIL,R55165938,1,8,8,4,7,7,7,
SAT0000216,POST_MATCH,M002,2025-10-12,2025-10-17,SMS,R52310584,0,8,6,4,3,5,6,
SAT0000222,POST_MATCH,M002,2025-10-12,2025-10-17,EMAIL,R53081939,0,5,7,6,6,4,6,
SAT0000224,POST_MATCH,M002,2025-10-12,2025-10-17,EMAIL,R55789024,0,6,8,6,7,6,6,
SAT0000230,POST_MATCH,M002,2025-10-12,2025-10-17,EMAIL,R59172439,1,8,7,6,6,6,7,
SAT0000233,POST_MATCH,M002,2025-10-12,2025-10-17,EMAIL,R59376099,0,5,7,7,5,5,4,
SAT0000251,POST_MATCH,M003,2025-10-15,2025-10-17,QR_SUR_PLACE,R52861068,1,8,9,8,10,8,9,Sans plus
SAT0000253,POST_MATCH,M003,2025-10-15,2025-10-17,EMAIL,R54704359,1,7,8,8,9,9,10,
SAT0000255,POST_MATCH,M003,2025-10-15,2025-10-17,EMAIL,R55609147,1,9,8,9,7,10,9,Bon rapport qualite prix
SAT0000257,POST_MATCH,M003,2025-10-15,2025-10-17,EMAIL,R56193949,1,8,10,4,6,10,10,"Super ambiance, on reviendra"
SAT0000259,POST_MATCH,M003,2025-10-15,2025-10-17,SMS,R57893185,1,9,9,8,8,7,8,
SAT0000263,POST_MATCH,M003,2025-10-15,2025-10-17,EMAIL,R52512338,1,8,7,10,7,8,7,Tres bonne organisation
SAT0000265,POST_MATCH,M003,2025-10-15,2025-10-17,EMAIL,R53558116,1,7,8,8,5,9,8,Correct dans l'ensemble
SAT0000270,POST_MATCH,M003,2025-10-15,2025-10-17,EMAIL,R56304969,1,9,9,7,9,9,8,
SAT0000276,POST_MATCH,M003,2025-10-15,2025-10-17,EMAIL,R55839769,1,9,8,6,10,7,8,Bon rapport qualite prix
SAT0000277,POST_MATCH,M003,2025-10-15,2025-10-17,SMS,R55906586,1,8,8,6,7,9,9,
SAT0000278,POST_MATCH,M003,2025-10-15,2025-10-17,SMS,R57293805,1,8,8,7,6,10,10,"Premiere fois ici, tres agreable surprise"
SAT0000284,POST_MATCH,M003,2025-10-15,2025-10-17,EMAIL,R53889883,1,8,9,7,8,9,10,Bon rapport qualite prix
SAT0000286,POST_MATCH,M003,2025-10-15,2025-10-17,EMAIL,R52028269,1,9,8,8,8,8,9,
SAT0000290,POST_MATCH,M003,2025-10-15,2025-10-17,EMAIL,R58122102,1,10,9,9,7,9,10,
SAT0000291,POST_MATCH,M003,2025-10-15,2025-10-17,EMAIL,R58140492,1,8,9,6,9,8,10,
SAT0000295,POST_MATCH,M003,2025-10-15,2025-10-17,SMS,R52124577,1,10,9,7,5,9,10,
SAT0000298,POST_MATCH,M003,2025-10-15,2025-10-17,EMAIL,R56041034,1,7,10,7,8,7,8,
SAT0000301,POST_MATCH,M003,2025-10-15,2025-10-17,EMAIL,R59360429,1,8,9,6,8,9,9,
SAT0000306,POST_MATCH,M003,2025-10-15,2025-10-17,EMAIL,R52956485,1,8,8,6,7,10,10,
SAT0000308,POST_MATCH,M003,2025-10-15,2025-10-17,EMAIL,R54617715,1,7,9,8,5,7,10,
SAT0000309,POST_MATCH,M003,2025-10-15,2025-10-17,QR_SUR_PLACE,R54941379,1,7,7,8,8,8,8,
SAT0000312,POST_MATCH,M003,2025-10-15,2025-10-17,QR_SUR_PLACE,R51675995,0,7,8,6,9,8,9,Sans plus
SAT0000313,POST_MATCH,M003,2025-10-15,2025-10-17,EMAIL,R52174364,1,9,7,8,8,9,8,
SAT0000320,POST_MATCH,M003,2025-10-15,2025-10-17,EMAIL,R56642521,1,7,8,7,9,9,9,
SAT0000322,POST_MATCH,M003,2025-10-15,2025-10-17,EMAIL,R57037906,1,9,7,8,9,8,8,L'ambiance dans les tribunes vaut le deplacement
SAT0000324,POST_MATCH,M003,2025-10-15,2025-10-17,EMAIL,R51433927,1,9,6,8,7,7,7,"Premiere fois ici, tres agreable surprise"
SAT0000326,POST_MATCH,M003,2025-10-15,2025-10-17,EMAIL,R52690577,1,8,8,7,7,8,8,
SAT0000327,POST_MATCH,M003,2025-10-15,2025-10-17,EMAIL,R53304803,1,7,5,7,7,9,7,
SAT0000328,POST_MATCH,M003,2025-10-15,2025-10-17,QR_SUR_PLACE,R53881636,1,8,8,7,8,9,10,
SAT0000329,POST_MATCH,M003,2025-10-15,2025-10-17,EMAIL,R55104571,1,8,10,8,9,8,9,"Super ambiance, on reviendra"
SAT0000331,POST_MATCH,M003,2025-10-15,2025-10-17,EMAIL,R57020809,1,8,8,6,8,9,9,
SAT0000337,POST_MATCH,M003,2025-10-15,2025-10-17,QR_SUR_PLACE,R54350035,1,8,8,6,6,10,7,
SAT0000340,POST_MATCH,M003,2025-10-15,2025-10-17,SMS,R57095049,1,8,7,6,7,10,9,L'ambiance dans les tribunes vaut le deplacement
SAT0000342,POST_MATCH,M003,2025-10-15,2025-10-17,SMS,R57962444,1,6,10,7,7,9,9,
SAT0000348,POST_MATCH,M003,2025-10-15,2025-10-17,EMAIL,R57036268,1,7,7,6,7,9,9,
SAT0000349,POST_MATCH,M003,2025-10-15,2025-10-17,QR_SUR_PLACE,R57244075,1,7,9,6,8,9,10,
SAT0000367,POST_MATCH,M003,2025-10-15,2025-10-17,QR_SUR_PLACE,R51435421,1,10,8,6,7,8,8,"Premiere fois ici, tres agreable surprise"
SAT0000370,POST_MATCH,M003,2025-10-15,2025-10-17,EMAIL,R53523299,1,5,8,7,7,9,7,Peu de choix a la restauration
SAT0000373,POST_MATCH,M003,2025-10-15,2025-10-17,EMAIL,R54459963,1,8,9,7,6,9,9,Tres bonne organisation
SAT0000380,POST_MATCH,M003,2025-10-15,2025-10-17,EMAIL,R58624685,1,6,10,8,7,8,9,
SAT0000385,POST_MATCH,M003,2025-10-15,2025-10-17,QR_SUR_PLACE,R57081630,0,9,8,7,9,7,8,"Super ambiance, on reviendra"
SAT0000386,POST_MATCH,M003,2025-10-15,2025-10-17,EMAIL,R52717214,0,9,9,5,7,9,9,
SAT0000387,POST_MATCH,M003,2025-10-15,2025-10-17,EMAIL,R52741121,0,7,10,7,6,8,8,
SAT0000398,POST_MATCH,M003,2025-10-15,2025-10-17,QR_SUR_PLACE,R55265455,0,8,7,6,5,10,10,
SAT0000399,POST_MATCH,M003,2025-10-15,2025-10-17,EMAIL,R53109323,1,7,7,8,7,9,7,
SAT0000414,POST_MATCH,M003,2025-10-15,2025-10-17,EMAIL,R56125829,0,7,7,8,9,9,7,
SAT0000420,POST_MATCH,M003,2025-10-15,2025-10-17,EMAIL,R55800939,1,8,9,7,8,10,10,
SAT0000250,POST_MATCH,M003,2025-10-15,2025-10-18,QR_SUR_PLACE,R52260941,1,10,8,7,7,9,8,
SAT0000260,POST_MATCH,M003,2025-10-15,2025-10-18,EMAIL,R58504959,1,6,9,6,5,8,7,
SAT0000262,POST_MATCH,M003,2025-10-15,2025-10-18,EMAIL,R51160673,1,8,7,7,7,9,9,Bon rapport qualite prix
SAT0000269,POST_MATCH,M003,2025-10-15,2025-10-18,EMAIL,R56184821,1,8,8,6,7,9,8,
SAT0000285,POST_MATCH,M003,2025-10-15,2025-10-18,SMS,R55267907,1,6,10,6,7,10,10,
SAT0000288,POST_MATCH,M003,2025-10-15,2025-10-18,EMAIL,R52435914,1,9,9,8,6,8,7,"Premiere fois ici, tres agreable surprise"
SAT0000334,POST_MATCH,M003,2025-10-15,2025-10-18,EMAIL,R53004500,1,8,10,7,7,9,7,
SAT0000339,POST_MATCH,M003,2025-10-15,2025-10-18,EMAIL,R56594228,1,7,9,7,7,9,8,
SAT0000341,POST_MATCH,M003,2025-10-15,2025-10-18,EMAIL,R57758315,1,7,7,7,6,9,7,
SAT0000351,POST_MATCH,M003,2025-10-15,2025-10-18,SMS,R57988870,1,7,8,6,7,7,8,
SAT0000352,POST_MATCH,M003,2025-10-15,2025-10-18,EMAIL,R58452298,1,9,8,8,6,10,8,
SAT0000355,POST_MATCH,M003,2025-10-15,2025-10-18,EMAIL,R51218352,1,8,8,6,7,7,8,
SAT0000360,POST_MATCH,M003,2025-10-15,2025-10-18,EMAIL,R55829951,1,8,8,6,6,8,8,
SAT0000362,POST_MATCH,M003,2025-10-15,2025-10-18,QR_SUR_PLACE,R57390649,1,7,8,5,6,8,6,Sans plus
SAT0000375,POST_MATCH,M003,2025-10-15,2025-10-18,EMAIL,R56496349,1,9,7,7,8,7,7,
SAT0000382,POST_MATCH,M003,2025-10-15,2025-10-18,EMAIL,R51282660,0,8,9,7,8,6,7,"Super ambiance, on reviendra"
SAT0000392,POST_MATCH,M003,2025-10-15,2025-10-18,QR_SUR_PLACE,R54576989,0,8,10,7,6,9,8,
SAT0000395,POST_MATCH,M003,2025-10-15,2025-10-18,EMAIL,R52745134,0,9,8,8,8,8,8,Match intense du debut a la fin
SAT0000403,POST_MATCH,M003,2025-10-15,2025-10-18,EMAIL,R59741715,0,8,8,8,7,6,6,Match intense du debut a la fin
SAT0000407,POST_MATCH,M003,2025-10-15,2025-10-18,EMAIL,R58885689,1,9,9,7,6,10,9,"Super ambiance, on reviendra"
SAT0000408,POST_MATCH,M003,2025-10-15,2025-10-18,EMAIL,R52221153,1,9,10,7,7,7,10,"Super ambiance, on reviendra"
SAT0000411,POST_MATCH,M003,2025-10-15,2025-10-18,QR_SUR_PLACE,R53603602,1,8,8,7,7,10,9,
SAT0000413,POST_MATCH,M003,2025-10-15,2025-10-18,EMAIL,R56086808,0,8,7,9,9,8,6,Bon rapport qualite prix
SAT0000423,POST_MATCH,M004,2025-10-17,2025-10-18,QR_SUR_PLACE,R52436872,1,6,6,4,6,6,6,
SAT0000424,POST_MATCH,M004,2025-10-17,2025-10-18,QR_SUR_PLACE,R53634061,1,5,6,3,7,7,5,Peu de choix a la restauration
SAT0000426,POST_MATCH,M004,2025-10-17,2025-10-18,SMS,R54896841,1,6,9,6,6,5,6,
SAT0000428,POST_MATCH,M004,2025-10-17,2025-10-18,QR_SUR_PLACE,R55896031,1,7,5,4,5,7,7,
SAT0000431,POST_MATCH,M004,2025-10-17,2025-10-18,EMAIL,R58683955,1,5,8,2,4,6,7,
SAT0000432,POST_MATCH,M004,2025-10-17,2025-10-18,EMAIL,R59273048,1,5,5,4,4,4,4,
SAT0000437,POST_MATCH,M004,2025-10-17,2025-10-18,EMAIL,R53396284,1,6,9,4,4,5,7,
SAT0000439,POST_MATCH,M004,2025-10-17,2025-10-18,SMS,R54481294,1,6,6,2,5,7,7,
SAT0000441,POST_MATCH,M004,2025-10-17,2025-10-18,EMAIL,R56538522,1,4,10,3,8,9,9,
SAT0000442,POST_MATCH,M004,2025-10-17,2025-10-18,EMAIL,R56811920,1,8,9,2,5,6,9,
SAT0000446,POST_MATCH,M004,2025-10-17,2025-10-18,SMS,R59997681,1,6,8,5,5,5,7,
SAT0000450,POST_MATCH,M004,2025-10-17,2025-10-18,EMAIL,R54032645,1,8,8,6,6,7,9,
SAT0000453,POST_MATCH,M004,2025-10-17,2025-10-18,SMS,R55636866,1,6,7,3,6,7,7,
SAT0000457,POST_MATCH,M004,2025-10-17,2025-10-18,EMAIL,R59873309,1,5,8,3,5,5,8,Rien a signaler
SAT0000460,POST_MATCH,M004,2025-10-17,2025-10-18,EMAIL,R56545399,1,5,7,5,5,5,7,File d'attente interminable a l'entree
SAT0000462,POST_MATCH,M004,2025-10-17,2025-10-18,EMAIL,R57027830,1,4,7,4,3,6,5,Prix des places trop eleve pour ce niveau de match
SAT0000464,POST_MATCH,M004,2025-10-17,2025-10-18,EMAIL,R59482282,1,7,6,6,4,6,5,
SAT0000465,POST_MATCH,M004,2025-10-17,2025-10-18,QR_SUR_PLACE,R51295121,1,5,6,6,7,7,7,File d'attente interminable a l'entree
SAT0000466,POST_MATCH,M004,2025-10-17,2025-10-18,EMAIL,R51372359,1,7,6,6,5,5,4,
SAT0000467,POST_MATCH,M004,2025-10-17,2025-10-18,SMS,R51790425,1,7,8,3,7,6,6,
SAT0000470,POST_MATCH,M004,2025-10-17,2025-10-18,EMAIL,R56431448,1,7,6,5,6,8,5,
SAT0000472,POST_MATCH,M004,2025-10-17,2025-10-18,QR_SUR_PLACE,R57075711,1,6,9,4,6,5,6,
SAT0000474,POST_MATCH,M004,2025-10-17,2025-10-18,EMAIL,R59886929,1,6,8,5,3,7,7,
SAT0000479,POST_MATCH,M004,2025-10-17,2025-10-18,EMAIL,R54268851,1,6,8,3,5,7,7,
SAT0000481,POST_MATCH,M004,2025-10-17,2025-10-18,EMAIL,R56763761,1,7,8,6,4,7,8,
SAT0000485,POST_MATCH,M004,2025-10-17,2025-10-18,SMS,R58922134,1,6,5,2,7,7,7,
SAT0000487,POST_MATCH,M004,2025-10-17,2025-10-18,EMAIL,R53546804,1,7,7,6,6,7,9,
SAT0000491,POST_MATCH,M004,2025-10-17,2025-10-18,EMAIL,R57156761,1,6,8,4,6,6,7,
SAT0000492,POST_MATCH,M004,2025-10-17,2025-10-18,QR_SUR_PLACE,R57836578,1,7,6,3,5,5,7,
SAT0000493,POST_MATCH,M004,2025-10-17,2025-10-18,EMAIL,R51618986,1,6,6,7,6,7,6,
SAT0000499,POST_MATCH,M004,2025-10-17,2025-10-18,EMAIL,R56680527,1,6,5,5,5,6,7,
SAT0000500,POST_MATCH,M004,2025-10-17,2025-10-18,SMS,R56746118,1,6,6,5,5,7,6,Sans plus
SAT0000501,POST_MATCH,M004,2025-10-17,2025-10-18,EMAIL,R58385280,1,4,8,3,6,7,7,Prix des places trop eleve pour ce niveau de match
SAT0000503,POST_MATCH,M004,2025-10-17,2025-10-18,EMAIL,R53897574,1,6,7,5,6,5,7,
SAT0000504,POST_MATCH,M004,2025-10-17,2025-10-18,EMAIL,R54835464,1,5,6,3,4,6,6,
SAT0000507,POST_MATCH,M004,2025-10-17,2025-10-18,EMAIL,R55577807,1,7,6,2,6,4,7,
SAT0000510,POST_MATCH,M004,2025-10-17,2025-10-18,SMS,R58930917,1,7,7,3,6,6,7,
SAT0000511,POST_MATCH,M004,2025-10-17,2025-10-18,EMAIL,R59082328,1,6,4,4,5,8,7,Correct dans l'ensemble
SAT0000512,POST_MATCH,M004,2025-10-17,2025-10-18,EMAIL,R59498555,1,7,8,4,4,7,8,
SAT0000515,POST_MATCH,M004,2025-10-17,2025-10-18,EMAIL,R51245803,1,7,5,5,6,7,7,
SAT0000519,POST_MATCH,M004,2025-10-17,2025-10-18,EMAIL,R56559900,1,8,6,5,6,7,8,
SAT0000520,POST_MATCH,M004,2025-10-17,2025-10-18,SMS,R57487982,1,6,5,7,7,5,5,
SAT0000526,POST_MATCH,M004,2025-10-17,2025-10-18,QR_SUR_PLACE,R53134523,1,5,8,3,6,6,8,File d'attente interminable a l'entree
SAT0000530,POST_MATCH,M004,2025-10-17,2025-10-18,QR_SUR_PLACE,R56794746,1,5,7,5,6,7,6,
SAT0000532,POST_MATCH,M004,2025-10-17,2025-10-18,EMAIL,R58564477,1,6,6,4,5,7,8,Correct dans l'ensemble
SAT0000534,POST_MATCH,M004,2025-10-17,2025-10-18,QR_SUR_PLACE,R51414512,1,6,8,5,3,6,7,
SAT0000537,POST_MATCH,M004,2025-10-17,2025-10-18,EMAIL,R52559596,1,6,7,2,7,6,7,
SAT0000538,POST_MATCH,M004,2025-10-17,2025-10-18,EMAIL,R52935365,1,5,8,6,5,7,8,
SAT0000541,POST_MATCH,M004,2025-10-17,2025-10-18,EMAIL,R54861411,1,6,6,4,4,7,6,Rien a signaler
SAT0000543,POST_MATCH,M004,2025-10-17,2025-10-18,EMAIL,R55829951,1,6,8,3,6,7,8,Correct dans l'ensemble
SAT0000544,POST_MATCH,M004,2025-10-17,2025-10-18,SMS,R56809525,1,6,8,6,8,6,6,
SAT0000547,POST_MATCH,M004,2025-10-17,2025-10-18,SMS,R53853706,1,5,8,2,6,5,9,File d'attente interminable a l'entree
SAT0000548,POST_MATCH,M004,2025-10-17,2025-10-18,SMS,R53957303,1,6,9,5,5,8,8,
SAT0000549,POST_MATCH,M004,2025-10-17,2025-10-18,EMAIL,R54489387,1,9,6,6,5,6,7,"Premiere fois ici, tres agreable surprise"
SAT0000552,POST_MATCH,M004,2025-10-17,2025-10-18,EMAIL,R54629774,1,6,5,5,5,5,5,Sans plus
SAT0000555,POST_MATCH,M004,2025-10-17,2025-10-18,EMAIL,R51284556,0,6,9,4,5,6,9,
SAT0000556,POST_MATCH,M004,2025-10-17,2025-10-18,EMAIL,R56073389,1,6,7,4,6,7,9,
SAT0000557,POST_MATCH,M004,2025-10-17,2025-10-18,EMAIL,R51128653,1,6,6,6,5,6,8,Rien a signaler
SAT0000558,POST_MATCH,M004,2025-10-17,2025-10-18,EMAIL,R55367692,0,4,6,4,6,7,6,Peu de choix a la restauration
SAT0000562,POST_MATCH,M004,2025-10-17,2025-10-18,EMAIL,R53655918,0,7,7,5,4,5,7,
SAT0000563,POST_MATCH,M004,2025-10-17,2025-10-18,QR_SUR_PLACE,R51809351,0,7,8,3,5,7,9,
SAT0000566,POST_MATCH,M004,2025-10-17,2025-10-18,EMAIL,R55766477,0,6,8,3,7,5,7,
SAT0000567,POST_MATCH,M004,2025-10-17,2025-10-18,EMAIL,R57022112,0,6,7,4,7,6,5,
SAT0000568,POST_MATCH,M004,2025-10-17,2025-10-18,SMS,R57743804,1,7,8,4,5,5,5,
SAT0000570,POST_MATCH,M004,2025-10-17,2025-10-18,SMS,R52860646,1,8,5,4,4,7,7,Match intense du debut a la fin
SAT0000572,POST_MATCH,M004,2025-10-17,2025-10-18,QR_SUR_PLACE,R56805924,0,8,5,4,8,6,7,
SAT0000577,POST_MATCH,M004,2025-10-17,2025-10-18,EMAIL,R57379347,0,9,6,4,4,6,7,
SAT0000580,POST_MATCH,M004,2025-10-17,2025-10-18,SMS,R59228021,0,6,7,4,6,7,6,
SAT0000581,POST_MATCH,M004,2025-10-17,2025-10-18,EMAIL,R54286283,0,7,7,5,6,8,9,
SAT0000584,POST_MATCH,M004,2025-10-17,2025-10-18,SMS,R54782401,0,8,7,3,6,5,7,"Super ambiance, on reviendra"
SAT0000585,POST_MATCH,M004,2025-10-17,2025-10-18,EMAIL,R58309469,0,6,8,4,6,6,7,
SAT0000587,POST_MATCH,M004,2025-10-17,2025-10-18,EMAIL,R59230875,0,7,9,4,7,6,7,
SAT0000594,POST_MATCH,M004,2025-10-17,2025-10-18,EMAIL,R54833280,0,7,6,5,4,6,7,
SAT0000596,POST_MATCH,M004,2025-10-17,2025-10-18,EMAIL,R52044753,0,6,10,4,4,6,8,
SAT0000599,POST_MATCH,M004,2025-10-17,2025-10-18,SMS,R52107815,0,7,9,5,4,6,7,Rien a signaler
SAT0000600,POST_MATCH,M004,2025-10-17,2025-10-18,EMAIL,R59879841,0,8,5,5,4,5,4,"Super ambiance, on reviendra"
SAT0000137,POST_MATCH,M002,2025-10-12,2025-10-19,EMAIL,R56707978,1,8,6,4,6,5,7,
SAT0000163,POST_MATCH,M002,2025-10-12,2025-10-19,SMS,R56800129,1,8,5,4,6,5,7,L'ambiance dans les tribunes vaut le deplacement
SAT0000258,POST_MATCH,M003,2025-10-15,2025-10-19,EMAIL,R56980428,1,10,8,6,7,8,9,
SAT0000299,POST_MATCH,M003,2025-10-15,2025-10-19,EMAIL,R56755792,1,9,9,9,8,10,10,
SAT0000307,POST_MATCH,M003,2025-10-15,2025-10-19,EMAIL,R53875985,1,8,9,9,10,9,10,
SAT0000338,POST_MATCH,M003,2025-10-15,2025-10-19,EMAIL,R56008200,1,9,7,9,3,8,7,Correct dans l'ensemble
SAT0000344,POST_MATCH,M003,2025-10-15,2025-10-19,QR_SUR_PLACE,R53121650,1,10,9,8,8,9,9,L'ambiance dans les tribunes vaut le deplacement
SAT0000345,POST_MATCH,M003,2025-10-15,2025-10-19,SMS,R53134523,1,8,7,8,8,9,9,"Premiere fois ici, tres agreable surprise"
SAT0000357,POST_MATCH,M003,2025-10-15,2025-10-19,EMAIL,R51821544,1,9,8,6,8,10,10,
SAT0000378,POST_MATCH,M003,2025-10-15,2025-10-19,EMAIL,R57951611,1,9,7,7,9,8,8,Rien a signaler
SAT0000383,POST_MATCH,M003,2025-10-15,2025-10-19,EMAIL,R57581905,0,7,9,8,6,9,9,
SAT0000384,POST_MATCH,M003,2025-10-15,2025-10-19,SMS,R58946319,0,9,10,8,9,8,7,Bon rapport qualite prix
SAT0000391,POST_MATCH,M003,2025-10-15,2025-10-19,EMAIL,R56955295,1,7,10,6,6,7,8,
SAT0000393,POST_MATCH,M003,2025-10-15,2025-10-19,QR_SUR_PLACE,R51491204,0,9,9,6,7,9,10,Tres bonne organisation
SAT0000406,POST_MATCH,M003,2025-10-15,2025-10-19,EMAIL,R55857134,0,8,9,8,7,9,10,
SAT0000425,POST_MATCH,M004,2025-10-17,2025-10-19,EMAIL,R53911137,1,7,6,4,6,7,8,
SAT0000429,POST_MATCH,M004,2025-10-17,2025-10-19,SMS,R56986558,1,4,8,5,6,8,8,Difficile de trouver sa place
SAT0000433,POST_MATCH,M004,2025-10-17,2025-10-19,EMAIL,R59529282,1,8,6,5,5,6,8,Bon rapport qualite prix
SAT0000436,POST_MATCH,M004,2025-10-17,2025-10-19,QR_SUR_PLACE,R52512338,1,5,6,5,3,7,6,
SAT0000447,POST_MATCH,M004,2025-10-17,2025-10-19,EMAIL,R51008103,1,6,6,5,7,7,7,
SAT0000452,POST_MATCH,M004,2025-10-17,2025-10-19,EMAIL,R54693459,1,7,8,5,4,7,7,
SAT0000455,POST_MATCH,M004,2025-10-17,2025-10-19,EMAIL,R58958713,1,5,8,2,6,6,7,
SAT0000461,POST_MATCH,M004,2025-10-17,2025-10-19,EMAIL,R56692519,1,6,9,4,5,4,6,
SAT0000468,POST_MATCH,M004,2025-10-17,2025-10-19,SMS,R52003136,1,6,8,4,5,6,6,
SAT0000471,POST_MATCH,M004,2025-10-17,2025-10-19,QR_SUR_PLACE,R56992956,1,6,8,3,6,6,7,
SAT0000475,POST_MATCH,M004,2025-10-17,2025-10-19,EMAIL,R51602914,1,5,7,6,5,5,7,
SAT0000478,POST_MATCH,M004,2025-10-17,2025-10-19,EMAIL,R53169129,1,8,6,6,3,6,7,
SAT0000486,POST_MATCH,M004,2025-10-17,2025-10-19,QR_SUR_PLACE,R52933191,1,8,8,5,7,5,7,
SAT0000488,POST_MATCH,M004,2025-10-17,2025-10-19,QR_SUR_PLACE,R53839205,1,8,8,6,7,8,9,
SAT0000490,POST_MATCH,M004,2025-10-17,2025-10-19,EMAIL,R56049683,1,5,6,3,5,6,6,
SAT0000495,POST_MATCH,M004,2025-10-17,2025-10-19,EMAIL,R53985779,1,5,6,4,4,7,5,Peu de choix a la restauration
SAT0000502,POST_MATCH,M004,2025-10-17,2025-10-19,EMAIL,R59654803,1,6,7,5,5,6,7,
SAT0000505,POST_MATCH,M004,2025-10-17,2025-10-19,EMAIL,R54942739,1,5,8,3,6,7,7,
SAT0000508,POST_MATCH,M004,2025-10-17,2025-10-19,EMAIL,R56640136,1,6,8,4,6,6,7,
SAT0000517,POST_MATCH,M004,2025-10-17,2025-10-19,EMAIL,R54752776,1,8,7,5,6,5,7,Bon rapport qualite prix
SAT0000518,POST_MATCH,M004,2025-10-17,2025-10-19,EMAIL,R56008200,1,6,8,7,6,5,6,
SAT0000522,POST_MATCH,M004,2025-10-17,2025-10-19,EMAIL,R59934465,1,6,9,4,6,7,8,
SAT0000527,POST_MATCH,M004,2025-10-17,2025-10-19,SMS,R54991300,1,9,6,5,4,7,8,
SAT0000528,POST_MATCH,M004,2025-10-17,2025-10-19,EMAIL,R55916930,1,4,7,1,6,5,5,Prix des places trop eleve pour ce niveau de match
SAT0000535,POST_MATCH,M004,2025-10-17,2025-10-19,EMAIL,R51643161,1,9,7,3,6,7,7,"Super ambiance, on reviendra"
SAT0000539,POST_MATCH,M004,2025-10-17,2025-10-19,QR_SUR_PLACE,R53205698,1,7,7,5,6,7,9,
SAT0000540,POST_MATCH,M004,2025-10-17,2025-10-19,SMS,R53605987,1,8,8,4,3,6,9,
SAT0000550,POST_MATCH,M004,2025-10-17,2025-10-19,EMAIL,R55324906,1,5,8,3,4,5,6,File d'attente interminable a l'entree
SAT0000553,POST_MATCH,M004,2025-10-17,2025-10-19,EMAIL,R59892178,0,7,9,6,5,4,6,
SAT0000564,POST_MATCH,M004,2025-10-17,2025-10-19,EMAIL,R54140466,0,7,8,5,6,6,7,
SAT0000565,POST_MATCH,M004,2025-10-17,2025-10-19,EMAIL,R58731223,0,6,8,5,6,6,6,
SAT0000569,POST_MATCH,M004,2025-10-17,2025-10-19,SMS,R55854883,1,4,8,1,3,7,9,Prix des places trop eleve pour ce niveau de match
SAT0000575,POST_MATCH,M004,2025-10-17,2025-10-19,EMAIL,R59423980,1,7,9,4,6,8,7,
SAT0000582,POST_MATCH,M004,2025-10-17,2025-10-19,SMS,R56419188,0,6,6,3,5,6,5,
SAT0000588,POST_MATCH,M004,2025-10-17,2025-10-19,EMAIL,R52770468,1,5,6,5,4,7,5,
SAT0000591,POST_MATCH,M004,2025-10-17,2025-10-19,EMAIL,R54211775,0,7,8,4,5,5,8,
SAT0000592,POST_MATCH,M004,2025-10-17,2025-10-19,EMAIL,R57222218,0,5,7,5,6,7,5,Trop d'attente aux buvettes
SAT0000601,POST_MATCH,M004,2025-10-17,2025-10-19,EMAIL,R54902415,0,4,8,3,5,5,7,
SAT0000256,POST_MATCH,M003,2025-10-15,2025-10-20,SMS,R55701097,1,7,9,8,6,9,9,
SAT0000273,POST_MATCH,M003,2025-10-15,2025-10-20,EMAIL,R51626007,1,8,8,8,8,7,7,
SAT0000275,POST_MATCH,M003,2025-10-15,2025-10-20,EMAIL,R54693459,1,7,9,8,6,8,8,
SAT0000292,POST_MATCH,M003,2025-10-15,2025-10-20,SMS,R59219985,1,8,8,6,7,10,10,
SAT0000294,POST_MATCH,M003,2025-10-15,2025-10-20,EMAIL,R51804591,1,9,7,7,4,6,8,
SAT0000318,POST_MATCH,M003,2025-10-15,2025-10-20,EMAIL,R55560576,1,7,8,7,6,9,8,
SAT0000321,POST_MATCH,M003,2025-10-15,2025-10-20,QR_SUR_PLACE,R56723437,1,9,7,5,7,9,10,
SAT0000335,POST_MATCH,M003,2025-10-15,2025-10-20,EMAIL,R53757877,1,9,7,7,8,8,9,
SAT0000361,POST_MATCH,M003,2025-10-15,2025-10-20,SMS,R56301961,1,10,9,9,6,9,9,
SAT0000371,POST_MATCH,M003,2025-10-15,2025-10-20,EMAIL,R53853706,1,7,8,6,7,7,8,
SAT0000401,POST_MATCH,M003,2025-10-15,2025-10-20,QR_SUR_PLACE,R59412812,0,10,10,9,5,8,10,
SAT0000415,POST_MATCH,M003,2025-10-15,2025-10-20,SMS,R54169267,0,7,8,6,6,9,9,
SAT0000434,POST_MATCH,M004,2025-10-17,2025-10-20,EMAIL,R59746284,1,6,6,4,6,7,6,
SAT0000435,POST_MATCH,M004,2025-10-17,2025-10-20,SMS,R52308209,1,6,7,6,6,8,7,
SAT0000438,POST_MATCH,M004,2025-10-17,2025-10-20,EMAIL,R53473522,1,5,5,6,6,6,6,Prix des places trop eleve pour ce niveau de match
SAT0000444,POST_MATCH,M004,2025-10-17,2025-10-20,EMAIL,R58357906,1,7,8,3,7,6,6,
SAT0000451,POST_MATCH,M004,2025-10-17,2025-10-20,EMAIL,R54234935,1,6,6,5,6,7,7,
SAT0000458,POST_MATCH,M004,2025-10-17,2025-10-20,EMAIL,R51485084,1,6,7,4,5,6,6,
SAT0000463,POST_MATCH,M004,2025-10-17,2025-10-20,QR_SUR_PLACE,R57932005,0,7,7,3,6,6,6,
SAT0000476,POST_MATCH,M004,2025-10-17,2025-10-20,EMAIL,R51636629,1,6,8,6,5,7,9,
SAT0000489,POST_MATCH,M004,2025-10-17,2025-10-20,QR_SUR_PLACE,R54436267,1,7,8,5,7,6,8,
SAT0000498,POST_MATCH,M004,2025-10-17,2025-10-20,EMAIL,R55482112,1,4,6,6,5,6,6,
SAT0000506,POST_MATCH,M004,2025-10-17,2025-10-20,SMS,R55007104,1,5,6,4,4,5,6,Prix des places trop eleve pour ce niveau de match
SAT0000523,POST_MATCH,M004,2025-10-17,2025-10-20,EMAIL,R52285518,1,6,8,5,5,4,7,
SAT0000531,POST_MATCH,M004,2025-10-17,2025-10-20,EMAIL,R56973742,1,6,7,4,6,7,6,
SAT0000533,POST_MATCH,M004,2025-10-17,2025-10-20,EMAIL,R51155826,1,7,6,6,4,4,7,
SAT0000536,POST_MATCH,M004,2025-10-17,2025-10-20,SMS,R51854033,1,6,7,3,5,5,5,
SAT0000545,POST_MATCH,M004,2025-10-17,2025-10-20,EMAIL,R59613387,1,7,7,6,3,7,8,Correct dans l'ensemble
SAT0000551,POST_MATCH,M004,2025-10-17,2025-10-20,EMAIL,R56693735,1,6,6,3,5,6,9,
SAT0000561,POST_MATCH,M004,2025-10-17,2025-10-20,EMAIL,R52697387,0,7,6,2,7,6,7,
SAT0000573,POST_MATCH,M004,2025-10-17,2025-10-20,QR_SUR_PLACE,R59957836,0,6,8,4,4,7,8,
SAT0000578,POST_MATCH,M004,2025-10-17,2025-10-20,EMAIL,R53818028,0,7,9,4,5,5,7,
SAT0000586,POST_MATCH,M004,2025-10-17,2025-10-20,SMS,R54916926,0,5,7,3,5,7,7,
SAT0000590,POST_MATCH,M004,2025-10-17,2025-10-20,SMS,R57962444,1,7,8,4,4,7,7,
SAT0000597,POST_MATCH,M004,2025-10-17,2025-10-20,QR_SUR_PLACE,R53071250,1,6,6,3,7,5,4,
SAT0000603,POST_MATCH,M005,2025-10-19,2025-10-20,EMAIL,R51908466,1,6,9,6,6,9,8,
SAT0000608,POST_MATCH,M005,2025-10-19,2025-10-20,EMAIL,R59670885,1,8,7,7,7,10,7,
SAT0000609,POST_MATCH,M005,2025-10-19,2025-10-20,EMAIL,R51160673,1,8,8,7,9,8,9,"Super ambiance, on reviendra"
SAT0000610,POST_MATCH,M005,2025-10-19,2025-10-20,EMAIL,R51367254,1,7,8,8,7,10,8,Sans plus
SAT0000611,POST_MATCH,M005,2025-10-19,2025-10-20,EMAIL,R51577513,1,9,8,6,7,10,8,
SAT0000613,POST_MATCH,M005,2025-10-19,2025-10-20,EMAIL,R52873395,1,8,5,7,7,10,9,Match intense du debut a la fin
SAT0000618,POST_MATCH,M005,2025-10-19,2025-10-20,SMS,R57516870,1,8,9,7,7,9,10,Match intense du debut a la fin
SAT0000620,POST_MATCH,M005,2025-10-19,2025-10-20,SMS,R59997681,1,6,8,5,9,9,7,
SAT0000621,POST_MATCH,M005,2025-10-19,2025-10-20,EMAIL,R52634392,1,8,5,7,8,10,7,
SAT0000622,POST_MATCH,M005,2025-10-19,2025-10-20,EMAIL,R52831165,1,6,6,6,6,8,7,
SAT0000624,POST_MATCH,M005,2025-10-19,2025-10-20,EMAIL,R54420674,1,9,9,8,6,10,9,
SAT0000625,POST_MATCH,M005,2025-10-19,2025-10-20,QR_SUR_PLACE,R55839769,1,8,8,8,7,10,9,L'ambiance dans les tribunes vaut le deplacement
SAT0000626,POST_MATCH,M005,2025-10-19,2025-10-20,SMS,R58108482,1,10,6,7,7,9,9,
SAT0000629,POST_MATCH,M005,2025-10-19,2025-10-20,EMAIL,R51028399,1,7,8,7,8,9,9,
SAT0000631,POST_MATCH,M005,2025-10-19,2025-10-20,EMAIL,R52780353,1,8,8,8,6,10,8,Tres bonne organisation
SAT0000635,POST_MATCH,M005,2025-10-19,2025-10-20,EMAIL,R55345145,1,8,6,4,7,9,9,"Super ambiance, on reviendra"
SAT0000638,POST_MATCH,M005,2025-10-19,2025-10-20,SMS,R57315327,1,7,9,6,7,9,9,
SAT0000642,POST_MATCH,M005,2025-10-19,2025-10-20,EMAIL,R52820265,1,7,7,8,10,9,7,
SAT0000645,POST_MATCH,M005,2025-10-19,2025-10-20,EMAIL,R55724659,1,8,8,8,7,10,8,
SAT0000646,POST_MATCH,M005,2025-10-19,2025-10-20,EMAIL,R55794541,1,7,7,6,7,9,7,
SAT0000649,POST_MATCH,M005,2025-10-19,2025-10-20,QR_SUR_PLACE,R58893869,1,9,7,6,6,10,9,
SAT0000651,POST_MATCH,M005,2025-10-19,2025-10-20,EMAIL,R51012595,1,9,8,6,6,9,10,
SAT0000653,POST_MATCH,M005,2025-10-19,2025-10-20,EMAIL,R53733089,1,9,7,7,6,9,8,Match intense du debut a la fin
SAT0000654,POST_MATCH,M005,2025-10-19,2025-10-20,SMS,R54273755,1,8,10,7,7,8,9,Match intense du debut a la fin
SAT0000657,POST_MATCH,M005,2025-10-19,2025-10-20,SMS,R55385737,1,6,5,7,6,10,6,
SAT0000659,POST_MATCH,M005,2025-10-19,2025-10-20,EMAIL,R56840999,1,10,8,6,8,10,9,"Super ambiance, on reviendra"
SAT0000660,POST_MATCH,M005,2025-10-19,2025-10-20,EMAIL,R57800344,1,8,8,5,9,9,7,"Super ambiance, on reviendra"
SAT0000662,POST_MATCH,M005,2025-10-19,2025-10-20,EMAIL,R59483029,1,7,7,9,7,9,10,
SAT0000665,POST_MATCH,M005,2025-10-19,2025-10-20,EMAIL,R52771359,1,8,7,7,6,10,9,L'ambiance dans les tribunes vaut le deplacement
SAT0000666,POST_MATCH,M005,2025-10-19,2025-10-20,EMAIL,R52792201,1,7,8,7,8,9,9,
SAT0000667,POST_MATCH,M005,2025-10-19,2025-10-20,EMAIL,R54617715,1,8,10,7,7,8,10,Match intense du debut a la fin
SAT0000668,POST_MATCH,M005,2025-10-19,2025-10-20,SMS,R55843102,1,8,6,8,7,8,7,
SAT0000669,POST_MATCH,M005,2025-10-19,2025-10-20,EMAIL,R56541309,1,7,7,7,8,9,8,
SAT0000673,POST_MATCH,M005,2025-10-19,2025-10-20,SMS,R53757130,1,8,7,7,8,10,8,
SAT0000675,POST_MATCH,M005,2025-10-19,2025-10-20,EMAIL,R55567932,1,6,8,8,7,10,10,
SAT0000676,POST_MATCH,M005,2025-10-19,2025-10-20,SMS,R56680527,1,8,6,4,7,10,6,
SAT0000679,POST_MATCH,M005,2025-10-19,2025-10-20,EMAIL,R58414091,1,8,9,5,6,9,8,L'ambiance dans les tribunes vaut le deplacement
SAT0000680,POST_MATCH,M005,2025-10-19,2025-10-20,QR_SUR_PLACE,R59659707,1,8,7,7,6,10,10,
SAT0000681,POST_MATCH,M005,2025-10-19,2025-10-20,EMAIL,R52019342,1,8,7,8,6,7,7,
SAT0000683,POST_MATCH,M005,2025-10-19,2025-10-20,EMAIL,R53632758,1,7,7,8,8,8,8,
SAT0000684,POST_MATCH,M005,2025-10-19,2025-10-20,EMAIL,R53897574,1,8,8,6,8,10,9,
SAT0000685,POST_MATCH,M005,2025-10-19,2025-10-20,SMS,R56044913,1,7,8,7,8,9,7,
SAT0000686,POST_MATCH,M005,2025-10-19,2025-10-20,EMAIL,R56663430,1,7,8,8,7,9,7,
SAT0000694,POST_MATCH,M005,2025-10-19,2025-10-20,EMAIL,R54450567,1,8,8,7,5,10,10,
SAT0000698,POST_MATCH,M005,2025-10-19,2025-10-20,QR_SUR_PLACE,R56882951,1,5,8,7,9,10,9,
SAT0000700,POST_MATCH,M005,2025-10-19,2025-10-20,EMAIL,R57392967,1,8,6,7,6,9,7,
SAT0000703,POST_MATCH,M005,2025-10-19,2025-10-20,SMS,R59824125,1,8,8,6,8,10,10,
SAT0000705,POST_MATCH,M005,2025-10-19,2025-10-20,QR_SUR_PLACE,R52278162,1,8,7,6,8,10,8,Tres bonne organisation
SAT0000706,POST_MATCH,M005,2025-10-19,2025-10-20,EMAIL,R52470031,1,8,7,7,7,10,9,Bon rapport qualite prix
SAT0000709,POST_MATCH,M005,2025-10-19,2025-10-20,EMAIL,R54725871,1,8,9,7,8,9,8,Bon rapport qualite prix
SAT0000711,POST_MATCH,M005,2025-10-19,2025-10-20,QR_SUR_PLACE,R56619428,1,7,6,8,8,10,8,Sans plus
SAT0000717,POST_MATCH,M005,2025-10-19,2025-10-20,EMAIL,R51496041,1,8,6,8,7,9,9,"Super ambiance, on reviendra"
SAT0000718,POST_MATCH,M005,2025-10-19,2025-10-20,SMS,R51643161,1,6,7,5,8,9,7,
SAT0000719,POST_MATCH,M005,2025-10-19,2025-10-20,EMAIL,R53241252,1,7,8,7,7,10,10,
SAT0000722,POST_MATCH,M005,2025-10-19,2025-10-20,EMAIL,R57116025,1,8,10,7,7,10,10,Tres bonne organisation
SAT0000724,POST_MATCH,M005,2025-10-19,2025-10-20,QR_SUR_PLACE,R51672652,1,8,8,8,6,10,10,Bon rapport qualite prix
SAT0000725,POST_MATCH,M005,2025-10-19,2025-10-20,EMAIL,R52592152,1,7,4,6,7,9,8,
SAT0000737,POST_MATCH,M005,2025-10-19,2025-10-20,EMAIL,R55820421,0,9,10,6,6,9,9,
SAT0000740,POST_MATCH,M005,2025-10-19,2025-10-20,EMAIL,R57537434,0,10,10,7,6,9,9,
SAT0000742,POST_MATCH,M005,2025-10-19,2025-10-20,EMAIL,R55716000,0,7,8,8,8,9,8,
SAT0000745,POST_MATCH,M005,2025-10-19,2025-10-20,EMAIL,R53753519,0,8,8,6,6,10,10,
SAT0000422,POST_MATCH,M004,2025-10-17,2025-10-21,EMAIL,R52111369,1,7,6,3,6,7,8,
SAT0000440,POST_MATCH,M004,2025-10-17,2025-10-21,EMAIL,R56275545,1,8,7,2,3,6,8,L'ambiance dans les tribunes vaut le deplacement
SAT0000443,POST_MATCH,M004,2025-10-17,2025-10-21,SMS,R58223046,1,7,7,2,5,5,7,
SAT0000445,POST_MATCH,M004,2025-10-17,2025-10-21,EMAIL,R59580841,1,8,6,2,4,8,6,Rien a signaler
SAT0000448,POST_MATCH,M004,2025-10-17,2025-10-21,SMS,R51643171,1,7,5,4,5,6,8,
SAT0000456,POST_MATCH,M004,2025-10-17,2025-10-21,EMAIL,R59637917,1,9,5,6,5,8,7,
SAT0000459,POST_MATCH,M004,2025-10-17,2025-10-21,EMAIL,R53723147,1,6,6,2,6,7,6,
SAT0000480,POST_MATCH,M004,2025-10-17,2025-10-21,EMAIL,R54780093,1,6,7,6,6,7,7,
SAT0000482,POST_MATCH,M004,2025-10-17,2025-10-21,EMAIL,R57800344,1,6,7,4,4,8,5,
SAT0000484,POST_MATCH,M004,2025-10-17,2025-10-21,EMAIL,R58390050,1,4,8,4,7,5,7,Trop d'attente aux buvettes
SAT0000494,POST_MATCH,M004,2025-10-17,2025-10-21,EMAIL,R53337225,1,7,4,3,4,7,5,
SAT0000509,POST_MATCH,M004,2025-10-17,2025-10-21,EMAIL,R58454003,1,6,6,6,5,5,7,
SAT0000525,POST_MATCH,M004,2025-10-17,2025-10-21,SMS,R52804729,1,7,7,3,3,7,8,
SAT0000546,POST_MATCH,M004,2025-10-17,2025-10-21,SMS,R52860646,1,8,5,4,6,5,4,Rien a signaler
SAT0000554,POST_MATCH,M004,2025-10-17,2025-10-21,EMAIL,R52405800,1,4,6,5,4,8,4,Trop d'attente aux buvettes
SAT0000560,POST_MATCH,M004,2025-10-17,2025-10-21,QR_SUR_PLACE,R54841192,1,5,5,5,6,5,7,File d'attente interminable a l'entree
SAT0000574,POST_MATCH,M004,2025-10-17,2025-10-21,EMAIL,R58811037,0,7,7,3,8,6,7,
SAT0000593,POST_MATCH,M004,2025-10-17,2025-10-21,EMAIL,R54119691,0,6,6,7,4,6,4,
SAT0000595,POST_MATCH,M004,2025-10-17,2025-10-21,EMAIL,R53415344,0,6,8,6,4,9,8,
SAT0000598,POST_MATCH,M004,2025-10-17,2025-10-21,SMS,R53115185,1,5,6,3,5,6,4,
SAT0000602,POST_MATCH,M005,2025-10-19,2025-10-21,QR_SUR_PLACE,R51697594,1,10,8,7,5,9,10,Rien a signaler
SAT0000604,POST_MATCH,M005,2025-10-19,2025-10-21,QR_SUR_PLACE,R52872715,1,9,9,8,8,10,10,Match intense du debut a la fin
SAT0000612,POST_MATCH,M005,2025-10-19,2025-10-21,EMAIL,R51994966,1,8,7,8,8,9,7,
SAT0000615,POST_MATCH,M005,2025-10-19,2025-10-21,EMAIL,R53473522,1,8,8,7,8,8,7,"Premiere fois ici, tres agreable surprise"
SAT0000617,POST_MATCH,M005,2025-10-19,2025-10-21,SMS,R54331109,1,6,7,6,7,10,8,
SAT0000630,POST_MATCH,M005,2025-10-19,2025-10-21,QR_SUR_PLACE,R51577034,1,8,8,7,9,8,8,
SAT0000634,POST_MATCH,M005,2025-10-19,2025-10-21,SMS,R54573991,1,7,6,8,7,8,6,
SAT0000636,POST_MATCH,M005,2025-10-19,2025-10-21,EMAIL,R55899297,1,7,5,5,7,8,5,
SAT0000637,POST_MATCH,M005,2025-10-19,2025-10-21,SMS,R57303067,1,8,4,7,6,10,8,Match intense du debut a la fin
SAT0000639,POST_MATCH,M005,2025-10-19,2025-10-21,EMAIL,R57665350,1,7,10,7,7,10,10,
SAT0000641,POST_MATCH,M005,2025-10-19,2025-10-21,EMAIL,R59964713,1,8,7,8,6,9,7,"Premiere fois ici, tres agreable surprise"
SAT0000647,POST_MATCH,M005,2025-10-19,2025-10-21,QR_SUR_PLACE,R56587763,1,8,8,7,8,9,8,
SAT0000648,POST_MATCH,M005,2025-10-19,2025-10-21,EMAIL,R57078776,1,8,10,6,8,8,10,L'ambiance dans les tribunes vaut le deplacement
SAT0000652,POST_MATCH,M005,2025-10-19,2025-10-21,SMS,R51369361,1,7,7,6,9,10,7,
SAT0000664,POST_MATCH,M005,2025-10-19,2025-10-21,EMAIL,R51811401,1,9,8,8,8,10,10,
SAT0000670,POST_MATCH,M005,2025-10-19,2025-10-21,EMAIL,R57156761,1,8,7,8,6,10,10,
SAT0000677,POST_MATCH,M005,2025-10-19,2025-10-21,QR_SUR_PLACE,R56816000,1,8,8,8,9,10,10,
SAT0000678,POST_MATCH,M005,2025-10-19,2025-10-21,EMAIL,R58069585,1,7,9,7,7,10,7,
SAT0000689,POST_MATCH,M005,2025-10-19,2025-10-21,EMAIL,R58757438,1,10,8,4,5,9,10,Tres bonne organisation
SAT0000691,POST_MATCH,M005,2025-10-19,2025-10-21,SMS,R51612990,1,8,9,7,8,9,10,
SAT0000692,POST_MATCH,M005,2025-10-19,2025-10-21,EMAIL,R52373110,1,10,7,6,5,9,9,Bon rapport qualite prix
SAT0000696,POST_MATCH,M005,2025-10-19,2025-10-21,EMAIL,R55342482,1,9,7,9,5,10,8,
SAT0000697,POST_MATCH,M005,2025-10-19,2025-10-21,EMAIL,R56053562,1,7,6,7,6,9,9,
SAT0000701,POST_MATCH,M005,2025-10-19,2025-10-21,SMS,R57962444,1,7,7,8,7,10,8,
SAT0000704,POST_MATCH,M005,2025-10-19,2025-10-21,EMAIL,R51806152,1,8,5,8,8,9,8,Rien a signaler
SAT0000708,POST_MATCH,M005,2025-10-19,2025-10-21,EMAIL,R53134523,1,9,6,7,7,9,9,
SAT0000710,POST_MATCH,M005,2025-10-19,2025-10-21,EMAIL,R56106960,1,9,9,5,8,10,10,
SAT0000714,POST_MATCH,M005,2025-10-19,2025-10-21,EMAIL,R58341345,1,9,9,4,8,9,8,Tres bonne organisation
SAT0000715,POST_MATCH,M005,2025-10-19,2025-10-21,EMAIL,R58932890,1,7,9,5,7,10,10,Sans plus
SAT0000723,POST_MATCH,M005,2025-10-19,2025-10-21,EMAIL,R57174260,1,7,8,6,6,10,7,
SAT0000728,POST_MATCH,M005,2025-10-19,2025-10-21,QR_SUR_PLACE,R53957303,1,9,9,6,6,10,10,
SAT0000729,POST_MATCH,M005,2025-10-19,2025-10-21,EMAIL,R54040671,1,8,7,6,5,10,7,
SAT0000733,POST_MATCH,M005,2025-10-19,2025-10-21,EMAIL,R56495123,1,8,7,6,7,10,9,
SAT0000736,POST_MATCH,M005,2025-10-19,2025-10-21,SMS,R59339443,1,7,8,4,6,9,8,
SAT0000743,POST_MATCH,M005,2025-10-19,2025-10-21,EMAIL,R57211864,0,6,10,7,9,10,8,
SAT0000744,POST_MATCH,M005,2025-10-19,2025-10-21,EMAIL,R57741084,1,7,8,9,8,8,7,
SAT0000264,POST_MATCH,M003,2025-10-15,2025-10-22,SMS,R52585898,1,8,6,8,7,8,6,Tres bonne organisation
SAT0000319,POST_MATCH,M003,2025-10-15,2025-10-22,EMAIL,R56185223,1,10,5,9,8,8,9,
SAT0000356,POST_MATCH,M003,2025-10-15,2025-10-22,QR_SUR_PLACE,R51604542,1,5,8,7,7,7,7,Difficile de trouver sa place
SAT0000379,POST_MATCH,M003,2025-10-15,2025-10-22,SMS,R58299795,1,9,7,6,9,10,10,Rien a signaler
SAT0000394,POST_MATCH,M003,2025-10-15,2025-10-22,EMAIL,R57761725,0,7,10,5,8,10,8,
SAT0000400,POST_MATCH,M003,2025-10-15,2025-10-22,EMAIL,R53320885,0,8,9,7,6,9,8,
SAT0000427,POST_MATCH,M004,2025-10-17,2025-10-22,SMS,R55609147,1,5,6,4,5,8,6,Sonorisation trop forte
SAT0000430,POST_MATCH,M004,2025-10-17,2025-10-22,SMS,R58300217,1,7,7,5,5,4,5,
SAT0000449,POST_MATCH,M004,2025-10-17,2025-10-22,EMAIL,R52286821,1,6,10,5,6,5,7,
SAT0000454,POST_MATCH,M004,2025-10-17,2025-10-22,EMAIL,R58380654,1,9,6,6,5,5,6,Tres bonne organisation
SAT0000469,POST_MATCH,M004,2025-10-17,2025-10-22,QR_SUR_PLACE,R53356640,1,5,5,3,5,6,5,Rien a signaler
SAT0000496,POST_MATCH,M004,2025-10-17,2025-10-22,SMS,R54824976,1,7,6,4,5,7,7,
SAT0000513,POST_MATCH,M004,2025-10-17,2025-10-22,EMAIL,R59608282,1,5,7,5,5,7,8,Peu de choix a la restauration
SAT0000514,POST_MATCH,M004,2025-10-17,2025-10-22,EMAIL,R59795860,1,5,7,5,4,7,8,Peu de choix a la restauration
SAT0000516,POST_MATCH,M004,2025-10-17,2025-10-22,EMAIL,R54350035,1,8,7,3,4,6,8,Bon rapport qualite prix
SAT0000521,POST_MATCH,M004,2025-10-17,2025-10-22,EMAIL,R58593221,1,6,9,4,5,3,7,
SAT0000542,POST_MATCH,M004,2025-10-17,2025-10-22,QR_SUR_PLACE,R54996271,1,6,7,2,6,6,7,
SAT0000571,POST_MATCH,M004,2025-10-17,2025-10-22,EMAIL,R55729496,0,6,7,3,6,5,7,
SAT0000576,POST_MATCH,M004,2025-10-17,2025-10-22,EMAIL,R58811037,1,5,9,5,5,7,7,
SAT0000579,POST_MATCH,M004,2025-10-17,2025-10-22,QR_SUR_PLACE,R55398878,1,8,8,5,8,6,6,
SAT0000589,POST_MATCH,M004,2025-10-17,2025-10-22,EMAIL,R51961864,0,4,8,2,4,5,6,
SAT0000632,POST_MATCH,M005,2025-10-19,2025-10-22,QR_SUR_PLACE,R52782192,1,8,7,9,7,10,8,
SAT0000633,POST_MATCH,M005,2025-10-19,2025-10-22,QR_SUR_PLACE,R54184123,1,8,8,5,7,10,9,
SAT0000640,POST_MATCH,M005,2025-10-19,2025-10-22,EMAIL,R58042958,1,9,7,7,7,8,9,
SAT0000643,POST_MATCH,M005,2025-10-19,2025-10-22,EMAIL,R53576707,1,8,9,8,7,10,9,
SAT0000650,POST_MATCH,M005,2025-10-19,2025-10-22,QR_SUR_PLACE,R59810304,1,7,6,7,8,7,7,
SAT0000655,POST_MATCH,M005,2025-10-19,2025-10-22,SMS,R54799096,1,7,7,9,8,9,8,
SAT0000656,POST_MATCH,M005,2025-10-19,2025-10-22,EMAIL,R55101305,1,9,8,6,6,10,8,
SAT0000663,POST_MATCH,M005,2025-10-19,2025-10-22,EMAIL,R59567010,1,9,9,8,8,10,8,
SAT0000672,POST_MATCH,M005,2025-10-19,2025-10-22,EMAIL,R58707651,1,8,8,7,6,9,10,
SAT0000674,POST_MATCH,M005,2025-10-19,2025-10-22,EMAIL,R54572420,1,7,9,7,7,9,9,
SAT0000682,POST_MATCH,M005,2025-10-19,2025-10-22,QR_SUR_PLACE,R52405532,1,6,9,7,9,10,10,
SAT0000716,POST_MATCH,M005,2025-10-19,2025-10-22,SMS,R51235516,1,8,7,7,6,9,9,"Premiere fois ici, tres agreable surprise"
SAT0000720,POST_MATCH,M005,2025-10-19,2025-10-22,EMAIL,R54165043,1,10,8,8,7,10,10,
SAT0000726,POST_MATCH,M005,2025-10-19,2025-10-22,SMS,R53408668,1,7,7,6,8,9,8,
SAT0000727,POST_MATCH,M005,2025-10-19,2025-10-22,QR_SUR_PLACE,R53616475,1,7,7,7,9,10,9,
SAT0000731,POST_MATCH,M005,2025-10-19,2025-10-22,EMAIL,R54124652,1,8,9,6,7,10,10,"Premiere fois ici, tres agreable surprise"
SAT0000735,POST_MATCH,M005,2025-10-19,2025-10-22,QR_SUR_PLACE,R59249332,1,8,6,7,7,10,10,
SAT0000738,POST_MATCH,M005,2025-10-19,2025-10-22,EMAIL,R58283388,0,9,8,7,7,8,9,Tres bonne organisation
SAT0000741,POST_MATCH,M005,2025-10-19,2025-10-22,EMAIL,R51790214,1,8,6,7,7,10,9,
SAT0000606,POST_MATCH,M005,2025-10-19,2025-10-23,SMS,R55519649,1,9,7,10,6,10,10,"Super ambiance, on reviendra"
SAT0000607,POST_MATCH,M005,2025-10-19,2025-10-23,QR_SUR_PLACE,R58864177,1,8,7,7,9,9,8,
SAT0000614,POST_MATCH,M005,2025-10-19,2025-10-23,EMAIL,R53323950,1,9,10,7,7,10,9,Rien a signaler
SAT0000623,POST_MATCH,M005,2025-10-19,2025-10-23,SMS,R54073103,1,6,6,6,8,10,8,
SAT0000627,POST_MATCH,M005,2025-10-19,2025-10-23,EMAIL,R59831625,1,7,8,8,7,7,6,
SAT0000628,POST_MATCH,M005,2025-10-19,2025-10-23,EMAIL,R59934609,1,7,7,7,7,10,10,
SAT0000644,POST_MATCH,M005,2025-10-19,2025-10-23,EMAIL,R54224035,1,6,8,7,7,9,9,
SAT0000661,POST_MATCH,M005,2025-10-19,2025-10-23,SMS,R58632798,1,8,7,7,8,10,9,
SAT0000687,POST_MATCH,M005,2025-10-19,2025-10-23,QR_SUR_PLACE,R56793999,1,7,9,7,7,6,6,
SAT0000688,POST_MATCH,M005,2025-10-19,2025-10-23,EMAIL,R57887591,1,10,9,6,8,9,10,
SAT0000693,POST_MATCH,M005,2025-10-19,2025-10-23,SMS,R54264828,1,8,7,7,8,10,8,
SAT0000730,POST_MATCH,M005,2025-10-19,2025-10-23,EMAIL,R54081742,1,8,7,6,9,9,7,L'ambiance dans les tribunes vaut le deplacement
SAT0000732,POST_MATCH,M005,2025-10-19,2025-10-23,QR_SUR_PLACE,R55745424,1,8,9,6,8,9,9,
SAT0000734,POST_MATCH,M005,2025-10-19,2025-10-23,EMAIL,R58529057,1,10,10,7,6,7,9,
SAT0000473,POST_MATCH,M004,2025-10-17,2025-10-24,QR_SUR_PLACE,R58353203,1,4,6,5,6,6,6,File d'attente interminable a l'entree
SAT0000477,POST_MATCH,M004,2025-10-17,2025-10-24,QR_SUR_PLACE,R52391845,1,6,7,5,6,6,9,Correct dans l'ensemble
SAT0000483,POST_MATCH,M004,2025-10-17,2025-10-24,EMAIL,R58311586,1,6,6,6,7,7,7,
SAT0000497,POST_MATCH,M004,2025-10-17,2025-10-24,SMS,R55277370,1,5,8,3,5,7,5,
SAT0000524,POST_MATCH,M004,2025-10-17,2025-10-24,EMAIL,R52452254,1,9,9,4,7,4,7,
SAT0000529,POST_MATCH,M004,2025-10-17,2025-10-24,SMS,R56593069,1,5,8,3,6,6,7,Peu de choix a la restauration
SAT0000559,POST_MATCH,M004,2025-10-17,2025-10-24,QR_SUR_PLACE,R59282377,0,7,7,5,5,5,7,
SAT0000583,POST_MATCH,M004,2025-10-17,2025-10-24,EMAIL,R51244587,0,8,9,2,5,5,7,Match intense du debut a la fin
SAT0000605,POST_MATCH,M005,2025-10-19,2025-10-24,EMAIL,R54912166,1,9,8,7,9,10,10,
SAT0000619,POST_MATCH,M005,2025-10-19,2025-10-24,EMAIL,R59238174,1,8,7,8,8,10,9,
SAT0000658,POST_MATCH,M005,2025-10-19,2025-10-24,QR_SUR_PLACE,R55989542,1,7,8,9,7,8,8,
SAT0000671,POST_MATCH,M005,2025-10-19,2025-10-24,SMS,R58499231,1,8,7,9,6,10,9,L'ambiance dans les tribunes vaut le deplacement
SAT0000695,POST_MATCH,M005,2025-10-19,2025-10-24,EMAIL,R54491638,1,8,8,7,7,8,7,Bon rapport qualite prix
SAT0000699,POST_MATCH,M005,2025-10-19,2025-10-24,EMAIL,R57095049,1,8,6,7,8,7,6,
SAT0000707,POST_MATCH,M005,2025-10-19,2025-10-24,EMAIL,R52997824,1,7,7,7,6,10,9,
SAT0000713,POST_MATCH,M005,2025-10-19,2025-10-24,EMAIL,R57244075,1,6,8,5,7,10,9,
SAT0000739,POST_MATCH,M005,2025-10-19,2025-10-24,QR_SUR_PLACE,R53631120,0,8,7,7,7,7,7,
SAT0000616,POST_MATCH,M005,2025-10-19,2025-10-26,SMS,R53479652,1,7,9,8,7,8,8,
SAT0000690,POST_MATCH,M005,2025-10-19,2025-10-26,EMAIL,R59128916,1,10,8,7,7,10,10,Tres bonne organisation
SAT0000702,POST_MATCH,M005,2025-10-19,2025-10-26,QR_SUR_PLACE,R58749536,1,8,5,7,8,8,6,Tres bonne organisation
SAT0000712,POST_MATCH,M005,2025-10-19,2025-10-26,EMAIL,R57204230,1,6,7,7,5,10,9,
SAT0000721,POST_MATCH,M005,2025-10-19,2025-10-26,QR_SUR_PLACE,R56011399,1,7,8,8,5,8,9,
SAT0000746,POST_MATCH,M006,2025-10-28,2025-10-29,EMAIL,R52017580,1,6,8,5,5,6,6,
SAT0000749,POST_MATCH,M006,2025-10-28,2025-10-29,SMS,R55519036,1,6,7,6,6,9,8,
SAT0000752,POST_MATCH,M006,2025-10-28,2025-10-29,EMAIL,R59551963,1,6,6,3,6,9,8,
SAT0000753,POST_MATCH,M006,2025-10-28,2025-10-29,EMAIL,R59746284,1,7,7,4,6,8,6,
SAT0000755,POST_MATCH,M006,2025-10-28,2025-10-29,QR_SUR_PLACE,R51276530,1,6,6,8,8,8,8,
SAT0000759,POST_MATCH,M006,2025-10-28,2025-10-29,EMAIL,R53580184,1,5,6,5,7,9,8,
SAT0000761,POST_MATCH,M006,2025-10-28,2025-10-29,EMAIL,R54331109,1,6,7,3,5,8,7,
SAT0000763,POST_MATCH,M006,2025-10-28,2025-10-29,EMAIL,R57366685,1,7,5,6,7,9,7,
SAT0000766,POST_MATCH,M006,2025-10-28,2025-10-29,EMAIL,R51978482,1,7,5,6,10,9,9,Correct dans l'ensemble
SAT0000767,POST_MATCH,M006,2025-10-28,2025-10-29,EMAIL,R52114568,1,7,8,4,6,8,9,
SAT0000769,POST_MATCH,M006,2025-10-28,2025-10-29,SMS,R52861202,1,6,8,5,5,8,8,
SAT0000777,POST_MATCH,M006,2025-10-28,2025-10-29,EMAIL,R57303067,1,6,6,5,7,6,9,
SAT0000780,POST_MATCH,M006,2025-10-28,2025-10-29,EMAIL,R59691928,1,5,6,4,9,8,8,Trop d'attente aux buvettes
SAT0000783,POST_MATCH,M006,2025-10-28,2025-10-29,EMAIL,R52701956,1,4,6,6,5,9,7,
SAT0000786,POST_MATCH,M006,2025-10-28,2025-10-29,EMAIL,R53351123,1,7,5,6,8,7,7,
SAT0000787,POST_MATCH,M006,2025-10-28,2025-10-29,EMAIL,R54576510,1,4,6,6,5,9,7,Prix des places trop eleve pour ce niveau de match
SAT0000788,POST_MATCH,M006,2025-10-28,2025-10-29,EMAIL,R56684004,1,7,6,7,6,7,5,
SAT0000790,POST_MATCH,M006,2025-10-28,2025-10-29,EMAIL,R59661345,1,8,6,4,6,7,8,"Premiere fois ici, tres agreable surprise"
SAT0000793,POST_MATCH,M006,2025-10-28,2025-10-29,EMAIL,R52124577,1,6,7,5,8,7,7,Correct dans l'ensemble
SAT0000794,POST_MATCH,M006,2025-10-28,2025-10-29,EMAIL,R52557968,1,7,5,5,7,8,8,
SAT0000796,POST_MATCH,M006,2025-10-28,2025-10-29,EMAIL,R57260291,1,5,6,6,8,9,8,Difficile de trouver sa place
SAT0000797,POST_MATCH,M006,2025-10-28,2025-10-29,QR_SUR_PLACE,R57441739,1,6,6,4,8,6,6,
SAT0000803,POST_MATCH,M006,2025-10-28,2025-10-29,EMAIL,R54259110,1,5,7,5,8,8,6,
SAT0000804,POST_MATCH,M006,2025-10-28,2025-10-29,QR_SUR_PLACE,R55795901,1,7,5,5,7,9,7,
SAT0000805,POST_MATCH,M006,2025-10-28,2025-10-29,EMAIL,R57426481,1,6,5,4,7,6,5,
SAT0000806,POST_MATCH,M006,2025-10-28,2025-10-29,EMAIL,R58330656,1,5,7,6,4,7,7,Prix des places trop eleve pour ce niveau de match
SAT0000813,POST_MATCH,M006,2025-10-28,2025-10-29,EMAIL,R56680527,1,8,7,6,6,9,8,Match intense du debut a la fin
SAT0000815,POST_MATCH,M006,2025-10-28,2025-10-29,EMAIL,R58548951,1,5,7,3,8,7,7,
SAT0000819,POST_MATCH,M006,2025-10-28,2025-10-29,EMAIL,R53894509,1,7,5,5,7,9,7,
SAT0000822,POST_MATCH,M006,2025-10-28,2025-10-29,EMAIL,R56431716,1,7,7,5,6,7,10,Correct dans l'ensemble
SAT0000824,POST_MATCH,M006,2025-10-28,2025-10-29,EMAIL,R57620323,1,7,7,5,7,8,8,
SAT0000825,POST_MATCH,M006,2025-10-28,2025-10-29,EMAIL,R51882097,1,7,7,5,7,9,7,
SAT0000830,POST_MATCH,M006,2025-10-28,2025-10-29,EMAIL,R54411335,1,5,7,5,4,6,6,Difficile de trouver sa place
SAT0000831,POST_MATCH,M006,2025-10-28,2025-10-29,EMAIL,R57339636,1,4,8,4,7,8,7,File d'attente interminable a l'entree
SAT0000833,POST_MATCH,M006,2025-10-28,2025-10-29,EMAIL,R59292041,1,5,4,4,7,8,4,
SAT0000834,POST_MATCH,M006,2025-10-28,2025-10-29,EMAIL,R51754047,1,5,8,5,8,7,6,Prix des places trop eleve pour ce niveau de match
SAT0000838,POST_MATCH,M006,2025-10-28,2025-10-29,QR_SUR_PLACE,R53718099,1,7,6,6,6,6,8,
SAT0000840,POST_MATCH,M006,2025-10-28,2025-10-29,QR_SUR_PLACE,R54456151,1,7,5,7,6,8,9,
SAT0000841,POST_MATCH,M006,2025-10-28,2025-10-29,QR_SUR_PLACE,R54489866,1,7,6,5,8,6,7,
SAT0000843,POST_MATCH,M006,2025-10-28,2025-10-29,EMAIL,R56472921,1,6,6,6,7,8,7,
SAT0000846,POST_MATCH,M006,2025-10-28,2025-10-29,EMAIL,R59390188,1,7,5,5,7,8,8,
SAT0000847,POST_MATCH,M006,2025-10-28,2025-10-29,SMS,R59464974,1,6,6,6,5,9,5,
SAT0000849,POST_MATCH,M006,2025-10-28,2025-10-29,EMAIL,R53205698,1,7,7,4,5,8,9,
SAT0000850,POST_MATCH,M006,2025-10-28,2025-10-29,EMAIL,R53369369,1,8,7,5,6,8,10,
SAT0000851,POST_MATCH,M006,2025-10-28,2025-10-29,EMAIL,R55902898,1,5,6,5,7,9,7,
SAT0000852,POST_MATCH,M006,2025-10-28,2025-10-29,QR_SUR_PLACE,R56403106,1,6,9,4,8,6,4,
SAT0000854,POST_MATCH,M006,2025-10-28,2025-10-29,EMAIL,R56754355,1,3,7,6,6,6,7,Sonorisation trop forte
SAT0000856,POST_MATCH,M006,2025-10-28,2025-10-29,EMAIL,R58622779,1,6,7,4,7,8,5,
SAT0000858,POST_MATCH,M006,2025-10-28,2025-10-29,EMAIL,R56957938,1,5,5,6,7,7,6,
SAT0000859,POST_MATCH,M006,2025-10-28,2025-10-29,EMAIL,R56964011,0,7,5,6,7,8,7,
SAT0000860,POST_MATCH,M006,2025-10-28,2025-10-29,EMAIL,R56072029,0,6,7,7,5,8,7,
SAT0000864,POST_MATCH,M006,2025-10-28,2025-10-29,EMAIL,R59540852,1,5,6,5,6,7,7,Prix des places trop eleve pour ce niveau de match
SAT0000866,POST_MATCH,M006,2025-10-28,2025-10-29,EMAIL,R55367280,0,7,6,2,5,6,7,
SAT0000870,POST_MATCH,M006,2025-10-28,2025-10-29,EMAIL,R53777627,1,6,7,4,7,8,7,
SAT0000874,POST_MATCH,M006,2025-10-28,2025-10-29,SMS,R58327869,0,6,8,3,5,7,8,
SAT0000884,POST_MATCH,M006,2025-10-28,2025-10-29,EMAIL,R59638051,1,7,5,6,7,8,4,
SAT0000886,POST_MATCH,M006,2025-10-28,2025-10-29,EMAIL,R56297268,1,5,5,5,7,9,6,Sans plus
SAT0000888,POST_MATCH,M006,2025-10-28,2025-10-29,EMAIL,R51262287,1,6,6,5,5,9,9,
SAT0000890,POST_MATCH,M006,2025-10-28,2025-10-29,EMAIL,R52492243,0,5,8,5,7,9,8,Prix des places trop eleve pour ce niveau de match
SAT0000891,POST_MATCH,M006,2025-10-28,2025-10-29,QR_SUR_PLACE,R52663739,0,6,9,6,9,7,5,
SAT0000892,POST_MATCH,M006,2025-10-28,2025-10-29,EMAIL,R54968150,0,6,7,5,6,8,8,
SAT0000893,POST_MATCH,M006,2025-10-28,2025-10-29,EMAIL,R57753545,1,7,7,4,6,6,8,
SAT0000895,POST_MATCH,M006,2025-10-28,2025-10-29,EMAIL,R54157620,0,7,6,4,6,8,9,Rien a signaler
SAT0000897,POST_MATCH,M006,2025-10-28,2025-10-29,SMS,R58906675,0,7,6,5,8,7,8,
SAT0000748,POST_MATCH,M006,2025-10-28,2025-10-30,EMAIL,R54597697,1,7,5,5,8,7,7,
SAT0000750,POST_MATCH,M006,2025-10-28,2025-10-30,EMAIL,R56389496,1,6,6,4,6,7,5,
SAT0000758,POST_MATCH,M006,2025-10-28,2025-10-30,EMAIL,R53176830,1,7,7,6,7,7,7,
SAT0000760,POST_MATCH,M006,2025-10-28,2025-10-30,SMS,R54049129,1,4,6,4,8,7,7,
SAT0000765,POST_MATCH,M006,2025-10-28,2025-10-30,EMAIL,R57768200,1,4,6,6,5,8,7,File d'attente interminable a l'entree
SAT0000768,POST_MATCH,M006,2025-10-28,2025-10-30,EMAIL,R52446201,1,7,6,4,9,8,7,
SAT0000770,POST_MATCH,M006,2025-10-28,2025-10-30,EMAIL,R55540625,1,6,4,4,9,9,7,Rien a signaler
SAT0000772,POST_MATCH,M006,2025-10-28,2025-10-30,SMS,R58334679,1,6,6,6,7,8,7,
SAT0000774,POST_MATCH,M006,2025-10-28,2025-10-30,EMAIL,R51133835,1,7,8,7,6,7,8,
SAT0000775,POST_MATCH,M006,2025-10-28,2025-10-30,EMAIL,R51175519,1,4,6,5,6,6,5,
SAT0000779,POST_MATCH,M006,2025-10-28,2025-10-30,EMAIL,R59578523,1,5,6,3,7,7,7,
SAT0000782,POST_MATCH,M006,2025-10-28,2025-10-30,EMAIL,R52523573,1,7,6,4,6,8,7,
SAT0000785,POST_MATCH,M006,2025-10-28,2025-10-30,SMS,R53085694,1,7,7,3,7,10,9,Sans plus
SAT0000789,POST_MATCH,M006,2025-10-28,2025-10-30,EMAIL,R57734073,1,5,7,5,6,6,7,File d'attente interminable a l'entree
SAT0000800,POST_MATCH,M006,2025-10-28,2025-10-30,SMS,R58922134,1,6,6,6,8,7,6,
SAT0000801,POST_MATCH,M006,2025-10-28,2025-10-30,SMS,R59733746,1,8,6,4,3,8,6,
SAT0000802,POST_MATCH,M006,2025-10-28,2025-10-30,EMAIL,R52566004,1,7,7,5,7,8,8,
SAT0000807,POST_MATCH,M006,2025-10-28,2025-10-30,EMAIL,R58974306,1,6,6,6,6,9,9,
SAT0000811,POST_MATCH,M006,2025-10-28,2025-10-30,EMAIL,R55214844,1,5,6,6,9,8,7,Trop d'attente aux buvettes
SAT0000812,POST_MATCH,M006,2025-10-28,2025-10-30,EMAIL,R56315179,1,8,6,5,7,9,10,
SAT0000814,POST_MATCH,M006,2025-10-28,2025-10-30,QR_SUR_PLACE,R56816000,1,6,6,5,7,8,6,
SAT0000818,POST_MATCH,M006,2025-10-28,2025-10-30,EMAIL,R53881636,1,7,6,6,7,8,8,
SAT0000821,POST_MATCH,M006,2025-10-28,2025-10-30,QR_SUR_PLACE,R56044913,1,4,6,6,8,5,5,File d'attente interminable a l'entree
SAT0000826,POST_MATCH,M006,2025-10-28,2025-10-30,EMAIL,R53349619,1,6,5,5,6,8,7,
SAT0000828,POST_MATCH,M006,2025-10-28,2025-10-30,EMAIL,R53773202,1,6,7,4,5,8,7,
SAT0000832,POST_MATCH,M006,2025-10-28,2025-10-30,EMAIL,R59168215,1,6,7,4,6,6,6,
SAT0000837,POST_MATCH,M006,2025-10-28,2025-10-30,SMS,R53288386,1,7,6,6,6,8,8,
SAT0000844,POST_MATCH,M006,2025-10-28,2025-10-30,EMAIL,R57036268,1,8,5,5,6,8,8,"Super ambiance, on reviendra"
SAT0000845,POST_MATCH,M006,2025-10-28,2025-10-30,EMAIL,R58488465,1,6,6,5,8,7,7,
SAT0000848,POST_MATCH,M006,2025-10-28,2025-10-30,EMAIL,R51020966,1,7,8,3,6,8,7,
SAT0000853,POST_MATCH,M006,2025-10-28,2025-10-30,SMS,R56745773,1,7,6,7,7,6,6,
SAT0000862,POST_MATCH,M006,2025-10-28,2025-10-30,EMAIL,R53154216,0,5,6,4,6,7,7,Peu de choix a la restauration
SAT0000863,POST_MATCH,M006,2025-10-28,2025-10-30,QR_SUR_PLACE,R57389969,1,5,7,4,7,7,6,Difficile de trouver sa place
SAT0000865,POST_MATCH,M006,2025-10-28,2025-10-30,QR_SUR_PLACE,R53093730,0,7,7,5,7,7,5,
SAT0000867,POST_MATCH,M006,2025-10-28,2025-10-30,SMS,R52772183,1,7,5,4,9,7,6,
SAT0000868,POST_MATCH,M006,2025-10-28,2025-10-30,EMAIL,R55659413,0,5,9,6,6,6,6,File d'attente interminable a l'entree
SAT0000871,POST_MATCH,M006,2025-10-28,2025-10-30,EMAIL,R54847044,0,7,8,5,5,8,9,
SAT0000875,POST_MATCH,M006,2025-10-28,2025-10-30,EMAIL,R53512878,0,7,7,6,6,7,9,
SAT0000876,POST_MATCH,M006,2025-10-28,2025-10-30,EMAIL,R53707889,1,6,5,3,6,7,6,
SAT0000877,POST_MATCH,M006,2025-10-28,2025-10-30,QR_SUR_PLACE,R58646964,0,6,4,5,8,6,7,
SAT0000880,POST_MATCH,M006,2025-10-28,2025-10-30,EMAIL,R58842578,0,9,8,4,8,6,8,
SAT0000882,POST_MATCH,M006,2025-10-28,2025-10-30,QR_SUR_PLACE,R59096226,0,9,7,5,6,8,9,
SAT0000883,POST_MATCH,M006,2025-10-28,2025-10-30,QR_SUR_PLACE,R53519698,1,7,7,3,7,9,8,
SAT0000885,POST_MATCH,M006,2025-10-28,2025-10-30,SMS,R59359059,0,6,8,6,6,7,7,
SAT0000887,POST_MATCH,M006,2025-10-28,2025-10-30,SMS,R51183354,0,6,8,4,8,7,6,
SAT0000894,POST_MATCH,M006,2025-10-28,2025-10-30,EMAIL,R54269253,0,8,7,5,6,7,9,L'ambiance dans les tribunes vaut le deplacement
SAT0000896,POST_MATCH,M006,2025-10-28,2025-10-30,EMAIL,R55847604,0,5,6,6,9,7,6,Difficile de trouver sa place
SAT0000899,POST_MATCH,M006,2025-10-28,2025-10-30,QR_SUR_PLACE,R57660446,0,5,9,5,7,8,7,Trop d'attente aux buvettes
SAT0000747,POST_MATCH,M006,2025-10-28,2025-10-31,EMAIL,R53784246,1,4,6,6,7,6,4,
SAT0000751,POST_MATCH,M006,2025-10-28,2025-10-31,EMAIL,R58215010,1,5,7,4,7,7,8,
SAT0000754,POST_MATCH,M006,2025-10-28,2025-10-31,EMAIL,R51090791,1,6,6,6,7,9,6,
SAT0000757,POST_MATCH,M006,2025-10-28,2025-10-31,EMAIL,R52164767,1,5,5,4,9,8,7,Difficile de trouver sa place
SAT0000762,POST_MATCH,M006,2025-10-28,2025-10-31,SMS,R54953304,1,7,5,7,6,7,7,
SAT0000764,POST_MATCH,M006,2025-10-28,2025-10-31,SMS,R57473960,1,6,6,5,7,7,5,
SAT0000773,POST_MATCH,M006,2025-10-28,2025-10-31,EMAIL,R59828560,1,6,5,6,7,8,7,
SAT0000781,POST_MATCH,M006,2025-10-28,2025-10-31,EMAIL,R52435914,1,6,6,4,6,7,7,
SAT0000791,POST_MATCH,M006,2025-10-28,2025-10-31,EMAIL,R59837276,1,7,7,5,6,6,6,
SAT0000792,POST_MATCH,M006,2025-10-28,2025-10-31,QR_SUR_PLACE,R51808882,1,5,5,7,4,10,8,Sonorisation trop forte
SAT0000795,POST_MATCH,M006,2025-10-28,2025-10-31,EMAIL,R55953988,1,5,6,5,9,9,8,Peu de choix a la restauration
SAT0000799,POST_MATCH,M006,2025-10-28,2025-10-31,EMAIL,R58482000,1,6,6,5,8,8,7,
SAT0000808,POST_MATCH,M006,2025-10-28,2025-10-31,EMAIL,R53255696,1,6,7,2,8,7,8,
SAT0000817,POST_MATCH,M006,2025-10-28,2025-10-31,EMAIL,R51926166,1,9,6,5,7,8,10,
SAT0000820,POST_MATCH,M006,2025-10-28,2025-10-31,EMAIL,R54215108,1,6,7,7,5,9,7,
SAT0000827,POST_MATCH,M006,2025-10-28,2025-10-31,EMAIL,R53396820,1,5,6,6,8,7,6,
SAT0000829,POST_MATCH,M006,2025-10-28,2025-10-31,EMAIL,R53964458,1,6,6,4,6,7,7,
SAT0000835,POST_MATCH,M006,2025-10-28,2025-10-31,EMAIL,R52149432,1,5,6,8,7,9,7,
SAT0000842,POST_MATCH,M006,2025-10-28,2025-10-31,EMAIL,R56148031,1,7,7,5,6,8,9,
SAT0000855,POST_MATCH,M006,2025-10-28,2025-10-31,EMAIL,R57678146,1,6,7,6,8,6,6,Sans plus
SAT0000857,POST_MATCH,M006,2025-10-28,2025-10-31,QR_SUR_PLACE,R56928514,1,8,6,5,7,8,8,
SAT0000878,POST_MATCH,M006,2025-10-28,2025-10-31,SMS,R58044174,0,7,6,4,9,7,7,
SAT0000756,POST_MATCH,M006,2025-10-28,2025-11-01,EMAIL,R51994966,1,7,7,4,9,6,7,
SAT0000778,POST_MATCH,M006,2025-10-28,2025-11-01,EMAIL,R58217050,1,6,7,5,5,9,9,
SAT0000809,POST_MATCH,M006,2025-10-28,2025-11-01,QR_SUR_PLACE,R53436531,1,6,8,5,7,8,9,
SAT0000810,POST_MATCH,M006,2025-10-28,2025-11-01,EMAIL,R54824976,1,5,8,5,6,7,7,
SAT0000816,POST_MATCH,M006,2025-10-28,2025-11-01,SMS,R59012379,1,7,7,3,6,7,8,
SAT0000823,POST_MATCH,M006,2025-10-28,2025-11-01,SMS,R56592322,1,6,4,5,6,7,6,
SAT0000836,POST_MATCH,M006,2025-10-28,2025-11-01,EMAIL,R52285518,1,5,5,6,6,8,6,Trop d'attente aux buvettes
SAT0000839,POST_MATCH,M006,2025-10-28,2025-11-01,SMS,R53982915,1,5,6,5,8,8,6,
SAT0000861,POST_MATCH,M006,2025-10-28,2025-11-01,EMAIL,R56093139,1,6,5,5,7,7,6,Rien a signaler
SAT0000869,POST_MATCH,M006,2025-10-28,2025-11-01,EMAIL,R54707079,1,7,5,5,7,7,5,
SAT0000872,POST_MATCH,M006,2025-10-28,2025-11-01,EMAIL,R53664711,0,5,9,8,6,7,6,Sonorisation trop forte
SAT0000879,POST_MATCH,M006,2025-10-28,2025-11-01,QR_SUR_PLACE,R54732480,0,6,6,6,7,6,6,
SAT0000771,POST_MATCH,M006,2025-10-28,2025-11-02,EMAIL,R55766822,1,6,7,6,6,6,5,
SAT0000784,POST_MATCH,M006,2025-10-28,2025-11-02,EMAIL,R52995583,1,7,7,5,7,10,10,
SAT0000798,POST_MATCH,M006,2025-10-28,2025-11-02,EMAIL,R57715137,1,6,5,5,8,7,7,
SAT0000881,POST_MATCH,M006,2025-10-28,2025-11-02,EMAIL,R56265871,0,5,8,4,8,8,7,Sans plus
SAT0000889,POST_MATCH,M006,2025-10-28,2025-11-02,QR_SUR_PLACE,R59715356,0,5,7,5,7,7,7,File d'attente interminable a l'entree
SAT0000898,POST_MATCH,M006,2025-10-28,2025-11-02,EMAIL,R51580568,1,6,8,5,5,7,8,
SAT0000776,POST_MATCH,M006,2025-10-28,2025-11-04,SMS,R56720717,1,6,5,4,7,8,6,
SAT0000873,POST_MATCH,M006,2025-10-28,2025-11-04,EMAIL,R56141901,0,9,7,5,8,8,9,Sans plus
SAT0000900,POST_MATCH,M007,2025-11-06,2025-11-07,EMAIL,R51283819,1,7,7,6,6,6,7,
SAT0000901,POST_MATCH,M007,2025-11-06,2025-11-07,EMAIL,R52861068,1,7,5,6,7,8,7,
SAT0000902,POST_MATCH,M007,2025-11-06,2025-11-07,QR_SUR_PLACE,R53113624,1,7,7,2,5,6,7,
SAT0000911,POST_MATCH,M007,2025-11-06,2025-11-07,EMAIL,R57796331,1,6,7,5,7,7,6,
SAT0000912,POST_MATCH,M007,2025-11-06,2025-11-07,EMAIL,R59635331,1,6,8,4,7,6,7,
SAT0000915,POST_MATCH,M007,2025-11-06,2025-11-07,EMAIL,R53037066,1,5,7,4,9,9,9,Trop d'attente aux buvettes
SAT0000917,POST_MATCH,M007,2025-11-06,2025-11-07,SMS,R53473522,1,6,6,5,8,8,7,
SAT0000918,POST_MATCH,M007,2025-11-06,2025-11-07,EMAIL,R54263679,1,6,4,4,5,9,6,Rien a signaler
SAT0000919,POST_MATCH,M007,2025-11-06,2025-11-07,SMS,R54424285,1,7,8,7,8,9,9,
SAT0000920,POST_MATCH,M007,2025-11-06,2025-11-07,EMAIL,R54521139,1,6,8,7,8,8,6,
SAT0000922,POST_MATCH,M007,2025-11-06,2025-11-07,EMAIL,R55460255,1,5,6,6,7,8,5,
SAT0000924,POST_MATCH,M007,2025-11-06,2025-11-07,EMAIL,R58917575,1,5,5,5,7,7,6,
SAT0000925,POST_MATCH,M007,2025-11-06,2025-11-07,EMAIL,R52570640,1,6,7,4,6,7,7,
SAT0000927,POST_MATCH,M007,2025-11-06,2025-11-07,QR_SUR_PLACE,R53289076,1,7,6,6,8,6,5,
SAT0000929,POST_MATCH,M007,2025-11-06,2025-11-07,SMS,R53393899,1,5,6,5,7,7,6,Trop d'attente aux buvettes
SAT0000932,POST_MATCH,M007,2025-11-06,2025-11-07,SMS,R54264359,1,5,6,6,6,6,6,
SAT0000936,POST_MATCH,M007,2025-11-06,2025-11-07,EMAIL,R57000178,1,7,7,5,7,8,7,Correct dans l'ensemble
SAT0000938,POST_MATCH,M007,2025-11-06,2025-11-07,QR_SUR_PLACE,R51512669,1,7,7,5,7,6,7,
SAT0000939,POST_MATCH,M007,2025-11-06,2025-11-07,SMS,R51610749,1,8,6,6,7,6,8,"Super ambiance, on reviendra"
SAT0000943,POST_MATCH,M007,2025-11-06,2025-11-07,SMS,R57665350,1,7,7,4,7,6,7,
SAT0000945,POST_MATCH,M007,2025-11-06,2025-11-07,EMAIL,R58457346,1,7,8,6,5,8,9,
SAT0000948,POST_MATCH,M007,2025-11-06,2025-11-07,EMAIL,R52141061,1,7,6,4,6,6,5,
SAT0000949,POST_MATCH,M007,2025-11-06,2025-11-07,EMAIL,R53455946,1,6,6,3,7,6,6,
SAT0000950,POST_MATCH,M007,2025-11-06,2025-11-07,EMAIL,R54293304,1,6,9,4,6,8,7,
SAT0000951,POST_MATCH,M007,2025-11-06,2025-11-07,QR_SUR_PLACE,R57066516,1,6,6,6,7,7,6,
SAT0000952,POST_MATCH,M007,2025-11-06,2025-11-07,EMAIL,R57198924,1,4,7,7,8,6,8,Prix des places trop eleve pour ce niveau de match
SAT0000954,POST_MATCH,M007,2025-11-06,2025-11-07,SMS,R57652544,1,7,7,5,7,6,7,
SAT0000955,POST_MATCH,M007,2025-11-06,2025-11-07,QR_SUR_PLACE,R59129874,1,6,5,6,6,8,6,Correct dans l'ensemble
SAT0000957,POST_MATCH,M007,2025-11-06,2025-11-07,SMS,R51232049,1,6,9,5,8,6,9,Correct dans l'ensemble
SAT0000960,POST_MATCH,M007,2025-11-06,2025-11-07,EMAIL,R53032430,1,6,7,4,6,6,7,
SAT0000961,POST_MATCH,M007,2025-11-06,2025-11-07,EMAIL,R54194065,1,4,8,5,5,7,7,
SAT0000962,POST_MATCH,M007,2025-11-06,2025-11-07,EMAIL,R55638293,1,6,6,5,8,5,7,
SAT0000963,POST_MATCH,M007,2025-11-06,2025-11-07,EMAIL,R57298910,1,6,7,2,6,7,6,Sans plus
SAT0000965,POST_MATCH,M007,2025-11-06,2025-11-07,SMS,R58164466,1,4,8,3,5,7,7,
SAT0000968,POST_MATCH,M007,2025-11-06,2025-11-07,EMAIL,R59440119,1,6,5,4,7,5,5,
SAT0000970,POST_MATCH,M007,2025-11-06,2025-11-07,QR_SUR_PLACE,R59734972,1,4,7,5,6,7,7,Sonorisation trop forte
SAT0000971,POST_MATCH,M007,2025-11-06,2025-11-07,SMS,R51181850,1,4,6,5,6,8,7,Trop d'attente aux buvettes
SAT0000972,POST_MATCH,M007,2025-11-06,2025-11-07,QR_SUR_PLACE,R52765229,1,5,7,3,5,7,5,Peu de choix a la restauration
SAT0000974,POST_MATCH,M007,2025-11-06,2025-11-07,EMAIL,R56701915,1,7,7,3,6,7,7,
SAT0000975,POST_MATCH,M007,2025-11-06,2025-11-07,EMAIL,R57633675,1,7,5,3,6,8,7,
SAT0000978,POST_MATCH,M007,2025-11-06,2025-11-07,EMAIL,R53278377,1,7,5,6,7,9,7,
SAT0000979,POST_MATCH,M007,2025-11-06,2025-11-07,QR_SUR_PLACE,R53282055,1,7,7,6,7,6,7,
SAT0000980,POST_MATCH,M007,2025-11-06,2025-11-07,EMAIL,R53436531,1,7,6,6,6,6,6,
SAT0000982,POST_MATCH,M007,2025-11-06,2025-11-07,SMS,R54824976,1,6,7,1,6,6,6,
SAT0000985,POST_MATCH,M007,2025-11-06,2025-11-07,EMAIL,R56755926,1,7,5,4,8,6,5,Rien a signaler
SAT0000987,POST_MATCH,M007,2025-11-06,2025-11-07,SMS,R57560182,1,5,9,3,6,7,9,Peu de choix a la restauration
SAT0000992,POST_MATCH,M007,2025-11-06,2025-11-07,EMAIL,R55004039,1,5,6,6,8,8,7,Correct dans l'ensemble
SAT0000995,POST_MATCH,M007,2025-11-06,2025-11-07,QR_SUR_PLACE,R56663430,1,7,9,4,5,6,9,
SAT0000996,POST_MATCH,M007,2025-11-06,2025-11-07,EMAIL,R56890853,1,5,5,5,5,8,7,Sonorisation trop forte
SAT0001000,POST_MATCH,M007,2025-11-06,2025-11-07,SMS,R51034931,1,4,6,5,7,7,8,
SAT0001002,POST_MATCH,M007,2025-11-06,2025-11-07,SMS,R51559046,1,7,6,7,8,7,7,
SAT0001004,POST_MATCH,M007,2025-11-06,2025-11-07,EMAIL,R53964458,1,6,6,3,6,8,8,
SAT0001009,POST_MATCH,M007,2025-11-06,2025-11-07,EMAIL,R56386421,1,6,7,5,7,7,6,
SAT0001010,POST_MATCH,M007,2025-11-06,2025-11-07,EMAIL,R57059495,1,7,5,8,7,5,6,
SAT0001012,POST_MATCH,M007,2025-11-06,2025-11-07,EMAIL,R53327005,1,6,6,5,8,5,5,
SAT0001015,POST_MATCH,M007,2025-11-06,2025-11-07,EMAIL,R55025628,1,6,6,4,6,8,6,
SAT0001018,POST_MATCH,M007,2025-11-06,2025-11-07,SMS,R58253073,1,6,5,4,6,6,5,
SAT0001020,POST_MATCH,M007,2025-11-06,2025-11-07,EMAIL,R52108428,1,6,5,4,4,6,8,
SAT0001021,POST_MATCH,M007,2025-11-06,2025-11-07,EMAIL,R52559596,1,5,7,6,5,7,6,Prix des places trop eleve pour ce niveau de match
SAT0001028,POST_MATCH,M007,2025-11-06,2025-11-07,EMAIL,R58484854,1,6,8,4,6,7,7,
SAT0001029,POST_MATCH,M007,2025-11-06,2025-11-07,EMAIL,R54628538,1,7,7,6,8,9,9,
SAT0001030,POST_MATCH,M007,2025-11-06,2025-11-07,EMAIL,R55045378,1,7,5,4,6,9,6,
SAT0001036,POST_MATCH,M007,2025-11-06,2025-11-07,QR_SUR_PLACE,R59844488,1,6,7,5,7,9,10,
SAT0001038,POST_MATCH,M007,2025-11-06,2025-11-07,SMS,R58839178,0,6,6,7,5,6,6,
SAT0001040,POST_MATCH,M007,2025-11-06,2025-11-07,EMAIL,R57878463,0,6,5,6,7,7,7,
SAT0001043,POST_MATCH,M007,2025-11-06,2025-11-07,QR_SUR_PLACE,R51392933,1,6,6,5,8,7,7,Sans plus
SAT0001045,POST_MATCH,M007,2025-11-06,2025-11-07,SMS,R55863666,0,7,8,8,6,7,7,
SAT0001050,POST_MATCH,M007,2025-11-06,2025-11-07,EMAIL,R54432187,0,5,6,5,5,6,5,
SAT0001052,POST_MATCH,M007,2025-11-06,2025-11-07,EMAIL,R53101498,0,7,7,4,6,8,9,
SAT0001054,POST_MATCH,M007,2025-11-06,2025-11-07,EMAIL,R56268256,0,6,6,6,7,5,6,
SAT0001057,POST_MATCH,M007,2025-11-06,2025-11-07,SMS,R57687552,1,5,5,5,4,7,6,Peu de choix a la restauration
SAT0001060,POST_MATCH,M007,2025-11-06,2025-11-07,EMAIL,R52362967,1,6,7,3,4,6,5,
SAT0001061,POST_MATCH,M007,2025-11-06,2025-11-07,EMAIL,R53526508,0,7,8,4,7,7,6,
SAT0001066,POST_MATCH,M007,2025-11-06,2025-11-07,EMAIL,R59558294,0,6,7,5,7,6,6,
SAT0001077,POST_MATCH,M007,2025-11-06,2025-11-07,SMS,R55550356,0,5,9,5,7,6,8,Correct dans l'ensemble
SAT0001078,POST_MATCH,M007,2025-11-06,2025-11-07,SMS,R59293746,1,5,8,4,6,7,7,
SAT0001081,POST_MATCH,M007,2025-11-06,2025-11-07,EMAIL,R58529201,1,6,7,6,5,9,9,
SAT0001086,POST_MATCH,M007,2025-11-06,2025-11-07,EMAIL,R53868227,0,7,6,3,8,7,8,
SAT0001089,POST_MATCH,M007,2025-11-06,2025-11-07,EMAIL,R52924887,1,6,6,4,6,5,5,
SAT0000905,POST_MATCH,M007,2025-11-06,2025-11-08,SMS,R53789150,1,4,8,5,7,9,8,File d'attente interminable a l'entree
SAT0000930,POST_MATCH,M007,2025-11-06,2025-11-08,EMAIL,R53409224,1,6,7,5,6,8,7,
SAT0000931,POST_MATCH,M007,2025-11-06,2025-11-08,QR_SUR_PLACE,R53668523,1,8,6,6,7,7,6,Correct dans l'ensemble
SAT0000935,POST_MATCH,M007,2025-11-06,2025-11-08,SMS,R56378596,1,4,6,5,6,6,4,
SAT0000941,POST_MATCH,M007,2025-11-06,2025-11-08,EMAIL,R52825102,1,5,6,6,6,7,8,
SAT0000946,POST_MATCH,M007,2025-11-06,2025-11-08,EMAIL,R59787556,1,6,8,3,7,5,7,Rien a signaler
SAT0000953,POST_MATCH,M007,2025-11-06,2025-11-08,EMAIL,R57546495,1,6,6,5,5,6,5,
SAT0000958,POST_MATCH,M007,2025-11-06,2025-11-08,QR_SUR_PLACE,R51356488,1,6,6,4,5,8,6,
SAT0000964,POST_MATCH,M007,2025-11-06,2025-11-08,EMAIL,R57701038,1,6,5,6,7,6,4,
SAT0000969,POST_MATCH,M007,2025-11-06,2025-11-08,EMAIL,R59551072,1,6,6,6,7,7,5,
SAT0000976,POST_MATCH,M007,2025-11-06,2025-11-08,EMAIL,R58613249,1,8,5,4,9,9,7,Match intense du debut a la fin
SAT0000977,POST_MATCH,M007,2025-11-06,2025-11-08,EMAIL,R59657188,1,6,5,6,5,8,6,
SAT0000983,POST_MATCH,M007,2025-11-06,2025-11-08,EMAIL,R54838462,1,6,6,5,7,5,7,
SAT0000986,POST_MATCH,M007,2025-11-06,2025-11-08,EMAIL,R57139051,1,7,5,3,9,7,7,
SAT0000994,POST_MATCH,M007,2025-11-06,2025-11-08,QR_SUR_PLACE,R56638297,1,7,5,4,6,8,7,
SAT0000998,POST_MATCH,M007,2025-11-06,2025-11-08,EMAIL,R59540852,1,7,6,6,6,6,7,
SAT0000999,POST_MATCH,M007,2025-11-06,2025-11-08,QR_SUR_PLACE,R59936850,1,6,6,4,7,7,8,
SAT0001001,POST_MATCH,M007,2025-11-06,2025-11-08,EMAIL,R51245803,1,5,7,6,7,6,5,
SAT0001019,POST_MATCH,M007,2025-11-06,2025-11-08,QR_SUR_PLACE,R51572666,1,7,8,6,7,9,9,
SAT0001026,POST_MATCH,M007,2025-11-06,2025-11-08,QR_SUR_PLACE,R57626041,1,5,9,6,7,7,6,Sonorisation trop forte
SAT0001027,POST_MATCH,M007,2025-11-06,2025-11-08,SMS,R57641366,1,6,5,4,7,7,5,
SAT0001032,POST_MATCH,M007,2025-11-06,2025-11-08,SMS,R59098534,1,6,5,2,7,5,5,
SAT0001035,POST_MATCH,M007,2025-11-06,2025-11-08,EMAIL,R52400705,0,6,6,6,6,4,8,
SAT0001041,POST_MATCH,M007,2025-11-06,2025-11-08,EMAIL,R55168189,0,3,8,6,4,6,5,
SAT0001042,POST_MATCH,M007,2025-11-06,2025-11-08,EMAIL,R58413746,0,5,9,4,7,9,10,Difficile de trouver sa place
SAT0001046,POST_MATCH,M007,2025-11-06,2025-11-08,EMAIL,R52489657,0,6,8,4,8,5,6,
SAT0001047,POST_MATCH,M007,2025-11-06,2025-11-08,EMAIL,R58257441,0,7,9,6,8,8,8,
SAT0001048,POST_MATCH,M007,2025-11-06,2025-11-08,EMAIL,R56653143,1,8,5,5,5,6,6,"Premiere fois ici, tres agreable surprise"
SAT0001049,POST_MATCH,M007,2025-11-06,2025-11-08,EMAIL,R56759125,0,6,7,4,6,6,7,
SAT0001056,POST_MATCH,M007,2025-11-06,2025-11-08,EMAIL,R52848664,0,7,8,6,5,7,9,
SAT0001062,POST_MATCH,M007,2025-11-06,2025-11-08,QR_SUR_PLACE,R51941079,0,7,8,6,6,7,7,
SAT0001067,POST_MATCH,M007,2025-11-06,2025-11-08,EMAIL,R54580044,0,6,7,6,6,7,8,
SAT0001068,POST_MATCH,M007,2025-11-06,2025-11-08,EMAIL,R59958918,0,7,6,4,7,6,8,
SAT0001071,POST_MATCH,M007,2025-11-06,2025-11-08,EMAIL,R51373384,0,6,6,6,8,6,9,
SAT0001072,POST_MATCH,M007,2025-11-06,2025-11-08,EMAIL,R54339202,1,5,5,4,7,5,2,Peu de choix a la restauration
SAT0001083,POST_MATCH,M007,2025-11-06,2025-11-08,QR_SUR_PLACE,R51045084,0,7,8,6,7,6,8,
SAT0001085,POST_MATCH,M007,2025-11-06,2025-11-08,EMAIL,R56382877,0,5,6,6,10,7,7,
SAT0000903,POST_MATCH,M007,2025-11-06,2025-11-09,QR_SUR_PLACE,R53234998,1,4,7,5,8,6,7,
SAT0000907,POST_MATCH,M007,2025-11-06,2025-11-09,EMAIL,R54831250,1,4,5,6,6,6,6,Trop d'attente aux buvettes
SAT0000910,POST_MATCH,M007,2025-11-06,2025-11-09,EMAIL,R57109158,1,7,5,7,8,9,7,
SAT0000914,POST_MATCH,M007,2025-11-06,2025-11-09,QR_SUR_PLACE,R52279398,1,7,7,6,5,8,9,
SAT0000921,POST_MATCH,M007,2025-11-06,2025-11-09,EMAIL,R54824574,1,6,5,4,7,6,7,
SAT0000933,POST_MATCH,M007,2025-11-06,2025-11-09,EMAIL,R55194893,1,8,5,4,8,6,5,Match intense du debut a la fin
SAT0000934,POST_MATCH,M007,2025-11-06,2025-11-09,EMAIL,R55410056,1,8,6,6,7,7,8,"Super ambiance, on reviendra"
SAT0000966,POST_MATCH,M007,2025-11-06,2025-11-09,EMAIL,R58390050,1,5,9,4,6,8,8,
SAT0000984,POST_MATCH,M007,2025-11-06,2025-11-09,SMS,R56273495,1,5,7,7,6,5,5,
SAT0000993,POST_MATCH,M007,2025-11-06,2025-11-09,SMS,R56592322,1,4,5,3,6,7,4,
SAT0001007,POST_MATCH,M007,2025-11-06,2025-11-09,EMAIL,R55780777,1,7,6,5,6,6,7,
SAT0001008,POST_MATCH,M007,2025-11-06,2025-11-09,EMAIL,R56383969,1,7,5,5,5,5,5,
SAT0001013,POST_MATCH,M007,2025-11-06,2025-11-09,EMAIL,R54372783,1,5,5,5,9,8,5,
SAT0001014,POST_MATCH,M007,2025-11-06,2025-11-09,QR_SUR_PLACE,R54991300,1,5,6,4,7,7,7,
SAT0001016,POST_MATCH,M007,2025-11-06,2025-11-09,SMS,R55869729,1,6,5,7,8,5,5,
SAT0001022,POST_MATCH,M007,2025-11-06,2025-11-09,EMAIL,R54310324,1,6,6,5,9,6,7,
SAT0001024,POST_MATCH,M007,2025-11-06,2025-11-09,QR_SUR_PLACE,R55966037,1,6,5,6,10,7,6,
SAT0001031,POST_MATCH,M007,2025-11-06,2025-11-09,SMS,R58529057,1,6,7,6,7,6,7,
SAT0001034,POST_MATCH,M007,2025-11-06,2025-11-09,EMAIL,R59326570,1,6,6,5,8,6,7,
SAT0001044,POST_MATCH,M007,2025-11-06,2025-11-09,EMAIL,R54165800,0,6,6,5,5,5,6,
SAT0001059,POST_MATCH,M007,2025-11-06,2025-11-09,EMAIL,R58188718,1,5,7,6,7,5,7,
SAT0001063,POST_MATCH,M007,2025-11-06,2025-11-09,SMS,R57737885,1,7,6,6,8,6,8,Sans plus
SAT0001069,POST_MATCH,M007,2025-11-06,2025-11-09,EMAIL,R54702644,0,7,7,5,6,7,10,
SAT0001076,POST_MATCH,M007,2025-11-06,2025-11-09,QR_SUR_PLACE,R54294865,1,8,4,3,7,7,6,Sans plus
SAT0001079,POST_MATCH,M007,2025-11-06,2025-11-09,EMAIL,R53103404,1,3,7,6,6,7,6,File d'attente interminable a l'entree
SAT0001082,POST_MATCH,M007,2025-11-06,2025-11-09,EMAIL,R58687144,1,6,6,8,7,7,6,
SAT0001088,POST_MATCH,M007,2025-11-06,2025-11-09,SMS,R57460263,0,6,6,6,6,7,9,
SAT0000906,POST_MATCH,M007,2025-11-06,2025-11-10,SMS,R54503908,1,5,8,4,6,8,7,Prix des places trop eleve pour ce niveau de match
SAT0000908,POST_MATCH,M007,2025-11-06,2025-11-10,EMAIL,R55548460,1,7,6,5,5,9,8,
SAT0000916,POST_MATCH,M007,2025-11-06,2025-11-10,EMAIL,R53116756,1,6,5,5,8,6,5,
SAT0000928,POST_MATCH,M007,2025-11-06,2025-11-10,EMAIL,R53321565,1,7,8,6,7,7,7,
SAT0000940,POST_MATCH,M007,2025-11-06,2025-11-10,SMS,R52587871,1,4,8,6,6,7,7,Peu de choix a la restauration
SAT0000989,POST_MATCH,M007,2025-11-06,2025-11-10,QR_SUR_PLACE,R51167885,1,7,8,5,7,6,9,
SAT0000990,POST_MATCH,M007,2025-11-06,2025-11-10,EMAIL,R52639085,1,6,6,5,7,7,7,
SAT0001003,POST_MATCH,M007,2025-11-06,2025-11-10,EMAIL,R53391916,1,5,5,6,6,6,5,Sonorisation trop forte
SAT0001006,POST_MATCH,M007,2025-11-06,2025-11-10,SMS,R55338191,1,6,6,5,6,7,6,
SAT0001011,POST_MATCH,M007,2025-11-06,2025-11-10,EMAIL,R59709494,1,5,7,5,5,7,6,Prix des places trop eleve pour ce niveau de match
SAT0001033,POST_MATCH,M007,2025-11-06,2025-11-10,EMAIL,R59103438,1,7,5,5,7,8,6,Sans plus
SAT0001037,POST_MATCH,M007,2025-11-06,2025-11-10,EMAIL,R59408511,0,6,5,5,7,6,5,
SAT0001053,POST_MATCH,M007,2025-11-06,2025-11-10,EMAIL,R53198965,1,5,7,4,8,7,7,
SAT0001055,POST_MATCH,M007,2025-11-06,2025-11-10,QR_SUR_PLACE,R52273201,1,7,8,6,5,7,8,
SAT0001074,POST_MATCH,M007,2025-11-06,2025-11-10,EMAIL,R56751223,1,6,7,6,4,8,8,
SAT0001090,POST_MATCH,M007,2025-11-06,2025-11-10,SMS,R54908555,1,6,7,4,7,7,8,
SAT0001098,POST_MATCH,M008,2025-11-09,2025-11-10,SMS,R53920332,1,8,9,4,7,8,8,Match intense du debut a la fin
SAT0001101,POST_MATCH,M008,2025-11-09,2025-11-10,EMAIL,R54934234,1,9,6,8,5,8,10,Match intense du debut a la fin
SAT0001102,POST_MATCH,M008,2025-11-09,2025-11-10,EMAIL,R55137750,1,9,9,6,8,7,9,
SAT0001103,POST_MATCH,M008,2025-11-09,2025-11-10,EMAIL,R56776912,1,9,10,6,6,9,9,Match intense du debut a la fin
SAT0001108,POST_MATCH,M008,2025-11-09,2025-11-10,EMAIL,R59306763,1,10,8,7,8,9,10,"Premiere fois ici, tres agreable surprise"
SAT0001111,POST_MATCH,M008,2025-11-09,2025-11-10,EMAIL,R52936534,1,9,6,6,5,9,8,"Premiere fois ici, tres agreable surprise"
SAT0001112,POST_MATCH,M008,2025-11-09,2025-11-10,QR_SUR_PLACE,R54008671,1,7,8,8,7,7,9,
SAT0001114,POST_MATCH,M008,2025-11-09,2025-11-10,SMS,R54576309,1,10,10,8,7,9,10,
SAT0001115,POST_MATCH,M008,2025-11-09,2025-11-10,EMAIL,R55136591,1,9,8,6,7,10,9,
SAT0001120,POST_MATCH,M008,2025-11-09,2025-11-10,EMAIL,R52592095,1,10,10,7,9,7,10,
SAT0001121,POST_MATCH,M008,2025-11-09,2025-11-10,SMS,R53283559,1,8,10,3,6,8,10,
SAT0001122,POST_MATCH,M008,2025-11-09,2025-11-10,EMAIL,R53321565,1,10,7,8,7,8,9,
SAT0001124,POST_MATCH,M008,2025-11-09,2025-11-10,EMAIL,R54587410,1,7,9,10,7,8,8,
SAT0001126,POST_MATCH,M008,2025-11-09,2025-11-10,EMAIL,R56360206,1,5,7,9,4,7,7,
SAT0001127,POST_MATCH,M008,2025-11-09,2025-11-10,EMAIL,R56688774,1,9,8,7,6,7,8,
SAT0001128,POST_MATCH,M008,2025-11-09,2025-11-10,EMAIL,R57486900,1,8,7,9,8,8,10,"Premiere fois ici, tres agreable surprise"
SAT0001130,POST_MATCH,M008,2025-11-09,2025-11-10,EMAIL,R58454827,1,10,10,7,8,9,10,Correct dans l'ensemble
SAT0001132,POST_MATCH,M008,2025-11-09,2025-11-10,SMS,R58693284,1,7,7,7,7,7,8,
SAT0001137,POST_MATCH,M008,2025-11-09,2025-11-10,SMS,R52300374,1,9,9,8,7,8,9,Tres bonne organisation
SAT0001139,POST_MATCH,M008,2025-11-09,2025-11-10,EMAIL,R54378444,1,8,6,9,7,7,8,Correct dans l'ensemble
SAT0001140,POST_MATCH,M008,2025-11-09,2025-11-10,EMAIL,R55267907,1,8,9,6,5,9,10,Correct dans l'ensemble
SAT0001142,POST_MATCH,M008,2025-11-09,2025-11-10,EMAIL,R55853935,1,7,8,7,7,10,10,
SAT0001143,POST_MATCH,M008,2025-11-09,2025-11-10,EMAIL,R56545399,1,8,7,8,6,10,9,
SAT0001144,POST_MATCH,M008,2025-11-09,2025-11-10,EMAIL,R57027830,1,9,8,8,6,9,9,"Super ambiance, on reviendra"
SAT0001145,POST_MATCH,M008,2025-11-09,2025-11-10,EMAIL,R58191304,1,7,10,4,8,9,7,
SAT0001149,POST_MATCH,M008,2025-11-09,2025-11-10,EMAIL,R55331113,1,10,7,6,7,8,8,
SAT0001151,POST_MATCH,M008,2025-11-09,2025-11-10,SMS,R56992956,1,10,9,8,8,8,10,"Premiere fois ici, tres agreable surprise"
SAT0001152,POST_MATCH,M008,2025-11-09,2025-11-10,QR_SUR_PLACE,R57006442,1,8,8,8,6,9,8,Rien a signaler
SAT0001156,POST_MATCH,M008,2025-11-09,2025-11-10,EMAIL,R52557968,1,8,9,8,7,9,10,Bon rapport qualite prix
SAT0001160,POST_MATCH,M008,2025-11-09,2025-11-10,SMS,R53736767,1,9,6,6,7,8,8,L'ambiance dans les tribunes vaut le deplacement
SAT0001161,POST_MATCH,M008,2025-11-09,2025-11-10,EMAIL,R54211229,1,10,8,5,9,8,9,
SAT0001162,POST_MATCH,M008,2025-11-09,2025-11-10,EMAIL,R55344666,1,7,9,7,9,9,9,
SAT0001170,POST_MATCH,M008,2025-11-09,2025-11-10,QR_SUR_PLACE,R52426240,1,10,7,6,9,8,8,
SAT0001172,POST_MATCH,M008,2025-11-09,2025-11-10,EMAIL,R56147150,1,7,9,7,8,8,8,
SAT0001174,POST_MATCH,M008,2025-11-09,2025-11-10,QR_SUR_PLACE,R59444477,1,8,7,7,5,10,9,Sans plus
SAT0001178,POST_MATCH,M008,2025-11-09,2025-11-10,EMAIL,R51232796,1,9,8,7,9,9,10,Bon rapport qualite prix
SAT0001180,POST_MATCH,M008,2025-11-09,2025-11-10,EMAIL,R54164775,1,8,6,7,8,7,8,Correct dans l'ensemble
SAT0001181,POST_MATCH,M008,2025-11-09,2025-11-10,SMS,R54801069,1,7,8,6,6,9,7,Correct dans l'ensemble
SAT0001182,POST_MATCH,M008,2025-11-09,2025-11-10,EMAIL,R56746118,1,9,7,7,7,8,7,"Super ambiance, on reviendra"
SAT0001184,POST_MATCH,M008,2025-11-09,2025-11-10,EMAIL,R57560182,1,7,8,9,7,7,6,
SAT0001187,POST_MATCH,M008,2025-11-09,2025-11-10,EMAIL,R58220996,1,8,8,8,8,9,9,
SAT0001191,POST_MATCH,M008,2025-11-09,2025-11-10,EMAIL,R58807024,1,7,10,10,7,6,8,
SAT0001193,POST_MATCH,M008,2025-11-09,2025-11-10,SMS,R51723876,1,10,8,6,7,7,10,L'ambiance dans les tribunes vaut le deplacement
SAT0001194,POST_MATCH,M008,2025-11-09,2025-11-10,EMAIL,R53182203,1,7,9,7,6,9,8,
SAT0001197,POST_MATCH,M008,2025-11-09,2025-11-10,EMAIL,R54385522,1,9,8,7,8,8,8,
SAT0001198,POST_MATCH,M008,2025-11-09,2025-11-10,SMS,R54785811,1,8,9,7,8,7,5,Tres bonne organisation
SAT0001203,POST_MATCH,M008,2025-11-09,2025-11-10,EMAIL,R58573538,1,7,7,10,8,7,7,
SAT0001204,POST_MATCH,M008,2025-11-09,2025-11-10,EMAIL,R58705946,1,8,9,6,7,7,10,Tres bonne organisation
SAT0001211,POST_MATCH,M008,2025-11-09,2025-11-10,EMAIL,R57314503,1,9,7,6,5,7,10,Tres bonne organisation
SAT0001213,POST_MATCH,M008,2025-11-09,2025-11-10,SMS,R57923212,1,10,7,7,7,6,10,Match intense du debut a la fin
SAT0001215,POST_MATCH,M008,2025-11-09,2025-11-10,EMAIL,R58268331,1,8,6,8,8,7,9,Rien a signaler
SAT0001219,POST_MATCH,M008,2025-11-09,2025-11-10,SMS,R58989219,1,10,10,6,6,8,10,
SAT0001221,POST_MATCH,M008,2025-11-09,2025-11-10,EMAIL,R53288386,1,7,8,7,7,8,7,
SAT0001222,POST_MATCH,M008,2025-11-09,2025-11-10,EMAIL,R54755295,1,9,8,9,8,8,9,Match intense du debut a la fin
SAT0001227,POST_MATCH,M008,2025-11-09,2025-11-10,QR_SUR_PLACE,R57785967,1,8,7,9,7,10,7,
SAT0001228,POST_MATCH,M008,2025-11-09,2025-11-10,EMAIL,R58591449,1,8,8,8,8,7,7,
SAT0001231,POST_MATCH,M008,2025-11-09,2025-11-10,EMAIL,R51821544,1,8,7,9,7,9,9,Tres bonne organisation
SAT0001235,POST_MATCH,M008,2025-11-09,2025-11-10,EMAIL,R57028979,1,7,8,8,6,10,9,
SAT0001236,POST_MATCH,M008,2025-11-09,2025-11-10,EMAIL,R58426619,1,8,8,9,10,7,9,
SAT0001242,POST_MATCH,M008,2025-11-09,2025-11-10,EMAIL,R51955245,1,9,7,9,9,9,10,Bon rapport qualite prix
SAT0001243,POST_MATCH,M008,2025-11-09,2025-11-10,EMAIL,R52860646,1,7,7,6,6,8,7,
SAT0001246,POST_MATCH,M008,2025-11-09,2025-11-10,EMAIL,R58627750,1,9,7,6,7,9,9,
SAT0001247,POST_MATCH,M008,2025-11-09,2025-11-10,EMAIL,R59103438,1,8,8,8,8,8,8,Match intense du debut a la fin
SAT0001250,POST_MATCH,M008,2025-11-09,2025-11-10,SMS,R56784871,1,9,9,6,7,8,8,
SAT0001251,POST_MATCH,M008,2025-11-09,2025-11-10,SMS,R53752504,0,8,10,6,8,8,9,
SAT0001259,POST_MATCH,M008,2025-11-09,2025-11-10,EMAIL,R51638870,0,10,10,6,8,7,10,
SAT0001261,POST_MATCH,M008,2025-11-09,2025-11-10,SMS,R56151173,0,8,8,8,8,8,9,"Premiere fois ici, tres agreable surprise"
SAT0001264,POST_MATCH,M008,2025-11-09,2025-11-10,EMAIL,R56115207,1,8,9,7,7,9,8,Tres bonne organisation
SAT0001265,POST_MATCH,M008,2025-11-09,2025-11-10,QR_SUR_PLACE,R52979501,1,10,10,5,7,8,8,
SAT0001268,POST_MATCH,M008,2025-11-09,2025-11-10,EMAIL,R58372742,0,7,9,5,7,8,8,
SAT0001269,POST_MATCH,M008,2025-11-09,2025-11-10,EMAIL,R55839826,0,9,10,6,6,7,9,
SAT0001275,POST_MATCH,M008,2025-11-09,2025-11-10,EMAIL,R58132935,1,7,9,8,8,9,6,
SAT0001277,POST_MATCH,M008,2025-11-09,2025-11-10,EMAIL,R59796751,1,8,10,10,7,8,7,
SAT0001278,POST_MATCH,M008,2025-11-09,2025-11-10,EMAIL,R53162788,1,6,8,6,7,9,8,
SAT0001281,POST_MATCH,M008,2025-11-09,2025-11-10,EMAIL,R52579624,0,9,10,5,7,7,10,
SAT0001282,POST_MATCH,M008,2025-11-09,2025-11-10,EMAIL,R57183867,1,6,9,7,8,7,7,
SAT0001284,POST_MATCH,M008,2025-11-09,2025-11-10,SMS,R54174727,0,7,10,9,8,7,10,
SAT0001285,POST_MATCH,M008,2025-11-09,2025-11-10,EMAIL,R54169545,0,7,9,7,8,7,7,
SAT0001287,POST_MATCH,M008,2025-11-09,2025-11-10,EMAIL,R55625621,0,8,10,6,8,8,9,
SAT0001289,POST_MATCH,M008,2025-11-09,2025-11-10,SMS,R55881510,1,9,9,7,9,10,9,
SAT0000904,POST_MATCH,M007,2025-11-06,2025-11-11,SMS,R53304880,1,4,7,6,5,7,6,Difficile de trouver sa place
SAT0000913,POST_MATCH,M007,2025-11-06,2025-11-11,EMAIL,R51117150,1,7,8,6,5,7,8,
SAT0000926,POST_MATCH,M007,2025-11-06,2025-11-11,SMS,R52616615,1,6,6,5,6,6,7,Sans plus
SAT0000942,POST_MATCH,M007,2025-11-06,2025-11-11,EMAIL,R53145701,1,6,7,3,8,7,7,
SAT0000944,POST_MATCH,M007,2025-11-06,2025-11-11,SMS,R58016599,1,5,6,5,7,5,6,File d'attente interminable a l'entree
SAT0000947,POST_MATCH,M007,2025-11-06,2025-11-11,EMAIL,R51827205,1,7,6,7,5,8,7,
SAT0000959,POST_MATCH,M007,2025-11-06,2025-11-11,EMAIL,R52557968,1,4,5,6,7,8,7,File d'attente interminable a l'entree
SAT0000973,POST_MATCH,M007,2025-11-06,2025-11-11,SMS,R55878043,1,8,7,3,6,8,8,Tres bonne organisation
SAT0000981,POST_MATCH,M007,2025-11-06,2025-11-11,EMAIL,R53636982,1,7,6,5,7,6,5,
SAT0000991,POST_MATCH,M007,2025-11-06,2025-11-11,EMAIL,R52708967,1,4,6,6,6,5,6,Difficile de trouver sa place
SAT0001005,POST_MATCH,M007,2025-11-06,2025-11-11,EMAIL,R54198011,1,6,5,5,6,7,8,
SAT0001017,POST_MATCH,M007,2025-11-06,2025-11-11,EMAIL,R56149870,1,6,7,2,7,7,7,
SAT0001023,POST_MATCH,M007,2025-11-06,2025-11-11,EMAIL,R55779072,1,7,8,6,5,6,7,
SAT0001025,POST_MATCH,M007,2025-11-06,2025-11-11,SMS,R56034693,1,8,7,4,6,6,6,Match intense du debut a la fin
SAT0001064,POST_MATCH,M007,2025-11-06,2025-11-11,SMS,R51218429,0,6,7,4,7,7,7,
SAT0001070,POST_MATCH,M007,2025-11-06,2025-11-11,EMAIL,R59421595,0,6,6,4,8,7,8,Sans plus
SAT0001073,POST_MATCH,M007,2025-11-06,2025-11-11,QR_SUR_PLACE,R59312270,1,7,7,3,7,9,7,
SAT0001084,POST_MATCH,M007,2025-11-06,2025-11-11,EMAIL,R55836771,1,5,6,5,8,9,6,Correct dans l'ensemble
SAT0001087,POST_MATCH,M007,2025-11-06,2025-11-11,EMAIL,R53832395,0,7,7,3,7,7,8,
SAT0001092,POST_MATCH,M008,2025-11-09,2025-11-11,QR_SUR_PLACE,R51432778,1,8,9,7,7,10,9,
SAT0001097,POST_MATCH,M008,2025-11-09,2025-11-11,SMS,R53663485,1,6,8,8,7,6,7,
SAT0001105,POST_MATCH,M008,2025-11-09,2025-11-11,EMAIL,R57893185,1,10,10,9,8,9,8,
SAT0001107,POST_MATCH,M008,2025-11-09,2025-11-11,EMAIL,R58473083,1,8,7,7,7,8,9,"Premiere fois ici, tres agreable surprise"
SAT0001110,POST_MATCH,M008,2025-11-09,2025-11-11,EMAIL,R52745891,1,9,8,6,6,8,10,Bon rapport qualite prix
SAT0001113,POST_MATCH,M008,2025-11-09,2025-11-11,SMS,R54049129,1,8,9,8,7,7,8,
SAT0001116,POST_MATCH,M008,2025-11-09,2025-11-11,QR_SUR_PLACE,R55460255,1,9,8,8,7,10,9,
SAT0001117,POST_MATCH,M008,2025-11-09,2025-11-11,EMAIL,R57866893,1,8,9,8,7,10,8,"Super ambiance, on reviendra"
SAT0001118,POST_MATCH,M008,2025-11-09,2025-11-11,EMAIL,R58188718,1,9,9,7,8,10,10,
SAT0001125,POST_MATCH,M008,2025-11-09,2025-11-11,QR_SUR_PLACE,R54962566,1,10,8,5,6,8,9,L'ambiance dans les tribunes vaut le deplacement
SAT0001129,POST_MATCH,M008,2025-11-09,2025-11-11,EMAIL,R58414369,1,8,10,6,8,6,10,
SAT0001134,POST_MATCH,M008,2025-11-09,2025-11-11,SMS,R59882504,1,7,9,6,7,8,9,Correct dans l'ensemble
SAT0001135,POST_MATCH,M008,2025-11-09,2025-11-11,EMAIL,R51028399,1,7,9,8,9,9,7,Sans plus
SAT0001138,POST_MATCH,M008,2025-11-09,2025-11-11,EMAIL,R52782192,1,10,10,8,7,8,9,
SAT0001146,POST_MATCH,M008,2025-11-09,2025-11-11,QR_SUR_PLACE,R51671503,1,10,9,7,8,8,8,Rien a signaler
SAT0001147,POST_MATCH,M008,2025-11-09,2025-11-11,EMAIL,R52435914,1,9,6,8,6,9,9,"Super ambiance, on reviendra"
SAT0001150,POST_MATCH,M008,2025-11-09,2025-11-11,SMS,R56431448,1,7,8,7,8,7,7,
SAT0001154,POST_MATCH,M008,2025-11-09,2025-11-11,QR_SUR_PLACE,R58226925,1,9,9,8,6,6,8,Bon rapport qualite prix
SAT0001164,POST_MATCH,M008,2025-11-09,2025-11-11,EMAIL,R58143624,1,7,8,8,6,9,8,
SAT0001167,POST_MATCH,M008,2025-11-09,2025-11-11,EMAIL,R59795046,1,8,9,7,8,9,9,Bon rapport qualite prix
SAT0001171,POST_MATCH,M008,2025-11-09,2025-11-11,EMAIL,R54151222,1,9,9,8,7,9,10,
SAT0001175,POST_MATCH,M008,2025-11-09,2025-11-11,EMAIL,R59477579,1,8,10,9,7,8,9,Rien a signaler
SAT0001183,POST_MATCH,M008,2025-11-09,2025-11-11,EMAIL,R57139051,1,9,8,9,7,7,7,
SAT0001185,POST_MATCH,M008,2025-11-09,2025-11-11,SMS,R57693816,1,8,10,8,8,7,8,Bon rapport qualite prix
SAT0001188,POST_MATCH,M008,2025-11-09,2025-11-11,EMAIL,R58390184,1,10,7,8,7,7,8,
SAT0001189,POST_MATCH,M008,2025-11-09,2025-11-11,EMAIL,R58492555,1,7,8,6,8,8,7,Correct dans l'ensemble
SAT0001190,POST_MATCH,M008,2025-11-09,2025-11-11,EMAIL,R58609025,1,8,8,7,8,8,10,Correct dans l'ensemble
SAT0001192,POST_MATCH,M008,2025-11-09,2025-11-11,EMAIL,R59339108,1,8,9,6,7,9,9,
SAT0001196,POST_MATCH,M008,2025-11-09,2025-11-11,EMAIL,R54247597,1,8,9,9,8,10,9,
SAT0001199,POST_MATCH,M008,2025-11-09,2025-11-11,SMS,R56303599,1,10,8,7,8,10,9,
SAT0001200,POST_MATCH,M008,2025-11-09,2025-11-11,SMS,R57084561,1,9,7,7,9,9,10,
SAT0001201,POST_MATCH,M008,2025-11-09,2025-11-11,EMAIL,R57266622,1,9,10,7,7,8,7,
SAT0001206,POST_MATCH,M008,2025-11-09,2025-11-11,QR_SUR_PLACE,R51034931,1,9,8,7,9,6,7,
SAT0001207,POST_MATCH,M008,2025-11-09,2025-11-11,EMAIL,R51971595,1,9,8,5,7,8,9,
SAT0001208,POST_MATCH,M008,2025-11-09,2025-11-11,EMAIL,R53786688,1,7,4,7,7,9,6,
SAT0001209,POST_MATCH,M008,2025-11-09,2025-11-11,EMAIL,R56383969,1,7,8,8,6,6,6,
SAT0001212,POST_MATCH,M008,2025-11-09,2025-11-11,EMAIL,R57430360,1,9,10,8,7,10,8,L'ambiance dans les tribunes vaut le deplacement
SAT0001214,POST_MATCH,M008,2025-11-09,2025-11-11,EMAIL,R57952636,1,8,9,4,8,9,7,
SAT0001216,POST_MATCH,M008,2025-11-09,2025-11-11,QR_SUR_PLACE,R58586478,1,7,8,6,8,7,8,Rien a signaler
SAT0001218,POST_MATCH,M008,2025-11-09,2025-11-11,EMAIL,R58780186,1,10,7,6,9,9,10,L'ambiance dans les tribunes vaut le deplacement
SAT0001229,POST_MATCH,M008,2025-11-09,2025-11-11,SMS,R58775962,1,7,7,7,8,9,7,
SAT0001232,POST_MATCH,M008,2025-11-09,2025-11-11,EMAIL,R53349753,1,10,10,6,6,8,9,L'ambiance dans les tribunes vaut le deplacement
SAT0001234,POST_MATCH,M008,2025-11-09,2025-11-11,EMAIL,R55829951,1,10,8,7,7,9,8,L'ambiance dans les tribunes vaut le deplacement
SAT0001237,POST_MATCH,M008,2025-11-09,2025-11-11,EMAIL,R59390255,1,8,8,9,8,8,7,
SAT0001239,POST_MATCH,M008,2025-11-09,2025-11-11,EMAIL,R51021646,1,7,10,8,7,7,8,
SAT0001240,POST_MATCH,M008,2025-11-09,2025-11-11,SMS,R51385155,1,9,7,6,8,8,6,
SAT0001245,POST_MATCH,M008,2025-11-09,2025-11-11,EMAIL,R54124652,1,7,7,6,6,9,9,
SAT0001256,POST_MATCH,M008,2025-11-09,2025-11-11,EMAIL,R57697705,0,9,10,6,7,7,8,
SAT0001260,POST_MATCH,M008,2025-11-09,2025-11-11,EMAIL,R51981614,1,8,9,6,6,7,9,
SAT0001273,POST_MATCH,M008,2025-11-09,2025-11-11,QR_SUR_PLACE,R56070726,0,8,10,7,8,7,9,
SAT0001274,POST_MATCH,M008,2025-11-09,2025-11-11,EMAIL,R56003363,1,6,8,9,7,8,8,
SAT0001276,POST_MATCH,M008,2025-11-09,2025-11-11,QR_SUR_PLACE,R59201317,0,9,8,7,7,7,7,
SAT0001286,POST_MATCH,M008,2025-11-09,2025-11-11,EMAIL,R57354492,0,8,9,6,6,8,8,"Premiere fois ici, tres agreable surprise"
SAT0001288,POST_MATCH,M008,2025-11-09,2025-11-11,EMAIL,R56868105,1,9,7,8,10,9,8,Rien a signaler
SAT0001093,POST_MATCH,M008,2025-11-09,2025-11-12,SMS,R51856361,1,9,6,10,8,8,8,"Super ambiance, on reviendra"
SAT0001095,POST_MATCH,M008,2025-11-09,2025-11-12,EMAIL,R52241938,1,10,8,7,7,7,9,Sans plus
SAT0001099,POST_MATCH,M008,2025-11-09,2025-11-12,EMAIL,R54454255,1,9,8,8,7,8,8,L'ambiance dans les tribunes vaut le deplacement
SAT0001123,POST_MATCH,M008,2025-11-09,2025-11-12,EMAIL,R54234935,1,8,9,7,6,9,10,Match intense du debut a la fin
SAT0001136,POST_MATCH,M008,2025-11-09,2025-11-12,EMAIL,R51385165,1,8,9,7,8,9,8,L'ambiance dans les tribunes vaut le deplacement
SAT0001141,POST_MATCH,M008,2025-11-09,2025-11-12,QR_SUR_PLACE,R55617930,1,8,8,9,6,7,6,"Super ambiance, on reviendra"
SAT0001153,POST_MATCH,M008,2025-11-09,2025-11-12,EMAIL,R57546495,1,8,6,6,8,8,10,Bon rapport qualite prix
SAT0001157,POST_MATCH,M008,2025-11-09,2025-11-12,EMAIL,R53239624,1,6,10,7,5,9,9,
SAT0001158,POST_MATCH,M008,2025-11-09,2025-11-12,EMAIL,R53252497,1,7,8,7,7,9,9,
SAT0001176,POST_MATCH,M008,2025-11-09,2025-11-12,EMAIL,R59661479,1,8,7,9,8,8,9,"Super ambiance, on reviendra"
SAT0001186,POST_MATCH,M008,2025-11-09,2025-11-12,QR_SUR_PLACE,R57890589,1,8,9,6,7,8,9,"Premiere fois ici, tres agreable surprise"
SAT0001205,POST_MATCH,M008,2025-11-09,2025-11-12,EMAIL,R59193281,1,9,9,7,7,8,10,Match intense du debut a la fin
SAT0001217,POST_MATCH,M008,2025-11-09,2025-11-12,EMAIL,R58744019,1,10,5,8,6,7,8,Bon rapport qualite prix
SAT0001225,POST_MATCH,M008,2025-11-09,2025-11-12,EMAIL,R56784938,1,7,7,9,8,10,10,
SAT0001233,POST_MATCH,M008,2025-11-09,2025-11-12,EMAIL,R54748619,1,9,9,7,7,8,8,
SAT0001241,POST_MATCH,M008,2025-11-09,2025-11-12,QR_SUR_PLACE,R51423774,1,9,9,7,9,8,8,
SAT0001244,POST_MATCH,M008,2025-11-09,2025-11-12,EMAIL,R53957303,1,9,8,8,8,9,8,"Premiere fois ici, tres agreable surprise"
SAT0001249,POST_MATCH,M008,2025-11-09,2025-11-12,EMAIL,R58016187,0,9,8,8,7,7,9,
SAT0001254,POST_MATCH,M008,2025-11-09,2025-11-12,EMAIL,R57883434,0,6,10,7,8,10,8,
SAT0001262,POST_MATCH,M008,2025-11-09,2025-11-12,SMS,R52240099,1,7,8,7,5,8,8,
SAT0001271,POST_MATCH,M008,2025-11-09,2025-11-12,SMS,R51810721,0,10,10,9,10,8,10,
SAT0001283,POST_MATCH,M008,2025-11-09,2025-11-12,SMS,R54215252,1,7,8,6,6,7,8,
SAT0001293,POST_MATCH,M009,2025-11-11,2025-11-12,EMAIL,R52241938,1,7,6,5,6,6,7,
SAT0001294,POST_MATCH,M009,2025-11-11,2025-11-12,EMAIL,R52768505,1,6,9,6,7,7,7,
SAT0001296,POST_MATCH,M009,2025-11-11,2025-11-12,EMAIL,R55096679,1,6,7,5,6,6,6,
SAT0001298,POST_MATCH,M009,2025-11-11,2025-11-12,QR_SUR_PLACE,R55546008,1,7,7,3,7,7,8,
SAT0001304,POST_MATCH,M009,2025-11-11,2025-11-12,SMS,R53473522,1,9,6,4,7,5,6,L'ambiance dans les tribunes vaut le deplacement
SAT0001305,POST_MATCH,M009,2025-11-11,2025-11-12,SMS,R53900170,1,5,6,3,7,5,5,Peu de choix a la restauration
SAT0001306,POST_MATCH,M009,2025-11-11,2025-11-12,EMAIL,R55042802,1,6,5,4,7,6,6,
SAT0001307,POST_MATCH,M009,2025-11-11,2025-11-12,SMS,R55961076,1,4,7,5,6,7,7,Difficile de trouver sa place
SAT0001309,POST_MATCH,M009,2025-11-11,2025-11-12,EMAIL,R56637828,1,6,4,3,7,7,8,
SAT0001310,POST_MATCH,M009,2025-11-11,2025-11-12,SMS,R58931674,1,6,5,6,6,7,6,
SAT0001311,POST_MATCH,M009,2025-11-11,2025-11-12,SMS,R59040175,1,3,7,6,7,7,6,
SAT0001312,POST_MATCH,M009,2025-11-11,2025-11-12,SMS,R51372838,1,7,7,6,7,7,7,
SAT0001313,POST_MATCH,M009,2025-11-11,2025-11-12,SMS,R51493599,1,4,5,7,6,6,4,
SAT0001314,POST_MATCH,M009,2025-11-11,2025-11-12,QR_SUR_PLACE,R51621103,1,7,6,6,8,7,9,
SAT0001316,POST_MATCH,M009,2025-11-11,2025-11-12,EMAIL,R55399635,1,6,6,6,7,8,9,
SAT0001317,POST_MATCH,M009,2025-11-11,2025-11-12,SMS,R56157303,1,6,8,6,8,8,7,
SAT0001327,POST_MATCH,M009,2025-11-11,2025-11-12,EMAIL,R54064588,1,2,6,6,8,5,5,
SAT0001328,POST_MATCH,M009,2025-11-11,2025-11-12,EMAIL,R54708851,1,6,8,7,7,7,8,
SAT0001329,POST_MATCH,M009,2025-11-11,2025-11-12,EMAIL,R55991247,1,8,5,5,6,5,5,
SAT0001330,POST_MATCH,M009,2025-11-11,2025-11-12,SMS,R57082387,1,7,7,4,3,5,6,
SAT0001332,POST_MATCH,M009,2025-11-11,2025-11-12,EMAIL,R58191304,1,8,6,5,6,5,5,
SAT0001333,POST_MATCH,M009,2025-11-11,2025-11-12,EMAIL,R58217050,1,7,5,3,8,6,6,
SAT0001335,POST_MATCH,M009,2025-11-11,2025-11-12,EMAIL,R52465338,1,7,5,4,7,7,6,
SAT0001341,POST_MATCH,M009,2025-11-11,2025-11-12,SMS,R58057124,1,8,9,5,8,6,7,
SAT0001344,POST_MATCH,M009,2025-11-11,2025-11-12,SMS,R54137669,1,9,6,6,7,7,8,Match intense du debut a la fin
SAT0001346,POST_MATCH,M009,2025-11-11,2025-11-12,EMAIL,R55385737,1,4,9,6,7,6,7,Prix des places trop eleve pour ce niveau de match
SAT0001351,POST_MATCH,M009,2025-11-11,2025-11-12,EMAIL,R57680196,1,6,6,4,7,8,7,
SAT0001353,POST_MATCH,M009,2025-11-11,2025-11-12,EMAIL,R52377200,1,5,6,5,8,8,6,Difficile de trouver sa place
SAT0001354,POST_MATCH,M009,2025-11-11,2025-11-12,EMAIL,R52548840,1,6,8,3,7,8,8,
SAT0001360,POST_MATCH,M009,2025-11-11,2025-11-12,EMAIL,R56147150,1,6,6,4,7,8,7,
SAT0001362,POST_MATCH,M009,2025-11-11,2025-11-12,EMAIL,R58905037,1,7,6,7,9,8,7,
SAT0001364,POST_MATCH,M009,2025-11-11,2025-11-12,EMAIL,R53335999,1,7,6,5,7,7,8,
SAT0001366,POST_MATCH,M009,2025-11-11,2025-11-12,QR_SUR_PLACE,R54897310,1,5,4,7,8,5,6,
SAT0001367,POST_MATCH,M009,2025-11-11,2025-11-12,SMS,R55567932,1,8,6,6,6,6,8,
SAT0001368,POST_MATCH,M009,2025-11-11,2025-11-12,EMAIL,R55570997,1,6,7,5,5,7,7,
SAT0001370,POST_MATCH,M009,2025-11-11,2025-11-12,QR_SUR_PLACE,R58461905,1,5,4,4,8,6,3,Trop d'attente aux buvettes
SAT0001371,POST_MATCH,M009,2025-11-11,2025-11-12,QR_SUR_PLACE,R59274130,1,5,6,5,7,5,6,
SAT0001378,POST_MATCH,M009,2025-11-11,2025-11-12,QR_SUR_PLACE,R55945607,1,6,6,4,7,6,6,Correct dans l'ensemble
SAT0001379,POST_MATCH,M009,2025-11-11,2025-11-12,QR_SUR_PLACE,R56431716,1,5,7,6,8,6,5,File d'attente interminable a l'entree
SAT0001382,POST_MATCH,M009,2025-11-11,2025-11-12,EMAIL,R52451574,1,5,7,3,7,6,7,Prix des places trop eleve pour ce niveau de match
SAT0001383,POST_MATCH,M009,2025-11-11,2025-11-12,SMS,R53878025,1,6,5,5,9,7,5,
SAT0001385,POST_MATCH,M009,2025-11-11,2025-11-12,QR_SUR_PLACE,R54394784,1,6,9,6,6,6,6,
SAT0001387,POST_MATCH,M009,2025-11-11,2025-11-12,EMAIL,R55550902,1,9,9,6,6,7,9,Match intense du debut a la fin
SAT0001388,POST_MATCH,M009,2025-11-11,2025-11-12,SMS,R56041915,1,6,6,5,9,6,6,
SAT0001390,POST_MATCH,M009,2025-11-11,2025-11-12,EMAIL,R56370483,1,6,7,4,8,7,7,Correct dans l'ensemble
SAT0001391,POST_MATCH,M009,2025-11-11,2025-11-12,EMAIL,R57287531,1,6,6,4,6,5,4,
SAT0001393,POST_MATCH,M009,2025-11-11,2025-11-12,EMAIL,R57836779,1,6,7,4,7,6,5,Sans plus
SAT0001399,POST_MATCH,M009,2025-11-11,2025-11-12,EMAIL,R57606358,1,6,7,4,6,7,8,
SAT0001401,POST_MATCH,M009,2025-11-11,2025-11-12,EMAIL,R52725719,1,4,7,5,9,7,5,
SAT0001403,POST_MATCH,M009,2025-11-11,2025-11-12,SMS,R53527523,1,5,7,4,7,6,7,Trop d'attente aux buvettes
SAT0001406,POST_MATCH,M009,2025-11-11,2025-11-12,SMS,R51093367,1,8,7,2,7,7,8,
SAT0001409,POST_MATCH,M009,2025-11-11,2025-11-12,SMS,R53051902,1,6,8,5,5,5,6,
SAT0001411,POST_MATCH,M009,2025-11-11,2025-11-12,EMAIL,R53283616,1,6,4,4,8,6,6,
SAT0001415,POST_MATCH,M009,2025-11-11,2025-11-12,SMS,R59200292,1,5,7,5,4,5,4,
SAT0001416,POST_MATCH,M009,2025-11-11,2025-11-12,SMS,R59761465,1,5,7,7,8,4,7,Sonorisation trop forte
SAT0001424,POST_MATCH,M009,2025-11-11,2025-11-12,SMS,R56806470,0,6,7,5,7,6,6,
SAT0001425,POST_MATCH,M009,2025-11-11,2025-11-12,EMAIL,R58321461,1,6,6,6,9,7,6,
SAT0001430,POST_MATCH,M009,2025-11-11,2025-11-12,EMAIL,R52206575,0,8,8,6,7,6,9,Tres bonne organisation
SAT0001432,POST_MATCH,M009,2025-11-11,2025-11-12,EMAIL,R52693920,0,4,8,4,6,6,6,Prix des places trop eleve pour ce niveau de match
SAT0001433,POST_MATCH,M009,2025-11-11,2025-11-12,EMAIL,R52767135,0,9,6,5,6,6,7,Tres bonne organisation
SAT0001437,POST_MATCH,M009,2025-11-11,2025-11-12,EMAIL,R54373128,0,6,8,4,9,5,5,
SAT0001440,POST_MATCH,M009,2025-11-11,2025-11-12,EMAIL,R57792509,1,6,5,6,8,8,7,
SAT0001443,POST_MATCH,M009,2025-11-11,2025-11-12,EMAIL,R57062704,0,7,7,6,7,6,8,
SAT0001445,POST_MATCH,M009,2025-11-11,2025-11-12,EMAIL,R57036268,1,6,7,6,9,6,7,
SAT0001446,POST_MATCH,M009,2025-11-11,2025-11-12,QR_SUR_PLACE,R59339376,0,8,8,4,7,6,8,
SAT0001453,POST_MATCH,M009,2025-11-11,2025-11-12,EMAIL,R56290046,0,9,7,6,7,8,8,
SAT0001454,POST_MATCH,M009,2025-11-11,2025-11-12,EMAIL,R59964780,0,6,8,6,8,6,8,
SAT0001457,POST_MATCH,M009,2025-11-11,2025-11-12,EMAIL,R55248559,0,6,8,5,5,6,6,
SAT0001458,POST_MATCH,M009,2025-11-11,2025-11-12,EMAIL,R55558402,0,7,9,6,8,5,8,
SAT0001460,POST_MATCH,M009,2025-11-11,2025-11-12,QR_SUR_PLACE,R53086163,0,7,7,7,6,6,7,
SAT0000909,POST_MATCH,M007,2025-11-06,2025-11-13,SMS,R56389496,1,7,7,5,5,9,7,
SAT0000923,POST_MATCH,M007,2025-11-06,2025-11-13,EMAIL,R58196074,1,5,5,7,8,6,6,
SAT0000937,POST_MATCH,M007,2025-11-06,2025-11-13,EMAIL,R59426432,1,7,6,5,6,8,9,Rien a signaler
SAT0000956,POST_MATCH,M007,2025-11-06,2025-11-13,SMS,R59806013,1,6,5,4,7,8,6,
SAT0000967,POST_MATCH,M007,2025-11-06,2025-11-13,EMAIL,R59319358,1,6,7,6,7,5,6,
SAT0000988,POST_MATCH,M007,2025-11-06,2025-11-13,SMS,R59820313,1,6,6,5,7,8,6,
SAT0000997,POST_MATCH,M007,2025-11-06,2025-11-13,EMAIL,R57020809,1,7,7,5,6,5,5,
SAT0001039,POST_MATCH,M007,2025-11-06,2025-11-13,EMAIL,R59129874,1,6,5,6,9,8,6,
SAT0001051,POST_MATCH,M007,2025-11-06,2025-11-13,EMAIL,R57155133,1,5,5,4,7,6,5,File d'attente interminable a l'entree
SAT0001058,POST_MATCH,M007,2025-11-06,2025-11-13,EMAIL,R53316038,0,7,6,6,5,8,7,Rien a signaler
SAT0001065,POST_MATCH,M007,2025-11-06,2025-11-13,EMAIL,R53122129,0,8,6,5,7,5,8,
SAT0001075,POST_MATCH,M007,2025-11-06,2025-11-13,SMS,R55593477,0,8,5,4,7,6,6,"Super ambiance, on reviendra"
SAT0001080,POST_MATCH,M007,2025-11-06,2025-11-13,EMAIL,R58500189,0,8,6,4,9,8,7,
SAT0001091,POST_MATCH,M008,2025-11-09,2025-11-13,EMAIL,R51348184,1,10,6,7,8,8,10,
SAT0001096,POST_MATCH,M008,2025-11-09,2025-11-13,EMAIL,R52669199,1,7,8,9,8,9,8,
SAT0001104,POST_MATCH,M008,2025-11-09,2025-11-13,EMAIL,R57657180,1,8,10,7,7,9,10,
SAT0001106,POST_MATCH,M008,2025-11-09,2025-11-13,EMAIL,R57894411,1,9,9,8,8,7,8,"Super ambiance, on reviendra"
SAT0001119,POST_MATCH,M008,2025-11-09,2025-11-13,EMAIL,R58986844,1,8,8,9,8,7,8,Match intense du debut a la fin
SAT0001133,POST_MATCH,M008,2025-11-09,2025-11-13,SMS,R59174489,1,8,7,7,10,7,5,"Super ambiance, on reviendra"
SAT0001163,POST_MATCH,M008,2025-11-09,2025-11-13,EMAIL,R55385737,1,10,8,5,9,10,10,
SAT0001166,POST_MATCH,M008,2025-11-09,2025-11-13,SMS,R59736811,1,10,9,7,9,9,10,Tres bonne organisation
SAT0001168,POST_MATCH,M008,2025-11-09,2025-11-13,EMAIL,R59959330,1,8,8,8,7,8,8,L'ambiance dans les tribunes vaut le deplacement
SAT0001169,POST_MATCH,M008,2025-11-09,2025-11-13,EMAIL,R52377200,1,7,9,8,5,7,7,
SAT0001173,POST_MATCH,M008,2025-11-09,2025-11-13,SMS,R59087098,1,7,9,8,6,8,7,
SAT0001179,POST_MATCH,M008,2025-11-09,2025-11-13,EMAIL,R51905870,1,9,8,7,7,8,8,
SAT0001202,POST_MATCH,M008,2025-11-09,2025-11-13,SMS,R57719629,1,6,10,6,10,7,5,Rien a signaler
SAT0001220,POST_MATCH,M008,2025-11-09,2025-11-13,SMS,R51806152,1,8,8,5,6,8,9,
SAT0001223,POST_MATCH,M008,2025-11-09,2025-11-13,EMAIL,R55326611,1,8,6,8,8,8,8,"Premiere fois ici, tres agreable surprise"
SAT0001224,POST_MATCH,M008,2025-11-09,2025-11-13,QR_SUR_PLACE,R56188489,1,7,7,8,8,8,6,
SAT0001248,POST_MATCH,M008,2025-11-09,2025-11-13,EMAIL,R53982436,0,8,8,7,8,8,9,
SAT0001252,POST_MATCH,M008,2025-11-09,2025-11-13,EMAIL,R55906174,0,8,9,6,6,8,8,Bon rapport qualite prix
SAT0001258,POST_MATCH,M008,2025-11-09,2025-11-13,SMS,R52583034,0,8,9,6,8,8,9,
SAT0001267,POST_MATCH,M008,2025-11-09,2025-11-13,SMS,R58587714,0,9,8,7,7,9,9,
SAT0001295,POST_MATCH,M009,2025-11-11,2025-11-13,SMS,R54869869,1,7,6,5,8,6,7,
SAT0001299,POST_MATCH,M009,2025-11-11,2025-11-13,EMAIL,R58644110,1,5,6,5,8,8,6,Sonorisation trop forte
SAT0001302,POST_MATCH,M009,2025-11-11,2025-11-13,EMAIL,R52470041,1,9,4,5,8,6,7,Sans plus
SAT0001303,POST_MATCH,M009,2025-11-11,2025-11-13,EMAIL,R53085493,1,5,7,7,6,5,5,
SAT0001308,POST_MATCH,M009,2025-11-11,2025-11-13,EMAIL,R56538522,1,7,5,3,6,6,7,
SAT0001319,POST_MATCH,M009,2025-11-11,2025-11-13,EMAIL,R56995274,1,5,7,5,7,4,6,Trop d'attente aux buvettes
SAT0001322,POST_MATCH,M009,2025-11-11,2025-11-13,EMAIL,R59473020,1,8,6,3,8,6,8,Tres bonne organisation
SAT0001324,POST_MATCH,M009,2025-11-11,2025-11-13,SMS,R59750096,1,7,4,6,7,8,6,
SAT0001334,POST_MATCH,M009,2025-11-11,2025-11-13,EMAIL,R59230339,1,6,6,3,6,6,7,
SAT0001336,POST_MATCH,M009,2025-11-11,2025-11-13,EMAIL,R52980871,1,6,6,4,6,7,7,
SAT0001338,POST_MATCH,M009,2025-11-11,2025-11-13,EMAIL,R56901006,1,6,8,6,7,5,5,
SAT0001348,POST_MATCH,M009,2025-11-11,2025-11-13,EMAIL,R56362859,1,6,7,4,7,8,7,
SAT0001349,POST_MATCH,M009,2025-11-11,2025-11-13,SMS,R57088038,1,5,6,6,7,6,5,File d'attente interminable a l'entree
SAT0001365,POST_MATCH,M009,2025-11-11,2025-11-13,EMAIL,R54265920,1,7,5,4,7,6,7,
SAT0001369,POST_MATCH,M009,2025-11-11,2025-11-13,QR_SUR_PLACE,R57020129,1,6,8,6,7,6,8,
SAT0001374,POST_MATCH,M009,2025-11-11,2025-11-13,EMAIL,R54321157,1,6,7,6,7,7,5,
SAT0001380,POST_MATCH,M009,2025-11-11,2025-11-13,QR_SUR_PLACE,R57755183,1,7,6,4,8,4,5,
SAT0001381,POST_MATCH,M009,2025-11-11,2025-11-13,EMAIL,R51403957,1,6,7,6,6,7,4,
SAT0001384,POST_MATCH,M009,2025-11-11,2025-11-13,EMAIL,R54220079,1,7,5,6,8,8,7,Rien a signaler
SAT0001392,POST_MATCH,M009,2025-11-11,2025-11-13,EMAIL,R57430360,1,7,8,7,6,6,8,
SAT0001395,POST_MATCH,M009,2025-11-11,2025-11-13,EMAIL,R57962444,1,6,9,4,7,4,7,
SAT0001400,POST_MATCH,M009,2025-11-11,2025-11-13,EMAIL,R57986418,1,7,5,5,10,5,6,
SAT0001404,POST_MATCH,M009,2025-11-11,2025-11-13,EMAIL,R54996271,1,9,7,4,5,3,6,L'ambiance dans les tribunes vaut le deplacement
SAT0001405,POST_MATCH,M009,2025-11-11,2025-11-13,EMAIL,R57075567,1,7,7,4,7,5,8,
SAT0001412,POST_MATCH,M009,2025-11-11,2025-11-13,EMAIL,R54447703,1,6,6,5,7,6,5,
SAT0001423,POST_MATCH,M009,2025-11-11,2025-11-13,EMAIL,R58461493,0,6,8,4,7,6,7,
SAT0001428,POST_MATCH,M009,2025-11-11,2025-11-13,EMAIL,R52200321,0,7,6,5,6,6,5,
SAT0001438,POST_MATCH,M009,2025-11-11,2025-11-13,EMAIL,R56355436,1,5,6,6,7,6,7,Peu de choix a la restauration
SAT0001439,POST_MATCH,M009,2025-11-11,2025-11-13,EMAIL,R53391303,0,5,7,6,6,4,5,
SAT0001450,POST_MATCH,M009,2025-11-11,2025-11-13,QR_SUR_PLACE,R55636866,1,5,9,2,7,7,6,Trop d'attente aux buvettes
SAT0001452,POST_MATCH,M009,2025-11-11,2025-11-13,QR_SUR_PLACE,R58240143,1,5,8,7,6,8,7,
SAT0001456,POST_MATCH,M009,2025-11-11,2025-11-13,EMAIL,R59038949,1,7,6,5,8,8,7,
SAT0001459,POST_MATCH,M009,2025-11-11,2025-11-13,EMAIL,R51028322,0,6,9,4,5,7,7,
SAT0001100,POST_MATCH,M008,2025-11-09,2025-11-14,EMAIL,R54583598,1,8,9,8,4,9,10,
SAT0001109,POST_MATCH,M008,2025-11-09,2025-11-14,EMAIL,R51648621,1,8,9,6,9,10,8,Tres bonne organisation
SAT0001148,POST_MATCH,M008,2025-11-09,2025-11-14,EMAIL,R53669270,1,7,7,6,9,7,7,
SAT0001155,POST_MATCH,M008,2025-11-09,2025-11-14,QR_SUR_PLACE,R51121096,1,6,9,9,6,9,8,
SAT0001159,POST_MATCH,M008,2025-11-09,2025-11-14,EMAIL,R53540607,1,8,9,9,7,9,9,L'ambiance dans les tribunes vaut le deplacement
SAT0001165,POST_MATCH,M008,2025-11-09,2025-11-14,EMAIL,R59551072,1,8,10,6,7,8,10,
SAT0001195,POST_MATCH,M008,2025-11-09,2025-11-14,QR_SUR_PLACE,R53821562,1,9,9,9,9,9,8,L'ambiance dans les tribunes vaut le deplacement
SAT0001210,POST_MATCH,M008,2025-11-09,2025-11-14,EMAIL,R56386421,1,9,8,8,7,10,9,"Premiere fois ici, tres agreable surprise"
SAT0001238,POST_MATCH,M008,2025-11-09,2025-11-14,EMAIL,R59844488,1,9,9,6,6,9,10,"Premiere fois ici, tres agreable surprise"
SAT0001253,POST_MATCH,M008,2025-11-09,2025-11-14,QR_SUR_PLACE,R56728676,0,9,9,4,7,10,10,
SAT0001257,POST_MATCH,M008,2025-11-09,2025-11-14,EMAIL,R54257271,0,8,7,9,6,8,8,
SAT0001266,POST_MATCH,M008,2025-11-09,2025-11-14,QR_SUR_PLACE,R52542777,1,8,8,7,7,8,8,
SAT0001279,POST_MATCH,M008,2025-11-09,2025-11-14,QR_SUR_PLACE,R52141942,1,9,8,7,8,7,9,"Premiere fois ici, tres agreable surprise"
SAT0001280,POST_MATCH,M008,2025-11-09,2025-11-14,QR_SUR_PLACE,R56449024,0,8,8,9,8,9,9,
SAT0001290,POST_MATCH,M008,2025-11-09,2025-11-14,EMAIL,R53212652,1,7,8,9,8,10,8,
SAT0001291,POST_MATCH,M009,2025-11-11,2025-11-14,EMAIL,R51139764,1,6,7,4,7,6,5,
SAT0001292,POST_MATCH,M009,2025-11-11,2025-11-14,QR_SUR_PLACE,R51392933,1,4,7,3,8,5,5,Prix des places trop eleve pour ce niveau de match
SAT0001320,POST_MATCH,M009,2025-11-11,2025-11-14,EMAIL,R57695933,1,5,7,3,4,7,8,
SAT0001326,POST_MATCH,M009,2025-11-11,2025-11-14,EMAIL,R52979578,1,5,6,7,7,5,7,Trop d'attente aux buvettes
SAT0001331,POST_MATCH,M009,2025-11-11,2025-11-14,EMAIL,R57932005,1,6,6,5,7,7,8,
SAT0001340,POST_MATCH,M009,2025-11-11,2025-11-14,EMAIL,R57057321,1,4,5,4,5,7,5,File d'attente interminable a l'entree
SAT0001345,POST_MATCH,M009,2025-11-11,2025-11-14,EMAIL,R55174865,1,6,5,3,7,7,10,
SAT0001347,POST_MATCH,M009,2025-11-11,2025-11-14,SMS,R56340178,1,6,7,5,7,8,8,
SAT0001350,POST_MATCH,M009,2025-11-11,2025-11-14,EMAIL,R57172632,1,7,4,5,7,5,5,Rien a signaler
SAT0001357,POST_MATCH,M009,2025-11-11,2025-11-14,EMAIL,R55156542,1,4,6,5,6,6,6,Peu de choix a la restauration
SAT0001359,POST_MATCH,M009,2025-11-11,2025-11-14,EMAIL,R55756669,1,6,7,2,7,7,7,
SAT0001363,POST_MATCH,M009,2025-11-11,2025-11-14,SMS,R59087098,1,8,6,6,5,8,9,
SAT0001375,POST_MATCH,M009,2025-11-11,2025-11-14,EMAIL,R55201425,1,5,8,3,7,6,6,
SAT0001386,POST_MATCH,M009,2025-11-11,2025-11-14,EMAIL,R55313058,1,6,7,5,7,9,8,
SAT0001389,POST_MATCH,M009,2025-11-11,2025-11-14,EMAIL,R56307344,1,7,4,4,9,6,6,
SAT0001398,POST_MATCH,M009,2025-11-11,2025-11-14,QR_SUR_PLACE,R57322539,1,8,6,5,6,6,9,
SAT0001407,POST_MATCH,M009,2025-11-11,2025-11-14,EMAIL,R52130563,1,7,7,4,5,6,6,
SAT0001408,POST_MATCH,M009,2025-11-11,2025-11-14,SMS,R52583570,1,7,8,6,7,6,7,
SAT0001413,POST_MATCH,M009,2025-11-11,2025-11-14,EMAIL,R55901126,1,5,7,5,5,7,6,Trop d'attente aux buvettes
SAT0001418,POST_MATCH,M009,2025-11-11,2025-11-14,EMAIL,R59219439,0,7,9,5,8,6,8,
SAT0001419,POST_MATCH,M009,2025-11-11,2025-11-14,EMAIL,R55583602,0,5,5,6,6,5,6,
SAT0001420,POST_MATCH,M009,2025-11-11,2025-11-14,EMAIL,R54375925,0,7,6,6,6,6,8,
SAT0001434,POST_MATCH,M009,2025-11-11,2025-11-14,QR_SUR_PLACE,R54164775,1,8,7,7,9,7,10,Tres bonne organisation
SAT0001435,POST_MATCH,M009,2025-11-11,2025-11-14,EMAIL,R53666952,1,7,7,6,7,7,7,
SAT0001441,POST_MATCH,M009,2025-11-11,2025-11-14,EMAIL,R56293322,0,7,6,5,6,5,7,
SAT0001442,POST_MATCH,M009,2025-11-11,2025-11-14,EMAIL,R53681942,1,7,4,6,5,6,5,
SAT0001444,POST_MATCH,M009,2025-11-11,2025-11-14,EMAIL,R51680554,0,4,7,5,8,5,6,
SAT0001448,POST_MATCH,M009,2025-11-11,2025-11-14,SMS,R58149543,0,6,7,5,8,6,6,
SAT0001461,POST_MATCH,M009,2025-11-11,2025-11-14,EMAIL,R58413823,1,4,7,5,7,4,3,
SAT0001462,POST_MATCH,M010,2025-11-13,2025-11-14,EMAIL,R51808547,1,8,9,6,7,7,8,
SAT0001463,POST_MATCH,M010,2025-11-13,2025-11-14,SMS,R52275040,1,10,9,7,6,8,9,
SAT0001465,POST_MATCH,M010,2025-11-13,2025-11-14,EMAIL,R52606060,1,10,8,6,7,8,9,"Premiere fois ici, tres agreable surprise"
SAT0001472,POST_MATCH,M010,2025-11-13,2025-11-14,EMAIL,R58336997,1,9,8,6,8,7,9,
SAT0001475,POST_MATCH,M010,2025-11-13,2025-11-14,SMS,R58839657,1,9,8,7,8,7,8,L'ambiance dans les tribunes vaut le deplacement
SAT0001480,POST_MATCH,M010,2025-11-13,2025-11-14,EMAIL,R52140860,1,10,8,7,6,8,10,
SAT0001488,POST_MATCH,M010,2025-11-13,2025-11-14,SMS,R58384878,1,10,10,7,7,8,10,
SAT0001490,POST_MATCH,M010,2025-11-13,2025-11-14,QR_SUR_PLACE,R51978482,1,9,7,5,6,10,10,
SAT0001493,POST_MATCH,M010,2025-11-13,2025-11-14,EMAIL,R53042650,1,8,9,5,5,8,10,
SAT0001494,POST_MATCH,M010,2025-11-13,2025-11-14,EMAIL,R53325243,1,8,10,10,6,8,10,Match intense du debut a la fin
SAT0001495,POST_MATCH,M010,2025-11-13,2025-11-14,EMAIL,R53487688,1,8,10,8,7,9,10,
SAT0001496,POST_MATCH,M010,2025-11-13,2025-11-14,EMAIL,R54264359,1,8,7,9,6,10,8,
SAT0001497,POST_MATCH,M010,2025-11-13,2025-11-14,SMS,R54420674,1,10,10,7,10,9,10,
SAT0001500,POST_MATCH,M010,2025-11-13,2025-11-14,EMAIL,R57018568,1,7,9,6,6,7,7,
SAT0001504,POST_MATCH,M010,2025-11-13,2025-11-14,SMS,R59690635,1,10,8,7,7,9,9,L'ambiance dans les tribunes vaut le deplacement
SAT0001505,POST_MATCH,M010,2025-11-13,2025-11-14,SMS,R59831625,1,7,8,7,5,8,7,
SAT0001506,POST_MATCH,M010,2025-11-13,2025-11-14,EMAIL,R51589907,1,8,6,6,7,8,9,"Premiere fois ici, tres agreable surprise"
SAT0001508,POST_MATCH,M010,2025-11-13,2025-11-14,SMS,R56720717,1,8,10,7,7,8,8,
SAT0001509,POST_MATCH,M010,2025-11-13,2025-11-14,QR_SUR_PLACE,R51295121,1,8,10,6,7,8,8,"Premiere fois ici, tres agreable surprise"
SAT0001510,POST_MATCH,M010,2025-11-13,2025-11-14,EMAIL,R52435914,1,8,8,4,6,9,8,
SAT0001511,POST_MATCH,M010,2025-11-13,2025-11-14,EMAIL,R52937961,1,9,9,7,6,9,9,L'ambiance dans les tribunes vaut le deplacement
SAT0001512,POST_MATCH,M010,2025-11-13,2025-11-14,SMS,R56491522,1,9,9,8,7,9,10,
SAT0001513,POST_MATCH,M010,2025-11-13,2025-11-14,EMAIL,R57232639,1,7,9,8,8,9,10,
SAT0001515,POST_MATCH,M010,2025-11-13,2025-11-14,EMAIL,R58195049,1,8,10,8,7,10,10,
SAT0001518,POST_MATCH,M010,2025-11-13,2025-11-14,EMAIL,R59219985,1,9,9,7,6,8,10,Bon rapport qualite prix
SAT0001519,POST_MATCH,M010,2025-11-13,2025-11-14,EMAIL,R51121096,1,10,8,5,7,8,10,"Premiere fois ici, tres agreable surprise"
SAT0001521,POST_MATCH,M010,2025-11-13,2025-11-14,EMAIL,R51369361,1,10,10,4,4,9,9,
SAT0001522,POST_MATCH,M010,2025-11-13,2025-11-14,QR_SUR_PLACE,R52470309,1,8,9,8,7,7,9,
SAT0001526,POST_MATCH,M010,2025-11-13,2025-11-14,EMAIL,R55550021,1,9,9,7,7,6,9,
SAT0001530,POST_MATCH,M010,2025-11-13,2025-11-14,EMAIL,R59579270,1,9,8,7,7,9,9,Sans plus
SAT0001533,POST_MATCH,M010,2025-11-13,2025-11-14,EMAIL,R51188593,1,9,10,5,8,8,10,Bon rapport qualite prix
SAT0001534,POST_MATCH,M010,2025-11-13,2025-11-14,QR_SUR_PLACE,R51512257,1,8,8,6,7,8,8,Match intense du debut a la fin
SAT0001535,POST_MATCH,M010,2025-11-13,2025-11-14,EMAIL,R52377200,1,8,9,8,7,7,7,
SAT0001540,POST_MATCH,M010,2025-11-13,2025-11-14,EMAIL,R58490036,1,8,7,7,6,10,10,
SAT0001542,POST_MATCH,M010,2025-11-13,2025-11-14,EMAIL,R52174364,1,8,8,8,8,8,8,
SAT0001543,POST_MATCH,M010,2025-11-13,2025-11-14,EMAIL,R52396270,1,10,10,6,7,9,10,Match intense du debut a la fin
SAT0001545,POST_MATCH,M010,2025-11-13,2025-11-14,EMAIL,R55277370,1,9,8,7,6,8,10,L'ambiance dans les tribunes vaut le deplacement
SAT0001549,POST_MATCH,M010,2025-11-13,2025-11-14,SMS,R57037906,1,7,9,7,7,8,9,
SAT0001550,POST_MATCH,M010,2025-11-13,2025-11-14,EMAIL,R57139051,1,9,9,7,6,7,9,
SAT0001556,POST_MATCH,M010,2025-11-13,2025-11-14,SMS,R59492358,1,8,8,7,7,7,8,L'ambiance dans les tribunes vaut le deplacement
SAT0001557,POST_MATCH,M010,2025-11-13,2025-11-14,EMAIL,R59659707,1,9,9,8,6,7,10,L'ambiance dans les tribunes vaut le deplacement
SAT0001561,POST_MATCH,M010,2025-11-13,2025-11-14,EMAIL,R54309510,1,8,7,5,7,9,7,"Premiere fois ici, tres agreable surprise"
SAT0001562,POST_MATCH,M010,2025-11-13,2025-11-14,EMAIL,R55344254,1,9,10,6,4,10,10,"Premiere fois ici, tres agreable surprise"
SAT0001563,POST_MATCH,M010,2025-11-13,2025-11-14,EMAIL,R55961545,1,9,7,7,6,7,9,L'ambiance dans les tribunes vaut le deplacement
SAT0001566,POST_MATCH,M010,2025-11-13,2025-11-14,QR_SUR_PLACE,R59193281,1,9,10,7,6,7,10,
SAT0001569,POST_MATCH,M010,2025-11-13,2025-11-14,QR_SUR_PLACE,R53941164,1,8,7,7,8,9,8,Bon rapport qualite prix
SAT0001570,POST_MATCH,M010,2025-11-13,2025-11-14,QR_SUR_PLACE,R54411335,1,7,8,6,7,10,9,
SAT0001571,POST_MATCH,M010,2025-11-13,2025-11-14,EMAIL,R55228464,1,7,7,4,7,9,7,
SAT0001573,POST_MATCH,M010,2025-11-13,2025-11-14,QR_SUR_PLACE,R55433206,1,8,7,6,7,9,10,Tres bonne organisation
SAT0001574,POST_MATCH,M010,2025-11-13,2025-11-14,EMAIL,R55476116,1,8,9,6,6,7,10,
SAT0001575,POST_MATCH,M010,2025-11-13,2025-11-14,SMS,R56370483,1,10,8,6,8,8,7,
SAT0001580,POST_MATCH,M010,2025-11-13,2025-11-14,QR_SUR_PLACE,R59205608,1,9,10,6,7,8,10,Match intense du debut a la fin
SAT0001590,POST_MATCH,M010,2025-11-13,2025-11-14,EMAIL,R56784938,1,6,10,8,5,9,8,
SAT0001593,POST_MATCH,M010,2025-11-13,2025-11-14,EMAIL,R57462916,1,7,8,8,8,10,9,
SAT0001595,POST_MATCH,M010,2025-11-13,2025-11-14,EMAIL,R52763725,1,7,7,6,9,7,8,
SAT0001597,POST_MATCH,M010,2025-11-13,2025-11-14,EMAIL,R57390649,1,9,10,8,7,10,10,Bon rapport qualite prix
SAT0001601,POST_MATCH,M010,2025-11-13,2025-11-14,EMAIL,R59390255,1,8,8,10,6,6,7,"Super ambiance, on reviendra"
SAT0001603,POST_MATCH,M010,2025-11-13,2025-11-14,EMAIL,R51364926,1,9,9,6,6,8,7,
SAT0001610,POST_MATCH,M010,2025-11-13,2025-11-14,EMAIL,R54081742,1,8,9,7,7,8,9,"Super ambiance, on reviendra"
SAT0001611,POST_MATCH,M010,2025-11-13,2025-11-14,EMAIL,R55896222,1,9,9,7,8,9,10,"Premiere fois ici, tres agreable surprise"
SAT0001616,POST_MATCH,M010,2025-11-13,2025-11-14,EMAIL,R52184651,1,5,9,7,5,8,6,Prix des places trop eleve pour ce niveau de match
SAT0001621,POST_MATCH,M010,2025-11-13,2025-11-14,EMAIL,R55855295,0,7,9,6,7,8,9,
SAT0001622,POST_MATCH,M010,2025-11-13,2025-11-14,SMS,R54837514,0,9,8,7,8,8,10,
SAT0001629,POST_MATCH,M010,2025-11-13,2025-11-14,EMAIL,R58523349,0,8,8,6,8,6,7,
SAT0001630,POST_MATCH,M010,2025-11-13,2025-11-14,EMAIL,R58206016,1,7,9,6,6,6,7,
SAT0001631,POST_MATCH,M010,2025-11-13,2025-11-14,SMS,R54765582,1,8,8,7,7,7,8,"Premiere fois ici, tres agreable surprise"
SAT0001632,POST_MATCH,M010,2025-11-13,2025-11-14,EMAIL,R55446012,0,6,10,7,8,8,8,
SAT0001633,POST_MATCH,M010,2025-11-13,2025-11-14,EMAIL,R52705021,1,7,10,6,7,9,10,
SAT0001634,POST_MATCH,M010,2025-11-13,2025-11-14,EMAIL,R59059647,1,9,6,4,7,8,8,"Super ambiance, on reviendra"
SAT0001638,POST_MATCH,M010,2025-11-13,2025-11-14,EMAIL,R59249208,0,10,8,7,7,7,9,
SAT0001639,POST_MATCH,M010,2025-11-13,2025-11-14,SMS,R58472259,1,9,9,9,7,7,8,"Premiere fois ici, tres agreable surprise"
SAT0001641,POST_MATCH,M010,2025-11-13,2025-11-14,EMAIL,R53124658,1,10,8,6,9,7,8,
SAT0001644,POST_MATCH,M010,2025-11-13,2025-11-14,EMAIL,R52903978,0,8,8,7,5,8,9,
SAT0001649,POST_MATCH,M010,2025-11-13,2025-11-14,EMAIL,R58792513,0,9,9,7,6,8,8,"Super ambiance, on reviendra"
SAT0001650,POST_MATCH,M010,2025-11-13,2025-11-14,EMAIL,R54710211,1,8,10,8,7,10,10,
SAT0001651,POST_MATCH,M010,2025-11-13,2025-11-14,EMAIL,R54743715,0,9,10,6,6,5,9,"Super ambiance, on reviendra"
SAT0001652,POST_MATCH,M010,2025-11-13,2025-11-14,EMAIL,R58008218,0,8,10,5,7,9,8,Bon rapport qualite prix
SAT0001653,POST_MATCH,M010,2025-11-13,2025-11-14,SMS,R53889605,0,8,7,7,9,8,9,Tres bonne organisation
SAT0001655,POST_MATCH,M010,2025-11-13,2025-11-14,EMAIL,R58520073,1,8,8,7,6,7,8,
SAT0001657,POST_MATCH,M010,2025-11-13,2025-11-14,SMS,R58784487,0,9,9,6,7,9,10,
SAT0001664,POST_MATCH,M010,2025-11-13,2025-11-14,EMAIL,R56789775,1,8,10,6,7,10,10,Bon rapport qualite prix
SAT0001666,POST_MATCH,M010,2025-11-13,2025-11-14,EMAIL,R51680698,0,8,8,6,6,8,7,"Premiere fois ici, tres agreable surprise"
SAT0001300,POST_MATCH,M009,2025-11-11,2025-11-15,EMAIL,R51897499,1,7,7,4,7,7,7,
SAT0001301,POST_MATCH,M009,2025-11-11,2025-11-15,SMS,R52262847,1,8,6,4,7,8,7,Bon rapport qualite prix
SAT0001315,POST_MATCH,M009,2025-11-11,2025-11-15,QR_SUR_PLACE,R53678331,1,7,5,5,5,6,6,
SAT0001323,POST_MATCH,M009,2025-11-11,2025-11-15,SMS,R59533707,1,7,5,7,7,7,6,Sans plus
SAT0001342,POST_MATCH,M009,2025-11-11,2025-11-15,EMAIL,R58122102,1,9,6,7,6,6,7,
SAT0001343,POST_MATCH,M009,2025-11-11,2025-11-15,QR_SUR_PLACE,R51735322,1,6,5,5,6,6,7,
SAT0001355,POST_MATCH,M009,2025-11-11,2025-11-15,EMAIL,R53529640,1,8,6,5,6,8,9,Sans plus
SAT0001372,POST_MATCH,M009,2025-11-11,2025-11-15,EMAIL,R59654803,1,7,6,4,7,4,6,
SAT0001373,POST_MATCH,M009,2025-11-11,2025-11-15,EMAIL,R54287442,1,7,7,7,8,7,7,
SAT0001394,POST_MATCH,M009,2025-11-11,2025-11-15,EMAIL,R57840457,1,7,6,4,7,7,6,
SAT0001397,POST_MATCH,M009,2025-11-11,2025-11-15,SMS,R54725871,1,8,5,6,4,6,5,
SAT0001410,POST_MATCH,M009,2025-11-11,2025-11-15,SMS,R53266452,1,8,7,4,8,7,8,Tres bonne organisation
SAT0001421,POST_MATCH,M009,2025-11-11,2025-11-15,EMAIL,R56118128,1,6,5,4,6,4,6,
SAT0001429,POST_MATCH,M009,2025-11-11,2025-11-15,QR_SUR_PLACE,R55716489,1,6,7,7,7,8,8,
SAT0001447,POST_MATCH,M009,2025-11-11,2025-11-15,EMAIL,R58357906,1,6,6,4,6,7,7,
SAT0001451,POST_MATCH,M009,2025-11-11,2025-11-15,EMAIL,R57533421,1,6,6,6,7,4,6,
SAT0001467,POST_MATCH,M010,2025-11-13,2025-11-15,EMAIL,R53911137,1,7,10,6,6,5,9,
SAT0001468,POST_MATCH,M010,2025-11-13,2025-11-15,EMAIL,R54896841,1,8,7,8,8,9,8,
SAT0001469,POST_MATCH,M010,2025-11-13,2025-11-15,QR_SUR_PLACE,R55049478,1,8,6,9,6,10,6,
SAT0001470,POST_MATCH,M010,2025-11-13,2025-11-15,EMAIL,R55903387,1,10,9,7,7,10,10,
SAT0001477,POST_MATCH,M010,2025-11-13,2025-11-15,QR_SUR_PLACE,R51117150,1,7,7,8,5,7,10,
SAT0001483,POST_MATCH,M010,2025-11-13,2025-11-15,EMAIL,R53280427,1,7,9,6,6,8,8,
SAT0001485,POST_MATCH,M010,2025-11-13,2025-11-15,EMAIL,R54331722,1,7,7,7,6,9,7,
SAT0001486,POST_MATCH,M010,2025-11-13,2025-11-15,EMAIL,R57119033,1,9,9,6,7,10,10,
SAT0001487,POST_MATCH,M010,2025-11-13,2025-11-15,EMAIL,R57123324,1,9,8,8,6,7,8,Bon rapport qualite prix
SAT0001492,POST_MATCH,M010,2025-11-13,2025-11-15,SMS,R52616615,1,9,8,5,7,9,7,
SAT0001498,POST_MATCH,M010,2025-11-13,2025-11-15,EMAIL,R54889619,1,8,10,6,6,9,10,
SAT0001499,POST_MATCH,M010,2025-11-13,2025-11-15,EMAIL,R56213699,1,8,9,7,6,8,9,Bon rapport qualite prix
SAT0001501,POST_MATCH,M010,2025-11-13,2025-11-15,EMAIL,R58108482,1,10,7,8,5,7,7,Tres bonne organisation
SAT0001503,POST_MATCH,M010,2025-11-13,2025-11-15,EMAIL,R59026143,1,10,8,6,7,7,8,
SAT0001514,POST_MATCH,M010,2025-11-13,2025-11-15,QR_SUR_PLACE,R57401214,1,10,7,7,6,8,9,
SAT0001524,POST_MATCH,M010,2025-11-13,2025-11-15,EMAIL,R53733089,1,10,9,6,6,9,9,
SAT0001528,POST_MATCH,M010,2025-11-13,2025-11-15,SMS,R57172632,1,9,8,6,8,7,8,L'ambiance dans les tribunes vaut le deplacement
SAT0001531,POST_MATCH,M010,2025-11-13,2025-11-15,EMAIL,R59711678,1,8,10,9,7,9,10,L'ambiance dans les tribunes vaut le deplacement
SAT0001532,POST_MATCH,M010,2025-11-13,2025-11-15,EMAIL,R51181850,1,7,9,6,8,10,10,
SAT0001537,POST_MATCH,M010,2025-11-13,2025-11-15,SMS,R53839205,1,9,7,8,6,7,8,
SAT0001538,POST_MATCH,M010,2025-11-13,2025-11-15,EMAIL,R57174538,1,8,10,7,7,9,10,Match intense du debut a la fin
SAT0001539,POST_MATCH,M010,2025-11-13,2025-11-15,EMAIL,R58166372,1,10,10,7,7,9,9,
SAT0001546,POST_MATCH,M010,2025-11-13,2025-11-15,EMAIL,R56185223,1,9,7,5,5,9,9,
SAT0001551,POST_MATCH,M010,2025-11-13,2025-11-15,EMAIL,R58035257,1,8,10,6,8,9,9,
SAT0001559,POST_MATCH,M010,2025-11-13,2025-11-15,SMS,R52039571,1,9,8,5,8,7,9,
SAT0001560,POST_MATCH,M010,2025-11-13,2025-11-15,QR_SUR_PLACE,R53290091,1,8,7,6,7,8,8,Bon rapport qualite prix
SAT0001564,POST_MATCH,M010,2025-11-13,2025-11-15,EMAIL,R56819132,1,8,7,8,3,7,8,Bon rapport qualite prix
SAT0001565,POST_MATCH,M010,2025-11-13,2025-11-15,EMAIL,R58796057,1,8,9,8,6,8,9,Match intense du debut a la fin
SAT0001567,POST_MATCH,M010,2025-11-13,2025-11-15,EMAIL,R59413348,1,9,6,7,4,10,8,
SAT0001572,POST_MATCH,M010,2025-11-13,2025-11-15,EMAIL,R55255436,1,6,8,6,7,10,7,
SAT0001576,POST_MATCH,M010,2025-11-13,2025-11-15,EMAIL,R56882951,1,9,8,5,7,9,8,Bon rapport qualite prix
SAT0001578,POST_MATCH,M010,2025-11-13,2025-11-15,QR_SUR_PLACE,R58744019,1,9,9,4,7,8,10,
SAT0001586,POST_MATCH,M010,2025-11-13,2025-11-15,EMAIL,R53201953,1,8,9,6,5,8,8,"Super ambiance, on reviendra"
SAT0001589,POST_MATCH,M010,2025-11-13,2025-11-15,EMAIL,R56346643,1,9,9,7,7,8,6,
SAT0001592,POST_MATCH,M010,2025-11-13,2025-11-15,QR_SUR_PLACE,R56973742,1,9,9,7,8,9,8,
SAT0001594,POST_MATCH,M010,2025-11-13,2025-11-15,EMAIL,R52565113,1,8,10,8,7,7,8,
SAT0001596,POST_MATCH,M010,2025-11-13,2025-11-15,SMS,R54979720,1,7,9,8,8,8,8,
SAT0001598,POST_MATCH,M010,2025-11-13,2025-11-15,EMAIL,R58278886,1,8,9,6,8,10,8,Tres bonne organisation
SAT0001602,POST_MATCH,M010,2025-11-13,2025-11-15,EMAIL,R59968314,1,8,8,8,6,7,8,L'ambiance dans les tribunes vaut le deplacement
SAT0001608,POST_MATCH,M010,2025-11-13,2025-11-15,QR_SUR_PLACE,R53051902,1,10,9,7,8,9,9,Bon rapport qualite prix
SAT0001609,POST_MATCH,M010,2025-11-13,2025-11-15,QR_SUR_PLACE,R53913780,1,8,9,6,5,8,9,Correct dans l'ensemble
SAT0001613,POST_MATCH,M010,2025-11-13,2025-11-15,EMAIL,R56256053,1,8,9,5,8,8,9,L'ambiance dans les tribunes vaut le deplacement
SAT0001615,POST_MATCH,M010,2025-11-13,2025-11-15,EMAIL,R58941606,1,7,8,8,6,8,8,Rien a signaler
SAT0001624,POST_MATCH,M010,2025-11-13,2025-11-15,EMAIL,R58693284,1,8,9,7,8,9,7,Bon rapport qualite prix
SAT0001625,POST_MATCH,M010,2025-11-13,2025-11-15,QR_SUR_PLACE,R51696770,1,9,8,6,8,7,8,
SAT0001628,POST_MATCH,M010,2025-11-13,2025-11-15,EMAIL,R54551846,1,6,10,8,6,8,8,
SAT0001636,POST_MATCH,M010,2025-11-13,2025-11-15,EMAIL,R51749210,0,9,9,8,7,9,8,
SAT0001643,POST_MATCH,M010,2025-11-13,2025-11-15,SMS,R53206388,1,10,7,6,7,8,10,
SAT0001648,POST_MATCH,M010,2025-11-13,2025-11-15,SMS,R56967066,0,8,10,7,7,6,9,"Super ambiance, on reviendra"
SAT0001659,POST_MATCH,M010,2025-11-13,2025-11-15,SMS,R56816747,0,7,10,8,6,8,9,
SAT0001660,POST_MATCH,M010,2025-11-13,2025-11-15,EMAIL,R52210129,0,9,9,8,6,6,8,
SAT0001661,POST_MATCH,M010,2025-11-13,2025-11-15,EMAIL,R58934327,1,10,7,5,6,9,9,"Super ambiance, on reviendra"
SAT0001663,POST_MATCH,M010,2025-11-13,2025-11-15,EMAIL,R53710743,1,8,9,6,6,8,9,"Super ambiance, on reviendra"
SAT0001094,POST_MATCH,M008,2025-11-09,2025-11-16,QR_SUR_PLACE,R52008385,1,9,8,7,10,8,10,
SAT0001131,POST_MATCH,M008,2025-11-09,2025-11-16,EMAIL,R58663860,1,8,9,7,7,9,9,
SAT0001177,POST_MATCH,M008,2025-11-09,2025-11-16,EMAIL,R59969818,1,7,8,8,8,8,7,
SAT0001226,POST_MATCH,M008,2025-11-09,2025-11-16,QR_SUR_PLACE,R56998875,1,8,9,9,7,8,10,
SAT0001230,POST_MATCH,M008,2025-11-09,2025-11-16,SMS,R59611481,1,9,5,7,7,9,9,Bon rapport qualite prix
SAT0001255,POST_MATCH,M008,2025-11-09,2025-11-16,EMAIL,R53438236,0,9,9,6,7,6,8,
SAT0001263,POST_MATCH,M008,2025-11-09,2025-11-16,EMAIL,R52409009,0,8,9,7,6,8,8,
SAT0001270,POST_MATCH,M008,2025-11-09,2025-11-16,QR_SUR_PLACE,R59399393,1,6,7,5,8,7,8,
SAT0001272,POST_MATCH,M008,2025-11-09,2025-11-16,EMAIL,R58132935,0,9,9,7,7,7,9,"Super ambiance, on reviendra"
SAT0001318,POST_MATCH,M009,2025-11-11,2025-11-16,QR_SUR_PLACE,R56269482,1,5,7,6,7,5,7,Peu de choix a la restauration
SAT0001321,POST_MATCH,M009,2025-11-11,2025-11-16,EMAIL,R58237825,1,6,4,4,7,7,7,
SAT0001337,POST_MATCH,M009,2025-11-11,2025-11-16,QR_SUR_PLACE,R55069975,1,6,6,6,7,5,6,
SAT0001339,POST_MATCH,M009,2025-11-11,2025-11-16,EMAIL,R56919396,1,6,5,6,6,8,7,
SAT0001352,POST_MATCH,M009,2025-11-11,2025-11-16,QR_SUR_PLACE,R52097059,1,6,6,5,9,6,6,
SAT0001361,POST_MATCH,M009,2025-11-11,2025-11-16,EMAIL,R56784670,1,6,5,5,8,7,5,
SAT0001376,POST_MATCH,M009,2025-11-11,2025-11-16,EMAIL,R55513442,1,7,5,5,8,6,4,
SAT0001402,POST_MATCH,M009,2025-11-11,2025-11-16,EMAIL,R53026089,1,6,5,5,8,6,6,
SAT0001417,POST_MATCH,M009,2025-11-11,2025-11-16,EMAIL,R51699701,0,7,8,4,8,5,7,
SAT0001422,POST_MATCH,M009,2025-11-11,2025-11-16,QR_SUR_PLACE,R52444362,0,6,8,5,7,5,9,
SAT0001427,POST_MATCH,M009,2025-11-11,2025-11-16,EMAIL,R56848623,1,6,7,6,6,6,5,
SAT0001431,POST_MATCH,M009,2025-11-11,2025-11-16,EMAIL,R51129132,0,7,6,5,9,5,8,
SAT0001464,POST_MATCH,M010,2025-11-13,2025-11-16,EMAIL,R52362086,1,8,8,5,7,9,8,
SAT0001479,POST_MATCH,M010,2025-11-13,2025-11-16,EMAIL,R51514987,1,8,9,8,7,5,8,"Super ambiance, on reviendra"
SAT0001482,POST_MATCH,M010,2025-11-13,2025-11-16,EMAIL,R53014998,1,6,7,5,6,10,7,
SAT0001484,POST_MATCH,M010,2025-11-13,2025-11-16,EMAIL,R53410383,1,10,10,9,4,8,9,"Super ambiance, on reviendra"
SAT0001491,POST_MATCH,M010,2025-11-13,2025-11-16,EMAIL,R52592095,1,8,9,6,8,9,9,
SAT0001502,POST_MATCH,M010,2025-11-13,2025-11-16,QR_SUR_PLACE,R58237825,1,8,7,7,8,7,7,
SAT0001523,POST_MATCH,M010,2025-11-13,2025-11-16,EMAIL,R53673628,1,8,8,8,6,8,9,"Super ambiance, on reviendra"
SAT0001525,POST_MATCH,M010,2025-11-13,2025-11-16,EMAIL,R54194065,1,8,9,8,8,9,10,Bon rapport qualite prix
SAT0001547,POST_MATCH,M010,2025-11-13,2025-11-16,EMAIL,R56315179,1,10,8,7,5,9,10,
SAT0001552,POST_MATCH,M010,2025-11-13,2025-11-16,EMAIL,R58069585,1,9,10,8,6,8,10,"Premiere fois ici, tres agreable surprise"
SAT0001577,POST_MATCH,M010,2025-11-13,2025-11-16,SMS,R58015162,1,8,8,7,8,8,9,
SAT0001582,POST_MATCH,M010,2025-11-13,2025-11-16,EMAIL,R59889103,1,10,8,6,6,8,9,Tres bonne organisation
SAT0001584,POST_MATCH,M010,2025-11-13,2025-11-16,EMAIL,R52497616,1,9,9,8,6,8,9,
SAT0001587,POST_MATCH,M010,2025-11-13,2025-11-16,EMAIL,R54226276,1,8,10,9,7,9,8,
SAT0001588,POST_MATCH,M010,2025-11-13,2025-11-16,EMAIL,R56138223,1,9,9,6,7,6,7,
SAT0001599,POST_MATCH,M010,2025-11-13,2025-11-16,QR_SUR_PLACE,R58734345,1,9,7,7,7,10,8,
SAT0001600,POST_MATCH,M010,2025-11-13,2025-11-16,EMAIL,R58795032,1,7,10,8,6,9,9,
SAT0001612,POST_MATCH,M010,2025-11-13,2025-11-16,EMAIL,R55978364,1,7,9,6,8,9,9,
SAT0001617,POST_MATCH,M010,2025-11-13,2025-11-16,EMAIL,R53913780,1,9,8,6,8,10,8,Rien a signaler
SAT0001618,POST_MATCH,M010,2025-11-13,2025-11-16,SMS,R54114241,1,8,9,6,6,8,9,
SAT0001619,POST_MATCH,M010,2025-11-13,2025-11-16,EMAIL,R56053562,1,8,9,7,4,9,9,L'ambiance dans les tribunes vaut le deplacement
SAT0001620,POST_MATCH,M010,2025-11-13,2025-11-16,SMS,R56359382,1,10,9,6,8,10,10,L'ambiance dans les tribunes vaut le deplacement
SAT0001623,POST_MATCH,M010,2025-11-13,2025-11-16,EMAIL,R55069764,1,8,10,7,7,6,8,"Premiere fois ici, tres agreable surprise"
SAT0001626,POST_MATCH,M010,2025-11-13,2025-11-16,EMAIL,R59452034,0,10,10,6,6,9,9,"Super ambiance, on reviendra"
SAT0001627,POST_MATCH,M010,2025-11-13,2025-11-16,EMAIL,R51039835,0,7,9,8,6,8,6,
SAT0001635,POST_MATCH,M010,2025-11-13,2025-11-16,EMAIL,R55909785,1,8,7,8,6,7,9,
SAT0001642,POST_MATCH,M010,2025-11-13,2025-11-16,SMS,R55746516,0,8,10,5,5,7,8,
SAT0001645,POST_MATCH,M010,2025-11-13,2025-11-16,QR_SUR_PLACE,R52270260,0,7,7,6,7,10,9,
SAT0001646,POST_MATCH,M010,2025-11-13,2025-11-16,EMAIL,R51491204,1,6,10,7,6,7,7,
SAT0001656,POST_MATCH,M010,2025-11-13,2025-11-16,EMAIL,R57211730,0,9,7,6,8,8,8,Tres bonne organisation
SAT0001662,POST_MATCH,M010,2025-11-13,2025-11-16,EMAIL,R56582035,1,9,8,5,6,10,9,Sans plus
SAT0001471,POST_MATCH,M010,2025-11-13,2025-11-17,EMAIL,R56962038,1,8,9,8,8,9,8,Bon rapport qualite prix
SAT0001473,POST_MATCH,M010,2025-11-13,2025-11-17,EMAIL,R58595683,1,9,8,8,7,10,9,
SAT0001476,POST_MATCH,M010,2025-11-13,2025-11-17,EMAIL,R58864177,1,6,9,7,7,8,8,Sans plus
SAT0001489,POST_MATCH,M010,2025-11-13,2025-11-17,EMAIL,R59299474,1,7,9,8,6,7,6,
SAT0001507,POST_MATCH,M010,2025-11-13,2025-11-17,EMAIL,R54785476,1,8,10,8,7,7,8,"Premiere fois ici, tres agreable surprise"
SAT0001516,POST_MATCH,M010,2025-11-13,2025-11-17,EMAIL,R58244089,1,8,9,6,6,9,10,
SAT0001517,POST_MATCH,M010,2025-11-13,2025-11-17,EMAIL,R58893869,1,8,10,8,6,9,10,
SAT0001529,POST_MATCH,M010,2025-11-13,2025-11-17,EMAIL,R58482000,1,8,9,5,7,8,7,Tres bonne organisation
SAT0001548,POST_MATCH,M010,2025-11-13,2025-11-17,EMAIL,R56915306,1,7,7,6,6,8,9,
SAT0001554,POST_MATCH,M010,2025-11-13,2025-11-17,EMAIL,R58461905,1,8,9,7,7,8,8,
SAT0001555,POST_MATCH,M010,2025-11-13,2025-11-17,EMAIL,R59012379,1,10,10,7,5,8,9,Bon rapport qualite prix
SAT0001579,POST_MATCH,M010,2025-11-13,2025-11-17,EMAIL,R59168215,1,7,8,5,6,7,6,
SAT0001583,POST_MATCH,M010,2025-11-13,2025-11-17,EMAIL,R59934465,1,4,9,5,6,10,7,
SAT0001591,POST_MATCH,M010,2025-11-13,2025-11-17,EMAIL,R56794746,1,7,7,5,7,7,10,
SAT0001604,POST_MATCH,M010,2025-11-13,2025-11-17,EMAIL,R51532888,1,7,10,6,7,9,8,
SAT0001606,POST_MATCH,M010,2025-11-13,2025-11-17,EMAIL,R52551081,1,7,9,6,7,8,8,
SAT0001614,POST_MATCH,M010,2025-11-13,2025-11-17,EMAIL,R58624685,1,8,9,5,7,6,9,Tres bonne organisation
SAT0001647,POST_MATCH,M010,2025-11-13,2025-11-17,EMAIL,R55991247,1,8,10,5,3,9,9,Tres bonne organisation
SAT0001665,POST_MATCH,M010,2025-11-13,2025-11-17,EMAIL,R53037468,0,7,10,6,7,10,10,
SAT0001297,POST_MATCH,M009,2025-11-11,2025-11-18,EMAIL,R55137750,1,6,8,4,7,6,7,
SAT0001325,POST_MATCH,M009,2025-11-11,2025-11-18,EMAIL,R51485084,1,5,6,7,7,6,5,
SAT0001356,POST_MATCH,M009,2025-11-11,2025-11-18,QR_SUR_PLACE,R53586036,1,8,5,4,6,6,6,
SAT0001358,POST_MATCH,M009,2025-11-11,2025-11-18,EMAIL,R55564187,1,6,7,7,10,8,6,
SAT0001377,POST_MATCH,M009,2025-11-11,2025-11-18,EMAIL,R55682630,1,9,6,3,5,7,8,"Super ambiance, on reviendra"
SAT0001396,POST_MATCH,M009,2025-11-11,2025-11-18,QR_SUR_PLACE,R51904845,1,5,6,5,8,5,5,
SAT0001414,POST_MATCH,M009,2025-11-11,2025-11-18,EMAIL,R55978364,1,8,7,5,7,6,8,Bon rapport qualite prix
SAT0001426,POST_MATCH,M009,2025-11-11,2025-11-18,EMAIL,R58412252,0,6,9,5,6,8,7,
SAT0001436,POST_MATCH,M009,2025-11-11,2025-11-18,EMAIL,R57850332,0,4,8,4,9,8,6,Trop d'attente aux buvettes
SAT0001449,POST_MATCH,M009,2025-11-11,2025-11-18,EMAIL,R52788858,1,4,8,6,6,6,7,Difficile de trouver sa place
SAT0001455,POST_MATCH,M009,2025-11-11,2025-11-18,EMAIL,R55136591,1,9,7,4,7,7,9,Bon rapport qualite prix
SAT0001466,POST_MATCH,M010,2025-11-13,2025-11-18,EMAIL,R52959148,1,8,10,7,6,10,9,Match intense du debut a la fin
SAT0001474,POST_MATCH,M010,2025-11-13,2025-11-18,EMAIL,R58731156,1,8,9,8,7,9,8,Tres bonne organisation
SAT0001478,POST_MATCH,M010,2025-11-13,2025-11-18,QR_SUR_PLACE,R51312697,1,7,9,7,7,7,8,
SAT0001481,POST_MATCH,M010,2025-11-13,2025-11-18,QR_SUR_PLACE,R52827420,1,9,10,7,7,9,10,Tres bonne organisation
SAT0001527,POST_MATCH,M010,2025-11-13,2025-11-18,EMAIL,R57140756,1,8,7,7,6,9,9,
SAT0001541,POST_MATCH,M010,2025-11-13,2025-11-18,QR_SUR_PLACE,R59286936,1,7,9,6,9,9,9,
SAT0001553,POST_MATCH,M010,2025-11-13,2025-11-18,EMAIL,R58181764,1,8,8,6,8,9,7,L'ambiance dans les tribunes vaut le deplacement
SAT0001558,POST_MATCH,M010,2025-11-13,2025-11-18,EMAIL,R59865675,1,7,8,8,7,10,9,
SAT0001581,POST_MATCH,M010,2025-11-13,2025-11-18,QR_SUR_PLACE,R59673327,1,7,9,7,7,9,9,
SAT0001585,POST_MATCH,M010,2025-11-13,2025-11-18,SMS,R52862964,1,10,9,7,5,8,8,"Premiere fois ici, tres agreable surprise"
SAT0001605,POST_MATCH,M010,2025-11-13,2025-11-18,EMAIL,R52286878,1,8,9,6,5,6,8,
SAT0001607,POST_MATCH,M010,2025-11-13,2025-11-18,SMS,R52951370,1,10,9,6,7,8,8,
SAT0001637,POST_MATCH,M010,2025-11-13,2025-11-18,QR_SUR_PLACE,R55746181,1,10,10,7,6,10,10,Rien a signaler
SAT0001640,POST_MATCH,M010,2025-11-13,2025-11-18,SMS,R57378868,0,9,9,8,6,9,10,L'ambiance dans les tribunes vaut le deplacement
SAT0001654,POST_MATCH,M010,2025-11-13,2025-11-18,EMAIL,R52535086,0,9,10,6,7,9,10,Match intense du debut a la fin
SAT0001520,POST_MATCH,M010,2025-11-13,2025-11-20,EMAIL,R51126000,1,6,9,6,6,9,8,
SAT0001536,POST_MATCH,M010,2025-11-13,2025-11-20,EMAIL,R53454241,1,9,8,6,6,8,9,
SAT0001544,POST_MATCH,M010,2025-11-13,2025-11-20,SMS,R52509062,1,9,8,10,6,8,8,L'ambiance dans les tribunes vaut le deplacement
SAT0001568,POST_MATCH,M010,2025-11-13,2025-11-20,QR_SUR_PLACE,R59572728,1,9,8,6,5,9,7,Match intense du debut a la fin
SAT0001658,POST_MATCH,M010,2025-11-13,2025-11-20,EMAIL,R54037683,0,6,9,6,6,7,9,
SAT0001670,POST_MATCH,M011,2025-12-07,2025-12-08,EMAIL,R52246842,1,9,10,7,7,9,10,
SAT0001672,POST_MATCH,M011,2025-12-07,2025-12-08,EMAIL,R52840226,1,8,6,7,7,7,9,
SAT0001676,POST_MATCH,M011,2025-12-07,2025-12-08,SMS,R55049478,1,7,7,5,7,9,7,
SAT0001677,POST_MATCH,M011,2025-12-07,2025-12-08,EMAIL,R56962651,1,7,8,6,7,9,10,
SAT0001682,POST_MATCH,M011,2025-12-07,2025-12-08,EMAIL,R51844168,1,8,7,4,7,9,7,
SAT0001684,POST_MATCH,M011,2025-12-07,2025-12-08,EMAIL,R52500691,1,7,8,10,6,9,10,
SAT0001686,POST_MATCH,M011,2025-12-07,2025-12-08,QR_SUR_PLACE,R53473522,1,7,7,6,8,9,9,
SAT0001688,POST_MATCH,M011,2025-12-07,2025-12-08,EMAIL,R53993346,1,8,6,6,6,6,8,
SAT0001691,POST_MATCH,M011,2025-12-07,2025-12-08,EMAIL,R57366685,1,8,8,7,8,9,9,"Premiere fois ici, tres agreable surprise"
SAT0001695,POST_MATCH,M011,2025-12-07,2025-12-08,EMAIL,R58276990,1,8,8,7,6,9,9,
SAT0001697,POST_MATCH,M011,2025-12-07,2025-12-08,EMAIL,R59040175,1,7,9,6,7,8,10,
SAT0001698,POST_MATCH,M011,2025-12-07,2025-12-08,EMAIL,R59617621,1,8,9,8,8,7,7,
SAT0001700,POST_MATCH,M011,2025-12-07,2025-12-08,QR_SUR_PLACE,R53042650,1,9,7,6,5,10,8,L'ambiance dans les tribunes vaut le deplacement
SAT0001706,POST_MATCH,M011,2025-12-07,2025-12-08,EMAIL,R57165688,1,7,9,5,6,7,7,Rien a signaler
SAT0001708,POST_MATCH,M011,2025-12-07,2025-12-08,SMS,R57293805,1,8,8,6,9,9,9,"Super ambiance, on reviendra"
SAT0001709,POST_MATCH,M011,2025-12-07,2025-12-08,EMAIL,R58358586,1,8,8,6,10,7,8,Rien a signaler
SAT0001710,POST_MATCH,M011,2025-12-07,2025-12-08,SMS,R59122384,1,7,7,6,7,10,8,Rien a signaler
SAT0001711,POST_MATCH,M011,2025-12-07,2025-12-08,QR_SUR_PLACE,R59174489,1,9,9,6,7,9,9,Tres bonne organisation
SAT0001712,POST_MATCH,M011,2025-12-07,2025-12-08,EMAIL,R59828560,1,8,8,6,7,9,8,Bon rapport qualite prix
SAT0001713,POST_MATCH,M011,2025-12-07,2025-12-08,EMAIL,R59894151,1,8,8,9,6,8,7,
SAT0001714,POST_MATCH,M011,2025-12-07,2025-12-08,EMAIL,R52731926,1,7,8,7,7,7,7,
SAT0001721,POST_MATCH,M011,2025-12-07,2025-12-08,QR_SUR_PLACE,R51510284,1,8,9,7,7,8,10,"Super ambiance, on reviendra"
SAT0001724,POST_MATCH,M011,2025-12-07,2025-12-08,EMAIL,R52003136,1,8,8,8,6,9,10,
SAT0001725,POST_MATCH,M011,2025-12-07,2025-12-08,EMAIL,R53348058,1,8,8,7,7,9,10,
SAT0001728,POST_MATCH,M011,2025-12-07,2025-12-08,QR_SUR_PLACE,R54863394,1,9,8,5,8,8,9,Correct dans l'ensemble
SAT0001730,POST_MATCH,M011,2025-12-07,2025-12-08,SMS,R55847259,1,10,8,7,8,8,10,
SAT0001731,POST_MATCH,M011,2025-12-07,2025-12-08,SMS,R56684004,1,10,6,8,10,9,9,
SAT0001732,POST_MATCH,M011,2025-12-07,2025-12-08,EMAIL,R57401214,1,7,8,7,7,5,9,
SAT0001734,POST_MATCH,M011,2025-12-07,2025-12-08,EMAIL,R57177536,1,7,9,7,7,7,8,Sans plus
SAT0001739,POST_MATCH,M011,2025-12-07,2025-12-08,EMAIL,R52776876,1,7,8,10,8,9,8,
SAT0001752,POST_MATCH,M011,2025-12-07,2025-12-08,QR_SUR_PLACE,R51093032,1,8,8,8,9,8,8,
SAT0001756,POST_MATCH,M011,2025-12-07,2025-12-08,EMAIL,R57020129,1,7,8,9,8,8,8,
SAT0001758,POST_MATCH,M011,2025-12-07,2025-12-08,EMAIL,R58700362,1,8,8,8,8,10,10,Tres bonne organisation
SAT0001762,POST_MATCH,M011,2025-12-07,2025-12-08,EMAIL,R51148882,1,6,6,8,6,8,5,Rien a signaler
SAT0001764,POST_MATCH,M011,2025-12-07,2025-12-08,EMAIL,R54785811,1,8,8,7,7,8,8,Match intense du debut a la fin
SAT0001765,POST_MATCH,M011,2025-12-07,2025-12-08,EMAIL,R55682630,1,10,9,6,8,8,9,"Premiere fois ici, tres agreable surprise"
SAT0001771,POST_MATCH,M011,2025-12-07,2025-12-08,QR_SUR_PLACE,R58796057,1,7,8,8,5,9,8,
SAT0001773,POST_MATCH,M011,2025-12-07,2025-12-08,EMAIL,R55037821,1,8,5,6,6,10,8,Sans plus
SAT0001776,POST_MATCH,M011,2025-12-07,2025-12-08,EMAIL,R56461820,1,6,9,8,8,10,9,
SAT0001780,POST_MATCH,M011,2025-12-07,2025-12-08,QR_SUR_PLACE,R59854775,1,8,8,6,7,7,8,
SAT0001782,POST_MATCH,M011,2025-12-07,2025-12-08,SMS,R54786558,1,7,8,7,5,8,6,
SAT0001784,POST_MATCH,M011,2025-12-07,2025-12-08,EMAIL,R56538512,1,6,6,7,6,10,7,
SAT0001787,POST_MATCH,M011,2025-12-07,2025-12-08,EMAIL,R57974158,1,7,9,8,7,8,8,
SAT0001788,POST_MATCH,M011,2025-12-07,2025-12-08,EMAIL,R59048747,1,6,9,6,7,8,7,
SAT0001789,POST_MATCH,M011,2025-12-07,2025-12-08,SMS,R51854033,1,9,8,7,5,8,9,
SAT0001790,POST_MATCH,M011,2025-12-07,2025-12-08,EMAIL,R54861411,1,8,7,7,7,8,9,
SAT0001791,POST_MATCH,M011,2025-12-07,2025-12-08,EMAIL,R55497705,1,7,6,8,8,8,6,
SAT0001793,POST_MATCH,M011,2025-12-07,2025-12-08,EMAIL,R57182229,1,7,7,7,7,9,8,
SAT0001794,POST_MATCH,M011,2025-12-07,2025-12-08,EMAIL,R57413330,1,8,8,9,6,8,10,Correct dans l'ensemble
SAT0001795,POST_MATCH,M011,2025-12-07,2025-12-08,EMAIL,R57415169,1,10,9,6,7,7,10,L'ambiance dans les tribunes vaut le deplacement
SAT0001797,POST_MATCH,M011,2025-12-07,2025-12-08,EMAIL,R51642002,1,9,8,7,7,9,8,"Premiere fois ici, tres agreable surprise"
SAT0001801,POST_MATCH,M011,2025-12-07,2025-12-08,EMAIL,R52900491,1,7,6,5,6,9,8,
SAT0001802,POST_MATCH,M011,2025-12-07,2025-12-08,QR_SUR_PLACE,R53283616,1,7,7,7,7,10,7,
SAT0001808,POST_MATCH,M011,2025-12-07,2025-12-08,EMAIL,R59268824,1,9,9,8,7,7,7,
SAT0001815,POST_MATCH,M011,2025-12-07,2025-12-08,SMS,R53670218,0,8,9,6,6,7,8,"Premiere fois ici, tres agreable surprise"
SAT0001816,POST_MATCH,M011,2025-12-07,2025-12-08,EMAIL,R51462949,0,8,6,6,7,7,9,"Premiere fois ici, tres agreable surprise"
SAT0001820,POST_MATCH,M011,2025-12-07,2025-12-08,EMAIL,R54387840,0,8,9,6,7,7,9,
SAT0001821,POST_MATCH,M011,2025-12-07,2025-12-08,EMAIL,R54259110,1,9,8,7,8,6,10,
SAT0001824,POST_MATCH,M011,2025-12-07,2025-12-08,EMAIL,R58459587,0,9,10,8,9,7,9,
SAT0001667,POST_MATCH,M011,2025-12-07,2025-12-09,EMAIL,R51697594,1,9,7,6,6,6,8,
SAT0001668,POST_MATCH,M011,2025-12-07,2025-12-09,EMAIL,R52111369,1,7,8,5,8,6,7,
SAT0001669,POST_MATCH,M011,2025-12-07,2025-12-09,EMAIL,R52195963,1,7,7,6,8,8,6,Sans plus
SAT0001674,POST_MATCH,M011,2025-12-07,2025-12-09,QR_SUR_PLACE,R54358627,1,9,8,6,5,8,10,Match intense du debut a la fin
SAT0001680,POST_MATCH,M011,2025-12-07,2025-12-09,EMAIL,R58925477,1,8,8,9,6,7,8,
SAT0001681,POST_MATCH,M011,2025-12-07,2025-12-09,SMS,R51276530,1,8,7,6,5,9,9,Match intense du debut a la fin
SAT0001683,POST_MATCH,M011,2025-12-07,2025-12-09,EMAIL,R52470041,1,8,6,7,9,10,6,Rien a signaler
SAT0001687,POST_MATCH,M011,2025-12-07,2025-12-09,SMS,R53558116,1,6,8,7,5,9,9,
SAT0001689,POST_MATCH,M011,2025-12-07,2025-12-09,EMAIL,R55570595,1,10,8,6,8,9,10,Tres bonne organisation
SAT0001690,POST_MATCH,M011,2025-12-07,2025-12-09,EMAIL,R56184821,1,9,7,7,6,8,9,L'ambiance dans les tribunes vaut le deplacement
SAT0001692,POST_MATCH,M011,2025-12-07,2025-12-09,EMAIL,R57421242,1,6,8,9,6,10,7,
SAT0001699,POST_MATCH,M011,2025-12-07,2025-12-09,EMAIL,R52646039,1,7,8,8,8,8,7,
SAT0001703,POST_MATCH,M011,2025-12-07,2025-12-09,EMAIL,R53765377,1,9,7,6,8,7,8,
SAT0001705,POST_MATCH,M011,2025-12-07,2025-12-09,QR_SUR_PLACE,R55540625,1,9,8,8,7,7,8,
SAT0001707,POST_MATCH,M011,2025-12-07,2025-12-09,EMAIL,R57244765,1,8,9,7,7,8,9,Match intense du debut a la fin
SAT0001718,POST_MATCH,M011,2025-12-07,2025-12-09,SMS,R55880907,1,8,6,8,7,7,7,Tres bonne organisation
SAT0001719,POST_MATCH,M011,2025-12-07,2025-12-09,EMAIL,R59763036,1,8,7,5,6,10,9,
SAT0001720,POST_MATCH,M011,2025-12-07,2025-12-09,EMAIL,R51301251,1,8,9,7,6,6,8,
SAT0001727,POST_MATCH,M011,2025-12-07,2025-12-09,EMAIL,R54707079,1,8,8,6,8,7,9,L'ambiance dans les tribunes vaut le deplacement
SAT0001729,POST_MATCH,M011,2025-12-07,2025-12-09,QR_SUR_PLACE,R55459843,1,10,9,7,8,8,10,
SAT0001735,POST_MATCH,M011,2025-12-07,2025-12-09,EMAIL,R58452576,1,8,7,7,8,7,9,"Super ambiance, on reviendra"
SAT0001738,POST_MATCH,M011,2025-12-07,2025-12-09,SMS,R52548840,1,10,10,7,5,8,9,"Super ambiance, on reviendra"
SAT0001744,POST_MATCH,M011,2025-12-07,2025-12-09,SMS,R55952829,1,7,7,7,8,6,7,
SAT0001746,POST_MATCH,M011,2025-12-07,2025-12-09,QR_SUR_PLACE,R56701915,1,8,9,6,5,7,7,"Premiere fois ici, tres agreable surprise"
SAT0001748,POST_MATCH,M011,2025-12-07,2025-12-09,EMAIL,R57737885,1,9,9,7,6,8,10,Rien a signaler
SAT0001753,POST_MATCH,M011,2025-12-07,2025-12-09,EMAIL,R53863792,1,8,6,7,7,8,7,
SAT0001754,POST_MATCH,M011,2025-12-07,2025-12-09,EMAIL,R54762450,1,8,8,8,6,9,10,
SAT0001760,POST_MATCH,M011,2025-12-07,2025-12-09,QR_SUR_PLACE,R59089004,1,8,7,8,7,9,8,
SAT0001763,POST_MATCH,M011,2025-12-07,2025-12-09,QR_SUR_PLACE,R52381625,1,5,8,5,7,8,7,
SAT0001766,POST_MATCH,M011,2025-12-07,2025-12-09,EMAIL,R56569028,1,8,9,6,8,9,7,L'ambiance dans les tribunes vaut le deplacement
SAT0001767,POST_MATCH,M011,2025-12-07,2025-12-09,EMAIL,R57494045,1,8,7,8,8,7,8,Tres bonne organisation
SAT0001770,POST_MATCH,M011,2025-12-07,2025-12-09,EMAIL,R58573538,1,7,6,9,7,10,9,
SAT0001778,POST_MATCH,M011,2025-12-07,2025-12-09,EMAIL,R58059911,1,7,8,6,8,10,9,
SAT0001779,POST_MATCH,M011,2025-12-07,2025-12-09,EMAIL,R59709494,1,8,7,9,6,9,8,"Premiere fois ici, tres agreable surprise"
SAT0001781,POST_MATCH,M011,2025-12-07,2025-12-09,EMAIL,R54226276,1,8,8,8,7,9,8,
SAT0001786,POST_MATCH,M011,2025-12-07,2025-12-09,EMAIL,R57389969,1,8,8,8,6,6,7,"Super ambiance, on reviendra"
SAT0001798,POST_MATCH,M011,2025-12-07,2025-12-09,SMS,R51893945,1,9,8,6,5,9,10,
SAT0001803,POST_MATCH,M011,2025-12-07,2025-12-09,EMAIL,R54041897,1,9,7,8,6,8,7,
SAT0001804,POST_MATCH,M011,2025-12-07,2025-12-09,QR_SUR_PLACE,R54124652,1,7,9,6,8,10,9,
SAT0001806,POST_MATCH,M011,2025-12-07,2025-12-09,EMAIL,R57871308,1,8,5,8,7,10,8,Tres bonne organisation
SAT0001813,POST_MATCH,M011,2025-12-07,2025-12-09,SMS,R56678956,1,8,8,7,8,7,9,
SAT0001817,POST_MATCH,M011,2025-12-07,2025-12-09,EMAIL,R58654042,1,7,9,7,8,10,8,
SAT0001818,POST_MATCH,M011,2025-12-07,2025-12-09,EMAIL,R58700295,0,7,10,9,8,9,9,
SAT0001822,POST_MATCH,M011,2025-12-07,2025-12-09,EMAIL,R59967577,0,10,10,7,6,7,8,Bon rapport qualite prix
SAT0001825,POST_MATCH,M011,2025-12-07,2025-12-09,EMAIL,R58899587,0,8,10,7,6,7,7,
SAT0001826,POST_MATCH,M011,2025-12-07,2025-12-09,SMS,R51792063,0,9,8,5,8,9,9,Tres bonne organisation
SAT0001827,POST_MATCH,M011,2025-12-07,2025-12-09,QR_SUR_PLACE,R51059461,1,7,8,8,8,9,8,
SAT0001685,POST_MATCH,M011,2025-12-07,2025-12-10,EMAIL,R52936534,1,9,9,7,6,8,7,L'ambiance dans les tribunes vaut le deplacement
SAT0001696,POST_MATCH,M011,2025-12-07,2025-12-10,SMS,R58577973,1,9,8,6,7,9,8,
SAT0001701,POST_MATCH,M011,2025-12-07,2025-12-10,EMAIL,R53325243,1,8,7,6,8,7,7,Tres bonne organisation
SAT0001702,POST_MATCH,M011,2025-12-07,2025-12-10,EMAIL,R53487688,1,8,7,7,8,10,8,
SAT0001704,POST_MATCH,M011,2025-12-07,2025-12-10,SMS,R54434773,1,10,8,8,9,9,8,
SAT0001717,POST_MATCH,M011,2025-12-07,2025-12-10,EMAIL,R54945469,1,9,9,6,8,8,9,
SAT0001723,POST_MATCH,M011,2025-12-07,2025-12-10,SMS,R51790425,1,10,7,7,8,8,10,
SAT0001737,POST_MATCH,M011,2025-12-07,2025-12-10,EMAIL,R58689807,1,8,7,7,7,8,8,Sans plus
SAT0001742,POST_MATCH,M011,2025-12-07,2025-12-10,SMS,R54186163,1,10,5,8,8,8,9,
SAT0001749,POST_MATCH,M011,2025-12-07,2025-12-10,EMAIL,R57760566,1,7,7,8,6,7,9,
SAT0001755,POST_MATCH,M011,2025-12-07,2025-12-10,EMAIL,R55326410,1,7,9,8,7,10,9,
SAT0001757,POST_MATCH,M011,2025-12-07,2025-12-10,EMAIL,R58385280,1,8,7,5,7,10,7,Bon rapport qualite prix
SAT0001768,POST_MATCH,M011,2025-12-07,2025-12-10,QR_SUR_PLACE,R58376152,1,10,9,7,8,6,9,
SAT0001796,POST_MATCH,M011,2025-12-07,2025-12-10,SMS,R58795032,1,5,8,7,8,8,9,Trop d'attente aux buvettes
SAT0001799,POST_MATCH,M011,2025-12-07,2025-12-10,QR_SUR_PLACE,R52130563,1,7,8,7,8,9,9,
SAT0001800,POST_MATCH,M011,2025-12-07,2025-12-10,SMS,R52706783,1,9,9,6,8,7,9,Bon rapport qualite prix
SAT0001805,POST_MATCH,M011,2025-12-07,2025-12-10,QR_SUR_PLACE,R54489387,1,9,8,8,7,7,9,Match intense du debut a la fin
SAT0001819,POST_MATCH,M011,2025-12-07,2025-12-10,EMAIL,R54586998,0,8,9,6,8,9,10,
SAT0001828,POST_MATCH,M011,2025-12-07,2025-12-10,EMAIL,R57705674,1,8,7,8,8,8,10,
SAT0001829,POST_MATCH,M011,2025-12-07,2025-12-10,SMS,R59741380,1,8,7,8,7,6,8,Bon rapport qualite prix
SAT0001831,POST_MATCH,M012,2025-12-09,2025-12-10,EMAIL,R53113624,1,7,7,8,7,8,7,
SAT0001834,POST_MATCH,M012,2025-12-09,2025-12-10,EMAIL,R57657180,1,7,7,6,7,9,7,
SAT0001835,POST_MATCH,M012,2025-12-09,2025-12-10,SMS,R58020076,1,8,8,9,8,8,10,Match intense du debut a la fin
SAT0001836,POST_MATCH,M012,2025-12-09,2025-12-10,EMAIL,R58839657,1,6,9,7,6,10,7,
SAT0001837,POST_MATCH,M012,2025-12-09,2025-12-10,EMAIL,R59306763,1,9,7,5,6,10,9,"Premiere fois ici, tres agreable surprise"
SAT0001840,POST_MATCH,M012,2025-12-09,2025-12-10,SMS,R51820874,1,9,8,7,7,7,10,
SAT0001842,POST_MATCH,M012,2025-12-09,2025-12-10,EMAIL,R52580994,1,7,6,7,7,9,8,
SAT0001843,POST_MATCH,M012,2025-12-09,2025-12-10,EMAIL,R52745891,1,6,8,7,7,7,10,
SAT0001844,POST_MATCH,M012,2025-12-09,2025-12-10,SMS,R55194213,1,8,8,8,6,10,9,
SAT0001846,POST_MATCH,M012,2025-12-09,2025-12-10,EMAIL,R56601661,1,7,10,6,7,8,8,
SAT0001852,POST_MATCH,M012,2025-12-09,2025-12-10,QR_SUR_PLACE,R59997681,1,8,7,7,6,9,6,Correct dans l'ensemble
SAT0001853,POST_MATCH,M012,2025-12-09,2025-12-10,QR_SUR_PLACE,R51144802,1,7,7,5,7,7,9,
SAT0001857,POST_MATCH,M012,2025-12-09,2025-12-10,EMAIL,R57695933,1,8,7,8,9,8,10,Tres bonne organisation
SAT0001858,POST_MATCH,M012,2025-12-09,2025-12-10,QR_SUR_PLACE,R59299541,1,7,7,7,9,9,7,
SAT0001862,POST_MATCH,M012,2025-12-09,2025-12-10,QR_SUR_PLACE,R52782192,1,9,8,6,8,8,10,"Premiere fois ici, tres agreable surprise"
SAT0001863,POST_MATCH,M012,2025-12-09,2025-12-10,EMAIL,R53631197,1,8,8,7,8,10,9,
SAT0001865,POST_MATCH,M012,2025-12-09,2025-12-10,EMAIL,R55619769,1,10,7,7,8,8,10,
SAT0001866,POST_MATCH,M012,2025-12-09,2025-12-10,EMAIL,R56692519,1,10,9,7,9,10,10,
SAT0001867,POST_MATCH,M012,2025-12-09,2025-12-10,SMS,R56937719,1,7,9,6,6,7,7,
SAT0001872,POST_MATCH,M012,2025-12-09,2025-12-10,SMS,R52937961,1,9,9,7,8,8,10,L'ambiance dans les tribunes vaut le deplacement
SAT0001873,POST_MATCH,M012,2025-12-09,2025-12-10,EMAIL,R54210549,1,9,8,6,8,10,10,
SAT0001875,POST_MATCH,M012,2025-12-09,2025-12-10,QR_SUR_PLACE,R58611276,1,9,7,8,9,10,9,
SAT0001876,POST_MATCH,M012,2025-12-09,2025-12-10,EMAIL,R58993175,1,8,7,8,6,10,9,
SAT0001877,POST_MATCH,M012,2025-12-09,2025-12-10,EMAIL,R53105990,1,8,8,9,7,9,9,
SAT0001878,POST_MATCH,M012,2025-12-09,2025-12-10,SMS,R53976450,1,7,8,7,6,10,7,
SAT0001879,POST_MATCH,M012,2025-12-09,2025-12-10,EMAIL,R55303595,1,8,9,8,8,10,9,L'ambiance dans les tribunes vaut le deplacement
SAT0001883,POST_MATCH,M012,2025-12-09,2025-12-10,EMAIL,R59571914,1,8,8,6,6,7,9,L'ambiance dans les tribunes vaut le deplacement
SAT0001884,POST_MATCH,M012,2025-12-09,2025-12-10,SMS,R52548840,1,7,7,8,6,10,10,
SAT0001888,POST_MATCH,M012,2025-12-09,2025-12-10,EMAIL,R56619160,1,5,7,9,6,9,8,
SAT0001891,POST_MATCH,M012,2025-12-09,2025-12-10,EMAIL,R51618986,1,9,9,6,7,8,9,
SAT0001892,POST_MATCH,M012,2025-12-09,2025-12-10,EMAIL,R53335999,1,7,9,8,6,8,10,
SAT0001896,POST_MATCH,M012,2025-12-09,2025-12-10,EMAIL,R55500502,1,7,9,7,7,10,8,
SAT0001899,POST_MATCH,M012,2025-12-09,2025-12-10,EMAIL,R58069585,1,8,9,8,6,8,10,
SAT0001902,POST_MATCH,M012,2025-12-09,2025-12-10,EMAIL,R52690577,1,8,7,6,8,10,8,
SAT0001904,POST_MATCH,M012,2025-12-09,2025-12-10,QR_SUR_PLACE,R53454988,1,6,8,6,8,7,7,
SAT0001907,POST_MATCH,M012,2025-12-09,2025-12-10,SMS,R56663430,1,9,9,7,7,10,10,"Super ambiance, on reviendra"
SAT0001909,POST_MATCH,M012,2025-12-09,2025-12-10,EMAIL,R57079044,1,7,9,5,7,9,10,
SAT0001910,POST_MATCH,M012,2025-12-09,2025-12-10,QR_SUR_PLACE,R57680397,1,7,9,6,9,7,6,
SAT0001915,POST_MATCH,M012,2025-12-09,2025-12-10,EMAIL,R53466702,1,8,8,7,7,7,7,
SAT0001917,POST_MATCH,M012,2025-12-09,2025-12-10,EMAIL,R53964458,1,7,9,7,8,9,9,
SAT0001918,POST_MATCH,M012,2025-12-09,2025-12-10,EMAIL,R54264828,1,8,8,6,7,9,10,
SAT0001920,POST_MATCH,M012,2025-12-09,2025-12-10,EMAIL,R56563578,1,8,8,6,7,10,7,Tres bonne organisation
SAT0001922,POST_MATCH,M012,2025-12-09,2025-12-10,SMS,R56789775,1,8,8,7,9,10,9,"Premiere fois ici, tres agreable surprise"
SAT0001925,POST_MATCH,M012,2025-12-09,2025-12-10,EMAIL,R51557274,1,8,7,8,7,10,10,
SAT0001927,POST_MATCH,M012,2025-12-09,2025-12-10,EMAIL,R55025628,1,9,8,8,8,9,10,
SAT0001930,POST_MATCH,M012,2025-12-09,2025-12-10,QR_SUR_PLACE,R55916930,1,9,8,7,7,8,9,L'ambiance dans les tribunes vaut le deplacement
SAT0001931,POST_MATCH,M012,2025-12-09,2025-12-10,SMS,R56418977,1,8,9,6,6,7,8,
SAT0001934,POST_MATCH,M012,2025-12-09,2025-12-10,EMAIL,R59553859,1,10,8,6,8,9,9,
SAT0001935,POST_MATCH,M012,2025-12-09,2025-12-10,EMAIL,R59611481,1,7,10,5,6,9,10,
SAT0001937,POST_MATCH,M012,2025-12-09,2025-12-10,SMS,R51656647,1,8,8,5,6,10,8,Correct dans l'ensemble
SAT0001938,POST_MATCH,M012,2025-12-09,2025-12-10,EMAIL,R51879166,1,8,7,7,7,9,9,
SAT0001939,POST_MATCH,M012,2025-12-09,2025-12-10,EMAIL,R52565113,1,10,8,6,7,9,9,L'ambiance dans les tribunes vaut le deplacement
SAT0001942,POST_MATCH,M012,2025-12-09,2025-12-10,EMAIL,R57028979,1,9,6,7,8,8,8,
SAT0001943,POST_MATCH,M012,2025-12-09,2025-12-10,EMAIL,R51093367,1,7,10,4,9,8,8,
SAT0001944,POST_MATCH,M012,2025-12-09,2025-12-10,EMAIL,R51174896,1,7,9,8,7,8,8,
SAT0001946,POST_MATCH,M012,2025-12-09,2025-12-10,EMAIL,R52951370,1,8,9,7,7,9,9,
SAT0001952,POST_MATCH,M012,2025-12-09,2025-12-10,EMAIL,R55167365,1,9,6,7,4,7,8,L'ambiance dans les tribunes vaut le deplacement
SAT0001953,POST_MATCH,M012,2025-12-09,2025-12-10,SMS,R55389884,1,8,7,7,9,9,8,"Premiere fois ici, tres agreable surprise"
SAT0001958,POST_MATCH,M012,2025-12-09,2025-12-10,EMAIL,R54322728,1,8,7,9,8,9,7,
SAT0001962,POST_MATCH,M012,2025-12-09,2025-12-10,EMAIL,R52577929,0,10,9,8,7,8,10,L'ambiance dans les tribunes vaut le deplacement
SAT0001967,POST_MATCH,M012,2025-12-09,2025-12-10,EMAIL,R51442442,0,7,6,7,7,8,6,
SAT0001973,POST_MATCH,M012,2025-12-09,2025-12-10,EMAIL,R59881747,1,8,7,8,8,9,9,
SAT0001976,POST_MATCH,M012,2025-12-09,2025-12-10,SMS,R59416413,0,8,9,8,7,8,9,"Premiere fois ici, tres agreable surprise"
SAT0001978,POST_MATCH,M012,2025-12-09,2025-12-10,SMS,R52489446,1,8,7,7,6,8,8,
SAT0001979,POST_MATCH,M012,2025-12-09,2025-12-10,EMAIL,R51127561,0,9,8,7,5,8,8,Match intense du debut a la fin
SAT0001983,POST_MATCH,M012,2025-12-09,2025-12-10,EMAIL,R58626869,0,6,6,8,7,9,8,
SAT0001986,POST_MATCH,M012,2025-12-09,2025-12-10,EMAIL,R52247924,0,7,9,7,7,8,10,Rien a signaler
SAT0001678,POST_MATCH,M011,2025-12-07,2025-12-11,EMAIL,R58358452,1,9,7,7,5,10,9,
SAT0001733,POST_MATCH,M011,2025-12-07,2025-12-11,EMAIL,R51808882,1,10,9,7,8,8,9,
SAT0001740,POST_MATCH,M011,2025-12-07,2025-12-11,EMAIL,R53131803,1,6,7,7,7,8,9,
SAT0001741,POST_MATCH,M011,2025-12-07,2025-12-11,SMS,R53944641,1,7,9,6,7,9,9,
SAT0001743,POST_MATCH,M011,2025-12-07,2025-12-11,SMS,R54576644,1,7,8,8,7,8,10,
SAT0001745,POST_MATCH,M011,2025-12-07,2025-12-11,EMAIL,R56285688,1,10,7,7,7,9,8,"Premiere fois ici, tres agreable surprise"
SAT0001750,POST_MATCH,M011,2025-12-07,2025-12-11,EMAIL,R58166372,1,9,7,7,10,8,9,
SAT0001759,POST_MATCH,M011,2025-12-07,2025-12-11,EMAIL,R58989085,1,9,8,4,7,8,9,
SAT0001761,POST_MATCH,M011,2025-12-07,2025-12-11,QR_SUR_PLACE,R59171759,1,7,9,5,5,6,7,
SAT0001774,POST_MATCH,M011,2025-12-07,2025-12-11,EMAIL,R55465082,1,9,10,6,8,7,7,
SAT0001777,POST_MATCH,M011,2025-12-07,2025-12-11,EMAIL,R56882951,1,9,8,8,7,8,9,
SAT0001783,POST_MATCH,M011,2025-12-07,2025-12-11,EMAIL,R55733643,1,10,9,6,7,10,10,Tres bonne organisation
SAT0001807,POST_MATCH,M011,2025-12-07,2025-12-11,SMS,R58500246,1,6,7,5,7,7,7,
SAT0001811,POST_MATCH,M011,2025-12-07,2025-12-11,EMAIL,R58977773,0,9,9,7,6,5,8,
SAT0001812,POST_MATCH,M011,2025-12-07,2025-12-11,EMAIL,R54712452,0,8,9,8,10,7,7,
SAT0001830,POST_MATCH,M012,2025-12-09,2025-12-11,EMAIL,R52493881,1,7,9,7,8,9,7,
SAT0001833,POST_MATCH,M012,2025-12-09,2025-12-11,EMAIL,R56389496,1,10,7,7,7,9,8,Match intense du debut a la fin
SAT0001838,POST_MATCH,M012,2025-12-09,2025-12-11,SMS,R59670885,1,7,7,6,9,8,6,
SAT0001841,POST_MATCH,M012,2025-12-09,2025-12-11,EMAIL,R51852137,1,10,9,5,4,9,10,"Premiere fois ici, tres agreable surprise"
SAT0001848,POST_MATCH,M012,2025-12-09,2025-12-11,SMS,R56943102,1,10,10,5,7,10,9,"Premiere fois ici, tres agreable surprise"
SAT0001849,POST_MATCH,M012,2025-12-09,2025-12-11,EMAIL,R58031177,1,8,8,6,5,9,9,Match intense du debut a la fin
SAT0001850,POST_MATCH,M012,2025-12-09,2025-12-11,EMAIL,R58310092,1,10,8,5,8,9,9,
SAT0001855,POST_MATCH,M012,2025-12-09,2025-12-11,EMAIL,R54693459,1,9,9,7,7,9,8,
SAT0001856,POST_MATCH,M012,2025-12-09,2025-12-11,SMS,R57038797,1,6,9,10,5,9,6,Rien a signaler
SAT0001859,POST_MATCH,M012,2025-12-09,2025-12-11,SMS,R59973841,1,9,7,10,8,9,10,
SAT0001864,POST_MATCH,M012,2025-12-09,2025-12-11,EMAIL,R55221932,1,7,7,7,8,9,9,
SAT0001869,POST_MATCH,M012,2025-12-09,2025-12-11,EMAIL,R57726037,1,10,8,8,7,8,9,
SAT0001870,POST_MATCH,M012,2025-12-09,2025-12-11,EMAIL,R59649018,1,8,9,7,8,8,9,Tres bonne organisation
SAT0001880,POST_MATCH,M012,2025-12-09,2025-12-11,EMAIL,R57177536,1,9,9,8,6,9,8,
SAT0001882,POST_MATCH,M012,2025-12-09,2025-12-11,QR_SUR_PLACE,R59551072,1,8,8,8,8,8,8,
SAT0001889,POST_MATCH,M012,2025-12-09,2025-12-11,QR_SUR_PLACE,R57385410,1,7,9,7,9,9,10,
SAT0001893,POST_MATCH,M012,2025-12-09,2025-12-11,EMAIL,R54224849,1,8,6,6,8,9,8,
SAT0001897,POST_MATCH,M012,2025-12-09,2025-12-11,SMS,R55632297,1,6,8,6,8,8,8,Correct dans l'ensemble
SAT0001905,POST_MATCH,M012,2025-12-09,2025-12-11,EMAIL,R54287442,1,8,9,6,9,7,9,Bon rapport qualite prix
SAT0001913,POST_MATCH,M012,2025-12-09,2025-12-11,EMAIL,R59172439,1,8,7,7,6,10,9,Match intense du debut a la fin
SAT0001924,POST_MATCH,M012,2025-12-09,2025-12-11,EMAIL,R59993926,1,8,7,7,9,10,10,
SAT0001932,POST_MATCH,M012,2025-12-09,2025-12-11,EMAIL,R56619428,1,10,9,6,7,9,9,
SAT0001948,POST_MATCH,M012,2025-12-09,2025-12-11,EMAIL,R53424606,1,10,9,9,8,10,10,L'ambiance dans les tribunes vaut le deplacement
SAT0001951,POST_MATCH,M012,2025-12-09,2025-12-11,EMAIL,R54711906,1,8,8,8,7,8,8,
SAT0001954,POST_MATCH,M012,2025-12-09,2025-12-11,EMAIL,R56609754,1,6,5,6,5,8,8,
SAT0001955,POST_MATCH,M012,2025-12-09,2025-12-11,EMAIL,R55960252,0,8,9,7,8,7,8,"Super ambiance, on reviendra"
SAT0001956,POST_MATCH,M012,2025-12-09,2025-12-11,SMS,R56238209,1,10,7,6,9,8,9,
SAT0001959,POST_MATCH,M012,2025-12-09,2025-12-11,EMAIL,R52005109,1,9,10,7,6,9,9,"Premiere fois ici, tres agreable surprise"
SAT0001961,POST_MATCH,M012,2025-12-09,2025-12-11,SMS,R51577034,1,7,8,6,9,7,7,
SAT0001963,POST_MATCH,M012,2025-12-09,2025-12-11,EMAIL,R55383898,0,8,8,7,6,8,7,
SAT0001968,POST_MATCH,M012,2025-12-09,2025-12-11,EMAIL,R54171049,0,9,10,8,6,8,10,Tres bonne organisation
SAT0001970,POST_MATCH,M012,2025-12-09,2025-12-11,EMAIL,R56239646,1,9,7,6,7,8,9,
SAT0001971,POST_MATCH,M012,2025-12-09,2025-12-11,QR_SUR_PLACE,R59858587,0,8,8,7,9,10,9,Match intense du debut a la fin
SAT0001975,POST_MATCH,M012,2025-12-09,2025-12-11,SMS,R52649717,1,6,8,3,7,9,6,
SAT0001981,POST_MATCH,M012,2025-12-09,2025-12-11,SMS,R56951406,1,9,9,5,8,8,10,
SAT0001982,POST_MATCH,M012,2025-12-09,2025-12-11,EMAIL,R58841084,0,10,9,7,8,7,9,
SAT0001984,POST_MATCH,M012,2025-12-09,2025-12-11,EMAIL,R59233337,1,9,7,5,7,10,8,
SAT0001985,POST_MATCH,M012,2025-12-09,2025-12-11,SMS,R56673995,0,8,10,8,8,7,10,
SAT0001671,POST_MATCH,M011,2025-12-07,2025-12-12,EMAIL,R52768505,1,8,7,6,6,8,7,
SAT0001679,POST_MATCH,M011,2025-12-07,2025-12-12,EMAIL,R58473083,1,7,7,8,8,10,9,Sans plus
SAT0001693,POST_MATCH,M011,2025-12-07,2025-12-12,SMS,R57866893,1,8,8,8,6,9,10,Match intense du debut a la fin
SAT0001694,POST_MATCH,M011,2025-12-07,2025-12-12,SMS,R58188718,1,6,9,5,6,7,7,
SAT0001716,POST_MATCH,M011,2025-12-07,2025-12-12,EMAIL,R54664715,1,7,7,9,7,8,9,Rien a signaler
SAT0001722,POST_MATCH,M011,2025-12-07,2025-12-12,EMAIL,R51604073,1,10,9,8,8,10,9,L'ambiance dans les tribunes vaut le deplacement
SAT0001736,POST_MATCH,M011,2025-12-07,2025-12-12,EMAIL,R58632798,1,6,8,7,6,6,7,
SAT0001747,POST_MATCH,M011,2025-12-07,2025-12-12,SMS,R57332079,1,8,7,5,6,8,7,
SAT0001772,POST_MATCH,M011,2025-12-07,2025-12-12,QR_SUR_PLACE,R51331623,1,8,7,8,8,8,8,
SAT0001775,POST_MATCH,M011,2025-12-07,2025-12-12,QR_SUR_PLACE,R56333090,1,7,8,6,10,9,9,
SAT0001785,POST_MATCH,M011,2025-12-07,2025-12-12,EMAIL,R56948609,1,4,9,7,7,7,7,Difficile de trouver sa place
SAT0001792,POST_MATCH,M011,2025-12-07,2025-12-12,QR_SUR_PLACE,R56782553,1,8,8,7,7,10,8,
SAT0001809,POST_MATCH,M011,2025-12-07,2025-12-12,EMAIL,R59352182,1,9,9,8,7,6,10,"Premiere fois ici, tres agreable surprise"
SAT0001810,POST_MATCH,M011,2025-12-07,2025-12-12,EMAIL,R57216423,0,6,9,6,6,6,7,
SAT0001814,POST_MATCH,M011,2025-12-07,2025-12-12,EMAIL,R58793136,0,10,9,7,8,9,10,
SAT0001845,POST_MATCH,M012,2025-12-09,2025-12-12,EMAIL,R56251638,1,7,7,6,6,8,6,
SAT0001847,POST_MATCH,M012,2025-12-09,2025-12-12,EMAIL,R56637828,1,6,7,8,10,8,8,
SAT0001851,POST_MATCH,M012,2025-12-09,2025-12-12,EMAIL,R58917575,1,7,7,7,6,8,8,
SAT0001868,POST_MATCH,M012,2025-12-09,2025-12-12,EMAIL,R57315327,1,8,8,7,5,10,8,"Super ambiance, on reviendra"
SAT0001871,POST_MATCH,M012,2025-12-09,2025-12-12,SMS,R51976164,1,7,8,5,9,7,9,Sans plus
SAT0001885,POST_MATCH,M012,2025-12-09,2025-12-12,EMAIL,R55467946,1,7,9,9,8,10,9,Sans plus
SAT0001890,POST_MATCH,M012,2025-12-09,2025-12-12,EMAIL,R58610797,1,8,6,8,7,10,7,
SAT0001895,POST_MATCH,M012,2025-12-09,2025-12-12,SMS,R54690729,1,9,7,8,9,7,7,
SAT0001898,POST_MATCH,M012,2025-12-09,2025-12-12,EMAIL,R56787802,1,8,8,8,7,9,8,"Premiere fois ici, tres agreable surprise"
SAT0001900,POST_MATCH,M012,2025-12-09,2025-12-12,SMS,R59619249,1,6,8,8,8,9,10,
SAT0001914,POST_MATCH,M012,2025-12-09,2025-12-12,EMAIL,R59741303,1,8,9,6,8,10,9,Bon rapport qualite prix
SAT0001926,POST_MATCH,M012,2025-12-09,2025-12-12,EMAIL,R54580590,1,9,9,6,6,8,10,
SAT0001928,POST_MATCH,M012,2025-12-09,2025-12-12,SMS,R55146389,1,8,9,5,7,10,8,Tres bonne organisation
SAT0001929,POST_MATCH,M012,2025-12-09,2025-12-12,EMAIL,R55863599,1,7,6,8,8,9,10,
SAT0001941,POST_MATCH,M012,2025-12-09,2025-12-12,EMAIL,R55309514,1,8,8,7,9,9,8,
SAT0001945,POST_MATCH,M012,2025-12-09,2025-12-12,EMAIL,R51190834,1,7,8,5,7,10,8,
SAT0001949,POST_MATCH,M012,2025-12-09,2025-12-12,EMAIL,R53603602,1,8,9,7,7,9,9,"Premiere fois ici, tres agreable surprise"
SAT0001969,POST_MATCH,M012,2025-12-09,2025-12-12,EMAIL,R58490237,0,8,8,8,8,7,9,Match intense du debut a la fin
SAT0001972,POST_MATCH,M012,2025-12-09,2025-12-12,EMAIL,R56737670,0,8,8,7,7,9,9,Tres bonne organisation
SAT0001990,POST_MATCH,M013,2025-12-11,2025-12-12,EMAIL,R56493093,1,6,9,4,7,7,7,
SAT0001994,POST_MATCH,M013,2025-12-11,2025-12-12,SMS,R59703987,1,6,9,3,3,7,9,
SAT0001995,POST_MATCH,M013,2025-12-11,2025-12-12,EMAIL,R59897082,1,6,7,7,6,7,7,
SAT0001997,POST_MATCH,M013,2025-12-11,2025-12-12,EMAIL,R52936534,1,6,6,6,6,6,7,
SAT0001998,POST_MATCH,M013,2025-12-11,2025-12-12,EMAIL,R53558116,1,5,7,7,5,9,9,
SAT0002002,POST_MATCH,M013,2025-12-11,2025-12-12,EMAIL,R58310092,1,7,8,5,4,7,5,Correct dans l'ensemble
SAT0002003,POST_MATCH,M013,2025-12-11,2025-12-12,SMS,R58847080,1,8,7,4,4,5,8,Bon rapport qualite prix
SAT0002004,POST_MATCH,M013,2025-12-11,2025-12-12,EMAIL,R59154806,1,5,8,3,3,7,6,Peu de choix a la restauration
SAT0002007,POST_MATCH,M013,2025-12-11,2025-12-12,SMS,R52570640,1,6,6,4,6,9,9,
SAT0002008,POST_MATCH,M013,2025-12-11,2025-12-12,EMAIL,R52634392,1,8,6,4,4,7,6,
SAT0002010,POST_MATCH,M013,2025-12-11,2025-12-12,EMAIL,R53890429,1,6,8,3,5,6,6,
SAT0002013,POST_MATCH,M013,2025-12-11,2025-12-12,EMAIL,R56157303,1,8,7,3,5,5,9,L'ambiance dans les tribunes vaut le deplacement
SAT0002015,POST_MATCH,M013,2025-12-11,2025-12-12,EMAIL,R56324039,1,5,7,7,6,7,6,
SAT0002017,POST_MATCH,M013,2025-12-11,2025-12-12,EMAIL,R57261929,1,5,5,5,6,7,6,Sonorisation trop forte
SAT0002022,POST_MATCH,M013,2025-12-11,2025-12-12,EMAIL,R52782192,1,6,8,3,6,7,7,
SAT0002025,POST_MATCH,M013,2025-12-11,2025-12-12,EMAIL,R54122210,1,6,6,4,5,6,6,
SAT0002026,POST_MATCH,M013,2025-12-11,2025-12-12,EMAIL,R54153473,1,8,8,5,5,6,7,"Super ambiance, on reviendra"
SAT0002027,POST_MATCH,M013,2025-12-11,2025-12-12,EMAIL,R57905033,1,6,7,5,5,7,7,
SAT0002031,POST_MATCH,M013,2025-12-11,2025-12-12,EMAIL,R51372359,1,7,8,5,5,8,7,
SAT0002034,POST_MATCH,M013,2025-12-11,2025-12-12,EMAIL,R55909785,1,5,6,5,6,6,6,
SAT0002035,POST_MATCH,M013,2025-12-11,2025-12-12,SMS,R56383021,1,7,5,4,7,6,6,
SAT0002038,POST_MATCH,M013,2025-12-11,2025-12-12,SMS,R59023212,1,5,7,4,4,4,6,
SAT0002040,POST_MATCH,M013,2025-12-11,2025-12-12,SMS,R52461114,1,8,6,5,6,8,6,
SAT0002042,POST_MATCH,M013,2025-12-11,2025-12-12,EMAIL,R54194065,1,5,6,3,5,7,6,File d'attente interminable a l'entree
SAT0002045,POST_MATCH,M013,2025-12-11,2025-12-12,EMAIL,R58494260,1,8,6,6,5,7,8,L'ambiance dans les tribunes vaut le deplacement
SAT0002047,POST_MATCH,M013,2025-12-11,2025-12-12,EMAIL,R51376171,1,6,6,6,3,7,6,
SAT0002048,POST_MATCH,M013,2025-12-11,2025-12-12,SMS,R52771359,1,5,6,5,6,5,5,
SAT0002055,POST_MATCH,M013,2025-12-11,2025-12-12,SMS,R57970212,1,7,5,3,6,7,6,
SAT0002056,POST_MATCH,M013,2025-12-11,2025-12-12,EMAIL,R58054193,1,8,6,2,3,8,8,L'ambiance dans les tribunes vaut le deplacement
SAT0002058,POST_MATCH,M013,2025-12-11,2025-12-12,SMS,R53853371,1,5,6,6,6,7,7,Trop d'attente aux buvettes
SAT0002059,POST_MATCH,M013,2025-12-11,2025-12-12,EMAIL,R53952677,1,5,6,4,5,7,6,File d'attente interminable a l'entree
SAT0002062,POST_MATCH,M013,2025-12-11,2025-12-12,SMS,R55905695,1,6,7,3,6,7,8,
SAT0002065,POST_MATCH,M013,2025-12-11,2025-12-12,QR_SUR_PLACE,R58807024,1,5,4,4,6,10,7,Trop d'attente aux buvettes
SAT0002071,POST_MATCH,M013,2025-12-11,2025-12-12,SMS,R51167885,1,6,8,3,5,6,7,
SAT0002072,POST_MATCH,M013,2025-12-11,2025-12-12,SMS,R51324813,1,6,6,5,4,8,8,
SAT0002074,POST_MATCH,M013,2025-12-11,2025-12-12,QR_SUR_PLACE,R53523644,1,7,6,5,6,8,7,
SAT0002076,POST_MATCH,M013,2025-12-11,2025-12-12,QR_SUR_PLACE,R54028143,1,7,4,6,7,8,6,
SAT0002079,POST_MATCH,M013,2025-12-11,2025-12-12,SMS,R58454003,1,7,7,2,6,6,7,
SAT0002080,POST_MATCH,M013,2025-12-11,2025-12-12,EMAIL,R59844900,1,4,7,5,7,6,6,Trop d'attente aux buvettes
SAT0002088,POST_MATCH,M013,2025-12-11,2025-12-12,SMS,R53201953,1,5,5,4,2,7,4,Prix des places trop eleve pour ce niveau de match
SAT0002089,POST_MATCH,M013,2025-12-11,2025-12-12,SMS,R53354590,1,5,8,5,7,7,6,
SAT0002090,POST_MATCH,M013,2025-12-11,2025-12-12,EMAIL,R57264917,1,7,4,5,6,9,7,Sans plus
SAT0002091,POST_MATCH,M013,2025-12-11,2025-12-12,EMAIL,R59528726,1,6,8,5,5,6,8,
SAT0002093,POST_MATCH,M013,2025-12-11,2025-12-12,SMS,R53287840,1,6,6,4,6,5,6,
SAT0002095,POST_MATCH,M013,2025-12-11,2025-12-12,SMS,R55242084,1,4,8,5,7,6,5,Peu de choix a la restauration
SAT0002097,POST_MATCH,M013,2025-12-11,2025-12-12,SMS,R56782553,1,5,8,4,5,6,6,Sonorisation trop forte
SAT0002100,POST_MATCH,M013,2025-12-11,2025-12-12,EMAIL,R57700214,1,7,7,3,6,7,8,
SAT0002101,POST_MATCH,M013,2025-12-11,2025-12-12,EMAIL,R58765608,1,6,8,3,5,6,8,
SAT0002102,POST_MATCH,M013,2025-12-11,2025-12-12,QR_SUR_PLACE,R51171831,1,7,5,4,6,7,6,
SAT0002104,POST_MATCH,M013,2025-12-11,2025-12-12,QR_SUR_PLACE,R51642002,1,7,7,5,4,8,8,
SAT0002106,POST_MATCH,M013,2025-12-11,2025-12-12,QR_SUR_PLACE,R52765631,1,7,6,3,5,5,6,
SAT0002109,POST_MATCH,M013,2025-12-11,2025-12-12,QR_SUR_PLACE,R54459963,1,7,6,4,6,8,9,
SAT0002111,POST_MATCH,M013,2025-12-11,2025-12-12,EMAIL,R55978364,1,4,7,4,5,8,7,Prix des places trop eleve pour ce niveau de match
SAT0002113,POST_MATCH,M013,2025-12-11,2025-12-12,EMAIL,R56556423,1,6,7,3,6,6,8,
SAT0002115,POST_MATCH,M013,2025-12-11,2025-12-12,EMAIL,R57258308,1,6,7,3,4,6,8,
SAT0002117,POST_MATCH,M013,2025-12-11,2025-12-12,EMAIL,R57770776,1,8,7,5,5,8,8,
SAT0002118,POST_MATCH,M013,2025-12-11,2025-12-12,EMAIL,R57981035,1,6,3,4,5,8,6,
SAT0002119,POST_MATCH,M013,2025-12-11,2025-12-12,EMAIL,R58299795,1,6,7,5,3,6,7,
SAT0002121,POST_MATCH,M013,2025-12-11,2025-12-12,EMAIL,R58838622,1,7,7,4,6,6,8,
SAT0002122,POST_MATCH,M013,2025-12-11,2025-12-12,EMAIL,R54485575,1,6,7,4,5,8,7,
SAT0002124,POST_MATCH,M013,2025-12-11,2025-12-12,EMAIL,R58191304,1,7,6,5,7,7,8,
SAT0002126,POST_MATCH,M013,2025-12-11,2025-12-12,EMAIL,R54060086,1,6,7,5,6,7,8,
SAT0002127,POST_MATCH,M013,2025-12-11,2025-12-12,QR_SUR_PLACE,R53561717,1,6,7,3,7,5,7,
SAT0002128,POST_MATCH,M013,2025-12-11,2025-12-12,EMAIL,R51306078,0,8,7,4,5,7,6,Tres bonne organisation
SAT0002141,POST_MATCH,M013,2025-12-11,2025-12-12,EMAIL,R55559561,0,6,9,6,5,5,9,Correct dans l'ensemble
SAT0002146,POST_MATCH,M013,2025-12-11,2025-12-12,EMAIL,R53806170,1,6,8,6,5,8,8,
SAT0002151,POST_MATCH,M013,2025-12-11,2025-12-12,EMAIL,R58563529,0,4,7,6,4,7,6,
SAT0002156,POST_MATCH,M013,2025-12-11,2025-12-12,EMAIL,R53278377,1,5,8,5,4,8,8,File d'attente interminable a l'entree
SAT0002159,POST_MATCH,M013,2025-12-11,2025-12-12,EMAIL,R54280833,1,6,6,5,3,6,6,
SAT0002161,POST_MATCH,M013,2025-12-11,2025-12-12,EMAIL,R57660245,0,4,7,2,5,7,6,
SAT0002167,POST_MATCH,M013,2025-12-11,2025-12-12,EMAIL,R57908510,0,7,7,4,6,7,7,
SAT0002168,POST_MATCH,M013,2025-12-11,2025-12-12,EMAIL,R53158162,0,7,7,5,6,7,7,
SAT0002170,POST_MATCH,M013,2025-12-11,2025-12-12,EMAIL,R59558217,1,5,8,5,4,8,8,File d'attente interminable a l'entree
SAT0002171,POST_MATCH,M013,2025-12-11,2025-12-12,EMAIL,R57109761,0,8,7,5,5,8,10,"Super ambiance, on reviendra"
SAT0002174,POST_MATCH,M013,2025-12-11,2025-12-12,EMAIL,R58055831,0,6,6,5,5,5,7,
SAT0007990,GENERALE_MI_SAISON,,,2025-12-12,EMAIL,R59318132,,8,10,6,7,6,8,
SAT0008025,GENERALE_MI_SAISON,,,2025-12-12,EMAIL,R58378882,,8,8,9,8,9,7,"Premiere fois ici, tres agreable surprise"
SAT0008042,GENERALE_MI_SAISON,,,2025-12-12,EMAIL,R53573987,,5,7,5,7,6,6,
SAT0008050,GENERALE_MI_SAISON,,,2025-12-12,EMAIL,R51287966,,9,8,6,6,6,10,
SAT0008054,GENERALE_MI_SAISON,,,2025-12-12,EMAIL,R57812671,,7,8,7,7,7,8,
SAT0008090,GENERALE_MI_SAISON,,,2025-12-12,EMAIL,R53333212,,8,8,8,4,5,9,
SAT0008096,GENERALE_MI_SAISON,,,2025-12-12,EMAIL,R51157665,,6,8,7,5,6,6,
SAT0008116,GENERALE_MI_SAISON,,,2025-12-12,EMAIL,R52818215,,8,8,6,5,7,7,
SAT0008143,GENERALE_MI_SAISON,,,2025-12-12,EMAIL,R51745609,,5,8,6,7,5,7,
SAT0008157,GENERALE_MI_SAISON,,,2025-12-12,EMAIL,R52240434,,7,6,8,7,7,8,
SAT0008179,GENERALE_MI_SAISON,,,2025-12-12,EMAIL,R59104741,,8,6,7,6,6,8,
SAT0008182,GENERALE_MI_SAISON,,,2025-12-12,EMAIL,R57225149,,6,6,5,6,8,6,
SAT0008212,GENERALE_MI_SAISON,,,2025-12-12,EMAIL,R56943705,,6,8,6,8,5,5,
SAT0008230,GENERALE_MI_SAISON,,,2025-12-12,EMAIL,R56425998,,6,8,3,8,8,7,
SAT0008247,GENERALE_MI_SAISON,,,2025-12-12,EMAIL,R52805007,,7,8,5,7,8,6,
SAT0008257,GENERALE_MI_SAISON,,,2025-12-12,EMAIL,R57554665,,7,8,7,9,6,5,
SAT0008269,GENERALE_MI_SAISON,,,2025-12-12,EMAIL,R59051343,,7,7,7,8,5,8,
SAT0008287,GENERALE_MI_SAISON,,,2025-12-12,EMAIL,R51370654,,6,9,5,7,6,8,
SAT0008305,GENERALE_MI_SAISON,,,2025-12-12,EMAIL,R59793542,,7,7,7,8,8,6,
SAT0008308,GENERALE_MI_SAISON,,,2025-12-12,EMAIL,R55842623,,5,7,4,5,5,4,
SAT0008345,GENERALE_MI_SAISON,,,2025-12-12,EMAIL,R57034640,,5,9,4,7,8,6,
SAT0008350,GENERALE_MI_SAISON,,,2025-12-12,EMAIL,R57018568,,8,8,7,6,8,7,
SAT0008352,GENERALE_MI_SAISON,,,2025-12-12,EMAIL,R55480752,,7,8,6,7,5,9,
SAT0008358,GENERALE_MI_SAISON,,,2025-12-12,EMAIL,R51277344,,6,9,7,5,6,4,
SAT0008376,GENERALE_MI_SAISON,,,2025-12-12,EMAIL,R55754284,,6,7,7,6,4,9,
SAT0008395,GENERALE_MI_SAISON,,,2025-12-12,EMAIL,R59340056,,5,6,5,5,8,4,
SAT0008428,GENERALE_MI_SAISON,,,2025-12-12,EMAIL,R54916993,,6,9,7,5,6,6,
SAT0008454,GENERALE_MI_SAISON,,,2025-12-12,EMAIL,R57619844,,6,8,6,9,7,7,
SAT0008497,GENERALE_MI_SAISON,,,2025-12-12,EMAIL,R54804345,,8,6,5,8,8,8,Tres bonne organisation
SAT0008511,GENERALE_MI_SAISON,,,2025-12-12,EMAIL,R51855326,,7,6,7,6,5,7,
SAT0008512,GENERALE_MI_SAISON,,,2025-12-12,EMAIL,R58572791,,6,6,7,7,8,5,
SAT0008543,GENERALE_MI_SAISON,,,2025-12-12,EMAIL,R52243700,,8,9,4,8,8,10,
SAT0008557,GENERALE_MI_SAISON,,,2025-12-12,EMAIL,R59780066,,6,7,5,7,8,8,
SAT0008568,GENERALE_MI_SAISON,,,2025-12-12,EMAIL,R53778585,,9,8,5,8,8,10,
SAT0008595,GENERALE_MI_SAISON,,,2025-12-12,EMAIL,R57323095,,7,7,6,7,6,8,
SAT0001832,POST_MATCH,M012,2025-12-09,2025-12-13,EMAIL,R55168400,1,8,7,7,8,9,9,Bon rapport qualite prix
SAT0001854,POST_MATCH,M012,2025-12-09,2025-12-13,SMS,R53765377,1,8,6,8,7,6,8,
SAT0001861,POST_MATCH,M012,2025-12-09,2025-12-13,EMAIL,R52088276,1,8,7,7,6,10,9,"Premiere fois ici, tres agreable surprise"
SAT0001874,POST_MATCH,M012,2025-12-09,2025-12-13,EMAIL,R56992956,1,9,7,8,6,9,9,
SAT0001881,POST_MATCH,M012,2025-12-09,2025-12-13,QR_SUR_PLACE,R58689807,1,8,8,9,7,10,9,
SAT0001887,POST_MATCH,M012,2025-12-09,2025-12-13,SMS,R56285688,1,8,6,5,8,10,9,Bon rapport qualite prix
SAT0001901,POST_MATCH,M012,2025-12-09,2025-12-13,QR_SUR_PLACE,R52528132,1,10,9,7,4,7,10,
SAT0001903,POST_MATCH,M012,2025-12-09,2025-12-13,QR_SUR_PLACE,R53304803,1,9,8,5,5,9,9,
SAT0001908,POST_MATCH,M012,2025-12-09,2025-12-13,EMAIL,R56800129,1,8,8,6,6,10,10,
SAT0001911,POST_MATCH,M012,2025-12-09,2025-12-13,SMS,R57940922,1,6,4,7,6,7,7,
SAT0001933,POST_MATCH,M012,2025-12-09,2025-12-13,EMAIL,R56751223,1,7,8,7,8,9,8,
SAT0001940,POST_MATCH,M012,2025-12-09,2025-12-13,EMAIL,R53358948,1,9,6,8,7,10,8,L'ambiance dans les tribunes vaut le deplacement
SAT0001960,POST_MATCH,M012,2025-12-09,2025-12-13,EMAIL,R59503124,0,6,9,6,9,8,7,
SAT0001965,POST_MATCH,M012,2025-12-09,2025-12-13,EMAIL,R52493881,1,7,7,9,8,8,8,
SAT0001966,POST_MATCH,M012,2025-12-09,2025-12-13,EMAIL,R51334008,0,7,10,7,8,7,9,
SAT0001977,POST_MATCH,M012,2025-12-09,2025-12-13,SMS,R51881005,0,9,10,6,5,8,8,"Premiere fois ici, tres agreable surprise"
SAT0001988,POST_MATCH,M013,2025-12-11,2025-12-13,EMAIL,R55546008,1,7,7,2,5,9,8,Sans plus
SAT0001999,POST_MATCH,M013,2025-12-11,2025-12-13,EMAIL,R56849313,1,7,6,3,6,8,7,
SAT0002005,POST_MATCH,M013,2025-12-11,2025-12-13,EMAIL,R59238174,1,7,6,5,3,7,6,
SAT0002006,POST_MATCH,M013,2025-12-11,2025-12-13,QR_SUR_PLACE,R59365678,1,6,7,4,5,9,9,
SAT0002009,POST_MATCH,M013,2025-12-11,2025-12-13,EMAIL,R53014452,1,7,7,4,6,6,6,
SAT0002016,POST_MATCH,M013,2025-12-11,2025-12-13,EMAIL,R57038797,1,8,5,3,4,6,8,Match intense du debut a la fin
SAT0002019,POST_MATCH,M013,2025-12-11,2025-12-13,EMAIL,R58598882,1,7,6,3,6,6,6,
SAT0002020,POST_MATCH,M013,2025-12-11,2025-12-13,SMS,R52024524,1,6,7,3,5,9,8,
SAT0002021,POST_MATCH,M013,2025-12-11,2025-12-13,EMAIL,R52088276,1,6,6,4,6,6,6,
SAT0002023,POST_MATCH,M013,2025-12-11,2025-12-13,QR_SUR_PLACE,R52961801,1,7,7,2,5,7,8,
SAT0002024,POST_MATCH,M013,2025-12-11,2025-12-13,EMAIL,R53301403,1,6,7,5,6,7,7,
SAT0002030,POST_MATCH,M013,2025-12-11,2025-12-13,QR_SUR_PLACE,R59618368,1,7,8,3,6,8,7,
SAT0002033,POST_MATCH,M013,2025-12-11,2025-12-13,SMS,R55069975,1,5,7,3,5,7,6,
SAT0002041,POST_MATCH,M013,2025-12-11,2025-12-13,QR_SUR_PLACE,R53032430,1,7,9,6,4,8,9,
SAT0002044,POST_MATCH,M013,2025-12-11,2025-12-13,EMAIL,R58344688,1,5,7,5,3,7,8,File d'attente interminable a l'entree
SAT0002052,POST_MATCH,M013,2025-12-11,2025-12-13,EMAIL,R55795901,1,5,5,5,7,6,5,Peu de choix a la restauration
SAT0002054,POST_MATCH,M013,2025-12-11,2025-12-13,EMAIL,R56692720,1,7,7,4,5,7,9,Sans plus
SAT0002063,POST_MATCH,M013,2025-12-11,2025-12-13,EMAIL,R56934309,1,4,5,3,4,8,7,
SAT0002067,POST_MATCH,M013,2025-12-11,2025-12-13,EMAIL,R59670128,1,8,7,5,7,8,7,Rien a signaler
SAT0002069,POST_MATCH,M013,2025-12-11,2025-12-13,EMAIL,R59800084,1,4,7,5,5,9,8,Sonorisation trop forte
SAT0002070,POST_MATCH,M013,2025-12-11,2025-12-13,QR_SUR_PLACE,R51148882,1,7,8,5,7,8,6,
SAT0002077,POST_MATCH,M013,2025-12-11,2025-12-13,EMAIL,R55800939,1,8,6,4,6,7,10,
SAT0002082,POST_MATCH,M013,2025-12-11,2025-12-13,EMAIL,R53757877,1,4,6,3,4,6,8,File d'attente interminable a l'entree
SAT0002083,POST_MATCH,M013,2025-12-11,2025-12-13,EMAIL,R54626498,1,7,5,4,5,7,6,
SAT0002084,POST_MATCH,M013,2025-12-11,2025-12-13,EMAIL,R55599942,1,6,8,4,5,8,5,
SAT0002085,POST_MATCH,M013,2025-12-11,2025-12-13,EMAIL,R56848623,1,5,8,6,7,6,5,Prix des places trop eleve pour ce niveau de match
SAT0002086,POST_MATCH,M013,2025-12-11,2025-12-13,EMAIL,R57005551,1,5,7,3,4,7,6,
SAT0002087,POST_MATCH,M013,2025-12-11,2025-12-13,EMAIL,R58744019,1,6,7,3,6,7,8,
SAT0002092,POST_MATCH,M013,2025-12-11,2025-12-13,EMAIL,R51112916,1,8,8,5,5,9,8,
SAT0002099,POST_MATCH,M013,2025-12-11,2025-12-13,SMS,R57179164,1,6,6,5,5,7,7,
SAT0002103,POST_MATCH,M013,2025-12-11,2025-12-13,EMAIL,R51325081,1,7,6,4,5,7,8,Sans plus
SAT0002107,POST_MATCH,M013,2025-12-11,2025-12-13,EMAIL,R53096651,1,7,5,3,4,7,8,
SAT0002108,POST_MATCH,M013,2025-12-11,2025-12-13,QR_SUR_PLACE,R53297102,1,7,5,5,4,6,6,
SAT0002120,POST_MATCH,M013,2025-12-11,2025-12-13,EMAIL,R58584840,1,8,5,3,5,6,7,Rien a signaler
SAT0002132,POST_MATCH,M013,2025-12-11,2025-12-13,EMAIL,R54377754,1,6,6,3,6,9,8,
SAT0002136,POST_MATCH,M013,2025-12-11,2025-12-13,EMAIL,R58405097,0,7,7,6,5,7,7,
SAT0002137,POST_MATCH,M013,2025-12-11,2025-12-13,EMAIL,R55583056,1,7,7,5,8,5,6,Rien a signaler
SAT0002139,POST_MATCH,M013,2025-12-11,2025-12-13,SMS,R58624695,0,7,6,6,6,6,6,
SAT0002140,POST_MATCH,M013,2025-12-11,2025-12-13,EMAIL,R52970584,0,4,8,4,3,5,6,
SAT0002143,POST_MATCH,M013,2025-12-11,2025-12-13,QR_SUR_PLACE,R55670983,0,6,7,3,5,7,8,
SAT0002145,POST_MATCH,M013,2025-12-11,2025-12-13,EMAIL,R58118357,0,9,7,3,6,7,8,Tres bonne organisation
SAT0002147,POST_MATCH,M013,2025-12-11,2025-12-13,EMAIL,R59845245,0,7,8,4,8,8,8,Rien a signaler
SAT0002148,POST_MATCH,M013,2025-12-11,2025-12-13,EMAIL,R55221999,0,7,8,3,5,6,9,
SAT0002153,POST_MATCH,M013,2025-12-11,2025-12-13,SMS,R57258117,0,7,7,5,5,6,7,
SAT0002154,POST_MATCH,M013,2025-12-11,2025-12-13,EMAIL,R51422424,0,7,8,3,7,8,7,Sans plus
SAT0002155,POST_MATCH,M013,2025-12-11,2025-12-13,EMAIL,R52637591,0,6,7,4,5,8,7,
SAT0002162,POST_MATCH,M013,2025-12-11,2025-12-13,EMAIL,R59811798,0,5,7,6,6,5,5,Rien a signaler
SAT0002164,POST_MATCH,M013,2025-12-11,2025-12-13,EMAIL,R53580184,1,5,7,4,4,8,8,
SAT0002173,POST_MATCH,M013,2025-12-11,2025-12-13,SMS,R55914488,1,5,6,4,6,6,8,
SAT0002175,POST_MATCH,M013,2025-12-11,2025-12-13,QR_SUR_PLACE,R55971008,0,6,8,5,6,7,8,
SAT0007963,GENERALE_MI_SAISON,,,2025-12-13,EMAIL,R58615289,,7,8,6,7,7,7,
SAT0007967,GENERALE_MI_SAISON,,,2025-12-13,EMAIL,R58809754,,7,7,4,5,6,7,
SAT0007969,GENERALE_MI_SAISON,,,2025-12-13,EMAIL,R56204025,,7,8,6,6,6,8,
SAT0008000,GENERALE_MI_SAISON,,,2025-12-13,EMAIL,R53830891,,8,5,6,5,8,8,Tres bonne organisation
SAT0008012,GENERALE_MI_SAISON,,,2025-12-13,EMAIL,R59175849,,5,7,9,6,5,4,
SAT0008014,GENERALE_MI_SAISON,,,2025-12-13,EMAIL,R55356591,,9,8,4,5,5,10,
SAT0008019,GENERALE_MI_SAISON,,,2025-12-13,EMAIL,R58137149,,6,7,4,6,5,5,
SAT0008021,GENERALE_MI_SAISON,,,2025-12-13,EMAIL,R58647979,,9,9,6,5,7,10,
SAT0008023,GENERALE_MI_SAISON,,,2025-12-13,EMAIL,R51765704,,8,7,6,7,5,9,Tres bonne organisation
SAT0008024,GENERALE_MI_SAISON,,,2025-12-13,EMAIL,R57531572,,5,9,6,7,5,6,
SAT0008033,GENERALE_MI_SAISON,,,2025-12-13,EMAIL,R59376769,,7,8,7,8,7,7,
SAT0008084,GENERALE_MI_SAISON,,,2025-12-13,EMAIL,R59656709,,5,7,7,8,6,4,
SAT0008093,GENERALE_MI_SAISON,,,2025-12-13,EMAIL,R55963317,,6,9,6,6,8,7,
SAT0008142,GENERALE_MI_SAISON,,,2025-12-13,EMAIL,R51980857,,6,6,7,6,5,8,
SAT0008154,GENERALE_MI_SAISON,,,2025-12-13,EMAIL,R53310598,,5,8,4,7,7,5,
SAT0008172,GENERALE_MI_SAISON,,,2025-12-13,EMAIL,R58513541,,7,8,7,7,5,8,
SAT0008177,GENERALE_MI_SAISON,,,2025-12-13,EMAIL,R57844346,,4,6,5,7,5,4,
SAT0008194,GENERALE_MI_SAISON,,,2025-12-13,EMAIL,R56214992,,5,9,7,5,6,6,
SAT0008201,GENERALE_MI_SAISON,,,2025-12-13,EMAIL,R51910506,,7,8,5,7,8,8,
SAT0008217,GENERALE_MI_SAISON,,,2025-12-13,EMAIL,R53744123,,7,7,4,7,4,7,
SAT0008253,GENERALE_MI_SAISON,,,2025-12-13,EMAIL,R56766893,,7,8,5,9,7,8,
SAT0008256,GENERALE_MI_SAISON,,,2025-12-13,EMAIL,R58658812,,7,7,6,4,8,7,
SAT0008261,GENERALE_MI_SAISON,,,2025-12-13,EMAIL,R54965286,,8,8,5,7,6,8,
SAT0008272,GENERALE_MI_SAISON,,,2025-12-13,EMAIL,R55540280,,7,6,6,6,5,8,
SAT0008302,GENERALE_MI_SAISON,,,2025-12-13,EMAIL,R52484073,,8,5,7,5,5,5,
SAT0008307,GENERALE_MI_SAISON,,,2025-12-13,EMAIL,R57591043,,9,8,7,8,7,9,Bon rapport qualite prix
SAT0008309,GENERALE_MI_SAISON,,,2025-12-13,EMAIL,R55782683,,5,8,4,5,5,5,
SAT0008320,GENERALE_MI_SAISON,,,2025-12-13,EMAIL,R55856377,,4,7,6,7,6,5,
SAT0008325,GENERALE_MI_SAISON,,,2025-12-13,EMAIL,R54473660,,7,9,5,7,5,6,
SAT0008388,GENERALE_MI_SAISON,,,2025-12-13,EMAIL,R53296499,,8,7,7,6,7,9,
SAT0008416,GENERALE_MI_SAISON,,,2025-12-13,EMAIL,R59770660,,8,6,7,8,6,8,
SAT0008447,GENERALE_MI_SAISON,,,2025-12-13,EMAIL,R58143356,,8,6,6,7,8,7,
SAT0008457,GENERALE_MI_SAISON,,,2025-12-13,EMAIL,R57484994,,6,7,7,9,7,7,
SAT0008474,GENERALE_MI_SAISON,,,2025-12-13,EMAIL,R54635971,,7,8,7,6,8,8,
SAT0008481,GENERALE_MI_SAISON,,,2025-12-13,EMAIL,R52309770,,8,6,3,6,7,7,
SAT0008487,GENERALE_MI_SAISON,,,2025-12-13,EMAIL,R56292977,,8,6,7,6,6,10,
SAT0008530,GENERALE_MI_SAISON,,,2025-12-13,EMAIL,R55389894,,7,8,5,7,8,8,
SAT0008538,GENERALE_MI_SAISON,,,2025-12-13,EMAIL,R59272492,,6,7,9,7,7,8,
SAT0008540,GENERALE_MI_SAISON,,,2025-12-13,EMAIL,R59741169,,7,7,6,6,5,8,
SAT0008545,GENERALE_MI_SAISON,,,2025-12-13,EMAIL,R58932287,,6,9,6,7,4,5,
SAT0008559,GENERALE_MI_SAISON,,,2025-12-13,EMAIL,R53830489,,4,9,6,7,7,4,
SAT0008564,GENERALE_MI_SAISON,,,2025-12-13,EMAIL,R58698178,,6,7,9,7,7,8,
SAT0008583,GENERALE_MI_SAISON,,,2025-12-13,EMAIL,R52614699,,8,8,6,6,7,8,Bon rapport qualite prix
SAT0008591,GENERALE_MI_SAISON,,,2025-12-13,EMAIL,R58491396,,8,9,6,8,8,8,
SAT0008602,GENERALE_MI_SAISON,,,2025-12-13,EMAIL,R56396574,,7,8,6,8,7,9,
SAT0008625,GENERALE_MI_SAISON,,,2025-12-13,EMAIL,R56591843,,6,9,5,6,6,6,
SAT0001673,POST_MATCH,M011,2025-12-07,2025-12-14,EMAIL,R54278324,1,8,9,8,6,8,9,"Premiere fois ici, tres agreable surprise"
SAT0001675,POST_MATCH,M011,2025-12-07,2025-12-14,QR_SUR_PLACE,R54679226,1,8,8,6,7,8,9,L'ambiance dans les tribunes vaut le deplacement
SAT0001715,POST_MATCH,M011,2025-12-07,2025-12-14,EMAIL,R52901114,1,7,10,7,7,6,6,Correct dans l'ensemble
SAT0001726,POST_MATCH,M011,2025-12-07,2025-12-14,EMAIL,R53400163,1,7,8,7,6,10,10,
SAT0001751,POST_MATCH,M011,2025-12-07,2025-12-14,EMAIL,R58974306,1,8,10,5,8,6,9,
SAT0001769,POST_MATCH,M011,2025-12-07,2025-12-14,EMAIL,R58447873,1,7,9,6,7,9,9,
SAT0001823,POST_MATCH,M011,2025-12-07,2025-12-14,QR_SUR_PLACE,R57301161,1,8,8,8,9,10,7,
SAT0001886,POST_MATCH,M012,2025-12-09,2025-12-14,EMAIL,R55756669,1,8,7,5,7,9,8,
SAT0001894,POST_MATCH,M012,2025-12-09,2025-12-14,QR_SUR_PLACE,R54555256,1,7,6,8,6,9,8,
SAT0001906,POST_MATCH,M012,2025-12-09,2025-12-14,QR_SUR_PLACE,R56640136,1,8,7,9,7,10,8,
SAT0001912,POST_MATCH,M012,2025-12-09,2025-12-14,EMAIL,R59082328,1,9,9,9,6,10,10,"Premiere fois ici, tres agreable surprise"
SAT0001916,POST_MATCH,M012,2025-12-09,2025-12-14,EMAIL,R53878025,1,7,7,6,8,9,8,
SAT0001919,POST_MATCH,M012,2025-12-09,2025-12-14,EMAIL,R55270148,1,9,7,7,6,9,8,Match intense du debut a la fin
SAT0001923,POST_MATCH,M012,2025-12-09,2025-12-14,EMAIL,R59709494,1,7,7,7,7,9,9,
SAT0001947,POST_MATCH,M012,2025-12-09,2025-12-14,EMAIL,R53096651,1,8,8,7,9,10,9,
SAT0001957,POST_MATCH,M012,2025-12-09,2025-12-14,EMAIL,R52813321,0,6,8,6,6,10,8,
SAT0001964,POST_MATCH,M012,2025-12-09,2025-12-14,SMS,R57218128,0,8,8,6,9,10,10,
SAT0001980,POST_MATCH,M012,2025-12-09,2025-12-14,SMS,R51247920,0,9,10,5,7,9,10,
SAT0001987,POST_MATCH,M013,2025-12-11,2025-12-14,EMAIL,R54597697,1,7,7,6,5,8,8,
SAT0001996,POST_MATCH,M013,2025-12-11,2025-12-14,QR_SUR_PLACE,R59942444,1,8,5,5,5,7,7,
SAT0002001,POST_MATCH,M013,2025-12-11,2025-12-14,SMS,R58196074,1,7,4,4,5,8,7,
SAT0002039,POST_MATCH,M013,2025-12-11,2025-12-14,EMAIL,R51420240,1,8,8,4,5,7,8,Bon rapport qualite prix
SAT0002043,POST_MATCH,M013,2025-12-11,2025-12-14,SMS,R56340178,1,4,8,5,6,5,6,Prix des places trop eleve pour ce niveau de match
SAT0002049,POST_MATCH,M013,2025-12-11,2025-12-14,EMAIL,R53972226,1,7,7,4,6,6,5,
SAT0002050,POST_MATCH,M013,2025-12-11,2025-12-14,EMAIL,R55156542,1,8,7,4,6,8,9,
SAT0002057,POST_MATCH,M013,2025-12-11,2025-12-14,SMS,R53436531,1,7,6,6,7,7,7,
SAT0002060,POST_MATCH,M013,2025-12-11,2025-12-14,EMAIL,R54897310,1,4,6,5,5,8,7,
SAT0002066,POST_MATCH,M013,2025-12-11,2025-12-14,SMS,R58982955,1,7,6,5,6,9,7,
SAT0002073,POST_MATCH,M013,2025-12-11,2025-12-14,EMAIL,R53013628,1,5,7,4,7,7,5,Prix des places trop eleve pour ce niveau de match
SAT0002081,POST_MATCH,M013,2025-12-11,2025-12-14,SMS,R52453413,1,8,5,4,5,8,8,Match intense du debut a la fin
SAT0002116,POST_MATCH,M013,2025-12-11,2025-12-14,SMS,R57504121,1,7,5,6,5,8,5,
SAT0002123,POST_MATCH,M013,2025-12-11,2025-12-14,EMAIL,R51373920,0,5,7,7,4,8,7,File d'attente interminable a l'entree
SAT0002129,POST_MATCH,M013,2025-12-11,2025-12-14,EMAIL,R51715227,0,6,5,2,7,6,7,
SAT0002130,POST_MATCH,M013,2025-12-11,2025-12-14,SMS,R55470465,1,6,7,3,8,7,8,
SAT0002133,POST_MATCH,M013,2025-12-11,2025-12-14,SMS,R56320217,0,7,8,3,5,7,10,
SAT0002144,POST_MATCH,M013,2025-12-11,2025-12-14,EMAIL,R59266429,0,7,10,5,6,7,9,
SAT0002149,POST_MATCH,M013,2025-12-11,2025-12-14,SMS,R53748481,1,5,7,5,4,8,7,File d'attente interminable a l'entree
SAT0002150,POST_MATCH,M013,2025-12-11,2025-12-14,EMAIL,R56576518,0,6,10,5,6,6,8,
SAT0002152,POST_MATCH,M013,2025-12-11,2025-12-14,EMAIL,R58749881,0,7,7,4,5,7,6,
SAT0002157,POST_MATCH,M013,2025-12-11,2025-12-14,EMAIL,R51047258,1,6,7,3,4,6,6,
SAT0002158,POST_MATCH,M013,2025-12-11,2025-12-14,SMS,R52070020,1,7,6,3,5,6,6,Sans plus
SAT0002163,POST_MATCH,M013,2025-12-11,2025-12-14,SMS,R59315948,0,7,6,4,5,5,5,
SAT0002165,POST_MATCH,M013,2025-12-11,2025-12-14,EMAIL,R59169642,0,8,6,4,5,5,6,Bon rapport qualite prix
SAT0002169,POST_MATCH,M013,2025-12-11,2025-12-14,SMS,R58996709,1,5,7,6,6,8,7,Sonorisation trop forte
SAT0007974,GENERALE_MI_SAISON,,,2025-12-14,EMAIL,R51535484,,7,7,5,9,8,8,
SAT0007991,GENERALE_MI_SAISON,,,2025-12-14,EMAIL,R51468399,,5,7,7,6,4,6,
SAT0007994,GENERALE_MI_SAISON,,,2025-12-14,EMAIL,R53067716,,5,7,5,8,8,5,
SAT0008010,GENERALE_MI_SAISON,,,2025-12-14,EMAIL,R52154336,,7,8,8,5,9,8,
SAT0008011,GENERALE_MI_SAISON,,,2025-12-14,EMAIL,R55108115,,8,9,6,5,8,9,
SAT0008027,GENERALE_MI_SAISON,,,2025-12-14,EMAIL,R51105503,,6,7,5,6,7,4,
SAT0008032,GENERALE_MI_SAISON,,,2025-12-14,EMAIL,R55650141,,6,6,8,9,7,7,
SAT0008040,GENERALE_MI_SAISON,,,2025-12-14,EMAIL,R54150609,,8,7,7,9,6,9,
SAT0008048,GENERALE_MI_SAISON,,,2025-12-14,EMAIL,R52853836,,7,8,7,6,8,8,
SAT0008077,GENERALE_MI_SAISON,,,2025-12-14,EMAIL,R55589722,,6,9,4,7,7,5,
SAT0008110,GENERALE_MI_SAISON,,,2025-12-14,EMAIL,R55729697,,7,7,7,6,7,8,
SAT0008117,GENERALE_MI_SAISON,,,2025-12-14,EMAIL,R57343994,,5,6,8,8,6,6,
SAT0008119,GENERALE_MI_SAISON,,,2025-12-14,EMAIL,R59288708,,8,8,7,9,5,7,"Premiere fois ici, tres agreable surprise"
SAT0008132,GENERALE_MI_SAISON,,,2025-12-14,EMAIL,R54467262,,9,4,6,7,7,10,
SAT0008139,GENERALE_MI_SAISON,,,2025-12-14,EMAIL,R59879305,,7,7,6,5,7,6,
SAT0008151,GENERALE_MI_SAISON,,,2025-12-14,EMAIL,R53874970,,4,8,8,7,8,4,
SAT0008159,GENERALE_MI_SAISON,,,2025-12-14,EMAIL,R55358430,,7,8,5,7,7,6,
SAT0008184,GENERALE_MI_SAISON,,,2025-12-14,EMAIL,R52747787,,8,8,7,7,6,10,
SAT0008203,GENERALE_MI_SAISON,,,2025-12-14,EMAIL,R56555207,,6,7,8,9,5,7,
SAT0008220,GENERALE_MI_SAISON,,,2025-12-14,EMAIL,R51713522,,8,8,3,6,9,8,Match intense du debut a la fin
SAT0008222,GENERALE_MI_SAISON,,,2025-12-14,EMAIL,R53893283,,6,8,6,6,7,8,
SAT0008223,GENERALE_MI_SAISON,,,2025-12-14,EMAIL,R59696219,,6,10,5,7,4,5,
SAT0008227,GENERALE_MI_SAISON,,,2025-12-14,EMAIL,R55847795,,6,9,6,6,5,8,
SAT0008236,GENERALE_MI_SAISON,,,2025-12-14,EMAIL,R53225458,,5,8,6,8,6,6,
SAT0008241,GENERALE_MI_SAISON,,,2025-12-14,EMAIL,R55129570,,6,7,5,6,7,5,
SAT0008275,GENERALE_MI_SAISON,,,2025-12-14,EMAIL,R51552514,,6,6,5,7,5,7,
SAT0008283,GENERALE_MI_SAISON,,,2025-12-14,EMAIL,R55048999,,9,6,6,7,8,10,L'ambiance dans les tribunes vaut le deplacement
SAT0008285,GENERALE_MI_SAISON,,,2025-12-14,EMAIL,R51905870,,7,8,7,7,9,8,
SAT0008299,GENERALE_MI_SAISON,,,2025-12-14,EMAIL,R53450841,,5,7,7,8,8,6,
SAT0008331,GENERALE_MI_SAISON,,,2025-12-14,EMAIL,R52191250,,5,9,6,8,6,5,
SAT0008342,GENERALE_MI_SAISON,,,2025-12-14,EMAIL,R58843737,,7,7,5,8,5,9,
SAT0008343,GENERALE_MI_SAISON,,,2025-12-14,EMAIL,R59444812,,8,8,4,5,8,9,
SAT0008356,GENERALE_MI_SAISON,,,2025-12-14,EMAIL,R52376108,,7,7,5,9,6,7,
SAT0008367,GENERALE_MI_SAISON,,,2025-12-14,EMAIL,R58159016,,7,8,5,7,6,7,
SAT0008372,GENERALE_MI_SAISON,,,2025-12-14,EMAIL,R52456478,,6,7,7,7,6,7,
SAT0008407,GENERALE_MI_SAISON,,,2025-12-14,EMAIL,R52515872,,8,8,7,6,5,8,"Super ambiance, on reviendra"
SAT0008408,GENERALE_MI_SAISON,,,2025-12-14,EMAIL,R55179769,,8,9,4,8,7,8,Tres bonne organisation
SAT0008417,GENERALE_MI_SAISON,,,2025-12-14,EMAIL,R59731706,,5,7,6,4,5,6,
SAT0008430,GENERALE_MI_SAISON,,,2025-12-14,EMAIL,R53168928,,7,9,6,8,5,7,
SAT0008440,GENERALE_MI_SAISON,,,2025-12-14,EMAIL,R53882316,,6,7,4,7,7,6,
SAT0008449,GENERALE_MI_SAISON,,,2025-12-14,EMAIL,R52023164,,6,6,6,8,7,5,
SAT0008452,GENERALE_MI_SAISON,,,2025-12-14,EMAIL,R53061576,,7,6,6,6,7,6,
SAT0008453,GENERALE_MI_SAISON,,,2025-12-14,EMAIL,R58537170,,6,10,6,6,4,6,
SAT0008476,GENERALE_MI_SAISON,,,2025-12-14,EMAIL,R57009842,,7,7,7,7,6,7,
SAT0008490,GENERALE_MI_SAISON,,,2025-12-14,EMAIL,R51383939,,7,9,5,7,10,8,
SAT0008499,GENERALE_MI_SAISON,,,2025-12-14,EMAIL,R51679060,,7,6,6,6,5,9,
SAT0008516,GENERALE_MI_SAISON,,,2025-12-14,EMAIL,R57833379,,5,8,7,5,7,5,
SAT0008537,GENERALE_MI_SAISON,,,2025-12-14,EMAIL,R53703943,,7,8,9,7,7,8,
SAT0008594,GENERALE_MI_SAISON,,,2025-12-14,EMAIL,R51108290,,6,8,4,6,8,6,
SAT0008597,GENERALE_MI_SAISON,,,2025-12-14,EMAIL,R51618507,,7,7,6,8,7,6,
SAT0008603,GENERALE_MI_SAISON,,,2025-12-14,EMAIL,R52851595,,7,7,5,7,8,7,
SAT0008608,GENERALE_MI_SAISON,,,2025-12-14,EMAIL,R54369239,,8,8,7,7,6,9,Tres bonne organisation
SAT0008611,GENERALE_MI_SAISON,,,2025-12-14,EMAIL,R54240519,,6,9,7,5,6,8,
SAT0001989,POST_MATCH,M013,2025-12-11,2025-12-15,QR_SUR_PLACE,R56002693,1,5,8,5,5,8,7,Difficile de trouver sa place
SAT0001991,POST_MATCH,M013,2025-12-11,2025-12-15,EMAIL,R56928323,1,7,8,3,6,7,6,
SAT0002012,POST_MATCH,M013,2025-12-11,2025-12-15,EMAIL,R54264359,1,7,6,5,5,6,9,
SAT0002018,POST_MATCH,M013,2025-12-11,2025-12-15,SMS,R57892706,1,5,8,3,5,7,6,Sonorisation trop forte
SAT0002029,POST_MATCH,M013,2025-12-11,2025-12-15,EMAIL,R59578523,1,6,6,4,6,7,6,
SAT0002037,POST_MATCH,M013,2025-12-11,2025-12-15,SMS,R58387531,1,7,7,3,4,6,7,
SAT0002046,POST_MATCH,M013,2025-12-11,2025-12-15,SMS,R51248054,1,8,8,5,5,8,10,"Premiere fois ici, tres agreable surprise"
SAT0002051,POST_MATCH,M013,2025-12-11,2025-12-15,SMS,R55589933,1,6,6,4,4,8,8,
SAT0002053,POST_MATCH,M013,2025-12-11,2025-12-15,EMAIL,R56553569,1,7,5,1,7,7,7,
SAT0002061,POST_MATCH,M013,2025-12-11,2025-12-15,EMAIL,R54946963,1,5,7,3,6,8,7,Prix des places trop eleve pour ce niveau de match
SAT0002064,POST_MATCH,M013,2025-12-11,2025-12-15,SMS,R57067943,1,6,5,7,6,8,6,
SAT0002068,POST_MATCH,M013,2025-12-11,2025-12-15,SMS,R59720394,1,7,6,6,6,8,9,
SAT0002094,POST_MATCH,M013,2025-12-11,2025-12-15,EMAIL,R53594953,1,6,7,3,6,7,7,
SAT0002114,POST_MATCH,M013,2025-12-11,2025-12-15,QR_SUR_PLACE,R56633661,1,7,7,4,5,7,5,
SAT0002131,POST_MATCH,M013,2025-12-11,2025-12-15,EMAIL,R51233131,0,5,6,6,4,6,6,Sonorisation trop forte
SAT0002134,POST_MATCH,M013,2025-12-11,2025-12-15,EMAIL,R51854110,1,8,5,3,5,8,8,Sans plus
SAT0002138,POST_MATCH,M013,2025-12-11,2025-12-15,EMAIL,R54421354,0,8,8,5,4,6,8,
SAT0002160,POST_MATCH,M013,2025-12-11,2025-12-15,EMAIL,R58981595,1,5,8,7,5,7,7,
SAT0002166,POST_MATCH,M013,2025-12-11,2025-12-15,SMS,R53041491,0,6,5,4,6,6,5,
SAT0002172,POST_MATCH,M013,2025-12-11,2025-12-15,SMS,R52738803,1,5,7,5,3,6,6,
SAT0007970,GENERALE_MI_SAISON,,,2025-12-15,EMAIL,R58662969,,5,9,5,6,6,5,
SAT0007973,GENERALE_MI_SAISON,,,2025-12-15,EMAIL,R52646240,,7,9,9,7,10,8,
SAT0007976,GENERALE_MI_SAISON,,,2025-12-15,EMAIL,R57585449,,5,8,6,6,7,4,
SAT0007983,GENERALE_MI_SAISON,,,2025-12-15,EMAIL,R55249172,,8,7,5,6,6,9,"Super ambiance, on reviendra"
SAT0007997,GENERALE_MI_SAISON,,,2025-12-15,EMAIL,R52935375,,6,7,5,8,7,5,
SAT0008006,GENERALE_MI_SAISON,,,2025-12-15,EMAIL,R55606283,,5,9,6,5,5,5,
SAT0008009,GENERALE_MI_SAISON,,,2025-12-15,EMAIL,R59971312,,7,8,5,5,5,5,
SAT0008013,GENERALE_MI_SAISON,,,2025-12-15,EMAIL,R59440119,,7,10,6,8,7,8,
SAT0008017,GENERALE_MI_SAISON,,,2025-12-15,EMAIL,R51473849,,8,9,5,7,7,10,Match intense du debut a la fin
SAT0008049,GENERALE_MI_SAISON,,,2025-12-15,EMAIL,R52107078,,7,6,8,7,7,7,
SAT0008103,GENERALE_MI_SAISON,,,2025-12-15,EMAIL,R57271181,,7,8,6,9,9,8,
SAT0008108,GENERALE_MI_SAISON,,,2025-12-15,EMAIL,R52304454,,7,7,6,7,9,8,
SAT0008124,GENERALE_MI_SAISON,,,2025-12-15,EMAIL,R53122407,,5,6,6,8,6,5,
SAT0008128,GENERALE_MI_SAISON,,,2025-12-15,EMAIL,R51313645,,10,7,5,7,8,10,
SAT0008150,GENERALE_MI_SAISON,,,2025-12-15,EMAIL,R59603455,,7,7,7,9,5,7,
SAT0008163,GENERALE_MI_SAISON,,,2025-12-15,EMAIL,R59658682,,9,8,5,8,6,10,
SAT0008173,GENERALE_MI_SAISON,,,2025-12-15,EMAIL,R59427524,,6,8,7,7,6,6,
SAT0008174,GENERALE_MI_SAISON,,,2025-12-15,EMAIL,R52880272,,8,8,6,6,6,8,
SAT0008181,GENERALE_MI_SAISON,,,2025-12-15,EMAIL,R51093578,,7,8,8,8,6,7,
SAT0008188,GENERALE_MI_SAISON,,,2025-12-15,EMAIL,R53893973,,7,6,6,6,8,8,
SAT0008224,GENERALE_MI_SAISON,,,2025-12-15,EMAIL,R56904071,,7,8,6,7,6,8,
SAT0008276,GENERALE_MI_SAISON,,,2025-12-15,EMAIL,R53780089,,8,8,6,7,6,8,
SAT0008294,GENERALE_MI_SAISON,,,2025-12-15,EMAIL,R51913983,,7,9,5,7,6,8,
SAT0008306,GENERALE_MI_SAISON,,,2025-12-15,EMAIL,R56582658,,6,7,7,6,5,6,
SAT0008313,GENERALE_MI_SAISON,,,2025-12-15,EMAIL,R52034332,,7,7,5,6,7,7,
SAT0008317,GENERALE_MI_SAISON,,,2025-12-15,EMAIL,R56153491,,7,8,5,8,5,8,
SAT0008332,GENERALE_MI_SAISON,,,2025-12-15,EMAIL,R58008285,,6,9,6,6,8,9,
SAT0008337,GENERALE_MI_SAISON,,,2025-12-15,EMAIL,R59127901,,3,8,5,8,8,5,
SAT0008354,GENERALE_MI_SAISON,,,2025-12-15,EMAIL,R52769242,,4,7,7,9,8,4,
SAT0008364,GENERALE_MI_SAISON,,,2025-12-15,EMAIL,R53383612,,8,7,5,6,6,9,
SAT0008370,GENERALE_MI_SAISON,,,2025-12-15,EMAIL,R58843536,,7,6,7,7,7,8,
SAT0008380,GENERALE_MI_SAISON,,,2025-12-15,EMAIL,R51537045,,8,7,6,8,8,9,L'ambiance dans les tribunes vaut le deplacement
SAT0008389,GENERALE_MI_SAISON,,,2025-12-15,EMAIL,R51229865,,7,7,7,8,7,6,
SAT0008401,GENERALE_MI_SAISON,,,2025-12-15,EMAIL,R59156846,,8,8,7,5,7,8,Bon rapport qualite prix
SAT0008413,GENERALE_MI_SAISON,,,2025-12-15,EMAIL,R53872106,,7,7,7,7,4,7,
SAT0008421,GENERALE_MI_SAISON,,,2025-12-15,EMAIL,R57915176,,8,9,5,6,4,10,"Super ambiance, on reviendra"
SAT0008433,GENERALE_MI_SAISON,,,2025-12-15,EMAIL,R52827966,,7,7,5,7,6,8,
SAT0008436,GENERALE_MI_SAISON,,,2025-12-15,EMAIL,R58333309,,7,6,8,8,6,8,
SAT0008442,GENERALE_MI_SAISON,,,2025-12-15,EMAIL,R55746593,,7,9,7,9,7,8,
SAT0008464,GENERALE_MI_SAISON,,,2025-12-15,EMAIL,R58808528,,8,7,5,8,6,9,
SAT0008467,GENERALE_MI_SAISON,,,2025-12-15,EMAIL,R56084892,,7,8,5,7,6,8,
SAT0008478,GENERALE_MI_SAISON,,,2025-12-15,EMAIL,R58318607,,7,7,5,6,8,7,
SAT0008479,GENERALE_MI_SAISON,,,2025-12-15,EMAIL,R55920129,,6,6,7,5,5,6,
SAT0008484,GENERALE_MI_SAISON,,,2025-12-15,EMAIL,R54306100,,7,8,7,6,6,6,
SAT0008504,GENERALE_MI_SAISON,,,2025-12-15,EMAIL,R53189971,,5,6,5,7,8,4,
SAT0008533,GENERALE_MI_SAISON,,,2025-12-15,EMAIL,R55966583,,7,6,8,7,5,7,
SAT0008547,GENERALE_MI_SAISON,,,2025-12-15,EMAIL,R51440871,,9,8,7,7,6,9,"Super ambiance, on reviendra"
SAT0008554,GENERALE_MI_SAISON,,,2025-12-15,EMAIL,R55352568,,8,9,7,6,7,9,
SAT0008567,GENERALE_MI_SAISON,,,2025-12-15,EMAIL,R59740154,,8,7,6,6,10,7,
SAT0008574,GENERALE_MI_SAISON,,,2025-12-15,EMAIL,R54533945,,7,7,7,8,8,6,
SAT0008577,GENERALE_MI_SAISON,,,2025-12-15,EMAIL,R59240961,,8,8,7,6,4,8,
SAT0008596,GENERALE_MI_SAISON,,,2025-12-15,EMAIL,R57964628,,5,7,7,6,10,7,
SAT0008598,GENERALE_MI_SAISON,,,2025-12-15,EMAIL,R56432540,,7,7,7,8,5,7,
SAT0008610,GENERALE_MI_SAISON,,,2025-12-15,EMAIL,R53205631,,5,7,6,9,6,6,
SAT0008613,GENERALE_MI_SAISON,,,2025-12-15,EMAIL,R58430910,,7,7,6,5,6,7,
SAT0008618,GENERALE_MI_SAISON,,,2025-12-15,EMAIL,R52589231,,8,8,7,8,7,9,
SAT0008619,GENERALE_MI_SAISON,,,2025-12-15,EMAIL,R58861303,,7,6,6,9,7,6,
SAT0001839,POST_MATCH,M012,2025-12-09,2025-12-16,SMS,R51757122,1,9,6,7,4,8,7,
SAT0001860,POST_MATCH,M012,2025-12-09,2025-12-16,EMAIL,R51630978,1,10,8,7,9,10,9,L'ambiance dans les tribunes vaut le deplacement
SAT0001921,POST_MATCH,M012,2025-12-09,2025-12-16,QR_SUR_PLACE,R56658593,1,10,6,8,8,9,9,
SAT0001936,POST_MATCH,M012,2025-12-09,2025-12-16,EMAIL,R51317045,1,8,8,8,9,10,9,Tres bonne organisation
SAT0001950,POST_MATCH,M012,2025-12-09,2025-12-16,EMAIL,R54166336,1,8,5,8,8,8,8,
SAT0001974,POST_MATCH,M012,2025-12-09,2025-12-16,QR_SUR_PLACE,R58701655,1,9,9,7,9,9,7,Match intense du debut a la fin
SAT0001993,POST_MATCH,M013,2025-12-11,2025-12-16,EMAIL,R58998424,1,4,7,5,5,7,5,Trop d'attente aux buvettes
SAT0002000,POST_MATCH,M013,2025-12-11,2025-12-16,EMAIL,R57745519,1,8,7,4,5,5,6,
SAT0002011,POST_MATCH,M013,2025-12-11,2025-12-16,SMS,R54000769,1,7,6,4,6,5,7,
SAT0002014,POST_MATCH,M013,2025-12-11,2025-12-16,QR_SUR_PLACE,R56231476,1,3,9,4,5,6,7,File d'attente interminable a l'entree
SAT0002028,POST_MATCH,M013,2025-12-11,2025-12-16,SMS,R59245051,1,5,7,5,6,8,5,
SAT0002032,POST_MATCH,M013,2025-12-11,2025-12-16,QR_SUR_PLACE,R51671503,1,5,6,6,6,6,7,
SAT0002036,POST_MATCH,M013,2025-12-11,2025-12-16,EMAIL,R56409380,1,6,6,5,3,7,6,
SAT0002075,POST_MATCH,M013,2025-12-11,2025-12-16,EMAIL,R53881636,1,6,6,4,5,7,8,
SAT0002096,POST_MATCH,M013,2025-12-11,2025-12-16,EMAIL,R56301961,1,7,6,4,4,7,6,
SAT0002098,POST_MATCH,M013,2025-12-11,2025-12-16,EMAIL,R57075567,1,6,7,2,8,7,7,
SAT0002110,POST_MATCH,M013,2025-12-11,2025-12-16,QR_SUR_PLACE,R55893770,1,7,6,4,6,6,6,
SAT0002112,POST_MATCH,M013,2025-12-11,2025-12-16,SMS,R56256053,1,7,8,2,4,8,7,
SAT0002125,POST_MATCH,M013,2025-12-11,2025-12-16,QR_SUR_PLACE,R56932336,0,5,6,3,5,7,6,
SAT0002135,POST_MATCH,M013,2025-12-11,2025-12-16,SMS,R57675704,0,6,7,5,4,5,7,
SAT0002142,POST_MATCH,M013,2025-12-11,2025-12-16,EMAIL,R53652575,0,6,7,4,6,5,5,
SAT0007959,GENERALE_MI_SAISON,,,2025-12-16,EMAIL,R54168386,,7,8,8,6,8,9,
SAT0007964,GENERALE_MI_SAISON,,,2025-12-16,EMAIL,R52963841,,6,7,6,5,6,6,
SAT0007972,GENERALE_MI_SAISON,,,2025-12-16,EMAIL,R54138828,,7,9,8,6,6,8,
SAT0007978,GENERALE_MI_SAISON,,,2025-12-16,EMAIL,R53281710,,6,6,5,7,5,5,
SAT0007980,GENERALE_MI_SAISON,,,2025-12-16,EMAIL,R53988576,,5,7,5,7,6,4,
SAT0007996,GENERALE_MI_SAISON,,,2025-12-16,EMAIL,R59244974,,7,7,5,8,6,8,
SAT0008016,GENERALE_MI_SAISON,,,2025-12-16,EMAIL,R56118128,,8,8,7,6,9,10,
SAT0008022,GENERALE_MI_SAISON,,,2025-12-16,EMAIL,R52880741,,8,8,7,8,8,9,Tres bonne organisation
SAT0008037,GENERALE_MI_SAISON,,,2025-12-16,EMAIL,R57498480,,6,7,7,8,7,7,
SAT0008038,GENERALE_MI_SAISON,,,2025-12-16,EMAIL,R53694326,,8,7,6,6,6,9,"Premiere fois ici, tres agreable surprise"
SAT0008045,GENERALE_MI_SAISON,,,2025-12-16,EMAIL,R52680846,,8,6,6,7,5,10,
SAT0008046,GENERALE_MI_SAISON,,,2025-12-16,EMAIL,R55934784,,4,7,5,5,5,5,
SAT0008079,GENERALE_MI_SAISON,,,2025-12-16,EMAIL,R52467177,,8,6,5,5,8,7,
SAT0008089,GENERALE_MI_SAISON,,,2025-12-16,EMAIL,R58580971,,6,9,6,7,5,8,
SAT0008102,GENERALE_MI_SAISON,,,2025-12-16,EMAIL,R54777440,,9,6,5,5,6,10,Match intense du debut a la fin
SAT0008105,GENERALE_MI_SAISON,,,2025-12-16,EMAIL,R54922721,,8,6,4,8,7,9,
SAT0008141,GENERALE_MI_SAISON,,,2025-12-16,EMAIL,R52214487,,8,6,5,6,7,9,Tres bonne organisation
SAT0008156,GENERALE_MI_SAISON,,,2025-12-16,EMAIL,R58976011,,7,8,7,9,8,5,
SAT0008161,GENERALE_MI_SAISON,,,2025-12-16,EMAIL,R55556553,,9,6,8,6,5,9,Tres bonne organisation
SAT0008186,GENERALE_MI_SAISON,,,2025-12-16,EMAIL,R58031033,,7,6,7,7,6,8,
SAT0008199,GENERALE_MI_SAISON,,,2025-12-16,EMAIL,R53170690,,7,8,5,7,6,5,
SAT0008234,GENERALE_MI_SAISON,,,2025-12-16,EMAIL,R54651765,,7,6,8,6,7,8,
SAT0008248,GENERALE_MI_SAISON,,,2025-12-16,EMAIL,R51030650,,6,5,7,8,7,7,
SAT0008254,GENERALE_MI_SAISON,,,2025-12-16,EMAIL,R58688916,,9,7,7,8,8,10,Tres bonne organisation
SAT0008260,GENERALE_MI_SAISON,,,2025-12-16,EMAIL,R56799449,,8,8,8,6,6,8,
SAT0008326,GENERALE_MI_SAISON,,,2025-12-16,EMAIL,R57253069,,6,9,5,7,6,6,
SAT0008336,GENERALE_MI_SAISON,,,2025-12-16,EMAIL,R51510686,,8,7,5,5,8,8,L'ambiance dans les tribunes vaut le deplacement
SAT0008348,GENERALE_MI_SAISON,,,2025-12-16,EMAIL,R56193460,,7,5,7,6,6,7,
SAT0008369,GENERALE_MI_SAISON,,,2025-12-16,EMAIL,R59965182,,7,7,6,7,5,7,
SAT0008374,GENERALE_MI_SAISON,,,2025-12-16,EMAIL,R55954323,,6,6,8,9,8,7,
SAT0008393,GENERALE_MI_SAISON,,,2025-12-16,EMAIL,R53615671,,7,8,8,5,6,8,
SAT0008424,GENERALE_MI_SAISON,,,2025-12-16,EMAIL,R54297183,,7,7,4,7,8,8,
SAT0008462,GENERALE_MI_SAISON,,,2025-12-16,EMAIL,R56120523,,9,6,4,7,6,8,"Super ambiance, on reviendra"
SAT0008463,GENERALE_MI_SAISON,,,2025-12-16,EMAIL,R53638543,,7,7,6,6,7,7,
SAT0008469,GENERALE_MI_SAISON,,,2025-12-16,EMAIL,R55335270,,6,5,4,8,5,6,
SAT0008506,GENERALE_MI_SAISON,,,2025-12-16,EMAIL,R55582510,,5,6,4,6,4,6,
SAT0008514,GENERALE_MI_SAISON,,,2025-12-16,EMAIL,R51440057,,5,8,5,8,6,6,
SAT0008519,GENERALE_MI_SAISON,,,2025-12-16,EMAIL,R59734024,,8,9,6,8,7,7,
SAT0008526,GENERALE_MI_SAISON,,,2025-12-16,EMAIL,R56981108,,7,5,6,7,7,8,
SAT0008527,GENERALE_MI_SAISON,,,2025-12-16,EMAIL,R51213793,,8,8,8,8,7,9,
SAT0008531,GENERALE_MI_SAISON,,,2025-12-16,EMAIL,R56420481,,7,7,6,8,3,7,
SAT0008548,GENERALE_MI_SAISON,,,2025-12-16,EMAIL,R53483186,,5,4,7,6,8,6,
SAT0008550,GENERALE_MI_SAISON,,,2025-12-16,EMAIL,R55656683,,5,7,5,6,7,5,
SAT0008566,GENERALE_MI_SAISON,,,2025-12-16,EMAIL,R59258403,,8,7,7,8,4,10,
SAT0008600,GENERALE_MI_SAISON,,,2025-12-16,EMAIL,R55424634,,7,8,6,9,7,7,
SAT0008623,GENERALE_MI_SAISON,,,2025-12-16,EMAIL,R51863094,,7,7,6,7,8,7,
SAT0002179,POST_MATCH,M014,2025-12-16,2025-12-17,SMS,R56928323,1,6,6,5,5,6,6,
SAT0002180,POST_MATCH,M014,2025-12-16,2025-12-17,SMS,R57236049,1,5,7,5,7,6,6,Sonorisation trop forte
SAT0002185,POST_MATCH,M014,2025-12-16,2025-12-17,QR_SUR_PLACE,R56357687,1,6,9,5,6,7,7,
SAT0002187,POST_MATCH,M014,2025-12-16,2025-12-17,SMS,R57502158,1,8,6,4,3,7,7,
SAT0002188,POST_MATCH,M014,2025-12-16,2025-12-17,SMS,R58576747,1,8,7,7,4,6,6,
SAT0002190,POST_MATCH,M014,2025-12-16,2025-12-17,EMAIL,R51111700,1,7,6,4,4,6,7,
SAT0002192,POST_MATCH,M014,2025-12-16,2025-12-17,SMS,R51372838,1,5,5,4,5,8,7,
SAT0002195,POST_MATCH,M014,2025-12-16,2025-12-17,EMAIL,R55600086,1,4,7,4,6,6,5,Prix des places trop eleve pour ce niveau de match
SAT0002196,POST_MATCH,M014,2025-12-16,2025-12-17,QR_SUR_PLACE,R55902295,1,6,6,3,8,5,6,
SAT0002200,POST_MATCH,M014,2025-12-16,2025-12-17,EMAIL,R58237825,1,6,6,5,6,5,5,
SAT0002202,POST_MATCH,M014,2025-12-16,2025-12-17,QR_SUR_PLACE,R59894151,1,5,8,5,6,8,7,
SAT0002204,POST_MATCH,M014,2025-12-16,2025-12-17,EMAIL,R51390069,1,6,6,4,5,6,7,
SAT0002205,POST_MATCH,M014,2025-12-16,2025-12-17,EMAIL,R52280145,1,7,8,6,5,5,8,
SAT0002206,POST_MATCH,M014,2025-12-16,2025-12-17,EMAIL,R53103404,1,7,8,5,6,6,10,
SAT0002211,POST_MATCH,M014,2025-12-16,2025-12-17,EMAIL,R57238702,1,6,6,4,5,9,7,
SAT0002212,POST_MATCH,M014,2025-12-16,2025-12-17,EMAIL,R51604073,1,6,6,4,6,6,5,
SAT0002213,POST_MATCH,M014,2025-12-16,2025-12-17,SMS,R51718704,1,6,7,4,5,7,6,
SAT0002214,POST_MATCH,M014,2025-12-16,2025-12-17,EMAIL,R53726279,1,5,5,2,5,7,6,Trop d'attente aux buvettes
SAT0002218,POST_MATCH,M014,2025-12-16,2025-12-17,SMS,R57758593,1,7,6,6,6,5,7,
SAT0002221,POST_MATCH,M014,2025-12-16,2025-12-17,SMS,R59219985,1,7,6,5,6,8,9,
SAT0002222,POST_MATCH,M014,2025-12-16,2025-12-17,EMAIL,R59837276,1,6,7,7,5,5,5,
SAT0002223,POST_MATCH,M014,2025-12-16,2025-12-17,QR_SUR_PLACE,R59996656,1,6,8,3,6,6,6,
SAT0002226,POST_MATCH,M014,2025-12-16,2025-12-17,EMAIL,R53552254,1,7,8,3,3,8,7,
SAT0002227,POST_MATCH,M014,2025-12-16,2025-12-17,EMAIL,R53803584,1,6,6,3,5,5,6,
SAT0002228,POST_MATCH,M014,2025-12-16,2025-12-17,EMAIL,R54137669,1,7,6,3,6,7,7,
SAT0002230,POST_MATCH,M014,2025-12-16,2025-12-17,QR_SUR_PLACE,R55066364,1,7,7,4,6,7,6,
SAT0002231,POST_MATCH,M014,2025-12-16,2025-12-17,EMAIL,R55983412,1,7,7,5,4,5,7,
SAT0002241,POST_MATCH,M014,2025-12-16,2025-12-17,QR_SUR_PLACE,R51232796,1,6,7,5,6,7,9,
SAT0002243,POST_MATCH,M014,2025-12-16,2025-12-17,EMAIL,R52323936,1,8,5,4,6,6,7,Bon rapport qualite prix
SAT0002245,POST_MATCH,M014,2025-12-16,2025-12-17,QR_SUR_PLACE,R52703996,1,7,7,4,7,6,6,
SAT0002251,POST_MATCH,M014,2025-12-16,2025-12-17,EMAIL,R51142752,1,8,7,6,2,8,10,"Premiere fois ici, tres agreable surprise"
SAT0002254,POST_MATCH,M014,2025-12-16,2025-12-17,EMAIL,R52019342,1,7,5,5,6,8,7,
SAT0002255,POST_MATCH,M014,2025-12-16,2025-12-17,EMAIL,R52992786,1,6,7,5,5,7,7,
SAT0002256,POST_MATCH,M014,2025-12-16,2025-12-17,SMS,R54167907,1,8,7,5,6,6,8,
SAT0002261,POST_MATCH,M014,2025-12-16,2025-12-17,EMAIL,R59209219,1,6,7,6,6,8,7,Sans plus
SAT0002262,POST_MATCH,M014,2025-12-16,2025-12-17,EMAIL,R59260098,1,7,8,3,4,8,8,Sans plus
SAT0002263,POST_MATCH,M014,2025-12-16,2025-12-17,SMS,R53878025,1,7,5,4,5,8,6,Rien a signaler
SAT0002264,POST_MATCH,M014,2025-12-16,2025-12-17,EMAIL,R54399075,1,6,7,1,6,4,8,
SAT0002265,POST_MATCH,M014,2025-12-16,2025-12-17,EMAIL,R55151226,1,5,5,4,7,6,6,
SAT0002266,POST_MATCH,M014,2025-12-16,2025-12-17,SMS,R55165938,1,5,5,2,5,6,6,Trop d'attente aux buvettes
SAT0002267,POST_MATCH,M014,2025-12-16,2025-12-17,EMAIL,R56383969,1,5,6,4,5,6,6,Prix des places trop eleve pour ce niveau de match
SAT0002268,POST_MATCH,M014,2025-12-16,2025-12-17,EMAIL,R57548669,1,8,4,5,5,6,5,
SAT0002270,POST_MATCH,M014,2025-12-16,2025-12-17,EMAIL,R59205608,1,7,6,6,7,6,7,
SAT0002271,POST_MATCH,M014,2025-12-16,2025-12-17,EMAIL,R59709494,1,6,7,5,4,4,7,
SAT0002273,POST_MATCH,M014,2025-12-16,2025-12-17,EMAIL,R51580568,1,6,5,7,7,7,6,
SAT0002274,POST_MATCH,M014,2025-12-16,2025-12-17,EMAIL,R51765081,1,7,5,4,6,7,8,
SAT0002275,POST_MATCH,M014,2025-12-16,2025-12-17,SMS,R52285518,1,7,7,3,5,7,7,
SAT0002279,POST_MATCH,M014,2025-12-16,2025-12-17,EMAIL,R55074668,1,4,6,4,8,6,6,Trop d'attente aux buvettes
SAT0002280,POST_MATCH,M014,2025-12-16,2025-12-17,EMAIL,R55863599,1,5,6,4,4,6,6,
SAT0002287,POST_MATCH,M014,2025-12-16,2025-12-17,SMS,R53081872,1,7,7,5,5,8,7,
SAT0002289,POST_MATCH,M014,2025-12-16,2025-12-17,EMAIL,R55684670,1,6,6,4,3,6,4,
SAT0002290,POST_MATCH,M014,2025-12-16,2025-12-17,EMAIL,R56317286,1,6,6,3,6,8,7,
SAT0002291,POST_MATCH,M014,2025-12-16,2025-12-17,EMAIL,R57018558,1,7,6,4,6,6,8,
SAT0002293,POST_MATCH,M014,2025-12-16,2025-12-17,EMAIL,R58795032,1,7,7,4,7,8,8,Correct dans l'ensemble
SAT0002298,POST_MATCH,M014,2025-12-16,2025-12-17,EMAIL,R55896222,1,5,6,4,4,7,7,
SAT0002304,POST_MATCH,M014,2025-12-16,2025-12-17,QR_SUR_PLACE,R58461905,1,5,7,4,6,4,5,Sans plus
SAT0002305,POST_MATCH,M014,2025-12-16,2025-12-17,SMS,R59289790,0,6,8,6,5,6,7,Sans plus
SAT0002306,POST_MATCH,M014,2025-12-16,2025-12-17,EMAIL,R52500691,1,7,6,5,5,5,8,
SAT0002307,POST_MATCH,M014,2025-12-16,2025-12-17,QR_SUR_PLACE,R51509738,0,7,7,7,5,6,8,
SAT0002309,POST_MATCH,M014,2025-12-16,2025-12-17,SMS,R58000795,1,6,6,6,3,6,6,
SAT0002316,POST_MATCH,M014,2025-12-16,2025-12-17,SMS,R54221315,0,9,8,5,6,6,8,Bon rapport qualite prix
SAT0002317,POST_MATCH,M014,2025-12-16,2025-12-17,EMAIL,R56007999,0,8,10,4,6,4,6,
SAT0002323,POST_MATCH,M014,2025-12-16,2025-12-17,EMAIL,R57616789,1,6,8,4,8,6,7,
SAT0002324,POST_MATCH,M014,2025-12-16,2025-12-17,EMAIL,R59045816,0,7,8,5,4,6,6,Sans plus
SAT0002327,POST_MATCH,M014,2025-12-16,2025-12-17,EMAIL,R58572858,0,5,9,5,3,6,6,Sans plus
SAT0002328,POST_MATCH,M014,2025-12-16,2025-12-17,EMAIL,R52385715,1,4,8,4,5,6,5,
SAT0002332,POST_MATCH,M014,2025-12-16,2025-12-17,EMAIL,R54866459,1,6,8,5,5,7,6,
SAT0002337,POST_MATCH,M014,2025-12-16,2025-12-17,EMAIL,R51529220,0,7,6,3,5,4,8,
SAT0002342,POST_MATCH,M014,2025-12-16,2025-12-17,EMAIL,R59921803,0,8,10,5,6,6,8,"Super ambiance, on reviendra"
SAT0002343,POST_MATCH,M014,2025-12-16,2025-12-17,SMS,R54364278,0,6,9,5,6,5,7,
SAT0002347,POST_MATCH,M014,2025-12-16,2025-12-17,SMS,R57027418,1,5,8,6,5,6,7,
SAT0002348,POST_MATCH,M014,2025-12-16,2025-12-17,EMAIL,R55157289,0,5,8,4,4,6,8,
SAT0002350,POST_MATCH,M014,2025-12-16,2025-12-17,QR_SUR_PLACE,R54686917,1,6,7,3,4,7,7,
SAT0002351,POST_MATCH,M014,2025-12-16,2025-12-17,EMAIL,R59227274,1,6,6,5,7,5,6,
SAT0002352,POST_MATCH,M014,2025-12-16,2025-12-17,EMAIL,R55905695,1,7,8,5,5,6,6,
SAT0002355,POST_MATCH,M014,2025-12-16,2025-12-17,EMAIL,R56786509,1,4,6,3,5,7,7,
SAT0002359,POST_MATCH,M014,2025-12-16,2025-12-17,EMAIL,R58837741,1,6,6,2,7,9,8,
SAT0002360,POST_MATCH,M014,2025-12-16,2025-12-17,EMAIL,R56905498,1,7,5,4,5,8,7,
SAT0002361,POST_MATCH,M014,2025-12-16,2025-12-17,EMAIL,R59016881,0,8,8,4,5,7,7,"Super ambiance, on reviendra"
SAT0002362,POST_MATCH,M014,2025-12-16,2025-12-17,EMAIL,R59496170,1,5,6,2,6,8,8,Prix des places trop eleve pour ce niveau de match
SAT0002367,POST_MATCH,M014,2025-12-16,2025-12-17,EMAIL,R51351919,1,7,8,4,6,6,7,Rien a signaler
SAT0002369,POST_MATCH,M014,2025-12-16,2025-12-17,EMAIL,R51972352,1,4,5,3,7,7,4,
SAT0007993,GENERALE_MI_SAISON,,,2025-12-17,EMAIL,R55533259,,6,7,6,7,6,6,
SAT0007998,GENERALE_MI_SAISON,,,2025-12-17,EMAIL,R56500640,,6,8,6,6,6,7,
SAT0007999,GENERALE_MI_SAISON,,,2025-12-17,EMAIL,R59935825,,6,5,6,7,6,8,
SAT0008020,GENERALE_MI_SAISON,,,2025-12-17,EMAIL,R57388274,,8,9,7,8,7,8,
SAT0008047,GENERALE_MI_SAISON,,,2025-12-17,EMAIL,R53518951,,7,7,6,9,6,8,
SAT0008052,GENERALE_MI_SAISON,,,2025-12-17,EMAIL,R57002007,,7,6,9,7,6,7,
SAT0008058,GENERALE_MI_SAISON,,,2025-12-17,EMAIL,R58008898,,8,8,8,6,7,8,
SAT0008066,GENERALE_MI_SAISON,,,2025-12-17,EMAIL,R52623894,,8,9,5,8,6,9,
SAT0008072,GENERALE_MI_SAISON,,,2025-12-17,EMAIL,R53964468,,6,8,7,8,3,9,
SAT0008091,GENERALE_MI_SAISON,,,2025-12-17,EMAIL,R51282593,,6,8,5,5,7,6,
SAT0008104,GENERALE_MI_SAISON,,,2025-12-17,EMAIL,R56492815,,6,9,8,7,7,6,
SAT0008144,GENERALE_MI_SAISON,,,2025-12-17,EMAIL,R51911454,,5,5,5,7,6,7,
SAT0008166,GENERALE_MI_SAISON,,,2025-12-17,EMAIL,R54147812,,7,8,6,5,5,8,
SAT0008208,GENERALE_MI_SAISON,,,2025-12-17,EMAIL,R52753917,,6,8,4,6,7,6,
SAT0008214,GENERALE_MI_SAISON,,,2025-12-17,EMAIL,R58187348,,8,7,5,7,7,7,
SAT0008216,GENERALE_MI_SAISON,,,2025-12-17,EMAIL,R55113843,,6,8,7,5,7,5,
SAT0008240,GENERALE_MI_SAISON,,,2025-12-17,EMAIL,R57798294,,8,8,4,8,8,7,Match intense du debut a la fin
SAT0008242,GENERALE_MI_SAISON,,,2025-12-17,EMAIL,R56497786,,6,10,6,5,7,8,
SAT0008255,GENERALE_MI_SAISON,,,2025-12-17,EMAIL,R52929992,,6,7,6,7,7,6,
SAT0008259,GENERALE_MI_SAISON,,,2025-12-17,EMAIL,R52872025,,7,8,5,7,6,8,
SAT0008262,GENERALE_MI_SAISON,,,2025-12-17,EMAIL,R54450778,,8,6,7,8,6,8,
SAT0008263,GENERALE_MI_SAISON,,,2025-12-17,EMAIL,R56994594,,8,8,6,8,7,9,"Super ambiance, on reviendra"
SAT0008279,GENERALE_MI_SAISON,,,2025-12-17,EMAIL,R53900773,,7,8,8,6,7,7,
SAT0008282,GENERALE_MI_SAISON,,,2025-12-17,EMAIL,R51092007,,5,7,6,7,6,3,
SAT0008290,GENERALE_MI_SAISON,,,2025-12-17,EMAIL,R59989702,,6,7,6,7,5,5,
SAT0008324,GENERALE_MI_SAISON,,,2025-12-17,EMAIL,R59231287,,8,7,7,5,8,8,"Premiere fois ici, tres agreable surprise"
SAT0008330,GENERALE_MI_SAISON,,,2025-12-17,EMAIL,R53330415,,7,8,6,8,6,7,
SAT0008368,GENERALE_MI_SAISON,,,2025-12-17,EMAIL,R57616722,,7,7,4,7,6,9,
SAT0008392,GENERALE_MI_SAISON,,,2025-12-17,EMAIL,R56068964,,6,8,6,6,6,6,
SAT0008402,GENERALE_MI_SAISON,,,2025-12-17,EMAIL,R52854660,,6,7,5,5,6,7,
SAT0008418,GENERALE_MI_SAISON,,,2025-12-17,EMAIL,R57287598,,7,5,5,5,7,8,
SAT0008419,GENERALE_MI_SAISON,,,2025-12-17,EMAIL,R51237355,,6,6,8,6,6,7,
SAT0008423,GENERALE_MI_SAISON,,,2025-12-17,EMAIL,R56613844,,7,8,7,7,6,7,
SAT0008441,GENERALE_MI_SAISON,,,2025-12-17,EMAIL,R57654115,,6,9,7,7,7,6,
SAT0008450,GENERALE_MI_SAISON,,,2025-12-17,EMAIL,R52446814,,6,7,8,7,7,6,
SAT0008455,GENERALE_MI_SAISON,,,2025-12-17,EMAIL,R53973854,,7,8,6,8,7,7,
SAT0008492,GENERALE_MI_SAISON,,,2025-12-17,EMAIL,R54932117,,8,7,5,6,7,9,
SAT0008496,GENERALE_MI_SAISON,,,2025-12-17,EMAIL,R55182566,,4,6,8,7,4,6,
SAT0008523,GENERALE_MI_SAISON,,,2025-12-17,EMAIL,R55234048,,7,6,5,8,7,8,
SAT0008524,GENERALE_MI_SAISON,,,2025-12-17,EMAIL,R57596483,,5,7,5,5,6,7,
SAT0008551,GENERALE_MI_SAISON,,,2025-12-17,EMAIL,R52878969,,7,7,7,7,6,9,
SAT0008555,GENERALE_MI_SAISON,,,2025-12-17,EMAIL,R51658429,,6,6,5,8,5,8,
SAT0008560,GENERALE_MI_SAISON,,,2025-12-17,EMAIL,R55889556,,6,6,5,8,9,7,
SAT0008561,GENERALE_MI_SAISON,,,2025-12-17,EMAIL,R56433153,,7,8,6,6,6,8,
SAT0008562,GENERALE_MI_SAISON,,,2025-12-17,EMAIL,R58921923,,7,7,5,6,8,9,
SAT0008578,GENERALE_MI_SAISON,,,2025-12-17,EMAIL,R54698152,,9,6,7,7,7,9,
SAT0008586,GENERALE_MI_SAISON,,,2025-12-17,EMAIL,R55319399,,8,8,7,6,6,7,
SAT0008612,GENERALE_MI_SAISON,,,2025-12-17,EMAIL,R59750632,,8,7,5,5,6,7,
SAT0008621,GENERALE_MI_SAISON,,,2025-12-17,EMAIL,R57709888,,8,10,6,8,6,8,
SAT0001992,POST_MATCH,M013,2025-12-11,2025-12-18,QR_SUR_PLACE,R58644110,1,5,6,4,5,8,8,Prix des places trop eleve pour ce niveau de match
SAT0002078,POST_MATCH,M013,2025-12-11,2025-12-18,EMAIL,R58037776,1,7,6,6,5,8,6,
SAT0002105,POST_MATCH,M013,2025-12-11,2025-12-18,EMAIL,R52129950,1,7,5,6,7,6,5,
SAT0002176,POST_MATCH,M014,2025-12-16,2025-12-18,EMAIL,R52840226,1,6,5,4,5,4,6,
SAT0002184,POST_MATCH,M014,2025-12-16,2025-12-18,QR_SUR_PLACE,R55446769,1,6,5,5,6,5,6,
SAT0002189,POST_MATCH,M014,2025-12-16,2025-12-18,EMAIL,R59365678,1,6,7,5,5,6,6,
SAT0002191,POST_MATCH,M014,2025-12-16,2025-12-18,EMAIL,R51147867,1,6,7,5,6,5,6,Correct dans l'ensemble
SAT0002194,POST_MATCH,M014,2025-12-16,2025-12-18,EMAIL,R52244524,1,5,8,4,7,6,7,Difficile de trouver sa place
SAT0002201,POST_MATCH,M014,2025-12-16,2025-12-18,EMAIL,R58562715,1,4,7,4,6,6,8,Peu de choix a la restauration
SAT0002203,POST_MATCH,M014,2025-12-16,2025-12-18,EMAIL,R51133835,1,7,7,5,5,7,9,
SAT0002216,POST_MATCH,M014,2025-12-16,2025-12-18,EMAIL,R56491522,1,8,7,5,7,7,8,"Super ambiance, on reviendra"
SAT0002220,POST_MATCH,M014,2025-12-16,2025-12-18,EMAIL,R58236120,1,7,8,4,6,7,9,
SAT0002224,POST_MATCH,M014,2025-12-16,2025-12-18,QR_SUR_PLACE,R52960709,1,6,7,5,6,7,7,
SAT0002229,POST_MATCH,M014,2025-12-16,2025-12-18,EMAIL,R54328925,1,7,8,5,5,6,7,
SAT0002232,POST_MATCH,M014,2025-12-16,2025-12-18,EMAIL,R56340178,1,6,8,1,4,7,7,
SAT0002233,POST_MATCH,M014,2025-12-16,2025-12-18,QR_SUR_PLACE,R56706139,1,6,6,6,4,7,7,
SAT0002234,POST_MATCH,M014,2025-12-16,2025-12-18,QR_SUR_PLACE,R57680196,1,8,6,1,6,5,6,"Premiere fois ici, tres agreable surprise"
SAT0002236,POST_MATCH,M014,2025-12-16,2025-12-18,EMAIL,R51811401,1,5,6,2,4,5,5,
SAT0002237,POST_MATCH,M014,2025-12-16,2025-12-18,EMAIL,R53031884,1,5,7,3,5,6,6,
SAT0002238,POST_MATCH,M014,2025-12-16,2025-12-18,QR_SUR_PLACE,R53816524,1,6,7,4,7,7,6,
SAT0002239,POST_MATCH,M014,2025-12-16,2025-12-18,EMAIL,R58013735,1,6,7,4,6,7,6,
SAT0002244,POST_MATCH,M014,2025-12-16,2025-12-18,EMAIL,R52509062,1,4,6,4,4,7,6,Sonorisation trop forte
SAT0002250,POST_MATCH,M014,2025-12-16,2025-12-18,QR_SUR_PLACE,R59800084,1,6,8,5,3,8,10,
SAT0002253,POST_MATCH,M014,2025-12-16,2025-12-18,EMAIL,R51723876,1,5,6,4,6,6,6,Trop d'attente aux buvettes
SAT0002258,POST_MATCH,M014,2025-12-16,2025-12-18,EMAIL,R56177321,1,4,5,4,5,6,5,
SAT0002259,POST_MATCH,M014,2025-12-16,2025-12-18,QR_SUR_PLACE,R56800129,1,7,5,5,6,6,4,Rien a signaler
SAT0002269,POST_MATCH,M014,2025-12-16,2025-12-18,SMS,R58593221,1,8,7,6,5,6,8,Bon rapport qualite prix
SAT0002276,POST_MATCH,M014,2025-12-16,2025-12-18,EMAIL,R52674773,1,7,6,5,5,7,7,
SAT0002277,POST_MATCH,M014,2025-12-16,2025-12-18,QR_SUR_PLACE,R53653121,1,5,4,6,5,7,5,
SAT0002281,POST_MATCH,M014,2025-12-16,2025-12-18,EMAIL,R56556289,1,7,7,3,5,5,9,
SAT0002283,POST_MATCH,M014,2025-12-16,2025-12-18,EMAIL,R57462916,1,4,6,4,6,8,6,
SAT0002284,POST_MATCH,M014,2025-12-16,2025-12-18,SMS,R58970283,1,6,6,4,6,6,8,
SAT0002285,POST_MATCH,M014,2025-12-16,2025-12-18,QR_SUR_PLACE,R51203640,1,5,7,4,6,8,7,
SAT0002295,POST_MATCH,M014,2025-12-16,2025-12-18,EMAIL,R51423774,1,7,7,3,5,7,6,
SAT0002296,POST_MATCH,M014,2025-12-16,2025-12-18,EMAIL,R51893945,1,5,5,4,4,6,5,Sonorisation trop forte
SAT0002299,POST_MATCH,M014,2025-12-16,2025-12-18,EMAIL,R56369458,1,6,7,4,5,6,7,
SAT0002300,POST_MATCH,M014,2025-12-16,2025-12-18,EMAIL,R57307961,1,5,6,3,5,5,8,Prix des places trop eleve pour ce niveau de match
SAT0002310,POST_MATCH,M014,2025-12-16,2025-12-18,EMAIL,R51919021,0,5,6,6,4,6,6,Difficile de trouver sa place
SAT0002311,POST_MATCH,M014,2025-12-16,2025-12-18,EMAIL,R55946699,1,4,5,5,7,6,5,Sonorisation trop forte
SAT0002312,POST_MATCH,M014,2025-12-16,2025-12-18,EMAIL,R58340263,0,7,7,4,4,8,7,
SAT0002313,POST_MATCH,M014,2025-12-16,2025-12-18,SMS,R59718421,1,6,7,5,7,4,5,
SAT0002314,POST_MATCH,M014,2025-12-16,2025-12-18,EMAIL,R51242058,1,6,8,4,6,5,8,Rien a signaler
SAT0002318,POST_MATCH,M014,2025-12-16,2025-12-18,SMS,R51215699,0,5,9,5,6,5,7,Difficile de trouver sa place
SAT0002319,POST_MATCH,M014,2025-12-16,2025-12-18,EMAIL,R56923007,1,4,5,5,6,5,5,Sonorisation trop forte
SAT0002321,POST_MATCH,M014,2025-12-16,2025-12-18,QR_SUR_PLACE,R59697713,1,5,6,3,7,6,6,Difficile de trouver sa place
SAT0002322,POST_MATCH,M014,2025-12-16,2025-12-18,SMS,R53298338,0,7,9,5,6,6,9,
SAT0002325,POST_MATCH,M014,2025-12-16,2025-12-18,SMS,R59834690,1,5,9,5,4,5,6,
SAT0002326,POST_MATCH,M014,2025-12-16,2025-12-18,EMAIL,R55094696,1,6,7,5,6,8,7,
SAT0002330,POST_MATCH,M014,2025-12-16,2025-12-18,EMAIL,R57491191,1,6,6,5,5,9,8,
SAT0002331,POST_MATCH,M014,2025-12-16,2025-12-18,EMAIL,R52436872,1,8,7,4,5,8,9,Match intense du debut a la fin
SAT0002334,POST_MATCH,M014,2025-12-16,2025-12-18,EMAIL,R59398837,0,6,5,5,6,6,6,
SAT0002335,POST_MATCH,M014,2025-12-16,2025-12-18,EMAIL,R58076807,1,7,6,5,6,6,5,
SAT0002336,POST_MATCH,M014,2025-12-16,2025-12-18,EMAIL,R58003994,1,5,8,3,6,8,8,
SAT0002338,POST_MATCH,M014,2025-12-16,2025-12-18,EMAIL,R57852238,1,4,6,3,5,7,5,
SAT0002340,POST_MATCH,M014,2025-12-16,2025-12-18,EMAIL,R54066973,1,6,7,5,5,6,6,
SAT0002341,POST_MATCH,M014,2025-12-16,2025-12-18,EMAIL,R53912976,1,5,6,2,6,7,6,Difficile de trouver sa place
SAT0002344,POST_MATCH,M014,2025-12-16,2025-12-18,QR_SUR_PLACE,R53269939,1,6,6,4,6,6,6,
SAT0002349,POST_MATCH,M014,2025-12-16,2025-12-18,EMAIL,R53361745,0,6,6,5,5,6,8,
SAT0002356,POST_MATCH,M014,2025-12-16,2025-12-18,EMAIL,R58313693,0,5,8,4,7,6,7,
SAT0002358,POST_MATCH,M014,2025-12-16,2025-12-18,EMAIL,R54565744,0,5,8,4,5,5,7,
SAT0002366,POST_MATCH,M014,2025-12-16,2025-12-18,EMAIL,R54358818,1,7,7,4,7,7,7,
SAT0007957,GENERALE_MI_SAISON,,,2025-12-18,EMAIL,R54724099,,6,6,6,7,7,7,
SAT0007958,GENERALE_MI_SAISON,,,2025-12-18,EMAIL,R59979971,,7,7,6,8,6,8,
SAT0007987,GENERALE_MI_SAISON,,,2025-12-18,EMAIL,R52853913,,5,8,7,5,6,4,
SAT0008030,GENERALE_MI_SAISON,,,2025-12-18,EMAIL,R53438571,,8,5,5,7,6,9,
SAT0008031,GENERALE_MI_SAISON,,,2025-12-18,EMAIL,R54828922,,6,6,7,5,4,7,
SAT0008036,GENERALE_MI_SAISON,,,2025-12-18,EMAIL,R58375750,,7,8,5,7,8,7,
SAT0008041,GENERALE_MI_SAISON,,,2025-12-18,EMAIL,R57614327,,6,8,6,8,7,6,
SAT0008073,GENERALE_MI_SAISON,,,2025-12-18,EMAIL,R54754213,,6,6,6,6,7,8,
SAT0008076,GENERALE_MI_SAISON,,,2025-12-18,EMAIL,R55152586,,5,6,6,6,6,6,
SAT0008086,GENERALE_MI_SAISON,,,2025-12-18,EMAIL,R56972660,,5,6,5,6,7,5,
SAT0008095,GENERALE_MI_SAISON,,,2025-12-18,EMAIL,R54257683,,7,7,6,8,5,6,
SAT0008109,GENERALE_MI_SAISON,,,2025-12-18,EMAIL,R57961362,,6,8,7,7,5,6,
SAT0008111,GENERALE_MI_SAISON,,,2025-12-18,EMAIL,R53807607,,6,6,6,6,7,8,
SAT0008131,GENERALE_MI_SAISON,,,2025-12-18,EMAIL,R59205886,,5,7,7,4,5,5,
SAT0008146,GENERALE_MI_SAISON,,,2025-12-18,EMAIL,R57977156,,7,8,6,7,7,7,
SAT0008170,GENERALE_MI_SAISON,,,2025-12-18,EMAIL,R57728690,,6,6,5,7,7,7,
SAT0008193,GENERALE_MI_SAISON,,,2025-12-18,EMAIL,R54963859,,7,7,5,6,6,8,
SAT0008198,GENERALE_MI_SAISON,,,2025-12-18,EMAIL,R55981774,,4,8,6,7,8,3,
SAT0008202,GENERALE_MI_SAISON,,,2025-12-18,EMAIL,R58505572,,5,8,5,8,7,5,
SAT0008206,GENERALE_MI_SAISON,,,2025-12-18,EMAIL,R56206266,,5,7,6,8,6,4,
SAT0008221,GENERALE_MI_SAISON,,,2025-12-18,EMAIL,R57807020,,5,10,7,9,7,5,
SAT0008265,GENERALE_MI_SAISON,,,2025-12-18,EMAIL,R53322848,,7,7,7,6,7,7,
SAT0008280,GENERALE_MI_SAISON,,,2025-12-18,EMAIL,R52811137,,6,4,5,8,7,7,
SAT0008286,GENERALE_MI_SAISON,,,2025-12-18,EMAIL,R52321829,,6,7,6,6,6,8,
SAT0008301,GENERALE_MI_SAISON,,,2025-12-18,EMAIL,R55281259,,7,6,4,7,4,7,
SAT0008321,GENERALE_MI_SAISON,,,2025-12-18,EMAIL,R57607115,,7,7,6,7,7,6,
SAT0008333,GENERALE_MI_SAISON,,,2025-12-18,EMAIL,R59195398,,6,6,7,7,7,6,
SAT0008351,GENERALE_MI_SAISON,,,2025-12-18,EMAIL,R52092155,,7,7,6,4,5,8,
SAT0008371,GENERALE_MI_SAISON,,,2025-12-18,EMAIL,R54673019,,7,7,6,5,6,7,
SAT0008391,GENERALE_MI_SAISON,,,2025-12-18,EMAIL,R57748507,,6,8,7,6,6,6,
SAT0008394,GENERALE_MI_SAISON,,,2025-12-18,EMAIL,R55608390,,6,7,5,6,6,8,
SAT0008400,GENERALE_MI_SAISON,,,2025-12-18,EMAIL,R56718945,,5,5,6,9,5,5,
SAT0008404,GENERALE_MI_SAISON,,,2025-12-18,EMAIL,R56244004,,6,6,7,8,8,6,
SAT0008420,GENERALE_MI_SAISON,,,2025-12-18,EMAIL,R56683860,,7,8,5,6,5,7,
SAT0008465,GENERALE_MI_SAISON,,,2025-12-18,EMAIL,R53149781,,7,7,8,5,6,7,
SAT0008470,GENERALE_MI_SAISON,,,2025-12-18,EMAIL,R55672477,,7,10,6,6,7,9,
SAT0008488,GENERALE_MI_SAISON,,,2025-12-18,EMAIL,R53010027,,7,9,6,6,6,7,
SAT0008489,GENERALE_MI_SAISON,,,2025-12-18,EMAIL,R53767896,,6,7,4,7,6,7,
SAT0008534,GENERALE_MI_SAISON,,,2025-12-18,EMAIL,R53783757,,8,4,6,8,7,10,Bon rapport qualite prix
SAT0008576,GENERALE_MI_SAISON,,,2025-12-18,EMAIL,R59130755,,8,7,7,8,8,8,
SAT0008579,GENERALE_MI_SAISON,,,2025-12-18,EMAIL,R57756409,,7,9,5,7,6,7,
SAT0008580,GENERALE_MI_SAISON,,,2025-12-18,EMAIL,R51951165,,7,7,5,6,6,5,
SAT0008589,GENERALE_MI_SAISON,,,2025-12-18,EMAIL,R59178981,,7,7,7,7,6,8,
SAT0008601,GENERALE_MI_SAISON,,,2025-12-18,EMAIL,R53289555,,8,7,7,6,6,8,Bon rapport qualite prix
SAT0008614,GENERALE_MI_SAISON,,,2025-12-18,EMAIL,R54881094,,5,7,5,7,5,4,
SAT0002178,POST_MATCH,M014,2025-12-16,2025-12-19,EMAIL,R56868249,1,6,7,4,8,6,7,
SAT0002183,POST_MATCH,M014,2025-12-16,2025-12-19,EMAIL,R55042802,1,6,7,5,5,9,7,
SAT0002197,POST_MATCH,M014,2025-12-16,2025-12-19,SMS,R56360206,1,8,4,4,6,7,6,L'ambiance dans les tribunes vaut le deplacement
SAT0002198,POST_MATCH,M014,2025-12-16,2025-12-19,SMS,R58108482,1,5,7,6,5,8,8,Difficile de trouver sa place
SAT0002225,POST_MATCH,M014,2025-12-16,2025-12-19,EMAIL,R53354255,1,7,7,6,6,7,6,
SAT0002240,POST_MATCH,M014,2025-12-16,2025-12-19,EMAIL,R51213793,1,5,7,6,4,6,7,
SAT0002242,POST_MATCH,M014,2025-12-16,2025-12-19,EMAIL,R51255477,1,6,5,4,4,4,6,
SAT0002249,POST_MATCH,M014,2025-12-16,2025-12-19,SMS,R58700362,1,7,6,7,7,6,7,
SAT0002257,POST_MATCH,M014,2025-12-16,2025-12-19,QR_SUR_PLACE,R54247597,1,5,7,5,5,6,7,
SAT0002272,POST_MATCH,M014,2025-12-16,2025-12-19,EMAIL,R59790410,1,6,7,3,5,7,7,
SAT0002278,POST_MATCH,M014,2025-12-16,2025-12-19,EMAIL,R55025628,1,6,6,5,4,6,6,
SAT0002286,POST_MATCH,M014,2025-12-16,2025-12-19,SMS,R51496041,1,6,6,3,7,6,8,
SAT0002292,POST_MATCH,M014,2025-12-16,2025-12-19,EMAIL,R57112960,1,5,5,4,4,7,7,
SAT0002301,POST_MATCH,M014,2025-12-16,2025-12-19,EMAIL,R52913642,1,5,7,4,5,7,7,Difficile de trouver sa place
SAT0002302,POST_MATCH,M014,2025-12-16,2025-12-19,QR_SUR_PLACE,R52694523,1,6,5,5,6,7,7,
SAT0002308,POST_MATCH,M014,2025-12-16,2025-12-19,EMAIL,R51987610,1,6,10,5,6,8,8,
SAT0002329,POST_MATCH,M014,2025-12-16,2025-12-19,EMAIL,R59496716,0,7,7,5,6,5,6,
SAT0002339,POST_MATCH,M014,2025-12-16,2025-12-19,EMAIL,R52523573,1,6,7,5,5,6,4,
SAT0002345,POST_MATCH,M014,2025-12-16,2025-12-19,QR_SUR_PLACE,R59736811,1,5,7,3,7,6,4,
SAT0002346,POST_MATCH,M014,2025-12-16,2025-12-19,EMAIL,R57893185,1,8,6,3,7,7,8,Match intense du debut a la fin
SAT0002354,POST_MATCH,M014,2025-12-16,2025-12-19,EMAIL,R59010808,1,6,5,3,5,6,4,
SAT0002357,POST_MATCH,M014,2025-12-16,2025-12-19,SMS,R52626490,0,7,7,4,6,8,7,
SAT0002363,POST_MATCH,M014,2025-12-16,2025-12-19,SMS,R52709513,1,5,7,3,5,5,6,
SAT0002365,POST_MATCH,M014,2025-12-16,2025-12-19,EMAIL,R51474931,0,7,6,3,5,5,8,
SAT0007962,GENERALE_MI_SAISON,,,2025-12-19,EMAIL,R53721375,,10,6,6,7,7,10,
SAT0007981,GENERALE_MI_SAISON,,,2025-12-19,EMAIL,R54171863,,6,7,7,6,6,7,
SAT0008056,GENERALE_MI_SAISON,,,2025-12-19,EMAIL,R52180762,,6,8,4,7,5,5,
SAT0008063,GENERALE_MI_SAISON,,,2025-12-19,EMAIL,R59243011,,7,8,5,7,6,7,
SAT0008067,GENERALE_MI_SAISON,,,2025-12-19,EMAIL,R52380600,,7,9,5,6,4,9,
SAT0008069,GENERALE_MI_SAISON,,,2025-12-19,EMAIL,R59979961,,7,7,7,6,6,6,
SAT0008092,GENERALE_MI_SAISON,,,2025-12-19,EMAIL,R54755573,,6,7,5,7,6,7,
SAT0008094,GENERALE_MI_SAISON,,,2025-12-19,EMAIL,R56639389,,5,6,7,6,6,7,
SAT0008127,GENERALE_MI_SAISON,,,2025-12-19,EMAIL,R57648799,,7,9,5,8,7,7,
SAT0008135,GENERALE_MI_SAISON,,,2025-12-19,EMAIL,R52570630,,8,8,7,6,8,8,Match intense du debut a la fin
SAT0008164,GENERALE_MI_SAISON,,,2025-12-19,EMAIL,R55866942,,5,7,7,9,5,5,
SAT0008229,GENERALE_MI_SAISON,,,2025-12-19,EMAIL,R57436078,,6,8,4,7,4,6,
SAT0008231,GENERALE_MI_SAISON,,,2025-12-19,EMAIL,R52031123,,8,9,5,7,5,8,
SAT0008270,GENERALE_MI_SAISON,,,2025-12-19,EMAIL,R52037119,,7,8,6,6,7,6,
SAT0008274,GENERALE_MI_SAISON,,,2025-12-19,EMAIL,R53074660,,7,7,6,5,7,7,
SAT0008289,GENERALE_MI_SAISON,,,2025-12-19,EMAIL,R58454693,,8,8,6,7,8,9,
SAT0008312,GENERALE_MI_SAISON,,,2025-12-19,EMAIL,R54674858,,6,7,6,7,6,6,
SAT0008338,GENERALE_MI_SAISON,,,2025-12-19,EMAIL,R56066636,,5,8,3,8,7,4,
SAT0008344,GENERALE_MI_SAISON,,,2025-12-19,EMAIL,R54084683,,5,8,6,7,6,5,
SAT0008365,GENERALE_MI_SAISON,,,2025-12-19,EMAIL,R51911186,,9,8,5,8,3,10,
SAT0008385,GENERALE_MI_SAISON,,,2025-12-19,EMAIL,R56369401,,5,7,7,6,6,6,
SAT0008387,GENERALE_MI_SAISON,,,2025-12-19,EMAIL,R51533578,,8,6,5,8,8,8,"Premiere fois ici, tres agreable surprise"
SAT0008451,GENERALE_MI_SAISON,,,2025-12-19,EMAIL,R58207165,,6,7,8,5,6,6,
SAT0008493,GENERALE_MI_SAISON,,,2025-12-19,EMAIL,R55989331,,7,7,6,4,7,7,
SAT0008508,GENERALE_MI_SAISON,,,2025-12-19,EMAIL,R56922317,,7,6,4,7,7,7,
SAT0008509,GENERALE_MI_SAISON,,,2025-12-19,EMAIL,R53834368,,6,6,7,7,7,4,
SAT0008513,GENERALE_MI_SAISON,,,2025-12-19,EMAIL,R54830905,,6,6,6,7,8,6,
SAT0008529,GENERALE_MI_SAISON,,,2025-12-19,EMAIL,R54537278,,7,8,7,5,7,6,
SAT0008535,GENERALE_MI_SAISON,,,2025-12-19,EMAIL,R56882951,,7,8,7,10,7,6,
SAT0008569,GENERALE_MI_SAISON,,,2025-12-19,EMAIL,R57942560,,6,7,4,4,6,5,
SAT0008590,GENERALE_MI_SAISON,,,2025-12-19,EMAIL,R59625590,,7,7,5,6,6,8,
SAT0008592,GENERALE_MI_SAISON,,,2025-12-19,EMAIL,R56906389,,7,6,7,6,4,7,
SAT0008607,GENERALE_MI_SAISON,,,2025-12-19,EMAIL,R51280955,,9,8,7,7,7,10,
SAT0008622,GENERALE_MI_SAISON,,,2025-12-19,EMAIL,R56203613,,6,9,5,6,6,7,
SAT0002177,POST_MATCH,M014,2025-12-16,2025-12-20,EMAIL,R54799987,1,5,7,5,6,8,8,
SAT0002181,POST_MATCH,M014,2025-12-16,2025-12-20,EMAIL,R51160673,1,8,5,3,5,7,8,"Super ambiance, on reviendra"
SAT0002186,POST_MATCH,M014,2025-12-16,2025-12-20,SMS,R56849313,1,4,9,6,5,6,6,
SAT0002193,POST_MATCH,M014,2025-12-16,2025-12-20,QR_SUR_PLACE,R51594131,1,6,6,5,4,6,6,
SAT0002210,POST_MATCH,M014,2025-12-16,2025-12-20,EMAIL,R57027830,1,7,8,3,5,6,7,
SAT0002235,POST_MATCH,M014,2025-12-16,2025-12-20,EMAIL,R58344688,1,5,5,3,3,7,5,Difficile de trouver sa place
SAT0002260,POST_MATCH,M014,2025-12-16,2025-12-20,EMAIL,R58653228,1,8,7,3,5,7,8,Bon rapport qualite prix
SAT0002288,POST_MATCH,M014,2025-12-16,2025-12-20,SMS,R53465610,1,6,6,4,6,6,5,
SAT0002294,POST_MATCH,M014,2025-12-16,2025-12-20,SMS,R59844488,1,6,7,5,5,8,7,
SAT0002303,POST_MATCH,M014,2025-12-16,2025-12-20,EMAIL,R55341256,0,6,8,6,7,6,7,
SAT0002315,POST_MATCH,M014,2025-12-16,2025-12-20,EMAIL,R52712109,0,7,8,6,5,7,7,
SAT0002320,POST_MATCH,M014,2025-12-16,2025-12-20,EMAIL,R57713911,0,8,7,3,8,7,9,L'ambiance dans les tribunes vaut le deplacement
SAT0002333,POST_MATCH,M014,2025-12-16,2025-12-20,QR_SUR_PLACE,R58767045,0,5,8,4,7,6,7,
SAT0002353,POST_MATCH,M014,2025-12-16,2025-12-20,EMAIL,R51648621,1,8,7,7,5,7,9,"Premiere fois ici, tres agreable surprise"
SAT0002368,POST_MATCH,M014,2025-12-16,2025-12-20,QR_SUR_PLACE,R56441045,0,7,7,4,5,5,6,
SAT0007961,GENERALE_MI_SAISON,,,2025-12-20,EMAIL,R51623411,,9,6,7,7,5,7,
SAT0008007,GENERALE_MI_SAISON,,,2025-12-20,EMAIL,R57135172,,8,7,5,7,6,7,"Super ambiance, on reviendra"
SAT0008029,GENERALE_MI_SAISON,,,2025-12-20,EMAIL,R59708000,,5,8,5,5,7,5,
SAT0008034,GENERALE_MI_SAISON,,,2025-12-20,EMAIL,R56991663,,7,6,7,8,7,7,
SAT0008039,GENERALE_MI_SAISON,,,2025-12-20,EMAIL,R58804438,,6,8,7,5,6,6,
SAT0008044,GENERALE_MI_SAISON,,,2025-12-20,EMAIL,R52009735,,6,8,5,5,5,6,
SAT0008061,GENERALE_MI_SAISON,,,2025-12-20,EMAIL,R59928747,,9,8,6,6,8,10,
SAT0008068,GENERALE_MI_SAISON,,,2025-12-20,EMAIL,R52178933,,6,8,4,6,7,6,
SAT0008074,GENERALE_MI_SAISON,,,2025-12-20,EMAIL,R58389916,,7,6,5,9,8,7,
SAT0008107,GENERALE_MI_SAISON,,,2025-12-20,EMAIL,R54499617,,7,9,6,6,6,8,
SAT0008120,GENERALE_MI_SAISON,,,2025-12-20,EMAIL,R56252519,,6,8,4,8,6,7,
SAT0008130,GENERALE_MI_SAISON,,,2025-12-20,EMAIL,R57846587,,6,8,6,7,7,7,
SAT0008145,GENERALE_MI_SAISON,,,2025-12-20,EMAIL,R55595929,,8,6,8,8,5,9,
SAT0008147,GENERALE_MI_SAISON,,,2025-12-20,EMAIL,R59850484,,7,8,5,7,5,6,
SAT0008167,GENERALE_MI_SAISON,,,2025-12-20,EMAIL,R56538646,,8,7,6,5,8,10,"Super ambiance, on reviendra"
SAT0008171,GENERALE_MI_SAISON,,,2025-12-20,EMAIL,R51572197,,6,8,6,8,8,9,
SAT0008180,GENERALE_MI_SAISON,,,2025-12-20,EMAIL,R54510105,,8,5,7,5,5,9,"Super ambiance, on reviendra"
SAT0008207,GENERALE_MI_SAISON,,,2025-12-20,EMAIL,R53816802,,7,8,6,7,6,7,
SAT0008211,GENERALE_MI_SAISON,,,2025-12-20,EMAIL,R57405438,,5,8,7,6,7,5,
SAT0008215,GENERALE_MI_SAISON,,,2025-12-20,EMAIL,R56826153,,8,6,4,8,7,10,Bon rapport qualite prix
SAT0008225,GENERALE_MI_SAISON,,,2025-12-20,EMAIL,R57188905,,7,6,8,8,7,5,
SAT0008235,GENERALE_MI_SAISON,,,2025-12-20,EMAIL,R57728757,,6,6,5,6,6,5,
SAT0008244,GENERALE_MI_SAISON,,,2025-12-20,EMAIL,R55469507,,7,5,7,8,7,10,
SAT0008252,GENERALE_MI_SAISON,,,2025-12-20,EMAIL,R52580994,,6,8,6,6,6,7,
SAT0008258,GENERALE_MI_SAISON,,,2025-12-20,EMAIL,R52145764,,7,9,7,6,6,9,
SAT0008319,GENERALE_MI_SAISON,,,2025-12-20,EMAIL,R52436872,,8,8,6,8,8,8,
SAT0008327,GENERALE_MI_SAISON,,,2025-12-20,EMAIL,R52493881,,8,8,5,10,8,7,
SAT0008329,GENERALE_MI_SAISON,,,2025-12-20,EMAIL,R57771198,,8,9,8,7,6,7,
SAT0008346,GENERALE_MI_SAISON,,,2025-12-20,EMAIL,R58125435,,7,7,6,6,7,7,
SAT0008373,GENERALE_MI_SAISON,,,2025-12-20,EMAIL,R51963703,,6,9,6,7,5,6,
SAT0008379,GENERALE_MI_SAISON,,,2025-12-20,EMAIL,R53572818,,7,5,4,6,6,8,
SAT0008381,GENERALE_MI_SAISON,,,2025-12-20,EMAIL,R54883144,,9,5,5,6,8,9,"Premiere fois ici, tres agreable surprise"
SAT0008383,GENERALE_MI_SAISON,,,2025-12-20,EMAIL,R52041343,,6,7,6,8,7,7,
SAT0008422,GENERALE_MI_SAISON,,,2025-12-20,EMAIL,R53154829,,7,8,5,8,6,7,
SAT0008425,GENERALE_MI_SAISON,,,2025-12-20,EMAIL,R55015753,,7,7,6,7,7,7,
SAT0008427,GENERALE_MI_SAISON,,,2025-12-20,EMAIL,R58210173,,5,7,4,8,7,7,
SAT0008429,GENERALE_MI_SAISON,,,2025-12-20,EMAIL,R59367852,,8,8,6,6,6,9,
SAT0008446,GENERALE_MI_SAISON,,,2025-12-20,EMAIL,R58833038,,5,8,8,8,8,7,
SAT0008456,GENERALE_MI_SAISON,,,2025-12-20,EMAIL,R55066642,,6,6,7,7,6,7,
SAT0008460,GENERALE_MI_SAISON,,,2025-12-20,EMAIL,R59952654,,8,7,6,4,8,8,Bon rapport qualite prix
SAT0008472,GENERALE_MI_SAISON,,,2025-12-20,EMAIL,R55271240,,7,7,5,7,5,7,
SAT0008500,GENERALE_MI_SAISON,,,2025-12-20,EMAIL,R52704887,,6,8,4,6,7,6,
SAT0008501,GENERALE_MI_SAISON,,,2025-12-20,EMAIL,R55546209,,8,9,6,8,6,9,
SAT0008584,GENERALE_MI_SAISON,,,2025-12-20,EMAIL,R59731026,,6,9,7,7,6,6,
SAT0008587,GENERALE_MI_SAISON,,,2025-12-20,EMAIL,R51004760,,7,7,8,7,6,8,
SAT0002199,POST_MATCH,M014,2025-12-16,2025-12-21,EMAIL,R58215144,1,7,7,4,6,9,8,
SAT0002207,POST_MATCH,M014,2025-12-16,2025-12-21,EMAIL,R53211905,1,6,7,5,5,5,5,
SAT0002209,POST_MATCH,M014,2025-12-16,2025-12-21,EMAIL,R53797933,1,7,7,4,5,5,6,
SAT0002217,POST_MATCH,M014,2025-12-16,2025-12-21,EMAIL,R56649063,1,7,8,5,4,5,8,
SAT0002219,POST_MATCH,M014,2025-12-16,2025-12-21,SMS,R57910617,1,8,7,3,4,7,7,
SAT0002247,POST_MATCH,M014,2025-12-16,2025-12-21,EMAIL,R58286587,1,6,5,6,7,4,6,
SAT0002282,POST_MATCH,M014,2025-12-16,2025-12-21,EMAIL,R56948609,1,9,8,4,7,7,8,"Super ambiance, on reviendra"
SAT0002297,POST_MATCH,M014,2025-12-16,2025-12-21,SMS,R54040671,1,6,6,4,7,6,9,
SAT0007960,GENERALE_MI_SAISON,,,2025-12-21,EMAIL,R57470684,,8,7,6,5,7,9,
SAT0007965,GENERALE_MI_SAISON,,,2025-12-21,EMAIL,R57923212,,7,7,7,10,7,7,
SAT0008001,GENERALE_MI_SAISON,,,2025-12-21,EMAIL,R55742972,,8,6,8,7,6,8,
SAT0008018,GENERALE_MI_SAISON,,,2025-12-21,EMAIL,R56776289,,7,7,7,7,4,8,
SAT0008062,GENERALE_MI_SAISON,,,2025-12-21,EMAIL,R53743098,,5,8,6,5,8,5,
SAT0008088,GENERALE_MI_SAISON,,,2025-12-21,EMAIL,R56361365,,6,6,8,5,8,7,
SAT0008112,GENERALE_MI_SAISON,,,2025-12-21,EMAIL,R58799936,,10,8,6,7,6,10,Match intense du debut a la fin
SAT0008113,GENERALE_MI_SAISON,,,2025-12-21,EMAIL,R59645407,,8,7,5,7,8,7,
SAT0008118,GENERALE_MI_SAISON,,,2025-12-21,EMAIL,R54858011,,7,9,5,7,7,8,
SAT0008133,GENERALE_MI_SAISON,,,2025-12-21,EMAIL,R58936779,,7,8,7,5,6,7,
SAT0008134,GENERALE_MI_SAISON,,,2025-12-21,EMAIL,R57605343,,5,7,6,7,6,4,
SAT0008137,GENERALE_MI_SAISON,,,2025-12-21,EMAIL,R58795042,,4,7,5,7,7,4,
SAT0008158,GENERALE_MI_SAISON,,,2025-12-21,EMAIL,R55716556,,7,8,6,7,6,6,
SAT0008165,GENERALE_MI_SAISON,,,2025-12-21,EMAIL,R51153374,,6,7,5,6,7,6,
SAT0008168,GENERALE_MI_SAISON,,,2025-12-21,EMAIL,R57572097,,5,10,7,7,7,6,
SAT0008197,GENERALE_MI_SAISON,,,2025-12-21,EMAIL,R57798974,,8,10,4,7,6,9,
SAT0008232,GENERALE_MI_SAISON,,,2025-12-21,EMAIL,R54877148,,6,9,4,7,7,5,
SAT0008267,GENERALE_MI_SAISON,,,2025-12-21,EMAIL,R52655435,,9,7,6,7,6,10,
SAT0008281,GENERALE_MI_SAISON,,,2025-12-21,EMAIL,R52173349,,7,8,6,7,7,6,
SAT0008296,GENERALE_MI_SAISON,,,2025-12-21,EMAIL,R53018264,,5,7,6,7,8,7,
SAT0008310,GENERALE_MI_SAISON,,,2025-12-21,EMAIL,R57484448,,6,9,6,7,7,8,
SAT0008339,GENERALE_MI_SAISON,,,2025-12-21,EMAIL,R52597468,,7,7,7,8,6,9,
SAT0008349,GENERALE_MI_SAISON,,,2025-12-21,EMAIL,R57857698,,5,9,7,7,8,4,
SAT0008359,GENERALE_MI_SAISON,,,2025-12-21,EMAIL,R52032761,,6,7,4,6,8,6,
SAT0008426,GENERALE_MI_SAISON,,,2025-12-21,EMAIL,R59270251,,8,7,5,5,6,8,"Premiere fois ici, tres agreable surprise"
SAT0008439,GENERALE_MI_SAISON,,,2025-12-21,EMAIL,R51883390,,6,8,6,7,8,5,
SAT0008443,GENERALE_MI_SAISON,,,2025-12-21,EMAIL,R59897082,,7,6,6,8,8,9,
SAT0008444,GENERALE_MI_SAISON,,,2025-12-21,EMAIL,R56562697,,6,7,6,7,6,6,
SAT0008461,GENERALE_MI_SAISON,,,2025-12-21,EMAIL,R56117726,,10,7,7,5,8,9,
SAT0008468,GENERALE_MI_SAISON,,,2025-12-21,EMAIL,R58027499,,6,8,6,9,8,7,
SAT0008471,GENERALE_MI_SAISON,,,2025-12-21,EMAIL,R57959389,,6,8,6,6,7,8,
SAT0008473,GENERALE_MI_SAISON,,,2025-12-21,EMAIL,R58699471,,7,9,6,5,6,7,
SAT0008507,GENERALE_MI_SAISON,,,2025-12-21,EMAIL,R55055397,,6,8,6,4,7,7,
SAT0008510,GENERALE_MI_SAISON,,,2025-12-21,EMAIL,R59575391,,6,6,7,8,6,6,
SAT0008525,GENERALE_MI_SAISON,,,2025-12-21,EMAIL,R52798810,,7,8,4,8,6,7,
SAT0008541,GENERALE_MI_SAISON,,,2025-12-21,EMAIL,R53130989,,8,6,3,8,8,8,
SAT0008575,GENERALE_MI_SAISON,,,2025-12-21,EMAIL,R52617218,,8,3,6,9,8,7,"Super ambiance, on reviendra"
SAT0008606,GENERALE_MI_SAISON,,,2025-12-21,EMAIL,R56445269,,7,8,7,7,6,6,
SAT0008615,GENERALE_MI_SAISON,,,2025-12-21,EMAIL,R53015879,,7,8,7,5,7,8,
SAT0008617,GENERALE_MI_SAISON,,,2025-12-21,EMAIL,R55237736,,8,6,6,8,8,9,
SAT0002372,POST_MATCH,M015,2025-12-21,2025-12-22,EMAIL,R53634061,1,9,7,8,7,9,8,
SAT0002373,POST_MATCH,M015,2025-12-21,2025-12-22,EMAIL,R53961403,1,8,9,6,7,8,8,
SAT0002380,POST_MATCH,M015,2025-12-21,2025-12-22,QR_SUR_PLACE,R59523152,1,9,7,4,5,10,8,
SAT0002381,POST_MATCH,M015,2025-12-21,2025-12-22,EMAIL,R51755896,1,7,10,7,6,10,7,
SAT0002383,POST_MATCH,M015,2025-12-21,2025-12-22,SMS,R51976576,1,6,8,6,7,8,7,
SAT0002386,POST_MATCH,M015,2025-12-21,2025-12-22,EMAIL,R56601661,1,7,8,7,7,10,9,
SAT0002387,POST_MATCH,M015,2025-12-21,2025-12-22,QR_SUR_PLACE,R56909387,1,7,10,7,7,9,10,
SAT0002392,POST_MATCH,M015,2025-12-21,2025-12-22,EMAIL,R55266001,1,8,8,8,8,8,8,
SAT0002393,POST_MATCH,M015,2025-12-21,2025-12-22,EMAIL,R55280713,1,6,8,7,8,7,7,
SAT0002394,POST_MATCH,M015,2025-12-21,2025-12-22,EMAIL,R55399635,1,10,10,7,7,10,10,L'ambiance dans les tribunes vaut le deplacement
SAT0002395,POST_MATCH,M015,2025-12-21,2025-12-22,EMAIL,R55532043,1,9,8,6,6,9,7,L'ambiance dans les tribunes vaut le deplacement
SAT0002397,POST_MATCH,M015,2025-12-21,2025-12-22,QR_SUR_PLACE,R57812403,1,7,8,9,4,8,8,
SAT0002398,POST_MATCH,M015,2025-12-21,2025-12-22,EMAIL,R58034309,1,7,10,6,7,9,9,
SAT0002400,POST_MATCH,M015,2025-12-21,2025-12-22,SMS,R59122384,1,10,8,6,6,6,7,
SAT0002402,POST_MATCH,M015,2025-12-21,2025-12-22,SMS,R59894151,1,8,9,8,9,8,8,
SAT0002405,POST_MATCH,M015,2025-12-21,2025-12-22,SMS,R51577034,1,9,9,7,6,9,10,
SAT0002409,POST_MATCH,M015,2025-12-21,2025-12-22,EMAIL,R53286691,1,10,10,6,6,7,7,"Premiere fois ici, tres agreable surprise"
SAT0002414,POST_MATCH,M015,2025-12-21,2025-12-22,QR_SUR_PLACE,R55001865,1,8,9,6,8,8,9,Match intense du debut a la fin
SAT0002415,POST_MATCH,M015,2025-12-21,2025-12-22,EMAIL,R55221932,1,8,8,8,8,9,9,
SAT0002417,POST_MATCH,M015,2025-12-21,2025-12-22,EMAIL,R58411984,1,8,6,7,8,7,8,"Super ambiance, on reviendra"
SAT0002419,POST_MATCH,M015,2025-12-21,2025-12-22,EMAIL,R59771618,1,8,9,7,7,8,9,"Premiere fois ici, tres agreable surprise"
SAT0002420,POST_MATCH,M015,2025-12-21,2025-12-22,EMAIL,R59787556,1,9,10,8,7,8,7,
SAT0002424,POST_MATCH,M015,2025-12-21,2025-12-22,SMS,R54046265,1,8,8,7,6,9,8,"Super ambiance, on reviendra"
SAT0002427,POST_MATCH,M015,2025-12-21,2025-12-22,EMAIL,R55724659,1,8,8,7,6,7,8,"Premiere fois ici, tres agreable surprise"
SAT0002430,POST_MATCH,M015,2025-12-21,2025-12-22,EMAIL,R58893869,1,9,10,7,7,9,9,Rien a signaler
SAT0002431,POST_MATCH,M015,2025-12-21,2025-12-22,QR_SUR_PLACE,R52372842,1,9,6,7,6,8,9,"Super ambiance, on reviendra"
SAT0002432,POST_MATCH,M015,2025-12-21,2025-12-22,EMAIL,R52999941,1,8,9,7,5,8,9,"Premiere fois ici, tres agreable surprise"
SAT0002433,POST_MATCH,M015,2025-12-21,2025-12-22,EMAIL,R53032430,1,10,9,7,6,8,10,
SAT0002437,POST_MATCH,M015,2025-12-21,2025-12-22,EMAIL,R55344666,1,6,8,8,8,10,8,
SAT0002438,POST_MATCH,M015,2025-12-21,2025-12-22,SMS,R56536951,1,8,7,7,8,7,7,Tres bonne organisation
SAT0002441,POST_MATCH,M015,2025-12-21,2025-12-22,SMS,R57749465,1,9,7,7,6,8,10,Tres bonne organisation
SAT0002445,POST_MATCH,M015,2025-12-21,2025-12-22,QR_SUR_PLACE,R59757653,1,8,10,8,7,7,10,
SAT0002448,POST_MATCH,M015,2025-12-21,2025-12-22,QR_SUR_PLACE,R53816524,1,9,7,10,7,8,8,Rien a signaler
SAT0002450,POST_MATCH,M015,2025-12-21,2025-12-22,EMAIL,R54259110,1,6,8,7,9,8,7,
SAT0002452,POST_MATCH,M015,2025-12-21,2025-12-22,EMAIL,R57737885,1,10,10,7,5,9,10,
SAT0002453,POST_MATCH,M015,2025-12-21,2025-12-22,EMAIL,R59804921,1,9,10,7,7,7,8,L'ambiance dans les tribunes vaut le deplacement
SAT0002464,POST_MATCH,M015,2025-12-21,2025-12-22,EMAIL,R54167907,1,7,8,7,7,7,8,Sans plus
SAT0002466,POST_MATCH,M015,2025-12-21,2025-12-22,SMS,R55007104,1,8,8,8,8,10,9,"Super ambiance, on reviendra"
SAT0002467,POST_MATCH,M015,2025-12-21,2025-12-22,SMS,R56431716,1,8,6,7,9,5,5,
SAT0002469,POST_MATCH,M015,2025-12-21,2025-12-22,QR_SUR_PLACE,R58573538,1,8,8,7,8,6,7,
SAT0002472,POST_MATCH,M015,2025-12-21,2025-12-22,EMAIL,R54198011,1,6,9,6,7,7,6,
SAT0002473,POST_MATCH,M015,2025-12-21,2025-12-22,EMAIL,R54450567,1,8,8,7,6,7,9,"Super ambiance, on reviendra"
SAT0002475,POST_MATCH,M015,2025-12-21,2025-12-22,EMAIL,R54870472,1,8,9,7,7,9,8,Bon rapport qualite prix
SAT0002476,POST_MATCH,M015,2025-12-21,2025-12-22,QR_SUR_PLACE,R55550902,1,7,10,6,7,8,8,
SAT0002478,POST_MATCH,M015,2025-12-21,2025-12-22,QR_SUR_PLACE,R56082373,1,9,8,6,8,10,9,Bon rapport qualite prix
SAT0002479,POST_MATCH,M015,2025-12-21,2025-12-22,EMAIL,R56638364,1,8,9,8,5,8,10,Match intense du debut a la fin
SAT0002480,POST_MATCH,M015,2025-12-21,2025-12-22,EMAIL,R56863948,1,8,8,5,7,8,9,
SAT0002481,POST_MATCH,M015,2025-12-21,2025-12-22,EMAIL,R57256881,1,10,8,5,7,8,10,Bon rapport qualite prix
SAT0002487,POST_MATCH,M015,2025-12-21,2025-12-22,QR_SUR_PLACE,R52448576,1,9,10,8,7,8,10,
SAT0002488,POST_MATCH,M015,2025-12-21,2025-12-22,EMAIL,R52502520,1,7,8,9,7,7,9,
SAT0002490,POST_MATCH,M015,2025-12-21,2025-12-22,EMAIL,R52862964,1,10,8,7,7,8,9,
SAT0002493,POST_MATCH,M015,2025-12-21,2025-12-22,EMAIL,R53982915,1,8,8,8,7,8,8,Match intense du debut a la fin
SAT0002498,POST_MATCH,M015,2025-12-21,2025-12-22,EMAIL,R56149870,1,9,9,5,8,8,8,
SAT0002499,POST_MATCH,M015,2025-12-21,2025-12-22,EMAIL,R57389969,1,8,7,6,8,9,9,
SAT0002511,POST_MATCH,M015,2025-12-21,2025-12-22,SMS,R57641366,1,9,8,8,6,8,10,"Premiere fois ici, tres agreable surprise"
SAT0002517,POST_MATCH,M015,2025-12-21,2025-12-22,QR_SUR_PLACE,R56214369,1,9,6,4,6,9,9,L'ambiance dans les tribunes vaut le deplacement
SAT0002522,POST_MATCH,M015,2025-12-21,2025-12-22,QR_SUR_PLACE,R58941606,1,8,10,7,6,7,7,
SAT0002529,POST_MATCH,M015,2025-12-21,2025-12-22,EMAIL,R54844870,1,7,8,7,9,9,9,
SAT0002530,POST_MATCH,M015,2025-12-21,2025-12-22,SMS,R58995416,1,7,10,5,7,6,9,
SAT0002531,POST_MATCH,M015,2025-12-21,2025-12-22,QR_SUR_PLACE,R56678420,0,9,8,8,7,10,10,
SAT0002532,POST_MATCH,M015,2025-12-21,2025-12-22,EMAIL,R53118652,0,8,8,7,7,9,9,
SAT0002536,POST_MATCH,M015,2025-12-21,2025-12-22,SMS,R57958977,1,9,10,8,6,9,10,"Super ambiance, on reviendra"
SAT0002542,POST_MATCH,M015,2025-12-21,2025-12-22,QR_SUR_PLACE,R55534083,0,9,8,9,7,8,9,
SAT0002543,POST_MATCH,M015,2025-12-21,2025-12-22,EMAIL,R58082793,0,7,9,6,6,6,7,
SAT0002545,POST_MATCH,M015,2025-12-21,2025-12-22,EMAIL,R53608238,0,8,10,8,6,9,8,
SAT0002547,POST_MATCH,M015,2025-12-21,2025-12-22,QR_SUR_PLACE,R56838403,0,8,10,6,6,7,7,
SAT0002551,POST_MATCH,M015,2025-12-21,2025-12-22,SMS,R52552384,0,7,9,7,6,7,6,
SAT0002560,POST_MATCH,M015,2025-12-21,2025-12-22,EMAIL,R53306843,0,7,9,7,7,7,8,
SAT0002567,POST_MATCH,M015,2025-12-21,2025-12-22,EMAIL,R51761135,0,10,10,7,8,9,10,
SAT0002569,POST_MATCH,M015,2025-12-21,2025-12-22,EMAIL,R55980347,1,9,10,10,7,8,10,"Premiere fois ici, tres agreable surprise"
SAT0007982,GENERALE_MI_SAISON,,,2025-12-22,EMAIL,R57528517,,7,8,7,5,5,8,
SAT0007985,GENERALE_MI_SAISON,,,2025-12-22,EMAIL,R52905740,,6,7,6,8,5,6,
SAT0007986,GENERALE_MI_SAISON,,,2025-12-22,EMAIL,R52352958,,6,6,5,6,7,6,
SAT0007995,GENERALE_MI_SAISON,,,2025-12-22,EMAIL,R52524598,,8,6,6,6,6,8,Bon rapport qualite prix
SAT0008057,GENERALE_MI_SAISON,,,2025-12-22,EMAIL,R56696120,,6,7,6,6,5,6,
SAT0008060,GENERALE_MI_SAISON,,,2025-12-22,EMAIL,R53699776,,8,6,5,5,6,8,
SAT0008070,GENERALE_MI_SAISON,,,2025-12-22,EMAIL,R53798881,,6,7,5,7,7,7,
SAT0008122,GENERALE_MI_SAISON,,,2025-12-22,EMAIL,R58459721,,7,7,6,7,7,8,
SAT0008125,GENERALE_MI_SAISON,,,2025-12-22,EMAIL,R53103337,,7,8,7,7,8,8,
SAT0008138,GENERALE_MI_SAISON,,,2025-12-22,EMAIL,R56820090,,8,8,7,7,7,10,"Super ambiance, on reviendra"
SAT0008140,GENERALE_MI_SAISON,,,2025-12-22,EMAIL,R59950413,,6,9,10,7,8,8,
SAT0008148,GENERALE_MI_SAISON,,,2025-12-22,EMAIL,R52631796,,6,7,7,8,7,5,
SAT0008176,GENERALE_MI_SAISON,,,2025-12-22,EMAIL,R51047402,,6,7,7,7,8,7,
SAT0008178,GENERALE_MI_SAISON,,,2025-12-22,EMAIL,R56082651,,6,8,6,7,7,7,
SAT0008213,GENERALE_MI_SAISON,,,2025-12-22,EMAIL,R56248228,,7,7,7,5,5,7,
SAT0008246,GENERALE_MI_SAISON,,,2025-12-22,EMAIL,R56676581,,7,7,7,9,6,6,
SAT0008273,GENERALE_MI_SAISON,,,2025-12-22,EMAIL,R54592371,,9,7,6,6,8,9,
SAT0008288,GENERALE_MI_SAISON,,,2025-12-22,EMAIL,R59792929,,8,8,6,8,6,8,
SAT0008293,GENERALE_MI_SAISON,,,2025-12-22,EMAIL,R55234805,,6,6,6,6,5,6,
SAT0008335,GENERALE_MI_SAISON,,,2025-12-22,EMAIL,R58920640,,6,8,5,7,7,7,
SAT0008353,GENERALE_MI_SAISON,,,2025-12-22,EMAIL,R51255477,,8,6,7,7,7,9,Bon rapport qualite prix
SAT0008357,GENERALE_MI_SAISON,,,2025-12-22,EMAIL,R55340097,,8,6,7,8,6,7,
SAT0008382,GENERALE_MI_SAISON,,,2025-12-22,EMAIL,R58075313,,8,7,7,7,6,6,
SAT0008390,GENERALE_MI_SAISON,,,2025-12-22,EMAIL,R58264452,,6,8,5,6,7,7,
SAT0008399,GENERALE_MI_SAISON,,,2025-12-22,EMAIL,R55325184,,9,7,5,7,7,9,
SAT0008406,GENERALE_MI_SAISON,,,2025-12-22,EMAIL,R51092419,,8,7,6,8,6,8,
SAT0008414,GENERALE_MI_SAISON,,,2025-12-22,EMAIL,R58682930,,7,7,6,8,7,5,
SAT0008415,GENERALE_MI_SAISON,,,2025-12-22,EMAIL,R55497571,,7,7,5,7,8,8,
SAT0008432,GENERALE_MI_SAISON,,,2025-12-22,EMAIL,R51176668,,8,8,7,4,7,9,
SAT0008434,GENERALE_MI_SAISON,,,2025-12-22,EMAIL,R53846896,,7,5,7,6,3,8,
SAT0008438,GENERALE_MI_SAISON,,,2025-12-22,EMAIL,R55338201,,8,7,5,8,8,8,
SAT0008486,GENERALE_MI_SAISON,,,2025-12-22,EMAIL,R54797257,,9,6,8,6,8,9,
SAT0008494,GENERALE_MI_SAISON,,,2025-12-22,EMAIL,R51608766,,7,7,5,6,8,7,
SAT0008502,GENERALE_MI_SAISON,,,2025-12-22,EMAIL,R59686947,,8,8,8,8,5,8,
SAT0008505,GENERALE_MI_SAISON,,,2025-12-22,EMAIL,R56231399,,6,6,6,7,5,7,
SAT0008522,GENERALE_MI_SAISON,,,2025-12-22,EMAIL,R55349982,,8,9,7,6,3,9,Bon rapport qualite prix
SAT0008585,GENERALE_MI_SAISON,,,2025-12-22,EMAIL,R56768454,,7,8,7,9,8,7,
SAT0008593,GENERALE_MI_SAISON,,,2025-12-22,EMAIL,R56390856,,9,9,6,7,8,8,"Premiere fois ici, tres agreable surprise"
SAT0008624,GENERALE_MI_SAISON,,,2025-12-22,EMAIL,R55026241,,8,7,5,7,8,8,
SAT0002182,POST_MATCH,M014,2025-12-16,2025-12-23,EMAIL,R52580994,1,6,8,3,7,6,6,
SAT0002208,POST_MATCH,M014,2025-12-16,2025-12-23,EMAIL,R53723147,1,7,7,4,6,7,8,
SAT0002215,POST_MATCH,M014,2025-12-16,2025-12-23,QR_SUR_PLACE,R53747734,1,7,7,3,5,4,6,
SAT0002246,POST_MATCH,M014,2025-12-16,2025-12-23,EMAIL,R55632297,1,7,5,3,3,8,8,
SAT0002248,POST_MATCH,M014,2025-12-16,2025-12-23,SMS,R58414091,1,5,5,2,6,7,8,Correct dans l'ensemble
SAT0002252,POST_MATCH,M014,2025-12-16,2025-12-23,EMAIL,R51148882,1,7,5,5,5,6,6,
SAT0002364,POST_MATCH,M014,2025-12-16,2025-12-23,QR_SUR_PLACE,R56139861,0,6,10,4,5,6,9,
SAT0002371,POST_MATCH,M015,2025-12-21,2025-12-23,EMAIL,R52927885,1,9,8,8,7,10,10,
SAT0002375,POST_MATCH,M015,2025-12-21,2025-12-23,SMS,R55609147,1,8,8,7,9,9,10,
SAT0002377,POST_MATCH,M015,2025-12-21,2025-12-23,EMAIL,R58336997,1,9,6,7,8,8,8,
SAT0002389,POST_MATCH,M015,2025-12-21,2025-12-23,SMS,R58541806,1,8,9,7,5,9,8,L'ambiance dans les tribunes vaut le deplacement
SAT0002391,POST_MATCH,M015,2025-12-21,2025-12-23,QR_SUR_PLACE,R54420674,1,8,9,8,6,8,10,
SAT0002396,POST_MATCH,M015,2025-12-21,2025-12-23,SMS,R57244765,1,10,9,7,10,9,10,
SAT0002399,POST_MATCH,M015,2025-12-21,2025-12-23,QR_SUR_PLACE,R58237825,1,8,8,6,7,9,9,Sans plus
SAT0002401,POST_MATCH,M015,2025-12-21,2025-12-23,EMAIL,R59473020,1,8,7,6,7,9,9,Correct dans l'ensemble
SAT0002403,POST_MATCH,M015,2025-12-21,2025-12-23,QR_SUR_PLACE,R51028399,1,9,5,7,5,7,7,"Premiere fois ici, tres agreable surprise"
SAT0002404,POST_MATCH,M015,2025-12-21,2025-12-23,EMAIL,R51564161,1,6,9,5,7,6,7,Sans plus
SAT0002407,POST_MATCH,M015,2025-12-21,2025-12-23,EMAIL,R52782192,1,9,10,6,7,6,10,
SAT0002408,POST_MATCH,M015,2025-12-21,2025-12-23,SMS,R52979578,1,7,9,9,7,9,10,
SAT0002412,POST_MATCH,M015,2025-12-21,2025-12-23,EMAIL,R54378444,1,10,9,7,6,7,9,Rien a signaler
SAT0002416,POST_MATCH,M015,2025-12-21,2025-12-23,EMAIL,R55899297,1,10,10,4,7,10,10,
SAT0002435,POST_MATCH,M015,2025-12-21,2025-12-23,SMS,R55087819,1,7,8,6,7,8,7,
SAT0002440,POST_MATCH,M015,2025-12-21,2025-12-23,EMAIL,R57298910,1,8,7,7,6,8,9,
SAT0002451,POST_MATCH,M015,2025-12-21,2025-12-23,EMAIL,R55819195,1,7,8,7,7,9,9,
SAT0002459,POST_MATCH,M015,2025-12-21,2025-12-23,SMS,R56166833,1,7,9,6,8,8,10,
SAT0002462,POST_MATCH,M015,2025-12-21,2025-12-23,EMAIL,R52039571,1,9,10,7,7,7,9,
SAT0002465,POST_MATCH,M015,2025-12-21,2025-12-23,SMS,R54775390,1,9,8,8,6,9,10,L'ambiance dans les tribunes vaut le deplacement
SAT0002471,POST_MATCH,M015,2025-12-21,2025-12-23,EMAIL,R51971595,1,9,9,9,8,8,10,L'ambiance dans les tribunes vaut le deplacement
SAT0002474,POST_MATCH,M015,2025-12-21,2025-12-23,EMAIL,R54844113,1,8,7,5,7,8,8,Rien a signaler
SAT0002477,POST_MATCH,M015,2025-12-21,2025-12-23,EMAIL,R56008200,1,9,10,7,8,9,10,"Premiere fois ici, tres agreable surprise"
SAT0002485,POST_MATCH,M015,2025-12-21,2025-12-23,QR_SUR_PLACE,R57802451,1,7,8,7,8,9,8,
SAT0002489,POST_MATCH,M015,2025-12-21,2025-12-23,EMAIL,R52804729,1,9,9,4,6,9,9,L'ambiance dans les tribunes vaut le deplacement
SAT0002491,POST_MATCH,M015,2025-12-21,2025-12-23,SMS,R53046864,1,8,9,6,8,9,6,Bon rapport qualite prix
SAT0002500,POST_MATCH,M015,2025-12-21,2025-12-23,EMAIL,R57606358,1,9,10,5,6,7,7,
SAT0002501,POST_MATCH,M015,2025-12-21,2025-12-23,EMAIL,R57986418,1,10,8,6,7,8,10,"Super ambiance, on reviendra"
SAT0002503,POST_MATCH,M015,2025-12-21,2025-12-23,EMAIL,R51821544,1,8,9,5,9,9,8,"Premiere fois ici, tres agreable surprise"
SAT0002504,POST_MATCH,M015,2025-12-21,2025-12-23,EMAIL,R52559596,1,8,10,7,7,9,10,
SAT0002505,POST_MATCH,M015,2025-12-21,2025-12-23,SMS,R52768629,1,9,10,8,9,9,10,
SAT0002507,POST_MATCH,M015,2025-12-21,2025-12-23,SMS,R56403106,1,8,9,7,9,9,9,
SAT0002509,POST_MATCH,M015,2025-12-21,2025-12-23,SMS,R56745773,1,9,8,7,5,8,8,Tres bonne organisation
SAT0002512,POST_MATCH,M015,2025-12-21,2025-12-23,EMAIL,R57641979,1,9,10,7,8,9,10,Tres bonne organisation
SAT0002515,POST_MATCH,M015,2025-12-21,2025-12-23,EMAIL,R54969979,1,9,9,6,6,9,7,
SAT0002516,POST_MATCH,M015,2025-12-21,2025-12-23,EMAIL,R55167365,1,7,10,7,7,10,9,
SAT0002525,POST_MATCH,M015,2025-12-21,2025-12-23,SMS,R57238156,0,8,10,7,5,8,8,
SAT0002526,POST_MATCH,M015,2025-12-21,2025-12-23,EMAIL,R59028384,0,10,9,8,7,9,10,
SAT0002533,POST_MATCH,M015,2025-12-21,2025-12-23,EMAIL,R58632664,0,8,10,6,7,9,10,Bon rapport qualite prix
SAT0002534,POST_MATCH,M015,2025-12-21,2025-12-23,QR_SUR_PLACE,R53834569,0,7,6,6,6,6,7,
SAT0002537,POST_MATCH,M015,2025-12-21,2025-12-23,EMAIL,R53325243,1,8,8,7,7,8,8,
SAT0002540,POST_MATCH,M015,2025-12-21,2025-12-23,SMS,R52680970,1,9,6,7,7,8,9,
SAT0002541,POST_MATCH,M015,2025-12-21,2025-12-23,EMAIL,R51913906,0,10,10,7,6,7,10,Match intense du debut a la fin
SAT0002549,POST_MATCH,M015,2025-12-21,2025-12-23,EMAIL,R59886728,1,9,9,6,8,7,10,
SAT0002552,POST_MATCH,M015,2025-12-21,2025-12-23,EMAIL,R57747904,0,9,10,8,7,6,9,
SAT0002555,POST_MATCH,M015,2025-12-21,2025-12-23,EMAIL,R56221591,0,8,10,8,8,9,9,
SAT0002559,POST_MATCH,M015,2025-12-21,2025-12-23,EMAIL,R57354482,1,7,8,7,7,9,9,
SAT0002562,POST_MATCH,M015,2025-12-21,2025-12-23,EMAIL,R57058815,0,7,9,5,8,7,8,
SAT0002566,POST_MATCH,M015,2025-12-21,2025-12-23,EMAIL,R54220079,1,8,8,7,5,10,7,
SAT0002568,POST_MATCH,M015,2025-12-21,2025-12-23,QR_SUR_PLACE,R55896912,0,9,9,7,7,8,6,
SAT0002570,POST_MATCH,M015,2025-12-21,2025-12-23,EMAIL,R55006903,1,9,9,7,4,10,9,
SAT0002573,POST_MATCH,M015,2025-12-21,2025-12-23,SMS,R57018558,1,9,7,7,7,8,9,
SAT0007966,GENERALE_MI_SAISON,,,2025-12-23,EMAIL,R51198813,,8,7,7,7,5,10,
SAT0007979,GENERALE_MI_SAISON,,,2025-12-23,EMAIL,R52386807,,6,9,7,7,7,6,
SAT0007984,GENERALE_MI_SAISON,,,2025-12-23,EMAIL,R56896648,,9,8,5,7,6,9,
SAT0007989,GENERALE_MI_SAISON,,,2025-12-23,EMAIL,R53116267,,6,8,7,6,9,6,
SAT0007992,GENERALE_MI_SAISON,,,2025-12-23,EMAIL,R55074668,,6,7,7,7,5,7,
SAT0008043,GENERALE_MI_SAISON,,,2025-12-23,EMAIL,R54551722,,6,7,7,6,8,6,
SAT0008080,GENERALE_MI_SAISON,,,2025-12-23,EMAIL,R56142457,,8,7,7,6,7,10,
SAT0008081,GENERALE_MI_SAISON,,,2025-12-23,EMAIL,R53845680,,8,7,6,6,8,7,
SAT0008106,GENERALE_MI_SAISON,,,2025-12-23,EMAIL,R52026899,,6,7,6,5,5,7,
SAT0008126,GENERALE_MI_SAISON,,,2025-12-23,EMAIL,R57708116,,7,9,5,6,7,6,
SAT0008160,GENERALE_MI_SAISON,,,2025-12-23,EMAIL,R51463629,,8,9,6,6,7,8,
SAT0008169,GENERALE_MI_SAISON,,,2025-12-23,EMAIL,R52965747,,6,7,5,8,6,7,
SAT0008175,GENERALE_MI_SAISON,,,2025-12-23,EMAIL,R55334034,,7,6,6,7,6,7,
SAT0008183,GENERALE_MI_SAISON,,,2025-12-23,EMAIL,R51245056,,6,8,6,7,6,5,
SAT0008192,GENERALE_MI_SAISON,,,2025-12-23,EMAIL,R58217462,,6,7,4,6,7,6,
SAT0008205,GENERALE_MI_SAISON,,,2025-12-23,EMAIL,R51598958,,6,7,5,8,5,7,
SAT0008210,GENERALE_MI_SAISON,,,2025-12-23,EMAIL,R55566773,,7,7,5,7,5,8,
SAT0008228,GENERALE_MI_SAISON,,,2025-12-23,EMAIL,R57941123,,7,9,5,6,8,9,
SAT0008239,GENERALE_MI_SAISON,,,2025-12-23,EMAIL,R55709870,,7,8,6,8,6,7,
SAT0008245,GENERALE_MI_SAISON,,,2025-12-23,EMAIL,R59745939,,7,8,6,6,6,6,
SAT0008251,GENERALE_MI_SAISON,,,2025-12-23,EMAIL,R57321256,,8,7,7,6,6,8,
SAT0008266,GENERALE_MI_SAISON,,,2025-12-23,EMAIL,R53566822,,7,7,8,6,6,8,
SAT0008292,GENERALE_MI_SAISON,,,2025-12-23,EMAIL,R58842310,,9,7,7,5,8,8,
SAT0008318,GENERALE_MI_SAISON,,,2025-12-23,EMAIL,R51613000,,5,8,6,6,6,5,
SAT0008340,GENERALE_MI_SAISON,,,2025-12-23,EMAIL,R55129771,,6,8,9,7,7,5,
SAT0008355,GENERALE_MI_SAISON,,,2025-12-23,EMAIL,R53252497,,8,8,6,5,7,10,
SAT0008377,GENERALE_MI_SAISON,,,2025-12-23,EMAIL,R51565387,,7,7,6,7,7,8,
SAT0008397,GENERALE_MI_SAISON,,,2025-12-23,EMAIL,R51592560,,6,8,7,7,7,9,
SAT0008431,GENERALE_MI_SAISON,,,2025-12-23,EMAIL,R57728010,,7,5,6,6,8,9,
SAT0008458,GENERALE_MI_SAISON,,,2025-12-23,EMAIL,R58329698,,7,7,7,8,7,8,
SAT0008485,GENERALE_MI_SAISON,,,2025-12-23,EMAIL,R58506309,,6,9,6,5,6,5,
SAT0008517,GENERALE_MI_SAISON,,,2025-12-23,EMAIL,R56366805,,6,9,7,5,6,5,
SAT0008528,GENERALE_MI_SAISON,,,2025-12-23,EMAIL,R56227798,,6,10,8,7,6,9,
SAT0008539,GENERALE_MI_SAISON,,,2025-12-23,EMAIL,R52277693,,7,8,7,8,9,8,
SAT0008542,GENERALE_MI_SAISON,,,2025-12-23,EMAIL,R53134734,,7,8,6,7,5,7,
SAT0008546,GENERALE_MI_SAISON,,,2025-12-23,EMAIL,R53253177,,5,7,6,9,6,5,
SAT0008553,GENERALE_MI_SAISON,,,2025-12-23,EMAIL,R52958602,,6,8,6,7,7,7,
SAT0008570,GENERALE_MI_SAISON,,,2025-12-23,EMAIL,R59542011,,6,9,5,7,5,5,
SAT0008573,GENERALE_MI_SAISON,,,2025-12-23,EMAIL,R58905037,,8,8,6,7,8,7,
SAT0008581,GENERALE_MI_SAISON,,,2025-12-23,EMAIL,R56378519,,7,7,7,7,6,9,
SAT0008620,GENERALE_MI_SAISON,,,2025-12-23,EMAIL,R59479696,,7,7,7,5,7,5,
SAT0002374,POST_MATCH,M015,2025-12-21,2025-12-24,EMAIL,R54679226,1,8,9,5,7,8,8,Match intense du debut a la fin
SAT0002382,POST_MATCH,M015,2025-12-21,2025-12-24,EMAIL,R51820874,1,9,8,6,6,7,9,
SAT0002385,POST_MATCH,M015,2025-12-21,2025-12-24,EMAIL,R56490095,1,9,9,7,7,7,9,"Super ambiance, on reviendra"
SAT0002388,POST_MATCH,M015,2025-12-21,2025-12-24,EMAIL,R57421242,1,7,9,8,5,8,9,
SAT0002390,POST_MATCH,M015,2025-12-21,2025-12-24,EMAIL,R59865273,1,8,10,7,6,8,9,"Premiere fois ici, tres agreable surprise"
SAT0002418,POST_MATCH,M015,2025-12-21,2025-12-24,QR_SUR_PLACE,R59737903,1,10,7,7,10,9,9,
SAT0002426,POST_MATCH,M015,2025-12-21,2025-12-24,EMAIL,R54685011,1,10,9,6,6,8,8,Rien a signaler
SAT0002429,POST_MATCH,M015,2025-12-21,2025-12-24,QR_SUR_PLACE,R58615567,1,6,8,9,7,8,10,
SAT0002436,POST_MATCH,M015,2025-12-21,2025-12-24,QR_SUR_PLACE,R55174865,1,8,7,9,6,9,9,
SAT0002439,POST_MATCH,M015,2025-12-21,2025-12-24,SMS,R56997314,1,9,7,6,8,10,10,"Premiere fois ici, tres agreable surprise"
SAT0002442,POST_MATCH,M015,2025-12-21,2025-12-24,EMAIL,R57759886,1,6,8,7,7,8,7,
SAT0002447,POST_MATCH,M015,2025-12-21,2025-12-24,QR_SUR_PLACE,R53769323,1,9,10,7,9,7,9,L'ambiance dans les tribunes vaut le deplacement
SAT0002457,POST_MATCH,M015,2025-12-21,2025-12-24,EMAIL,R54572420,1,10,8,8,8,8,7,
SAT0002461,POST_MATCH,M015,2025-12-21,2025-12-24,SMS,R52019342,1,8,9,6,8,10,10,
SAT0002463,POST_MATCH,M015,2025-12-21,2025-12-24,EMAIL,R52405532,1,10,6,8,7,9,9,L'ambiance dans les tribunes vaut le deplacement
SAT0002482,POST_MATCH,M015,2025-12-21,2025-12-24,EMAIL,R57287531,1,10,9,7,7,7,9,"Super ambiance, on reviendra"
SAT0002486,POST_MATCH,M015,2025-12-21,2025-12-24,EMAIL,R58899108,1,9,6,4,8,9,8,
SAT0002495,POST_MATCH,M015,2025-12-21,2025-12-24,EMAIL,R55235887,1,8,9,9,6,10,10,
SAT0002502,POST_MATCH,M015,2025-12-21,2025-12-24,SMS,R51213448,1,9,7,7,6,7,9,
SAT0002506,POST_MATCH,M015,2025-12-21,2025-12-24,SMS,R53064708,1,9,8,6,5,9,9,"Super ambiance, on reviendra"
SAT0002508,POST_MATCH,M015,2025-12-21,2025-12-24,EMAIL,R56680182,1,8,8,8,6,9,9,Match intense du debut a la fin
SAT0002514,POST_MATCH,M015,2025-12-21,2025-12-24,EMAIL,R59411710,1,9,8,8,5,8,9,
SAT0002518,POST_MATCH,M015,2025-12-21,2025-12-24,EMAIL,R56256053,1,8,8,7,9,9,8,
SAT0002519,POST_MATCH,M015,2025-12-21,2025-12-24,EMAIL,R56850050,1,5,8,6,7,9,7,
SAT0002523,POST_MATCH,M015,2025-12-21,2025-12-24,QR_SUR_PLACE,R56390109,1,10,9,9,9,8,8,
SAT0002524,POST_MATCH,M015,2025-12-21,2025-12-24,EMAIL,R56786988,0,9,10,5,6,7,8,
SAT0002528,POST_MATCH,M015,2025-12-21,2025-12-24,EMAIL,R53803584,1,7,10,7,7,8,9,
SAT0002539,POST_MATCH,M015,2025-12-21,2025-12-24,EMAIL,R53324007,0,8,9,6,8,10,10,"Super ambiance, on reviendra"
SAT0002546,POST_MATCH,M015,2025-12-21,2025-12-24,SMS,R59116120,0,7,10,7,8,8,8,
SAT0002548,POST_MATCH,M015,2025-12-21,2025-12-24,EMAIL,R51290897,1,8,8,6,9,8,8,
SAT0002553,POST_MATCH,M015,2025-12-21,2025-12-24,EMAIL,R54212522,1,9,8,7,7,8,10,
SAT0002554,POST_MATCH,M015,2025-12-21,2025-12-24,EMAIL,R57789789,0,7,10,8,6,9,10,
SAT0002556,POST_MATCH,M015,2025-12-21,2025-12-24,EMAIL,R56477825,0,7,8,7,7,7,8,
SAT0002557,POST_MATCH,M015,2025-12-21,2025-12-24,EMAIL,R56509088,0,7,9,6,6,6,6,
SAT0002564,POST_MATCH,M015,2025-12-21,2025-12-24,EMAIL,R51740082,1,10,8,6,7,6,9,
SAT0002565,POST_MATCH,M015,2025-12-21,2025-12-24,QR_SUR_PLACE,R55015274,0,6,10,8,7,8,7,
SAT0002572,POST_MATCH,M015,2025-12-21,2025-12-24,EMAIL,R59962328,0,8,10,9,10,9,10,"Premiere fois ici, tres agreable surprise"
SAT0002574,POST_MATCH,M016,2025-12-23,2025-12-24,QR_SUR_PLACE,R51974670,1,10,10,5,8,8,10,
SAT0002575,POST_MATCH,M016,2025-12-23,2025-12-24,SMS,R52111369,1,10,8,6,7,8,9,
SAT0002579,POST_MATCH,M016,2025-12-23,2025-12-24,QR_SUR_PLACE,R54956302,1,10,7,6,8,8,7,
SAT0002580,POST_MATCH,M016,2025-12-23,2025-12-24,EMAIL,R56002693,1,10,9,8,7,7,9,"Super ambiance, on reviendra"
SAT0002582,POST_MATCH,M016,2025-12-23,2025-12-24,QR_SUR_PLACE,R57900541,1,8,7,7,8,10,10,"Super ambiance, on reviendra"
SAT0002588,POST_MATCH,M016,2025-12-23,2025-12-24,EMAIL,R52074043,1,8,9,7,6,8,8,Match intense du debut a la fin
SAT0002589,POST_MATCH,M016,2025-12-23,2025-12-24,QR_SUR_PLACE,R52164767,1,8,10,7,5,8,10,
SAT0002590,POST_MATCH,M016,2025-12-23,2025-12-24,EMAIL,R54524817,1,10,10,7,8,7,8,
SAT0002591,POST_MATCH,M016,2025-12-23,2025-12-24,EMAIL,R56513389,1,9,8,7,6,10,9,"Premiere fois ici, tres agreable surprise"
SAT0002592,POST_MATCH,M016,2025-12-23,2025-12-24,EMAIL,R56538522,1,9,8,6,9,8,8,L'ambiance dans les tribunes vaut le deplacement
SAT0002593,POST_MATCH,M016,2025-12-23,2025-12-24,SMS,R58223046,1,8,9,7,7,10,10,
SAT0002594,POST_MATCH,M016,2025-12-23,2025-12-24,EMAIL,R59168292,1,9,8,8,6,8,9,
SAT0002596,POST_MATCH,M016,2025-12-23,2025-12-24,EMAIL,R59960901,1,10,6,8,6,10,10,Correct dans l'ensemble
SAT0002597,POST_MATCH,M016,2025-12-23,2025-12-24,QR_SUR_PLACE,R52195484,1,9,9,8,8,7,8,Bon rapport qualite prix
SAT0002598,POST_MATCH,M016,2025-12-23,2025-12-24,SMS,R52446201,1,8,10,8,6,10,7,
SAT0002601,POST_MATCH,M016,2025-12-23,2025-12-24,EMAIL,R56269482,1,8,10,7,7,8,8,"Premiere fois ici, tres agreable surprise"
SAT0002603,POST_MATCH,M016,2025-12-23,2025-12-24,EMAIL,R57695933,1,9,9,6,8,7,8,Match intense du debut a la fin
SAT0002608,POST_MATCH,M016,2025-12-23,2025-12-24,EMAIL,R51393747,1,9,9,8,5,9,9,"Super ambiance, on reviendra"
SAT0002609,POST_MATCH,M016,2025-12-23,2025-12-24,EMAIL,R52346349,1,8,9,8,7,9,9,
SAT0002612,POST_MATCH,M016,2025-12-23,2025-12-24,EMAIL,R54678814,1,9,9,7,8,9,9,Bon rapport qualite prix
SAT0002613,POST_MATCH,M016,2025-12-23,2025-12-24,QR_SUR_PLACE,R55880907,1,10,7,7,8,8,10,
SAT0002616,POST_MATCH,M016,2025-12-23,2025-12-24,EMAIL,R58387464,1,7,7,6,6,10,8,
SAT0002622,POST_MATCH,M016,2025-12-23,2025-12-24,EMAIL,R56680326,1,10,7,6,8,8,9,
SAT0002626,POST_MATCH,M016,2025-12-23,2025-12-24,EMAIL,R59023212,1,9,8,6,6,7,9,
SAT0002627,POST_MATCH,M016,2025-12-23,2025-12-24,EMAIL,R59218759,1,10,6,7,6,7,8,Correct dans l'ensemble
SAT0002628,POST_MATCH,M016,2025-12-23,2025-12-24,EMAIL,R51012595,1,8,10,6,6,10,10,
SAT0002629,POST_MATCH,M016,2025-12-23,2025-12-24,SMS,R51295801,1,8,7,7,4,9,9,Tres bonne organisation
SAT0002637,POST_MATCH,M016,2025-12-23,2025-12-24,EMAIL,R57680196,1,9,8,8,7,7,8,
SAT0002638,POST_MATCH,M016,2025-12-23,2025-12-24,EMAIL,R58618086,1,8,9,8,6,7,10,L'ambiance dans les tribunes vaut le deplacement
SAT0002639,POST_MATCH,M016,2025-12-23,2025-12-24,EMAIL,R58922134,1,8,10,8,8,8,10,
SAT0002643,POST_MATCH,M016,2025-12-23,2025-12-24,EMAIL,R53031884,1,7,8,8,7,9,9,
SAT0002646,POST_MATCH,M016,2025-12-23,2025-12-24,QR_SUR_PLACE,R54451592,1,9,10,8,6,8,10,Match intense du debut a la fin
SAT0002647,POST_MATCH,M016,2025-12-23,2025-12-24,EMAIL,R54576644,1,8,9,8,7,6,9,
SAT0002648,POST_MATCH,M016,2025-12-23,2025-12-24,EMAIL,R54941379,1,8,9,8,6,8,9,"Super ambiance, on reviendra"
SAT0002651,POST_MATCH,M016,2025-12-23,2025-12-24,EMAIL,R57915042,1,6,7,7,8,9,8,
SAT0002652,POST_MATCH,M016,2025-12-23,2025-12-24,QR_SUR_PLACE,R58435479,1,8,9,8,9,9,9,
SAT0002656,POST_MATCH,M016,2025-12-23,2025-12-24,EMAIL,R52288382,1,8,7,6,6,7,8,
SAT0002657,POST_MATCH,M016,2025-12-23,2025-12-24,EMAIL,R52615111,1,8,6,6,7,7,8,Bon rapport qualite prix
SAT0002658,POST_MATCH,M016,2025-12-23,2025-12-24,EMAIL,R52667829,1,7,9,7,8,10,9,Correct dans l'ensemble
SAT0002661,POST_MATCH,M016,2025-12-23,2025-12-24,EMAIL,R54946963,1,10,9,8,7,10,10,L'ambiance dans les tribunes vaut le deplacement
SAT0002662,POST_MATCH,M016,2025-12-23,2025-12-24,EMAIL,R55567932,1,6,7,6,6,6,5,
SAT0002664,POST_MATCH,M016,2025-12-23,2025-12-24,EMAIL,R55866463,1,8,10,6,5,9,10,"Premiere fois ici, tres agreable surprise"
SAT0002667,POST_MATCH,M016,2025-12-23,2025-12-24,EMAIL,R57389155,1,8,6,6,7,10,9,Bon rapport qualite prix
SAT0002673,POST_MATCH,M016,2025-12-23,2025-12-24,QR_SUR_PLACE,R59492358,1,8,9,9,7,7,7,L'ambiance dans les tribunes vaut le deplacement
SAT0002678,POST_MATCH,M016,2025-12-23,2025-12-24,SMS,R57615419,1,7,8,5,7,8,8,
SAT0002681,POST_MATCH,M016,2025-12-23,2025-12-24,EMAIL,R58930917,1,9,9,8,8,8,9,Rien a signaler
SAT0002682,POST_MATCH,M016,2025-12-23,2025-12-24,EMAIL,R59209219,1,8,10,8,6,8,8,L'ambiance dans les tribunes vaut le deplacement
SAT0002684,POST_MATCH,M016,2025-12-23,2025-12-24,EMAIL,R55015140,1,8,10,8,5,7,10,
SAT0002688,POST_MATCH,M016,2025-12-23,2025-12-24,EMAIL,R58453457,1,6,8,8,8,7,7,
SAT0002689,POST_MATCH,M016,2025-12-23,2025-12-24,EMAIL,R59625513,1,6,6,5,7,8,7,
SAT0002692,POST_MATCH,M016,2025-12-23,2025-12-24,EMAIL,R51557274,1,10,9,7,9,7,9,
SAT0002693,POST_MATCH,M016,2025-12-23,2025-12-24,EMAIL,R52059934,1,7,9,8,7,10,7,
SAT0002695,POST_MATCH,M016,2025-12-23,2025-12-24,EMAIL,R53908129,1,9,7,7,5,7,7,
SAT0002697,POST_MATCH,M016,2025-12-23,2025-12-24,EMAIL,R57750413,1,8,8,6,6,7,8,"Super ambiance, on reviendra"
SAT0002700,POST_MATCH,M016,2025-12-23,2025-12-24,EMAIL,R51348921,1,9,8,7,6,9,10,Bon rapport qualite prix
SAT0002701,POST_MATCH,M016,2025-12-23,2025-12-24,QR_SUR_PLACE,R51681780,1,7,7,9,8,8,7,
SAT0002703,POST_MATCH,M016,2025-12-23,2025-12-24,EMAIL,R54545103,1,9,8,7,9,10,8,Match intense du debut a la fin
SAT0002706,POST_MATCH,M016,2025-12-23,2025-12-24,EMAIL,R56003430,1,9,7,8,8,7,8,
SAT0002709,POST_MATCH,M016,2025-12-23,2025-12-24,EMAIL,R51171831,1,9,9,7,7,8,10,
SAT0002714,POST_MATCH,M016,2025-12-23,2025-12-24,EMAIL,R55589109,1,9,9,6,6,7,8,"Premiere fois ici, tres agreable surprise"
SAT0002717,POST_MATCH,M016,2025-12-23,2025-12-24,EMAIL,R58800003,1,7,8,7,6,7,7,
SAT0002720,POST_MATCH,M016,2025-12-23,2025-12-24,EMAIL,R54668527,0,8,9,6,6,7,9,
SAT0002722,POST_MATCH,M016,2025-12-23,2025-12-24,EMAIL,R57716708,0,9,10,7,6,7,10,
SAT0002723,POST_MATCH,M016,2025-12-23,2025-12-24,EMAIL,R55331314,0,7,10,7,7,7,9,
SAT0002724,POST_MATCH,M016,2025-12-23,2025-12-24,EMAIL,R59096226,1,7,8,8,7,8,7,
SAT0002726,POST_MATCH,M016,2025-12-23,2025-12-24,EMAIL,R59558016,0,8,10,6,8,8,8,L'ambiance dans les tribunes vaut le deplacement
SAT0002728,POST_MATCH,M016,2025-12-23,2025-12-24,EMAIL,R53477736,0,9,9,8,5,7,7,
SAT0002729,POST_MATCH,M016,2025-12-23,2025-12-24,SMS,R53414262,1,8,7,6,6,9,9,Tres bonne organisation
SAT0002730,POST_MATCH,M016,2025-12-23,2025-12-24,EMAIL,R59030903,1,8,6,7,9,9,9,Bon rapport qualite prix
SAT0002732,POST_MATCH,M016,2025-12-23,2025-12-24,EMAIL,R57268116,0,7,9,5,6,10,9,
SAT0002736,POST_MATCH,M016,2025-12-23,2025-12-24,EMAIL,R54314280,0,8,8,7,8,8,9,
SAT0002737,POST_MATCH,M016,2025-12-23,2025-12-24,EMAIL,R53787234,1,10,8,7,6,8,10,L'ambiance dans les tribunes vaut le deplacement
SAT0002739,POST_MATCH,M016,2025-12-23,2025-12-24,EMAIL,R57174126,0,9,9,7,9,9,10,
SAT0002740,POST_MATCH,M016,2025-12-23,2025-12-24,EMAIL,R55820086,0,10,9,5,5,7,9,
SAT0002744,POST_MATCH,M016,2025-12-23,2025-12-24,SMS,R53136918,0,9,7,5,7,8,7,"Premiere fois ici, tres agreable surprise"
SAT0002746,POST_MATCH,M016,2025-12-23,2025-12-24,EMAIL,R56646745,0,9,9,8,7,8,10,"Premiere fois ici, tres agreable surprise"
SAT0002747,POST_MATCH,M016,2025-12-23,2025-12-24,SMS,R54005673,0,8,9,8,7,9,7,
SAT0002750,POST_MATCH,M016,2025-12-23,2025-12-24,EMAIL,R58424311,1,7,9,9,6,9,8,
SAT0002752,POST_MATCH,M016,2025-12-23,2025-12-24,EMAIL,R58959259,0,9,7,5,9,6,9,
SAT0002753,POST_MATCH,M016,2025-12-23,2025-12-24,QR_SUR_PLACE,R53163200,1,9,8,9,7,8,9,
SAT0002754,POST_MATCH,M016,2025-12-23,2025-12-24,EMAIL,R52303908,0,10,10,6,8,7,10,
SAT0002755,POST_MATCH,M016,2025-12-23,2025-12-24,QR_SUR_PLACE,R53922228,0,9,8,6,7,7,8,Tres bonne organisation
SAT0002756,POST_MATCH,M016,2025-12-23,2025-12-24,EMAIL,R51432289,0,8,7,7,6,10,8,"Super ambiance, on reviendra"
SAT0007977,GENERALE_MI_SAISON,,,2025-12-24,EMAIL,R56607724,,7,7,7,5,7,8,
SAT0007988,GENERALE_MI_SAISON,,,2025-12-24,EMAIL,R58450536,,7,9,7,7,8,6,
SAT0008004,GENERALE_MI_SAISON,,,2025-12-24,EMAIL,R55637948,,7,7,7,7,5,7,
SAT0008015,GENERALE_MI_SAISON,,,2025-12-24,EMAIL,R52110957,,6,5,6,7,6,6,
SAT0008026,GENERALE_MI_SAISON,,,2025-12-24,EMAIL,R51379169,,7,6,5,8,6,5,
SAT0008071,GENERALE_MI_SAISON,,,2025-12-24,EMAIL,R59467369,,7,8,6,8,5,7,
SAT0008087,GENERALE_MI_SAISON,,,2025-12-24,EMAIL,R54904264,,7,7,5,6,7,7,
SAT0008101,GENERALE_MI_SAISON,,,2025-12-24,EMAIL,R59858118,,8,9,5,7,4,7,Tres bonne organisation
SAT0008115,GENERALE_MI_SAISON,,,2025-12-24,EMAIL,R57831607,,6,8,6,5,7,7,
SAT0008149,GENERALE_MI_SAISON,,,2025-12-24,EMAIL,R51412405,,6,7,5,6,6,7,
SAT0008155,GENERALE_MI_SAISON,,,2025-12-24,EMAIL,R57215954,,9,8,5,7,7,8,
SAT0008187,GENERALE_MI_SAISON,,,2025-12-24,EMAIL,R51985282,,8,8,6,7,5,9,
SAT0008190,GENERALE_MI_SAISON,,,2025-12-24,EMAIL,R51644866,,6,7,8,6,7,7,
SAT0008196,GENERALE_MI_SAISON,,,2025-12-24,EMAIL,R59275768,,6,7,7,6,10,7,
SAT0008204,GENERALE_MI_SAISON,,,2025-12-24,EMAIL,R53464250,,8,6,4,7,4,7,
SAT0008250,GENERALE_MI_SAISON,,,2025-12-24,EMAIL,R56748302,,9,5,5,6,6,10,
SAT0008311,GENERALE_MI_SAISON,,,2025-12-24,EMAIL,R58402578,,8,6,5,4,6,9,Bon rapport qualite prix
SAT0008315,GENERALE_MI_SAISON,,,2025-12-24,EMAIL,R59283670,,7,6,6,6,6,6,
SAT0008322,GENERALE_MI_SAISON,,,2025-12-24,EMAIL,R57858579,,7,7,6,5,6,8,
SAT0008328,GENERALE_MI_SAISON,,,2025-12-24,EMAIL,R54276552,,6,5,5,6,10,6,
SAT0008360,GENERALE_MI_SAISON,,,2025-12-24,EMAIL,R54792822,,6,7,6,7,5,6,
SAT0008361,GENERALE_MI_SAISON,,,2025-12-24,EMAIL,R52951926,,6,9,7,8,6,6,
SAT0008362,GENERALE_MI_SAISON,,,2025-12-24,EMAIL,R58112361,,6,5,7,10,7,4,
SAT0008378,GENERALE_MI_SAISON,,,2025-12-24,EMAIL,R59902723,,6,8,8,6,6,6,
SAT0008409,GENERALE_MI_SAISON,,,2025-12-24,EMAIL,R53493128,,6,7,6,7,7,4,
SAT0008410,GENERALE_MI_SAISON,,,2025-12-24,EMAIL,R54648087,,7,7,6,8,8,6,
SAT0008448,GENERALE_MI_SAISON,,,2025-12-24,EMAIL,R56089193,,7,6,5,8,6,8,
SAT0008459,GENERALE_MI_SAISON,,,2025-12-24,EMAIL,R57333573,,6,6,7,5,5,6,
SAT0008480,GENERALE_MI_SAISON,,,2025-12-24,EMAIL,R57917283,,7,6,7,6,7,9,
SAT0008521,GENERALE_MI_SAISON,,,2025-12-24,EMAIL,R52214276,,6,5,6,5,7,6,
SAT0008532,GENERALE_MI_SAISON,,,2025-12-24,EMAIL,R58906876,,8,8,5,6,5,9,Match intense du debut a la fin
SAT0008544,GENERALE_MI_SAISON,,,2025-12-24,EMAIL,R51874952,,8,5,5,8,8,8,
SAT0008558,GENERALE_MI_SAISON,,,2025-12-24,EMAIL,R51510418,,7,8,6,9,8,6,
SAT0008588,GENERALE_MI_SAISON,,,2025-12-24,EMAIL,R54298955,,7,8,5,6,7,7,
SAT0008609,GENERALE_MI_SAISON,,,2025-12-24,EMAIL,R57741630,,6,7,6,7,7,8,
SAT0002376,POST_MATCH,M015,2025-12-21,2025-12-25,EMAIL,R56716838,1,10,9,8,6,8,10,Rien a signaler
SAT0002384,POST_MATCH,M015,2025-12-21,2025-12-25,QR_SUR_PLACE,R53897718,1,8,9,8,7,8,9,L'ambiance dans les tribunes vaut le deplacement
SAT0002406,POST_MATCH,M015,2025-12-21,2025-12-25,SMS,R52346349,1,8,8,7,5,10,8,
SAT0002421,POST_MATCH,M015,2025-12-21,2025-12-25,SMS,R52435914,1,9,9,7,6,8,9,
SAT0002428,POST_MATCH,M015,2025-12-21,2025-12-25,EMAIL,R58140492,1,9,9,6,6,6,10,"Premiere fois ici, tres agreable surprise"
SAT0002443,POST_MATCH,M015,2025-12-21,2025-12-25,EMAIL,R58405375,1,7,9,9,8,8,9,Correct dans l'ensemble
SAT0002444,POST_MATCH,M015,2025-12-21,2025-12-25,EMAIL,R58482000,1,9,9,7,6,7,9,Bon rapport qualite prix
SAT0002446,POST_MATCH,M015,2025-12-21,2025-12-25,EMAIL,R52548227,1,7,7,7,8,8,9,
SAT0002449,POST_MATCH,M015,2025-12-21,2025-12-25,EMAIL,R54252367,1,7,10,7,7,10,10,
SAT0002454,POST_MATCH,M015,2025-12-21,2025-12-25,SMS,R51232796,1,8,9,8,6,9,9,
SAT0002458,POST_MATCH,M015,2025-12-21,2025-12-25,EMAIL,R54690729,1,8,8,6,8,9,9,
SAT0002460,POST_MATCH,M015,2025-12-21,2025-12-25,EMAIL,R51148882,1,7,8,8,9,7,7,
SAT0002484,POST_MATCH,M015,2025-12-21,2025-12-25,EMAIL,R57548669,1,8,10,7,8,10,8,
SAT0002494,POST_MATCH,M015,2025-12-21,2025-12-25,EMAIL,R54991300,1,7,8,6,8,8,7,
SAT0002496,POST_MATCH,M015,2025-12-21,2025-12-25,EMAIL,R56106960,1,10,9,7,7,10,10,Match intense du debut a la fin
SAT0002513,POST_MATCH,M015,2025-12-21,2025-12-25,SMS,R58943378,1,7,9,3,9,8,8,
SAT0002544,POST_MATCH,M015,2025-12-21,2025-12-25,EMAIL,R51374878,0,7,9,8,7,7,9,
SAT0002563,POST_MATCH,M015,2025-12-21,2025-12-25,QR_SUR_PLACE,R51935706,0,8,10,6,6,9,9,
SAT0002578,POST_MATCH,M016,2025-12-23,2025-12-25,EMAIL,R53257066,1,9,9,7,7,8,9,
SAT0002581,POST_MATCH,M016,2025-12-23,2025-12-25,EMAIL,R57893185,1,7,7,7,8,9,10,
SAT0002583,POST_MATCH,M016,2025-12-23,2025-12-25,EMAIL,R58595683,1,6,9,7,6,7,9,
SAT0002584,POST_MATCH,M016,2025-12-23,2025-12-25,EMAIL,R58661887,1,8,8,8,8,8,9,
SAT0002599,POST_MATCH,M016,2025-12-23,2025-12-25,EMAIL,R53267621,1,8,10,7,7,10,10,
SAT0002600,POST_MATCH,M016,2025-12-23,2025-12-25,SMS,R55410056,1,9,8,6,7,6,9,
SAT0002602,POST_MATCH,M016,2025-12-23,2025-12-25,QR_SUR_PLACE,R56373692,1,9,9,8,5,8,10,
SAT0002604,POST_MATCH,M016,2025-12-23,2025-12-25,EMAIL,R59067827,1,8,6,7,6,9,7,L'ambiance dans les tribunes vaut le deplacement
SAT0002607,POST_MATCH,M016,2025-12-23,2025-12-25,SMS,R59750096,1,9,10,7,6,10,9,
SAT0002614,POST_MATCH,M016,2025-12-23,2025-12-25,QR_SUR_PLACE,R57888482,1,8,9,7,7,9,10,L'ambiance dans les tribunes vaut le deplacement
SAT0002619,POST_MATCH,M016,2025-12-23,2025-12-25,SMS,R53400163,1,8,7,8,6,7,7,Tres bonne organisation
SAT0002620,POST_MATCH,M016,2025-12-23,2025-12-25,SMS,R55421837,1,8,9,8,6,9,10,Tres bonne organisation
SAT0002624,POST_MATCH,M016,2025-12-23,2025-12-25,EMAIL,R57108200,1,8,8,7,6,8,9,
SAT0002625,POST_MATCH,M016,2025-12-23,2025-12-25,EMAIL,R57198924,1,8,9,6,7,7,8,"Super ambiance, on reviendra"
SAT0002631,POST_MATCH,M016,2025-12-23,2025-12-25,EMAIL,R52136837,1,9,9,9,9,9,8,L'ambiance dans les tribunes vaut le deplacement
SAT0002632,POST_MATCH,M016,2025-12-23,2025-12-25,EMAIL,R54137669,1,7,8,6,7,8,8,
SAT0002633,POST_MATCH,M016,2025-12-23,2025-12-25,EMAIL,R54797257,1,10,7,6,5,8,8,"Premiere fois ici, tres agreable surprise"
SAT0002634,POST_MATCH,M016,2025-12-23,2025-12-25,EMAIL,R55344666,1,8,10,8,6,10,10,
SAT0002636,POST_MATCH,M016,2025-12-23,2025-12-25,EMAIL,R56763761,1,9,9,8,6,8,9,Bon rapport qualite prix
SAT0002640,POST_MATCH,M016,2025-12-23,2025-12-25,EMAIL,R51959747,1,10,6,6,6,10,9,
SAT0002641,POST_MATCH,M016,2025-12-23,2025-12-25,EMAIL,R52097059,1,8,7,6,7,9,8,
SAT0002642,POST_MATCH,M016,2025-12-23,2025-12-25,EMAIL,R52566004,1,7,10,6,8,9,10,
SAT0002650,POST_MATCH,M016,2025-12-23,2025-12-25,EMAIL,R57760566,1,7,9,7,8,10,8,
SAT0002655,POST_MATCH,M016,2025-12-23,2025-12-25,EMAIL,R59804921,1,10,8,7,7,7,10,Correct dans l'ensemble
SAT0002659,POST_MATCH,M016,2025-12-23,2025-12-25,QR_SUR_PLACE,R53985779,1,9,8,5,8,9,9,"Premiere fois ici, tres agreable surprise"
SAT0002665,POST_MATCH,M016,2025-12-23,2025-12-25,SMS,R56166833,1,9,9,5,5,8,9,
SAT0002670,POST_MATCH,M016,2025-12-23,2025-12-25,EMAIL,R58807024,1,10,8,7,8,8,9,Sans plus
SAT0002671,POST_MATCH,M016,2025-12-23,2025-12-25,SMS,R58982955,1,9,8,7,7,8,10,"Premiere fois ici, tres agreable surprise"
SAT0002676,POST_MATCH,M016,2025-12-23,2025-12-25,SMS,R54722672,1,6,8,6,6,8,7,
SAT0002685,POST_MATCH,M016,2025-12-23,2025-12-25,EMAIL,R55672276,1,8,8,9,8,8,9,
SAT0002687,POST_MATCH,M016,2025-12-23,2025-12-25,EMAIL,R56307344,1,6,10,10,7,6,7,Sans plus
SAT0002691,POST_MATCH,M016,2025-12-23,2025-12-25,EMAIL,R51153920,1,9,7,7,8,9,9,
SAT0002704,POST_MATCH,M016,2025-12-23,2025-12-25,EMAIL,R54979720,1,8,10,8,8,7,8,
SAT0002710,POST_MATCH,M016,2025-12-23,2025-12-25,EMAIL,R52130563,1,8,9,9,5,9,9,
SAT0002711,POST_MATCH,M016,2025-12-23,2025-12-25,EMAIL,R53826121,1,7,10,8,6,7,9,
SAT0002712,POST_MATCH,M016,2025-12-23,2025-12-25,QR_SUR_PLACE,R54166336,1,7,6,9,7,9,7,
SAT0002713,POST_MATCH,M016,2025-12-23,2025-12-25,SMS,R55167365,1,7,8,8,8,10,9,
SAT0002715,POST_MATCH,M016,2025-12-23,2025-12-25,EMAIL,R57651241,1,9,6,5,7,8,8,
SAT0002716,POST_MATCH,M016,2025-12-23,2025-12-25,QR_SUR_PLACE,R58299795,1,8,8,8,8,9,9,
SAT0002718,POST_MATCH,M016,2025-12-23,2025-12-25,QR_SUR_PLACE,R59091791,1,8,8,7,6,9,9,
SAT0002719,POST_MATCH,M016,2025-12-23,2025-12-25,EMAIL,R57182229,1,8,6,9,9,8,6,Bon rapport qualite prix
SAT0002727,POST_MATCH,M016,2025-12-23,2025-12-25,QR_SUR_PLACE,R55323613,1,9,7,7,8,10,9,Match intense du debut a la fin
SAT0002733,POST_MATCH,M016,2025-12-23,2025-12-25,EMAIL,R57106361,0,7,10,5,7,8,10,
SAT0002735,POST_MATCH,M016,2025-12-23,2025-12-25,EMAIL,R51913494,0,7,9,4,6,8,8,Correct dans l'ensemble
SAT0002741,POST_MATCH,M016,2025-12-23,2025-12-25,EMAIL,R58071012,0,6,10,7,7,9,9,
SAT0002748,POST_MATCH,M016,2025-12-23,2025-12-25,SMS,R54897243,1,8,7,5,6,8,7,"Super ambiance, on reviendra"
SAT0002749,POST_MATCH,M016,2025-12-23,2025-12-25,EMAIL,R57492350,0,9,10,7,5,10,10,"Super ambiance, on reviendra"
SAT0007975,GENERALE_MI_SAISON,,,2025-12-25,EMAIL,R58464357,,7,8,6,8,7,8,
SAT0008002,GENERALE_MI_SAISON,,,2025-12-25,EMAIL,R58670258,,6,9,5,6,6,8,
SAT0008003,GENERALE_MI_SAISON,,,2025-12-25,EMAIL,R53375710,,10,7,8,5,7,10,L'ambiance dans les tribunes vaut le deplacement
SAT0008005,GENERALE_MI_SAISON,,,2025-12-25,EMAIL,R59612238,,7,5,6,6,6,6,
SAT0008008,GENERALE_MI_SAISON,,,2025-12-25,EMAIL,R57823772,,7,8,7,9,5,7,
SAT0008035,GENERALE_MI_SAISON,,,2025-12-25,EMAIL,R51431542,,6,8,6,8,5,6,
SAT0008055,GENERALE_MI_SAISON,,,2025-12-25,EMAIL,R59469131,,7,8,6,6,7,8,
SAT0008064,GENERALE_MI_SAISON,,,2025-12-25,EMAIL,R55724659,,7,7,7,8,7,7,
SAT0008065,GENERALE_MI_SAISON,,,2025-12-25,EMAIL,R56686188,,7,9,6,5,6,8,
SAT0008075,GENERALE_MI_SAISON,,,2025-12-25,EMAIL,R58130818,,7,8,5,6,5,7,
SAT0008078,GENERALE_MI_SAISON,,,2025-12-25,EMAIL,R58787063,,5,7,6,6,6,5,
SAT0008082,GENERALE_MI_SAISON,,,2025-12-25,EMAIL,R59307165,,7,5,8,7,6,6,
SAT0008085,GENERALE_MI_SAISON,,,2025-12-25,EMAIL,R52755287,,7,6,6,9,7,7,
SAT0008097,GENERALE_MI_SAISON,,,2025-12-25,EMAIL,R59628789,,7,9,6,6,6,7,
SAT0008098,GENERALE_MI_SAISON,,,2025-12-25,EMAIL,R56833164,,7,6,5,8,5,8,
SAT0008114,GENERALE_MI_SAISON,,,2025-12-25,EMAIL,R51527170,,6,8,5,7,5,7,
SAT0008129,GENERALE_MI_SAISON,,,2025-12-25,EMAIL,R54410243,,8,8,4,6,5,8,
SAT0008153,GENERALE_MI_SAISON,,,2025-12-25,EMAIL,R54133110,,6,6,5,6,6,5,
SAT0008189,GENERALE_MI_SAISON,,,2025-12-25,EMAIL,R57262877,,5,6,5,6,7,5,
SAT0008191,GENERALE_MI_SAISON,,,2025-12-25,EMAIL,R56227118,,7,6,7,8,5,6,
SAT0008195,GENERALE_MI_SAISON,,,2025-12-25,EMAIL,R53759247,,8,8,7,6,7,9,L'ambiance dans les tribunes vaut le deplacement
SAT0008200,GENERALE_MI_SAISON,,,2025-12-25,EMAIL,R56138223,,8,10,7,8,7,7,Tres bonne organisation
SAT0008209,GENERALE_MI_SAISON,,,2025-12-25,EMAIL,R55594023,,7,7,7,8,7,7,
SAT0008233,GENERALE_MI_SAISON,,,2025-12-25,EMAIL,R59653577,,7,7,5,7,7,7,
SAT0008243,GENERALE_MI_SAISON,,,2025-12-25,EMAIL,R53508731,,9,6,5,8,7,9,"Super ambiance, on reviendra"
SAT0008249,GENERALE_MI_SAISON,,,2025-12-25,EMAIL,R55672276,,9,7,8,9,8,7,
SAT0008264,GENERALE_MI_SAISON,,,2025-12-25,EMAIL,R52926927,,7,9,6,6,8,8,
SAT0008268,GENERALE_MI_SAISON,,,2025-12-25,EMAIL,R59401845,,8,9,7,7,7,8,
SAT0008277,GENERALE_MI_SAISON,,,2025-12-25,EMAIL,R54584958,,5,8,6,7,7,4,
SAT0008291,GENERALE_MI_SAISON,,,2025-12-25,EMAIL,R53439328,,7,9,7,7,7,8,
SAT0008295,GENERALE_MI_SAISON,,,2025-12-25,EMAIL,R51575061,,6,6,6,7,6,6,
SAT0008341,GENERALE_MI_SAISON,,,2025-12-25,EMAIL,R56157092,,7,7,7,9,7,8,
SAT0008347,GENERALE_MI_SAISON,,,2025-12-25,EMAIL,R54979107,,6,8,7,8,6,7,
SAT0008375,GENERALE_MI_SAISON,,,2025-12-25,EMAIL,R58669233,,7,7,9,9,5,7,
SAT0008384,GENERALE_MI_SAISON,,,2025-12-25,EMAIL,R53392462,,6,9,6,8,7,6,
SAT0008396,GENERALE_MI_SAISON,,,2025-12-25,EMAIL,R59054542,,9,8,5,8,8,9,"Super ambiance, on reviendra"
SAT0008403,GENERALE_MI_SAISON,,,2025-12-25,EMAIL,R52242005,,6,5,7,7,6,7,
SAT0008405,GENERALE_MI_SAISON,,,2025-12-25,EMAIL,R58612569,,8,8,6,7,6,9,
SAT0008411,GENERALE_MI_SAISON,,,2025-12-25,EMAIL,R52338447,,8,7,5,7,6,8,
SAT0008466,GENERALE_MI_SAISON,,,2025-12-25,EMAIL,R59899045,,7,8,6,7,6,7,
SAT0008475,GENERALE_MI_SAISON,,,2025-12-25,EMAIL,R55499487,,7,9,6,6,7,7,
SAT0008483,GENERALE_MI_SAISON,,,2025-12-25,EMAIL,R59426087,,4,6,6,8,7,4,
SAT0008491,GENERALE_MI_SAISON,,,2025-12-25,EMAIL,R53272659,,7,7,6,7,8,8,
SAT0008498,GENERALE_MI_SAISON,,,2025-12-25,EMAIL,R51456273,,5,5,6,4,7,6,
SAT0008503,GENERALE_MI_SAISON,,,2025-12-25,EMAIL,R51945169,,10,6,6,8,7,10,
SAT0008518,GENERALE_MI_SAISON,,,2025-12-25,EMAIL,R57740069,,7,6,5,6,6,8,
SAT0008536,GENERALE_MI_SAISON,,,2025-12-25,EMAIL,R58579132,,5,8,6,8,7,4,
SAT0008549,GENERALE_MI_SAISON,,,2025-12-25,EMAIL,R54015749,,7,8,6,8,8,8,
SAT0008565,GENERALE_MI_SAISON,,,2025-12-25,EMAIL,R55819473,,6,8,6,7,8,6,
SAT0008571,GENERALE_MI_SAISON,,,2025-12-25,EMAIL,R51262977,,5,5,6,7,7,3,
SAT0008572,GENERALE_MI_SAISON,,,2025-12-25,EMAIL,R53224634,,7,7,7,8,6,8,
SAT0008582,GENERALE_MI_SAISON,,,2025-12-25,EMAIL,R51011101,,6,8,7,8,6,6,
SAT0008604,GENERALE_MI_SAISON,,,2025-12-25,EMAIL,R55753882,,6,7,6,5,8,7,
SAT0002370,POST_MATCH,M015,2025-12-21,2025-12-26,EMAIL,R52669199,1,7,9,7,9,9,10,
SAT0002379,POST_MATCH,M015,2025-12-21,2025-12-26,EMAIL,R58683955,1,9,8,7,7,9,8,
SAT0002411,POST_MATCH,M015,2025-12-21,2025-12-26,EMAIL,R54336147,1,10,8,7,8,9,9,
SAT0002413,POST_MATCH,M015,2025-12-21,2025-12-26,SMS,R54808157,1,10,5,8,5,9,7,
SAT0002422,POST_MATCH,M015,2025-12-21,2025-12-26,EMAIL,R53063626,1,8,8,8,9,9,8,
SAT0002423,POST_MATCH,M015,2025-12-21,2025-12-26,EMAIL,R53351123,1,6,10,7,7,10,10,
SAT0002425,POST_MATCH,M015,2025-12-21,2025-12-26,QR_SUR_PLACE,R54576510,1,9,9,8,5,8,10,
SAT0002434,POST_MATCH,M015,2025-12-21,2025-12-26,EMAIL,R53239624,1,9,6,7,9,8,8,
SAT0002455,POST_MATCH,M015,2025-12-21,2025-12-26,SMS,R53283281,1,9,9,9,7,9,9,
SAT0002456,POST_MATCH,M015,2025-12-21,2025-12-26,EMAIL,R53636982,1,9,7,6,7,9,8,L'ambiance dans les tribunes vaut le deplacement
SAT0002468,POST_MATCH,M015,2025-12-21,2025-12-26,EMAIL,R57615419,1,10,9,7,8,10,10,L'ambiance dans les tribunes vaut le deplacement
SAT0002470,POST_MATCH,M015,2025-12-21,2025-12-26,EMAIL,R59936850,1,10,8,7,6,7,8,
SAT0002497,POST_MATCH,M015,2025-12-21,2025-12-26,EMAIL,R56138223,1,7,9,7,6,7,6,
SAT0002510,POST_MATCH,M015,2025-12-21,2025-12-26,EMAIL,R57174260,1,8,9,5,8,9,7,Match intense du debut a la fin
SAT0002520,POST_MATCH,M015,2025-12-21,2025-12-26,EMAIL,R58303473,1,9,7,7,6,7,8,"Super ambiance, on reviendra"
SAT0002527,POST_MATCH,M015,2025-12-21,2025-12-26,EMAIL,R58439023,0,10,8,7,6,8,9,Sans plus
SAT0002538,POST_MATCH,M015,2025-12-21,2025-12-26,SMS,R59809547,0,9,9,7,7,10,9,Rien a signaler
SAT0002558,POST_MATCH,M015,2025-12-21,2025-12-26,EMAIL,R55883359,0,7,10,8,8,9,9,
SAT0002561,POST_MATCH,M015,2025-12-21,2025-12-26,QR_SUR_PLACE,R53536728,0,10,9,7,9,8,10,L'ambiance dans les tribunes vaut le deplacement
SAT0002577,POST_MATCH,M016,2025-12-23,2025-12-26,EMAIL,R53234998,1,9,8,6,7,7,9,
SAT0002587,POST_MATCH,M016,2025-12-23,2025-12-26,EMAIL,R59547672,1,6,8,8,7,8,6,
SAT0002595,POST_MATCH,M016,2025-12-23,2025-12-26,SMS,R59787422,1,9,8,8,7,10,8,L'ambiance dans les tribunes vaut le deplacement
SAT0002606,POST_MATCH,M016,2025-12-23,2025-12-26,EMAIL,R59694313,1,7,9,7,7,7,8,
SAT0002615,POST_MATCH,M016,2025-12-23,2025-12-26,EMAIL,R57905033,1,7,8,7,6,8,10,Rien a signaler
SAT0002617,POST_MATCH,M016,2025-12-23,2025-12-26,SMS,R58898093,1,8,10,7,7,8,8,"Super ambiance, on reviendra"
SAT0002621,POST_MATCH,M016,2025-12-23,2025-12-26,EMAIL,R56217511,1,8,9,8,5,8,9,
SAT0002623,POST_MATCH,M016,2025-12-23,2025-12-26,EMAIL,R57066516,1,8,9,6,7,10,10,
SAT0002644,POST_MATCH,M016,2025-12-23,2025-12-26,EMAIL,R53131803,1,7,7,7,8,9,8,
SAT0002645,POST_MATCH,M016,2025-12-23,2025-12-26,EMAIL,R54151222,1,10,10,7,7,8,9,Match intense du debut a la fin
SAT0002666,POST_MATCH,M016,2025-12-23,2025-12-26,SMS,R56811709,1,8,8,7,8,8,7,L'ambiance dans les tribunes vaut le deplacement
SAT0002669,POST_MATCH,M016,2025-12-23,2025-12-26,EMAIL,R57823772,1,7,9,6,8,9,8,
SAT0002674,POST_MATCH,M016,2025-12-23,2025-12-26,QR_SUR_PLACE,R52381625,1,7,8,5,6,8,9,
SAT0002675,POST_MATCH,M016,2025-12-23,2025-12-26,EMAIL,R54708573,1,9,10,5,8,7,10,L'ambiance dans les tribunes vaut le deplacement
SAT0002679,POST_MATCH,M016,2025-12-23,2025-12-26,EMAIL,R58376152,1,7,10,5,8,10,10,
SAT0002699,POST_MATCH,M016,2025-12-23,2025-12-26,EMAIL,R51218352,1,10,8,7,7,10,10,
SAT0002702,POST_MATCH,M016,2025-12-23,2025-12-26,EMAIL,R52719589,1,7,7,5,8,9,8,
SAT0002707,POST_MATCH,M016,2025-12-23,2025-12-26,EMAIL,R57112960,1,8,10,6,8,7,10,
SAT0002708,POST_MATCH,M016,2025-12-23,2025-12-26,EMAIL,R59613387,1,10,8,7,8,6,8,
SAT0002725,POST_MATCH,M016,2025-12-23,2025-12-26,EMAIL,R56975591,0,8,9,8,8,7,8,Match intense du debut a la fin
SAT0002731,POST_MATCH,M016,2025-12-23,2025-12-26,EMAIL,R54709253,0,8,10,4,7,7,8,
SAT0002734,POST_MATCH,M016,2025-12-23,2025-12-26,EMAIL,R59759626,0,8,9,5,6,8,9,Tres bonne organisation
SAT0002742,POST_MATCH,M016,2025-12-23,2025-12-26,QR_SUR_PLACE,R54355418,0,9,7,7,8,8,8,Sans plus
SAT0007968,GENERALE_MI_SAISON,,,2025-12-26,EMAIL,R53839406,,6,8,5,7,5,8,
SAT0007971,GENERALE_MI_SAISON,,,2025-12-26,EMAIL,R56906111,,8,6,9,8,7,8,
SAT0008028,GENERALE_MI_SAISON,,,2025-12-26,EMAIL,R59828483,,7,8,6,6,7,6,
SAT0008051,GENERALE_MI_SAISON,,,2025-12-26,EMAIL,R57688577,,6,7,4,8,7,7,
SAT0008053,GENERALE_MI_SAISON,,,2025-12-26,EMAIL,R59253700,,9,7,6,6,7,7,
SAT0008059,GENERALE_MI_SAISON,,,2025-12-26,EMAIL,R51501558,,6,6,6,6,7,6,
SAT0008083,GENERALE_MI_SAISON,,,2025-12-26,EMAIL,R55725674,,9,8,6,7,5,10,
SAT0008099,GENERALE_MI_SAISON,,,2025-12-26,EMAIL,R53855756,,8,8,6,7,6,9,
SAT0008100,GENERALE_MI_SAISON,,,2025-12-26,EMAIL,R53746910,,8,9,8,8,7,9,
SAT0008121,GENERALE_MI_SAISON,,,2025-12-26,EMAIL,R58816554,,7,7,7,7,7,7,
SAT0008123,GENERALE_MI_SAISON,,,2025-12-26,EMAIL,R52846413,,6,7,4,5,6,7,
SAT0008136,GENERALE_MI_SAISON,,,2025-12-26,EMAIL,R56621277,,6,8,6,8,6,6,
SAT0008152,GENERALE_MI_SAISON,,,2025-12-26,EMAIL,R56143127,,7,9,6,6,7,7,
SAT0008162,GENERALE_MI_SAISON,,,2025-12-26,EMAIL,R54368569,,8,6,8,6,8,8,
SAT0008185,GENERALE_MI_SAISON,,,2025-12-26,EMAIL,R52614632,,6,8,6,7,6,8,
SAT0008218,GENERALE_MI_SAISON,,,2025-12-26,EMAIL,R58701119,,6,7,7,8,6,7,
SAT0008219,GENERALE_MI_SAISON,,,2025-12-26,EMAIL,R56411832,,5,8,6,8,6,4,
SAT0008226,GENERALE_MI_SAISON,,,2025-12-26,EMAIL,R52221565,,7,7,4,6,6,6,
SAT0008237,GENERALE_MI_SAISON,,,2025-12-26,EMAIL,R52739004,,5,6,7,4,5,6,
SAT0008238,GENERALE_MI_SAISON,,,2025-12-26,EMAIL,R59923163,,5,8,4,8,5,5,
SAT0008271,GENERALE_MI_SAISON,,,2025-12-26,EMAIL,R55566237,,9,9,6,6,7,8,L'ambiance dans les tribunes vaut le deplacement
SAT0008278,GENERALE_MI_SAISON,,,2025-12-26,EMAIL,R56402292,,7,8,5,6,9,6,
SAT0008284,GENERALE_MI_SAISON,,,2025-12-26,EMAIL,R51604485,,5,6,5,4,6,5,
SAT0008297,GENERALE_MI_SAISON,,,2025-12-26,EMAIL,R54012272,,9,10,7,8,7,8,
SAT0008298,GENERALE_MI_SAISON,,,2025-12-26,EMAIL,R58088119,,7,7,6,7,6,8,
SAT0008300,GENERALE_MI_SAISON,,,2025-12-26,EMAIL,R58408718,,7,9,5,8,6,6,
SAT0008303,GENERALE_MI_SAISON,,,2025-12-26,EMAIL,R53204750,,6,6,7,6,6,7,
SAT0008304,GENERALE_MI_SAISON,,,2025-12-26,EMAIL,R55927428,,5,7,8,8,6,5,
SAT0008314,GENERALE_MI_SAISON,,,2025-12-26,EMAIL,R57545058,,6,7,7,5,5,5,
SAT0008316,GENERALE_MI_SAISON,,,2025-12-26,EMAIL,R55208781,,5,9,6,6,8,3,
SAT0008323,GENERALE_MI_SAISON,,,2025-12-26,EMAIL,R52851796,,8,7,4,6,6,8,
SAT0008334,GENERALE_MI_SAISON,,,2025-12-26,EMAIL,R54695288,,7,9,5,5,6,7,
SAT0008363,GENERALE_MI_SAISON,,,2025-12-26,EMAIL,R55045043,,5,9,5,5,6,4,
SAT0008366,GENERALE_MI_SAISON,,,2025-12-26,EMAIL,R58052076,,6,9,6,9,7,6,
SAT0008386,GENERALE_MI_SAISON,,,2025-12-26,EMAIL,R58381257,,9,7,7,6,5,10,"Premiere fois ici, tres agreable surprise"
SAT0008398,GENERALE_MI_SAISON,,,2025-12-26,EMAIL,R57967080,,10,6,6,8,6,9,L'ambiance dans les tribunes vaut le deplacement
SAT0008412,GENERALE_MI_SAISON,,,2025-12-26,EMAIL,R53109524,,6,5,6,5,9,6,
SAT0008435,GENERALE_MI_SAISON,,,2025-12-26,EMAIL,R52733018,,5,7,5,10,7,4,
SAT0008437,GENERALE_MI_SAISON,,,2025-12-26,EMAIL,R54534692,,6,7,6,6,5,6,
SAT0008445,GENERALE_MI_SAISON,,,2025-12-26,EMAIL,R59331072,,6,6,7,7,7,6,
SAT0008477,GENERALE_MI_SAISON,,,2025-12-26,EMAIL,R52701065,,5,8,6,6,6,5,
SAT0008482,GENERALE_MI_SAISON,,,2025-12-26,EMAIL,R51806976,,10,4,6,6,7,9,
SAT0008495,GENERALE_MI_SAISON,,,2025-12-26,EMAIL,R56051733,,8,8,7,6,4,8,
SAT0008515,GENERALE_MI_SAISON,,,2025-12-26,EMAIL,R55331113,,6,8,7,8,7,6,
SAT0008520,GENERALE_MI_SAISON,,,2025-12-26,EMAIL,R57415648,,7,6,6,7,6,8,
SAT0008552,GENERALE_MI_SAISON,,,2025-12-26,EMAIL,R59720595,,9,7,6,8,6,10,"Premiere fois ici, tres agreable surprise"
SAT0008556,GENERALE_MI_SAISON,,,2025-12-26,EMAIL,R55514534,,7,8,7,9,6,7,
SAT0008563,GENERALE_MI_SAISON,,,2025-12-26,EMAIL,R53089851,,7,9,6,7,6,8,
SAT0008599,GENERALE_MI_SAISON,,,2025-12-26,EMAIL,R51494135,,6,7,7,8,6,5,
SAT0008605,GENERALE_MI_SAISON,,,2025-12-26,EMAIL,R55664920,,7,6,8,6,7,7,
SAT0008616,GENERALE_MI_SAISON,,,2025-12-26,EMAIL,R56498801,,8,6,5,10,7,9,Tres bonne organisation
SAT0008626,GENERALE_MI_SAISON,,,2025-12-26,EMAIL,R53801333,,7,8,8,7,6,7,
SAT0002585,POST_MATCH,M016,2025-12-23,2025-12-27,SMS,R59252819,1,8,8,7,6,9,9,L'ambiance dans les tribunes vaut le deplacement
SAT0002605,POST_MATCH,M016,2025-12-23,2025-12-27,QR_SUR_PLACE,R59122384,1,7,8,7,7,7,7,Rien a signaler
SAT0002630,POST_MATCH,M016,2025-12-23,2025-12-27,EMAIL,R52016689,1,9,10,7,8,9,8,Match intense du debut a la fin
SAT0002654,POST_MATCH,M016,2025-12-23,2025-12-27,EMAIL,R59286936,1,7,8,7,6,9,8,Correct dans l'ensemble
SAT0002663,POST_MATCH,M016,2025-12-23,2025-12-27,SMS,R55728538,1,8,7,6,7,7,8,
SAT0002668,POST_MATCH,M016,2025-12-23,2025-12-27,SMS,R57658875,1,8,10,8,6,10,9,L'ambiance dans les tribunes vaut le deplacement
SAT0002672,POST_MATCH,M016,2025-12-23,2025-12-27,EMAIL,R59171759,1,7,9,7,7,9,8,
SAT0002677,POST_MATCH,M016,2025-12-23,2025-12-27,SMS,R56826488,1,10,8,8,6,10,9,
SAT0002680,POST_MATCH,M016,2025-12-23,2025-12-27,QR_SUR_PLACE,R58757438,1,8,8,6,5,10,8,
SAT0002683,POST_MATCH,M016,2025-12-23,2025-12-27,EMAIL,R53391916,1,8,8,7,8,8,7,
SAT0002690,POST_MATCH,M016,2025-12-23,2025-12-27,QR_SUR_PLACE,R59854775,1,9,8,7,8,8,9,
SAT0002694,POST_MATCH,M016,2025-12-23,2025-12-27,SMS,R52452254,1,8,6,8,8,8,7,L'ambiance dans les tribunes vaut le deplacement
SAT0002698,POST_MATCH,M016,2025-12-23,2025-12-27,SMS,R51112916,1,7,10,8,6,10,7,
SAT0002721,POST_MATCH,M016,2025-12-23,2025-12-27,EMAIL,R56728006,1,6,10,7,5,8,8,
SAT0002743,POST_MATCH,M016,2025-12-23,2025-12-27,EMAIL,R58473284,1,8,8,9,8,8,8,
SAT0002745,POST_MATCH,M016,2025-12-23,2025-12-27,EMAIL,R55223905,1,8,9,6,7,9,9,"Super ambiance, on reviendra"
SAT0002751,POST_MATCH,M016,2025-12-23,2025-12-27,SMS,R51540656,0,9,8,6,5,7,7,"Premiere fois ici, tres agreable surprise"
SAT0002759,POST_MATCH,M016,2025-12-23,2025-12-27,EMAIL,R58889099,1,6,10,7,8,6,7,
SAT0002378,POST_MATCH,M015,2025-12-21,2025-12-28,EMAIL,R58564420,1,8,10,8,5,9,9,L'ambiance dans les tribunes vaut le deplacement
SAT0002410,POST_MATCH,M015,2025-12-21,2025-12-28,EMAIL,R53629971,1,7,10,8,7,9,10,
SAT0002483,POST_MATCH,M015,2025-12-21,2025-12-28,EMAIL,R57392967,1,7,9,7,7,7,8,
SAT0002492,POST_MATCH,M015,2025-12-21,2025-12-28,EMAIL,R53709517,1,8,9,7,7,9,9,Tres bonne organisation
SAT0002521,POST_MATCH,M015,2025-12-21,2025-12-28,EMAIL,R58810424,1,8,9,5,6,8,9,
SAT0002535,POST_MATCH,M015,2025-12-21,2025-12-28,EMAIL,R54524740,1,8,9,7,9,9,9,
SAT0002550,POST_MATCH,M015,2025-12-21,2025-12-28,SMS,R56943236,0,8,10,7,7,7,9,"Super ambiance, on reviendra"
SAT0002571,POST_MATCH,M015,2025-12-21,2025-12-28,SMS,R58275084,0,8,10,6,7,5,6,
SAT0002576,POST_MATCH,M016,2025-12-23,2025-12-28,EMAIL,R52243777,1,9,10,6,6,7,7,Sans plus
SAT0002610,POST_MATCH,M016,2025-12-23,2025-12-28,QR_SUR_PLACE,R54209869,1,9,7,8,7,8,9,Match intense du debut a la fin
SAT0002611,POST_MATCH,M016,2025-12-23,2025-12-28,EMAIL,R54463038,1,7,10,6,6,7,8,
SAT0002635,POST_MATCH,M016,2025-12-23,2025-12-28,EMAIL,R56536951,1,9,6,6,6,9,9,
SAT0002653,POST_MATCH,M016,2025-12-23,2025-12-28,SMS,R58974306,1,7,9,6,6,8,7,
SAT0002660,POST_MATCH,M016,2025-12-23,2025-12-28,EMAIL,R54801069,1,9,10,6,7,10,10,
SAT0002686,POST_MATCH,M016,2025-12-23,2025-12-28,SMS,R55805910,1,8,10,6,7,9,8,
SAT0002696,POST_MATCH,M016,2025-12-23,2025-12-28,QR_SUR_PLACE,R55943289,1,8,6,6,6,7,7,L'ambiance dans les tribunes vaut le deplacement
SAT0002705,POST_MATCH,M016,2025-12-23,2025-12-28,EMAIL,R55105385,1,10,7,7,7,9,9,Tres bonne organisation
SAT0002738,POST_MATCH,M016,2025-12-23,2025-12-28,EMAIL,R53938779,0,8,9,8,9,7,8,Tres bonne organisation
SAT0002758,POST_MATCH,M016,2025-12-23,2025-12-28,QR_SUR_PLACE,R57767031,1,9,7,6,7,10,8,
SAT0002586,POST_MATCH,M016,2025-12-23,2025-12-30,SMS,R59523152,1,8,8,6,8,10,10,Match intense du debut a la fin
SAT0002618,POST_MATCH,M016,2025-12-23,2025-12-30,SMS,R59964713,1,7,9,8,8,8,8,
SAT0002649,POST_MATCH,M016,2025-12-23,2025-12-30,SMS,R55147960,1,7,8,6,9,7,8,
SAT0002757,POST_MATCH,M016,2025-12-23,2025-12-30,EMAIL,R58663860,1,7,9,7,7,9,8,
SAT0002760,POST_MATCH,M017,2026-01-13,2026-01-14,EMAIL,R51283819,1,10,8,7,9,9,9,
SAT0002762,POST_MATCH,M017,2026-01-13,2026-01-14,EMAIL,R52195963,1,9,8,10,8,7,7,Bon rapport qualite prix
SAT0002763,POST_MATCH,M017,2026-01-13,2026-01-14,EMAIL,R52959148,1,8,8,6,9,7,7,
SAT0002764,POST_MATCH,M017,2026-01-13,2026-01-14,EMAIL,R58137159,1,8,9,7,5,5,9,
SAT0002765,POST_MATCH,M017,2026-01-13,2026-01-14,SMS,R58644110,1,8,9,5,7,7,8,
SAT0002775,POST_MATCH,M017,2026-01-13,2026-01-14,SMS,R54033804,1,10,8,7,7,8,10,Bon rapport qualite prix
SAT0002776,POST_MATCH,M017,2026-01-13,2026-01-14,EMAIL,R55749591,1,9,7,8,7,8,8,Match intense du debut a la fin
SAT0002777,POST_MATCH,M017,2026-01-13,2026-01-14,EMAIL,R56490095,1,8,9,8,7,9,8,
SAT0002779,POST_MATCH,M017,2026-01-13,2026-01-14,EMAIL,R59299474,1,8,7,6,8,8,8,L'ambiance dans les tribunes vaut le deplacement
SAT0002783,POST_MATCH,M017,2026-01-13,2026-01-14,EMAIL,R55766822,1,8,8,5,7,8,9,"Super ambiance, on reviendra"
SAT0002786,POST_MATCH,M017,2026-01-13,2026-01-14,EMAIL,R57018568,1,10,8,7,10,8,10,
SAT0002789,POST_MATCH,M017,2026-01-13,2026-01-14,EMAIL,R59828560,1,7,9,5,8,7,8,
SAT0002790,POST_MATCH,M017,2026-01-13,2026-01-14,SMS,R51391908,1,9,9,7,8,9,9,Correct dans l'ensemble
SAT0002791,POST_MATCH,M017,2026-01-13,2026-01-14,QR_SUR_PLACE,R54785476,1,7,10,8,7,7,8,
SAT0002792,POST_MATCH,M017,2026-01-13,2026-01-14,EMAIL,R55619769,1,9,10,7,8,9,9,L'ambiance dans les tribunes vaut le deplacement
SAT0002793,POST_MATCH,M017,2026-01-13,2026-01-14,QR_SUR_PLACE,R55899297,1,8,10,8,7,9,10,Tres bonne organisation
SAT0002794,POST_MATCH,M017,2026-01-13,2026-01-14,EMAIL,R56720717,1,6,8,8,7,8,8,
SAT0002797,POST_MATCH,M017,2026-01-13,2026-01-14,EMAIL,R51424464,1,10,8,9,8,8,9,Bon rapport qualite prix
SAT0002799,POST_MATCH,M017,2026-01-13,2026-01-14,EMAIL,R52465338,1,9,7,5,8,8,8,
SAT0002801,POST_MATCH,M017,2026-01-13,2026-01-14,EMAIL,R54458814,1,9,9,7,8,7,8,"Super ambiance, on reviendra"
SAT0002803,POST_MATCH,M017,2026-01-13,2026-01-14,EMAIL,R57700971,1,8,9,9,6,9,9,
SAT0002807,POST_MATCH,M017,2026-01-13,2026-01-14,SMS,R53115185,1,7,8,7,6,9,10,Sans plus
SAT0002811,POST_MATCH,M017,2026-01-13,2026-01-14,QR_SUR_PLACE,R55385737,1,8,10,8,8,8,9,
SAT0002813,POST_MATCH,M017,2026-01-13,2026-01-14,QR_SUR_PLACE,R57218607,1,8,8,7,7,6,10,Tres bonne organisation
SAT0002818,POST_MATCH,M017,2026-01-13,2026-01-14,QR_SUR_PLACE,R52097059,1,10,7,7,10,9,9,
SAT0002820,POST_MATCH,M017,2026-01-13,2026-01-14,SMS,R54787516,1,8,6,7,6,10,10,Match intense du debut a la fin
SAT0002821,POST_MATCH,M017,2026-01-13,2026-01-14,QR_SUR_PLACE,R57760566,1,9,9,7,6,8,8,
SAT0002824,POST_MATCH,M017,2026-01-13,2026-01-14,EMAIL,R59882159,1,7,8,7,8,8,8,
SAT0002826,POST_MATCH,M017,2026-01-13,2026-01-14,EMAIL,R52509062,1,7,8,5,6,8,9,
SAT0002833,POST_MATCH,M017,2026-01-13,2026-01-14,EMAIL,R55277370,1,7,8,6,5,8,8,
SAT0002834,POST_MATCH,M017,2026-01-13,2026-01-14,EMAIL,R56915306,1,9,9,9,6,9,10,Correct dans l'ensemble
SAT0002836,POST_MATCH,M017,2026-01-13,2026-01-14,EMAIL,R58220996,1,7,7,8,9,9,9,
SAT0002837,POST_MATCH,M017,2026-01-13,2026-01-14,EMAIL,R58385280,1,7,9,5,5,8,9,
SAT0002839,POST_MATCH,M017,2026-01-13,2026-01-14,SMS,R52012599,1,10,8,9,6,9,10,
SAT0002840,POST_MATCH,M017,2026-01-13,2026-01-14,EMAIL,R52528132,1,7,8,8,8,7,8,
SAT0002845,POST_MATCH,M017,2026-01-13,2026-01-14,QR_SUR_PLACE,R55007104,1,8,7,6,7,8,6,
SAT0002847,POST_MATCH,M017,2026-01-13,2026-01-14,EMAIL,R57020809,1,8,7,8,8,8,8,
SAT0002848,POST_MATCH,M017,2026-01-13,2026-01-14,EMAIL,R57079044,1,7,6,9,6,10,10,
SAT0002849,POST_MATCH,M017,2026-01-13,2026-01-14,EMAIL,R57232907,1,9,6,8,6,10,9,
SAT0002850,POST_MATCH,M017,2026-01-13,2026-01-14,EMAIL,R57615419,1,8,9,8,4,10,10,
SAT0002851,POST_MATCH,M017,2026-01-13,2026-01-14,EMAIL,R58662423,1,8,9,9,6,7,9,L'ambiance dans les tribunes vaut le deplacement
SAT0002852,POST_MATCH,M017,2026-01-13,2026-01-14,EMAIL,R51011024,1,9,6,8,8,8,7,
SAT0002857,POST_MATCH,M017,2026-01-13,2026-01-14,EMAIL,R57548669,1,10,8,8,7,8,10,Tres bonne organisation
SAT0002858,POST_MATCH,M017,2026-01-13,2026-01-14,EMAIL,R59110593,1,9,8,8,6,7,7,
SAT0002861,POST_MATCH,M017,2026-01-13,2026-01-14,EMAIL,R53724229,1,6,9,9,8,9,7,
SAT0002862,POST_MATCH,M017,2026-01-13,2026-01-14,EMAIL,R53863380,1,10,9,5,9,9,10,Match intense du debut a la fin
SAT0002863,POST_MATCH,M017,2026-01-13,2026-01-14,EMAIL,R54226276,1,6,6,6,7,7,8,
SAT0002865,POST_MATCH,M017,2026-01-13,2026-01-14,QR_SUR_PLACE,R54372783,1,7,7,7,8,7,8,
SAT0002867,POST_MATCH,M017,2026-01-13,2026-01-14,EMAIL,R56188489,1,6,9,7,5,7,8,
SAT0002870,POST_MATCH,M017,2026-01-13,2026-01-14,SMS,R57619844,1,8,9,8,8,10,8,
SAT0002873,POST_MATCH,M017,2026-01-13,2026-01-14,EMAIL,R51112916,1,9,10,8,6,8,7,
SAT0002874,POST_MATCH,M017,2026-01-13,2026-01-14,EMAIL,R53064708,1,8,9,8,9,8,8,L'ambiance dans les tribunes vaut le deplacement
SAT0002879,POST_MATCH,M017,2026-01-13,2026-01-14,EMAIL,R58355511,1,9,8,6,10,8,8,Tres bonne organisation
SAT0002880,POST_MATCH,M017,2026-01-13,2026-01-14,QR_SUR_PLACE,R58795032,1,8,8,7,7,8,9,
SAT0002881,POST_MATCH,M017,2026-01-13,2026-01-14,EMAIL,R51364926,1,8,9,6,7,9,8,
SAT0002883,POST_MATCH,M017,2026-01-13,2026-01-14,QR_SUR_PLACE,R52267262,1,7,9,8,7,7,8,
SAT0002885,POST_MATCH,M017,2026-01-13,2026-01-14,SMS,R52899878,1,10,9,7,7,9,10,"Super ambiance, on reviendra"
SAT0002887,POST_MATCH,M017,2026-01-13,2026-01-14,SMS,R54081742,1,8,9,7,7,9,10,L'ambiance dans les tribunes vaut le deplacement
SAT0002889,POST_MATCH,M017,2026-01-13,2026-01-14,EMAIL,R56419111,1,9,8,7,9,9,10,Bon rapport qualite prix
SAT0002891,POST_MATCH,M017,2026-01-13,2026-01-14,SMS,R57981035,1,8,9,9,9,10,8,Bon rapport qualite prix
SAT0002894,POST_MATCH,M017,2026-01-13,2026-01-14,SMS,R53995654,1,8,8,7,8,7,8,
SAT0002895,POST_MATCH,M017,2026-01-13,2026-01-14,SMS,R54213949,0,9,9,7,6,8,9,Rien a signaler
SAT0002896,POST_MATCH,M017,2026-01-13,2026-01-14,EMAIL,R56871783,0,6,10,8,8,7,8,
SAT0002898,POST_MATCH,M017,2026-01-13,2026-01-14,SMS,R59508363,1,9,7,6,6,8,10,Match intense du debut a la fin
SAT0002900,POST_MATCH,M017,2026-01-13,2026-01-14,EMAIL,R59626404,0,8,7,7,7,7,7,
SAT0002901,POST_MATCH,M017,2026-01-13,2026-01-14,EMAIL,R51943474,0,8,9,7,6,9,8,Bon rapport qualite prix
SAT0002902,POST_MATCH,M017,2026-01-13,2026-01-14,EMAIL,R52629823,0,8,10,6,7,9,10,Tres bonne organisation
SAT0002904,POST_MATCH,M017,2026-01-13,2026-01-14,EMAIL,R58901637,1,8,6,5,8,8,8,Bon rapport qualite prix
SAT0002905,POST_MATCH,M017,2026-01-13,2026-01-14,SMS,R52360850,1,8,7,8,7,8,8,"Premiere fois ici, tres agreable surprise"
SAT0002906,POST_MATCH,M017,2026-01-13,2026-01-14,EMAIL,R55183859,0,10,10,6,7,8,9,
SAT0002915,POST_MATCH,M017,2026-01-13,2026-01-14,EMAIL,R55372529,0,8,8,7,8,8,9,Bon rapport qualite prix
SAT0002922,POST_MATCH,M017,2026-01-13,2026-01-14,EMAIL,R52849756,1,8,9,6,7,9,8,
SAT0002924,POST_MATCH,M017,2026-01-13,2026-01-14,SMS,R53176552,0,9,8,8,8,7,8,
SAT0002925,POST_MATCH,M017,2026-01-13,2026-01-14,EMAIL,R52780209,1,8,6,7,6,6,4,
SAT0002926,POST_MATCH,M017,2026-01-13,2026-01-14,QR_SUR_PLACE,R55042802,1,8,5,5,7,9,7,
SAT0002928,POST_MATCH,M017,2026-01-13,2026-01-14,EMAIL,R59985421,0,8,9,3,6,7,8,
SAT0002931,POST_MATCH,M017,2026-01-13,2026-01-14,EMAIL,R57859460,0,7,8,7,9,7,7,
SAT0002932,POST_MATCH,M017,2026-01-13,2026-01-14,QR_SUR_PLACE,R58975321,1,7,7,7,9,9,8,
SAT0002934,POST_MATCH,M017,2026-01-13,2026-01-14,EMAIL,R59037790,0,9,8,6,6,10,10,"Super ambiance, on reviendra"
SAT0002936,POST_MATCH,M017,2026-01-13,2026-01-14,EMAIL,R51024855,0,8,8,8,7,7,7,
SAT0002938,POST_MATCH,M017,2026-01-13,2026-01-14,EMAIL,R53863380,1,8,9,6,9,9,10,"Premiere fois ici, tres agreable surprise"
SAT0002940,POST_MATCH,M017,2026-01-13,2026-01-14,EMAIL,R55321841,0,7,10,7,7,8,7,
SAT0002941,POST_MATCH,M017,2026-01-13,2026-01-14,EMAIL,R57098804,1,8,7,8,5,7,8,
SAT0002766,POST_MATCH,M017,2026-01-13,2026-01-15,EMAIL,R58731156,1,8,7,6,7,9,9,Match intense du debut a la fin
SAT0002768,POST_MATCH,M017,2026-01-13,2026-01-15,QR_SUR_PLACE,R59547672,1,10,8,6,7,7,10,
SAT0002770,POST_MATCH,M017,2026-01-13,2026-01-15,EMAIL,R52512338,1,9,6,5,7,10,8,Correct dans l'ensemble
SAT0002771,POST_MATCH,M017,2026-01-13,2026-01-15,EMAIL,R52827420,1,7,8,7,9,6,6,
SAT0002773,POST_MATCH,M017,2026-01-13,2026-01-15,EMAIL,R53431838,1,9,7,10,5,8,6,Sans plus
SAT0002774,POST_MATCH,M017,2026-01-13,2026-01-15,EMAIL,R53795347,1,9,8,8,6,8,9,
SAT0002778,POST_MATCH,M017,2026-01-13,2026-01-15,EMAIL,R58482345,1,8,10,7,8,7,9,Bon rapport qualite prix
SAT0002780,POST_MATCH,M017,2026-01-13,2026-01-15,EMAIL,R59691794,1,8,9,8,6,8,8,
SAT0002781,POST_MATCH,M017,2026-01-13,2026-01-15,EMAIL,R53487688,1,8,8,8,8,7,9,
SAT0002784,POST_MATCH,M017,2026-01-13,2026-01-15,QR_SUR_PLACE,R55947657,1,9,8,6,9,10,10,
SAT0002787,POST_MATCH,M017,2026-01-13,2026-01-15,EMAIL,R58305255,1,8,8,9,8,7,8,L'ambiance dans les tribunes vaut le deplacement
SAT0002800,POST_MATCH,M017,2026-01-13,2026-01-15,EMAIL,R54444715,1,10,8,7,8,7,9,Tres bonne organisation
SAT0002810,POST_MATCH,M017,2026-01-13,2026-01-15,QR_SUR_PLACE,R55101305,1,8,10,6,7,9,10,Bon rapport qualite prix
SAT0002812,POST_MATCH,M017,2026-01-13,2026-01-15,EMAIL,R55638293,1,10,8,7,6,10,10,Bon rapport qualite prix
SAT0002814,POST_MATCH,M017,2026-01-13,2026-01-15,EMAIL,R58482000,1,8,6,7,8,8,6,"Premiere fois ici, tres agreable surprise"
SAT0002815,POST_MATCH,M017,2026-01-13,2026-01-15,QR_SUR_PLACE,R58632798,1,9,8,6,8,8,9,
SAT0002819,POST_MATCH,M017,2026-01-13,2026-01-15,SMS,R52576425,1,10,7,8,10,9,9,"Premiere fois ici, tres agreable surprise"
SAT0002823,POST_MATCH,M017,2026-01-13,2026-01-15,EMAIL,R59370304,1,9,7,5,5,8,9,Tres bonne organisation
SAT0002825,POST_MATCH,M017,2026-01-13,2026-01-15,QR_SUR_PLACE,R51159849,1,9,9,8,7,8,7,"Super ambiance, on reviendra"
SAT0002827,POST_MATCH,M017,2026-01-13,2026-01-15,SMS,R52615111,1,7,10,7,8,9,8,
SAT0002829,POST_MATCH,M017,2026-01-13,2026-01-15,EMAIL,R53255696,1,9,8,8,8,8,9,
SAT0002842,POST_MATCH,M017,2026-01-13,2026-01-15,EMAIL,R53768844,1,8,8,6,6,8,7,Bon rapport qualite prix
SAT0002843,POST_MATCH,M017,2026-01-13,2026-01-15,EMAIL,R53897574,1,9,7,7,8,7,8,
SAT0002844,POST_MATCH,M017,2026-01-13,2026-01-15,EMAIL,R54707347,1,8,8,8,6,5,7,L'ambiance dans les tribunes vaut le deplacement
SAT0002854,POST_MATCH,M017,2026-01-13,2026-01-15,EMAIL,R53466702,1,8,8,7,8,10,10,
SAT0002855,POST_MATCH,M017,2026-01-13,2026-01-15,SMS,R55151226,1,7,10,9,8,8,9,
SAT0002859,POST_MATCH,M017,2026-01-13,2026-01-15,EMAIL,R52310038,1,8,7,6,9,8,9,
SAT0002860,POST_MATCH,M017,2026-01-13,2026-01-15,QR_SUR_PLACE,R52590179,1,7,9,10,8,7,8,
SAT0002864,POST_MATCH,M017,2026-01-13,2026-01-15,EMAIL,R54322517,1,9,10,6,6,7,9,
SAT0002876,POST_MATCH,M017,2026-01-13,2026-01-15,EMAIL,R53369369,1,6,8,9,7,8,8,
SAT0002877,POST_MATCH,M017,2026-01-13,2026-01-15,EMAIL,R54337296,1,7,7,7,4,9,7,
SAT0002882,POST_MATCH,M017,2026-01-13,2026-01-15,SMS,R51435421,1,10,7,8,7,8,9,
SAT0002886,POST_MATCH,M017,2026-01-13,2026-01-15,EMAIL,R53457708,1,8,10,10,6,9,9,Bon rapport qualite prix
SAT0002890,POST_MATCH,M017,2026-01-13,2026-01-15,EMAIL,R57722349,1,7,8,6,6,10,9,
SAT0002892,POST_MATCH,M017,2026-01-13,2026-01-15,EMAIL,R58798509,0,7,8,6,7,10,8,
SAT0002897,POST_MATCH,M017,2026-01-13,2026-01-15,SMS,R55949084,1,9,7,8,8,7,8,"Premiere fois ici, tres agreable surprise"
SAT0002907,POST_MATCH,M017,2026-01-13,2026-01-15,EMAIL,R54845004,0,10,10,7,8,7,10,
SAT0002911,POST_MATCH,M017,2026-01-13,2026-01-15,QR_SUR_PLACE,R53451722,0,10,9,8,8,9,10,Bon rapport qualite prix
SAT0002912,POST_MATCH,M017,2026-01-13,2026-01-15,SMS,R54632092,1,9,9,7,10,7,9,Rien a signaler
SAT0002917,POST_MATCH,M017,2026-01-13,2026-01-15,EMAIL,R59100996,1,8,8,7,7,9,8,
SAT0002918,POST_MATCH,M017,2026-01-13,2026-01-15,EMAIL,R52675999,0,10,8,8,7,9,10,
SAT0002923,POST_MATCH,M017,2026-01-13,2026-01-15,SMS,R56320830,0,7,9,6,8,8,9,Sans plus
SAT0002930,POST_MATCH,M017,2026-01-13,2026-01-15,EMAIL,R55765663,1,8,9,7,9,9,7,"Super ambiance, on reviendra"
SAT0002933,POST_MATCH,M017,2026-01-13,2026-01-15,SMS,R51011225,1,8,8,8,8,8,8,Match intense du debut a la fin
SAT0002937,POST_MATCH,M017,2026-01-13,2026-01-15,QR_SUR_PLACE,R52346205,1,7,5,8,5,8,7,
SAT0002939,POST_MATCH,M017,2026-01-13,2026-01-15,EMAIL,R54831250,1,8,8,8,8,9,8,
SAT0002782,POST_MATCH,M017,2026-01-13,2026-01-16,EMAIL,R55532043,1,7,8,6,9,9,9,
SAT0002785,POST_MATCH,M017,2026-01-13,2026-01-16,EMAIL,R56157303,1,7,6,6,7,9,8,
SAT0002788,POST_MATCH,M017,2026-01-13,2026-01-16,EMAIL,R59779520,1,8,8,8,6,9,7,
SAT0002795,POST_MATCH,M017,2026-01-13,2026-01-16,QR_SUR_PLACE,R57498614,1,8,8,6,8,10,10,
SAT0002796,POST_MATCH,M017,2026-01-13,2026-01-16,QR_SUR_PLACE,R57665350,1,9,10,8,9,9,10,L'ambiance dans les tribunes vaut le deplacement
SAT0002804,POST_MATCH,M017,2026-01-13,2026-01-16,SMS,R51295801,1,7,8,8,7,8,8,
SAT0002805,POST_MATCH,M017,2026-01-13,2026-01-16,EMAIL,R51661762,1,6,9,6,6,8,10,
SAT0002817,POST_MATCH,M017,2026-01-13,2026-01-16,SMS,R51959747,1,7,10,6,8,8,8,Rien a signaler
SAT0002822,POST_MATCH,M017,2026-01-13,2026-01-16,EMAIL,R59222571,1,8,10,6,9,7,9,
SAT0002828,POST_MATCH,M017,2026-01-13,2026-01-16,SMS,R53073635,1,8,7,5,6,10,10,
SAT0002830,POST_MATCH,M017,2026-01-13,2026-01-16,EMAIL,R53806170,1,7,9,8,9,9,9,
SAT0002832,POST_MATCH,M017,2026-01-13,2026-01-16,SMS,R54946963,1,9,7,10,7,9,10,
SAT0002846,POST_MATCH,M017,2026-01-13,2026-01-16,QR_SUR_PLACE,R56890853,1,9,7,7,8,8,7,
SAT0002853,POST_MATCH,M017,2026-01-13,2026-01-16,QR_SUR_PLACE,R53420114,1,10,8,7,9,9,9,
SAT0002866,POST_MATCH,M017,2026-01-13,2026-01-16,EMAIL,R55863599,1,7,6,8,8,8,7,
SAT0002871,POST_MATCH,M017,2026-01-13,2026-01-16,EMAIL,R57750413,1,9,9,7,9,10,10,
SAT0002872,POST_MATCH,M017,2026-01-13,2026-01-16,QR_SUR_PLACE,R59352182,1,8,8,6,8,7,8,
SAT0002888,POST_MATCH,M017,2026-01-13,2026-01-16,QR_SUR_PLACE,R55901126,1,8,9,7,9,7,9,
SAT0002899,POST_MATCH,M017,2026-01-13,2026-01-16,EMAIL,R51428477,0,9,10,8,8,9,6,
SAT0002909,POST_MATCH,M017,2026-01-13,2026-01-16,EMAIL,R54626230,0,8,9,7,8,8,10,"Premiere fois ici, tres agreable surprise"
SAT0002913,POST_MATCH,M017,2026-01-13,2026-01-16,QR_SUR_PLACE,R51626888,0,8,10,7,7,7,9,
SAT0002914,POST_MATCH,M017,2026-01-13,2026-01-16,EMAIL,R56430356,0,8,8,7,7,7,8,Match intense du debut a la fin
SAT0002921,POST_MATCH,M017,2026-01-13,2026-01-16,EMAIL,R59839862,1,7,8,7,7,9,8,
SAT0002935,POST_MATCH,M017,2026-01-13,2026-01-16,QR_SUR_PLACE,R59081179,0,7,9,7,8,8,8,
SAT0002948,POST_MATCH,M018,2026-01-15,2026-01-16,EMAIL,R56222760,1,3,7,4,6,8,6,
SAT0002955,POST_MATCH,M018,2026-01-15,2026-01-16,QR_SUR_PLACE,R53610834,1,8,8,5,3,8,9,
SAT0002961,POST_MATCH,M018,2026-01-15,2026-01-16,QR_SUR_PLACE,R54264359,1,7,8,3,3,6,7,
SAT0002962,POST_MATCH,M018,2026-01-15,2026-01-16,EMAIL,R54378990,1,7,5,3,5,6,6,
SAT0002963,POST_MATCH,M018,2026-01-15,2026-01-16,QR_SUR_PLACE,R54437225,1,6,3,3,3,7,5,Sans plus
SAT0002964,POST_MATCH,M018,2026-01-15,2026-01-16,QR_SUR_PLACE,R56097229,1,6,8,4,5,8,8,
SAT0002965,POST_MATCH,M018,2026-01-15,2026-01-16,QR_SUR_PLACE,R57545748,1,8,8,4,4,8,5,
SAT0002969,POST_MATCH,M018,2026-01-15,2026-01-16,EMAIL,R59925414,1,7,7,4,6,5,5,
SAT0002972,POST_MATCH,M018,2026-01-15,2026-01-16,EMAIL,R51610749,1,6,7,4,4,7,7,
SAT0002975,POST_MATCH,M018,2026-01-15,2026-01-16,EMAIL,R54229485,1,6,7,3,3,6,7,
SAT0002977,POST_MATCH,M018,2026-01-15,2026-01-16,SMS,R55991247,1,5,9,3,4,4,7,Prix des places trop eleve pour ce niveau de match
SAT0002983,POST_MATCH,M018,2026-01-15,2026-01-16,QR_SUR_PLACE,R56431448,1,5,7,3,5,7,8,Peu de choix a la restauration
SAT0002985,POST_MATCH,M018,2026-01-15,2026-01-16,EMAIL,R58236120,1,6,9,3,5,8,6,
SAT0002986,POST_MATCH,M018,2026-01-15,2026-01-16,EMAIL,R59129874,1,6,9,4,5,7,7,
SAT0002989,POST_MATCH,M018,2026-01-15,2026-01-16,QR_SUR_PLACE,R52391845,1,7,7,3,5,7,9,Correct dans l'ensemble
SAT0002991,POST_MATCH,M018,2026-01-15,2026-01-16,SMS,R54194065,1,7,6,3,4,5,6,
SAT0002992,POST_MATCH,M018,2026-01-15,2026-01-16,EMAIL,R58632798,1,4,6,3,4,6,8,Peu de choix a la restauration
SAT0002996,POST_MATCH,M018,2026-01-15,2026-01-16,SMS,R54787516,1,7,7,5,3,7,8,
SAT0002997,POST_MATCH,M018,2026-01-15,2026-01-16,EMAIL,R54931571,1,6,8,4,3,6,8,
SAT0002998,POST_MATCH,M018,2026-01-15,2026-01-16,EMAIL,R55467946,1,8,7,3,5,5,7,
SAT0003000,POST_MATCH,M018,2026-01-15,2026-01-16,EMAIL,R57314915,1,7,7,3,3,4,6,
SAT0003001,POST_MATCH,M018,2026-01-15,2026-01-16,SMS,R57737885,1,8,8,3,3,6,8,Tres bonne organisation
SAT0003002,POST_MATCH,M018,2026-01-15,2026-01-16,SMS,R51051961,1,8,5,5,4,6,5,
SAT0003005,POST_MATCH,M018,2026-01-15,2026-01-16,EMAIL,R55214844,1,7,6,6,1,7,5,
SAT0003006,POST_MATCH,M018,2026-01-15,2026-01-16,QR_SUR_PLACE,R59171759,1,7,8,4,4,8,6,
SAT0003009,POST_MATCH,M018,2026-01-15,2026-01-16,EMAIL,R52039571,1,8,7,4,6,6,9,
SAT0003010,POST_MATCH,M018,2026-01-15,2026-01-16,EMAIL,R54247597,1,7,8,3,6,6,7,
SAT0003011,POST_MATCH,M018,2026-01-15,2026-01-16,SMS,R54392878,1,7,8,5,3,6,7,
SAT0003012,POST_MATCH,M018,2026-01-15,2026-01-16,EMAIL,R54655242,1,6,9,3,4,5,7,
SAT0003014,POST_MATCH,M018,2026-01-15,2026-01-16,SMS,R55682630,1,5,7,3,5,6,5,Rien a signaler
SAT0003015,POST_MATCH,M018,2026-01-15,2026-01-16,EMAIL,R55701633,1,5,6,3,4,7,5,Trop d'attente aux buvettes
SAT0003018,POST_MATCH,M018,2026-01-15,2026-01-16,EMAIL,R56890853,1,6,9,4,5,5,7,
SAT0003021,POST_MATCH,M018,2026-01-15,2026-01-16,EMAIL,R58757438,1,6,7,3,5,6,8,
SAT0003022,POST_MATCH,M018,2026-01-15,2026-01-16,SMS,R59117882,1,5,5,3,5,7,7,
SAT0003031,POST_MATCH,M018,2026-01-15,2026-01-16,EMAIL,R58029261,1,6,7,1,4,7,8,
SAT0003033,POST_MATCH,M018,2026-01-15,2026-01-16,EMAIL,R52194794,1,7,6,2,2,8,8,
SAT0003035,POST_MATCH,M018,2026-01-15,2026-01-16,EMAIL,R56148031,1,7,7,4,5,6,6,
SAT0003036,POST_MATCH,M018,2026-01-15,2026-01-16,SMS,R56897730,1,7,6,4,4,7,9,
SAT0003037,POST_MATCH,M018,2026-01-15,2026-01-16,EMAIL,R57038720,1,7,5,5,5,7,5,
SAT0003040,POST_MATCH,M018,2026-01-15,2026-01-16,QR_SUR_PLACE,R59528726,1,9,8,3,6,7,9,Match intense du debut a la fin
SAT0003044,POST_MATCH,M018,2026-01-15,2026-01-16,EMAIL,R51876168,1,7,7,1,3,7,7,
SAT0003045,POST_MATCH,M018,2026-01-15,2026-01-16,EMAIL,R53051902,1,5,5,4,6,7,6,Sonorisation trop forte
SAT0003047,POST_MATCH,M018,2026-01-15,2026-01-16,EMAIL,R55167365,1,7,7,3,4,6,7,
SAT0003049,POST_MATCH,M018,2026-01-15,2026-01-16,QR_SUR_PLACE,R56579717,1,7,7,4,4,6,6,
SAT0003051,POST_MATCH,M018,2026-01-15,2026-01-16,EMAIL,R59339443,1,6,9,4,5,6,7,
SAT0003052,POST_MATCH,M018,2026-01-15,2026-01-16,EMAIL,R51950073,1,7,8,6,4,6,7,
SAT0003053,POST_MATCH,M018,2026-01-15,2026-01-16,EMAIL,R51610538,1,8,8,3,4,7,8,
SAT0003056,POST_MATCH,M018,2026-01-15,2026-01-16,EMAIL,R58008965,0,8,8,5,5,7,7,
SAT0003058,POST_MATCH,M018,2026-01-15,2026-01-16,QR_SUR_PLACE,R51434004,0,5,9,4,5,4,6,Difficile de trouver sa place
SAT0003064,POST_MATCH,M018,2026-01-15,2026-01-16,EMAIL,R58736050,0,6,7,5,5,6,6,
SAT0003065,POST_MATCH,M018,2026-01-15,2026-01-16,EMAIL,R56213565,1,5,7,5,6,6,6,Difficile de trouver sa place
SAT0003066,POST_MATCH,M018,2026-01-15,2026-01-16,QR_SUR_PLACE,R54572286,0,6,9,2,5,6,6,Rien a signaler
SAT0003067,POST_MATCH,M018,2026-01-15,2026-01-16,EMAIL,R56756060,1,5,8,3,5,5,7,
SAT0003069,POST_MATCH,M018,2026-01-15,2026-01-16,EMAIL,R57335010,0,8,7,5,3,6,7,
SAT0003071,POST_MATCH,M018,2026-01-15,2026-01-16,EMAIL,R59736811,1,7,7,3,3,5,5,
SAT0003072,POST_MATCH,M018,2026-01-15,2026-01-16,EMAIL,R54243574,1,5,7,3,2,8,7,
SAT0003073,POST_MATCH,M018,2026-01-15,2026-01-16,QR_SUR_PLACE,R55357807,0,8,10,4,6,8,10,
SAT0003079,POST_MATCH,M018,2026-01-15,2026-01-16,QR_SUR_PLACE,R58556106,0,7,10,4,4,4,7,
SAT0003083,POST_MATCH,M018,2026-01-15,2026-01-16,EMAIL,R51957630,1,6,6,4,4,6,7,
SAT0003084,POST_MATCH,M018,2026-01-15,2026-01-16,EMAIL,R52385380,1,5,8,5,5,6,7,File d'attente interminable a l'entree
SAT0003088,POST_MATCH,M018,2026-01-15,2026-01-16,QR_SUR_PLACE,R58484854,1,6,8,6,5,6,7,
SAT0003090,POST_MATCH,M018,2026-01-15,2026-01-16,SMS,R52152018,0,7,8,5,4,8,7,
SAT0003092,POST_MATCH,M018,2026-01-15,2026-01-16,EMAIL,R56187407,1,3,7,5,6,6,6,
SAT0003094,POST_MATCH,M018,2026-01-15,2026-01-16,EMAIL,R53189904,0,6,10,5,3,7,8,
SAT0003095,POST_MATCH,M018,2026-01-15,2026-01-16,EMAIL,R51294163,1,6,7,4,3,5,6,
SAT0003096,POST_MATCH,M018,2026-01-15,2026-01-16,EMAIL,R58394475,0,6,8,5,4,4,6,
SAT0003097,POST_MATCH,M018,2026-01-15,2026-01-16,SMS,R52090651,1,5,8,6,4,6,6,Prix des places trop eleve pour ce niveau de match
SAT0003100,POST_MATCH,M018,2026-01-15,2026-01-16,SMS,R51568519,1,5,7,3,4,4,7,Trop d'attente aux buvettes
SAT0003101,POST_MATCH,M018,2026-01-15,2026-01-16,EMAIL,R57350134,1,6,6,3,3,8,7,
SAT0003102,POST_MATCH,M018,2026-01-15,2026-01-16,EMAIL,R59076955,1,6,8,3,3,5,5,
SAT0003108,POST_MATCH,M018,2026-01-15,2026-01-16,EMAIL,R55539399,1,5,8,4,5,6,5,
SAT0003111,POST_MATCH,M018,2026-01-15,2026-01-16,EMAIL,R56285966,0,5,8,2,5,5,7,Correct dans l'ensemble
SAT0003114,POST_MATCH,M018,2026-01-15,2026-01-16,EMAIL,R56660911,0,5,7,3,4,7,7,Sonorisation trop forte
SAT0003117,POST_MATCH,M018,2026-01-15,2026-01-16,EMAIL,R58878199,0,7,10,5,4,6,8,
SAT0003119,POST_MATCH,M018,2026-01-15,2026-01-16,EMAIL,R58026206,0,5,7,2,6,6,5,Sonorisation trop forte
SAT0003121,POST_MATCH,M018,2026-01-15,2026-01-16,EMAIL,R51259567,0,7,7,5,2,8,8,
SAT0003122,POST_MATCH,M018,2026-01-15,2026-01-16,EMAIL,R59390255,1,7,6,4,5,6,7,
SAT0003123,POST_MATCH,M018,2026-01-15,2026-01-16,EMAIL,R59428817,1,5,7,1,6,8,7,Peu de choix a la restauration
SAT0003124,POST_MATCH,M018,2026-01-15,2026-01-16,QR_SUR_PLACE,R56009972,1,6,7,4,3,7,7,
SAT0003129,POST_MATCH,M018,2026-01-15,2026-01-16,EMAIL,R54898335,0,6,8,3,4,5,7,
SAT0003130,POST_MATCH,M018,2026-01-15,2026-01-16,EMAIL,R59376846,1,7,7,2,5,5,7,
SAT0003131,POST_MATCH,M018,2026-01-15,2026-01-16,EMAIL,R57006097,1,7,5,4,6,6,5,
SAT0003133,POST_MATCH,M018,2026-01-15,2026-01-16,QR_SUR_PLACE,R57030694,0,6,7,5,5,5,8,
SAT0003134,POST_MATCH,M018,2026-01-15,2026-01-16,EMAIL,R54347784,0,7,9,5,2,7,8,
SAT0003135,POST_MATCH,M018,2026-01-15,2026-01-16,EMAIL,R52527519,0,7,8,3,3,5,7,
SAT0003137,POST_MATCH,M018,2026-01-15,2026-01-16,QR_SUR_PLACE,R54778110,0,5,8,5,4,5,7,
SAT0003138,POST_MATCH,M018,2026-01-15,2026-01-16,SMS,R52460702,0,5,6,4,6,6,6,File d'attente interminable a l'entree
SAT0003144,POST_MATCH,M018,2026-01-15,2026-01-16,EMAIL,R55155115,1,7,8,5,3,7,8,Sans plus
SAT0003146,POST_MATCH,M018,2026-01-15,2026-01-16,SMS,R57633943,1,7,7,3,5,5,7,
SAT0003148,POST_MATCH,M018,2026-01-15,2026-01-16,EMAIL,R59075796,1,5,6,5,6,6,6,Peu de choix a la restauration
SAT0003149,POST_MATCH,M018,2026-01-15,2026-01-16,EMAIL,R57872333,1,7,8,5,3,6,10,
SAT0003151,POST_MATCH,M018,2026-01-15,2026-01-16,EMAIL,R55200266,1,5,8,2,2,7,8,File d'attente interminable a l'entree
SAT0003155,POST_MATCH,M018,2026-01-15,2026-01-16,QR_SUR_PLACE,R54201766,0,5,7,7,5,7,8,Peu de choix a la restauration
SAT0003161,POST_MATCH,M018,2026-01-15,2026-01-16,SMS,R51024309,0,8,6,5,4,5,5,"Premiere fois ici, tres agreable surprise"
SAT0003162,POST_MATCH,M018,2026-01-15,2026-01-16,EMAIL,R58459041,1,5,6,5,4,9,8,
SAT0003163,POST_MATCH,M018,2026-01-15,2026-01-16,EMAIL,R58698456,0,5,7,3,5,10,7,Peu de choix a la restauration
SAT0003165,POST_MATCH,M018,2026-01-15,2026-01-16,EMAIL,R57721133,1,7,6,1,4,8,6,
SAT0003166,POST_MATCH,M018,2026-01-15,2026-01-16,EMAIL,R52563619,1,5,6,4,5,8,5,
SAT0003167,POST_MATCH,M018,2026-01-15,2026-01-16,EMAIL,R55991247,1,5,8,5,3,7,7,Trop d'attente aux buvettes
SAT0003168,POST_MATCH,M018,2026-01-15,2026-01-16,EMAIL,R53722869,1,4,6,4,4,7,5,Difficile de trouver sa place
SAT0003169,POST_MATCH,M018,2026-01-15,2026-01-16,EMAIL,R53633850,1,8,7,5,7,4,5,"Super ambiance, on reviendra"
SAT0003170,POST_MATCH,M018,2026-01-15,2026-01-16,SMS,R57388274,1,7,9,3,6,7,8,
SAT0003174,POST_MATCH,M018,2026-01-15,2026-01-16,EMAIL,R52669199,1,6,8,4,5,8,8,
SAT0003177,POST_MATCH,M018,2026-01-15,2026-01-16,EMAIL,R58676187,1,6,8,3,4,4,8,
SAT0003179,POST_MATCH,M018,2026-01-15,2026-01-16,EMAIL,R57442898,1,6,7,2,7,8,6,
SAT0003180,POST_MATCH,M018,2026-01-15,2026-01-16,EMAIL,R53826610,0,6,6,3,5,7,7,
SAT0003182,POST_MATCH,M018,2026-01-15,2026-01-16,EMAIL,R57652544,1,7,9,3,3,7,7,
SAT0003183,POST_MATCH,M018,2026-01-15,2026-01-16,EMAIL,R53136975,0,6,6,4,5,7,5,
SAT0003185,POST_MATCH,M018,2026-01-15,2026-01-16,QR_SUR_PLACE,R59027158,0,6,9,5,3,5,9,
SAT0003187,POST_MATCH,M018,2026-01-15,2026-01-16,EMAIL,R54916246,1,6,6,3,4,5,7,
SAT0003190,POST_MATCH,M018,2026-01-15,2026-01-16,SMS,R59547672,1,8,9,3,5,7,7,"Premiere fois ici, tres agreable surprise"
SAT0003195,POST_MATCH,M018,2026-01-15,2026-01-16,EMAIL,R59680204,1,6,8,4,5,7,7,
SAT0003199,POST_MATCH,M018,2026-01-15,2026-01-16,QR_SUR_PLACE,R57317089,1,8,7,5,5,7,9,
SAT0003200,POST_MATCH,M018,2026-01-15,2026-01-16,EMAIL,R55759456,0,6,8,4,5,5,6,
SAT0003201,POST_MATCH,M018,2026-01-15,2026-01-16,EMAIL,R55879058,1,7,9,4,3,7,8,
SAT0003202,POST_MATCH,M018,2026-01-15,2026-01-16,EMAIL,R54042989,0,7,8,5,3,7,8,
SAT0003205,POST_MATCH,M018,2026-01-15,2026-01-16,EMAIL,R59898030,1,6,5,1,5,5,5,
SAT0003206,POST_MATCH,M018,2026-01-15,2026-01-16,EMAIL,R55614865,1,5,6,2,5,7,6,File d'attente interminable a l'entree
SAT0002802,POST_MATCH,M017,2026-01-13,2026-01-17,EMAIL,R57066516,1,7,8,9,7,8,8,
SAT0002835,POST_MATCH,M017,2026-01-13,2026-01-17,EMAIL,R57886911,1,8,7,6,8,6,8,"Premiere fois ici, tres agreable surprise"
SAT0002838,POST_MATCH,M017,2026-01-13,2026-01-17,EMAIL,R51718972,1,6,8,5,5,8,7,
SAT0002856,POST_MATCH,M017,2026-01-13,2026-01-17,EMAIL,R56383969,1,10,7,4,8,5,8,L'ambiance dans les tribunes vaut le deplacement
SAT0002893,POST_MATCH,M017,2026-01-13,2026-01-17,SMS,R56030891,0,7,10,7,7,7,8,
SAT0002903,POST_MATCH,M017,2026-01-13,2026-01-17,QR_SUR_PLACE,R59233739,1,9,8,6,7,8,10,"Premiere fois ici, tres agreable surprise"
SAT0002910,POST_MATCH,M017,2026-01-13,2026-01-17,EMAIL,R54448939,0,7,9,8,7,9,10,
SAT0002916,POST_MATCH,M017,2026-01-13,2026-01-17,QR_SUR_PLACE,R51596449,0,8,9,7,7,9,9,"Super ambiance, on reviendra"
SAT0002920,POST_MATCH,M017,2026-01-13,2026-01-17,EMAIL,R52804126,0,8,8,6,7,7,9,
SAT0002929,POST_MATCH,M017,2026-01-13,2026-01-17,EMAIL,R51481875,0,7,9,8,9,8,7,
SAT0002945,POST_MATCH,M018,2026-01-15,2026-01-17,EMAIL,R54074808,1,8,8,5,3,7,7,"Premiere fois ici, tres agreable surprise"
SAT0002949,POST_MATCH,M018,2026-01-15,2026-01-17,SMS,R56389496,1,7,8,3,5,6,6,
SAT0002950,POST_MATCH,M018,2026-01-15,2026-01-17,EMAIL,R56980428,1,8,5,5,3,7,7,
SAT0002951,POST_MATCH,M018,2026-01-15,2026-01-17,EMAIL,R58107735,1,6,9,4,5,5,6,
SAT0002954,POST_MATCH,M018,2026-01-15,2026-01-17,EMAIL,R52785736,1,6,8,3,3,6,7,
SAT0002956,POST_MATCH,M018,2026-01-15,2026-01-17,EMAIL,R54049129,1,7,9,4,6,5,7,
SAT0002960,POST_MATCH,M018,2026-01-15,2026-01-17,EMAIL,R54000769,1,7,7,3,6,7,7,
SAT0002966,POST_MATCH,M018,2026-01-15,2026-01-17,SMS,R58237825,1,6,8,5,6,6,6,
SAT0002967,POST_MATCH,M018,2026-01-15,2026-01-17,QR_SUR_PLACE,R58334679,1,6,6,4,4,6,6,
SAT0002970,POST_MATCH,M018,2026-01-15,2026-01-17,SMS,R51028399,1,7,8,5,3,7,8,
SAT0002971,POST_MATCH,M018,2026-01-15,2026-01-17,SMS,R51040046,1,4,8,3,3,6,8,Peu de choix a la restauration
SAT0002974,POST_MATCH,M018,2026-01-15,2026-01-17,EMAIL,R54122210,1,8,6,5,4,6,8,
SAT0002978,POST_MATCH,M018,2026-01-15,2026-01-17,EMAIL,R57665350,1,7,8,4,3,5,7,
SAT0002980,POST_MATCH,M018,2026-01-15,2026-01-17,EMAIL,R51976164,1,6,7,4,4,6,8,
SAT0002981,POST_MATCH,M018,2026-01-15,2026-01-17,SMS,R52286955,1,5,9,2,7,6,8,
SAT0002982,POST_MATCH,M018,2026-01-15,2026-01-17,EMAIL,R55903655,1,7,7,3,5,9,9,
SAT0002987,POST_MATCH,M018,2026-01-15,2026-01-17,EMAIL,R51295801,1,6,8,3,5,5,7,
SAT0002994,POST_MATCH,M018,2026-01-15,2026-01-17,SMS,R59567010,1,8,5,4,5,6,7,"Premiere fois ici, tres agreable surprise"
SAT0002995,POST_MATCH,M018,2026-01-15,2026-01-17,EMAIL,R52775650,1,6,8,3,4,6,8,
SAT0003003,POST_MATCH,M018,2026-01-15,2026-01-17,SMS,R52068928,1,4,8,4,5,4,5,
SAT0003016,POST_MATCH,M018,2026-01-15,2026-01-17,QR_SUR_PLACE,R56044913,1,7,6,4,5,7,8,
SAT0003025,POST_MATCH,M018,2026-01-15,2026-01-17,EMAIL,R54411335,1,8,5,6,3,6,7,L'ambiance dans les tribunes vaut le deplacement
SAT0003027,POST_MATCH,M018,2026-01-15,2026-01-17,EMAIL,R55433206,1,8,7,5,6,8,8,
SAT0003029,POST_MATCH,M018,2026-01-15,2026-01-17,QR_SUR_PLACE,R57256881,1,6,7,2,4,7,6,
SAT0003030,POST_MATCH,M018,2026-01-15,2026-01-17,EMAIL,R57629585,1,8,7,4,3,7,7,Bon rapport qualite prix
SAT0003038,POST_MATCH,M018,2026-01-15,2026-01-17,EMAIL,R58564477,1,6,4,1,4,7,5,
SAT0003042,POST_MATCH,M018,2026-01-15,2026-01-17,EMAIL,R56782553,1,6,6,4,3,7,8,
SAT0003043,POST_MATCH,M018,2026-01-15,2026-01-17,EMAIL,R51740082,1,6,5,4,4,6,7,
SAT0003048,POST_MATCH,M018,2026-01-15,2026-01-17,EMAIL,R55905417,1,7,7,5,4,8,7,
SAT0003055,POST_MATCH,M018,2026-01-15,2026-01-17,EMAIL,R53097475,0,5,8,3,4,6,8,Sonorisation trop forte
SAT0003061,POST_MATCH,M018,2026-01-15,2026-01-17,EMAIL,R53398056,0,6,9,4,4,7,8,
SAT0003076,POST_MATCH,M018,2026-01-15,2026-01-17,EMAIL,R56005336,0,6,7,2,5,7,6,
SAT0003085,POST_MATCH,M018,2026-01-15,2026-01-17,SMS,R58236867,0,5,7,4,5,7,6,
SAT0003089,POST_MATCH,M018,2026-01-15,2026-01-17,EMAIL,R56005815,0,7,5,3,2,7,7,
SAT0003099,POST_MATCH,M018,2026-01-15,2026-01-17,EMAIL,R57846520,0,8,7,3,3,5,8,Match intense du debut a la fin
SAT0003103,POST_MATCH,M018,2026-01-15,2026-01-17,EMAIL,R59821127,1,6,7,1,3,8,6,
SAT0003104,POST_MATCH,M018,2026-01-15,2026-01-17,EMAIL,R55491987,0,7,7,4,4,7,9,
SAT0003105,POST_MATCH,M018,2026-01-15,2026-01-17,EMAIL,R51264672,1,7,8,3,2,7,9,
SAT0003107,POST_MATCH,M018,2026-01-15,2026-01-17,SMS,R52488220,1,7,7,4,5,7,8,
SAT0003110,POST_MATCH,M018,2026-01-15,2026-01-17,EMAIL,R54415636,1,5,8,5,3,7,6,
SAT0003113,POST_MATCH,M018,2026-01-15,2026-01-17,EMAIL,R59571914,1,7,8,4,2,6,8,
SAT0003120,POST_MATCH,M018,2026-01-15,2026-01-17,EMAIL,R52619124,1,6,8,4,5,6,9,
SAT0003126,POST_MATCH,M018,2026-01-15,2026-01-17,QR_SUR_PLACE,R53509133,0,5,8,4,3,7,7,
SAT0003127,POST_MATCH,M018,2026-01-15,2026-01-17,EMAIL,R51878764,0,7,8,5,5,3,7,
SAT0003139,POST_MATCH,M018,2026-01-15,2026-01-17,SMS,R51422692,1,6,7,4,4,8,8,
SAT0003143,POST_MATCH,M018,2026-01-15,2026-01-17,EMAIL,R55965501,0,7,6,4,5,6,5,
SAT0003152,POST_MATCH,M018,2026-01-15,2026-01-17,EMAIL,R54771032,0,9,9,4,3,7,9,"Premiere fois ici, tres agreable surprise"
SAT0003156,POST_MATCH,M018,2026-01-15,2026-01-17,EMAIL,R51526691,1,5,7,3,5,7,7,
SAT0003157,POST_MATCH,M018,2026-01-15,2026-01-17,EMAIL,R51406687,1,7,7,5,4,8,8,
SAT0003158,POST_MATCH,M018,2026-01-15,2026-01-17,EMAIL,R54455682,1,5,6,5,5,6,7,
SAT0003159,POST_MATCH,M018,2026-01-15,2026-01-17,EMAIL,R57639872,1,6,8,2,3,6,8,Sans plus
SAT0003160,POST_MATCH,M018,2026-01-15,2026-01-17,EMAIL,R56188489,1,7,7,4,2,6,7,
SAT0003164,POST_MATCH,M018,2026-01-15,2026-01-17,SMS,R55110366,1,7,8,3,4,7,7,
SAT0003171,POST_MATCH,M018,2026-01-15,2026-01-17,EMAIL,R52948717,0,7,7,3,4,5,7,
SAT0003178,POST_MATCH,M018,2026-01-15,2026-01-17,QR_SUR_PLACE,R58392023,1,6,8,3,4,6,6,
SAT0003181,POST_MATCH,M018,2026-01-15,2026-01-17,SMS,R56335686,1,6,6,3,3,6,7,
SAT0003184,POST_MATCH,M018,2026-01-15,2026-01-17,SMS,R56829831,1,6,7,3,5,7,8,
SAT0003189,POST_MATCH,M018,2026-01-15,2026-01-17,EMAIL,R58116374,1,5,7,4,4,6,7,Trop d'attente aux buvettes
SAT0003192,POST_MATCH,M018,2026-01-15,2026-01-17,EMAIL,R56783722,1,7,8,4,3,5,7,
SAT0003193,POST_MATCH,M018,2026-01-15,2026-01-17,EMAIL,R55542253,1,4,8,5,4,7,6,Sonorisation trop forte
SAT0003194,POST_MATCH,M018,2026-01-15,2026-01-17,EMAIL,R57170582,0,6,6,4,5,6,5,
SAT0003198,POST_MATCH,M018,2026-01-15,2026-01-17,EMAIL,R58227461,1,6,8,5,6,6,6,Sans plus
SAT0003203,POST_MATCH,M018,2026-01-15,2026-01-17,EMAIL,R53788537,1,5,7,4,3,7,7,Prix des places trop eleve pour ce niveau de match
SAT0002761,POST_MATCH,M017,2026-01-13,2026-01-18,EMAIL,R51856361,1,8,8,6,7,8,9,Match intense du debut a la fin
SAT0002769,POST_MATCH,M017,2026-01-13,2026-01-18,EMAIL,R52330277,1,9,8,7,8,9,9,
SAT0002772,POST_MATCH,M017,2026-01-13,2026-01-18,SMS,R52861135,1,8,7,7,6,8,9,
SAT0002806,POST_MATCH,M017,2026-01-13,2026-01-18,QR_SUR_PLACE,R52849756,1,7,8,7,8,9,8,
SAT0002808,POST_MATCH,M017,2026-01-13,2026-01-18,EMAIL,R53736767,1,7,8,6,7,8,8,Correct dans l'ensemble
SAT0002809,POST_MATCH,M017,2026-01-13,2026-01-18,EMAIL,R54273755,1,7,6,6,7,8,6,
SAT0002831,POST_MATCH,M017,2026-01-13,2026-01-18,EMAIL,R54310669,1,8,9,8,7,9,7,
SAT0002868,POST_MATCH,M017,2026-01-13,2026-01-18,EMAIL,R56428785,1,8,8,9,8,9,8,
SAT0002869,POST_MATCH,M017,2026-01-13,2026-01-18,EMAIL,R57100633,1,9,8,7,8,8,8,Bon rapport qualite prix
SAT0002875,POST_MATCH,M017,2026-01-13,2026-01-18,QR_SUR_PLACE,R53241252,1,8,9,6,7,9,10,
SAT0002878,POST_MATCH,M017,2026-01-13,2026-01-18,QR_SUR_PLACE,R57509571,1,7,7,8,7,8,6,
SAT0002908,POST_MATCH,M017,2026-01-13,2026-01-18,EMAIL,R58919682,1,7,9,7,7,9,10,Rien a signaler
SAT0002927,POST_MATCH,M017,2026-01-13,2026-01-18,EMAIL,R59552633,0,7,10,7,6,8,8,
SAT0002942,POST_MATCH,M017,2026-01-13,2026-01-18,EMAIL,R58749814,1,8,9,7,9,8,9,
SAT0002947,POST_MATCH,M018,2026-01-15,2026-01-18,QR_SUR_PLACE,R55896031,1,6,7,4,3,7,8,
SAT0002952,POST_MATCH,M018,2026-01-15,2026-01-18,EMAIL,R58925477,1,6,9,5,4,4,6,
SAT0002953,POST_MATCH,M018,2026-01-15,2026-01-18,SMS,R59741380,1,7,6,4,4,7,6,Sans plus
SAT0002957,POST_MATCH,M018,2026-01-15,2026-01-18,EMAIL,R57516870,1,6,5,2,3,7,6,
SAT0002958,POST_MATCH,M018,2026-01-15,2026-01-18,EMAIL,R51366708,1,6,7,4,4,7,7,
SAT0002968,POST_MATCH,M018,2026-01-15,2026-01-18,SMS,R59694313,1,4,7,4,3,7,6,
SAT0002984,POST_MATCH,M018,2026-01-15,2026-01-18,QR_SUR_PLACE,R56732431,1,8,8,4,5,5,8,
SAT0002999,POST_MATCH,M018,2026-01-15,2026-01-18,EMAIL,R55564187,1,5,8,3,6,8,8,File d'attente interminable a l'entree
SAT0003004,POST_MATCH,M018,2026-01-15,2026-01-18,EMAIL,R52323936,1,7,8,4,4,5,8,
SAT0003013,POST_MATCH,M018,2026-01-15,2026-01-18,EMAIL,R54942739,1,6,7,3,3,7,8,
SAT0003020,POST_MATCH,M018,2026-01-15,2026-01-18,EMAIL,R58573538,1,7,7,1,4,8,9,
SAT0003032,POST_MATCH,M018,2026-01-15,2026-01-18,SMS,R58586478,1,10,8,4,4,5,8,Match intense du debut a la fin
SAT0003041,POST_MATCH,M018,2026-01-15,2026-01-18,EMAIL,R53930877,1,6,8,3,4,6,7,
SAT0003050,POST_MATCH,M018,2026-01-15,2026-01-18,EMAIL,R58941606,1,7,8,3,5,5,7,
SAT0003059,POST_MATCH,M018,2026-01-15,2026-01-18,EMAIL,R59315613,1,5,7,3,5,6,7,Prix des places trop eleve pour ce niveau de match
SAT0003062,POST_MATCH,M018,2026-01-15,2026-01-18,EMAIL,R56327985,1,7,8,4,4,7,9,
SAT0003068,POST_MATCH,M018,2026-01-15,2026-01-18,EMAIL,R55145230,0,8,9,6,5,4,7,
SAT0003080,POST_MATCH,M018,2026-01-15,2026-01-18,EMAIL,R56502623,0,5,6,1,4,5,4,
SAT0003081,POST_MATCH,M018,2026-01-15,2026-01-18,EMAIL,R53766459,0,6,9,3,3,5,8,
SAT0003109,POST_MATCH,M018,2026-01-15,2026-01-18,QR_SUR_PLACE,R58352389,1,5,9,5,3,6,7,Peu de choix a la restauration
SAT0003125,POST_MATCH,M018,2026-01-15,2026-01-18,EMAIL,R52662523,0,4,6,5,5,7,6,File d'attente interminable a l'entree
SAT0003140,POST_MATCH,M018,2026-01-15,2026-01-18,EMAIL,R57927704,1,7,7,2,3,5,4,
SAT0003141,POST_MATCH,M018,2026-01-15,2026-01-18,QR_SUR_PLACE,R55308901,0,5,8,4,3,5,6,
SAT0003142,POST_MATCH,M018,2026-01-15,2026-01-18,EMAIL,R57232907,1,6,10,3,6,7,9,
SAT0003147,POST_MATCH,M018,2026-01-15,2026-01-18,EMAIL,R57216902,0,7,8,3,5,4,9,
SAT0003150,POST_MATCH,M018,2026-01-15,2026-01-18,EMAIL,R51804792,1,7,6,3,4,8,8,
SAT0003153,POST_MATCH,M018,2026-01-15,2026-01-18,SMS,R51738521,1,4,9,4,5,4,6,
SAT0003154,POST_MATCH,M018,2026-01-15,2026-01-18,SMS,R52121445,1,5,7,5,5,7,6,
SAT0003172,POST_MATCH,M018,2026-01-15,2026-01-18,EMAIL,R51689069,1,5,8,3,4,6,7,
SAT0003173,POST_MATCH,M018,2026-01-15,2026-01-18,QR_SUR_PLACE,R57558276,0,7,8,5,5,6,7,
SAT0003175,POST_MATCH,M018,2026-01-15,2026-01-18,QR_SUR_PLACE,R55045378,1,7,9,4,4,7,8,
SAT0003191,POST_MATCH,M018,2026-01-15,2026-01-18,EMAIL,R59668500,1,6,8,5,4,8,7,
SAT0003197,POST_MATCH,M018,2026-01-15,2026-01-18,EMAIL,R51861456,1,4,8,3,5,7,7,Difficile de trouver sa place
SAT0002943,POST_MATCH,M018,2026-01-15,2026-01-19,EMAIL,R51317534,1,7,8,4,4,6,7,
SAT0002946,POST_MATCH,M018,2026-01-15,2026-01-19,EMAIL,R55241960,1,6,8,3,6,6,7,
SAT0002979,POST_MATCH,M018,2026-01-15,2026-01-19,QR_SUR_PLACE,R58016599,1,5,7,3,4,5,6,
SAT0002988,POST_MATCH,M018,2026-01-15,2026-01-19,EMAIL,R51821755,1,9,9,3,4,8,8,
SAT0002990,POST_MATCH,M018,2026-01-15,2026-01-19,EMAIL,R53941509,1,6,6,5,3,6,5,
SAT0003007,POST_MATCH,M018,2026-01-15,2026-01-19,QR_SUR_PLACE,R59222638,1,8,5,4,4,7,8,Rien a signaler
SAT0003008,POST_MATCH,M018,2026-01-15,2026-01-19,SMS,R59847285,1,8,8,3,3,5,5,Bon rapport qualite prix
SAT0003017,POST_MATCH,M018,2026-01-15,2026-01-19,EMAIL,R56307277,1,5,7,1,4,7,5,
SAT0003019,POST_MATCH,M018,2026-01-15,2026-01-19,SMS,R57624614,1,8,6,4,3,8,9,
SAT0003023,POST_MATCH,M018,2026-01-15,2026-01-19,EMAIL,R59608282,1,6,7,5,1,6,8,
SAT0003026,POST_MATCH,M018,2026-01-15,2026-01-19,QR_SUR_PLACE,R54704349,1,7,8,3,4,6,6,
SAT0003039,POST_MATCH,M018,2026-01-15,2026-01-19,EMAIL,R58775962,1,6,7,4,2,7,7,Sans plus
SAT0003060,POST_MATCH,M018,2026-01-15,2026-01-19,EMAIL,R56751223,1,7,6,3,3,5,8,
SAT0003063,POST_MATCH,M018,2026-01-15,2026-01-19,EMAIL,R58305255,1,6,6,2,3,7,6,
SAT0003070,POST_MATCH,M018,2026-01-15,2026-01-19,EMAIL,R52089636,0,7,8,5,3,5,6,
SAT0003077,POST_MATCH,M018,2026-01-15,2026-01-19,EMAIL,R58045956,1,5,8,3,4,7,6,
SAT0003082,POST_MATCH,M018,2026-01-15,2026-01-19,EMAIL,R58567140,1,6,6,5,5,7,7,
SAT0003093,POST_MATCH,M018,2026-01-15,2026-01-19,SMS,R51542361,1,7,6,5,5,7,5,
SAT0003098,POST_MATCH,M018,2026-01-15,2026-01-19,SMS,R57969934,1,5,6,3,6,7,6,
SAT0003116,POST_MATCH,M018,2026-01-15,2026-01-19,EMAIL,R59124769,0,6,7,4,5,6,6,
SAT0003118,POST_MATCH,M018,2026-01-15,2026-01-19,EMAIL,R51735322,1,7,7,2,4,6,8,
SAT0003136,POST_MATCH,M018,2026-01-15,2026-01-19,SMS,R54069147,0,6,7,6,4,9,7,
SAT0003145,POST_MATCH,M018,2026-01-15,2026-01-19,QR_SUR_PLACE,R59638453,1,7,6,5,5,5,6,
SAT0003186,POST_MATCH,M018,2026-01-15,2026-01-19,QR_SUR_PLACE,R53810260,0,7,6,4,3,7,9,
SAT0003188,POST_MATCH,M018,2026-01-15,2026-01-19,EMAIL,R58538128,0,9,8,4,5,7,8,
SAT0003196,POST_MATCH,M018,2026-01-15,2026-01-19,EMAIL,R58292372,0,7,6,5,3,7,6,Correct dans l'ensemble
SAT0003204,POST_MATCH,M018,2026-01-15,2026-01-19,EMAIL,R52407438,0,6,8,5,4,3,5,
SAT0003209,POST_MATCH,M019,2026-01-18,2026-01-19,QR_SUR_PLACE,R55519036,1,7,8,8,5,8,8,
SAT0003212,POST_MATCH,M019,2026-01-18,2026-01-19,EMAIL,R56624888,1,10,9,7,5,7,8,
SAT0003213,POST_MATCH,M019,2026-01-18,2026-01-19,QR_SUR_PLACE,R56962038,1,8,8,5,6,7,7,L'ambiance dans les tribunes vaut le deplacement
SAT0003215,POST_MATCH,M019,2026-01-18,2026-01-19,EMAIL,R57900541,1,8,9,8,5,7,6,"Premiere fois ici, tres agreable surprise"
SAT0003227,POST_MATCH,M019,2026-01-18,2026-01-19,EMAIL,R53951729,1,7,9,9,8,7,7,
SAT0003228,POST_MATCH,M019,2026-01-18,2026-01-19,EMAIL,R54073103,1,8,9,5,8,7,9,
SAT0003232,POST_MATCH,M019,2026-01-18,2026-01-19,EMAIL,R55540625,1,8,8,6,7,7,8,Match intense du debut a la fin
SAT0003233,POST_MATCH,M019,2026-01-18,2026-01-19,EMAIL,R55766822,1,7,10,4,6,9,8,
SAT0003234,POST_MATCH,M019,2026-01-18,2026-01-19,EMAIL,R57749264,1,10,9,6,7,7,9,
SAT0003235,POST_MATCH,M019,2026-01-18,2026-01-19,QR_SUR_PLACE,R51713733,1,10,8,6,8,5,9,
SAT0003237,POST_MATCH,M019,2026-01-18,2026-01-19,EMAIL,R52468336,1,9,9,6,7,6,8,Match intense du debut a la fin
SAT0003239,POST_MATCH,M019,2026-01-18,2026-01-19,SMS,R55101784,1,9,7,8,5,8,7,Tres bonne organisation
SAT0003240,POST_MATCH,M019,2026-01-18,2026-01-19,EMAIL,R55345145,1,8,9,6,7,7,9,Sans plus
SAT0003244,POST_MATCH,M019,2026-01-18,2026-01-19,SMS,R52003136,1,8,8,5,5,7,9,Tres bonne organisation
SAT0003245,POST_MATCH,M019,2026-01-18,2026-01-19,SMS,R52362967,1,6,10,8,5,7,8,
SAT0003246,POST_MATCH,M019,2026-01-18,2026-01-19,EMAIL,R52465338,1,8,8,7,7,7,8,"Super ambiance, on reviendra"
SAT0003248,POST_MATCH,M019,2026-01-18,2026-01-19,SMS,R54443489,1,9,8,7,8,7,7,
SAT0003251,POST_MATCH,M019,2026-01-18,2026-01-19,EMAIL,R56992956,1,10,10,7,7,5,10,"Super ambiance, on reviendra"
SAT0003257,POST_MATCH,M019,2026-01-18,2026-01-19,EMAIL,R59807239,1,8,9,6,5,8,9,"Premiere fois ici, tres agreable surprise"
SAT0003259,POST_MATCH,M019,2026-01-18,2026-01-19,EMAIL,R51426370,1,8,9,6,7,8,9,
SAT0003263,POST_MATCH,M019,2026-01-18,2026-01-19,QR_SUR_PLACE,R54797257,1,10,9,5,8,7,10,
SAT0003264,POST_MATCH,M019,2026-01-18,2026-01-19,EMAIL,R56840999,1,8,10,8,8,5,7,
SAT0003266,POST_MATCH,M019,2026-01-18,2026-01-19,EMAIL,R57177536,1,8,8,8,8,7,9,
SAT0003269,POST_MATCH,M019,2026-01-18,2026-01-19,EMAIL,R51805271,1,8,8,7,8,5,7,
SAT0003270,POST_MATCH,M019,2026-01-18,2026-01-19,EMAIL,R53816524,1,8,9,5,7,7,9,Bon rapport qualite prix
SAT0003273,POST_MATCH,M019,2026-01-18,2026-01-19,EMAIL,R58061549,1,8,7,7,5,6,8,"Super ambiance, on reviendra"
SAT0003276,POST_MATCH,M019,2026-01-18,2026-01-19,EMAIL,R51494547,1,7,9,7,7,6,8,
SAT0003278,POST_MATCH,M019,2026-01-18,2026-01-19,QR_SUR_PLACE,R54824976,1,9,9,6,6,5,10,Tres bonne organisation
SAT0003282,POST_MATCH,M019,2026-01-18,2026-01-19,EMAIL,R58414091,1,8,9,9,8,7,9,"Premiere fois ici, tres agreable surprise"
SAT0003283,POST_MATCH,M019,2026-01-18,2026-01-19,SMS,R59176050,1,7,10,9,8,7,9,
SAT0003284,POST_MATCH,M019,2026-01-18,2026-01-19,EMAIL,R59665837,1,7,8,6,7,9,7,
SAT0003286,POST_MATCH,M019,2026-01-18,2026-01-19,EMAIL,R52029763,1,8,7,9,5,6,8,Bon rapport qualite prix
SAT0003287,POST_MATCH,M019,2026-01-18,2026-01-19,EMAIL,R53120290,1,7,8,6,7,7,6,
SAT0003291,POST_MATCH,M019,2026-01-18,2026-01-19,QR_SUR_PLACE,R56569028,1,9,9,7,7,9,10,
SAT0003294,POST_MATCH,M019,2026-01-18,2026-01-19,EMAIL,R59082328,1,9,9,6,6,7,10,
SAT0003295,POST_MATCH,M019,2026-01-18,2026-01-19,QR_SUR_PLACE,R59564146,1,6,7,7,7,7,8,
SAT0003296,POST_MATCH,M019,2026-01-18,2026-01-19,EMAIL,R51508780,1,8,8,7,5,5,7,
SAT0003297,POST_MATCH,M019,2026-01-18,2026-01-19,EMAIL,R53494287,1,8,10,7,7,8,10,"Super ambiance, on reviendra"
SAT0003301,POST_MATCH,M019,2026-01-18,2026-01-19,EMAIL,R55880696,1,9,8,9,7,7,8,
SAT0003305,POST_MATCH,M019,2026-01-18,2026-01-19,EMAIL,R56789775,1,9,7,7,8,7,7,
SAT0003307,POST_MATCH,M019,2026-01-18,2026-01-19,QR_SUR_PLACE,R57314503,1,8,8,5,7,6,6,Match intense du debut a la fin
SAT0003309,POST_MATCH,M019,2026-01-18,2026-01-19,SMS,R57962444,1,8,9,8,6,8,9,
SAT0003311,POST_MATCH,M019,2026-01-18,2026-01-19,QR_SUR_PLACE,R52105909,1,7,9,7,7,9,8,
SAT0003313,POST_MATCH,M019,2026-01-18,2026-01-19,EMAIL,R53848668,1,10,10,9,7,10,9,Match intense du debut a la fin
SAT0003319,POST_MATCH,M019,2026-01-18,2026-01-19,EMAIL,R59182381,1,9,8,7,7,7,6,"Premiere fois ici, tres agreable surprise"
SAT0003321,POST_MATCH,M019,2026-01-18,2026-01-19,EMAIL,R51085331,1,8,8,8,6,7,9,"Premiere fois ici, tres agreable surprise"
SAT0003323,POST_MATCH,M019,2026-01-18,2026-01-19,EMAIL,R53465610,1,10,7,6,7,6,9,Sans plus
SAT0003325,POST_MATCH,M019,2026-01-18,2026-01-19,EMAIL,R57075567,1,10,6,7,7,6,9,"Premiere fois ici, tres agreable surprise"
SAT0003326,POST_MATCH,M019,2026-01-18,2026-01-19,EMAIL,R52706783,1,8,7,7,8,7,10,"Super ambiance, on reviendra"
SAT0003327,POST_MATCH,M019,2026-01-18,2026-01-19,EMAIL,R52788925,1,6,9,7,7,5,8,
SAT0003329,POST_MATCH,M019,2026-01-18,2026-01-19,SMS,R53603602,1,9,8,6,7,6,7,
SAT0003331,POST_MATCH,M019,2026-01-18,2026-01-19,EMAIL,R55978364,1,8,8,7,6,7,8,L'ambiance dans les tribunes vaut le deplacement
SAT0003336,POST_MATCH,M019,2026-01-18,2026-01-19,EMAIL,R52540593,0,10,8,7,7,6,8,
SAT0003340,POST_MATCH,M019,2026-01-18,2026-01-19,EMAIL,R56535514,0,6,10,5,7,7,7,
SAT0003342,POST_MATCH,M019,2026-01-18,2026-01-19,EMAIL,R56630405,0,7,9,7,5,6,7,
SAT0003343,POST_MATCH,M019,2026-01-18,2026-01-19,EMAIL,R54809517,1,7,9,5,6,7,7,
SAT0003344,POST_MATCH,M019,2026-01-18,2026-01-19,EMAIL,R57995824,1,9,9,8,6,8,8,"Super ambiance, on reviendra"
SAT0003347,POST_MATCH,M019,2026-01-18,2026-01-19,EMAIL,R52286198,1,9,8,7,6,10,10,Tres bonne organisation
SAT0003349,POST_MATCH,M019,2026-01-18,2026-01-19,EMAIL,R56768330,0,9,9,8,7,6,9,Match intense du debut a la fin
SAT0003350,POST_MATCH,M019,2026-01-18,2026-01-19,QR_SUR_PLACE,R57564339,0,8,9,6,5,7,8,
SAT0003361,POST_MATCH,M019,2026-01-18,2026-01-19,SMS,R52474868,1,9,10,6,8,8,7,
SAT0003362,POST_MATCH,M019,2026-01-18,2026-01-19,EMAIL,R57488394,0,10,10,6,6,6,9,Correct dans l'ensemble
SAT0003364,POST_MATCH,M019,2026-01-18,2026-01-19,QR_SUR_PLACE,R53051912,1,6,8,7,6,6,7,
SAT0003368,POST_MATCH,M019,2026-01-18,2026-01-19,EMAIL,R57220781,0,7,8,8,7,7,6,
SAT0003370,POST_MATCH,M019,2026-01-18,2026-01-19,EMAIL,R56894732,1,8,9,7,6,8,9,Correct dans l'ensemble
SAT0003373,POST_MATCH,M019,2026-01-18,2026-01-19,SMS,R58050515,0,8,10,8,5,6,9,Tres bonne organisation
SAT0003375,POST_MATCH,M019,2026-01-18,2026-01-19,EMAIL,R57397469,1,7,8,7,5,5,8,Correct dans l'ensemble
SAT0003377,POST_MATCH,M019,2026-01-18,2026-01-19,SMS,R52337154,1,6,6,7,5,8,6,
SAT0003382,POST_MATCH,M019,2026-01-18,2026-01-19,SMS,R57744561,1,7,10,7,7,9,8,Correct dans l'ensemble
SAT0003385,POST_MATCH,M019,2026-01-18,2026-01-19,EMAIL,R59920500,0,8,9,7,6,6,6,Match intense du debut a la fin
SAT0003386,POST_MATCH,M019,2026-01-18,2026-01-19,EMAIL,R51719997,1,8,8,7,6,7,9,
SAT0003388,POST_MATCH,M019,2026-01-18,2026-01-19,EMAIL,R55549408,1,7,9,6,6,6,7,
SAT0003389,POST_MATCH,M019,2026-01-18,2026-01-19,EMAIL,R59028796,1,8,9,6,6,7,7,
SAT0003391,POST_MATCH,M019,2026-01-18,2026-01-19,QR_SUR_PLACE,R52376654,0,9,9,6,5,9,9,Match intense du debut a la fin
SAT0003392,POST_MATCH,M019,2026-01-18,2026-01-19,SMS,R59284896,0,9,9,4,6,7,9,
SAT0003393,POST_MATCH,M019,2026-01-18,2026-01-19,EMAIL,R59656230,0,9,8,6,7,7,9,
SAT0003397,POST_MATCH,M019,2026-01-18,2026-01-19,EMAIL,R54927548,0,5,10,8,7,7,8,
SAT0002767,POST_MATCH,M017,2026-01-13,2026-01-20,SMS,R59529282,1,8,10,9,8,8,10,"Premiere fois ici, tres agreable surprise"
SAT0002798,POST_MATCH,M017,2026-01-13,2026-01-20,SMS,R51887279,1,9,8,4,9,9,8,
SAT0002816,POST_MATCH,M017,2026-01-13,2026-01-20,EMAIL,R51447279,1,9,10,6,8,9,10,
SAT0002841,POST_MATCH,M017,2026-01-13,2026-01-20,EMAIL,R53290091,1,8,9,7,8,7,9,Bon rapport qualite prix
SAT0002884,POST_MATCH,M017,2026-01-13,2026-01-20,QR_SUR_PLACE,R52405800,1,10,8,8,9,9,9,Bon rapport qualite prix
SAT0002919,POST_MATCH,M017,2026-01-13,2026-01-20,EMAIL,R54997842,0,8,10,6,8,9,9,Bon rapport qualite prix
SAT0002944,POST_MATCH,M018,2026-01-15,2026-01-20,SMS,R52768505,1,7,6,2,4,6,7,
SAT0002959,POST_MATCH,M018,2026-01-15,2026-01-20,EMAIL,R53267621,1,5,6,4,4,6,5,
SAT0002973,POST_MATCH,M018,2026-01-15,2026-01-20,EMAIL,R53420938,1,5,8,3,3,7,9,Prix des places trop eleve pour ce niveau de match
SAT0002993,POST_MATCH,M018,2026-01-15,2026-01-20,EMAIL,R59440119,1,8,5,5,5,5,6,"Premiere fois ici, tres agreable surprise"
SAT0003034,POST_MATCH,M018,2026-01-15,2026-01-20,EMAIL,R55636789,1,6,6,4,3,8,8,
SAT0003046,POST_MATCH,M018,2026-01-15,2026-01-20,EMAIL,R53085617,1,5,7,3,4,4,4,Trop d'attente aux buvettes
SAT0003074,POST_MATCH,M018,2026-01-15,2026-01-20,EMAIL,R59830734,0,7,8,5,4,4,7,
SAT0003075,POST_MATCH,M018,2026-01-15,2026-01-20,EMAIL,R56169429,1,4,6,4,5,6,5,Peu de choix a la restauration
SAT0003078,POST_MATCH,M018,2026-01-15,2026-01-20,EMAIL,R52397218,1,5,8,6,4,9,7,Peu de choix a la restauration
SAT0003086,POST_MATCH,M018,2026-01-15,2026-01-20,EMAIL,R55833696,0,8,9,3,5,4,7,
SAT0003087,POST_MATCH,M018,2026-01-15,2026-01-20,EMAIL,R55164032,1,6,6,2,4,8,8,
SAT0003106,POST_MATCH,M018,2026-01-15,2026-01-20,QR_SUR_PLACE,R54155925,1,8,8,4,6,7,9,Match intense du debut a la fin
SAT0003115,POST_MATCH,M018,2026-01-15,2026-01-20,EMAIL,R52201604,1,4,9,3,5,6,6,Prix des places trop eleve pour ce niveau de match
SAT0003128,POST_MATCH,M018,2026-01-15,2026-01-20,QR_SUR_PLACE,R59090096,0,6,10,4,6,6,4,Correct dans l'ensemble
SAT0003208,POST_MATCH,M019,2026-01-18,2026-01-20,EMAIL,R53961403,1,6,8,6,6,6,7,
SAT0003210,POST_MATCH,M019,2026-01-18,2026-01-20,EMAIL,R56406047,1,8,9,4,6,6,8,
SAT0003211,POST_MATCH,M019,2026-01-18,2026-01-20,EMAIL,R56493093,1,7,8,5,8,6,7,
SAT0003216,POST_MATCH,M019,2026-01-18,2026-01-20,EMAIL,R51844168,1,10,10,8,5,7,10,Bon rapport qualite prix
SAT0003217,POST_MATCH,M019,2026-01-18,2026-01-20,QR_SUR_PLACE,R53900170,1,7,8,6,6,7,8,
SAT0003220,POST_MATCH,M019,2026-01-18,2026-01-20,EMAIL,R56539135,1,9,9,5,8,9,10,
SAT0003223,POST_MATCH,M019,2026-01-18,2026-01-20,EMAIL,R58276990,1,7,8,7,6,6,7,
SAT0003224,POST_MATCH,M019,2026-01-18,2026-01-20,EMAIL,R51147867,1,7,8,8,9,6,8,
SAT0003229,POST_MATCH,M019,2026-01-18,2026-01-20,SMS,R54420674,1,7,10,6,8,7,7,
SAT0003236,POST_MATCH,M019,2026-01-18,2026-01-20,QR_SUR_PLACE,R52114022,1,9,8,6,6,7,8,"Premiere fois ici, tres agreable surprise"
SAT0003238,POST_MATCH,M019,2026-01-18,2026-01-20,EMAIL,R54184123,1,8,8,8,5,7,8,Tres bonne organisation
SAT0003247,POST_MATCH,M019,2026-01-18,2026-01-20,QR_SUR_PLACE,R52937961,1,6,9,6,6,8,9,
SAT0003249,POST_MATCH,M019,2026-01-18,2026-01-20,EMAIL,R54536052,1,8,10,7,6,8,10,
SAT0003254,POST_MATCH,M019,2026-01-18,2026-01-20,EMAIL,R58057124,1,9,8,7,6,8,9,
SAT0003255,POST_MATCH,M019,2026-01-18,2026-01-20,EMAIL,R58353203,1,10,10,7,7,8,10,
SAT0003258,POST_MATCH,M019,2026-01-18,2026-01-20,SMS,R51232049,1,8,10,6,7,8,10,
SAT0003260,POST_MATCH,M019,2026-01-18,2026-01-20,SMS,R51808882,1,8,9,6,6,8,8,
SAT0003274,POST_MATCH,M019,2026-01-18,2026-01-20,EMAIL,R58974306,1,10,8,6,6,5,10,
SAT0003293,POST_MATCH,M019,2026-01-18,2026-01-20,EMAIL,R57624614,1,9,9,4,6,8,8,
SAT0003300,POST_MATCH,M019,2026-01-18,2026-01-20,EMAIL,R55476116,1,10,8,5,7,6,8,
SAT0003302,POST_MATCH,M019,2026-01-18,2026-01-20,EMAIL,R56051723,1,9,9,5,6,9,9,
SAT0003303,POST_MATCH,M019,2026-01-18,2026-01-20,EMAIL,R56333090,1,10,9,7,8,7,10,
SAT0003306,POST_MATCH,M019,2026-01-18,2026-01-20,QR_SUR_PLACE,R56950994,1,9,8,8,4,5,7,
SAT0003308,POST_MATCH,M019,2026-01-18,2026-01-20,EMAIL,R57370899,1,8,8,7,6,8,9,Match intense du debut a la fin
SAT0003315,POST_MATCH,M019,2026-01-18,2026-01-20,SMS,R55128612,1,9,9,7,8,8,10,
SAT0003334,POST_MATCH,M019,2026-01-18,2026-01-20,EMAIL,R57981035,1,9,7,7,5,7,9,
SAT0003338,POST_MATCH,M019,2026-01-18,2026-01-20,SMS,R53741470,0,8,10,7,7,7,7,"Super ambiance, on reviendra"
SAT0003341,POST_MATCH,M019,2026-01-18,2026-01-20,EMAIL,R55667305,0,8,10,9,6,7,10,
SAT0003345,POST_MATCH,M019,2026-01-18,2026-01-20,EMAIL,R55908626,0,9,10,7,7,6,8,
SAT0003348,POST_MATCH,M019,2026-01-18,2026-01-20,EMAIL,R59161405,0,10,8,8,7,6,9,Correct dans l'ensemble
SAT0003351,POST_MATCH,M019,2026-01-18,2026-01-20,EMAIL,R52863922,0,9,8,6,6,7,10,Bon rapport qualite prix
SAT0003354,POST_MATCH,M019,2026-01-18,2026-01-20,EMAIL,R55230313,1,8,9,8,7,7,8,
SAT0003363,POST_MATCH,M019,2026-01-18,2026-01-20,EMAIL,R55285751,0,8,9,7,7,6,8,Match intense du debut a la fin
SAT0003365,POST_MATCH,M019,2026-01-18,2026-01-20,SMS,R57061746,0,7,9,5,7,5,7,
SAT0003367,POST_MATCH,M019,2026-01-18,2026-01-20,EMAIL,R51600184,0,8,10,7,8,8,8,"Super ambiance, on reviendra"
SAT0003369,POST_MATCH,M019,2026-01-18,2026-01-20,SMS,R53212317,0,9,10,5,7,6,8,"Premiere fois ici, tres agreable surprise"
SAT0003372,POST_MATCH,M019,2026-01-18,2026-01-20,EMAIL,R59656029,0,8,10,6,7,5,8,
SAT0003376,POST_MATCH,M019,2026-01-18,2026-01-20,EMAIL,R59718354,1,6,9,7,8,7,6,
SAT0003387,POST_MATCH,M019,2026-01-18,2026-01-20,EMAIL,R57127059,1,6,9,7,6,6,7,
SAT0003390,POST_MATCH,M019,2026-01-18,2026-01-20,SMS,R56476532,1,8,7,6,7,7,8,L'ambiance dans les tribunes vaut le deplacement
SAT0003207,POST_MATCH,M019,2026-01-18,2026-01-21,SMS,R52493881,1,9,7,7,5,9,9,
SAT0003214,POST_MATCH,M019,2026-01-18,2026-01-21,EMAIL,R57657180,1,7,10,6,6,8,6,
SAT0003222,POST_MATCH,M019,2026-01-18,2026-01-21,EMAIL,R57616789,1,10,9,6,7,7,7,Tres bonne organisation
SAT0003225,POST_MATCH,M019,2026-01-18,2026-01-21,EMAIL,R53143182,1,8,8,8,8,7,7,
SAT0003253,POST_MATCH,M019,2026-01-18,2026-01-21,EMAIL,R57957205,1,7,10,7,8,8,10,Correct dans l'ensemble
SAT0003256,POST_MATCH,M019,2026-01-18,2026-01-21,EMAIL,R58391822,1,7,10,7,8,9,9,Correct dans l'ensemble
SAT0003271,POST_MATCH,M019,2026-01-18,2026-01-21,SMS,R53972226,1,9,7,7,6,6,8,Match intense du debut a la fin
SAT0003275,POST_MATCH,M019,2026-01-18,2026-01-21,SMS,R59222571,1,7,9,5,8,7,8,
SAT0003277,POST_MATCH,M019,2026-01-18,2026-01-21,QR_SUR_PLACE,R54555256,1,6,6,6,6,5,6,
SAT0003289,POST_MATCH,M019,2026-01-18,2026-01-21,EMAIL,R55004039,1,8,8,9,8,6,9,
SAT0003298,POST_MATCH,M019,2026-01-18,2026-01-21,EMAIL,R53854731,1,6,8,6,8,7,9,
SAT0003299,POST_MATCH,M019,2026-01-18,2026-01-21,EMAIL,R54381911,1,10,9,8,8,6,7,Tres bonne organisation
SAT0003304,POST_MATCH,M019,2026-01-18,2026-01-21,SMS,R56386421,1,6,9,7,7,8,7,
SAT0003310,POST_MATCH,M019,2026-01-18,2026-01-21,QR_SUR_PLACE,R58059911,1,10,9,7,6,6,9,
SAT0003312,POST_MATCH,M019,2026-01-18,2026-01-21,EMAIL,R52502520,1,9,8,6,6,6,9,
SAT0003316,POST_MATCH,M019,2026-01-18,2026-01-21,EMAIL,R56948609,1,7,10,7,5,7,8,
SAT0003320,POST_MATCH,M019,2026-01-18,2026-01-21,EMAIL,R59685654,1,10,10,8,6,6,8,Match intense du debut a la fin
SAT0003322,POST_MATCH,M019,2026-01-18,2026-01-21,EMAIL,R51139275,1,9,7,6,6,8,9,
SAT0003328,POST_MATCH,M019,2026-01-18,2026-01-21,SMS,R53096651,1,6,8,6,7,8,7,
SAT0003346,POST_MATCH,M019,2026-01-18,2026-01-21,EMAIL,R55010447,1,8,10,7,7,7,10,
SAT0003352,POST_MATCH,M019,2026-01-18,2026-01-21,EMAIL,R51314191,0,6,8,6,6,7,9,
SAT0003353,POST_MATCH,M019,2026-01-18,2026-01-21,EMAIL,R52506342,1,8,8,7,7,6,9,"Premiere fois ici, tres agreable surprise"
SAT0003355,POST_MATCH,M019,2026-01-18,2026-01-21,EMAIL,R54635080,1,8,8,6,7,6,9,Match intense du debut a la fin
SAT0003371,POST_MATCH,M019,2026-01-18,2026-01-21,SMS,R53213198,0,10,10,7,6,8,10,Bon rapport qualite prix
SAT0003374,POST_MATCH,M019,2026-01-18,2026-01-21,QR_SUR_PLACE,R54837380,0,8,9,6,5,6,7,
SAT0003381,POST_MATCH,M019,2026-01-18,2026-01-21,EMAIL,R51753990,0,7,8,9,5,7,8,
SAT0003395,POST_MATCH,M019,2026-01-18,2026-01-21,EMAIL,R57526802,0,10,9,7,7,4,8,
SAT0002976,POST_MATCH,M018,2026-01-15,2026-01-22,EMAIL,R55221932,1,5,6,4,4,6,5,Peu de choix a la restauration
SAT0003024,POST_MATCH,M018,2026-01-15,2026-01-22,EMAIL,R52688192,1,7,6,3,6,6,7,
SAT0003028,POST_MATCH,M018,2026-01-15,2026-01-22,EMAIL,R56461820,1,6,6,4,6,6,6,
SAT0003054,POST_MATCH,M018,2026-01-15,2026-01-22,EMAIL,R52640790,0,8,8,3,4,6,8,
SAT0003057,POST_MATCH,M018,2026-01-15,2026-01-22,SMS,R52442245,1,4,8,4,6,8,7,
SAT0003091,POST_MATCH,M018,2026-01-15,2026-01-22,SMS,R52095565,1,6,7,2,6,5,7,
SAT0003112,POST_MATCH,M018,2026-01-15,2026-01-22,EMAIL,R54550630,0,5,6,3,6,7,7,Peu de choix a la restauration
SAT0003132,POST_MATCH,M018,2026-01-15,2026-01-22,EMAIL,R55925857,1,6,7,3,3,7,8,
SAT0003176,POST_MATCH,M018,2026-01-15,2026-01-22,EMAIL,R55499420,0,6,7,3,3,5,7,
SAT0003218,POST_MATCH,M019,2026-01-18,2026-01-22,EMAIL,R54524817,1,8,6,7,5,6,5,Bon rapport qualite prix
SAT0003231,POST_MATCH,M019,2026-01-18,2026-01-22,EMAIL,R55399635,1,7,10,7,7,6,7,
SAT0003241,POST_MATCH,M019,2026-01-18,2026-01-22,QR_SUR_PLACE,R55874777,1,7,9,8,7,9,10,
SAT0003243,POST_MATCH,M019,2026-01-18,2026-01-22,SMS,R59558907,1,7,10,6,5,6,8,
SAT0003262,POST_MATCH,M019,2026-01-18,2026-01-22,EMAIL,R53673628,1,6,8,7,7,7,8,
SAT0003285,POST_MATCH,M019,2026-01-18,2026-01-22,EMAIL,R51804792,1,7,9,8,5,5,8,
SAT0003317,POST_MATCH,M019,2026-01-18,2026-01-22,EMAIL,R57977836,1,8,7,5,6,8,8,
SAT0003318,POST_MATCH,M019,2026-01-18,2026-01-22,EMAIL,R58752668,1,8,10,7,5,7,8,
SAT0003333,POST_MATCH,M019,2026-01-18,2026-01-22,EMAIL,R56633661,1,9,9,7,7,7,8,
SAT0003335,POST_MATCH,M019,2026-01-18,2026-01-22,EMAIL,R59339443,1,8,9,6,5,7,9,
SAT0003337,POST_MATCH,M019,2026-01-18,2026-01-22,EMAIL,R57171674,0,9,10,6,8,5,8,
SAT0003339,POST_MATCH,M019,2026-01-18,2026-01-22,EMAIL,R56049070,1,9,8,7,6,7,9,
SAT0003356,POST_MATCH,M019,2026-01-18,2026-01-22,EMAIL,R52444898,1,6,8,7,7,5,6,
SAT0003357,POST_MATCH,M019,2026-01-18,2026-01-22,EMAIL,R54593942,1,8,10,7,9,5,8,"Super ambiance, on reviendra"
SAT0003358,POST_MATCH,M019,2026-01-18,2026-01-22,SMS,R52026976,0,7,9,6,7,8,10,
SAT0003359,POST_MATCH,M019,2026-01-18,2026-01-22,SMS,R59177611,1,10,9,6,9,6,10,
SAT0003360,POST_MATCH,M019,2026-01-18,2026-01-22,EMAIL,R58373365,1,6,8,7,6,9,8,
SAT0003378,POST_MATCH,M019,2026-01-18,2026-01-22,EMAIL,R58772428,0,9,10,6,6,9,8,Match intense du debut a la fin
SAT0003379,POST_MATCH,M019,2026-01-18,2026-01-22,EMAIL,R51600184,1,9,7,7,8,7,8,"Premiere fois ici, tres agreable surprise"
SAT0003384,POST_MATCH,M019,2026-01-18,2026-01-22,EMAIL,R51094124,1,7,8,7,7,6,7,
SAT0003396,POST_MATCH,M019,2026-01-18,2026-01-22,SMS,R54104366,1,7,7,7,7,7,8,
SAT0003221,POST_MATCH,M019,2026-01-18,2026-01-23,EMAIL,R57290673,1,9,7,7,5,7,8,L'ambiance dans les tribunes vaut le deplacement
SAT0003226,POST_MATCH,M019,2026-01-18,2026-01-23,QR_SUR_PLACE,R53267621,1,9,9,6,7,7,8,"Super ambiance, on reviendra"
SAT0003250,POST_MATCH,M019,2026-01-18,2026-01-23,EMAIL,R55909785,1,8,6,8,7,6,6,
SAT0003261,POST_MATCH,M019,2026-01-18,2026-01-23,QR_SUR_PLACE,R52895118,1,6,9,7,6,8,9,
SAT0003265,POST_MATCH,M019,2026-01-18,2026-01-23,EMAIL,R57088038,1,9,8,6,6,9,7,"Premiere fois ici, tres agreable surprise"
SAT0003267,POST_MATCH,M019,2026-01-18,2026-01-23,SMS,R57701038,1,9,9,5,6,7,9,"Premiere fois ici, tres agreable surprise"
SAT0003268,POST_MATCH,M019,2026-01-18,2026-01-23,EMAIL,R58147915,1,7,10,5,7,8,8,Correct dans l'ensemble
SAT0003272,POST_MATCH,M019,2026-01-18,2026-01-23,EMAIL,R56716014,1,8,8,6,8,7,9,Bon rapport qualite prix
SAT0003279,POST_MATCH,M019,2026-01-18,2026-01-23,EMAIL,R56915306,1,8,8,8,6,6,7,
SAT0003280,POST_MATCH,M019,2026-01-18,2026-01-23,SMS,R56934309,1,7,8,6,6,7,7,
SAT0003281,POST_MATCH,M019,2026-01-18,2026-01-23,QR_SUR_PLACE,R57146407,1,7,9,8,7,6,6,Sans plus
SAT0003288,POST_MATCH,M019,2026-01-18,2026-01-23,EMAIL,R53894509,1,8,8,7,7,6,8,
SAT0003290,POST_MATCH,M019,2026-01-18,2026-01-23,EMAIL,R55513442,1,10,9,8,6,7,8,
SAT0003292,POST_MATCH,M019,2026-01-18,2026-01-23,EMAIL,R56826488,1,8,9,7,7,7,8,
SAT0003332,POST_MATCH,M019,2026-01-18,2026-01-23,EMAIL,R56496349,1,9,10,7,8,6,7,
SAT0003380,POST_MATCH,M019,2026-01-18,2026-01-23,QR_SUR_PLACE,R53578134,1,6,9,7,6,6,7,
SAT0003394,POST_MATCH,M019,2026-01-18,2026-01-23,EMAIL,R58814045,1,6,10,8,6,6,7,
SAT0003402,POST_MATCH,M020,2026-01-22,2026-01-23,EMAIL,R55896031,1,7,7,4,6,6,8,
SAT0003406,POST_MATCH,M020,2026-01-22,2026-01-23,EMAIL,R58208880,1,8,8,5,6,7,6,
SAT0003407,POST_MATCH,M020,2026-01-22,2026-01-23,EMAIL,R58595683,1,6,5,3,8,8,6,
SAT0003409,POST_MATCH,M020,2026-01-22,2026-01-23,EMAIL,R52745891,1,5,6,5,8,8,7,
SAT0003411,POST_MATCH,M020,2026-01-22,2026-01-23,SMS,R55421023,1,6,8,5,7,6,8,
SAT0003414,POST_MATCH,M020,2026-01-22,2026-01-23,EMAIL,R58031177,1,7,6,6,4,6,8,
SAT0003417,POST_MATCH,M020,2026-01-22,2026-01-23,EMAIL,R52392257,1,7,6,4,4,7,6,
SAT0003419,POST_MATCH,M020,2026-01-22,2026-01-23,EMAIL,R53283559,1,6,6,4,7,8,7,
SAT0003424,POST_MATCH,M020,2026-01-22,2026-01-23,SMS,R56097229,1,6,7,3,5,7,5,
SAT0003428,POST_MATCH,M020,2026-01-22,2026-01-23,EMAIL,R55183926,1,7,7,5,6,7,8,
SAT0003435,POST_MATCH,M020,2026-01-22,2026-01-23,EMAIL,R53348058,1,6,7,4,7,6,5,
SAT0003436,POST_MATCH,M020,2026-01-22,2026-01-23,EMAIL,R53351123,1,5,7,6,6,10,9,
SAT0003438,POST_MATCH,M020,2026-01-22,2026-01-23,EMAIL,R54635971,1,6,6,5,7,7,6,
SAT0003440,POST_MATCH,M020,2026-01-22,2026-01-23,QR_SUR_PLACE,R55539533,1,6,6,6,6,8,8,
SAT0003442,POST_MATCH,M020,2026-01-22,2026-01-23,EMAIL,R56992956,1,8,6,5,6,6,7,
SAT0003445,POST_MATCH,M020,2026-01-22,2026-01-23,EMAIL,R57243673,1,5,7,5,6,7,7,
SAT0003446,POST_MATCH,M020,2026-01-22,2026-01-23,EMAIL,R59129874,1,4,5,4,6,5,5,Trop d'attente aux buvettes
SAT0003447,POST_MATCH,M020,2026-01-22,2026-01-23,SMS,R59218759,1,7,7,5,7,8,9,
SAT0003448,POST_MATCH,M020,2026-01-22,2026-01-23,SMS,R59807239,1,4,6,4,4,8,6,
SAT0003449,POST_MATCH,M020,2026-01-22,2026-01-23,EMAIL,R51302544,1,6,7,3,6,8,7,
SAT0003451,POST_MATCH,M020,2026-01-22,2026-01-23,SMS,R53354255,1,7,7,3,5,5,6,
SAT0003453,POST_MATCH,M020,2026-01-22,2026-01-23,QR_SUR_PLACE,R57177536,1,6,5,4,5,5,5,
SAT0003454,POST_MATCH,M020,2026-01-22,2026-01-23,EMAIL,R58311586,1,6,8,3,7,6,7,
SAT0003455,POST_MATCH,M020,2026-01-22,2026-01-23,EMAIL,R58618086,1,5,6,4,6,5,8,Trop d'attente aux buvettes
SAT0003457,POST_MATCH,M020,2026-01-22,2026-01-23,EMAIL,R52576425,1,5,6,6,6,8,6,
SAT0003461,POST_MATCH,M020,2026-01-22,2026-01-23,EMAIL,R53769323,1,4,7,4,6,9,9,Difficile de trouver sa place
SAT0003462,POST_MATCH,M020,2026-01-22,2026-01-23,SMS,R54252367,1,7,8,4,7,4,8,
SAT0003465,POST_MATCH,M020,2026-01-22,2026-01-23,EMAIL,R56403384,1,5,4,4,6,7,4,Peu de choix a la restauration
SAT0003466,POST_MATCH,M020,2026-01-22,2026-01-23,EMAIL,R58871935,1,7,6,4,5,7,7,Sans plus
SAT0003467,POST_MATCH,M020,2026-01-22,2026-01-23,SMS,R58889099,1,7,7,6,6,7,6,
SAT0003468,POST_MATCH,M020,2026-01-22,2026-01-23,SMS,R52703996,1,5,7,4,6,7,7,
SAT0003474,POST_MATCH,M020,2026-01-22,2026-01-23,SMS,R54815848,1,7,5,4,4,7,7,
SAT0003475,POST_MATCH,M020,2026-01-22,2026-01-23,SMS,R55331994,1,7,8,5,6,7,9,
SAT0003476,POST_MATCH,M020,2026-01-22,2026-01-23,EMAIL,R56470948,1,5,5,2,7,5,6,Peu de choix a la restauration
SAT0003477,POST_MATCH,M020,2026-01-22,2026-01-23,EMAIL,R57601320,1,6,8,4,6,5,6,Rien a signaler
SAT0003482,POST_MATCH,M020,2026-01-22,2026-01-23,EMAIL,R58059911,1,5,7,4,6,8,7,Sonorisation trop forte
SAT0003484,POST_MATCH,M020,2026-01-22,2026-01-23,SMS,R52149432,1,7,6,4,6,8,7,
SAT0003485,POST_MATCH,M020,2026-01-22,2026-01-23,EMAIL,R54293706,1,6,7,4,7,6,5,Sans plus
SAT0003489,POST_MATCH,M020,2026-01-22,2026-01-23,SMS,R59833387,1,5,7,7,5,5,5,Peu de choix a la restauration
SAT0003491,POST_MATCH,M020,2026-01-22,2026-01-23,EMAIL,R53358948,1,7,6,4,6,5,7,
SAT0003495,POST_MATCH,M020,2026-01-22,2026-01-23,QR_SUR_PLACE,R56621334,1,6,5,4,6,8,5,
SAT0003496,POST_MATCH,M020,2026-01-22,2026-01-23,EMAIL,R56809525,1,6,6,7,6,7,5,
SAT0003500,POST_MATCH,M020,2026-01-22,2026-01-23,EMAIL,R51138729,1,6,6,6,6,8,8,
SAT0003502,POST_MATCH,M020,2026-01-22,2026-01-23,EMAIL,R52900491,1,6,5,4,6,6,4,
SAT0003505,POST_MATCH,M020,2026-01-22,2026-01-23,SMS,R54124652,1,5,7,3,7,6,6,Peu de choix a la restauration
SAT0003507,POST_MATCH,M020,2026-01-22,2026-01-23,EMAIL,R58303473,1,7,7,6,7,6,6,Sans plus
SAT0003508,POST_MATCH,M020,2026-01-22,2026-01-23,EMAIL,R59098534,1,7,6,6,6,6,7,
SAT0003509,POST_MATCH,M020,2026-01-22,2026-01-23,EMAIL,R52967174,1,4,7,6,6,7,6,
SAT0003513,POST_MATCH,M020,2026-01-22,2026-01-23,EMAIL,R51705285,1,5,8,4,7,7,7,
SAT0003514,POST_MATCH,M020,2026-01-22,2026-01-23,EMAIL,R55355355,0,6,7,4,6,5,8,
SAT0003515,POST_MATCH,M020,2026-01-22,2026-01-23,EMAIL,R59586626,1,6,6,4,8,7,5,Rien a signaler
SAT0003518,POST_MATCH,M020,2026-01-22,2026-01-23,EMAIL,R59671220,0,5,6,6,6,7,7,Trop d'attente aux buvettes
SAT0003521,POST_MATCH,M020,2026-01-22,2026-01-23,EMAIL,R55055665,1,7,7,6,6,7,7,
SAT0003523,POST_MATCH,M020,2026-01-22,2026-01-23,QR_SUR_PLACE,R55364483,0,6,6,5,6,8,9,
SAT0003526,POST_MATCH,M020,2026-01-22,2026-01-23,EMAIL,R54849563,1,6,7,3,7,8,9,
SAT0003527,POST_MATCH,M020,2026-01-22,2026-01-23,EMAIL,R53074995,1,6,7,6,6,6,6,
SAT0003528,POST_MATCH,M020,2026-01-22,2026-01-23,EMAIL,R56793453,1,6,7,5,9,6,8,
SAT0003531,POST_MATCH,M020,2026-01-22,2026-01-23,EMAIL,R57429335,0,6,6,3,6,7,8,Rien a signaler
SAT0003533,POST_MATCH,M020,2026-01-22,2026-01-23,EMAIL,R53069009,1,5,7,6,6,7,7,
SAT0003539,POST_MATCH,M020,2026-01-22,2026-01-23,EMAIL,R56899090,1,5,8,5,7,7,8,
SAT0003541,POST_MATCH,M020,2026-01-22,2026-01-23,EMAIL,R51780349,0,4,8,6,5,7,6,Peu de choix a la restauration
SAT0003543,POST_MATCH,M020,2026-01-22,2026-01-23,EMAIL,R53730359,0,6,9,5,8,6,7,
SAT0003544,POST_MATCH,M020,2026-01-22,2026-01-23,EMAIL,R55219279,0,5,8,6,6,8,7,Sans plus
SAT0003545,POST_MATCH,M020,2026-01-22,2026-01-23,QR_SUR_PLACE,R57324244,1,6,4,5,5,6,5,
SAT0003546,POST_MATCH,M020,2026-01-22,2026-01-23,EMAIL,R53575950,0,5,6,4,5,5,7,Prix des places trop eleve pour ce niveau de match
SAT0003547,POST_MATCH,M020,2026-01-22,2026-01-23,QR_SUR_PLACE,R52495442,1,4,4,6,6,8,4,Trop d'attente aux buvettes
SAT0003549,POST_MATCH,M020,2026-01-22,2026-01-23,EMAIL,R51276587,1,5,7,4,5,5,7,Peu de choix a la restauration
SAT0003550,POST_MATCH,M020,2026-01-22,2026-01-23,EMAIL,R55927495,1,8,7,5,6,8,7,
SAT0003551,POST_MATCH,M020,2026-01-22,2026-01-23,EMAIL,R53878437,1,6,9,3,6,7,7,
SAT0003552,POST_MATCH,M020,2026-01-22,2026-01-23,EMAIL,R57678625,1,7,6,4,6,5,5,
SAT0003554,POST_MATCH,M020,2026-01-22,2026-01-23,EMAIL,R58547045,1,4,7,5,7,7,6,Prix des places trop eleve pour ce niveau de match
SAT0003555,POST_MATCH,M020,2026-01-22,2026-01-23,EMAIL,R51740571,1,7,8,3,6,7,7,
SAT0003561,POST_MATCH,M020,2026-01-22,2026-01-23,SMS,R57134693,1,6,6,6,7,8,8,Sans plus
SAT0003398,POST_MATCH,M020,2026-01-22,2026-01-24,EMAIL,R51535762,1,8,8,4,7,5,8,
SAT0003399,POST_MATCH,M020,2026-01-22,2026-01-24,QR_SUR_PLACE,R52111369,1,8,5,4,7,7,7,
SAT0003400,POST_MATCH,M020,2026-01-22,2026-01-24,EMAIL,R52840226,1,7,6,5,7,6,6,
SAT0003408,POST_MATCH,M020,2026-01-22,2026-01-24,SMS,R51958186,1,5,7,5,4,6,6,
SAT0003412,POST_MATCH,M020,2026-01-22,2026-01-24,SMS,R57473960,1,5,6,6,7,6,6,Peu de choix a la restauration
SAT0003413,POST_MATCH,M020,2026-01-22,2026-01-24,EMAIL,R57745519,1,7,7,6,6,6,6,Correct dans l'ensemble
SAT0003415,POST_MATCH,M020,2026-01-22,2026-01-24,EMAIL,R58102898,1,4,7,5,6,7,4,
SAT0003420,POST_MATCH,M020,2026-01-22,2026-01-24,SMS,R53393899,1,5,5,5,5,7,8,
SAT0003430,POST_MATCH,M020,2026-01-22,2026-01-24,EMAIL,R56127333,1,5,7,6,5,7,6,Sonorisation trop forte
SAT0003431,POST_MATCH,M020,2026-01-22,2026-01-24,EMAIL,R59737903,1,6,7,4,7,9,8,
SAT0003433,POST_MATCH,M020,2026-01-22,2026-01-24,SMS,R52003136,1,6,7,5,6,8,9,
SAT0003434,POST_MATCH,M020,2026-01-22,2026-01-24,EMAIL,R52297989,1,7,5,4,7,7,5,
SAT0003441,POST_MATCH,M020,2026-01-22,2026-01-24,QR_SUR_PLACE,R56270229,1,5,7,5,8,5,6,Prix des places trop eleve pour ce niveau de match
SAT0003450,POST_MATCH,M020,2026-01-22,2026-01-24,SMS,R51856083,1,7,6,7,6,7,8,
SAT0003458,POST_MATCH,M020,2026-01-22,2026-01-24,EMAIL,R53169809,1,7,9,4,5,8,8,
SAT0003460,POST_MATCH,M020,2026-01-22,2026-01-24,SMS,R53586036,1,6,6,6,6,6,6,
SAT0003463,POST_MATCH,M020,2026-01-22,2026-01-24,EMAIL,R54787516,1,6,8,5,6,8,7,
SAT0003469,POST_MATCH,M020,2026-01-22,2026-01-24,EMAIL,R53500896,1,6,7,4,7,8,9,
SAT0003470,POST_MATCH,M020,2026-01-22,2026-01-24,EMAIL,R56635778,1,5,7,3,6,8,8,Sonorisation trop forte
SAT0003479,POST_MATCH,M020,2026-01-22,2026-01-24,EMAIL,R51612990,1,5,6,5,7,5,6,
SAT0003480,POST_MATCH,M020,2026-01-22,2026-01-24,EMAIL,R55402556,1,5,7,6,7,7,6,Sonorisation trop forte
SAT0003481,POST_MATCH,M020,2026-01-22,2026-01-24,EMAIL,R55465082,1,5,5,4,4,7,5,Sonorisation trop forte
SAT0003488,POST_MATCH,M020,2026-01-22,2026-01-24,EMAIL,R57364223,1,6,6,5,7,8,7,
SAT0003490,POST_MATCH,M020,2026-01-22,2026-01-24,EMAIL,R51085331,1,5,8,6,7,9,7,
SAT0003492,POST_MATCH,M020,2026-01-22,2026-01-24,EMAIL,R55242084,1,5,6,3,6,7,5,Trop d'attente aux buvettes
SAT0003494,POST_MATCH,M020,2026-01-22,2026-01-24,QR_SUR_PLACE,R55497705,1,4,7,6,7,8,8,File d'attente interminable a l'entree
SAT0003497,POST_MATCH,M020,2026-01-22,2026-01-24,SMS,R57371033,1,5,7,5,4,7,7,Prix des places trop eleve pour ce niveau de match
SAT0003498,POST_MATCH,M020,2026-01-22,2026-01-24,EMAIL,R58937248,1,6,7,4,5,9,8,
SAT0003499,POST_MATCH,M020,2026-01-22,2026-01-24,EMAIL,R59390255,1,5,9,5,5,5,6,
SAT0003501,POST_MATCH,M020,2026-01-22,2026-01-24,SMS,R51364926,1,5,7,7,6,8,8,Sonorisation trop forte
SAT0003503,POST_MATCH,M020,2026-01-22,2026-01-24,SMS,R53603602,1,6,6,6,4,6,7,
SAT0003504,POST_MATCH,M020,2026-01-22,2026-01-24,EMAIL,R54048027,1,5,6,5,6,9,5,Trop d'attente aux buvettes
SAT0003511,POST_MATCH,M020,2026-01-22,2026-01-24,EMAIL,R56695507,1,5,5,4,5,6,6,Trop d'attente aux buvettes
SAT0003516,POST_MATCH,M020,2026-01-22,2026-01-24,EMAIL,R52583369,1,4,6,5,6,10,7,Peu de choix a la restauration
SAT0003520,POST_MATCH,M020,2026-01-22,2026-01-24,EMAIL,R57431040,0,6,9,5,7,6,6,
SAT0003525,POST_MATCH,M020,2026-01-22,2026-01-24,SMS,R55409098,1,6,9,4,8,7,7,
SAT0003532,POST_MATCH,M020,2026-01-22,2026-01-24,EMAIL,R54933142,1,5,6,5,4,6,4,
SAT0003534,POST_MATCH,M020,2026-01-22,2026-01-24,SMS,R59658749,1,5,6,5,8,7,4,Trop d'attente aux buvettes
SAT0003542,POST_MATCH,M020,2026-01-22,2026-01-24,EMAIL,R56021073,0,6,8,6,8,8,7,
SAT0003548,POST_MATCH,M020,2026-01-22,2026-01-24,EMAIL,R56355781,1,6,6,5,6,7,6,
SAT0003559,POST_MATCH,M020,2026-01-22,2026-01-24,EMAIL,R52242551,0,5,7,4,5,6,7,
SAT0003219,POST_MATCH,M019,2026-01-18,2026-01-25,SMS,R55496422,1,9,10,5,8,6,7,Bon rapport qualite prix
SAT0003230,POST_MATCH,M019,2026-01-18,2026-01-25,EMAIL,R55054516,1,6,10,5,4,9,8,
SAT0003242,POST_MATCH,M019,2026-01-18,2026-01-25,EMAIL,R58162493,1,10,9,7,6,9,9,Tres bonne organisation
SAT0003252,POST_MATCH,M019,2026-01-18,2026-01-25,EMAIL,R57734073,1,7,8,7,6,6,6,
SAT0003314,POST_MATCH,M019,2026-01-18,2026-01-25,EMAIL,R54280833,1,5,10,6,5,7,7,Sonorisation trop forte
SAT0003324,POST_MATCH,M019,2026-01-18,2026-01-25,EMAIL,R53600470,1,7,8,8,7,7,7,
SAT0003330,POST_MATCH,M019,2026-01-18,2026-01-25,SMS,R55324906,1,8,7,6,6,7,7,Tres bonne organisation
SAT0003366,POST_MATCH,M019,2026-01-18,2026-01-25,EMAIL,R53555654,0,7,10,6,6,8,9,
SAT0003383,POST_MATCH,M019,2026-01-18,2026-01-25,EMAIL,R56585167,0,8,9,7,5,5,5,L'ambiance dans les tribunes vaut le deplacement
SAT0003403,POST_MATCH,M020,2026-01-22,2026-01-25,EMAIL,R56517000,1,6,7,5,6,6,7,
SAT0003422,POST_MATCH,M020,2026-01-22,2026-01-25,EMAIL,R53765377,1,4,7,5,8,8,6,
SAT0003427,POST_MATCH,M020,2026-01-22,2026-01-25,QR_SUR_PLACE,R53420938,1,8,5,5,7,8,7,
SAT0003439,POST_MATCH,M020,2026-01-22,2026-01-25,EMAIL,R54840713,1,8,7,5,5,9,8,Match intense du debut a la fin
SAT0003443,POST_MATCH,M020,2026-01-22,2026-01-25,EMAIL,R57057321,1,6,6,4,6,8,7,
SAT0003464,POST_MATCH,M020,2026-01-22,2026-01-25,EMAIL,R55677592,1,6,5,7,6,7,7,Correct dans l'ensemble
SAT0003471,POST_MATCH,M020,2026-01-22,2026-01-25,EMAIL,R59619249,1,6,6,6,7,8,4,
SAT0003472,POST_MATCH,M020,2026-01-22,2026-01-25,EMAIL,R54215108,1,7,4,3,6,7,7,
SAT0003473,POST_MATCH,M020,2026-01-22,2026-01-25,SMS,R54655242,1,5,7,3,6,7,8,
SAT0003483,POST_MATCH,M020,2026-01-22,2026-01-25,SMS,R58899108,1,6,8,6,7,7,6,
SAT0003493,POST_MATCH,M020,2026-01-22,2026-01-25,EMAIL,R55277025,1,6,7,2,7,6,6,
SAT0003510,POST_MATCH,M020,2026-01-22,2026-01-25,EMAIL,R58348701,0,7,8,4,5,6,6,
SAT0003512,POST_MATCH,M020,2026-01-22,2026-01-25,EMAIL,R52925768,1,3,7,3,8,8,6,File d'attente interminable a l'entree
SAT0003524,POST_MATCH,M020,2026-01-22,2026-01-25,EMAIL,R55572558,1,5,7,5,7,8,6,Sonorisation trop forte
SAT0003529,POST_MATCH,M020,2026-01-22,2026-01-25,EMAIL,R58567408,0,7,7,4,6,5,8,
SAT0003536,POST_MATCH,M020,2026-01-22,2026-01-25,QR_SUR_PLACE,R53530588,1,8,6,4,6,7,7,
SAT0003537,POST_MATCH,M020,2026-01-22,2026-01-25,EMAIL,R54920872,0,7,10,5,5,5,7,
SAT0003538,POST_MATCH,M020,2026-01-22,2026-01-25,EMAIL,R53120424,1,7,5,7,5,7,6,
SAT0003557,POST_MATCH,M020,2026-01-22,2026-01-25,EMAIL,R56026724,1,4,8,7,6,7,7,Sans plus
SAT0003558,POST_MATCH,M020,2026-01-22,2026-01-25,EMAIL,R55915225,1,3,7,4,7,7,6,Difficile de trouver sa place
SAT0003560,POST_MATCH,M020,2026-01-22,2026-01-25,EMAIL,R59556378,1,6,7,4,7,6,7,
SAT0003404,POST_MATCH,M020,2026-01-22,2026-01-26,EMAIL,R56716838,1,7,6,6,4,8,6,
SAT0003421,POST_MATCH,M020,2026-01-22,2026-01-26,EMAIL,R53487688,1,5,6,4,6,6,6,Difficile de trouver sa place
SAT0003425,POST_MATCH,M020,2026-01-22,2026-01-26,EMAIL,R58958713,1,8,5,4,5,8,8,
SAT0003444,POST_MATCH,M020,2026-01-22,2026-01-26,SMS,R57232639,1,5,7,5,5,7,7,Peu de choix a la restauration
SAT0003452,POST_MATCH,M020,2026-01-22,2026-01-26,SMS,R53576161,1,7,7,4,6,8,9,
SAT0003456,POST_MATCH,M020,2026-01-22,2026-01-26,EMAIL,R51995301,1,7,8,4,6,8,8,
SAT0003459,POST_MATCH,M020,2026-01-22,2026-01-26,EMAIL,R53407040,1,7,6,4,5,6,6,
SAT0003478,POST_MATCH,M020,2026-01-22,2026-01-26,EMAIL,R51331623,1,6,6,5,6,7,7,
SAT0003517,POST_MATCH,M020,2026-01-22,2026-01-26,EMAIL,R51839810,1,5,7,6,6,8,6,File d'attente interminable a l'entree
SAT0003535,POST_MATCH,M020,2026-01-22,2026-01-26,EMAIL,R59500672,0,6,8,5,7,7,9,
SAT0003540,POST_MATCH,M020,2026-01-22,2026-01-26,EMAIL,R52246842,1,7,8,6,8,6,6,
SAT0003553,POST_MATCH,M020,2026-01-22,2026-01-26,EMAIL,R51356900,1,7,6,4,6,7,7,
SAT0003401,POST_MATCH,M020,2026-01-22,2026-01-27,EMAIL,R53784246,1,7,6,4,5,5,6,
SAT0003410,POST_MATCH,M020,2026-01-22,2026-01-27,EMAIL,R54178472,1,7,8,4,6,7,8,
SAT0003418,POST_MATCH,M020,2026-01-22,2026-01-27,SMS,R52466430,1,6,8,6,7,7,7,
SAT0003423,POST_MATCH,M020,2026-01-22,2026-01-27,EMAIL,R55228608,1,6,6,3,7,6,7,Sans plus
SAT0003432,POST_MATCH,M020,2026-01-22,2026-01-27,QR_SUR_PLACE,R51301251,1,5,6,5,8,8,7,Difficile de trouver sa place
SAT0003437,POST_MATCH,M020,2026-01-22,2026-01-27,EMAIL,R54553216,1,6,6,4,6,8,8,Rien a signaler
SAT0003486,POST_MATCH,M020,2026-01-22,2026-01-27,EMAIL,R55943289,1,9,4,4,4,9,7,"Premiere fois ici, tres agreable surprise"
SAT0003487,POST_MATCH,M020,2026-01-22,2026-01-27,EMAIL,R56418977,1,7,6,4,8,6,6,Sans plus
SAT0003506,POST_MATCH,M020,2026-01-22,2026-01-27,SMS,R55893770,1,6,5,4,7,7,5,
SAT0003519,POST_MATCH,M020,2026-01-22,2026-01-27,EMAIL,R58971375,1,6,6,7,6,5,5,
SAT0003522,POST_MATCH,M020,2026-01-22,2026-01-27,EMAIL,R55601791,1,6,6,4,5,9,6,
SAT0003563,POST_MATCH,M021,2026-01-27,2026-01-28,EMAIL,R54704359,1,8,10,6,5,9,10,
SAT0003564,POST_MATCH,M021,2026-01-27,2026-01-28,SMS,R55546008,1,9,9,6,5,10,9,"Super ambiance, on reviendra"
SAT0003567,POST_MATCH,M021,2026-01-27,2026-01-28,EMAIL,R56716838,1,7,9,5,3,9,10,
SAT0003569,POST_MATCH,M021,2026-01-27,2026-01-28,SMS,R57900541,1,7,9,5,7,8,8,
SAT0003584,POST_MATCH,M021,2026-01-27,2026-01-28,QR_SUR_PLACE,R59691794,1,9,8,3,5,7,9,
SAT0003587,POST_MATCH,M021,2026-01-27,2026-01-28,EMAIL,R53282946,1,7,6,7,3,7,8,
SAT0003590,POST_MATCH,M021,2026-01-27,2026-01-28,QR_SUR_PLACE,R56681418,1,8,8,5,4,7,8,"Super ambiance, on reviendra"
SAT0003591,POST_MATCH,M021,2026-01-27,2026-01-28,SMS,R57000791,1,9,9,7,4,6,9,Rien a signaler
SAT0003592,POST_MATCH,M021,2026-01-27,2026-01-28,EMAIL,R57261929,1,10,9,4,5,8,9,"Premiere fois ici, tres agreable surprise"
SAT0003595,POST_MATCH,M021,2026-01-27,2026-01-28,EMAIL,R58358586,1,8,10,6,7,7,8,
SAT0003596,POST_MATCH,M021,2026-01-27,2026-01-28,EMAIL,R58663860,1,10,8,7,3,6,8,L'ambiance dans les tribunes vaut le deplacement
SAT0003597,POST_MATCH,M021,2026-01-27,2026-01-28,EMAIL,R59067827,1,7,9,7,3,8,8,
SAT0003600,POST_MATCH,M021,2026-01-27,2026-01-28,QR_SUR_PLACE,R51175519,1,8,10,7,2,8,9,Tres bonne organisation
SAT0003604,POST_MATCH,M021,2026-01-27,2026-01-28,SMS,R52780353,1,9,8,7,4,7,8,"Premiere fois ici, tres agreable surprise"
SAT0003610,POST_MATCH,M021,2026-01-27,2026-01-28,QR_SUR_PLACE,R55353727,1,10,9,7,4,9,9,Tres bonne organisation
SAT0003611,POST_MATCH,M021,2026-01-27,2026-01-28,EMAIL,R55874777,1,9,10,6,5,8,10,
SAT0003612,POST_MATCH,M021,2026-01-27,2026-01-28,EMAIL,R57398082,1,7,10,6,5,9,10,Sans plus
SAT0003616,POST_MATCH,M021,2026-01-27,2026-01-28,EMAIL,R56901006,1,9,10,6,6,7,10,"Premiere fois ici, tres agreable surprise"
SAT0003618,POST_MATCH,M021,2026-01-27,2026-01-28,QR_SUR_PLACE,R58236120,1,9,8,7,5,6,10,Match intense du debut a la fin
SAT0003625,POST_MATCH,M021,2026-01-27,2026-01-28,SMS,R51295801,1,8,10,6,3,8,10,
SAT0003627,POST_MATCH,M021,2026-01-27,2026-01-28,EMAIL,R53455400,1,9,10,3,5,7,10,
SAT0003628,POST_MATCH,M021,2026-01-27,2026-01-28,EMAIL,R53839751,1,7,10,8,3,8,10,
SAT0003629,POST_MATCH,M021,2026-01-27,2026-01-28,SMS,R55705723,1,7,9,6,6,10,10,
SAT0003631,POST_MATCH,M021,2026-01-27,2026-01-28,QR_SUR_PLACE,R58143624,1,9,9,6,6,9,9,Tres bonne organisation
SAT0003632,POST_MATCH,M021,2026-01-27,2026-01-28,EMAIL,R59360429,1,9,10,5,4,7,9,"Premiere fois ici, tres agreable surprise"
SAT0003633,POST_MATCH,M021,2026-01-27,2026-01-28,SMS,R59711678,1,7,7,6,4,10,9,
SAT0003635,POST_MATCH,M021,2026-01-27,2026-01-28,QR_SUR_PLACE,R51332035,1,7,10,6,2,9,9,
SAT0003640,POST_MATCH,M021,2026-01-27,2026-01-28,EMAIL,R55924018,1,9,10,6,5,7,8,
SAT0003641,POST_MATCH,M021,2026-01-27,2026-01-28,QR_SUR_PLACE,R56004934,1,8,10,4,2,8,10,Sans plus
SAT0003642,POST_MATCH,M021,2026-01-27,2026-01-28,EMAIL,R56784670,1,10,9,6,5,9,9,
SAT0003643,POST_MATCH,M021,2026-01-27,2026-01-28,EMAIL,R57261584,1,8,8,3,4,7,9,
SAT0003646,POST_MATCH,M021,2026-01-27,2026-01-28,EMAIL,R52233825,1,9,9,6,4,8,9,"Premiere fois ici, tres agreable surprise"
SAT0003647,POST_MATCH,M021,2026-01-27,2026-01-28,EMAIL,R52957778,1,6,9,6,3,10,8,Sans plus
SAT0003648,POST_MATCH,M021,2026-01-27,2026-01-28,EMAIL,R53744257,1,10,9,7,4,9,10,Rien a signaler
SAT0003651,POST_MATCH,M021,2026-01-27,2026-01-28,QR_SUR_PLACE,R57403254,1,8,8,6,6,10,8,Rien a signaler
SAT0003652,POST_MATCH,M021,2026-01-27,2026-01-28,EMAIL,R57861165,1,8,9,7,5,8,8,Match intense du debut a la fin
SAT0003653,POST_MATCH,M021,2026-01-27,2026-01-28,EMAIL,R57886911,1,7,9,7,4,9,8,Rien a signaler
SAT0003654,POST_MATCH,M021,2026-01-27,2026-01-28,SMS,R58035257,1,9,9,6,4,8,9,
SAT0003656,POST_MATCH,M021,2026-01-27,2026-01-28,EMAIL,R59468451,1,7,8,6,6,9,9,Sans plus
SAT0003658,POST_MATCH,M021,2026-01-27,2026-01-28,QR_SUR_PLACE,R51433927,1,10,10,8,5,8,10,
SAT0003659,POST_MATCH,M021,2026-01-27,2026-01-28,EMAIL,R52405532,1,10,10,5,4,7,9,"Super ambiance, on reviendra"
SAT0003664,POST_MATCH,M021,2026-01-27,2026-01-28,EMAIL,R54767421,1,10,7,7,6,9,9,
SAT0003671,POST_MATCH,M021,2026-01-27,2026-01-28,SMS,R52371271,1,9,9,4,6,9,8,
SAT0003672,POST_MATCH,M021,2026-01-27,2026-01-28,EMAIL,R53466702,1,9,9,6,4,6,7,"Super ambiance, on reviendra"
SAT0003673,POST_MATCH,M021,2026-01-27,2026-01-28,SMS,R54350035,1,8,9,6,4,7,7,Bon rapport qualite prix
SAT0003677,POST_MATCH,M021,2026-01-27,2026-01-28,EMAIL,R52194794,1,8,8,5,4,7,7,
SAT0003678,POST_MATCH,M021,2026-01-27,2026-01-28,EMAIL,R52916908,1,9,8,7,5,10,9,Match intense du debut a la fin
SAT0003679,POST_MATCH,M021,2026-01-27,2026-01-28,EMAIL,R53041347,1,7,8,6,5,10,10,
SAT0003684,POST_MATCH,M021,2026-01-27,2026-01-28,SMS,R54814143,1,9,10,6,2,10,10,Match intense du debut a la fin
SAT0003687,POST_MATCH,M021,2026-01-27,2026-01-28,EMAIL,R57244075,1,7,10,6,6,9,10,
SAT0003688,POST_MATCH,M021,2026-01-27,2026-01-28,EMAIL,R58006034,1,8,7,6,6,8,8,
SAT0003690,POST_MATCH,M021,2026-01-27,2026-01-28,QR_SUR_PLACE,R59464974,1,7,10,6,3,9,9,
SAT0003697,POST_MATCH,M021,2026-01-27,2026-01-28,EMAIL,R55555327,1,9,6,4,4,9,8,"Super ambiance, on reviendra"
SAT0003702,POST_MATCH,M021,2026-01-27,2026-01-28,EMAIL,R57641979,1,10,9,7,5,8,10,Tres bonne organisation
SAT0003703,POST_MATCH,M021,2026-01-27,2026-01-28,EMAIL,R51138729,1,7,10,7,5,7,9,
SAT0003706,POST_MATCH,M021,2026-01-27,2026-01-28,EMAIL,R53134657,1,9,9,5,5,9,9,Tres bonne organisation
SAT0003712,POST_MATCH,M021,2026-01-27,2026-01-28,EMAIL,R59339443,1,7,10,7,4,7,9,
SAT0003715,POST_MATCH,M021,2026-01-27,2026-01-28,EMAIL,R55735961,0,10,10,7,5,8,10,Tres bonne organisation
SAT0003716,POST_MATCH,M021,2026-01-27,2026-01-28,SMS,R57366196,1,7,8,5,3,9,8,Rien a signaler
SAT0003718,POST_MATCH,M021,2026-01-27,2026-01-28,QR_SUR_PLACE,R51937545,1,8,7,6,4,8,6,
SAT0003719,POST_MATCH,M021,2026-01-27,2026-01-28,SMS,R53339878,0,9,10,6,6,7,8,"Super ambiance, on reviendra"
SAT0003720,POST_MATCH,M021,2026-01-27,2026-01-28,EMAIL,R54577602,1,7,9,5,4,10,7,
SAT0003729,POST_MATCH,M021,2026-01-27,2026-01-28,EMAIL,R58908983,1,7,10,8,4,9,8,
SAT0003734,POST_MATCH,M021,2026-01-27,2026-01-28,QR_SUR_PLACE,R58726242,1,6,8,6,4,6,7,
SAT0003735,POST_MATCH,M021,2026-01-27,2026-01-28,QR_SUR_PLACE,R53529506,0,9,10,6,5,8,10,Tres bonne organisation
SAT0003737,POST_MATCH,M021,2026-01-27,2026-01-28,SMS,R56084289,1,9,10,5,4,9,10,Bon rapport qualite prix
SAT0003738,POST_MATCH,M021,2026-01-27,2026-01-28,EMAIL,R54896908,1,6,10,6,3,9,8,
SAT0003739,POST_MATCH,M021,2026-01-27,2026-01-28,EMAIL,R55545730,1,10,9,4,4,8,10,
SAT0003744,POST_MATCH,M021,2026-01-27,2026-01-28,EMAIL,R54301752,0,9,10,7,6,6,8,L'ambiance dans les tribunes vaut le deplacement
SAT0003745,POST_MATCH,M021,2026-01-27,2026-01-28,EMAIL,R59975335,1,7,9,6,6,10,9,Correct dans l'ensemble
SAT0003747,POST_MATCH,M021,2026-01-27,2026-01-28,EMAIL,R56815052,1,9,10,5,4,7,9,
SAT0003748,POST_MATCH,M021,2026-01-27,2026-01-28,EMAIL,R53375710,1,9,7,7,5,10,10,L'ambiance dans les tribunes vaut le deplacement
SAT0003750,POST_MATCH,M021,2026-01-27,2026-01-28,EMAIL,R56942278,1,8,10,6,4,7,8,
SAT0003753,POST_MATCH,M021,2026-01-27,2026-01-28,EMAIL,R57173312,1,8,7,7,5,6,8,Match intense du debut a la fin
SAT0003756,POST_MATCH,M021,2026-01-27,2026-01-28,EMAIL,R55844060,1,8,8,6,6,9,9,"Super ambiance, on reviendra"
SAT0003763,POST_MATCH,M021,2026-01-27,2026-01-28,EMAIL,R57935683,0,8,9,7,4,7,8,
SAT0003770,POST_MATCH,M021,2026-01-27,2026-01-28,EMAIL,R53313385,1,7,8,6,4,10,7,
SAT0003772,POST_MATCH,M021,2026-01-27,2026-01-28,SMS,R51594131,1,9,10,7,5,8,9,Bon rapport qualite prix
SAT0003773,POST_MATCH,M021,2026-01-27,2026-01-28,EMAIL,R52807660,0,7,9,5,4,8,9,
SAT0003778,POST_MATCH,M021,2026-01-27,2026-01-28,EMAIL,R56197483,1,7,10,3,6,8,9,Sans plus
SAT0003779,POST_MATCH,M021,2026-01-27,2026-01-28,EMAIL,R52680980,0,9,10,6,4,8,10,
SAT0003780,POST_MATCH,M021,2026-01-27,2026-01-28,EMAIL,R56621957,1,9,10,5,2,9,10,Bon rapport qualite prix
SAT0003781,POST_MATCH,M021,2026-01-27,2026-01-28,EMAIL,R52384154,1,9,8,6,7,8,9,
SAT0003786,POST_MATCH,M021,2026-01-27,2026-01-28,EMAIL,R56479597,1,9,10,7,6,8,8,"Super ambiance, on reviendra"
SAT0003789,POST_MATCH,M021,2026-01-27,2026-01-28,SMS,R57900541,1,9,9,5,4,7,8,
SAT0003790,POST_MATCH,M021,2026-01-27,2026-01-28,EMAIL,R58361028,1,8,9,7,5,8,10,
SAT0003791,POST_MATCH,M021,2026-01-27,2026-01-28,EMAIL,R59169987,1,9,9,7,5,8,9,Correct dans l'ensemble
SAT0003792,POST_MATCH,M021,2026-01-27,2026-01-28,EMAIL,R51513349,1,8,10,3,4,9,9,"Premiere fois ici, tres agreable surprise"
SAT0003796,POST_MATCH,M021,2026-01-27,2026-01-28,QR_SUR_PLACE,R56524959,0,9,9,6,7,8,10,Tres bonne organisation
SAT0003797,POST_MATCH,M021,2026-01-27,2026-01-28,EMAIL,R53426790,1,9,10,5,5,9,10,
SAT0003804,POST_MATCH,M021,2026-01-27,2026-01-28,EMAIL,R54900653,1,8,8,5,6,9,7,"Super ambiance, on reviendra"
SAT0003808,POST_MATCH,M021,2026-01-27,2026-01-28,EMAIL,R59367785,1,6,9,6,4,6,9,Correct dans l'ensemble
SAT0003811,POST_MATCH,M021,2026-01-27,2026-01-28,EMAIL,R58677815,1,8,8,4,5,8,8,
SAT0003816,POST_MATCH,M021,2026-01-27,2026-01-28,EMAIL,R58336997,1,8,10,4,3,7,8,Match intense du debut a la fin
SAT0003817,POST_MATCH,M021,2026-01-27,2026-01-28,SMS,R59564079,1,8,10,7,6,8,9,Correct dans l'ensemble
SAT0003823,POST_MATCH,M021,2026-01-27,2026-01-28,EMAIL,R56791748,1,8,10,7,4,6,6,
SAT0003827,POST_MATCH,M021,2026-01-27,2026-01-28,EMAIL,R57431040,1,8,8,5,8,9,10,
SAT0003829,POST_MATCH,M021,2026-01-27,2026-01-28,EMAIL,R51498704,1,7,10,7,4,8,9,Rien a signaler
SAT0003831,POST_MATCH,M021,2026-01-27,2026-01-28,QR_SUR_PLACE,R52817813,1,7,9,5,5,7,8,
SAT0003835,POST_MATCH,M021,2026-01-27,2026-01-28,SMS,R56612072,1,7,10,4,7,8,7,
SAT0003838,POST_MATCH,M021,2026-01-27,2026-01-28,EMAIL,R52013480,1,9,7,6,4,10,9,
SAT0003839,POST_MATCH,M021,2026-01-27,2026-01-28,SMS,R59481391,0,7,8,7,5,8,10,
SAT0003840,POST_MATCH,M021,2026-01-27,2026-01-28,EMAIL,R58069106,1,10,10,3,5,9,10,
SAT0003841,POST_MATCH,M021,2026-01-27,2026-01-28,SMS,R53545856,1,8,10,6,2,7,9,
SAT0003842,POST_MATCH,M021,2026-01-27,2026-01-28,QR_SUR_PLACE,R52820744,0,10,10,7,5,5,9,"Premiere fois ici, tres agreable surprise"
SAT0003844,POST_MATCH,M021,2026-01-27,2026-01-28,SMS,R51018112,1,8,10,3,6,9,9,
SAT0003846,POST_MATCH,M021,2026-01-27,2026-01-28,EMAIL,R56326357,0,10,9,7,6,7,10,
SAT0003848,POST_MATCH,M021,2026-01-27,2026-01-28,EMAIL,R55975376,1,9,8,7,6,9,9,
SAT0003849,POST_MATCH,M021,2026-01-27,2026-01-28,EMAIL,R55746583,1,8,9,6,4,7,8,L'ambiance dans les tribunes vaut le deplacement
SAT0003855,POST_MATCH,M021,2026-01-27,2026-01-28,EMAIL,R56222482,0,9,10,7,3,6,8,Sans plus
SAT0003860,POST_MATCH,M021,2026-01-27,2026-01-28,EMAIL,R51046990,1,9,9,3,3,8,9,Correct dans l'ensemble
SAT0003862,POST_MATCH,M021,2026-01-27,2026-01-28,QR_SUR_PLACE,R53605441,0,7,7,6,5,7,7,
SAT0003865,POST_MATCH,M021,2026-01-27,2026-01-28,EMAIL,R52473843,0,7,10,6,4,7,8,
SAT0003867,POST_MATCH,M021,2026-01-27,2026-01-28,EMAIL,R57874450,1,10,9,8,6,6,8,
SAT0003868,POST_MATCH,M021,2026-01-27,2026-01-28,SMS,R54368090,0,7,9,5,7,8,8,
SAT0003869,POST_MATCH,M021,2026-01-27,2026-01-28,QR_SUR_PLACE,R52296217,1,10,10,7,2,7,10,
SAT0003871,POST_MATCH,M021,2026-01-27,2026-01-28,SMS,R51433927,1,9,8,5,7,7,10,Match intense du debut a la fin
SAT0003874,POST_MATCH,M021,2026-01-27,2026-01-28,EMAIL,R58839379,1,9,8,5,6,8,8,
SAT0003878,POST_MATCH,M021,2026-01-27,2026-01-28,EMAIL,R58226178,0,8,9,5,6,8,8,
SAT0003880,POST_MATCH,M021,2026-01-27,2026-01-28,EMAIL,R59627496,1,9,10,6,6,10,10,
SAT0003881,POST_MATCH,M021,2026-01-27,2026-01-28,EMAIL,R51946050,1,7,9,4,6,8,9,
SAT0003887,POST_MATCH,M021,2026-01-27,2026-01-28,EMAIL,R52640790,1,8,9,6,2,8,9,"Super ambiance, on reviendra"
SAT0003889,POST_MATCH,M021,2026-01-27,2026-01-28,EMAIL,R59776244,1,6,7,6,4,9,8,
SAT0003890,POST_MATCH,M021,2026-01-27,2026-01-28,SMS,R54817553,1,8,10,5,4,8,10,Match intense du debut a la fin
SAT0003892,POST_MATCH,M021,2026-01-27,2026-01-28,EMAIL,R58085044,1,9,8,7,4,8,9,
SAT0003405,POST_MATCH,M020,2026-01-22,2026-01-29,EMAIL,R57046632,1,6,7,6,6,8,6,
SAT0003416,POST_MATCH,M020,2026-01-22,2026-01-29,QR_SUR_PLACE,R51054078,1,7,5,4,6,6,7,
SAT0003426,POST_MATCH,M020,2026-01-22,2026-01-29,EMAIL,R52731926,1,7,7,3,5,7,9,
SAT0003429,POST_MATCH,M020,2026-01-22,2026-01-29,SMS,R55880907,1,6,5,4,5,4,5,
SAT0003530,POST_MATCH,M020,2026-01-22,2026-01-29,EMAIL,R57292780,1,6,5,5,6,7,5,
SAT0003556,POST_MATCH,M020,2026-01-22,2026-01-29,EMAIL,R55349848,1,7,7,4,7,6,7,
SAT0003568,POST_MATCH,M021,2026-01-27,2026-01-29,SMS,R57236049,1,9,10,7,6,8,9,
SAT0003572,POST_MATCH,M021,2026-01-27,2026-01-29,QR_SUR_PLACE,R59733411,1,8,9,7,3,7,7,"Premiere fois ici, tres agreable surprise"
SAT0003574,POST_MATCH,M021,2026-01-27,2026-01-29,EMAIL,R53014998,1,8,8,8,5,8,8,
SAT0003576,POST_MATCH,M021,2026-01-27,2026-01-29,EMAIL,R53900170,1,10,8,5,7,7,8,
SAT0003577,POST_MATCH,M021,2026-01-27,2026-01-29,EMAIL,R54033804,1,8,9,7,4,8,8,"Super ambiance, on reviendra"
SAT0003580,POST_MATCH,M021,2026-01-27,2026-01-29,QR_SUR_PLACE,R57502158,1,8,8,6,4,9,10,
SAT0003583,POST_MATCH,M021,2026-01-27,2026-01-29,EMAIL,R58917575,1,8,10,5,7,7,8,Bon rapport qualite prix
SAT0003589,POST_MATCH,M021,2026-01-27,2026-01-29,QR_SUR_PLACE,R54587410,1,7,9,5,6,8,8,
SAT0003593,POST_MATCH,M021,2026-01-27,2026-01-29,EMAIL,R57486900,1,9,7,4,4,8,8,Match intense du debut a la fin
SAT0003601,POST_MATCH,M021,2026-01-27,2026-01-29,EMAIL,R51512669,1,10,8,7,8,8,10,L'ambiance dans les tribunes vaut le deplacement
SAT0003608,POST_MATCH,M021,2026-01-27,2026-01-29,SMS,R54605867,1,7,9,7,6,8,9,
SAT0003613,POST_MATCH,M021,2026-01-27,2026-01-29,EMAIL,R57498614,1,9,10,5,5,7,9,
SAT0003614,POST_MATCH,M021,2026-01-27,2026-01-29,EMAIL,R54444715,1,10,8,6,3,7,10,
SAT0003617,POST_MATCH,M021,2026-01-27,2026-01-29,EMAIL,R58191984,1,8,8,4,5,9,9,Match intense du debut a la fin
SAT0003622,POST_MATCH,M021,2026-01-27,2026-01-29,EMAIL,R51012595,1,10,9,5,4,7,9,Sans plus
SAT0003623,POST_MATCH,M021,2026-01-27,2026-01-29,EMAIL,R51067152,1,8,7,6,4,10,9,"Super ambiance, on reviendra"
SAT0003624,POST_MATCH,M021,2026-01-27,2026-01-29,QR_SUR_PLACE,R51094124,1,9,9,5,4,10,10,Tres bonne organisation
SAT0003626,POST_MATCH,M021,2026-01-27,2026-01-29,SMS,R51420240,1,9,10,5,5,7,8,
SAT0003630,POST_MATCH,M021,2026-01-27,2026-01-29,EMAIL,R57779502,1,9,10,6,5,8,10,Tres bonne organisation
SAT0003636,POST_MATCH,M021,2026-01-27,2026-01-29,QR_SUR_PLACE,R52233145,1,8,9,4,3,7,10,
SAT0003638,POST_MATCH,M021,2026-01-27,2026-01-29,EMAIL,R54650817,1,8,10,5,5,8,7,"Premiere fois ici, tres agreable surprise"
SAT0003649,POST_MATCH,M021,2026-01-27,2026-01-29,EMAIL,R53985779,1,9,8,5,4,8,10,Tres bonne organisation
SAT0003650,POST_MATCH,M021,2026-01-27,2026-01-29,EMAIL,R54445529,1,9,9,7,4,8,8,
SAT0003655,POST_MATCH,M021,2026-01-27,2026-01-29,SMS,R58492555,1,9,10,6,6,7,8,
SAT0003657,POST_MATCH,M021,2026-01-27,2026-01-29,EMAIL,R59880387,1,9,10,5,5,8,9,L'ambiance dans les tribunes vaut le deplacement
SAT0003660,POST_MATCH,M021,2026-01-27,2026-01-29,SMS,R53120290,1,8,10,5,6,8,9,"Super ambiance, on reviendra"
SAT0003661,POST_MATCH,M021,2026-01-27,2026-01-29,EMAIL,R53632758,1,9,10,4,6,7,10,Rien a signaler
SAT0003665,POST_MATCH,M021,2026-01-27,2026-01-29,EMAIL,R56307277,1,7,9,5,3,8,10,
SAT0003666,POST_MATCH,M021,2026-01-27,2026-01-29,EMAIL,R56654235,1,9,8,5,5,8,9,
SAT0003668,POST_MATCH,M021,2026-01-27,2026-01-29,EMAIL,R58796057,1,10,8,8,5,9,7,
SAT0003669,POST_MATCH,M021,2026-01-27,2026-01-29,EMAIL,R58971375,1,9,10,6,5,10,8,L'ambiance dans les tribunes vaut le deplacement
SAT0003670,POST_MATCH,M021,2026-01-27,2026-01-29,EMAIL,R51240286,1,7,8,5,5,8,7,
SAT0003682,POST_MATCH,M021,2026-01-27,2026-01-29,EMAIL,R54358071,1,10,9,6,4,8,8,
SAT0003685,POST_MATCH,M021,2026-01-27,2026-01-29,EMAIL,R56171938,1,8,10,5,4,7,10,
SAT0003692,POST_MATCH,M021,2026-01-27,2026-01-29,QR_SUR_PLACE,R59621289,1,10,10,7,5,8,9,"Premiere fois ici, tres agreable surprise"
SAT0003696,POST_MATCH,M021,2026-01-27,2026-01-29,EMAIL,R54635214,1,8,10,5,4,8,7,"Super ambiance, on reviendra"
SAT0003700,POST_MATCH,M021,2026-01-27,2026-01-29,EMAIL,R57028979,1,8,8,4,4,8,9,Tres bonne organisation
SAT0003704,POST_MATCH,M021,2026-01-27,2026-01-29,SMS,R51955245,1,8,9,7,5,7,9,
SAT0003707,POST_MATCH,M021,2026-01-27,2026-01-29,EMAIL,R53399473,1,8,10,5,3,8,9,
SAT0003717,POST_MATCH,M021,2026-01-27,2026-01-29,EMAIL,R55815919,1,7,9,8,6,8,8,
SAT0003721,POST_MATCH,M021,2026-01-27,2026-01-29,EMAIL,R54884983,0,9,10,7,4,8,10,Tres bonne organisation
SAT0003722,POST_MATCH,M021,2026-01-27,2026-01-29,EMAIL,R57561609,0,8,10,5,4,7,10,
SAT0003726,POST_MATCH,M021,2026-01-27,2026-01-29,EMAIL,R59045136,1,9,10,5,5,10,10,
SAT0003727,POST_MATCH,M021,2026-01-27,2026-01-29,EMAIL,R56760763,1,8,8,5,5,10,9,
SAT0003728,POST_MATCH,M021,2026-01-27,2026-01-29,EMAIL,R55165938,1,8,7,5,6,8,8,
SAT0003731,POST_MATCH,M021,2026-01-27,2026-01-29,EMAIL,R53221033,0,8,10,7,3,8,9,
SAT0003733,POST_MATCH,M021,2026-01-27,2026-01-29,EMAIL,R56030891,1,6,10,4,4,7,10,
SAT0003741,POST_MATCH,M021,2026-01-27,2026-01-29,EMAIL,R55509295,0,8,8,6,5,6,7,"Premiere fois ici, tres agreable surprise"
SAT0003746,POST_MATCH,M021,2026-01-27,2026-01-29,EMAIL,R53952677,1,10,10,4,3,6,9,
SAT0003751,POST_MATCH,M021,2026-01-27,2026-01-29,EMAIL,R54880903,0,8,10,7,3,9,8,Match intense du debut a la fin
SAT0003755,POST_MATCH,M021,2026-01-27,2026-01-29,SMS,R54137669,1,8,8,7,3,10,7,"Premiere fois ici, tres agreable surprise"
SAT0003760,POST_MATCH,M021,2026-01-27,2026-01-29,EMAIL,R57733728,1,9,10,6,5,7,8,Bon rapport qualite prix
SAT0003766,POST_MATCH,M021,2026-01-27,2026-01-29,EMAIL,R52240903,1,10,9,6,5,8,10,Sans plus
SAT0003768,POST_MATCH,M021,2026-01-27,2026-01-29,EMAIL,R59184431,1,6,9,5,4,7,8,
SAT0003777,POST_MATCH,M021,2026-01-27,2026-01-29,QR_SUR_PLACE,R54771578,1,7,8,6,5,6,7,Sans plus
SAT0003784,POST_MATCH,M021,2026-01-27,2026-01-29,SMS,R52785736,1,7,8,6,6,9,10,
SAT0003787,POST_MATCH,M021,2026-01-27,2026-01-29,EMAIL,R54359307,1,8,8,6,5,9,8,
SAT0003788,POST_MATCH,M021,2026-01-27,2026-01-29,EMAIL,R59137153,1,9,10,7,4,7,9,Bon rapport qualite prix
SAT0003795,POST_MATCH,M021,2026-01-27,2026-01-29,EMAIL,R59957836,1,9,10,5,5,6,7,
SAT0003798,POST_MATCH,M021,2026-01-27,2026-01-29,EMAIL,R59707655,1,9,9,6,4,7,9,
SAT0003799,POST_MATCH,M021,2026-01-27,2026-01-29,QR_SUR_PLACE,R56773157,0,8,9,7,4,8,9,"Premiere fois ici, tres agreable surprise"
SAT0003802,POST_MATCH,M021,2026-01-27,2026-01-29,QR_SUR_PLACE,R59233806,0,8,10,7,4,8,10,
SAT0003806,POST_MATCH,M021,2026-01-27,2026-01-29,SMS,R55920886,1,9,9,6,5,8,9,
SAT0003810,POST_MATCH,M021,2026-01-27,2026-01-29,SMS,R55748911,0,8,10,5,3,9,9,
SAT0003813,POST_MATCH,M021,2026-01-27,2026-01-29,EMAIL,R52963707,0,7,8,6,4,8,7,
SAT0003824,POST_MATCH,M021,2026-01-27,2026-01-29,EMAIL,R54169746,1,7,10,6,5,8,7,Correct dans l'ensemble
SAT0003825,POST_MATCH,M021,2026-01-27,2026-01-29,SMS,R54019082,1,9,9,8,6,8,8,
SAT0003837,POST_MATCH,M021,2026-01-27,2026-01-29,EMAIL,R53295072,0,6,9,7,5,7,9,Sans plus
SAT0003843,POST_MATCH,M021,2026-01-27,2026-01-29,EMAIL,R57124550,0,8,10,7,4,7,7,Correct dans l'ensemble
SAT0003850,POST_MATCH,M021,2026-01-27,2026-01-29,EMAIL,R55352836,0,9,10,4,5,8,8,
SAT0003852,POST_MATCH,M021,2026-01-27,2026-01-29,EMAIL,R53923186,0,10,10,6,4,10,10,
SAT0003853,POST_MATCH,M021,2026-01-27,2026-01-29,EMAIL,R56590004,1,9,8,4,2,7,6,
SAT0003856,POST_MATCH,M021,2026-01-27,2026-01-29,EMAIL,R56564603,1,7,8,5,4,10,8,
SAT0003863,POST_MATCH,M021,2026-01-27,2026-01-29,QR_SUR_PLACE,R51351383,1,9,9,5,6,8,8,
SAT0003866,POST_MATCH,M021,2026-01-27,2026-01-29,EMAIL,R51485084,1,8,7,5,3,9,9,
SAT0003875,POST_MATCH,M021,2026-01-27,2026-01-29,EMAIL,R55339551,1,8,8,7,7,9,9,
SAT0003879,POST_MATCH,M021,2026-01-27,2026-01-29,EMAIL,R55366590,1,10,10,7,5,9,10,
SAT0003882,POST_MATCH,M021,2026-01-27,2026-01-29,EMAIL,R53895534,0,9,9,7,3,8,8,
SAT0003883,POST_MATCH,M021,2026-01-27,2026-01-29,EMAIL,R59098534,1,8,8,5,7,8,9,Rien a signaler
SAT0003885,POST_MATCH,M021,2026-01-27,2026-01-29,EMAIL,R52685941,1,8,9,7,4,10,7,
SAT0003886,POST_MATCH,M021,2026-01-27,2026-01-29,EMAIL,R59145946,1,6,10,7,4,6,8,
SAT0003893,POST_MATCH,M021,2026-01-27,2026-01-29,QR_SUR_PLACE,R59608426,1,8,10,4,4,10,8,Rien a signaler
SAT0003894,POST_MATCH,M021,2026-01-27,2026-01-29,QR_SUR_PLACE,R52860311,0,7,10,7,5,8,9,
SAT0003562,POST_MATCH,M021,2026-01-27,2026-01-30,EMAIL,R52137728,1,8,10,6,3,6,8,
SAT0003570,POST_MATCH,M021,2026-01-27,2026-01-30,EMAIL,R58137159,1,9,10,7,4,9,9,
SAT0003573,POST_MATCH,M021,2026-01-27,2026-01-30,SMS,R51976576,1,7,7,5,5,9,9,
SAT0003578,POST_MATCH,M021,2026-01-27,2026-01-30,EMAIL,R55716489,1,8,7,7,6,8,8,Rien a signaler
SAT0003579,POST_MATCH,M021,2026-01-27,2026-01-30,EMAIL,R56317842,1,8,9,4,5,7,8,
SAT0003582,POST_MATCH,M021,2026-01-27,2026-01-30,SMS,R57837469,1,9,9,5,3,8,9,Match intense du debut a la fin
SAT0003594,POST_MATCH,M021,2026-01-27,2026-01-30,SMS,R57545748,1,10,9,6,7,7,9,
SAT0003607,POST_MATCH,M021,2026-01-27,2026-01-30,QR_SUR_PLACE,R54373540,1,8,9,8,6,9,7,"Super ambiance, on reviendra"
SAT0003615,POST_MATCH,M021,2026-01-27,2026-01-30,EMAIL,R55794541,1,8,9,3,2,7,8,L'ambiance dans les tribunes vaut le deplacement
SAT0003619,POST_MATCH,M021,2026-01-27,2026-01-30,EMAIL,R58615567,1,10,10,6,6,10,10,Tres bonne organisation
SAT0003620,POST_MATCH,M021,2026-01-27,2026-01-30,EMAIL,R58618019,1,10,8,7,5,9,10,Match intense du debut a la fin
SAT0003634,POST_MATCH,M021,2026-01-27,2026-01-30,EMAIL,R59736811,1,10,9,3,3,8,8,
SAT0003639,POST_MATCH,M021,2026-01-27,2026-01-30,QR_SUR_PLACE,R54931571,1,8,8,7,4,9,9,L'ambiance dans les tribunes vaut le deplacement
SAT0003662,POST_MATCH,M021,2026-01-27,2026-01-30,EMAIL,R53821562,1,10,8,6,6,9,9,
SAT0003667,POST_MATCH,M021,2026-01-27,2026-01-30,EMAIL,R56826488,1,8,9,6,6,8,9,
SAT0003674,POST_MATCH,M021,2026-01-27,2026-01-30,EMAIL,R55433206,1,7,8,7,3,8,8,
SAT0003681,POST_MATCH,M021,2026-01-27,2026-01-30,SMS,R53692966,1,8,9,5,5,10,10,Match intense du debut a la fin
SAT0003691,POST_MATCH,M021,2026-01-27,2026-01-30,EMAIL,R59611481,1,8,9,8,6,7,9,L'ambiance dans les tribunes vaut le deplacement
SAT0003693,POST_MATCH,M021,2026-01-27,2026-01-30,SMS,R52562048,1,9,9,3,4,9,8,Tres bonne organisation
SAT0003701,POST_MATCH,M021,2026-01-27,2026-01-30,EMAIL,R57116025,1,9,10,4,3,8,9,
SAT0003705,POST_MATCH,M021,2026-01-27,2026-01-30,EMAIL,R52286878,1,10,9,5,6,8,10,
SAT0003708,POST_MATCH,M021,2026-01-27,2026-01-30,QR_SUR_PLACE,R54470997,1,8,9,5,6,6,8,"Super ambiance, on reviendra"
SAT0003730,POST_MATCH,M021,2026-01-27,2026-01-30,EMAIL,R58152541,1,10,9,9,4,8,10,
SAT0003736,POST_MATCH,M021,2026-01-27,2026-01-30,EMAIL,R53809168,1,8,10,6,6,8,9,
SAT0003740,POST_MATCH,M021,2026-01-27,2026-01-30,SMS,R54722806,1,8,10,5,3,8,10,"Super ambiance, on reviendra"
SAT0003743,POST_MATCH,M021,2026-01-27,2026-01-30,EMAIL,R57187200,1,8,10,6,6,6,9,
SAT0003749,POST_MATCH,M021,2026-01-27,2026-01-30,EMAIL,R51369428,0,6,10,6,4,7,8,
SAT0003754,POST_MATCH,M021,2026-01-27,2026-01-30,EMAIL,R57653971,0,8,10,6,4,8,8,Match intense du debut a la fin
SAT0003758,POST_MATCH,M021,2026-01-27,2026-01-30,SMS,R59918393,0,8,10,6,6,10,10,Match intense du debut a la fin
SAT0003761,POST_MATCH,M021,2026-01-27,2026-01-30,EMAIL,R54311627,1,7,10,6,4,8,9,
SAT0003767,POST_MATCH,M021,2026-01-27,2026-01-30,EMAIL,R51511711,0,9,10,5,5,7,10,
SAT0003769,POST_MATCH,M021,2026-01-27,2026-01-30,EMAIL,R52029763,1,9,10,6,4,8,10,
SAT0003774,POST_MATCH,M021,2026-01-27,2026-01-30,EMAIL,R54339011,1,10,9,6,4,9,10,Match intense du debut a la fin
SAT0003776,POST_MATCH,M021,2026-01-27,2026-01-30,QR_SUR_PLACE,R56610367,0,9,10,6,3,10,10,
SAT0003782,POST_MATCH,M021,2026-01-27,2026-01-30,QR_SUR_PLACE,R57003856,1,8,10,8,4,8,7,Tres bonne organisation
SAT0003794,POST_MATCH,M021,2026-01-27,2026-01-30,EMAIL,R52267607,0,10,10,6,5,7,9,
SAT0003800,POST_MATCH,M021,2026-01-27,2026-01-30,QR_SUR_PLACE,R52751954,1,9,7,5,6,10,9,Tres bonne organisation
SAT0003805,POST_MATCH,M021,2026-01-27,2026-01-30,EMAIL,R51612990,1,8,10,7,6,10,9,"Super ambiance, on reviendra"
SAT0003812,POST_MATCH,M021,2026-01-27,2026-01-30,SMS,R56678276,1,6,10,7,4,10,9,
SAT0003814,POST_MATCH,M021,2026-01-27,2026-01-30,EMAIL,R59017417,0,10,9,5,4,7,9,Sans plus
SAT0003822,POST_MATCH,M021,2026-01-27,2026-01-30,EMAIL,R53300378,1,9,10,8,6,9,10,
SAT0003834,POST_MATCH,M021,2026-01-27,2026-01-30,QR_SUR_PLACE,R55058596,1,7,9,6,5,8,9,
SAT0003836,POST_MATCH,M021,2026-01-27,2026-01-30,EMAIL,R53809446,1,8,8,7,5,7,8,
SAT0003847,POST_MATCH,M021,2026-01-27,2026-01-30,EMAIL,R51263168,1,7,8,4,6,9,9,
SAT0003858,POST_MATCH,M021,2026-01-27,2026-01-30,EMAIL,R57920348,1,9,9,4,3,7,10,
SAT0003861,POST_MATCH,M021,2026-01-27,2026-01-30,SMS,R53297591,1,9,9,7,6,8,9,
SAT0003876,POST_MATCH,M021,2026-01-27,2026-01-30,EMAIL,R56705191,0,9,10,6,6,8,8,
SAT0003877,POST_MATCH,M021,2026-01-27,2026-01-30,SMS,R52432102,1,9,10,5,3,8,10,
SAT0003566,POST_MATCH,M021,2026-01-27,2026-01-31,EMAIL,R55952427,1,9,7,6,4,10,10,
SAT0003571,POST_MATCH,M021,2026-01-27,2026-01-31,EMAIL,R58336997,1,8,10,7,4,8,9,
SAT0003575,POST_MATCH,M021,2026-01-27,2026-01-31,EMAIL,R53323950,1,10,8,6,4,9,10,
SAT0003581,POST_MATCH,M021,2026-01-27,2026-01-31,EMAIL,R57745519,1,8,8,6,6,8,7,Match intense du debut a la fin
SAT0003585,POST_MATCH,M021,2026-01-27,2026-01-31,EMAIL,R51008103,1,9,9,6,3,8,9,Bon rapport qualite prix
SAT0003588,POST_MATCH,M021,2026-01-27,2026-01-31,SMS,R53289076,1,9,9,4,4,7,6,
SAT0003599,POST_MATCH,M021,2026-01-27,2026-01-31,EMAIL,R51043111,1,7,9,4,4,7,8,
SAT0003605,POST_MATCH,M021,2026-01-27,2026-01-31,QR_SUR_PLACE,R52979578,1,9,8,3,5,10,8,
SAT0003606,POST_MATCH,M021,2026-01-27,2026-01-31,EMAIL,R53837165,1,8,9,7,4,8,7,
SAT0003637,POST_MATCH,M021,2026-01-27,2026-01-31,EMAIL,R52792201,1,9,8,7,6,7,8,
SAT0003645,POST_MATCH,M021,2026-01-27,2026-01-31,EMAIL,R59444477,1,8,9,6,4,10,10,
SAT0003676,POST_MATCH,M021,2026-01-27,2026-01-31,QR_SUR_PLACE,R59729110,1,9,9,5,3,8,7,"Premiere fois ici, tres agreable surprise"
SAT0003680,POST_MATCH,M021,2026-01-27,2026-01-31,EMAIL,R53653121,1,8,9,7,5,6,7,
SAT0003683,POST_MATCH,M021,2026-01-27,2026-01-31,EMAIL,R54722806,1,9,9,6,5,9,9,Bon rapport qualite prix
SAT0003686,POST_MATCH,M021,2026-01-27,2026-01-31,EMAIL,R56794746,1,10,9,7,3,8,9,"Super ambiance, on reviendra"
SAT0003709,POST_MATCH,M021,2026-01-27,2026-01-31,EMAIL,R57651241,1,9,8,5,5,7,7,
SAT0003711,POST_MATCH,M021,2026-01-27,2026-01-31,EMAIL,R58800003,1,10,9,8,4,10,9,
SAT0003713,POST_MATCH,M021,2026-01-27,2026-01-31,EMAIL,R59342518,1,5,9,5,3,9,8,Rien a signaler
SAT0003723,POST_MATCH,M021,2026-01-27,2026-01-31,QR_SUR_PLACE,R52982365,1,7,10,5,3,9,9,
SAT0003724,POST_MATCH,M021,2026-01-27,2026-01-31,EMAIL,R53866043,1,10,9,6,3,8,9,Tres bonne organisation
SAT0003742,POST_MATCH,M021,2026-01-27,2026-01-31,EMAIL,R56674598,0,10,10,5,3,9,10,Bon rapport qualite prix
SAT0003759,POST_MATCH,M021,2026-01-27,2026-01-31,EMAIL,R55042591,0,7,10,5,4,7,9,
SAT0003762,POST_MATCH,M021,2026-01-27,2026-01-31,EMAIL,R59453327,1,8,9,8,5,6,8,L'ambiance dans les tribunes vaut le deplacement
SAT0003764,POST_MATCH,M021,2026-01-27,2026-01-31,EMAIL,R53610958,0,9,10,6,3,8,8,L'ambiance dans les tribunes vaut le deplacement
SAT0003783,POST_MATCH,M021,2026-01-27,2026-01-31,QR_SUR_PLACE,R52555918,1,9,8,6,3,8,8,
SAT0003785,POST_MATCH,M021,2026-01-27,2026-01-31,EMAIL,R57466125,1,7,8,8,4,8,9,
SAT0003801,POST_MATCH,M021,2026-01-27,2026-01-31,EMAIL,R57471441,1,8,9,6,4,7,8,Tres bonne organisation
SAT0003821,POST_MATCH,M021,2026-01-27,2026-01-31,SMS,R56026188,1,9,7,6,6,10,10,Bon rapport qualite prix
SAT0003845,POST_MATCH,M021,2026-01-27,2026-01-31,EMAIL,R51161832,0,7,8,6,3,6,8,
SAT0003851,POST_MATCH,M021,2026-01-27,2026-01-31,SMS,R58964220,1,5,9,7,5,8,8,
SAT0003854,POST_MATCH,M021,2026-01-27,2026-01-31,EMAIL,R58760158,0,10,10,6,5,8,10,Match intense du debut a la fin
SAT0003857,POST_MATCH,M021,2026-01-27,2026-01-31,EMAIL,R51561163,0,9,10,5,4,8,10,
SAT0003872,POST_MATCH,M021,2026-01-27,2026-01-31,QR_SUR_PLACE,R51126000,1,9,10,5,5,8,10,
SAT0003873,POST_MATCH,M021,2026-01-27,2026-01-31,EMAIL,R55231740,1,10,10,7,4,9,10,Match intense du debut a la fin
SAT0003884,POST_MATCH,M021,2026-01-27,2026-01-31,QR_SUR_PLACE,R57728901,1,8,9,8,5,9,9,"Super ambiance, on reviendra"
SAT0003565,POST_MATCH,M021,2026-01-27,2026-02-01,QR_SUR_PLACE,R55896031,1,8,9,6,6,8,10,
SAT0003586,POST_MATCH,M021,2026-01-27,2026-02-01,SMS,R51366708,1,8,9,6,5,8,9,Match intense du debut a la fin
SAT0003598,POST_MATCH,M021,2026-01-27,2026-02-01,EMAIL,R59694313,1,9,10,6,4,7,9,Bon rapport qualite prix
SAT0003609,POST_MATCH,M021,2026-01-27,2026-02-01,SMS,R54678814,1,8,8,5,4,10,9,
SAT0003621,POST_MATCH,M021,2026-01-27,2026-02-01,EMAIL,R59219985,1,8,9,6,2,6,9,
SAT0003644,POST_MATCH,M021,2026-01-27,2026-02-01,EMAIL,R59286936,1,9,9,5,4,6,9,Bon rapport qualite prix
SAT0003695,POST_MATCH,M021,2026-01-27,2026-02-01,EMAIL,R54545103,1,9,10,5,5,9,10,Match intense du debut a la fin
SAT0003698,POST_MATCH,M021,2026-01-27,2026-02-01,EMAIL,R55746583,1,10,8,6,5,8,8,"Super ambiance, on reviendra"
SAT0003699,POST_MATCH,M021,2026-01-27,2026-02-01,EMAIL,R56621334,1,9,8,6,5,7,8,
SAT0003714,POST_MATCH,M021,2026-01-27,2026-02-01,SMS,R53375231,1,6,9,6,5,6,9,
SAT0003725,POST_MATCH,M021,2026-01-27,2026-02-01,EMAIL,R58695046,0,8,10,3,8,9,10,
SAT0003757,POST_MATCH,M021,2026-01-27,2026-02-01,SMS,R54744807,1,10,10,5,4,7,8,
SAT0003765,POST_MATCH,M021,2026-01-27,2026-02-01,EMAIL,R58192396,1,10,10,5,5,8,7,Bon rapport qualite prix
SAT0003775,POST_MATCH,M021,2026-01-27,2026-02-01,EMAIL,R59286534,0,8,9,5,4,7,10,Match intense du debut a la fin
SAT0003793,POST_MATCH,M021,2026-01-27,2026-02-01,SMS,R52247244,1,8,8,5,7,8,9,
SAT0003803,POST_MATCH,M021,2026-01-27,2026-02-01,QR_SUR_PLACE,R54529443,0,8,9,5,3,8,10,Tres bonne organisation
SAT0003809,POST_MATCH,M021,2026-01-27,2026-02-01,EMAIL,R59110593,1,7,8,7,4,6,7,
SAT0003818,POST_MATCH,M021,2026-01-27,2026-02-01,EMAIL,R55514812,1,8,8,5,3,7,9,
SAT0003819,POST_MATCH,M021,2026-01-27,2026-02-01,EMAIL,R57000580,0,10,9,5,5,7,7,"Premiere fois ici, tres agreable surprise"
SAT0003828,POST_MATCH,M021,2026-01-27,2026-02-01,EMAIL,R58224272,1,8,9,6,5,9,9,
SAT0003830,POST_MATCH,M021,2026-01-27,2026-02-01,EMAIL,R52699159,0,7,10,7,6,7,9,
SAT0003833,POST_MATCH,M021,2026-01-27,2026-02-01,SMS,R56309806,1,8,8,6,5,9,10,"Premiere fois ici, tres agreable surprise"
SAT0003859,POST_MATCH,M021,2026-01-27,2026-02-01,EMAIL,R53558116,1,9,10,5,7,8,10,
SAT0003896,POST_MATCH,M022,2026-02-01,2026-02-02,EMAIL,R51306500,1,7,4,7,7,7,7,
SAT0003899,POST_MATCH,M022,2026-02-01,2026-02-02,EMAIL,R55884997,1,7,4,5,7,7,7,
SAT0003901,POST_MATCH,M022,2026-02-01,2026-02-02,EMAIL,R58358452,1,8,6,3,9,7,7,
SAT0003902,POST_MATCH,M022,2026-02-01,2026-02-02,EMAIL,R58839657,1,5,7,5,7,7,6,
SAT0003903,POST_MATCH,M022,2026-02-01,2026-02-02,EMAIL,R59547672,1,9,5,6,7,8,8,
SAT0003906,POST_MATCH,M022,2026-02-01,2026-02-02,EMAIL,R52873395,1,5,7,5,6,6,7,Prix des places trop eleve pour ce niveau de match
SAT0003907,POST_MATCH,M022,2026-02-01,2026-02-02,EMAIL,R53012546,1,5,5,5,9,7,6,File d'attente interminable a l'entree
SAT0003914,POST_MATCH,M022,2026-02-01,2026-02-02,EMAIL,R55880160,1,7,8,2,9,6,8,
SAT0003916,POST_MATCH,M022,2026-02-01,2026-02-02,EMAIL,R56601661,1,5,6,7,7,4,4,Correct dans l'ensemble
SAT0003917,POST_MATCH,M022,2026-02-01,2026-02-02,SMS,R58146421,1,5,6,5,7,6,5,Trop d'attente aux buvettes
SAT0003919,POST_MATCH,M022,2026-02-01,2026-02-02,SMS,R59621299,1,6,6,7,5,6,7,
SAT0003920,POST_MATCH,M022,2026-02-01,2026-02-02,EMAIL,R59674630,1,7,8,6,9,7,7,
SAT0003921,POST_MATCH,M022,2026-02-01,2026-02-02,QR_SUR_PLACE,R53198965,1,5,4,5,6,5,5,
SAT0003922,POST_MATCH,M022,2026-02-01,2026-02-02,SMS,R53890429,1,6,7,5,7,6,7,Sans plus
SAT0003933,POST_MATCH,M022,2026-02-01,2026-02-02,SMS,R57315327,1,8,5,6,8,5,6,
SAT0003940,POST_MATCH,M022,2026-02-01,2026-02-02,EMAIL,R57232639,1,5,8,6,8,7,8,Trop d'attente aux buvettes
SAT0003943,POST_MATCH,M022,2026-02-01,2026-02-02,EMAIL,R59129874,1,3,7,5,6,5,6,Trop d'attente aux buvettes
SAT0003944,POST_MATCH,M022,2026-02-01,2026-02-02,EMAIL,R59810304,1,6,6,5,6,5,7,
SAT0003945,POST_MATCH,M022,2026-02-01,2026-02-02,SMS,R51094124,1,6,4,5,6,5,5,
SAT0003946,POST_MATCH,M022,2026-02-01,2026-02-02,EMAIL,R52124577,1,4,6,6,6,5,6,
SAT0003947,POST_MATCH,M022,2026-02-01,2026-02-02,EMAIL,R52136837,1,7,7,4,6,5,6,Correct dans l'ensemble
SAT0003948,POST_MATCH,M022,2026-02-01,2026-02-02,SMS,R56536951,1,7,4,5,6,6,7,
SAT0003952,POST_MATCH,M022,2026-02-01,2026-02-02,EMAIL,R59959330,1,9,5,6,8,4,6,Tres bonne organisation
SAT0003953,POST_MATCH,M022,2026-02-01,2026-02-02,EMAIL,R52233145,1,8,5,2,6,6,8,
SAT0003956,POST_MATCH,M022,2026-02-01,2026-02-02,EMAIL,R55048654,1,5,6,6,5,7,6,
SAT0003957,POST_MATCH,M022,2026-02-01,2026-02-02,SMS,R55795901,1,7,7,6,7,6,8,
SAT0003962,POST_MATCH,M022,2026-02-01,2026-02-02,SMS,R58013735,1,7,7,6,7,6,8,
SAT0003964,POST_MATCH,M022,2026-02-01,2026-02-02,EMAIL,R59708067,1,6,6,7,5,6,10,Correct dans l'ensemble
SAT0003965,POST_MATCH,M022,2026-02-01,2026-02-02,SMS,R51101614,1,5,7,4,5,5,7,
SAT0003968,POST_MATCH,M022,2026-02-01,2026-02-02,EMAIL,R53744257,1,7,7,4,8,6,7,
SAT0003971,POST_MATCH,M022,2026-02-01,2026-02-02,EMAIL,R55866463,1,8,6,4,6,6,6,
SAT0003973,POST_MATCH,M022,2026-02-01,2026-02-02,EMAIL,R56273495,1,4,6,5,7,6,7,Sonorisation trop forte
SAT0003979,POST_MATCH,M022,2026-02-01,2026-02-02,EMAIL,R51433927,1,7,7,7,8,7,6,
SAT0003980,POST_MATCH,M022,2026-02-01,2026-02-02,EMAIL,R51516682,1,6,5,3,6,6,7,
SAT0003983,POST_MATCH,M022,2026-02-01,2026-02-02,EMAIL,R53290091,1,6,5,5,6,8,8,
SAT0003984,POST_MATCH,M022,2026-02-01,2026-02-02,EMAIL,R54385522,1,6,5,4,6,5,6,
SAT0003988,POST_MATCH,M022,2026-02-01,2026-02-02,EMAIL,R57231068,1,7,6,5,8,5,6,Sans plus
SAT0003989,POST_MATCH,M022,2026-02-01,2026-02-02,QR_SUR_PLACE,R59608282,1,6,6,5,5,6,9,Correct dans l'ensemble
SAT0003994,POST_MATCH,M022,2026-02-01,2026-02-02,SMS,R56307344,1,7,8,7,6,6,7,
SAT0003995,POST_MATCH,M022,2026-02-01,2026-02-02,EMAIL,R56692308,1,5,7,4,6,7,6,File d'attente interminable a l'entree
SAT0004001,POST_MATCH,M022,2026-02-01,2026-02-02,EMAIL,R51904845,1,7,6,6,6,4,4,
SAT0004002,POST_MATCH,M022,2026-02-01,2026-02-02,EMAIL,R52149432,1,5,6,5,7,5,8,Prix des places trop eleve pour ce niveau de match
SAT0004005,POST_MATCH,M022,2026-02-01,2026-02-02,EMAIL,R55146389,1,7,6,5,6,6,8,
SAT0004007,POST_MATCH,M022,2026-02-01,2026-02-02,SMS,R56538512,1,5,8,4,5,6,8,
SAT0004008,POST_MATCH,M022,2026-02-01,2026-02-02,QR_SUR_PLACE,R56784938,1,7,7,5,7,6,7,
SAT0004009,POST_MATCH,M022,2026-02-01,2026-02-02,SMS,R57750413,1,6,6,4,8,5,4,
SAT0004018,POST_MATCH,M022,2026-02-01,2026-02-02,EMAIL,R57678146,1,9,5,4,7,6,6,"Premiere fois ici, tres agreable surprise"
SAT0004020,POST_MATCH,M022,2026-02-01,2026-02-02,SMS,R51778701,1,7,6,5,6,7,8,
SAT0004022,POST_MATCH,M022,2026-02-01,2026-02-02,EMAIL,R53457708,1,6,7,4,7,9,9,
SAT0004023,POST_MATCH,M022,2026-02-01,2026-02-02,QR_SUR_PLACE,R55045378,1,7,6,6,7,4,5,Correct dans l'ensemble
SAT0004024,POST_MATCH,M022,2026-02-01,2026-02-02,EMAIL,R56369458,1,6,6,6,6,5,6,
SAT0004026,POST_MATCH,M022,2026-02-01,2026-02-02,EMAIL,R59326570,1,7,5,6,5,7,8,
SAT0004027,POST_MATCH,M022,2026-02-01,2026-02-02,EMAIL,R58431868,0,6,7,4,7,5,6,Correct dans l'ensemble
SAT0004028,POST_MATCH,M022,2026-02-01,2026-02-02,EMAIL,R54552948,0,5,6,5,6,5,6,Sonorisation trop forte
SAT0004031,POST_MATCH,M022,2026-02-01,2026-02-02,EMAIL,R59284896,1,4,8,5,7,6,6,
SAT0004033,POST_MATCH,M022,2026-02-01,2026-02-02,QR_SUR_PLACE,R54069147,1,8,6,4,6,5,6,
SAT0004034,POST_MATCH,M022,2026-02-01,2026-02-02,EMAIL,R56606354,0,5,7,5,6,5,6,
SAT0004036,POST_MATCH,M022,2026-02-01,2026-02-02,EMAIL,R57504121,1,8,6,4,6,5,6,L'ambiance dans les tribunes vaut le deplacement
SAT0004037,POST_MATCH,M022,2026-02-01,2026-02-02,SMS,R55901126,1,6,8,7,6,7,8,
SAT0004038,POST_MATCH,M022,2026-02-01,2026-02-02,EMAIL,R51217816,1,4,6,3,9,7,6,Prix des places trop eleve pour ce niveau de match
SAT0004040,POST_MATCH,M022,2026-02-01,2026-02-02,EMAIL,R54220970,1,7,7,5,6,6,7,Rien a signaler
SAT0004045,POST_MATCH,M022,2026-02-01,2026-02-02,EMAIL,R59433721,0,5,7,4,9,5,6,
SAT0004049,POST_MATCH,M022,2026-02-01,2026-02-02,SMS,R56517402,1,5,7,4,6,5,5,
SAT0004051,POST_MATCH,M022,2026-02-01,2026-02-02,EMAIL,R58453601,1,5,8,5,7,5,5,Difficile de trouver sa place
SAT0004052,POST_MATCH,M022,2026-02-01,2026-02-02,QR_SUR_PLACE,R56664120,0,8,5,7,7,7,7,
SAT0004054,POST_MATCH,M022,2026-02-01,2026-02-02,EMAIL,R53266395,0,5,8,5,8,7,7,Prix des places trop eleve pour ce niveau de match
SAT0004056,POST_MATCH,M022,2026-02-01,2026-02-02,EMAIL,R54125878,0,5,6,6,7,5,4,
SAT0004057,POST_MATCH,M022,2026-02-01,2026-02-02,EMAIL,R56490296,0,7,9,6,5,4,5,
SAT0003602,POST_MATCH,M021,2026-01-27,2026-02-03,QR_SUR_PLACE,R51610749,1,10,9,6,4,8,9,
SAT0003603,POST_MATCH,M021,2026-01-27,2026-02-03,EMAIL,R52586032,1,7,7,6,5,8,9,
SAT0003663,POST_MATCH,M021,2026-01-27,2026-02-03,QR_SUR_PLACE,R54309510,1,8,9,6,4,8,9,L'ambiance dans les tribunes vaut le deplacement
SAT0003675,POST_MATCH,M021,2026-01-27,2026-02-03,SMS,R56563578,1,8,9,5,5,8,10,
SAT0003689,POST_MATCH,M021,2026-01-27,2026-02-03,EMAIL,R58591449,1,8,8,5,5,7,7,
SAT0003694,POST_MATCH,M021,2026-01-27,2026-02-03,EMAIL,R53241252,1,9,10,7,5,7,10,
SAT0003710,POST_MATCH,M021,2026-01-27,2026-02-03,QR_SUR_PLACE,R58624685,1,7,9,5,6,7,6,
SAT0003732,POST_MATCH,M021,2026-01-27,2026-02-03,QR_SUR_PLACE,R57200418,1,8,8,5,4,9,9,"Super ambiance, on reviendra"
SAT0003752,POST_MATCH,M021,2026-01-27,2026-02-03,SMS,R57415112,0,7,10,7,6,8,8,
SAT0003771,POST_MATCH,M021,2026-01-27,2026-02-03,QR_SUR_PLACE,R54518275,1,9,10,6,6,9,10,"Super ambiance, on reviendra"
SAT0003807,POST_MATCH,M021,2026-01-27,2026-02-03,EMAIL,R53908608,1,8,8,5,6,10,9,
SAT0003815,POST_MATCH,M021,2026-01-27,2026-02-03,SMS,R57736247,1,10,10,6,6,9,10,Match intense du debut a la fin
SAT0003820,POST_MATCH,M021,2026-01-27,2026-02-03,EMAIL,R54046265,1,6,10,6,5,9,7,
SAT0003826,POST_MATCH,M021,2026-01-27,2026-02-03,EMAIL,R54356031,1,8,9,6,6,7,7,
SAT0003832,POST_MATCH,M021,2026-01-27,2026-02-03,EMAIL,R57837526,1,9,8,7,4,7,9,"Premiere fois ici, tres agreable surprise"
SAT0003864,POST_MATCH,M021,2026-01-27,2026-02-03,QR_SUR_PLACE,R54584958,1,8,9,5,5,9,8,
SAT0003870,POST_MATCH,M021,2026-01-27,2026-02-03,SMS,R59543103,0,7,10,6,5,7,8,
SAT0003888,POST_MATCH,M021,2026-01-27,2026-02-03,QR_SUR_PLACE,R58232365,0,9,10,8,4,6,8,
SAT0003891,POST_MATCH,M021,2026-01-27,2026-02-03,EMAIL,R57112960,1,8,10,6,5,8,10,
SAT0003900,POST_MATCH,M022,2026-02-01,2026-02-03,EMAIL,R57757712,1,6,6,5,7,5,7,
SAT0003905,POST_MATCH,M022,2026-02-01,2026-02-03,QR_SUR_PLACE,R52585898,1,8,6,5,6,6,7,
SAT0003909,POST_MATCH,M022,2026-02-01,2026-02-03,SMS,R53070781,1,6,8,5,7,5,6,
SAT0003910,POST_MATCH,M022,2026-02-01,2026-02-03,EMAIL,R53116756,1,6,8,7,7,5,7,
SAT0003913,POST_MATCH,M022,2026-02-01,2026-02-03,SMS,R55749591,1,5,8,5,6,7,6,Prix des places trop eleve pour ce niveau de match
SAT0003924,POST_MATCH,M022,2026-02-01,2026-02-03,EMAIL,R55902295,1,6,6,6,7,6,7,
SAT0003925,POST_MATCH,M022,2026-02-01,2026-02-03,EMAIL,R55947657,1,9,6,5,7,5,7,
SAT0003927,POST_MATCH,M022,2026-02-01,2026-02-03,SMS,R57221471,1,8,6,4,7,7,6,Correct dans l'ensemble
SAT0003929,POST_MATCH,M022,2026-02-01,2026-02-03,EMAIL,R59750096,1,7,8,6,6,6,8,
SAT0003935,POST_MATCH,M022,2026-02-01,2026-02-03,EMAIL,R58042958,1,6,6,4,7,9,7,
SAT0003939,POST_MATCH,M022,2026-02-01,2026-02-03,EMAIL,R57057321,1,8,8,6,6,7,9,"Super ambiance, on reviendra"
SAT0003941,POST_MATCH,M022,2026-02-01,2026-02-03,EMAIL,R58098195,1,8,6,6,7,4,5,
SAT0003949,POST_MATCH,M022,2026-02-01,2026-02-03,EMAIL,R56840999,1,8,6,6,6,5,6,Correct dans l'ensemble
SAT0003951,POST_MATCH,M022,2026-02-01,2026-02-03,SMS,R59551072,1,7,6,5,9,6,7,
SAT0003954,POST_MATCH,M022,2026-02-01,2026-02-03,EMAIL,R52735805,1,6,7,4,4,7,7,
SAT0003955,POST_MATCH,M022,2026-02-01,2026-02-03,QR_SUR_PLACE,R54186163,1,7,7,6,5,5,7,
SAT0003960,POST_MATCH,M022,2026-02-01,2026-02-03,SMS,R56403384,1,7,6,4,7,8,8,
SAT0003963,POST_MATCH,M022,2026-02-01,2026-02-03,EMAIL,R58760369,1,5,6,3,5,6,5,Correct dans l'ensemble
SAT0003969,POST_MATCH,M022,2026-02-01,2026-02-03,QR_SUR_PLACE,R54265920,1,8,6,4,7,5,7,"Premiere fois ici, tres agreable surprise"
SAT0003974,POST_MATCH,M022,2026-02-01,2026-02-03,EMAIL,R57110853,1,6,6,5,6,6,5,
SAT0003975,POST_MATCH,M022,2026-02-01,2026-02-03,SMS,R57403254,1,6,5,6,7,7,7,
SAT0003976,POST_MATCH,M022,2026-02-01,2026-02-03,EMAIL,R57886911,1,6,5,4,8,7,7,
SAT0003977,POST_MATCH,M022,2026-02-01,2026-02-03,EMAIL,R58035257,1,9,7,5,8,7,8,
SAT0003982,POST_MATCH,M022,2026-02-01,2026-02-03,EMAIL,R52528132,1,5,6,2,6,6,6,
SAT0003985,POST_MATCH,M022,2026-02-01,2026-02-03,EMAIL,R55104571,1,5,6,7,6,5,5,Trop d'attente aux buvettes
SAT0003986,POST_MATCH,M022,2026-02-01,2026-02-03,EMAIL,R55344254,1,4,7,5,6,5,7,
SAT0003996,POST_MATCH,M022,2026-02-01,2026-02-03,QR_SUR_PLACE,R57208454,1,8,6,5,6,5,6,
SAT0003999,POST_MATCH,M022,2026-02-01,2026-02-03,EMAIL,R58436906,1,6,7,4,6,8,8,
SAT0004004,POST_MATCH,M022,2026-02-01,2026-02-03,SMS,R53288386,1,6,5,5,6,7,5,
SAT0004010,POST_MATCH,M022,2026-02-01,2026-02-03,SMS,R58580415,1,5,6,6,6,6,6,
SAT0004012,POST_MATCH,M022,2026-02-01,2026-02-03,SMS,R51507075,1,5,8,4,8,4,6,
SAT0004013,POST_MATCH,M022,2026-02-01,2026-02-03,EMAIL,R52094329,1,5,7,5,5,7,5,Sonorisation trop forte
SAT0004015,POST_MATCH,M022,2026-02-01,2026-02-03,EMAIL,R54545103,1,6,6,6,7,6,7,
SAT0004017,POST_MATCH,M022,2026-02-01,2026-02-03,EMAIL,R57182229,1,7,5,6,9,6,7,
SAT0004019,POST_MATCH,M022,2026-02-01,2026-02-03,QR_SUR_PLACE,R51021646,1,7,7,5,7,6,6,
SAT0004021,POST_MATCH,M022,2026-02-01,2026-02-03,EMAIL,R52951370,1,6,5,4,8,6,5,
SAT0004025,POST_MATCH,M022,2026-02-01,2026-02-03,QR_SUR_PLACE,R56495123,1,5,6,3,9,4,6,Trop d'attente aux buvettes
SAT0004032,POST_MATCH,M022,2026-02-01,2026-02-03,SMS,R58098674,0,7,6,6,8,5,5,
SAT0004039,POST_MATCH,M022,2026-02-01,2026-02-03,EMAIL,R56000298,1,6,7,5,7,7,7,
SAT0004041,POST_MATCH,M022,2026-02-01,2026-02-03,EMAIL,R52253039,1,6,6,6,7,5,6,
SAT0004044,POST_MATCH,M022,2026-02-01,2026-02-03,EMAIL,R53506624,0,6,5,4,5,6,7,Correct dans l'ensemble
SAT0004046,POST_MATCH,M022,2026-02-01,2026-02-03,EMAIL,R52016555,0,7,5,5,6,5,4,
SAT0004047,POST_MATCH,M022,2026-02-01,2026-02-03,EMAIL,R53429510,1,5,6,6,6,6,5,
SAT0004055,POST_MATCH,M022,2026-02-01,2026-02-03,EMAIL,R55881309,1,6,7,6,5,5,4,
SAT0004058,POST_MATCH,M022,2026-02-01,2026-02-03,EMAIL,R56374573,0,6,7,6,7,6,7,
SAT0004059,POST_MATCH,M022,2026-02-01,2026-02-03,EMAIL,R57874172,1,5,8,6,8,6,6,Sans plus
SAT0003895,POST_MATCH,M022,2026-02-01,2026-02-04,EMAIL,R51139764,1,5,7,3,7,7,5,Prix des places trop eleve pour ce niveau de match
SAT0003897,POST_MATCH,M022,2026-02-01,2026-02-04,EMAIL,R53113624,1,7,9,5,7,6,8,
SAT0003908,POST_MATCH,M022,2026-02-01,2026-02-04,SMS,R53037066,1,5,6,5,8,7,6,
SAT0003912,POST_MATCH,M022,2026-02-01,2026-02-04,SMS,R55716489,1,6,5,4,7,4,5,
SAT0003915,POST_MATCH,M022,2026-02-01,2026-02-04,SMS,R56361365,1,6,6,4,7,7,6,
SAT0003928,POST_MATCH,M022,2026-02-01,2026-02-04,EMAIL,R59299541,1,7,7,3,8,7,7,
SAT0003930,POST_MATCH,M022,2026-02-01,2026-02-04,EMAIL,R59873309,1,6,8,5,9,7,7,
SAT0003936,POST_MATCH,M022,2026-02-01,2026-02-04,EMAIL,R51295121,1,5,5,6,7,7,7,
SAT0003937,POST_MATCH,M022,2026-02-01,2026-02-04,SMS,R51804524,1,7,7,5,6,5,7,
SAT0003938,POST_MATCH,M022,2026-02-01,2026-02-04,EMAIL,R56836028,1,5,7,5,8,7,8,Trop d'attente aux buvettes
SAT0003966,POST_MATCH,M022,2026-02-01,2026-02-04,EMAIL,R51414857,1,6,5,2,8,6,5,Sans plus
SAT0003970,POST_MATCH,M022,2026-02-01,2026-02-04,EMAIL,R55214844,1,7,6,6,6,4,6,Correct dans l'ensemble
SAT0003972,POST_MATCH,M022,2026-02-01,2026-02-04,SMS,R56166833,1,7,7,6,6,8,8,Correct dans l'ensemble
SAT0003978,POST_MATCH,M022,2026-02-01,2026-02-04,SMS,R59619249,1,7,8,6,8,5,5,
SAT0004000,POST_MATCH,M022,2026-02-01,2026-02-04,SMS,R59824125,1,3,7,8,6,6,6,
SAT0004011,POST_MATCH,M022,2026-02-01,2026-02-04,EMAIL,R58775962,1,6,6,5,6,6,8,
SAT0004014,POST_MATCH,M022,2026-02-01,2026-02-04,QR_SUR_PLACE,R53393889,1,7,4,6,9,6,8,
SAT0004016,POST_MATCH,M022,2026-02-01,2026-02-04,EMAIL,R55555327,1,6,6,6,6,6,6,
SAT0004035,POST_MATCH,M022,2026-02-01,2026-02-04,EMAIL,R57805449,0,6,6,6,7,4,5,
SAT0004042,POST_MATCH,M022,2026-02-01,2026-02-04,EMAIL,R54446075,1,5,6,5,8,4,6,
SAT0004050,POST_MATCH,M022,2026-02-01,2026-02-04,EMAIL,R54735756,0,4,7,6,6,4,4,Peu de choix a la restauration
SAT0003898,POST_MATCH,M022,2026-02-01,2026-02-05,EMAIL,R54503908,1,6,6,3,7,7,7,
SAT0003904,POST_MATCH,M022,2026-02-01,2026-02-05,EMAIL,R59703987,1,7,6,3,9,5,7,Rien a signaler
SAT0003911,POST_MATCH,M022,2026-02-01,2026-02-05,SMS,R54033804,1,6,7,3,7,6,7,
SAT0003923,POST_MATCH,M022,2026-02-01,2026-02-05,QR_SUR_PLACE,R54936820,1,8,6,3,6,5,9,
SAT0003926,POST_MATCH,M022,2026-02-01,2026-02-05,QR_SUR_PLACE,R56453995,1,7,8,4,7,5,7,
SAT0003967,POST_MATCH,M022,2026-02-01,2026-02-05,EMAIL,R53073635,1,8,5,6,4,4,6,
SAT0003981,POST_MATCH,M022,2026-02-01,2026-02-05,EMAIL,R51853832,1,6,6,6,5,4,6,
SAT0003987,POST_MATCH,M022,2026-02-01,2026-02-05,EMAIL,R55682630,1,5,6,7,8,8,6,Sans plus
SAT0003990,POST_MATCH,M022,2026-02-01,2026-02-05,EMAIL,R53685543,1,4,8,5,5,4,4,
SAT0003991,POST_MATCH,M022,2026-02-01,2026-02-05,QR_SUR_PLACE,R54110965,1,5,7,7,7,7,5,
SAT0003993,POST_MATCH,M022,2026-02-01,2026-02-05,EMAIL,R56008200,1,7,7,6,6,7,8,
SAT0003997,POST_MATCH,M022,2026-02-01,2026-02-05,EMAIL,R57432199,1,9,5,6,7,5,5,
SAT0004006,POST_MATCH,M022,2026-02-01,2026-02-05,QR_SUR_PLACE,R55413657,1,7,5,5,7,7,7,Sans plus
SAT0004029,POST_MATCH,M022,2026-02-01,2026-02-05,EMAIL,R56703965,0,5,7,5,6,7,6,
SAT0004030,POST_MATCH,M022,2026-02-01,2026-02-05,EMAIL,R58219770,0,7,8,5,7,7,6,
SAT0004043,POST_MATCH,M022,2026-02-01,2026-02-05,QR_SUR_PLACE,R56168203,0,8,7,7,6,4,8,Tres bonne organisation
SAT0003918,POST_MATCH,M022,2026-02-01,2026-02-06,EMAIL,R59509733,1,7,8,7,7,5,6,
SAT0003931,POST_MATCH,M022,2026-02-01,2026-02-06,QR_SUR_PLACE,R59934609,1,7,7,5,8,9,7,
SAT0003932,POST_MATCH,M022,2026-02-01,2026-02-06,EMAIL,R51710055,1,5,8,4,6,6,6,
SAT0003934,POST_MATCH,M022,2026-02-01,2026-02-06,EMAIL,R58016599,1,6,6,6,7,5,8,
SAT0003950,POST_MATCH,M022,2026-02-01,2026-02-06,EMAIL,R58311586,1,9,7,3,8,6,7,Sans plus
SAT0003958,POST_MATCH,M022,2026-02-01,2026-02-06,EMAIL,R56147150,1,6,6,7,6,6,6,
SAT0003959,POST_MATCH,M022,2026-02-01,2026-02-06,QR_SUR_PLACE,R56285688,1,5,6,5,7,6,6,Sonorisation trop forte
SAT0003992,POST_MATCH,M022,2026-02-01,2026-02-06,EMAIL,R55313058,1,5,7,5,7,4,6,Trop d'attente aux buvettes
SAT0003998,POST_MATCH,M022,2026-02-01,2026-02-06,EMAIL,R57956314,1,6,8,4,8,5,6,Correct dans l'ensemble
SAT0004003,POST_MATCH,M022,2026-02-01,2026-02-06,EMAIL,R52169661,1,8,6,5,7,5,7,
SAT0004053,POST_MATCH,M022,2026-02-01,2026-02-06,QR_SUR_PLACE,R57648598,1,4,5,4,6,6,6,
SAT0004067,POST_MATCH,M023,2026-02-05,2026-02-06,EMAIL,R58661887,1,5,7,4,5,6,6,Prix des places trop eleve pour ce niveau de match
SAT0004068,POST_MATCH,M023,2026-02-05,2026-02-06,EMAIL,R58683955,1,8,10,6,3,6,9,"Premiere fois ici, tres agreable surprise"
SAT0004069,POST_MATCH,M023,2026-02-05,2026-02-06,SMS,R58839657,1,5,7,3,4,6,6,
SAT0004076,POST_MATCH,M023,2026-02-05,2026-02-06,EMAIL,R52570640,1,8,7,5,4,5,8,
SAT0004077,POST_MATCH,M023,2026-02-05,2026-02-06,EMAIL,R53282946,1,7,7,2,3,6,6,Correct dans l'ensemble
SAT0004079,POST_MATCH,M023,2026-02-05,2026-02-06,EMAIL,R54477683,1,6,7,4,1,3,6,
SAT0004080,POST_MATCH,M023,2026-02-05,2026-02-06,EMAIL,R55228608,1,6,7,3,5,6,6,
SAT0004081,POST_MATCH,M023,2026-02-05,2026-02-06,SMS,R56097229,1,7,8,5,5,6,7,
SAT0004082,POST_MATCH,M023,2026-02-05,2026-02-06,SMS,R57018568,1,5,7,4,3,6,6,
SAT0004089,POST_MATCH,M023,2026-02-05,2026-02-06,SMS,R52961801,1,6,7,3,5,5,6,
SAT0004090,POST_MATCH,M023,2026-02-05,2026-02-06,SMS,R54081139,1,6,8,2,5,6,6,
SAT0004091,POST_MATCH,M023,2026-02-05,2026-02-06,QR_SUR_PLACE,R54589316,1,6,8,4,4,6,9,
SAT0004093,POST_MATCH,M023,2026-02-05,2026-02-06,EMAIL,R56851286,1,6,6,4,3,3,5,
SAT0004094,POST_MATCH,M023,2026-02-05,2026-02-06,EMAIL,R57038864,1,7,7,3,4,2,5,
SAT0004095,POST_MATCH,M023,2026-02-05,2026-02-06,EMAIL,R57498614,1,8,7,4,4,4,7,
SAT0004096,POST_MATCH,M023,2026-02-05,2026-02-06,EMAIL,R58139812,1,8,7,2,5,5,9,
SAT0004099,POST_MATCH,M023,2026-02-05,2026-02-06,EMAIL,R52421202,1,7,8,3,4,7,8,Sans plus
SAT0004104,POST_MATCH,M023,2026-02-05,2026-02-06,EMAIL,R51043245,1,5,8,2,3,4,6,
SAT0004105,POST_MATCH,M023,2026-02-05,2026-02-06,QR_SUR_PLACE,R51700381,1,4,6,4,5,6,6,
SAT0004106,POST_MATCH,M023,2026-02-05,2026-02-06,EMAIL,R53540607,1,6,6,3,4,3,5,
SAT0004108,POST_MATCH,M023,2026-02-05,2026-02-06,EMAIL,R58147915,1,6,8,4,4,5,6,
SAT0004110,POST_MATCH,M023,2026-02-05,2026-02-06,EMAIL,R59733746,1,6,6,4,4,5,8,
SAT0004111,POST_MATCH,M023,2026-02-05,2026-02-06,EMAIL,R59736811,1,6,8,2,4,4,5,Rien a signaler
SAT0004112,POST_MATCH,M023,2026-02-05,2026-02-06,EMAIL,R59757653,1,7,6,3,5,3,5,
SAT0004113,POST_MATCH,M023,2026-02-05,2026-02-06,EMAIL,R52005109,1,5,6,4,2,4,6,
SAT0004114,POST_MATCH,M023,2026-02-05,2026-02-06,SMS,R52566004,1,7,8,4,4,4,7,
SAT0004117,POST_MATCH,M023,2026-02-05,2026-02-06,EMAIL,R55634682,1,5,5,2,6,4,8,Difficile de trouver sa place
SAT0004118,POST_MATCH,M023,2026-02-05,2026-02-06,EMAIL,R58321461,1,7,8,3,4,4,6,
SAT0004120,POST_MATCH,M023,2026-02-05,2026-02-06,QR_SUR_PLACE,R52068928,1,7,7,3,4,5,8,
SAT0004122,POST_MATCH,M023,2026-02-05,2026-02-06,EMAIL,R53853371,1,8,9,3,4,6,8,
SAT0004123,POST_MATCH,M023,2026-02-05,2026-02-06,SMS,R54607974,1,5,6,4,4,6,7,File d'attente interminable a l'entree
SAT0004124,POST_MATCH,M023,2026-02-05,2026-02-06,QR_SUR_PLACE,R55148027,1,7,7,2,4,5,8,
SAT0004125,POST_MATCH,M023,2026-02-05,2026-02-06,EMAIL,R55171934,1,8,7,3,4,6,8,
SAT0004135,POST_MATCH,M023,2026-02-05,2026-02-06,QR_SUR_PLACE,R57012840,1,5,6,5,5,6,6,
SAT0004137,POST_MATCH,M023,2026-02-05,2026-02-06,EMAIL,R58376152,1,8,6,4,4,6,9,Sans plus
SAT0004139,POST_MATCH,M023,2026-02-05,2026-02-06,EMAIL,R59260098,1,7,6,3,3,7,7,
SAT0004144,POST_MATCH,M023,2026-02-05,2026-02-06,QR_SUR_PLACE,R56051723,1,7,4,2,2,3,5,
SAT0004151,POST_MATCH,M023,2026-02-05,2026-02-06,EMAIL,R53709517,1,7,8,3,4,6,7,
SAT0004153,POST_MATCH,M023,2026-02-05,2026-02-06,QR_SUR_PLACE,R56751223,1,6,6,4,6,4,5,
SAT0004154,POST_MATCH,M023,2026-02-05,2026-02-06,EMAIL,R59911238,1,6,8,1,4,5,8,
SAT0004155,POST_MATCH,M023,2026-02-05,2026-02-06,EMAIL,R51854033,1,7,7,2,5,4,6,
SAT0004158,POST_MATCH,M023,2026-02-05,2026-02-06,EMAIL,R53605987,1,7,7,6,2,6,9,
SAT0004159,POST_MATCH,M023,2026-02-05,2026-02-06,SMS,R54635214,1,7,9,4,5,6,9,
SAT0004160,POST_MATCH,M023,2026-02-05,2026-02-06,EMAIL,R57390649,1,5,8,4,5,6,7,Peu de choix a la restauration
SAT0004161,POST_MATCH,M023,2026-02-05,2026-02-06,EMAIL,R59365735,1,8,4,4,5,5,6,"Super ambiance, on reviendra"
SAT0004162,POST_MATCH,M023,2026-02-05,2026-02-06,EMAIL,R51190834,1,6,5,4,3,8,6,Rien a signaler
SAT0004164,POST_MATCH,M023,2026-02-05,2026-02-06,EMAIL,R54843088,1,7,7,3,5,6,7,
SAT0004165,POST_MATCH,M023,2026-02-05,2026-02-06,QR_SUR_PLACE,R56066636,1,7,6,5,5,6,6,Rien a signaler
SAT0004166,POST_MATCH,M023,2026-02-05,2026-02-06,SMS,R56496349,1,5,8,2,3,2,6,Trop d'attente aux buvettes
SAT0004168,POST_MATCH,M023,2026-02-05,2026-02-06,SMS,R58106087,1,8,7,5,3,7,8,Match intense du debut a la fin
SAT0004170,POST_MATCH,M023,2026-02-05,2026-02-06,EMAIL,R56351145,1,7,9,6,5,6,9,
SAT0004174,POST_MATCH,M023,2026-02-05,2026-02-06,QR_SUR_PLACE,R59485270,0,6,7,4,4,5,6,
SAT0004175,POST_MATCH,M023,2026-02-05,2026-02-06,EMAIL,R58202941,1,7,6,4,6,4,5,
SAT0004176,POST_MATCH,M023,2026-02-05,2026-02-06,EMAIL,R57736592,0,6,8,4,3,5,7,Rien a signaler
SAT0004177,POST_MATCH,M023,2026-02-05,2026-02-06,SMS,R58543846,1,5,7,3,4,5,6,
SAT0004178,POST_MATCH,M023,2026-02-05,2026-02-06,EMAIL,R59131512,1,6,7,3,6,5,6,
SAT0004181,POST_MATCH,M023,2026-02-05,2026-02-06,EMAIL,R51671503,1,9,6,4,3,3,6,
SAT0004183,POST_MATCH,M023,2026-02-05,2026-02-06,EMAIL,R58866006,1,5,6,4,5,6,5,
SAT0004188,POST_MATCH,M023,2026-02-05,2026-02-06,SMS,R56935200,1,4,7,5,3,5,7,Sonorisation trop forte
SAT0004191,POST_MATCH,M023,2026-02-05,2026-02-06,EMAIL,R59656096,1,6,6,3,2,6,5,
SAT0004196,POST_MATCH,M023,2026-02-05,2026-02-06,EMAIL,R54286561,0,7,7,3,4,6,9,Rien a signaler
SAT0004197,POST_MATCH,M023,2026-02-05,2026-02-06,SMS,R59386855,0,5,9,2,1,4,7,Peu de choix a la restauration
SAT0004198,POST_MATCH,M023,2026-02-05,2026-02-06,SMS,R53917458,1,6,7,3,2,3,6,
SAT0004199,POST_MATCH,M023,2026-02-05,2026-02-06,EMAIL,R59102835,0,8,7,4,3,4,7,
SAT0004202,POST_MATCH,M023,2026-02-05,2026-02-06,EMAIL,R56707777,0,5,6,4,2,6,6,Rien a signaler
SAT0004204,POST_MATCH,M023,2026-02-05,2026-02-06,EMAIL,R57721133,1,5,7,5,5,4,6,Difficile de trouver sa place
SAT0004207,POST_MATCH,M023,2026-02-05,2026-02-06,EMAIL,R56429465,1,5,9,5,3,5,7,
SAT0004208,POST_MATCH,M023,2026-02-05,2026-02-06,EMAIL,R53760061,1,6,9,5,6,5,7,
SAT0004210,POST_MATCH,M023,2026-02-05,2026-02-06,EMAIL,R52589643,0,6,7,4,5,7,10,
SAT0004213,POST_MATCH,M023,2026-02-05,2026-02-06,EMAIL,R51469682,1,8,5,3,5,5,7,
SAT0004225,POST_MATCH,M023,2026-02-05,2026-02-06,EMAIL,R55925857,1,5,6,3,5,6,5,Difficile de trouver sa place
SAT0004227,POST_MATCH,M023,2026-02-05,2026-02-06,EMAIL,R53980875,1,4,8,4,6,6,6,File d'attente interminable a l'entree
SAT0004232,POST_MATCH,M023,2026-02-05,2026-02-06,EMAIL,R55031835,1,6,9,1,5,5,5,
SAT0004234,POST_MATCH,M023,2026-02-05,2026-02-06,EMAIL,R55100357,1,5,7,5,3,6,5,
SAT0004236,POST_MATCH,M023,2026-02-05,2026-02-06,EMAIL,R54889552,1,7,6,4,3,5,5,
SAT0004240,POST_MATCH,M023,2026-02-05,2026-02-06,EMAIL,R54809852,0,7,8,2,3,3,10,
SAT0004245,POST_MATCH,M023,2026-02-05,2026-02-06,EMAIL,R56120456,1,6,5,3,4,4,7,Sans plus
SAT0004249,POST_MATCH,M023,2026-02-05,2026-02-06,QR_SUR_PLACE,R58654042,1,6,7,3,5,4,5,
SAT0004251,POST_MATCH,M023,2026-02-05,2026-02-06,EMAIL,R59811731,1,7,8,2,4,4,5,
SAT0004253,POST_MATCH,M023,2026-02-05,2026-02-06,EMAIL,R54061657,1,8,9,3,5,6,7,
SAT0004254,POST_MATCH,M023,2026-02-05,2026-02-06,QR_SUR_PLACE,R51856150,1,7,7,3,4,7,7,
SAT0004258,POST_MATCH,M023,2026-02-05,2026-02-06,EMAIL,R56734193,1,7,6,4,5,5,6,
SAT0004259,POST_MATCH,M023,2026-02-05,2026-02-06,EMAIL,R55983412,1,7,8,3,5,5,8,Correct dans l'ensemble
SAT0004260,POST_MATCH,M023,2026-02-05,2026-02-06,SMS,R51560895,1,6,8,1,4,5,7,
SAT0004266,POST_MATCH,M023,2026-02-05,2026-02-06,EMAIL,R57036268,1,6,8,4,4,4,7,
SAT0004268,POST_MATCH,M023,2026-02-05,2026-02-06,EMAIL,R51464654,0,7,8,6,4,4,6,
SAT0004269,POST_MATCH,M023,2026-02-05,2026-02-06,QR_SUR_PLACE,R56824515,1,6,7,3,3,4,7,
SAT0004271,POST_MATCH,M023,2026-02-05,2026-02-06,EMAIL,R57245847,1,6,6,4,3,4,7,
SAT0004273,POST_MATCH,M023,2026-02-05,2026-02-06,SMS,R52897570,1,4,7,3,3,4,6,
SAT0004275,POST_MATCH,M023,2026-02-05,2026-02-06,QR_SUR_PLACE,R58989765,1,7,6,4,5,6,6,
SAT0004278,POST_MATCH,M023,2026-02-05,2026-02-06,EMAIL,R55805374,1,7,7,2,4,6,7,
SAT0004280,POST_MATCH,M023,2026-02-05,2026-02-06,SMS,R56262605,1,7,7,3,2,7,6,
SAT0004288,POST_MATCH,M023,2026-02-05,2026-02-06,SMS,R58876839,1,7,6,6,4,5,6,
SAT0004292,POST_MATCH,M023,2026-02-05,2026-02-06,SMS,R59331407,0,6,7,5,5,7,8,
SAT0004293,POST_MATCH,M023,2026-02-05,2026-02-06,QR_SUR_PLACE,R53905754,1,5,8,5,5,5,6,
SAT0004296,POST_MATCH,M023,2026-02-05,2026-02-06,EMAIL,R55534485,0,4,9,4,6,7,7,Sonorisation trop forte
SAT0004299,POST_MATCH,M023,2026-02-05,2026-02-06,EMAIL,R52615925,1,6,5,4,5,5,5,
SAT0004300,POST_MATCH,M023,2026-02-05,2026-02-06,SMS,R52704475,1,6,9,3,3,5,8,
SAT0004301,POST_MATCH,M023,2026-02-05,2026-02-06,SMS,R51844905,0,4,7,5,5,5,6,Sonorisation trop forte
SAT0004303,POST_MATCH,M023,2026-02-05,2026-02-06,EMAIL,R57404011,1,4,7,2,2,4,6,
SAT0004060,POST_MATCH,M023,2026-02-05,2026-02-07,SMS,R52008385,1,6,7,6,4,4,7,Rien a signaler
SAT0004062,POST_MATCH,M023,2026-02-05,2026-02-07,EMAIL,R53663485,1,7,7,3,5,4,7,
SAT0004063,POST_MATCH,M023,2026-02-05,2026-02-07,EMAIL,R54074808,1,3,6,4,5,6,5,
SAT0004064,POST_MATCH,M023,2026-02-05,2026-02-07,EMAIL,R56772621,1,7,7,4,5,3,6,
SAT0004066,POST_MATCH,M023,2026-02-05,2026-02-07,EMAIL,R58504959,1,8,9,5,3,5,8,
SAT0004072,POST_MATCH,M023,2026-02-05,2026-02-07,EMAIL,R54263679,1,8,6,1,3,4,7,
SAT0004073,POST_MATCH,M023,2026-02-05,2026-02-07,EMAIL,R58226724,1,4,6,3,4,4,4,
SAT0004074,POST_MATCH,M023,2026-02-05,2026-02-07,EMAIL,R58577973,1,6,7,2,5,5,6,Correct dans l'ensemble
SAT0004078,POST_MATCH,M023,2026-02-05,2026-02-07,EMAIL,R53289076,1,4,6,3,3,5,6,
SAT0004083,POST_MATCH,M023,2026-02-05,2026-02-07,EMAIL,R58034309,1,8,6,4,6,5,5,
SAT0004084,POST_MATCH,M023,2026-02-05,2026-02-07,EMAIL,R58598882,1,6,8,4,2,4,6,
SAT0004085,POST_MATCH,M023,2026-02-05,2026-02-07,QR_SUR_PLACE,R58663860,1,7,7,5,4,4,6,
SAT0004086,POST_MATCH,M023,2026-02-05,2026-02-07,SMS,R58693284,1,6,6,5,2,6,7,
SAT0004087,POST_MATCH,M023,2026-02-05,2026-02-07,SMS,R59934609,1,6,8,4,5,4,5,
SAT0004092,POST_MATCH,M023,2026-02-05,2026-02-07,QR_SUR_PLACE,R56720717,1,7,10,5,4,5,8,
SAT0004098,POST_MATCH,M023,2026-02-05,2026-02-07,SMS,R51973712,1,7,8,4,4,4,7,
SAT0004102,POST_MATCH,M023,2026-02-05,2026-02-07,EMAIL,R58057124,1,5,7,5,5,4,6,
SAT0004109,POST_MATCH,M023,2026-02-05,2026-02-07,EMAIL,R58632798,1,7,8,3,4,5,8,
SAT0004116,POST_MATCH,M023,2026-02-05,2026-02-07,EMAIL,R55147960,1,7,8,2,6,6,7,
SAT0004119,POST_MATCH,M023,2026-02-05,2026-02-07,EMAIL,R58707651,1,8,7,4,5,6,6,Match intense du debut a la fin
SAT0004121,POST_MATCH,M023,2026-02-05,2026-02-07,QR_SUR_PLACE,R53255696,1,7,8,3,4,4,6,Correct dans l'ensemble
SAT0004128,POST_MATCH,M023,2026-02-05,2026-02-07,EMAIL,R59847285,1,7,6,3,4,5,5,
SAT0004140,POST_MATCH,M023,2026-02-05,2026-02-07,SMS,R51240286,1,7,9,3,4,5,8,
SAT0004142,POST_MATCH,M023,2026-02-05,2026-02-07,EMAIL,R55550902,1,6,6,5,6,5,6,
SAT0004157,POST_MATCH,M023,2026-02-05,2026-02-07,EMAIL,R53165853,1,9,7,4,4,5,7,
SAT0004163,POST_MATCH,M023,2026-02-05,2026-02-07,EMAIL,R53523299,1,5,7,2,4,5,6,
SAT0004172,POST_MATCH,M023,2026-02-05,2026-02-07,SMS,R57188158,0,5,10,3,4,4,6,Peu de choix a la restauration
SAT0004182,POST_MATCH,M023,2026-02-05,2026-02-07,EMAIL,R59770258,1,7,6,4,4,5,5,
SAT0004185,POST_MATCH,M023,2026-02-05,2026-02-07,EMAIL,R58209349,1,6,7,2,6,4,7,
SAT0004186,POST_MATCH,M023,2026-02-05,2026-02-07,EMAIL,R56779977,1,6,7,5,4,5,6,
SAT0004193,POST_MATCH,M023,2026-02-05,2026-02-07,EMAIL,R54399209,1,7,7,5,3,3,5,
SAT0004194,POST_MATCH,M023,2026-02-05,2026-02-07,EMAIL,R53751814,1,7,8,4,6,6,7,
SAT0004206,POST_MATCH,M023,2026-02-05,2026-02-07,QR_SUR_PLACE,R59159298,0,7,6,3,6,6,6,
SAT0004214,POST_MATCH,M023,2026-02-05,2026-02-07,EMAIL,R54308351,0,7,8,3,3,3,5,Rien a signaler
SAT0004215,POST_MATCH,M023,2026-02-05,2026-02-07,SMS,R57374510,1,8,9,4,6,7,7,
SAT0004217,POST_MATCH,M023,2026-02-05,2026-02-07,EMAIL,R57920147,1,7,7,6,3,3,6,
SAT0004218,POST_MATCH,M023,2026-02-05,2026-02-07,EMAIL,R52252416,1,5,6,1,4,5,5,Prix des places trop eleve pour ce niveau de match
SAT0004221,POST_MATCH,M023,2026-02-05,2026-02-07,EMAIL,R51607071,1,7,7,4,4,7,7,
SAT0004226,POST_MATCH,M023,2026-02-05,2026-02-07,EMAIL,R53525962,0,8,7,5,5,6,9,Rien a signaler
SAT0004231,POST_MATCH,M023,2026-02-05,2026-02-07,EMAIL,R57408024,0,8,6,1,5,6,8,
SAT0004233,POST_MATCH,M023,2026-02-05,2026-02-07,SMS,R59781972,1,4,7,4,5,4,5,Difficile de trouver sa place
SAT0004235,POST_MATCH,M023,2026-02-05,2026-02-07,SMS,R55586868,1,6,6,3,5,6,6,
SAT0004243,POST_MATCH,M023,2026-02-05,2026-02-07,EMAIL,R55317081,1,6,5,4,4,3,5,
SAT0004247,POST_MATCH,M023,2026-02-05,2026-02-07,EMAIL,R56498801,0,6,9,1,6,5,7,
SAT0004257,POST_MATCH,M023,2026-02-05,2026-02-07,EMAIL,R53151553,1,8,6,4,3,4,6,Sans plus
SAT0004262,POST_MATCH,M023,2026-02-05,2026-02-07,EMAIL,R53821562,1,7,5,4,5,5,6,
SAT0004267,POST_MATCH,M023,2026-02-05,2026-02-07,EMAIL,R51889185,1,7,5,3,6,5,5,
SAT0004281,POST_MATCH,M023,2026-02-05,2026-02-07,QR_SUR_PLACE,R54423605,0,6,8,4,7,4,7,
SAT0004285,POST_MATCH,M023,2026-02-05,2026-02-07,EMAIL,R54144201,1,7,8,1,5,4,8,
SAT0004286,POST_MATCH,M023,2026-02-05,2026-02-07,SMS,R56704779,1,7,6,2,4,5,7,
SAT0004290,POST_MATCH,M023,2026-02-05,2026-02-07,EMAIL,R54032089,1,7,10,3,6,4,8,
SAT0004291,POST_MATCH,M023,2026-02-05,2026-02-07,EMAIL,R59136751,1,3,8,4,3,5,5,
SAT0004298,POST_MATCH,M023,2026-02-05,2026-02-07,EMAIL,R52404373,1,7,9,3,3,6,8,
SAT0004302,POST_MATCH,M023,2026-02-05,2026-02-07,EMAIL,R56467615,1,7,8,3,4,6,6,Sans plus
SAT0004304,POST_MATCH,M023,2026-02-05,2026-02-07,EMAIL,R51342801,0,7,10,3,4,4,6,
SAT0004305,POST_MATCH,M023,2026-02-05,2026-02-07,SMS,R59028997,0,6,7,4,4,6,7,Sans plus
SAT0004306,POST_MATCH,M023,2026-02-05,2026-02-07,SMS,R55873819,1,8,5,4,5,5,5,Tres bonne organisation
SAT0003942,POST_MATCH,M022,2026-02-01,2026-02-08,EMAIL,R58391822,1,4,6,5,7,6,6,
SAT0003961,POST_MATCH,M022,2026-02-01,2026-02-08,EMAIL,R56786509,1,7,6,3,6,4,7,
SAT0004048,POST_MATCH,M022,2026-02-01,2026-02-08,QR_SUR_PLACE,R59928680,0,7,6,6,8,5,6,
SAT0004071,POST_MATCH,M023,2026-02-05,2026-02-08,EMAIL,R53900170,1,7,8,6,3,5,6,
SAT0004075,POST_MATCH,M023,2026-02-05,2026-02-08,QR_SUR_PLACE,R59992777,1,5,9,4,4,4,6,
SAT0004088,POST_MATCH,M023,2026-02-05,2026-02-08,EMAIL,R52024524,1,7,6,4,5,7,7,
SAT0004097,POST_MATCH,M023,2026-02-05,2026-02-08,SMS,R51790425,1,6,8,3,4,6,5,
SAT0004101,POST_MATCH,M023,2026-02-05,2026-02-08,SMS,R56901006,1,8,8,5,4,6,8,
SAT0004107,POST_MATCH,M023,2026-02-05,2026-02-08,EMAIL,R56997314,1,8,5,2,3,5,6,
SAT0004115,POST_MATCH,M023,2026-02-05,2026-02-08,EMAIL,R53839205,1,8,7,4,5,7,9,
SAT0004130,POST_MATCH,M023,2026-02-05,2026-02-08,EMAIL,R54321157,1,6,5,4,5,3,6,
SAT0004131,POST_MATCH,M023,2026-02-05,2026-02-08,EMAIL,R54458469,1,5,7,4,4,5,4,
SAT0004143,POST_MATCH,M023,2026-02-05,2026-02-08,QR_SUR_PLACE,R56041915,1,5,8,4,4,5,6,
SAT0004145,POST_MATCH,M023,2026-02-05,2026-02-08,EMAIL,R57392967,1,8,5,4,5,7,7,
SAT0004152,POST_MATCH,M023,2026-02-05,2026-02-08,EMAIL,R55074668,1,6,8,3,5,7,7,
SAT0004184,POST_MATCH,M023,2026-02-05,2026-02-08,SMS,R59252876,0,5,9,3,3,3,6,
SAT0004187,POST_MATCH,M023,2026-02-05,2026-02-08,EMAIL,R51396132,1,7,7,3,4,4,5,Correct dans l'ensemble
SAT0004192,POST_MATCH,M023,2026-02-05,2026-02-08,EMAIL,R59415187,0,7,7,5,5,4,7,Sans plus
SAT0004195,POST_MATCH,M023,2026-02-05,2026-02-08,EMAIL,R56825942,1,5,6,3,6,6,7,
SAT0004205,POST_MATCH,M023,2026-02-05,2026-02-08,EMAIL,R53723003,1,5,6,4,4,5,5,Peu de choix a la restauration
SAT0004209,POST_MATCH,M023,2026-02-05,2026-02-08,QR_SUR_PLACE,R51104478,1,4,7,4,2,6,7,Prix des places trop eleve pour ce niveau de match
SAT0004211,POST_MATCH,M023,2026-02-05,2026-02-08,EMAIL,R59618435,1,8,6,3,4,5,8,Match intense du debut a la fin
SAT0004224,POST_MATCH,M023,2026-02-05,2026-02-08,EMAIL,R51442854,1,4,8,2,5,6,7,
SAT0004228,POST_MATCH,M023,2026-02-05,2026-02-08,EMAIL,R56298772,1,7,6,5,4,5,7,
SAT0004229,POST_MATCH,M023,2026-02-05,2026-02-08,EMAIL,R57708940,1,6,6,4,5,4,5,
SAT0004230,POST_MATCH,M023,2026-02-05,2026-02-08,SMS,R54357669,0,8,6,4,3,4,5,Correct dans l'ensemble
SAT0004237,POST_MATCH,M023,2026-02-05,2026-02-08,EMAIL,R51159380,1,6,5,2,6,6,8,Rien a signaler
SAT0004239,POST_MATCH,M023,2026-02-05,2026-02-08,EMAIL,R58941539,0,6,8,2,5,6,7,
SAT0004246,POST_MATCH,M023,2026-02-05,2026-02-08,SMS,R55142711,1,6,8,5,6,5,6,
SAT0004248,POST_MATCH,M023,2026-02-05,2026-02-08,SMS,R53389330,1,6,8,4,4,3,5,
SAT0004250,POST_MATCH,M023,2026-02-05,2026-02-08,EMAIL,R57917839,0,7,8,4,3,6,9,
SAT0004256,POST_MATCH,M023,2026-02-05,2026-02-08,EMAIL,R58175222,0,7,6,4,3,4,6,
SAT0004265,POST_MATCH,M023,2026-02-05,2026-02-08,QR_SUR_PLACE,R55997578,1,5,8,6,4,6,9,Sans plus
SAT0004270,POST_MATCH,M023,2026-02-05,2026-02-08,EMAIL,R55476116,1,8,7,3,4,5,7,
SAT0004277,POST_MATCH,M023,2026-02-05,2026-02-08,EMAIL,R57194154,1,6,6,3,3,3,5,
SAT0004279,POST_MATCH,M023,2026-02-05,2026-02-08,QR_SUR_PLACE,R56937709,1,8,7,3,3,5,7,Match intense du debut a la fin
SAT0004289,POST_MATCH,M023,2026-02-05,2026-02-08,EMAIL,R57943652,1,6,5,4,3,6,5,
SAT0004307,POST_MATCH,M024,2026-02-07,2026-02-08,EMAIL,R54843510,1,10,10,6,6,8,9,
SAT0004308,POST_MATCH,M024,2026-02-07,2026-02-08,SMS,R54956302,1,8,8,8,7,8,8,
SAT0004311,POST_MATCH,M024,2026-02-07,2026-02-08,SMS,R55548460,1,8,9,7,7,9,9,Match intense du debut a la fin
SAT0004313,POST_MATCH,M024,2026-02-07,2026-02-08,EMAIL,R55753202,1,7,8,7,7,8,10,
SAT0004314,POST_MATCH,M024,2026-02-07,2026-02-08,SMS,R56716838,1,10,9,5,6,10,10,"Premiere fois ici, tres agreable surprise"
SAT0004321,POST_MATCH,M024,2026-02-07,2026-02-08,SMS,R59670885,1,10,10,5,6,6,9,Rien a signaler
SAT0004324,POST_MATCH,M024,2026-02-07,2026-02-08,EMAIL,R51117150,1,8,8,7,8,9,9,
SAT0004327,POST_MATCH,M024,2026-02-07,2026-02-08,EMAIL,R53900170,1,10,8,5,7,8,9,L'ambiance dans les tribunes vaut le deplacement
SAT0004328,POST_MATCH,M024,2026-02-07,2026-02-08,EMAIL,R53993346,1,10,8,7,6,7,9,
SAT0004340,POST_MATCH,M024,2026-02-07,2026-02-08,QR_SUR_PLACE,R59154806,1,7,10,6,6,9,10,
SAT0004342,POST_MATCH,M024,2026-02-07,2026-02-08,EMAIL,R51147867,1,9,9,8,7,8,9,
SAT0004343,POST_MATCH,M024,2026-02-07,2026-02-08,EMAIL,R53282946,1,10,7,6,8,8,7,
SAT0004345,POST_MATCH,M024,2026-02-07,2026-02-08,QR_SUR_PLACE,R55048999,1,9,8,7,6,6,10,
SAT0004346,POST_MATCH,M024,2026-02-07,2026-02-08,EMAIL,R55399635,1,8,8,7,6,7,9,
SAT0004348,POST_MATCH,M024,2026-02-07,2026-02-08,EMAIL,R57000791,1,9,8,6,6,9,10,Match intense du debut a la fin
SAT0004349,POST_MATCH,M024,2026-02-07,2026-02-08,EMAIL,R57244765,1,7,10,4,6,10,10,
SAT0004352,POST_MATCH,M024,2026-02-07,2026-02-08,QR_SUR_PLACE,R58652826,1,7,8,7,7,10,8,Sans plus
SAT0004357,POST_MATCH,M024,2026-02-07,2026-02-08,QR_SUR_PLACE,R52865560,1,8,7,7,6,9,7,
SAT0004358,POST_MATCH,M024,2026-02-07,2026-02-08,EMAIL,R53086853,1,9,8,6,5,7,8,Bon rapport qualite prix
SAT0004363,POST_MATCH,M024,2026-02-07,2026-02-08,QR_SUR_PLACE,R55221932,1,8,7,8,6,7,8,
SAT0004364,POST_MATCH,M024,2026-02-07,2026-02-08,EMAIL,R57027830,1,8,8,6,7,7,8,
SAT0004366,POST_MATCH,M024,2026-02-07,2026-02-08,EMAIL,R57665350,1,6,10,6,7,6,7,
SAT0004370,POST_MATCH,M024,2026-02-07,2026-02-08,QR_SUR_PLACE,R51937545,1,7,8,7,7,7,8,
SAT0004371,POST_MATCH,M024,2026-02-07,2026-02-08,QR_SUR_PLACE,R51973712,1,10,8,8,6,8,6,Bon rapport qualite prix
SAT0004373,POST_MATCH,M024,2026-02-07,2026-02-08,EMAIL,R54210549,1,6,6,7,9,8,7,
SAT0004374,POST_MATCH,M024,2026-02-07,2026-02-08,EMAIL,R54840713,1,10,10,6,6,9,10,
SAT0004377,POST_MATCH,M024,2026-02-07,2026-02-08,EMAIL,R58864445,1,5,10,6,5,8,9,
SAT0004379,POST_MATCH,M024,2026-02-07,2026-02-08,EMAIL,R59886929,1,9,9,5,6,6,7,
SAT0004380,POST_MATCH,M024,2026-02-07,2026-02-08,SMS,R51043245,1,8,10,8,6,8,9,
SAT0004382,POST_MATCH,M024,2026-02-07,2026-02-08,SMS,R53134188,1,7,10,6,5,8,10,
SAT0004387,POST_MATCH,M024,2026-02-07,2026-02-08,EMAIL,R58311586,1,8,7,10,7,9,7,"Premiere fois ici, tres agreable surprise"
SAT0004391,POST_MATCH,M024,2026-02-07,2026-02-08,EMAIL,R51959747,1,7,7,7,6,9,8,Rien a signaler
SAT0004392,POST_MATCH,M024,2026-02-07,2026-02-08,EMAIL,R52548840,1,9,7,7,6,8,10,
SAT0004396,POST_MATCH,M024,2026-02-07,2026-02-08,EMAIL,R53839205,1,8,8,8,5,7,7,L'ambiance dans les tribunes vaut le deplacement
SAT0004400,POST_MATCH,M024,2026-02-07,2026-02-08,EMAIL,R58054193,1,6,9,7,5,9,8,
SAT0004403,POST_MATCH,M024,2026-02-07,2026-02-08,SMS,R51714001,1,8,9,7,6,8,9,"Super ambiance, on reviendra"
SAT0004405,POST_MATCH,M024,2026-02-07,2026-02-08,QR_SUR_PLACE,R53335999,1,7,8,5,6,9,9,Rien a signaler
SAT0004408,POST_MATCH,M024,2026-02-07,2026-02-08,EMAIL,R56987640,1,9,8,6,5,8,7,Tres bonne organisation
SAT0004413,POST_MATCH,M024,2026-02-07,2026-02-08,EMAIL,R52029763,1,7,8,7,7,8,7,
SAT0004416,POST_MATCH,M024,2026-02-07,2026-02-08,EMAIL,R54799910,1,9,9,3,5,8,8,"Premiere fois ici, tres agreable surprise"
SAT0004420,POST_MATCH,M024,2026-02-07,2026-02-08,SMS,R57680397,1,7,10,7,5,8,10,
SAT0004421,POST_MATCH,M024,2026-02-07,2026-02-08,EMAIL,R58796057,1,7,10,9,6,8,10,
SAT0004422,POST_MATCH,M024,2026-02-07,2026-02-08,EMAIL,R59209219,1,6,10,6,7,8,8,
SAT0004425,POST_MATCH,M024,2026-02-07,2026-02-08,QR_SUR_PLACE,R51971595,1,7,7,6,5,7,6,
SAT0004426,POST_MATCH,M024,2026-02-07,2026-02-08,EMAIL,R52373110,1,6,7,6,7,8,8,
SAT0004431,POST_MATCH,M024,2026-02-07,2026-02-08,SMS,R57288757,1,9,7,8,7,5,8,Sans plus
SAT0004435,POST_MATCH,M024,2026-02-07,2026-02-08,EMAIL,R53354590,1,9,10,5,6,8,8,"Super ambiance, on reviendra"
SAT0004436,POST_MATCH,M024,2026-02-07,2026-02-08,EMAIL,R54322517,1,7,10,6,5,8,8,
SAT0004437,POST_MATCH,M024,2026-02-07,2026-02-08,SMS,R54358071,1,7,9,6,7,10,10,
SAT0004439,POST_MATCH,M024,2026-02-07,2026-02-08,EMAIL,R57750413,1,10,8,7,7,10,10,Bon rapport qualite prix
SAT0004440,POST_MATCH,M024,2026-02-07,2026-02-08,SMS,R58474366,1,9,8,9,6,7,8,
SAT0004442,POST_MATCH,M024,2026-02-07,2026-02-08,QR_SUR_PLACE,R51348921,1,9,10,7,7,8,9,Bon rapport qualite prix
SAT0004445,POST_MATCH,M024,2026-02-07,2026-02-08,SMS,R52238997,1,7,9,7,6,6,8,
SAT0004452,POST_MATCH,M024,2026-02-07,2026-02-08,SMS,R54840569,1,8,9,7,9,9,9,Bon rapport qualite prix
SAT0004455,POST_MATCH,M024,2026-02-07,2026-02-08,EMAIL,R56011399,1,10,9,6,6,10,10,Rien a signaler
SAT0004456,POST_MATCH,M024,2026-02-07,2026-02-08,EMAIL,R57028979,1,9,10,6,6,9,10,
SAT0004459,POST_MATCH,M024,2026-02-07,2026-02-08,EMAIL,R57554933,1,7,9,7,6,9,9,
SAT0004465,POST_MATCH,M024,2026-02-07,2026-02-08,EMAIL,R58299795,1,9,8,8,7,8,9,
SAT0004467,POST_MATCH,M024,2026-02-07,2026-02-08,EMAIL,R58810424,1,9,9,8,5,8,10,"Premiere fois ici, tres agreable surprise"
SAT0004468,POST_MATCH,M024,2026-02-07,2026-02-08,EMAIL,R59093017,1,7,8,7,6,10,9,
SAT0004469,POST_MATCH,M024,2026-02-07,2026-02-08,EMAIL,R57638100,1,7,8,6,6,9,8,
SAT0004470,POST_MATCH,M024,2026-02-07,2026-02-08,QR_SUR_PLACE,R52407036,1,9,8,6,6,9,10,Match intense du debut a la fin
SAT0004472,POST_MATCH,M024,2026-02-07,2026-02-08,EMAIL,R59968314,1,8,9,6,7,10,10,
SAT0004473,POST_MATCH,M024,2026-02-07,2026-02-08,EMAIL,R59712090,1,7,9,6,8,8,8,
SAT0004474,POST_MATCH,M024,2026-02-07,2026-02-08,QR_SUR_PLACE,R55318987,0,8,10,7,5,10,8,
SAT0004480,POST_MATCH,M024,2026-02-07,2026-02-08,EMAIL,R51939116,1,8,9,7,7,7,10,
SAT0004481,POST_MATCH,M024,2026-02-07,2026-02-08,EMAIL,R57117127,0,8,8,6,8,9,9,
SAT0004483,POST_MATCH,M024,2026-02-07,2026-02-08,EMAIL,R52806568,1,8,10,5,7,8,9,
SAT0004486,POST_MATCH,M024,2026-02-07,2026-02-08,EMAIL,R53360864,1,9,8,6,7,8,10,
SAT0004487,POST_MATCH,M024,2026-02-07,2026-02-08,SMS,R58049701,1,7,7,4,7,7,7,
SAT0004488,POST_MATCH,M024,2026-02-07,2026-02-08,SMS,R56996567,0,8,8,7,7,8,9,
SAT0004490,POST_MATCH,M024,2026-02-07,2026-02-08,EMAIL,R58281415,1,9,7,6,7,9,9,"Premiere fois ici, tres agreable surprise"
SAT0004493,POST_MATCH,M024,2026-02-07,2026-02-08,EMAIL,R54787784,0,9,8,7,8,8,8,
SAT0004499,POST_MATCH,M024,2026-02-07,2026-02-08,EMAIL,R53624454,1,10,7,8,7,9,9,"Super ambiance, on reviendra"
SAT0004501,POST_MATCH,M024,2026-02-07,2026-02-08,EMAIL,R53429999,0,8,6,8,6,8,7,
SAT0004507,POST_MATCH,M024,2026-02-07,2026-02-08,EMAIL,R51972074,0,8,10,7,5,8,10,
SAT0004509,POST_MATCH,M024,2026-02-07,2026-02-08,SMS,R57474563,1,9,9,7,4,9,8,
SAT0004511,POST_MATCH,M024,2026-02-07,2026-02-08,EMAIL,R58343931,1,8,10,6,6,7,9,Rien a signaler
SAT0004513,POST_MATCH,M024,2026-02-07,2026-02-08,QR_SUR_PLACE,R54868432,1,7,9,6,7,10,8,
SAT0004514,POST_MATCH,M024,2026-02-07,2026-02-08,EMAIL,R57652544,1,9,9,7,6,10,10,
SAT0004518,POST_MATCH,M024,2026-02-07,2026-02-08,EMAIL,R56935401,0,7,7,6,5,9,9,
SAT0004521,POST_MATCH,M024,2026-02-07,2026-02-08,EMAIL,R56553358,1,8,8,8,7,10,9,L'ambiance dans les tribunes vaut le deplacement
SAT0004524,POST_MATCH,M024,2026-02-07,2026-02-08,EMAIL,R58496032,1,7,9,6,6,8,9,
SAT0004527,POST_MATCH,M024,2026-02-07,2026-02-08,SMS,R57239851,1,7,7,9,7,9,8,
SAT0004528,POST_MATCH,M024,2026-02-07,2026-02-08,EMAIL,R52215090,1,8,10,7,5,8,9,
SAT0004061,POST_MATCH,M023,2026-02-05,2026-02-09,EMAIL,R52840226,1,4,8,5,3,7,6,Prix des places trop eleve pour ce niveau de match
SAT0004126,POST_MATCH,M023,2026-02-05,2026-02-09,EMAIL,R56635778,1,7,7,4,4,6,7,
SAT0004127,POST_MATCH,M023,2026-02-05,2026-02-09,EMAIL,R58548951,1,6,6,3,5,5,5,
SAT0004132,POST_MATCH,M023,2026-02-05,2026-02-09,QR_SUR_PLACE,R54515478,1,8,6,3,4,8,7,Bon rapport qualite prix
SAT0004133,POST_MATCH,M023,2026-02-05,2026-02-09,QR_SUR_PLACE,R54678536,1,7,9,4,3,5,6,
SAT0004146,POST_MATCH,M023,2026-02-05,2026-02-09,EMAIL,R59854775,1,7,5,4,7,5,7,
SAT0004147,POST_MATCH,M023,2026-02-05,2026-02-09,QR_SUR_PLACE,R52221153,1,7,4,4,5,4,4,
SAT0004149,POST_MATCH,M023,2026-02-05,2026-02-09,EMAIL,R53046864,1,4,7,4,3,7,7,
SAT0004171,POST_MATCH,M023,2026-02-05,2026-02-09,EMAIL,R53789418,1,7,7,4,6,6,8,
SAT0004219,POST_MATCH,M023,2026-02-05,2026-02-09,EMAIL,R55739850,1,6,7,5,4,7,6,
SAT0004220,POST_MATCH,M023,2026-02-05,2026-02-09,QR_SUR_PLACE,R56304413,1,5,6,3,5,3,6,
SAT0004222,POST_MATCH,M023,2026-02-05,2026-02-09,SMS,R53167089,0,8,6,5,4,4,6,
SAT0004223,POST_MATCH,M023,2026-02-05,2026-02-09,SMS,R53818229,1,7,6,4,3,6,7,
SAT0004242,POST_MATCH,M023,2026-02-05,2026-02-09,EMAIL,R52986244,1,8,6,3,2,5,5,"Premiere fois ici, tres agreable surprise"
SAT0004244,POST_MATCH,M023,2026-02-05,2026-02-09,SMS,R55440974,1,7,7,1,3,4,7,
SAT0004252,POST_MATCH,M023,2026-02-05,2026-02-09,EMAIL,R55640534,0,6,7,3,5,5,4,
SAT0004255,POST_MATCH,M023,2026-02-05,2026-02-09,QR_SUR_PLACE,R52857313,1,4,8,2,5,5,5,
SAT0004261,POST_MATCH,M023,2026-02-05,2026-02-09,EMAIL,R53575136,0,7,8,5,4,5,7,Sans plus
SAT0004264,POST_MATCH,M023,2026-02-05,2026-02-09,SMS,R56873555,0,7,8,6,5,3,6,
SAT0004272,POST_MATCH,M023,2026-02-05,2026-02-09,EMAIL,R58147580,1,7,8,3,4,6,7,
SAT0004274,POST_MATCH,M023,2026-02-05,2026-02-09,EMAIL,R59800084,1,8,6,2,5,6,9,Match intense du debut a la fin
SAT0004276,POST_MATCH,M023,2026-02-05,2026-02-09,EMAIL,R53512141,0,7,4,4,4,4,5,
SAT0004282,POST_MATCH,M023,2026-02-05,2026-02-09,EMAIL,R52642897,1,6,6,3,5,5,5,
SAT0004287,POST_MATCH,M023,2026-02-05,2026-02-09,SMS,R54210472,1,5,7,4,4,4,6,
SAT0004309,POST_MATCH,M024,2026-02-07,2026-02-09,EMAIL,R55096679,1,9,10,10,7,7,9,
SAT0004310,POST_MATCH,M024,2026-02-07,2026-02-09,SMS,R55199050,1,7,10,7,3,9,9,
SAT0004312,POST_MATCH,M024,2026-02-07,2026-02-09,SMS,R55609147,1,9,9,5,7,10,9,
SAT0004315,POST_MATCH,M024,2026-02-07,2026-02-09,EMAIL,R58300217,1,8,10,8,7,9,8,"Premiere fois ici, tres agreable surprise"
SAT0004319,POST_MATCH,M024,2026-02-07,2026-02-09,SMS,R59273048,1,10,9,7,4,8,10,
SAT0004323,POST_MATCH,M024,2026-02-07,2026-02-09,SMS,R59987193,1,9,9,8,6,10,10,
SAT0004326,POST_MATCH,M024,2026-02-07,2026-02-09,EMAIL,R53070781,1,8,7,6,4,9,8,Tres bonne organisation
SAT0004332,POST_MATCH,M024,2026-02-07,2026-02-09,SMS,R56251638,1,8,9,7,7,8,10,"Premiere fois ici, tres agreable surprise"
SAT0004334,POST_MATCH,M024,2026-02-07,2026-02-09,EMAIL,R56545878,1,10,7,5,7,7,8,"Premiere fois ici, tres agreable surprise"
SAT0004335,POST_MATCH,M024,2026-02-07,2026-02-09,EMAIL,R57119033,1,7,8,6,4,10,9,Correct dans l'ensemble
SAT0004336,POST_MATCH,M024,2026-02-07,2026-02-09,EMAIL,R57228147,1,8,8,8,8,8,9,
SAT0004365,POST_MATCH,M024,2026-02-07,2026-02-09,EMAIL,R57461221,1,7,8,6,8,7,9,
SAT0004369,POST_MATCH,M024,2026-02-07,2026-02-09,EMAIL,R59763036,1,9,9,7,7,8,10,
SAT0004372,POST_MATCH,M024,2026-02-07,2026-02-09,SMS,R52465338,1,9,9,7,6,10,9,
SAT0004376,POST_MATCH,M024,2026-02-07,2026-02-09,QR_SUR_PLACE,R57811311,1,8,7,6,7,10,9,
SAT0004378,POST_MATCH,M024,2026-02-07,2026-02-09,EMAIL,R59837276,1,7,7,7,7,8,9,Correct dans l'ensemble
SAT0004384,POST_MATCH,M024,2026-02-07,2026-02-09,EMAIL,R55768862,1,8,7,9,6,9,7,
SAT0004386,POST_MATCH,M024,2026-02-07,2026-02-09,EMAIL,R57680196,1,8,8,8,6,8,8,L'ambiance dans les tribunes vaut le deplacement
SAT0004390,POST_MATCH,M024,2026-02-07,2026-02-09,EMAIL,R51376171,1,9,8,5,6,9,8,
SAT0004393,POST_MATCH,M024,2026-02-07,2026-02-09,EMAIL,R52776876,1,9,10,8,6,9,10,
SAT0004397,POST_MATCH,M024,2026-02-07,2026-02-09,EMAIL,R55756669,1,7,10,5,8,7,9,
SAT0004399,POST_MATCH,M024,2026-02-07,2026-02-09,QR_SUR_PLACE,R57174538,1,9,9,7,9,8,8,
SAT0004412,POST_MATCH,M024,2026-02-07,2026-02-09,EMAIL,R51324813,1,8,9,7,6,8,8,Tres bonne organisation
SAT0004415,POST_MATCH,M024,2026-02-07,2026-02-09,SMS,R54321157,1,10,10,7,7,9,10,"Premiere fois ici, tres agreable surprise"
SAT0004418,POST_MATCH,M024,2026-02-07,2026-02-09,EMAIL,R55701633,1,9,9,6,7,9,10,Bon rapport qualite prix
SAT0004423,POST_MATCH,M024,2026-02-07,2026-02-09,EMAIL,R51034931,1,10,9,7,5,8,10,
SAT0004429,POST_MATCH,M024,2026-02-07,2026-02-09,QR_SUR_PLACE,R55099121,1,9,7,7,5,8,9,
SAT0004434,POST_MATCH,M024,2026-02-07,2026-02-09,QR_SUR_PLACE,R53317197,1,9,9,8,5,8,8,
SAT0004441,POST_MATCH,M024,2026-02-07,2026-02-09,EMAIL,R51145405,1,9,7,6,8,10,8,
SAT0004443,POST_MATCH,M024,2026-02-07,2026-02-09,EMAIL,R51656647,1,7,9,7,7,8,7,
SAT0004444,POST_MATCH,M024,2026-02-07,2026-02-09,QR_SUR_PLACE,R51681780,1,10,8,7,5,8,9,Bon rapport qualite prix
SAT0004449,POST_MATCH,M024,2026-02-07,2026-02-09,QR_SUR_PLACE,R53349753,1,9,9,6,7,7,10,"Super ambiance, on reviendra"
SAT0004457,POST_MATCH,M024,2026-02-07,2026-02-09,SMS,R57312185,1,7,10,4,5,9,10,Correct dans l'ensemble
SAT0004458,POST_MATCH,M024,2026-02-07,2026-02-09,EMAIL,R57509571,1,7,8,7,5,9,7,
SAT0004460,POST_MATCH,M024,2026-02-07,2026-02-09,EMAIL,R58734345,1,9,8,8,5,8,9,Bon rapport qualite prix
SAT0004462,POST_MATCH,M024,2026-02-07,2026-02-09,EMAIL,R54754816,1,8,9,6,7,8,7,
SAT0004471,POST_MATCH,M024,2026-02-07,2026-02-09,EMAIL,R54558867,0,9,7,8,7,9,9,
SAT0004477,POST_MATCH,M024,2026-02-07,2026-02-09,SMS,R57526333,0,8,10,6,6,6,8,
SAT0004478,POST_MATCH,M024,2026-02-07,2026-02-09,EMAIL,R53023168,0,9,8,7,6,9,9,"Super ambiance, on reviendra"
SAT0004484,POST_MATCH,M024,2026-02-07,2026-02-09,EMAIL,R57341408,1,8,9,7,8,8,8,Correct dans l'ensemble
SAT0004492,POST_MATCH,M024,2026-02-07,2026-02-09,EMAIL,R57221528,0,10,10,7,5,7,9,Match intense du debut a la fin
SAT0004502,POST_MATCH,M024,2026-02-07,2026-02-09,EMAIL,R54503419,0,9,9,10,6,8,9,
SAT0004504,POST_MATCH,M024,2026-02-07,2026-02-09,SMS,R58147714,0,8,10,5,7,10,8,
SAT0004506,POST_MATCH,M024,2026-02-07,2026-02-09,SMS,R58610797,1,8,10,7,6,8,10,
SAT0004512,POST_MATCH,M024,2026-02-07,2026-02-09,SMS,R54977278,1,8,10,6,6,8,8,Tres bonne organisation
SAT0004515,POST_MATCH,M024,2026-02-07,2026-02-09,EMAIL,R58232509,0,9,10,9,6,8,9,
SAT0004523,POST_MATCH,M024,2026-02-07,2026-02-09,QR_SUR_PLACE,R51959747,1,9,8,5,7,7,7,
SAT0004525,POST_MATCH,M024,2026-02-07,2026-02-09,SMS,R59337202,1,6,9,6,8,9,10,Sans plus
SAT0004529,POST_MATCH,M024,2026-02-07,2026-02-09,QR_SUR_PLACE,R56025565,1,9,8,7,6,7,9,
SAT0004065,POST_MATCH,M023,2026-02-05,2026-02-10,QR_SUR_PLACE,R56776912,1,7,7,5,6,7,8,
SAT0004070,POST_MATCH,M023,2026-02-05,2026-02-10,QR_SUR_PLACE,R59942444,1,7,5,6,4,6,6,
SAT0004100,POST_MATCH,M023,2026-02-05,2026-02-10,EMAIL,R56463937,1,7,7,3,3,3,7,
SAT0004103,POST_MATCH,M023,2026-02-05,2026-02-10,SMS,R58140492,1,5,5,4,5,7,5,
SAT0004129,POST_MATCH,M023,2026-02-05,2026-02-10,SMS,R52289675,1,8,8,5,4,6,6,
SAT0004134,POST_MATCH,M023,2026-02-05,2026-02-10,SMS,R56470948,1,7,6,2,6,5,7,
SAT0004136,POST_MATCH,M023,2026-02-05,2026-02-10,EMAIL,R57620323,1,8,6,5,4,4,6,L'ambiance dans les tribunes vaut le deplacement
SAT0004138,POST_MATCH,M023,2026-02-05,2026-02-10,EMAIL,R58705946,1,8,7,4,3,6,5,Match intense du debut a la fin
SAT0004148,POST_MATCH,M023,2026-02-05,2026-02-10,QR_SUR_PLACE,R52693163,1,8,7,5,5,4,8,
SAT0004150,POST_MATCH,M023,2026-02-05,2026-02-10,SMS,R53693579,1,9,7,5,2,6,9,Bon rapport qualite prix
SAT0004156,POST_MATCH,M023,2026-02-05,2026-02-10,EMAIL,R52892455,1,7,7,2,5,6,8,
SAT0004173,POST_MATCH,M023,2026-02-05,2026-02-10,EMAIL,R59283593,0,6,8,4,4,6,7,
SAT0004189,POST_MATCH,M023,2026-02-05,2026-02-10,EMAIL,R59914993,1,7,7,4,6,5,7,Sans plus
SAT0004190,POST_MATCH,M023,2026-02-05,2026-02-10,QR_SUR_PLACE,R56807629,1,7,7,4,5,3,7,
SAT0004201,POST_MATCH,M023,2026-02-05,2026-02-10,EMAIL,R53439931,1,6,7,4,5,4,5,
SAT0004263,POST_MATCH,M023,2026-02-05,2026-02-10,SMS,R58199196,0,7,6,4,5,3,6,
SAT0004295,POST_MATCH,M023,2026-02-05,2026-02-10,QR_SUR_PLACE,R54123704,1,6,6,3,5,5,6,
SAT0004297,POST_MATCH,M023,2026-02-05,2026-02-10,EMAIL,R52472282,1,5,5,5,4,6,4,
SAT0004316,POST_MATCH,M024,2026-02-07,2026-02-10,EMAIL,R58336997,1,9,10,7,7,9,9,Bon rapport qualite prix
SAT0004317,POST_MATCH,M024,2026-02-07,2026-02-10,QR_SUR_PLACE,R58504959,1,8,9,5,6,8,9,
SAT0004320,POST_MATCH,M024,2026-02-07,2026-02-10,EMAIL,R59635331,1,9,10,6,7,8,10,Tres bonne organisation
SAT0004329,POST_MATCH,M024,2026-02-07,2026-02-10,EMAIL,R54178472,1,7,10,7,6,8,9,
SAT0004331,POST_MATCH,M024,2026-02-07,2026-02-10,EMAIL,R55495196,1,8,9,8,7,6,7,
SAT0004344,POST_MATCH,M024,2026-02-07,2026-02-10,SMS,R54378990,1,9,9,6,7,8,8,
SAT0004347,POST_MATCH,M024,2026-02-07,2026-02-10,EMAIL,R55540625,1,9,7,9,6,8,8,Rien a signaler
SAT0004350,POST_MATCH,M024,2026-02-07,2026-02-10,EMAIL,R57695933,1,10,7,8,5,7,10,
SAT0004353,POST_MATCH,M024,2026-02-07,2026-02-10,SMS,R58913351,1,9,8,5,8,7,9,"Super ambiance, on reviendra"
SAT0004359,POST_MATCH,M024,2026-02-07,2026-02-10,EMAIL,R53286691,1,7,9,7,7,8,9,
SAT0004375,POST_MATCH,M024,2026-02-07,2026-02-10,SMS,R57659900,1,7,9,8,5,7,10,
SAT0004381,POST_MATCH,M024,2026-02-07,2026-02-10,EMAIL,R51422692,1,8,9,7,6,9,10,
SAT0004383,POST_MATCH,M024,2026-02-07,2026-02-10,QR_SUR_PLACE,R53239624,1,7,10,6,6,9,10,
SAT0004388,POST_MATCH,M024,2026-02-07,2026-02-10,EMAIL,R59440119,1,8,8,6,7,7,10,Bon rapport qualite prix
SAT0004389,POST_MATCH,M024,2026-02-07,2026-02-10,QR_SUR_PLACE,R51332035,1,7,9,7,5,8,8,
SAT0004394,POST_MATCH,M024,2026-02-07,2026-02-10,EMAIL,R53031884,1,9,8,5,8,7,8,Match intense du debut a la fin
SAT0004398,POST_MATCH,M024,2026-02-07,2026-02-10,EMAIL,R55864557,1,9,7,6,7,8,9,"Super ambiance, on reviendra"
SAT0004401,POST_MATCH,M024,2026-02-07,2026-02-10,EMAIL,R59176596,1,8,9,7,6,10,9,
SAT0004407,POST_MATCH,M024,2026-02-07,2026-02-10,EMAIL,R56811709,1,10,9,7,7,9,9,L'ambiance dans les tribunes vaut le deplacement
SAT0004417,POST_MATCH,M024,2026-02-07,2026-02-10,EMAIL,R55682630,1,10,8,8,4,7,8,
SAT0004419,POST_MATCH,M024,2026-02-07,2026-02-10,EMAIL,R56793999,1,8,10,7,6,9,10,L'ambiance dans les tribunes vaut le deplacement
SAT0004424,POST_MATCH,M024,2026-02-07,2026-02-10,SMS,R51382502,1,9,10,7,5,9,10,
SAT0004427,POST_MATCH,M024,2026-02-07,2026-02-10,EMAIL,R54450567,1,10,9,7,6,9,10,
SAT0004428,POST_MATCH,M024,2026-02-07,2026-02-10,EMAIL,R54704349,1,8,5,7,7,8,8,
SAT0004430,POST_MATCH,M024,2026-02-07,2026-02-10,SMS,R57256881,1,8,8,5,6,8,8,
SAT0004432,POST_MATCH,M024,2026-02-07,2026-02-10,EMAIL,R59709494,1,8,10,8,7,6,10,"Super ambiance, on reviendra"
SAT0004447,POST_MATCH,M024,2026-02-07,2026-02-10,EMAIL,R52793149,1,9,8,5,6,9,7,L'ambiance dans les tribunes vaut le deplacement
SAT0004454,POST_MATCH,M024,2026-02-07,2026-02-10,SMS,R55977071,1,10,8,7,5,9,9,
SAT0004463,POST_MATCH,M024,2026-02-07,2026-02-10,EMAIL,R56556423,1,9,7,7,6,9,10,
SAT0004464,POST_MATCH,M024,2026-02-07,2026-02-10,QR_SUR_PLACE,R57258308,1,9,10,7,7,9,10,Tres bonne organisation
SAT0004466,POST_MATCH,M024,2026-02-07,2026-02-10,EMAIL,R58469596,1,6,6,5,8,6,5,
SAT0004475,POST_MATCH,M024,2026-02-07,2026-02-10,EMAIL,R58029261,1,9,9,8,5,8,7,
SAT0004476,POST_MATCH,M024,2026-02-07,2026-02-10,EMAIL,R51534057,0,8,8,6,8,10,9,
SAT0004497,POST_MATCH,M024,2026-02-07,2026-02-10,QR_SUR_PLACE,R54809182,1,8,9,8,6,10,10,
SAT0004517,POST_MATCH,M024,2026-02-07,2026-02-10,EMAIL,R54884638,1,7,9,8,7,9,8,
SAT0004519,POST_MATCH,M024,2026-02-07,2026-02-10,EMAIL,R54579374,1,8,10,7,8,7,9,
SAT0004522,POST_MATCH,M024,2026-02-07,2026-02-10,QR_SUR_PLACE,R53042573,1,6,9,6,5,8,6,
SAT0004526,POST_MATCH,M024,2026-02-07,2026-02-10,SMS,R58935553,0,9,9,6,4,9,8,Bon rapport qualite prix
SAT0004322,POST_MATCH,M024,2026-02-07,2026-02-11,EMAIL,R59719312,1,8,9,7,8,9,10,
SAT0004325,POST_MATCH,M024,2026-02-07,2026-02-11,EMAIL,R52785736,1,8,9,8,5,7,8,Bon rapport qualite prix
SAT0004330,POST_MATCH,M024,2026-02-07,2026-02-11,SMS,R54462291,1,8,10,4,7,9,8,
SAT0004333,POST_MATCH,M024,2026-02-07,2026-02-11,SMS,R56538522,1,8,10,9,7,7,9,"Super ambiance, on reviendra"
SAT0004338,POST_MATCH,M024,2026-02-07,2026-02-11,EMAIL,R57516870,1,8,8,8,7,8,10,
SAT0004341,POST_MATCH,M024,2026-02-07,2026-02-11,EMAIL,R59597392,1,9,8,6,8,10,10,
SAT0004354,POST_MATCH,M024,2026-02-07,2026-02-11,EMAIL,R59075796,1,9,10,6,8,10,10,
SAT0004355,POST_MATCH,M024,2026-02-07,2026-02-11,SMS,R59750096,1,8,9,8,6,9,9,
SAT0004368,POST_MATCH,M024,2026-02-07,2026-02-11,EMAIL,R59578523,1,8,8,8,6,8,7,Correct dans l'ensemble
SAT0004385,POST_MATCH,M024,2026-02-07,2026-02-11,EMAIL,R56997314,1,8,7,8,8,7,6,
SAT0004395,POST_MATCH,M024,2026-02-07,2026-02-11,EMAIL,R53529640,1,8,9,8,7,9,8,Bon rapport qualite prix
SAT0004404,POST_MATCH,M024,2026-02-07,2026-02-11,EMAIL,R53282055,1,9,7,7,6,6,7,
SAT0004406,POST_MATCH,M024,2026-02-07,2026-02-11,SMS,R53636982,1,7,7,8,5,6,6,
SAT0004409,POST_MATCH,M024,2026-02-07,2026-02-11,SMS,R58609025,1,8,9,6,6,9,9,L'ambiance dans les tribunes vaut le deplacement
SAT0004433,POST_MATCH,M024,2026-02-07,2026-02-11,EMAIL,R59960211,1,9,7,7,5,6,8,"Premiere fois ici, tres agreable surprise"
SAT0004479,POST_MATCH,M024,2026-02-07,2026-02-11,QR_SUR_PLACE,R53657345,1,9,7,7,7,7,7,
SAT0004485,POST_MATCH,M024,2026-02-07,2026-02-11,SMS,R58432414,1,6,7,5,6,9,8,
SAT0004491,POST_MATCH,M024,2026-02-07,2026-02-11,EMAIL,R51934815,1,7,9,6,8,7,9,
SAT0004494,POST_MATCH,M024,2026-02-07,2026-02-11,QR_SUR_PLACE,R59112231,1,7,9,7,8,6,8,
SAT0004496,POST_MATCH,M024,2026-02-07,2026-02-11,EMAIL,R57139865,0,7,10,5,6,7,8,Rien a signaler
SAT0004500,POST_MATCH,M024,2026-02-07,2026-02-11,EMAIL,R55610976,1,8,9,6,4,9,8,"Super ambiance, on reviendra"
SAT0004508,POST_MATCH,M024,2026-02-07,2026-02-11,EMAIL,R52202428,0,7,10,5,6,7,7,
SAT0004141,POST_MATCH,M023,2026-02-05,2026-02-12,EMAIL,R54752776,1,5,8,4,1,3,6,
SAT0004167,POST_MATCH,M023,2026-02-05,2026-02-12,EMAIL,R56957938,1,6,8,3,5,5,7,Correct dans l'ensemble
SAT0004169,POST_MATCH,M023,2026-02-05,2026-02-12,EMAIL,R59091791,1,5,7,1,6,7,6,
SAT0004179,POST_MATCH,M023,2026-02-05,2026-02-12,SMS,R52040452,1,6,7,6,3,6,7,
SAT0004180,POST_MATCH,M023,2026-02-05,2026-02-12,EMAIL,R51144658,1,8,6,4,6,6,7,
SAT0004200,POST_MATCH,M023,2026-02-05,2026-02-12,EMAIL,R56886294,1,7,5,5,5,5,5,Correct dans l'ensemble
SAT0004203,POST_MATCH,M023,2026-02-05,2026-02-12,QR_SUR_PLACE,R55388802,1,4,6,1,4,5,6,File d'attente interminable a l'entree
SAT0004212,POST_MATCH,M023,2026-02-05,2026-02-12,SMS,R57873224,1,7,7,5,4,6,7,
SAT0004216,POST_MATCH,M023,2026-02-05,2026-02-12,EMAIL,R57156828,0,8,9,4,6,5,8,Match intense du debut a la fin
SAT0004238,POST_MATCH,M023,2026-02-05,2026-02-12,EMAIL,R53943894,1,7,6,3,5,7,6,
SAT0004241,POST_MATCH,M023,2026-02-05,2026-02-12,SMS,R53933406,1,6,10,3,5,5,6,
SAT0004283,POST_MATCH,M023,2026-02-05,2026-02-12,QR_SUR_PLACE,R52531465,1,7,7,2,4,5,7,
SAT0004284,POST_MATCH,M023,2026-02-05,2026-02-12,SMS,R53209788,1,5,7,7,5,4,5,
SAT0004294,POST_MATCH,M023,2026-02-05,2026-02-12,QR_SUR_PLACE,R59103448,0,8,7,2,5,4,7,
SAT0004318,POST_MATCH,M024,2026-02-07,2026-02-12,EMAIL,R58925477,1,7,8,7,6,8,8,
SAT0004337,POST_MATCH,M024,2026-02-07,2026-02-12,EMAIL,R57290673,1,8,8,6,7,9,8,
SAT0004351,POST_MATCH,M024,2026-02-07,2026-02-12,EMAIL,R58511836,1,7,9,6,6,7,8,Rien a signaler
SAT0004356,POST_MATCH,M024,2026-02-07,2026-02-12,EMAIL,R52024524,1,8,8,7,6,8,8,
SAT0004360,POST_MATCH,M024,2026-02-07,2026-02-12,QR_SUR_PLACE,R53420938,1,7,8,6,7,8,8,
SAT0004361,POST_MATCH,M024,2026-02-07,2026-02-12,EMAIL,R54678814,1,10,7,7,8,7,10,
SAT0004362,POST_MATCH,M024,2026-02-07,2026-02-12,SMS,R54708851,1,9,8,9,7,8,10,L'ambiance dans les tribunes vaut le deplacement
SAT0004367,POST_MATCH,M024,2026-02-07,2026-02-12,EMAIL,R59558907,1,8,7,8,5,8,8,
SAT0004402,POST_MATCH,M024,2026-02-07,2026-02-12,EMAIL,R59657188,1,9,9,8,4,7,9,Match intense du debut a la fin
SAT0004410,POST_MATCH,M024,2026-02-07,2026-02-12,EMAIL,R59665837,1,10,8,6,6,8,8,
SAT0004411,POST_MATCH,M024,2026-02-07,2026-02-12,SMS,R51002375,1,8,6,6,6,8,9,
SAT0004414,POST_MATCH,M024,2026-02-07,2026-02-12,EMAIL,R52872025,1,10,10,6,7,9,10,"Premiere fois ici, tres agreable surprise"
SAT0004450,POST_MATCH,M024,2026-02-07,2026-02-12,SMS,R53655027,1,9,9,6,5,8,10,Match intense du debut a la fin
SAT0004451,POST_MATCH,M024,2026-02-07,2026-02-12,EMAIL,R54361816,1,8,10,8,6,8,9,
SAT0004453,POST_MATCH,M024,2026-02-07,2026-02-12,QR_SUR_PLACE,R55581686,1,9,8,6,6,8,9,Match intense du debut a la fin
SAT0004461,POST_MATCH,M024,2026-02-07,2026-02-12,EMAIL,R58765608,1,8,8,5,7,9,8,
SAT0004495,POST_MATCH,M024,2026-02-07,2026-02-12,QR_SUR_PLACE,R51387540,1,7,9,7,7,9,9,
SAT0004503,POST_MATCH,M024,2026-02-07,2026-02-12,EMAIL,R59822296,0,7,10,6,5,7,8,
SAT0004505,POST_MATCH,M024,2026-02-07,2026-02-12,SMS,R56539135,1,9,8,6,7,9,8,"Premiere fois ici, tres agreable surprise"
SAT0004510,POST_MATCH,M024,2026-02-07,2026-02-12,EMAIL,R59201317,1,9,9,6,7,9,9,
SAT0004339,POST_MATCH,M024,2026-02-07,2026-02-14,QR_SUR_PLACE,R58276990,1,8,9,6,7,6,9,
SAT0004438,POST_MATCH,M024,2026-02-07,2026-02-14,EMAIL,R55440016,1,8,8,7,6,9,9,
SAT0004446,POST_MATCH,M024,2026-02-07,2026-02-14,QR_SUR_PLACE,R52768629,1,8,10,8,5,7,9,L'ambiance dans les tribunes vaut le deplacement
SAT0004448,POST_MATCH,M024,2026-02-07,2026-02-14,EMAIL,R53145011,1,9,9,5,7,10,10,L'ambiance dans les tribunes vaut le deplacement
SAT0004482,POST_MATCH,M024,2026-02-07,2026-02-14,EMAIL,R59431393,1,9,10,7,6,7,9,
SAT0004489,POST_MATCH,M024,2026-02-07,2026-02-14,EMAIL,R56149401,0,9,10,7,8,7,8,
SAT0004498,POST_MATCH,M024,2026-02-07,2026-02-14,EMAIL,R53075541,1,10,9,5,6,6,9,Bon rapport qualite prix
SAT0004516,POST_MATCH,M024,2026-02-07,2026-02-14,EMAIL,R51318760,1,8,9,6,7,7,8,
SAT0004520,POST_MATCH,M024,2026-02-07,2026-02-14,SMS,R51110953,1,7,7,3,6,7,5,
SAT0004533,POST_MATCH,M025,2026-03-10,2026-03-11,EMAIL,R56772621,1,7,7,3,4,6,8,
SAT0004534,POST_MATCH,M025,2026-03-10,2026-03-11,EMAIL,R58215010,1,6,8,3,6,6,8,
SAT0004535,POST_MATCH,M025,2026-03-10,2026-03-11,EMAIL,R58644110,1,7,7,3,4,5,5,
SAT0004536,POST_MATCH,M025,2026-03-10,2026-03-11,EMAIL,R59306763,1,5,9,4,5,4,7,Difficile de trouver sa place
SAT0004537,POST_MATCH,M025,2026-03-10,2026-03-11,EMAIL,R51449396,1,5,7,4,4,6,7,Sonorisation trop forte
SAT0004539,POST_MATCH,M025,2026-03-10,2026-03-11,SMS,R52279398,1,10,6,2,5,6,7,Tres bonne organisation
SAT0004541,POST_MATCH,M025,2026-03-10,2026-03-11,EMAIL,R52745891,1,7,7,2,2,5,8,Sans plus
SAT0004542,POST_MATCH,M025,2026-03-10,2026-03-11,EMAIL,R54178472,1,7,6,1,3,6,7,
SAT0004545,POST_MATCH,M025,2026-03-10,2026-03-11,EMAIL,R57119033,1,8,6,7,5,4,6,Correct dans l'ensemble
SAT0004547,POST_MATCH,M025,2026-03-10,2026-03-11,EMAIL,R59787422,1,6,8,3,3,5,7,
SAT0004548,POST_MATCH,M025,2026-03-10,2026-03-11,EMAIL,R59960901,1,7,9,3,5,6,6,
SAT0004551,POST_MATCH,M025,2026-03-10,2026-03-11,SMS,R52596999,1,6,8,5,6,4,6,Rien a signaler
SAT0004553,POST_MATCH,M025,2026-03-10,2026-03-11,EMAIL,R54841192,1,5,8,4,2,5,7,
SAT0004555,POST_MATCH,M025,2026-03-10,2026-03-11,EMAIL,R55906586,1,5,7,2,3,4,7,
SAT0004557,POST_MATCH,M025,2026-03-10,2026-03-11,EMAIL,R57163849,1,7,6,1,6,7,7,
SAT0004560,POST_MATCH,M025,2026-03-10,2026-03-11,EMAIL,R52979578,1,5,7,4,6,5,5,Rien a signaler
SAT0004561,POST_MATCH,M025,2026-03-10,2026-03-11,EMAIL,R53086853,1,7,6,2,2,7,7,
SAT0004562,POST_MATCH,M025,2026-03-10,2026-03-11,EMAIL,R55722140,1,8,8,3,6,5,8,
SAT0004568,POST_MATCH,M025,2026-03-10,2026-03-11,EMAIL,R52937961,1,8,8,1,2,6,7,Bon rapport qualite prix
SAT0004576,POST_MATCH,M025,2026-03-10,2026-03-11,EMAIL,R52016689,1,7,8,6,6,6,8,
SAT0004577,POST_MATCH,M025,2026-03-10,2026-03-11,EMAIL,R52461114,1,7,7,5,5,5,6,
SAT0004580,POST_MATCH,M025,2026-03-10,2026-03-11,EMAIL,R53970933,1,7,6,3,3,4,7,
SAT0004581,POST_MATCH,M025,2026-03-10,2026-03-11,SMS,R55066364,1,7,6,5,3,5,6,
SAT0004582,POST_MATCH,M025,2026-03-10,2026-03-11,EMAIL,R56536951,1,6,6,4,3,3,6,
SAT0004585,POST_MATCH,M025,2026-03-10,2026-03-11,EMAIL,R53972226,1,7,6,2,7,6,5,
SAT0004586,POST_MATCH,M025,2026-03-10,2026-03-11,EMAIL,R55048654,1,5,9,4,5,5,7,Difficile de trouver sa place
SAT0004588,POST_MATCH,M025,2026-03-10,2026-03-11,EMAIL,R56565829,1,7,8,3,3,4,8,
SAT0004589,POST_MATCH,M025,2026-03-10,2026-03-11,QR_SUR_PLACE,R57314915,1,8,8,4,4,4,8,
SAT0004593,POST_MATCH,M025,2026-03-10,2026-03-11,EMAIL,R51527649,1,6,7,4,5,6,7,
SAT0004594,POST_MATCH,M025,2026-03-10,2026-03-11,EMAIL,R51664961,1,8,6,4,5,5,6,L'ambiance dans les tribunes vaut le deplacement
SAT0004596,POST_MATCH,M025,2026-03-10,2026-03-11,QR_SUR_PLACE,R53039307,1,4,7,6,5,6,6,Trop d'attente aux buvettes
SAT0004597,POST_MATCH,M025,2026-03-10,2026-03-11,EMAIL,R53889538,1,7,9,4,3,5,6,
SAT0004598,POST_MATCH,M025,2026-03-10,2026-03-11,EMAIL,R57696268,1,7,8,4,2,6,5,
SAT0004600,POST_MATCH,M025,2026-03-10,2026-03-11,SMS,R58414091,1,6,6,3,3,5,4,
SAT0004602,POST_MATCH,M025,2026-03-10,2026-03-11,EMAIL,R51167885,1,7,7,3,4,7,9,
SAT0004606,POST_MATCH,M025,2026-03-10,2026-03-11,EMAIL,R53290091,1,6,6,5,4,5,5,
SAT0004612,POST_MATCH,M025,2026-03-10,2026-03-11,EMAIL,R54844113,1,7,5,4,5,3,7,
SAT0004620,POST_MATCH,M025,2026-03-10,2026-03-11,EMAIL,R59854775,1,7,8,4,5,5,7,
SAT0004621,POST_MATCH,M025,2026-03-10,2026-03-11,EMAIL,R51790214,1,7,8,3,5,4,7,
SAT0004629,POST_MATCH,M025,2026-03-10,2026-03-11,EMAIL,R58006034,1,8,8,2,3,4,9,Match intense du debut a la fin
SAT0004633,POST_MATCH,M025,2026-03-10,2026-03-11,EMAIL,R55977071,1,5,7,4,3,7,7,Correct dans l'ensemble
SAT0004635,POST_MATCH,M025,2026-03-10,2026-03-11,SMS,R57371033,1,6,6,4,3,7,6,
SAT0004637,POST_MATCH,M025,2026-03-10,2026-03-11,SMS,R51190834,1,6,7,4,5,7,8,
SAT0004642,POST_MATCH,M025,2026-03-10,2026-03-11,SMS,R57504121,1,8,7,5,5,5,6,
SAT0004645,POST_MATCH,M025,2026-03-10,2026-03-11,EMAIL,R59405044,1,4,6,5,5,3,3,
SAT0004646,POST_MATCH,M025,2026-03-10,2026-03-11,SMS,R58439492,1,6,7,5,3,3,5,
SAT0004651,POST_MATCH,M025,2026-03-10,2026-03-11,EMAIL,R59293746,1,6,8,3,5,6,8,
SAT0004653,POST_MATCH,M025,2026-03-10,2026-03-11,SMS,R56953456,1,6,6,3,3,6,7,Rien a signaler
SAT0004654,POST_MATCH,M025,2026-03-10,2026-03-11,EMAIL,R57629863,0,9,9,3,3,6,9,
SAT0004655,POST_MATCH,M025,2026-03-10,2026-03-11,EMAIL,R54875587,0,6,7,3,5,4,7,
SAT0004657,POST_MATCH,M025,2026-03-10,2026-03-11,SMS,R57850332,1,3,7,3,3,5,6,Sonorisation trop forte
SAT0004658,POST_MATCH,M025,2026-03-10,2026-03-11,EMAIL,R54273075,0,7,6,4,5,4,7,
SAT0004661,POST_MATCH,M025,2026-03-10,2026-03-11,QR_SUR_PLACE,R59458911,0,6,9,3,5,3,7,
SAT0004663,POST_MATCH,M025,2026-03-10,2026-03-11,EMAIL,R59720605,0,5,8,2,4,4,7,
SAT0004664,POST_MATCH,M025,2026-03-10,2026-03-11,EMAIL,R52556129,1,6,3,4,6,4,3,
SAT0004665,POST_MATCH,M025,2026-03-10,2026-03-11,EMAIL,R51255199,1,8,6,2,5,5,7,
SAT0004666,POST_MATCH,M025,2026-03-10,2026-03-11,EMAIL,R52610073,1,7,6,5,4,5,7,
SAT0004667,POST_MATCH,M025,2026-03-10,2026-03-11,EMAIL,R53423591,1,7,7,6,4,6,7,Correct dans l'ensemble
SAT0004668,POST_MATCH,M025,2026-03-10,2026-03-11,EMAIL,R59736811,1,8,8,4,4,6,8,
SAT0004669,POST_MATCH,M025,2026-03-10,2026-03-11,EMAIL,R55805230,1,6,8,3,5,4,7,
SAT0004672,POST_MATCH,M025,2026-03-10,2026-03-11,EMAIL,R51485419,1,6,7,2,2,5,7,
SAT0004674,POST_MATCH,M025,2026-03-10,2026-03-11,EMAIL,R56679981,1,6,7,4,3,5,8,
SAT0004676,POST_MATCH,M025,2026-03-10,2026-03-11,EMAIL,R51326719,1,6,8,4,4,5,7,
SAT0004677,POST_MATCH,M025,2026-03-10,2026-03-11,EMAIL,R57893865,1,6,8,3,3,4,4,
SAT0004678,POST_MATCH,M025,2026-03-10,2026-03-11,EMAIL,R55246241,1,5,8,5,3,5,7,
SAT0004681,POST_MATCH,M025,2026-03-10,2026-03-11,EMAIL,R57477092,0,6,8,2,5,4,6,
SAT0004682,POST_MATCH,M025,2026-03-10,2026-03-11,EMAIL,R59537107,0,7,6,4,2,4,5,
SAT0004686,POST_MATCH,M025,2026-03-10,2026-03-11,EMAIL,R54077461,1,6,7,4,5,4,6,
SAT0004687,POST_MATCH,M025,2026-03-10,2026-03-11,EMAIL,R53667766,1,7,7,4,2,3,4,
SAT0004689,POST_MATCH,M025,2026-03-10,2026-03-11,EMAIL,R57153763,1,6,9,4,5,7,6,Correct dans l'ensemble
SAT0004690,POST_MATCH,M025,2026-03-10,2026-03-11,EMAIL,R53714431,1,7,5,5,4,5,6,
SAT0004692,POST_MATCH,M025,2026-03-10,2026-03-11,EMAIL,R58029884,0,7,6,4,5,5,5,
SAT0004695,POST_MATCH,M025,2026-03-10,2026-03-11,SMS,R56142581,1,7,5,5,3,5,7,
SAT0004698,POST_MATCH,M025,2026-03-10,2026-03-11,SMS,R55939075,0,7,7,4,2,5,7,
SAT0004699,POST_MATCH,M025,2026-03-10,2026-03-11,EMAIL,R53824282,1,8,9,2,4,6,8,
SAT0004702,POST_MATCH,M025,2026-03-10,2026-03-11,EMAIL,R57892016,1,5,8,4,3,5,5,
SAT0004704,POST_MATCH,M025,2026-03-10,2026-03-11,EMAIL,R56770025,1,4,5,3,6,5,3,
SAT0004705,POST_MATCH,M025,2026-03-10,2026-03-11,EMAIL,R54625550,1,8,6,3,4,6,6,
SAT0004706,POST_MATCH,M025,2026-03-10,2026-03-11,EMAIL,R55770634,1,5,6,4,6,7,5,Peu de choix a la restauration
SAT0004714,POST_MATCH,M025,2026-03-10,2026-03-11,EMAIL,R53609052,1,7,6,3,4,5,8,
SAT0004715,POST_MATCH,M025,2026-03-10,2026-03-11,EMAIL,R56038381,1,6,7,3,5,6,9,
SAT0004717,POST_MATCH,M025,2026-03-10,2026-03-11,QR_SUR_PLACE,R56312047,1,7,8,4,4,5,7,Correct dans l'ensemble
SAT0004719,POST_MATCH,M025,2026-03-10,2026-03-11,EMAIL,R54943764,0,7,10,3,2,5,7,
SAT0004720,POST_MATCH,M025,2026-03-10,2026-03-11,EMAIL,R51310178,1,7,9,3,3,2,6,
SAT0004721,POST_MATCH,M025,2026-03-10,2026-03-11,SMS,R58371794,1,6,8,4,5,6,6,Correct dans l'ensemble
SAT0004722,POST_MATCH,M025,2026-03-10,2026-03-11,EMAIL,R51882030,1,6,6,3,6,6,7,
SAT0004725,POST_MATCH,M025,2026-03-10,2026-03-11,EMAIL,R55606350,1,6,8,3,3,7,6,
SAT0004729,POST_MATCH,M025,2026-03-10,2026-03-11,EMAIL,R54920872,1,6,7,3,4,5,7,
SAT0004730,POST_MATCH,M025,2026-03-10,2026-03-11,SMS,R58818269,1,7,9,4,3,4,7,
SAT0004732,POST_MATCH,M025,2026-03-10,2026-03-11,EMAIL,R52953631,1,5,7,4,4,5,7,Prix des places trop eleve pour ce niveau de match
SAT0004733,POST_MATCH,M025,2026-03-10,2026-03-11,EMAIL,R57322539,1,5,6,5,4,6,4,Peu de choix a la restauration
SAT0004734,POST_MATCH,M025,2026-03-10,2026-03-11,EMAIL,R58930505,1,5,5,6,4,5,5,Prix des places trop eleve pour ce niveau de match
SAT0004735,POST_MATCH,M025,2026-03-10,2026-03-11,SMS,R57580133,1,7,4,2,4,6,6,
SAT0004736,POST_MATCH,M025,2026-03-10,2026-03-11,EMAIL,R58568778,1,8,8,4,3,5,9,Rien a signaler
SAT0004740,POST_MATCH,M025,2026-03-10,2026-03-11,EMAIL,R51688121,1,5,7,2,3,5,6,
SAT0004741,POST_MATCH,M025,2026-03-10,2026-03-11,EMAIL,R59341225,1,7,7,3,4,6,7,
SAT0004742,POST_MATCH,M025,2026-03-10,2026-03-11,EMAIL,R52660540,0,7,8,3,4,5,7,
SAT0004743,POST_MATCH,M025,2026-03-10,2026-03-11,EMAIL,R59228701,1,7,6,5,6,5,7,
SAT0004744,POST_MATCH,M025,2026-03-10,2026-03-11,EMAIL,R51383795,1,7,6,4,4,6,6,
SAT0004746,POST_MATCH,M025,2026-03-10,2026-03-11,QR_SUR_PLACE,R51549248,1,6,7,1,3,5,7,
SAT0004747,POST_MATCH,M025,2026-03-10,2026-03-11,QR_SUR_PLACE,R56619428,1,6,6,3,5,5,4,
SAT0004748,POST_MATCH,M025,2026-03-10,2026-03-11,EMAIL,R57179509,1,4,7,4,3,4,6,
SAT0004749,POST_MATCH,M025,2026-03-10,2026-03-11,EMAIL,R52256238,0,6,8,3,3,5,8,
SAT0004751,POST_MATCH,M025,2026-03-10,2026-03-11,EMAIL,R52016488,1,8,6,3,3,5,6,
SAT0004753,POST_MATCH,M025,2026-03-10,2026-03-11,EMAIL,R54208097,1,8,5,4,4,5,8,"Premiere fois ici, tres agreable surprise"
SAT0004755,POST_MATCH,M025,2026-03-10,2026-03-11,SMS,R59171759,1,5,6,3,5,4,5,
SAT0004756,POST_MATCH,M025,2026-03-10,2026-03-11,EMAIL,R57138103,1,6,6,3,5,5,6,
SAT0004760,POST_MATCH,M025,2026-03-10,2026-03-11,SMS,R51197788,1,5,8,4,6,3,6,Prix des places trop eleve pour ce niveau de match
SAT0004764,POST_MATCH,M025,2026-03-10,2026-03-11,EMAIL,R59703297,1,6,7,4,4,6,6,Sans plus
SAT0004766,POST_MATCH,M025,2026-03-10,2026-03-11,SMS,R56270028,1,7,7,3,5,6,7,
SAT0004769,POST_MATCH,M025,2026-03-10,2026-03-11,QR_SUR_PLACE,R55140058,0,5,8,5,6,3,6,Trop d'attente aux buvettes
SAT0004772,POST_MATCH,M025,2026-03-10,2026-03-11,SMS,R55920206,1,7,8,4,2,5,7,
SAT0004773,POST_MATCH,M025,2026-03-10,2026-03-11,EMAIL,R55565681,1,6,6,3,4,5,7,
SAT0004775,POST_MATCH,M025,2026-03-10,2026-03-11,SMS,R53416580,1,6,8,5,2,6,8,
SAT0004776,POST_MATCH,M025,2026-03-10,2026-03-11,EMAIL,R55436281,1,6,8,7,4,6,5,
SAT0004777,POST_MATCH,M025,2026-03-10,2026-03-11,EMAIL,R52405733,1,4,6,4,4,8,6,
SAT0004778,POST_MATCH,M025,2026-03-10,2026-03-11,EMAIL,R57641979,1,5,8,4,4,5,8,
SAT0004781,POST_MATCH,M025,2026-03-10,2026-03-11,EMAIL,R59879573,1,6,6,4,5,5,6,
SAT0004784,POST_MATCH,M025,2026-03-10,2026-03-11,EMAIL,R55741076,1,5,6,2,4,5,5,Difficile de trouver sa place
SAT0004785,POST_MATCH,M025,2026-03-10,2026-03-11,EMAIL,R55003972,0,6,7,4,4,3,4,
SAT0004531,POST_MATCH,M025,2026-03-10,2026-03-12,EMAIL,R53961403,1,5,8,4,8,5,6,Sonorisation trop forte
SAT0004540,POST_MATCH,M025,2026-03-10,2026-03-12,EMAIL,R52500691,1,7,9,3,2,5,7,Rien a signaler
SAT0004544,POST_MATCH,M025,2026-03-10,2026-03-12,EMAIL,R56601661,1,6,9,4,2,6,6,
SAT0004546,POST_MATCH,M025,2026-03-10,2026-03-12,QR_SUR_PLACE,R58357906,1,7,7,5,4,4,5,
SAT0004552,POST_MATCH,M025,2026-03-10,2026-03-12,EMAIL,R54693459,1,4,7,3,3,5,5,
SAT0004556,POST_MATCH,M025,2026-03-10,2026-03-12,EMAIL,R56157303,1,6,6,3,5,7,6,
SAT0004558,POST_MATCH,M025,2026-03-10,2026-03-12,QR_SUR_PLACE,R58693284,1,6,7,4,4,4,6,
SAT0004559,POST_MATCH,M025,2026-03-10,2026-03-12,EMAIL,R59834077,1,7,8,5,3,6,8,
SAT0004565,POST_MATCH,M025,2026-03-10,2026-03-12,QR_SUR_PLACE,R58133682,1,8,7,1,5,7,8,Sans plus
SAT0004566,POST_MATCH,M025,2026-03-10,2026-03-12,SMS,R58361105,1,7,6,3,5,6,7,
SAT0004570,POST_MATCH,M025,2026-03-10,2026-03-12,EMAIL,R57066516,1,7,7,4,6,4,7,
SAT0004571,POST_MATCH,M025,2026-03-10,2026-03-12,EMAIL,R58140492,1,5,7,3,1,6,7,
SAT0004572,POST_MATCH,M025,2026-03-10,2026-03-12,SMS,R58226925,1,6,6,5,4,6,6,
SAT0004574,POST_MATCH,M025,2026-03-10,2026-03-12,EMAIL,R51523224,1,6,8,4,4,4,6,Rien a signaler
SAT0004584,POST_MATCH,M025,2026-03-10,2026-03-12,EMAIL,R53529640,1,6,5,3,3,7,6,
SAT0004587,POST_MATCH,M025,2026-03-10,2026-03-12,EMAIL,R56541309,1,6,6,6,6,4,5,
SAT0004590,POST_MATCH,M025,2026-03-10,2026-03-12,EMAIL,R57385410,1,8,8,5,5,6,8,
SAT0004592,POST_MATCH,M025,2026-03-10,2026-03-12,EMAIL,R51494547,1,6,7,4,4,5,6,
SAT0004599,POST_MATCH,M025,2026-03-10,2026-03-12,EMAIL,R58220996,1,6,6,3,6,5,5,
SAT0004601,POST_MATCH,M025,2026-03-10,2026-03-12,EMAIL,R59492358,1,6,8,4,5,5,7,
SAT0004608,POST_MATCH,M025,2026-03-10,2026-03-12,EMAIL,R56439072,1,8,7,2,5,6,5,
SAT0004609,POST_MATCH,M025,2026-03-10,2026-03-12,EMAIL,R59117882,1,7,9,4,5,3,8,
SAT0004613,POST_MATCH,M025,2026-03-10,2026-03-12,EMAIL,R54958131,1,6,7,3,4,4,7,
SAT0004614,POST_MATCH,M025,2026-03-10,2026-03-12,EMAIL,R56386421,1,5,7,2,6,4,5,
SAT0004617,POST_MATCH,M025,2026-03-10,2026-03-12,EMAIL,R57041105,1,8,9,3,4,6,9,
SAT0004618,POST_MATCH,M025,2026-03-10,2026-03-12,EMAIL,R57278336,1,5,7,3,4,5,5,
SAT0004619,POST_MATCH,M025,2026-03-10,2026-03-12,EMAIL,R58029261,1,7,6,4,3,5,6,
SAT0004622,POST_MATCH,M025,2026-03-10,2026-03-12,QR_SUR_PLACE,R52149432,1,8,9,3,5,6,7,Tres bonne organisation
SAT0004626,POST_MATCH,M025,2026-03-10,2026-03-12,EMAIL,R56138223,1,4,8,5,4,6,6,Prix des places trop eleve pour ce niveau de match
SAT0004627,POST_MATCH,M025,2026-03-10,2026-03-12,EMAIL,R57264917,1,5,8,3,3,7,7,Prix des places trop eleve pour ce niveau de match
SAT0004631,POST_MATCH,M025,2026-03-10,2026-03-12,EMAIL,R53870190,1,5,8,4,6,5,7,Trop d'attente aux buvettes
SAT0004634,POST_MATCH,M025,2026-03-10,2026-03-12,SMS,R56628690,1,6,9,3,4,4,5,
SAT0004638,POST_MATCH,M025,2026-03-10,2026-03-12,SMS,R53957303,1,8,9,3,3,4,7,Correct dans l'ensemble
SAT0004639,POST_MATCH,M025,2026-03-10,2026-03-12,EMAIL,R54081742,1,7,9,4,3,5,5,
SAT0004640,POST_MATCH,M025,2026-03-10,2026-03-12,EMAIL,R57057857,1,8,7,4,4,5,10,Match intense du debut a la fin
SAT0004641,POST_MATCH,M025,2026-03-10,2026-03-12,EMAIL,R57328803,1,8,7,5,5,6,8,
SAT0004644,POST_MATCH,M025,2026-03-10,2026-03-12,SMS,R59326570,1,6,7,4,6,5,8,
SAT0004648,POST_MATCH,M025,2026-03-10,2026-03-12,SMS,R52451574,1,8,9,4,6,7,9,Tres bonne organisation
SAT0004652,POST_MATCH,M025,2026-03-10,2026-03-12,EMAIL,R54373406,0,7,7,3,2,4,6,
SAT0004656,POST_MATCH,M025,2026-03-10,2026-03-12,EMAIL,R52447896,1,5,7,4,6,5,8,Peu de choix a la restauration
SAT0004659,POST_MATCH,M025,2026-03-10,2026-03-12,EMAIL,R57761045,1,8,8,5,5,6,7,Tres bonne organisation
SAT0004662,POST_MATCH,M025,2026-03-10,2026-03-12,EMAIL,R59149691,0,6,6,4,4,4,6,
SAT0004679,POST_MATCH,M025,2026-03-10,2026-03-12,EMAIL,R59474926,0,6,8,4,3,5,7,
SAT0004685,POST_MATCH,M025,2026-03-10,2026-03-12,EMAIL,R58408296,1,6,8,3,5,5,6,
SAT0004688,POST_MATCH,M025,2026-03-10,2026-03-12,EMAIL,R55532043,1,8,8,5,3,7,7,Match intense du debut a la fin
SAT0004693,POST_MATCH,M025,2026-03-10,2026-03-12,EMAIL,R52916908,1,6,8,6,5,5,7,
SAT0004694,POST_MATCH,M025,2026-03-10,2026-03-12,QR_SUR_PLACE,R55031356,0,6,5,4,4,5,4,
SAT0004697,POST_MATCH,M025,2026-03-10,2026-03-12,EMAIL,R56711522,1,4,6,5,5,6,7,File d'attente interminable a l'entree
SAT0004707,POST_MATCH,M025,2026-03-10,2026-03-12,QR_SUR_PLACE,R58385280,1,6,8,3,4,4,7,
SAT0004709,POST_MATCH,M025,2026-03-10,2026-03-12,SMS,R54854065,1,8,9,3,4,5,6,Sans plus
SAT0004711,POST_MATCH,M025,2026-03-10,2026-03-12,EMAIL,R58922881,1,7,6,4,5,7,8,Correct dans l'ensemble
SAT0004716,POST_MATCH,M025,2026-03-10,2026-03-12,SMS,R57472389,0,7,7,5,4,2,6,
SAT0004718,POST_MATCH,M025,2026-03-10,2026-03-12,SMS,R59550737,0,7,7,3,5,5,5,
SAT0004726,POST_MATCH,M025,2026-03-10,2026-03-12,EMAIL,R53710877,1,6,6,3,5,8,5,
SAT0004727,POST_MATCH,M025,2026-03-10,2026-03-12,EMAIL,R59860838,1,6,8,2,3,6,8,
SAT0004738,POST_MATCH,M025,2026-03-10,2026-03-12,QR_SUR_PLACE,R59028461,1,4,8,5,4,6,8,Peu de choix a la restauration
SAT0004739,POST_MATCH,M025,2026-03-10,2026-03-12,EMAIL,R56108464,0,7,10,3,3,6,7,
SAT0004745,POST_MATCH,M025,2026-03-10,2026-03-12,EMAIL,R52031602,1,5,6,4,5,4,6,
SAT0004758,POST_MATCH,M025,2026-03-10,2026-03-12,EMAIL,R54026572,1,10,7,3,4,4,7,Tres bonne organisation
SAT0004762,POST_MATCH,M025,2026-03-10,2026-03-12,EMAIL,R57194355,1,7,7,4,6,7,7,
SAT0004768,POST_MATCH,M025,2026-03-10,2026-03-12,EMAIL,R55904680,1,7,6,4,3,4,5,
SAT0004782,POST_MATCH,M025,2026-03-10,2026-03-12,EMAIL,R55978364,1,6,6,2,3,7,6,Rien a signaler
SAT0004530,POST_MATCH,M025,2026-03-10,2026-03-13,SMS,R53780568,1,8,7,4,2,3,6,Bon rapport qualite prix
SAT0004538,POST_MATCH,M025,2026-03-10,2026-03-13,EMAIL,R51994966,1,5,8,3,4,5,7,File d'attente interminable a l'entree
SAT0004549,POST_MATCH,M025,2026-03-10,2026-03-13,EMAIL,R51366708,1,7,7,4,3,6,6,
SAT0004550,POST_MATCH,M025,2026-03-10,2026-03-13,EMAIL,R51372838,1,6,8,5,5,7,6,
SAT0004554,POST_MATCH,M025,2026-03-10,2026-03-13,EMAIL,R55532043,1,7,10,3,4,6,8,
SAT0004563,POST_MATCH,M025,2026-03-10,2026-03-13,SMS,R57919132,1,7,8,6,3,5,7,
SAT0004564,POST_MATCH,M025,2026-03-10,2026-03-13,SMS,R58042958,1,4,7,3,5,7,7,
SAT0004567,POST_MATCH,M025,2026-03-10,2026-03-13,EMAIL,R51760388,1,7,7,4,5,6,5,
SAT0004569,POST_MATCH,M025,2026-03-10,2026-03-13,EMAIL,R55903655,1,7,8,3,4,4,7,
SAT0004573,POST_MATCH,M025,2026-03-10,2026-03-13,QR_SUR_PLACE,R51012595,1,5,7,3,3,4,5,Difficile de trouver sa place
SAT0004575,POST_MATCH,M025,2026-03-10,2026-03-13,SMS,R51889185,1,7,5,5,3,6,5,
SAT0004578,POST_MATCH,M025,2026-03-10,2026-03-13,EMAIL,R53032430,1,7,7,2,4,6,9,
SAT0004579,POST_MATCH,M025,2026-03-10,2026-03-13,EMAIL,R53308280,1,6,8,5,3,6,6,
SAT0004603,POST_MATCH,M025,2026-03-10,2026-03-13,EMAIL,R51433927,1,7,7,4,5,5,6,Correct dans l'ensemble
SAT0004604,POST_MATCH,M025,2026-03-10,2026-03-13,EMAIL,R51933522,1,5,8,5,4,5,7,
SAT0004605,POST_MATCH,M025,2026-03-10,2026-03-13,EMAIL,R52647054,1,5,5,6,6,6,8,File d'attente interminable a l'entree
SAT0004610,POST_MATCH,M025,2026-03-10,2026-03-13,EMAIL,R52309358,1,6,8,4,3,7,7,
SAT0004611,POST_MATCH,M025,2026-03-10,2026-03-13,SMS,R53846762,1,6,7,6,5,4,5,
SAT0004616,POST_MATCH,M025,2026-03-10,2026-03-13,EMAIL,R56680661,1,6,6,2,7,7,7,
SAT0004625,POST_MATCH,M025,2026-03-10,2026-03-13,SMS,R55943289,1,7,8,3,6,4,5,
SAT0004628,POST_MATCH,M025,2026-03-10,2026-03-13,EMAIL,R57660302,1,7,5,3,5,7,9,
SAT0004670,POST_MATCH,M025,2026-03-10,2026-03-13,EMAIL,R59111685,0,7,8,2,4,5,6,
SAT0004675,POST_MATCH,M025,2026-03-10,2026-03-13,QR_SUR_PLACE,R57644575,0,7,7,1,5,5,7,
SAT0004680,POST_MATCH,M025,2026-03-10,2026-03-13,QR_SUR_PLACE,R54548034,1,8,9,5,2,6,7,Bon rapport qualite prix
SAT0004696,POST_MATCH,M025,2026-03-10,2026-03-13,SMS,R54053966,0,5,7,4,2,4,7,
SAT0004703,POST_MATCH,M025,2026-03-10,2026-03-13,EMAIL,R53400163,1,7,8,3,4,4,5,
SAT0004708,POST_MATCH,M025,2026-03-10,2026-03-13,QR_SUR_PLACE,R52879582,1,5,6,5,5,5,6,Difficile de trouver sa place
SAT0004710,POST_MATCH,M025,2026-03-10,2026-03-13,EMAIL,R59292999,0,8,8,4,6,4,8,
SAT0004712,POST_MATCH,M025,2026-03-10,2026-03-13,EMAIL,R53480801,1,5,8,3,3,5,6,
SAT0004713,POST_MATCH,M025,2026-03-10,2026-03-13,QR_SUR_PLACE,R52024390,1,8,8,4,3,7,9,L'ambiance dans les tribunes vaut le deplacement
SAT0004723,POST_MATCH,M025,2026-03-10,2026-03-13,QR_SUR_PLACE,R51013610,1,5,7,4,6,6,5,
SAT0004737,POST_MATCH,M025,2026-03-10,2026-03-13,EMAIL,R57290673,1,8,5,3,5,5,6,"Premiere fois ici, tres agreable surprise"
SAT0004752,POST_MATCH,M025,2026-03-10,2026-03-13,EMAIL,R55153266,0,6,6,2,5,5,4,
SAT0004754,POST_MATCH,M025,2026-03-10,2026-03-13,EMAIL,R58581708,1,5,7,3,4,7,9,Sans plus
SAT0004757,POST_MATCH,M025,2026-03-10,2026-03-13,QR_SUR_PLACE,R58980302,0,7,7,4,3,6,7,
SAT0004763,POST_MATCH,M025,2026-03-10,2026-03-13,EMAIL,R51035745,1,7,6,3,5,6,6,Rien a signaler
SAT0004767,POST_MATCH,M025,2026-03-10,2026-03-13,SMS,R57401693,0,5,8,4,2,5,6,
SAT0004770,POST_MATCH,M025,2026-03-10,2026-03-13,EMAIL,R55125001,0,8,10,3,2,4,9,Match intense du debut a la fin
SAT0004771,POST_MATCH,M025,2026-03-10,2026-03-13,EMAIL,R52630982,1,6,8,5,6,3,5,
SAT0004779,POST_MATCH,M025,2026-03-10,2026-03-13,EMAIL,R58974306,1,6,8,4,3,6,7,
SAT0004788,POST_MATCH,M026,2026-03-12,2026-03-13,EMAIL,R51808547,1,8,8,7,6,10,9,Match intense du debut a la fin
SAT0004790,POST_MATCH,M026,2026-03-12,2026-03-13,EMAIL,R52440550,1,8,6,6,6,9,8,
SAT0004792,POST_MATCH,M026,2026-03-12,2026-03-13,QR_SUR_PLACE,R55128555,1,8,8,8,9,10,10,
SAT0004794,POST_MATCH,M026,2026-03-12,2026-03-13,EMAIL,R58020076,1,7,9,8,7,10,10,
SAT0004796,POST_MATCH,M026,2026-03-12,2026-03-13,EMAIL,R59981676,1,9,8,7,9,7,10,
SAT0004797,POST_MATCH,M026,2026-03-12,2026-03-13,SMS,R51360511,1,9,10,7,8,9,8,Correct dans l'ensemble
SAT0004798,POST_MATCH,M026,2026-03-12,2026-03-13,SMS,R51514987,1,9,8,8,9,10,10,
SAT0004801,POST_MATCH,M026,2026-03-12,2026-03-13,SMS,R53795347,1,8,9,7,7,10,10,"Super ambiance, on reviendra"
SAT0004802,POST_MATCH,M026,2026-03-12,2026-03-13,EMAIL,R53947371,1,6,5,8,8,10,9,
SAT0004807,POST_MATCH,M026,2026-03-12,2026-03-13,QR_SUR_PLACE,R56542813,1,7,7,7,7,9,8,
SAT0004808,POST_MATCH,M026,2026-03-12,2026-03-13,SMS,R56637828,1,8,9,7,6,10,9,
SAT0004810,POST_MATCH,M026,2026-03-12,2026-03-13,EMAIL,R54032645,1,9,8,7,9,8,10,Match intense du debut a la fin
SAT0004813,POST_MATCH,M026,2026-03-12,2026-03-13,QR_SUR_PLACE,R55839769,1,8,6,6,7,9,6,Sans plus
SAT0004814,POST_MATCH,M026,2026-03-12,2026-03-13,SMS,R56851832,1,9,6,9,7,10,8,"Premiere fois ici, tres agreable surprise"
SAT0004816,POST_MATCH,M026,2026-03-12,2026-03-13,SMS,R58358586,1,7,6,8,9,10,10,
SAT0004818,POST_MATCH,M026,2026-03-12,2026-03-13,QR_SUR_PLACE,R58958713,1,7,7,7,8,10,9,
SAT0004822,POST_MATCH,M026,2026-03-12,2026-03-13,EMAIL,R52947702,1,7,8,6,7,10,8,
SAT0004824,POST_MATCH,M026,2026-03-12,2026-03-13,EMAIL,R54209869,1,5,8,6,4,9,8,Peu de choix a la restauration
SAT0004825,POST_MATCH,M026,2026-03-12,2026-03-13,EMAIL,R54378444,1,8,7,8,8,10,10,Match intense du debut a la fin
SAT0004829,POST_MATCH,M026,2026-03-12,2026-03-13,SMS,R57027830,1,8,9,7,5,9,8,L'ambiance dans les tribunes vaut le deplacement
SAT0004830,POST_MATCH,M026,2026-03-12,2026-03-13,EMAIL,R57649412,1,9,8,7,7,9,7,"Premiere fois ici, tres agreable surprise"
SAT0004832,POST_MATCH,M026,2026-03-12,2026-03-13,EMAIL,R51231982,1,7,7,6,7,10,10,
SAT0004833,POST_MATCH,M026,2026-03-12,2026-03-13,QR_SUR_PLACE,R53356640,1,7,8,8,7,8,8,
SAT0004834,POST_MATCH,M026,2026-03-12,2026-03-13,QR_SUR_PLACE,R53576707,1,8,5,5,8,10,8,
SAT0004837,POST_MATCH,M026,2026-03-12,2026-03-13,EMAIL,R56732431,1,8,7,6,6,10,9,
SAT0004838,POST_MATCH,M026,2026-03-12,2026-03-13,SMS,R57075711,1,7,7,5,7,9,7,
SAT0004842,POST_MATCH,M026,2026-03-12,2026-03-13,EMAIL,R51121096,1,6,7,7,7,10,7,
SAT0004849,POST_MATCH,M026,2026-03-12,2026-03-13,EMAIL,R56340178,1,8,6,7,8,8,6,
SAT0004855,POST_MATCH,M026,2026-03-12,2026-03-13,EMAIL,R54116894,1,7,6,9,6,10,7,
SAT0004857,POST_MATCH,M026,2026-03-12,2026-03-13,QR_SUR_PLACE,R55924018,1,9,8,7,6,10,9,
SAT0004858,POST_MATCH,M026,2026-03-12,2026-03-13,EMAIL,R56403384,1,9,7,8,6,10,10,
SAT0004864,POST_MATCH,M026,2026-03-12,2026-03-13,EMAIL,R51618986,1,7,8,3,8,9,8,
SAT0004865,POST_MATCH,M026,2026-03-12,2026-03-13,EMAIL,R51728100,1,6,7,7,7,10,8,
SAT0004869,POST_MATCH,M026,2026-03-12,2026-03-13,EMAIL,R56755926,1,9,8,7,8,8,9,L'ambiance dans les tribunes vaut le deplacement
SAT0004870,POST_MATCH,M026,2026-03-12,2026-03-13,EMAIL,R56811709,1,8,9,5,7,10,10,
SAT0004871,POST_MATCH,M026,2026-03-12,2026-03-13,EMAIL,R58220996,1,7,9,5,9,9,10,
SAT0004876,POST_MATCH,M026,2026-03-12,2026-03-13,EMAIL,R52405532,1,7,8,6,6,10,8,
SAT0004879,POST_MATCH,M026,2026-03-12,2026-03-13,QR_SUR_PLACE,R57012840,1,9,7,6,7,10,9,
SAT0004880,POST_MATCH,M026,2026-03-12,2026-03-13,QR_SUR_PLACE,R59082328,1,9,8,5,8,9,9,
SAT0004894,POST_MATCH,M026,2026-03-12,2026-03-13,EMAIL,R55433206,1,6,8,6,6,10,8,
SAT0004896,POST_MATCH,M026,2026-03-12,2026-03-13,EMAIL,R57288757,1,10,8,5,7,10,10,Tres bonne organisation
SAT0004897,POST_MATCH,M026,2026-03-12,2026-03-13,EMAIL,R57923212,1,8,10,7,7,10,10,
SAT0004899,POST_MATCH,M026,2026-03-12,2026-03-13,EMAIL,R58029261,1,8,8,5,7,9,8,
SAT0004901,POST_MATCH,M026,2026-03-12,2026-03-13,EMAIL,R59382152,1,7,6,7,9,10,8,Rien a signaler
SAT0004904,POST_MATCH,M026,2026-03-12,2026-03-13,EMAIL,R52674773,1,9,7,6,5,9,8,Tres bonne organisation
SAT0004908,POST_MATCH,M026,2026-03-12,2026-03-13,EMAIL,R54356845,1,10,7,8,7,9,9,L'ambiance dans les tribunes vaut le deplacement
SAT0004912,POST_MATCH,M026,2026-03-12,2026-03-13,EMAIL,R58885689,1,9,7,8,7,10,10,
SAT0004916,POST_MATCH,M026,2026-03-12,2026-03-13,SMS,R53241252,1,9,7,8,5,7,7,
SAT0004917,POST_MATCH,M026,2026-03-12,2026-03-13,EMAIL,R53527523,1,6,9,8,10,10,9,
SAT0004918,POST_MATCH,M026,2026-03-12,2026-03-13,EMAIL,R54165043,1,10,6,6,9,7,9,
SAT0004920,POST_MATCH,M026,2026-03-12,2026-03-13,EMAIL,R56621334,1,6,7,5,5,9,8,
SAT0004924,POST_MATCH,M026,2026-03-12,2026-03-13,QR_SUR_PLACE,R59981187,1,7,9,8,6,10,10,
SAT0004930,POST_MATCH,M026,2026-03-12,2026-03-13,SMS,R54489387,1,7,6,7,9,10,7,
SAT0004931,POST_MATCH,M026,2026-03-12,2026-03-13,EMAIL,R54673900,1,8,8,5,5,10,10,
SAT0004933,POST_MATCH,M026,2026-03-12,2026-03-13,SMS,R55227439,1,8,8,8,7,9,7,Match intense du debut a la fin
SAT0004935,POST_MATCH,M026,2026-03-12,2026-03-13,EMAIL,R57328803,1,7,6,8,6,10,9,
SAT0004938,POST_MATCH,M026,2026-03-12,2026-03-13,EMAIL,R58185164,1,9,8,8,6,9,8,L'ambiance dans les tribunes vaut le deplacement
SAT0004942,POST_MATCH,M026,2026-03-12,2026-03-13,EMAIL,R52069340,1,8,9,5,8,9,9,
SAT0004943,POST_MATCH,M026,2026-03-12,2026-03-13,QR_SUR_PLACE,R55316190,1,8,9,7,7,10,10,
SAT0004945,POST_MATCH,M026,2026-03-12,2026-03-13,SMS,R55905427,0,7,7,9,7,10,8,
SAT0004949,POST_MATCH,M026,2026-03-12,2026-03-13,EMAIL,R54443958,1,7,7,7,8,8,9,
SAT0004950,POST_MATCH,M026,2026-03-12,2026-03-13,EMAIL,R54748073,1,8,7,7,7,8,8,
SAT0004952,POST_MATCH,M026,2026-03-12,2026-03-13,SMS,R55139378,0,8,8,5,8,6,8,L'ambiance dans les tribunes vaut le deplacement
SAT0004953,POST_MATCH,M026,2026-03-12,2026-03-13,SMS,R58928733,1,8,7,6,6,10,9,L'ambiance dans les tribunes vaut le deplacement
SAT0004955,POST_MATCH,M026,2026-03-12,2026-03-13,SMS,R54669341,0,7,8,8,7,10,7,
SAT0004958,POST_MATCH,M026,2026-03-12,2026-03-13,EMAIL,R53209242,1,5,7,9,8,10,7,
SAT0004960,POST_MATCH,M026,2026-03-12,2026-03-13,EMAIL,R52811951,1,7,10,8,7,7,7,
SAT0004961,POST_MATCH,M026,2026-03-12,2026-03-13,EMAIL,R53367942,1,8,7,7,5,8,7,
SAT0004962,POST_MATCH,M026,2026-03-12,2026-03-13,EMAIL,R59652552,1,6,8,8,8,9,7,
SAT0004963,POST_MATCH,M026,2026-03-12,2026-03-13,EMAIL,R52448710,1,10,8,5,7,9,10,
SAT0004966,POST_MATCH,M026,2026-03-12,2026-03-13,EMAIL,R52415551,1,9,9,8,8,10,10,Tres bonne organisation
SAT0004967,POST_MATCH,M026,2026-03-12,2026-03-13,EMAIL,R59226115,1,6,9,8,8,10,9,
SAT0004969,POST_MATCH,M026,2026-03-12,2026-03-13,EMAIL,R51740082,1,8,7,8,8,10,10,
SAT0004972,POST_MATCH,M026,2026-03-12,2026-03-13,EMAIL,R59163311,1,8,6,8,7,8,8,"Premiere fois ici, tres agreable surprise"
SAT0004973,POST_MATCH,M026,2026-03-12,2026-03-13,EMAIL,R55179625,1,8,8,8,7,9,8,
SAT0004583,POST_MATCH,M025,2026-03-10,2026-03-14,EMAIL,R51811401,1,6,6,3,4,5,6,
SAT0004632,POST_MATCH,M025,2026-03-10,2026-03-14,EMAIL,R54996271,1,6,10,4,4,6,6,
SAT0004636,POST_MATCH,M025,2026-03-10,2026-03-14,SMS,R57798294,1,6,8,4,5,4,6,
SAT0004643,POST_MATCH,M025,2026-03-10,2026-03-14,QR_SUR_PLACE,R58469596,1,6,6,2,2,6,7,
SAT0004660,POST_MATCH,M025,2026-03-10,2026-03-14,EMAIL,R53189023,1,5,5,5,3,6,6,
SAT0004683,POST_MATCH,M025,2026-03-10,2026-03-14,EMAIL,R55651444,0,7,8,2,5,6,5,
SAT0004684,POST_MATCH,M025,2026-03-10,2026-03-14,QR_SUR_PLACE,R59230339,1,6,6,2,4,3,6,
SAT0004691,POST_MATCH,M025,2026-03-10,2026-03-14,SMS,R56971367,1,7,5,4,6,4,6,
SAT0004701,POST_MATCH,M025,2026-03-10,2026-03-14,EMAIL,R51292324,1,6,7,2,5,6,7,
SAT0004724,POST_MATCH,M025,2026-03-10,2026-03-14,EMAIL,R51388431,0,7,8,2,2,6,8,
SAT0004728,POST_MATCH,M025,2026-03-10,2026-03-14,EMAIL,R52173004,1,4,9,3,2,4,6,Sans plus
SAT0004731,POST_MATCH,M025,2026-03-10,2026-03-14,EMAIL,R54900653,1,5,6,2,3,5,6,
SAT0004783,POST_MATCH,M025,2026-03-10,2026-03-14,EMAIL,R54520382,1,5,8,5,2,6,6,File d'attente interminable a l'entree
SAT0004793,POST_MATCH,M026,2026-03-12,2026-03-14,SMS,R56222760,1,10,9,7,8,9,9,
SAT0004803,POST_MATCH,M026,2026-03-12,2026-03-14,EMAIL,R54049129,1,9,8,6,7,9,9,Bon rapport qualite prix
SAT0004806,POST_MATCH,M026,2026-03-12,2026-03-14,EMAIL,R55758173,1,7,9,7,7,10,8,Rien a signaler
SAT0004809,POST_MATCH,M026,2026-03-12,2026-03-14,EMAIL,R56909387,1,8,8,7,6,9,7,Tres bonne organisation
SAT0004811,POST_MATCH,M026,2026-03-12,2026-03-14,EMAIL,R55410056,1,7,8,8,9,9,9,
SAT0004817,POST_MATCH,M026,2026-03-12,2026-03-14,QR_SUR_PLACE,R58454827,1,6,8,6,8,8,8,
SAT0004819,POST_MATCH,M026,2026-03-12,2026-03-14,EMAIL,R51040046,1,8,7,5,7,8,10,"Premiere fois ici, tres agreable surprise"
SAT0004826,POST_MATCH,M026,2026-03-12,2026-03-14,EMAIL,R54708851,1,10,8,10,8,9,10,Tres bonne organisation
SAT0004836,POST_MATCH,M026,2026-03-12,2026-03-14,EMAIL,R55794541,1,7,8,6,7,10,9,
SAT0004839,POST_MATCH,M026,2026-03-12,2026-03-14,SMS,R57198924,1,10,9,5,7,10,10,Sans plus
SAT0004841,POST_MATCH,M026,2026-03-12,2026-03-14,EMAIL,R58893869,1,8,9,8,7,10,9,
SAT0004844,POST_MATCH,M026,2026-03-12,2026-03-14,QR_SUR_PLACE,R52296217,1,9,8,6,7,10,10,Bon rapport qualite prix
SAT0004850,POST_MATCH,M026,2026-03-12,2026-03-14,QR_SUR_PLACE,R59959330,1,10,6,6,7,10,8,
SAT0004851,POST_MATCH,M026,2026-03-12,2026-03-14,SMS,R51447279,1,9,8,6,8,9,10,Correct dans l'ensemble
SAT0004854,POST_MATCH,M026,2026-03-12,2026-03-14,EMAIL,R53407040,1,8,8,9,7,9,7,Sans plus
SAT0004856,POST_MATCH,M026,2026-03-12,2026-03-14,EMAIL,R55156542,1,9,9,5,7,9,9,Rien a signaler
SAT0004860,POST_MATCH,M026,2026-03-12,2026-03-14,EMAIL,R58905037,1,6,8,5,5,10,8,
SAT0004861,POST_MATCH,M026,2026-03-12,2026-03-14,EMAIL,R59166788,1,9,8,8,5,9,9,
SAT0004863,POST_MATCH,M026,2026-03-12,2026-03-14,EMAIL,R51295322,1,8,8,7,6,7,7,Bon rapport qualite prix
SAT0004866,POST_MATCH,M026,2026-03-12,2026-03-14,EMAIL,R53302897,1,8,7,8,7,8,9,
SAT0004877,POST_MATCH,M026,2026-03-12,2026-03-14,EMAIL,R54775390,1,7,7,8,8,7,7,
SAT0004881,POST_MATCH,M026,2026-03-12,2026-03-14,EMAIL,R59498555,1,7,7,8,7,10,9,Sans plus
SAT0004884,POST_MATCH,M026,2026-03-12,2026-03-14,EMAIL,R51612990,1,6,8,7,7,10,8,
SAT0004885,POST_MATCH,M026,2026-03-12,2026-03-14,EMAIL,R52117489,1,8,7,8,8,9,7,
SAT0004886,POST_MATCH,M026,2026-03-12,2026-03-14,EMAIL,R52273191,1,9,8,7,6,10,10,Match intense du debut a la fin
SAT0004887,POST_MATCH,M026,2026-03-12,2026-03-14,EMAIL,R52309358,1,6,7,7,7,10,8,Correct dans l'ensemble
SAT0004888,POST_MATCH,M026,2026-03-12,2026-03-14,EMAIL,R52371271,1,8,8,8,6,8,7,"Super ambiance, on reviendra"
SAT0004889,POST_MATCH,M026,2026-03-12,2026-03-14,EMAIL,R52591338,1,9,7,7,8,10,9,
SAT0004893,POST_MATCH,M026,2026-03-12,2026-03-14,SMS,R54220079,1,6,8,7,6,10,8,
SAT0004909,POST_MATCH,M026,2026-03-12,2026-03-14,EMAIL,R56212396,1,6,7,8,6,9,7,
SAT0004910,POST_MATCH,M026,2026-03-12,2026-03-14,EMAIL,R58253073,1,8,9,7,6,8,9,"Super ambiance, on reviendra"
SAT0004913,POST_MATCH,M026,2026-03-12,2026-03-14,SMS,R59242455,1,8,10,7,6,10,8,Rien a signaler
SAT0004921,POST_MATCH,M026,2026-03-12,2026-03-14,QR_SUR_PLACE,R57393714,1,8,7,7,7,9,8,
SAT0004925,POST_MATCH,M026,2026-03-12,2026-03-14,EMAIL,R51605222,1,8,8,7,7,8,9,
SAT0004926,POST_MATCH,M026,2026-03-12,2026-03-14,EMAIL,R52551081,1,7,7,7,8,10,9,
SAT0004927,POST_MATCH,M026,2026-03-12,2026-03-14,EMAIL,R53227833,1,10,10,4,7,10,10,Rien a signaler
SAT0004932,POST_MATCH,M026,2026-03-12,2026-03-14,SMS,R54843088,1,7,8,5,8,10,9,
SAT0004940,POST_MATCH,M026,2026-03-12,2026-03-14,SMS,R59460817,1,5,9,9,6,10,8,
SAT0004946,POST_MATCH,M026,2026-03-12,2026-03-14,EMAIL,R57140756,1,10,8,7,7,8,9,"Premiere fois ici, tres agreable surprise"
SAT0004947,POST_MATCH,M026,2026-03-12,2026-03-14,QR_SUR_PLACE,R53349073,1,6,8,6,6,7,7,
SAT0004959,POST_MATCH,M026,2026-03-12,2026-03-14,EMAIL,R53270475,1,6,7,6,6,9,9,
SAT0004964,POST_MATCH,M026,2026-03-12,2026-03-14,EMAIL,R56959241,1,6,9,8,8,10,9,
SAT0004532,POST_MATCH,M025,2026-03-10,2026-03-15,SMS,R55519649,1,7,8,4,5,5,7,
SAT0004595,POST_MATCH,M025,2026-03-10,2026-03-15,QR_SUR_PLACE,R52323936,1,7,7,5,4,5,7,
SAT0004607,POST_MATCH,M025,2026-03-10,2026-03-15,EMAIL,R55513442,1,7,7,3,5,6,6,Correct dans l'ensemble
SAT0004623,POST_MATCH,M025,2026-03-10,2026-03-15,EMAIL,R52559529,1,7,7,4,5,6,6,
SAT0004624,POST_MATCH,M025,2026-03-10,2026-03-15,EMAIL,R52693163,1,7,7,1,4,4,6,
SAT0004630,POST_MATCH,M025,2026-03-10,2026-03-15,SMS,R51139275,1,8,7,4,4,6,6,
SAT0004647,POST_MATCH,M025,2026-03-10,2026-03-15,EMAIL,R54374488,0,9,7,3,5,5,8,
SAT0004649,POST_MATCH,M025,2026-03-10,2026-03-15,QR_SUR_PLACE,R55421425,1,8,7,4,5,5,7,
SAT0004673,POST_MATCH,M025,2026-03-10,2026-03-15,SMS,R54471141,0,8,7,5,2,4,7,"Premiere fois ici, tres agreable surprise"
SAT0004774,POST_MATCH,M025,2026-03-10,2026-03-15,EMAIL,R56807964,1,6,9,2,4,6,7,
SAT0004780,POST_MATCH,M025,2026-03-10,2026-03-15,QR_SUR_PLACE,R52916295,0,7,10,3,6,5,8,
SAT0004786,POST_MATCH,M025,2026-03-10,2026-03-15,EMAIL,R56098512,1,6,8,4,5,4,6,
SAT0004787,POST_MATCH,M026,2026-03-12,2026-03-15,EMAIL,R51392933,1,9,8,8,7,10,9,"Super ambiance, on reviendra"
SAT0004795,POST_MATCH,M026,2026-03-12,2026-03-15,EMAIL,R59723603,1,7,8,8,7,9,9,Sans plus
SAT0004812,POST_MATCH,M026,2026-03-12,2026-03-15,SMS,R55517944,1,9,9,7,6,10,8,
SAT0004815,POST_MATCH,M026,2026-03-12,2026-03-15,EMAIL,R57018568,1,8,10,7,6,9,7,"Premiere fois ici, tres agreable surprise"
SAT0004820,POST_MATCH,M026,2026-03-12,2026-03-15,EMAIL,R51621783,1,6,8,5,6,9,8,
SAT0004823,POST_MATCH,M026,2026-03-12,2026-03-15,EMAIL,R53723147,1,9,7,6,7,8,10,
SAT0004827,POST_MATCH,M026,2026-03-12,2026-03-15,EMAIL,R54945469,1,9,9,10,6,10,10,
SAT0004831,POST_MATCH,M026,2026-03-12,2026-03-15,EMAIL,R57919132,1,8,7,8,8,9,9,
SAT0004840,POST_MATCH,M026,2026-03-12,2026-03-15,EMAIL,R57652544,1,7,9,9,8,9,7,
SAT0004846,POST_MATCH,M026,2026-03-12,2026-03-15,SMS,R53552254,1,8,8,9,7,9,9,Rien a signaler
SAT0004852,POST_MATCH,M026,2026-03-12,2026-03-15,SMS,R51458926,1,9,7,8,9,9,7,
SAT0004859,POST_MATCH,M026,2026-03-12,2026-03-15,EMAIL,R58054193,1,9,10,6,8,9,9,"Super ambiance, on reviendra"
SAT0004868,POST_MATCH,M026,2026-03-12,2026-03-15,EMAIL,R53831303,1,8,9,8,9,10,10,
SAT0004872,POST_MATCH,M026,2026-03-12,2026-03-15,EMAIL,R58492555,1,8,7,8,7,10,9,Sans plus
SAT0004875,POST_MATCH,M026,2026-03-12,2026-03-15,EMAIL,R51718972,1,8,8,9,9,10,10,Tres bonne organisation
SAT0004883,POST_MATCH,M026,2026-03-12,2026-03-15,SMS,R59976695,1,8,10,9,7,8,7,Match intense du debut a la fin
SAT0004891,POST_MATCH,M026,2026-03-12,2026-03-15,QR_SUR_PLACE,R53757877,1,9,10,6,8,8,10,"Premiere fois ici, tres agreable surprise"
SAT0004895,POST_MATCH,M026,2026-03-12,2026-03-15,EMAIL,R56950994,1,9,7,4,6,7,8,
SAT0004900,POST_MATCH,M026,2026-03-12,2026-03-15,EMAIL,R58037230,1,7,8,8,8,9,10,
SAT0004907,POST_MATCH,M026,2026-03-12,2026-03-15,EMAIL,R54127583,1,9,9,6,7,10,10,
SAT0004911,POST_MATCH,M026,2026-03-12,2026-03-15,QR_SUR_PLACE,R58580415,1,8,7,8,7,9,8,
SAT0004922,POST_MATCH,M026,2026-03-12,2026-03-15,EMAIL,R57933154,1,8,8,7,8,10,10,"Premiere fois ici, tres agreable surprise"
SAT0004928,POST_MATCH,M026,2026-03-12,2026-03-15,SMS,R53363306,1,8,8,6,7,8,8,Tres bonne organisation
SAT0004934,POST_MATCH,M026,2026-03-12,2026-03-15,EMAIL,R55905417,1,9,8,7,5,10,9,
SAT0004936,POST_MATCH,M026,2026-03-12,2026-03-15,EMAIL,R57871308,1,7,9,8,8,9,9,
SAT0004941,POST_MATCH,M026,2026-03-12,2026-03-15,EMAIL,R56740534,1,8,9,6,8,10,9,
SAT0004954,POST_MATCH,M026,2026-03-12,2026-03-15,EMAIL,R56463458,0,5,10,6,7,10,9,
SAT0004968,POST_MATCH,M026,2026-03-12,2026-03-15,QR_SUR_PLACE,R51959747,1,7,6,7,6,8,7,
SAT0004789,POST_MATCH,M026,2026-03-12,2026-03-16,EMAIL,R52195963,1,9,10,5,6,10,8,L'ambiance dans les tribunes vaut le deplacement
SAT0004800,POST_MATCH,M026,2026-03-12,2026-03-16,EMAIL,R53070781,1,8,8,6,7,10,8,Tres bonne organisation
SAT0004804,POST_MATCH,M026,2026-03-12,2026-03-16,EMAIL,R55496422,1,8,10,7,8,10,8,Bon rapport qualite prix
SAT0004805,POST_MATCH,M026,2026-03-12,2026-03-16,EMAIL,R55728136,1,7,7,7,7,9,8,
SAT0004821,POST_MATCH,M026,2026-03-12,2026-03-16,EMAIL,R51854110,1,7,7,6,5,10,10,Rien a signaler
SAT0004828,POST_MATCH,M026,2026-03-12,2026-03-16,SMS,R56720717,1,8,9,7,6,10,10,
SAT0004867,POST_MATCH,M026,2026-03-12,2026-03-16,EMAIL,R53655985,1,7,5,6,5,10,8,
SAT0004873,POST_MATCH,M026,2026-03-12,2026-03-16,EMAIL,R58756758,1,7,7,6,7,10,9,
SAT0004874,POST_MATCH,M026,2026-03-12,2026-03-16,EMAIL,R51144591,1,9,8,8,6,9,9,"Premiere fois ici, tres agreable surprise"
SAT0004890,POST_MATCH,M026,2026-03-12,2026-03-16,EMAIL,R53494287,1,8,8,7,8,8,7,"Super ambiance, on reviendra"
SAT0004906,POST_MATCH,M026,2026-03-12,2026-03-16,EMAIL,R53484546,1,9,7,5,7,9,9,
SAT0004914,POST_MATCH,M026,2026-03-12,2026-03-16,EMAIL,R51085331,1,8,9,8,6,8,9,
SAT0004915,POST_MATCH,M026,2026-03-12,2026-03-16,EMAIL,R52935365,1,9,7,7,5,9,8,Match intense du debut a la fin
SAT0004923,POST_MATCH,M026,2026-03-12,2026-03-16,EMAIL,R59086820,1,7,7,6,10,9,8,
SAT0004929,POST_MATCH,M026,2026-03-12,2026-03-16,EMAIL,R53826121,1,8,7,7,5,10,9,
SAT0004944,POST_MATCH,M026,2026-03-12,2026-03-16,EMAIL,R51754047,1,7,7,7,7,10,8,Correct dans l'ensemble
SAT0004974,POST_MATCH,M027,2026-03-15,2026-03-16,EMAIL,R52861068,1,6,7,5,6,7,6,
SAT0004975,POST_MATCH,M027,2026-03-15,2026-03-16,EMAIL,R53405412,1,6,8,5,8,5,9,
SAT0004978,POST_MATCH,M027,2026-03-15,2026-03-16,EMAIL,R57796331,1,6,8,6,6,6,7,
SAT0004983,POST_MATCH,M027,2026-03-15,2026-03-16,EMAIL,R53947371,1,7,7,7,6,7,6,
SAT0004987,POST_MATCH,M027,2026-03-15,2026-03-16,SMS,R56542813,1,6,8,4,6,7,7,
SAT0004988,POST_MATCH,M027,2026-03-15,2026-03-16,EMAIL,R57394270,1,6,6,6,8,7,7,
SAT0004989,POST_MATCH,M027,2026-03-15,2026-03-16,EMAIL,R59886728,1,6,5,5,6,6,7,
SAT0004990,POST_MATCH,M027,2026-03-15,2026-03-16,SMS,R51978482,1,7,6,5,7,6,7,
SAT0004994,POST_MATCH,M027,2026-03-15,2026-03-16,EMAIL,R54587410,1,5,6,6,9,6,5,
SAT0004995,POST_MATCH,M027,2026-03-15,2026-03-16,SMS,R55228608,1,7,6,2,5,6,6,
SAT0004999,POST_MATCH,M027,2026-03-15,2026-03-16,EMAIL,R54336147,1,7,6,6,5,8,7,Sans plus
SAT0005000,POST_MATCH,M027,2026-03-15,2026-03-16,EMAIL,R54945469,1,6,5,5,5,6,6,
SAT0005001,POST_MATCH,M027,2026-03-15,2026-03-16,EMAIL,R57231959,1,6,6,6,6,7,7,
SAT0005004,POST_MATCH,M027,2026-03-15,2026-03-16,SMS,R59558907,1,6,7,6,7,7,7,
SAT0005005,POST_MATCH,M027,2026-03-15,2026-03-16,QR_SUR_PLACE,R51827205,1,5,6,5,6,7,5,Prix des places trop eleve pour ce niveau de match
SAT0005008,POST_MATCH,M027,2026-03-15,2026-03-16,EMAIL,R53400163,1,5,6,6,7,7,8,File d'attente interminable a l'entree
SAT0005012,POST_MATCH,M027,2026-03-15,2026-03-16,SMS,R54856651,1,4,7,5,7,8,9,Rien a signaler
SAT0005016,POST_MATCH,M027,2026-03-15,2026-03-16,SMS,R58611276,1,8,9,5,8,6,8,
SAT0005017,POST_MATCH,M027,2026-03-15,2026-03-16,QR_SUR_PLACE,R58864445,1,4,6,6,7,7,6,
SAT0005018,POST_MATCH,M027,2026-03-15,2026-03-16,EMAIL,R51295801,1,5,7,5,8,7,8,Difficile de trouver sa place
SAT0005022,POST_MATCH,M027,2026-03-15,2026-03-16,SMS,R55989542,1,6,6,5,6,7,7,
SAT0005023,POST_MATCH,M027,2026-03-15,2026-03-16,QR_SUR_PLACE,R56578635,1,6,7,5,8,6,6,
SAT0005026,POST_MATCH,M027,2026-03-15,2026-03-16,EMAIL,R58455641,1,6,5,4,6,8,6,
SAT0005028,POST_MATCH,M027,2026-03-15,2026-03-16,EMAIL,R51512257,1,6,8,7,6,6,10,
SAT0005031,POST_MATCH,M027,2026-03-15,2026-03-16,EMAIL,R53529640,1,7,7,5,5,7,8,
SAT0005033,POST_MATCH,M027,2026-03-15,2026-03-16,EMAIL,R58435479,1,5,5,3,5,7,6,Trop d'attente aux buvettes
SAT0005035,POST_MATCH,M027,2026-03-15,2026-03-16,QR_SUR_PLACE,R59661479,1,5,7,5,6,6,6,
SAT0005036,POST_MATCH,M027,2026-03-15,2026-03-16,EMAIL,R57110853,1,6,6,5,8,5,6,
SAT0005037,POST_MATCH,M027,2026-03-15,2026-03-16,SMS,R57560182,1,5,6,5,8,7,5,Peu de choix a la restauration
SAT0005039,POST_MATCH,M027,2026-03-15,2026-03-16,QR_SUR_PLACE,R51167885,1,6,8,6,7,9,8,
SAT0005040,POST_MATCH,M027,2026-03-15,2026-03-16,EMAIL,R51324813,1,7,5,6,8,8,8,
SAT0005048,POST_MATCH,M027,2026-03-15,2026-03-16,QR_SUR_PLACE,R56019780,1,7,8,6,6,8,8,
SAT0005050,POST_MATCH,M027,2026-03-15,2026-03-16,EMAIL,R56470948,1,6,7,3,6,7,6,
SAT0005052,POST_MATCH,M027,2026-03-15,2026-03-16,EMAIL,R59564146,1,7,5,6,8,7,7,
SAT0005053,POST_MATCH,M027,2026-03-15,2026-03-16,SMS,R51229865,1,4,5,6,7,6,6,Peu de choix a la restauration
SAT0005055,POST_MATCH,M027,2026-03-15,2026-03-16,QR_SUR_PLACE,R52688192,1,7,7,6,8,7,7,
SAT0005056,POST_MATCH,M027,2026-03-15,2026-03-16,EMAIL,R53600949,1,4,7,6,8,5,8,
SAT0005061,POST_MATCH,M027,2026-03-15,2026-03-16,EMAIL,R56559900,1,5,7,5,7,5,7,Trop d'attente aux buvettes
SAT0005062,POST_MATCH,M027,2026-03-15,2026-03-16,SMS,R56658593,1,6,7,6,7,6,6,
SAT0005064,POST_MATCH,M027,2026-03-15,2026-03-16,EMAIL,R57487982,1,6,5,5,7,5,5,
SAT0005066,POST_MATCH,M027,2026-03-15,2026-03-16,QR_SUR_PLACE,R57956314,1,6,7,4,7,6,7,Correct dans l'ensemble
SAT0005067,POST_MATCH,M027,2026-03-15,2026-03-16,SMS,R57962444,1,6,5,6,7,7,6,
SAT0005074,POST_MATCH,M027,2026-03-15,2026-03-16,SMS,R59352182,1,5,3,4,6,5,4,Peu de choix a la restauration
SAT0005077,POST_MATCH,M027,2026-03-15,2026-03-16,QR_SUR_PLACE,R51681780,1,5,5,4,7,6,7,
SAT0005079,POST_MATCH,M027,2026-03-15,2026-03-16,QR_SUR_PLACE,R53026089,1,5,6,5,7,5,6,Prix des places trop eleve pour ce niveau de match
SAT0005081,POST_MATCH,M027,2026-03-15,2026-03-16,EMAIL,R55137874,1,6,3,4,7,7,4,
SAT0005082,POST_MATCH,M027,2026-03-15,2026-03-16,EMAIL,R55520386,1,6,7,8,7,6,6,
SAT0005084,POST_MATCH,M027,2026-03-15,2026-03-16,EMAIL,R56823011,1,6,7,5,8,5,6,
SAT0005088,POST_MATCH,M027,2026-03-15,2026-03-16,EMAIL,R57423751,1,5,6,6,5,7,6,Trop d'attente aux buvettes
SAT0005094,POST_MATCH,M027,2026-03-15,2026-03-16,QR_SUR_PLACE,R57871308,1,7,5,5,7,5,6,
SAT0005098,POST_MATCH,M027,2026-03-15,2026-03-16,EMAIL,R59604681,1,6,5,4,7,6,7,
SAT0005099,POST_MATCH,M027,2026-03-15,2026-03-16,EMAIL,R52940202,1,8,6,5,6,6,9,Rien a signaler
SAT0005102,POST_MATCH,M027,2026-03-15,2026-03-16,EMAIL,R59109511,1,4,5,5,8,7,6,Difficile de trouver sa place
SAT0005103,POST_MATCH,M027,2026-03-15,2026-03-16,SMS,R53910102,1,7,8,5,7,4,8,
SAT0005109,POST_MATCH,M027,2026-03-15,2026-03-16,EMAIL,R54531215,0,8,7,4,8,6,9,
SAT0005110,POST_MATCH,M027,2026-03-15,2026-03-16,QR_SUR_PLACE,R54635147,0,7,9,5,8,6,10,
SAT0005111,POST_MATCH,M027,2026-03-15,2026-03-16,EMAIL,R58678495,0,7,5,3,7,7,8,
SAT0005114,POST_MATCH,M027,2026-03-15,2026-03-16,EMAIL,R54868566,0,7,8,5,5,6,7,
SAT0005117,POST_MATCH,M027,2026-03-15,2026-03-16,EMAIL,R55040206,0,6,5,5,7,7,8,
SAT0005119,POST_MATCH,M027,2026-03-15,2026-03-16,EMAIL,R55066977,1,7,8,6,6,8,9,
SAT0005120,POST_MATCH,M027,2026-03-15,2026-03-16,EMAIL,R51097122,0,6,7,7,6,6,6,
SAT0005132,POST_MATCH,M027,2026-03-15,2026-03-16,EMAIL,R54278726,0,6,5,4,6,6,7,
SAT0005133,POST_MATCH,M027,2026-03-15,2026-03-16,EMAIL,R54281925,1,7,8,5,6,6,6,
SAT0005135,POST_MATCH,M027,2026-03-15,2026-03-16,QR_SUR_PLACE,R54931839,1,6,5,5,7,7,8,Correct dans l'ensemble
SAT0005136,POST_MATCH,M027,2026-03-15,2026-03-16,QR_SUR_PLACE,R53295675,1,6,5,5,7,5,7,
SAT0005137,POST_MATCH,M027,2026-03-15,2026-03-16,QR_SUR_PLACE,R58381803,1,6,7,5,7,6,6,Sans plus
SAT0005140,POST_MATCH,M027,2026-03-15,2026-03-16,EMAIL,R53005803,1,6,9,6,6,6,8,
SAT0005143,POST_MATCH,M027,2026-03-15,2026-03-16,SMS,R54356644,1,4,8,5,7,4,6,
SAT0005145,POST_MATCH,M027,2026-03-15,2026-03-16,EMAIL,R51493666,0,5,9,5,6,5,7,
SAT0004543,POST_MATCH,M025,2026-03-10,2026-03-17,EMAIL,R56275545,1,6,6,4,5,9,8,
SAT0004591,POST_MATCH,M025,2026-03-10,2026-03-17,SMS,R58532946,1,8,6,5,4,7,7,
SAT0004615,POST_MATCH,M025,2026-03-10,2026-03-17,EMAIL,R56482049,1,6,7,5,5,5,7,
SAT0004650,POST_MATCH,M025,2026-03-10,2026-03-17,EMAIL,R51783337,1,6,7,4,3,6,7,
SAT0004671,POST_MATCH,M025,2026-03-10,2026-03-17,SMS,R54673431,1,6,5,5,4,5,4,
SAT0004700,POST_MATCH,M025,2026-03-10,2026-03-17,EMAIL,R51011369,0,8,7,3,4,5,7,
SAT0004750,POST_MATCH,M025,2026-03-10,2026-03-17,EMAIL,R56890853,1,8,7,5,3,3,6,L'ambiance dans les tribunes vaut le deplacement
SAT0004759,POST_MATCH,M025,2026-03-10,2026-03-17,EMAIL,R53754812,1,5,6,4,3,5,5,Difficile de trouver sa place
SAT0004761,POST_MATCH,M025,2026-03-10,2026-03-17,EMAIL,R59654056,1,5,6,4,5,5,5,
SAT0004765,POST_MATCH,M025,2026-03-10,2026-03-17,EMAIL,R55847738,1,6,8,5,4,6,6,
SAT0004791,POST_MATCH,M026,2026-03-12,2026-03-17,EMAIL,R52768505,1,8,8,4,9,7,8,
SAT0004835,POST_MATCH,M026,2026-03-12,2026-03-17,EMAIL,R53669270,1,9,8,4,5,8,10,
SAT0004843,POST_MATCH,M026,2026-03-12,2026-03-17,SMS,R51632951,1,9,8,6,6,9,10,
SAT0004845,POST_MATCH,M026,2026-03-12,2026-03-17,EMAIL,R52849756,1,8,9,8,7,10,8,
SAT0004847,POST_MATCH,M026,2026-03-12,2026-03-17,EMAIL,R53839751,1,9,8,4,6,9,8,
SAT0004878,POST_MATCH,M026,2026-03-12,2026-03-17,QR_SUR_PLACE,R55800939,1,8,10,5,4,10,10,"Premiere fois ici, tres agreable surprise"
SAT0004882,POST_MATCH,M026,2026-03-12,2026-03-17,EMAIL,R59936850,1,8,8,6,6,9,8,L'ambiance dans les tribunes vaut le deplacement
SAT0004892,POST_MATCH,M026,2026-03-12,2026-03-17,EMAIL,R54090123,1,9,8,6,7,10,9,
SAT0004898,POST_MATCH,M026,2026-03-12,2026-03-17,EMAIL,R57952636,1,8,7,10,8,10,7,"Super ambiance, on reviendra"
SAT0004902,POST_MATCH,M026,2026-03-12,2026-03-17,EMAIL,R59709494,1,9,8,7,5,9,10,
SAT0004905,POST_MATCH,M026,2026-03-12,2026-03-17,EMAIL,R53029087,1,8,8,9,7,8,8,"Premiere fois ici, tres agreable surprise"
SAT0004919,POST_MATCH,M026,2026-03-12,2026-03-17,EMAIL,R56034693,1,8,8,5,6,9,8,Bon rapport qualite prix
SAT0004937,POST_MATCH,M026,2026-03-12,2026-03-17,QR_SUR_PLACE,R58106087,1,9,7,7,7,9,8,
SAT0004939,POST_MATCH,M026,2026-03-12,2026-03-17,EMAIL,R59091791,1,8,8,7,6,8,10,
SAT0004948,POST_MATCH,M026,2026-03-12,2026-03-17,EMAIL,R57302387,1,8,9,6,9,10,10,
SAT0004951,POST_MATCH,M026,2026-03-12,2026-03-17,EMAIL,R59943124,1,9,7,7,7,10,9,
SAT0004956,POST_MATCH,M026,2026-03-12,2026-03-17,SMS,R53460572,1,10,8,9,6,7,10,"Super ambiance, on reviendra"
SAT0004957,POST_MATCH,M026,2026-03-12,2026-03-17,EMAIL,R53556545,0,8,8,9,7,8,8,
SAT0004970,POST_MATCH,M026,2026-03-12,2026-03-17,EMAIL,R51938627,1,9,6,5,6,10,9,"Premiere fois ici, tres agreable surprise"
SAT0004977,POST_MATCH,M027,2026-03-15,2026-03-17,EMAIL,R57046632,1,6,7,4,8,8,9,
SAT0004980,POST_MATCH,M027,2026-03-15,2026-03-17,EMAIL,R51976576,1,7,5,4,8,6,9,
SAT0004984,POST_MATCH,M027,2026-03-15,2026-03-17,EMAIL,R55460255,1,8,7,4,8,7,8,Tres bonne organisation
SAT0004993,POST_MATCH,M027,2026-03-15,2026-03-17,EMAIL,R52671172,1,6,8,6,7,7,10,Sans plus
SAT0004996,POST_MATCH,M027,2026-03-15,2026-03-17,QR_SUR_PLACE,R56510391,1,5,7,5,8,7,8,Prix des places trop eleve pour ce niveau de match
SAT0004997,POST_MATCH,M027,2026-03-15,2026-03-17,EMAIL,R57163849,1,6,8,5,6,5,6,Sans plus
SAT0004998,POST_MATCH,M027,2026-03-15,2026-03-17,EMAIL,R57486900,1,6,6,4,8,8,7,
SAT0005003,POST_MATCH,M027,2026-03-15,2026-03-17,EMAIL,R59230339,1,6,6,5,6,9,8,
SAT0005007,POST_MATCH,M027,2026-03-15,2026-03-17,EMAIL,R52701956,1,5,5,3,8,7,7,
SAT0005009,POST_MATCH,M027,2026-03-15,2026-03-17,EMAIL,R53829876,1,6,7,5,8,5,7,
SAT0005010,POST_MATCH,M027,2026-03-15,2026-03-17,SMS,R54208097,1,5,7,6,7,6,8,
SAT0005011,POST_MATCH,M027,2026-03-15,2026-03-17,EMAIL,R54293304,1,7,6,5,7,6,6,
SAT0005013,POST_MATCH,M027,2026-03-15,2026-03-17,QR_SUR_PLACE,R55539533,1,4,6,5,7,8,7,Sonorisation trop forte
SAT0005014,POST_MATCH,M027,2026-03-15,2026-03-17,QR_SUR_PLACE,R55909785,1,6,7,8,7,7,6,Sans plus
SAT0005015,POST_MATCH,M027,2026-03-15,2026-03-17,EMAIL,R58244089,1,8,7,6,6,8,8,Tres bonne organisation
SAT0005021,POST_MATCH,M027,2026-03-15,2026-03-17,EMAIL,R54194065,1,7,6,6,7,6,7,
SAT0005025,POST_MATCH,M027,2026-03-15,2026-03-17,EMAIL,R58405375,1,4,7,4,8,6,5,Peu de choix a la restauration
SAT0005030,POST_MATCH,M027,2026-03-15,2026-03-17,QR_SUR_PLACE,R52771359,1,6,5,3,7,5,5,
SAT0005038,POST_MATCH,M027,2026-03-15,2026-03-17,EMAIL,R58756758,1,7,6,3,8,6,6,
SAT0005041,POST_MATCH,M027,2026-03-15,2026-03-17,QR_SUR_PLACE,R51933522,1,6,8,4,7,7,8,
SAT0005049,POST_MATCH,M027,2026-03-15,2026-03-17,QR_SUR_PLACE,R56439072,1,8,7,5,7,6,9,"Super ambiance, on reviendra"
SAT0005054,POST_MATCH,M027,2026-03-15,2026-03-17,EMAIL,R52117489,1,8,5,5,6,8,7,"Premiere fois ici, tres agreable surprise"
SAT0005059,POST_MATCH,M027,2026-03-15,2026-03-17,EMAIL,R55099121,1,8,7,6,8,7,6,Bon rapport qualite prix
SAT0005060,POST_MATCH,M027,2026-03-15,2026-03-17,EMAIL,R56008200,1,5,5,4,5,5,6,
SAT0005068,POST_MATCH,M027,2026-03-15,2026-03-17,SMS,R59014965,1,7,4,4,7,4,6,
SAT0005071,POST_MATCH,M027,2026-03-15,2026-03-17,EMAIL,R55490282,1,6,6,4,5,6,6,Sans plus
SAT0005072,POST_MATCH,M027,2026-03-15,2026-03-17,EMAIL,R56171938,1,7,7,5,7,8,7,
SAT0005073,POST_MATCH,M027,2026-03-15,2026-03-17,QR_SUR_PLACE,R56784938,1,7,7,5,5,7,9,
SAT0005083,POST_MATCH,M027,2026-03-15,2026-03-17,EMAIL,R55966037,1,5,6,4,6,4,5,Prix des places trop eleve pour ce niveau de match
SAT0005085,POST_MATCH,M027,2026-03-15,2026-03-17,EMAIL,R56863469,1,7,7,3,5,6,8,
SAT0005086,POST_MATCH,M027,2026-03-15,2026-03-17,EMAIL,R57182229,1,7,5,5,7,6,6,
SAT0005087,POST_MATCH,M027,2026-03-15,2026-03-17,EMAIL,R57312185,1,5,6,6,7,7,7,Sonorisation trop forte
SAT0005090,POST_MATCH,M027,2026-03-15,2026-03-17,EMAIL,R51876168,1,7,6,5,8,5,6,
SAT0005097,POST_MATCH,M027,2026-03-15,2026-03-17,SMS,R59200292,1,5,8,4,7,5,5,
SAT0005105,POST_MATCH,M027,2026-03-15,2026-03-17,SMS,R57416740,1,5,4,7,6,7,5,Peu de choix a la restauration
SAT0005107,POST_MATCH,M027,2026-03-15,2026-03-17,EMAIL,R55063845,1,5,6,8,7,7,5,
SAT0005115,POST_MATCH,M027,2026-03-15,2026-03-17,SMS,R54753188,1,6,4,6,7,6,5,
SAT0005116,POST_MATCH,M027,2026-03-15,2026-03-17,EMAIL,R52003337,1,5,7,7,5,7,7,File d'attente interminable a l'entree
SAT0005121,POST_MATCH,M027,2026-03-15,2026-03-17,SMS,R56490162,0,7,7,4,8,4,6,Correct dans l'ensemble
SAT0005124,POST_MATCH,M027,2026-03-15,2026-03-17,EMAIL,R52284972,1,6,4,4,7,7,7,Correct dans l'ensemble
SAT0005125,POST_MATCH,M027,2026-03-15,2026-03-17,SMS,R56159477,1,6,7,3,7,4,6,
SAT0005127,POST_MATCH,M027,2026-03-15,2026-03-17,EMAIL,R51386927,1,7,5,5,6,7,7,
SAT0005129,POST_MATCH,M027,2026-03-15,2026-03-17,QR_SUR_PLACE,R55374559,0,7,6,7,7,6,8,
SAT0005141,POST_MATCH,M027,2026-03-15,2026-03-17,EMAIL,R56327985,1,5,6,4,7,6,7,Peu de choix a la restauration
SAT0005142,POST_MATCH,M027,2026-03-15,2026-03-17,EMAIL,R51962065,1,6,8,6,6,5,6,
SAT0005148,POST_MATCH,M027,2026-03-15,2026-03-17,EMAIL,R58515916,1,6,9,4,6,4,6,
SAT0004976,POST_MATCH,M027,2026-03-15,2026-03-18,EMAIL,R55199050,1,7,7,6,8,6,8,
SAT0004981,POST_MATCH,M027,2026-03-15,2026-03-18,EMAIL,R52330277,1,5,4,3,7,7,6,Sonorisation trop forte
SAT0004986,POST_MATCH,M027,2026-03-15,2026-03-18,EMAIL,R55751430,1,6,5,4,6,4,6,
SAT0005002,POST_MATCH,M027,2026-03-15,2026-03-18,SMS,R57498614,1,6,8,7,5,7,5,
SAT0005006,POST_MATCH,M027,2026-03-15,2026-03-18,EMAIL,R52003136,1,5,5,5,6,5,5,File d'attente interminable a l'entree
SAT0005020,POST_MATCH,M027,2026-03-15,2026-03-18,SMS,R53552254,1,6,7,6,7,6,7,
SAT0005032,POST_MATCH,M027,2026-03-15,2026-03-18,EMAIL,R54931571,1,6,6,5,8,7,7,
SAT0005043,POST_MATCH,M027,2026-03-15,2026-03-18,EMAIL,R52029763,1,5,9,7,6,6,6,
SAT0005044,POST_MATCH,M027,2026-03-15,2026-03-18,EMAIL,R52368752,1,5,6,6,6,6,6,Trop d'attente aux buvettes
SAT0005051,POST_MATCH,M027,2026-03-15,2026-03-18,QR_SUR_PLACE,R57232907,1,6,7,5,5,6,6,
SAT0005057,POST_MATCH,M027,2026-03-15,2026-03-18,EMAIL,R53878025,1,6,9,5,5,6,8,
SAT0005075,POST_MATCH,M027,2026-03-15,2026-03-18,SMS,R51085331,1,7,8,6,9,7,8,
SAT0005089,POST_MATCH,M027,2026-03-15,2026-03-18,EMAIL,R59981187,1,5,6,5,6,6,7,Peu de choix a la restauration
SAT0005092,POST_MATCH,M027,2026-03-15,2026-03-18,EMAIL,R56419111,1,7,7,4,7,7,9,
SAT0005093,POST_MATCH,M027,2026-03-15,2026-03-18,EMAIL,R57509025,1,7,6,4,7,6,8,
SAT0005095,POST_MATCH,M027,2026-03-15,2026-03-18,EMAIL,R58185164,1,6,6,6,6,7,7,
SAT0005100,POST_MATCH,M027,2026-03-15,2026-03-18,QR_SUR_PLACE,R59784146,1,8,8,4,6,6,7,Bon rapport qualite prix
SAT0005101,POST_MATCH,M027,2026-03-15,2026-03-18,EMAIL,R57690483,1,4,6,5,7,6,6,Peu de choix a la restauration
SAT0005118,POST_MATCH,M027,2026-03-15,2026-03-18,EMAIL,R52516073,1,5,5,5,5,7,6,
SAT0005131,POST_MATCH,M027,2026-03-15,2026-03-18,SMS,R55736641,0,4,6,4,8,7,6,
SAT0005138,POST_MATCH,M027,2026-03-15,2026-03-18,EMAIL,R53410450,0,4,9,4,7,6,6,Prix des places trop eleve pour ce niveau de match
SAT0004799,POST_MATCH,M026,2026-03-12,2026-03-19,EMAIL,R51757122,1,8,8,8,7,10,9,Correct dans l'ensemble
SAT0004848,POST_MATCH,M026,2026-03-12,2026-03-19,EMAIL,R55101305,1,8,8,7,7,10,7,"Premiere fois ici, tres agreable surprise"
SAT0004853,POST_MATCH,M026,2026-03-12,2026-03-19,QR_SUR_PLACE,R51811401,1,9,7,8,7,10,9,
SAT0004862,POST_MATCH,M026,2026-03-12,2026-03-19,EMAIL,R59969818,1,8,9,6,7,10,9,L'ambiance dans les tribunes vaut le deplacement
SAT0004903,POST_MATCH,M026,2026-03-12,2026-03-19,EMAIL,R59993926,1,9,8,6,8,10,9,"Premiere fois ici, tres agreable surprise"
SAT0004965,POST_MATCH,M026,2026-03-12,2026-03-19,EMAIL,R56105399,1,9,7,7,6,10,9,
SAT0004971,POST_MATCH,M026,2026-03-12,2026-03-19,EMAIL,R54718515,1,7,5,6,8,9,7,
SAT0005029,POST_MATCH,M027,2026-03-15,2026-03-19,EMAIL,R51514709,1,6,8,7,6,7,7,
SAT0005034,POST_MATCH,M027,2026-03-15,2026-03-19,EMAIL,R59444477,1,9,5,5,7,7,9,"Premiere fois ici, tres agreable surprise"
SAT0005058,POST_MATCH,M027,2026-03-15,2026-03-19,EMAIL,R54934224,1,7,5,4,6,8,8,
SAT0005063,POST_MATCH,M027,2026-03-15,2026-03-19,EMAIL,R56784871,1,7,6,4,6,5,8,
SAT0005080,POST_MATCH,M027,2026-03-15,2026-03-19,EMAIL,R53037736,1,6,6,6,7,5,4,
SAT0005091,POST_MATCH,M027,2026-03-15,2026-03-19,EMAIL,R54673900,1,5,7,7,7,6,8,Prix des places trop eleve pour ce niveau de match
SAT0005096,POST_MATCH,M027,2026-03-15,2026-03-19,EMAIL,R58941606,1,6,6,4,7,6,7,
SAT0005104,POST_MATCH,M027,2026-03-15,2026-03-19,SMS,R51400011,1,6,6,6,6,6,5,
SAT0005106,POST_MATCH,M027,2026-03-15,2026-03-19,SMS,R57377575,1,6,8,4,7,7,7,
SAT0005112,POST_MATCH,M027,2026-03-15,2026-03-19,QR_SUR_PLACE,R52026219,1,7,6,5,7,7,6,
SAT0005113,POST_MATCH,M027,2026-03-15,2026-03-19,EMAIL,R51836055,0,6,7,4,7,5,8,
SAT0005122,POST_MATCH,M027,2026-03-15,2026-03-19,EMAIL,R54519635,1,6,5,6,7,7,5,
SAT0005123,POST_MATCH,M027,2026-03-15,2026-03-19,SMS,R58580415,1,5,6,6,9,8,6,Difficile de trouver sa place
SAT0005126,POST_MATCH,M027,2026-03-15,2026-03-19,EMAIL,R51072324,1,7,7,6,7,6,7,
SAT0005139,POST_MATCH,M027,2026-03-15,2026-03-19,EMAIL,R53103404,1,5,7,5,8,6,5,
SAT0005146,POST_MATCH,M027,2026-03-15,2026-03-19,SMS,R56584497,1,6,7,7,7,7,7,
SAT0005147,POST_MATCH,M027,2026-03-15,2026-03-19,QR_SUR_PLACE,R59473489,1,3,6,6,7,9,6,
SAT0004979,POST_MATCH,M027,2026-03-15,2026-03-20,QR_SUR_PLACE,R58486569,1,7,6,7,6,5,5,
SAT0004985,POST_MATCH,M027,2026-03-15,2026-03-20,QR_SUR_PLACE,R55716489,1,4,8,5,5,6,7,Sonorisation trop forte
SAT0005019,POST_MATCH,M027,2026-03-15,2026-03-20,EMAIL,R53494019,1,8,5,6,6,5,4,Tres bonne organisation
SAT0005024,POST_MATCH,M027,2026-03-15,2026-03-20,EMAIL,R57260291,1,6,7,5,7,5,5,
SAT0005042,POST_MATCH,M027,2026-03-15,2026-03-20,EMAIL,R52019342,1,4,7,6,6,6,8,Prix des places trop eleve pour ce niveau de match
SAT0005047,POST_MATCH,M027,2026-03-15,2026-03-20,SMS,R55376130,1,7,6,5,8,7,6,
SAT0005065,POST_MATCH,M027,2026-03-15,2026-03-20,EMAIL,R57802451,1,6,6,4,8,7,7,
SAT0005070,POST_MATCH,M027,2026-03-15,2026-03-20,SMS,R59729110,1,6,6,6,6,7,7,
SAT0005076,POST_MATCH,M027,2026-03-15,2026-03-20,QR_SUR_PLACE,R51203640,1,8,7,5,8,7,7,
SAT0005108,POST_MATCH,M027,2026-03-15,2026-03-20,EMAIL,R57996159,1,5,5,5,7,7,5,File d'attente interminable a l'entree
SAT0005130,POST_MATCH,M027,2026-03-15,2026-03-20,QR_SUR_PLACE,R57857765,1,5,5,5,6,6,5,Prix des places trop eleve pour ce niveau de match
SAT0005134,POST_MATCH,M027,2026-03-15,2026-03-20,EMAIL,R59741380,1,7,5,4,6,8,7,
SAT0005144,POST_MATCH,M027,2026-03-15,2026-03-20,EMAIL,R56807686,1,5,6,6,7,8,6,
SAT0005149,POST_MATCH,M027,2026-03-15,2026-03-20,EMAIL,R51141670,1,5,6,4,5,7,7,Difficile de trouver sa place
SAT0005151,POST_MATCH,M028,2026-03-19,2026-03-20,EMAIL,R52669199,1,4,5,5,5,7,5,Prix des places trop eleve pour ce niveau de match
SAT0005152,POST_MATCH,M028,2026-03-19,2026-03-20,EMAIL,R54912166,1,7,7,5,8,9,9,Sans plus
SAT0005153,POST_MATCH,M028,2026-03-19,2026-03-20,EMAIL,R57900541,1,8,7,5,7,7,9,"Premiere fois ici, tres agreable surprise"
SAT0005154,POST_MATCH,M028,2026-03-19,2026-03-20,QR_SUR_PLACE,R58388489,1,8,6,5,7,9,7,Match intense du debut a la fin
SAT0005155,POST_MATCH,M028,2026-03-19,2026-03-20,EMAIL,R58486569,1,7,8,5,7,7,9,
SAT0005157,POST_MATCH,M028,2026-03-19,2026-03-20,EMAIL,R52861135,1,7,8,3,7,9,8,
SAT0005160,POST_MATCH,M028,2026-03-19,2026-03-20,EMAIL,R54524817,1,6,5,3,6,8,7,Sans plus
SAT0005163,POST_MATCH,M028,2026-03-19,2026-03-20,EMAIL,R55728136,1,6,7,4,6,7,7,
SAT0005167,POST_MATCH,M028,2026-03-19,2026-03-20,QR_SUR_PLACE,R58751452,1,6,6,6,6,6,7,
SAT0005168,POST_MATCH,M028,2026-03-19,2026-03-20,EMAIL,R58847080,1,8,5,4,4,10,7,
SAT0005169,POST_MATCH,M028,2026-03-19,2026-03-20,EMAIL,R58901637,1,7,6,6,4,8,7,
SAT0005170,POST_MATCH,M028,2026-03-19,2026-03-20,EMAIL,R59092893,1,6,8,3,5,8,7,
SAT0005178,POST_MATCH,M028,2026-03-19,2026-03-20,EMAIL,R58598882,1,6,5,4,6,9,7,
SAT0005179,POST_MATCH,M028,2026-03-19,2026-03-20,EMAIL,R51043111,1,7,9,6,6,8,9,Sans plus
SAT0005180,POST_MATCH,M028,2026-03-19,2026-03-20,EMAIL,R51512669,1,6,8,5,6,6,9,
SAT0005181,POST_MATCH,M028,2026-03-19,2026-03-20,QR_SUR_PLACE,R52587871,1,6,4,5,6,7,6,
SAT0005183,POST_MATCH,M028,2026-03-19,2026-03-20,EMAIL,R56826153,1,7,7,5,6,9,9,Rien a signaler
SAT0005186,POST_MATCH,M028,2026-03-19,2026-03-20,EMAIL,R57649412,1,6,6,4,6,8,7,
SAT0005190,POST_MATCH,M028,2026-03-19,2026-03-20,SMS,R52369097,1,7,6,5,6,7,8,
SAT0005193,POST_MATCH,M028,2026-03-19,2026-03-20,EMAIL,R55847259,1,8,5,7,6,8,7,L'ambiance dans les tribunes vaut le deplacement
SAT0005196,POST_MATCH,M028,2026-03-19,2026-03-20,SMS,R53576161,1,7,7,4,7,8,9,
SAT0005201,POST_MATCH,M028,2026-03-19,2026-03-20,EMAIL,R58164466,1,6,8,5,6,9,7,
SAT0005202,POST_MATCH,M028,2026-03-19,2026-03-20,SMS,R58776853,1,7,6,4,4,9,9,
SAT0005206,POST_MATCH,M028,2026-03-19,2026-03-20,SMS,R51995301,1,8,7,4,6,7,6,
SAT0005208,POST_MATCH,M028,2026-03-19,2026-03-20,QR_SUR_PLACE,R56553569,1,7,6,3,6,7,8,
SAT0005209,POST_MATCH,M028,2026-03-19,2026-03-20,EMAIL,R56701915,1,6,5,4,7,7,4,
SAT0005210,POST_MATCH,M028,2026-03-19,2026-03-20,SMS,R56797543,1,5,6,5,6,8,7,
SAT0005212,POST_MATCH,M028,2026-03-19,2026-03-20,EMAIL,R57385410,1,7,6,4,5,8,8,
SAT0005213,POST_MATCH,M028,2026-03-19,2026-03-20,QR_SUR_PLACE,R58532946,1,7,8,3,6,8,8,
SAT0005215,POST_MATCH,M028,2026-03-19,2026-03-20,SMS,R52233825,1,5,8,4,7,8,6,Peu de choix a la restauration
SAT0005218,POST_MATCH,M028,2026-03-19,2026-03-20,EMAIL,R56315179,1,5,7,5,5,8,6,Difficile de trouver sa place
SAT0005224,POST_MATCH,M028,2026-03-19,2026-03-20,EMAIL,R58757438,1,7,6,6,6,9,8,
SAT0005227,POST_MATCH,M028,2026-03-19,2026-03-20,EMAIL,R51011024,1,7,6,4,5,9,8,
SAT0005228,POST_MATCH,M028,2026-03-19,2026-03-20,EMAIL,R51245803,1,5,8,5,6,8,8,
SAT0005229,POST_MATCH,M028,2026-03-19,2026-03-20,EMAIL,R52014505,1,6,8,1,6,8,7,
SAT0005231,POST_MATCH,M028,2026-03-19,2026-03-20,SMS,R53854731,1,7,3,3,5,7,7,
SAT0005234,POST_MATCH,M028,2026-03-19,2026-03-20,QR_SUR_PLACE,R55342482,1,4,7,4,6,9,8,Difficile de trouver sa place
SAT0005236,POST_MATCH,M028,2026-03-19,2026-03-20,QR_SUR_PLACE,R56644494,1,6,8,5,6,7,6,
SAT0005237,POST_MATCH,M028,2026-03-19,2026-03-20,EMAIL,R59205608,1,7,5,5,7,8,9,
SAT0005241,POST_MATCH,M028,2026-03-19,2026-03-20,EMAIL,R56442884,1,7,6,4,6,7,6,
SAT0005243,POST_MATCH,M028,2026-03-19,2026-03-20,EMAIL,R57264917,1,7,7,3,6,8,7,
SAT0005245,POST_MATCH,M028,2026-03-19,2026-03-20,EMAIL,R54337296,1,5,6,3,5,6,5,
SAT0005246,POST_MATCH,M028,2026-03-19,2026-03-20,EMAIL,R54979720,1,6,6,6,7,7,7,
SAT0005247,POST_MATCH,M028,2026-03-19,2026-03-20,SMS,R55277025,1,7,7,6,6,7,9,Sans plus
SAT0005248,POST_MATCH,M028,2026-03-19,2026-03-20,EMAIL,R56003430,1,5,6,5,4,9,7,Trop d'attente aux buvettes
SAT0005250,POST_MATCH,M028,2026-03-19,2026-03-20,QR_SUR_PLACE,R51093367,1,7,6,4,6,8,6,
SAT0005251,POST_MATCH,M028,2026-03-19,2026-03-20,EMAIL,R51174896,1,5,7,6,7,8,7,Trop d'attente aux buvettes
SAT0005254,POST_MATCH,M028,2026-03-19,2026-03-20,EMAIL,R55978364,1,4,7,3,6,8,7,Prix des places trop eleve pour ce niveau de match
SAT0005255,POST_MATCH,M028,2026-03-19,2026-03-20,EMAIL,R56579717,1,8,8,3,4,9,9,
SAT0005258,POST_MATCH,M028,2026-03-19,2026-03-20,EMAIL,R53418898,1,6,7,4,7,6,6,
SAT0005260,POST_MATCH,M028,2026-03-19,2026-03-20,EMAIL,R51551623,0,5,6,5,6,7,6,Peu de choix a la restauration
SAT0005261,POST_MATCH,M028,2026-03-19,2026-03-20,QR_SUR_PLACE,R54325659,1,7,6,6,6,7,7,
SAT0005264,POST_MATCH,M028,2026-03-19,2026-03-20,EMAIL,R53745205,1,6,5,4,6,9,6,
SAT0005265,POST_MATCH,M028,2026-03-19,2026-03-20,EMAIL,R52370668,0,5,7,2,5,8,6,Sonorisation trop forte
SAT0005266,POST_MATCH,M028,2026-03-19,2026-03-20,SMS,R57429479,1,5,6,5,6,7,4,Peu de choix a la restauration
SAT0005268,POST_MATCH,M028,2026-03-19,2026-03-20,EMAIL,R55620372,1,5,6,3,6,10,9,File d'attente interminable a l'entree
SAT0005269,POST_MATCH,M028,2026-03-19,2026-03-20,EMAIL,R53738338,1,6,7,6,5,10,6,
SAT0005270,POST_MATCH,M028,2026-03-19,2026-03-20,EMAIL,R52817334,1,6,8,3,8,8,9,
SAT0005272,POST_MATCH,M028,2026-03-19,2026-03-20,EMAIL,R57144846,1,9,7,5,6,7,7,
SAT0005273,POST_MATCH,M028,2026-03-19,2026-03-20,EMAIL,R51929576,1,4,8,5,8,9,7,
SAT0005274,POST_MATCH,M028,2026-03-19,2026-03-20,QR_SUR_PLACE,R53815432,1,4,6,5,6,6,6,
SAT0005279,POST_MATCH,M028,2026-03-19,2026-03-20,QR_SUR_PLACE,R56758244,1,7,7,4,7,7,9,
SAT0005281,POST_MATCH,M028,2026-03-19,2026-03-20,EMAIL,R52549731,1,6,7,5,6,7,7,
SAT0005282,POST_MATCH,M028,2026-03-19,2026-03-20,EMAIL,R59130966,1,7,5,4,7,6,7,
SAT0005285,POST_MATCH,M028,2026-03-19,2026-03-20,SMS,R55960587,1,4,6,4,6,9,5,
SAT0005293,POST_MATCH,M028,2026-03-19,2026-03-20,SMS,R56559297,1,5,6,2,6,9,5,
SAT0005294,POST_MATCH,M028,2026-03-19,2026-03-20,EMAIL,R56740745,0,8,9,5,6,5,9,Sans plus
SAT0005295,POST_MATCH,M028,2026-03-19,2026-03-20,EMAIL,R56702049,0,7,7,5,6,8,7,
SAT0005297,POST_MATCH,M028,2026-03-19,2026-03-20,EMAIL,R57991734,1,5,8,6,4,9,7,
SAT0005298,POST_MATCH,M028,2026-03-19,2026-03-20,EMAIL,R51096298,1,6,5,4,4,7,6,
SAT0005299,POST_MATCH,M028,2026-03-19,2026-03-20,EMAIL,R54269320,1,6,7,4,6,7,7,
SAT0005302,POST_MATCH,M028,2026-03-19,2026-03-20,EMAIL,R55639653,1,5,7,4,4,9,6,
SAT0005304,POST_MATCH,M028,2026-03-19,2026-03-20,QR_SUR_PLACE,R55649806,1,7,5,6,8,9,7,Rien a signaler
SAT0005305,POST_MATCH,M028,2026-03-19,2026-03-20,EMAIL,R57078776,1,7,6,4,6,8,8,
SAT0005309,POST_MATCH,M028,2026-03-19,2026-03-20,EMAIL,R58301711,0,7,8,3,5,7,8,
SAT0005314,POST_MATCH,M028,2026-03-19,2026-03-20,SMS,R58473552,1,5,6,5,8,7,5,
SAT0005316,POST_MATCH,M028,2026-03-19,2026-03-20,QR_SUR_PLACE,R54263746,1,8,9,6,6,10,10,L'ambiance dans les tribunes vaut le deplacement
SAT0005156,POST_MATCH,M028,2026-03-19,2026-03-21,EMAIL,R59733411,1,5,6,3,6,10,8,
SAT0005159,POST_MATCH,M028,2026-03-19,2026-03-21,EMAIL,R54424285,1,6,9,3,6,8,8,
SAT0005162,POST_MATCH,M028,2026-03-19,2026-03-21,EMAIL,R55570595,1,5,5,6,6,7,8,File d'attente interminable a l'entree
SAT0005175,POST_MATCH,M028,2026-03-19,2026-03-21,EMAIL,R55852029,1,7,7,3,6,7,7,
SAT0005185,POST_MATCH,M028,2026-03-19,2026-03-21,EMAIL,R57038864,1,5,6,5,6,8,7,
SAT0005188,POST_MATCH,M028,2026-03-19,2026-03-21,EMAIL,R58191304,1,6,6,5,7,8,7,
SAT0005189,POST_MATCH,M028,2026-03-19,2026-03-21,QR_SUR_PLACE,R52017235,1,6,7,6,5,7,7,
SAT0005192,POST_MATCH,M028,2026-03-19,2026-03-21,SMS,R53422844,1,7,7,6,5,7,7,
SAT0005199,POST_MATCH,M028,2026-03-19,2026-03-21,QR_SUR_PLACE,R56362859,1,7,7,4,6,7,7,
SAT0005203,POST_MATCH,M028,2026-03-19,2026-03-21,EMAIL,R59567010,1,9,7,3,4,7,7,
SAT0005205,POST_MATCH,M028,2026-03-19,2026-03-21,EMAIL,R51249893,1,6,7,6,5,7,9,
SAT0005219,POST_MATCH,M028,2026-03-19,2026-03-21,EMAIL,R58390184,1,8,8,2,5,8,8,
SAT0005220,POST_MATCH,M028,2026-03-19,2026-03-21,EMAIL,R59274130,1,6,6,3,5,8,8,
SAT0005221,POST_MATCH,M028,2026-03-19,2026-03-21,SMS,R59339108,1,6,6,6,8,8,7,
SAT0005226,POST_MATCH,M028,2026-03-19,2026-03-21,SMS,R59936850,1,6,8,4,6,8,7,
SAT0005232,POST_MATCH,M028,2026-03-19,2026-03-21,SMS,R54110965,1,8,7,5,8,9,9,
SAT0005233,POST_MATCH,M028,2026-03-19,2026-03-21,EMAIL,R54704349,1,6,8,4,7,6,8,
SAT0005239,POST_MATCH,M028,2026-03-19,2026-03-21,EMAIL,R59625513,1,7,6,5,7,7,6,Sans plus
SAT0005240,POST_MATCH,M028,2026-03-19,2026-03-21,EMAIL,R56138223,1,7,4,4,5,8,6,
SAT0005244,POST_MATCH,M028,2026-03-19,2026-03-21,EMAIL,R53145011,1,8,9,3,7,9,8,
SAT0005262,POST_MATCH,M028,2026-03-19,2026-03-21,QR_SUR_PLACE,R53840086,1,6,8,5,6,8,8,Rien a signaler
SAT0005267,POST_MATCH,M028,2026-03-19,2026-03-21,QR_SUR_PLACE,R52594135,1,4,6,4,6,9,6,
SAT0005275,POST_MATCH,M028,2026-03-19,2026-03-21,EMAIL,R53304056,1,5,7,6,6,8,8,Peu de choix a la restauration
SAT0005280,POST_MATCH,M028,2026-03-19,2026-03-21,EMAIL,R57286918,1,7,6,4,5,9,7,
SAT0005284,POST_MATCH,M028,2026-03-19,2026-03-21,EMAIL,R56280717,0,8,8,6,7,7,7,
SAT0005287,POST_MATCH,M028,2026-03-19,2026-03-21,SMS,R55850391,1,4,7,4,7,8,5,File d'attente interminable a l'entree
SAT0005288,POST_MATCH,M028,2026-03-19,2026-03-21,EMAIL,R59537107,1,5,6,6,6,7,5,Prix des places trop eleve pour ce niveau de match
SAT0005290,POST_MATCH,M028,2026-03-19,2026-03-21,EMAIL,R55258032,1,7,6,5,6,9,7,
SAT0005292,POST_MATCH,M028,2026-03-19,2026-03-21,EMAIL,R58565502,1,8,8,3,6,9,7,
SAT0005303,POST_MATCH,M028,2026-03-19,2026-03-21,EMAIL,R56056838,0,4,8,4,5,8,7,Sans plus
SAT0005307,POST_MATCH,M028,2026-03-19,2026-03-21,EMAIL,R56227798,1,6,6,4,6,9,8,
SAT0005308,POST_MATCH,M028,2026-03-19,2026-03-21,EMAIL,R51735389,1,6,6,5,6,8,8,
SAT0005317,POST_MATCH,M028,2026-03-19,2026-03-21,SMS,R56462979,0,5,8,5,6,9,7,
SAT0004982,POST_MATCH,M027,2026-03-15,2026-03-22,QR_SUR_PLACE,R53014998,1,5,7,7,7,5,6,Prix des places trop eleve pour ce niveau de match
SAT0004991,POST_MATCH,M027,2026-03-15,2026-03-22,EMAIL,R52014649,1,4,5,5,7,6,4,
SAT0004992,POST_MATCH,M027,2026-03-15,2026-03-22,EMAIL,R52646039,1,7,4,4,7,8,7,
SAT0005027,POST_MATCH,M027,2026-03-15,2026-03-22,EMAIL,R59483029,1,9,5,3,5,8,6,L'ambiance dans les tribunes vaut le deplacement
SAT0005045,POST_MATCH,M027,2026-03-15,2026-03-22,EMAIL,R52992786,1,7,8,5,7,7,6,
SAT0005046,POST_MATCH,M027,2026-03-15,2026-03-22,EMAIL,R55007104,1,7,7,5,6,8,7,
SAT0005069,POST_MATCH,M027,2026-03-15,2026-03-22,SMS,R59382152,1,8,6,4,6,8,8,
SAT0005078,POST_MATCH,M027,2026-03-15,2026-03-22,EMAIL,R52444965,1,7,8,5,7,7,8,
SAT0005128,POST_MATCH,M027,2026-03-15,2026-03-22,EMAIL,R55777846,1,5,6,4,8,5,6,Sans plus
SAT0005161,POST_MATCH,M028,2026-03-19,2026-03-22,EMAIL,R54824574,1,8,7,4,6,8,8,
SAT0005165,POST_MATCH,M028,2026-03-19,2026-03-22,EMAIL,R57516870,1,5,5,4,8,8,5,
SAT0005166,POST_MATCH,M028,2026-03-19,2026-03-22,EMAIL,R57965586,1,6,6,5,7,8,7,
SAT0005171,POST_MATCH,M028,2026-03-19,2026-03-22,EMAIL,R52114568,1,5,7,3,6,10,8,
SAT0005172,POST_MATCH,M028,2026-03-19,2026-03-22,QR_SUR_PLACE,R53321565,1,6,8,5,5,7,9,
SAT0005176,POST_MATCH,M028,2026-03-19,2026-03-22,EMAIL,R56512230,1,6,7,4,5,8,9,
SAT0005182,POST_MATCH,M028,2026-03-19,2026-03-22,QR_SUR_PLACE,R55874777,1,6,8,4,6,8,7,Rien a signaler
SAT0005184,POST_MATCH,M028,2026-03-19,2026-03-22,SMS,R56937719,1,7,6,4,6,8,8,
SAT0005198,POST_MATCH,M028,2026-03-19,2026-03-22,EMAIL,R55087819,1,6,6,7,7,8,8,
SAT0005200,POST_MATCH,M028,2026-03-19,2026-03-22,EMAIL,R57218607,1,6,7,3,5,9,8,
SAT0005207,POST_MATCH,M028,2026-03-19,2026-03-22,SMS,R54931571,1,6,6,5,5,7,6,
SAT0005211,POST_MATCH,M028,2026-03-19,2026-03-22,SMS,R57332079,1,8,9,5,4,8,8,
SAT0005222,POST_MATCH,M028,2026-03-19,2026-03-22,EMAIL,R53013628,1,5,6,5,8,9,8,Sonorisation trop forte
SAT0005225,POST_MATCH,M028,2026-03-19,2026-03-22,SMS,R59413348,1,6,6,6,7,6,6,
SAT0005242,POST_MATCH,M028,2026-03-19,2026-03-22,EMAIL,R57028299,1,5,5,4,6,9,6,Prix des places trop eleve pour ce niveau de match
SAT0005252,POST_MATCH,M028,2026-03-19,2026-03-22,QR_SUR_PLACE,R54454446,1,7,6,3,7,9,9,
SAT0005256,POST_MATCH,M028,2026-03-19,2026-03-22,EMAIL,R57057857,1,5,6,4,9,8,7,File d'attente interminable a l'entree
SAT0005276,POST_MATCH,M028,2026-03-19,2026-03-22,EMAIL,R59677072,0,6,8,4,7,8,7,
SAT0005286,POST_MATCH,M028,2026-03-19,2026-03-22,QR_SUR_PLACE,R57346245,1,5,7,5,5,8,7,File d'attente interminable a l'entree
SAT0005291,POST_MATCH,M028,2026-03-19,2026-03-22,SMS,R58901637,1,6,7,5,6,8,9,
SAT0005300,POST_MATCH,M028,2026-03-19,2026-03-22,SMS,R58527496,0,6,6,2,7,6,6,
SAT0005306,POST_MATCH,M028,2026-03-19,2026-03-22,EMAIL,R58952104,0,5,5,6,6,7,7,Trop d'attente aux buvettes
SAT0005311,POST_MATCH,M028,2026-03-19,2026-03-22,EMAIL,R51853832,1,6,6,5,7,5,7,
SAT0005312,POST_MATCH,M028,2026-03-19,2026-03-22,EMAIL,R57650638,1,7,6,5,9,7,6,
SAT0005315,POST_MATCH,M028,2026-03-19,2026-03-22,EMAIL,R54158923,0,8,5,2,5,7,6,"Premiere fois ici, tres agreable surprise"
SAT0005318,POST_MATCH,M028,2026-03-19,2026-03-22,QR_SUR_PLACE,R51715495,1,7,7,6,7,7,9,
SAT0005319,POST_MATCH,M028,2026-03-19,2026-03-22,EMAIL,R58764114,0,6,6,5,9,5,7,
SAT0005320,POST_MATCH,M028,2026-03-19,2026-03-22,EMAIL,R59424526,1,6,6,5,6,9,7,
SAT0005150,POST_MATCH,M028,2026-03-19,2026-03-23,SMS,R52588896,1,5,5,5,5,10,7,Trop d'attente aux buvettes
SAT0005158,POST_MATCH,M028,2026-03-19,2026-03-23,EMAIL,R53993346,1,6,7,6,7,7,5,
SAT0005194,POST_MATCH,M028,2026-03-19,2026-03-23,QR_SUR_PLACE,R57075711,1,5,6,5,7,6,6,
SAT0005204,POST_MATCH,M028,2026-03-19,2026-03-23,EMAIL,R59711678,1,7,5,4,4,7,7,
SAT0005214,POST_MATCH,M028,2026-03-19,2026-03-23,SMS,R51905870,1,7,7,4,6,7,9,
SAT0005217,POST_MATCH,M028,2026-03-19,2026-03-23,EMAIL,R55570997,1,7,5,5,6,8,8,
SAT0005238,POST_MATCH,M028,2026-03-19,2026-03-23,QR_SUR_PLACE,R59382152,1,7,6,4,5,8,7,
SAT0005249,POST_MATCH,M028,2026-03-19,2026-03-23,SMS,R59590706,1,6,7,4,6,6,4,
SAT0005253,POST_MATCH,M028,2026-03-19,2026-03-23,QR_SUR_PLACE,R55960587,1,7,6,4,6,8,9,Sans plus
SAT0005257,POST_MATCH,M028,2026-03-19,2026-03-23,EMAIL,R59058076,1,5,8,3,6,10,9,Sonorisation trop forte
SAT0005259,POST_MATCH,M028,2026-03-19,2026-03-23,SMS,R52228509,0,6,6,4,5,5,6,
SAT0005289,POST_MATCH,M028,2026-03-19,2026-03-23,EMAIL,R59369902,0,5,7,4,7,6,7,Prix des places trop eleve pour ce niveau de match
SAT0005296,POST_MATCH,M028,2026-03-19,2026-03-23,EMAIL,R54089510,1,8,6,4,4,8,8,
SAT0005310,POST_MATCH,M028,2026-03-19,2026-03-23,EMAIL,R54387428,1,5,7,4,6,4,6,Prix des places trop eleve pour ce niveau de match
SAT0005313,POST_MATCH,M028,2026-03-19,2026-03-23,EMAIL,R51830816,1,5,8,6,7,8,8,
SAT0005322,POST_MATCH,M029,2026-03-22,2026-03-23,EMAIL,R52362086,1,6,7,2,4,5,5,
SAT0005325,POST_MATCH,M029,2026-03-22,2026-03-23,EMAIL,R54668805,1,8,8,6,6,5,7,L'ambiance dans les tribunes vaut le deplacement
SAT0005327,POST_MATCH,M029,2026-03-22,2026-03-23,EMAIL,R58137159,1,6,8,2,7,6,9,
SAT0005328,POST_MATCH,M029,2026-03-22,2026-03-23,EMAIL,R59558093,1,5,7,5,4,4,7,Difficile de trouver sa place
SAT0005329,POST_MATCH,M029,2026-03-22,2026-03-23,SMS,R59746284,1,9,6,4,7,4,6,"Super ambiance, on reviendra"
SAT0005330,POST_MATCH,M029,2026-03-22,2026-03-23,EMAIL,R51755896,1,6,7,4,7,6,6,Correct dans l'ensemble
SAT0005332,POST_MATCH,M029,2026-03-22,2026-03-23,EMAIL,R51897499,1,6,6,5,6,5,6,
SAT0005334,POST_MATCH,M029,2026-03-22,2026-03-23,EMAIL,R53993346,1,9,7,5,7,6,7,
SAT0005336,POST_MATCH,M029,2026-03-22,2026-03-23,EMAIL,R56490095,1,4,5,4,6,5,6,
SAT0005338,POST_MATCH,M029,2026-03-22,2026-03-23,EMAIL,R59092893,1,7,5,4,5,6,7,
SAT0005339,POST_MATCH,M029,2026-03-22,2026-03-23,QR_SUR_PLACE,R59992777,1,6,6,4,5,7,7,
SAT0005341,POST_MATCH,M029,2026-03-22,2026-03-23,EMAIL,R52616615,1,5,8,7,6,5,6,File d'attente interminable a l'entree
SAT0005346,POST_MATCH,M029,2026-03-22,2026-03-23,EMAIL,R56688774,1,5,8,6,6,5,6,Prix des places trop eleve pour ce niveau de match
SAT0005348,POST_MATCH,M029,2026-03-22,2026-03-23,EMAIL,R59174489,1,6,7,7,6,6,8,
SAT0005350,POST_MATCH,M029,2026-03-22,2026-03-23,SMS,R54800801,1,6,9,2,6,3,6,
SAT0005352,POST_MATCH,M029,2026-03-22,2026-03-23,EMAIL,R55267907,1,6,7,5,4,5,7,
SAT0005353,POST_MATCH,M029,2026-03-22,2026-03-23,EMAIL,R58674348,1,6,6,6,6,6,6,
SAT0005357,POST_MATCH,M029,2026-03-22,2026-03-23,EMAIL,R51790425,1,7,7,4,6,6,7,
SAT0005358,POST_MATCH,M029,2026-03-22,2026-03-23,SMS,R52362967,1,6,6,4,5,3,6,
SAT0005359,POST_MATCH,M029,2026-03-22,2026-03-23,EMAIL,R52766934,1,7,8,6,5,6,6,Correct dans l'ensemble
SAT0005361,POST_MATCH,M029,2026-03-22,2026-03-23,EMAIL,R53400163,1,6,6,7,6,5,4,
SAT0005368,POST_MATCH,M029,2026-03-22,2026-03-23,QR_SUR_PLACE,R51674635,1,7,5,4,5,7,7,
SAT0005369,POST_MATCH,M029,2026-03-22,2026-03-23,SMS,R52557968,1,7,7,3,6,6,7,
SAT0005370,POST_MATCH,M029,2026-03-22,2026-03-23,EMAIL,R55705723,1,6,7,3,5,4,5,
SAT0005371,POST_MATCH,M029,2026-03-22,2026-03-23,QR_SUR_PLACE,R56578635,1,6,6,5,7,5,5,Rien a signaler
SAT0005375,POST_MATCH,M029,2026-03-22,2026-03-23,QR_SUR_PLACE,R53169809,1,4,7,7,5,4,6,Peu de choix a la restauration
SAT0005377,POST_MATCH,M029,2026-03-22,2026-03-23,EMAIL,R56553569,1,7,5,4,7,7,7,
SAT0005378,POST_MATCH,M029,2026-03-22,2026-03-23,SMS,R57332079,1,7,7,5,8,4,6,
SAT0005379,POST_MATCH,M029,2026-03-22,2026-03-23,QR_SUR_PLACE,R58613249,1,7,4,4,6,6,6,
SAT0005381,POST_MATCH,M029,2026-03-22,2026-03-23,EMAIL,R52046860,1,9,8,4,6,4,6,
SAT0005383,POST_MATCH,M029,2026-03-22,2026-03-23,SMS,R54028076,1,7,9,5,8,4,6,
SAT0005384,POST_MATCH,M029,2026-03-22,2026-03-23,QR_SUR_PLACE,R55148027,1,8,8,6,8,5,6,Correct dans l'ensemble
SAT0005387,POST_MATCH,M029,2026-03-22,2026-03-23,QR_SUR_PLACE,R58286587,1,4,8,4,5,6,6,Prix des places trop eleve pour ce niveau de match
SAT0005389,POST_MATCH,M029,2026-03-22,2026-03-23,QR_SUR_PLACE,R53042439,1,7,8,4,6,6,8,
SAT0005390,POST_MATCH,M029,2026-03-22,2026-03-23,QR_SUR_PLACE,R53304803,1,8,6,5,6,6,8,Rien a signaler
SAT0005391,POST_MATCH,M029,2026-03-22,2026-03-23,QR_SUR_PLACE,R53881636,1,6,8,6,5,4,6,
SAT0005392,POST_MATCH,M029,2026-03-22,2026-03-23,SMS,R55682630,1,9,7,3,7,6,7,"Premiere fois ici, tres agreable surprise"
SAT0005394,POST_MATCH,M029,2026-03-22,2026-03-23,EMAIL,R56657913,1,7,8,6,6,3,7,
SAT0005398,POST_MATCH,M029,2026-03-22,2026-03-23,EMAIL,R59128916,1,6,8,4,5,6,6,
SAT0005399,POST_MATCH,M029,2026-03-22,2026-03-23,QR_SUR_PLACE,R59936850,1,5,4,5,7,4,3,
SAT0005401,POST_MATCH,M029,2026-03-22,2026-03-23,SMS,R53967523,1,7,7,6,5,4,5,
SAT0005404,POST_MATCH,M029,2026-03-22,2026-03-23,EMAIL,R58059911,1,7,6,5,5,4,6,
SAT0005405,POST_MATCH,M029,2026-03-22,2026-03-23,EMAIL,R58950600,1,6,7,6,7,5,8,
SAT0005406,POST_MATCH,M029,2026-03-22,2026-03-23,QR_SUR_PLACE,R59729110,1,5,7,4,7,5,5,
SAT0005407,POST_MATCH,M029,2026-03-22,2026-03-23,EMAIL,R59854775,1,6,6,4,6,6,4,
SAT0005409,POST_MATCH,M029,2026-03-22,2026-03-23,EMAIL,R52862964,1,5,6,5,8,5,5,
SAT0005411,POST_MATCH,M029,2026-03-22,2026-03-23,EMAIL,R54456151,1,7,7,5,7,5,6,
SAT0005413,POST_MATCH,M029,2026-03-22,2026-03-23,EMAIL,R56897730,1,6,6,3,9,6,6,
SAT0005414,POST_MATCH,M029,2026-03-22,2026-03-23,SMS,R57606358,1,7,6,7,6,2,5,
SAT0005418,POST_MATCH,M029,2026-03-22,2026-03-23,EMAIL,R53064095,1,5,5,4,7,6,7,Difficile de trouver sa place
SAT0005420,POST_MATCH,M029,2026-03-22,2026-03-23,EMAIL,R54545103,1,7,7,3,7,4,5,
SAT0005422,POST_MATCH,M029,2026-03-22,2026-03-23,EMAIL,R56317286,1,8,6,4,7,5,8,
SAT0005424,POST_MATCH,M029,2026-03-22,2026-03-23,EMAIL,R57371033,1,6,5,7,6,6,7,
SAT0005426,POST_MATCH,M029,2026-03-22,2026-03-23,EMAIL,R59379221,1,7,5,5,5,6,8,
SAT0005428,POST_MATCH,M029,2026-03-22,2026-03-23,EMAIL,R51385155,1,7,8,6,6,5,5,
SAT0005429,POST_MATCH,M029,2026-03-22,2026-03-23,QR_SUR_PLACE,R52405800,1,6,7,5,6,5,6,Correct dans l'ensemble
SAT0005431,POST_MATCH,M029,2026-03-22,2026-03-23,QR_SUR_PLACE,R53686357,1,7,9,6,6,5,6,
SAT0005436,POST_MATCH,M029,2026-03-22,2026-03-23,QR_SUR_PLACE,R58529057,1,8,6,4,6,6,6,
SAT0005441,POST_MATCH,M029,2026-03-22,2026-03-23,QR_SUR_PLACE,R53897306,0,4,8,4,6,3,6,
SAT0005443,POST_MATCH,M029,2026-03-22,2026-03-23,QR_SUR_PLACE,R53678388,1,5,5,5,5,6,5,
SAT0005446,POST_MATCH,M029,2026-03-22,2026-03-23,EMAIL,R54177849,1,6,7,5,7,4,5,
SAT0005447,POST_MATCH,M029,2026-03-22,2026-03-23,EMAIL,R53457574,0,6,8,3,8,4,6,
SAT0005449,POST_MATCH,M029,2026-03-22,2026-03-23,SMS,R54141079,1,6,6,4,6,4,7,
SAT0005451,POST_MATCH,M029,2026-03-22,2026-03-23,EMAIL,R51560406,1,8,8,6,8,5,8,
SAT0005453,POST_MATCH,M029,2026-03-22,2026-03-23,EMAIL,R51472680,1,6,9,4,8,7,8,
SAT0005454,POST_MATCH,M029,2026-03-22,2026-03-23,QR_SUR_PLACE,R57757702,1,5,7,4,5,4,6,
SAT0005456,POST_MATCH,M029,2026-03-22,2026-03-23,EMAIL,R54783014,1,5,7,5,5,5,5,Difficile de trouver sa place
SAT0005457,POST_MATCH,M029,2026-03-22,2026-03-23,EMAIL,R52164690,1,8,6,5,6,4,8,Bon rapport qualite prix
SAT0005459,POST_MATCH,M029,2026-03-22,2026-03-23,EMAIL,R53825987,1,5,8,3,7,5,5,Prix des places trop eleve pour ce niveau de match
SAT0005466,POST_MATCH,M029,2026-03-22,2026-03-23,EMAIL,R53796094,1,4,6,5,7,5,4,
SAT0005467,POST_MATCH,M029,2026-03-22,2026-03-23,SMS,R51858190,1,6,6,4,7,7,8,
SAT0005474,POST_MATCH,M029,2026-03-22,2026-03-23,QR_SUR_PLACE,R52753649,0,6,7,5,7,4,6,
SAT0005476,POST_MATCH,M029,2026-03-22,2026-03-23,SMS,R57075711,1,5,7,6,5,5,6,
SAT0005477,POST_MATCH,M029,2026-03-22,2026-03-23,EMAIL,R53868763,1,5,6,7,8,3,4,
SAT0005481,POST_MATCH,M029,2026-03-22,2026-03-23,EMAIL,R55532100,0,7,7,4,6,5,7,Sans plus
SAT0005483,POST_MATCH,M029,2026-03-22,2026-03-23,EMAIL,R51852750,0,9,7,5,9,5,8,L'ambiance dans les tribunes vaut le deplacement
SAT0005485,POST_MATCH,M029,2026-03-22,2026-03-23,EMAIL,R59647447,1,5,5,5,7,6,8,Peu de choix a la restauration
SAT0005486,POST_MATCH,M029,2026-03-22,2026-03-23,EMAIL,R55194213,1,3,6,4,6,4,5,Sans plus
SAT0005164,POST_MATCH,M028,2026-03-19,2026-03-24,EMAIL,R56545878,1,7,7,5,6,6,6,
SAT0005173,POST_MATCH,M028,2026-03-19,2026-03-24,QR_SUR_PLACE,R53487688,1,6,7,4,7,9,7,
SAT0005174,POST_MATCH,M028,2026-03-19,2026-03-24,QR_SUR_PLACE,R54841192,1,9,6,4,6,8,10,"Super ambiance, on reviendra"
SAT0005187,POST_MATCH,M028,2026-03-19,2026-03-24,EMAIL,R57919132,1,8,6,6,7,10,9,
SAT0005195,POST_MATCH,M028,2026-03-19,2026-03-24,QR_SUR_PLACE,R53105990,1,7,5,5,6,8,6,
SAT0005216,POST_MATCH,M028,2026-03-19,2026-03-24,SMS,R54572420,1,7,6,5,7,9,7,Rien a signaler
SAT0005223,POST_MATCH,M028,2026-03-19,2026-03-24,QR_SUR_PLACE,R57494045,1,5,7,4,5,6,8,File d'attente interminable a l'entree
SAT0005230,POST_MATCH,M028,2026-03-19,2026-03-24,EMAIL,R53773202,1,4,6,4,8,7,6,
SAT0005235,POST_MATCH,M028,2026-03-19,2026-03-24,QR_SUR_PLACE,R55672276,1,7,6,4,7,8,6,
SAT0005271,POST_MATCH,M028,2026-03-19,2026-03-24,EMAIL,R56501263,1,5,5,5,5,8,6,
SAT0005283,POST_MATCH,M028,2026-03-19,2026-03-24,EMAIL,R53505398,1,4,6,3,7,7,6,
SAT0005301,POST_MATCH,M028,2026-03-19,2026-03-24,QR_SUR_PLACE,R55364483,1,5,7,6,5,6,7,
SAT0005324,POST_MATCH,M029,2026-03-22,2026-03-24,EMAIL,R54278324,1,7,7,6,6,6,7,
SAT0005331,POST_MATCH,M029,2026-03-22,2026-03-24,QR_SUR_PLACE,R51852137,1,6,5,5,4,7,7,
SAT0005344,POST_MATCH,M029,2026-03-22,2026-03-24,EMAIL,R54587410,1,6,5,4,6,5,5,
SAT0005347,POST_MATCH,M029,2026-03-22,2026-03-24,EMAIL,R57486900,1,9,7,3,7,6,7,
SAT0005349,POST_MATCH,M029,2026-03-22,2026-03-24,EMAIL,R52346349,1,7,7,6,5,6,9,
SAT0005351,POST_MATCH,M029,2026-03-22,2026-03-24,EMAIL,R54945469,1,7,7,4,7,4,6,
SAT0005354,POST_MATCH,M029,2026-03-22,2026-03-24,EMAIL,R59246890,1,6,5,4,6,5,7,
SAT0005355,POST_MATCH,M029,2026-03-22,2026-03-24,EMAIL,R59558907,1,7,7,5,4,7,7,
SAT0005356,POST_MATCH,M029,2026-03-22,2026-03-24,QR_SUR_PLACE,R51033983,1,7,8,4,4,4,8,
SAT0005366,POST_MATCH,M029,2026-03-22,2026-03-24,SMS,R59129874,1,6,7,4,5,6,6,
SAT0005380,POST_MATCH,M029,2026-03-22,2026-03-24,EMAIL,R59086485,1,5,6,5,6,4,6,Difficile de trouver sa place
SAT0005385,POST_MATCH,M029,2026-03-22,2026-03-24,QR_SUR_PLACE,R55567932,1,6,5,5,6,6,4,
SAT0005386,POST_MATCH,M029,2026-03-22,2026-03-24,EMAIL,R57696268,1,5,8,5,6,3,6,Difficile de trouver sa place
SAT0005393,POST_MATCH,M029,2026-03-22,2026-03-24,EMAIL,R55945607,1,5,9,6,6,5,6,Prix des places trop eleve pour ce niveau de match
SAT0005400,POST_MATCH,M029,2026-03-22,2026-03-24,EMAIL,R51508780,1,6,5,5,6,6,6,
SAT0005402,POST_MATCH,M029,2026-03-22,2026-03-24,EMAIL,R56307344,1,6,6,5,5,6,7,
SAT0005403,POST_MATCH,M029,2026-03-22,2026-03-24,SMS,R56383969,1,5,6,5,4,4,5,
SAT0005408,POST_MATCH,M029,2026-03-22,2026-03-24,QR_SUR_PLACE,R51904845,1,6,7,5,7,5,7,
SAT0005437,POST_MATCH,M029,2026-03-22,2026-03-24,EMAIL,R58907278,1,7,7,5,7,4,6,
SAT0005450,POST_MATCH,M029,2026-03-22,2026-03-24,EMAIL,R57956314,1,6,5,6,8,6,6,
SAT0005452,POST_MATCH,M029,2026-03-22,2026-03-24,EMAIL,R55895686,1,8,6,5,7,6,7,
SAT0005455,POST_MATCH,M029,2026-03-22,2026-03-24,EMAIL,R56555073,1,6,6,4,6,3,6,
SAT0005458,POST_MATCH,M029,2026-03-22,2026-03-24,EMAIL,R51309632,0,6,8,5,5,4,7,Sans plus
SAT0005465,POST_MATCH,M029,2026-03-22,2026-03-24,EMAIL,R53993959,1,6,5,4,7,6,6,
SAT0005468,POST_MATCH,M029,2026-03-22,2026-03-24,EMAIL,R51953895,0,8,6,5,6,6,6,
SAT0005472,POST_MATCH,M029,2026-03-22,2026-03-24,EMAIL,R57778822,1,5,6,4,6,7,6,
SAT0005473,POST_MATCH,M029,2026-03-22,2026-03-24,EMAIL,R57584367,0,5,6,6,6,5,7,
SAT0005475,POST_MATCH,M029,2026-03-22,2026-03-24,SMS,R53720628,0,5,6,5,5,3,6,Peu de choix a la restauration
SAT0005480,POST_MATCH,M029,2026-03-22,2026-03-24,EMAIL,R59361454,1,5,4,5,8,4,4,File d'attente interminable a l'entree
SAT0005321,POST_MATCH,M029,2026-03-22,2026-03-25,SMS,R52017580,1,7,5,6,6,7,6,
SAT0005323,POST_MATCH,M029,2026-03-22,2026-03-25,SMS,R52588896,1,3,5,5,8,6,5,File d'attente interminable a l'entree
SAT0005340,POST_MATCH,M029,2026-03-22,2026-03-25,EMAIL,R51144802,1,6,7,4,4,5,6,
SAT0005345,POST_MATCH,M029,2026-03-22,2026-03-25,EMAIL,R56157303,1,7,5,3,6,6,9,
SAT0005360,POST_MATCH,M029,2026-03-22,2026-03-25,EMAIL,R53348058,1,6,7,4,7,6,7,
SAT0005363,POST_MATCH,M029,2026-03-22,2026-03-25,EMAIL,R56391603,1,6,6,4,6,6,7,
SAT0005364,POST_MATCH,M029,2026-03-22,2026-03-25,EMAIL,R57375468,1,7,6,5,7,5,6,
SAT0005367,POST_MATCH,M029,2026-03-22,2026-03-25,SMS,R59567556,1,5,8,7,7,4,5,File d'attente interminable a l'entree
SAT0005372,POST_MATCH,M029,2026-03-22,2026-03-25,QR_SUR_PLACE,R57777663,1,5,7,4,7,5,7,Prix des places trop eleve pour ce niveau de match
SAT0005374,POST_MATCH,M029,2026-03-22,2026-03-25,QR_SUR_PLACE,R53031884,1,6,5,6,6,5,6,
SAT0005376,POST_MATCH,M029,2026-03-22,2026-03-25,QR_SUR_PLACE,R56049683,1,5,6,5,7,3,5,File d'attente interminable a l'entree
SAT0005382,POST_MATCH,M029,2026-03-22,2026-03-25,EMAIL,R53335999,1,7,6,6,8,8,7,
SAT0005395,POST_MATCH,M029,2026-03-22,2026-03-25,QR_SUR_PLACE,R57012840,1,5,7,5,6,6,6,Prix des places trop eleve pour ce niveau de match
SAT0005397,POST_MATCH,M029,2026-03-22,2026-03-25,EMAIL,R58796057,1,6,8,6,6,7,8,
SAT0005417,POST_MATCH,M029,2026-03-22,2026-03-25,EMAIL,R53037736,1,8,7,5,8,5,7,Bon rapport qualite prix
SAT0005419,POST_MATCH,M029,2026-03-22,2026-03-25,SMS,R53165853,1,5,7,7,6,6,6,
SAT0005421,POST_MATCH,M029,2026-03-22,2026-03-25,EMAIL,R54840569,1,7,7,4,4,4,6,Correct dans l'ensemble
SAT0005425,POST_MATCH,M029,2026-03-22,2026-03-25,EMAIL,R58898629,1,6,8,4,7,4,5,
SAT0005430,POST_MATCH,M029,2026-03-22,2026-03-25,SMS,R53310588,1,7,7,3,6,6,6,
SAT0005440,POST_MATCH,M029,2026-03-22,2026-03-25,EMAIL,R55819195,1,6,6,3,5,4,8,
SAT0005445,POST_MATCH,M029,2026-03-22,2026-03-25,QR_SUR_PLACE,R53134188,1,4,5,4,4,5,6,
SAT0005448,POST_MATCH,M029,2026-03-22,2026-03-25,SMS,R56880844,0,4,5,5,4,3,5,
SAT0005462,POST_MATCH,M029,2026-03-22,2026-03-25,EMAIL,R53876933,0,8,8,3,5,4,7,
SAT0005463,POST_MATCH,M029,2026-03-22,2026-03-25,EMAIL,R55834721,1,8,6,3,7,5,8,Bon rapport qualite prix
SAT0005464,POST_MATCH,M029,2026-03-22,2026-03-25,EMAIL,R57571360,1,6,7,4,7,5,8,
SAT0005177,POST_MATCH,M028,2026-03-19,2026-03-26,EMAIL,R57486900,1,8,6,5,5,4,6,Tres bonne organisation
SAT0005191,POST_MATCH,M028,2026-03-19,2026-03-26,EMAIL,R52766934,1,5,5,6,5,9,6,Correct dans l'ensemble
SAT0005197,POST_MATCH,M028,2026-03-19,2026-03-26,QR_SUR_PLACE,R53736767,1,6,6,4,6,8,10,
SAT0005263,POST_MATCH,M028,2026-03-19,2026-03-26,EMAIL,R55507992,0,7,8,7,6,8,9,
SAT0005277,POST_MATCH,M028,2026-03-19,2026-03-26,EMAIL,R58491329,1,5,8,5,6,7,7,
SAT0005278,POST_MATCH,M028,2026-03-19,2026-03-26,EMAIL,R56125149,1,5,7,4,5,9,8,
SAT0005335,POST_MATCH,M029,2026-03-22,2026-03-26,EMAIL,R54033804,1,7,5,4,7,8,7,
SAT0005337,POST_MATCH,M029,2026-03-22,2026-03-26,EMAIL,R56909387,1,3,5,5,6,5,4,Sonorisation trop forte
SAT0005342,POST_MATCH,M029,2026-03-22,2026-03-26,EMAIL,R52671172,1,6,5,4,7,3,4,
SAT0005362,POST_MATCH,M029,2026-03-22,2026-03-26,SMS,R56270229,1,6,5,4,8,4,5,
SAT0005365,POST_MATCH,M029,2026-03-22,2026-03-26,SMS,R57659900,1,4,7,4,7,5,6,Difficile de trouver sa place
SAT0005373,POST_MATCH,M029,2026-03-22,2026-03-26,EMAIL,R52255826,1,6,7,4,6,4,7,Correct dans l'ensemble
SAT0005412,POST_MATCH,M029,2026-03-22,2026-03-26,EMAIL,R56784938,1,5,8,6,4,6,6,
SAT0005415,POST_MATCH,M029,2026-03-22,2026-03-26,EMAIL,R51155826,1,8,6,4,4,5,6,"Premiere fois ici, tres agreable surprise"
SAT0005423,POST_MATCH,M029,2026-03-22,2026-03-26,EMAIL,R56503025,1,6,5,5,6,6,7,Sans plus
SAT0005427,POST_MATCH,M029,2026-03-22,2026-03-26,EMAIL,R59613387,1,6,6,5,6,8,7,
SAT0005434,POST_MATCH,M029,2026-03-22,2026-03-26,QR_SUR_PLACE,R56928514,1,7,8,4,6,5,8,
SAT0005442,POST_MATCH,M029,2026-03-22,2026-03-26,EMAIL,R58510945,1,7,7,5,6,7,8,
SAT0005444,POST_MATCH,M029,2026-03-22,2026-03-26,EMAIL,R55482313,1,5,7,4,6,6,8,
SAT0005460,POST_MATCH,M029,2026-03-22,2026-03-26,EMAIL,R53710207,0,5,7,7,7,3,5,Difficile de trouver sa place
SAT0005469,POST_MATCH,M029,2026-03-22,2026-03-26,EMAIL,R59236335,0,3,9,6,6,4,4,
SAT0005471,POST_MATCH,M029,2026-03-22,2026-03-26,EMAIL,R52802143,1,5,8,5,6,7,6,Difficile de trouver sa place
SAT0005478,POST_MATCH,M029,2026-03-22,2026-03-26,EMAIL,R52668988,1,7,5,5,6,5,4,
SAT0005479,POST_MATCH,M029,2026-03-22,2026-03-26,QR_SUR_PLACE,R53147473,1,7,8,5,5,3,6,
SAT0005333,POST_MATCH,M029,2026-03-22,2026-03-27,EMAIL,R53748759,1,6,7,5,4,3,8,
SAT0005343,POST_MATCH,M029,2026-03-22,2026-03-27,EMAIL,R54420674,1,6,5,5,4,4,7,
SAT0005388,POST_MATCH,M029,2026-03-22,2026-03-27,EMAIL,R59492358,1,5,6,3,3,5,8,
SAT0005410,POST_MATCH,M029,2026-03-22,2026-03-27,QR_SUR_PLACE,R53330683,1,8,7,5,6,4,6,Sans plus
SAT0005433,POST_MATCH,M029,2026-03-22,2026-03-27,EMAIL,R56750744,1,6,6,3,7,5,6,
SAT0005435,POST_MATCH,M029,2026-03-22,2026-03-27,EMAIL,R57504121,1,6,7,3,7,7,7,
SAT0005438,POST_MATCH,M029,2026-03-22,2026-03-27,QR_SUR_PLACE,R57509983,1,6,7,5,5,4,6,
SAT0005439,POST_MATCH,M029,2026-03-22,2026-03-27,SMS,R52101072,0,4,6,7,6,6,6,File d'attente interminable a l'entree
SAT0005461,POST_MATCH,M029,2026-03-22,2026-03-27,EMAIL,R55708989,1,6,6,4,6,5,4,
SAT0005326,POST_MATCH,M029,2026-03-22,2026-03-29,EMAIL,R54799987,1,6,7,4,7,6,7,
SAT0005396,POST_MATCH,M029,2026-03-22,2026-03-29,SMS,R57741084,1,6,6,5,7,7,8,
SAT0005416,POST_MATCH,M029,2026-03-22,2026-03-29,EMAIL,R52840963,1,8,9,5,7,5,7,Match intense du debut a la fin
SAT0005432,POST_MATCH,M029,2026-03-22,2026-03-29,EMAIL,R54969979,1,7,6,5,6,6,5,
SAT0005470,POST_MATCH,M029,2026-03-22,2026-03-29,EMAIL,R56098445,1,6,6,3,6,5,6,
SAT0005482,POST_MATCH,M029,2026-03-22,2026-03-29,SMS,R59820313,1,7,6,6,6,5,6,
SAT0005484,POST_MATCH,M029,2026-03-22,2026-03-29,QR_SUR_PLACE,R58142254,1,5,7,4,7,6,7,Sonorisation trop forte
SAT0005491,POST_MATCH,M030,2026-04-02,2026-04-03,SMS,R54679226,1,7,8,7,7,7,8,Correct dans l'ensemble
SAT0005492,POST_MATCH,M030,2026-04-02,2026-04-03,SMS,R54799987,1,9,7,7,7,8,7,"Super ambiance, on reviendra"
SAT0005496,POST_MATCH,M030,2026-04-02,2026-04-03,EMAIL,R56657990,1,9,9,8,9,7,8,
SAT0005497,POST_MATCH,M030,2026-04-02,2026-04-03,EMAIL,R56716838,1,9,8,4,8,8,10,
SAT0005498,POST_MATCH,M030,2026-04-02,2026-04-03,EMAIL,R56741358,1,8,10,6,8,8,9,Bon rapport qualite prix
SAT0005499,POST_MATCH,M030,2026-04-02,2026-04-03,EMAIL,R58417913,1,9,9,6,8,8,8,
SAT0005500,POST_MATCH,M030,2026-04-02,2026-04-03,QR_SUR_PLACE,R58661887,1,7,9,7,6,8,7,Correct dans l'ensemble
SAT0005506,POST_MATCH,M030,2026-04-02,2026-04-03,EMAIL,R52279398,1,5,8,5,8,9,8,
SAT0005507,POST_MATCH,M030,2026-04-02,2026-04-03,EMAIL,R52500691,1,8,7,8,5,6,9,
SAT0005509,POST_MATCH,M030,2026-04-02,2026-04-03,SMS,R53900170,1,7,10,8,7,7,8,
SAT0005512,POST_MATCH,M030,2026-04-02,2026-04-03,EMAIL,R55446769,1,10,9,7,8,7,9,Bon rapport qualite prix
SAT0005516,POST_MATCH,M030,2026-04-02,2026-04-03,EMAIL,R56911226,1,9,8,5,7,8,6,
SAT0005520,POST_MATCH,M030,2026-04-02,2026-04-03,EMAIL,R51017911,1,8,9,7,7,8,9,Bon rapport qualite prix
SAT0005523,POST_MATCH,M030,2026-04-02,2026-04-03,EMAIL,R53014452,1,9,7,6,8,9,8,
SAT0005526,POST_MATCH,M030,2026-04-02,2026-04-03,EMAIL,R55636866,1,10,9,7,7,9,9,Sans plus
SAT0005527,POST_MATCH,M030,2026-04-02,2026-04-03,EMAIL,R55732494,1,10,8,10,8,8,10,L'ambiance dans les tribunes vaut le deplacement
SAT0005529,POST_MATCH,M030,2026-04-02,2026-04-03,EMAIL,R55953174,1,8,9,8,9,5,8,
SAT0005531,POST_MATCH,M030,2026-04-02,2026-04-03,EMAIL,R57018568,1,7,9,6,9,7,8,Sans plus
SAT0005532,POST_MATCH,M030,2026-04-02,2026-04-03,EMAIL,R57165688,1,9,10,8,6,8,10,
SAT0005534,POST_MATCH,M030,2026-04-02,2026-04-03,EMAIL,R59426432,1,8,9,6,6,6,7,Bon rapport qualite prix
SAT0005536,POST_MATCH,M030,2026-04-02,2026-04-03,EMAIL,R52088276,1,9,7,8,7,8,7,Match intense du debut a la fin
SAT0005538,POST_MATCH,M030,2026-04-02,2026-04-03,EMAIL,R54708851,1,8,7,8,8,7,8,Match intense du debut a la fin
SAT0005543,POST_MATCH,M030,2026-04-02,2026-04-03,EMAIL,R58042958,1,8,9,7,8,7,8,L'ambiance dans les tribunes vaut le deplacement
SAT0005549,POST_MATCH,M030,2026-04-02,2026-04-03,EMAIL,R54568541,1,8,9,7,6,9,8,"Super ambiance, on reviendra"
SAT0005552,POST_MATCH,M030,2026-04-02,2026-04-03,QR_SUR_PLACE,R56270229,1,10,9,7,7,7,10,Bon rapport qualite prix
SAT0005555,POST_MATCH,M030,2026-04-02,2026-04-03,EMAIL,R57811311,1,7,9,8,9,9,9,
SAT0005556,POST_MATCH,M030,2026-04-02,2026-04-03,QR_SUR_PLACE,R58191984,1,8,7,6,8,8,7,Rien a signaler
SAT0005561,POST_MATCH,M030,2026-04-02,2026-04-03,EMAIL,R52849756,1,8,10,8,8,7,9,"Premiere fois ici, tres agreable surprise"
SAT0005565,POST_MATCH,M030,2026-04-02,2026-04-03,EMAIL,R58482000,1,7,10,6,7,8,9,Sans plus
SAT0005567,POST_MATCH,M030,2026-04-02,2026-04-03,SMS,R59551072,1,8,8,5,7,7,9,L'ambiance dans les tribunes vaut le deplacement
SAT0005568,POST_MATCH,M030,2026-04-02,2026-04-03,EMAIL,R59736811,1,8,10,8,8,7,9,
SAT0005569,POST_MATCH,M030,2026-04-02,2026-04-03,EMAIL,R51188593,1,6,8,7,7,9,8,Correct dans l'ensemble
SAT0005571,POST_MATCH,M030,2026-04-02,2026-04-03,EMAIL,R51805271,1,10,8,8,7,8,10,"Premiere fois ici, tres agreable surprise"
SAT0005573,POST_MATCH,M030,2026-04-02,2026-04-03,EMAIL,R53972226,1,9,8,7,7,7,8,Rien a signaler
SAT0005574,POST_MATCH,M030,2026-04-02,2026-04-03,SMS,R54617715,1,9,9,6,7,8,9,
SAT0005575,POST_MATCH,M030,2026-04-02,2026-04-03,QR_SUR_PLACE,R56327985,1,9,7,6,6,7,8,Bon rapport qualite prix
SAT0005577,POST_MATCH,M030,2026-04-02,2026-04-03,SMS,R57314915,1,9,9,8,7,7,8,Correct dans l'ensemble
SAT0005578,POST_MATCH,M030,2026-04-02,2026-04-03,EMAIL,R57426481,1,8,7,6,6,7,7,"Super ambiance, on reviendra"
SAT0005579,POST_MATCH,M030,2026-04-02,2026-04-03,QR_SUR_PLACE,R58905037,1,7,10,9,7,9,8,
SAT0005580,POST_MATCH,M030,2026-04-02,2026-04-03,EMAIL,R59166788,1,9,8,7,8,8,8,
SAT0005586,POST_MATCH,M030,2026-04-02,2026-04-03,QR_SUR_PLACE,R52615111,1,9,10,8,6,9,10,
SAT0005592,POST_MATCH,M030,2026-04-02,2026-04-03,QR_SUR_PLACE,R58028514,1,8,9,6,9,9,8,
SAT0005593,POST_MATCH,M030,2026-04-02,2026-04-03,EMAIL,R58069585,1,8,8,8,6,9,8,L'ambiance dans les tribunes vaut le deplacement
SAT0005595,POST_MATCH,M030,2026-04-02,2026-04-03,EMAIL,R59695261,1,9,9,8,9,7,8,
SAT0005596,POST_MATCH,M030,2026-04-02,2026-04-03,EMAIL,R59800084,1,10,8,7,7,7,10,Rien a signaler
SAT0005597,POST_MATCH,M030,2026-04-02,2026-04-03,EMAIL,R59820313,1,7,7,8,7,9,7,
SAT0005598,POST_MATCH,M030,2026-04-02,2026-04-03,SMS,R51853832,1,10,8,7,7,6,10,
SAT0005599,POST_MATCH,M030,2026-04-02,2026-04-03,SMS,R51926166,1,8,7,10,7,8,9,"Premiere fois ici, tres agreable surprise"
SAT0005601,POST_MATCH,M030,2026-04-02,2026-04-03,SMS,R52381625,1,8,10,5,7,9,9,
SAT0005603,POST_MATCH,M030,2026-04-02,2026-04-03,SMS,R53013628,1,8,10,6,10,8,9,
SAT0005606,POST_MATCH,M030,2026-04-02,2026-04-03,SMS,R53881636,1,7,9,8,6,9,10,
SAT0005607,POST_MATCH,M030,2026-04-02,2026-04-03,EMAIL,R54392878,1,8,6,6,6,7,7,
SAT0005608,POST_MATCH,M030,2026-04-02,2026-04-03,EMAIL,R56521214,1,9,9,10,8,7,9,
SAT0005609,POST_MATCH,M030,2026-04-02,2026-04-03,EMAIL,R56819132,1,7,7,7,7,9,9,
SAT0005613,POST_MATCH,M030,2026-04-02,2026-04-03,QR_SUR_PLACE,R52309358,1,8,7,9,9,9,8,
SAT0005615,POST_MATCH,M030,2026-04-02,2026-04-03,EMAIL,R53685543,1,7,7,7,6,7,8,
SAT0005616,POST_MATCH,M030,2026-04-02,2026-04-03,EMAIL,R53773202,1,10,9,6,7,8,10,
SAT0005618,POST_MATCH,M030,2026-04-02,2026-04-03,SMS,R54626498,1,8,9,8,7,9,9,"Super ambiance, on reviendra"
SAT0005621,POST_MATCH,M030,2026-04-02,2026-04-03,EMAIL,R55433206,1,9,9,9,7,9,10,
SAT0005622,POST_MATCH,M030,2026-04-02,2026-04-03,QR_SUR_PLACE,R56386421,1,7,7,9,8,6,9,
SAT0005625,POST_MATCH,M030,2026-04-02,2026-04-03,QR_SUR_PLACE,R56672079,1,5,10,7,7,7,7,
SAT0005628,POST_MATCH,M030,2026-04-02,2026-04-03,EMAIL,R58744019,1,10,9,7,9,9,9,Rien a signaler
SAT0005630,POST_MATCH,M030,2026-04-02,2026-04-03,EMAIL,R51806152,1,8,10,7,9,8,8,
SAT0005638,POST_MATCH,M030,2026-04-02,2026-04-03,EMAIL,R56418977,1,10,10,7,6,8,8,L'ambiance dans les tribunes vaut le deplacement
SAT0005641,POST_MATCH,M030,2026-04-02,2026-04-03,EMAIL,R57028299,1,10,6,7,7,6,8,
SAT0005645,POST_MATCH,M030,2026-04-02,2026-04-03,QR_SUR_PLACE,R57988870,1,9,10,7,9,8,8,"Super ambiance, on reviendra"
SAT0005646,POST_MATCH,M030,2026-04-02,2026-04-03,EMAIL,R58474366,1,8,9,7,6,6,9,Match intense du debut a la fin
SAT0005647,POST_MATCH,M030,2026-04-02,2026-04-03,QR_SUR_PLACE,R59390188,1,7,9,7,8,10,8,
SAT0005650,POST_MATCH,M030,2026-04-02,2026-04-03,SMS,R54310324,1,9,7,5,7,8,7,
SAT0005653,POST_MATCH,M030,2026-04-02,2026-04-03,EMAIL,R57641366,1,7,9,5,6,7,9,
SAT0005655,POST_MATCH,M030,2026-04-02,2026-04-03,EMAIL,R58795032,1,6,10,7,8,8,7,
SAT0005659,POST_MATCH,M030,2026-04-02,2026-04-03,QR_SUR_PLACE,R57164519,1,8,9,8,10,7,7,
SAT0005660,POST_MATCH,M030,2026-04-02,2026-04-03,EMAIL,R57359453,1,7,8,8,7,7,6,Correct dans l'ensemble
SAT0005662,POST_MATCH,M030,2026-04-02,2026-04-03,EMAIL,R57870082,1,5,9,7,7,8,8,
SAT0005663,POST_MATCH,M030,2026-04-02,2026-04-03,EMAIL,R56719213,1,8,9,7,8,7,9,
SAT0005664,POST_MATCH,M030,2026-04-02,2026-04-03,EMAIL,R51749555,0,9,9,8,8,9,10,Match intense du debut a la fin
SAT0005667,POST_MATCH,M030,2026-04-02,2026-04-03,EMAIL,R55329743,0,9,10,9,8,7,10,"Premiere fois ici, tres agreable surprise"
SAT0005670,POST_MATCH,M030,2026-04-02,2026-04-03,SMS,R55293452,1,6,8,8,8,7,7,
SAT0005671,POST_MATCH,M030,2026-04-02,2026-04-03,EMAIL,R56407397,1,10,9,8,7,8,10,
SAT0005674,POST_MATCH,M030,2026-04-02,2026-04-03,EMAIL,R56179237,1,8,9,7,8,7,7,
SAT0005681,POST_MATCH,M030,2026-04-02,2026-04-03,EMAIL,R58122102,1,9,10,6,6,6,9,
SAT0005682,POST_MATCH,M030,2026-04-02,2026-04-03,EMAIL,R56938801,0,7,8,6,9,6,8,
SAT0005683,POST_MATCH,M030,2026-04-02,2026-04-03,SMS,R59404900,1,10,10,7,6,9,10,Match intense du debut a la fin
SAT0005685,POST_MATCH,M030,2026-04-02,2026-04-03,SMS,R58224329,1,8,9,6,5,8,9,
SAT0005687,POST_MATCH,M030,2026-04-02,2026-04-03,SMS,R51142752,1,9,8,6,6,6,8,
SAT0005688,POST_MATCH,M030,2026-04-02,2026-04-03,EMAIL,R58579055,1,8,8,9,9,8,8,
SAT0005693,POST_MATCH,M030,2026-04-02,2026-04-03,EMAIL,R56742708,0,9,10,8,5,6,8,
SAT0005694,POST_MATCH,M030,2026-04-02,2026-04-03,QR_SUR_PLACE,R57633675,1,10,8,8,5,8,8,
SAT0005695,POST_MATCH,M030,2026-04-02,2026-04-03,EMAIL,R57805660,1,8,10,7,6,6,10,
SAT0005698,POST_MATCH,M030,2026-04-02,2026-04-03,EMAIL,R59024974,1,7,7,6,7,8,7,
SAT0005699,POST_MATCH,M030,2026-04-02,2026-04-03,EMAIL,R51519814,1,7,9,8,8,8,10,
SAT0005702,POST_MATCH,M030,2026-04-02,2026-04-03,SMS,R51024721,0,7,10,8,7,7,9,
SAT0005703,POST_MATCH,M030,2026-04-02,2026-04-03,EMAIL,R58621486,1,9,8,8,6,7,8,Sans plus
SAT0005705,POST_MATCH,M030,2026-04-02,2026-04-03,EMAIL,R53724852,0,8,10,7,6,7,7,Tres bonne organisation
SAT0005706,POST_MATCH,M030,2026-04-02,2026-04-03,QR_SUR_PLACE,R56689243,0,9,8,7,6,7,8,Tres bonne organisation
SAT0005708,POST_MATCH,M030,2026-04-02,2026-04-03,EMAIL,R51174695,1,7,8,8,8,7,7,
SAT0005710,POST_MATCH,M030,2026-04-02,2026-04-03,EMAIL,R52553610,1,8,8,7,7,7,8,
SAT0005711,POST_MATCH,M030,2026-04-02,2026-04-03,EMAIL,R53800184,1,7,9,6,7,6,9,
SAT0005712,POST_MATCH,M030,2026-04-02,2026-04-03,QR_SUR_PLACE,R54003690,0,7,7,7,6,5,6,
SAT0005714,POST_MATCH,M030,2026-04-02,2026-04-03,EMAIL,R57364357,1,8,7,6,7,8,8,
SAT0005718,POST_MATCH,M030,2026-04-02,2026-04-03,EMAIL,R54965832,0,7,10,6,6,7,10,
SAT0005719,POST_MATCH,M030,2026-04-02,2026-04-03,SMS,R53514727,0,9,9,8,7,7,10,
SAT0005720,POST_MATCH,M030,2026-04-02,2026-04-03,EMAIL,R55102464,0,8,9,9,6,8,6,
SAT0005489,POST_MATCH,M030,2026-04-02,2026-04-04,EMAIL,R52606060,1,7,10,7,7,8,8,
SAT0005494,POST_MATCH,M030,2026-04-02,2026-04-04,EMAIL,R56193949,1,8,8,6,8,8,9,"Premiere fois ici, tres agreable surprise"
SAT0005495,POST_MATCH,M030,2026-04-02,2026-04-04,QR_SUR_PLACE,R56493093,1,8,10,8,6,7,10,Bon rapport qualite prix
SAT0005501,POST_MATCH,M030,2026-04-02,2026-04-04,EMAIL,R59703987,1,9,8,6,6,9,10,
SAT0005504,POST_MATCH,M030,2026-04-02,2026-04-04,EMAIL,R52145764,1,8,7,6,6,9,8,
SAT0005513,POST_MATCH,M030,2026-04-02,2026-04-04,SMS,R55570595,1,8,7,6,6,8,8,
SAT0005514,POST_MATCH,M030,2026-04-02,2026-04-04,EMAIL,R56184821,1,9,9,7,8,8,8,Sans plus
SAT0005530,POST_MATCH,M030,2026-04-02,2026-04-04,QR_SUR_PLACE,R56360206,1,7,8,8,8,8,9,
SAT0005533,POST_MATCH,M030,2026-04-02,2026-04-04,EMAIL,R57812403,1,9,7,7,9,8,8,Correct dans l'ensemble
SAT0005535,POST_MATCH,M030,2026-04-02,2026-04-04,QR_SUR_PLACE,R59828560,1,10,9,8,7,9,10,
SAT0005542,POST_MATCH,M030,2026-04-02,2026-04-04,EMAIL,R57905033,1,10,10,4,9,8,9,
SAT0005544,POST_MATCH,M030,2026-04-02,2026-04-04,EMAIL,R58387464,1,9,10,8,8,7,9,
SAT0005545,POST_MATCH,M030,2026-04-02,2026-04-04,EMAIL,R59763036,1,9,9,6,6,7,9,Match intense du debut a la fin
SAT0005550,POST_MATCH,M030,2026-04-02,2026-04-04,EMAIL,R54840713,1,9,9,8,7,9,9,Tres bonne organisation
SAT0005551,POST_MATCH,M030,2026-04-02,2026-04-04,EMAIL,R55903655,1,9,8,3,7,5,8,
SAT0005554,POST_MATCH,M030,2026-04-02,2026-04-04,EMAIL,R57375468,1,8,9,8,7,8,8,Match intense du debut a la fin
SAT0005566,POST_MATCH,M030,2026-04-02,2026-04-04,EMAIL,R58494260,1,8,10,7,8,6,8,
SAT0005570,POST_MATCH,M030,2026-04-02,2026-04-04,EMAIL,R51332035,1,7,10,6,6,8,9,
SAT0005572,POST_MATCH,M030,2026-04-02,2026-04-04,EMAIL,R53030658,1,9,9,7,7,7,7,
SAT0005581,POST_MATCH,M030,2026-04-02,2026-04-04,SMS,R59370304,1,8,8,6,6,7,8,Tres bonne organisation
SAT0005585,POST_MATCH,M030,2026-04-02,2026-04-04,EMAIL,R52003337,1,6,8,7,7,8,7,
SAT0005594,POST_MATCH,M030,2026-04-02,2026-04-04,QR_SUR_PLACE,R58505428,1,9,8,7,7,8,10,Tres bonne organisation
SAT0005605,POST_MATCH,M030,2026-04-02,2026-04-04,EMAIL,R53402270,1,8,10,7,7,7,9,Correct dans l'ensemble
SAT0005611,POST_MATCH,M030,2026-04-02,2026-04-04,EMAIL,R58037163,1,7,8,7,9,7,6,
SAT0005612,POST_MATCH,M030,2026-04-02,2026-04-04,EMAIL,R59209219,1,9,7,9,8,10,10,
SAT0005614,POST_MATCH,M030,2026-04-02,2026-04-04,EMAIL,R52591338,1,7,8,7,7,7,6,
SAT0005620,POST_MATCH,M030,2026-04-02,2026-04-04,EMAIL,R55342482,1,8,8,8,7,7,7,
SAT0005623,POST_MATCH,M030,2026-04-02,2026-04-04,EMAIL,R56563578,1,10,9,8,7,8,9,
SAT0005632,POST_MATCH,M030,2026-04-02,2026-04-04,QR_SUR_PLACE,R52470031,1,10,6,5,7,8,6,
SAT0005639,POST_MATCH,M030,2026-04-02,2026-04-04,EMAIL,R56472921,1,6,10,7,7,7,9,Correct dans l'ensemble
SAT0005643,POST_MATCH,M030,2026-04-02,2026-04-04,EMAIL,R57462916,1,10,6,9,7,9,9,Tres bonne organisation
SAT0005651,POST_MATCH,M030,2026-04-02,2026-04-04,EMAIL,R54996271,1,6,9,8,8,6,8,
SAT0005652,POST_MATCH,M030,2026-04-02,2026-04-04,EMAIL,R56011399,1,7,7,7,7,9,9,
SAT0005654,POST_MATCH,M030,2026-04-02,2026-04-04,EMAIL,R57992002,1,9,9,9,8,8,10,L'ambiance dans les tribunes vaut le deplacement
SAT0005657,POST_MATCH,M030,2026-04-02,2026-04-04,EMAIL,R53422767,1,8,7,8,7,7,8,Match intense du debut a la fin
SAT0005669,POST_MATCH,M030,2026-04-02,2026-04-04,EMAIL,R52041554,0,9,8,6,7,7,9,Correct dans l'ensemble
SAT0005673,POST_MATCH,M030,2026-04-02,2026-04-04,SMS,R55940502,1,6,9,6,8,9,8,
SAT0005675,POST_MATCH,M030,2026-04-02,2026-04-04,SMS,R53155921,0,9,8,6,4,8,10,"Premiere fois ici, tres agreable surprise"
SAT0005676,POST_MATCH,M030,2026-04-02,2026-04-04,EMAIL,R53398736,0,10,9,10,5,7,9,Tres bonne organisation
SAT0005678,POST_MATCH,M030,2026-04-02,2026-04-04,EMAIL,R53240716,0,8,8,8,6,7,7,"Super ambiance, on reviendra"
SAT0005686,POST_MATCH,M030,2026-04-02,2026-04-04,EMAIL,R59068028,1,9,7,8,7,7,8,Match intense du debut a la fin
SAT0005692,POST_MATCH,M030,2026-04-02,2026-04-04,EMAIL,R51996738,1,7,9,7,8,7,8,
SAT0005704,POST_MATCH,M030,2026-04-02,2026-04-04,QR_SUR_PLACE,R58889913,1,7,8,6,6,9,7,
SAT0005715,POST_MATCH,M030,2026-04-02,2026-04-04,EMAIL,R57401549,1,7,7,5,6,7,7,
SAT0005716,POST_MATCH,M030,2026-04-02,2026-04-04,SMS,R51247240,1,5,7,7,8,6,8,
SAT0005717,POST_MATCH,M030,2026-04-02,2026-04-04,QR_SUR_PLACE,R59250424,1,8,9,9,7,10,10,"Super ambiance, on reviendra"
SAT0005487,POST_MATCH,M030,2026-04-02,2026-04-05,EMAIL,R51392933,1,7,10,6,5,9,10,
SAT0005505,POST_MATCH,M030,2026-04-02,2026-04-05,SMS,R52164767,1,9,9,7,8,8,8,
SAT0005508,POST_MATCH,M030,2026-04-02,2026-04-05,EMAIL,R53280427,1,10,7,5,9,8,7,
SAT0005510,POST_MATCH,M030,2026-04-02,2026-04-05,EMAIL,R53962696,1,8,8,8,6,6,8,Bon rapport qualite prix
SAT0005511,POST_MATCH,M030,2026-04-02,2026-04-05,SMS,R54953304,1,9,8,8,3,7,9,
SAT0005515,POST_MATCH,M030,2026-04-02,2026-04-05,EMAIL,R56513389,1,7,8,8,8,7,9,
SAT0005525,POST_MATCH,M030,2026-04-02,2026-04-05,SMS,R55399635,1,8,8,8,7,6,9,
SAT0005558,POST_MATCH,M030,2026-04-02,2026-04-05,EMAIL,R51121096,1,8,9,5,7,8,9,
SAT0005563,POST_MATCH,M030,2026-04-02,2026-04-05,EMAIL,R55344666,1,6,8,5,6,8,7,
SAT0005576,POST_MATCH,M030,2026-04-02,2026-04-05,EMAIL,R56716014,1,9,7,8,7,8,9,
SAT0005582,POST_MATCH,M030,2026-04-02,2026-04-05,EMAIL,R59444477,1,9,8,7,9,10,10,Bon rapport qualite prix
SAT0005584,POST_MATCH,M030,2026-04-02,2026-04-05,SMS,R51051961,1,10,6,7,8,8,8,
SAT0005587,POST_MATCH,M030,2026-04-02,2026-04-05,SMS,R53757130,1,7,9,7,5,8,8,
SAT0005588,POST_MATCH,M030,2026-04-02,2026-04-05,SMS,R55326410,1,8,8,7,7,9,8,
SAT0005591,POST_MATCH,M030,2026-04-02,2026-04-05,EMAIL,R57920013,1,8,8,6,8,8,9,L'ambiance dans les tribunes vaut le deplacement
SAT0005600,POST_MATCH,M030,2026-04-02,2026-04-05,EMAIL,R51933522,1,10,10,8,7,7,10,
SAT0005602,POST_MATCH,M030,2026-04-02,2026-04-05,QR_SUR_PLACE,R52690577,1,9,9,7,7,8,9,
SAT0005604,POST_MATCH,M030,2026-04-02,2026-04-05,EMAIL,R53290091,1,9,8,7,7,6,8,
SAT0005617,POST_MATCH,M030,2026-04-02,2026-04-05,EMAIL,R53964458,1,6,8,8,9,8,6,
SAT0005627,POST_MATCH,M030,2026-04-02,2026-04-05,EMAIL,R57758315,1,6,8,9,7,9,7,
SAT0005634,POST_MATCH,M030,2026-04-02,2026-04-05,QR_SUR_PLACE,R53773269,1,9,8,8,5,9,8,L'ambiance dans les tribunes vaut le deplacement
SAT0005636,POST_MATCH,M030,2026-04-02,2026-04-05,EMAIL,R54358071,1,6,9,7,7,7,7,
SAT0005644,POST_MATCH,M030,2026-04-02,2026-04-05,EMAIL,R57750413,1,8,8,7,6,7,7,
SAT0005648,POST_MATCH,M030,2026-04-02,2026-04-05,EMAIL,R59938823,1,8,10,7,9,8,10,
SAT0005656,POST_MATCH,M030,2026-04-02,2026-04-05,EMAIL,R51955245,1,8,8,5,9,8,9,
SAT0005668,POST_MATCH,M030,2026-04-02,2026-04-05,EMAIL,R53360050,0,7,8,7,7,8,9,
SAT0005689,POST_MATCH,M030,2026-04-02,2026-04-05,EMAIL,R51236809,1,8,7,8,7,8,9,"Premiere fois ici, tres agreable surprise"
SAT0005697,POST_MATCH,M030,2026-04-02,2026-04-05,EMAIL,R53583249,1,7,8,9,5,6,8,
SAT0005707,POST_MATCH,M030,2026-04-02,2026-04-05,SMS,R51449319,0,6,8,8,6,6,7,
SAT0005709,POST_MATCH,M030,2026-04-02,2026-04-05,EMAIL,R55710148,1,9,8,7,9,6,8,"Premiere fois ici, tres agreable surprise"
SAT0005713,POST_MATCH,M030,2026-04-02,2026-04-05,QR_SUR_PLACE,R56160502,0,8,9,9,7,8,9,Tres bonne organisation
SAT0005721,POST_MATCH,M031,2026-04-04,2026-04-05,EMAIL,R52260941,1,9,9,6,8,10,9,"Super ambiance, on reviendra"
SAT0005722,POST_MATCH,M031,2026-04-04,2026-04-05,SMS,R53234998,1,9,7,6,6,9,8,
SAT0005724,POST_MATCH,M031,2026-04-04,2026-04-05,EMAIL,R54662062,1,6,9,5,7,9,8,
SAT0005725,POST_MATCH,M031,2026-04-04,2026-04-05,EMAIL,R58300217,1,9,9,6,7,7,8,
SAT0005726,POST_MATCH,M031,2026-04-04,2026-04-05,EMAIL,R59723603,1,5,8,8,6,10,9,Prix des places trop eleve pour ce niveau de match
SAT0005727,POST_MATCH,M031,2026-04-04,2026-04-05,EMAIL,R59733411,1,8,9,9,9,8,9,
SAT0005728,POST_MATCH,M031,2026-04-04,2026-04-05,EMAIL,R59741380,1,9,8,6,7,7,8,
SAT0005738,POST_MATCH,M031,2026-04-04,2026-04-05,QR_SUR_PLACE,R51131316,1,9,8,6,6,8,7,Tres bonne organisation
SAT0005745,POST_MATCH,M031,2026-04-04,2026-04-05,EMAIL,R53890429,1,9,8,7,8,8,8,
SAT0005747,POST_MATCH,M031,2026-04-04,2026-04-05,SMS,R54420674,1,8,7,7,8,7,8,
SAT0005748,POST_MATCH,M031,2026-04-04,2026-04-05,EMAIL,R54900653,1,8,9,8,8,7,9,
SAT0005749,POST_MATCH,M031,2026-04-04,2026-04-05,SMS,R55194893,1,10,8,7,8,8,9,Bon rapport qualite prix
SAT0005751,POST_MATCH,M031,2026-04-04,2026-04-05,EMAIL,R56097229,1,8,7,6,6,10,8,Match intense du debut a la fin
SAT0005754,POST_MATCH,M031,2026-04-04,2026-04-05,EMAIL,R57973009,1,5,9,5,8,9,8,Prix des places trop eleve pour ce niveau de match
SAT0005757,POST_MATCH,M031,2026-04-04,2026-04-05,SMS,R59907637,1,8,8,7,6,7,8,Tres bonne organisation
SAT0005758,POST_MATCH,M031,2026-04-04,2026-04-05,EMAIL,R51043111,1,9,8,5,7,7,6,Rien a signaler
SAT0005761,POST_MATCH,M031,2026-04-04,2026-04-05,EMAIL,R54077461,1,9,8,8,6,8,10,
SAT0005764,POST_MATCH,M031,2026-04-04,2026-04-05,SMS,R57461221,1,9,10,7,7,10,9,
SAT0005765,POST_MATCH,M031,2026-04-04,2026-04-05,EMAIL,R59649018,1,10,9,5,8,8,8,
SAT0005767,POST_MATCH,M031,2026-04-04,2026-04-05,SMS,R51790425,1,7,6,6,7,7,8,
SAT0005768,POST_MATCH,M031,2026-04-04,2026-04-05,QR_SUR_PLACE,R52435914,1,8,9,6,4,8,7,"Super ambiance, on reviendra"
SAT0005770,POST_MATCH,M031,2026-04-04,2026-04-05,EMAIL,R53063626,1,9,8,8,7,8,7,
SAT0005771,POST_MATCH,M031,2026-04-04,2026-04-05,SMS,R53596323,1,10,8,6,5,8,10,"Premiere fois ici, tres agreable surprise"
SAT0005778,POST_MATCH,M031,2026-04-04,2026-04-05,SMS,R58012375,1,10,8,5,7,9,8,
SAT0005780,POST_MATCH,M031,2026-04-04,2026-04-05,EMAIL,R58864445,1,8,10,7,6,10,10,"Super ambiance, on reviendra"
SAT0005781,POST_MATCH,M031,2026-04-04,2026-04-05,QR_SUR_PLACE,R59218759,1,8,9,4,5,8,8,Tres bonne organisation
SAT0005782,POST_MATCH,M031,2026-04-04,2026-04-05,EMAIL,R59378752,1,8,7,6,5,8,8,
SAT0005790,POST_MATCH,M031,2026-04-04,2026-04-05,SMS,R54749443,1,9,10,7,9,7,9,
SAT0005791,POST_MATCH,M031,2026-04-04,2026-04-05,QR_SUR_PLACE,R55961957,1,7,9,7,6,7,9,
SAT0005793,POST_MATCH,M031,2026-04-04,2026-04-05,EMAIL,R56041034,1,6,9,6,7,7,8,
SAT0005795,POST_MATCH,M031,2026-04-04,2026-04-05,EMAIL,R56840999,1,7,10,6,5,8,9,
SAT0005796,POST_MATCH,M031,2026-04-04,2026-04-05,EMAIL,R58147915,1,9,9,7,6,9,10,Match intense du debut a la fin
SAT0005797,POST_MATCH,M031,2026-04-04,2026-04-05,EMAIL,R58618086,1,8,10,7,6,9,10,
SAT0005803,POST_MATCH,M031,2026-04-04,2026-04-05,EMAIL,R56327985,1,9,9,7,6,9,9,Match intense du debut a la fin
SAT0005804,POST_MATCH,M031,2026-04-04,2026-04-05,EMAIL,R56575024,1,8,8,8,6,8,8,
SAT0005806,POST_MATCH,M031,2026-04-04,2026-04-05,EMAIL,R56784670,1,9,8,7,8,8,7,
SAT0005807,POST_MATCH,M031,2026-04-04,2026-04-05,EMAIL,R57385410,1,9,8,3,5,7,9,"Premiere fois ici, tres agreable surprise"
SAT0005811,POST_MATCH,M031,2026-04-04,2026-04-05,QR_SUR_PLACE,R58760369,1,8,6,6,7,8,9,
SAT0005812,POST_MATCH,M031,2026-04-04,2026-04-05,EMAIL,R59477579,1,8,9,5,7,7,9,Tres bonne organisation
SAT0005815,POST_MATCH,M031,2026-04-04,2026-04-05,EMAIL,R53282055,1,7,9,6,8,8,9,Correct dans l'ensemble
SAT0005819,POST_MATCH,M031,2026-04-04,2026-04-05,EMAIL,R55277370,1,10,9,5,6,8,10,"Super ambiance, on reviendra"
SAT0005823,POST_MATCH,M031,2026-04-04,2026-04-05,EMAIL,R57139051,1,10,10,8,7,10,9,
SAT0005824,POST_MATCH,M031,2026-04-04,2026-04-05,EMAIL,R57303948,1,8,10,8,7,8,9,"Premiere fois ici, tres agreable surprise"
SAT0005825,POST_MATCH,M031,2026-04-04,2026-04-05,EMAIL,R57403254,1,7,10,7,8,9,10,
SAT0005829,POST_MATCH,M031,2026-04-04,2026-04-05,EMAIL,R59800084,1,7,9,9,8,9,8,
SAT0005834,POST_MATCH,M031,2026-04-04,2026-04-05,QR_SUR_PLACE,R56654235,1,10,9,6,7,9,10,
SAT0005835,POST_MATCH,M031,2026-04-04,2026-04-05,SMS,R57457265,1,8,7,8,8,9,8,Match intense du debut a la fin
SAT0005836,POST_MATCH,M031,2026-04-04,2026-04-05,QR_SUR_PLACE,R58447873,1,8,10,5,7,9,10,"Super ambiance, on reviendra"
SAT0005840,POST_MATCH,M031,2026-04-04,2026-04-05,QR_SUR_PLACE,R51508780,1,9,9,6,6,9,8,
SAT0005841,POST_MATCH,M031,2026-04-04,2026-04-05,SMS,R51612990,1,10,10,8,8,7,8,Tres bonne organisation
SAT0005843,POST_MATCH,M031,2026-04-04,2026-04-05,EMAIL,R53168784,1,7,10,6,7,8,8,
SAT0005845,POST_MATCH,M031,2026-04-04,2026-04-05,EMAIL,R53786688,1,9,9,6,7,8,7,"Premiere fois ici, tres agreable surprise"
SAT0005846,POST_MATCH,M031,2026-04-04,2026-04-05,EMAIL,R54294865,1,8,8,7,7,7,7,"Premiere fois ici, tres agreable surprise"
SAT0005847,POST_MATCH,M031,2026-04-04,2026-04-05,EMAIL,R56008200,1,9,10,8,7,10,10,Match intense du debut a la fin
SAT0005849,POST_MATCH,M031,2026-04-04,2026-04-05,SMS,R56658593,1,10,8,5,5,7,9,
SAT0005854,POST_MATCH,M031,2026-04-04,2026-04-05,EMAIL,R53753653,1,8,8,9,7,8,10,
SAT0005855,POST_MATCH,M031,2026-04-04,2026-04-05,SMS,R54280833,1,10,7,9,7,9,9,
SAT0005856,POST_MATCH,M031,2026-04-04,2026-04-05,EMAIL,R54356845,1,9,9,7,7,7,9,
SAT0005857,POST_MATCH,M031,2026-04-04,2026-04-05,EMAIL,R54755295,1,6,9,7,6,8,8,
SAT0005859,POST_MATCH,M031,2026-04-04,2026-04-05,EMAIL,R54991300,1,9,7,5,8,8,8,
SAT0005861,POST_MATCH,M031,2026-04-04,2026-04-05,EMAIL,R56346643,1,9,8,6,5,9,8,
SAT0005863,POST_MATCH,M031,2026-04-04,2026-04-05,SMS,R57264917,1,7,10,6,7,10,8,
SAT0005865,POST_MATCH,M031,2026-04-04,2026-04-05,EMAIL,R58932890,1,10,7,6,7,9,10,
SAT0005867,POST_MATCH,M031,2026-04-04,2026-04-05,EMAIL,R53064095,1,10,9,6,5,7,10,"Super ambiance, on reviendra"
SAT0005883,POST_MATCH,M031,2026-04-04,2026-04-05,SMS,R56750744,1,8,8,5,5,7,8,
SAT0005887,POST_MATCH,M031,2026-04-04,2026-04-05,QR_SUR_PLACE,R59200292,1,7,8,9,9,8,7,
SAT0005892,POST_MATCH,M031,2026-04-04,2026-04-05,EMAIL,R54332737,1,7,10,7,6,8,9,
SAT0005894,POST_MATCH,M031,2026-04-04,2026-04-05,SMS,R59482282,1,9,8,6,6,9,10,
SAT0005897,POST_MATCH,M031,2026-04-04,2026-04-05,EMAIL,R54307326,1,9,9,7,4,9,8,
SAT0005899,POST_MATCH,M031,2026-04-04,2026-04-05,QR_SUR_PLACE,R51976231,1,9,8,6,6,8,10,
SAT0005904,POST_MATCH,M031,2026-04-04,2026-04-05,QR_SUR_PLACE,R52212370,1,9,9,9,6,7,8,Rien a signaler
SAT0005905,POST_MATCH,M031,2026-04-04,2026-04-05,EMAIL,R51911521,0,9,8,6,6,10,8,Tres bonne organisation
SAT0005908,POST_MATCH,M031,2026-04-04,2026-04-05,EMAIL,R58660785,1,10,9,6,6,9,8,
SAT0005911,POST_MATCH,M031,2026-04-04,2026-04-05,EMAIL,R54111923,1,9,8,5,5,8,8,
SAT0005916,POST_MATCH,M031,2026-04-04,2026-04-05,EMAIL,R53481079,1,8,9,6,6,8,8,"Super ambiance, on reviendra"
SAT0005917,POST_MATCH,M031,2026-04-04,2026-04-05,EMAIL,R52179067,1,10,10,7,6,7,10,Bon rapport qualite prix
SAT0005919,POST_MATCH,M031,2026-04-04,2026-04-05,EMAIL,R55401340,0,8,9,6,5,7,7,
SAT0005922,POST_MATCH,M031,2026-04-04,2026-04-05,SMS,R51426370,1,8,9,6,7,9,10,
SAT0005926,POST_MATCH,M031,2026-04-04,2026-04-05,EMAIL,R59463078,0,8,9,6,6,9,9,
SAT0005927,POST_MATCH,M031,2026-04-04,2026-04-05,QR_SUR_PLACE,R56949299,0,8,8,6,7,6,10,Match intense du debut a la fin
SAT0005929,POST_MATCH,M031,2026-04-04,2026-04-05,QR_SUR_PLACE,R57595947,0,9,9,7,8,6,7,"Super ambiance, on reviendra"
SAT0005930,POST_MATCH,M031,2026-04-04,2026-04-05,EMAIL,R58886101,1,10,8,8,5,8,9,
SAT0005933,POST_MATCH,M031,2026-04-04,2026-04-05,QR_SUR_PLACE,R51324890,1,8,10,4,5,8,9,"Super ambiance, on reviendra"
SAT0005936,POST_MATCH,M031,2026-04-04,2026-04-05,EMAIL,R57586196,1,8,8,6,6,9,9,
SAT0005938,POST_MATCH,M031,2026-04-04,2026-04-05,EMAIL,R51689960,1,7,8,6,7,10,9,
SAT0005940,POST_MATCH,M031,2026-04-04,2026-04-05,SMS,R57764311,1,8,8,7,8,8,9,Bon rapport qualite prix
SAT0005946,POST_MATCH,M031,2026-04-04,2026-04-05,SMS,R59682532,0,8,9,5,7,6,9,Bon rapport qualite prix
SAT0005947,POST_MATCH,M031,2026-04-04,2026-04-05,EMAIL,R55854883,1,9,9,5,5,10,10,
SAT0005948,POST_MATCH,M031,2026-04-04,2026-04-05,SMS,R59982902,1,8,7,7,6,9,9,
SAT0005950,POST_MATCH,M031,2026-04-04,2026-04-05,EMAIL,R57134961,1,9,10,8,8,8,9,
SAT0005953,POST_MATCH,M031,2026-04-04,2026-04-05,EMAIL,R53980808,0,9,9,4,7,7,7,
SAT0005954,POST_MATCH,M031,2026-04-04,2026-04-05,QR_SUR_PLACE,R56074682,1,8,7,5,8,7,8,Bon rapport qualite prix
SAT0005955,POST_MATCH,M031,2026-04-04,2026-04-05,EMAIL,R51099296,1,9,8,7,6,9,9,Sans plus
SAT0005957,POST_MATCH,M031,2026-04-04,2026-04-05,EMAIL,R54262376,0,8,9,6,5,8,10,
SAT0005960,POST_MATCH,M031,2026-04-04,2026-04-05,EMAIL,R51956471,1,8,10,6,6,8,10,
SAT0005964,POST_MATCH,M031,2026-04-04,2026-04-05,QR_SUR_PLACE,R57486900,1,10,10,7,5,9,7,Match intense du debut a la fin
SAT0005966,POST_MATCH,M031,2026-04-04,2026-04-05,SMS,R57871318,1,8,9,7,4,8,8,
SAT0005969,POST_MATCH,M031,2026-04-04,2026-04-05,QR_SUR_PLACE,R53355270,0,8,9,6,4,9,9,
SAT0005493,POST_MATCH,M030,2026-04-02,2026-04-06,EMAIL,R54908488,1,10,9,5,7,8,9,Tres bonne organisation
SAT0005502,POST_MATCH,M030,2026-04-02,2026-04-06,EMAIL,R51360511,1,8,10,7,7,9,10,
SAT0005517,POST_MATCH,M030,2026-04-02,2026-04-06,EMAIL,R57971103,1,8,10,8,8,7,7,Rien a signaler
SAT0005519,POST_MATCH,M030,2026-04-02,2026-04-06,QR_SUR_PLACE,R59960901,1,8,9,6,7,9,7,
SAT0005521,POST_MATCH,M030,2026-04-02,2026-04-06,EMAIL,R51978482,1,8,8,7,8,8,8,Tres bonne organisation
SAT0005522,POST_MATCH,M030,2026-04-02,2026-04-06,QR_SUR_PLACE,R52114568,1,8,9,9,7,7,10,"Super ambiance, on reviendra"
SAT0005524,POST_MATCH,M030,2026-04-02,2026-04-06,EMAIL,R55228608,1,7,9,7,7,6,8,
SAT0005537,POST_MATCH,M030,2026-04-02,2026-04-06,QR_SUR_PLACE,R52865560,1,10,10,6,7,10,10,"Super ambiance, on reviendra"
SAT0005540,POST_MATCH,M030,2026-04-02,2026-04-06,EMAIL,R55991247,1,8,9,6,6,8,9,
SAT0005541,POST_MATCH,M030,2026-04-02,2026-04-06,EMAIL,R57665350,1,8,8,6,9,7,8,
SAT0005547,POST_MATCH,M030,2026-04-02,2026-04-06,SMS,R51887279,1,8,7,6,7,9,9,"Premiere fois ici, tres agreable surprise"
SAT0005553,POST_MATCH,M030,2026-04-02,2026-04-06,SMS,R56463937,1,8,9,8,6,8,8,
SAT0005557,POST_MATCH,M030,2026-04-02,2026-04-06,EMAIL,R58893869,1,7,9,7,7,7,9,
SAT0005559,POST_MATCH,M030,2026-04-02,2026-04-06,EMAIL,R51615787,1,8,8,10,6,8,7,
SAT0005560,POST_MATCH,M030,2026-04-02,2026-04-06,EMAIL,R52534674,1,8,7,4,8,9,9,
SAT0005564,POST_MATCH,M030,2026-04-02,2026-04-06,EMAIL,R55847326,1,8,10,8,6,8,8,
SAT0005610,POST_MATCH,M030,2026-04-02,2026-04-06,EMAIL,R57601320,1,8,8,5,7,6,8,
SAT0005619,POST_MATCH,M030,2026-04-02,2026-04-06,EMAIL,R55255436,1,8,8,8,7,8,6,
SAT0005626,POST_MATCH,M030,2026-04-02,2026-04-06,EMAIL,R57005551,1,7,8,8,7,8,7,
SAT0005629,POST_MATCH,M030,2026-04-02,2026-04-06,EMAIL,R59057262,1,7,8,9,7,9,7,
SAT0005631,POST_MATCH,M030,2026-04-02,2026-04-06,QR_SUR_PLACE,R52149432,1,9,9,9,7,9,8,
SAT0005633,POST_MATCH,M030,2026-04-02,2026-04-06,SMS,R52590179,1,8,10,6,9,9,10,Match intense du debut a la fin
SAT0005642,POST_MATCH,M030,2026-04-02,2026-04-06,EMAIL,R57389969,1,9,7,9,7,7,9,Bon rapport qualite prix
SAT0005649,POST_MATCH,M030,2026-04-02,2026-04-06,SMS,R51681780,1,7,9,9,8,8,9,
SAT0005665,POST_MATCH,M030,2026-04-02,2026-04-06,SMS,R54456151,1,8,9,5,7,8,8,"Super ambiance, on reviendra"
SAT0005677,POST_MATCH,M030,2026-04-02,2026-04-06,EMAIL,R55581140,1,6,9,5,9,7,7,
SAT0005679,POST_MATCH,M030,2026-04-02,2026-04-06,EMAIL,R56895010,1,7,9,7,7,8,7,
SAT0005680,POST_MATCH,M030,2026-04-02,2026-04-06,EMAIL,R54591145,1,7,5,5,7,9,6,Rien a signaler
SAT0005684,POST_MATCH,M030,2026-04-02,2026-04-06,EMAIL,R51198200,1,8,9,5,8,9,7,
SAT0005690,POST_MATCH,M030,2026-04-02,2026-04-06,SMS,R54332258,0,6,6,7,7,7,8,
SAT0005696,POST_MATCH,M030,2026-04-02,2026-04-06,EMAIL,R57028242,1,8,9,9,8,8,10,"Super ambiance, on reviendra"
SAT0005734,POST_MATCH,M031,2026-04-04,2026-04-06,EMAIL,R57965586,1,7,9,8,3,8,8,
SAT0005737,POST_MATCH,M031,2026-04-04,2026-04-06,EMAIL,R51054078,1,9,10,8,6,10,10,
SAT0005744,POST_MATCH,M031,2026-04-04,2026-04-06,EMAIL,R53282946,1,8,9,6,6,9,10,"Premiere fois ici, tres agreable surprise"
SAT0005750,POST_MATCH,M031,2026-04-04,2026-04-06,EMAIL,R55645448,1,10,8,8,7,9,8,"Super ambiance, on reviendra"
SAT0005756,POST_MATCH,M031,2026-04-04,2026-04-06,EMAIL,R59828560,1,7,9,5,6,9,9,
SAT0005760,POST_MATCH,M031,2026-04-04,2026-04-06,EMAIL,R52403358,1,9,8,5,7,8,8,
SAT0005762,POST_MATCH,M031,2026-04-04,2026-04-06,SMS,R55183926,1,7,8,8,6,9,7,
SAT0005763,POST_MATCH,M031,2026-04-04,2026-04-06,SMS,R56048869,1,8,8,7,8,8,8,
SAT0005769,POST_MATCH,M031,2026-04-04,2026-04-06,SMS,R52937961,1,8,10,6,5,7,9,
SAT0005773,POST_MATCH,M031,2026-04-04,2026-04-06,EMAIL,R54635971,1,7,7,7,5,7,6,
SAT0005774,POST_MATCH,M031,2026-04-04,2026-04-06,EMAIL,R55166216,1,8,7,8,9,9,8,"Premiere fois ici, tres agreable surprise"
SAT0005775,POST_MATCH,M031,2026-04-04,2026-04-06,EMAIL,R55799445,1,5,8,6,6,7,6,File d'attente interminable a l'entree
SAT0005779,POST_MATCH,M031,2026-04-04,2026-04-06,QR_SUR_PLACE,R58615567,1,7,10,7,5,9,9,
SAT0005783,POST_MATCH,M031,2026-04-04,2026-04-06,SMS,R51284154,1,9,7,7,7,8,9,
SAT0005784,POST_MATCH,M031,2026-04-04,2026-04-06,EMAIL,R51295801,1,9,9,8,7,8,9,Tres bonne organisation
SAT0005786,POST_MATCH,M031,2026-04-04,2026-04-06,SMS,R51661762,1,8,8,8,7,9,9,"Premiere fois ici, tres agreable surprise"
SAT0005789,POST_MATCH,M031,2026-04-04,2026-04-06,SMS,R53970933,1,10,10,6,6,7,8,"Premiere fois ici, tres agreable surprise"
SAT0005799,POST_MATCH,M031,2026-04-04,2026-04-06,SMS,R53529640,1,9,8,8,6,9,10,
SAT0005802,POST_MATCH,M031,2026-04-04,2026-04-06,EMAIL,R55924018,1,9,9,7,6,9,8,L'ambiance dans les tribunes vaut le deplacement
SAT0005805,POST_MATCH,M031,2026-04-04,2026-04-06,EMAIL,R56587897,1,9,8,6,7,8,9,
SAT0005810,POST_MATCH,M031,2026-04-04,2026-04-06,EMAIL,R58435479,1,9,9,7,7,8,9,
SAT0005813,POST_MATCH,M031,2026-04-04,2026-04-06,EMAIL,R51295322,1,8,10,8,8,8,9,Tres bonne organisation
SAT0005816,POST_MATCH,M031,2026-04-04,2026-04-06,EMAIL,R53499057,1,7,10,8,5,8,10,Correct dans l'ensemble
SAT0005827,POST_MATCH,M031,2026-04-04,2026-04-06,EMAIL,R57823772,1,8,9,6,6,5,7,
SAT0005828,POST_MATCH,M031,2026-04-04,2026-04-06,QR_SUR_PLACE,R58028514,1,8,8,7,4,8,10,"Premiere fois ici, tres agreable surprise"
SAT0005830,POST_MATCH,M031,2026-04-04,2026-04-06,EMAIL,R59880387,1,8,8,7,9,8,9,Bon rapport qualite prix
SAT0005832,POST_MATCH,M031,2026-04-04,2026-04-06,SMS,R51697517,1,9,9,9,7,8,9,
SAT0005837,POST_MATCH,M031,2026-04-04,2026-04-06,EMAIL,R58653228,1,9,8,6,8,7,9,
SAT0005838,POST_MATCH,M031,2026-04-04,2026-04-06,EMAIL,R59082328,1,7,10,6,6,7,8,
SAT0005842,POST_MATCH,M031,2026-04-04,2026-04-06,EMAIL,R52371271,1,10,10,7,8,9,9,"Premiere fois ici, tres agreable surprise"
SAT0005850,POST_MATCH,M031,2026-04-04,2026-04-06,EMAIL,R58037230,1,10,10,6,7,7,8,
SAT0005852,POST_MATCH,M031,2026-04-04,2026-04-06,EMAIL,R51046645,1,6,10,7,6,8,9,
SAT0005853,POST_MATCH,M031,2026-04-04,2026-04-06,QR_SUR_PLACE,R53724229,1,8,10,7,7,9,8,Bon rapport qualite prix
SAT0005858,POST_MATCH,M031,2026-04-04,2026-04-06,SMS,R54947777,1,7,8,7,7,9,8,
SAT0005860,POST_MATCH,M031,2026-04-04,2026-04-06,EMAIL,R55440016,1,9,7,6,5,10,9,
SAT0005868,POST_MATCH,M031,2026-04-04,2026-04-06,SMS,R53369369,1,8,10,8,6,9,9,Tres bonne organisation
SAT0005869,POST_MATCH,M031,2026-04-04,2026-04-06,EMAIL,R54635214,1,7,10,7,5,8,9,Correct dans l'ensemble
SAT0005870,POST_MATCH,M031,2026-04-04,2026-04-06,EMAIL,R54697127,1,6,10,7,7,8,7,Sans plus
SAT0005873,POST_MATCH,M031,2026-04-04,2026-04-06,EMAIL,R57371033,1,10,9,6,6,7,8,
SAT0005884,POST_MATCH,M031,2026-04-04,2026-04-06,EMAIL,R57307961,1,10,10,8,7,8,8,Bon rapport qualite prix
SAT0005885,POST_MATCH,M031,2026-04-04,2026-04-06,EMAIL,R57309187,1,8,6,7,7,6,5,Bon rapport qualite prix
SAT0005886,POST_MATCH,M031,2026-04-04,2026-04-06,SMS,R57770776,1,8,9,7,7,9,10,Rien a signaler
SAT0005888,POST_MATCH,M031,2026-04-04,2026-04-06,EMAIL,R59438213,1,8,9,8,7,6,8,Rien a signaler
SAT0005891,POST_MATCH,M031,2026-04-04,2026-04-06,EMAIL,R56735563,1,8,8,8,8,8,9,
SAT0005896,POST_MATCH,M031,2026-04-04,2026-04-06,EMAIL,R51479969,1,10,10,6,7,9,10,
SAT0005898,POST_MATCH,M031,2026-04-04,2026-04-06,SMS,R52840695,0,9,7,6,7,10,7,"Super ambiance, on reviendra"
SAT0005902,POST_MATCH,M031,2026-04-04,2026-04-06,EMAIL,R51854110,1,7,8,6,7,7,6,
SAT0005907,POST_MATCH,M031,2026-04-04,2026-04-06,SMS,R59295173,0,9,9,7,5,9,9,
SAT0005910,POST_MATCH,M031,2026-04-04,2026-04-06,EMAIL,R52834565,1,6,9,8,5,10,9,
SAT0005912,POST_MATCH,M031,2026-04-04,2026-04-06,EMAIL,R54429658,0,7,10,7,7,9,7,
SAT0005914,POST_MATCH,M031,2026-04-04,2026-04-06,EMAIL,R51456273,0,7,10,6,7,8,9,
SAT0005918,POST_MATCH,M031,2026-04-04,2026-04-06,EMAIL,R53270207,0,9,9,7,7,7,10,
SAT0005925,POST_MATCH,M031,2026-04-04,2026-04-06,QR_SUR_PLACE,R56196123,1,8,10,9,7,8,8,
SAT0005931,POST_MATCH,M031,2026-04-04,2026-04-06,QR_SUR_PLACE,R53520857,0,8,9,7,6,8,9,
SAT0005932,POST_MATCH,M031,2026-04-04,2026-04-06,EMAIL,R51309354,1,8,9,5,9,9,9,
SAT0005934,POST_MATCH,M031,2026-04-04,2026-04-06,SMS,R55315031,1,9,10,8,7,9,9,
SAT0005935,POST_MATCH,M031,2026-04-04,2026-04-06,EMAIL,R56099748,1,8,8,8,7,9,8,
SAT0005937,POST_MATCH,M031,2026-04-04,2026-04-06,SMS,R59984128,1,8,9,6,8,9,9,L'ambiance dans les tribunes vaut le deplacement
SAT0005944,POST_MATCH,M031,2026-04-04,2026-04-06,EMAIL,R53084880,1,9,8,6,6,9,9,Sans plus
SAT0005949,POST_MATCH,M031,2026-04-04,2026-04-06,EMAIL,R58465918,1,7,10,6,8,6,8,
SAT0005951,POST_MATCH,M031,2026-04-04,2026-04-06,EMAIL,R58277938,1,7,9,6,9,7,7,Correct dans l'ensemble
SAT0005952,POST_MATCH,M031,2026-04-04,2026-04-06,EMAIL,R53460850,1,8,10,6,5,7,8,
SAT0005956,POST_MATCH,M031,2026-04-04,2026-04-06,EMAIL,R53014998,1,8,8,5,6,8,9,
SAT0005958,POST_MATCH,M031,2026-04-04,2026-04-06,EMAIL,R56120111,0,9,7,6,5,7,7,Rien a signaler
SAT0005959,POST_MATCH,M031,2026-04-04,2026-04-06,EMAIL,R54664504,1,8,6,7,6,8,9,"Super ambiance, on reviendra"
SAT0005965,POST_MATCH,M031,2026-04-04,2026-04-06,EMAIL,R56808232,1,8,8,8,7,10,8,Tres bonne organisation
SAT0005967,POST_MATCH,M031,2026-04-04,2026-04-06,EMAIL,R54411335,1,8,10,7,6,8,7,"Super ambiance, on reviendra"
SAT0005488,POST_MATCH,M030,2026-04-02,2026-04-07,EMAIL,R51808547,1,7,8,8,8,5,7,Sans plus
SAT0005490,POST_MATCH,M030,2026-04-02,2026-04-07,EMAIL,R53113624,1,10,8,8,8,8,9,"Premiere fois ici, tres agreable surprise"
SAT0005503,POST_MATCH,M030,2026-04-02,2026-04-07,QR_SUR_PLACE,R51897499,1,7,10,7,6,7,6,
SAT0005518,POST_MATCH,M030,2026-04-02,2026-04-07,EMAIL,R59580841,1,8,9,5,7,8,10,Bon rapport qualite prix
SAT0005528,POST_MATCH,M030,2026-04-02,2026-04-07,EMAIL,R55746593,1,9,9,7,4,5,10,
SAT0005539,POST_MATCH,M030,2026-04-02,2026-04-07,EMAIL,R55105462,1,9,8,7,9,8,8,
SAT0005546,POST_MATCH,M030,2026-04-02,2026-04-07,QR_SUR_PLACE,R51718704,1,10,10,8,6,9,10,
SAT0005548,POST_MATCH,M030,2026-04-02,2026-04-07,EMAIL,R53726279,1,8,9,6,7,8,8,Correct dans l'ensemble
SAT0005583,POST_MATCH,M030,2026-04-02,2026-04-07,QR_SUR_PLACE,R59969818,1,10,8,5,6,10,10,
SAT0005590,POST_MATCH,M030,2026-04-02,2026-04-07,EMAIL,R55834587,1,7,9,7,7,8,8,
SAT0005624,POST_MATCH,M030,2026-04-02,2026-04-07,EMAIL,R56644494,1,10,9,7,8,7,9,
SAT0005635,POST_MATCH,M030,2026-04-02,2026-04-07,QR_SUR_PLACE,R54293706,1,9,10,9,8,9,10,Bon rapport qualite prix
SAT0005637,POST_MATCH,M030,2026-04-02,2026-04-07,EMAIL,R55733643,1,9,8,9,8,8,6,Match intense du debut a la fin
SAT0005640,POST_MATCH,M030,2026-04-02,2026-04-07,EMAIL,R56502345,1,8,10,7,8,9,9,
SAT0005658,POST_MATCH,M030,2026-04-02,2026-04-07,EMAIL,R54040671,1,10,9,8,5,7,10,
SAT0005661,POST_MATCH,M030,2026-04-02,2026-04-07,EMAIL,R57504121,1,8,10,5,9,9,10,Correct dans l'ensemble
SAT0005666,POST_MATCH,M030,2026-04-02,2026-04-07,QR_SUR_PLACE,R56139593,0,8,10,8,6,7,10,
SAT0005672,POST_MATCH,M030,2026-04-02,2026-04-07,EMAIL,R56354545,1,8,9,6,9,7,9,
SAT0005691,POST_MATCH,M030,2026-04-02,2026-04-07,SMS,R56187819,1,7,8,6,6,8,8,
SAT0005700,POST_MATCH,M030,2026-04-02,2026-04-07,QR_SUR_PLACE,R51157397,1,7,8,9,5,7,9,
SAT0005701,POST_MATCH,M030,2026-04-02,2026-04-07,EMAIL,R54218863,1,7,10,8,7,9,8,
SAT0005729,POST_MATCH,M031,2026-04-04,2026-04-07,SMS,R51897499,1,8,9,8,5,10,8,Sans plus
SAT0005731,POST_MATCH,M031,2026-04-04,2026-04-07,EMAIL,R55844606,1,8,9,8,6,9,8,Match intense du debut a la fin
SAT0005733,POST_MATCH,M031,2026-04-04,2026-04-07,EMAIL,R57290673,1,9,9,6,6,9,8,Tres bonne organisation
SAT0005736,POST_MATCH,M031,2026-04-04,2026-04-07,SMS,R59509733,1,8,7,6,7,8,7,Correct dans l'ensemble
SAT0005740,POST_MATCH,M031,2026-04-04,2026-04-07,EMAIL,R51643171,1,7,9,5,7,7,8,Correct dans l'ensemble
SAT0005741,POST_MATCH,M031,2026-04-04,2026-04-07,EMAIL,R52286821,1,6,7,6,6,9,10,
SAT0005743,POST_MATCH,M031,2026-04-04,2026-04-07,EMAIL,R52870397,1,8,9,5,4,7,8,"Super ambiance, on reviendra"
SAT0005753,POST_MATCH,M031,2026-04-04,2026-04-07,EMAIL,R57038797,1,8,10,8,7,7,10,
SAT0005787,POST_MATCH,M031,2026-04-04,2026-04-07,EMAIL,R53455400,1,7,8,5,8,9,9,
SAT0005814,POST_MATCH,M031,2026-04-04,2026-04-07,EMAIL,R51414857,1,7,9,9,9,8,8,
SAT0005831,POST_MATCH,M031,2026-04-04,2026-04-07,EMAIL,R51167885,1,7,9,7,7,8,8,Rien a signaler
SAT0005839,POST_MATCH,M031,2026-04-04,2026-04-07,EMAIL,R59260098,1,9,9,6,7,8,8,Match intense du debut a la fin
SAT0005844,POST_MATCH,M031,2026-04-04,2026-04-07,QR_SUR_PLACE,R53685543,1,10,8,6,6,8,9,
SAT0005872,POST_MATCH,M031,2026-04-04,2026-04-07,QR_SUR_PLACE,R57075567,1,9,8,6,7,9,9,"Premiere fois ici, tres agreable surprise"
SAT0005876,POST_MATCH,M031,2026-04-04,2026-04-07,QR_SUR_PLACE,R58484854,1,9,9,6,6,9,8,Sans plus
SAT0005877,POST_MATCH,M031,2026-04-04,2026-04-07,EMAIL,R58772351,1,7,9,6,7,9,9,
SAT0005878,POST_MATCH,M031,2026-04-04,2026-04-07,EMAIL,R53051902,1,9,8,6,8,10,9,
SAT0005882,POST_MATCH,M031,2026-04-04,2026-04-07,EMAIL,R56066636,1,7,9,5,7,9,9,
SAT0005895,POST_MATCH,M031,2026-04-04,2026-04-07,EMAIL,R58387531,1,10,7,6,9,9,8,Match intense du debut a la fin
SAT0005900,POST_MATCH,M031,2026-04-04,2026-04-07,EMAIL,R55949218,0,8,10,8,8,7,8,
SAT0005901,POST_MATCH,M031,2026-04-04,2026-04-07,EMAIL,R59480912,1,8,8,7,7,8,9,
SAT0005903,POST_MATCH,M031,2026-04-04,2026-04-07,EMAIL,R58448151,0,9,9,8,6,8,9,
SAT0005909,POST_MATCH,M031,2026-04-04,2026-04-07,QR_SUR_PLACE,R56200136,1,7,8,6,4,8,6,
SAT0005913,POST_MATCH,M031,2026-04-04,2026-04-07,EMAIL,R54451592,1,8,9,7,8,9,10,
SAT0005923,POST_MATCH,M031,2026-04-04,2026-04-07,EMAIL,R57556370,0,10,9,5,6,7,8,
SAT0005924,POST_MATCH,M031,2026-04-04,2026-04-07,QR_SUR_PLACE,R58534517,1,6,9,7,7,8,8,
SAT0005928,POST_MATCH,M031,2026-04-04,2026-04-07,EMAIL,R52218567,1,7,8,6,5,8,9,
SAT0005939,POST_MATCH,M031,2026-04-04,2026-04-07,EMAIL,R57162613,1,8,9,6,7,8,5,
SAT0005941,POST_MATCH,M031,2026-04-04,2026-04-07,EMAIL,R53338595,0,7,9,6,8,8,7,
SAT0005942,POST_MATCH,M031,2026-04-04,2026-04-07,EMAIL,R52557211,0,8,10,5,7,8,7,
SAT0005943,POST_MATCH,M031,2026-04-04,2026-04-07,QR_SUR_PLACE,R53874548,1,9,8,8,6,9,8,"Super ambiance, on reviendra"
SAT0005962,POST_MATCH,M031,2026-04-04,2026-04-07,SMS,R58310149,0,7,9,7,6,6,8,
SAT0005735,POST_MATCH,M031,2026-04-04,2026-04-08,SMS,R58854436,1,7,10,5,8,10,10,
SAT0005739,POST_MATCH,M031,2026-04-04,2026-04-08,EMAIL,R51242269,1,9,9,6,8,8,8,Tres bonne organisation
SAT0005742,POST_MATCH,M031,2026-04-04,2026-04-08,EMAIL,R52353025,1,10,10,6,6,8,10,
SAT0005746,POST_MATCH,M031,2026-04-04,2026-04-08,EMAIL,R54032645,1,7,8,8,6,8,7,
SAT0005776,POST_MATCH,M031,2026-04-04,2026-04-08,EMAIL,R55909785,1,10,8,6,9,8,9,
SAT0005798,POST_MATCH,M031,2026-04-04,2026-04-08,SMS,R51458926,1,7,9,7,5,8,8,
SAT0005808,POST_MATCH,M031,2026-04-04,2026-04-08,EMAIL,R57760566,1,7,9,8,7,7,9,
SAT0005809,POST_MATCH,M031,2026-04-04,2026-04-08,EMAIL,R58330656,1,10,9,5,6,9,10,
SAT0005818,POST_MATCH,M031,2026-04-04,2026-04-08,EMAIL,R53985779,1,9,8,8,6,7,9,
SAT0005822,POST_MATCH,M031,2026-04-04,2026-04-08,SMS,R56958216,1,10,8,7,7,9,10,Sans plus
SAT0005833,POST_MATCH,M031,2026-04-04,2026-04-08,EMAIL,R54309510,1,7,6,6,7,10,9,
SAT0005848,POST_MATCH,M031,2026-04-04,2026-04-08,SMS,R56041915,1,10,9,7,7,7,8,
SAT0005851,POST_MATCH,M031,2026-04-04,2026-04-08,EMAIL,R58235842,1,9,8,4,7,8,8,"Super ambiance, on reviendra"
SAT0005864,POST_MATCH,M031,2026-04-04,2026-04-08,EMAIL,R57986418,1,8,8,6,6,9,9,
SAT0005866,POST_MATCH,M031,2026-04-04,2026-04-08,EMAIL,R51604542,1,9,8,8,7,8,9,Rien a signaler
SAT0005871,POST_MATCH,M031,2026-04-04,2026-04-08,EMAIL,R56246791,1,7,7,7,7,8,8,
SAT0005875,POST_MATCH,M031,2026-04-04,2026-04-08,EMAIL,R57641979,1,8,8,6,6,9,9,
SAT0005879,POST_MATCH,M031,2026-04-04,2026-04-08,EMAIL,R54041897,1,7,8,6,6,8,9,
SAT0005889,POST_MATCH,M031,2026-04-04,2026-04-08,QR_SUR_PLACE,R59137575,1,6,7,5,5,8,7,
SAT0005893,POST_MATCH,M031,2026-04-04,2026-04-08,EMAIL,R56278744,1,9,9,8,5,9,9,
SAT0005945,POST_MATCH,M031,2026-04-04,2026-04-08,EMAIL,R53077792,0,7,10,4,6,7,8,Rien a signaler
SAT0005961,POST_MATCH,M031,2026-04-04,2026-04-08,EMAIL,R59795458,1,7,10,7,7,10,10,
SAT0005562,POST_MATCH,M030,2026-04-02,2026-04-09,SMS,R53252497,1,7,9,7,8,7,8,
SAT0005589,POST_MATCH,M030,2026-04-02,2026-04-09,EMAIL,R55700340,1,8,8,7,8,8,7,Sans plus
SAT0005723,POST_MATCH,M031,2026-04-04,2026-04-09,EMAIL,R53291394,1,9,7,5,7,8,8,
SAT0005732,POST_MATCH,M031,2026-04-04,2026-04-09,SMS,R56357687,1,9,9,6,8,10,9,Match intense du debut a la fin
SAT0005752,POST_MATCH,M031,2026-04-04,2026-04-09,SMS,R56681418,1,8,6,8,6,6,8,Sans plus
SAT0005755,POST_MATCH,M031,2026-04-04,2026-04-09,EMAIL,R58237825,1,8,8,7,8,10,9,
SAT0005759,POST_MATCH,M031,2026-04-04,2026-04-09,EMAIL,R52280145,1,8,7,8,7,9,9,
SAT0005777,POST_MATCH,M031,2026-04-04,2026-04-09,SMS,R57910617,1,6,7,7,7,8,5,
SAT0005788,POST_MATCH,M031,2026-04-04,2026-04-09,EMAIL,R53464595,1,7,8,7,6,7,7,
SAT0005792,POST_MATCH,M031,2026-04-04,2026-04-09,EMAIL,R56033065,1,7,9,8,7,7,9,
SAT0005800,POST_MATCH,M031,2026-04-04,2026-04-09,QR_SUR_PLACE,R54151222,1,10,8,7,9,8,8,Bon rapport qualite prix
SAT0005820,POST_MATCH,M031,2026-04-04,2026-04-09,SMS,R55905695,1,9,9,7,5,8,8,
SAT0005826,POST_MATCH,M031,2026-04-04,2026-04-09,EMAIL,R57763085,1,10,7,7,6,8,7,
SAT0005862,POST_MATCH,M031,2026-04-04,2026-04-09,EMAIL,R57028299,1,8,8,7,7,7,7,
SAT0005874,POST_MATCH,M031,2026-04-04,2026-04-09,EMAIL,R57418847,1,10,10,8,6,8,10,Tres bonne organisation
SAT0005881,POST_MATCH,M031,2026-04-04,2026-04-09,QR_SUR_PLACE,R55978364,1,9,9,8,7,8,10,Sans plus
SAT0005890,POST_MATCH,M031,2026-04-04,2026-04-09,EMAIL,R56715190,0,10,10,7,8,9,9,L'ambiance dans les tribunes vaut le deplacement
SAT0005906,POST_MATCH,M031,2026-04-04,2026-04-09,EMAIL,R51785042,1,8,9,6,5,9,8,"Premiere fois ici, tres agreable surprise"
SAT0005920,POST_MATCH,M031,2026-04-04,2026-04-09,EMAIL,R58099220,1,8,10,10,7,10,9,
SAT0005921,POST_MATCH,M031,2026-04-04,2026-04-09,EMAIL,R53388851,1,8,10,7,6,8,10,
SAT0005970,POST_MATCH,M032,2026-04-09,2026-04-10,EMAIL,R52840226,1,8,10,6,5,9,9,L'ambiance dans les tribunes vaut le deplacement
SAT0005971,POST_MATCH,M032,2026-04-09,2026-04-10,QR_SUR_PLACE,R52872715,1,9,7,7,8,10,8,
SAT0005972,POST_MATCH,M032,2026-04-09,2026-04-10,EMAIL,R53780568,1,8,8,6,6,7,8,"Super ambiance, on reviendra"
SAT0005977,POST_MATCH,M032,2026-04-09,2026-04-10,EMAIL,R56741358,1,7,10,7,7,8,9,
SAT0005980,POST_MATCH,M032,2026-04-09,2026-04-10,SMS,R58107735,1,10,10,5,9,9,8,
SAT0005981,POST_MATCH,M032,2026-04-09,2026-04-10,EMAIL,R58215010,1,6,9,6,8,9,7,
SAT0005984,POST_MATCH,M032,2026-04-09,2026-04-10,QR_SUR_PLACE,R59645139,1,9,10,8,8,8,8,
SAT0005985,POST_MATCH,M032,2026-04-09,2026-04-10,EMAIL,R59822909,1,9,8,7,6,10,9,Tres bonne organisation
SAT0005987,POST_MATCH,M032,2026-04-09,2026-04-10,SMS,R52861135,1,10,10,7,7,7,9,
SAT0005988,POST_MATCH,M032,2026-04-09,2026-04-10,EMAIL,R52975766,1,6,9,7,7,9,9,
SAT0005989,POST_MATCH,M032,2026-04-09,2026-04-10,EMAIL,R53012546,1,8,7,8,8,9,8,Tres bonne organisation
SAT0005992,POST_MATCH,M032,2026-04-09,2026-04-10,EMAIL,R55904680,1,7,7,5,7,8,7,
SAT0005993,POST_MATCH,M032,2026-04-09,2026-04-10,QR_SUR_PLACE,R56357687,1,7,7,8,6,10,7,
SAT0005997,POST_MATCH,M032,2026-04-09,2026-04-10,EMAIL,R51147867,1,8,7,7,7,8,8,Tres bonne organisation
SAT0005998,POST_MATCH,M032,2026-04-09,2026-04-10,EMAIL,R51161966,1,7,9,8,7,10,10,
SAT0006000,POST_MATCH,M032,2026-04-09,2026-04-10,EMAIL,R52392257,1,8,8,8,8,8,8,
SAT0006001,POST_MATCH,M032,2026-04-09,2026-04-10,EMAIL,R54234935,1,8,10,7,7,10,10,
SAT0006005,POST_MATCH,M032,2026-04-09,2026-04-10,EMAIL,R57018568,1,7,8,6,7,9,9,
SAT0006008,POST_MATCH,M032,2026-04-09,2026-04-10,QR_SUR_PLACE,R58334679,1,7,8,7,8,9,8,
SAT0006016,POST_MATCH,M032,2026-04-09,2026-04-10,EMAIL,R57315327,1,9,9,7,7,8,10,Tres bonne organisation
SAT0006020,POST_MATCH,M032,2026-04-09,2026-04-10,QR_SUR_PLACE,R59658826,1,9,9,5,6,6,8,L'ambiance dans les tribunes vaut le deplacement
SAT0006022,POST_MATCH,M032,2026-04-09,2026-04-10,EMAIL,R52734445,1,10,8,7,7,7,9,"Super ambiance, on reviendra"
SAT0006024,POST_MATCH,M032,2026-04-09,2026-04-10,EMAIL,R55799445,1,8,7,5,7,8,9,Match intense du debut a la fin
SAT0006032,POST_MATCH,M032,2026-04-09,2026-04-10,SMS,R52372842,1,8,8,7,7,7,7,Match intense du debut a la fin
SAT0006033,POST_MATCH,M032,2026-04-09,2026-04-10,EMAIL,R52999941,1,8,7,8,7,9,10,
SAT0006034,POST_MATCH,M032,2026-04-09,2026-04-10,EMAIL,R54268851,1,8,9,6,8,8,7,L'ambiance dans les tribunes vaut le deplacement
SAT0006036,POST_MATCH,M032,2026-04-09,2026-04-10,EMAIL,R56997314,1,8,10,8,7,8,9,
SAT0006037,POST_MATCH,M032,2026-04-09,2026-04-10,EMAIL,R57777663,1,8,8,7,8,7,6,Tres bonne organisation
SAT0006042,POST_MATCH,M032,2026-04-09,2026-04-10,EMAIL,R59319358,1,6,7,7,7,8,7,
SAT0006045,POST_MATCH,M032,2026-04-09,2026-04-10,QR_SUR_PLACE,R52933191,1,9,8,9,9,9,9,
SAT0006046,POST_MATCH,M032,2026-04-09,2026-04-10,QR_SUR_PLACE,R54252367,1,10,9,6,6,9,9,
SAT0006048,POST_MATCH,M032,2026-04-09,2026-04-10,EMAIL,R59969818,1,7,9,7,5,7,9,
SAT0006049,POST_MATCH,M032,2026-04-09,2026-04-10,EMAIL,R51671704,1,9,9,8,9,10,8,Tres bonne organisation
SAT0006053,POST_MATCH,M032,2026-04-09,2026-04-10,EMAIL,R53744257,1,9,9,7,7,9,9,"Premiere fois ici, tres agreable surprise"
SAT0006054,POST_MATCH,M032,2026-04-09,2026-04-10,EMAIL,R54164775,1,10,7,6,8,8,9,Tres bonne organisation
SAT0006056,POST_MATCH,M032,2026-04-09,2026-04-10,EMAIL,R55560576,1,7,8,8,7,8,7,
SAT0006057,POST_MATCH,M032,2026-04-09,2026-04-10,EMAIL,R56680527,1,8,9,6,7,9,9,"Super ambiance, on reviendra"
SAT0006058,POST_MATCH,M032,2026-04-09,2026-04-10,EMAIL,R57861165,1,7,8,7,7,9,9,
SAT0006060,POST_MATCH,M032,2026-04-09,2026-04-10,EMAIL,R57890589,1,8,7,6,7,8,10,
SAT0006065,POST_MATCH,M032,2026-04-09,2026-04-10,EMAIL,R52289675,1,7,9,5,6,9,9,
SAT0006067,POST_MATCH,M032,2026-04-09,2026-04-10,EMAIL,R54467664,1,9,8,8,7,6,9,"Premiere fois ici, tres agreable surprise"
SAT0006068,POST_MATCH,M032,2026-04-09,2026-04-10,EMAIL,R56569028,1,9,7,8,8,7,10,
SAT0006069,POST_MATCH,M032,2026-04-09,2026-04-10,EMAIL,R56755993,1,7,8,6,7,10,8,
SAT0006070,POST_MATCH,M032,2026-04-09,2026-04-10,EMAIL,R59679390,1,9,7,7,8,7,7,Tres bonne organisation
SAT0006071,POST_MATCH,M032,2026-04-09,2026-04-10,SMS,R51012863,1,8,8,8,9,8,9,
SAT0006074,POST_MATCH,M032,2026-04-09,2026-04-10,EMAIL,R52688192,1,8,8,9,8,9,9,
SAT0006075,POST_MATCH,M032,2026-04-09,2026-04-10,QR_SUR_PLACE,R53132004,1,7,9,8,8,7,7,
SAT0006076,POST_MATCH,M032,2026-04-09,2026-04-10,EMAIL,R53941164,1,10,8,7,6,9,9,Rien a signaler
SAT0006080,POST_MATCH,M032,2026-04-09,2026-04-10,EMAIL,R55834721,1,7,8,8,7,8,8,
SAT0006084,POST_MATCH,M032,2026-04-09,2026-04-10,EMAIL,R56672079,1,8,7,6,7,8,9,Bon rapport qualite prix
SAT0006087,POST_MATCH,M032,2026-04-09,2026-04-10,EMAIL,R58015162,1,9,9,6,8,9,9,"Super ambiance, on reviendra"
SAT0006088,POST_MATCH,M032,2026-04-09,2026-04-10,EMAIL,R51797570,1,7,10,7,6,9,9,
SAT0006090,POST_MATCH,M032,2026-04-09,2026-04-10,SMS,R54580590,1,8,9,6,7,9,10,Bon rapport qualite prix
SAT0006091,POST_MATCH,M032,2026-04-09,2026-04-10,EMAIL,R56346643,1,10,10,8,5,8,9,
SAT0006092,POST_MATCH,M032,2026-04-09,2026-04-10,EMAIL,R57619844,1,9,8,6,7,7,8,
SAT0006094,POST_MATCH,M032,2026-04-09,2026-04-10,EMAIL,R57986418,1,7,9,4,6,9,9,
SAT0006096,POST_MATCH,M032,2026-04-09,2026-04-10,EMAIL,R59404900,1,9,7,6,6,8,6,
SAT0006099,POST_MATCH,M032,2026-04-09,2026-04-10,EMAIL,R52200991,1,8,8,5,7,9,8,
SAT0006100,POST_MATCH,M032,2026-04-09,2026-04-10,SMS,R52725719,1,8,9,6,9,8,8,Sans plus
SAT0006107,POST_MATCH,M032,2026-04-09,2026-04-10,EMAIL,R59390255,1,9,7,9,8,9,8,
SAT0006109,POST_MATCH,M032,2026-04-09,2026-04-10,EMAIL,R52286878,1,9,10,6,7,9,10,
SAT0006113,POST_MATCH,M032,2026-04-09,2026-04-10,EMAIL,R54459963,1,8,10,6,6,8,8,
SAT0006117,POST_MATCH,M032,2026-04-09,2026-04-10,EMAIL,R58810424,1,10,9,7,7,9,10,
SAT0006121,POST_MATCH,M032,2026-04-09,2026-04-10,SMS,R51514307,1,5,8,9,8,9,7,Prix des places trop eleve pour ce niveau de match
SAT0006123,POST_MATCH,M032,2026-04-09,2026-04-10,EMAIL,R52276802,1,10,7,5,9,10,8,Tres bonne organisation
SAT0006124,POST_MATCH,M032,2026-04-09,2026-04-10,EMAIL,R51491760,1,8,8,6,7,7,8,
SAT0006126,POST_MATCH,M032,2026-04-09,2026-04-10,EMAIL,R53082361,1,7,9,7,9,9,9,
SAT0006129,POST_MATCH,M032,2026-04-09,2026-04-10,EMAIL,R53145423,0,7,7,6,8,7,7,Rien a signaler
SAT0006132,POST_MATCH,M032,2026-04-09,2026-04-10,EMAIL,R56959586,1,8,10,8,7,8,8,"Premiere fois ici, tres agreable surprise"
SAT0006133,POST_MATCH,M032,2026-04-09,2026-04-10,EMAIL,R58618086,1,8,9,9,8,9,7,Rien a signaler
SAT0006135,POST_MATCH,M032,2026-04-09,2026-04-10,EMAIL,R58358854,1,7,8,7,7,7,9,
SAT0006136,POST_MATCH,M032,2026-04-09,2026-04-10,EMAIL,R53187586,1,6,8,9,9,9,8,
SAT0006137,POST_MATCH,M032,2026-04-09,2026-04-10,EMAIL,R58630480,1,7,8,7,7,10,9,
SAT0006140,POST_MATCH,M032,2026-04-09,2026-04-10,EMAIL,R54980276,0,6,10,6,7,8,7,
SAT0006143,POST_MATCH,M032,2026-04-09,2026-04-10,SMS,R57923279,1,8,8,7,9,10,8,L'ambiance dans les tribunes vaut le deplacement
SAT0006144,POST_MATCH,M032,2026-04-09,2026-04-10,EMAIL,R55180238,1,7,7,8,7,9,9,
SAT0006145,POST_MATCH,M032,2026-04-09,2026-04-10,SMS,R58799400,0,9,8,7,7,7,8,Bon rapport qualite prix
SAT0006147,POST_MATCH,M032,2026-04-09,2026-04-10,SMS,R59441958,0,8,8,9,8,6,8,"Premiere fois ici, tres agreable surprise"
SAT0006150,POST_MATCH,M032,2026-04-09,2026-04-10,QR_SUR_PLACE,R52501093,1,7,9,7,7,9,7,
SAT0006153,POST_MATCH,M032,2026-04-09,2026-04-10,EMAIL,R56053639,1,7,9,9,6,9,9,
SAT0006154,POST_MATCH,M032,2026-04-09,2026-04-10,SMS,R59946457,1,5,8,7,8,8,9,Trop d'attente aux buvettes
SAT0006156,POST_MATCH,M032,2026-04-09,2026-04-10,EMAIL,R59431604,1,7,9,7,8,9,8,
SAT0006157,POST_MATCH,M032,2026-04-09,2026-04-10,EMAIL,R59551072,1,8,7,7,9,8,6,
SAT0006159,POST_MATCH,M032,2026-04-09,2026-04-10,EMAIL,R51649291,1,7,9,7,6,7,8,
SAT0006160,POST_MATCH,M032,2026-04-09,2026-04-10,EMAIL,R59886728,1,8,8,9,5,10,10,
SAT0006165,POST_MATCH,M032,2026-04-09,2026-04-10,EMAIL,R59857572,1,9,7,6,8,8,8,
SAT0006167,POST_MATCH,M032,2026-04-09,2026-04-10,EMAIL,R56319336,1,8,10,7,7,8,10,Tres bonne organisation
SAT0006174,POST_MATCH,M032,2026-04-09,2026-04-10,EMAIL,R59014831,1,8,6,8,8,8,7,"Super ambiance, on reviendra"
SAT0006176,POST_MATCH,M032,2026-04-09,2026-04-10,SMS,R55585431,1,9,8,6,6,10,8,L'ambiance dans les tribunes vaut le deplacement
SAT0006177,POST_MATCH,M032,2026-04-09,2026-04-10,SMS,R55878388,1,10,10,7,7,8,9,
SAT0006179,POST_MATCH,M032,2026-04-09,2026-04-10,EMAIL,R56401756,0,9,10,7,7,8,8,
SAT0006181,POST_MATCH,M032,2026-04-09,2026-04-10,SMS,R55871568,1,8,8,7,8,10,8,
SAT0006184,POST_MATCH,M032,2026-04-09,2026-04-10,EMAIL,R51557619,0,9,9,6,10,8,9,
SAT0006187,POST_MATCH,M032,2026-04-09,2026-04-10,EMAIL,R53102446,1,6,8,8,6,8,7,
SAT0006188,POST_MATCH,M032,2026-04-09,2026-04-10,QR_SUR_PLACE,R57139597,1,8,9,7,7,9,10,Tres bonne organisation
SAT0006190,POST_MATCH,M032,2026-04-09,2026-04-10,EMAIL,R54609947,1,9,9,6,6,8,8,Bon rapport qualite prix
SAT0006195,POST_MATCH,M032,2026-04-09,2026-04-10,EMAIL,R54177169,1,8,6,6,7,8,6,
SAT0005730,POST_MATCH,M031,2026-04-04,2026-04-11,EMAIL,R55446769,1,8,10,7,6,9,9,
SAT0005766,POST_MATCH,M031,2026-04-04,2026-04-11,EMAIL,R51424464,1,7,8,8,5,10,10,
SAT0005772,POST_MATCH,M031,2026-04-04,2026-04-11,EMAIL,R54576510,1,9,9,7,6,9,8,"Super ambiance, on reviendra"
SAT0005785,POST_MATCH,M031,2026-04-04,2026-04-11,EMAIL,R51636629,1,9,10,8,6,9,10,Bon rapport qualite prix
SAT0005794,POST_MATCH,M031,2026-04-04,2026-04-11,SMS,R56171603,1,10,7,5,5,9,8,
SAT0005801,POST_MATCH,M031,2026-04-04,2026-04-11,EMAIL,R54175742,1,10,6,5,5,7,9,Rien a signaler
SAT0005817,POST_MATCH,M031,2026-04-04,2026-04-11,EMAIL,R53744257,1,9,9,6,7,8,9,"Premiere fois ici, tres agreable surprise"
SAT0005821,POST_MATCH,M031,2026-04-04,2026-04-11,QR_SUR_PLACE,R56787802,1,10,8,8,6,7,8,"Premiere fois ici, tres agreable surprise"
SAT0005880,POST_MATCH,M031,2026-04-04,2026-04-11,EMAIL,R54454446,1,7,9,7,7,8,7,
SAT0005915,POST_MATCH,M031,2026-04-04,2026-04-11,EMAIL,R52595217,1,8,10,8,5,7,8,
SAT0005963,POST_MATCH,M031,2026-04-04,2026-04-11,EMAIL,R54619765,1,7,8,7,5,7,8,
SAT0005968,POST_MATCH,M031,2026-04-04,2026-04-11,SMS,R59836797,0,9,8,8,8,8,8,"Premiere fois ici, tres agreable surprise"
SAT0005979,POST_MATCH,M032,2026-04-09,2026-04-11,EMAIL,R57236049,1,10,9,6,7,8,10,
SAT0005983,POST_MATCH,M032,2026-04-09,2026-04-11,EMAIL,R58731156,1,8,8,6,8,8,10,Tres bonne organisation
SAT0005986,POST_MATCH,M032,2026-04-09,2026-04-11,QR_SUR_PLACE,R51844168,1,5,9,9,7,8,9,Peu de choix a la restauration
SAT0005994,POST_MATCH,M032,2026-04-09,2026-04-11,EMAIL,R58223046,1,8,10,7,6,8,9,
SAT0006010,POST_MATCH,M032,2026-04-09,2026-04-11,EMAIL,R59637917,1,9,9,7,8,7,8,
SAT0006013,POST_MATCH,M032,2026-04-09,2026-04-11,EMAIL,R52114022,1,10,8,7,8,9,8,
SAT0006014,POST_MATCH,M032,2026-04-09,2026-04-11,EMAIL,R55880907,1,8,10,7,8,8,9,
SAT0006019,POST_MATCH,M032,2026-04-09,2026-04-11,QR_SUR_PLACE,R58373365,1,8,8,6,7,8,9,
SAT0006021,POST_MATCH,M032,2026-04-09,2026-04-11,EMAIL,R51827205,1,7,9,8,8,9,7,
SAT0006028,POST_MATCH,M032,2026-04-09,2026-04-11,EMAIL,R59847084,1,9,8,6,6,7,8,L'ambiance dans les tribunes vaut le deplacement
SAT0006038,POST_MATCH,M032,2026-04-09,2026-04-11,SMS,R58147915,1,9,9,7,8,8,10,
SAT0006040,POST_MATCH,M032,2026-04-09,2026-04-11,EMAIL,R58567207,1,10,7,7,4,7,9,
SAT0006041,POST_MATCH,M032,2026-04-09,2026-04-11,QR_SUR_PLACE,R58632798,1,7,9,8,6,7,7,
SAT0006043,POST_MATCH,M032,2026-04-09,2026-04-11,EMAIL,R52776876,1,10,9,6,8,9,10,
SAT0006044,POST_MATCH,M032,2026-04-09,2026-04-11,SMS,R52792201,1,9,8,8,7,8,10,
SAT0006051,POST_MATCH,M032,2026-04-09,2026-04-11,QR_SUR_PLACE,R52957778,1,7,10,8,7,8,10,
SAT0006061,POST_MATCH,M032,2026-04-09,2026-04-11,EMAIL,R58414091,1,7,8,8,8,7,8,
SAT0006062,POST_MATCH,M032,2026-04-09,2026-04-11,EMAIL,R58492555,1,9,10,9,8,8,9,Tres bonne organisation
SAT0006063,POST_MATCH,M032,2026-04-09,2026-04-11,EMAIL,R59670128,1,9,9,9,4,8,8,Tres bonne organisation
SAT0006064,POST_MATCH,M032,2026-04-09,2026-04-11,SMS,R51516682,1,8,8,6,6,10,9,"Premiere fois ici, tres agreable surprise"
SAT0006066,POST_MATCH,M032,2026-04-09,2026-04-11,EMAIL,R52520163,1,7,9,7,6,8,8,
SAT0006077,POST_MATCH,M032,2026-04-09,2026-04-11,SMS,R54626498,1,9,10,6,9,7,10,"Premiere fois ici, tres agreable surprise"
SAT0006078,POST_MATCH,M032,2026-04-09,2026-04-11,EMAIL,R55015140,1,7,7,8,8,9,8,
SAT0006079,POST_MATCH,M032,2026-04-09,2026-04-11,EMAIL,R55476116,1,9,10,8,7,9,10,
SAT0006086,POST_MATCH,M032,2026-04-09,2026-04-11,QR_SUR_PLACE,R57059495,1,9,9,7,5,7,9,Bon rapport qualite prix
SAT0006089,POST_MATCH,M032,2026-04-09,2026-04-11,SMS,R53134523,1,7,8,9,5,9,10,
SAT0006095,POST_MATCH,M032,2026-04-09,2026-04-11,QR_SUR_PLACE,R59182381,1,8,8,8,4,10,8,
SAT0006102,POST_MATCH,M032,2026-04-09,2026-04-11,EMAIL,R54635214,1,8,9,7,8,8,9,
SAT0006103,POST_MATCH,M032,2026-04-09,2026-04-11,EMAIL,R56301961,1,8,9,9,8,8,8,Tres bonne organisation
SAT0006105,POST_MATCH,M032,2026-04-09,2026-04-11,EMAIL,R57641979,1,9,7,7,8,7,8,
SAT0006106,POST_MATCH,M032,2026-04-09,2026-04-11,EMAIL,R58426619,1,9,7,8,7,10,9,
SAT0006108,POST_MATCH,M032,2026-04-09,2026-04-11,EMAIL,R51021646,1,7,7,8,7,9,10,
SAT0006110,POST_MATCH,M032,2026-04-09,2026-04-11,EMAIL,R53134657,1,7,9,5,7,7,8,
SAT0006111,POST_MATCH,M032,2026-04-09,2026-04-11,EMAIL,R53297102,1,8,7,7,8,8,7,
SAT0006115,POST_MATCH,M032,2026-04-09,2026-04-11,SMS,R56609754,1,9,8,6,9,7,10,Tres bonne organisation
SAT0006116,POST_MATCH,M032,2026-04-09,2026-04-11,EMAIL,R57871308,1,9,10,7,7,8,9,
SAT0006127,POST_MATCH,M032,2026-04-09,2026-04-11,EMAIL,R58427098,1,10,10,6,5,6,8,
SAT0006128,POST_MATCH,M032,2026-04-09,2026-04-11,EMAIL,R52370725,0,7,7,7,6,10,9,
SAT0006131,POST_MATCH,M032,2026-04-09,2026-04-11,EMAIL,R54981502,0,9,10,7,5,8,10,
SAT0006138,POST_MATCH,M032,2026-04-09,2026-04-11,EMAIL,R58928120,1,8,7,7,8,7,7,Tres bonne organisation
SAT0006139,POST_MATCH,M032,2026-04-09,2026-04-11,EMAIL,R53742552,0,9,8,8,7,10,8,
SAT0006141,POST_MATCH,M032,2026-04-09,2026-04-11,QR_SUR_PLACE,R51903418,1,9,10,5,8,9,10,
SAT0006142,POST_MATCH,M032,2026-04-09,2026-04-11,EMAIL,R58205326,1,8,10,8,7,5,8,
SAT0006148,POST_MATCH,M032,2026-04-09,2026-04-11,EMAIL,R54232272,0,8,9,10,6,8,8,"Super ambiance, on reviendra"
SAT0006149,POST_MATCH,M032,2026-04-09,2026-04-11,SMS,R51082879,1,8,8,7,8,8,8,
SAT0006155,POST_MATCH,M032,2026-04-09,2026-04-11,EMAIL,R55740329,1,9,7,7,6,8,7,
SAT0006158,POST_MATCH,M032,2026-04-09,2026-04-11,SMS,R57161799,1,9,10,7,8,8,9,
SAT0006161,POST_MATCH,M032,2026-04-09,2026-04-11,EMAIL,R53882450,0,9,10,8,8,8,10,
SAT0006169,POST_MATCH,M032,2026-04-09,2026-04-11,EMAIL,R52217820,1,9,9,7,6,9,9,
SAT0006170,POST_MATCH,M032,2026-04-09,2026-04-11,EMAIL,R54910116,1,10,6,8,6,6,9,"Super ambiance, on reviendra"
SAT0006172,POST_MATCH,M032,2026-04-09,2026-04-11,EMAIL,R53522696,1,8,9,8,5,9,10,Sans plus
SAT0006173,POST_MATCH,M032,2026-04-09,2026-04-11,QR_SUR_PLACE,R55111046,0,8,8,8,6,7,9,
SAT0006180,POST_MATCH,M032,2026-04-09,2026-04-11,QR_SUR_PLACE,R54127181,1,9,9,6,7,7,10,
SAT0006183,POST_MATCH,M032,2026-04-09,2026-04-11,EMAIL,R58471033,1,8,8,8,6,8,8,
SAT0006186,POST_MATCH,M032,2026-04-09,2026-04-11,EMAIL,R56139861,1,8,9,5,7,9,9,L'ambiance dans les tribunes vaut le deplacement
SAT0006193,POST_MATCH,M032,2026-04-09,2026-04-11,SMS,R57557941,1,9,8,7,6,10,9,
SAT0005973,POST_MATCH,M032,2026-04-09,2026-04-12,EMAIL,R53961403,1,8,7,6,8,6,8,"Premiere fois ici, tres agreable surprise"
SAT0005975,POST_MATCH,M032,2026-04-09,2026-04-12,SMS,R54831250,1,7,7,8,6,10,8,
SAT0005990,POST_MATCH,M032,2026-04-09,2026-04-12,SMS,R54033804,1,8,8,6,9,8,7,
SAT0005991,POST_MATCH,M032,2026-04-09,2026-04-12,EMAIL,R55753882,1,7,9,8,7,8,6,
SAT0005995,POST_MATCH,M032,2026-04-09,2026-04-12,EMAIL,R58750839,1,8,10,7,7,9,8,"Super ambiance, on reviendra"
SAT0005996,POST_MATCH,M032,2026-04-09,2026-04-12,EMAIL,R58854436,1,8,6,6,7,9,9,
SAT0005999,POST_MATCH,M032,2026-04-09,2026-04-12,SMS,R51643171,1,9,8,8,6,9,10,
SAT0006003,POST_MATCH,M032,2026-04-09,2026-04-12,SMS,R55766822,1,10,9,7,5,7,9,L'ambiance dans les tribunes vaut le deplacement
SAT0006006,POST_MATCH,M032,2026-04-09,2026-04-12,EMAIL,R57244765,1,8,9,6,6,8,8,
SAT0006007,POST_MATCH,M032,2026-04-09,2026-04-12,EMAIL,R58108482,1,10,8,8,8,7,9,Bon rapport qualite prix
SAT0006015,POST_MATCH,M032,2026-04-09,2026-04-12,SMS,R57082387,1,7,7,6,8,9,7,
SAT0006017,POST_MATCH,M032,2026-04-09,2026-04-12,EMAIL,R57932005,1,8,8,9,6,7,7,Bon rapport qualite prix
SAT0006018,POST_MATCH,M032,2026-04-09,2026-04-12,EMAIL,R58115905,1,9,8,7,6,8,9,Match intense du debut a la fin
SAT0006027,POST_MATCH,M032,2026-04-09,2026-04-12,QR_SUR_PLACE,R59837276,1,8,10,6,8,7,9,
SAT0006031,POST_MATCH,M032,2026-04-09,2026-04-12,EMAIL,R51834628,1,6,10,7,6,9,10,Rien a signaler
SAT0006052,POST_MATCH,M032,2026-04-09,2026-04-12,EMAIL,R53655985,1,8,8,9,6,8,9,
SAT0006055,POST_MATCH,M032,2026-04-09,2026-04-12,QR_SUR_PLACE,R55326410,1,6,8,8,7,7,7,
SAT0006072,POST_MATCH,M032,2026-04-09,2026-04-12,EMAIL,R51245803,1,9,7,7,6,9,9,
SAT0006081,POST_MATCH,M032,2026-04-09,2026-04-12,EMAIL,R55880696,1,9,10,7,6,8,10,
SAT0006082,POST_MATCH,M032,2026-04-09,2026-04-12,EMAIL,R56082373,1,7,8,4,7,7,7,
SAT0006083,POST_MATCH,M032,2026-04-09,2026-04-12,QR_SUR_PLACE,R56559900,1,6,8,6,9,8,9,
SAT0006085,POST_MATCH,M032,2026-04-09,2026-04-12,EMAIL,R57041105,1,8,6,9,7,9,8,
SAT0006093,POST_MATCH,M032,2026-04-09,2026-04-12,EMAIL,R57785967,1,8,6,9,7,8,9,
SAT0006114,POST_MATCH,M032,2026-04-09,2026-04-12,QR_SUR_PLACE,R54754816,1,9,7,7,7,8,7,"Super ambiance, on reviendra"
SAT0006119,POST_MATCH,M032,2026-04-09,2026-04-12,EMAIL,R58731893,1,6,8,4,6,9,7,
SAT0006120,POST_MATCH,M032,2026-04-09,2026-04-12,EMAIL,R56133453,0,9,9,6,6,8,9,Bon rapport qualite prix
SAT0006122,POST_MATCH,M032,2026-04-09,2026-04-12,EMAIL,R51549650,1,8,10,7,7,9,9,
SAT0006130,POST_MATCH,M032,2026-04-09,2026-04-12,EMAIL,R51654473,0,7,7,7,6,7,7,
SAT0006162,POST_MATCH,M032,2026-04-09,2026-04-12,EMAIL,R54710757,0,8,8,7,8,10,9,"Super ambiance, on reviendra"
SAT0006171,POST_MATCH,M032,2026-04-09,2026-04-12,SMS,R58282976,1,9,7,7,7,8,8,
SAT0006182,POST_MATCH,M032,2026-04-09,2026-04-12,QR_SUR_PLACE,R53660410,1,9,9,8,7,6,8,
SAT0006185,POST_MATCH,M032,2026-04-09,2026-04-12,EMAIL,R52557556,0,7,9,7,6,6,7,
SAT0006189,POST_MATCH,M032,2026-04-09,2026-04-12,EMAIL,R58525312,0,9,7,6,6,7,7,
SAT0006192,POST_MATCH,M032,2026-04-09,2026-04-12,EMAIL,R57795172,1,8,7,7,7,10,7,L'ambiance dans les tribunes vaut le deplacement
SAT0005978,POST_MATCH,M032,2026-04-09,2026-04-13,EMAIL,R56868249,1,8,7,8,9,6,8,"Super ambiance, on reviendra"
SAT0005982,POST_MATCH,M032,2026-04-09,2026-04-13,EMAIL,R58564420,1,8,9,5,8,7,8,
SAT0006002,POST_MATCH,M032,2026-04-09,2026-04-13,QR_SUR_PLACE,R54623577,1,8,8,7,7,7,9,
SAT0006026,POST_MATCH,M032,2026-04-09,2026-04-13,EMAIL,R58993175,1,9,8,6,8,7,8,"Premiere fois ici, tres agreable surprise"
SAT0006029,POST_MATCH,M032,2026-04-09,2026-04-13,EMAIL,R51067152,1,9,7,7,8,8,9,Bon rapport qualite prix
SAT0006030,POST_MATCH,M032,2026-04-09,2026-04-13,EMAIL,R51356488,1,8,10,6,8,8,8,
SAT0006050,POST_MATCH,M032,2026-04-09,2026-04-13,QR_SUR_PLACE,R52046860,1,8,9,6,6,8,10,Match intense du debut a la fin
SAT0006059,POST_MATCH,M032,2026-04-09,2026-04-13,EMAIL,R57886911,1,9,8,6,7,9,8,Bon rapport qualite prix
SAT0006101,POST_MATCH,M032,2026-04-09,2026-04-13,SMS,R53369369,1,8,7,7,7,6,6,Bon rapport qualite prix
SAT0006104,POST_MATCH,M032,2026-04-09,2026-04-13,EMAIL,R57413330,1,7,9,7,8,7,7,
SAT0006118,POST_MATCH,M032,2026-04-09,2026-04-13,EMAIL,R57474506,1,8,9,6,9,9,10,
SAT0006125,POST_MATCH,M032,2026-04-09,2026-04-13,EMAIL,R56547707,1,7,9,6,9,9,9,
SAT0006134,POST_MATCH,M032,2026-04-09,2026-04-13,SMS,R53347311,1,9,9,8,8,7,9,
SAT0006146,POST_MATCH,M032,2026-04-09,2026-04-13,EMAIL,R57683529,1,9,7,5,9,10,10,
SAT0006151,POST_MATCH,M032,2026-04-09,2026-04-13,EMAIL,R57354559,1,10,8,5,7,8,10,
SAT0006163,POST_MATCH,M032,2026-04-09,2026-04-13,EMAIL,R59627898,1,9,9,6,7,8,9,
SAT0006166,POST_MATCH,M032,2026-04-09,2026-04-13,EMAIL,R53803584,1,7,10,5,7,8,8,Correct dans l'ensemble
SAT0006168,POST_MATCH,M032,2026-04-09,2026-04-13,SMS,R53197126,0,8,8,7,9,10,9,Match intense du debut a la fin
SAT0006175,POST_MATCH,M032,2026-04-09,2026-04-13,EMAIL,R55165057,0,9,8,6,8,9,9,Bon rapport qualite prix
SAT0006178,POST_MATCH,M032,2026-04-09,2026-04-13,EMAIL,R53120022,0,9,10,7,8,7,10,
SAT0005974,POST_MATCH,M032,2026-04-09,2026-04-14,SMS,R54679226,1,7,8,6,8,8,9,
SAT0006004,POST_MATCH,M032,2026-04-09,2026-04-14,EMAIL,R55906586,1,7,10,9,5,8,9,
SAT0006009,POST_MATCH,M032,2026-04-09,2026-04-14,QR_SUR_PLACE,R58913351,1,9,8,6,6,8,9,"Premiere fois ici, tres agreable surprise"
SAT0006011,POST_MATCH,M032,2026-04-09,2026-04-14,EMAIL,R51032077,1,8,9,7,8,8,8,
SAT0006012,POST_MATCH,M032,2026-04-09,2026-04-14,SMS,R51512669,1,7,8,8,7,8,9,
SAT0006025,POST_MATCH,M032,2026-04-09,2026-04-14,EMAIL,R56732431,1,10,9,8,10,8,10,"Premiere fois ici, tres agreable surprise"
SAT0006039,POST_MATCH,M032,2026-04-09,2026-04-14,QR_SUR_PLACE,R58386985,1,8,8,7,9,7,7,"Premiere fois ici, tres agreable surprise"
SAT0006097,POST_MATCH,M032,2026-04-09,2026-04-14,EMAIL,R51235516,1,9,9,7,8,9,7,"Premiere fois ici, tres agreable surprise"
SAT0006098,POST_MATCH,M032,2026-04-09,2026-04-14,EMAIL,R51496041,1,7,7,8,9,7,9,
SAT0006112,POST_MATCH,M032,2026-04-09,2026-04-14,EMAIL,R54166336,1,10,8,5,10,8,9,
SAT0006152,POST_MATCH,M032,2026-04-09,2026-04-14,EMAIL,R56671945,1,7,9,6,6,8,10,
SAT0006164,POST_MATCH,M032,2026-04-09,2026-04-14,SMS,R54569633,1,8,9,7,5,8,8,
SAT0006191,POST_MATCH,M032,2026-04-09,2026-04-14,EMAIL,R58821947,1,9,8,7,6,10,9,
SAT0005976,POST_MATCH,M032,2026-04-09,2026-04-16,EMAIL,R56222760,1,9,9,7,6,8,8,L'ambiance dans les tribunes vaut le deplacement
SAT0006023,POST_MATCH,M032,2026-04-09,2026-04-16,QR_SUR_PLACE,R55421837,1,8,9,7,8,8,8,
SAT0006035,POST_MATCH,M032,2026-04-09,2026-04-16,EMAIL,R56579861,1,8,7,6,9,8,8,Bon rapport qualite prix
SAT0006047,POST_MATCH,M032,2026-04-09,2026-04-16,EMAIL,R57426481,1,9,7,6,7,10,7,"Premiere fois ici, tres agreable surprise"
SAT0006073,POST_MATCH,M032,2026-04-09,2026-04-16,QR_SUR_PLACE,R52117489,1,10,8,5,9,8,10,Bon rapport qualite prix
SAT0006194,POST_MATCH,M032,2026-04-09,2026-04-16,EMAIL,R59794299,1,8,8,7,6,9,10,
SAT0006197,POST_MATCH,M033,2026-05-02,2026-05-03,EMAIL,R53234998,1,6,7,6,7,7,7,
SAT0006198,POST_MATCH,M033,2026-05-02,2026-05-03,EMAIL,R55609147,1,5,5,5,7,6,5,Peu de choix a la restauration
SAT0006201,POST_MATCH,M033,2026-05-02,2026-05-03,EMAIL,R59733411,1,7,6,5,7,6,6,
SAT0006205,POST_MATCH,M033,2026-05-02,2026-05-03,QR_SUR_PLACE,R51897499,1,9,5,3,7,4,7,"Premiere fois ici, tres agreable surprise"
SAT0006211,POST_MATCH,M033,2026-05-02,2026-05-03,EMAIL,R56538522,1,5,6,5,9,7,5,Peu de choix a la restauration
SAT0006214,POST_MATCH,M033,2026-05-02,2026-05-03,EMAIL,R51668304,1,5,7,4,8,7,7,File d'attente interminable a l'entree
SAT0006216,POST_MATCH,M033,2026-05-02,2026-05-03,QR_SUR_PLACE,R52353025,1,7,8,4,6,5,7,
SAT0006219,POST_MATCH,M033,2026-05-02,2026-05-03,QR_SUR_PLACE,R54592314,1,4,6,5,7,7,6,Sonorisation trop forte
SAT0006224,POST_MATCH,M033,2026-05-02,2026-05-03,SMS,R56231476,1,7,4,6,8,7,7,
SAT0006225,POST_MATCH,M033,2026-05-02,2026-05-03,EMAIL,R56269482,1,5,6,6,5,8,9,
SAT0006226,POST_MATCH,M033,2026-05-02,2026-05-03,EMAIL,R57390046,1,5,7,7,9,7,6,
SAT0006229,POST_MATCH,M033,2026-05-02,2026-05-03,EMAIL,R58215144,1,7,6,4,7,9,9,
SAT0006232,POST_MATCH,M033,2026-05-02,2026-05-03,EMAIL,R51710055,1,3,7,5,5,7,5,Peu de choix a la restauration
SAT0006234,POST_MATCH,M033,2026-05-02,2026-05-03,EMAIL,R52346349,1,6,4,6,7,5,5,
SAT0006237,POST_MATCH,M033,2026-05-02,2026-05-03,QR_SUR_PLACE,R54992057,1,7,6,7,6,6,7,
SAT0006239,POST_MATCH,M033,2026-05-02,2026-05-03,EMAIL,R55888263,1,5,7,5,8,6,6,
SAT0006242,POST_MATCH,M033,2026-05-02,2026-05-03,QR_SUR_PLACE,R57932005,1,5,6,5,7,4,4,Sans plus
SAT0006246,POST_MATCH,M033,2026-05-02,2026-05-03,EMAIL,R54683172,1,7,7,5,8,7,8,
SAT0006247,POST_MATCH,M033,2026-05-02,2026-05-03,EMAIL,R54707079,1,4,6,6,6,6,7,
SAT0006248,POST_MATCH,M033,2026-05-02,2026-05-03,EMAIL,R55794541,1,5,5,5,7,7,5,Prix des places trop eleve pour ce niveau de match
SAT0006251,POST_MATCH,M033,2026-05-02,2026-05-03,SMS,R57811311,1,6,5,7,5,5,7,
SAT0006252,POST_MATCH,M033,2026-05-02,2026-05-03,EMAIL,R58158882,1,5,6,5,7,6,8,Peu de choix a la restauration
SAT0006253,POST_MATCH,M033,2026-05-02,2026-05-03,EMAIL,R51602914,1,5,6,5,8,5,5,Difficile de trouver sa place
SAT0006255,POST_MATCH,M033,2026-05-02,2026-05-03,EMAIL,R52136837,1,5,4,6,9,6,5,Sonorisation trop forte
SAT0006257,POST_MATCH,M033,2026-05-02,2026-05-03,EMAIL,R52310929,1,7,8,4,7,7,7,
SAT0006258,POST_MATCH,M033,2026-05-02,2026-05-03,EMAIL,R53726959,1,5,7,3,7,6,6,Sonorisation trop forte
SAT0006260,POST_MATCH,M033,2026-05-02,2026-05-03,QR_SUR_PLACE,R56319336,1,6,6,4,3,6,7,
SAT0006264,POST_MATCH,M033,2026-05-02,2026-05-03,SMS,R59586626,1,5,6,6,8,6,5,Prix des places trop eleve pour ce niveau de match
SAT0006267,POST_MATCH,M033,2026-05-02,2026-05-03,EMAIL,R52817334,1,9,5,3,5,6,7,
SAT0006269,POST_MATCH,M033,2026-05-02,2026-05-03,EMAIL,R53972226,1,8,8,6,8,6,7,"Premiere fois ici, tres agreable surprise"
SAT0006270,POST_MATCH,M033,2026-05-02,2026-05-03,EMAIL,R56575024,1,6,8,3,7,8,7,
SAT0006273,POST_MATCH,M033,2026-05-02,2026-05-03,EMAIL,R59817794,1,7,7,6,6,6,6,Sans plus
SAT0006275,POST_MATCH,M033,2026-05-02,2026-05-03,EMAIL,R53278377,1,5,5,5,6,6,4,
SAT0006284,POST_MATCH,M033,2026-05-02,2026-05-03,EMAIL,R59659707,1,6,6,5,7,6,6,
SAT0006285,POST_MATCH,M033,2026-05-02,2026-05-03,EMAIL,R51787015,1,5,5,6,9,7,7,Prix des places trop eleve pour ce niveau de match
SAT0006286,POST_MATCH,M033,2026-05-02,2026-05-03,EMAIL,R52690577,1,8,4,5,5,4,7,
SAT0006287,POST_MATCH,M033,2026-05-02,2026-05-03,EMAIL,R55104571,1,7,5,5,8,7,6,
SAT0006290,POST_MATCH,M033,2026-05-02,2026-05-03,EMAIL,R55682630,1,8,6,4,6,6,7,
SAT0006291,POST_MATCH,M033,2026-05-02,2026-05-03,EMAIL,R56019780,1,6,7,7,7,5,6,
SAT0006292,POST_MATCH,M033,2026-05-02,2026-05-03,EMAIL,R56034492,1,6,5,3,5,5,5,
SAT0006293,POST_MATCH,M033,2026-05-02,2026-05-03,EMAIL,R57231068,1,6,7,4,6,8,7,
SAT0006295,POST_MATCH,M033,2026-05-02,2026-05-03,EMAIL,R58907010,1,6,7,6,6,6,7,
SAT0006298,POST_MATCH,M033,2026-05-02,2026-05-03,EMAIL,R51245803,1,7,7,5,8,6,5,
SAT0006305,POST_MATCH,M033,2026-05-02,2026-05-03,SMS,R52804729,1,6,8,6,6,6,5,
SAT0006311,POST_MATCH,M033,2026-05-02,2026-05-03,SMS,R57986418,1,7,8,5,6,5,8,
SAT0006315,POST_MATCH,M033,2026-05-02,2026-05-03,EMAIL,R51053455,1,8,7,5,7,8,8,Rien a signaler
SAT0006317,POST_MATCH,M033,2026-05-02,2026-05-03,EMAIL,R53287840,1,7,5,5,8,6,7,
SAT0006322,POST_MATCH,M033,2026-05-02,2026-05-03,EMAIL,R58355511,1,5,6,4,8,6,6,Trop d'attente aux buvettes
SAT0006326,POST_MATCH,M033,2026-05-02,2026-05-03,QR_SUR_PLACE,R51740082,1,8,6,6,5,7,9,
SAT0006333,POST_MATCH,M033,2026-05-02,2026-05-03,EMAIL,R54415827,1,6,7,6,6,7,7,
SAT0006339,POST_MATCH,M033,2026-05-02,2026-05-03,EMAIL,R58383652,1,5,7,6,8,5,6,Sonorisation trop forte
SAT0006340,POST_MATCH,M033,2026-05-02,2026-05-03,SMS,R59939101,1,9,6,6,6,7,6,
SAT0006341,POST_MATCH,M033,2026-05-02,2026-05-03,EMAIL,R56967066,1,7,6,7,8,6,7,
SAT0006343,POST_MATCH,M033,2026-05-02,2026-05-03,EMAIL,R54130792,1,6,7,5,7,8,7,
SAT0006344,POST_MATCH,M033,2026-05-02,2026-05-03,EMAIL,R56852167,1,4,6,4,6,8,6,Prix des places trop eleve pour ce niveau de match
SAT0006345,POST_MATCH,M033,2026-05-02,2026-05-03,SMS,R54355217,1,5,5,6,7,6,8,Difficile de trouver sa place
SAT0006346,POST_MATCH,M033,2026-05-02,2026-05-03,EMAIL,R52024390,1,5,9,7,7,8,8,
SAT0006349,POST_MATCH,M033,2026-05-02,2026-05-03,QR_SUR_PLACE,R54227981,1,6,6,5,8,8,6,
SAT0006353,POST_MATCH,M033,2026-05-02,2026-05-03,EMAIL,R57736870,0,8,7,6,7,8,8,
SAT0006355,POST_MATCH,M033,2026-05-02,2026-05-03,EMAIL,R55216616,1,7,5,5,7,6,5,
SAT0006357,POST_MATCH,M033,2026-05-02,2026-05-03,EMAIL,R57845984,1,4,5,5,7,7,5,
SAT0006358,POST_MATCH,M033,2026-05-02,2026-05-03,EMAIL,R54271772,1,6,5,6,7,7,6,
SAT0006359,POST_MATCH,M033,2026-05-02,2026-05-03,EMAIL,R54180981,0,8,6,4,8,7,8,Tres bonne organisation
SAT0006361,POST_MATCH,M033,2026-05-02,2026-05-03,EMAIL,R54437225,1,5,5,3,6,4,6,
SAT0006363,POST_MATCH,M033,2026-05-02,2026-05-03,EMAIL,R55560710,1,4,4,5,8,7,6,Peu de choix a la restauration
SAT0006365,POST_MATCH,M033,2026-05-02,2026-05-03,EMAIL,R51871887,1,6,7,5,7,5,5,Sans plus
SAT0006376,POST_MATCH,M033,2026-05-02,2026-05-03,EMAIL,R51171295,1,5,5,6,7,5,4,Sonorisation trop forte
SAT0006380,POST_MATCH,M033,2026-05-02,2026-05-03,QR_SUR_PLACE,R53516365,1,6,5,6,7,6,5,
SAT0006382,POST_MATCH,M033,2026-05-02,2026-05-03,EMAIL,R54545448,0,5,6,5,8,5,7,Prix des places trop eleve pour ce niveau de match
SAT0006383,POST_MATCH,M033,2026-05-02,2026-05-03,EMAIL,R54625895,1,5,5,4,7,5,6,Peu de choix a la restauration
SAT0006386,POST_MATCH,M033,2026-05-02,2026-05-03,SMS,R54075612,1,6,5,5,7,7,8,
SAT0006387,POST_MATCH,M033,2026-05-02,2026-05-03,EMAIL,R56567333,1,5,6,6,7,6,5,Peu de choix a la restauration
SAT0006388,POST_MATCH,M033,2026-05-02,2026-05-03,SMS,R52978218,1,5,6,5,6,6,7,
SAT0006389,POST_MATCH,M033,2026-05-02,2026-05-03,SMS,R53462890,0,5,9,5,6,6,7,Difficile de trouver sa place
SAT0006390,POST_MATCH,M033,2026-05-02,2026-05-03,EMAIL,R59708881,1,5,7,4,6,7,7,Difficile de trouver sa place
SAT0006391,POST_MATCH,M033,2026-05-02,2026-05-03,SMS,R58363758,0,5,6,6,9,6,6,Sonorisation trop forte
SAT0006392,POST_MATCH,M033,2026-05-02,2026-05-03,SMS,R55291067,1,7,4,6,8,6,5,Sans plus
SAT0006196,POST_MATCH,M033,2026-05-02,2026-05-04,EMAIL,R52861068,1,5,6,6,7,5,5,File d'attente interminable a l'entree
SAT0006204,POST_MATCH,M033,2026-05-02,2026-05-04,EMAIL,R51430393,1,6,8,5,6,8,7,Rien a signaler
SAT0006206,POST_MATCH,M033,2026-05-02,2026-05-04,SMS,R52580994,1,6,6,6,8,7,6,
SAT0006209,POST_MATCH,M033,2026-05-02,2026-05-04,EMAIL,R55716489,1,7,6,5,7,7,8,
SAT0006210,POST_MATCH,M033,2026-05-02,2026-05-04,QR_SUR_PLACE,R55758173,1,7,6,4,6,5,7,
SAT0006218,POST_MATCH,M033,2026-05-02,2026-05-04,QR_SUR_PLACE,R54085976,1,8,5,6,7,6,5,L'ambiance dans les tribunes vaut le deplacement
SAT0006221,POST_MATCH,M033,2026-05-02,2026-05-04,SMS,R54977278,1,8,6,7,5,6,6,
SAT0006222,POST_MATCH,M033,2026-05-02,2026-05-04,EMAIL,R55399635,1,7,5,4,9,7,7,
SAT0006230,POST_MATCH,M033,2026-05-02,2026-05-04,EMAIL,R59694313,1,6,8,5,7,7,6,
SAT0006240,POST_MATCH,M033,2026-05-02,2026-05-04,EMAIL,R57739523,1,6,6,4,6,7,8,
SAT0006250,POST_MATCH,M033,2026-05-02,2026-05-04,EMAIL,R57243673,1,6,6,5,4,7,7,Correct dans l'ensemble
SAT0006261,POST_MATCH,M033,2026-05-02,2026-05-04,QR_SUR_PLACE,R56763761,1,6,10,5,7,7,8,
SAT0006263,POST_MATCH,M033,2026-05-02,2026-05-04,QR_SUR_PLACE,R59567010,1,8,6,5,9,7,8,"Premiere fois ici, tres agreable surprise"
SAT0006265,POST_MATCH,M033,2026-05-02,2026-05-04,EMAIL,R59733746,1,7,8,6,8,7,6,
SAT0006266,POST_MATCH,M033,2026-05-02,2026-05-04,EMAIL,R51332035,1,6,5,4,8,5,6,
SAT0006268,POST_MATCH,M033,2026-05-02,2026-05-04,SMS,R53395393,1,5,7,4,8,8,7,Trop d'attente aux buvettes
SAT0006271,POST_MATCH,M033,2026-05-02,2026-05-04,EMAIL,R56797543,1,6,5,7,6,7,5,
SAT0006278,POST_MATCH,M033,2026-05-02,2026-05-04,EMAIL,R57139051,1,5,7,4,6,7,5,
SAT0006281,POST_MATCH,M033,2026-05-02,2026-05-04,SMS,R57823772,1,5,6,7,7,7,6,
SAT0006282,POST_MATCH,M033,2026-05-02,2026-05-04,SMS,R58069585,1,6,7,7,5,7,8,
SAT0006289,POST_MATCH,M033,2026-05-02,2026-05-04,EMAIL,R55577807,1,6,6,6,6,5,4,
SAT0006296,POST_MATCH,M033,2026-05-02,2026-05-04,QR_SUR_PLACE,R58971375,1,6,8,5,6,6,8,
SAT0006299,POST_MATCH,M033,2026-05-02,2026-05-04,EMAIL,R56594228,1,5,5,5,6,4,5,Sonorisation trop forte
SAT0006304,POST_MATCH,M033,2026-05-02,2026-05-04,EMAIL,R51904845,1,6,7,6,7,6,6,
SAT0006309,POST_MATCH,M033,2026-05-02,2026-05-04,EMAIL,R56251628,1,6,7,6,8,7,8,
SAT0006310,POST_MATCH,M033,2026-05-02,2026-05-04,QR_SUR_PLACE,R56593069,1,8,4,4,7,7,7,
SAT0006318,POST_MATCH,M033,2026-05-02,2026-05-04,QR_SUR_PLACE,R53358948,1,4,6,4,5,4,2,Difficile de trouver sa place
SAT0006319,POST_MATCH,M033,2026-05-02,2026-05-04,SMS,R53811342,1,6,6,6,8,4,4,
SAT0006325,POST_MATCH,M033,2026-05-02,2026-05-04,SMS,R51542696,1,5,5,4,6,9,7,Sans plus
SAT0006329,POST_MATCH,M033,2026-05-02,2026-05-04,EMAIL,R53085617,1,8,6,4,7,7,9,"Super ambiance, on reviendra"
SAT0006331,POST_MATCH,M033,2026-05-02,2026-05-04,EMAIL,R54124652,1,4,5,9,7,7,6,
SAT0006332,POST_MATCH,M033,2026-05-02,2026-05-04,EMAIL,R54166336,1,4,6,5,4,6,5,File d'attente interminable a l'entree
SAT0006335,POST_MATCH,M033,2026-05-02,2026-05-04,QR_SUR_PLACE,R58627750,1,8,7,4,5,6,8,Sans plus
SAT0006338,POST_MATCH,M033,2026-05-02,2026-05-04,EMAIL,R59093295,1,5,7,3,7,6,6,Trop d'attente aux buvettes
SAT0006360,POST_MATCH,M033,2026-05-02,2026-05-04,EMAIL,R55829137,1,5,6,6,8,6,8,
SAT0006362,POST_MATCH,M033,2026-05-02,2026-05-04,EMAIL,R55640745,1,7,4,4,6,8,8,
SAT0006364,POST_MATCH,M033,2026-05-02,2026-05-04,EMAIL,R59653922,1,7,5,4,7,6,8,
SAT0006367,POST_MATCH,M033,2026-05-02,2026-05-04,EMAIL,R54220759,1,5,6,5,7,5,7,Trop d'attente aux buvettes
SAT0006370,POST_MATCH,M033,2026-05-02,2026-05-04,EMAIL,R58714739,1,7,6,3,6,7,6,
SAT0006371,POST_MATCH,M033,2026-05-02,2026-05-04,EMAIL,R51584859,1,5,6,7,7,6,7,Difficile de trouver sa place
SAT0006372,POST_MATCH,M033,2026-05-02,2026-05-04,SMS,R57799319,1,6,7,4,8,8,5,
SAT0006381,POST_MATCH,M033,2026-05-02,2026-05-04,EMAIL,R54935929,0,5,6,4,7,8,7,Peu de choix a la restauration
SAT0006207,POST_MATCH,M033,2026-05-02,2026-05-05,EMAIL,R53479652,1,7,6,4,6,8,6,
SAT0006217,POST_MATCH,M033,2026-05-02,2026-05-05,EMAIL,R53393899,1,6,8,4,7,8,6,
SAT0006220,POST_MATCH,M033,2026-05-02,2026-05-05,QR_SUR_PLACE,R54816672,1,7,6,6,9,5,7,
SAT0006228,POST_MATCH,M033,2026-05-02,2026-05-05,SMS,R57892706,1,5,7,6,7,10,6,File d'attente interminable a l'entree
SAT0006236,POST_MATCH,M033,2026-05-02,2026-05-05,EMAIL,R54664715,1,6,5,6,8,5,6,
SAT0006238,POST_MATCH,M033,2026-05-02,2026-05-05,EMAIL,R55101784,1,5,4,4,6,6,6,
SAT0006241,POST_MATCH,M033,2026-05-02,2026-05-05,EMAIL,R57888482,1,6,6,6,9,6,6,
SAT0006243,POST_MATCH,M033,2026-05-02,2026-05-05,EMAIL,R51510284,1,6,5,3,7,8,6,
SAT0006249,POST_MATCH,M033,2026-05-02,2026-05-05,QR_SUR_PLACE,R56491522,1,5,6,5,6,7,7,Sonorisation trop forte
SAT0006256,POST_MATCH,M033,2026-05-02,2026-05-05,EMAIL,R52296217,1,6,4,3,8,8,7,
SAT0006272,POST_MATCH,M033,2026-05-02,2026-05-05,EMAIL,R57648387,1,6,7,5,8,7,7,
SAT0006276,POST_MATCH,M033,2026-05-02,2026-05-05,EMAIL,R57020129,1,5,5,4,6,6,7,Sonorisation trop forte
SAT0006283,POST_MATCH,M033,2026-05-02,2026-05-05,EMAIL,R58390184,1,5,5,5,7,7,5,
SAT0006294,POST_MATCH,M033,2026-05-02,2026-05-05,EMAIL,R58037163,1,7,6,3,7,6,7,
SAT0006297,POST_MATCH,M033,2026-05-02,2026-05-05,SMS,R51012863,1,7,7,5,6,7,8,Sans plus
SAT0006308,POST_MATCH,M033,2026-05-02,2026-05-05,EMAIL,R55224240,1,6,4,4,9,8,7,
SAT0006312,POST_MATCH,M033,2026-05-02,2026-05-05,EMAIL,R58474366,1,6,7,5,7,3,5,
SAT0006313,POST_MATCH,M033,2026-05-02,2026-05-05,EMAIL,R59242455,1,7,5,5,7,7,7,
SAT0006316,POST_MATCH,M033,2026-05-02,2026-05-05,EMAIL,R51604542,1,6,6,5,7,7,7,
SAT0006323,POST_MATCH,M033,2026-05-02,2026-05-05,QR_SUR_PLACE,R59613387,1,7,5,6,6,6,7,
SAT0006328,POST_MATCH,M033,2026-05-02,2026-05-05,SMS,R52765631,1,4,7,4,8,7,4,
SAT0006330,POST_MATCH,M033,2026-05-02,2026-05-05,EMAIL,R53363306,1,5,4,5,6,7,5,File d'attente interminable a l'entree
SAT0006348,POST_MATCH,M033,2026-05-02,2026-05-05,QR_SUR_PLACE,R51813029,0,4,7,8,6,7,8,Sonorisation trop forte
SAT0006352,POST_MATCH,M033,2026-05-02,2026-05-05,SMS,R52461593,1,6,6,6,6,5,6,
SAT0006369,POST_MATCH,M033,2026-05-02,2026-05-05,SMS,R56146537,1,5,4,4,9,7,5,
SAT0006373,POST_MATCH,M033,2026-05-02,2026-05-05,EMAIL,R59690501,0,6,5,5,9,6,6,
SAT0006375,POST_MATCH,M033,2026-05-02,2026-05-05,QR_SUR_PLACE,R57665618,1,4,5,5,6,7,5,
SAT0006377,POST_MATCH,M033,2026-05-02,2026-05-05,EMAIL,R56154841,1,5,7,6,5,5,5,Difficile de trouver sa place
SAT0006379,POST_MATCH,M033,2026-05-02,2026-05-05,QR_SUR_PLACE,R51264404,1,5,6,6,6,6,6,File d'attente interminable a l'entree
SAT0006385,POST_MATCH,M033,2026-05-02,2026-05-05,SMS,R57674478,1,5,6,5,9,7,6,Peu de choix a la restauration
SAT0006199,POST_MATCH,M033,2026-05-02,2026-05-06,EMAIL,R55722552,1,8,6,6,7,6,7,
SAT0006202,POST_MATCH,M033,2026-05-02,2026-05-06,QR_SUR_PLACE,R59822909,1,7,8,6,8,8,7,
SAT0006208,POST_MATCH,M033,2026-05-02,2026-05-06,SMS,R55042802,1,5,7,4,7,8,8,
SAT0006227,POST_MATCH,M033,2026-05-02,2026-05-06,QR_SUR_PLACE,R57749264,1,6,6,3,8,8,8,
SAT0006233,POST_MATCH,M033,2026-05-02,2026-05-06,EMAIL,R52088276,1,9,6,6,6,7,8,Bon rapport qualite prix
SAT0006245,POST_MATCH,M033,2026-05-02,2026-05-06,EMAIL,R53348058,1,4,6,6,7,7,5,
SAT0006301,POST_MATCH,M033,2026-05-02,2026-05-06,EMAIL,R57836779,1,7,5,7,7,7,6,
SAT0006302,POST_MATCH,M033,2026-05-02,2026-05-06,SMS,R59709494,1,7,6,3,7,6,7,Correct dans l'ensemble
SAT0006303,POST_MATCH,M033,2026-05-02,2026-05-06,SMS,R51612444,1,6,7,5,7,7,5,
SAT0006307,POST_MATCH,M033,2026-05-02,2026-05-06,EMAIL,R54226276,1,6,5,7,8,6,7,
SAT0006314,POST_MATCH,M033,2026-05-02,2026-05-06,EMAIL,R59352182,1,5,7,5,5,5,7,Peu de choix a la restauration
SAT0006336,POST_MATCH,M033,2026-05-02,2026-05-06,EMAIL,R59093017,1,5,5,4,7,6,7,File d'attente interminable a l'entree
SAT0006342,POST_MATCH,M033,2026-05-02,2026-05-06,QR_SUR_PLACE,R57798294,1,7,6,5,5,7,7,
SAT0006351,POST_MATCH,M033,2026-05-02,2026-05-06,EMAIL,R58708264,1,6,6,5,7,8,7,
SAT0006354,POST_MATCH,M033,2026-05-02,2026-05-06,QR_SUR_PLACE,R58872146,1,5,5,5,5,5,5,Difficile de trouver sa place
SAT0006356,POST_MATCH,M033,2026-05-02,2026-05-06,EMAIL,R54861756,0,7,7,5,8,5,5,
SAT0006366,POST_MATCH,M033,2026-05-02,2026-05-06,EMAIL,R54330007,1,6,5,4,6,8,8,
SAT0006368,POST_MATCH,M033,2026-05-02,2026-05-06,EMAIL,R57306266,1,7,5,4,7,7,7,
SAT0006378,POST_MATCH,M033,2026-05-02,2026-05-06,EMAIL,R58012231,1,5,7,5,6,4,6,File d'attente interminable a l'entree
SAT0006203,POST_MATCH,M033,2026-05-02,2026-05-07,SMS,R51360511,1,7,6,5,6,7,7,Rien a signaler
SAT0006212,POST_MATCH,M033,2026-05-02,2026-05-07,EMAIL,R58750839,1,7,6,3,5,7,6,
SAT0006215,POST_MATCH,M033,2026-05-02,2026-05-07,EMAIL,R52286821,1,6,7,6,8,5,6,
SAT0006231,POST_MATCH,M033,2026-05-02,2026-05-07,EMAIL,R51564161,1,5,6,5,7,4,6,Sonorisation trop forte
SAT0006244,POST_MATCH,M033,2026-05-02,2026-05-07,QR_SUR_PLACE,R52003136,1,6,6,4,6,7,7,Correct dans l'ensemble
SAT0006254,POST_MATCH,M033,2026-05-02,2026-05-07,EMAIL,R51632951,1,5,6,5,7,8,8,
SAT0006259,POST_MATCH,M033,2026-05-02,2026-05-07,QR_SUR_PLACE,R55847326,1,7,5,5,6,5,7,
SAT0006262,POST_MATCH,M033,2026-05-02,2026-05-07,EMAIL,R58618086,1,8,5,5,7,4,6,
SAT0006277,POST_MATCH,M033,2026-05-02,2026-05-07,EMAIL,R57037906,1,5,5,7,6,6,6,
SAT0006279,POST_MATCH,M033,2026-05-02,2026-05-07,QR_SUR_PLACE,R57303948,1,6,7,5,7,5,6,
SAT0006280,POST_MATCH,M033,2026-05-02,2026-05-07,EMAIL,R57702398,1,5,6,5,7,6,5,Trop d'attente aux buvettes
SAT0006288,POST_MATCH,M033,2026-05-02,2026-05-07,EMAIL,R55376130,1,7,7,5,7,6,8,
SAT0006300,POST_MATCH,M033,2026-05-02,2026-05-07,SMS,R56658593,1,7,9,4,7,6,8,Correct dans l'ensemble
SAT0006306,POST_MATCH,M033,2026-05-02,2026-05-07,EMAIL,R53611437,1,6,6,5,6,5,4,Sans plus
SAT0006321,POST_MATCH,M033,2026-05-02,2026-05-07,EMAIL,R57028979,1,6,7,6,7,7,7,
SAT0006324,POST_MATCH,M033,2026-05-02,2026-05-07,EMAIL,R51021646,1,7,4,4,6,8,6,
SAT0006327,POST_MATCH,M033,2026-05-02,2026-05-07,EMAIL,R52706783,1,5,6,3,6,6,7,File d'attente interminable a l'entree
SAT0006337,POST_MATCH,M033,2026-05-02,2026-05-07,EMAIL,R59098534,1,9,8,6,7,6,9,
SAT0006347,POST_MATCH,M033,2026-05-02,2026-05-07,EMAIL,R59473087,0,7,6,6,8,8,6,
SAT0006350,POST_MATCH,M033,2026-05-02,2026-05-07,QR_SUR_PLACE,R59681909,0,6,6,4,5,6,7,
SAT0006374,POST_MATCH,M033,2026-05-02,2026-05-07,EMAIL,R54367812,1,7,7,5,8,5,8,
SAT0006384,POST_MATCH,M033,2026-05-02,2026-05-07,EMAIL,R57770776,1,7,9,6,7,6,7,
SAT0006200,POST_MATCH,M033,2026-05-02,2026-05-09,SMS,R57757712,1,6,5,5,6,6,6,Rien a signaler
SAT0006213,POST_MATCH,M033,2026-05-02,2026-05-09,EMAIL,R59365678,1,7,6,4,7,8,6,
SAT0006223,POST_MATCH,M033,2026-05-02,2026-05-09,EMAIL,R55732494,1,7,8,6,8,4,5,
SAT0006235,POST_MATCH,M033,2026-05-02,2026-05-09,SMS,R54077461,1,6,7,5,7,7,8,
SAT0006274,POST_MATCH,M033,2026-05-02,2026-05-09,QR_SUR_PLACE,R51004760,1,7,4,5,7,4,6,
SAT0006320,POST_MATCH,M033,2026-05-02,2026-05-09,EMAIL,R55559005,1,7,5,6,5,8,7,
SAT0006334,POST_MATCH,M033,2026-05-02,2026-05-09,EMAIL,R57299992,1,4,4,3,8,6,4,
SAT0006395,POST_MATCH,M034,2026-05-16,2026-05-17,EMAIL,R54908488,1,9,9,8,8,8,10,L'ambiance dans les tribunes vaut le deplacement
SAT0006396,POST_MATCH,M034,2026-05-16,2026-05-17,QR_SUR_PLACE,R55137750,1,10,9,8,7,5,9,
SAT0006397,POST_MATCH,M034,2026-05-16,2026-05-17,SMS,R55264641,1,9,7,8,7,8,9,
SAT0006403,POST_MATCH,M034,2026-05-16,2026-05-17,QR_SUR_PLACE,R59273048,1,8,10,6,9,8,9,
SAT0006405,POST_MATCH,M034,2026-05-16,2026-05-17,EMAIL,R59372354,1,8,7,8,7,8,8,
SAT0006408,POST_MATCH,M034,2026-05-16,2026-05-17,EMAIL,R51276530,1,6,8,7,5,8,8,
SAT0006411,POST_MATCH,M034,2026-05-16,2026-05-17,EMAIL,R52861135,1,9,10,6,6,6,9,
SAT0006419,POST_MATCH,M034,2026-05-16,2026-05-17,EMAIL,R56361365,1,8,10,8,7,7,8,"Premiere fois ici, tres agreable surprise"
SAT0006420,POST_MATCH,M034,2026-05-16,2026-05-17,EMAIL,R56637828,1,9,8,8,6,6,8,
SAT0006423,POST_MATCH,M034,2026-05-16,2026-05-17,SMS,R51366708,1,8,10,6,8,8,10,
SAT0006425,POST_MATCH,M034,2026-05-16,2026-05-17,QR_SUR_PLACE,R54461745,1,9,8,8,8,6,7,Rien a signaler
SAT0006429,POST_MATCH,M034,2026-05-16,2026-05-17,QR_SUR_PLACE,R57973009,1,7,9,6,6,6,7,
SAT0006430,POST_MATCH,M034,2026-05-16,2026-05-17,SMS,R59834077,1,9,9,7,6,8,10,"Super ambiance, on reviendra"
SAT0006431,POST_MATCH,M034,2026-05-16,2026-05-17,EMAIL,R59934609,1,8,7,8,8,9,8,"Premiere fois ici, tres agreable surprise"
SAT0006434,POST_MATCH,M034,2026-05-16,2026-05-17,EMAIL,R52024524,1,8,8,7,6,7,8,
SAT0006436,POST_MATCH,M034,2026-05-16,2026-05-17,SMS,R52901114,1,10,7,9,7,8,8,
SAT0006437,POST_MATCH,M034,2026-05-16,2026-05-17,QR_SUR_PLACE,R53145701,1,8,10,7,7,6,9,
SAT0006438,POST_MATCH,M034,2026-05-16,2026-05-17,EMAIL,R55619769,1,9,10,7,8,6,10,
SAT0006446,POST_MATCH,M034,2026-05-16,2026-05-17,EMAIL,R56684004,1,10,8,9,5,8,10,
SAT0006453,POST_MATCH,M034,2026-05-16,2026-05-17,EMAIL,R53308280,1,6,9,8,7,8,7,Rien a signaler
SAT0006454,POST_MATCH,M034,2026-05-16,2026-05-17,QR_SUR_PLACE,R55638293,1,8,8,8,7,8,9,
SAT0006456,POST_MATCH,M034,2026-05-16,2026-05-17,EMAIL,R56115207,1,8,8,8,4,8,7,
SAT0006457,POST_MATCH,M034,2026-05-16,2026-05-17,EMAIL,R56362859,1,9,8,8,7,4,6,Bon rapport qualite prix
SAT0006460,POST_MATCH,M034,2026-05-16,2026-05-17,EMAIL,R59551072,1,8,8,8,6,4,7,"Premiere fois ici, tres agreable surprise"
SAT0006464,POST_MATCH,M034,2026-05-16,2026-05-17,EMAIL,R52233145,1,9,8,6,8,7,9,
SAT0006465,POST_MATCH,M034,2026-05-16,2026-05-17,EMAIL,R52255826,1,7,8,8,8,7,8,Correct dans l'ensemble
SAT0006467,POST_MATCH,M034,2026-05-16,2026-05-17,EMAIL,R52566004,1,8,9,8,6,6,9,"Premiere fois ici, tres agreable surprise"
SAT0006468,POST_MATCH,M034,2026-05-16,2026-05-17,EMAIL,R52956485,1,7,8,8,9,7,9,Correct dans l'ensemble
SAT0006469,POST_MATCH,M034,2026-05-16,2026-05-17,SMS,R54269531,1,6,8,6,5,6,7,
SAT0006474,POST_MATCH,M034,2026-05-16,2026-05-17,EMAIL,R55924018,1,9,8,8,8,4,7,
SAT0006476,POST_MATCH,M034,2026-05-16,2026-05-17,EMAIL,R58054193,1,7,7,7,8,7,9,
SAT0006477,POST_MATCH,M034,2026-05-16,2026-05-17,EMAIL,R58435479,1,7,8,7,9,8,7,
SAT0006479,POST_MATCH,M034,2026-05-16,2026-05-17,EMAIL,R51213793,1,8,10,6,7,6,9,
SAT0006480,POST_MATCH,M034,2026-05-16,2026-05-17,EMAIL,R53952677,1,6,8,8,8,6,7,
SAT0006482,POST_MATCH,M034,2026-05-16,2026-05-17,EMAIL,R54555256,1,8,7,6,8,7,8,Bon rapport qualite prix
SAT0006484,POST_MATCH,M034,2026-05-16,2026-05-17,EMAIL,R55560576,1,9,9,7,7,8,8,Match intense du debut a la fin
SAT0006485,POST_MATCH,M034,2026-05-16,2026-05-17,SMS,R56993770,1,9,8,8,5,9,9,
SAT0006487,POST_MATCH,M034,2026-05-16,2026-05-17,EMAIL,R57962310,1,9,8,7,7,7,8,Bon rapport qualite prix
SAT0006488,POST_MATCH,M034,2026-05-16,2026-05-17,EMAIL,R59339108,1,7,8,7,7,6,9,
SAT0006490,POST_MATCH,M034,2026-05-16,2026-05-17,EMAIL,R52039571,1,8,9,8,7,7,8,
SAT0006492,POST_MATCH,M034,2026-05-16,2026-05-17,SMS,R53523644,1,9,9,6,7,6,8,Tres bonne organisation
SAT0006493,POST_MATCH,M034,2026-05-16,2026-05-17,EMAIL,R54287442,1,8,7,7,6,4,6,"Super ambiance, on reviendra"
SAT0006495,POST_MATCH,M034,2026-05-16,2026-05-17,SMS,R56044913,1,9,8,8,9,6,7,
SAT0006496,POST_MATCH,M034,2026-05-16,2026-05-17,EMAIL,R56569028,1,6,8,7,6,7,7,
SAT0006500,POST_MATCH,M034,2026-05-16,2026-05-17,QR_SUR_PLACE,R59572728,1,8,9,7,8,7,8,"Super ambiance, on reviendra"
SAT0006502,POST_MATCH,M034,2026-05-16,2026-05-17,SMS,R54350035,1,8,9,9,7,9,9,
SAT0006503,POST_MATCH,M034,2026-05-16,2026-05-17,EMAIL,R56008200,1,9,10,7,6,6,9,L'ambiance dans les tribunes vaut le deplacement
SAT0006509,POST_MATCH,M034,2026-05-16,2026-05-17,EMAIL,R56619428,1,9,10,5,9,7,7,
SAT0006514,POST_MATCH,M034,2026-05-16,2026-05-17,SMS,R51155826,1,8,8,6,7,7,7,Match intense du debut a la fin
SAT0006516,POST_MATCH,M034,2026-05-16,2026-05-17,QR_SUR_PLACE,R51879166,1,7,8,7,9,7,8,
SAT0006517,POST_MATCH,M034,2026-05-16,2026-05-17,EMAIL,R52444965,1,9,8,8,7,8,8,
SAT0006518,POST_MATCH,M034,2026-05-16,2026-05-17,SMS,R53393889,1,8,7,9,6,9,9,Bon rapport qualite prix
SAT0006522,POST_MATCH,M034,2026-05-16,2026-05-17,SMS,R57371033,1,8,10,8,7,8,9,
SAT0006523,POST_MATCH,M034,2026-05-16,2026-05-17,EMAIL,R58484854,1,6,10,7,8,9,8,Sans plus
SAT0006524,POST_MATCH,M034,2026-05-16,2026-05-17,QR_SUR_PLACE,R51137503,1,7,7,6,7,7,6,
SAT0006526,POST_MATCH,M034,2026-05-16,2026-05-17,EMAIL,R51778701,1,7,8,7,7,6,8,
SAT0006534,POST_MATCH,M034,2026-05-16,2026-05-17,EMAIL,R59103438,1,7,8,8,5,6,7,
SAT0006537,POST_MATCH,M034,2026-05-16,2026-05-17,QR_SUR_PLACE,R52500748,1,10,9,7,10,5,8,Match intense du debut a la fin
SAT0006543,POST_MATCH,M034,2026-05-16,2026-05-17,EMAIL,R58307228,0,8,9,7,9,8,8,L'ambiance dans les tribunes vaut le deplacement
SAT0006544,POST_MATCH,M034,2026-05-16,2026-05-17,EMAIL,R59300824,1,6,8,7,5,7,9,
SAT0006546,POST_MATCH,M034,2026-05-16,2026-05-17,EMAIL,R52289675,1,9,8,8,7,8,8,
SAT0006552,POST_MATCH,M034,2026-05-16,2026-05-17,EMAIL,R53904317,1,7,9,6,7,6,8,
SAT0006561,POST_MATCH,M034,2026-05-16,2026-05-17,EMAIL,R56773847,1,9,10,10,5,8,10,
SAT0006562,POST_MATCH,M034,2026-05-16,2026-05-17,EMAIL,R54294875,0,10,10,7,6,6,8,Tres bonne organisation
SAT0006565,POST_MATCH,M034,2026-05-16,2026-05-17,EMAIL,R55413657,1,9,9,10,9,9,8,L'ambiance dans les tribunes vaut le deplacement
SAT0006569,POST_MATCH,M034,2026-05-16,2026-05-17,EMAIL,R51675660,1,8,9,8,8,9,8,"Super ambiance, on reviendra"
SAT0006570,POST_MATCH,M034,2026-05-16,2026-05-17,QR_SUR_PLACE,R54750525,0,10,9,7,6,8,10,L'ambiance dans les tribunes vaut le deplacement
SAT0006571,POST_MATCH,M034,2026-05-16,2026-05-17,EMAIL,R52444419,1,7,10,5,8,7,8,
SAT0006575,POST_MATCH,M034,2026-05-16,2026-05-17,SMS,R51654061,1,7,9,5,7,5,6,
SAT0006577,POST_MATCH,M034,2026-05-16,2026-05-17,QR_SUR_PLACE,R53028005,1,7,8,8,6,5,7,
SAT0006580,POST_MATCH,M034,2026-05-16,2026-05-17,EMAIL,R56758656,0,9,9,8,7,6,6,
SAT0006585,POST_MATCH,M034,2026-05-16,2026-05-17,EMAIL,R54789221,0,10,10,5,7,9,10,Match intense du debut a la fin
SAT0006587,POST_MATCH,M034,2026-05-16,2026-05-17,EMAIL,R59127623,1,8,9,7,9,6,7,
SAT0006588,POST_MATCH,M034,2026-05-16,2026-05-17,EMAIL,R52769721,1,6,9,8,6,6,6,Correct dans l'ensemble
SAT0006589,POST_MATCH,M034,2026-05-16,2026-05-17,EMAIL,R54930345,1,9,10,7,6,7,7,
SAT0006595,POST_MATCH,M034,2026-05-16,2026-05-17,EMAIL,R59423300,1,8,7,6,8,7,8,
SAT0006596,POST_MATCH,M034,2026-05-16,2026-05-17,EMAIL,R51235392,1,10,7,7,6,9,10,
SAT0006393,POST_MATCH,M034,2026-05-16,2026-05-18,EMAIL,R51306500,1,9,10,5,7,6,8,"Super ambiance, on reviendra"
SAT0006401,POST_MATCH,M034,2026-05-16,2026-05-18,EMAIL,R58035401,1,6,5,8,8,7,6,
SAT0006404,POST_MATCH,M034,2026-05-16,2026-05-18,SMS,R59306763,1,8,7,7,7,7,7,"Premiere fois ici, tres agreable surprise"
SAT0006410,POST_MATCH,M034,2026-05-16,2026-05-18,EMAIL,R51529699,1,8,8,8,6,8,7,Bon rapport qualite prix
SAT0006413,POST_MATCH,M034,2026-05-16,2026-05-18,EMAIL,R53473522,1,8,8,6,9,8,7,Tres bonne organisation
SAT0006416,POST_MATCH,M034,2026-05-16,2026-05-18,EMAIL,R54424285,1,9,7,7,7,7,9,
SAT0006421,POST_MATCH,M034,2026-05-16,2026-05-18,EMAIL,R58986844,1,7,10,7,8,8,10,
SAT0006426,POST_MATCH,M034,2026-05-16,2026-05-18,EMAIL,R56227798,1,10,7,7,9,5,8,Match intense du debut a la fin
SAT0006427,POST_MATCH,M034,2026-05-16,2026-05-18,EMAIL,R56344268,1,10,9,8,7,9,9,"Premiere fois ici, tres agreable surprise"
SAT0006433,POST_MATCH,M034,2026-05-16,2026-05-18,EMAIL,R51689213,1,7,8,4,9,8,9,Sans plus
SAT0006439,POST_MATCH,M034,2026-05-16,2026-05-18,QR_SUR_PLACE,R59619594,1,7,8,7,7,7,10,
SAT0006440,POST_MATCH,M034,2026-05-16,2026-05-18,QR_SUR_PLACE,R51604073,1,10,9,6,8,8,10,Tres bonne organisation
SAT0006442,POST_MATCH,M034,2026-05-16,2026-05-18,EMAIL,R52980871,1,7,9,4,6,7,8,
SAT0006443,POST_MATCH,M034,2026-05-16,2026-05-18,QR_SUR_PLACE,R54874428,1,8,9,7,7,6,8,
SAT0006447,POST_MATCH,M034,2026-05-16,2026-05-18,QR_SUR_PLACE,R58191984,1,8,8,9,7,8,9,Match intense du debut a la fin
SAT0006449,POST_MATCH,M034,2026-05-16,2026-05-18,EMAIL,R51636629,1,10,10,7,6,5,7,Correct dans l'ensemble
SAT0006450,POST_MATCH,M034,2026-05-16,2026-05-18,EMAIL,R52467857,1,10,7,8,8,6,10,
SAT0006451,POST_MATCH,M034,2026-05-16,2026-05-18,SMS,R52999941,1,10,8,6,6,8,8,"Premiere fois ici, tres agreable surprise"
SAT0006452,POST_MATCH,M034,2026-05-16,2026-05-18,EMAIL,R53252497,1,9,9,7,8,7,8,
SAT0006470,POST_MATCH,M034,2026-05-16,2026-05-18,QR_SUR_PLACE,R54931571,1,10,9,5,7,6,8,
SAT0006481,POST_MATCH,M034,2026-05-16,2026-05-18,EMAIL,R54308830,1,8,9,5,7,5,8,
SAT0006483,POST_MATCH,M034,2026-05-16,2026-05-18,EMAIL,R55277370,1,8,8,7,8,7,9,
SAT0006491,POST_MATCH,M034,2026-05-16,2026-05-18,EMAIL,R52690577,1,8,8,7,6,8,7,Bon rapport qualite prix
SAT0006498,POST_MATCH,M034,2026-05-16,2026-05-18,SMS,R57624614,1,9,9,6,8,7,9,
SAT0006501,POST_MATCH,M034,2026-05-16,2026-05-18,EMAIL,R59795860,1,8,10,8,7,6,7,L'ambiance dans les tribunes vaut le deplacement
SAT0006504,POST_MATCH,M034,2026-05-16,2026-05-18,SMS,R56985935,1,9,6,9,7,7,7,
SAT0006505,POST_MATCH,M034,2026-05-16,2026-05-18,EMAIL,R56987774,1,7,8,8,10,6,6,
SAT0006508,POST_MATCH,M034,2026-05-16,2026-05-18,SMS,R54358071,1,8,7,7,7,8,8,
SAT0006512,POST_MATCH,M034,2026-05-16,2026-05-18,EMAIL,R57879143,1,8,10,6,8,8,9,
SAT0006513,POST_MATCH,M034,2026-05-16,2026-05-18,EMAIL,R59390188,1,9,9,9,6,8,10,Bon rapport qualite prix
SAT0006515,POST_MATCH,M034,2026-05-16,2026-05-18,EMAIL,R51348921,1,7,7,5,8,6,7,Sans plus
SAT0006519,POST_MATCH,M034,2026-05-16,2026-05-18,QR_SUR_PLACE,R54337296,1,7,9,9,7,5,9,
SAT0006520,POST_MATCH,M034,2026-05-16,2026-05-18,EMAIL,R55242084,1,8,7,8,8,9,8,
SAT0006525,POST_MATCH,M034,2026-05-16,2026-05-18,EMAIL,R51605222,1,8,7,6,7,7,10,Sans plus
SAT0006528,POST_MATCH,M034,2026-05-16,2026-05-18,EMAIL,R52307720,1,7,9,8,8,5,8,
SAT0006529,POST_MATCH,M034,2026-05-16,2026-05-18,SMS,R53853706,1,8,10,9,8,5,8,
SAT0006530,POST_MATCH,M034,2026-05-16,2026-05-18,EMAIL,R53957303,1,8,8,8,7,6,7,
SAT0006535,POST_MATCH,M034,2026-05-16,2026-05-18,SMS,R59202744,1,7,8,7,7,7,6,Sans plus
SAT0006538,POST_MATCH,M034,2026-05-16,2026-05-18,QR_SUR_PLACE,R52350573,1,8,9,7,6,5,8,Rien a signaler
SAT0006540,POST_MATCH,M034,2026-05-16,2026-05-18,EMAIL,R57261249,1,6,8,6,6,8,8,
SAT0006541,POST_MATCH,M034,2026-05-16,2026-05-18,EMAIL,R51763587,1,7,9,6,7,5,8,
SAT0006547,POST_MATCH,M034,2026-05-16,2026-05-18,SMS,R57796599,1,9,9,8,7,6,9,
SAT0006549,POST_MATCH,M034,2026-05-16,2026-05-18,QR_SUR_PLACE,R58941137,0,9,10,6,6,7,8,Tres bonne organisation
SAT0006550,POST_MATCH,M034,2026-05-16,2026-05-18,EMAIL,R51762495,1,9,6,7,7,7,7,
SAT0006555,POST_MATCH,M034,2026-05-16,2026-05-18,SMS,R53530732,1,7,9,6,8,8,8,
SAT0006558,POST_MATCH,M034,2026-05-16,2026-05-18,EMAIL,R54311493,1,9,6,7,5,7,9,
SAT0006559,POST_MATCH,M034,2026-05-16,2026-05-18,EMAIL,R54263679,1,9,5,7,6,7,5,"Premiere fois ici, tres agreable surprise"
SAT0006567,POST_MATCH,M034,2026-05-16,2026-05-18,EMAIL,R59799126,1,8,8,7,7,5,8,Match intense du debut a la fin
SAT0006568,POST_MATCH,M034,2026-05-16,2026-05-18,EMAIL,R54654706,1,8,5,7,9,7,7,"Super ambiance, on reviendra"
SAT0006572,POST_MATCH,M034,2026-05-16,2026-05-18,EMAIL,R54091215,1,8,9,8,9,6,7,Bon rapport qualite prix
SAT0006581,POST_MATCH,M034,2026-05-16,2026-05-18,QR_SUR_PLACE,R58369955,1,8,9,7,5,6,9,L'ambiance dans les tribunes vaut le deplacement
SAT0006582,POST_MATCH,M034,2026-05-16,2026-05-18,EMAIL,R57485530,0,7,8,9,7,5,9,Sans plus
SAT0006584,POST_MATCH,M034,2026-05-16,2026-05-18,EMAIL,R58232978,0,7,8,6,8,7,8,
SAT0006586,POST_MATCH,M034,2026-05-16,2026-05-18,EMAIL,R52596999,1,8,8,9,7,5,9,
SAT0006591,POST_MATCH,M034,2026-05-16,2026-05-18,EMAIL,R51483044,1,7,10,8,6,7,7,
SAT0006592,POST_MATCH,M034,2026-05-16,2026-05-18,EMAIL,R55190736,1,8,9,6,9,6,7,Tres bonne organisation
SAT0006394,POST_MATCH,M034,2026-05-16,2026-05-19,EMAIL,R54278324,1,9,10,8,7,6,8,
SAT0006398,POST_MATCH,M034,2026-05-16,2026-05-19,EMAIL,R56741358,1,7,10,6,5,8,8,
SAT0006400,POST_MATCH,M034,2026-05-16,2026-05-19,EMAIL,R57040502,1,9,8,8,7,5,7,
SAT0006402,POST_MATCH,M034,2026-05-16,2026-05-19,EMAIL,R58330254,1,9,7,8,7,8,10,
SAT0006407,POST_MATCH,M034,2026-05-16,2026-05-19,SMS,R51154543,1,8,9,8,5,9,9,"Super ambiance, on reviendra"
SAT0006409,POST_MATCH,M034,2026-05-16,2026-05-19,EMAIL,R51430393,1,9,10,8,4,6,9,"Super ambiance, on reviendra"
SAT0006412,POST_MATCH,M034,2026-05-16,2026-05-19,EMAIL,R53323950,1,7,9,6,9,7,7,Correct dans l'ensemble
SAT0006414,POST_MATCH,M034,2026-05-16,2026-05-19,SMS,R53479652,1,8,9,10,6,7,9,
SAT0006415,POST_MATCH,M034,2026-05-16,2026-05-19,SMS,R53897718,1,9,8,5,6,6,7,
SAT0006417,POST_MATCH,M034,2026-05-16,2026-05-19,EMAIL,R55182566,1,7,8,6,8,7,9,
SAT0006428,POST_MATCH,M034,2026-05-16,2026-05-19,EMAIL,R57261929,1,7,9,8,7,9,8,
SAT0006432,POST_MATCH,M034,2026-05-16,2026-05-19,EMAIL,R51040046,1,8,9,7,10,6,9,Match intense du debut a la fin
SAT0006444,POST_MATCH,M034,2026-05-16,2026-05-19,EMAIL,R56431448,1,8,7,7,7,4,7,
SAT0006455,POST_MATCH,M034,2026-05-16,2026-05-19,EMAIL,R56041034,1,8,8,8,6,7,6,L'ambiance dans les tribunes vaut le deplacement
SAT0006472,POST_MATCH,M034,2026-05-16,2026-05-19,EMAIL,R55589933,1,7,9,6,7,7,9,
SAT0006473,POST_MATCH,M034,2026-05-16,2026-05-19,EMAIL,R55677592,1,9,9,7,6,5,9,
SAT0006478,POST_MATCH,M034,2026-05-16,2026-05-19,EMAIL,R59969818,1,8,9,7,8,6,10,Tres bonne organisation
SAT0006486,POST_MATCH,M034,2026-05-16,2026-05-19,EMAIL,R57702398,1,10,7,5,9,6,7,"Super ambiance, on reviendra"
SAT0006489,POST_MATCH,M034,2026-05-16,2026-05-19,EMAIL,R51723876,1,7,9,7,6,9,9,
SAT0006494,POST_MATCH,M034,2026-05-16,2026-05-19,QR_SUR_PLACE,R55513442,1,8,10,7,8,8,8,
SAT0006499,POST_MATCH,M034,2026-05-16,2026-05-19,EMAIL,R58907010,1,8,10,8,7,7,9,
SAT0006527,POST_MATCH,M034,2026-05-16,2026-05-19,EMAIL,R51876168,1,7,8,8,7,7,8,
SAT0006532,POST_MATCH,M034,2026-05-16,2026-05-19,EMAIL,R58199263,1,9,8,8,7,7,5,
SAT0006536,POST_MATCH,M034,2026-05-16,2026-05-19,EMAIL,R58291759,0,6,10,6,8,7,9,
SAT0006542,POST_MATCH,M034,2026-05-16,2026-05-19,EMAIL,R51183555,0,6,9,7,8,7,9,Rien a signaler
SAT0006548,POST_MATCH,M034,2026-05-16,2026-05-19,EMAIL,R57565431,1,7,8,7,6,8,5,
SAT0006551,POST_MATCH,M034,2026-05-16,2026-05-19,QR_SUR_PLACE,R52972825,1,8,8,7,8,7,6,
SAT0006574,POST_MATCH,M034,2026-05-16,2026-05-19,EMAIL,R57543909,1,7,8,6,7,9,7,
SAT0006583,POST_MATCH,M034,2026-05-16,2026-05-19,EMAIL,R58749536,1,8,8,7,8,8,8,
SAT0006406,POST_MATCH,M034,2026-05-16,2026-05-20,EMAIL,R59723603,1,10,9,9,6,8,10,
SAT0006418,POST_MATCH,M034,2026-05-16,2026-05-20,SMS,R55751430,1,8,9,8,9,6,8,
SAT0006448,POST_MATCH,M034,2026-05-16,2026-05-20,EMAIL,R51121096,1,9,10,9,6,6,9,
SAT0006458,POST_MATCH,M034,2026-05-16,2026-05-20,QR_SUR_PLACE,R57749465,1,8,8,6,6,8,7,
SAT0006463,POST_MATCH,M034,2026-05-16,2026-05-20,SMS,R51811401,1,9,7,8,8,7,7,
SAT0006466,POST_MATCH,M034,2026-05-16,2026-05-20,EMAIL,R52260730,1,8,7,7,7,8,9,Match intense du debut a la fin
SAT0006507,POST_MATCH,M034,2026-05-16,2026-05-20,EMAIL,R53724229,1,9,8,7,7,7,8,
SAT0006510,POST_MATCH,M034,2026-05-16,2026-05-20,EMAIL,R56794746,1,8,7,8,7,6,7,
SAT0006521,POST_MATCH,M034,2026-05-16,2026-05-20,SMS,R56915574,1,8,10,8,6,7,10,
SAT0006531,POST_MATCH,M034,2026-05-16,2026-05-20,EMAIL,R56369458,1,9,10,7,9,7,8,
SAT0006545,POST_MATCH,M034,2026-05-16,2026-05-20,EMAIL,R52685137,1,9,9,8,7,6,6,
SAT0006553,POST_MATCH,M034,2026-05-16,2026-05-20,EMAIL,R59100795,1,7,9,8,9,5,6,
SAT0006557,POST_MATCH,M034,2026-05-16,2026-05-20,SMS,R57270990,1,6,9,6,7,9,9,
SAT0006563,POST_MATCH,M034,2026-05-16,2026-05-20,EMAIL,R58792590,1,8,5,6,8,6,5,Match intense du debut a la fin
SAT0006564,POST_MATCH,M034,2026-05-16,2026-05-20,EMAIL,R54765850,1,9,8,6,6,7,6,
SAT0006573,POST_MATCH,M034,2026-05-16,2026-05-20,SMS,R54192638,1,8,9,8,6,6,8,
SAT0006590,POST_MATCH,M034,2026-05-16,2026-05-20,EMAIL,R54366931,1,7,8,6,8,7,8,
SAT0006593,POST_MATCH,M034,2026-05-16,2026-05-20,EMAIL,R52005990,1,8,7,7,10,7,9,
SAT0006594,POST_MATCH,M034,2026-05-16,2026-05-20,SMS,R54721647,1,7,5,6,5,8,7,
SAT0006424,POST_MATCH,M034,2026-05-16,2026-05-21,EMAIL,R53139504,1,8,8,6,6,7,8,Tres bonne organisation
SAT0006435,POST_MATCH,M034,2026-05-16,2026-05-21,EMAIL,R52114022,1,8,9,7,7,7,9,Match intense du debut a la fin
SAT0006441,POST_MATCH,M034,2026-05-16,2026-05-21,EMAIL,R52656594,1,9,10,5,5,6,10,
SAT0006445,POST_MATCH,M034,2026-05-16,2026-05-21,EMAIL,R56463937,1,9,8,7,9,6,8,"Premiere fois ici, tres agreable surprise"
SAT0006461,POST_MATCH,M034,2026-05-16,2026-05-21,SMS,R59579270,1,8,6,7,7,7,9,
SAT0006471,POST_MATCH,M034,2026-05-16,2026-05-21,QR_SUR_PLACE,R54941379,1,8,9,9,8,7,9,"Super ambiance, on reviendra"
SAT0006497,POST_MATCH,M034,2026-05-16,2026-05-21,EMAIL,R56636458,1,9,7,7,5,7,9,
SAT0006511,POST_MATCH,M034,2026-05-16,2026-05-21,SMS,R56897730,1,8,9,7,8,8,8,Tres bonne organisation
SAT0006539,POST_MATCH,M034,2026-05-16,2026-05-21,EMAIL,R53938032,0,8,9,8,7,8,9,"Super ambiance, on reviendra"
SAT0006554,POST_MATCH,M034,2026-05-16,2026-05-21,EMAIL,R58265410,1,10,9,8,7,6,7,
SAT0006556,POST_MATCH,M034,2026-05-16,2026-05-21,EMAIL,R54165656,1,8,7,9,7,8,6,
SAT0006560,POST_MATCH,M034,2026-05-16,2026-05-21,EMAIL,R56345417,1,8,9,6,7,7,8,
SAT0006566,POST_MATCH,M034,2026-05-16,2026-05-21,EMAIL,R53917880,1,8,7,7,5,7,8,L'ambiance dans les tribunes vaut le deplacement
SAT0006578,POST_MATCH,M034,2026-05-16,2026-05-21,EMAIL,R57813418,1,7,9,5,7,7,9,Sans plus
SAT0006579,POST_MATCH,M034,2026-05-16,2026-05-21,EMAIL,R51001906,1,6,10,8,8,7,9,
SAT0006399,POST_MATCH,M034,2026-05-16,2026-05-23,EMAIL,R56962651,1,7,8,8,8,6,7,
SAT0006422,POST_MATCH,M034,2026-05-16,2026-05-23,EMAIL,R59886728,1,8,8,8,7,5,8,"Super ambiance, on reviendra"
SAT0006459,POST_MATCH,M034,2026-05-16,2026-05-23,QR_SUR_PLACE,R58482000,1,8,9,8,7,7,7,"Super ambiance, on reviendra"
SAT0006462,POST_MATCH,M034,2026-05-16,2026-05-23,EMAIL,R51240698,1,10,8,6,8,7,8,
SAT0006475,POST_MATCH,M034,2026-05-16,2026-05-23,EMAIL,R57915042,1,8,10,8,10,9,8,"Premiere fois ici, tres agreable surprise"
SAT0006506,POST_MATCH,M034,2026-05-16,2026-05-23,EMAIL,R51580568,1,7,10,6,6,9,9,
SAT0006533,POST_MATCH,M034,2026-05-16,2026-05-23,EMAIL,R59098534,1,7,7,6,7,7,9,
SAT0006576,POST_MATCH,M034,2026-05-16,2026-05-23,EMAIL,R57334742,0,8,9,8,7,7,8,"Super ambiance, on reviendra"
SAT0006597,POST_MATCH,M035,2026-05-26,2026-05-27,EMAIL,R52243777,1,8,10,8,6,8,8,
SAT0006598,POST_MATCH,M035,2026-05-26,2026-05-27,EMAIL,R52872715,1,8,9,6,7,8,9,
SAT0006600,POST_MATCH,M035,2026-05-26,2026-05-27,EMAIL,R56772621,1,8,9,6,7,8,10,"Premiere fois ici, tres agreable surprise"
SAT0006603,POST_MATCH,M035,2026-05-26,2026-05-27,QR_SUR_PLACE,R58300217,1,7,9,7,6,8,8,
SAT0006604,POST_MATCH,M035,2026-05-26,2026-05-27,EMAIL,R59523152,1,8,9,7,7,9,9,
SAT0006609,POST_MATCH,M035,2026-05-26,2026-05-27,EMAIL,R57516870,1,9,6,8,6,9,9,
SAT0006610,POST_MATCH,M035,2026-05-26,2026-05-27,EMAIL,R58809687,1,9,9,8,9,8,10,
SAT0006612,POST_MATCH,M035,2026-05-26,2026-05-27,EMAIL,R59238174,1,6,7,6,7,8,7,
SAT0006616,POST_MATCH,M035,2026-05-26,2026-05-27,EMAIL,R52446201,1,8,9,6,7,9,8,
SAT0006618,POST_MATCH,M035,2026-05-26,2026-05-27,EMAIL,R54592314,1,9,7,7,8,8,7,
SAT0006620,POST_MATCH,M035,2026-05-26,2026-05-27,EMAIL,R55623380,1,9,10,5,6,8,10,"Premiere fois ici, tres agreable surprise"
SAT0006621,POST_MATCH,M035,2026-05-26,2026-05-27,EMAIL,R55766822,1,8,8,5,9,8,7,
SAT0006622,POST_MATCH,M035,2026-05-26,2026-05-27,EMAIL,R57000178,1,9,10,7,7,9,10,"Premiere fois ici, tres agreable surprise"
SAT0006623,POST_MATCH,M035,2026-05-26,2026-05-27,EMAIL,R59873309,1,9,9,7,5,8,10,
SAT0006625,POST_MATCH,M035,2026-05-26,2026-05-27,EMAIL,R52979578,1,7,7,6,7,9,9,
SAT0006626,POST_MATCH,M035,2026-05-26,2026-05-27,EMAIL,R53837165,1,10,10,7,7,9,9,Tres bonne organisation
SAT0006628,POST_MATCH,M035,2026-05-26,2026-05-27,EMAIL,R54589316,1,8,6,5,7,8,9,
SAT0006629,POST_MATCH,M035,2026-05-26,2026-05-27,EMAIL,R56151240,1,7,10,7,8,10,9,
SAT0006632,POST_MATCH,M035,2026-05-26,2026-05-27,EMAIL,R58674348,1,7,9,7,6,9,7,
SAT0006635,POST_MATCH,M035,2026-05-26,2026-05-27,SMS,R52523573,1,9,9,8,6,9,9,L'ambiance dans les tribunes vaut le deplacement
SAT0006637,POST_MATCH,M035,2026-05-26,2026-05-27,EMAIL,R53669270,1,8,8,6,7,7,9,
SAT0006638,POST_MATCH,M035,2026-05-26,2026-05-27,SMS,R57375468,1,7,7,8,7,10,8,
SAT0006644,POST_MATCH,M035,2026-05-26,2026-05-27,QR_SUR_PLACE,R51735322,1,10,6,6,6,8,8,
SAT0006645,POST_MATCH,M035,2026-05-26,2026-05-27,EMAIL,R52310929,1,8,8,6,6,9,10,Tres bonne organisation
SAT0006646,POST_MATCH,M035,2026-05-26,2026-05-27,EMAIL,R52741255,1,8,10,7,7,8,9,Bon rapport qualite prix
SAT0006648,POST_MATCH,M035,2026-05-26,2026-05-27,EMAIL,R56297268,1,10,8,8,9,8,8,
SAT0006657,POST_MATCH,M035,2026-05-26,2026-05-27,EMAIL,R56049683,1,7,9,6,8,9,9,Correct dans l'ensemble
SAT0006660,POST_MATCH,M035,2026-05-26,2026-05-27,EMAIL,R58499231,1,10,9,5,6,8,8,
SAT0006661,POST_MATCH,M035,2026-05-26,2026-05-27,EMAIL,R58974306,1,7,8,8,7,9,7,
SAT0006663,POST_MATCH,M035,2026-05-26,2026-05-27,EMAIL,R52003337,1,9,9,6,6,8,9,
SAT0006664,POST_MATCH,M035,2026-05-26,2026-05-27,SMS,R53436531,1,9,8,6,7,9,9,
SAT0006678,POST_MATCH,M035,2026-05-26,2026-05-27,SMS,R54167907,1,7,9,5,9,8,8,
SAT0006679,POST_MATCH,M035,2026-05-26,2026-05-27,EMAIL,R57741084,1,8,9,7,7,7,9,
SAT0006680,POST_MATCH,M035,2026-05-26,2026-05-27,EMAIL,R57940922,1,10,8,9,8,8,10,L'ambiance dans les tribunes vaut le deplacement
SAT0006683,POST_MATCH,M035,2026-05-26,2026-05-27,EMAIL,R52451574,1,6,7,8,7,9,6,
SAT0006688,POST_MATCH,M035,2026-05-26,2026-05-27,EMAIL,R59110593,1,7,6,7,7,9,8,
SAT0006691,POST_MATCH,M035,2026-05-26,2026-05-27,EMAIL,R52888710,1,8,8,7,5,9,10,Match intense du debut a la fin
SAT0006692,POST_MATCH,M035,2026-05-26,2026-05-27,SMS,R55884441,1,10,9,6,7,8,8,Match intense du debut a la fin
SAT0006693,POST_MATCH,M035,2026-05-26,2026-05-27,SMS,R57244075,1,9,6,6,6,8,7,
SAT0006694,POST_MATCH,M035,2026-05-26,2026-05-27,SMS,R58839714,1,9,10,4,8,9,10,
SAT0006696,POST_MATCH,M035,2026-05-26,2026-05-27,EMAIL,R51085331,1,7,9,9,8,9,10,
SAT0006702,POST_MATCH,M035,2026-05-26,2026-05-27,QR_SUR_PLACE,R58059432,1,8,8,8,7,9,8,"Premiere fois ici, tres agreable surprise"
SAT0006708,POST_MATCH,M035,2026-05-26,2026-05-27,EMAIL,R55324906,1,8,10,6,6,6,10,
SAT0006712,POST_MATCH,M035,2026-05-26,2026-05-27,EMAIL,R57691699,1,10,8,8,9,9,10,
SAT0006713,POST_MATCH,M035,2026-05-26,2026-05-27,EMAIL,R57722349,1,7,8,6,6,9,9,
SAT0006714,POST_MATCH,M035,2026-05-26,2026-05-27,SMS,R58303473,1,10,9,8,8,8,9,
SAT0006715,POST_MATCH,M035,2026-05-26,2026-05-27,EMAIL,R58627750,1,9,9,7,5,8,10,
SAT0006716,POST_MATCH,M035,2026-05-26,2026-05-27,QR_SUR_PLACE,R58941606,1,8,8,7,8,10,9,
SAT0006717,POST_MATCH,M035,2026-05-26,2026-05-27,EMAIL,R59058076,1,10,9,8,6,8,8,
SAT0006718,POST_MATCH,M035,2026-05-26,2026-05-27,QR_SUR_PLACE,R58176515,1,8,9,7,9,8,8,
SAT0006724,POST_MATCH,M035,2026-05-26,2026-05-27,EMAIL,R55942820,0,8,7,8,7,7,9,
SAT0006726,POST_MATCH,M035,2026-05-26,2026-05-27,SMS,R51054413,1,8,8,6,7,9,8,Tres bonne organisation
SAT0006727,POST_MATCH,M035,2026-05-26,2026-05-27,EMAIL,R56176976,1,10,9,5,9,9,10,Bon rapport qualite prix
SAT0006729,POST_MATCH,M035,2026-05-26,2026-05-27,EMAIL,R56315993,1,8,7,5,9,8,8,Bon rapport qualite prix
SAT0006735,POST_MATCH,M035,2026-05-26,2026-05-27,SMS,R52191116,1,6,7,4,9,9,8,
SAT0006736,POST_MATCH,M035,2026-05-26,2026-05-27,QR_SUR_PLACE,R55067935,1,8,9,7,7,10,8,Rien a signaler
SAT0006737,POST_MATCH,M035,2026-05-26,2026-05-27,SMS,R52894026,1,10,8,5,7,8,7,"Super ambiance, on reviendra"
SAT0006738,POST_MATCH,M035,2026-05-26,2026-05-27,EMAIL,R57069035,1,8,8,6,8,7,9,
SAT0006740,POST_MATCH,M035,2026-05-26,2026-05-27,QR_SUR_PLACE,R54858691,0,8,8,6,7,8,8,Tres bonne organisation
SAT0006744,POST_MATCH,M035,2026-05-26,2026-05-27,EMAIL,R53358211,1,7,7,5,6,10,6,
SAT0006749,POST_MATCH,M035,2026-05-26,2026-05-27,EMAIL,R54104232,0,8,8,8,8,8,8,"Premiere fois ici, tres agreable surprise"
SAT0006753,POST_MATCH,M035,2026-05-26,2026-05-27,EMAIL,R52037397,1,8,8,7,6,7,8,Bon rapport qualite prix
SAT0006759,POST_MATCH,M035,2026-05-26,2026-05-27,SMS,R56189045,1,7,8,5,8,8,8,Correct dans l'ensemble
SAT0006760,POST_MATCH,M035,2026-05-26,2026-05-27,EMAIL,R59861662,1,7,7,8,6,9,8,
SAT0006761,POST_MATCH,M035,2026-05-26,2026-05-27,EMAIL,R56908228,1,7,8,9,8,8,9,Correct dans l'ensemble
SAT0006763,POST_MATCH,M035,2026-05-26,2026-05-27,SMS,R56190941,1,7,10,7,8,7,10,Correct dans l'ensemble
SAT0006765,POST_MATCH,M035,2026-05-26,2026-05-27,QR_SUR_PLACE,R52423108,1,8,9,7,5,8,8,"Super ambiance, on reviendra"
SAT0006766,POST_MATCH,M035,2026-05-26,2026-05-27,SMS,R56161460,0,6,10,9,7,8,7,Rien a signaler
SAT0006769,POST_MATCH,M035,2026-05-26,2026-05-27,SMS,R57960203,1,7,9,6,6,8,6,
SAT0006601,POST_MATCH,M035,2026-05-26,2026-05-28,QR_SUR_PLACE,R56928323,1,8,8,8,6,9,8,Match intense du debut a la fin
SAT0006602,POST_MATCH,M035,2026-05-26,2026-05-28,EMAIL,R56962651,1,10,8,7,8,9,10,Bon rapport qualite prix
SAT0006607,POST_MATCH,M035,2026-05-26,2026-05-28,EMAIL,R54178472,1,10,9,8,7,10,9,
SAT0006615,POST_MATCH,M035,2026-05-26,2026-05-28,EMAIL,R51017911,1,8,9,6,6,9,10,
SAT0006624,POST_MATCH,M035,2026-05-26,2026-05-28,EMAIL,R51710055,1,7,8,6,7,10,8,
SAT0006631,POST_MATCH,M035,2026-05-26,2026-05-28,EMAIL,R58162493,1,7,7,6,10,7,7,
SAT0006633,POST_MATCH,M035,2026-05-26,2026-05-28,EMAIL,R59578523,1,8,10,5,7,8,8,
SAT0006636,POST_MATCH,M035,2026-05-26,2026-05-28,EMAIL,R53085694,1,6,7,7,6,8,7,
SAT0006650,POST_MATCH,M035,2026-05-26,2026-05-28,SMS,R58147915,1,9,8,7,7,9,10,Bon rapport qualite prix
SAT0006654,POST_MATCH,M035,2026-05-26,2026-05-28,EMAIL,R52566004,1,6,7,7,9,9,8,
SAT0006655,POST_MATCH,M035,2026-05-26,2026-05-28,EMAIL,R53454241,1,10,9,6,7,7,8,Sans plus
SAT0006656,POST_MATCH,M035,2026-05-26,2026-05-28,EMAIL,R55924018,1,7,7,6,8,9,9,
SAT0006662,POST_MATCH,M035,2026-05-26,2026-05-28,EMAIL,R51101614,1,9,9,8,6,9,9,Tres bonne organisation
SAT0006666,POST_MATCH,M035,2026-05-26,2026-05-28,EMAIL,R55834587,1,8,9,6,6,7,9,
SAT0006667,POST_MATCH,M035,2026-05-26,2026-05-28,EMAIL,R56060171,1,9,7,6,6,8,8,
SAT0006668,POST_MATCH,M035,2026-05-26,2026-05-28,EMAIL,R56774316,1,8,8,6,7,8,9,L'ambiance dans les tribunes vaut le deplacement
SAT0006671,POST_MATCH,M035,2026-05-26,2026-05-28,EMAIL,R58700362,1,8,8,7,6,7,8,L'ambiance dans les tribunes vaut le deplacement
SAT0006673,POST_MATCH,M035,2026-05-26,2026-05-28,SMS,R59498488,1,9,10,7,8,10,10,
SAT0006674,POST_MATCH,M035,2026-05-26,2026-05-28,EMAIL,R59820313,1,7,6,6,7,9,8,
SAT0006684,POST_MATCH,M035,2026-05-26,2026-05-28,SMS,R56354545,1,6,7,6,9,8,7,
SAT0006689,POST_MATCH,M035,2026-05-26,2026-05-28,EMAIL,R59625513,1,9,9,7,6,9,9,Match intense du debut a la fin
SAT0006697,POST_MATCH,M035,2026-05-26,2026-05-28,QR_SUR_PLACE,R52986244,1,9,8,7,9,8,7,
SAT0006698,POST_MATCH,M035,2026-05-26,2026-05-28,EMAIL,R53369369,1,8,9,5,9,9,8,
SAT0006699,POST_MATCH,M035,2026-05-26,2026-05-28,QR_SUR_PLACE,R55829951,1,10,8,7,7,7,8,L'ambiance dans les tribunes vaut le deplacement
SAT0006704,POST_MATCH,M035,2026-05-26,2026-05-28,EMAIL,R59379221,1,8,10,6,8,8,9,
SAT0006707,POST_MATCH,M035,2026-05-26,2026-05-28,SMS,R54415827,1,9,10,8,7,9,8,
SAT0006710,POST_MATCH,M035,2026-05-26,2026-05-28,QR_SUR_PLACE,R56496349,1,8,9,6,7,8,9,
SAT0006711,POST_MATCH,M035,2026-05-26,2026-05-28,EMAIL,R56693735,1,8,9,4,7,8,8,L'ambiance dans les tribunes vaut le deplacement
SAT0006719,POST_MATCH,M035,2026-05-26,2026-05-28,EMAIL,R54437225,1,7,8,7,6,10,8,
SAT0006722,POST_MATCH,M035,2026-05-26,2026-05-28,QR_SUR_PLACE,R52758754,1,7,6,7,6,9,8,
SAT0006731,POST_MATCH,M035,2026-05-26,2026-05-28,EMAIL,R56148989,1,8,7,8,7,9,9,
SAT0006732,POST_MATCH,M035,2026-05-26,2026-05-28,SMS,R51026483,1,7,8,7,9,7,7,
SAT0006734,POST_MATCH,M035,2026-05-26,2026-05-28,EMAIL,R57268605,1,7,9,8,5,9,9,
SAT0006746,POST_MATCH,M035,2026-05-26,2026-05-28,EMAIL,R57996226,0,10,9,5,7,10,8,"Premiere fois ici, tres agreable surprise"
SAT0006756,POST_MATCH,M035,2026-05-26,2026-05-28,EMAIL,R51236407,1,7,8,8,7,8,8,
SAT0006764,POST_MATCH,M035,2026-05-26,2026-05-28,EMAIL,R52101561,1,8,8,6,9,9,7,Match intense du debut a la fin
SAT0006767,POST_MATCH,M035,2026-05-26,2026-05-28,EMAIL,R56153079,1,8,9,4,9,7,8,"Premiere fois ici, tres agreable surprise"
SAT0006605,POST_MATCH,M035,2026-05-26,2026-05-29,QR_SUR_PLACE,R59987193,1,8,7,6,7,10,9,
SAT0006608,POST_MATCH,M035,2026-05-26,2026-05-29,EMAIL,R56799660,1,8,8,6,7,8,7,
SAT0006619,POST_MATCH,M035,2026-05-26,2026-05-29,EMAIL,R54693459,1,8,8,7,8,8,8,
SAT0006627,POST_MATCH,M035,2026-05-26,2026-05-29,SMS,R54077461,1,9,8,7,8,8,7,
SAT0006634,POST_MATCH,M035,2026-05-26,2026-05-29,EMAIL,R51804524,1,8,8,6,6,9,8,"Super ambiance, on reviendra"
SAT0006639,POST_MATCH,M035,2026-05-26,2026-05-29,EMAIL,R57811311,1,7,10,6,7,9,7,
SAT0006641,POST_MATCH,M035,2026-05-26,2026-05-29,EMAIL,R58158882,1,7,7,7,7,8,7,
SAT0006643,POST_MATCH,M035,2026-05-26,2026-05-29,EMAIL,R51523224,1,9,7,8,8,8,7,
SAT0006649,POST_MATCH,M035,2026-05-26,2026-05-29,EMAIL,R57870226,1,8,8,8,8,8,9,
SAT0006652,POST_MATCH,M035,2026-05-26,2026-05-29,EMAIL,R51188593,1,8,7,6,9,8,8,Match intense du debut a la fin
SAT0006665,POST_MATCH,M035,2026-05-26,2026-05-29,EMAIL,R54265920,1,7,7,6,7,8,8,
SAT0006670,POST_MATCH,M035,2026-05-26,2026-05-29,EMAIL,R58492555,1,6,6,6,10,10,9,
SAT0006682,POST_MATCH,M035,2026-05-26,2026-05-29,SMS,R52257866,1,8,7,5,8,8,8,
SAT0006686,POST_MATCH,M035,2026-05-26,2026-05-29,SMS,R56692308,1,9,7,7,6,7,8,
SAT0006687,POST_MATCH,M035,2026-05-26,2026-05-29,QR_SUR_PLACE,R58268331,1,9,7,8,7,8,7,L'ambiance dans les tribunes vaut le deplacement
SAT0006695,POST_MATCH,M035,2026-05-26,2026-05-29,EMAIL,R59201997,1,9,9,8,6,8,8,
SAT0006701,POST_MATCH,M035,2026-05-26,2026-05-29,EMAIL,R57641979,1,9,10,7,8,8,10,
SAT0006703,POST_MATCH,M035,2026-05-26,2026-05-29,QR_SUR_PLACE,R58709212,1,9,7,7,8,7,7,Match intense du debut a la fin
SAT0006705,POST_MATCH,M035,2026-05-26,2026-05-29,EMAIL,R51876168,1,10,7,7,8,8,8,Bon rapport qualite prix
SAT0006706,POST_MATCH,M035,2026-05-26,2026-05-29,QR_SUR_PLACE,R53422767,1,8,9,8,6,6,9,
SAT0006709,POST_MATCH,M035,2026-05-26,2026-05-29,QR_SUR_PLACE,R55389884,1,8,8,7,7,9,8,
SAT0006721,POST_MATCH,M035,2026-05-26,2026-05-29,EMAIL,R57003511,0,7,10,8,9,6,10,
SAT0006725,POST_MATCH,M035,2026-05-26,2026-05-29,QR_SUR_PLACE,R57952636,1,10,8,4,5,8,8,Bon rapport qualite prix
SAT0006739,POST_MATCH,M035,2026-05-26,2026-05-29,EMAIL,R56272068,1,7,8,5,7,10,8,
SAT0006741,POST_MATCH,M035,2026-05-26,2026-05-29,EMAIL,R55034354,0,8,8,7,7,7,8,
SAT0006742,POST_MATCH,M035,2026-05-26,2026-05-29,SMS,R55655112,0,10,9,7,6,8,8,
SAT0006743,POST_MATCH,M035,2026-05-26,2026-05-29,EMAIL,R51717957,1,7,8,6,8,9,10,
SAT0006745,POST_MATCH,M035,2026-05-26,2026-05-29,EMAIL,R55739572,1,8,7,8,9,9,9,L'ambiance dans les tribunes vaut le deplacement
SAT0006747,POST_MATCH,M035,2026-05-26,2026-05-29,EMAIL,R53811275,0,7,7,7,10,8,8,
SAT0006748,POST_MATCH,M035,2026-05-26,2026-05-29,QR_SUR_PLACE,R54201756,1,8,8,7,8,9,7,Tres bonne organisation
SAT0006758,POST_MATCH,M035,2026-05-26,2026-05-29,SMS,R53203323,1,7,8,7,6,9,8,
SAT0006762,POST_MATCH,M035,2026-05-26,2026-05-29,EMAIL,R55510588,0,8,9,6,6,10,9,"Super ambiance, on reviendra"
SAT0006611,POST_MATCH,M035,2026-05-26,2026-05-30,QR_SUR_PLACE,R59168292,1,9,8,7,8,9,9,L'ambiance dans les tribunes vaut le deplacement
SAT0006613,POST_MATCH,M035,2026-05-26,2026-05-30,EMAIL,R59621299,1,8,10,7,8,10,9,Bon rapport qualite prix
SAT0006617,POST_MATCH,M035,2026-05-26,2026-05-30,EMAIL,R54256390,1,8,7,7,8,7,9,Match intense du debut a la fin
SAT0006642,POST_MATCH,M035,2026-05-26,2026-05-30,SMS,R59129874,1,8,8,6,8,9,8,L'ambiance dans les tribunes vaut le deplacement
SAT0006653,POST_MATCH,M035,2026-05-26,2026-05-30,SMS,R51811401,1,8,8,6,8,7,8,
SAT0006659,POST_MATCH,M035,2026-05-26,2026-05-30,EMAIL,R56701915,1,6,8,7,8,8,6,Correct dans l'ensemble
SAT0006669,POST_MATCH,M035,2026-05-26,2026-05-30,EMAIL,R58385280,1,6,9,8,7,9,7,
SAT0006672,POST_MATCH,M035,2026-05-26,2026-05-30,EMAIL,R58722430,1,9,7,6,7,10,10,
SAT0006685,POST_MATCH,M035,2026-05-26,2026-05-30,SMS,R56461820,1,7,9,8,8,8,7,
SAT0006700,POST_MATCH,M035,2026-05-26,2026-05-30,EMAIL,R57415169,1,7,10,6,7,9,9,
SAT0006730,POST_MATCH,M035,2026-05-26,2026-05-30,EMAIL,R58958368,1,10,10,7,7,6,9,"Super ambiance, on reviendra"
SAT0006733,POST_MATCH,M035,2026-05-26,2026-05-30,EMAIL,R55395478,1,6,8,7,7,7,6,
SAT0006750,POST_MATCH,M035,2026-05-26,2026-05-30,EMAIL,R54710000,1,8,8,6,7,10,10,Tres bonne organisation
SAT0006751,POST_MATCH,M035,2026-05-26,2026-05-30,SMS,R56938811,0,9,8,9,8,8,8,
SAT0006752,POST_MATCH,M035,2026-05-26,2026-05-30,EMAIL,R56688697,1,8,9,6,8,7,8,
SAT0006614,POST_MATCH,M035,2026-05-26,2026-05-31,EMAIL,R59960901,1,6,8,5,6,7,9,
SAT0006640,POST_MATCH,M035,2026-05-26,2026-05-31,EMAIL,R57910617,1,9,7,6,8,8,9,L'ambiance dans les tribunes vaut le deplacement
SAT0006651,POST_MATCH,M035,2026-05-26,2026-05-31,EMAIL,R58776853,1,9,8,9,8,9,8,Match intense du debut a la fin
SAT0006658,POST_MATCH,M035,2026-05-26,2026-05-31,SMS,R56619160,1,7,7,6,8,8,9,
SAT0006675,POST_MATCH,M035,2026-05-26,2026-05-31,EMAIL,R51128653,1,8,9,6,7,9,8,
SAT0006728,POST_MATCH,M035,2026-05-26,2026-05-31,EMAIL,R57630064,1,8,8,5,6,10,10,
SAT0006754,POST_MATCH,M035,2026-05-26,2026-05-31,SMS,R52772451,1,9,8,7,6,8,7,L'ambiance dans les tribunes vaut le deplacement
SAT0006755,POST_MATCH,M035,2026-05-26,2026-05-31,QR_SUR_PLACE,R57628838,1,8,9,7,6,9,8,"Premiere fois ici, tres agreable surprise"
SAT0006757,POST_MATCH,M035,2026-05-26,2026-05-31,EMAIL,R57063183,1,7,9,7,5,9,7,
SAT0006768,POST_MATCH,M035,2026-05-26,2026-05-31,EMAIL,R54268851,1,7,8,8,7,9,8,
SAT0006774,POST_MATCH,M036,2026-05-30,2026-05-31,EMAIL,R53789150,1,6,10,7,7,8,8,Rien a signaler
SAT0006775,POST_MATCH,M036,2026-05-30,2026-05-31,EMAIL,R54956302,1,8,8,8,6,8,10,Bon rapport qualite prix
SAT0006776,POST_MATCH,M036,2026-05-30,2026-05-31,QR_SUR_PLACE,R55546008,1,8,8,8,7,8,8,
SAT0006777,POST_MATCH,M036,2026-05-30,2026-05-31,SMS,R55609147,1,8,7,8,9,8,8,
SAT0006778,POST_MATCH,M036,2026-05-30,2026-05-31,EMAIL,R55753202,1,10,9,7,7,7,9,"Premiere fois ici, tres agreable surprise"
SAT0006779,POST_MATCH,M036,2026-05-30,2026-05-31,QR_SUR_PLACE,R56493093,1,8,10,7,6,8,7,Tres bonne organisation
SAT0006781,POST_MATCH,M036,2026-05-30,2026-05-31,QR_SUR_PLACE,R59558093,1,7,8,9,8,6,8,
SAT0006782,POST_MATCH,M036,2026-05-30,2026-05-31,SMS,R59987193,1,7,8,6,8,8,7,
SAT0006785,POST_MATCH,M036,2026-05-30,2026-05-31,EMAIL,R51820874,1,9,7,8,8,7,8,"Premiere fois ici, tres agreable surprise"
SAT0006787,POST_MATCH,M036,2026-05-30,2026-05-31,EMAIL,R52745891,1,9,8,8,7,9,9,
SAT0006789,POST_MATCH,M036,2026-05-30,2026-05-31,EMAIL,R52975766,1,7,9,7,6,8,7,Rien a signaler
SAT0006792,POST_MATCH,M036,2026-05-30,2026-05-31,EMAIL,R54481294,1,10,8,6,8,9,10,"Premiere fois ici, tres agreable surprise"
SAT0006793,POST_MATCH,M036,2026-05-30,2026-05-31,EMAIL,R54678680,1,7,7,6,7,7,8,
SAT0006794,POST_MATCH,M036,2026-05-30,2026-05-31,EMAIL,R54824574,1,9,9,8,9,7,9,"Premiere fois ici, tres agreable surprise"
SAT0006797,POST_MATCH,M036,2026-05-30,2026-05-31,QR_SUR_PLACE,R57677476,1,6,7,8,9,7,7,
SAT0006798,POST_MATCH,M036,2026-05-30,2026-05-31,QR_SUR_PLACE,R58102898,1,9,8,6,5,9,9,
SAT0006800,POST_MATCH,M036,2026-05-30,2026-05-31,EMAIL,R58276990,1,6,8,7,8,8,7,
SAT0006801,POST_MATCH,M036,2026-05-30,2026-05-31,EMAIL,R51017911,1,9,10,5,6,8,9,Bon rapport qualite prix
SAT0006802,POST_MATCH,M036,2026-05-30,2026-05-31,EMAIL,R52446201,1,8,9,7,7,9,9,
SAT0006803,POST_MATCH,M036,2026-05-30,2026-05-31,EMAIL,R52870397,1,7,9,5,7,8,9,
SAT0006805,POST_MATCH,M036,2026-05-30,2026-05-31,EMAIL,R53678331,1,9,9,8,8,9,10,Bon rapport qualite prix
SAT0006807,POST_MATCH,M036,2026-05-30,2026-05-31,EMAIL,R54437225,1,10,9,6,9,7,8,"Premiere fois ici, tres agreable surprise"
SAT0006809,POST_MATCH,M036,2026-05-30,2026-05-31,EMAIL,R55266001,1,9,10,6,6,8,8,"Premiere fois ici, tres agreable surprise"
SAT0006810,POST_MATCH,M036,2026-05-30,2026-05-31,EMAIL,R55540625,1,8,9,7,8,7,10,
SAT0006812,POST_MATCH,M036,2026-05-30,2026-05-31,SMS,R56344268,1,7,9,7,7,9,9,
SAT0006813,POST_MATCH,M036,2026-05-30,2026-05-31,QR_SUR_PLACE,R56851832,1,10,9,9,7,8,9,
SAT0006814,POST_MATCH,M036,2026-05-30,2026-05-31,SMS,R57165688,1,8,8,7,7,9,9,"Premiere fois ici, tres agreable surprise"
SAT0006815,POST_MATCH,M036,2026-05-30,2026-05-31,EMAIL,R58710448,1,7,9,8,7,9,8,
SAT0006817,POST_MATCH,M036,2026-05-30,2026-05-31,EMAIL,R51385165,1,10,9,6,8,8,10,
SAT0006818,POST_MATCH,M036,2026-05-30,2026-05-31,EMAIL,R51564161,1,9,7,6,7,8,8,
SAT0006820,POST_MATCH,M036,2026-05-30,2026-05-31,EMAIL,R51854110,1,10,9,6,9,8,10,Sans plus
SAT0006822,POST_MATCH,M036,2026-05-30,2026-05-31,SMS,R52865560,1,7,9,8,8,7,7,
SAT0006824,POST_MATCH,M036,2026-05-30,2026-05-31,EMAIL,R54573991,1,7,7,8,9,8,7,
SAT0006830,POST_MATCH,M036,2026-05-30,2026-05-31,EMAIL,R57888482,1,8,8,5,8,9,8,
SAT0006833,POST_MATCH,M036,2026-05-30,2026-05-31,EMAIL,R51231982,1,10,8,8,8,8,9,
SAT0006837,POST_MATCH,M036,2026-05-30,2026-05-31,EMAIL,R56217511,1,7,9,7,7,8,8,
SAT0006838,POST_MATCH,M036,2026-05-30,2026-05-31,SMS,R57198924,1,8,8,6,7,9,9,
SAT0006840,POST_MATCH,M036,2026-05-30,2026-05-31,EMAIL,R58098195,1,7,9,6,9,8,9,
SAT0006842,POST_MATCH,M036,2026-05-30,2026-05-31,EMAIL,R59218759,1,8,8,8,8,7,9,
SAT0006844,POST_MATCH,M036,2026-05-30,2026-05-31,SMS,R51302544,1,8,8,7,9,9,9,
SAT0006845,POST_MATCH,M036,2026-05-30,2026-05-31,EMAIL,R53354255,1,8,7,6,7,7,8,L'ambiance dans les tribunes vaut le deplacement
SAT0006846,POST_MATCH,M036,2026-05-30,2026-05-31,EMAIL,R53552254,1,9,8,8,8,7,9,
SAT0006849,POST_MATCH,M036,2026-05-30,2026-05-31,EMAIL,R56319336,1,8,8,6,8,10,9,
SAT0006850,POST_MATCH,M036,2026-05-30,2026-05-31,EMAIL,R57442352,1,8,8,7,8,7,7,Match intense du debut a la fin
SAT0006851,POST_MATCH,M036,2026-05-30,2026-05-31,EMAIL,R59571914,1,7,10,6,9,9,7,
SAT0006853,POST_MATCH,M036,2026-05-30,2026-05-31,SMS,R53131803,1,9,6,7,7,9,10,Sans plus
SAT0006855,POST_MATCH,M036,2026-05-30,2026-05-31,QR_SUR_PLACE,R53395393,1,8,8,6,7,9,9,Tres bonne organisation
SAT0006858,POST_MATCH,M036,2026-05-30,2026-05-31,EMAIL,R53665726,1,8,8,8,8,9,7,"Super ambiance, on reviendra"
SAT0006860,POST_MATCH,M036,2026-05-30,2026-05-31,QR_SUR_PLACE,R55062140,1,8,7,6,7,8,9,L'ambiance dans les tribunes vaut le deplacement
SAT0006862,POST_MATCH,M036,2026-05-30,2026-05-31,SMS,R56575024,1,8,9,8,7,8,8,
SAT0006863,POST_MATCH,M036,2026-05-30,2026-05-31,EMAIL,R56701915,1,9,9,7,9,10,10,
SAT0006866,POST_MATCH,M036,2026-05-30,2026-05-31,QR_SUR_PLACE,R51671704,1,8,7,9,7,8,8,
SAT0006867,POST_MATCH,M036,2026-05-30,2026-05-31,EMAIL,R52446536,1,8,8,5,8,8,9,Sans plus
SAT0006868,POST_MATCH,M036,2026-05-30,2026-05-31,EMAIL,R53337225,1,9,8,7,9,7,8,
SAT0006869,POST_MATCH,M036,2026-05-30,2026-05-31,EMAIL,R55903243,1,7,9,8,8,8,6,
SAT0006870,POST_MATCH,M036,2026-05-30,2026-05-31,SMS,R58286587,1,6,8,8,7,7,9,
SAT0006871,POST_MATCH,M036,2026-05-30,2026-05-31,QR_SUR_PLACE,R59274130,1,9,8,7,7,8,7,
SAT0006872,POST_MATCH,M036,2026-05-30,2026-05-31,EMAIL,R59800084,1,7,8,8,7,8,9,Correct dans l'ensemble
SAT0006873,POST_MATCH,M036,2026-05-30,2026-05-31,EMAIL,R59880387,1,6,9,6,6,8,9,
SAT0006874,POST_MATCH,M036,2026-05-30,2026-05-31,EMAIL,R51516682,1,8,8,7,8,6,7,Bon rapport qualite prix
SAT0006875,POST_MATCH,M036,2026-05-30,2026-05-31,SMS,R51933522,1,8,9,8,8,10,7,
SAT0006877,POST_MATCH,M036,2026-05-30,2026-05-31,SMS,R53821562,1,9,7,7,7,7,8,Match intense du debut a la fin
SAT0006885,POST_MATCH,M036,2026-05-30,2026-05-31,SMS,R58796057,1,7,8,7,8,8,8,
SAT0006886,POST_MATCH,M036,2026-05-30,2026-05-31,EMAIL,R51172856,1,8,9,7,7,9,8,
SAT0006888,POST_MATCH,M036,2026-05-30,2026-05-31,EMAIL,R57962444,1,9,10,7,6,9,10,
SAT0006889,POST_MATCH,M036,2026-05-30,2026-05-31,EMAIL,R59854775,1,8,9,9,7,10,10,Correct dans l'ensemble
SAT0006893,POST_MATCH,M036,2026-05-30,2026-05-31,EMAIL,R52278162,1,8,5,8,6,7,5,
SAT0006895,POST_MATCH,M036,2026-05-30,2026-05-31,QR_SUR_PLACE,R53848668,1,10,6,7,6,8,10,
SAT0006896,POST_MATCH,M036,2026-05-30,2026-05-31,QR_SUR_PLACE,R54280833,1,8,9,7,8,8,8,Match intense du debut a la fin
SAT0006899,POST_MATCH,M036,2026-05-30,2026-05-31,EMAIL,R55224240,1,10,9,7,6,8,10,Tres bonne organisation
SAT0006900,POST_MATCH,M036,2026-05-30,2026-05-31,EMAIL,R56897730,1,10,8,7,6,6,9,
SAT0006901,POST_MATCH,M036,2026-05-30,2026-05-31,EMAIL,R56998875,1,9,9,8,8,8,10,L'ambiance dans les tribunes vaut le deplacement
SAT0006902,POST_MATCH,M036,2026-05-30,2026-05-31,EMAIL,R59553859,1,9,9,7,8,7,10,"Premiere fois ici, tres agreable surprise"
SAT0006907,POST_MATCH,M036,2026-05-30,2026-05-31,QR_SUR_PLACE,R53605987,1,7,9,8,7,8,9,
SAT0006909,POST_MATCH,M036,2026-05-30,2026-05-31,EMAIL,R54545103,1,8,8,6,8,8,8,
SAT0006910,POST_MATCH,M036,2026-05-30,2026-05-31,EMAIL,R54983398,1,8,10,9,8,8,10,Match intense du debut a la fin
SAT0006911,POST_MATCH,M036,2026-05-30,2026-05-31,QR_SUR_PLACE,R57405361,1,10,9,6,7,8,7,
SAT0006913,POST_MATCH,M036,2026-05-30,2026-05-31,EMAIL,R59379221,1,6,10,6,6,6,9,Rien a signaler
SAT0006915,POST_MATCH,M036,2026-05-30,2026-05-31,SMS,R53096651,1,7,7,8,8,10,10,Rien a signaler
SAT0006917,POST_MATCH,M036,2026-05-30,2026-05-31,QR_SUR_PLACE,R58800003,1,10,9,6,7,8,8,
SAT0006921,POST_MATCH,M036,2026-05-30,2026-05-31,QR_SUR_PLACE,R59782240,0,9,9,8,8,9,9,
SAT0006928,POST_MATCH,M036,2026-05-30,2026-05-31,EMAIL,R53626772,1,7,10,7,9,8,10,
SAT0006929,POST_MATCH,M036,2026-05-30,2026-05-31,EMAIL,R52615925,1,9,8,7,8,8,9,
SAT0006933,POST_MATCH,M036,2026-05-30,2026-05-31,SMS,R57367298,0,8,10,8,6,9,8,
SAT0006934,POST_MATCH,M036,2026-05-30,2026-05-31,SMS,R57620802,1,8,8,7,7,8,8,Match intense du debut a la fin
SAT0006937,POST_MATCH,M036,2026-05-30,2026-05-31,QR_SUR_PLACE,R55538096,0,6,8,9,7,7,8,
SAT0006938,POST_MATCH,M036,2026-05-30,2026-05-31,EMAIL,R56658459,1,7,8,7,7,7,8,
SAT0006939,POST_MATCH,M036,2026-05-30,2026-05-31,EMAIL,R59588666,1,9,10,10,9,9,9,
SAT0006940,POST_MATCH,M036,2026-05-30,2026-05-31,EMAIL,R59290403,1,8,8,8,8,8,7,Bon rapport qualite prix
SAT0006945,POST_MATCH,M036,2026-05-30,2026-05-31,EMAIL,R57352107,1,7,8,7,8,8,7,
SAT0006947,POST_MATCH,M036,2026-05-30,2026-05-31,EMAIL,R56354076,1,8,10,7,7,8,10,Bon rapport qualite prix
SAT0006951,POST_MATCH,M036,2026-05-30,2026-05-31,EMAIL,R52514857,1,9,10,6,7,9,10,
SAT0006953,POST_MATCH,M036,2026-05-30,2026-05-31,EMAIL,R59280260,0,10,9,7,5,7,7,
SAT0006954,POST_MATCH,M036,2026-05-30,2026-05-31,EMAIL,R58808250,1,9,9,10,7,7,9,
SAT0006955,POST_MATCH,M036,2026-05-30,2026-05-31,EMAIL,R55615411,1,7,10,8,7,6,8,
SAT0006957,POST_MATCH,M036,2026-05-30,2026-05-31,QR_SUR_PLACE,R58571776,1,7,7,5,7,10,8,
SAT0006961,POST_MATCH,M036,2026-05-30,2026-05-31,EMAIL,R51387885,1,8,9,8,7,8,9,Match intense du debut a la fin
SAT0006962,POST_MATCH,M036,2026-05-30,2026-05-31,EMAIL,R51846821,0,9,8,9,8,8,9,Rien a signaler
SAT0006963,POST_MATCH,M036,2026-05-30,2026-05-31,EMAIL,R52376654,1,9,10,7,8,8,8,
SAT0006965,POST_MATCH,M036,2026-05-30,2026-05-31,SMS,R57002563,1,7,9,8,7,8,8,
SAT0006967,POST_MATCH,M036,2026-05-30,2026-05-31,QR_SUR_PLACE,R56157782,0,10,9,8,8,7,9,
SAT0006969,POST_MATCH,M036,2026-05-30,2026-05-31,EMAIL,R58391745,1,7,8,7,9,8,8,
SAT0006971,POST_MATCH,M036,2026-05-30,2026-05-31,EMAIL,R53883274,1,6,9,10,8,10,9,
SAT0006972,POST_MATCH,M036,2026-05-30,2026-05-31,EMAIL,R57472657,1,8,9,7,8,8,8,
SAT0006786,POST_MATCH,M036,2026-05-30,2026-06-01,EMAIL,R52262847,1,6,8,7,6,9,7,
SAT0006788,POST_MATCH,M036,2026-05-30,2026-06-01,EMAIL,R52936534,1,9,8,7,6,7,8,
SAT0006795,POST_MATCH,M036,2026-05-30,2026-06-01,QR_SUR_PLACE,R56630472,1,10,7,9,8,9,7,L'ambiance dans les tribunes vaut le deplacement
SAT0006804,POST_MATCH,M036,2026-05-30,2026-06-01,EMAIL,R53325243,1,9,8,7,7,9,8,
SAT0006808,POST_MATCH,M036,2026-05-30,2026-06-01,EMAIL,R54477683,1,9,9,7,4,7,8,"Super ambiance, on reviendra"
SAT0006811,POST_MATCH,M036,2026-05-30,2026-06-01,EMAIL,R55703683,1,7,6,6,8,10,8,
SAT0006825,POST_MATCH,M036,2026-05-30,2026-06-01,EMAIL,R54800801,1,7,8,7,7,8,8,
SAT0006827,POST_MATCH,M036,2026-05-30,2026-06-01,QR_SUR_PLACE,R55888263,1,6,8,8,8,8,7,
SAT0006828,POST_MATCH,M036,2026-05-30,2026-06-01,SMS,R56577888,1,7,7,9,7,10,8,Correct dans l'ensemble
SAT0006834,POST_MATCH,M036,2026-05-30,2026-06-01,EMAIL,R52286955,1,9,9,6,8,9,10,Tres bonne organisation
SAT0006835,POST_MATCH,M036,2026-05-30,2026-06-01,EMAIL,R52421202,1,9,10,7,7,8,9,Bon rapport qualite prix
SAT0006839,POST_MATCH,M036,2026-05-30,2026-06-01,EMAIL,R57401214,1,9,9,6,7,6,8,Tres bonne organisation
SAT0006841,POST_MATCH,M036,2026-05-30,2026-06-01,EMAIL,R58611276,1,6,9,8,8,10,8,
SAT0006848,POST_MATCH,M036,2026-05-30,2026-06-01,QR_SUR_PLACE,R55303595,1,9,8,8,7,7,8,
SAT0006856,POST_MATCH,M036,2026-05-30,2026-06-01,EMAIL,R53458532,1,9,8,6,6,8,6,Match intense du debut a la fin
SAT0006859,POST_MATCH,M036,2026-05-30,2026-06-01,EMAIL,R54180033,1,8,9,6,7,9,9,
SAT0006861,POST_MATCH,M036,2026-05-30,2026-06-01,EMAIL,R56565829,1,7,8,6,7,9,10,
SAT0006876,POST_MATCH,M036,2026-05-30,2026-06-01,EMAIL,R53321967,1,9,9,7,7,8,9,Match intense du debut a la fin
SAT0006882,POST_MATCH,M036,2026-05-30,2026-06-01,EMAIL,R56592322,1,8,8,9,7,8,9,
SAT0006884,POST_MATCH,M036,2026-05-30,2026-06-01,EMAIL,R58037163,1,8,9,7,7,9,8,Tres bonne organisation
SAT0006890,POST_MATCH,M036,2026-05-30,2026-06-01,EMAIL,R59889103,1,9,9,5,7,9,10,
SAT0006892,POST_MATCH,M036,2026-05-30,2026-06-01,EMAIL,R52149432,1,8,9,7,6,10,8,"Premiere fois ici, tres agreable surprise"
SAT0006894,POST_MATCH,M036,2026-05-30,2026-06-01,EMAIL,R53041347,1,7,9,4,7,8,9,
SAT0006905,POST_MATCH,M036,2026-05-30,2026-06-01,EMAIL,R53026089,1,8,7,4,7,8,7,"Premiere fois ici, tres agreable surprise"
SAT0006918,POST_MATCH,M036,2026-05-30,2026-06-01,EMAIL,R59093017,1,9,8,7,7,8,9,Bon rapport qualite prix
SAT0006919,POST_MATCH,M036,2026-05-30,2026-06-01,EMAIL,R59326570,1,9,7,9,7,10,9,
SAT0006923,POST_MATCH,M036,2026-05-30,2026-06-01,EMAIL,R56255038,0,9,10,8,8,7,10,
SAT0006926,POST_MATCH,M036,2026-05-30,2026-06-01,EMAIL,R53616351,1,7,8,7,7,8,7,
SAT0006932,POST_MATCH,M036,2026-05-30,2026-06-01,EMAIL,R59346531,0,9,10,8,6,9,9,
SAT0006935,POST_MATCH,M036,2026-05-30,2026-06-01,EMAIL,R56920967,0,8,10,7,7,8,9,Tres bonne organisation
SAT0006941,POST_MATCH,M036,2026-05-30,2026-06-01,EMAIL,R58493915,1,10,8,8,8,8,10,
SAT0006942,POST_MATCH,M036,2026-05-30,2026-06-01,QR_SUR_PLACE,R54114710,0,8,9,9,4,8,9,Match intense du debut a la fin
SAT0006943,POST_MATCH,M036,2026-05-30,2026-06-01,QR_SUR_PLACE,R57236786,1,7,10,7,8,8,9,
SAT0006946,POST_MATCH,M036,2026-05-30,2026-06-01,EMAIL,R53740579,1,9,9,8,8,9,8,
SAT0006948,POST_MATCH,M036,2026-05-30,2026-06-01,EMAIL,R53904863,0,8,9,7,7,9,9,
SAT0006950,POST_MATCH,M036,2026-05-30,2026-06-01,EMAIL,R53848668,1,8,9,7,5,9,9,
SAT0006959,POST_MATCH,M036,2026-05-30,2026-06-01,EMAIL,R57747482,1,7,7,7,7,8,9,
SAT0006960,POST_MATCH,M036,2026-05-30,2026-06-01,EMAIL,R56197895,1,7,8,8,6,9,10,
SAT0006964,POST_MATCH,M036,2026-05-30,2026-06-01,QR_SUR_PLACE,R55540625,1,8,9,9,6,8,9,
SAT0006968,POST_MATCH,M036,2026-05-30,2026-06-01,EMAIL,R57839576,1,10,6,9,8,9,8,L'ambiance dans les tribunes vaut le deplacement
SAT0006599,POST_MATCH,M035,2026-05-26,2026-06-02,EMAIL,R55128555,1,8,6,7,5,9,9,Tres bonne organisation
SAT0006606,POST_MATCH,M035,2026-05-26,2026-06-02,EMAIL,R52164767,1,7,8,7,7,7,6,
SAT0006630,POST_MATCH,M035,2026-05-26,2026-06-02,EMAIL,R57398082,1,8,8,7,7,7,8,Tres bonne organisation
SAT0006647,POST_MATCH,M035,2026-05-26,2026-06-02,SMS,R53308280,1,6,7,7,6,9,8,
SAT0006676,POST_MATCH,M035,2026-05-26,2026-06-02,EMAIL,R51144591,1,9,7,5,5,9,9,"Premiere fois ici, tres agreable surprise"
SAT0006677,POST_MATCH,M035,2026-05-26,2026-06-02,EMAIL,R51148882,1,9,6,6,8,8,8,"Premiere fois ici, tres agreable surprise"
SAT0006681,POST_MATCH,M035,2026-05-26,2026-06-02,EMAIL,R51462805,1,8,8,7,10,8,9,
SAT0006690,POST_MATCH,M035,2026-05-26,2026-06-02,EMAIL,R59960211,1,9,10,7,7,9,8,L'ambiance dans les tribunes vaut le deplacement
SAT0006720,POST_MATCH,M035,2026-05-26,2026-06-02,EMAIL,R56840453,0,8,8,7,8,7,8,L'ambiance dans les tribunes vaut le deplacement
SAT0006723,POST_MATCH,M035,2026-05-26,2026-06-02,EMAIL,R53293089,0,6,8,6,8,9,7,
SAT0006772,POST_MATCH,M036,2026-05-30,2026-06-02,SMS,R52606060,1,9,9,8,8,7,9,Bon rapport qualite prix
SAT0006773,POST_MATCH,M036,2026-05-30,2026-06-02,EMAIL,R53663485,1,8,7,9,8,8,8,Match intense du debut a la fin
SAT0006783,POST_MATCH,M036,2026-05-30,2026-06-02,SMS,R51154543,1,6,10,8,8,8,8,
SAT0006784,POST_MATCH,M036,2026-05-30,2026-06-02,EMAIL,R51529699,1,7,8,8,7,7,7,Sans plus
SAT0006799,POST_MATCH,M036,2026-05-30,2026-06-02,EMAIL,R58251857,1,9,9,6,7,8,10,L'ambiance dans les tribunes vaut le deplacement
SAT0006816,POST_MATCH,M036,2026-05-30,2026-06-02,EMAIL,R59934609,1,8,10,6,5,9,9,
SAT0006819,POST_MATCH,M036,2026-05-30,2026-06-02,SMS,R51621783,1,7,7,7,8,7,7,
SAT0006821,POST_MATCH,M036,2026-05-30,2026-06-02,EMAIL,R51971806,1,7,7,9,8,8,9,
SAT0006823,POST_MATCH,M036,2026-05-30,2026-06-02,SMS,R54463038,1,9,7,9,7,8,9,
SAT0006826,POST_MATCH,M036,2026-05-30,2026-06-02,EMAIL,R55874777,1,8,8,6,8,7,7,
SAT0006829,POST_MATCH,M036,2026-05-30,2026-06-02,EMAIL,R57398082,1,7,8,6,7,10,9,
SAT0006831,POST_MATCH,M036,2026-05-30,2026-06-02,EMAIL,R57890321,1,9,7,8,7,8,9,"Super ambiance, on reviendra"
SAT0006864,POST_MATCH,M036,2026-05-30,2026-06-02,QR_SUR_PLACE,R57499428,1,8,9,7,8,10,10,L'ambiance dans les tribunes vaut le deplacement
SAT0006879,POST_MATCH,M036,2026-05-30,2026-06-02,QR_SUR_PLACE,R54385522,1,6,9,6,7,7,7,
SAT0006883,POST_MATCH,M036,2026-05-30,2026-06-02,QR_SUR_PLACE,R57494045,1,8,8,6,7,10,9,Rien a signaler
SAT0006891,POST_MATCH,M036,2026-05-30,2026-06-02,EMAIL,R51806152,1,9,9,9,7,8,9,Sans plus
SAT0006897,POST_MATCH,M036,2026-05-30,2026-06-02,EMAIL,R54358071,1,8,7,7,7,7,7,Tres bonne organisation
SAT0006904,POST_MATCH,M036,2026-05-30,2026-06-02,EMAIL,R52892455,1,9,9,6,7,6,9,
SAT0006912,POST_MATCH,M036,2026-05-30,2026-06-02,EMAIL,R57641366,1,8,8,6,8,10,8,
SAT0006914,POST_MATCH,M036,2026-05-30,2026-06-02,EMAIL,R51893945,1,10,8,7,9,6,9,Sans plus
SAT0006925,POST_MATCH,M036,2026-05-30,2026-06-02,EMAIL,R56884110,1,7,7,8,7,8,7,
SAT0006931,POST_MATCH,M036,2026-05-30,2026-06-02,SMS,R57575785,1,8,8,8,9,10,7,"Super ambiance, on reviendra"
SAT0006936,POST_MATCH,M036,2026-05-30,2026-06-02,EMAIL,R51637855,1,8,8,8,7,10,10,L'ambiance dans les tribunes vaut le deplacement
SAT0006944,POST_MATCH,M036,2026-05-30,2026-06-02,EMAIL,R56845836,0,9,9,7,7,7,8,L'ambiance dans les tribunes vaut le deplacement
SAT0006956,POST_MATCH,M036,2026-05-30,2026-06-02,EMAIL,R55320414,1,10,9,8,9,8,9,"Super ambiance, on reviendra"
SAT0006958,POST_MATCH,M036,2026-05-30,2026-06-02,EMAIL,R58748109,0,7,9,7,7,5,9,
SAT0006970,POST_MATCH,M036,2026-05-30,2026-06-02,EMAIL,R55842010,1,8,10,5,7,7,9,
SAT0006771,POST_MATCH,M036,2026-05-30,2026-06-03,SMS,R52440550,1,6,8,7,9,9,9,
SAT0006780,POST_MATCH,M036,2026-05-30,2026-06-03,EMAIL,R58020076,1,8,8,8,8,8,8,
SAT0006796,POST_MATCH,M036,2026-05-30,2026-06-03,EMAIL,R57119033,1,7,8,8,8,8,8,
SAT0006806,POST_MATCH,M036,2026-05-30,2026-06-03,EMAIL,R54434773,1,9,10,8,6,9,9,Correct dans l'ensemble
SAT0006832,POST_MATCH,M036,2026-05-30,2026-06-03,EMAIL,R57932005,1,9,8,6,6,8,8,
SAT0006836,POST_MATCH,M036,2026-05-30,2026-06-03,QR_SUR_PLACE,R52614297,1,7,7,7,8,9,8,
SAT0006847,POST_MATCH,M036,2026-05-30,2026-06-03,QR_SUR_PLACE,R54067174,1,8,6,8,8,10,9,Bon rapport qualite prix
SAT0006854,POST_MATCH,M036,2026-05-30,2026-06-03,EMAIL,R53169809,1,9,5,5,8,6,6,
SAT0006857,POST_MATCH,M036,2026-05-30,2026-06-03,QR_SUR_PLACE,R53529640,1,8,9,8,8,7,7,Tres bonne organisation
SAT0006865,POST_MATCH,M036,2026-05-30,2026-06-03,SMS,R58054193,1,7,7,9,7,8,8,
SAT0006881,POST_MATCH,M036,2026-05-30,2026-06-03,SMS,R56303599,1,6,8,7,6,9,7,
SAT0006887,POST_MATCH,M036,2026-05-30,2026-06-03,EMAIL,R57256881,1,8,8,9,7,10,10,Tres bonne organisation
SAT0006898,POST_MATCH,M036,2026-05-30,2026-06-03,SMS,R54668249,1,8,9,7,7,8,9,
SAT0006908,POST_MATCH,M036,2026-05-30,2026-06-03,EMAIL,R54165656,1,9,7,6,7,9,10,"Super ambiance, on reviendra"
SAT0006916,POST_MATCH,M036,2026-05-30,2026-06-03,QR_SUR_PLACE,R55896222,1,9,6,9,9,6,8,
SAT0006927,POST_MATCH,M036,2026-05-30,2026-06-03,EMAIL,R53079832,1,8,8,7,9,10,8,"Premiere fois ici, tres agreable surprise"
SAT0006930,POST_MATCH,M036,2026-05-30,2026-06-03,EMAIL,R52521533,1,9,8,8,7,10,10,"Super ambiance, on reviendra"
SAT0006949,POST_MATCH,M036,2026-05-30,2026-06-03,QR_SUR_PLACE,R58084297,0,9,8,7,7,7,8,"Super ambiance, on reviendra"
SAT0006974,POST_MATCH,M037,2026-06-02,2026-06-03,EMAIL,R52440550,1,7,9,4,6,5,9,
SAT0006977,POST_MATCH,M037,2026-06-02,2026-06-03,EMAIL,R56493093,1,6,7,5,7,6,6,
SAT0006978,POST_MATCH,M037,2026-06-02,2026-06-03,EMAIL,R57369070,1,9,7,4,5,8,9,
SAT0006979,POST_MATCH,M037,2026-06-02,2026-06-03,SMS,R51276530,1,6,8,5,3,6,6,
SAT0006981,POST_MATCH,M037,2026-06-02,2026-06-03,EMAIL,R53116756,1,6,7,4,5,4,6,
SAT0006982,POST_MATCH,M037,2026-06-02,2026-06-03,SMS,R53396284,1,6,5,4,5,5,7,
SAT0006985,POST_MATCH,M037,2026-06-02,2026-06-03,EMAIL,R55880160,1,7,5,5,8,7,6,
SAT0006987,POST_MATCH,M037,2026-06-02,2026-06-03,EMAIL,R58146421,1,7,5,2,6,4,6,
SAT0006988,POST_MATCH,M037,2026-06-02,2026-06-03,EMAIL,R58226724,1,7,6,4,6,6,7,
SAT0006992,POST_MATCH,M037,2026-06-02,2026-06-03,EMAIL,R51594131,1,7,7,5,6,6,8,
SAT0006995,POST_MATCH,M037,2026-06-02,2026-06-03,QR_SUR_PLACE,R56344268,1,4,7,4,4,5,5,
SAT0007001,POST_MATCH,M037,2026-06-02,2026-06-03,QR_SUR_PLACE,R51610749,1,7,4,4,6,7,7,
SAT0007002,POST_MATCH,M037,2026-06-02,2026-06-03,QR_SUR_PLACE,R53145701,1,5,3,7,4,5,5,Prix des places trop eleve pour ce niveau de match
SAT0007003,POST_MATCH,M037,2026-06-02,2026-06-03,SMS,R53541699,1,6,6,4,8,5,8,
SAT0007005,POST_MATCH,M037,2026-06-02,2026-06-03,EMAIL,R54785476,1,5,8,4,6,5,8,Prix des places trop eleve pour ce niveau de match
SAT0007009,POST_MATCH,M037,2026-06-02,2026-06-03,QR_SUR_PLACE,R59787556,1,5,8,4,6,5,7,Difficile de trouver sa place
SAT0007012,POST_MATCH,M037,2026-06-02,2026-06-03,EMAIL,R51937545,1,2,8,4,4,5,5,
SAT0007016,POST_MATCH,M037,2026-06-02,2026-06-03,EMAIL,R55331113,1,6,8,4,4,6,7,
SAT0007020,POST_MATCH,M037,2026-06-02,2026-06-03,EMAIL,R58140492,1,7,7,5,6,6,7,
SAT0007023,POST_MATCH,M037,2026-06-02,2026-06-03,SMS,R51661762,1,4,6,5,7,5,6,Difficile de trouver sa place
SAT0007025,POST_MATCH,M037,2026-06-02,2026-06-03,QR_SUR_PLACE,R52534674,1,7,8,4,8,7,9,
SAT0007026,POST_MATCH,M037,2026-06-02,2026-06-03,EMAIL,R52741255,1,7,6,6,6,7,8,
SAT0007027,POST_MATCH,M037,2026-06-02,2026-06-03,EMAIL,R52960709,1,4,6,2,6,4,7,Difficile de trouver sa place
SAT0007033,POST_MATCH,M037,2026-06-02,2026-06-03,SMS,R58311586,1,6,7,4,7,6,6,
SAT0007034,POST_MATCH,M037,2026-06-02,2026-06-03,EMAIL,R58618086,1,7,7,3,6,7,9,
SAT0007035,POST_MATCH,M037,2026-06-02,2026-06-03,QR_SUR_PLACE,R59579270,1,5,9,4,4,4,7,Peu de choix a la restauration
SAT0007037,POST_MATCH,M037,2026-06-02,2026-06-03,EMAIL,R53816524,1,7,7,4,4,7,7,
SAT0007038,POST_MATCH,M037,2026-06-02,2026-06-03,EMAIL,R54617715,1,6,8,3,4,6,6,
SAT0007039,POST_MATCH,M037,2026-06-02,2026-06-03,QR_SUR_PLACE,R57174538,1,7,6,4,5,6,7,Correct dans l'ensemble
SAT0007040,POST_MATCH,M037,2026-06-02,2026-06-03,EMAIL,R57836578,1,7,7,6,6,6,8,
SAT0007050,POST_MATCH,M037,2026-06-02,2026-06-03,EMAIL,R56987640,1,7,7,3,4,5,4,
SAT0007051,POST_MATCH,M037,2026-06-02,2026-06-03,QR_SUR_PLACE,R57954341,1,7,6,3,6,6,4,
SAT0007052,POST_MATCH,M037,2026-06-02,2026-06-03,QR_SUR_PLACE,R58035257,1,8,6,5,6,8,7,
SAT0007054,POST_MATCH,M037,2026-06-02,2026-06-03,QR_SUR_PLACE,R52381625,1,5,7,5,7,7,6,
SAT0007057,POST_MATCH,M037,2026-06-02,2026-06-03,EMAIL,R54247597,1,7,5,4,4,7,8,
SAT0007058,POST_MATCH,M037,2026-06-02,2026-06-03,EMAIL,R54775390,1,8,7,5,6,5,5,Sans plus
SAT0007063,POST_MATCH,M037,2026-06-02,2026-06-03,EMAIL,R58710850,1,8,8,5,6,7,8,L'ambiance dans les tribunes vaut le deplacement
SAT0007064,POST_MATCH,M037,2026-06-02,2026-06-03,EMAIL,R59193281,1,5,7,5,5,6,7,
SAT0007065,POST_MATCH,M037,2026-06-02,2026-06-03,EMAIL,R51098070,1,8,7,5,7,5,5,
SAT0007066,POST_MATCH,M037,2026-06-02,2026-06-03,SMS,R52373110,1,6,6,4,5,6,6,
SAT0007072,POST_MATCH,M037,2026-06-02,2026-06-03,SMS,R58088722,1,5,7,4,5,6,7,
SAT0007073,POST_MATCH,M037,2026-06-02,2026-06-03,EMAIL,R58235842,1,8,5,5,5,6,7,Sans plus
SAT0007075,POST_MATCH,M037,2026-06-02,2026-06-03,EMAIL,R59134500,1,7,4,3,6,6,7,Sans plus
SAT0007076,POST_MATCH,M037,2026-06-02,2026-06-03,QR_SUR_PLACE,R59625513,1,6,8,4,5,7,6,
SAT0007078,POST_MATCH,M037,2026-06-02,2026-06-03,EMAIL,R51557274,1,6,7,5,5,8,9,
SAT0007080,POST_MATCH,M037,2026-06-02,2026-06-03,SMS,R53041347,1,6,6,1,4,5,6,
SAT0007083,POST_MATCH,M037,2026-06-02,2026-06-03,EMAIL,R53692966,1,8,7,3,6,6,7,Correct dans l'ensemble
SAT0007090,POST_MATCH,M037,2026-06-02,2026-06-03,EMAIL,R59390188,1,7,6,3,5,6,7,
SAT0007091,POST_MATCH,M037,2026-06-02,2026-06-03,EMAIL,R59553859,1,6,6,4,4,5,6,Sans plus
SAT0007096,POST_MATCH,M037,2026-06-02,2026-06-03,QR_SUR_PLACE,R56011399,1,6,6,3,8,6,6,
SAT0007097,POST_MATCH,M037,2026-06-02,2026-06-03,EMAIL,R56809525,1,6,6,5,4,7,6,
SAT0007100,POST_MATCH,M037,2026-06-02,2026-06-03,EMAIL,R53408668,1,5,6,3,5,7,5,Peu de choix a la restauration
SAT0007105,POST_MATCH,M037,2026-06-02,2026-06-03,EMAIL,R57157709,0,7,5,5,5,5,6,
SAT0007107,POST_MATCH,M037,2026-06-02,2026-06-03,QR_SUR_PLACE,R58611812,1,7,7,3,6,6,7,
SAT0007109,POST_MATCH,M037,2026-06-02,2026-06-03,EMAIL,R53654414,0,5,7,3,6,4,7,
SAT0007115,POST_MATCH,M037,2026-06-02,2026-06-03,EMAIL,R53650066,1,4,6,5,6,7,4,
SAT0007117,POST_MATCH,M037,2026-06-02,2026-06-03,EMAIL,R55722619,1,8,6,5,5,6,6,"Premiere fois ici, tres agreable surprise"
SAT0007119,POST_MATCH,M037,2026-06-02,2026-06-03,EMAIL,R57058413,1,6,8,5,4,5,6,
SAT0007120,POST_MATCH,M037,2026-06-02,2026-06-03,EMAIL,R57108736,1,7,6,4,7,5,4,
SAT0007123,POST_MATCH,M037,2026-06-02,2026-06-03,EMAIL,R56960534,1,5,4,2,8,7,6,File d'attente interminable a l'entree
SAT0007124,POST_MATCH,M037,2026-06-02,2026-06-03,EMAIL,R58083071,1,6,6,4,7,5,6,
SAT0007129,POST_MATCH,M037,2026-06-02,2026-06-03,SMS,R55200678,1,6,6,4,6,6,5,
SAT0007132,POST_MATCH,M037,2026-06-02,2026-06-03,SMS,R53275111,1,4,5,3,5,6,5,Prix des places trop eleve pour ce niveau de match
SAT0007133,POST_MATCH,M037,2026-06-02,2026-06-03,EMAIL,R57868186,0,6,6,5,6,4,6,
SAT0007140,POST_MATCH,M037,2026-06-02,2026-06-03,EMAIL,R59604125,1,7,7,5,5,8,6,
SAT0007143,POST_MATCH,M037,2026-06-02,2026-06-03,EMAIL,R57265262,1,4,6,3,6,6,6,Trop d'attente aux buvettes
SAT0007144,POST_MATCH,M037,2026-06-02,2026-06-03,QR_SUR_PLACE,R57871040,0,5,7,3,8,5,6,
SAT0007146,POST_MATCH,M037,2026-06-02,2026-06-03,SMS,R59076064,0,8,6,4,5,4,6,Rien a signaler
SAT0007149,POST_MATCH,M037,2026-06-02,2026-06-03,EMAIL,R55498395,1,8,6,4,7,6,8,L'ambiance dans les tribunes vaut le deplacement
SAT0007151,POST_MATCH,M037,2026-06-02,2026-06-03,EMAIL,R56930286,1,8,6,5,5,6,7,
SAT0007155,POST_MATCH,M037,2026-06-02,2026-06-03,EMAIL,R51581191,0,5,9,5,6,7,7,Peu de choix a la restauration
SAT0007156,POST_MATCH,M037,2026-06-02,2026-06-03,SMS,R56135905,1,5,7,4,6,5,5,Prix des places trop eleve pour ce niveau de match
SAT0007157,POST_MATCH,M037,2026-06-02,2026-06-03,EMAIL,R55257965,1,7,8,3,6,6,8,
SAT0007160,POST_MATCH,M037,2026-06-02,2026-06-03,QR_SUR_PLACE,R58922469,1,5,5,5,8,7,7,
SAT0007161,POST_MATCH,M037,2026-06-02,2026-06-03,EMAIL,R52895051,1,6,7,3,6,6,6,
SAT0007162,POST_MATCH,M037,2026-06-02,2026-06-03,QR_SUR_PLACE,R59044255,1,6,7,7,7,6,7,
SAT0007163,POST_MATCH,M037,2026-06-02,2026-06-03,SMS,R59222638,1,6,6,3,5,5,5,
SAT0006770,POST_MATCH,M036,2026-05-30,2026-06-04,SMS,R52008385,1,8,5,6,7,8,7,
SAT0006791,POST_MATCH,M036,2026-05-30,2026-06-04,QR_SUR_PLACE,R53900170,1,9,8,8,8,9,7,
SAT0006878,POST_MATCH,M036,2026-05-30,2026-06-04,QR_SUR_PLACE,R53881636,1,9,8,8,6,7,7,Bon rapport qualite prix
SAT0006880,POST_MATCH,M036,2026-05-30,2026-06-04,EMAIL,R54785811,1,9,7,8,7,9,8,"Super ambiance, on reviendra"
SAT0006903,POST_MATCH,M036,2026-05-30,2026-06-04,QR_SUR_PLACE,R51821544,1,8,9,7,8,9,8,Match intense du debut a la fin
SAT0006920,POST_MATCH,M036,2026-05-30,2026-06-04,SMS,R52249361,0,9,10,8,8,6,10,
SAT0006924,POST_MATCH,M036,2026-05-30,2026-06-04,EMAIL,R52901727,0,9,8,8,7,6,7,
SAT0006952,POST_MATCH,M036,2026-05-30,2026-06-04,EMAIL,R59739052,0,7,10,10,7,8,9,
SAT0006966,POST_MATCH,M036,2026-05-30,2026-06-04,EMAIL,R55123852,1,8,8,8,7,8,9,"Super ambiance, on reviendra"
SAT0006976,POST_MATCH,M037,2026-06-02,2026-06-04,EMAIL,R55330232,1,7,7,1,6,5,7,
SAT0006980,POST_MATCH,M037,2026-06-02,2026-06-04,SMS,R51852137,1,6,6,3,6,7,7,
SAT0006983,POST_MATCH,M037,2026-06-02,2026-06-04,EMAIL,R54331722,1,8,9,5,5,7,9,
SAT0006994,POST_MATCH,M037,2026-06-02,2026-06-04,EMAIL,R55623380,1,7,5,5,6,6,6,
SAT0006996,POST_MATCH,M037,2026-06-02,2026-06-04,SMS,R56815665,1,7,6,4,6,6,7,
SAT0006998,POST_MATCH,M037,2026-06-02,2026-06-04,EMAIL,R59779520,1,7,7,5,5,5,8,
SAT0007000,POST_MATCH,M037,2026-06-02,2026-06-04,EMAIL,R51564161,1,7,6,5,5,6,6,
SAT0007004,POST_MATCH,M037,2026-06-02,2026-06-04,EMAIL,R54708851,1,8,7,4,6,5,6,Tres bonne organisation
SAT0007006,POST_MATCH,M037,2026-06-02,2026-06-04,EMAIL,R54992057,1,7,5,4,5,4,8,
SAT0007008,POST_MATCH,M037,2026-06-02,2026-06-04,EMAIL,R58139812,1,7,9,4,6,8,8,
SAT0007013,POST_MATCH,M037,2026-06-02,2026-06-04,QR_SUR_PLACE,R52003136,1,7,7,3,5,6,7,
SAT0007017,POST_MATCH,M037,2026-06-02,2026-06-04,EMAIL,R55762052,1,7,6,4,8,5,8,
SAT0007019,POST_MATCH,M037,2026-06-02,2026-06-04,EMAIL,R57375468,1,6,8,4,4,8,7,
SAT0007024,POST_MATCH,M037,2026-06-02,2026-06-04,SMS,R51821755,1,6,5,4,5,5,6,
SAT0007030,POST_MATCH,M037,2026-06-02,2026-06-04,EMAIL,R53733089,1,7,5,4,7,4,5,
SAT0007031,POST_MATCH,M037,2026-06-02,2026-06-04,EMAIL,R54620100,1,6,6,1,4,7,7,
SAT0007032,POST_MATCH,M037,2026-06-02,2026-06-04,EMAIL,R58084163,1,5,6,4,8,6,6,
SAT0007043,POST_MATCH,M037,2026-06-02,2026-06-04,EMAIL,R52046860,1,4,8,4,5,7,5,
SAT0007045,POST_MATCH,M037,2026-06-02,2026-06-04,QR_SUR_PLACE,R54308830,1,8,7,6,6,6,8,Bon rapport qualite prix
SAT0007046,POST_MATCH,M037,2026-06-02,2026-06-04,EMAIL,R54690729,1,4,6,3,4,6,5,Sonorisation trop forte
SAT0007055,POST_MATCH,M037,2026-06-02,2026-06-04,QR_SUR_PLACE,R53321967,1,6,7,7,5,7,7,
SAT0007059,POST_MATCH,M037,2026-06-02,2026-06-04,EMAIL,R55104571,1,4,6,5,6,5,5,Prix des places trop eleve pour ce niveau de match
SAT0007061,POST_MATCH,M037,2026-06-02,2026-06-04,SMS,R56755993,1,7,6,6,5,6,5,
SAT0007062,POST_MATCH,M037,2026-06-02,2026-06-04,SMS,R57741084,1,6,5,4,4,7,7,
SAT0007067,POST_MATCH,M037,2026-06-02,2026-06-04,SMS,R53844310,1,6,6,6,6,6,6,
SAT0007070,POST_MATCH,M037,2026-06-02,2026-06-04,SMS,R57167383,1,6,7,2,7,7,10,Correct dans l'ensemble
SAT0007074,POST_MATCH,M037,2026-06-02,2026-06-04,EMAIL,R58268331,1,7,6,5,6,5,5,
SAT0007077,POST_MATCH,M037,2026-06-02,2026-06-04,EMAIL,R59960211,1,6,6,5,5,6,6,
SAT0007084,POST_MATCH,M037,2026-06-02,2026-06-04,EMAIL,R55146389,1,7,7,5,5,7,8,
SAT0007085,POST_MATCH,M037,2026-06-02,2026-06-04,SMS,R55490282,1,8,7,3,6,3,6,
SAT0007089,POST_MATCH,M037,2026-06-02,2026-06-04,EMAIL,R56593069,1,8,8,4,6,6,8,Bon rapport qualite prix
SAT0007092,POST_MATCH,M037,2026-06-02,2026-06-04,EMAIL,R51218352,1,6,5,4,8,5,7,Sans plus
SAT0007095,POST_MATCH,M037,2026-06-02,2026-06-04,EMAIL,R55966037,1,7,7,5,6,6,7,
SAT0007101,POST_MATCH,M037,2026-06-02,2026-06-04,EMAIL,R54041897,1,6,8,3,4,8,9,
SAT0007103,POST_MATCH,M037,2026-06-02,2026-06-04,SMS,R56331596,1,6,7,6,4,5,7,
SAT0007104,POST_MATCH,M037,2026-06-02,2026-06-04,EMAIL,R57606703,0,6,9,6,5,5,8,
SAT0007110,POST_MATCH,M037,2026-06-02,2026-06-04,SMS,R57124674,1,8,7,5,7,6,7,
SAT0007111,POST_MATCH,M037,2026-06-02,2026-06-04,EMAIL,R56878670,1,6,6,7,6,4,7,
SAT0007112,POST_MATCH,M037,2026-06-02,2026-06-04,EMAIL,R53355270,1,7,7,4,6,7,8,
SAT0007113,POST_MATCH,M037,2026-06-02,2026-06-04,EMAIL,R58467020,0,7,6,3,4,5,7,
SAT0007116,POST_MATCH,M037,2026-06-02,2026-06-04,EMAIL,R51491013,1,5,8,5,7,6,6,
SAT0007118,POST_MATCH,M037,2026-06-02,2026-06-04,EMAIL,R55518892,1,5,7,4,5,6,7,Prix des places trop eleve pour ce niveau de match
SAT0007121,POST_MATCH,M037,2026-06-02,2026-06-04,SMS,R55603687,1,7,7,5,4,7,6,
SAT0007122,POST_MATCH,M037,2026-06-02,2026-06-04,EMAIL,R55023320,0,7,7,4,8,7,8,
SAT0007126,POST_MATCH,M037,2026-06-02,2026-06-04,EMAIL,R59221556,1,6,7,3,5,5,9,
SAT0007127,POST_MATCH,M037,2026-06-02,2026-06-04,EMAIL,R53978289,1,5,7,5,7,5,6,Trop d'attente aux buvettes
SAT0007128,POST_MATCH,M037,2026-06-02,2026-06-04,QR_SUR_PLACE,R51880881,1,6,6,4,6,8,7,
SAT0007130,POST_MATCH,M037,2026-06-02,2026-06-04,EMAIL,R58166372,1,3,9,5,6,6,6,
SAT0007131,POST_MATCH,M037,2026-06-02,2026-06-04,EMAIL,R51045084,1,6,6,3,6,6,6,
SAT0007134,POST_MATCH,M037,2026-06-02,2026-06-04,QR_SUR_PLACE,R53450965,1,5,7,4,7,6,5,
SAT0007135,POST_MATCH,M037,2026-06-02,2026-06-04,QR_SUR_PLACE,R59578523,1,6,7,6,6,7,6,
SAT0007136,POST_MATCH,M037,2026-06-02,2026-06-04,EMAIL,R51793902,0,6,6,3,5,5,7,
SAT0007137,POST_MATCH,M037,2026-06-02,2026-06-04,QR_SUR_PLACE,R53806917,1,5,6,5,7,7,8,Trop d'attente aux buvettes
SAT0007138,POST_MATCH,M037,2026-06-02,2026-06-04,EMAIL,R57968172,1,7,8,1,5,6,6,
SAT0007141,POST_MATCH,M037,2026-06-02,2026-06-04,EMAIL,R52821012,0,6,10,4,6,5,8,
SAT0007142,POST_MATCH,M037,2026-06-02,2026-06-04,SMS,R58495007,1,6,7,6,5,6,7,Sans plus
SAT0007147,POST_MATCH,M037,2026-06-02,2026-06-04,EMAIL,R51092687,1,6,7,5,7,6,7,
SAT0007148,POST_MATCH,M037,2026-06-02,2026-06-04,EMAIL,R55449958,1,5,6,4,6,6,4,
SAT0007150,POST_MATCH,M037,2026-06-02,2026-06-04,SMS,R55677592,1,4,5,4,6,6,6,
SAT0007153,POST_MATCH,M037,2026-06-02,2026-06-04,EMAIL,R55670169,1,6,5,6,7,5,7,
SAT0007154,POST_MATCH,M037,2026-06-02,2026-06-04,EMAIL,R54256045,1,6,5,5,5,6,6,
SAT0007158,POST_MATCH,M037,2026-06-02,2026-06-04,SMS,R59291016,1,6,8,4,3,5,7,
SAT0007159,POST_MATCH,M037,2026-06-02,2026-06-04,EMAIL,R55056958,1,6,7,4,4,5,4,
SAT0006984,POST_MATCH,M037,2026-06-02,2026-06-05,SMS,R54576309,1,7,5,5,5,4,7,Sans plus
SAT0006990,POST_MATCH,M037,2026-06-02,2026-06-05,EMAIL,R58541806,1,7,7,3,3,7,7,
SAT0006991,POST_MATCH,M037,2026-06-02,2026-06-05,EMAIL,R59144998,1,7,8,5,6,5,8,Sans plus
SAT0006999,POST_MATCH,M037,2026-06-02,2026-06-05,SMS,R59973841,1,6,7,4,6,6,6,
SAT0007015,POST_MATCH,M037,2026-06-02,2026-06-05,EMAIL,R53596323,1,6,7,4,5,4,5,
SAT0007018,POST_MATCH,M037,2026-06-02,2026-06-05,SMS,R57057321,1,6,6,5,5,5,6,
SAT0007022,POST_MATCH,M037,2026-06-02,2026-06-05,EMAIL,R59886929,1,4,5,3,5,5,5,Trop d'attente aux buvettes
SAT0007047,POST_MATCH,M037,2026-06-02,2026-06-05,SMS,R55482112,1,6,6,3,6,7,5,
SAT0007056,POST_MATCH,M037,2026-06-02,2026-06-05,EMAIL,R53821562,1,5,7,5,5,5,6,Difficile de trouver sa place
SAT0007060,POST_MATCH,M037,2026-06-02,2026-06-05,SMS,R56431716,1,5,7,6,8,5,5,
SAT0007069,POST_MATCH,M037,2026-06-02,2026-06-05,QR_SUR_PLACE,R54752776,1,6,7,5,5,7,9,
SAT0007071,POST_MATCH,M037,2026-06-02,2026-06-05,QR_SUR_PLACE,R57678625,1,7,5,5,6,5,5,
SAT0007082,POST_MATCH,M037,2026-06-02,2026-06-05,EMAIL,R53354590,1,4,9,3,5,6,6,
SAT0007087,POST_MATCH,M037,2026-06-02,2026-06-05,EMAIL,R56171938,1,5,8,2,6,7,6,Prix des places trop eleve pour ce niveau de match
SAT0007088,POST_MATCH,M037,2026-06-02,2026-06-05,QR_SUR_PLACE,R56442884,1,7,6,3,7,6,7,
SAT0007094,POST_MATCH,M037,2026-06-02,2026-06-05,QR_SUR_PLACE,R53594953,1,5,7,5,7,7,6,File d'attente interminable a l'entree
SAT0007102,POST_MATCH,M037,2026-06-02,2026-06-05,QR_SUR_PLACE,R57307961,1,5,8,4,5,6,7,Prix des places trop eleve pour ce niveau de match
SAT0007106,POST_MATCH,M037,2026-06-02,2026-06-05,SMS,R54434093,1,6,7,5,6,6,5,
SAT0007108,POST_MATCH,M037,2026-06-02,2026-06-05,EMAIL,R52899074,1,7,6,3,5,5,6,
SAT0007114,POST_MATCH,M037,2026-06-02,2026-06-05,EMAIL,R54604430,1,5,5,5,4,3,4,Sonorisation trop forte
SAT0007145,POST_MATCH,M037,2026-06-02,2026-06-05,EMAIL,R57359999,1,7,5,6,4,6,6,
SAT0007165,POST_MATCH,M038,2026-06-04,2026-06-05,EMAIL,R53405412,1,10,7,8,8,8,9,Bon rapport qualite prix
SAT0007168,POST_MATCH,M038,2026-06-04,2026-06-05,SMS,R54912166,1,10,8,7,7,8,9,
SAT0007169,POST_MATCH,M038,2026-06-04,2026-06-05,EMAIL,R55609147,1,10,9,8,9,9,9,
SAT0007172,POST_MATCH,M038,2026-06-04,2026-06-05,QR_SUR_PLACE,R59635331,1,9,10,6,6,9,10,"Super ambiance, on reviendra"
SAT0007173,POST_MATCH,M038,2026-06-04,2026-06-05,EMAIL,R59703987,1,9,8,9,7,7,9,
SAT0007174,POST_MATCH,M038,2026-06-04,2026-06-05,QR_SUR_PLACE,R59723603,1,8,10,4,6,8,9,"Super ambiance, on reviendra"
SAT0007175,POST_MATCH,M038,2026-06-04,2026-06-05,EMAIL,R59743832,1,9,10,5,7,10,10,
SAT0007179,POST_MATCH,M038,2026-06-04,2026-06-05,SMS,R53580184,1,9,9,7,7,10,9,
SAT0007180,POST_MATCH,M038,2026-06-04,2026-06-05,EMAIL,R54033804,1,9,8,6,8,9,9,L'ambiance dans les tribunes vaut le deplacement
SAT0007184,POST_MATCH,M038,2026-06-04,2026-06-05,EMAIL,R55880160,1,8,9,7,7,9,10,"Super ambiance, on reviendra"
SAT0007188,POST_MATCH,M038,2026-06-04,2026-06-05,EMAIL,R59040175,1,6,6,7,8,8,6,
SAT0007189,POST_MATCH,M038,2026-06-04,2026-06-05,EMAIL,R59238174,1,9,7,6,8,8,6,
SAT0007195,POST_MATCH,M038,2026-06-04,2026-06-05,SMS,R55402700,1,7,9,7,8,8,10,
SAT0007200,POST_MATCH,M038,2026-06-04,2026-06-05,QR_SUR_PLACE,R59873309,1,9,7,7,9,9,7,L'ambiance dans les tribunes vaut le deplacement
SAT0007202,POST_MATCH,M038,2026-06-04,2026-06-05,EMAIL,R51689213,1,9,9,7,7,9,10,Bon rapport qualite prix
SAT0007204,POST_MATCH,M038,2026-06-04,2026-06-05,SMS,R54785476,1,7,10,6,6,6,8,
SAT0007205,POST_MATCH,M038,2026-06-04,2026-06-05,SMS,R55899297,1,9,9,9,8,8,8,
SAT0007208,POST_MATCH,M038,2026-06-04,2026-06-05,EMAIL,R51671503,1,9,6,5,7,7,8,
SAT0007209,POST_MATCH,M038,2026-06-04,2026-06-05,EMAIL,R51804524,1,7,9,7,7,10,10,
SAT0007212,POST_MATCH,M038,2026-06-04,2026-06-05,EMAIL,R53669270,1,8,8,6,9,9,6,"Super ambiance, on reviendra"
SAT0007213,POST_MATCH,M038,2026-06-04,2026-06-05,EMAIL,R58158882,1,8,10,6,6,10,10,Bon rapport qualite prix
SAT0007214,POST_MATCH,M038,2026-06-04,2026-06-05,QR_SUR_PLACE,R58195049,1,7,8,9,7,7,8,
SAT0007215,POST_MATCH,M038,2026-06-04,2026-06-05,EMAIL,R59837276,1,7,9,8,8,10,9,
SAT0007217,POST_MATCH,M038,2026-06-04,2026-06-05,EMAIL,R51804591,1,8,7,8,7,8,8,Bon rapport qualite prix
SAT0007219,POST_MATCH,M038,2026-06-04,2026-06-05,EMAIL,R52557968,1,8,10,7,7,8,10,Tres bonne organisation
SAT0007222,POST_MATCH,M038,2026-06-04,2026-06-05,QR_SUR_PLACE,R54211229,1,10,9,7,5,10,10,
SAT0007224,POST_MATCH,M038,2026-06-04,2026-06-05,QR_SUR_PLACE,R55953988,1,9,7,7,6,10,10,Bon rapport qualite prix
SAT0007225,POST_MATCH,M038,2026-06-04,2026-06-05,EMAIL,R56997314,1,10,8,6,8,10,10,
SAT0007228,POST_MATCH,M038,2026-06-04,2026-06-05,EMAIL,R51512257,1,6,8,8,6,9,9,Sans plus
SAT0007238,POST_MATCH,M038,2026-06-04,2026-06-05,QR_SUR_PLACE,R56958216,1,7,7,6,7,10,8,
SAT0007239,POST_MATCH,M038,2026-06-04,2026-06-05,EMAIL,R57562634,1,9,9,7,6,7,10,"Super ambiance, on reviendra"
SAT0007240,POST_MATCH,M038,2026-06-04,2026-06-05,EMAIL,R58275553,1,8,9,5,7,8,9,Match intense du debut a la fin
SAT0007241,POST_MATCH,M038,2026-06-04,2026-06-05,EMAIL,R51697517,1,5,7,8,8,8,6,Trop d'attente aux buvettes
SAT0007245,POST_MATCH,M038,2026-06-04,2026-06-05,EMAIL,R53290091,1,8,9,5,8,10,10,Tres bonne organisation
SAT0007247,POST_MATCH,M038,2026-06-04,2026-06-05,EMAIL,R54467664,1,7,8,6,6,8,10,
SAT0007249,POST_MATCH,M038,2026-06-04,2026-06-05,SMS,R55007104,1,9,10,6,6,7,9,Bon rapport qualite prix
SAT0007251,POST_MATCH,M038,2026-06-04,2026-06-05,EMAIL,R55682630,1,10,8,6,6,10,8,Match intense du debut a la fin
SAT0007253,POST_MATCH,M038,2026-06-04,2026-06-05,EMAIL,R56177321,1,8,8,9,8,9,9,
SAT0007254,POST_MATCH,M038,2026-06-04,2026-06-05,EMAIL,R59128916,1,8,10,7,8,8,9,Tres bonne organisation
SAT0007255,POST_MATCH,M038,2026-06-04,2026-06-05,SMS,R59608282,1,7,8,6,8,9,8,
SAT0007256,POST_MATCH,M038,2026-06-04,2026-06-05,EMAIL,R52257866,1,8,6,7,5,10,7,
SAT0007257,POST_MATCH,M038,2026-06-04,2026-06-05,SMS,R53004500,1,10,9,5,7,7,8,
SAT0007258,POST_MATCH,M038,2026-06-04,2026-06-05,SMS,R53396820,1,5,8,6,6,9,9,File d'attente interminable a l'entree
SAT0007261,POST_MATCH,M038,2026-06-04,2026-06-05,EMAIL,R55015140,1,9,8,8,7,8,9,Correct dans l'ensemble
SAT0007262,POST_MATCH,M038,2026-06-04,2026-06-05,EMAIL,R55342482,1,9,10,6,6,7,9,
SAT0007264,POST_MATCH,M038,2026-06-04,2026-06-05,QR_SUR_PLACE,R56383969,1,6,9,7,6,9,7,
SAT0007265,POST_MATCH,M038,2026-06-04,2026-06-05,QR_SUR_PLACE,R56848623,1,8,9,6,8,8,9,"Super ambiance, on reviendra"
SAT0007267,POST_MATCH,M038,2026-06-04,2026-06-05,QR_SUR_PLACE,R57524762,1,7,8,6,7,8,7,
SAT0007268,POST_MATCH,M038,2026-06-04,2026-06-05,SMS,R59382152,1,9,9,6,9,8,9,
SAT0007270,POST_MATCH,M038,2026-06-04,2026-06-05,EMAIL,R52005990,1,10,8,5,6,8,8,Match intense du debut a la fin
SAT0007271,POST_MATCH,M038,2026-06-04,2026-06-05,QR_SUR_PLACE,R52105909,1,8,9,7,7,9,6,"Premiere fois ici, tres agreable surprise"
SAT0007272,POST_MATCH,M038,2026-06-04,2026-06-05,QR_SUR_PLACE,R52244447,1,9,9,8,7,10,10,
SAT0007274,POST_MATCH,M038,2026-06-04,2026-06-05,SMS,R53243024,1,7,8,7,7,8,7,Rien a signaler
SAT0007279,POST_MATCH,M038,2026-06-04,2026-06-05,EMAIL,R56610233,1,9,9,5,6,8,9,Tres bonne organisation
SAT0007292,POST_MATCH,M038,2026-06-04,2026-06-05,EMAIL,R57371033,1,9,8,6,7,9,10,
SAT0007297,POST_MATCH,M038,2026-06-04,2026-06-05,QR_SUR_PLACE,R51642002,1,10,9,7,7,8,10,Match intense du debut a la fin
SAT0007300,POST_MATCH,M038,2026-06-04,2026-06-05,EMAIL,R53422767,1,7,10,7,9,10,9,
SAT0007303,POST_MATCH,M038,2026-06-04,2026-06-05,EMAIL,R54081742,1,7,7,5,6,8,9,
SAT0007304,POST_MATCH,M038,2026-06-04,2026-06-05,EMAIL,R54489387,1,7,8,6,7,10,9,
SAT0007306,POST_MATCH,M038,2026-06-04,2026-06-05,EMAIL,R55045378,1,10,9,6,6,9,10,Tres bonne organisation
SAT0007307,POST_MATCH,M038,2026-06-04,2026-06-05,EMAIL,R55901126,1,7,8,8,6,8,7,
SAT0007308,POST_MATCH,M038,2026-06-04,2026-06-05,EMAIL,R55905417,1,8,8,5,6,10,9,
SAT0007312,POST_MATCH,M038,2026-06-04,2026-06-05,EMAIL,R57504121,1,8,9,5,6,10,8,Bon rapport qualite prix
SAT0007314,POST_MATCH,M038,2026-06-04,2026-06-05,EMAIL,R58519661,0,7,10,7,8,8,9,
SAT0007315,POST_MATCH,M038,2026-06-04,2026-06-05,EMAIL,R52468336,1,9,10,8,5,9,10,
SAT0007316,POST_MATCH,M038,2026-06-04,2026-06-05,EMAIL,R52800716,1,8,9,5,7,8,7,
SAT0007317,POST_MATCH,M038,2026-06-04,2026-06-05,EMAIL,R53533318,1,8,8,7,4,10,9,
SAT0007319,POST_MATCH,M038,2026-06-04,2026-06-05,EMAIL,R57892016,1,8,8,5,6,10,10,
SAT0007320,POST_MATCH,M038,2026-06-04,2026-06-05,QR_SUR_PLACE,R53482707,1,7,8,6,8,10,9,
SAT0007321,POST_MATCH,M038,2026-06-04,2026-06-05,EMAIL,R55455351,1,9,8,6,7,9,9,Bon rapport qualite prix
SAT0007323,POST_MATCH,M038,2026-06-04,2026-06-05,EMAIL,R57533478,0,10,7,7,8,8,9,
SAT0007324,POST_MATCH,M038,2026-06-04,2026-06-05,SMS,R51621036,1,10,8,6,7,9,10,
SAT0007325,POST_MATCH,M038,2026-06-04,2026-06-05,EMAIL,R51768223,1,9,9,7,4,10,10,
SAT0007329,POST_MATCH,M038,2026-06-04,2026-06-05,EMAIL,R58918868,1,8,10,7,7,9,9,L'ambiance dans les tribunes vaut le deplacement
SAT0007334,POST_MATCH,M038,2026-06-04,2026-06-05,EMAIL,R52207667,1,8,9,9,7,9,10,
SAT0007337,POST_MATCH,M038,2026-06-04,2026-06-05,EMAIL,R51517228,1,8,6,7,7,9,7,
SAT0007338,POST_MATCH,M038,2026-06-04,2026-06-05,EMAIL,R56535313,1,8,7,7,6,9,10,
SAT0007342,POST_MATCH,M038,2026-06-04,2026-06-05,EMAIL,R55910532,1,5,7,7,7,8,7,
SAT0007344,POST_MATCH,M038,2026-06-04,2026-06-05,SMS,R57798294,1,9,10,7,7,10,10,
SAT0007345,POST_MATCH,M038,2026-06-04,2026-06-05,SMS,R58733330,1,6,9,8,8,8,9,
SAT0007350,POST_MATCH,M038,2026-06-04,2026-06-05,QR_SUR_PLACE,R52583570,1,8,8,9,8,7,6,
SAT0007353,POST_MATCH,M038,2026-06-04,2026-06-05,EMAIL,R52658778,1,7,10,8,7,9,10,
SAT0007359,POST_MATCH,M038,2026-06-04,2026-06-05,EMAIL,R53003284,1,7,9,7,6,10,10,
SAT0007361,POST_MATCH,M038,2026-06-04,2026-06-05,QR_SUR_PLACE,R56637828,1,6,8,5,7,10,8,
SAT0007364,POST_MATCH,M038,2026-06-04,2026-06-05,EMAIL,R51382033,1,6,10,7,5,9,8,
SAT0007369,POST_MATCH,M038,2026-06-04,2026-06-05,QR_SUR_PLACE,R56148031,1,10,8,8,7,9,10,
SAT0007372,POST_MATCH,M038,2026-06-04,2026-06-05,QR_SUR_PLACE,R55499343,0,7,7,6,7,7,6,
SAT0007373,POST_MATCH,M038,2026-06-04,2026-06-05,EMAIL,R56335274,1,9,8,5,8,10,9,Bon rapport qualite prix
SAT0008635,GENERALE_FIN_SAISON,,,2026-06-05,EMAIL,R54637944,,6,5,10,8,8,6,
SAT0008638,GENERALE_FIN_SAISON,,,2026-06-05,EMAIL,R58315676,,7,7,4,6,7,7,
SAT0008651,GENERALE_FIN_SAISON,,,2026-06-05,EMAIL,R52048421,,6,7,4,6,7,6,
SAT0008690,GENERALE_FIN_SAISON,,,2026-06-05,EMAIL,R51746768,,6,6,7,8,5,6,
SAT0008703,GENERALE_FIN_SAISON,,,2026-06-05,EMAIL,R52307720,,8,8,7,5,7,8,
SAT0008704,GENERALE_FIN_SAISON,,,2026-06-05,EMAIL,R58911100,,8,8,6,6,4,9,L'ambiance dans les tribunes vaut le deplacement
SAT0008713,GENERALE_FIN_SAISON,,,2026-06-05,EMAIL,R59202687,,6,6,7,9,7,6,
SAT0008723,GENERALE_FIN_SAISON,,,2026-06-05,EMAIL,R54669341,,7,7,8,6,7,7,
SAT0008730,GENERALE_FIN_SAISON,,,2026-06-05,EMAIL,R57916057,,6,7,6,8,7,7,
SAT0008750,GENERALE_FIN_SAISON,,,2026-06-05,EMAIL,R58392167,,5,8,7,6,4,6,
SAT0008759,GENERALE_FIN_SAISON,,,2026-06-05,EMAIL,R56221601,,8,7,6,8,7,8,Match intense du debut a la fin
SAT0008783,GENERALE_FIN_SAISON,,,2026-06-05,EMAIL,R59581923,,8,8,6,6,7,7,
SAT0008784,GENERALE_FIN_SAISON,,,2026-06-05,EMAIL,R56028975,,5,6,5,7,9,7,
SAT0008812,GENERALE_FIN_SAISON,,,2026-06-05,EMAIL,R59572661,,9,6,4,7,6,10,
SAT0008814,GENERALE_FIN_SAISON,,,2026-06-05,EMAIL,R53174234,,7,7,7,7,6,7,
SAT0008828,GENERALE_FIN_SAISON,,,2026-06-05,EMAIL,R57741151,,6,7,7,9,6,7,
SAT0008836,GENERALE_FIN_SAISON,,,2026-06-05,EMAIL,R56106079,,7,9,4,8,7,7,
SAT0008839,GENERALE_FIN_SAISON,,,2026-06-05,EMAIL,R55456232,,6,9,9,6,8,6,
SAT0008844,GENERALE_FIN_SAISON,,,2026-06-05,EMAIL,R53947706,,8,8,6,8,6,9,
SAT0008853,GENERALE_FIN_SAISON,,,2026-06-05,EMAIL,R59463212,,5,7,7,9,8,6,
SAT0008856,GENERALE_FIN_SAISON,,,2026-06-05,EMAIL,R53622136,,8,7,5,7,6,7,L'ambiance dans les tribunes vaut le deplacement
SAT0008859,GENERALE_FIN_SAISON,,,2026-06-05,EMAIL,R51378412,,7,8,7,5,6,8,
SAT0008861,GENERALE_FIN_SAISON,,,2026-06-05,EMAIL,R55227439,,7,8,7,7,8,6,
SAT0008863,GENERALE_FIN_SAISON,,,2026-06-05,EMAIL,R58947056,,7,8,7,7,7,9,
SAT0008882,GENERALE_FIN_SAISON,,,2026-06-05,EMAIL,R55277303,,10,10,6,5,7,10,
SAT0008884,GENERALE_FIN_SAISON,,,2026-06-05,EMAIL,R53087332,,8,6,5,7,7,7,Match intense du debut a la fin
SAT0008892,GENERALE_FIN_SAISON,,,2026-06-05,EMAIL,R52918134,,8,5,7,8,5,9,
SAT0008903,GENERALE_FIN_SAISON,,,2026-06-05,EMAIL,R58052220,,6,6,6,6,7,5,
SAT0008918,GENERALE_FIN_SAISON,,,2026-06-05,EMAIL,R57174816,,7,8,6,6,7,6,
SAT0008929,GENERALE_FIN_SAISON,,,2026-06-05,EMAIL,R58426562,,6,5,6,6,6,7,
SAT0008941,GENERALE_FIN_SAISON,,,2026-06-05,EMAIL,R56796652,,7,7,6,8,7,6,
SAT0008962,GENERALE_FIN_SAISON,,,2026-06-05,EMAIL,R52593934,,8,8,7,7,6,8,
SAT0008963,GENERALE_FIN_SAISON,,,2026-06-05,EMAIL,R56285075,,6,5,6,7,8,5,
SAT0008979,GENERALE_FIN_SAISON,,,2026-06-05,EMAIL,R56925114,,7,8,5,7,7,7,
SAT0008996,GENERALE_FIN_SAISON,,,2026-06-05,EMAIL,R57800200,,6,9,6,7,9,5,
SAT0009039,GENERALE_FIN_SAISON,,,2026-06-05,EMAIL,R54081752,,7,8,6,5,8,8,
SAT0009050,GENERALE_FIN_SAISON,,,2026-06-05,EMAIL,R52940269,,8,7,8,6,7,8,
SAT0009070,GENERALE_FIN_SAISON,,,2026-06-05,EMAIL,R54627111,,9,7,4,7,6,9,
SAT0009083,GENERALE_FIN_SAISON,,,2026-06-05,EMAIL,R53810940,,6,6,3,6,7,5,
SAT0009088,GENERALE_FIN_SAISON,,,2026-06-05,EMAIL,R52732194,,8,6,5,8,7,8,Bon rapport qualite prix
SAT0009091,GENERALE_FIN_SAISON,,,2026-06-05,EMAIL,R55844529,,5,8,7,9,7,4,
SAT0009111,GENERALE_FIN_SAISON,,,2026-06-05,EMAIL,R55052198,,7,8,6,7,6,5,
SAT0009114,GENERALE_FIN_SAISON,,,2026-06-05,EMAIL,R57007400,,7,8,7,5,7,8,
SAT0009119,GENERALE_FIN_SAISON,,,2026-06-05,EMAIL,R58366344,,6,8,6,6,6,6,
SAT0009131,GENERALE_FIN_SAISON,,,2026-06-05,EMAIL,R54344250,,7,8,6,9,6,7,
SAT0009132,GENERALE_FIN_SAISON,,,2026-06-05,EMAIL,R56261034,,8,9,6,5,5,8,
SAT0009148,GENERALE_FIN_SAISON,,,2026-06-05,EMAIL,R56996634,,8,8,6,7,7,8,
SAT0009165,GENERALE_FIN_SAISON,,,2026-06-05,EMAIL,R54956503,,7,5,5,7,8,7,
SAT0009203,GENERALE_FIN_SAISON,,,2026-06-05,EMAIL,R58527831,,7,6,5,6,9,7,
SAT0009219,GENERALE_FIN_SAISON,,,2026-06-05,EMAIL,R55387988,,7,9,5,7,6,9,
SAT0009231,GENERALE_FIN_SAISON,,,2026-06-05,EMAIL,R52622065,,6,9,7,6,5,8,
SAT0009243,GENERALE_FIN_SAISON,,,2026-06-05,EMAIL,R51720275,,6,6,5,7,9,4,
SAT0009244,GENERALE_FIN_SAISON,,,2026-06-05,EMAIL,R51092074,,9,7,6,8,7,9,
SAT0009250,GENERALE_FIN_SAISON,,,2026-06-05,EMAIL,R54695633,,6,7,6,6,6,6,
SAT0006790,POST_MATCH,M036,2026-05-30,2026-06-06,EMAIL,R53558116,1,7,10,7,7,10,8,
SAT0006843,POST_MATCH,M036,2026-05-30,2026-06-06,EMAIL,R59996656,1,9,7,7,5,7,9,L'ambiance dans les tribunes vaut le deplacement
SAT0006852,POST_MATCH,M036,2026-05-30,2026-06-06,SMS,R52260730,1,7,7,6,7,9,6,
SAT0006906,POST_MATCH,M036,2026-05-30,2026-06-06,EMAIL,R53165853,1,9,9,7,7,9,9,"Premiere fois ici, tres agreable surprise"
SAT0006922,POST_MATCH,M036,2026-05-30,2026-06-06,SMS,R51482220,1,8,9,8,8,9,10,"Premiere fois ici, tres agreable surprise"
SAT0006973,POST_MATCH,M036,2026-05-30,2026-06-06,EMAIL,R55909919,1,8,8,6,8,7,7,
SAT0006986,POST_MATCH,M037,2026-06-02,2026-06-06,QR_SUR_PLACE,R57516870,1,7,9,4,7,5,7,
SAT0007010,POST_MATCH,M037,2026-06-02,2026-06-06,EMAIL,R51033983,1,7,7,3,5,7,9,
SAT0007011,POST_MATCH,M037,2026-06-02,2026-06-06,QR_SUR_PLACE,R51718704,1,5,7,5,6,7,7,Trop d'attente aux buvettes
SAT0007014,POST_MATCH,M037,2026-06-02,2026-06-06,EMAIL,R52766934,1,8,9,4,4,6,8,
SAT0007021,POST_MATCH,M037,2026-06-02,2026-06-06,EMAIL,R58191984,1,8,7,2,5,6,7,
SAT0007029,POST_MATCH,M037,2026-06-02,2026-06-06,SMS,R53494019,1,6,7,3,6,6,8,Rien a signaler
SAT0007044,POST_MATCH,M037,2026-06-02,2026-06-06,SMS,R54097958,1,6,5,7,6,7,6,
SAT0007049,POST_MATCH,M037,2026-06-02,2026-06-06,QR_SUR_PLACE,R56811709,1,6,8,4,6,6,5,
SAT0007068,POST_MATCH,M037,2026-06-02,2026-06-06,EMAIL,R53846762,1,7,6,6,6,5,6,
SAT0007079,POST_MATCH,M037,2026-06-02,2026-06-06,SMS,R52149432,1,7,8,5,6,7,7,
SAT0007081,POST_MATCH,M037,2026-06-02,2026-06-06,SMS,R53288386,1,8,7,4,5,7,8,Rien a signaler
SAT0007093,POST_MATCH,M037,2026-06-02,2026-06-06,SMS,R52580438,1,6,6,3,7,8,7,Rien a signaler
SAT0007099,POST_MATCH,M037,2026-06-02,2026-06-06,EMAIL,R53297102,1,6,8,4,6,6,8,
SAT0007139,POST_MATCH,M037,2026-06-02,2026-06-06,EMAIL,R53790232,1,6,5,4,8,6,7,
SAT0007152,POST_MATCH,M037,2026-06-02,2026-06-06,EMAIL,R58926837,1,7,6,5,5,6,7,
SAT0007164,POST_MATCH,M038,2026-06-04,2026-06-06,EMAIL,R52440550,1,9,7,6,7,8,8,Tres bonne organisation
SAT0007183,POST_MATCH,M038,2026-06-04,2026-06-06,QR_SUR_PLACE,R55446769,1,7,8,5,7,9,8,
SAT0007187,POST_MATCH,M038,2026-06-04,2026-06-06,EMAIL,R58901637,1,9,8,9,8,10,9,
SAT0007191,POST_MATCH,M038,2026-06-04,2026-06-06,EMAIL,R51147867,1,9,10,7,8,8,10,"Super ambiance, on reviendra"
SAT0007196,POST_MATCH,M038,2026-06-04,2026-06-06,EMAIL,R55540625,1,8,9,7,7,7,8,
SAT0007201,POST_MATCH,M038,2026-06-04,2026-06-06,EMAIL,R51028399,1,8,10,7,5,9,9,Rien a signaler
SAT0007203,POST_MATCH,M038,2026-06-04,2026-06-06,QR_SUR_PLACE,R51854110,1,7,6,7,8,9,9,
SAT0007206,POST_MATCH,M038,2026-06-04,2026-06-06,SMS,R56826153,1,8,9,8,8,10,7,
SAT0007207,POST_MATCH,M038,2026-06-04,2026-06-06,EMAIL,R58676187,1,9,10,8,7,10,10,
SAT0007210,POST_MATCH,M038,2026-06-04,2026-06-06,EMAIL,R52297989,1,7,10,5,6,10,10,Rien a signaler
SAT0007211,POST_MATCH,M038,2026-06-04,2026-06-06,SMS,R52937961,1,9,9,6,7,10,10,Tres bonne organisation
SAT0007216,POST_MATCH,M038,2026-06-04,2026-06-06,EMAIL,R51636629,1,7,9,7,8,10,8,Correct dans l'ensemble
SAT0007220,POST_MATCH,M038,2026-06-04,2026-06-06,SMS,R53239624,1,8,8,6,7,9,9,"Super ambiance, on reviendra"
SAT0007223,POST_MATCH,M038,2026-06-04,2026-06-06,EMAIL,R55550021,1,7,9,5,5,10,6,
SAT0007227,POST_MATCH,M038,2026-06-04,2026-06-06,SMS,R51249893,1,7,7,7,9,9,8,
SAT0007229,POST_MATCH,M038,2026-06-04,2026-06-06,EMAIL,R54175742,1,8,8,10,7,9,8,"Premiere fois ici, tres agreable surprise"
SAT0007231,POST_MATCH,M038,2026-06-04,2026-06-06,EMAIL,R56517402,1,8,7,6,5,10,9,
SAT0007232,POST_MATCH,M038,2026-06-04,2026-06-06,EMAIL,R59319425,1,10,7,8,7,9,8,
SAT0007233,POST_MATCH,M038,2026-06-04,2026-06-06,SMS,R51414857,1,8,9,6,9,10,10,L'ambiance dans les tribunes vaut le deplacement
SAT0007235,POST_MATCH,M038,2026-06-04,2026-06-06,SMS,R53337225,1,8,7,7,7,10,9,
SAT0007242,POST_MATCH,M038,2026-06-04,2026-06-06,QR_SUR_PLACE,R51853832,1,9,8,9,8,9,10,
SAT0007246,POST_MATCH,M038,2026-06-04,2026-06-06,EMAIL,R54167907,1,9,9,7,10,7,8,L'ambiance dans les tribunes vaut le deplacement
SAT0007250,POST_MATCH,M038,2026-06-04,2026-06-06,SMS,R55284793,1,10,7,8,6,9,10,Tres bonne organisation
SAT0007259,POST_MATCH,M038,2026-06-04,2026-06-06,EMAIL,R53773202,1,6,10,7,7,9,6,Correct dans l'ensemble
SAT0007263,POST_MATCH,M038,2026-06-04,2026-06-06,QR_SUR_PLACE,R55834721,1,8,8,8,6,10,10,
SAT0007266,POST_MATCH,M038,2026-06-04,2026-06-06,SMS,R56882951,1,7,6,6,8,8,8,Sans plus
SAT0007275,POST_MATCH,M038,2026-06-04,2026-06-06,EMAIL,R53773269,1,8,8,5,7,7,9,
SAT0007277,POST_MATCH,M038,2026-06-04,2026-06-06,EMAIL,R56081214,1,9,9,8,8,8,8,Correct dans l'ensemble
SAT0007278,POST_MATCH,M038,2026-06-04,2026-06-06,EMAIL,R56212396,1,9,8,7,7,8,9,Tres bonne organisation
SAT0007281,POST_MATCH,M038,2026-06-04,2026-06-06,SMS,R58479270,1,9,7,8,6,9,9,
SAT0007283,POST_MATCH,M038,2026-06-04,2026-06-06,EMAIL,R59611481,1,8,8,5,9,10,10,Tres bonne organisation
SAT0007286,POST_MATCH,M038,2026-06-04,2026-06-06,EMAIL,R53655027,1,9,10,8,7,10,10,
SAT0007288,POST_MATCH,M038,2026-06-04,2026-06-06,EMAIL,R55242084,1,8,10,7,7,10,10,
SAT0007289,POST_MATCH,M038,2026-06-04,2026-06-06,EMAIL,R55277025,1,7,8,6,9,10,10,
SAT0007290,POST_MATCH,M038,2026-06-04,2026-06-06,QR_SUR_PLACE,R56607848,1,9,7,9,6,9,9,L'ambiance dans les tribunes vaut le deplacement
SAT0007293,POST_MATCH,M038,2026-06-04,2026-06-06,EMAIL,R57641366,1,8,8,7,7,10,6,
SAT0007296,POST_MATCH,M038,2026-06-04,2026-06-06,EMAIL,R51385155,1,8,7,8,7,9,8,
SAT0007298,POST_MATCH,M038,2026-06-04,2026-06-06,QR_SUR_PLACE,R52307720,1,7,10,7,5,10,10,
SAT0007301,POST_MATCH,M038,2026-06-04,2026-06-06,EMAIL,R53826121,1,9,8,6,8,9,8,
SAT0007309,POST_MATCH,M038,2026-06-04,2026-06-06,SMS,R56066636,1,8,7,5,7,9,8,
SAT0007318,POST_MATCH,M038,2026-06-04,2026-06-06,QR_SUR_PLACE,R52337556,1,7,9,8,8,9,8,
SAT0007322,POST_MATCH,M038,2026-06-04,2026-06-06,EMAIL,R52007906,0,9,10,7,6,7,10,
SAT0007335,POST_MATCH,M038,2026-06-04,2026-06-06,QR_SUR_PLACE,R53102312,1,7,9,6,7,9,8,
SAT0007339,POST_MATCH,M038,2026-06-04,2026-06-06,SMS,R56185434,1,8,7,8,8,9,7,
SAT0007340,POST_MATCH,M038,2026-06-04,2026-06-06,QR_SUR_PLACE,R56155521,0,6,10,5,8,9,7,
SAT0007346,POST_MATCH,M038,2026-06-04,2026-06-06,EMAIL,R53203457,1,9,6,6,8,8,8,
SAT0007349,POST_MATCH,M038,2026-06-04,2026-06-06,EMAIL,R58498896,1,7,9,6,6,8,8,
SAT0007351,POST_MATCH,M038,2026-06-04,2026-06-06,EMAIL,R52477531,0,8,8,5,7,8,8,
SAT0007352,POST_MATCH,M038,2026-06-04,2026-06-06,EMAIL,R59040175,1,8,9,6,8,9,9,Sans plus
SAT0007365,POST_MATCH,M038,2026-06-04,2026-06-06,EMAIL,R53599723,0,10,10,7,7,8,10,
SAT0007366,POST_MATCH,M038,2026-06-04,2026-06-06,EMAIL,R59241162,1,6,7,7,8,9,10,
SAT0007367,POST_MATCH,M038,2026-06-04,2026-06-06,EMAIL,R59414651,1,8,8,6,7,7,9,Bon rapport qualite prix
SAT0007370,POST_MATCH,M038,2026-06-04,2026-06-06,EMAIL,R59293468,1,10,8,7,6,9,9,
SAT0007371,POST_MATCH,M038,2026-06-04,2026-06-06,EMAIL,R57156895,1,10,9,7,7,8,9,Match intense du debut a la fin
SAT0008627,GENERALE_FIN_SAISON,,,2026-06-06,EMAIL,R59189747,,7,9,5,8,5,7,
SAT0008640,GENERALE_FIN_SAISON,,,2026-06-06,EMAIL,R57018491,,8,7,6,7,8,8,
SAT0008657,GENERALE_FIN_SAISON,,,2026-06-06,EMAIL,R52894974,,7,9,5,6,7,5,
SAT0008663,GENERALE_FIN_SAISON,,,2026-06-06,EMAIL,R56103493,,8,6,7,7,5,8,
SAT0008709,GENERALE_FIN_SAISON,,,2026-06-06,EMAIL,R57526802,,5,8,6,6,6,8,
SAT0008726,GENERALE_FIN_SAISON,,,2026-06-06,EMAIL,R52109731,,8,9,5,6,3,6,
SAT0008731,GENERALE_FIN_SAISON,,,2026-06-06,EMAIL,R56863134,,8,7,5,6,5,8,
SAT0008743,GENERALE_FIN_SAISON,,,2026-06-06,EMAIL,R54190799,,6,9,8,6,8,7,
SAT0008767,GENERALE_FIN_SAISON,,,2026-06-06,EMAIL,R51373518,,7,8,6,7,7,7,
SAT0008780,GENERALE_FIN_SAISON,,,2026-06-06,EMAIL,R59628444,,6,9,3,8,7,5,
SAT0008788,GENERALE_FIN_SAISON,,,2026-06-06,EMAIL,R52121368,,8,8,6,9,5,7,Match intense du debut a la fin
SAT0008791,GENERALE_FIN_SAISON,,,2026-06-06,EMAIL,R55723768,,7,8,8,7,6,6,
SAT0008796,GENERALE_FIN_SAISON,,,2026-06-06,EMAIL,R53995587,,6,7,5,7,7,6,
SAT0008816,GENERALE_FIN_SAISON,,,2026-06-06,EMAIL,R54839286,,7,8,7,6,8,9,
SAT0008837,GENERALE_FIN_SAISON,,,2026-06-06,EMAIL,R58216638,,8,7,6,8,6,8,
SAT0008840,GENERALE_FIN_SAISON,,,2026-06-06,EMAIL,R54853998,,7,8,6,7,5,6,
SAT0008851,GENERALE_FIN_SAISON,,,2026-06-06,EMAIL,R54958275,,6,8,6,7,6,7,
SAT0008852,GENERALE_FIN_SAISON,,,2026-06-06,EMAIL,R58242317,,5,4,6,8,6,6,
SAT0008890,GENERALE_FIN_SAISON,,,2026-06-06,EMAIL,R58766365,,7,6,6,7,5,8,
SAT0008894,GENERALE_FIN_SAISON,,,2026-06-06,EMAIL,R53189636,,7,5,7,7,8,5,
SAT0008912,GENERALE_FIN_SAISON,,,2026-06-06,EMAIL,R57546083,,7,8,6,4,6,8,
SAT0008931,GENERALE_FIN_SAISON,,,2026-06-06,EMAIL,R54188883,,8,8,4,7,6,5,"Premiere fois ici, tres agreable surprise"
SAT0008940,GENERALE_FIN_SAISON,,,2026-06-06,EMAIL,R53172462,,7,4,9,7,8,6,
SAT0008947,GENERALE_FIN_SAISON,,,2026-06-06,EMAIL,R55502887,,8,7,6,6,7,8,
SAT0008974,GENERALE_FIN_SAISON,,,2026-06-06,EMAIL,R57708394,,7,6,6,7,8,7,
SAT0008978,GENERALE_FIN_SAISON,,,2026-06-06,EMAIL,R59942367,,7,8,7,6,7,8,
SAT0008982,GENERALE_FIN_SAISON,,,2026-06-06,EMAIL,R51707191,,6,7,6,7,7,4,
SAT0009020,GENERALE_FIN_SAISON,,,2026-06-06,EMAIL,R55408418,,6,7,5,6,5,5,
SAT0009026,GENERALE_FIN_SAISON,,,2026-06-06,EMAIL,R59012791,,8,8,5,8,6,8,"Super ambiance, on reviendra"
SAT0009031,GENERALE_FIN_SAISON,,,2026-06-06,EMAIL,R58065026,,7,8,6,7,6,8,
SAT0009043,GENERALE_FIN_SAISON,,,2026-06-06,EMAIL,R59622726,,7,7,6,8,7,7,
SAT0009055,GENERALE_FIN_SAISON,,,2026-06-06,EMAIL,R51739000,,5,6,8,5,5,6,
SAT0009068,GENERALE_FIN_SAISON,,,2026-06-06,EMAIL,R54606882,,5,7,6,4,7,4,
SAT0009093,GENERALE_FIN_SAISON,,,2026-06-06,EMAIL,R59500672,,7,7,6,9,5,8,
SAT0009098,GENERALE_FIN_SAISON,,,2026-06-06,EMAIL,R56023937,,6,8,7,8,7,5,
SAT0009101,GENERALE_FIN_SAISON,,,2026-06-06,EMAIL,R54232751,,5,7,6,8,6,5,
SAT0009107,GENERALE_FIN_SAISON,,,2026-06-06,EMAIL,R52298257,,6,7,7,9,6,4,
SAT0009122,GENERALE_FIN_SAISON,,,2026-06-06,EMAIL,R54180435,,8,8,4,7,8,8,
SAT0009125,GENERALE_FIN_SAISON,,,2026-06-06,EMAIL,R51364658,,7,5,6,5,6,8,
SAT0009154,GENERALE_FIN_SAISON,,,2026-06-06,EMAIL,R51080226,,8,6,7,7,6,7,L'ambiance dans les tribunes vaut le deplacement
SAT0009169,GENERALE_FIN_SAISON,,,2026-06-06,EMAIL,R51519402,,9,8,4,6,4,10,Tres bonne organisation
SAT0009186,GENERALE_FIN_SAISON,,,2026-06-06,EMAIL,R59268891,,7,6,6,7,7,9,
SAT0009233,GENERALE_FIN_SAISON,,,2026-06-06,EMAIL,R58228084,,7,7,7,7,7,8,
SAT0009248,GENERALE_FIN_SAISON,,,2026-06-06,EMAIL,R57472724,,6,7,5,7,6,6,
SAT0006997,POST_MATCH,M037,2026-06-02,2026-06-07,SMS,R58693284,1,7,8,4,4,8,8,
SAT0007036,POST_MATCH,M037,2026-06-02,2026-06-07,EMAIL,R52255826,1,7,6,3,4,5,5,
SAT0007042,POST_MATCH,M037,2026-06-02,2026-06-07,EMAIL,R51698676,1,5,7,4,6,6,6,
SAT0007048,POST_MATCH,M037,2026-06-02,2026-06-07,EMAIL,R56723437,1,7,8,4,4,5,8,
SAT0007053,POST_MATCH,M037,2026-06-02,2026-06-07,EMAIL,R59665837,1,8,6,1,5,6,7,Correct dans l'ensemble
SAT0007098,POST_MATCH,M037,2026-06-02,2026-06-07,EMAIL,R51810577,1,7,8,3,5,5,7,
SAT0007125,POST_MATCH,M037,2026-06-02,2026-06-07,EMAIL,R58848229,0,7,8,5,8,5,7,Correct dans l'ensemble
SAT0007167,POST_MATCH,M038,2026-06-04,2026-06-07,EMAIL,R53840642,1,10,10,8,8,8,10,
SAT0007170,POST_MATCH,M038,2026-06-04,2026-06-07,QR_SUR_PLACE,R56776912,1,8,9,7,5,9,8,
SAT0007171,POST_MATCH,M038,2026-06-04,2026-06-07,EMAIL,R58215010,1,8,10,8,6,9,10,
SAT0007176,POST_MATCH,M038,2026-06-04,2026-06-07,QR_SUR_PLACE,R59981676,1,8,8,7,7,10,8,"Premiere fois ici, tres agreable surprise"
SAT0007177,POST_MATCH,M038,2026-06-04,2026-06-07,EMAIL,R51367254,1,9,8,10,7,8,9,
SAT0007178,POST_MATCH,M038,2026-06-04,2026-06-07,QR_SUR_PLACE,R52330277,1,10,10,5,8,10,10,
SAT0007182,POST_MATCH,M038,2026-06-04,2026-06-07,EMAIL,R55136591,1,8,8,6,9,10,8,
SAT0007185,POST_MATCH,M038,2026-06-04,2026-06-07,EMAIL,R56539135,1,10,7,6,8,8,7,
SAT0007193,POST_MATCH,M038,2026-06-04,2026-06-07,EMAIL,R52114568,1,9,9,5,8,10,10,
SAT0007194,POST_MATCH,M038,2026-06-04,2026-06-07,EMAIL,R54234935,1,9,10,6,8,9,8,Bon rapport qualite prix
SAT0007236,POST_MATCH,M038,2026-06-04,2026-06-07,EMAIL,R55700340,1,9,6,5,8,10,9,L'ambiance dans les tribunes vaut le deplacement
SAT0007237,POST_MATCH,M038,2026-06-04,2026-06-07,EMAIL,R56816000,1,9,8,9,7,10,8,
SAT0007243,POST_MATCH,M038,2026-06-04,2026-06-07,QR_SUR_PLACE,R52381625,1,9,8,7,8,7,8,"Super ambiance, on reviendra"
SAT0007252,POST_MATCH,M038,2026-06-04,2026-06-07,EMAIL,R56044913,1,9,8,6,7,10,7,
SAT0007276,POST_MATCH,M038,2026-06-04,2026-06-07,EMAIL,R55440016,1,8,9,8,8,9,9,
SAT0007282,POST_MATCH,M038,2026-06-04,2026-06-07,EMAIL,R58839714,1,9,10,5,6,10,9,
SAT0007285,POST_MATCH,M038,2026-06-04,2026-06-07,EMAIL,R53600470,1,7,8,7,7,8,9,
SAT0007294,POST_MATCH,M038,2026-06-04,2026-06-07,EMAIL,R57852238,1,8,9,6,6,10,10,
SAT0007295,POST_MATCH,M038,2026-06-04,2026-06-07,EMAIL,R57867563,1,9,8,7,7,10,8,
SAT0007299,POST_MATCH,M038,2026-06-04,2026-06-07,EMAIL,R52860646,1,7,7,8,6,8,8,
SAT0007302,POST_MATCH,M038,2026-06-04,2026-06-07,QR_SUR_PLACE,R53957303,1,9,10,6,7,6,10,L'ambiance dans les tribunes vaut le deplacement
SAT0007313,POST_MATCH,M038,2026-06-04,2026-06-07,EMAIL,R58838622,1,7,10,8,8,8,8,
SAT0007326,POST_MATCH,M038,2026-06-04,2026-06-07,QR_SUR_PLACE,R55368161,1,10,10,7,6,8,8,"Super ambiance, on reviendra"
SAT0007327,POST_MATCH,M038,2026-06-04,2026-06-07,EMAIL,R58424167,1,7,8,8,8,7,7,
SAT0007330,POST_MATCH,M038,2026-06-04,2026-06-07,EMAIL,R54050891,0,10,10,7,6,9,10,
SAT0007331,POST_MATCH,M038,2026-06-04,2026-06-07,EMAIL,R55902295,1,9,9,8,7,9,10,"Super ambiance, on reviendra"
SAT0007332,POST_MATCH,M038,2026-06-04,2026-06-07,EMAIL,R53595231,1,8,9,8,6,10,9,Tres bonne organisation
SAT0007343,POST_MATCH,M038,2026-06-04,2026-06-07,QR_SUR_PLACE,R59587785,0,9,9,7,6,8,9,Bon rapport qualite prix
SAT0007348,POST_MATCH,M038,2026-06-04,2026-06-07,EMAIL,R56850673,1,6,10,6,7,9,10,
SAT0007354,POST_MATCH,M038,2026-06-04,2026-06-07,SMS,R55799244,0,8,10,8,7,9,10,
SAT0007356,POST_MATCH,M038,2026-06-04,2026-06-07,EMAIL,R59436786,0,10,8,8,7,7,8,
SAT0007358,POST_MATCH,M038,2026-06-04,2026-06-07,QR_SUR_PLACE,R51442720,1,6,9,7,5,10,9,Sans plus
SAT0007360,POST_MATCH,M038,2026-06-04,2026-06-07,EMAIL,R55615411,1,8,9,7,6,9,8,"Premiere fois ici, tres agreable surprise"
SAT0007368,POST_MATCH,M038,2026-06-04,2026-06-07,QR_SUR_PLACE,R52319980,0,9,9,8,7,10,9,L'ambiance dans les tribunes vaut le deplacement
SAT0008642,GENERALE_FIN_SAISON,,,2026-06-07,EMAIL,R55132223,,8,10,6,7,5,8,
SAT0008645,GENERALE_FIN_SAISON,,,2026-06-07,EMAIL,R52356626,,5,7,8,7,7,6,
SAT0008661,GENERALE_FIN_SAISON,,,2026-06-07,EMAIL,R57927781,,6,8,8,7,5,7,
SAT0008684,GENERALE_FIN_SAISON,,,2026-06-07,EMAIL,R56004455,,8,6,5,8,7,8,L'ambiance dans les tribunes vaut le deplacement
SAT0008706,GENERALE_FIN_SAISON,,,2026-06-07,EMAIL,R53113892,,6,9,5,8,5,5,
SAT0008732,GENERALE_FIN_SAISON,,,2026-06-07,EMAIL,R52144126,,5,5,5,6,6,3,
SAT0008734,GENERALE_FIN_SAISON,,,2026-06-07,EMAIL,R58888151,,5,8,6,6,5,6,
SAT0008738,GENERALE_FIN_SAISON,,,2026-06-07,EMAIL,R55793516,,9,8,6,6,7,8,
SAT0008744,GENERALE_FIN_SAISON,,,2026-06-07,EMAIL,R53502802,,6,8,7,5,6,5,
SAT0008777,GENERALE_FIN_SAISON,,,2026-06-07,EMAIL,R57774330,,5,6,6,6,9,3,
SAT0008778,GENERALE_FIN_SAISON,,,2026-06-07,EMAIL,R52332173,,7,7,4,6,7,8,
SAT0008807,GENERALE_FIN_SAISON,,,2026-06-07,EMAIL,R51520638,,6,8,6,6,6,7,
SAT0008838,GENERALE_FIN_SAISON,,,2026-06-07,EMAIL,R56895412,,7,6,3,8,5,5,
SAT0008858,GENERALE_FIN_SAISON,,,2026-06-07,EMAIL,R58659425,,7,7,6,8,6,7,
SAT0008864,GENERALE_FIN_SAISON,,,2026-06-07,EMAIL,R56295774,,6,9,7,5,7,6,
SAT0008871,GENERALE_FIN_SAISON,,,2026-06-07,EMAIL,R58335081,,7,7,5,8,6,7,
SAT0008874,GENERALE_FIN_SAISON,,,2026-06-07,EMAIL,R52590179,,8,7,5,7,8,7,
SAT0008877,GENERALE_FIN_SAISON,,,2026-06-07,EMAIL,R59330737,,7,6,6,6,7,8,
SAT0008895,GENERALE_FIN_SAISON,,,2026-06-07,EMAIL,R52909418,,7,8,5,9,6,7,
SAT0008898,GENERALE_FIN_SAISON,,,2026-06-07,EMAIL,R51942717,,7,9,7,6,5,8,
SAT0008953,GENERALE_FIN_SAISON,,,2026-06-07,EMAIL,R59369758,,8,7,6,7,7,8,
SAT0008956,GENERALE_FIN_SAISON,,,2026-06-07,EMAIL,R53243982,,6,6,4,6,8,5,
SAT0008966,GENERALE_FIN_SAISON,,,2026-06-07,EMAIL,R51718905,,7,6,5,8,8,6,
SAT0008976,GENERALE_FIN_SAISON,,,2026-06-07,EMAIL,R56297067,,5,9,6,6,5,5,
SAT0008984,GENERALE_FIN_SAISON,,,2026-06-07,EMAIL,R56686044,,7,5,4,7,5,6,
SAT0008999,GENERALE_FIN_SAISON,,,2026-06-07,EMAIL,R58386985,,7,8,6,7,6,8,
SAT0009037,GENERALE_FIN_SAISON,,,2026-06-07,EMAIL,R57775010,,5,7,5,6,4,6,
SAT0009041,GENERALE_FIN_SAISON,,,2026-06-07,EMAIL,R59481056,,5,9,6,6,7,5,
SAT0009048,GENERALE_FIN_SAISON,,,2026-06-07,EMAIL,R51093444,,7,7,8,7,7,8,
SAT0009062,GENERALE_FIN_SAISON,,,2026-06-07,EMAIL,R57083536,,8,7,6,6,4,9,
SAT0009106,GENERALE_FIN_SAISON,,,2026-06-07,EMAIL,R58658477,,8,6,6,5,9,8,
SAT0009202,GENERALE_FIN_SAISON,,,2026-06-07,EMAIL,R51873046,,7,7,5,6,7,6,
SAT0009228,GENERALE_FIN_SAISON,,,2026-06-07,EMAIL,R55076507,,6,7,5,6,5,6,
SAT0009236,GENERALE_FIN_SAISON,,,2026-06-07,EMAIL,R59695673,,5,6,5,8,9,7,
SAT0007181,POST_MATCH,M038,2026-06-04,2026-06-08,SMS,R54424285,1,7,9,5,7,8,10,
SAT0007186,POST_MATCH,M038,2026-06-04,2026-06-08,EMAIL,R57119033,1,7,9,6,6,8,9,
SAT0007190,POST_MATCH,M038,2026-06-04,2026-06-08,EMAIL,R59992777,1,10,8,5,8,9,9,
SAT0007192,POST_MATCH,M038,2026-06-04,2026-06-08,QR_SUR_PLACE,R51668304,1,9,8,8,7,10,8,
SAT0007198,POST_MATCH,M038,2026-06-04,2026-06-08,SMS,R56227798,1,9,9,7,7,9,9,Sans plus
SAT0007199,POST_MATCH,M038,2026-06-04,2026-06-08,SMS,R58663860,1,7,9,7,8,9,9,Sans plus
SAT0007230,POST_MATCH,M038,2026-06-04,2026-06-08,EMAIL,R55677592,1,9,8,9,8,9,8,"Super ambiance, on reviendra"
SAT0007273,POST_MATCH,M038,2026-06-04,2026-06-08,QR_SUR_PLACE,R52862964,1,9,10,6,9,7,10,Match intense du debut a la fin
SAT0007287,POST_MATCH,M038,2026-06-04,2026-06-08,EMAIL,R54697127,1,9,9,4,6,8,8,Tres bonne organisation
SAT0007311,POST_MATCH,M038,2026-06-04,2026-06-08,SMS,R57057857,1,7,7,7,10,9,9,
SAT0007328,POST_MATCH,M038,2026-06-04,2026-06-08,QR_SUR_PLACE,R57883568,0,8,10,7,6,8,10,Bon rapport qualite prix
SAT0007333,POST_MATCH,M038,2026-06-04,2026-06-08,QR_SUR_PLACE,R59061419,1,6,9,9,7,8,8,
SAT0007357,POST_MATCH,M038,2026-06-04,2026-06-08,EMAIL,R53600403,1,9,8,6,9,8,8,"Super ambiance, on reviendra"
SAT0007363,POST_MATCH,M038,2026-06-04,2026-06-08,EMAIL,R54456094,1,8,7,5,6,9,9,
SAT0008636,GENERALE_FIN_SAISON,,,2026-06-08,EMAIL,R59459668,,6,8,6,7,7,7,
SAT0008685,GENERALE_FIN_SAISON,,,2026-06-08,EMAIL,R57184480,,6,5,6,7,7,6,
SAT0008705,GENERALE_FIN_SAISON,,,2026-06-08,EMAIL,R59072654,,6,7,5,7,7,8,
SAT0008711,GENERALE_FIN_SAISON,,,2026-06-08,EMAIL,R52935643,,7,6,7,8,7,8,
SAT0008712,GENERALE_FIN_SAISON,,,2026-06-08,EMAIL,R53551306,,7,7,5,6,4,8,
SAT0008714,GENERALE_FIN_SAISON,,,2026-06-08,EMAIL,R58167876,,7,8,4,9,7,8,
SAT0008735,GENERALE_FIN_SAISON,,,2026-06-08,EMAIL,R59605418,,8,8,4,8,6,7,"Super ambiance, on reviendra"
SAT0008741,GENERALE_FIN_SAISON,,,2026-06-08,EMAIL,R58221140,,6,7,6,6,5,6,
SAT0008775,GENERALE_FIN_SAISON,,,2026-06-08,EMAIL,R56755792,,10,9,7,6,5,10,
SAT0008776,GENERALE_FIN_SAISON,,,2026-06-08,EMAIL,R56970888,,6,9,7,5,7,5,
SAT0008790,GENERALE_FIN_SAISON,,,2026-06-08,EMAIL,R54812371,,8,6,5,6,7,7,
SAT0008797,GENERALE_FIN_SAISON,,,2026-06-08,EMAIL,R52700931,,7,7,8,6,7,6,
SAT0008804,GENERALE_FIN_SAISON,,,2026-06-08,EMAIL,R58523473,,6,5,6,9,7,4,
SAT0008821,GENERALE_FIN_SAISON,,,2026-06-08,EMAIL,R56121806,,6,7,5,5,7,6,
SAT0008831,GENERALE_FIN_SAISON,,,2026-06-08,EMAIL,R54306033,,6,7,6,9,7,6,
SAT0008841,GENERALE_FIN_SAISON,,,2026-06-08,EMAIL,R54638212,,8,8,6,8,8,10,
SAT0008857,GENERALE_FIN_SAISON,,,2026-06-08,EMAIL,R58861447,,6,7,4,6,6,7,
SAT0008875,GENERALE_FIN_SAISON,,,2026-06-08,EMAIL,R52727357,,6,8,7,4,6,5,
SAT0008878,GENERALE_FIN_SAISON,,,2026-06-08,EMAIL,R52517366,,8,7,7,7,8,9,Match intense du debut a la fin
SAT0008899,GENERALE_FIN_SAISON,,,2026-06-08,EMAIL,R52376587,,7,8,4,5,6,9,
SAT0008900,GENERALE_FIN_SAISON,,,2026-06-08,EMAIL,R52979846,,10,8,4,8,6,9,
SAT0008905,GENERALE_FIN_SAISON,,,2026-06-08,EMAIL,R55474143,,7,7,7,7,6,8,
SAT0008907,GENERALE_FIN_SAISON,,,2026-06-08,EMAIL,R55527886,,5,6,8,6,6,4,
SAT0008932,GENERALE_FIN_SAISON,,,2026-06-08,EMAIL,R57627756,,7,8,6,7,6,8,
SAT0008936,GENERALE_FIN_SAISON,,,2026-06-08,EMAIL,R55896567,,8,7,6,6,4,9,
SAT0008981,GENERALE_FIN_SAISON,,,2026-06-08,EMAIL,R54025969,,7,10,8,4,7,7,
SAT0009001,GENERALE_FIN_SAISON,,,2026-06-08,EMAIL,R55204289,,7,7,6,6,7,9,
SAT0009023,GENERALE_FIN_SAISON,,,2026-06-08,EMAIL,R52876393,,7,6,6,8,6,5,
SAT0009030,GENERALE_FIN_SAISON,,,2026-06-08,EMAIL,R56970811,,7,7,6,7,7,8,
SAT0009034,GENERALE_FIN_SAISON,,,2026-06-08,EMAIL,R58637089,,9,6,5,5,6,10,
SAT0009042,GENERALE_FIN_SAISON,,,2026-06-08,EMAIL,R54524817,,8,7,6,9,7,8,Match intense du debut a la fin
SAT0009051,GENERALE_FIN_SAISON,,,2026-06-08,EMAIL,R57426347,,7,7,6,7,6,7,
SAT0009052,GENERALE_FIN_SAISON,,,2026-06-08,EMAIL,R52428290,,7,6,5,7,5,7,
SAT0009074,GENERALE_FIN_SAISON,,,2026-06-08,EMAIL,R59851710,,6,10,6,8,6,6,
SAT0009077,GENERALE_FIN_SAISON,,,2026-06-08,EMAIL,R51901579,,7,7,5,7,7,8,
SAT0009080,GENERALE_FIN_SAISON,,,2026-06-08,EMAIL,R55589665,,7,6,5,7,7,7,
SAT0009100,GENERALE_FIN_SAISON,,,2026-06-08,EMAIL,R53712659,,8,9,5,7,5,7,
SAT0009118,GENERALE_FIN_SAISON,,,2026-06-08,EMAIL,R55288739,,5,7,7,8,5,6,
SAT0009130,GENERALE_FIN_SAISON,,,2026-06-08,EMAIL,R53405412,,4,8,6,7,5,4,
SAT0009134,GENERALE_FIN_SAISON,,,2026-06-08,EMAIL,R58455430,,6,7,5,6,6,4,
SAT0009135,GENERALE_FIN_SAISON,,,2026-06-08,EMAIL,R54349020,,7,8,5,7,5,7,
SAT0009141,GENERALE_FIN_SAISON,,,2026-06-08,EMAIL,R51726606,,7,6,6,6,5,7,
SAT0009164,GENERALE_FIN_SAISON,,,2026-06-08,EMAIL,R56511406,,8,8,6,8,6,9,Tres bonne organisation
SAT0009166,GENERALE_FIN_SAISON,,,2026-06-08,EMAIL,R55274985,,6,8,7,5,8,5,
SAT0009175,GENERALE_FIN_SAISON,,,2026-06-08,EMAIL,R52804940,,8,5,4,8,5,8,
SAT0009187,GENERALE_FIN_SAISON,,,2026-06-08,EMAIL,R55397930,,4,8,5,6,6,3,
SAT0009194,GENERALE_FIN_SAISON,,,2026-06-08,EMAIL,R59112030,,5,6,6,6,7,5,
SAT0009235,GENERALE_FIN_SAISON,,,2026-06-08,EMAIL,R56299375,,5,8,7,6,7,5,
SAT0009245,GENERALE_FIN_SAISON,,,2026-06-08,EMAIL,R52998782,,6,7,6,8,6,7,
SAT0009247,GENERALE_FIN_SAISON,,,2026-06-08,EMAIL,R59880387,,8,8,5,7,6,8,
SAT0006975,POST_MATCH,M037,2026-06-02,2026-06-09,SMS,R53004510,1,6,6,2,7,3,6,
SAT0006989,POST_MATCH,M037,2026-06-02,2026-06-09,EMAIL,R58368327,1,7,8,4,4,6,9,Rien a signaler
SAT0006993,POST_MATCH,M037,2026-06-02,2026-06-09,EMAIL,R54900653,1,6,7,6,5,4,6,Sans plus
SAT0007007,POST_MATCH,M037,2026-06-02,2026-06-09,QR_SUR_PLACE,R55221932,1,6,7,6,6,4,7,
SAT0007028,POST_MATCH,M037,2026-06-02,2026-06-09,EMAIL,R53032430,1,8,8,4,4,6,8,
SAT0007041,POST_MATCH,M037,2026-06-02,2026-06-09,QR_SUR_PLACE,R51255477,1,5,6,3,3,7,7,
SAT0007086,POST_MATCH,M037,2026-06-02,2026-06-09,QR_SUR_PLACE,R56081214,1,5,5,3,6,6,5,
SAT0007197,POST_MATCH,M038,2026-06-04,2026-06-09,EMAIL,R55953174,1,7,6,7,8,9,9,
SAT0007218,POST_MATCH,M038,2026-06-04,2026-06-09,EMAIL,R51889185,1,7,10,7,5,9,10,
SAT0007234,POST_MATCH,M038,2026-06-04,2026-06-09,SMS,R51714001,1,8,10,8,6,10,9,
SAT0007244,POST_MATCH,M038,2026-06-04,2026-06-09,EMAIL,R53091479,1,10,8,6,6,9,8,
SAT0007248,POST_MATCH,M038,2026-06-04,2026-06-09,EMAIL,R54815848,1,7,8,7,7,9,7,
SAT0007269,POST_MATCH,M038,2026-06-04,2026-06-09,EMAIL,R51806152,1,10,9,7,6,6,10,
SAT0007280,POST_MATCH,M038,2026-06-04,2026-06-09,EMAIL,R57785967,1,7,7,8,6,9,8,
SAT0007291,POST_MATCH,M038,2026-06-04,2026-06-09,EMAIL,R57018558,1,7,9,7,6,9,9,
SAT0007336,POST_MATCH,M038,2026-06-04,2026-06-09,EMAIL,R54491638,1,6,8,6,7,9,9,
SAT0007347,POST_MATCH,M038,2026-06-04,2026-06-09,EMAIL,R54363521,1,8,9,9,7,7,7,
SAT0008632,GENERALE_FIN_SAISON,,,2026-06-09,EMAIL,R56860203,,9,6,7,7,7,10,
SAT0008653,GENERALE_FIN_SAISON,,,2026-06-09,EMAIL,R59702483,,6,8,5,6,6,6,
SAT0008654,GENERALE_FIN_SAISON,,,2026-06-09,EMAIL,R56918582,,8,7,6,7,9,10,
SAT0008673,GENERALE_FIN_SAISON,,,2026-06-09,EMAIL,R55694009,,6,9,7,8,7,7,
SAT0008675,GENERALE_FIN_SAISON,,,2026-06-09,EMAIL,R56119354,,7,7,5,8,6,6,
SAT0008682,GENERALE_FIN_SAISON,,,2026-06-09,EMAIL,R57322683,,7,8,5,6,6,8,
SAT0008686,GENERALE_FIN_SAISON,,,2026-06-09,EMAIL,R58147302,,9,9,7,5,6,9,Match intense du debut a la fin
SAT0008693,GENERALE_FIN_SAISON,,,2026-06-09,EMAIL,R58921377,,9,8,6,6,7,8,
SAT0008708,GENERALE_FIN_SAISON,,,2026-06-09,EMAIL,R52221431,,6,9,7,6,6,7,
SAT0008715,GENERALE_FIN_SAISON,,,2026-06-09,EMAIL,R53023647,,8,6,6,9,7,7,
SAT0008727,GENERALE_FIN_SAISON,,,2026-06-09,EMAIL,R52180772,,7,7,6,7,6,7,
SAT0008754,GENERALE_FIN_SAISON,,,2026-06-09,EMAIL,R53062745,,7,7,5,6,8,9,
SAT0008757,GENERALE_FIN_SAISON,,,2026-06-09,EMAIL,R52033920,,8,8,6,8,9,8,
SAT0008768,GENERALE_FIN_SAISON,,,2026-06-09,EMAIL,R59694926,,5,8,7,8,6,6,
SAT0008793,GENERALE_FIN_SAISON,,,2026-06-09,EMAIL,R52886871,,7,8,7,8,5,8,
SAT0008801,GENERALE_FIN_SAISON,,,2026-06-09,EMAIL,R51945246,,7,7,7,5,8,8,
SAT0008830,GENERALE_FIN_SAISON,,,2026-06-09,EMAIL,R54152649,,5,8,7,7,8,5,
SAT0008850,GENERALE_FIN_SAISON,,,2026-06-09,EMAIL,R59919897,,7,7,8,7,7,8,
SAT0008891,GENERALE_FIN_SAISON,,,2026-06-09,EMAIL,R54748217,,7,7,6,6,6,6,
SAT0008933,GENERALE_FIN_SAISON,,,2026-06-09,EMAIL,R52130496,,7,7,6,7,7,6,
SAT0008943,GENERALE_FIN_SAISON,,,2026-06-09,EMAIL,R59023212,,7,7,7,8,8,8,
SAT0008949,GENERALE_FIN_SAISON,,,2026-06-09,EMAIL,R58417424,,7,9,7,7,6,7,
SAT0008950,GENERALE_FIN_SAISON,,,2026-06-09,EMAIL,R56497719,,7,8,5,6,4,7,
SAT0008958,GENERALE_FIN_SAISON,,,2026-06-09,EMAIL,R52052243,,6,9,6,7,6,7,
SAT0008990,GENERALE_FIN_SAISON,,,2026-06-09,EMAIL,R58365664,,8,5,7,6,7,8,
SAT0009009,GENERALE_FIN_SAISON,,,2026-06-09,EMAIL,R58939633,,8,8,5,6,7,9,
SAT0009021,GENERALE_FIN_SAISON,,,2026-06-09,EMAIL,R57424374,,7,7,3,8,6,8,
SAT0009022,GENERALE_FIN_SAISON,,,2026-06-09,EMAIL,R54292145,,8,7,5,7,7,9,
SAT0009032,GENERALE_FIN_SAISON,,,2026-06-09,EMAIL,R51096097,,6,8,7,7,7,6,
SAT0009040,GENERALE_FIN_SAISON,,,2026-06-09,EMAIL,R56080534,,7,8,8,5,7,7,
SAT0009063,GENERALE_FIN_SAISON,,,2026-06-09,EMAIL,R59833943,,10,8,7,5,6,10,Match intense du debut a la fin
SAT0009072,GENERALE_FIN_SAISON,,,2026-06-09,EMAIL,R57990642,,5,7,6,7,5,5,
SAT0009079,GENERALE_FIN_SAISON,,,2026-06-09,EMAIL,R51581938,,8,6,6,7,8,7,
SAT0009136,GENERALE_FIN_SAISON,,,2026-06-09,EMAIL,R52509608,,7,7,5,6,5,5,
SAT0009138,GENERALE_FIN_SAISON,,,2026-06-09,EMAIL,R53280762,,8,6,6,7,6,7,Tres bonne organisation
SAT0009146,GENERALE_FIN_SAISON,,,2026-06-09,EMAIL,R57333583,,6,8,7,8,7,7,
SAT0009173,GENERALE_FIN_SAISON,,,2026-06-09,EMAIL,R51740025,,7,7,8,6,6,8,
SAT0009174,GENERALE_FIN_SAISON,,,2026-06-09,EMAIL,R54369862,,7,9,6,6,7,7,
SAT0009240,GENERALE_FIN_SAISON,,,2026-06-09,EMAIL,R53467516,,7,5,4,8,6,7,
SAT0008641,GENERALE_FIN_SAISON,,,2026-06-10,EMAIL,R58083406,,7,10,6,7,4,8,
SAT0008648,GENERALE_FIN_SAISON,,,2026-06-10,EMAIL,R51689213,,5,9,7,8,9,6,
SAT0008655,GENERALE_FIN_SAISON,,,2026-06-10,EMAIL,R52662580,,6,7,6,8,6,7,
SAT0008660,GENERALE_FIN_SAISON,,,2026-06-10,EMAIL,R52266592,,7,8,6,7,7,7,
SAT0008681,GENERALE_FIN_SAISON,,,2026-06-10,EMAIL,R51518799,,6,6,7,5,4,7,
SAT0008687,GENERALE_FIN_SAISON,,,2026-06-10,EMAIL,R58226724,,9,7,7,7,6,9,
SAT0008699,GENERALE_FIN_SAISON,,,2026-06-10,EMAIL,R54999279,,6,5,6,8,7,6,
SAT0008701,GENERALE_FIN_SAISON,,,2026-06-10,EMAIL,R51793959,,8,7,5,6,5,6,
SAT0008716,GENERALE_FIN_SAISON,,,2026-06-10,EMAIL,R51680631,,7,7,5,4,7,8,
SAT0008717,GENERALE_FIN_SAISON,,,2026-06-10,EMAIL,R54741876,,8,7,5,6,8,7,
SAT0008773,GENERALE_FIN_SAISON,,,2026-06-10,EMAIL,R55230437,,3,8,7,6,7,3,
SAT0008781,GENERALE_FIN_SAISON,,,2026-06-10,EMAIL,R52786684,,6,7,7,7,7,5,
SAT0008786,GENERALE_FIN_SAISON,,,2026-06-10,EMAIL,R54954252,,9,5,8,7,5,8,
SAT0008792,GENERALE_FIN_SAISON,,,2026-06-10,EMAIL,R56895144,,7,7,6,8,7,7,
SAT0008806,GENERALE_FIN_SAISON,,,2026-06-10,EMAIL,R59365812,,6,9,4,5,6,8,
SAT0008820,GENERALE_FIN_SAISON,,,2026-06-10,EMAIL,R55157490,,6,7,7,6,6,7,
SAT0008834,GENERALE_FIN_SAISON,,,2026-06-10,EMAIL,R59239400,,6,8,7,6,6,8,
SAT0008845,GENERALE_FIN_SAISON,,,2026-06-10,EMAIL,R59186002,,6,8,8,7,6,5,
SAT0008849,GENERALE_FIN_SAISON,,,2026-06-10,EMAIL,R55501393,,6,6,8,7,8,7,
SAT0008860,GENERALE_FIN_SAISON,,,2026-06-10,EMAIL,R51200642,,8,8,5,7,9,8,
SAT0008872,GENERALE_FIN_SAISON,,,2026-06-10,EMAIL,R52848865,,6,6,6,6,6,5,
SAT0008879,GENERALE_FIN_SAISON,,,2026-06-10,EMAIL,R56707978,,7,9,7,8,5,6,
SAT0008908,GENERALE_FIN_SAISON,,,2026-06-10,EMAIL,R57995479,,6,6,7,6,8,6,
SAT0008910,GENERALE_FIN_SAISON,,,2026-06-10,EMAIL,R53604081,,7,8,5,8,5,6,
SAT0008920,GENERALE_FIN_SAISON,,,2026-06-10,EMAIL,R59818541,,7,8,8,8,7,7,
SAT0008922,GENERALE_FIN_SAISON,,,2026-06-10,EMAIL,R58414436,,6,6,8,7,6,6,
SAT0008928,GENERALE_FIN_SAISON,,,2026-06-10,EMAIL,R58575645,,8,6,5,6,6,8,Tres bonne organisation
SAT0008930,GENERALE_FIN_SAISON,,,2026-06-10,EMAIL,R59760105,,9,9,8,10,8,9,
SAT0008954,GENERALE_FIN_SAISON,,,2026-06-10,EMAIL,R55046202,,6,9,5,6,6,7,
SAT0008967,GENERALE_FIN_SAISON,,,2026-06-10,EMAIL,R51866973,,7,5,4,7,7,8,
SAT0008972,GENERALE_FIN_SAISON,,,2026-06-10,EMAIL,R55006146,,7,7,5,6,7,8,
SAT0008983,GENERALE_FIN_SAISON,,,2026-06-10,EMAIL,R58739048,,7,7,7,7,5,8,
SAT0008989,GENERALE_FIN_SAISON,,,2026-06-10,EMAIL,R59411097,,6,7,7,7,8,6,
SAT0009029,GENERALE_FIN_SAISON,,,2026-06-10,EMAIL,R52821347,,6,6,6,6,6,9,
SAT0009087,GENERALE_FIN_SAISON,,,2026-06-10,EMAIL,R58850691,,5,6,5,6,8,5,
SAT0009092,GENERALE_FIN_SAISON,,,2026-06-10,EMAIL,R51187712,,6,7,5,6,7,6,
SAT0009108,GENERALE_FIN_SAISON,,,2026-06-10,EMAIL,R51608843,,8,8,7,5,6,7,Bon rapport qualite prix
SAT0009112,GENERALE_FIN_SAISON,,,2026-06-10,EMAIL,R56283916,,5,8,5,7,7,4,
SAT0009129,GENERALE_FIN_SAISON,,,2026-06-10,EMAIL,R54124796,,7,7,6,9,8,6,
SAT0009139,GENERALE_FIN_SAISON,,,2026-06-10,EMAIL,R53828717,,8,6,6,7,6,8,
SAT0009145,GENERALE_FIN_SAISON,,,2026-06-10,EMAIL,R58201035,,9,8,5,7,6,10,
SAT0009159,GENERALE_FIN_SAISON,,,2026-06-10,EMAIL,R59410417,,7,6,8,4,6,7,
SAT0009179,GENERALE_FIN_SAISON,,,2026-06-10,EMAIL,R58168010,,7,8,6,6,6,6,
SAT0009197,GENERALE_FIN_SAISON,,,2026-06-10,EMAIL,R57352854,,7,7,5,6,6,6,
SAT0009199,GENERALE_FIN_SAISON,,,2026-06-10,EMAIL,R57084226,,7,7,7,6,4,7,
SAT0009200,GENERALE_FIN_SAISON,,,2026-06-10,EMAIL,R58601870,,7,7,6,6,6,8,
SAT0009213,GENERALE_FIN_SAISON,,,2026-06-10,EMAIL,R52637246,,7,6,5,6,8,7,
SAT0009215,GENERALE_FIN_SAISON,,,2026-06-10,EMAIL,R52782058,,7,6,7,7,8,9,
SAT0009224,GENERALE_FIN_SAISON,,,2026-06-10,EMAIL,R55009489,,6,7,6,7,7,6,
SAT0009252,GENERALE_FIN_SAISON,,,2026-06-10,EMAIL,R56890384,,7,7,8,5,5,8,
SAT0007166,POST_MATCH,M038,2026-06-04,2026-06-11,QR_SUR_PLACE,R53703330,1,8,6,7,8,10,9,"Super ambiance, on reviendra"
SAT0007221,POST_MATCH,M038,2026-06-04,2026-06-11,EMAIL,R53726959,1,8,8,8,9,6,8,Tres bonne organisation
SAT0007226,POST_MATCH,M038,2026-06-04,2026-06-11,EMAIL,R59571914,1,6,9,9,7,10,9,
SAT0007260,POST_MATCH,M038,2026-06-04,2026-06-11,QR_SUR_PLACE,R53799561,1,9,8,7,6,9,9,
SAT0007284,POST_MATCH,M038,2026-06-04,2026-06-11,EMAIL,R53026089,1,9,9,7,5,9,10,"Premiere fois ici, tres agreable surprise"
SAT0007305,POST_MATCH,M038,2026-06-04,2026-06-11,EMAIL,R54969979,1,8,10,6,9,8,10,Bon rapport qualite prix
SAT0007310,POST_MATCH,M038,2026-06-04,2026-06-11,SMS,R56556423,1,9,8,8,7,9,10,
SAT0007341,POST_MATCH,M038,2026-06-04,2026-06-11,EMAIL,R58616046,1,10,8,6,5,7,9,
SAT0007355,POST_MATCH,M038,2026-06-04,2026-06-11,EMAIL,R51646025,0,7,7,5,9,8,8,
SAT0007362,POST_MATCH,M038,2026-06-04,2026-06-11,EMAIL,R57387048,1,6,8,5,7,8,7,
SAT0008644,GENERALE_FIN_SAISON,,,2026-06-11,EMAIL,R54331109,,7,9,6,7,8,6,
SAT0008667,GENERALE_FIN_SAISON,,,2026-06-11,EMAIL,R52602382,,5,6,6,8,9,5,
SAT0008668,GENERALE_FIN_SAISON,,,2026-06-11,EMAIL,R56180386,,6,7,7,6,5,8,
SAT0008677,GENERALE_FIN_SAISON,,,2026-06-11,EMAIL,R56127601,,4,8,7,10,5,4,
SAT0008678,GENERALE_FIN_SAISON,,,2026-06-11,EMAIL,R55801150,,7,5,6,6,6,7,
SAT0008679,GENERALE_FIN_SAISON,,,2026-06-11,EMAIL,R59743889,,8,7,7,5,5,9,
SAT0008729,GENERALE_FIN_SAISON,,,2026-06-11,EMAIL,R54717021,,7,6,6,8,8,5,
SAT0008760,GENERALE_FIN_SAISON,,,2026-06-11,EMAIL,R55216549,,8,9,6,7,7,8,
SAT0008800,GENERALE_FIN_SAISON,,,2026-06-11,EMAIL,R55833026,,8,7,6,7,8,6,"Premiere fois ici, tres agreable surprise"
SAT0008808,GENERALE_FIN_SAISON,,,2026-06-11,EMAIL,R53953836,,7,7,5,7,7,8,
SAT0008843,GENERALE_FIN_SAISON,,,2026-06-11,EMAIL,R54367209,,6,7,5,5,7,6,
SAT0008901,GENERALE_FIN_SAISON,,,2026-06-11,EMAIL,R54345198,,7,8,6,8,7,8,
SAT0008902,GENERALE_FIN_SAISON,,,2026-06-11,EMAIL,R56811920,,7,8,5,10,7,7,
SAT0008916,GENERALE_FIN_SAISON,,,2026-06-11,EMAIL,R53474815,,5,7,6,7,5,5,
SAT0008921,GENERALE_FIN_SAISON,,,2026-06-11,EMAIL,R52970239,,6,8,6,9,8,6,
SAT0008924,GENERALE_FIN_SAISON,,,2026-06-11,EMAIL,R53980262,,7,8,6,7,4,8,
SAT0008945,GENERALE_FIN_SAISON,,,2026-06-11,EMAIL,R56441591,,8,6,7,9,6,9,L'ambiance dans les tribunes vaut le deplacement
SAT0008957,GENERALE_FIN_SAISON,,,2026-06-11,EMAIL,R54792142,,5,7,7,8,6,5,
SAT0008973,GENERALE_FIN_SAISON,,,2026-06-11,EMAIL,R59841835,,7,7,5,8,5,9,
SAT0008975,GENERALE_FIN_SAISON,,,2026-06-11,EMAIL,R55531564,,6,8,5,6,8,6,
SAT0008991,GENERALE_FIN_SAISON,,,2026-06-11,EMAIL,R57070807,,7,8,6,7,6,7,
SAT0008997,GENERALE_FIN_SAISON,,,2026-06-11,EMAIL,R55491920,,6,7,7,6,6,7,
SAT0009003,GENERALE_FIN_SAISON,,,2026-06-11,EMAIL,R57473883,,7,7,6,6,8,7,
SAT0009012,GENERALE_FIN_SAISON,,,2026-06-11,EMAIL,R54403577,,9,8,6,4,7,10,
SAT0009019,GENERALE_FIN_SAISON,,,2026-06-11,EMAIL,R53367942,,6,8,7,8,9,7,
SAT0009045,GENERALE_FIN_SAISON,,,2026-06-11,EMAIL,R59635532,,7,6,5,7,7,6,
SAT0009089,GENERALE_FIN_SAISON,,,2026-06-11,EMAIL,R51002509,,8,8,6,6,6,10,L'ambiance dans les tribunes vaut le deplacement
SAT0009157,GENERALE_FIN_SAISON,,,2026-06-11,EMAIL,R55130250,,5,8,5,8,7,5,
SAT0009161,GENERALE_FIN_SAISON,,,2026-06-11,EMAIL,R52210119,,7,7,6,5,6,7,
SAT0009162,GENERALE_FIN_SAISON,,,2026-06-11,EMAIL,R51175318,,7,7,6,8,7,7,
SAT0009184,GENERALE_FIN_SAISON,,,2026-06-11,EMAIL,R57208454,,8,8,6,8,7,9,
SAT0009188,GENERALE_FIN_SAISON,,,2026-06-11,EMAIL,R56171536,,7,6,5,7,5,8,
SAT0009208,GENERALE_FIN_SAISON,,,2026-06-11,EMAIL,R52243164,,8,5,6,5,6,9,
SAT0009227,GENERALE_FIN_SAISON,,,2026-06-11,EMAIL,R52567910,,9,7,4,6,7,10,
SAT0009234,GENERALE_FIN_SAISON,,,2026-06-11,EMAIL,R53341995,,8,6,7,5,9,9,
SAT0009242,GENERALE_FIN_SAISON,,,2026-06-11,EMAIL,R51967237,,7,7,4,7,7,6,
SAT0009249,GENERALE_FIN_SAISON,,,2026-06-11,EMAIL,R59044456,,8,8,7,9,6,6,Tres bonne organisation
SAT0008628,GENERALE_FIN_SAISON,,,2026-06-12,EMAIL,R58829437,,7,9,7,8,7,6,
SAT0008643,GENERALE_FIN_SAISON,,,2026-06-12,EMAIL,R57914563,,6,9,5,8,7,5,
SAT0008650,GENERALE_FIN_SAISON,,,2026-06-12,EMAIL,R55824846,,7,7,6,6,8,8,
SAT0008683,GENERALE_FIN_SAISON,,,2026-06-12,EMAIL,R58756356,,7,8,6,6,6,9,
SAT0008696,GENERALE_FIN_SAISON,,,2026-06-12,EMAIL,R53179071,,7,6,6,7,6,7,
SAT0008702,GENERALE_FIN_SAISON,,,2026-06-12,EMAIL,R53804532,,5,7,4,5,6,4,
SAT0008745,GENERALE_FIN_SAISON,,,2026-06-12,EMAIL,R54559135,,7,5,7,8,6,6,
SAT0008749,GENERALE_FIN_SAISON,,,2026-06-12,EMAIL,R57983420,,6,7,6,7,6,6,
SAT0008763,GENERALE_FIN_SAISON,,,2026-06-12,EMAIL,R53247727,,5,6,7,8,6,6,
SAT0008795,GENERALE_FIN_SAISON,,,2026-06-12,EMAIL,R52411116,,8,7,6,6,6,9,
SAT0008822,GENERALE_FIN_SAISON,,,2026-06-12,EMAIL,R59817047,,6,8,7,6,7,6,
SAT0008893,GENERALE_FIN_SAISON,,,2026-06-12,EMAIL,R58396649,,6,5,6,7,6,6,
SAT0008914,GENERALE_FIN_SAISON,,,2026-06-12,EMAIL,R59513947,,7,8,7,7,7,6,
SAT0008917,GENERALE_FIN_SAISON,,,2026-06-12,EMAIL,R55029373,,5,10,7,8,6,6,
SAT0008942,GENERALE_FIN_SAISON,,,2026-06-12,EMAIL,R52519550,,6,6,7,5,4,6,
SAT0008944,GENERALE_FIN_SAISON,,,2026-06-12,EMAIL,R57463941,,8,7,5,7,7,8,
SAT0008955,GENERALE_FIN_SAISON,,,2026-06-12,EMAIL,R57647563,,9,9,7,6,7,9,
SAT0008961,GENERALE_FIN_SAISON,,,2026-06-12,EMAIL,R53352962,,5,7,6,6,7,7,
SAT0008971,GENERALE_FIN_SAISON,,,2026-06-12,EMAIL,R59743487,,5,9,7,9,7,5,
SAT0008992,GENERALE_FIN_SAISON,,,2026-06-12,EMAIL,R53341171,,6,6,5,7,7,6,
SAT0009000,GENERALE_FIN_SAISON,,,2026-06-12,EMAIL,R57656768,,7,5,4,5,6,8,
SAT0009008,GENERALE_FIN_SAISON,,,2026-06-12,EMAIL,R52774089,,5,7,5,6,7,6,
SAT0009011,GENERALE_FIN_SAISON,,,2026-06-12,EMAIL,R51814945,,8,8,5,7,8,8,Bon rapport qualite prix
SAT0009044,GENERALE_FIN_SAISON,,,2026-06-12,EMAIL,R53515876,,8,7,8,6,8,8,
SAT0009049,GENERALE_FIN_SAISON,,,2026-06-12,EMAIL,R58230402,,6,7,7,8,7,7,
SAT0009075,GENERALE_FIN_SAISON,,,2026-06-12,EMAIL,R53919786,,6,7,7,7,4,6,
SAT0009081,GENERALE_FIN_SAISON,,,2026-06-12,EMAIL,R52271486,,6,5,4,5,5,6,
SAT0009127,GENERALE_FIN_SAISON,,,2026-06-12,EMAIL,R52207399,,7,10,4,6,7,7,
SAT0009128,GENERALE_FIN_SAISON,,,2026-06-12,EMAIL,R58949719,,8,9,6,8,6,8,Bon rapport qualite prix
SAT0009180,GENERALE_FIN_SAISON,,,2026-06-12,EMAIL,R53251338,,6,7,5,7,6,7,
SAT0009193,GENERALE_FIN_SAISON,,,2026-06-12,EMAIL,R57434718,,6,7,6,7,5,8,
SAT0009198,GENERALE_FIN_SAISON,,,2026-06-12,EMAIL,R57375937,,6,8,5,6,6,4,
SAT0009253,GENERALE_FIN_SAISON,,,2026-06-12,EMAIL,R57210427,,7,8,6,7,6,9,
SAT0009255,GENERALE_FIN_SAISON,,,2026-06-12,EMAIL,R52466487,,7,6,4,7,7,8,
SAT0008646,GENERALE_FIN_SAISON,,,2026-06-13,EMAIL,R57366685,,7,10,6,6,6,8,
SAT0008652,GENERALE_FIN_SAISON,,,2026-06-13,EMAIL,R56213354,,7,7,5,7,7,6,
SAT0008656,GENERALE_FIN_SAISON,,,2026-06-13,EMAIL,R57493509,,5,8,7,8,8,6,
SAT0008662,GENERALE_FIN_SAISON,,,2026-06-13,EMAIL,R56072565,,7,6,6,7,5,7,
SAT0008674,GENERALE_FIN_SAISON,,,2026-06-13,EMAIL,R53921692,,7,8,6,7,7,6,
SAT0008694,GENERALE_FIN_SAISON,,,2026-06-13,EMAIL,R54523313,,6,8,7,6,8,5,
SAT0008698,GENERALE_FIN_SAISON,,,2026-06-13,EMAIL,R58269145,,7,8,6,7,7,8,
SAT0008720,GENERALE_FIN_SAISON,,,2026-06-13,EMAIL,R59635599,,7,8,5,8,5,8,
SAT0008722,GENERALE_FIN_SAISON,,,2026-06-13,EMAIL,R52328974,,8,8,6,10,6,7,L'ambiance dans les tribunes vaut le deplacement
SAT0008724,GENERALE_FIN_SAISON,,,2026-06-13,EMAIL,R57497800,,8,6,4,7,6,10,
SAT0008748,GENERALE_FIN_SAISON,,,2026-06-13,EMAIL,R52096178,,8,8,5,8,6,10,
SAT0008751,GENERALE_FIN_SAISON,,,2026-06-13,EMAIL,R59122441,,6,8,6,8,7,6,
SAT0008753,GENERALE_FIN_SAISON,,,2026-06-13,EMAIL,R55699794,,7,8,6,7,8,7,
SAT0008762,GENERALE_FIN_SAISON,,,2026-06-13,EMAIL,R59001000,,5,8,8,7,5,6,
SAT0008769,GENERALE_FIN_SAISON,,,2026-06-13,EMAIL,R57252590,,7,8,4,7,5,8,
SAT0008770,GENERALE_FIN_SAISON,,,2026-06-13,EMAIL,R53935168,,8,9,7,6,6,7,L'ambiance dans les tribunes vaut le deplacement
SAT0008771,GENERALE_FIN_SAISON,,,2026-06-13,EMAIL,R56283648,,8,7,5,6,6,7,L'ambiance dans les tribunes vaut le deplacement
SAT0008772,GENERALE_FIN_SAISON,,,2026-06-13,EMAIL,R54072413,,7,8,5,6,6,8,
SAT0008794,GENERALE_FIN_SAISON,,,2026-06-13,EMAIL,R54173491,,9,6,7,7,9,8,
SAT0008802,GENERALE_FIN_SAISON,,,2026-06-13,EMAIL,R56886763,,5,7,7,7,7,6,
SAT0008810,GENERALE_FIN_SAISON,,,2026-06-13,EMAIL,R58155750,,8,7,8,8,7,9,
SAT0008813,GENERALE_FIN_SAISON,,,2026-06-13,EMAIL,R55331994,,7,7,6,7,10,8,
SAT0008825,GENERALE_FIN_SAISON,,,2026-06-13,EMAIL,R56097286,,6,7,6,6,7,5,
SAT0008827,GENERALE_FIN_SAISON,,,2026-06-13,EMAIL,R53986114,,7,7,4,7,6,6,
SAT0008865,GENERALE_FIN_SAISON,,,2026-06-13,EMAIL,R58249874,,9,8,6,6,7,10,
SAT0008873,GENERALE_FIN_SAISON,,,2026-06-13,EMAIL,R55898473,,7,9,6,7,6,7,
SAT0008880,GENERALE_FIN_SAISON,,,2026-06-13,EMAIL,R58564487,,8,5,7,7,6,7,
SAT0008888,GENERALE_FIN_SAISON,,,2026-06-13,EMAIL,R58546432,,6,8,6,6,7,6,
SAT0008909,GENERALE_FIN_SAISON,,,2026-06-13,EMAIL,R54271983,,6,8,6,8,6,8,
SAT0008915,GENERALE_FIN_SAISON,,,2026-06-13,EMAIL,R53082495,,6,8,6,7,7,6,
SAT0008948,GENERALE_FIN_SAISON,,,2026-06-13,EMAIL,R58541873,,6,9,6,9,6,6,
SAT0008986,GENERALE_FIN_SAISON,,,2026-06-13,EMAIL,R55959572,,7,7,5,7,7,7,
SAT0008995,GENERALE_FIN_SAISON,,,2026-06-13,EMAIL,R57011691,,6,6,5,7,6,7,
SAT0009014,GENERALE_FIN_SAISON,,,2026-06-13,EMAIL,R57845361,,8,6,7,8,5,8,
SAT0009015,GENERALE_FIN_SAISON,,,2026-06-13,EMAIL,R59833387,,8,8,8,7,8,9,Bon rapport qualite prix
SAT0009027,GENERALE_FIN_SAISON,,,2026-06-13,EMAIL,R56352093,,7,7,8,6,7,8,
SAT0009036,GENERALE_FIN_SAISON,,,2026-06-13,EMAIL,R51242135,,7,8,5,8,5,8,
SAT0009038,GENERALE_FIN_SAISON,,,2026-06-13,EMAIL,R52795611,,6,10,7,7,7,6,
SAT0009053,GENERALE_FIN_SAISON,,,2026-06-13,EMAIL,R54586998,,8,9,8,8,8,8,
SAT0009057,GENERALE_FIN_SAISON,,,2026-06-13,EMAIL,R53246980,,7,8,6,9,5,7,
SAT0009058,GENERALE_FIN_SAISON,,,2026-06-13,EMAIL,R56937039,,8,9,6,7,7,8,
SAT0009064,GENERALE_FIN_SAISON,,,2026-06-13,EMAIL,R56997515,,7,6,8,8,7,6,
SAT0009082,GENERALE_FIN_SAISON,,,2026-06-13,EMAIL,R53679078,,6,9,6,7,5,7,
SAT0009085,GENERALE_FIN_SAISON,,,2026-06-13,EMAIL,R52185609,,6,6,8,6,5,6,
SAT0009103,GENERALE_FIN_SAISON,,,2026-06-13,EMAIL,R55669834,,6,6,6,5,5,6,
SAT0009109,GENERALE_FIN_SAISON,,,2026-06-13,EMAIL,R54044215,,6,8,5,6,5,5,
SAT0009110,GENERALE_FIN_SAISON,,,2026-06-13,EMAIL,R51050946,,7,9,6,7,4,7,
SAT0009124,GENERALE_FIN_SAISON,,,2026-06-13,EMAIL,R52352000,,7,7,4,7,6,7,
SAT0009144,GENERALE_FIN_SAISON,,,2026-06-13,EMAIL,R52541819,,6,7,6,6,4,6,
SAT0009160,GENERALE_FIN_SAISON,,,2026-06-13,EMAIL,R52118859,,8,10,6,8,5,8,
SAT0009167,GENERALE_FIN_SAISON,,,2026-06-13,EMAIL,R54469771,,7,9,4,7,7,9,
SAT0009176,GENERALE_FIN_SAISON,,,2026-06-13,EMAIL,R55766755,,7,7,5,5,8,6,
SAT0009190,GENERALE_FIN_SAISON,,,2026-06-13,EMAIL,R56540150,,6,8,6,8,6,6,
SAT0009191,GENERALE_FIN_SAISON,,,2026-06-13,EMAIL,R53742140,,8,7,6,5,6,9,
SAT0009192,GENERALE_FIN_SAISON,,,2026-06-13,EMAIL,R57305442,,6,7,6,8,9,6,
SAT0009201,GENERALE_FIN_SAISON,,,2026-06-13,EMAIL,R53910859,,5,6,6,9,8,4,
SAT0009206,GENERALE_FIN_SAISON,,,2026-06-13,EMAIL,R55251289,,8,6,6,7,6,8,
SAT0009212,GENERALE_FIN_SAISON,,,2026-06-13,EMAIL,R57181683,,7,7,5,6,4,6,
SAT0009221,GENERALE_FIN_SAISON,,,2026-06-13,EMAIL,R56092258,,6,8,5,6,7,7,
SAT0009223,GENERALE_FIN_SAISON,,,2026-06-13,EMAIL,R51399254,,6,10,7,5,6,6,
SAT0009232,GENERALE_FIN_SAISON,,,2026-06-13,EMAIL,R56753608,,8,8,6,7,5,8,
SAT0009237,GENERALE_FIN_SAISON,,,2026-06-13,EMAIL,R58394408,,8,6,6,6,7,7,
SAT0009254,GENERALE_FIN_SAISON,,,2026-06-13,EMAIL,R51728368,,8,7,5,7,6,7,
SAT0008688,GENERALE_FIN_SAISON,,,2026-06-14,EMAIL,R54831719,,6,8,5,8,8,8,
SAT0008719,GENERALE_FIN_SAISON,,,2026-06-14,EMAIL,R51468322,,5,8,5,7,7,6,
SAT0008725,GENERALE_FIN_SAISON,,,2026-06-14,EMAIL,R54360868,,7,8,6,5,7,9,
SAT0008765,GENERALE_FIN_SAISON,,,2026-06-14,EMAIL,R53906913,,7,8,6,6,9,8,
SAT0008766,GENERALE_FIN_SAISON,,,2026-06-14,EMAIL,R55059621,,7,6,6,6,7,8,
SAT0008789,GENERALE_FIN_SAISON,,,2026-06-14,EMAIL,R54347449,,8,7,5,8,6,10,L'ambiance dans les tribunes vaut le deplacement
SAT0008842,GENERALE_FIN_SAISON,,,2026-06-14,EMAIL,R58774535,,4,8,8,6,7,3,
SAT0008855,GENERALE_FIN_SAISON,,,2026-06-14,EMAIL,R58312812,,6,6,4,8,5,6,
SAT0008868,GENERALE_FIN_SAISON,,,2026-06-14,EMAIL,R59909476,,6,6,5,5,6,7,
SAT0008869,GENERALE_FIN_SAISON,,,2026-06-14,EMAIL,R51130837,,9,7,8,5,5,10,
SAT0008870,GENERALE_FIN_SAISON,,,2026-06-14,EMAIL,R57188225,,6,7,7,7,7,8,
SAT0008885,GENERALE_FIN_SAISON,,,2026-06-14,EMAIL,R52219860,,5,7,5,7,7,5,
SAT0008937,GENERALE_FIN_SAISON,,,2026-06-14,EMAIL,R53050207,,9,7,6,7,7,9,Match intense du debut a la fin
SAT0008960,GENERALE_FIN_SAISON,,,2026-06-14,EMAIL,R51681780,,7,7,8,6,5,7,
SAT0008968,GENERALE_FIN_SAISON,,,2026-06-14,EMAIL,R51444482,,9,6,6,7,7,9,L'ambiance dans les tribunes vaut le deplacement
SAT0009002,GENERALE_FIN_SAISON,,,2026-06-14,EMAIL,R55285205,,8,6,6,6,5,9,
SAT0009005,GENERALE_FIN_SAISON,,,2026-06-14,EMAIL,R55253808,,7,8,7,7,9,9,
SAT0009016,GENERALE_FIN_SAISON,,,2026-06-14,EMAIL,R51678313,,5,6,6,8,7,6,
SAT0009046,GENERALE_FIN_SAISON,,,2026-06-14,EMAIL,R55080875,,6,8,6,7,6,7,
SAT0009065,GENERALE_FIN_SAISON,,,2026-06-14,EMAIL,R59918259,,8,6,8,9,5,7,
SAT0009076,GENERALE_FIN_SAISON,,,2026-06-14,EMAIL,R55953787,,7,7,7,6,6,7,
SAT0009095,GENERALE_FIN_SAISON,,,2026-06-14,EMAIL,R52274494,,8,7,8,7,6,10,
SAT0009120,GENERALE_FIN_SAISON,,,2026-06-14,EMAIL,R53949277,,7,6,6,6,6,10,
SAT0009142,GENERALE_FIN_SAISON,,,2026-06-14,EMAIL,R56521904,,5,8,7,8,6,5,
SAT0009153,GENERALE_FIN_SAISON,,,2026-06-14,EMAIL,R56111864,,6,7,7,5,6,6,
SAT0009155,GENERALE_FIN_SAISON,,,2026-06-14,EMAIL,R57262676,,8,6,6,6,7,7,"Premiere fois ici, tres agreable surprise"
SAT0009195,GENERALE_FIN_SAISON,,,2026-06-14,EMAIL,R58764928,,6,7,7,7,5,7,
SAT0009216,GENERALE_FIN_SAISON,,,2026-06-14,EMAIL,R59702684,,8,6,7,7,6,8,"Super ambiance, on reviendra"
SAT0009222,GENERALE_FIN_SAISON,,,2026-06-14,EMAIL,R53926251,,8,5,6,6,6,10,
SAT0009225,GENERALE_FIN_SAISON,,,2026-06-14,EMAIL,R53416034,,6,9,5,8,7,6,
SAT0009226,GENERALE_FIN_SAISON,,,2026-06-14,EMAIL,R54684264,,7,9,6,8,8,9,
SAT0009229,GENERALE_FIN_SAISON,,,2026-06-14,EMAIL,R59204449,,8,7,5,6,7,9,
SAT0007377,POST_MATCH,M039,2026-06-14,2026-06-15,EMAIL,R53405412,1,9,8,7,5,8,8,
SAT0007380,POST_MATCH,M039,2026-06-14,2026-06-15,SMS,R55952427,1,9,8,8,4,7,8,
SAT0007382,POST_MATCH,M039,2026-06-14,2026-06-15,EMAIL,R56193949,1,6,10,7,7,7,10,
SAT0007383,POST_MATCH,M039,2026-06-14,2026-06-15,EMAIL,R56868249,1,9,10,6,6,6,7,L'ambiance dans les tribunes vaut le deplacement
SAT0007387,POST_MATCH,M039,2026-06-14,2026-06-15,EMAIL,R59942444,1,8,8,7,6,9,9,
SAT0007388,POST_MATCH,M039,2026-06-14,2026-06-15,EMAIL,R51897499,1,8,10,7,6,5,8,
SAT0007390,POST_MATCH,M039,2026-06-14,2026-06-15,EMAIL,R53037066,1,9,9,7,4,7,10,L'ambiance dans les tribunes vaut le deplacement
SAT0007393,POST_MATCH,M039,2026-06-14,2026-06-15,EMAIL,R58226724,1,8,10,7,6,7,7,"Super ambiance, on reviendra"
SAT0007397,POST_MATCH,M039,2026-06-14,2026-06-15,EMAIL,R52870397,1,7,9,6,6,7,8,
SAT0007408,POST_MATCH,M039,2026-06-14,2026-06-15,SMS,R51175519,1,9,8,7,6,9,9,
SAT0007409,POST_MATCH,M039,2026-06-14,2026-06-15,EMAIL,R51385165,1,8,9,6,5,6,6,
SAT0007410,POST_MATCH,M039,2026-06-14,2026-06-15,EMAIL,R53301403,1,6,10,6,4,9,8,
SAT0007411,POST_MATCH,M039,2026-06-14,2026-06-15,QR_SUR_PLACE,R53629971,1,10,8,7,5,7,9,
SAT0007415,POST_MATCH,M039,2026-06-14,2026-06-15,EMAIL,R56111395,1,9,9,5,5,8,9,L'ambiance dans les tribunes vaut le deplacement
SAT0007417,POST_MATCH,M039,2026-06-14,2026-06-15,EMAIL,R56175147,1,10,10,8,5,7,9,
SAT0007419,POST_MATCH,M039,2026-06-14,2026-06-15,SMS,R57851702,1,7,8,5,4,7,8,
SAT0007422,POST_MATCH,M039,2026-06-14,2026-06-15,SMS,R53348058,1,6,9,7,8,8,8,
SAT0007431,POST_MATCH,M039,2026-06-14,2026-06-15,EMAIL,R57088038,1,8,8,6,5,7,10,L'ambiance dans les tribunes vaut le deplacement
SAT0007432,POST_MATCH,M039,2026-06-14,2026-06-15,EMAIL,R57218607,1,10,10,8,6,6,10,
SAT0007433,POST_MATCH,M039,2026-06-14,2026-06-15,EMAIL,R59319358,1,8,7,6,6,7,8,"Super ambiance, on reviendra"
SAT0007439,POST_MATCH,M039,2026-06-14,2026-06-15,EMAIL,R54175742,1,9,5,5,5,7,7,
SAT0007441,POST_MATCH,M039,2026-06-14,2026-06-15,SMS,R56738082,1,9,9,5,6,6,7,
SAT0007448,POST_MATCH,M039,2026-06-14,2026-06-15,EMAIL,R53255696,1,6,10,6,6,4,8,
SAT0007449,POST_MATCH,M039,2026-06-14,2026-06-15,EMAIL,R53282055,1,9,8,6,7,7,9,Tres bonne organisation
SAT0007451,POST_MATCH,M039,2026-06-14,2026-06-15,EMAIL,R54097958,1,8,10,6,6,7,9,
SAT0007453,POST_MATCH,M039,2026-06-14,2026-06-15,EMAIL,R54555256,1,6,8,8,7,8,8,
SAT0007454,POST_MATCH,M039,2026-06-14,2026-06-15,QR_SUR_PLACE,R55905695,1,9,10,6,4,7,10,"Premiere fois ici, tres agreable surprise"
SAT0007458,POST_MATCH,M039,2026-06-14,2026-06-15,QR_SUR_PLACE,R58275553,1,6,7,6,6,7,8,
SAT0007460,POST_MATCH,M039,2026-06-14,2026-06-15,EMAIL,R59358111,1,8,10,6,7,7,9,"Super ambiance, on reviendra"
SAT0007463,POST_MATCH,M039,2026-06-14,2026-06-15,EMAIL,R56044913,1,10,9,6,6,6,8,"Super ambiance, on reviendra"
SAT0007464,POST_MATCH,M039,2026-06-14,2026-06-15,SMS,R56793999,1,8,10,7,6,5,9,
SAT0007465,POST_MATCH,M039,2026-06-14,2026-06-15,EMAIL,R57680397,1,8,10,10,5,6,8,L'ambiance dans les tribunes vaut le deplacement
SAT0007470,POST_MATCH,M039,2026-06-14,2026-06-15,QR_SUR_PLACE,R54198011,1,8,9,6,5,6,9,Sans plus
SAT0007480,POST_MATCH,M039,2026-06-14,2026-06-15,SMS,R53611437,1,8,10,7,7,7,7,
SAT0007484,POST_MATCH,M039,2026-06-14,2026-06-15,QR_SUR_PLACE,R56593069,1,8,9,5,5,8,9,
SAT0007485,POST_MATCH,M039,2026-06-14,2026-06-15,SMS,R56794746,1,10,10,8,6,8,10,
SAT0007486,POST_MATCH,M039,2026-06-14,2026-06-15,QR_SUR_PLACE,R58970283,1,8,10,5,6,8,7,Tres bonne organisation
SAT0007487,POST_MATCH,M039,2026-06-14,2026-06-15,QR_SUR_PLACE,R59553859,1,7,7,7,7,8,6,
SAT0007488,POST_MATCH,M039,2026-06-14,2026-06-15,SMS,R59621289,1,10,10,6,5,7,9,
SAT0007490,POST_MATCH,M039,2026-06-14,2026-06-15,QR_SUR_PLACE,R51847903,1,9,9,7,5,7,10,"Premiere fois ici, tres agreable surprise"
SAT0007494,POST_MATCH,M039,2026-06-14,2026-06-15,QR_SUR_PLACE,R53605987,1,7,8,6,7,6,7,
SAT0007499,POST_MATCH,M039,2026-06-14,2026-06-15,EMAIL,R57312185,1,10,8,8,6,8,9,Tres bonne organisation
SAT0007500,POST_MATCH,M039,2026-06-14,2026-06-15,EMAIL,R57554933,1,7,8,7,7,7,9,
SAT0007503,POST_MATCH,M039,2026-06-14,2026-06-15,EMAIL,R51532888,1,7,9,7,6,9,7,Correct dans l'ensemble
SAT0007504,POST_MATCH,M039,2026-06-14,2026-06-15,SMS,R52551081,1,8,9,6,5,8,8,
SAT0007505,POST_MATCH,M039,2026-06-14,2026-06-15,EMAIL,R54041897,1,8,8,6,8,8,9,"Super ambiance, on reviendra"
SAT0007506,POST_MATCH,M039,2026-06-14,2026-06-15,EMAIL,R54052931,1,8,9,6,5,6,9,Bon rapport qualite prix
SAT0007509,POST_MATCH,M039,2026-06-14,2026-06-15,EMAIL,R55672477,1,8,10,6,6,6,9,L'ambiance dans les tribunes vaut le deplacement
SAT0007510,POST_MATCH,M039,2026-06-14,2026-06-15,EMAIL,R55960587,1,9,10,6,7,6,10,
SAT0007514,POST_MATCH,M039,2026-06-14,2026-06-15,EMAIL,R58299795,1,8,7,6,7,7,8,Match intense du debut a la fin
SAT0007518,POST_MATCH,M039,2026-06-14,2026-06-15,EMAIL,R56525160,1,8,9,7,8,8,7,
SAT0007521,POST_MATCH,M039,2026-06-14,2026-06-15,QR_SUR_PLACE,R55085300,1,6,7,7,5,5,7,
SAT0007523,POST_MATCH,M039,2026-06-14,2026-06-15,EMAIL,R52310929,1,10,9,6,7,8,10,
SAT0007528,POST_MATCH,M039,2026-06-14,2026-06-15,SMS,R52628932,1,8,8,7,6,8,8,Tres bonne organisation
SAT0007530,POST_MATCH,M039,2026-06-14,2026-06-15,EMAIL,R53194731,1,8,9,7,8,7,8,Match intense du debut a la fin
SAT0007534,POST_MATCH,M039,2026-06-14,2026-06-15,EMAIL,R51158623,0,9,10,7,6,6,7,L'ambiance dans les tribunes vaut le deplacement
SAT0007536,POST_MATCH,M039,2026-06-14,2026-06-15,EMAIL,R54992670,0,7,8,7,6,8,10,Rien a signaler
SAT0007537,POST_MATCH,M039,2026-06-14,2026-06-15,SMS,R57099005,0,7,8,7,5,5,6,
SAT0007538,POST_MATCH,M039,2026-06-14,2026-06-15,SMS,R54535918,1,7,8,6,6,8,7,
SAT0007542,POST_MATCH,M039,2026-06-14,2026-06-15,SMS,R54066695,0,7,10,5,5,8,10,
SAT0007543,POST_MATCH,M039,2026-06-14,2026-06-15,EMAIL,R57772558,1,9,8,5,6,9,9,Tres bonne organisation
SAT0007545,POST_MATCH,M039,2026-06-14,2026-06-15,EMAIL,R59377382,1,8,9,6,4,6,8,
SAT0007546,POST_MATCH,M039,2026-06-14,2026-06-15,SMS,R51697048,1,7,7,6,5,7,8,
SAT0007547,POST_MATCH,M039,2026-06-14,2026-06-15,SMS,R59715011,1,8,6,9,6,8,8,
SAT0007548,POST_MATCH,M039,2026-06-14,2026-06-15,EMAIL,R54467252,1,10,9,6,7,8,9,"Super ambiance, on reviendra"
SAT0007549,POST_MATCH,M039,2026-06-14,2026-06-15,EMAIL,R55876472,1,8,10,4,6,7,9,
SAT0007552,POST_MATCH,M039,2026-06-14,2026-06-15,QR_SUR_PLACE,R53547139,1,8,9,7,7,5,6,L'ambiance dans les tribunes vaut le deplacement
SAT0007556,POST_MATCH,M039,2026-06-14,2026-06-15,SMS,R55646396,1,9,9,6,4,7,6,
SAT0007557,POST_MATCH,M039,2026-06-14,2026-06-15,SMS,R53655851,1,9,8,6,7,6,9,Rien a signaler
SAT0007558,POST_MATCH,M039,2026-06-14,2026-06-15,SMS,R57286995,1,7,9,7,7,8,7,
SAT0007560,POST_MATCH,M039,2026-06-14,2026-06-15,EMAIL,R53566554,1,9,8,8,5,6,8,"Super ambiance, on reviendra"
SAT0007561,POST_MATCH,M039,2026-06-14,2026-06-15,EMAIL,R55315577,1,9,10,7,5,7,9,
SAT0007562,POST_MATCH,M039,2026-06-14,2026-06-15,EMAIL,R54956426,1,6,9,7,6,5,7,
SAT0007564,POST_MATCH,M039,2026-06-14,2026-06-15,EMAIL,R51827004,1,5,9,7,4,7,9,File d'attente interminable a l'entree
SAT0007566,POST_MATCH,M039,2026-06-14,2026-06-15,EMAIL,R51073751,0,7,9,7,6,4,6,
SAT0007570,POST_MATCH,M039,2026-06-14,2026-06-15,EMAIL,R54588013,1,10,6,8,5,5,6,
SAT0007571,POST_MATCH,M039,2026-06-14,2026-06-15,SMS,R55289774,1,8,10,6,5,7,9,
SAT0007572,POST_MATCH,M039,2026-06-14,2026-06-15,EMAIL,R56743944,1,7,10,5,6,6,7,
SAT0007573,POST_MATCH,M039,2026-06-14,2026-06-15,EMAIL,R55616905,0,8,10,6,7,7,6,
SAT0007578,POST_MATCH,M039,2026-06-14,2026-06-15,EMAIL,R51897489,0,9,10,8,5,6,9,L'ambiance dans les tribunes vaut le deplacement
SAT0007582,POST_MATCH,M039,2026-06-14,2026-06-15,EMAIL,R52967519,1,7,7,7,5,8,7,
SAT0008639,GENERALE_FIN_SAISON,,,2026-06-15,EMAIL,R55504113,,6,7,6,7,5,7,
SAT0008658,GENERALE_FIN_SAISON,,,2026-06-15,EMAIL,R51365415,,6,7,6,8,7,8,
SAT0008695,GENERALE_FIN_SAISON,,,2026-06-15,EMAIL,R54416316,,7,8,8,7,8,6,
SAT0008728,GENERALE_FIN_SAISON,,,2026-06-15,EMAIL,R52789270,,6,8,6,5,7,6,
SAT0008736,GENERALE_FIN_SAISON,,,2026-06-15,EMAIL,R51433582,,6,6,5,6,7,8,
SAT0008758,GENERALE_FIN_SAISON,,,2026-06-15,EMAIL,R57563592,,7,7,5,6,7,6,
SAT0008774,GENERALE_FIN_SAISON,,,2026-06-15,EMAIL,R55285617,,5,7,4,9,6,6,
SAT0008799,GENERALE_FIN_SAISON,,,2026-06-15,EMAIL,R54035164,,9,8,6,8,5,9,
SAT0008803,GENERALE_FIN_SAISON,,,2026-06-15,EMAIL,R52040462,,5,8,7,6,5,6,
SAT0008817,GENERALE_FIN_SAISON,,,2026-06-15,EMAIL,R59739129,,6,8,5,8,6,6,
SAT0008818,GENERALE_FIN_SAISON,,,2026-06-15,EMAIL,R55258578,,6,6,6,6,5,7,
SAT0008826,GENERALE_FIN_SAISON,,,2026-06-15,EMAIL,R56092248,,7,7,7,8,5,7,
SAT0008832,GENERALE_FIN_SAISON,,,2026-06-15,EMAIL,R55267629,,8,8,6,6,4,8,Match intense du debut a la fin
SAT0008833,GENERALE_FIN_SAISON,,,2026-06-15,EMAIL,R55943289,,6,10,3,7,5,7,
SAT0008862,GENERALE_FIN_SAISON,,,2026-06-15,EMAIL,R56495535,,7,8,5,6,7,6,
SAT0008883,GENERALE_FIN_SAISON,,,2026-06-15,EMAIL,R59224755,,7,7,6,8,6,7,
SAT0008897,GENERALE_FIN_SAISON,,,2026-06-15,EMAIL,R57259956,,6,7,7,5,6,7,
SAT0008911,GENERALE_FIN_SAISON,,,2026-06-15,EMAIL,R59347221,,7,7,7,9,5,6,
SAT0008919,GENERALE_FIN_SAISON,,,2026-06-15,EMAIL,R58653841,,8,10,6,6,6,7,L'ambiance dans les tribunes vaut le deplacement
SAT0008969,GENERALE_FIN_SAISON,,,2026-06-15,EMAIL,R55843849,,6,8,4,7,7,7,
SAT0008987,GENERALE_FIN_SAISON,,,2026-06-15,EMAIL,R56932949,,6,7,6,9,7,5,
SAT0008988,GENERALE_FIN_SAISON,,,2026-06-15,EMAIL,R52083841,,6,8,6,7,6,6,
SAT0008993,GENERALE_FIN_SAISON,,,2026-06-15,EMAIL,R52461928,,6,9,6,6,5,6,
SAT0008994,GENERALE_FIN_SAISON,,,2026-06-15,EMAIL,R56805033,,6,8,5,7,5,6,
SAT0009006,GENERALE_FIN_SAISON,,,2026-06-15,EMAIL,R53414118,,6,7,8,7,7,7,
SAT0009025,GENERALE_FIN_SAISON,,,2026-06-15,EMAIL,R52020568,,7,8,6,7,7,7,
SAT0009033,GENERALE_FIN_SAISON,,,2026-06-15,EMAIL,R59297769,,5,9,6,8,6,6,
SAT0009047,GENERALE_FIN_SAISON,,,2026-06-15,EMAIL,R51278771,,5,7,4,9,5,5,
SAT0009059,GENERALE_FIN_SAISON,,,2026-06-15,EMAIL,R57472054,,9,7,4,8,6,10,"Premiere fois ici, tres agreable surprise"
SAT0009069,GENERALE_FIN_SAISON,,,2026-06-15,EMAIL,R54543274,,7,8,7,7,6,7,
SAT0009078,GENERALE_FIN_SAISON,,,2026-06-15,EMAIL,R56535514,,6,8,4,7,7,7,
SAT0009099,GENERALE_FIN_SAISON,,,2026-06-15,EMAIL,R59921736,,9,7,6,7,6,10,
SAT0009117,GENERALE_FIN_SAISON,,,2026-06-15,EMAIL,R56468084,,7,7,6,7,7,8,
SAT0009149,GENERALE_FIN_SAISON,,,2026-06-15,EMAIL,R59153436,,8,6,6,8,7,8,Bon rapport qualite prix
SAT0009152,GENERALE_FIN_SAISON,,,2026-06-15,EMAIL,R51790224,,9,7,4,6,5,10,
SAT0009156,GENERALE_FIN_SAISON,,,2026-06-15,EMAIL,R53590260,,6,8,6,6,6,6,
SAT0009178,GENERALE_FIN_SAISON,,,2026-06-15,EMAIL,R51462805,,8,7,6,6,6,9,
SAT0009204,GENERALE_FIN_SAISON,,,2026-06-15,EMAIL,R56194217,,6,8,8,7,5,4,
SAT0009239,GENERALE_FIN_SAISON,,,2026-06-15,EMAIL,R59427993,,4,8,7,7,5,6,
SAT0007381,POST_MATCH,M039,2026-06-14,2026-06-16,EMAIL,R56111194,1,7,7,5,5,8,8,
SAT0007384,POST_MATCH,M039,2026-06-14,2026-06-16,QR_SUR_PLACE,R57893185,1,7,9,7,7,7,8,
SAT0007389,POST_MATCH,M039,2026-06-14,2026-06-16,EMAIL,R51958186,1,9,10,9,6,6,10,
SAT0007392,POST_MATCH,M039,2026-06-14,2026-06-16,EMAIL,R57608207,1,10,9,5,9,6,9,
SAT0007395,POST_MATCH,M039,2026-06-14,2026-06-16,EMAIL,R58986844,1,8,7,5,4,7,9,Match intense du debut a la fin
SAT0007396,POST_MATCH,M039,2026-06-14,2026-06-16,QR_SUR_PLACE,R59168292,1,10,10,8,9,7,9,Bon rapport qualite prix
SAT0007398,POST_MATCH,M039,2026-06-14,2026-06-16,SMS,R53951729,1,9,10,6,6,8,8,
SAT0007400,POST_MATCH,M039,2026-06-14,2026-06-16,QR_SUR_PLACE,R54634611,1,8,9,7,4,7,8,L'ambiance dans les tribunes vaut le deplacement
SAT0007402,POST_MATCH,M039,2026-06-14,2026-06-16,EMAIL,R56213699,1,8,10,6,6,8,9,
SAT0007403,POST_MATCH,M039,2026-06-14,2026-06-16,EMAIL,R56344268,1,9,7,6,6,8,10,
SAT0007404,POST_MATCH,M039,2026-06-14,2026-06-16,EMAIL,R57221471,1,9,8,7,6,7,9,
SAT0007406,POST_MATCH,M039,2026-06-14,2026-06-16,EMAIL,R59894151,1,9,8,6,4,5,9,Match intense du debut a la fin
SAT0007407,POST_MATCH,M039,2026-06-14,2026-06-16,EMAIL,R59934609,1,7,8,5,5,4,6,
SAT0007414,POST_MATCH,M039,2026-06-14,2026-06-16,QR_SUR_PLACE,R55880907,1,10,8,6,5,7,8,
SAT0007416,POST_MATCH,M039,2026-06-14,2026-06-16,EMAIL,R56151240,1,9,10,6,5,7,10,Sans plus
SAT0007418,POST_MATCH,M039,2026-06-14,2026-06-16,EMAIL,R56720717,1,9,8,8,7,6,8,Tres bonne organisation
SAT0007423,POST_MATCH,M039,2026-06-14,2026-06-16,EMAIL,R53576707,1,8,10,5,5,8,10,L'ambiance dans les tribunes vaut le deplacement
SAT0007425,POST_MATCH,M039,2026-06-14,2026-06-16,SMS,R55598381,1,10,9,7,4,6,8,Bon rapport qualite prix
SAT0007426,POST_MATCH,M039,2026-06-14,2026-06-16,EMAIL,R51422692,1,8,9,7,5,7,9,
SAT0007428,POST_MATCH,M039,2026-06-14,2026-06-16,EMAIL,R53308280,1,8,9,6,5,8,10,
SAT0007435,POST_MATCH,M039,2026-06-14,2026-06-16,EMAIL,R51376171,1,9,8,7,6,7,8,
SAT0007437,POST_MATCH,M039,2026-06-14,2026-06-16,SMS,R52776876,1,7,9,5,7,6,8,
SAT0007438,POST_MATCH,M039,2026-06-14,2026-06-16,QR_SUR_PLACE,R53300378,1,8,9,8,4,6,8,Sans plus
SAT0007456,POST_MATCH,M039,2026-06-14,2026-06-16,QR_SUR_PLACE,R57403254,1,10,6,7,7,8,9,
SAT0007457,POST_MATCH,M039,2026-06-14,2026-06-16,SMS,R57962310,1,8,10,7,7,7,7,
SAT0007467,POST_MATCH,M039,2026-06-14,2026-06-16,EMAIL,R51098070,1,8,9,8,6,5,8,
SAT0007472,POST_MATCH,M039,2026-06-14,2026-06-16,EMAIL,R56784871,1,8,9,7,7,6,7,L'ambiance dans les tribunes vaut le deplacement
SAT0007478,POST_MATCH,M039,2026-06-14,2026-06-16,EMAIL,R52502520,1,9,10,3,5,6,10,"Super ambiance, on reviendra"
SAT0007479,POST_MATCH,M039,2026-06-14,2026-06-16,EMAIL,R52862964,1,8,9,8,7,5,7,Rien a signaler
SAT0007482,POST_MATCH,M039,2026-06-14,2026-06-16,SMS,R55490282,1,9,7,6,7,8,7,
SAT0007491,POST_MATCH,M039,2026-06-14,2026-06-16,EMAIL,R52478067,1,9,10,6,6,9,10,L'ambiance dans les tribunes vaut le deplacement
SAT0007492,POST_MATCH,M039,2026-06-14,2026-06-16,EMAIL,R52673001,1,8,9,9,6,7,10,L'ambiance dans les tribunes vaut le deplacement
SAT0007498,POST_MATCH,M039,2026-06-14,2026-06-16,QR_SUR_PLACE,R56607848,1,8,9,9,6,7,9,
SAT0007508,POST_MATCH,M039,2026-06-14,2026-06-16,EMAIL,R54754816,1,8,9,7,5,8,6,L'ambiance dans les tribunes vaut le deplacement
SAT0007515,POST_MATCH,M039,2026-06-14,2026-06-16,EMAIL,R59200292,1,8,9,5,6,8,9,Tres bonne organisation
SAT0007519,POST_MATCH,M039,2026-06-14,2026-06-16,SMS,R52970239,1,7,9,6,7,6,9,
SAT0007525,POST_MATCH,M039,2026-06-14,2026-06-16,EMAIL,R55674862,1,7,8,6,5,7,8,
SAT0007526,POST_MATCH,M039,2026-06-14,2026-06-16,EMAIL,R52935365,1,8,9,8,6,8,9,"Premiere fois ici, tres agreable surprise"
SAT0007527,POST_MATCH,M039,2026-06-14,2026-06-16,QR_SUR_PLACE,R52593455,0,8,9,5,6,6,9,Correct dans l'ensemble
SAT0007531,POST_MATCH,M039,2026-06-14,2026-06-16,EMAIL,R58610931,1,7,9,7,4,8,8,
SAT0007533,POST_MATCH,M039,2026-06-14,2026-06-16,EMAIL,R55055196,1,8,9,6,5,5,9,
SAT0007535,POST_MATCH,M039,2026-06-14,2026-06-16,SMS,R52364662,0,8,10,6,5,6,7,
SAT0007539,POST_MATCH,M039,2026-06-14,2026-06-16,EMAIL,R52176002,1,8,9,7,7,7,7,
SAT0007541,POST_MATCH,M039,2026-06-14,2026-06-16,EMAIL,R55227717,1,8,7,9,8,6,8,Tres bonne organisation
SAT0007551,POST_MATCH,M039,2026-06-14,2026-06-16,EMAIL,R51534804,1,9,8,6,7,7,10,L'ambiance dans les tribunes vaut le deplacement
SAT0007555,POST_MATCH,M039,2026-06-14,2026-06-16,EMAIL,R54502672,0,9,9,7,4,8,8,
SAT0007559,POST_MATCH,M039,2026-06-14,2026-06-16,EMAIL,R54073706,1,7,7,3,7,6,7,
SAT0007574,POST_MATCH,M039,2026-06-14,2026-06-16,EMAIL,R54068869,1,9,10,7,7,7,10,L'ambiance dans les tribunes vaut le deplacement
SAT0007576,POST_MATCH,M039,2026-06-14,2026-06-16,EMAIL,R54925508,0,10,8,7,6,5,7,
SAT0007577,POST_MATCH,M039,2026-06-14,2026-06-16,EMAIL,R55725272,0,6,10,8,6,6,8,
SAT0007579,POST_MATCH,M039,2026-06-14,2026-06-16,SMS,R56093005,1,9,8,7,6,7,8,Match intense du debut a la fin
SAT0008634,GENERALE_FIN_SAISON,,,2026-06-16,EMAIL,R54502950,,5,6,7,6,7,5,
SAT0008647,GENERALE_FIN_SAISON,,,2026-06-16,EMAIL,R53695150,,7,8,8,5,7,8,
SAT0008664,GENERALE_FIN_SAISON,,,2026-06-16,EMAIL,R53135548,,7,7,9,5,7,7,
SAT0008669,GENERALE_FIN_SAISON,,,2026-06-16,EMAIL,R51805338,,7,8,6,7,6,8,
SAT0008670,GENERALE_FIN_SAISON,,,2026-06-16,EMAIL,R57865178,,5,7,5,7,6,8,
SAT0008672,GENERALE_FIN_SAISON,,,2026-06-16,EMAIL,R54216813,,7,7,5,6,8,8,
SAT0008707,GENERALE_FIN_SAISON,,,2026-06-16,EMAIL,R55091564,,7,7,6,7,8,7,
SAT0008721,GENERALE_FIN_SAISON,,,2026-06-16,EMAIL,R58148317,,5,7,5,7,7,5,
SAT0008737,GENERALE_FIN_SAISON,,,2026-06-16,EMAIL,R58190212,,6,6,7,6,6,7,
SAT0008742,GENERALE_FIN_SAISON,,,2026-06-16,EMAIL,R55376810,,7,10,6,8,5,7,
SAT0008747,GENERALE_FIN_SAISON,,,2026-06-16,EMAIL,R57206136,,6,5,7,7,6,5,
SAT0008752,GENERALE_FIN_SAISON,,,2026-06-16,EMAIL,R52896679,,9,6,5,7,8,10,
SAT0008829,GENERALE_FIN_SAISON,,,2026-06-16,EMAIL,R56196123,,8,8,7,6,7,9,L'ambiance dans les tribunes vaut le deplacement
SAT0008846,GENERALE_FIN_SAISON,,,2026-06-16,EMAIL,R52226268,,6,8,5,7,8,7,
SAT0008854,GENERALE_FIN_SAISON,,,2026-06-16,EMAIL,R56535591,,7,7,6,7,8,8,
SAT0008867,GENERALE_FIN_SAISON,,,2026-06-16,EMAIL,R52625331,,7,9,6,6,6,8,
SAT0008876,GENERALE_FIN_SAISON,,,2026-06-16,EMAIL,R55500234,,8,7,7,6,8,9,
SAT0008886,GENERALE_FIN_SAISON,,,2026-06-16,EMAIL,R52096858,,6,7,6,7,8,7,
SAT0008887,GENERALE_FIN_SAISON,,,2026-06-16,EMAIL,R59058009,,7,8,6,6,8,7,
SAT0008904,GENERALE_FIN_SAISON,,,2026-06-16,EMAIL,R58920697,,7,7,6,6,7,6,
SAT0008923,GENERALE_FIN_SAISON,,,2026-06-16,EMAIL,R53097954,,7,7,5,6,7,7,
SAT0008938,GENERALE_FIN_SAISON,,,2026-06-16,EMAIL,R58158614,,8,8,4,7,6,9,
SAT0008946,GENERALE_FIN_SAISON,,,2026-06-16,EMAIL,R58969814,,7,6,5,7,7,8,
SAT0008952,GENERALE_FIN_SAISON,,,2026-06-16,EMAIL,R57466460,,6,6,7,7,6,6,
SAT0008959,GENERALE_FIN_SAISON,,,2026-06-16,EMAIL,R55732082,,8,7,5,8,7,8,"Premiere fois ici, tres agreable surprise"
SAT0008964,GENERALE_FIN_SAISON,,,2026-06-16,EMAIL,R58816899,,6,7,8,5,6,7,
SAT0008970,GENERALE_FIN_SAISON,,,2026-06-16,EMAIL,R52637524,,9,6,6,6,6,8,
SAT0008998,GENERALE_FIN_SAISON,,,2026-06-16,EMAIL,R57072512,,7,8,7,7,6,8,
SAT0009007,GENERALE_FIN_SAISON,,,2026-06-16,EMAIL,R57214182,,8,10,6,7,7,10,Tres bonne organisation
SAT0009035,GENERALE_FIN_SAISON,,,2026-06-16,EMAIL,R54607227,,6,8,6,7,9,7,
SAT0009054,GENERALE_FIN_SAISON,,,2026-06-16,EMAIL,R59564826,,5,7,5,7,6,4,
SAT0009096,GENERALE_FIN_SAISON,,,2026-06-16,EMAIL,R57759886,,9,9,5,5,8,10,
SAT0009102,GENERALE_FIN_SAISON,,,2026-06-16,EMAIL,R54794326,,6,8,5,5,7,7,
SAT0009133,GENERALE_FIN_SAISON,,,2026-06-16,EMAIL,R54070919,,9,7,7,7,6,8,
SAT0009147,GENERALE_FIN_SAISON,,,2026-06-16,EMAIL,R58454003,,6,9,8,8,8,7,
SAT0009151,GENERALE_FIN_SAISON,,,2026-06-16,EMAIL,R54422379,,8,7,5,7,7,8,
SAT0009163,GENERALE_FIN_SAISON,,,2026-06-16,EMAIL,R57735433,,6,8,5,9,9,8,
SAT0009168,GENERALE_FIN_SAISON,,,2026-06-16,EMAIL,R58045400,,8,7,7,7,6,8,
SAT0009183,GENERALE_FIN_SAISON,,,2026-06-16,EMAIL,R53529640,,8,6,8,7,4,10,
SAT0009196,GENERALE_FIN_SAISON,,,2026-06-16,EMAIL,R54661583,,6,8,7,6,8,6,
SAT0009211,GENERALE_FIN_SAISON,,,2026-06-16,EMAIL,R54415827,,8,9,8,7,6,8,
SAT0009246,GENERALE_FIN_SAISON,,,2026-06-16,EMAIL,R52378426,,7,7,7,7,6,6,
SAT0007394,POST_MATCH,M039,2026-06-14,2026-06-17,SMS,R58368327,1,9,8,6,7,6,7,L'ambiance dans les tribunes vaut le deplacement
SAT0007401,POST_MATCH,M039,2026-06-14,2026-06-17,EMAIL,R54836288,1,7,8,7,6,7,8,
SAT0007412,POST_MATCH,M039,2026-06-14,2026-06-17,EMAIL,R53631197,1,6,9,6,7,6,7,
SAT0007424,POST_MATCH,M039,2026-06-14,2026-06-17,EMAIL,R54683172,1,10,9,7,6,7,7,
SAT0007429,POST_MATCH,M039,2026-06-14,2026-06-17,QR_SUR_PLACE,R53839751,1,8,8,6,6,8,10,
SAT0007434,POST_MATCH,M039,2026-06-14,2026-06-17,SMS,R59483029,1,6,8,6,6,9,8,
SAT0007440,POST_MATCH,M039,2026-06-14,2026-06-17,EMAIL,R56587897,1,9,7,7,6,5,7,
SAT0007447,POST_MATCH,M039,2026-06-14,2026-06-17,EMAIL,R53073635,1,8,9,7,6,8,8,
SAT0007450,POST_MATCH,M039,2026-06-14,2026-06-17,EMAIL,R53283281,1,8,10,6,4,6,9,L'ambiance dans les tribunes vaut le deplacement
SAT0007452,POST_MATCH,M039,2026-06-14,2026-06-17,EMAIL,R54164775,1,10,9,6,6,8,10,Match intense du debut a la fin
SAT0007459,POST_MATCH,M039,2026-06-14,2026-06-17,EMAIL,R59171759,1,7,9,7,6,9,8,
SAT0007461,POST_MATCH,M039,2026-06-14,2026-06-17,EMAIL,R53821562,1,7,8,6,4,6,7,
SAT0007473,POST_MATCH,M039,2026-06-14,2026-06-17,EMAIL,R57167383,1,7,9,9,7,7,8,
SAT0007483,POST_MATCH,M039,2026-06-14,2026-06-17,EMAIL,R56106960,1,8,8,7,5,9,10,
SAT0007489,POST_MATCH,M039,2026-06-14,2026-06-17,EMAIL,R59984185,1,10,5,6,5,6,8,Tres bonne organisation
SAT0007501,POST_MATCH,M039,2026-06-14,2026-06-17,SMS,R51325081,1,8,9,7,5,6,9,
SAT0007507,POST_MATCH,M039,2026-06-14,2026-06-17,EMAIL,R54673900,1,9,7,7,7,8,8,
SAT0007520,POST_MATCH,M039,2026-06-14,2026-06-17,QR_SUR_PLACE,R54682482,1,7,10,7,9,8,9,
SAT0007522,POST_MATCH,M039,2026-06-14,2026-06-17,QR_SUR_PLACE,R57082722,1,8,8,6,7,7,10,
SAT0007524,POST_MATCH,M039,2026-06-14,2026-06-17,EMAIL,R57265262,1,9,9,6,7,5,7,
SAT0007532,POST_MATCH,M039,2026-06-14,2026-06-17,EMAIL,R54030806,1,7,10,6,7,8,9,
SAT0007540,POST_MATCH,M039,2026-06-14,2026-06-17,EMAIL,R53843218,1,7,9,6,6,8,9,
SAT0007568,POST_MATCH,M039,2026-06-14,2026-06-17,QR_SUR_PLACE,R52092088,1,9,8,5,5,6,8,"Premiere fois ici, tres agreable surprise"
SAT0007569,POST_MATCH,M039,2026-06-14,2026-06-17,SMS,R56988186,0,8,7,8,6,6,9,
SAT0007583,POST_MATCH,M039,2026-06-14,2026-06-17,SMS,R52897637,1,8,9,7,5,7,9,
SAT0008630,GENERALE_FIN_SAISON,,,2026-06-17,EMAIL,R52582210,,8,6,5,9,8,8,
SAT0008633,GENERALE_FIN_SAISON,,,2026-06-17,EMAIL,R51961787,,7,6,5,8,6,7,
SAT0008671,GENERALE_FIN_SAISON,,,2026-06-17,EMAIL,R55810891,,7,8,5,7,8,7,
SAT0008756,GENERALE_FIN_SAISON,,,2026-06-17,EMAIL,R55357673,,7,7,6,9,7,7,
SAT0008798,GENERALE_FIN_SAISON,,,2026-06-17,EMAIL,R59233605,,6,8,5,7,4,7,
SAT0008809,GENERALE_FIN_SAISON,,,2026-06-17,EMAIL,R55946900,,9,8,4,7,7,10,
SAT0008811,GENERALE_FIN_SAISON,,,2026-06-17,EMAIL,R52406959,,7,8,5,8,6,6,
SAT0008819,GENERALE_FIN_SAISON,,,2026-06-17,EMAIL,R51718627,,6,7,7,5,8,5,
SAT0008824,GENERALE_FIN_SAISON,,,2026-06-17,EMAIL,R59714408,,8,8,5,7,8,7,
SAT0008835,GENERALE_FIN_SAISON,,,2026-06-17,EMAIL,R53642834,,5,7,5,7,6,6,
SAT0008848,GENERALE_FIN_SAISON,,,2026-06-17,EMAIL,R56932058,,8,7,7,6,7,8,L'ambiance dans les tribunes vaut le deplacement
SAT0008889,GENERALE_FIN_SAISON,,,2026-06-17,EMAIL,R54972297,,7,7,6,6,4,8,
SAT0008913,GENERALE_FIN_SAISON,,,2026-06-17,EMAIL,R54202312,,9,6,6,6,6,9,
SAT0008926,GENERALE_FIN_SAISON,,,2026-06-17,EMAIL,R56100361,,5,9,4,6,6,7,
SAT0008934,GENERALE_FIN_SAISON,,,2026-06-17,EMAIL,R56554594,,9,7,5,7,7,9,L'ambiance dans les tribunes vaut le deplacement
SAT0008977,GENERALE_FIN_SAISON,,,2026-06-17,EMAIL,R54066417,,7,6,5,7,6,8,
SAT0008980,GENERALE_FIN_SAISON,,,2026-06-17,EMAIL,R58419129,,7,8,4,7,6,8,
SAT0008985,GENERALE_FIN_SAISON,,,2026-06-17,EMAIL,R57856529,,9,7,6,7,5,9,
SAT0009018,GENERALE_FIN_SAISON,,,2026-06-17,EMAIL,R56848623,,7,6,8,9,7,9,
SAT0009024,GENERALE_FIN_SAISON,,,2026-06-17,EMAIL,R54943831,,8,9,6,7,6,8,
SAT0009056,GENERALE_FIN_SAISON,,,2026-06-17,EMAIL,R58347274,,9,9,5,7,7,9,
SAT0009060,GENERALE_FIN_SAISON,,,2026-06-17,EMAIL,R54369239,,7,5,6,6,6,6,
SAT0009061,GENERALE_FIN_SAISON,,,2026-06-17,EMAIL,R53378507,,7,6,6,7,5,9,
SAT0009086,GENERALE_FIN_SAISON,,,2026-06-17,EMAIL,R58897470,,8,7,7,6,7,10,Bon rapport qualite prix
SAT0009090,GENERALE_FIN_SAISON,,,2026-06-17,EMAIL,R53991507,,7,7,7,8,7,9,
SAT0009094,GENERALE_FIN_SAISON,,,2026-06-17,EMAIL,R55828457,,6,5,4,5,7,5,
SAT0009105,GENERALE_FIN_SAISON,,,2026-06-17,EMAIL,R56395817,,6,8,5,9,9,5,
SAT0009116,GENERALE_FIN_SAISON,,,2026-06-17,EMAIL,R56782352,,7,6,7,5,7,8,
SAT0009121,GENERALE_FIN_SAISON,,,2026-06-17,EMAIL,R57012227,,6,8,5,8,7,7,
SAT0009140,GENERALE_FIN_SAISON,,,2026-06-17,EMAIL,R55712667,,6,6,6,5,7,7,
SAT0009143,GENERALE_FIN_SAISON,,,2026-06-17,EMAIL,R56929060,,8,7,6,7,5,8,
SAT0009158,GENERALE_FIN_SAISON,,,2026-06-17,EMAIL,R54224849,,7,6,7,7,5,7,
SAT0009171,GENERALE_FIN_SAISON,,,2026-06-17,EMAIL,R52359691,,5,6,9,8,8,5,
SAT0009172,GENERALE_FIN_SAISON,,,2026-06-17,EMAIL,R57104589,,8,8,4,7,6,9,L'ambiance dans les tribunes vaut le deplacement
SAT0009181,GENERALE_FIN_SAISON,,,2026-06-17,EMAIL,R57936229,,7,8,6,7,7,10,
SAT0009189,GENERALE_FIN_SAISON,,,2026-06-17,EMAIL,R51721022,,8,7,6,7,6,10,Bon rapport qualite prix
SAT0009210,GENERALE_FIN_SAISON,,,2026-06-17,EMAIL,R52160466,,8,8,4,7,9,7,
SAT0009217,GENERALE_FIN_SAISON,,,2026-06-17,EMAIL,R55158649,,8,7,3,7,7,7,
SAT0009218,GENERALE_FIN_SAISON,,,2026-06-17,EMAIL,R54075890,,6,7,6,8,5,6,
SAT0009230,GENERALE_FIN_SAISON,,,2026-06-17,EMAIL,R56354746,,7,7,4,7,6,6,
SAT0009238,GENERALE_FIN_SAISON,,,2026-06-17,EMAIL,R55360269,,7,8,6,7,5,7,
SAT0009241,GENERALE_FIN_SAISON,,,2026-06-17,EMAIL,R59993591,,8,8,6,7,7,7,
SAT0007374,POST_MATCH,M039,2026-06-14,2026-06-18,SMS,R51017164,1,6,7,6,7,7,8,
SAT0007375,POST_MATCH,M039,2026-06-14,2026-06-18,QR_SUR_PLACE,R51348184,1,8,8,7,5,5,6,"Premiere fois ici, tres agreable surprise"
SAT0007405,POST_MATCH,M039,2026-06-14,2026-06-18,EMAIL,R57486900,1,6,8,7,6,7,8,
SAT0007421,POST_MATCH,M039,2026-06-14,2026-06-18,QR_SUR_PLACE,R51604073,1,10,8,8,7,5,8,"Premiere fois ici, tres agreable surprise"
SAT0007427,POST_MATCH,M039,2026-06-14,2026-06-18,EMAIL,R52079828,1,9,9,8,6,8,10,
SAT0007430,POST_MATCH,M039,2026-06-14,2026-06-18,SMS,R56997314,1,7,9,7,5,6,6,
SAT0007436,POST_MATCH,M039,2026-06-14,2026-06-18,EMAIL,R52771359,1,6,10,7,5,7,9,
SAT0007442,POST_MATCH,M039,2026-06-14,2026-06-18,SMS,R58532946,1,9,10,9,5,7,10,
SAT0007446,POST_MATCH,M039,2026-06-14,2026-06-18,QR_SUR_PLACE,R52323936,1,8,10,7,7,7,8,
SAT0007468,POST_MATCH,M039,2026-06-14,2026-06-18,EMAIL,R53941164,1,8,8,6,5,6,7,
SAT0007474,POST_MATCH,M039,2026-06-14,2026-06-18,QR_SUR_PLACE,R57548669,1,10,10,7,7,7,9,
SAT0007475,POST_MATCH,M039,2026-06-14,2026-06-18,SMS,R58453457,1,10,10,8,5,9,10,
SAT0007495,POST_MATCH,M039,2026-06-14,2026-06-18,EMAIL,R55966037,1,9,9,7,6,6,7,
SAT0007497,POST_MATCH,M039,2026-06-14,2026-06-18,EMAIL,R56503025,1,7,9,6,6,7,8,
SAT0007529,POST_MATCH,M039,2026-06-14,2026-06-18,QR_SUR_PLACE,R53297112,0,8,10,7,6,6,7,
SAT0007544,POST_MATCH,M039,2026-06-14,2026-06-18,SMS,R57182909,1,10,9,8,6,7,10,
SAT0007550,POST_MATCH,M039,2026-06-14,2026-06-18,EMAIL,R57973009,1,8,9,7,5,5,7,Bon rapport qualite prix
SAT0007553,POST_MATCH,M039,2026-06-14,2026-06-18,EMAIL,R53480600,1,9,9,7,6,8,9,"Super ambiance, on reviendra"
SAT0007554,POST_MATCH,M039,2026-06-14,2026-06-18,EMAIL,R59958104,1,6,10,8,6,7,9,
SAT0007567,POST_MATCH,M039,2026-06-14,2026-06-18,EMAIL,R57384797,1,8,10,8,6,8,8,Tres bonne organisation
SAT0007575,POST_MATCH,M039,2026-06-14,2026-06-18,QR_SUR_PLACE,R58593298,1,9,8,7,6,7,7,Match intense du debut a la fin
SAT0007586,POST_MATCH,M040,2026-06-17,2026-06-18,QR_SUR_PLACE,R52362086,1,6,6,3,7,4,4,
SAT0007587,POST_MATCH,M040,2026-06-17,2026-06-18,EMAIL,R52768505,1,6,8,4,7,6,7,
SAT0007588,POST_MATCH,M040,2026-06-17,2026-06-18,SMS,R53113624,1,6,4,3,5,6,7,
SAT0007589,POST_MATCH,M040,2026-06-17,2026-06-18,EMAIL,R55952427,1,5,7,5,7,6,4,
SAT0007591,POST_MATCH,M040,2026-06-17,2026-06-18,EMAIL,R56962651,1,7,6,5,5,6,7,
SAT0007593,POST_MATCH,M040,2026-06-17,2026-06-18,EMAIL,R51449396,1,7,8,7,6,7,8,
SAT0007595,POST_MATCH,M040,2026-06-17,2026-06-18,SMS,R54576309,1,5,7,2,4,5,6,File d'attente interminable a l'entree
SAT0007600,POST_MATCH,M040,2026-06-17,2026-06-18,QR_SUR_PLACE,R58223046,1,4,7,4,5,7,7,Peu de choix a la restauration
SAT0007601,POST_MATCH,M040,2026-06-17,2026-06-18,EMAIL,R58384878,1,8,9,5,7,7,8,
SAT0007606,POST_MATCH,M040,2026-06-17,2026-06-18,EMAIL,R55902295,1,6,6,3,6,8,7,
SAT0007608,POST_MATCH,M040,2026-06-17,2026-06-18,QR_SUR_PLACE,R56269482,1,7,5,3,5,6,7,
SAT0007611,POST_MATCH,M040,2026-06-17,2026-06-18,EMAIL,R57293805,1,8,7,4,6,4,8,
SAT0007614,POST_MATCH,M040,2026-06-17,2026-06-18,EMAIL,R59389652,1,6,7,4,4,5,5,
SAT0007617,POST_MATCH,M040,2026-06-17,2026-06-18,EMAIL,R52731926,1,5,7,2,7,6,6,
SAT0007618,POST_MATCH,M040,2026-06-17,2026-06-18,EMAIL,R54463038,1,6,5,4,5,6,7,
SAT0007619,POST_MATCH,M040,2026-06-17,2026-06-18,EMAIL,R54573991,1,5,5,4,5,7,6,File d'attente interminable a l'entree
SAT0007622,POST_MATCH,M040,2026-06-17,2026-06-18,EMAIL,R55345145,1,7,9,3,7,8,8,
SAT0007624,POST_MATCH,M040,2026-06-17,2026-06-18,EMAIL,R56127333,1,6,7,6,5,3,5,
SAT0007625,POST_MATCH,M040,2026-06-17,2026-06-18,EMAIL,R57498614,1,6,7,7,4,4,6,
SAT0007627,POST_MATCH,M040,2026-06-17,2026-06-18,SMS,R59246890,1,7,7,2,8,6,6,
SAT0007628,POST_MATCH,M040,2026-06-17,2026-06-18,EMAIL,R59964713,1,7,9,4,6,7,9,
SAT0007629,POST_MATCH,M040,2026-06-17,2026-06-18,EMAIL,R51827205,1,8,5,4,5,7,7,Bon rapport qualite prix
SAT0007630,POST_MATCH,M040,2026-06-17,2026-06-18,EMAIL,R51883601,1,7,6,3,8,8,6,
SAT0007631,POST_MATCH,M040,2026-06-17,2026-06-18,EMAIL,R52523573,1,3,6,4,4,6,6,
SAT0007633,POST_MATCH,M040,2026-06-17,2026-06-18,EMAIL,R54840713,1,8,8,4,5,5,6,
SAT0007634,POST_MATCH,M040,2026-06-17,2026-06-18,EMAIL,R54856651,1,7,7,5,6,7,6,
SAT0007637,POST_MATCH,M040,2026-06-17,2026-06-18,EMAIL,R58012375,1,4,7,6,7,4,6,Peu de choix a la restauration
SAT0007638,POST_MATCH,M040,2026-06-17,2026-06-18,EMAIL,R51067152,1,7,7,7,5,5,5,
SAT0007639,POST_MATCH,M040,2026-06-17,2026-06-18,EMAIL,R51834628,1,8,5,4,6,4,7,
SAT0007641,POST_MATCH,M040,2026-06-17,2026-06-18,EMAIL,R53576161,1,7,9,5,5,5,9,
SAT0007649,POST_MATCH,M040,2026-06-17,2026-06-18,SMS,R52576425,1,6,8,3,4,6,6,
SAT0007650,POST_MATCH,M040,2026-06-17,2026-06-18,SMS,R55194548,1,5,9,3,6,4,8,Peu de choix a la restauration
SAT0007651,POST_MATCH,M040,2026-06-17,2026-06-18,EMAIL,R56049683,1,7,7,4,6,6,6,
SAT0007653,POST_MATCH,M040,2026-06-17,2026-06-18,SMS,R57915042,1,7,6,3,6,5,7,
SAT0007654,POST_MATCH,M040,2026-06-17,2026-06-18,EMAIL,R59286936,1,6,7,3,6,8,7,Sans plus
SAT0007657,POST_MATCH,M040,2026-06-17,2026-06-18,EMAIL,R52446536,1,5,7,4,5,6,6,Trop d'attente aux buvettes
SAT0007658,POST_MATCH,M040,2026-06-17,2026-06-18,EMAIL,R53436531,1,7,8,5,6,6,8,
SAT0007664,POST_MATCH,M040,2026-06-17,2026-06-18,SMS,R51723876,1,7,7,2,5,6,8,
SAT0007667,POST_MATCH,M040,2026-06-17,2026-06-18,EMAIL,R54815848,1,5,7,4,6,4,6,Peu de choix a la restauration
SAT0007668,POST_MATCH,M040,2026-06-17,2026-06-18,SMS,R55324638,1,7,6,6,6,6,5,
SAT0007669,POST_MATCH,M040,2026-06-17,2026-06-18,QR_SUR_PLACE,R55513442,1,6,6,4,5,6,6,
SAT0007671,POST_MATCH,M040,2026-06-17,2026-06-18,EMAIL,R57084561,1,7,6,4,6,6,7,
SAT0007672,POST_MATCH,M040,2026-06-17,2026-06-18,SMS,R58554535,1,7,8,5,7,5,7,
SAT0007674,POST_MATCH,M040,2026-06-17,2026-06-18,QR_SUR_PLACE,R51229865,1,4,6,4,7,5,4,
SAT0007679,POST_MATCH,M040,2026-06-17,2026-06-18,EMAIL,R56680661,1,6,7,5,7,6,6,
SAT0007681,POST_MATCH,M040,2026-06-17,2026-06-18,EMAIL,R58749536,1,5,6,2,7,7,7,Prix des places trop eleve pour ce niveau de match
SAT0007682,POST_MATCH,M040,2026-06-17,2026-06-18,EMAIL,R59709494,1,8,8,3,6,6,8,
SAT0007683,POST_MATCH,M040,2026-06-17,2026-06-18,QR_SUR_PLACE,R53600403,1,8,6,5,6,6,7,
SAT0007685,POST_MATCH,M040,2026-06-17,2026-06-18,EMAIL,R54947777,1,7,8,4,4,5,7,
SAT0007690,POST_MATCH,M040,2026-06-17,2026-06-18,QR_SUR_PLACE,R58479270,1,4,6,2,8,7,7,Sonorisation trop forte
SAT0007692,POST_MATCH,M040,2026-06-17,2026-06-18,EMAIL,R59911238,1,5,7,6,5,7,6,Prix des places trop eleve pour ce niveau de match
SAT0007694,POST_MATCH,M040,2026-06-17,2026-06-18,EMAIL,R53527523,1,7,6,3,4,6,6,
SAT0007695,POST_MATCH,M040,2026-06-17,2026-06-18,EMAIL,R55184462,1,8,8,4,7,5,7,
SAT0007700,POST_MATCH,M040,2026-06-17,2026-06-18,EMAIL,R53096651,1,6,4,6,7,5,6,
SAT0007702,POST_MATCH,M040,2026-06-17,2026-06-18,EMAIL,R57981035,1,5,6,4,5,5,7,
SAT0007703,POST_MATCH,M040,2026-06-17,2026-06-18,EMAIL,R59249332,1,8,6,5,7,8,7,"Super ambiance, on reviendra"
SAT0007705,POST_MATCH,M040,2026-06-17,2026-06-18,EMAIL,R55739850,1,5,4,4,7,5,4,Peu de choix a la restauration
SAT0007707,POST_MATCH,M040,2026-06-17,2026-06-18,EMAIL,R59977040,1,5,6,5,7,7,5,
SAT0007711,POST_MATCH,M040,2026-06-17,2026-06-18,EMAIL,R58478523,1,7,5,6,5,7,8,
SAT0007713,POST_MATCH,M040,2026-06-17,2026-06-18,EMAIL,R58215010,1,6,9,3,6,4,7,
SAT0007718,POST_MATCH,M040,2026-06-17,2026-06-18,QR_SUR_PLACE,R56871505,1,7,7,4,5,5,7,Correct dans l'ensemble
SAT0007719,POST_MATCH,M040,2026-06-17,2026-06-18,EMAIL,R55188284,0,7,7,5,6,7,6,
SAT0007728,POST_MATCH,M040,2026-06-17,2026-06-18,EMAIL,R52267272,1,6,6,3,7,5,6,
SAT0007733,POST_MATCH,M040,2026-06-17,2026-06-18,EMAIL,R57499160,1,8,7,4,5,5,7,L'ambiance dans les tribunes vaut le deplacement
SAT0007738,POST_MATCH,M040,2026-06-17,2026-06-18,SMS,R55393562,1,7,6,3,7,4,6,
SAT0007739,POST_MATCH,M040,2026-06-17,2026-06-18,EMAIL,R52140515,1,6,7,5,7,6,8,
SAT0007740,POST_MATCH,M040,2026-06-17,2026-06-18,EMAIL,R59428750,1,6,5,5,6,6,7,
SAT0007741,POST_MATCH,M040,2026-06-17,2026-06-18,EMAIL,R57296314,1,6,8,4,5,5,7,
SAT0007746,POST_MATCH,M040,2026-06-17,2026-06-18,SMS,R59542078,1,5,7,3,5,6,7,
SAT0007749,POST_MATCH,M040,2026-06-17,2026-06-18,EMAIL,R56333713,1,6,8,5,6,7,8,
SAT0007753,POST_MATCH,M040,2026-06-17,2026-06-18,SMS,R59117403,1,6,5,4,6,5,5,
SAT0007754,POST_MATCH,M040,2026-06-17,2026-06-18,QR_SUR_PLACE,R55463320,1,5,8,3,8,7,9,
SAT0007755,POST_MATCH,M040,2026-06-17,2026-06-18,QR_SUR_PLACE,R52612391,1,7,7,5,5,7,7,
SAT0007761,POST_MATCH,M040,2026-06-17,2026-06-18,EMAIL,R54196986,1,4,8,4,5,8,9,
SAT0007762,POST_MATCH,M040,2026-06-17,2026-06-18,EMAIL,R58733330,1,6,6,3,6,4,6,
SAT0008631,GENERALE_FIN_SAISON,,,2026-06-18,EMAIL,R51702287,,7,10,5,6,5,7,
SAT0008659,GENERALE_FIN_SAISON,,,2026-06-18,EMAIL,R59366348,,6,7,5,7,7,6,
SAT0008666,GENERALE_FIN_SAISON,,,2026-06-18,EMAIL,R59976159,,8,5,5,6,6,7,
SAT0008689,GENERALE_FIN_SAISON,,,2026-06-18,EMAIL,R54794738,,7,7,8,7,7,6,
SAT0008700,GENERALE_FIN_SAISON,,,2026-06-18,EMAIL,R51034998,,4,8,6,8,5,4,
SAT0008710,GENERALE_FIN_SAISON,,,2026-06-18,EMAIL,R56084557,,6,9,5,7,7,6,
SAT0008718,GENERALE_FIN_SAISON,,,2026-06-18,EMAIL,R51618239,,7,8,5,9,6,8,
SAT0008733,GENERALE_FIN_SAISON,,,2026-06-18,EMAIL,R51152627,,8,9,7,6,7,9,Bon rapport qualite prix
SAT0008740,GENERALE_FIN_SAISON,,,2026-06-18,EMAIL,R54559413,,7,7,6,6,6,7,
SAT0008746,GENERALE_FIN_SAISON,,,2026-06-18,EMAIL,R54505402,,9,7,5,8,6,10,L'ambiance dans les tribunes vaut le deplacement
SAT0008761,GENERALE_FIN_SAISON,,,2026-06-18,EMAIL,R57723997,,6,8,5,8,5,7,
SAT0008764,GENERALE_FIN_SAISON,,,2026-06-18,EMAIL,R58219981,,5,8,7,7,6,7,
SAT0008782,GENERALE_FIN_SAISON,,,2026-06-18,EMAIL,R53753174,,6,6,5,7,6,6,
SAT0008823,GENERALE_FIN_SAISON,,,2026-06-18,EMAIL,R53216263,,6,7,7,7,7,7,
SAT0008847,GENERALE_FIN_SAISON,,,2026-06-18,EMAIL,R56593615,,5,8,6,5,5,5,
SAT0008925,GENERALE_FIN_SAISON,,,2026-06-18,EMAIL,R51403890,,8,9,6,5,6,8,
SAT0008951,GENERALE_FIN_SAISON,,,2026-06-18,EMAIL,R58154390,,9,7,7,5,5,9,Match intense du debut a la fin
SAT0009004,GENERALE_FIN_SAISON,,,2026-06-18,EMAIL,R53179406,,6,7,6,7,5,6,
SAT0009010,GENERALE_FIN_SAISON,,,2026-06-18,EMAIL,R56902500,,6,8,6,7,8,5,
SAT0009013,GENERALE_FIN_SAISON,,,2026-06-18,EMAIL,R56375531,,9,6,6,5,6,10,
SAT0009017,GENERALE_FIN_SAISON,,,2026-06-18,EMAIL,R53239346,,6,9,6,8,6,6,
SAT0009066,GENERALE_FIN_SAISON,,,2026-06-18,EMAIL,R56702863,,7,7,8,6,6,8,
SAT0009067,GENERALE_FIN_SAISON,,,2026-06-18,EMAIL,R57992146,,5,8,3,9,6,5,
SAT0009071,GENERALE_FIN_SAISON,,,2026-06-18,EMAIL,R53797588,,6,7,5,6,5,6,
SAT0009097,GENERALE_FIN_SAISON,,,2026-06-18,EMAIL,R59678978,,8,10,6,6,6,7,"Super ambiance, on reviendra"
SAT0009137,GENERALE_FIN_SAISON,,,2026-06-18,EMAIL,R57759541,,6,7,7,6,6,5,
SAT0009170,GENERALE_FIN_SAISON,,,2026-06-18,EMAIL,R59263709,,9,8,4,7,7,8,
SAT0009185,GENERALE_FIN_SAISON,,,2026-06-18,EMAIL,R56562563,,7,8,8,6,5,5,
SAT0009207,GENERALE_FIN_SAISON,,,2026-06-18,EMAIL,R54966512,,7,5,6,6,8,6,
SAT0009209,GENERALE_FIN_SAISON,,,2026-06-18,EMAIL,R52946332,,8,7,7,7,5,9,
SAT0009214,GENERALE_FIN_SAISON,,,2026-06-18,EMAIL,R59839728,,6,8,7,7,7,7,
SAT0009220,GENERALE_FIN_SAISON,,,2026-06-18,EMAIL,R55337645,,6,7,7,8,5,6,
SAT0007376,POST_MATCH,M039,2026-06-14,2026-06-19,EMAIL,R51535762,1,8,9,8,9,8,10,
SAT0007385,POST_MATCH,M039,2026-06-14,2026-06-19,EMAIL,R58504959,1,7,9,7,3,7,7,
SAT0007386,POST_MATCH,M039,2026-06-14,2026-06-19,EMAIL,R59741380,1,7,9,6,4,8,8,
SAT0007420,POST_MATCH,M039,2026-06-14,2026-06-19,EMAIL,R58191304,1,10,10,6,5,5,8,
SAT0007443,POST_MATCH,M039,2026-06-14,2026-06-19,SMS,R59086485,1,8,10,7,6,8,8,
SAT0007444,POST_MATCH,M039,2026-06-14,2026-06-19,SMS,R59661479,1,7,10,7,4,8,9,
SAT0007445,POST_MATCH,M039,2026-06-14,2026-06-19,SMS,R51494547,1,10,10,6,7,7,9,
SAT0007466,POST_MATCH,M039,2026-06-14,2026-06-19,EMAIL,R59413348,1,10,10,5,6,7,7,L'ambiance dans les tribunes vaut le deplacement
SAT0007469,POST_MATCH,M039,2026-06-14,2026-06-19,EMAIL,R54090123,1,10,9,7,5,6,9,Tres bonne organisation
SAT0007471,POST_MATCH,M039,2026-06-14,2026-06-19,EMAIL,R54844113,1,10,9,9,8,6,9,Bon rapport qualite prix
SAT0007477,POST_MATCH,M039,2026-06-14,2026-06-19,EMAIL,R52470031,1,7,9,6,7,5,7,
SAT0007481,POST_MATCH,M039,2026-06-14,2026-06-19,SMS,R54440826,1,7,9,8,5,7,7,
SAT0007493,POST_MATCH,M039,2026-06-14,2026-06-19,EMAIL,R52757595,1,7,9,8,3,7,8,
SAT0007496,POST_MATCH,M039,2026-06-14,2026-06-19,EMAIL,R56439273,1,8,9,7,7,6,8,
SAT0007502,POST_MATCH,M039,2026-06-14,2026-06-19,SMS,R51364926,1,7,8,6,6,7,9,Sans plus
SAT0007511,POST_MATCH,M039,2026-06-14,2026-06-19,EMAIL,R57057857,1,7,9,6,7,7,8,
SAT0007512,POST_MATCH,M039,2026-06-14,2026-06-19,EMAIL,R57171262,1,9,9,6,5,6,6,"Super ambiance, on reviendra"
SAT0007513,POST_MATCH,M039,2026-06-14,2026-06-19,SMS,R57509025,1,9,10,5,5,7,9,
SAT0007563,POST_MATCH,M039,2026-06-14,2026-06-19,EMAIL,R52113275,1,8,8,6,6,7,9,
SAT0007580,POST_MATCH,M039,2026-06-14,2026-06-19,EMAIL,R54739702,1,10,8,7,7,7,8,
SAT0007581,POST_MATCH,M039,2026-06-14,2026-06-19,SMS,R58584783,0,8,9,7,5,7,7,"Premiere fois ici, tres agreable surprise"
SAT0007585,POST_MATCH,M040,2026-06-17,2026-06-19,EMAIL,R52260941,1,6,6,1,6,5,5,
SAT0007596,POST_MATCH,M040,2026-06-17,2026-06-19,QR_SUR_PLACE,R56317842,1,7,6,4,6,5,6,
SAT0007597,POST_MATCH,M040,2026-06-17,2026-06-19,EMAIL,R56555073,1,6,7,5,5,7,8,Rien a signaler
SAT0007599,POST_MATCH,M040,2026-06-17,2026-06-19,EMAIL,R58031177,1,6,8,5,5,6,8,
SAT0007602,POST_MATCH,M040,2026-06-17,2026-06-19,EMAIL,R58521577,1,7,7,6,6,7,5,
SAT0007609,POST_MATCH,M040,2026-06-17,2026-06-19,EMAIL,R56324039,1,8,7,5,6,5,6,
SAT0007612,POST_MATCH,M040,2026-06-17,2026-06-19,EMAIL,R57486900,1,7,6,3,7,5,6,
SAT0007615,POST_MATCH,M040,2026-06-17,2026-06-19,EMAIL,R59979971,1,6,7,3,7,7,7,
SAT0007621,POST_MATCH,M040,2026-06-17,2026-06-19,EMAIL,R55101784,1,4,6,6,6,7,6,Sonorisation trop forte
SAT0007623,POST_MATCH,M040,2026-06-17,2026-06-19,QR_SUR_PLACE,R55722140,1,8,7,3,8,5,7,Bon rapport qualite prix
SAT0007636,POST_MATCH,M040,2026-06-17,2026-06-19,EMAIL,R57232639,1,8,7,4,7,5,8,
SAT0007640,POST_MATCH,M040,2026-06-17,2026-06-19,QR_SUR_PLACE,R52557968,1,5,5,5,8,6,5,Peu de choix a la restauration
SAT0007642,POST_MATCH,M040,2026-06-17,2026-06-19,EMAIL,R57088038,1,5,7,5,7,7,8,
SAT0007645,POST_MATCH,M040,2026-06-17,2026-06-19,EMAIL,R51514709,1,8,6,5,6,6,8,
SAT0007646,POST_MATCH,M040,2026-06-17,2026-06-19,EMAIL,R51811401,1,7,6,5,1,6,6,
SAT0007648,POST_MATCH,M040,2026-06-17,2026-06-19,SMS,R52260730,1,4,6,5,8,6,5,Trop d'attente aux buvettes
SAT0007652,POST_MATCH,M040,2026-06-17,2026-06-19,EMAIL,R57332079,1,8,7,6,7,6,7,
SAT0007656,POST_MATCH,M040,2026-06-17,2026-06-19,EMAIL,R59477579,1,9,7,4,4,5,6,Match intense du debut a la fin
SAT0007661,POST_MATCH,M040,2026-06-17,2026-06-19,EMAIL,R58392023,1,7,6,5,5,5,7,
SAT0007663,POST_MATCH,M040,2026-06-17,2026-06-19,EMAIL,R51002988,1,6,7,3,7,5,7,
SAT0007665,POST_MATCH,M040,2026-06-17,2026-06-19,EMAIL,R53656052,1,7,6,5,3,5,7,
SAT0007676,POST_MATCH,M040,2026-06-17,2026-06-19,EMAIL,R54264828,1,6,4,4,7,6,8,
SAT0007677,POST_MATCH,M040,2026-06-17,2026-06-19,EMAIL,R54394784,1,5,6,3,8,5,6,
SAT0007687,POST_MATCH,M040,2026-06-17,2026-06-19,EMAIL,R56784938,1,6,8,5,5,8,6,
SAT0007688,POST_MATCH,M040,2026-06-17,2026-06-19,QR_SUR_PLACE,R57244075,1,6,6,4,7,6,5,
SAT0007689,POST_MATCH,M040,2026-06-17,2026-06-19,EMAIL,R57879143,1,7,5,4,5,6,6,
SAT0007706,POST_MATCH,M040,2026-06-17,2026-06-19,EMAIL,R52275576,1,7,5,7,5,5,6,
SAT0007708,POST_MATCH,M040,2026-06-17,2026-06-19,EMAIL,R57948278,1,4,6,4,5,5,6,
SAT0007715,POST_MATCH,M040,2026-06-17,2026-06-19,EMAIL,R52363714,1,7,8,6,5,6,7,
SAT0007721,POST_MATCH,M040,2026-06-17,2026-06-19,EMAIL,R55862919,0,5,9,3,5,6,7,
SAT0007722,POST_MATCH,M040,2026-06-17,2026-06-19,EMAIL,R53640258,1,6,8,4,7,6,8,Rien a signaler
SAT0007729,POST_MATCH,M040,2026-06-17,2026-06-19,EMAIL,R59901842,1,4,9,5,6,8,9,Prix des places trop eleve pour ce niveau de match
SAT0007730,POST_MATCH,M040,2026-06-17,2026-06-19,EMAIL,R59080767,1,4,9,4,8,7,7,
SAT0007736,POST_MATCH,M040,2026-06-17,2026-06-19,EMAIL,R59846337,1,4,7,5,7,6,6,Sonorisation trop forte
SAT0007737,POST_MATCH,M040,2026-06-17,2026-06-19,EMAIL,R58022729,1,4,7,3,4,5,6,
SAT0007744,POST_MATCH,M040,2026-06-17,2026-06-19,EMAIL,R52620283,1,6,7,4,5,5,6,
SAT0007747,POST_MATCH,M040,2026-06-17,2026-06-19,EMAIL,R56975514,1,5,7,4,5,8,7,Trop d'attente aux buvettes
SAT0007750,POST_MATCH,M040,2026-06-17,2026-06-19,EMAIL,R53635890,1,4,7,5,5,8,6,Sonorisation trop forte
SAT0007757,POST_MATCH,M040,2026-06-17,2026-06-19,EMAIL,R56541309,1,7,8,2,5,7,7,
SAT0007758,POST_MATCH,M040,2026-06-17,2026-06-19,EMAIL,R54706868,1,6,8,2,6,7,7,
SAT0007759,POST_MATCH,M040,2026-06-17,2026-06-19,QR_SUR_PLACE,R55044842,1,7,5,5,6,5,6,
SAT0007760,POST_MATCH,M040,2026-06-17,2026-06-19,EMAIL,R56407397,1,8,5,4,4,5,6,"Super ambiance, on reviendra"
SAT0008629,GENERALE_FIN_SAISON,,,2026-06-19,EMAIL,R58203554,,5,6,5,5,7,5,
SAT0008637,GENERALE_FIN_SAISON,,,2026-06-19,EMAIL,R53212317,,8,7,7,6,5,10,
SAT0008649,GENERALE_FIN_SAISON,,,2026-06-19,EMAIL,R55647009,,6,7,3,6,6,5,
SAT0008665,GENERALE_FIN_SAISON,,,2026-06-19,EMAIL,R52245338,,7,9,5,7,5,7,
SAT0008676,GENERALE_FIN_SAISON,,,2026-06-19,EMAIL,R51548702,,7,6,6,8,3,7,
SAT0008680,GENERALE_FIN_SAISON,,,2026-06-19,EMAIL,R58205604,,8,7,6,7,5,10,Match intense du debut a la fin
SAT0008691,GENERALE_FIN_SAISON,,,2026-06-19,EMAIL,R53891923,,6,6,6,7,7,6,
SAT0008692,GENERALE_FIN_SAISON,,,2026-06-19,EMAIL,R53784447,,6,7,4,7,7,7,
SAT0008697,GENERALE_FIN_SAISON,,,2026-06-19,EMAIL,R59918192,,6,6,8,5,5,7,
SAT0008739,GENERALE_FIN_SAISON,,,2026-06-19,EMAIL,R51894558,,8,6,8,6,7,7,"Premiere fois ici, tres agreable surprise"
SAT0008755,GENERALE_FIN_SAISON,,,2026-06-19,EMAIL,R58556451,,7,5,5,8,6,8,
SAT0008779,GENERALE_FIN_SAISON,,,2026-06-19,EMAIL,R54287586,,6,8,6,7,6,6,
SAT0008785,GENERALE_FIN_SAISON,,,2026-06-19,EMAIL,R54931638,,7,7,5,6,6,8,
SAT0008787,GENERALE_FIN_SAISON,,,2026-06-19,EMAIL,R55098652,,6,9,6,7,6,6,
SAT0008805,GENERALE_FIN_SAISON,,,2026-06-19,EMAIL,R59951562,,7,7,7,6,6,7,
SAT0008815,GENERALE_FIN_SAISON,,,2026-06-19,EMAIL,R58575176,,6,7,6,7,6,5,
SAT0008866,GENERALE_FIN_SAISON,,,2026-06-19,EMAIL,R56134890,,8,7,7,8,6,9,"Super ambiance, on reviendra"
SAT0008881,GENERALE_FIN_SAISON,,,2026-06-19,EMAIL,R58728215,,7,7,6,6,8,8,
SAT0008896,GENERALE_FIN_SAISON,,,2026-06-19,EMAIL,R51147120,,6,9,6,7,7,7,
SAT0008906,GENERALE_FIN_SAISON,,,2026-06-19,EMAIL,R51878965,,5,7,6,6,7,5,
SAT0008927,GENERALE_FIN_SAISON,,,2026-06-19,EMAIL,R54110965,,6,8,4,8,8,9,
SAT0008935,GENERALE_FIN_SAISON,,,2026-06-19,EMAIL,R55589933,,8,7,7,6,6,9,
SAT0008939,GENERALE_FIN_SAISON,,,2026-06-19,EMAIL,R54201287,,6,7,5,7,6,6,
SAT0008965,GENERALE_FIN_SAISON,,,2026-06-19,EMAIL,R53805289,,7,7,6,6,7,7,
SAT0009028,GENERALE_FIN_SAISON,,,2026-06-19,EMAIL,R58143490,,6,8,7,8,5,6,
SAT0009073,GENERALE_FIN_SAISON,,,2026-06-19,EMAIL,R53013427,,6,7,5,5,5,7,
SAT0009084,GENERALE_FIN_SAISON,,,2026-06-19,EMAIL,R59666249,,6,6,6,7,7,6,
SAT0009104,GENERALE_FIN_SAISON,,,2026-06-19,EMAIL,R53670429,,9,6,6,6,5,10,
SAT0009113,GENERALE_FIN_SAISON,,,2026-06-19,EMAIL,R55871779,,7,5,6,7,6,9,
SAT0009115,GENERALE_FIN_SAISON,,,2026-06-19,EMAIL,R55641090,,6,7,5,8,7,5,
SAT0009123,GENERALE_FIN_SAISON,,,2026-06-19,EMAIL,R53428696,,6,7,6,9,8,7,
SAT0009126,GENERALE_FIN_SAISON,,,2026-06-19,EMAIL,R57777797,,7,8,5,6,7,6,
SAT0009150,GENERALE_FIN_SAISON,,,2026-06-19,EMAIL,R59310910,,6,8,7,8,7,6,
SAT0009177,GENERALE_FIN_SAISON,,,2026-06-19,EMAIL,R55219413,,8,7,7,7,7,10,
SAT0009182,GENERALE_FIN_SAISON,,,2026-06-19,EMAIL,R52007772,,7,8,6,5,6,9,
SAT0009205,GENERALE_FIN_SAISON,,,2026-06-19,EMAIL,R52221699,,5,6,5,6,6,4,
SAT0009251,GENERALE_FIN_SAISON,,,2026-06-19,EMAIL,R58341757,,8,10,6,7,6,8,
SAT0007584,POST_MATCH,M040,2026-06-17,2026-06-20,EMAIL,R52085623,1,7,9,4,6,5,6,
SAT0007592,POST_MATCH,M040,2026-06-17,2026-06-20,SMS,R58683955,1,6,7,4,6,5,9,
SAT0007598,POST_MATCH,M040,2026-06-17,2026-06-20,SMS,R56811920,1,7,6,2,7,7,7,
SAT0007607,POST_MATCH,M040,2026-06-17,2026-06-20,EMAIL,R55953174,1,7,7,1,7,4,8,
SAT0007610,POST_MATCH,M040,2026-06-17,2026-06-20,EMAIL,R57165688,1,6,5,2,6,6,7,Correct dans l'ensemble
SAT0007616,POST_MATCH,M040,2026-06-17,2026-06-20,EMAIL,R51133835,1,7,7,4,5,6,8,
SAT0007620,POST_MATCH,M040,2026-06-17,2026-06-20,EMAIL,R54945469,1,7,7,4,3,4,6,Correct dans l'ensemble
SAT0007632,POST_MATCH,M040,2026-06-17,2026-06-20,EMAIL,R54046265,1,6,7,5,5,6,7,
SAT0007644,POST_MATCH,M040,2026-06-17,2026-06-20,EMAIL,R59733746,1,4,7,4,7,5,6,Peu de choix a la restauration
SAT0007647,POST_MATCH,M040,2026-06-17,2026-06-20,EMAIL,R52255826,1,7,8,3,6,6,8,
SAT0007655,POST_MATCH,M040,2026-06-17,2026-06-20,EMAIL,R59319425,1,7,6,5,4,4,5,
SAT0007659,POST_MATCH,M040,2026-06-17,2026-06-20,EMAIL,R54838462,1,7,6,4,5,6,6,
SAT0007660,POST_MATCH,M040,2026-06-17,2026-06-20,EMAIL,R57962310,1,6,8,4,6,6,9,
SAT0007662,POST_MATCH,M040,2026-06-17,2026-06-20,EMAIL,R59012379,1,6,7,2,6,7,6,
SAT0007666,POST_MATCH,M040,2026-06-17,2026-06-20,QR_SUR_PLACE,R53963165,1,5,6,6,6,6,7,Sonorisation trop forte
SAT0007670,POST_MATCH,M040,2026-06-17,2026-06-20,SMS,R56569028,1,5,8,3,7,6,8,
SAT0007673,POST_MATCH,M040,2026-06-17,2026-06-20,QR_SUR_PLACE,R59795860,1,5,8,5,6,8,8,Prix des places trop eleve pour ce niveau de match
SAT0007675,POST_MATCH,M040,2026-06-17,2026-06-20,EMAIL,R53420114,1,5,6,4,3,5,5,Prix des places trop eleve pour ce niveau de match
SAT0007684,POST_MATCH,M040,2026-06-17,2026-06-20,SMS,R54844793,1,5,7,4,4,7,7,
SAT0007686,POST_MATCH,M040,2026-06-17,2026-06-20,EMAIL,R55884441,1,5,6,6,5,5,5,
SAT0007693,POST_MATCH,M040,2026-06-17,2026-06-20,SMS,R52763725,1,6,7,3,7,6,6,
SAT0007696,POST_MATCH,M040,2026-06-17,2026-06-20,EMAIL,R55497705,1,6,8,7,5,4,6,
SAT0007698,POST_MATCH,M040,2026-06-17,2026-06-20,EMAIL,R59613387,1,5,8,5,5,7,6,Peu de choix a la restauration
SAT0007699,POST_MATCH,M040,2026-06-17,2026-06-20,EMAIL,R51876168,1,5,6,5,4,5,5,Difficile de trouver sa place
SAT0007710,POST_MATCH,M040,2026-06-17,2026-06-20,EMAIL,R59185379,1,5,6,5,6,6,7,Sans plus
SAT0007712,POST_MATCH,M040,2026-06-17,2026-06-20,EMAIL,R54054435,0,7,8,4,8,6,6,
SAT0007717,POST_MATCH,M040,2026-06-17,2026-06-20,QR_SUR_PLACE,R55142242,1,6,7,2,6,7,9,
SAT0007720,POST_MATCH,M040,2026-06-17,2026-06-20,EMAIL,R59094799,1,6,5,4,6,6,5,
SAT0007724,POST_MATCH,M040,2026-06-17,2026-06-20,EMAIL,R56998875,1,6,6,4,5,5,5,
SAT0007727,POST_MATCH,M040,2026-06-17,2026-06-20,EMAIL,R52391845,1,6,8,2,7,3,6,
SAT0007732,POST_MATCH,M040,2026-06-17,2026-06-20,EMAIL,R56310888,1,6,6,3,5,7,6,
SAT0007735,POST_MATCH,M040,2026-06-17,2026-06-20,QR_SUR_PLACE,R57240062,1,7,8,4,4,5,8,
SAT0007742,POST_MATCH,M040,2026-06-17,2026-06-20,EMAIL,R51832923,1,6,6,4,4,6,4,
SAT0007745,POST_MATCH,M040,2026-06-17,2026-06-20,EMAIL,R51169858,1,6,7,4,7,6,4,
SAT0007378,POST_MATCH,M039,2026-06-14,2026-06-21,QR_SUR_PLACE,R54358627,1,10,8,6,6,9,10,
SAT0007379,POST_MATCH,M039,2026-06-14,2026-06-21,EMAIL,R55096679,1,8,8,7,7,6,8,
SAT0007391,POST_MATCH,M039,2026-06-14,2026-06-21,QR_SUR_PLACE,R54678680,1,9,10,7,6,8,9,
SAT0007399,POST_MATCH,M039,2026-06-14,2026-06-21,EMAIL,R54592314,1,10,9,8,6,8,9,Bon rapport qualite prix
SAT0007413,POST_MATCH,M039,2026-06-14,2026-06-21,SMS,R53837165,1,7,10,5,5,7,10,
SAT0007455,POST_MATCH,M039,2026-06-14,2026-06-21,EMAIL,R57303948,1,9,9,6,8,7,7,Tres bonne organisation
SAT0007462,POST_MATCH,M039,2026-06-14,2026-06-21,EMAIL,R54028143,1,8,7,5,5,8,9,
SAT0007476,POST_MATCH,M039,2026-06-14,2026-06-21,EMAIL,R59382152,1,8,9,7,7,9,10,Rien a signaler
SAT0007516,POST_MATCH,M039,2026-06-14,2026-06-21,EMAIL,R52540603,1,7,10,7,6,8,10,
SAT0007517,POST_MATCH,M039,2026-06-14,2026-06-21,EMAIL,R58853612,1,8,8,7,6,7,10,
SAT0007565,POST_MATCH,M039,2026-06-14,2026-06-21,EMAIL,R58286041,1,8,10,6,7,7,8,"Premiere fois ici, tres agreable surprise"
SAT0007594,POST_MATCH,M040,2026-06-17,2026-06-21,QR_SUR_PLACE,R51958186,1,8,6,4,5,5,7,
SAT0007604,POST_MATCH,M040,2026-06-17,2026-06-21,QR_SUR_PLACE,R53283559,1,8,6,3,5,6,7,
SAT0007605,POST_MATCH,M040,2026-06-17,2026-06-21,EMAIL,R54256390,1,6,6,3,5,7,8,
SAT0007626,POST_MATCH,M040,2026-06-17,2026-06-21,EMAIL,R58042958,1,8,7,5,8,6,6,"Super ambiance, on reviendra"
SAT0007678,POST_MATCH,M040,2026-06-17,2026-06-21,EMAIL,R56383969,1,8,6,5,8,7,8,"Premiere fois ici, tres agreable surprise"
SAT0007691,POST_MATCH,M040,2026-06-17,2026-06-21,EMAIL,R58488465,1,5,6,3,7,6,8,Rien a signaler
SAT0007701,POST_MATCH,M040,2026-06-17,2026-06-21,SMS,R56256053,1,6,8,5,6,6,7,
SAT0007714,POST_MATCH,M040,2026-06-17,2026-06-21,EMAIL,R57112079,0,7,7,5,5,5,5,
SAT0007716,POST_MATCH,M040,2026-06-17,2026-06-21,EMAIL,R58043973,1,7,8,2,5,7,6,
SAT0007723,POST_MATCH,M040,2026-06-17,2026-06-21,EMAIL,R58180069,1,3,6,3,7,6,6,
SAT0007725,POST_MATCH,M040,2026-06-17,2026-06-21,EMAIL,R51481339,1,7,7,4,5,6,7,
SAT0007734,POST_MATCH,M040,2026-06-17,2026-06-21,QR_SUR_PLACE,R56736176,0,7,8,5,8,5,7,
SAT0007743,POST_MATCH,M040,2026-06-17,2026-06-21,EMAIL,R51426983,0,7,8,5,3,4,5,
SAT0007748,POST_MATCH,M040,2026-06-17,2026-06-21,EMAIL,R57456039,0,5,7,4,3,5,6,File d'attente interminable a l'entree
SAT0007756,POST_MATCH,M040,2026-06-17,2026-06-21,QR_SUR_PLACE,R59188722,1,7,8,5,9,5,7,
SAT0007763,POST_MATCH,M040,2026-06-17,2026-06-21,QR_SUR_PLACE,R56777381,1,5,7,5,4,7,6,Difficile de trouver sa place
SAT0007590,POST_MATCH,M040,2026-06-17,2026-06-22,EMAIL,R56689253,1,5,7,6,6,6,6,Prix des places trop eleve pour ce niveau de match
SAT0007603,POST_MATCH,M040,2026-06-17,2026-06-22,SMS,R53198965,1,7,6,3,7,4,5,
SAT0007635,POST_MATCH,M040,2026-06-17,2026-06-22,EMAIL,R54863394,1,7,6,5,7,6,8,
SAT0007643,POST_MATCH,M040,2026-06-17,2026-06-22,EMAIL,R58689807,1,6,8,3,7,6,9,
SAT0007680,POST_MATCH,M040,2026-06-17,2026-06-22,EMAIL,R57952636,1,6,9,5,5,6,9,
SAT0007697,POST_MATCH,M040,2026-06-17,2026-06-22,EMAIL,R56782553,1,7,6,4,6,6,7,
SAT0007704,POST_MATCH,M040,2026-06-17,2026-06-22,EMAIL,R51827205,1,6,7,3,4,5,6,
SAT0007726,POST_MATCH,M040,2026-06-17,2026-06-22,EMAIL,R55478089,1,6,8,5,6,7,7,
SAT0007731,POST_MATCH,M040,2026-06-17,2026-06-22,QR_SUR_PLACE,R53115118,0,5,7,4,4,7,7,Sonorisation trop forte
SAT0007751,POST_MATCH,M040,2026-06-17,2026-06-22,QR_SUR_PLACE,R55445667,1,6,6,3,5,6,7,
SAT0007764,POST_MATCH,M040,2026-06-17,2026-06-22,QR_SUR_PLACE,R51707603,1,7,5,6,6,5,4,
SAT0007613,POST_MATCH,M040,2026-06-17,2026-06-24,EMAIL,R58913351,1,4,5,3,6,5,4,
SAT0007709,POST_MATCH,M040,2026-06-17,2026-06-24,EMAIL,R58046358,1,5,4,5,3,5,6,
SAT0007752,POST_MATCH,M040,2026-06-17,2026-06-24,EMAIL,R53120903,1,5,8,3,6,8,8,
SAT0007773,POST_MATCH,M041,2026-06-23,2026-06-24,QR_SUR_PLACE,R56986558,1,6,9,4,7,8,8,
SAT0007775,POST_MATCH,M041,2026-06-23,2026-06-24,SMS,R58020076,1,7,7,3,6,7,8,
SAT0007777,POST_MATCH,M041,2026-06-23,2026-06-24,EMAIL,R59547672,1,7,6,4,5,8,6,
SAT0007778,POST_MATCH,M041,2026-06-23,2026-06-24,EMAIL,R51897499,1,8,6,6,7,6,9,
SAT0007782,POST_MATCH,M041,2026-06-23,2026-06-24,QR_SUR_PLACE,R56357687,1,6,8,4,6,8,8,
SAT0007784,POST_MATCH,M041,2026-06-23,2026-06-24,EMAIL,R59154806,1,5,6,3,6,6,6,
SAT0007786,POST_MATCH,M041,2026-06-23,2026-06-24,EMAIL,R54032645,1,5,7,4,7,6,7,Rien a signaler
SAT0007788,POST_MATCH,M041,2026-06-23,2026-06-24,EMAIL,R55746593,1,6,5,2,7,8,7,
SAT0007789,POST_MATCH,M041,2026-06-23,2026-06-24,EMAIL,R55906586,1,6,7,3,4,5,4,
SAT0007791,POST_MATCH,M041,2026-06-23,2026-06-24,EMAIL,R57892706,1,7,6,3,6,7,8,
SAT0007793,POST_MATCH,M041,2026-06-23,2026-06-24,QR_SUR_PLACE,R58652826,1,6,6,5,6,6,5,
SAT0007794,POST_MATCH,M041,2026-06-23,2026-06-24,EMAIL,R59831625,1,6,7,5,3,7,7,
SAT0007798,POST_MATCH,M041,2026-06-23,2026-06-24,EMAIL,R58115905,1,6,8,3,5,7,7,
SAT0007801,POST_MATCH,M041,2026-06-23,2026-06-24,EMAIL,R52980871,1,7,6,6,4,8,8,
SAT0007802,POST_MATCH,M041,2026-06-23,2026-06-24,EMAIL,R53726279,1,5,6,3,4,7,7,
SAT0007804,POST_MATCH,M041,2026-06-23,2026-06-24,QR_SUR_PLACE,R54444715,1,7,5,4,6,5,6,
SAT0007810,POST_MATCH,M041,2026-06-23,2026-06-24,EMAIL,R51808882,1,6,7,5,6,8,8,Sans plus
SAT0007811,POST_MATCH,M041,2026-06-23,2026-06-24,EMAIL,R53803584,1,5,6,3,6,7,6,Difficile de trouver sa place
SAT0007812,POST_MATCH,M041,2026-06-23,2026-06-24,EMAIL,R54273755,1,6,8,5,5,8,7,
SAT0007817,POST_MATCH,M041,2026-06-23,2026-06-24,EMAIL,R52260730,1,5,8,4,8,6,7,Rien a signaler
SAT0007818,POST_MATCH,M041,2026-06-23,2026-06-24,EMAIL,R52765229,1,6,6,5,6,9,9,
SAT0007819,POST_MATCH,M041,2026-06-23,2026-06-24,QR_SUR_PLACE,R52792201,1,7,8,4,7,6,9,
SAT0007820,POST_MATCH,M041,2026-06-23,2026-06-24,EMAIL,R52851662,1,7,6,5,5,7,8,
SAT0007821,POST_MATCH,M041,2026-06-23,2026-06-24,QR_SUR_PLACE,R55062140,1,7,8,5,7,6,8,
SAT0007823,POST_MATCH,M041,2026-06-23,2026-06-24,EMAIL,R58889099,1,7,6,6,6,7,7,
SAT0007828,POST_MATCH,M041,2026-06-23,2026-06-24,QR_SUR_PLACE,R57763085,1,5,8,7,5,7,5,
SAT0007829,POST_MATCH,M041,2026-06-23,2026-06-24,EMAIL,R59171759,1,9,6,3,4,5,8,Bon rapport qualite prix
SAT0007831,POST_MATCH,M041,2026-06-23,2026-06-24,EMAIL,R51433927,1,8,9,4,3,6,7,Sans plus
SAT0007833,POST_MATCH,M041,2026-06-23,2026-06-24,EMAIL,R52368752,1,6,6,7,7,6,7,Rien a signaler
SAT0007834,POST_MATCH,M041,2026-06-23,2026-06-24,EMAIL,R53091479,1,7,5,5,6,7,6,
SAT0007838,POST_MATCH,M041,2026-06-23,2026-06-24,EMAIL,R54835464,1,5,7,6,4,7,6,Trop d'attente aux buvettes
SAT0007840,POST_MATCH,M041,2026-06-23,2026-06-24,EMAIL,R57509983,1,6,7,3,8,6,7,Rien a signaler
SAT0007843,POST_MATCH,M041,2026-06-23,2026-06-24,EMAIL,R52257866,1,6,7,3,7,6,5,
SAT0007844,POST_MATCH,M041,2026-06-23,2026-06-24,EMAIL,R52591338,1,6,7,5,3,6,6,
SAT0007847,POST_MATCH,M041,2026-06-23,2026-06-24,EMAIL,R55433206,1,3,6,3,6,5,5,Peu de choix a la restauration
SAT0007848,POST_MATCH,M041,2026-06-23,2026-06-24,EMAIL,R55910733,1,5,8,3,4,7,7,Trop d'attente aux buvettes
SAT0007849,POST_MATCH,M041,2026-06-23,2026-06-24,EMAIL,R56041915,1,6,7,5,6,5,8,
SAT0007852,POST_MATCH,M041,2026-06-23,2026-06-24,EMAIL,R56461820,1,6,7,5,6,5,5,
SAT0007855,POST_MATCH,M041,2026-06-23,2026-06-24,QR_SUR_PLACE,R57487982,1,6,3,5,5,4,4,
SAT0007856,POST_MATCH,M041,2026-06-23,2026-06-24,EMAIL,R58593221,1,5,7,4,5,5,6,
SAT0007857,POST_MATCH,M041,2026-06-23,2026-06-24,EMAIL,R59057262,1,7,5,2,4,6,6,
SAT0007859,POST_MATCH,M041,2026-06-23,2026-06-24,SMS,R54356845,1,7,6,2,5,6,7,
SAT0007861,POST_MATCH,M041,2026-06-23,2026-06-24,EMAIL,R56662338,1,7,7,4,6,7,5,Correct dans l'ensemble
SAT0007863,POST_MATCH,M041,2026-06-23,2026-06-24,EMAIL,R58341345,1,6,7,5,6,7,6,
SAT0007867,POST_MATCH,M041,2026-06-23,2026-06-24,EMAIL,R51028935,1,7,5,3,6,9,8,
SAT0007869,POST_MATCH,M041,2026-06-23,2026-06-24,EMAIL,R52673001,1,5,5,4,6,6,5,Difficile de trouver sa place
SAT0007871,POST_MATCH,M041,2026-06-23,2026-06-24,EMAIL,R52840963,1,4,7,5,6,7,5,Difficile de trouver sa place
SAT0007876,POST_MATCH,M041,2026-06-23,2026-06-24,EMAIL,R57700214,1,7,5,5,5,6,4,
SAT0007878,POST_MATCH,M041,2026-06-23,2026-06-24,EMAIL,R58945217,1,6,7,5,5,9,8,Sans plus
SAT0007879,POST_MATCH,M041,2026-06-23,2026-06-24,EMAIL,R59590706,1,7,6,4,4,7,7,
SAT0007880,POST_MATCH,M041,2026-06-23,2026-06-24,EMAIL,R51093367,1,6,8,4,5,5,7,
SAT0007884,POST_MATCH,M041,2026-06-23,2026-06-24,EMAIL,R56214369,1,5,7,5,7,5,7,Difficile de trouver sa place
SAT0007885,POST_MATCH,M041,2026-06-23,2026-06-24,QR_SUR_PLACE,R56256053,1,6,7,2,7,5,7,
SAT0007887,POST_MATCH,M041,2026-06-23,2026-06-24,SMS,R58584840,1,8,6,3,3,7,6,
SAT0007889,POST_MATCH,M041,2026-06-23,2026-06-24,EMAIL,R59766436,1,8,7,4,6,6,7,"Super ambiance, on reviendra"
SAT0007891,POST_MATCH,M041,2026-06-23,2026-06-24,EMAIL,R57733192,1,5,8,5,7,6,5,
SAT0007893,POST_MATCH,M041,2026-06-23,2026-06-24,EMAIL,R53135481,1,4,8,4,4,6,4,Difficile de trouver sa place
SAT0007894,POST_MATCH,M041,2026-06-23,2026-06-24,EMAIL,R55256595,1,6,5,6,7,7,8,
SAT0007901,POST_MATCH,M041,2026-06-23,2026-06-24,EMAIL,R51529823,1,3,8,3,5,6,7,
SAT0007903,POST_MATCH,M041,2026-06-23,2026-06-24,SMS,R56954059,1,8,6,5,6,6,6,Match intense du debut a la fin
SAT0007904,POST_MATCH,M041,2026-06-23,2026-06-24,SMS,R55953174,1,7,7,4,6,7,7,
SAT0007906,POST_MATCH,M041,2026-06-23,2026-06-24,EMAIL,R54738754,1,6,8,5,8,8,9,
SAT0007908,POST_MATCH,M041,2026-06-23,2026-06-24,QR_SUR_PLACE,R53747734,1,7,6,4,6,6,7,
SAT0007910,POST_MATCH,M041,2026-06-23,2026-06-24,EMAIL,R52823598,1,5,9,7,3,8,8,
SAT0007911,POST_MATCH,M041,2026-06-23,2026-06-24,EMAIL,R53574657,1,9,6,4,7,6,8,Correct dans l'ensemble
SAT0007913,POST_MATCH,M041,2026-06-23,2026-06-24,SMS,R57550441,1,6,8,4,6,6,9,
SAT0007918,POST_MATCH,M041,2026-06-23,2026-06-24,EMAIL,R52821625,1,4,7,5,5,6,7,File d'attente interminable a l'entree
SAT0007919,POST_MATCH,M041,2026-06-23,2026-06-24,EMAIL,R54635770,0,7,9,2,5,7,7,
SAT0007921,POST_MATCH,M041,2026-06-23,2026-06-24,EMAIL,R57323497,1,4,6,3,7,4,5,Difficile de trouver sa place
SAT0007923,POST_MATCH,M041,2026-06-23,2026-06-24,EMAIL,R58310427,1,7,7,5,5,4,7,
SAT0007926,POST_MATCH,M041,2026-06-23,2026-06-24,EMAIL,R54488506,1,5,7,5,6,6,7,
SAT0007929,POST_MATCH,M041,2026-06-23,2026-06-24,SMS,R55475570,1,5,6,6,4,7,5,Prix des places trop eleve pour ce niveau de match
SAT0007931,POST_MATCH,M041,2026-06-23,2026-06-24,EMAIL,R53620153,1,6,6,4,5,6,5,
SAT0007933,POST_MATCH,M041,2026-06-23,2026-06-24,EMAIL,R52673001,1,6,9,3,4,6,8,
SAT0007936,POST_MATCH,M041,2026-06-23,2026-06-24,EMAIL,R51014434,1,5,7,5,5,8,8,Prix des places trop eleve pour ce niveau de match
SAT0007937,POST_MATCH,M041,2026-06-23,2026-06-24,EMAIL,R56986615,1,5,6,5,6,6,6,
SAT0007939,POST_MATCH,M041,2026-06-23,2026-06-24,QR_SUR_PLACE,R56607848,1,6,7,5,5,6,7,
SAT0007941,POST_MATCH,M041,2026-06-23,2026-06-24,SMS,R55501996,1,8,6,6,6,7,8,"Super ambiance, on reviendra"
SAT0007942,POST_MATCH,M041,2026-06-23,2026-06-24,EMAIL,R54618539,0,6,6,6,3,7,7,Rien a signaler
SAT0007944,POST_MATCH,M041,2026-06-23,2026-06-24,EMAIL,R59556991,1,6,8,6,6,7,6,
SAT0007946,POST_MATCH,M041,2026-06-23,2026-06-24,EMAIL,R58452164,0,7,6,1,6,6,6,
SAT0007948,POST_MATCH,M041,2026-06-23,2026-06-24,SMS,R55416243,1,7,6,4,6,6,8,
SAT0007949,POST_MATCH,M041,2026-06-23,2026-06-24,EMAIL,R58011005,1,5,8,4,6,7,7,
SAT0007951,POST_MATCH,M041,2026-06-23,2026-06-24,SMS,R51967314,0,8,9,4,5,6,6,
SAT0007952,POST_MATCH,M041,2026-06-23,2026-06-24,SMS,R57431117,0,7,7,5,5,8,8,
SAT0007955,POST_MATCH,M041,2026-06-23,2026-06-24,EMAIL,R58919682,1,7,6,3,4,4,5,
SAT0007765,POST_MATCH,M041,2026-06-23,2026-06-25,QR_SUR_PLACE,R51003065,1,7,7,5,6,9,9,
SAT0007766,POST_MATCH,M041,2026-06-23,2026-06-25,SMS,R52214966,1,6,6,4,7,7,6,
SAT0007767,POST_MATCH,M041,2026-06-23,2026-06-25,EMAIL,R53113624,1,7,8,3,5,6,8,
SAT0007770,POST_MATCH,M041,2026-06-23,2026-06-25,EMAIL,R55601791,1,4,7,3,6,5,8,
SAT0007771,POST_MATCH,M041,2026-06-23,2026-06-25,SMS,R56406047,1,5,7,4,6,4,4,
SAT0007779,POST_MATCH,M041,2026-06-23,2026-06-25,SMS,R53116756,1,8,5,7,5,7,7,"Super ambiance, on reviendra"
SAT0007787,POST_MATCH,M041,2026-06-23,2026-06-25,EMAIL,R55410056,1,6,6,3,6,6,6,
SAT0007790,POST_MATCH,M041,2026-06-23,2026-06-25,EMAIL,R56815665,1,6,8,4,6,7,7,
SAT0007792,POST_MATCH,M041,2026-06-23,2026-06-25,EMAIL,R58414369,1,7,6,3,5,7,8,Sans plus
SAT0007799,POST_MATCH,M041,2026-06-23,2026-06-25,SMS,R59658826,1,7,10,6,6,6,7,
SAT0007803,POST_MATCH,M041,2026-06-23,2026-06-25,SMS,R54224035,1,7,9,5,7,5,8,Correct dans l'ensemble
SAT0007809,POST_MATCH,M041,2026-06-23,2026-06-25,EMAIL,R51420240,1,5,6,4,3,7,7,
SAT0007824,POST_MATCH,M041,2026-06-23,2026-06-25,EMAIL,R53744257,1,5,8,4,6,6,8,Trop d'attente aux buvettes
SAT0007830,POST_MATCH,M041,2026-06-23,2026-06-25,EMAIL,R59880387,1,7,5,5,4,5,6,Sans plus
SAT0007835,POST_MATCH,M041,2026-06-23,2026-06-25,EMAIL,R53656052,1,6,7,3,5,7,8,Rien a signaler
SAT0007837,POST_MATCH,M041,2026-06-23,2026-06-25,EMAIL,R54707347,1,6,6,2,5,7,7,Correct dans l'ensemble
SAT0007839,POST_MATCH,M041,2026-06-23,2026-06-25,EMAIL,R56654235,1,7,4,5,6,8,6,
SAT0007842,POST_MATCH,M041,2026-06-23,2026-06-25,EMAIL,R59260098,1,6,6,5,6,6,7,
SAT0007851,POST_MATCH,M041,2026-06-23,2026-06-25,EMAIL,R56386421,1,7,5,1,5,6,6,
SAT0007853,POST_MATCH,M041,2026-06-23,2026-06-25,EMAIL,R57005551,1,7,7,3,6,7,8,
SAT0007854,POST_MATCH,M041,2026-06-23,2026-06-25,EMAIL,R57288757,1,8,5,4,6,6,7,"Premiere fois ici, tres agreable surprise"
SAT0007858,POST_MATCH,M041,2026-06-23,2026-06-25,SMS,R51612444,1,7,5,2,6,8,4,
SAT0007860,POST_MATCH,M041,2026-06-23,2026-06-25,QR_SUR_PLACE,R56428785,1,6,6,2,5,7,7,
SAT0007864,POST_MATCH,M041,2026-06-23,2026-06-25,EMAIL,R58620873,1,8,6,4,6,5,5,
SAT0007865,POST_MATCH,M041,2026-06-23,2026-06-25,EMAIL,R59182381,1,7,6,3,6,5,5,
SAT0007870,POST_MATCH,M041,2026-06-23,2026-06-25,EMAIL,R52719589,1,5,7,5,5,7,5,
SAT0007873,POST_MATCH,M041,2026-06-23,2026-06-25,QR_SUR_PLACE,R55004240,1,8,7,5,5,6,6,
SAT0007874,POST_MATCH,M041,2026-06-23,2026-06-25,SMS,R56680182,1,7,6,4,5,6,8,Correct dans l'ensemble
SAT0007877,POST_MATCH,M041,2026-06-23,2026-06-25,QR_SUR_PLACE,R58622779,1,5,6,3,6,8,7,File d'attente interminable a l'entree
SAT0007882,POST_MATCH,M041,2026-06-23,2026-06-25,EMAIL,R54081742,1,7,7,6,6,6,7,
SAT0007883,POST_MATCH,M041,2026-06-23,2026-06-25,EMAIL,R55324906,1,8,6,4,8,6,8,
SAT0007886,POST_MATCH,M041,2026-06-23,2026-06-25,EMAIL,R57164519,1,7,6,4,5,7,5,
SAT0007888,POST_MATCH,M041,2026-06-23,2026-06-25,EMAIL,R54209668,0,8,7,5,6,7,9,Tres bonne organisation
SAT0007890,POST_MATCH,M041,2026-06-23,2026-06-25,EMAIL,R57665685,1,5,8,5,5,7,7,
SAT0007896,POST_MATCH,M041,2026-06-23,2026-06-25,EMAIL,R53846973,1,7,7,3,6,6,6,Rien a signaler
SAT0007900,POST_MATCH,M041,2026-06-23,2026-06-25,SMS,R56985389,1,6,6,3,7,8,7,
SAT0007905,POST_MATCH,M041,2026-06-23,2026-06-25,EMAIL,R56534767,1,7,4,4,5,6,8,
SAT0007907,POST_MATCH,M041,2026-06-23,2026-06-25,QR_SUR_PLACE,R58131699,1,6,7,4,3,6,7,
SAT0007909,POST_MATCH,M041,2026-06-23,2026-06-25,SMS,R56511952,1,5,9,5,4,6,7,
SAT0007912,POST_MATCH,M041,2026-06-23,2026-06-25,EMAIL,R52518525,1,7,7,5,7,5,5,
SAT0007914,POST_MATCH,M041,2026-06-23,2026-06-25,EMAIL,R53989735,0,5,6,2,6,7,5,
SAT0007916,POST_MATCH,M041,2026-06-23,2026-06-25,SMS,R56784938,1,8,5,3,6,6,6,
SAT0007917,POST_MATCH,M041,2026-06-23,2026-06-25,EMAIL,R53840086,1,5,6,4,6,7,6,Peu de choix a la restauration
SAT0007922,POST_MATCH,M041,2026-06-23,2026-06-25,EMAIL,R55315577,1,7,6,3,6,5,5,
SAT0007925,POST_MATCH,M041,2026-06-23,2026-06-25,SMS,R59946390,1,6,6,5,5,7,7,
SAT0007932,POST_MATCH,M041,2026-06-23,2026-06-25,EMAIL,R57465301,0,8,7,4,8,6,7,
SAT0007935,POST_MATCH,M041,2026-06-23,2026-06-25,EMAIL,R52588963,1,5,7,4,5,4,5,
SAT0007938,POST_MATCH,M041,2026-06-23,2026-06-25,EMAIL,R55637469,0,6,9,4,6,6,7,
SAT0007945,POST_MATCH,M041,2026-06-23,2026-06-25,EMAIL,R52972835,1,7,7,3,5,7,7,
SAT0007950,POST_MATCH,M041,2026-06-23,2026-06-25,SMS,R57671403,1,4,7,6,8,8,8,
SAT0007953,POST_MATCH,M041,2026-06-23,2026-06-25,EMAIL,R52531063,1,5,7,1,7,5,6,Sans plus
SAT0007956,POST_MATCH,M041,2026-06-23,2026-06-25,QR_SUR_PLACE,R58580415,1,6,5,4,7,6,7,
SAT0007772,POST_MATCH,M041,2026-06-23,2026-06-26,EMAIL,R56900738,1,7,7,6,6,6,7,
SAT0007774,POST_MATCH,M041,2026-06-23,2026-06-26,EMAIL,R57836176,1,6,8,4,5,4,6,
SAT0007776,POST_MATCH,M041,2026-06-23,2026-06-26,EMAIL,R59252819,1,7,5,5,7,7,8,
SAT0007780,POST_MATCH,M041,2026-06-23,2026-06-26,EMAIL,R55758173,1,6,6,3,5,7,4,Rien a signaler
SAT0007795,POST_MATCH,M041,2026-06-23,2026-06-26,EMAIL,R51854110,1,6,5,5,6,4,5,
SAT0007796,POST_MATCH,M041,2026-06-23,2026-06-26,SMS,R53301403,1,6,8,3,6,7,7,
SAT0007797,POST_MATCH,M041,2026-06-23,2026-06-26,EMAIL,R55702524,1,6,6,5,6,7,5,
SAT0007806,POST_MATCH,M041,2026-06-23,2026-06-26,EMAIL,R56463937,1,6,8,5,3,6,6,Sans plus
SAT0007807,POST_MATCH,M041,2026-06-23,2026-06-26,EMAIL,R57037705,1,6,9,4,6,5,8,
SAT0007814,POST_MATCH,M041,2026-06-23,2026-06-26,EMAIL,R57177536,1,6,8,4,6,7,8,
SAT0007816,POST_MATCH,M041,2026-06-23,2026-06-26,EMAIL,R58344688,1,7,7,6,7,5,7,
SAT0007841,POST_MATCH,M041,2026-06-23,2026-06-26,QR_SUR_PLACE,R57940922,1,5,5,4,6,5,5,Trop d'attente aux buvettes
SAT0007845,POST_MATCH,M041,2026-06-23,2026-06-26,EMAIL,R53168784,1,6,7,3,9,7,6,
SAT0007862,POST_MATCH,M041,2026-06-23,2026-06-26,EMAIL,R57389969,1,4,5,4,7,5,5,Prix des places trop eleve pour ce niveau de match
SAT0007866,POST_MATCH,M041,2026-06-23,2026-06-26,QR_SUR_PLACE,R59833387,1,6,5,5,4,7,9,
SAT0007868,POST_MATCH,M041,2026-06-23,2026-06-26,SMS,R51854033,1,8,8,4,6,8,8,Bon rapport qualite prix
SAT0007881,POST_MATCH,M041,2026-06-23,2026-06-26,EMAIL,R53134657,1,5,6,3,5,8,7,Difficile de trouver sa place
SAT0007892,POST_MATCH,M041,2026-06-23,2026-06-26,EMAIL,R55026864,1,5,7,2,5,5,5,
SAT0007895,POST_MATCH,M041,2026-06-23,2026-06-26,EMAIL,R59186682,0,5,9,5,4,6,7,Trop d'attente aux buvettes
SAT0007897,POST_MATCH,M041,2026-06-23,2026-06-26,EMAIL,R55671251,1,4,6,4,7,7,7,
SAT0007902,POST_MATCH,M041,2026-06-23,2026-06-26,SMS,R59321810,1,6,7,3,6,6,6,
SAT0007920,POST_MATCH,M041,2026-06-23,2026-06-26,EMAIL,R52221910,1,5,7,4,6,5,5,Prix des places trop eleve pour ce niveau de match
SAT0007924,POST_MATCH,M041,2026-06-23,2026-06-26,SMS,R57076324,1,7,7,4,5,6,7,
SAT0007928,POST_MATCH,M041,2026-06-23,2026-06-26,EMAIL,R57371991,1,6,5,5,6,6,5,
SAT0007930,POST_MATCH,M041,2026-06-23,2026-06-26,EMAIL,R57474908,1,7,7,6,5,7,6,
SAT0007943,POST_MATCH,M041,2026-06-23,2026-06-26,EMAIL,R53180642,1,6,6,4,5,7,6,
SAT0007954,POST_MATCH,M041,2026-06-23,2026-06-26,EMAIL,R53180163,0,6,6,4,7,7,7,
SAT0007768,POST_MATCH,M041,2026-06-23,2026-06-27,SMS,R53703330,1,6,6,5,6,7,8,
SAT0007769,POST_MATCH,M041,2026-06-23,2026-06-27,EMAIL,R54843510,1,5,5,5,4,7,6,File d'attente interminable a l'entree
SAT0007781,POST_MATCH,M041,2026-06-23,2026-06-27,SMS,R56275545,1,7,7,2,8,7,7,Correct dans l'ensemble
SAT0007783,POST_MATCH,M041,2026-06-23,2026-06-27,QR_SUR_PLACE,R58031177,1,6,9,3,6,7,8,
SAT0007785,POST_MATCH,M041,2026-06-23,2026-06-27,EMAIL,R51054078,1,5,4,5,5,6,3,Prix des places trop eleve pour ce niveau de match
SAT0007808,POST_MATCH,M041,2026-06-23,2026-06-27,QR_SUR_PLACE,R57108200,1,5,6,4,6,6,5,
SAT0007813,POST_MATCH,M041,2026-06-23,2026-06-27,EMAIL,R56707978,1,5,5,3,6,6,6,Difficile de trouver sa place
SAT0007827,POST_MATCH,M041,2026-06-23,2026-06-27,QR_SUR_PLACE,R57303948,1,5,6,6,5,6,7,Sonorisation trop forte
SAT0007832,POST_MATCH,M041,2026-06-23,2026-06-27,SMS,R52289675,1,5,6,4,6,6,5,Sonorisation trop forte
SAT0007836,POST_MATCH,M041,2026-06-23,2026-06-27,EMAIL,R54515478,1,7,7,5,6,7,7,
SAT0007846,POST_MATCH,M041,2026-06-23,2026-06-27,QR_SUR_PLACE,R55037821,1,7,7,3,6,6,6,Correct dans l'ensemble
SAT0007872,POST_MATCH,M041,2026-06-23,2026-06-27,EMAIL,R53074516,1,6,6,3,7,6,5,
SAT0007875,POST_MATCH,M041,2026-06-23,2026-06-27,EMAIL,R57418847,1,5,5,3,6,7,6,Peu de choix a la restauration
SAT0007898,POST_MATCH,M041,2026-06-23,2026-06-27,EMAIL,R53941164,1,8,5,4,5,7,6,Tres bonne organisation
SAT0007915,POST_MATCH,M041,2026-06-23,2026-06-27,QR_SUR_PLACE,R57188915,0,8,8,5,5,6,7,Correct dans l'ensemble
SAT0007927,POST_MATCH,M041,2026-06-23,2026-06-27,EMAIL,R53239490,1,7,7,3,4,6,7,
SAT0007800,POST_MATCH,M041,2026-06-23,2026-06-28,QR_SUR_PLACE,R59709092,1,6,7,3,6,7,7,
SAT0007805,POST_MATCH,M041,2026-06-23,2026-06-28,EMAIL,R56383021,1,6,8,4,4,7,9,
SAT0007815,POST_MATCH,M041,2026-06-23,2026-06-28,SMS,R57441739,1,6,8,4,2,6,7,
SAT0007822,POST_MATCH,M041,2026-06-23,2026-06-28,QR_SUR_PLACE,R56049683,1,5,6,2,5,8,6,File d'attente interminable a l'entree
SAT0007825,POST_MATCH,M041,2026-06-23,2026-06-28,EMAIL,R54224849,1,6,7,4,6,7,8,
SAT0007826,POST_MATCH,M041,2026-06-23,2026-06-28,SMS,R56787802,1,6,7,4,6,7,7,Correct dans l'ensemble
SAT0007850,POST_MATCH,M041,2026-06-23,2026-06-28,EMAIL,R56383969,1,8,7,4,4,6,8,Rien a signaler
SAT0007899,POST_MATCH,M041,2026-06-23,2026-06-28,EMAIL,R59092893,1,6,8,4,5,8,6,
SAT0007934,POST_MATCH,M041,2026-06-23,2026-06-28,EMAIL,R51883601,1,6,8,4,6,7,7,
SAT0007947,POST_MATCH,M041,2026-06-23,2026-06-28,SMS,R55353181,1,5,7,5,6,7,7,Prix des places trop eleve pour ce niveau de match
SAT0007940,POST_MATCH,M041,2026-06-23,2026-06-30,EMAIL,R52892455,1,6,5,6,5,7,7,
